{
  "pnls": {
    "PnL (total)": -1364.64,
    "PnL% (total)": -1.3646399999999994,
    "Max Winner": 539.63,
    "Avg Winner": 495.19701298701324,
    "Min Winner": 447.29,
    "Min Loser": -305.55,
    "Avg Loser": -355.8090990990993,
    "Max Loser": -394.69,
    "Expectancy": -7.258723404255345,
    "Win Rate": 0.4095744680851064
  },
  "general": {
    "Long Ratio": 0.5,
    "Total trades": 188,
    "Sharpe ratio": -0.005,
    "Profit factor": 0.0,
    "Max drawdown": 0.0
  },
  "rejected_signals_count": 11616
}