{
  "pnls": {
    "PnL (total)": -11860.44,
    "PnL% (total)": -11.860440000000002,
    "Max Winner": 764.67,
    "Avg Winner": 745.0186153846157,
    "Min Winner": 738.49,
    "Min Loser": -323.28,
    "Avg Loser": -356.7257396449704,
    "Max Loser": -415.53,
    "Expectancy": -50.68564102564095,
    "Win Rate": 0.2777777777777778
  },
  "general": {
    "Long Ratio": 0.5,
    "Total trades": 234,
    "Sharpe ratio": -0.092,
    "Profit factor": 0.0,
    "Max drawdown": 0.0
  },
  "rejected_signals_count": 132325
}