{
  "pnls": {
    "PnL (total)": -1298.6,
    "PnL% (total)": -1.2986000000000057,
    "Max Winner": 394.48,
    "Avg Winner": 394.41399999999993,
    "Min Winner": 394.35,
    "Min Loser": -56.1,
    "Avg Loser": -56.39086206896551,
    "Max Loser": -56.7,
    "Expectancy": -20.61269841269842,
    "Win Rate": 0.07936507936507936
  },
  "general": {
    "Long Ratio": "0.49",
    "Total trades": 0,
    "Sharpe ratio": 0.0,
    "Profit factor": 0.0,
    "Max drawdown": 0.0
  },
  "rejected_signals_count": 238
}