{
  "pnls": {
    "PnL (total)": 680.44,
    "PnL% (total)": 0.6804400000000023,
    "Max Winner": 506.65,
    "Avg Winner": 494.63575539568353,
    "Min Winner": 494.25,
    "Min Loser": -345.65,
    "Avg Loser": -356.4080104712041,
    "Max Loser": -356.73,
    "Expectancy": 2.0619393939394772,
    "Win Rate": 0.4212121212121212
  },
  "general": {
    "Long Ratio": 0.51,
    "Total trades": 330,
    "Sharpe ratio": 0.017,
    "Profit factor": 0.0,
    "Max drawdown": 0.0
  },
  "rejected_signals_count": 337090
}