{
  "pnls": {
    "PnL (total)": 9755.84,
    "PnL% (total)": 9.755839999999996,
    "Max Winner": 494.89,
    "Avg Winner": 481.09027777777777,
    "Min Winner": 8.38,
    "Min Loser": -95.2,
    "Avg Loser": -328.84391304347827,
    "Max Loser": -356.69,
    "Expectancy": 165.35322033898308,
    "Win Rate": 0.6101694915254238
  },
  "general": {
    "Long Ratio": "0.49",
    "Total trades": 0,
    "Sharpe ratio": 0.0,
    "Profit factor": 0.0,
    "Max drawdown": 0.0
  },
  "rejected_signals_count": 233
}