{
  "pnls": {
    "PnL (total)": 6435.4,
    "PnL% (total)": 6.435399999999994,
    "Max Winner": 494.89,
    "Avg Winner": 494.6116129032258,
    "Min Winner": 494.31,
    "Min Loser": -48.16,
    "Avg Loser": -329.53925925925927,
    "Max Loser": -356.71,
    "Expectancy": 110.9551724137931,
    "Win Rate": 0.5344827586206896
  },
  "general": {
    "Long Ratio": "0.50",
    "Total trades": 0,
    "Sharpe ratio": 0.0,
    "Profit factor": 0.0,
    "Max drawdown": 0.0
  },
  "rejected_signals_count": 301
}