{
  "pnls": {
    "PnL (total)": -8808.87,
    "PnL% (total)": -8.808869999999995,
    "Max Winner": 762.73,
    "Avg Winner": 744.9470370370369,
    "Min Winner": 740.48,
    "Min Loser": -182.55,
    "Avg Loser": -255.39588541666683,
    "Max Loser": -277.63,
    "Expectancy": -35.80841463414649,
    "Win Rate": 0.21951219512195122
  },
  "general": {
    "Long Ratio": 0.5,
    "Total trades": 246,
    "Sharpe ratio": -0.071,
    "Profit factor": 0.0,
    "Max drawdown": 0.0
  },
  "rejected_signals_count": 20689
}