{
  "pnls": {
    "PnL (total)": -7176.99,
    "PnL% (total)": -7.176990000000005,
    "Max Winner": 793.6,
    "Avg Winner": 745.4154166666665,
    "Min Winner": 743.4,
    "Min Loser": -233.57,
    "Avg Loser": -256.73797468354405,
    "Max Loser": -371.44,
    "Expectancy": -23.22650485436877,
    "Win Rate": 0.23300970873786409
  },
  "general": {
    "Long Ratio": 0.5,
    "Total trades": 309,
    "Sharpe ratio": -0.044,
    "Profit factor": 0.0,
    "Max drawdown": 0.0
  },
  "rejected_signals_count": 136245
}