{
  "pnls": {
    "PnL (total)": 8010.56,
    "PnL% (total)": 8.010559999999996,
    "Max Winner": 494.89,
    "Avg Winner": 480.30441176470595,
    "Min Winner": 8.38,
    "Min Loser": -44.54,
    "Avg Loser": -308.1403703703704,
    "Max Loser": -356.69,
    "Expectancy": 131.3206557377049,
    "Win Rate": 0.5573770491803278
  },
  "general": {
    "Long Ratio": "0.49",
    "Total trades": 0,
    "Sharpe ratio": 0.0,
    "Profit factor": 0.0,
    "Max drawdown": 0.0
  },
  "rejected_signals_count": 262
}