{
  "pnls": {
    "PnL (total)": -10847.58,
    "PnL% (total)": -10.84758,
    "Max Winner": 774.38,
    "Avg Winner": 746.345081967213,
    "Min Winner": 738.49,
    "Min Loser": -40.64,
    "Avg Loser": -354.557421383648,
    "Max Loser": -375.65,
    "Expectancy": -49.307181818181924,
    "Win Rate": 0.2772727272727273
  },
  "general": {
    "Long Ratio": 0.5,
    "Total trades": 220,
    "Sharpe ratio": -0.088,
    "Profit factor": 0.0,
    "Max drawdown": 0.0
  },
  "rejected_signals_count": 128763
}