{
  "pnls": {
    "PnL (total)": 3118.99,
    "PnL% (total)": 3.118990000000005,
    "Max Winner": 494.89,
    "Avg Winner": 494.4976923076926,
    "Min Winner": 494.29,
    "Min Loser": -250.63,
    "Avg Loser": -256.89731884057966,
    "Max Loser": -285.72,
    "Expectancy": 14.439768518518667,
    "Win Rate": 0.3611111111111111
  },
  "general": {
    "Long Ratio": 0.5,
    "Total trades": 216,
    "Sharpe ratio": 0.054,
    "Profit factor": 0.0,
    "Max drawdown": 0.0
  },
  "rejected_signals_count": 6022
}