{
  "pnls": {
    "PnL (total)": -11566.18,
    "PnL% (total)": -11.566179999999992,
    "Max Winner": 744.88,
    "Avg Winner": 744.5231746031745,
    "Min Winner": 744.28,
    "Min Loser": -13.64,
    "Avg Loser": -354.37054545454555,
    "Max Loser": -356.75,
    "Expectancy": -50.728859649122825,
    "Win Rate": 0.27631578947368424
  },
  "general": {
    "Long Ratio": 0.5,
    "Total trades": 228,
    "Sharpe ratio": -0.096,
    "Profit factor": 0.0,
    "Max drawdown": 0.0
  },
  "rejected_signals_count": 320929
}