{
  "pnls": {
    "PnL (total)": 9956.29,
    "PnL% (total)": 9.956289999999994,
    "Max Winner": 494.89,
    "Avg Winner": 481.0880555555556,
    "Min Winner": 8.38,
    "Min Loser": -30.54,
    "Avg Loser": -306.7866666666667,
    "Max Loser": -356.69,
    "Expectancy": 165.9381666666667,
    "Win Rate": 0.6
  },
  "general": {
    "Long Ratio": "0.52",
    "Total trades": 0,
    "Sharpe ratio": 0.0,
    "Profit factor": 0.0,
    "Max drawdown": 0.0
  },
  "rejected_signals_count": 190
}