{
  "pnls": {
    "PnL (total)": 9827.83,
    "PnL% (total)": 9.82783,
    "Max Winner": 494.89,
    "Avg Winner": 494.596,
    "Min Winner": 494.31,
    "Min Loser": -5.62,
    "Avg Loser": -311.79291666666666,
    "Max Loser": -356.69,
    "Expectancy": 166.5733898305085,
    "Win Rate": 0.5932203389830508
  },
  "general": {
    "Long Ratio": "0.49",
    "Total trades": 0,
    "Sharpe ratio": 0.0,
    "Profit factor": 0.0,
    "Max drawdown": 0.0
  },
  "rejected_signals_count": 233
}