{
  "pnls": {
    "PnL (total)": -1998.52,
    "PnL% (total)": -1.998520000000004,
    "Max Winner": 670.38,
    "Avg Winner": 453.12000000000006,
    "Min Winner": 8.7,
    "Min Loser": 0.0,
    "Avg Loser": -204.76000000000002,
    "Max Loser": -255.7,
    "Expectancy": -16.794285714285706,
    "Win Rate": 0.2857142857142857
  },
  "general": {
    "Long Ratio": "0.53",
    "Total trades": 0,
    "Sharpe ratio": 0.0,
    "Profit factor": 0.0,
    "Max drawdown": 0.0
  },
  "rejected_signals_count": 3089
}