{
  "pnls": {
    "PnL (total)": -3421.77,
    "PnL% (total)": -3.421770000000004,
    "Max Winner": 564.59,
    "Avg Winner": 495.96181818181856,
    "Min Winner": 478.47,
    "Min Loser": -187.1,
    "Avg Loser": -255.28116564417192,
    "Max Loser": -272.7,
    "Expectancy": -14.257374999999975,
    "Win Rate": 0.32083333333333336
  },
  "general": {
    "Long Ratio": 0.5,
    "Total trades": 240,
    "Sharpe ratio": -0.027,
    "Profit factor": 0.0,
    "Max drawdown": 0.0
  },
  "rejected_signals_count": 8281
}