{
  "pnls": {
    "PnL (total)": 7196.76,
    "PnL% (total)": 7.196759999999995,
    "Max Winner": 494.89,
    "Avg Winner": 479.87151515151515,
    "Min Winner": 8.38,
    "Min Loser": -101.19,
    "Avg Loser": -332.2692307692308,
    "Max Loser": -356.71,
    "Expectancy": 121.9789830508474,
    "Win Rate": 0.559322033898305
  },
  "general": {
    "Long Ratio": "0.49",
    "Total trades": 0,
    "Sharpe ratio": 0.0,
    "Profit factor": 0.0,
    "Max drawdown": 0.0
  },
  "rejected_signals_count": 276
}