{
  "pnls": {
    "PnL (total)": 7641.8,
    "PnL% (total)": 7.641800000000003,
    "Max Winner": 494.89,
    "Avg Winner": 494.60529411764713,
    "Min Winner": 494.31,
    "Min Loser": -30.54,
    "Avg Loser": -316.3717241379311,
    "Max Loser": -346.69,
    "Expectancy": 121.29841269841268,
    "Win Rate": 0.5396825396825397
  },
  "general": {
    "Long Ratio": "0.49",
    "Total trades": 0,
    "Sharpe ratio": 0.0,
    "Profit factor": 0.0,
    "Max drawdown": 0.0
  },
  "rejected_signals_count": 227
}