{
  "pnls": {
    "PnL (total)": -986.89,
    "PnL% (total)": -0.9868899999999995,
    "Max Winner": 615.4,
    "Avg Winner": 512.8705882352942,
    "Min Winner": 495.37,
    "Min Loser": 0.0,
    "Avg Loser": -225.71372093023257,
    "Max Loser": -255.71,
    "Expectancy": -16.44816666666665,
    "Win Rate": 0.2833333333333333
  },
  "general": {
    "Long Ratio": "0.52",
    "Total trades": 0,
    "Sharpe ratio": 0.0,
    "Profit factor": 0.0,
    "Max drawdown": 0.0
  },
  "rejected_signals_count": 705
}