{
  "pnls": {
    "PnL (total)": 9038.82,
    "PnL% (total)": 9.038820000000007,
    "Max Winner": 494.89,
    "Avg Winner": 467.6733333333334,
    "Min Winner": 8.38,
    "Min Loser": -95.2,
    "Avg Loser": -339.0182608695652,
    "Max Loser": -356.69,
    "Expectancy": 153.20033898305093,
    "Win Rate": 0.6101694915254238
  },
  "general": {
    "Long Ratio": "0.49",
    "Total trades": 0,
    "Sharpe ratio": 0.0,
    "Profit factor": 0.0,
    "Max drawdown": 0.0
  },
  "rejected_signals_count": 232
}