{
  "pnls": {
    "PnL (total)": 10062.29,
    "PnL% (total)": 10.062289999999994,
    "Max Winner": 494.89,
    "Avg Winner": 460.7765789473685,
    "Min Winner": 8.38,
    "Min Loser": -101.19,
    "Avg Loser": -338.51,
    "Max Loser": -356.69,
    "Expectancy": 167.70483333333334,
    "Win Rate": 0.6333333333333333
  },
  "general": {
    "Long Ratio": "0.50",
    "Total trades": 0,
    "Sharpe ratio": 0.0,
    "Profit factor": 0.0,
    "Max drawdown": 0.0
  },
  "rejected_signals_count": 212
}