{
  "pnls": {
    "PnL (total)": 6904.85,
    "PnL% (total)": 6.904850000000005,
    "Max Winner": 494.89,
    "Avg Winner": 494.57516129032257,
    "Min Winner": 494.31,
    "Min Loser": -138.54,
    "Avg Loser": -300.9635714285714,
    "Max Loser": -316.7,
    "Expectancy": 117.03135593220344,
    "Win Rate": 0.5254237288135594
  },
  "general": {
    "Long Ratio": "0.49",
    "Total trades": 0,
    "Sharpe ratio": 0.0,
    "Profit factor": 0.0,
    "Max drawdown": 0.0
  },
  "rejected_signals_count": 216
}