{
  "pnls": {
    "PnL (total)": 9283.3,
    "PnL% (total)": 9.283300000000002,
    "Max Winner": 494.89,
    "Avg Winner": 469.31055555555554,
    "Min Winner": 8.38,
    "Min Loser": -19.52,
    "Avg Loser": -317.1616666666667,
    "Max Loser": -356.69,
    "Expectancy": 154.72166666666664,
    "Win Rate": 0.6
  },
  "general": {
    "Long Ratio": "0.52",
    "Total trades": 0,
    "Sharpe ratio": 0.0,
    "Profit factor": 0.0,
    "Max drawdown": 0.0
  },
  "rejected_signals_count": 252
}