{
  "pnls": {
    "PnL (total)": 2.36,
    "PnL% (total)": 0.002360000000000582,
    "Max Winner": 0.5,
    "Avg Winner": 0.19568627450980394,
    "Min Winner": 0.01,
    "Min Loser": 0.0,
    "Avg Loser": -0.09525,
    "Max Loser": -0.25,
    "Expectancy": 0.018015267175572523,
    "Win Rate": 0.3893129770992366
  },
  "general": {
    "Long Ratio": "0.59"
  },
  "rejected_signals_count": 515
}