{
  "pnls": {
    "PnL (total)": -579.93,
    "PnL% (total)": -0.579929999999993,
    "Max Winner": 494.89,
    "Avg Winner": 494.49529411764706,
    "Min Winner": 494.29,
    "Min Loser": -339.71,
    "Avg Loser": -356.3084374999998,
    "Max Loser": -356.75,
    "Expectancy": -3.5361585365852815,
    "Win Rate": 0.4146341463414634
  },
  "general": {
    "Long Ratio": 0.5,
    "Total trades": 164,
    "Sharpe ratio": -0.0,
    "Profit factor": 0.0,
    "Max drawdown": 0.0
  },
  "rejected_signals_count": 7457
}