{
  "pnls": {
    "PnL (total)": 8839.42,
    "PnL% (total)": 8.839419999999997,
    "Max Winner": 494.89,
    "Avg Winner": 494.60235294117643,
    "Min Winner": 494.31,
    "Min Loser": -127.19,
    "Avg Loser": -332.3775,
    "Max Loser": -356.69,
    "Expectancy": 152.40379310344824,
    "Win Rate": 0.5862068965517241
  },
  "general": {
    "Long Ratio": "0.50",
    "Total trades": 0,
    "Sharpe ratio": 0.0,
    "Profit factor": 0.0,
    "Max drawdown": 0.0
  },
  "rejected_signals_count": 279
}