{
  "pnls": {
    "PnL (total)": 9256.58,
    "PnL% (total)": 9.256580000000001,
    "Max Winner": 494.89,
    "Avg Winner": 471.44888888888886,
    "Min Winner": 8.38,
    "Min Loser": -44.7,
    "Avg Loser": -308.6232,
    "Max Loser": -356.69,
    "Expectancy": 151.74721311475406,
    "Win Rate": 0.5901639344262295
  },
  "general": {
    "Long Ratio": "0.51",
    "Total trades": 0,
    "Sharpe ratio": 0.0,
    "Profit factor": 0.0,
    "Max drawdown": 0.0
  },
  "rejected_signals_count": 213
}