{
  "pnls": {
    "PnL (total)": 1693.25,
    "PnL% (total)": 1.69325,
    "Max Winner": 840.34,
    "Avg Winner": 269.355,
    "Min Winner": 11.3,
    "Min Loser": -2.68,
    "Avg Loser": -130.35510204081632,
    "Max Loser": -206.74,
    "Expectancy": 21.43354430379749,
    "Win Rate": 0.379746835443038
  },
  "general": {
    "Long Ratio": "0.39"
  },
  "rejected_signals_count": 3998
}