{
  "pnls": {
    "PnL (total)": 9265.27,
    "PnL% (total)": 9.265270000000005,
    "Max Winner": 494.89,
    "Avg Winner": 470.1983333333333,
    "Min Winner": 8.38,
    "Min Loser": -19.52,
    "Avg Loser": -319.24458333333337,
    "Max Loser": -356.69,
    "Expectancy": 154.42116666666664,
    "Win Rate": 0.6
  },
  "general": {
    "Long Ratio": "0.52",
    "Total trades": 0,
    "Sharpe ratio": 0.0,
    "Profit factor": 0.0,
    "Max drawdown": 0.0
  },
  "rejected_signals_count": 210
}