{
  "pnls": {
    "PnL (total)": 9091.81,
    "PnL% (total)": 9.091809999999997,
    "Max Winner": 494.89,
    "Avg Winner": 469.32638888888897,
    "Min Winner": 8.38,
    "Min Loser": -101.19,
    "Avg Loser": -339.3017391304348,
    "Max Loser": -356.71,
    "Expectancy": 154.09847457627123,
    "Win Rate": 0.6101694915254238
  },
  "general": {
    "Long Ratio": "0.49",
    "Total trades": 0,
    "Sharpe ratio": 0.0,
    "Profit factor": 0.0,
    "Max drawdown": 0.0
  },
  "rejected_signals_count": 282
}