{
  "pnls": {
    "PnL (total)": 9960.82,
    "PnL% (total)": 9.960820000000007,
    "Max Winner": 494.89,
    "Avg Winner": 483.71777777777777,
    "Min Winner": 102.46,
    "Min Loser": -5.62,
    "Avg Loser": -324.04434782608695,
    "Max Loser": -356.71,
    "Expectancy": 168.82745762711863,
    "Win Rate": 0.6101694915254238
  },
  "general": {
    "Long Ratio": "0.49",
    "Total trades": 0,
    "Sharpe ratio": 0.0,
    "Profit factor": 0.0,
    "Max drawdown": 0.0
  },
  "rejected_signals_count": 230
}