{
  "pnls": {
    "PnL (total)": 2393.8,
    "PnL% (total)": 2.393800000000003,
    "Max Winner": 494.89,
    "Avg Winner": 494.034,
    "Min Winner": 479.89,
    "Min Loser": -211.71,
    "Avg Loser": -255.30897435897438,
    "Max Loser": -256.71,
    "Expectancy": 37.40312499999999,
    "Win Rate": 0.390625
  },
  "general": {
    "Long Ratio": "0.50",
    "Total trades": 0,
    "Sharpe ratio": 0.0,
    "Profit factor": 0.0,
    "Max drawdown": 0.0
  },
  "rejected_signals_count": 257
}