{
  "pnls": {
    "PnL (total)": -7649.21,
    "PnL% (total)": -7.649210000000006,
    "Max Winner": 793.6,
    "Avg Winner": 745.9168749999998,
    "Min Winner": 744.28,
    "Min Loser": -217.7,
    "Avg Loser": -256.42541666666665,
    "Max Loser": -284.34,
    "Expectancy": -27.318607142857203,
    "Win Rate": 0.22857142857142856
  },
  "general": {
    "Long Ratio": 0.5,
    "Total trades": 280,
    "Sharpe ratio": -0.048,
    "Profit factor": 0.0,
    "Max drawdown": 0.0
  },
  "rejected_signals_count": 121639
}