{
  "pnls": {
    "PnL (total)": -1524.72,
    "PnL% (total)": -1.5247200000000012,
    "Max Winner": 607.49,
    "Avg Winner": 453.8637209302326,
    "Min Winner": 16.67,
    "Min Loser": -9.2,
    "Avg Loser": -204.28019417475733,
    "Max Loser": -255.71,
    "Expectancy": -10.443287671232866,
    "Win Rate": 0.2945205479452055
  },
  "general": {
    "Long Ratio": "0.48"
  },
  "rejected_signals_count": 899
}