{
  "pnls": {
    "PnL (total)": 9748.42,
    "PnL% (total)": 9.748419999999998,
    "Max Winner": 494.89,
    "Avg Winner": 494.6077142857143,
    "Min Winner": 494.31,
    "Min Loser": -73.2,
    "Avg Loser": -328.8195652173913,
    "Max Loser": -356.69,
    "Expectancy": 168.0762068965517,
    "Win Rate": 0.603448275862069
  },
  "general": {
    "Long Ratio": "0.50",
    "Total trades": 0,
    "Sharpe ratio": 0.0,
    "Profit factor": 0.0,
    "Max drawdown": 0.0
  },
  "rejected_signals_count": 307
}