{
  "pnls": {
    "PnL (total)": 9557.29,
    "PnL% (total)": 9.557289999999993,
    "Max Winner": 494.89,
    "Avg Winner": 463.3321621621622,
    "Min Winner": 8.38,
    "Min Loser": -95.2,
    "Avg Loser": -329.8260869565218,
    "Max Loser": -356.69,
    "Expectancy": 159.2881666666667,
    "Win Rate": 0.6166666666666667
  },
  "general": {
    "Long Ratio": "0.52",
    "Total trades": 0,
    "Sharpe ratio": 0.0,
    "Profit factor": 0.0,
    "Max drawdown": 0.0
  },
  "rejected_signals_count": 221
}