{
  "pnls": {
    "PnL (total)": 5541.72,
    "PnL% (total)": 5.5417200000000015,
    "Max Winner": 494.89,
    "Avg Winner": 480.1190322580645,
    "Min Winner": 45.38,
    "Min Loser": -95.2,
    "Avg Loser": -333.6417857142857,
    "Max Loser": -356.71,
    "Expectancy": 93.92745762711871,
    "Win Rate": 0.5254237288135594
  },
  "general": {
    "Long Ratio": "0.49",
    "Total trades": 0,
    "Sharpe ratio": 0.0,
    "Profit factor": 0.0,
    "Max drawdown": 0.0
  },
  "rejected_signals_count": 331
}