{
  "pnls": {
    "PnL (total)": 5746.67,
    "PnL% (total)": 5.746669999999998,
    "Max Winner": 494.89,
    "Avg Winner": 465.24548387096775,
    "Min Winner": 8.38,
    "Min Loser": -96.16,
    "Avg Loser": -299.17034482758623,
    "Max Loser": -306.71,
    "Expectancy": 95.77783333333338,
    "Win Rate": 0.5166666666666667
  },
  "general": {
    "Long Ratio": "0.50",
    "Total trades": 0,
    "Sharpe ratio": 0.0,
    "Profit factor": 0.0,
    "Max drawdown": 0.0
  },
  "rejected_signals_count": 241
}