{
  "pnls": {
    "PnL (total)": -2954.83,
    "PnL% (total)": -2.9548300000000016,
    "Max Winner": 615.4,
    "Avg Winner": 492.31944444444457,
    "Min Winner": 16.28,
    "Min Loser": 0.0,
    "Avg Loser": -203.73413793103447,
    "Max Loser": -255.71,
    "Expectancy": -38.879342105263134,
    "Win Rate": 0.23684210526315788
  },
  "general": {
    "Long Ratio": "0.50",
    "Total trades": 0,
    "Sharpe ratio": 0.0,
    "Profit factor": 0.0,
    "Max drawdown": 0.0
  },
  "rejected_signals_count": 511
}