{
  "pnls": {
    "PnL (total)": -141.67,
    "PnL% (total)": -0.14166999999999824,
    "Max Winner": 494.37,
    "Avg Winner": 125.8944776119403,
    "Min Winner": 2.34,
    "Min Loser": -3.62,
    "Avg Loser": -59.976223776223776,
    "Max Loser": -256.68,
    "Expectancy": -0.6746190476190463,
    "Win Rate": 0.319047619047619
  },
  "general": {
    "Long Ratio": "0.70"
  },
  "rejected_signals_count": 9223
}