{
  "pnls": {
    "PnL (total)": -3747.88,
    "PnL% (total)": -3.7478800000000048,
    "Max Winner": 606.86,
    "Avg Winner": 471.72459459459463,
    "Min Winner": 21.82,
    "Min Loser": -9.2,
    "Avg Loser": -218.5741237113402,
    "Max Loser": -255.72,
    "Expectancy": -27.969253731343258,
    "Win Rate": 0.27611940298507465
  },
  "general": {
    "Long Ratio": "0.51",
    "Total trades": 0,
    "Sharpe ratio": 0.0,
    "Profit factor": 0.0,
    "Max drawdown": 0.0
  },
  "rejected_signals_count": 1059
}