{
  "pnls": {
    "PnL (total)": 3223.82,
    "PnL% (total)": 3.223820000000007,
    "Max Winner": 494.89,
    "Avg Winner": 494.0484615384616,
    "Min Winner": 479.89,
    "Min Loser": -132.71,
    "Avg Loser": -253.1957894736842,
    "Max Loser": -256.71,
    "Expectancy": 50.37218750000005,
    "Win Rate": 0.40625
  },
  "general": {
    "Long Ratio": "0.50",
    "Total trades": 0,
    "Sharpe ratio": 0.0,
    "Profit factor": 0.0,
    "Max drawdown": 0.0
  },
  "rejected_signals_count": 252
}