{
  "pnls": {
    "PnL (total)": 9123.79,
    "PnL% (total)": 9.123789999999994,
    "Max Winner": 494.89,
    "Avg Winner": 470.20444444444445,
    "Min Winner": 8.38,
    "Min Loser": -101.19,
    "Avg Loser": -339.28565217391304,
    "Max Loser": -356.69,
    "Expectancy": 154.6405084745763,
    "Win Rate": 0.6101694915254238
  },
  "general": {
    "Long Ratio": "0.49",
    "Total trades": 0,
    "Sharpe ratio": 0.0,
    "Profit factor": 0.0,
    "Max drawdown": 0.0
  },
  "rejected_signals_count": 229
}