{
  "pnls": {
    "PnL (total)": 5416.3,
    "PnL% (total)": 5.416300000000003,
    "Max Winner": 494.87,
    "Avg Winner": 494.0973333333333,
    "Min Winner": 479.89,
    "Min Loser": -69.54,
    "Avg Loser": -303.4393548387097,
    "Max Loser": -316.7,
    "Expectancy": 88.79180327868852,
    "Win Rate": 0.4918032786885246
  },
  "general": {
    "Long Ratio": "0.51",
    "Total trades": 0,
    "Sharpe ratio": 0.0,
    "Profit factor": 0.0,
    "Max drawdown": 0.0
  },
  "rejected_signals_count": 216
}