{
  "pnls": {
    "PnL (total)": -3655.75,
    "PnL% (total)": -3.65575,
    "Max Winner": 545.51,
    "Avg Winner": 470.31749999999994,
    "Min Winner": 69.88,
    "Min Loser": 0.0,
    "Avg Loser": -204.70369863013698,
    "Max Loser": -255.7,
    "Expectancy": -37.6881443298969,
    "Win Rate": 0.24742268041237114
  },
  "general": {
    "Long Ratio": "0.46"
  },
  "rejected_signals_count": 1177
}