{
  "pnls": {
    "PnL (total)": -5679.61,
    "PnL% (total)": -5.679610000000001,
    "Max Winner": 606.86,
    "Avg Winner": 482.72461538461533,
    "Min Winner": 21.82,
    "Min Loser": 0.0,
    "Avg Loser": -209.54540229885058,
    "Max Loser": -255.72,
    "Expectancy": -50.2620353982301,
    "Win Rate": 0.23008849557522124
  },
  "general": {
    "Long Ratio": "0.48"
  },
  "rejected_signals_count": 999
}