{
  "pnls": {
    "PnL (total)": 8615.72,
    "PnL% (total)": 8.615720000000001,
    "Max Winner": 494.89,
    "Avg Winner": 480.6954285714286,
    "Min Winner": 8.38,
    "Min Loser": -30.54,
    "Avg Loser": -315.7161538461539,
    "Max Loser": -356.69,
    "Expectancy": 141.24131147540982,
    "Win Rate": 0.5737704918032787
  },
  "general": {
    "Long Ratio": "0.51",
    "Total trades": 0,
    "Sharpe ratio": 0.0,
    "Profit factor": 0.0,
    "Max drawdown": 0.0
  },
  "rejected_signals_count": 248
}