{
  "pnls": {
    "PnL (total)": 1427.9,
    "PnL% (total)": 1.4278999999999942,
    "Max Winner": 744.89,
    "Avg Winner": 744.5281818181816,
    "Min Winner": 744.28,
    "Min Loser": -248.19,
    "Avg Loser": -256.42555045871546,
    "Max Loser": -256.75,
    "Expectancy": 4.840338983050866,
    "Win Rate": 0.26101694915254237
  },
  "general": {
    "Long Ratio": 0.5,
    "Total trades": 295,
    "Sharpe ratio": 0.02,
    "Profit factor": 0.0,
    "Max drawdown": 0.0
  },
  "rejected_signals_count": 312544
}