{
  "pnls": {
    "PnL (total)": -219.01,
    "PnL% (total)": -0.21900999999999474,
    "Max Winner": 494.31,
    "Avg Winner": 494.31,
    "Min Winner": 494.31,
    "Min Loser": -356.65,
    "Avg Loser": -356.65999999999997,
    "Max Loser": -356.67,
    "Expectancy": -73.00333333333334,
    "Win Rate": 0.3333333333333333
  },
  "general": {
    "Long Ratio": 0.33,
    "Total trades": 3,
    "Sharpe ratio": -0.141,
    "Profit factor": 0.0,
    "Max drawdown": 0.0
  },
  "rejected_signals_count": 537
}