{
  "pnls": {
    "PnL (total)": 1017.03,
    "PnL% (total)": 1.0170299999999988,
    "Max Winner": 666.43,
    "Avg Winner": 497.8252173913044,
    "Min Winner": 16.28,
    "Min Loser": -50.52,
    "Avg Loser": -208.659,
    "Max Loser": -255.71,
    "Expectancy": 13.931917808219168,
    "Win Rate": 0.3150684931506849
  },
  "general": {
    "Long Ratio": "0.47"
  },
  "rejected_signals_count": 499
}