{
  "pnls": {
    "PnL (total)": 3126.3,
    "PnL% (total)": 3.1263000000000027,
    "Max Winner": 494.89,
    "Avg Winner": 494.634,
    "Min Winner": 494.35,
    "Min Loser": -138.48,
    "Avg Loser": -249.71756756756756,
    "Max Loser": -256.71,
    "Expectancy": 50.42419354838708,
    "Win Rate": 0.4032258064516129
  },
  "general": {
    "Long Ratio": "0.48",
    "Total trades": 0,
    "Sharpe ratio": 0.0,
    "Profit factor": 0.0,
    "Max drawdown": 0.0
  },
  "rejected_signals_count": 293
}