{
  "pnls": {
    "PnL (total)": 5630.68,
    "PnL% (total)": 5.630679999999993,
    "Max Winner": 494.89,
    "Avg Winner": 479.4825,
    "Min Winner": 70.46,
    "Min Loser": -5.62,
    "Avg Loser": -243.5884375,
    "Max Loser": -256.71,
    "Expectancy": 93.84466666666665,
    "Win Rate": 0.4666666666666667
  },
  "general": {
    "Long Ratio": "0.50",
    "Total trades": 0,
    "Sharpe ratio": 0.0,
    "Profit factor": 0.0,
    "Max drawdown": 0.0
  },
  "rejected_signals_count": 249
}