{
  "pnls": {
    "PnL (total)": 7184.34,
    "PnL% (total)": 7.184339999999996,
    "Max Winner": 494.89,
    "Avg Winner": 494.6284375,
    "Min Winner": 494.31,
    "Min Loser": -26.16,
    "Avg Loser": -332.4526923076923,
    "Max Loser": -356.71,
    "Expectancy": 123.86793103448275,
    "Win Rate": 0.5517241379310345
  },
  "general": {
    "Long Ratio": "0.50",
    "Total trades": 0,
    "Sharpe ratio": 0.0,
    "Profit factor": 0.0,
    "Max drawdown": 0.0
  },
  "rejected_signals_count": 348
}