{
  "pnls": {
    "PnL (total)": -1951.6,
    "PnL% (total)": -1.9516000000000058,
    "Max Winner": 744.48,
    "Avg Winner": 744.4200000000001,
    "Min Winner": 744.36,
    "Min Loser": -56.1,
    "Avg Loser": -56.4006557377049,
    "Max Loser": -56.7,
    "Expectancy": -30.977777777777764,
    "Win Rate": 0.031746031746031744
  },
  "general": {
    "Long Ratio": "0.49",
    "Total trades": 0,
    "Sharpe ratio": 0.0,
    "Profit factor": 0.0,
    "Max drawdown": 0.0
  },
  "rejected_signals_count": 238
}