{
  "pnls": {
    "PnL (total)": 7141.36,
    "PnL% (total)": 7.141360000000001,
    "Max Winner": 494.89,
    "Avg Winner": 494.6284375,
    "Min Winner": 494.31,
    "Min Loser": -127.19,
    "Avg Loser": -334.1057692307692,
    "Max Loser": -356.71,
    "Expectancy": 123.12689655172412,
    "Win Rate": 0.5517241379310345
  },
  "general": {
    "Long Ratio": "0.50",
    "Total trades": 0,
    "Sharpe ratio": 0.0,
    "Profit factor": 0.0,
    "Max drawdown": 0.0
  },
  "rejected_signals_count": 309
}