{
  "pnls": {
    "PnL (total)": 8864.45,
    "PnL% (total)": 8.864449999999998,
    "Max Winner": 494.89,
    "Avg Winner": 494.5994117647059,
    "Min Winner": 494.31,
    "Min Loser": -122.54,
    "Avg Loser": -331.3304166666667,
    "Max Loser": -356.69,
    "Expectancy": 152.83534482758617,
    "Win Rate": 0.5862068965517241
  },
  "general": {
    "Long Ratio": "0.50",
    "Total trades": 0,
    "Sharpe ratio": 0.0,
    "Profit factor": 0.0,
    "Max drawdown": 0.0
  },
  "rejected_signals_count": 256
}