{
  "pnls": {
    "PnL (total)": -8282.57,
    "PnL% (total)": -8.282570000000007,
    "Max Winner": 710.66,
    "Avg Winner": 687.065081967213,
    "Min Winner": 255.37,
    "Min Loser": -128.52,
    "Avg Loser": -156.36616822429937,
    "Max Loser": -178.54,
    "Expectancy": -21.682120418848427,
    "Win Rate": 0.15968586387434555
  },
  "general": {
    "Long Ratio": 0.5
  },
  "rejected_signals_count": 26867
}