{
  "pnls": {
    "PnL (total)": 8017.41,
    "PnL% (total)": 8.017410000000003,
    "Max Winner": 494.89,
    "Avg Winner": 494.619696969697,
    "Min Winner": 494.31,
    "Min Loser": -122.54,
    "Avg Loser": -332.20160000000004,
    "Max Loser": -356.69,
    "Expectancy": 138.23120689655173,
    "Win Rate": 0.5689655172413793
  },
  "general": {
    "Long Ratio": "0.50",
    "Total trades": 0,
    "Sharpe ratio": 0.0,
    "Profit factor": 0.0,
    "Max drawdown": 0.0
  },
  "rejected_signals_count": 286
}