{
  "pnls": {
    "PnL (total)": -3906.0,
    "PnL% (total)": -3.9059999999999997,
    "Max Winner": 744.91,
    "Avg Winner": 744.5419565217393,
    "Min Winner": 744.29,
    "Min Loser": -6.64,
    "Avg Loser": -353.28638888888884,
    "Max Loser": -356.75,
    "Expectancy": -25.363636363636296,
    "Win Rate": 0.2987012987012987
  },
  "general": {
    "Long Ratio": 0.5,
    "Total trades": 154,
    "Sharpe ratio": -0.034,
    "Profit factor": 0.0,
    "Max drawdown": 0.0
  },
  "rejected_signals_count": 9856
}