{
  "pnls": {
    "PnL (total)": -4041.48,
    "PnL% (total)": -4.0414799999999955,
    "Max Winner": 544.51,
    "Avg Winner": 503.63307692307694,
    "Min Winner": 495.35,
    "Min Loser": 0.0,
    "Avg Loser": -211.7742,
    "Max Loser": -255.71,
    "Expectancy": -64.1504761904762,
    "Win Rate": 0.20634920634920634
  },
  "general": {
    "Long Ratio": "0.48",
    "Total trades": 0,
    "Sharpe ratio": 0.0,
    "Profit factor": 0.0,
    "Max drawdown": 0.0
  },
  "rejected_signals_count": 770
}