{
  "pnls": {
    "PnL (total)": 6773.04,
    "PnL% (total)": 6.773039999999994,
    "Max Winner": 494.89,
    "Avg Winner": 494.11451612903227,
    "Min Winner": 479.89,
    "Min Loser": -30.54,
    "Avg Loser": -341.7804,
    "Max Loser": -396.69,
    "Expectancy": 120.94714285714286,
    "Win Rate": 0.5535714285714286
  },
  "general": {
    "Long Ratio": "0.45",
    "Total trades": 0,
    "Sharpe ratio": 0.0,
    "Profit factor": 0.0,
    "Max drawdown": 0.0
  },
  "rejected_signals_count": 263
}