{
  "pnls": {
    "PnL (total)": -5205.38,
    "PnL% (total)": -5.205380000000004,
    "Max Winner": 606.86,
    "Avg Winner": 456.9767647058823,
    "Min Winner": 21.82,
    "Min Loser": 0.0,
    "Avg Loser": -207.4259,
    "Max Loser": -255.72,
    "Expectancy": -38.84611940298508,
    "Win Rate": 0.2537313432835821
  },
  "general": {
    "Long Ratio": "0.51"
  },
  "rejected_signals_count": 872
}