{
  "pnls": {
    "PnL (total)": 7339.23,
    "PnL% (total)": 7.339229999999997,
    "Max Winner": 494.89,
    "Avg Winner": 479.8618181818182,
    "Min Winner": 8.38,
    "Min Loser": -93.52,
    "Avg Loser": -314.6744444444444,
    "Max Loser": -356.69,
    "Expectancy": 122.32050000000007,
    "Win Rate": 0.55
  },
  "general": {
    "Long Ratio": "0.52",
    "Total trades": 0,
    "Sharpe ratio": 0.0,
    "Profit factor": 0.0,
    "Max drawdown": 0.0
  },
  "rejected_signals_count": 277
}