{
  "pnls": {
    "PnL (total)": -2257.47,
    "PnL% (total)": -2.257470000000001,
    "Max Winner": 607.49,
    "Avg Winner": 454.60974999999996,
    "Min Winner": 16.67,
    "Min Loser": -9.2,
    "Avg Loser": -215.17747368421053,
    "Max Loser": -255.72,
    "Expectancy": -16.72200000000001,
    "Win Rate": 0.2962962962962963
  },
  "general": {
    "Long Ratio": "0.51",
    "Total trades": 0,
    "Sharpe ratio": 0.0,
    "Profit factor": 0.0,
    "Max drawdown": 0.0
  },
  "rejected_signals_count": 965
}