{
  "pnls": {
    "PnL (total)": -5914.41,
    "PnL% (total)": -5.914410000000004,
    "Max Winner": 793.6,
    "Avg Winner": 745.0807462686564,
    "Min Winner": 729.51,
    "Min Loser": -208.32,
    "Avg Loser": -256.1230275229358,
    "Max Loser": -261.59,
    "Expectancy": -20.752315789473737,
    "Win Rate": 0.23508771929824562
  },
  "general": {
    "Long Ratio": 0.5,
    "Total trades": 285,
    "Sharpe ratio": -0.035,
    "Profit factor": 0.0,
    "Max drawdown": 0.0
  },
  "rejected_signals_count": 145139
}