{
  "pnls": {
    "PnL (total)": 3722.73,
    "PnL% (total)": 3.7227299999999954,
    "Max Winner": 494.89,
    "Avg Winner": 477.46392857142854,
    "Min Winner": 14.38,
    "Min Loser": -75.16,
    "Avg Loser": -247.34,
    "Max Loser": -256.71,
    "Expectancy": 55.56313432835819,
    "Win Rate": 0.417910447761194
  },
  "general": {
    "Long Ratio": "0.49",
    "Total trades": 0,
    "Sharpe ratio": 0.0,
    "Profit factor": 0.0,
    "Max drawdown": 0.0
  },
  "rejected_signals_count": 251
}