{
  "pnls": {
    "PnL (total)": 8392.41,
    "PnL% (total)": 8.392410000000003,
    "Max Winner": 494.89,
    "Avg Winner": 480.39558823529416,
    "Min Winner": 11.46,
    "Min Loser": -26.16,
    "Avg Loser": -330.87666666666667,
    "Max Loser": -356.69,
    "Expectancy": 144.69672413793103,
    "Win Rate": 0.5862068965517241
  },
  "general": {
    "Long Ratio": "0.50",
    "Total trades": 0,
    "Sharpe ratio": 0.0,
    "Profit factor": 0.0,
    "Max drawdown": 0.0
  },
  "rejected_signals_count": 266
}