{
  "pnls": {
    "PnL (total)": 9181.29,
    "PnL% (total)": 9.181289999999994,
    "Max Winner": 494.89,
    "Avg Winner": 469.30055555555555,
    "Min Winner": 8.38,
    "Min Loser": -71.52,
    "Avg Loser": -321.39708333333334,
    "Max Loser": -356.69,
    "Expectancy": 153.02149999999997,
    "Win Rate": 0.6
  },
  "general": {
    "Long Ratio": "0.52",
    "Total trades": 0,
    "Sharpe ratio": 0.0,
    "Profit factor": 0.0,
    "Max drawdown": 0.0
  },
  "rejected_signals_count": 249
}