{
  "pnls": {
    "PnL (total)": 7339.22,
    "PnL% (total)": 7.339220000000002,
    "Max Winner": 494.89,
    "Avg Winner": 479.8618181818182,
    "Min Winner": 8.38,
    "Min Loser": -93.52,
    "Avg Loser": -314.6748148148148,
    "Max Loser": -356.69,
    "Expectancy": 122.3203333333334,
    "Win Rate": 0.55
  },
  "general": {
    "Long Ratio": "0.52",
    "Total trades": 0,
    "Sharpe ratio": 0.0,
    "Profit factor": 0.0,
    "Max drawdown": 0.0
  },
  "rejected_signals_count": 270
}