{
  "pnls": {
    "PnL (total)": -11088.93,
    "PnL% (total)": -11.088929999999992,
    "Max Winner": 748.32,
    "Avg Winner": 744.6201960784314,
    "Min Winner": 744.29,
    "Min Loser": -6.64,
    "Avg Loser": -255.54458333333324,
    "Max Loser": -285.72,
    "Expectancy": -45.63345679012337,
    "Win Rate": 0.20987654320987653
  },
  "general": {
    "Long Ratio": 0.5,
    "Total trades": 243,
    "Sharpe ratio": -0.095,
    "Profit factor": 0.0,
    "Max drawdown": 0.0
  },
  "rejected_signals_count": 16911
}