{
  "pnls": {
    "PnL (total)": 1465.54,
    "PnL% (total)": 1.4655399999999936,
    "Max Winner": 501.89,
    "Avg Winner": 494.57954545454584,
    "Min Winner": 494.25,
    "Min Loser": -13.64,
    "Avg Loser": -354.5497777777783,
    "Max Loser": -356.73,
    "Expectancy": 4.6972435897434694,
    "Win Rate": 0.4230769230769231
  },
  "general": {
    "Long Ratio": 0.5,
    "Total trades": 312,
    "Sharpe ratio": 0.021,
    "Profit factor": 0.0,
    "Max drawdown": 0.0
  },
  "rejected_signals_count": 321909
}