{
  "pnls": {
    "PnL (total)": 8328.41,
    "PnL% (total)": 8.328410000000003,
    "Max Winner": 494.89,
    "Avg Winner": 494.599696969697,
    "Min Winner": 494.31,
    "Min Loser": -26.16,
    "Avg Loser": -319.73519999999996,
    "Max Loser": -356.69,
    "Expectancy": 143.59327586206902,
    "Win Rate": 0.5689655172413793
  },
  "general": {
    "Long Ratio": "0.50",
    "Total trades": 0,
    "Sharpe ratio": 0.0,
    "Profit factor": 0.0,
    "Max drawdown": 0.0
  },
  "rejected_signals_count": 259
}