{
  "pnls": {
    "PnL (total)": 8416.76,
    "PnL% (total)": 8.416759999999995,
    "Max Winner": 494.89,
    "Avg Winner": 468.5797142857143,
    "Min Winner": 8.38,
    "Min Loser": -101.19,
    "Avg Loser": -332.64708333333334,
    "Max Loser": -356.69,
    "Expectancy": 142.65694915254238,
    "Win Rate": 0.5932203389830508
  },
  "general": {
    "Long Ratio": "0.51",
    "Total trades": 0,
    "Sharpe ratio": 0.0,
    "Profit factor": 0.0,
    "Max drawdown": 0.0
  },
  "rejected_signals_count": 249
}