{
  "pnls": {
    "PnL (total)": -3556.81,
    "PnL% (total)": -3.556809999999998,
    "Max Winner": 600.53,
    "Avg Winner": 469.7403225806452,
    "Min Winner": 30.32,
    "Min Loser": 0.0,
    "Avg Loser": -203.58157303370785,
    "Max Loser": -255.72,
    "Expectancy": -29.64008333333331,
    "Win Rate": 0.25833333333333336
  },
  "general": {
    "Long Ratio": "0.48"
  },
  "rejected_signals_count": 913
}