{
  "pnls": {
    "PnL (total)": 7356.77,
    "PnL% (total)": 7.3567700000000045,
    "Max Winner": 444.89,
    "Avg Winner": 444.20000000000005,
    "Min Winner": 429.88,
    "Min Loser": -70.54,
    "Avg Loser": -297.7389655172414,
    "Max Loser": -326.69,
    "Expectancy": 113.18107692307694,
    "Win Rate": 0.5538461538461539
  },
  "general": {
    "Long Ratio": "0.48",
    "Total trades": 0,
    "Sharpe ratio": 0.0,
    "Profit factor": 0.0,
    "Max drawdown": 0.0
  },
  "rejected_signals_count": 306
}