{
  "pnls": {
    "PnL (total)": 7139.55,
    "PnL% (total)": 7.1395500000000025,
    "Max Winner": 494.89,
    "Avg Winner": 479.869393939394,
    "Min Winner": 8.38,
    "Min Loser": -6.52,
    "Avg Loser": -310.5764285714286,
    "Max Loser": -356.69,
    "Expectancy": 117.04180327868855,
    "Win Rate": 0.5409836065573771
  },
  "general": {
    "Long Ratio": "0.49",
    "Total trades": 0,
    "Sharpe ratio": 0.0,
    "Profit factor": 0.0,
    "Max drawdown": 0.0
  },
  "rejected_signals_count": 289
}