{
  "pnls": {
    "PnL (total)": 9361.29,
    "PnL% (total)": 9.361289999999993,
    "Max Winner": 494.89,
    "Avg Winner": 459.55783783783784,
    "Min Winner": 8.38,
    "Min Loser": -101.19,
    "Avg Loser": -332.27608695652174,
    "Max Loser": -356.69,
    "Expectancy": 156.0215,
    "Win Rate": 0.6166666666666667
  },
  "general": {
    "Long Ratio": "0.52",
    "Total trades": 0,
    "Sharpe ratio": 0.0,
    "Profit factor": 0.0,
    "Max drawdown": 0.0
  },
  "rejected_signals_count": 218
}