{
  "pnls": {
    "PnL (total)": 8195.82,
    "PnL% (total)": 8.195820000000007,
    "Max Winner": 494.89,
    "Avg Winner": 467.30057142857146,
    "Min Winner": 8.38,
    "Min Loser": -101.19,
    "Avg Loser": -339.9875,
    "Max Loser": -356.69,
    "Expectancy": 138.9122033898305,
    "Win Rate": 0.5932203389830508
  },
  "general": {
    "Long Ratio": "0.49",
    "Total trades": 0,
    "Sharpe ratio": 0.0,
    "Profit factor": 0.0,
    "Max drawdown": 0.0
  },
  "rejected_signals_count": 248
}