{
  "pnls": {
    "PnL (total)": 1135.81,
    "PnL% (total)": 1.1358099999999978,
    "Max Winner": 533.83,
    "Avg Winner": 495.56173333333356,
    "Min Winner": 487.87,
    "Min Loser": -334.17,
    "Avg Loser": -356.74574257425735,
    "Max Loser": -394.69,
    "Expectancy": 6.453465909091073,
    "Win Rate": 0.42613636363636365
  },
  "general": {
    "Long Ratio": 0.5,
    "Total trades": 176,
    "Sharpe ratio": 0.027,
    "Profit factor": 0.0,
    "Max drawdown": 0.0
  },
  "rejected_signals_count": 10981
}