{
  "pnls": {
    "PnL (total)": 9095.28,
    "PnL% (total)": 9.095279999999999,
    "Max Winner": 494.89,
    "Avg Winner": 494.6082857142857,
    "Min Winner": 494.31,
    "Min Loser": -59.12,
    "Avg Loser": -328.6404,
    "Max Loser": -366.69,
    "Expectancy": 151.58800000000002,
    "Win Rate": 0.5833333333333334
  },
  "general": {
    "Long Ratio": "0.47",
    "Total trades": 0,
    "Sharpe ratio": 0.0,
    "Profit factor": 0.0,
    "Max drawdown": 0.0
  },
  "rejected_signals_count": 311
}