{
  "pnls": {
    "PnL (total)": 7384.78,
    "PnL% (total)": 7.384779999999999,
    "Max Winner": 444.89,
    "Avg Winner": 444.2002777777778,
    "Min Winner": 429.88,
    "Min Loser": -47.12,
    "Avg Loser": -296.77344827586205,
    "Max Loser": -326.69,
    "Expectancy": 113.61200000000002,
    "Win Rate": 0.5538461538461539
  },
  "general": {
    "Long Ratio": "0.48",
    "Total trades": 0,
    "Sharpe ratio": 0.0,
    "Profit factor": 0.0,
    "Max drawdown": 0.0
  },
  "rejected_signals_count": 297
}