{
  "pnls": {
    "PnL (total)": 8337.24,
    "PnL% (total)": 8.337240000000005,
    "Max Winner": 494.89,
    "Avg Winner": 494.58942857142847,
    "Min Winner": 494.31,
    "Min Loser": -30.54,
    "Avg Loser": -345.1303846153847,
    "Max Loser": -396.69,
    "Expectancy": 136.6760655737704,
    "Win Rate": 0.5737704918032787
  },
  "general": {
    "Long Ratio": "0.49",
    "Total trades": 0,
    "Sharpe ratio": 0.0,
    "Profit factor": 0.0,
    "Max drawdown": 0.0
  },
  "rejected_signals_count": 232
}