{
  "pnls": {
    "PnL (total)": 10104.83,
    "PnL% (total)": 10.104830000000002,
    "Max Winner": 494.89,
    "Avg Winner": 469.99216216216223,
    "Min Winner": 8.38,
    "Min Loser": -55.16,
    "Avg Loser": -331.1309090909091,
    "Max Loser": -356.69,
    "Expectancy": 171.26830508474583,
    "Win Rate": 0.6271186440677966
  },
  "general": {
    "Long Ratio": "0.49",
    "Total trades": 0,
    "Sharpe ratio": 0.0,
    "Profit factor": 0.0,
    "Max drawdown": 0.0
  },
  "rejected_signals_count": 263
}