{
  "pnls": {
    "PnL (total)": 7184.39,
    "PnL% (total)": 7.184389999999999,
    "Max Winner": 494.89,
    "Avg Winner": 494.6175,
    "Min Winner": 494.31,
    "Min Loser": -26.16,
    "Avg Loser": -332.4373076923076,
    "Max Loser": -356.69,
    "Expectancy": 123.86879310344833,
    "Win Rate": 0.5517241379310345
  },
  "general": {
    "Long Ratio": "0.50",
    "Total trades": 0,
    "Sharpe ratio": 0.0,
    "Profit factor": 0.0,
    "Max drawdown": 0.0
  },
  "rejected_signals_count": 353
}