{
  "pnls": {
    "PnL (total)": -4310.67,
    "PnL% (total)": -4.310669999999998,
    "Max Winner": 607.49,
    "Avg Winner": 447.26631578947365,
    "Min Winner": 16.67,
    "Min Loser": -9.2,
    "Avg Loser": -195.4751376146789,
    "Max Loser": -255.71,
    "Expectancy": -29.324285714285708,
    "Win Rate": 0.2585034013605442
  },
  "general": {
    "Long Ratio": "0.50"
  },
  "rejected_signals_count": 992
}