{
  "pnls": {
    "PnL (total)": 2999.16,
    "PnL% (total)": 2.9991600000000034,
    "Max Winner": 494.89,
    "Avg Winner": 494.6460000000001,
    "Min Winner": 494.35,
    "Min Loser": -134.71,
    "Avg Loser": -253.16189189189188,
    "Max Loser": -256.71,
    "Expectancy": 48.373548387096776,
    "Win Rate": 0.4032258064516129
  },
  "general": {
    "Long Ratio": "0.50",
    "Total trades": 0,
    "Sharpe ratio": 0.0,
    "Profit factor": 0.0,
    "Max drawdown": 0.0
  },
  "rejected_signals_count": 222
}