{
  "pnls": {
    "PnL (total)": 7389.77,
    "PnL% (total)": 7.389770000000004,
    "Max Winner": 494.89,
    "Avg Winner": 467.8302941176471,
    "Min Winner": 8.38,
    "Min Loser": -101.19,
    "Avg Loser": -340.65840000000003,
    "Max Loser": -356.71,
    "Expectancy": 125.25033898305088,
    "Win Rate": 0.576271186440678
  },
  "general": {
    "Long Ratio": "0.49",
    "Total trades": 0,
    "Sharpe ratio": 0.0,
    "Profit factor": 0.0,
    "Max drawdown": 0.0
  },
  "rejected_signals_count": 266
}