{
  "pnls": {
    "PnL (total)": -11040.63,
    "PnL% (total)": -11.040630000000004,
    "Max Winner": 764.67,
    "Avg Winner": 745.0267692307693,
    "Min Winner": 738.49,
    "Min Loser": -303.54,
    "Avg Loser": -356.0920359281438,
    "Max Loser": -397.53,
    "Expectancy": -47.58892241379318,
    "Win Rate": 0.2801724137931034
  },
  "general": {
    "Long Ratio": 0.5,
    "Total trades": 232,
    "Sharpe ratio": -0.084,
    "Profit factor": 0.0,
    "Max drawdown": 0.0
  },
  "rejected_signals_count": 132722
}