{
  "pnls": {
    "PnL (total)": 10629.31,
    "PnL% (total)": 10.629309999999997,
    "Max Winner": 494.89,
    "Avg Winner": 481.4610810810811,
    "Min Winner": 8.38,
    "Min Loser": -0.54,
    "Avg Loser": -312.3804347826087,
    "Max Loser": -356.69,
    "Expectancy": 177.15516666666667,
    "Win Rate": 0.6166666666666667
  },
  "general": {
    "Long Ratio": "0.50",
    "Total trades": 0,
    "Sharpe ratio": 0.0,
    "Profit factor": 0.0,
    "Max drawdown": 0.0
  },
  "rejected_signals_count": 198
}