{
  "pnls": {
    "PnL (total)": -2976.04,
    "PnL% (total)": -2.9760399999999936,
    "Max Winner": 664.63,
    "Avg Winner": 163.80227272727268,
    "Min Winner": 9.7,
    "Min Loser": -25.36,
    "Avg Loser": -143.03673913043477,
    "Max Loser": -206.39,
    "Expectancy": -43.76529411764706,
    "Win Rate": 0.3235294117647059
  },
  "general": {
    "Long Ratio": "0.47"
  },
  "rejected_signals_count": 3756
}