{
  "pnls": {
    "PnL (total)": 0.28,
    "PnL% (total)": 0.00027999999999883587,
    "Max Winner": 0.3,
    "Avg Winner": 0.07192090395480226,
    "Min Winner": 0.01,
    "Min Loser": 0.0,
    "Avg Loser": -0.03291503267973856,
    "Max Loser": -0.06,
    "Expectancy": 0.00025022341376228566,
    "Win Rate": 0.3163538873994638
  },
  "general": {
    "Long Ratio": "0.48"
  },
  "rejected_signals_count": 13788
}