{
  "pnls": {
    "PnL (total)": 57.41,
    "PnL% (total)": 0.05741000000000349,
    "Max Winner": 615.4,
    "Avg Winner": 509.18999999999994,
    "Min Winner": 495.33,
    "Min Loser": 0.0,
    "Avg Loser": -220.13891304347825,
    "Max Loser": -255.71,
    "Expectancy": 0.8698484848484611,
    "Win Rate": 0.30303030303030304
  },
  "general": {
    "Long Ratio": "0.53"
  },
  "rejected_signals_count": 701
}