{
  "pnls": {
    "PnL (total)": -2638.04,
    "PnL% (total)": -2.6380399999999935,
    "Max Winner": 607.49,
    "Avg Winner": 447.78450000000004,
    "Min Winner": 16.67,
    "Min Loser": -9.2,
    "Avg Loser": -199.50893203883496,
    "Max Loser": -255.71,
    "Expectancy": -18.447832167832146,
    "Win Rate": 0.27972027972027974
  },
  "general": {
    "Long Ratio": "0.51"
  },
  "rejected_signals_count": 746
}