{
  "pnls": {
    "PnL (total)": -4199.33,
    "PnL% (total)": -4.199330000000002,
    "Max Winner": 514.81,
    "Avg Winner": 494.6348192771087,
    "Min Winner": 464.59,
    "Min Loser": -305.55,
    "Avg Loser": -356.3308661417325,
    "Max Loser": -414.53,
    "Expectancy": -19.99680952380958,
    "Win Rate": 0.3952380952380952
  },
  "general": {
    "Long Ratio": 0.5,
    "Total trades": 210,
    "Sharpe ratio": -0.038,
    "Profit factor": 0.0,
    "Max drawdown": 0.0
  },
  "rejected_signals_count": 14634
}