{
  "pnls": {
    "PnL (total)": -5213.07,
    "PnL% (total)": -5.213070000000007,
    "Max Winner": 516.53,
    "Avg Winner": 122.52152230971127,
    "Min Winner": 0.3,
    "Min Loser": 0.0,
    "Avg Loser": -42.85199834847234,
    "Max Loser": -613.35,
    "Expectancy": -3.274541457286439,
    "Win Rate": 0.239321608040201
  },
  "general": {
    "Long Ratio": "0.49"
  },
  "rejected_signals_count": 9344
}