{
  "pnls": {
    "PnL (total)": -1613.84,
    "PnL% (total)": -1.6138399999999966,
    "Max Winner": 547.52,
    "Avg Winner": 507.3152941176471,
    "Min Winner": 495.31,
    "Min Loser": 0.0,
    "Avg Loser": -204.76399999999998,
    "Max Loser": -255.71,
    "Expectancy": -24.087164179104434,
    "Win Rate": 0.2537313432835821
  },
  "general": {
    "Long Ratio": "0.46"
  },
  "rejected_signals_count": 745
}