{
  "pnls": {
    "PnL (total)": 4425.96,
    "PnL% (total)": 4.425960000000007,
    "Max Winner": 494.89,
    "Avg Winner": 494.47156250000035,
    "Min Winner": 494.29,
    "Min Loser": -256.12,
    "Avg Loser": -256.79452830188666,
    "Max Loser": -285.69,
    "Expectancy": 26.035058823529614,
    "Win Rate": 0.3764705882352941
  },
  "general": {
    "Long Ratio": 0.5,
    "Total trades": 170,
    "Sharpe ratio": 0.083,
    "Profit factor": 0.0,
    "Max drawdown": 0.0
  },
  "rejected_signals_count": 4143
}