{
  "pnls": {
    "PnL (total)": 2886.6,
    "PnL% (total)": 2.886600000000006,
    "Max Winner": 494.89,
    "Avg Winner": 494.63076923076926,
    "Min Winner": 494.35,
    "Min Loser": -30.48,
    "Avg Loser": -243.26341463414636,
    "Max Loser": -256.72,
    "Expectancy": 43.08358208955224,
    "Win Rate": 0.3880597014925373
  },
  "general": {
    "Long Ratio": "0.49",
    "Total trades": 0,
    "Sharpe ratio": 0.0,
    "Profit factor": 0.0,
    "Max drawdown": 0.0
  },
  "rejected_signals_count": 298
}