{
  "pnls": {
    "PnL (total)": 1362.18,
    "PnL% (total)": 1.362179999999993,
    "Max Winner": 494.89,
    "Avg Winner": 494.5891304347826,
    "Min Winner": 494.31,
    "Min Loser": -26.54,
    "Avg Loser": -294.5108823529412,
    "Max Loser": -316.7,
    "Expectancy": 23.897894736842034,
    "Win Rate": 0.40350877192982454
  },
  "general": {
    "Long Ratio": "0.47",
    "Total trades": 0,
    "Sharpe ratio": 0.0,
    "Profit factor": 0.0,
    "Max drawdown": 0.0
  },
  "rejected_signals_count": 235
}