{
  "pnls": {
    "PnL (total)": 9334.76,
    "PnL% (total)": 9.334759999999994,
    "Max Winner": 494.89,
    "Avg Winner": 481.08861111111116,
    "Min Winner": 8.38,
    "Min Loser": -0.54,
    "Avg Loser": -319.37719999999996,
    "Max Loser": -356.69,
    "Expectancy": 153.0288524590164,
    "Win Rate": 0.5901639344262295
  },
  "general": {
    "Long Ratio": "0.51",
    "Total trades": 0,
    "Sharpe ratio": 0.0,
    "Profit factor": 0.0,
    "Max drawdown": 0.0
  },
  "rejected_signals_count": 176
}