trader_id,strategy_id,instrument_id,account_id,opening_order_id,closing_order_id,entry,side,quantity,peak_qty,ts_init,ts_opened,ts_last,ts_closed,duration_ns,avg_px_open,avg_px_close,commissions,realized_return,realized_pnl,is_snapshot
BACKTESTER-001,MLSignalStrategyV2-V2,EUR/USD.IDEALPRO,IDEALPRO-001,O-20250102-110000-001-V2-1,O-20250102-110000-001-V2-3,BUY,FLAT,0.00,100000.00,1735815600000000000,2025-01-02 11:00:00+00:00,1735816260000000000,2025-01-02 11:11:00+00:00,660000000000.0,1.03168,1.03312,['4.13 USD'],0.0014,139.87 USD,True
BACKTESTER-001,MLSignalStrategyV2-V2,EUR/USD.IDEALPRO,IDEALPRO-001,O-20250102-111500-001-V2-4,O-20250102-111500-001-V2-5,BUY,FLAT,0.00,100000.00,1735816500000000000,2025-01-02 11:15:00+00:00,1735817580000000000,2025-01-02 11:33:00+00:00,1080000000000.0,1.03311,1.03194,['4.13 USD'],-0.00113,-121.13 USD,True
BACKTESTER-001,MLSignalStrategyV2-V2,EUR/USD.IDEALPRO,IDEALPRO-001,O-20250102-114500-001-V2-7,O-20250102-114500-001-V2-8,BUY,FLAT,0.00,100000.00,1735818300000000000,2025-01-02 11:45:00+00:00,1735824660000000000,2025-01-02 13:31:00+00:00,6360000000000.0,1.03241,1.03113,['4.12 USD'],-0.00124,-132.12 USD,True
BACKTESTER-001,MLSignalStrategyV2-V2,EUR/USD.IDEALPRO,IDEALPRO-001,O-20250102-140000-001-V2-10,O-20250102-140000-001-V2-11,BUY,FLAT,0.00,100000.00,1735826400000000000,2025-01-02 14:00:00+00:00,1735830240000000000,2025-01-02 15:04:00+00:00,3840000000000.0,1.03134,1.0301,['4.12 USD'],-0.0012,-128.12 USD,True
BACKTESTER-001,MLSignalStrategyV2-V2,EUR/USD.IDEALPRO,IDEALPRO-001,O-20250102-153000-001-V2-13,O-20250102-153000-001-V2-14,BUY,FLAT,0.00,100000.00,1735831800000000000,2025-01-02 15:30:00+00:00,1735833600000000000,2025-01-02 16:00:00+00:00,1800000000000.0,1.02857,1.02725,['4.11 USD'],-0.00128,-136.11 USD,True
BACKTESTER-001,MLSignalStrategyV2-V2,EUR/USD.IDEALPRO,IDEALPRO-001,O-20250102-160000-001-V2-16,O-20250102-160000-001-V2-17,BUY,FLAT,0.00,100000.00,1735833600000000000,2025-01-02 16:00:00+00:00,1735833840000000000,2025-01-02 16:04:00+00:00,240000000000.0,1.02744,1.02292,['4.10 USD'],-0.0044,-456.10 USD,True
BACKTESTER-001,MLSignalStrategyV2-V2,EUR/USD.IDEALPRO,IDEALPRO-001,O-20250102-161500-001-V2-19,O-20250102-161500-001-V2-21,BUY,FLAT,0.00,100000.00,1735834500000000000,2025-01-02 16:15:00+00:00,1735889760000000000,2025-01-03 07:36:00+00:00,55260000000000.0,1.02576,1.02842,['4.11 USD'],0.00259,261.89 USD,True
BACKTESTER-001,MLSignalStrategyV2-V2,EUR/USD.IDEALPRO,IDEALPRO-001,O-20250103-080000-001-V2-22,O-20250103-080000-001-V2-23,BUY,FLAT,0.00,100000.00,1735891200000000000,2025-01-03 08:00:00+00:00,1735893540000000000,2025-01-03 08:39:00+00:00,2340000000000.0,1.02809,1.02743,['4.11 USD'],-0.00064,-70.11 USD,True
BACKTESTER-001,MLSignalStrategyV2-V2,EUR/USD.IDEALPRO,IDEALPRO-001,O-20250103-140000-001-V2-25,O-20250103-140000-001-V2-27,BUY,FLAT,0.00,100000.00,1735912800000000000,2025-01-03 14:00:00+00:00,1735916760000000000,2025-01-03 15:06:00+00:00,3960000000000.0,1.02934,1.03059,['4.12 USD'],0.00121,120.88 USD,True
BACKTESTER-001,MLSignalStrategyV2-V2,EUR/USD.IDEALPRO,IDEALPRO-001,O-20250103-164500-001-V2-28,O-20250103-164500-001-V2-30,BUY,FLAT,0.00,100000.00,1735922700000000000,2025-01-03 16:45:00+00:00,1735924560000000000,2025-01-03 17:16:00+00:00,1860000000000.0,1.02898,1.03043,['4.12 USD'],0.00141,140.88 USD,True
BACKTESTER-001,MLSignalStrategyV2-V2,EUR/USD.IDEALPRO,IDEALPRO-001,O-20250103-173000-001-V2-31,O-20250103-173000-001-V2-32,BUY,FLAT,0.00,100000.00,1735925400000000000,2025-01-03 17:30:00+00:00,1735927500000000000,2025-01-03 18:05:00+00:00,2100000000000.0,1.03022,1.02927,['4.12 USD'],-0.00092,-99.12 USD,True
BACKTESTER-001,MLSignalStrategyV2-V2,EUR/USD.IDEALPRO,IDEALPRO-001,O-20250103-210000-001-V2-34,O-20250103-210000-001-V2-35,BUY,FLAT,0.00,100000.00,1735938000000000000,2025-01-03 21:00:00+00:00,1736117820000000000,2025-01-05 22:57:00+00:00,179820000000000.0,1.0306,1.02963,['4.12 USD'],-0.00094,-101.12 USD,True
BACKTESTER-001,MLSignalStrategyV2-V2,EUR/USD.IDEALPRO,IDEALPRO-001,O-20250105-230000-001-V2-37,O-20250105-230000-001-V2-38,BUY,FLAT,0.00,100000.00,1736118000000000000,2025-01-05 23:00:00+00:00,1736122260000000000,2025-01-06 00:11:00+00:00,4260000000000.0,1.03019,1.02973,['4.12 USD'],-0.00045,-50.12 USD,True
BACKTESTER-001,MLSignalStrategyV2-V2,EUR/USD.IDEALPRO,IDEALPRO-001,O-20250106-030000-001-V2-40,O-20250106-030000-001-V2-42,SELL,FLAT,0.00,100000.00,1736132400000000000,2025-01-06 03:00:00+00:00,1736143200000000000,2025-01-06 06:00:00+00:00,10800000000000.0,1.0316,1.03086,['4.12 USD'],0.00072,69.88 USD,True
BACKTESTER-001,MLSignalStrategyV2-V2,EUR/USD.IDEALPRO,IDEALPRO-001,O-20250106-074500-001-V2-43,O-20250106-074500-001-V2-44,SELL,FLAT,0.00,100000.00,1736149500000000000,2025-01-06 07:45:00+00:00,1736150340000000000,2025-01-06 07:59:00+00:00,840000000000.0,1.03228,1.03284,['4.13 USD'],-0.00054,-60.13 USD,True
BACKTESTER-001,MLSignalStrategyV2-V2,EUR/USD.IDEALPRO,IDEALPRO-001,O-20250106-081500-001-V2-46,O-20250106-081500-001-V2-47,SELL,FLAT,0.00,100000.00,1736151300000000000,2025-01-06 08:15:00+00:00,1736152260000000000,2025-01-06 08:31:00+00:00,960000000000.0,1.03372,1.03436,['4.14 USD'],-0.00062,-68.14 USD,True
BACKTESTER-001,MLSignalStrategyV2-V2,EUR/USD.IDEALPRO,IDEALPRO-001,O-20250106-084500-001-V2-49,O-20250106-084500-001-V2-50,SELL,FLAT,0.00,100000.00,1736153100000000000,2025-01-06 08:45:00+00:00,1736153520000000000,2025-01-06 08:52:00+00:00,420000000000.0,1.03352,1.03433,['4.14 USD'],-0.00078,-85.14 USD,True
BACKTESTER-001,MLSignalStrategyV2-V2,EUR/USD.IDEALPRO,IDEALPRO-001,O-20250106-090000-001-V2-52,O-20250106-090000-001-V2-53,SELL,FLAT,0.00,100000.00,1736154000000000000,2025-01-06 09:00:00+00:00,1736154300000000000,2025-01-06 09:05:00+00:00,300000000000.0,1.03503,1.03584,['4.14 USD'],-0.00078,-85.14 USD,True
BACKTESTER-001,MLSignalStrategyV2-V2,EUR/USD.IDEALPRO,IDEALPRO-001,O-20250106-091500-001-V2-55,O-20250106-091500-001-V2-57,SELL,FLAT,0.00,100000.00,1736154900000000000,2025-01-06 09:15:00+00:00,1736160360000000000,2025-01-06 10:46:00+00:00,5460000000000.0,1.03571,1.03413,['4.14 USD'],0.00153,153.86 USD,True
BACKTESTER-001,MLSignalStrategyV2-V2,EUR/USD.IDEALPRO,IDEALPRO-001,O-20250106-134500-001-V2-58,O-20250106-134500-001-V2-60,SELL,FLAT,0.00,100000.00,1736171100000000000,2025-01-06 13:45:00+00:00,1736172960000000000,2025-01-06 14:16:00+00:00,1860000000000.0,1.04103,1.03769,['4.16 USD'],0.00321,329.84 USD,True
BACKTESTER-001,MLSignalStrategyV2-V2,EUR/USD.IDEALPRO,IDEALPRO-001,O-20250106-144500-001-V2-61,O-20250106-144500-001-V2-63,BUY,FLAT,0.00,100000.00,1736174700000000000,2025-01-06 14:45:00+00:00,1736228700000000000,2025-01-07 05:45:00+00:00,54000000000000.0,1.0369,1.04031,['4.15 USD'],0.00329,336.85 USD,True
BACKTESTER-001,MLSignalStrategyV2-V2,EUR/USD.IDEALPRO,IDEALPRO-001,O-20250107-091500-001-V2-64,O-20250107-091500-001-V2-66,SELL,FLAT,0.00,100000.00,1736241300000000000,2025-01-07 09:15:00+00:00,1736249040000000000,2025-01-07 11:24:00+00:00,7740000000000.0,1.04263,1.04121,['4.17 USD'],0.00136,137.83 USD,True
BACKTESTER-001,MLSignalStrategyV2-V2,EUR/USD.IDEALPRO,IDEALPRO-001,O-20250107-121500-001-V2-67,O-20250107-121500-001-V2-69,SELL,FLAT,0.00,100000.00,1736252100000000000,2025-01-07 12:15:00+00:00,1736253780000000000,2025-01-07 12:43:00+00:00,1680000000000.0,1.04098,1.03943,['4.16 USD'],0.00149,150.84 USD,True
BACKTESTER-001,MLSignalStrategyV2-V2,EUR/USD.IDEALPRO,IDEALPRO-001,O-20250107-131500-001-V2-70,O-20250107-131500-001-V2-71,BUY,FLAT,0.00,100000.00,1736255700000000000,2025-01-07 13:15:00+00:00,1736257800000000000,2025-01-07 13:50:00+00:00,2100000000000.0,1.03968,1.03867,['4.16 USD'],-0.00097,-105.16 USD,True
BACKTESTER-001,MLSignalStrategyV2-V2,EUR/USD.IDEALPRO,IDEALPRO-001,O-20250107-151500-001-V2-73,O-20250107-151500-001-V2-74,BUY,FLAT,0.00,100000.00,1736262900000000000,2025-01-07 15:15:00+00:00,1736264760000000000,2025-01-07 15:46:00+00:00,1860000000000.0,1.03683,1.03573,['4.14 USD'],-0.00106,-114.14 USD,True
BACKTESTER-001,MLSignalStrategyV2-V2,EUR/USD.IDEALPRO,IDEALPRO-001,O-20250107-170000-001-V2-76,O-20250107-170000-001-V2-77,BUY,FLAT,0.00,100000.00,1736269200000000000,2025-01-07 17:00:00+00:00,1736270640000000000,2025-01-07 17:24:00+00:00,1440000000000.0,1.03684,1.03539,['4.14 USD'],-0.0014,-149.14 USD,True
BACKTESTER-001,MLSignalStrategyV2-V2,EUR/USD.IDEALPRO,IDEALPRO-001,O-20250107-173000-001-V2-79,O-20250107-173000-001-V2-80,BUY,FLAT,0.00,100000.00,1736271000000000000,2025-01-07 17:30:00+00:00,1736275080000000000,2025-01-07 18:38:00+00:00,4080000000000.0,1.03692,1.03546,['4.14 USD'],-0.00141,-150.14 USD,True
BACKTESTER-001,MLSignalStrategyV2-V2,EUR/USD.IDEALPRO,IDEALPRO-001,O-20250107-184500-001-V2-82,O-20250107-184500-001-V2-83,BUY,FLAT,0.00,100000.00,1736275500000000000,2025-01-07 18:45:00+00:00,1736286360000000000,2025-01-07 21:46:00+00:00,10860000000000.0,1.03524,1.03402,['4.14 USD'],-0.00118,-126.14 USD,True
BACKTESTER-001,MLSignalStrategyV2-V2,EUR/USD.IDEALPRO,IDEALPRO-001,O-20250107-230000-001-V2-85,O-20250107-230000-001-V2-87,BUY,FLAT,0.00,100000.00,1736290800000000000,2025-01-07 23:00:00+00:00,1736296020000000000,2025-01-08 00:27:00+00:00,5220000000000.0,1.03427,1.03488,['4.14 USD'],0.00059,56.86 USD,True
BACKTESTER-001,MLSignalStrategyV2-V2,EUR/USD.IDEALPRO,IDEALPRO-001,O-20250108-003000-001-V2-88,O-20250108-003000-001-V2-89,SELL,FLAT,0.00,100000.00,1736296200000000000,2025-01-08 00:30:00+00:00,1736301480000000000,2025-01-08 01:58:00+00:00,5280000000000.0,1.03491,1.0353,['4.14 USD'],-0.00038,-43.14 USD,True
BACKTESTER-001,MLSignalStrategyV2-V2,EUR/USD.IDEALPRO,IDEALPRO-001,O-20250108-031500-001-V2-91,O-20250108-031500-001-V2-92,BUY,FLAT,0.00,100000.00,1736306100000000000,2025-01-08 03:15:00+00:00,1736307180000000000,2025-01-08 03:33:00+00:00,1080000000000.0,1.03523,1.03472,['4.14 USD'],-0.00049,-55.14 USD,True
BACKTESTER-001,MLSignalStrategyV2-V2,EUR/USD.IDEALPRO,IDEALPRO-001,O-20250108-034500-001-V2-94,O-20250108-034500-001-V2-96,BUY,FLAT,0.00,100000.00,1736307900000000000,2025-01-08 03:45:00+00:00,1736309700000000000,2025-01-08 04:15:00+00:00,1800000000000.0,1.03469,1.03521,['4.14 USD'],0.0005,47.86 USD,True
BACKTESTER-001,MLSignalStrategyV2-V2,EUR/USD.IDEALPRO,IDEALPRO-001,O-20250108-051500-001-V2-97,O-20250108-051500-001-V2-99,BUY,FLAT,0.00,100000.00,1736313300000000000,2025-01-08 05:15:00+00:00,1736314200000000000,2025-01-08 05:30:00+00:00,900000000000.0,1.03503,1.03552,['4.14 USD'],0.00047,44.86 USD,True
BACKTESTER-001,MLSignalStrategyV2-V2,EUR/USD.IDEALPRO,IDEALPRO-001,O-20250108-080000-001-V2-100,O-20250108-080000-001-V2-101,BUY,FLAT,0.00,100000.00,1736323200000000000,2025-01-08 08:00:00+00:00,1736323620000000000,2025-01-08 08:07:00+00:00,420000000000.0,1.03324,1.0325,['4.14 USD'],-0.00072,-78.14 USD,True
BACKTESTER-001,MLSignalStrategyV2-V2,EUR/USD.IDEALPRO,IDEALPRO-001,O-20250108-081500-001-V2-103,O-20250108-081500-001-V2-104,BUY,FLAT,0.00,100000.00,1736324100000000000,2025-01-08 08:15:00+00:00,1736325060000000000,2025-01-08 08:31:00+00:00,960000000000.0,1.03309,1.03237,['4.13 USD'],-0.0007,-76.13 USD,True
BACKTESTER-001,MLSignalStrategyV2-V2,EUR/USD.IDEALPRO,IDEALPRO-001,O-20250108-090000-001-V2-106,O-20250108-090000-001-V2-107,BUY,FLAT,0.00,100000.00,1736326800000000000,2025-01-08 09:00:00+00:00,1736334960000000000,2025-01-08 11:16:00+00:00,8160000000000.0,1.03188,1.03099,['4.12 USD'],-0.00086,-93.12 USD,True
BACKTESTER-001,MLSignalStrategyV2-V2,EUR/USD.IDEALPRO,IDEALPRO-001,O-20250108-113000-001-V2-109,O-20250108-113000-001-V2-110,BUY,FLAT,0.00,100000.00,1736335800000000000,2025-01-08 11:30:00+00:00,1736335920000000000,2025-01-08 11:32:00+00:00,120000000000.0,1.03006,1.02889,['4.12 USD'],-0.00114,-121.12 USD,True
BACKTESTER-001,MLSignalStrategyV2-V2,EUR/USD.IDEALPRO,IDEALPRO-001,O-20250108-114500-001-V2-112,O-20250108-114500-001-V2-114,BUY,FLAT,0.00,100000.00,1736336700000000000,2025-01-08 11:45:00+00:00,1736337660000000000,2025-01-08 12:01:00+00:00,960000000000.0,1.0285,1.02998,['4.12 USD'],0.00144,143.88 USD,True
BACKTESTER-001,MLSignalStrategyV2-V2,EUR/USD.IDEALPRO,IDEALPRO-001,O-20250108-121500-001-V2-115,O-20250108-121500-001-V2-117,BUY,FLAT,0.00,100000.00,1736338500000000000,2025-01-08 12:15:00+00:00,1736344860000000000,2025-01-08 14:01:00+00:00,6360000000000.0,1.02896,1.03075,['4.12 USD'],0.00174,174.88 USD,True
BACKTESTER-001,MLSignalStrategyV2-V2,EUR/USD.IDEALPRO,IDEALPRO-001,O-20250108-220000-001-V2-118,O-20250108-220000-001-V2-119,BUY,FLAT,0.00,100000.00,1736373600000000000,2025-01-08 22:00:00+00:00,1736378400000000000,2025-01-08 23:20:00+00:00,4800000000000.0,1.03188,1.03139,['4.12 USD'],-0.00047,-53.12 USD,True
BACKTESTER-001,MLSignalStrategyV2-V2,EUR/USD.IDEALPRO,IDEALPRO-001,O-20250109-004500-001-V2-121,O-20250109-004500-001-V2-123,BUY,FLAT,0.00,100000.00,1736383500000000000,2025-01-09 00:45:00+00:00,1736384520000000000,2025-01-09 01:02:00+00:00,1020000000000.0,1.03086,1.03143,['4.12 USD'],0.00055,52.88 USD,True
BACKTESTER-001,MLSignalStrategyV2-V2,EUR/USD.IDEALPRO,IDEALPRO-001,O-20250109-014500-001-V2-124,O-20250109-014500-001-V2-125,SELL,FLAT,0.00,100000.00,1736387100000000000,2025-01-09 01:45:00+00:00,1736388960000000000,2025-01-09 02:16:00+00:00,1860000000000.0,1.03142,1.03182,['4.12 USD'],-0.00039,-44.12 USD,True
BACKTESTER-001,MLSignalStrategyV2-V2,EUR/USD.IDEALPRO,IDEALPRO-001,O-20250109-043000-001-V2-127,O-20250109-043000-001-V2-129,SELL,FLAT,0.00,100000.00,1736397000000000000,2025-01-09 04:30:00+00:00,1736402880000000000,2025-01-09 06:08:00+00:00,5880000000000.0,1.03095,1.03025,['4.12 USD'],0.00068,65.88 USD,True
BACKTESTER-001,MLSignalStrategyV2-V2,EUR/USD.IDEALPRO,IDEALPRO-001,O-20250109-074500-001-V2-130,O-20250109-074500-001-V2-132,SELL,FLAT,0.00,100000.00,1736408700000000000,2025-01-09 07:45:00+00:00,1736409900000000000,2025-01-09 08:05:00+00:00,1200000000000.0,1.0294,1.02837,['4.12 USD'],0.001,98.88 USD,True
BACKTESTER-001,MLSignalStrategyV2-V2,EUR/USD.IDEALPRO,IDEALPRO-001,O-20250109-143000-001-V2-133,O-20250109-143000-001-V2-134,BUY,FLAT,0.00,100000.00,1736433000000000000,2025-01-09 14:30:00+00:00,1736435220000000000,2025-01-09 15:07:00+00:00,2220000000000.0,1.03101,1.03033,['4.12 USD'],-0.00066,-72.12 USD,True
BACKTESTER-001,MLSignalStrategyV2-V2,EUR/USD.IDEALPRO,IDEALPRO-001,O-20250109-194500-001-V2-136,O-20250109-194500-001-V2-137,BUY,FLAT,0.00,100000.00,1736451900000000000,2025-01-09 19:45:00+00:00,1736467200000000000,2025-01-10 00:00:00+00:00,15300000000000.0,1.03001,1.02957,['4.12 USD'],-0.00043,-48.12 USD,True
BACKTESTER-001,MLSignalStrategyV2-V2,EUR/USD.IDEALPRO,IDEALPRO-001,O-20250110-003000-001-V2-139,O-20250110-003000-001-V2-141,BUY,FLAT,0.00,100000.00,1736469000000000000,2025-01-10 00:30:00+00:00,1736471940000000000,2025-01-10 01:19:00+00:00,2940000000000.0,1.02944,1.02998,['4.12 USD'],0.00052,49.88 USD,True
BACKTESTER-001,MLSignalStrategyV2-V2,EUR/USD.IDEALPRO,IDEALPRO-001,O-20250110-024500-001-V2-142,O-20250110-024500-001-V2-143,SELL,FLAT,0.00,100000.00,1736477100000000000,2025-01-10 02:45:00+00:00,1736478720000000000,2025-01-10 03:12:00+00:00,1620000000000.0,1.02993,1.03033,['4.12 USD'],-0.00039,-44.12 USD,True
BACKTESTER-001,MLSignalStrategyV2-V2,EUR/USD.IDEALPRO,IDEALPRO-001,O-20250110-034500-001-V2-145,O-20250110-034500-001-V2-146,BUY,FLAT,0.00,100000.00,1736480700000000000,2025-01-10 03:45:00+00:00,1736482260000000000,2025-01-10 04:11:00+00:00,1560000000000.0,1.03006,1.0297,['4.12 USD'],-0.00035,-40.12 USD,True
BACKTESTER-001,MLSignalStrategyV2-V2,EUR/USD.IDEALPRO,IDEALPRO-001,O-20250110-041500-001-V2-148,O-20250110-041500-001-V2-149,BUY,FLAT,0.00,100000.00,1736482500000000000,2025-01-10 04:15:00+00:00,1736483820000000000,2025-01-10 04:37:00+00:00,1320000000000.0,1.02978,1.02937,['4.12 USD'],-0.0004,-45.12 USD,True
BACKTESTER-001,MLSignalStrategyV2-V2,EUR/USD.IDEALPRO,IDEALPRO-001,O-20250110-044500-001-V2-151,O-20250110-044500-001-V2-152,BUY,FLAT,0.00,100000.00,1736484300000000000,2025-01-10 04:45:00+00:00,1736487360000000000,2025-01-10 05:36:00+00:00,3060000000000.0,1.02948,1.02903,['4.12 USD'],-0.00044,-49.12 USD,True
BACKTESTER-001,MLSignalStrategyV2-V2,EUR/USD.IDEALPRO,IDEALPRO-001,O-20250110-054500-001-V2-154,O-20250110-054500-001-V2-155,BUY,FLAT,0.00,100000.00,1736487900000000000,2025-01-10 05:45:00+00:00,1736488260000000000,2025-01-10 05:51:00+00:00,360000000000.0,1.02927,1.02891,['4.12 USD'],-0.00035,-40.12 USD,True
BACKTESTER-001,MLSignalStrategyV2-V2,EUR/USD.IDEALPRO,IDEALPRO-001,O-20250110-060000-001-V2-157,O-20250110-060000-001-V2-158,BUY,FLAT,0.00,100000.00,1736488800000000000,2025-01-10 06:00:00+00:00,1736490480000000000,2025-01-10 06:28:00+00:00,1680000000000.0,1.02858,1.02821,['4.12 USD'],-0.00036,-41.12 USD,True
BACKTESTER-001,MLSignalStrategyV2-V2,EUR/USD.IDEALPRO,IDEALPRO-001,O-20250110-063000-001-V2-160,O-20250110-063000-001-V2-161,SELL,FLAT,0.00,100000.00,1736490600000000000,2025-01-10 06:30:00+00:00,1736493180000000000,2025-01-10 07:13:00+00:00,2580000000000.0,1.02849,1.02896,['4.12 USD'],-0.00046,-51.12 USD,True
BACKTESTER-001,MLSignalStrategyV2-V2,EUR/USD.IDEALPRO,IDEALPRO-001,O-20250110-080000-001-V2-163,O-20250110-080000-001-V2-165,BUY,FLAT,0.00,100000.00,1736496000000000000,2025-01-10 08:00:00+00:00,1736497620000000000,2025-01-10 08:27:00+00:00,1620000000000.0,1.02971,1.03043,['4.12 USD'],0.0007,67.88 USD,True
BACKTESTER-001,MLSignalStrategyV2-V2,EUR/USD.IDEALPRO,IDEALPRO-001,O-20250110-083000-001-V2-166,O-20250110-083000-001-V2-168,BUY,FLAT,0.00,100000.00,1736497800000000000,2025-01-10 08:30:00+00:00,1736498460000000000,2025-01-10 08:41:00+00:00,660000000000.0,1.03016,1.0312,['4.12 USD'],0.00101,99.88 USD,True
BACKTESTER-001,MLSignalStrategyV2-V2,EUR/USD.IDEALPRO,IDEALPRO-001,O-20250110-140000-001-V2-169,O-20250110-140000-001-V2-170,SELL,FLAT,0.00,100000.00,1736517600000000000,2025-01-10 14:00:00+00:00,1736522520000000000,2025-01-10 15:22:00+00:00,4920000000000.0,1.02564,1.02749,['4.10 USD'],-0.0018,-189.10 USD,True
BACKTESTER-001,MLSignalStrategyV2-V2,EUR/USD.IDEALPRO,IDEALPRO-001,O-20250110-173000-001-V2-172,O-20250110-173000-001-V2-173,BUY,FLAT,0.00,100000.00,1736530200000000000,2025-01-10 17:30:00+00:00,1736739180000000000,2025-01-13 03:33:00+00:00,208980000000000.0,1.02392,1.02224,['4.09 USD'],-0.00164,-172.09 USD,True
BACKTESTER-001,MLSignalStrategyV2-V2,EUR/USD.IDEALPRO,IDEALPRO-001,O-20250113-060000-001-V2-175,O-20250113-060000-001-V2-176,SELL,FLAT,0.00,100000.00,1736748000000000000,2025-01-13 06:00:00+00:00,1736748480000000000,2025-01-13 06:08:00+00:00,480000000000.0,1.02195,1.02249,['4.08 USD'],-0.00053,-58.08 USD,True
BACKTESTER-001,MLSignalStrategyV2-V2,EUR/USD.IDEALPRO,IDEALPRO-001,O-20250113-061500-001-V2-178,O-20250113-061500-001-V2-180,SELL,FLAT,0.00,100000.00,1736748900000000000,2025-01-13 06:15:00+00:00,1736751240000000000,2025-01-13 06:54:00+00:00,2340000000000.0,1.02234,1.02155,['4.08 USD'],0.00077,74.92 USD,True
BACKTESTER-001,MLSignalStrategyV2-V2,EUR/USD.IDEALPRO,IDEALPRO-001,O-20250113-071500-001-V2-181,O-20250113-071500-001-V2-183,SELL,FLAT,0.00,100000.00,1736752500000000000,2025-01-13 07:15:00+00:00,1736752920000000000,2025-01-13 07:22:00+00:00,420000000000.0,1.02205,1.02118,['4.08 USD'],0.00085,82.92 USD,True
BACKTESTER-001,MLSignalStrategyV2-V2,EUR/USD.IDEALPRO,IDEALPRO-001,O-20250113-093000-001-V2-184,O-20250113-093000-001-V2-186,BUY,FLAT,0.00,100000.00,1736760600000000000,2025-01-13 09:30:00+00:00,1736763180000000000,2025-01-13 10:13:00+00:00,2580000000000.0,1.01867,1.02035,['4.08 USD'],0.00165,163.92 USD,True
BACKTESTER-001,MLSignalStrategyV2-V2,EUR/USD.IDEALPRO,IDEALPRO-001,O-20250113-111500-001-V2-187,O-20250113-111500-001-V2-189,BUY,FLAT,0.00,100000.00,1736766900000000000,2025-01-13 11:15:00+00:00,1736774820000000000,2025-01-13 13:27:00+00:00,7920000000000.0,1.01951,1.02126,['4.08 USD'],0.00172,170.92 USD,True
BACKTESTER-001,MLSignalStrategyV2-V2,EUR/USD.IDEALPRO,IDEALPRO-001,O-20250113-181500-001-V2-190,O-20250113-181500-001-V2-191,BUY,FLAT,0.00,100000.00,1736792100000000000,2025-01-13 18:15:00+00:00,1736797980000000000,2025-01-13 19:53:00+00:00,5880000000000.0,1.02164,1.02085,['4.08 USD'],-0.00077,-83.08 USD,True
BACKTESTER-001,MLSignalStrategyV2-V2,EUR/USD.IDEALPRO,IDEALPRO-001,O-20250113-201500-001-V2-193,O-20250113-201500-001-V2-195,BUY,FLAT,0.00,100000.00,1736799300000000000,2025-01-13 20:15:00+00:00,1736803320000000000,2025-01-13 21:22:00+00:00,4020000000000.0,1.0213,1.02225,['4.08 USD'],0.00093,90.92 USD,True
BACKTESTER-001,MLSignalStrategyV2-V2,EUR/USD.IDEALPRO,IDEALPRO-001,O-20250113-213000-001-V2-196,O-20250113-213000-001-V2-198,BUY,FLAT,0.00,100000.00,1736803800000000000,2025-01-13 21:30:00+00:00,1736804940000000000,2025-01-13 21:49:00+00:00,1140000000000.0,1.02226,1.02329,['4.09 USD'],0.00101,98.91 USD,True
BACKTESTER-001,MLSignalStrategyV2-V2,EUR/USD.IDEALPRO,IDEALPRO-001,O-20250113-230000-001-V2-199,O-20250113-230000-001-V2-200,SELL,FLAT,0.00,100000.00,1736809200000000000,2025-01-13 23:00:00+00:00,1736809200000000000,2025-01-13 23:00:00+00:00,,1.02601,1.02685,['4.10 USD'],-0.00082,-88.10 USD,True
BACKTESTER-001,MLSignalStrategyV2-V2,EUR/USD.IDEALPRO,IDEALPRO-001,O-20250113-231500-001-V2-202,O-20250113-231500-001-V2-203,SELL,FLAT,0.00,100000.00,1736810100000000000,2025-01-13 23:15:00+00:00,1736811060000000000,2025-01-13 23:31:00+00:00,960000000000.0,1.02615,1.02715,['4.10 USD'],-0.00097,-104.10 USD,True
BACKTESTER-001,MLSignalStrategyV2-V2,EUR/USD.IDEALPRO,IDEALPRO-001,O-20250113-234500-001-V2-205,O-20250113-234500-001-V2-207,SELL,FLAT,0.00,100000.00,1736811900000000000,2025-01-13 23:45:00+00:00,1736812980000000000,2025-01-14 00:03:00+00:00,1080000000000.0,1.027,1.02552,['4.10 USD'],0.00144,143.90 USD,True
BACKTESTER-001,MLSignalStrategyV2-V2,EUR/USD.IDEALPRO,IDEALPRO-001,O-20250114-003000-001-V2-208,O-20250114-003000-001-V2-209,SELL,FLAT,0.00,100000.00,1736814600000000000,2025-01-14 00:30:00+00:00,1736838300000000000,2025-01-14 07:05:00+00:00,23700000000000.0,1.02493,1.02614,['4.10 USD'],-0.00118,-125.10 USD,True
BACKTESTER-001,MLSignalStrategyV2-V2,EUR/USD.IDEALPRO,IDEALPRO-001,O-20250114-100000-001-V2-211,O-20250114-100000-001-V2-213,SELL,FLAT,0.00,100000.00,1736848800000000000,2025-01-14 10:00:00+00:00,1736856660000000000,2025-01-14 12:11:00+00:00,7860000000000.0,1.02596,1.02448,['4.10 USD'],0.00144,143.90 USD,True
BACKTESTER-001,MLSignalStrategyV2-V2,EUR/USD.IDEALPRO,IDEALPRO-001,O-20250114-123000-001-V2-214,O-20250114-123000-001-V2-215,BUY,FLAT,0.00,100000.00,1736857800000000000,2025-01-14 12:30:00+00:00,1736860020000000000,2025-01-14 13:07:00+00:00,2220000000000.0,1.02531,1.02447,['4.10 USD'],-0.00082,-88.10 USD,True
BACKTESTER-001,MLSignalStrategyV2-V2,EUR/USD.IDEALPRO,IDEALPRO-001,O-20250114-131500-001-V2-217,O-20250114-131500-001-V2-218,BUY,FLAT,0.00,100000.00,1736860500000000000,2025-01-14 13:15:00+00:00,1736861220000000000,2025-01-14 13:27:00+00:00,720000000000.0,1.02528,1.02442,['4.10 USD'],-0.00084,-90.10 USD,True
BACKTESTER-001,MLSignalStrategyV2-V2,EUR/USD.IDEALPRO,IDEALPRO-001,O-20250114-184500-001-V2-220,O-20250114-184500-001-V2-221,BUY,FLAT,0.00,100000.00,1736880300000000000,2025-01-14 18:45:00+00:00,1736924820000000000,2025-01-15 07:07:00+00:00,44520000000000.0,1.02984,1.02892,['4.12 USD'],-0.00089,-96.12 USD,True
BACKTESTER-001,MLSignalStrategyV2-V2,EUR/USD.IDEALPRO,IDEALPRO-001,O-20250115-090000-001-V2-223,O-20250115-090000-001-V2-224,SELL,FLAT,0.00,100000.00,1736931600000000000,2025-01-15 09:00:00+00:00,1736932080000000000,2025-01-15 09:08:00+00:00,480000000000.0,1.02964,1.0305,['4.12 USD'],-0.00084,-90.12 USD,True
BACKTESTER-001,MLSignalStrategyV2-V2,EUR/USD.IDEALPRO,IDEALPRO-001,O-20250115-093000-001-V2-226,O-20250115-093000-001-V2-227,SELL,FLAT,0.00,100000.00,1736933400000000000,2025-01-15 09:30:00+00:00,1736934540000000000,2025-01-15 09:49:00+00:00,1140000000000.0,1.03053,1.03132,['4.12 USD'],-0.00077,-83.12 USD,True
BACKTESTER-001,MLSignalStrategyV2-V2,EUR/USD.IDEALPRO,IDEALPRO-001,O-20250115-151500-001-V2-229,O-20250115-151500-001-V2-231,SELL,FLAT,0.00,100000.00,1736954100000000000,2025-01-15 15:15:00+00:00,1736956320000000000,2025-01-15 15:52:00+00:00,2220000000000.0,1.03232,1.0299,['4.12 USD'],0.00234,237.88 USD,True
BACKTESTER-001,MLSignalStrategyV2-V2,EUR/USD.IDEALPRO,IDEALPRO-001,O-20250115-171500-001-V2-232,O-20250115-171500-001-V2-233,BUY,FLAT,0.00,100000.00,1736961300000000000,2025-01-15 17:15:00+00:00,1737030720000000000,2025-01-16 12:32:00+00:00,69420000000000.0,1.0286,1.02692,['4.11 USD'],-0.00163,-172.11 USD,True
BACKTESTER-001,MLSignalStrategyV2-V2,EUR/USD.IDEALPRO,IDEALPRO-001,O-20250116-134500-001-V2-235,O-20250116-134500-001-V2-236,BUY,FLAT,0.00,100000.00,1737035100000000000,2025-01-16 13:45:00+00:00,1737037920000000000,2025-01-16 14:32:00+00:00,2820000000000.0,1.0279,1.02692,['4.11 USD'],-0.00095,-102.11 USD,True
BACKTESTER-001,MLSignalStrategyV2-V2,EUR/USD.IDEALPRO,IDEALPRO-001,O-20250116-220000-001-V2-238,O-20250116-220000-001-V2-239,SELL,FLAT,0.00,100000.00,1737064800000000000,2025-01-16 22:00:00+00:00,1737078360000000000,2025-01-17 01:46:00+00:00,13560000000000.0,1.03025,1.03078,['4.12 USD'],-0.00051,-57.12 USD,True
BACKTESTER-001,MLSignalStrategyV2-V2,EUR/USD.IDEALPRO,IDEALPRO-001,O-20250117-030000-001-V2-241,O-20250117-030000-001-V2-243,SELL,FLAT,0.00,100000.00,1737082800000000000,2025-01-17 03:00:00+00:00,1737088260000000000,2025-01-17 04:31:00+00:00,5460000000000.0,1.03033,1.02976,['4.12 USD'],0.00055,52.88 USD,True
BACKTESTER-001,MLSignalStrategyV2-V2,EUR/USD.IDEALPRO,IDEALPRO-001,O-20250117-044500-001-V2-244,O-20250117-044500-001-V2-245,BUY,FLAT,0.00,100000.00,1737089100000000000,2025-01-17 04:45:00+00:00,1737092460000000000,2025-01-17 05:41:00+00:00,3360000000000.0,1.02933,1.02901,['4.12 USD'],-0.00031,-36.12 USD,True
BACKTESTER-001,MLSignalStrategyV2-V2,EUR/USD.IDEALPRO,IDEALPRO-001,O-20250117-054500-001-V2-247,O-20250117-054500-001-V2-248,SELL,FLAT,0.00,100000.00,1737092700000000000,2025-01-17 05:45:00+00:00,1737093480000000000,2025-01-17 05:58:00+00:00,780000000000.0,1.02894,1.02929,['4.12 USD'],-0.00034,-39.12 USD,True
BACKTESTER-001,MLSignalStrategyV2-V2,EUR/USD.IDEALPRO,IDEALPRO-001,O-20250117-064500-001-V2-250,O-20250117-064500-001-V2-252,SELL,FLAT,0.00,100000.00,1737096300000000000,2025-01-17 06:45:00+00:00,1737098160000000000,2025-01-17 07:16:00+00:00,1860000000000.0,1.02879,1.02817,['4.12 USD'],0.0006,57.88 USD,True
BACKTESTER-001,MLSignalStrategyV2-V2,EUR/USD.IDEALPRO,IDEALPRO-001,O-20250117-080000-001-V2-253,O-20250117-080000-001-V2-254,SELL,FLAT,0.00,100000.00,1737100800000000000,2025-01-17 08:00:00+00:00,1737101100000000000,2025-01-17 08:05:00+00:00,300000000000.0,1.02844,1.029,['4.12 USD'],-0.00054,-60.12 USD,True
BACKTESTER-001,MLSignalStrategyV2-V2,EUR/USD.IDEALPRO,IDEALPRO-001,O-20250117-084500-001-V2-256,O-20250117-084500-001-V2-257,BUY,FLAT,0.00,100000.00,1737103500000000000,2025-01-17 08:45:00+00:00,1737107220000000000,2025-01-17 09:47:00+00:00,3720000000000.0,1.0296,1.02901,['4.12 USD'],-0.00057,-63.12 USD,True
BACKTESTER-001,MLSignalStrategyV2-V2,EUR/USD.IDEALPRO,IDEALPRO-001,O-20250117-161500-001-V2-259,O-20250117-161500-001-V2-260,BUY,FLAT,0.00,100000.00,1737130500000000000,2025-01-17 16:15:00+00:00,1737142800000000000,2025-01-17 19:40:00+00:00,12300000000000.0,1.02905,1.02736,['4.11 USD'],-0.00164,-173.11 USD,True
BACKTESTER-001,MLSignalStrategyV2-V2,EUR/USD.IDEALPRO,IDEALPRO-001,O-20250117-213000-001-V2-262,O-20250117-213000-001-V2-263,SELL,FLAT,0.00,100000.00,1737149400000000000,2025-01-17 21:30:00+00:00,1737324960000000000,2025-01-19 22:16:00+00:00,175560000000000.0,1.02717,1.02793,['4.11 USD'],-0.00074,-80.11 USD,True
BACKTESTER-001,MLSignalStrategyV2-V2,EUR/USD.IDEALPRO,IDEALPRO-001,O-20250119-224500-001-V2-265,O-20250119-224500-001-V2-267,BUY,FLAT,0.00,100000.00,1737326700000000000,2025-01-19 22:45:00+00:00,1737327420000000000,2025-01-19 22:57:00+00:00,720000000000.0,1.02755,1.02847,['4.12 USD'],0.0009,87.88 USD,True
BACKTESTER-001,MLSignalStrategyV2-V2,EUR/USD.IDEALPRO,IDEALPRO-001,O-20250119-230000-001-V2-268,O-20250119-230000-001-V2-269,BUY,FLAT,0.00,100000.00,1737327600000000000,2025-01-19 23:00:00+00:00,1737327660000000000,2025-01-19 23:01:00+00:00,60000000000.0,1.02805,1.02747,['4.11 USD'],-0.00056,-62.11 USD,True
BACKTESTER-001,MLSignalStrategyV2-V2,EUR/USD.IDEALPRO,IDEALPRO-001,O-20250119-231500-001-V2-271,O-20250119-231500-001-V2-273,BUY,FLAT,0.00,100000.00,1737328500000000000,2025-01-19 23:15:00+00:00,1737331200000000000,2025-01-20 00:00:00+00:00,2700000000000.0,1.02713,1.02808,['4.11 USD'],0.00092,90.89 USD,True
BACKTESTER-001,MLSignalStrategyV2-V2,EUR/USD.IDEALPRO,IDEALPRO-001,O-20250120-001500-001-V2-274,O-20250120-001500-001-V2-275,BUY,FLAT,0.00,100000.00,1737332100000000000,2025-01-20 00:15:00+00:00,1737333000000000000,2025-01-20 00:30:00+00:00,900000000000.0,1.02901,1.02825,['4.12 USD'],-0.00074,-80.12 USD,True
BACKTESTER-001,MLSignalStrategyV2-V2,EUR/USD.IDEALPRO,IDEALPRO-001,O-20250120-003000-001-V2-277,O-20250120-003000-001-V2-279,BUY,FLAT,0.00,100000.00,1737333000000000000,2025-01-20 00:30:00+00:00,1737342360000000000,2025-01-20 03:06:00+00:00,9360000000000.0,1.0283,1.0295,['4.12 USD'],0.00117,115.88 USD,True
BACKTESTER-001,MLSignalStrategyV2-V2,EUR/USD.IDEALPRO,IDEALPRO-001,O-20250120-033000-001-V2-280,O-20250120-033000-001-V2-281,SELL,FLAT,0.00,100000.00,1737343800000000000,2025-01-20 03:30:00+00:00,1737343920000000000,2025-01-20 03:32:00+00:00,120000000000.0,1.02955,1.03006,['4.12 USD'],-0.0005,-55.12 USD,True
BACKTESTER-001,MLSignalStrategyV2-V2,EUR/USD.IDEALPRO,IDEALPRO-001,O-20250120-070000-001-V2-283,O-20250120-070000-001-V2-284,SELL,FLAT,0.00,100000.00,1737356400000000000,2025-01-20 07:00:00+00:00,1737358980000000000,2025-01-20 07:43:00+00:00,2580000000000.0,1.03105,1.03167,['4.12 USD'],-0.0006,-66.12 USD,True
BACKTESTER-001,MLSignalStrategyV2-V2,EUR/USD.IDEALPRO,IDEALPRO-001,O-20250120-074500-001-V2-286,O-20250120-074500-001-V2-288,SELL,FLAT,0.00,100000.00,1737359100000000000,2025-01-20 07:45:00+00:00,1737361680000000000,2025-01-20 08:28:00+00:00,2580000000000.0,1.03173,1.03071,['4.12 USD'],0.00099,97.88 USD,True
BACKTESTER-001,MLSignalStrategyV2-V2,EUR/USD.IDEALPRO,IDEALPRO-001,O-20250120-093000-001-V2-289,O-20250120-093000-001-V2-291,BUY,FLAT,0.00,100000.00,1737365400000000000,2025-01-20 09:30:00+00:00,1737369240000000000,2025-01-20 10:34:00+00:00,3840000000000.0,1.03093,1.03199,['4.12 USD'],0.00103,101.88 USD,True
BACKTESTER-001,MLSignalStrategyV2-V2,EUR/USD.IDEALPRO,IDEALPRO-001,O-20250120-113000-001-V2-292,O-20250120-113000-001-V2-293,BUY,FLAT,0.00,100000.00,1737372600000000000,2025-01-20 11:30:00+00:00,1737379200000000000,2025-01-20 13:20:00+00:00,6600000000000.0,1.03214,1.03138,['4.12 USD'],-0.00074,-80.12 USD,True
BACKTESTER-001,MLSignalStrategyV2-V2,EUR/USD.IDEALPRO,IDEALPRO-001,O-20250120-134500-001-V2-295,O-20250120-134500-001-V2-296,SELL,FLAT,0.00,100000.00,1737380700000000000,2025-01-20 13:45:00+00:00,1737381000000000000,2025-01-20 13:50:00+00:00,300000000000.0,1.03806,1.03961,['4.16 USD'],-0.00149,-159.16 USD,True
BACKTESTER-001,MLSignalStrategyV2-V2,EUR/USD.IDEALPRO,IDEALPRO-001,O-20250120-141500-001-V2-298,O-20250120-141500-001-V2-299,SELL,FLAT,0.00,100000.00,1737382500000000000,2025-01-20 14:15:00+00:00,1737384120000000000,2025-01-20 14:42:00+00:00,1620000000000.0,1.039,1.04189,['4.16 USD'],-0.00278,-293.16 USD,True
BACKTESTER-001,MLSignalStrategyV2-V2,EUR/USD.IDEALPRO,IDEALPRO-001,O-20250120-153000-001-V2-301,O-20250120-153000-001-V2-303,SELL,FLAT,0.00,100000.00,1737387000000000000,2025-01-20 15:30:00+00:00,1737393900000000000,2025-01-20 17:25:00+00:00,6900000000000.0,1.04034,1.03689,['4.15 USD'],0.00332,340.85 USD,True
BACKTESTER-001,MLSignalStrategyV2-V2,EUR/USD.IDEALPRO,IDEALPRO-001,O-20250120-183000-001-V2-304,O-20250120-183000-001-V2-306,BUY,FLAT,0.00,100000.00,1737397800000000000,2025-01-20 18:30:00+00:00,1737402540000000000,2025-01-20 19:49:00+00:00,4740000000000.0,1.0386,1.04137,['4.16 USD'],0.00267,272.84 USD,True
BACKTESTER-001,MLSignalStrategyV2-V2,EUR/USD.IDEALPRO,IDEALPRO-001,O-20250120-201500-001-V2-307,O-20250120-201500-001-V2-309,SELL,FLAT,0.00,100000.00,1737404100000000000,2025-01-20 20:15:00+00:00,1737420660000000000,2025-01-21 00:51:00+00:00,16560000000000.0,1.04288,1.03865,['4.17 USD'],0.00406,418.83 USD,True
BACKTESTER-001,MLSignalStrategyV2-V2,EUR/USD.IDEALPRO,IDEALPRO-001,O-20250121-010000-001-V2-310,O-20250121-010000-001-V2-312,BUY,FLAT,0.00,100000.00,1737421200000000000,2025-01-21 01:00:00+00:00,1737422640000000000,2025-01-21 01:24:00+00:00,1440000000000.0,1.03623,1.03869,['4.15 USD'],0.00237,241.85 USD,True
BACKTESTER-001,MLSignalStrategyV2-V2,EUR/USD.IDEALPRO,IDEALPRO-001,O-20250121-013000-001-V2-313,O-20250121-013000-001-V2-314,BUY,FLAT,0.00,100000.00,1737423000000000000,2025-01-21 01:30:00+00:00,1737423900000000000,2025-01-21 01:45:00+00:00,900000000000.0,1.03842,1.03642,['4.15 USD'],-0.00193,-204.15 USD,True
BACKTESTER-001,MLSignalStrategyV2-V2,EUR/USD.IDEALPRO,IDEALPRO-001,O-20250121-020000-001-V2-316,O-20250121-020000-001-V2-318,BUY,FLAT,0.00,100000.00,1737424800000000000,2025-01-21 02:00:00+00:00,1737429300000000000,2025-01-21 03:15:00+00:00,4500000000000.0,1.03702,1.03997,['4.15 USD'],0.00284,290.85 USD,True
BACKTESTER-001,MLSignalStrategyV2-V2,EUR/USD.IDEALPRO,IDEALPRO-001,O-20250121-081500-001-V2-319,O-20250121-081500-001-V2-321,SELL,FLAT,0.00,100000.00,1737447300000000000,2025-01-21 08:15:00+00:00,1737448800000000000,2025-01-21 08:40:00+00:00,1500000000000.0,1.03687,1.03556,['4.14 USD'],0.00126,126.86 USD,True
BACKTESTER-001,MLSignalStrategyV2-V2,EUR/USD.IDEALPRO,IDEALPRO-001,O-20250121-084500-001-V2-322,O-20250121-084500-001-V2-323,BUY,FLAT,0.00,100000.00,1737449100000000000,2025-01-21 08:45:00+00:00,1737452460000000000,2025-01-21 09:41:00+00:00,3360000000000.0,1.03535,1.03418,['4.14 USD'],-0.00113,-121.14 USD,True
BACKTESTER-001,MLSignalStrategyV2-V2,EUR/USD.IDEALPRO,IDEALPRO-001,O-20250121-094500-001-V2-325,O-20250121-094500-001-V2-327,BUY,FLAT,0.00,100000.00,1737452700000000000,2025-01-21 09:45:00+00:00,1737465420000000000,2025-01-21 13:17:00+00:00,12720000000000.0,1.03462,1.03623,['4.14 USD'],0.00156,156.86 USD,True
BACKTESTER-001,MLSignalStrategyV2-V2,EUR/USD.IDEALPRO,IDEALPRO-001,O-20250121-154500-001-V2-328,O-20250121-154500-001-V2-329,SELL,FLAT,0.00,100000.00,1737474300000000000,2025-01-21 15:45:00+00:00,1737477000000000000,2025-01-21 16:30:00+00:00,2700000000000.0,1.04024,1.0416,['4.16 USD'],-0.00131,-140.16 USD,True
BACKTESTER-001,MLSignalStrategyV2-V2,EUR/USD.IDEALPRO,IDEALPRO-001,O-20250121-211500-001-V2-331,O-20250121-211500-001-V2-333,BUY,FLAT,0.00,100000.00,1737494100000000000,2025-01-21 21:15:00+00:00,1737499320000000000,2025-01-21 22:42:00+00:00,5220000000000.0,1.04238,1.04341,['4.17 USD'],0.00099,98.83 USD,True
BACKTESTER-001,MLSignalStrategyV2-V2,EUR/USD.IDEALPRO,IDEALPRO-001,O-20250122-000000-001-V2-334,O-20250122-000000-001-V2-336,BUY,FLAT,0.00,100000.00,1737504000000000000,2025-01-22 00:00:00+00:00,1737505260000000000,2025-01-22 00:21:00+00:00,1260000000000.0,1.04058,1.04223,['4.16 USD'],0.00159,160.84 USD,True
BACKTESTER-001,MLSignalStrategyV2-V2,EUR/USD.IDEALPRO,IDEALPRO-001,O-20250122-003000-001-V2-337,O-20250122-003000-001-V2-338,BUY,FLAT,0.00,100000.00,1737505800000000000,2025-01-22 00:30:00+00:00,1737511080000000000,2025-01-22 01:58:00+00:00,5280000000000.0,1.04188,1.04078,['4.16 USD'],-0.00106,-114.16 USD,True
BACKTESTER-001,MLSignalStrategyV2-V2,EUR/USD.IDEALPRO,IDEALPRO-001,O-20250122-044500-001-V2-340,O-20250122-044500-001-V2-342,SELL,FLAT,0.00,100000.00,1737521100000000000,2025-01-22 04:45:00+00:00,1737523620000000000,2025-01-22 05:27:00+00:00,2520000000000.0,1.04177,1.04085,['4.16 USD'],0.00088,87.84 USD,True
BACKTESTER-001,MLSignalStrategyV2-V2,EUR/USD.IDEALPRO,IDEALPRO-001,O-20250122-053000-001-V2-343,O-20250122-053000-001-V2-344,BUY,FLAT,0.00,100000.00,1737523800000000000,2025-01-22 05:30:00+00:00,1737526800000000000,2025-01-22 06:20:00+00:00,3000000000000.0,1.04116,1.04052,['4.16 USD'],-0.00061,-68.16 USD,True
BACKTESTER-001,MLSignalStrategyV2-V2,EUR/USD.IDEALPRO,IDEALPRO-001,O-20250122-094500-001-V2-346,O-20250122-094500-001-V2-348,BUY,FLAT,0.00,100000.00,1737539100000000000,2025-01-22 09:45:00+00:00,1737540360000000000,2025-01-22 10:06:00+00:00,1260000000000.0,1.04362,1.04483,['4.18 USD'],0.00116,116.82 USD,True
BACKTESTER-001,MLSignalStrategyV2-V2,EUR/USD.IDEALPRO,IDEALPRO-001,O-20250122-120000-001-V2-349,O-20250122-120000-001-V2-351,SELL,FLAT,0.00,100000.00,1737547200000000000,2025-01-22 12:00:00+00:00,1737553140000000000,2025-01-22 13:39:00+00:00,5940000000000.0,1.04428,1.04263,['4.18 USD'],0.00158,160.82 USD,True
BACKTESTER-001,MLSignalStrategyV2-V2,EUR/USD.IDEALPRO,IDEALPRO-001,O-20250122-173000-001-V2-352,O-20250122-173000-001-V2-353,BUY,FLAT,0.00,100000.00,1737567000000000000,2025-01-22 17:30:00+00:00,1737587760000000000,2025-01-22 23:16:00+00:00,20760000000000.0,1.04133,1.04054,['4.16 USD'],-0.00076,-83.16 USD,True
BACKTESTER-001,MLSignalStrategyV2-V2,EUR/USD.IDEALPRO,IDEALPRO-001,O-20250122-234500-001-V2-355,O-20250122-234500-001-V2-357,BUY,FLAT,0.00,100000.00,1737589500000000000,2025-01-22 23:45:00+00:00,1737594360000000000,2025-01-23 01:06:00+00:00,4860000000000.0,1.04076,1.04128,['4.16 USD'],0.0005,47.84 USD,True
BACKTESTER-001,MLSignalStrategyV2-V2,EUR/USD.IDEALPRO,IDEALPRO-001,O-20250123-071500-001-V2-358,O-20250123-071500-001-V2-359,BUY,FLAT,0.00,100000.00,1737616500000000000,2025-01-23 07:15:00+00:00,1737621600000000000,2025-01-23 08:40:00+00:00,5100000000000.0,1.03963,1.03903,['4.16 USD'],-0.00058,-64.16 USD,True
BACKTESTER-001,MLSignalStrategyV2-V2,EUR/USD.IDEALPRO,IDEALPRO-001,O-20250123-133000-001-V2-361,O-20250123-133000-001-V2-362,BUY,FLAT,0.00,100000.00,1737639000000000000,2025-01-23 13:30:00+00:00,1737644760000000000,2025-01-23 15:06:00+00:00,5760000000000.0,1.04066,1.03981,['4.16 USD'],-0.00082,-89.16 USD,True
BACKTESTER-001,MLSignalStrategyV2-V2,EUR/USD.IDEALPRO,IDEALPRO-001,O-20250123-220000-001-V2-364,O-20250123-220000-001-V2-366,BUY,FLAT,0.00,100000.00,1737669600000000000,2025-01-23 22:00:00+00:00,1737684840000000000,2025-01-24 02:14:00+00:00,15240000000000.0,1.04158,1.04266,['4.17 USD'],0.00104,103.83 USD,True
BACKTESTER-001,MLSignalStrategyV2-V2,EUR/USD.IDEALPRO,IDEALPRO-001,O-20250124-021500-001-V2-367,O-20250124-021500-001-V2-368,BUY,FLAT,0.00,100000.00,1737684900000000000,2025-01-24 02:15:00+00:00,1737684900000000000,2025-01-24 02:15:00+00:00,,1.04311,1.04245,['4.17 USD'],-0.00063,-70.17 USD,True
BACKTESTER-001,MLSignalStrategyV2-V2,EUR/USD.IDEALPRO,IDEALPRO-001,O-20250124-024500-001-V2-370,O-20250124-024500-001-V2-372,SELL,FLAT,0.00,100000.00,1737686700000000000,2025-01-24 02:45:00+00:00,1737689100000000000,2025-01-24 03:25:00+00:00,2400000000000.0,1.04478,1.04368,['4.18 USD'],0.00105,105.82 USD,True
BACKTESTER-001,MLSignalStrategyV2-V2,EUR/USD.IDEALPRO,IDEALPRO-001,O-20250124-033000-001-V2-373,O-20250124-033000-001-V2-375,BUY,FLAT,0.00,100000.00,1737689400000000000,2025-01-24 03:30:00+00:00,1737695220000000000,2025-01-24 05:07:00+00:00,5820000000000.0,1.0441,1.04529,['4.18 USD'],0.00114,114.82 USD,True
BACKTESTER-001,MLSignalStrategyV2-V2,EUR/USD.IDEALPRO,IDEALPRO-001,O-20250124-054500-001-V2-376,O-20250124-054500-001-V2-378,BUY,FLAT,0.00,100000.00,1737697500000000000,2025-01-24 05:45:00+00:00,1737699720000000000,2025-01-24 06:22:00+00:00,2220000000000.0,1.04476,1.04582,['4.18 USD'],0.00101,101.82 USD,True
BACKTESTER-001,MLSignalStrategyV2-V2,EUR/USD.IDEALPRO,IDEALPRO-001,O-20250124-081500-001-V2-379,O-20250124-081500-001-V2-380,SELL,FLAT,0.00,100000.00,1737706500000000000,2025-01-24 08:15:00+00:00,1737706560000000000,2025-01-24 08:16:00+00:00,60000000000.0,1.04774,1.04903,['4.20 USD'],-0.00123,-133.20 USD,True
BACKTESTER-001,MLSignalStrategyV2-V2,EUR/USD.IDEALPRO,IDEALPRO-001,O-20250124-083000-001-V2-382,O-20250124-083000-001-V2-383,SELL,FLAT,0.00,100000.00,1737707400000000000,2025-01-24 08:30:00+00:00,1737707460000000000,2025-01-24 08:31:00+00:00,60000000000.0,1.0479,1.04914,['4.20 USD'],-0.00118,-128.20 USD,True
BACKTESTER-001,MLSignalStrategyV2-V2,EUR/USD.IDEALPRO,IDEALPRO-001,O-20250124-084500-001-V2-385,O-20250124-084500-001-V2-386,SELL,FLAT,0.00,100000.00,1737708300000000000,2025-01-24 08:45:00+00:00,1737710340000000000,2025-01-24 09:19:00+00:00,2040000000000.0,1.04897,1.05038,['4.20 USD'],-0.00134,-145.20 USD,True
BACKTESTER-001,MLSignalStrategyV2-V2,EUR/USD.IDEALPRO,IDEALPRO-001,O-20250124-100000-001-V2-388,O-20250124-100000-001-V2-390,SELL,FLAT,0.00,100000.00,1737712800000000000,2025-01-24 10:00:00+00:00,1737723240000000000,2025-01-24 12:54:00+00:00,10440000000000.0,1.04945,1.04753,['4.20 USD'],0.00183,187.80 USD,True
BACKTESTER-001,MLSignalStrategyV2-V2,EUR/USD.IDEALPRO,IDEALPRO-001,O-20250124-144500-001-V2-391,O-20250124-144500-001-V2-393,BUY,FLAT,0.00,100000.00,1737729900000000000,2025-01-24 14:45:00+00:00,1737729960000000000,2025-01-24 14:46:00+00:00,60000000000.0,1.04776,1.04934,['4.20 USD'],0.00151,153.80 USD,True
BACKTESTER-001,MLSignalStrategyV2-V2,EUR/USD.IDEALPRO,IDEALPRO-001,O-20250124-163000-001-V2-394,O-20250124-163000-001-V2-396,SELL,FLAT,0.00,100000.00,1737736200000000000,2025-01-24 16:30:00+00:00,1737744360000000000,2025-01-24 18:46:00+00:00,8160000000000.0,1.05139,1.04966,['4.20 USD'],0.00165,168.80 USD,True
BACKTESTER-001,MLSignalStrategyV2-V2,EUR/USD.IDEALPRO,IDEALPRO-001,O-20250124-210000-001-V2-397,O-20250124-210000-001-V2-398,BUY,FLAT,0.00,100000.00,1737752400000000000,2025-01-24 21:00:00+00:00,1737929760000000000,2025-01-26 22:16:00+00:00,177360000000000.0,1.04947,1.04811,['4.20 USD'],-0.0013,-140.20 USD,True
BACKTESTER-001,MLSignalStrategyV2-V2,EUR/USD.IDEALPRO,IDEALPRO-001,O-20250126-223000-001-V2-400,O-20250126-223000-001-V2-401,BUY,FLAT,0.00,100000.00,1737930600000000000,2025-01-26 22:30:00+00:00,1737932700000000000,2025-01-26 23:05:00+00:00,2100000000000.0,1.04834,1.04768,['4.20 USD'],-0.00063,-70.20 USD,True
BACKTESTER-001,MLSignalStrategyV2-V2,EUR/USD.IDEALPRO,IDEALPRO-001,O-20250126-231500-001-V2-403,O-20250126-231500-001-V2-404,BUY,FLAT,0.00,100000.00,1737933300000000000,2025-01-26 23:15:00+00:00,1737933960000000000,2025-01-26 23:26:00+00:00,660000000000.0,1.04761,1.04709,['4.19 USD'],-0.0005,-56.19 USD,True
BACKTESTER-001,MLSignalStrategyV2-V2,EUR/USD.IDEALPRO,IDEALPRO-001,O-20250126-233000-001-V2-406,O-20250126-233000-001-V2-407,BUY,FLAT,0.00,100000.00,1737934200000000000,2025-01-26 23:30:00+00:00,1737935760000000000,2025-01-26 23:56:00+00:00,1560000000000.0,1.04727,1.04651,['4.18 USD'],-0.00073,-80.18 USD,True
BACKTESTER-001,MLSignalStrategyV2-V2,EUR/USD.IDEALPRO,IDEALPRO-001,O-20250127-000000-001-V2-409,O-20250127-000000-001-V2-411,BUY,FLAT,0.00,100000.00,1737936000000000000,2025-01-27 00:00:00+00:00,1737938040000000000,2025-01-27 00:34:00+00:00,2040000000000.0,1.04677,1.04763,['4.19 USD'],0.00082,81.81 USD,True
BACKTESTER-001,MLSignalStrategyV2-V2,EUR/USD.IDEALPRO,IDEALPRO-001,O-20250127-060000-001-V2-412,O-20250127-060000-001-V2-414,SELL,FLAT,0.00,100000.00,1737957600000000000,2025-01-27 06:00:00+00:00,1737961800000000000,2025-01-27 07:10:00+00:00,4200000000000.0,1.0463,1.04541,['4.18 USD'],0.00085,84.82 USD,True
BACKTESTER-001,MLSignalStrategyV2-V2,EUR/USD.IDEALPRO,IDEALPRO-001,O-20250127-074500-001-V2-415,O-20250127-074500-001-V2-417,SELL,FLAT,0.00,100000.00,1737963900000000000,2025-01-27 07:45:00+00:00,1737964680000000000,2025-01-27 07:58:00+00:00,780000000000.0,1.04706,1.04576,['4.18 USD'],0.00124,125.82 USD,True
BACKTESTER-001,MLSignalStrategyV2-V2,EUR/USD.IDEALPRO,IDEALPRO-001,O-20250127-081500-001-V2-418,O-20250127-081500-001-V2-420,BUY,FLAT,0.00,100000.00,1737965700000000000,2025-01-27 08:15:00+00:00,1737968040000000000,2025-01-27 08:54:00+00:00,2340000000000.0,1.04718,1.04849,['4.19 USD'],0.00125,126.81 USD,True
BACKTESTER-001,MLSignalStrategyV2-V2,EUR/USD.IDEALPRO,IDEALPRO-001,O-20250127-111500-001-V2-421,O-20250127-111500-001-V2-422,SELL,FLAT,0.00,100000.00,1737976500000000000,2025-01-27 11:15:00+00:00,1737982500000000000,2025-01-27 12:55:00+00:00,6000000000000.0,1.05139,1.05282,['4.21 USD'],-0.00136,-147.21 USD,True
BACKTESTER-001,MLSignalStrategyV2-V2,EUR/USD.IDEALPRO,IDEALPRO-001,O-20250127-130000-001-V2-424,O-20250127-130000-001-V2-425,SELL,FLAT,0.00,100000.00,1737982800000000000,2025-01-27 13:00:00+00:00,1737983340000000000,2025-01-27 13:09:00+00:00,540000000000.0,1.05214,1.05333,['4.21 USD'],-0.00113,-123.21 USD,True
BACKTESTER-001,MLSignalStrategyV2-V2,EUR/USD.IDEALPRO,IDEALPRO-001,O-20250127-131500-001-V2-427,O-20250127-131500-001-V2-429,SELL,FLAT,0.00,100000.00,1737983700000000000,2025-01-27 13:15:00+00:00,1737989820000000000,2025-01-27 14:57:00+00:00,6120000000000.0,1.05226,1.05079,['4.20 USD'],0.0014,142.80 USD,True
BACKTESTER-001,MLSignalStrategyV2-V2,EUR/USD.IDEALPRO,IDEALPRO-001,O-20250127-150000-001-V2-430,O-20250127-150000-001-V2-432,SELL,FLAT,0.00,100000.00,1737990000000000000,2025-01-27 15:00:00+00:00,1737992700000000000,2025-01-27 15:45:00+00:00,2700000000000.0,1.05092,1.0494,['4.20 USD'],0.00145,147.80 USD,True
BACKTESTER-001,MLSignalStrategyV2-V2,EUR/USD.IDEALPRO,IDEALPRO-001,O-20250127-161500-001-V2-433,O-20250127-161500-001-V2-435,SELL,FLAT,0.00,100000.00,1737994500000000000,2025-01-27 16:15:00+00:00,1737996000000000000,2025-01-27 16:40:00+00:00,1500000000000.0,1.05052,1.04917,['4.20 USD'],0.00129,130.80 USD,True
BACKTESTER-001,MLSignalStrategyV2-V2,EUR/USD.IDEALPRO,IDEALPRO-001,O-20250127-183000-001-V2-436,O-20250127-183000-001-V2-437,BUY,FLAT,0.00,100000.00,1738002600000000000,2025-01-27 18:30:00+00:00,1738019460000000000,2025-01-27 23:11:00+00:00,16860000000000.0,1.04847,1.04731,['4.19 USD'],-0.00111,-120.19 USD,True
BACKTESTER-001,MLSignalStrategyV2-V2,EUR/USD.IDEALPRO,IDEALPRO-001,O-20250127-233000-001-V2-439,O-20250127-233000-001-V2-440,BUY,FLAT,0.00,100000.00,1738020600000000000,2025-01-27 23:30:00+00:00,1738020840000000000,2025-01-27 23:34:00+00:00,240000000000.0,1.04458,1.0436,['4.18 USD'],-0.00094,-102.18 USD,True
BACKTESTER-001,MLSignalStrategyV2-V2,EUR/USD.IDEALPRO,IDEALPRO-001,O-20250127-234500-001-V2-442,O-20250127-234500-001-V2-444,BUY,FLAT,0.00,100000.00,1738021500000000000,2025-01-27 23:45:00+00:00,1738027920000000000,2025-01-28 01:32:00+00:00,6420000000000.0,1.04408,1.04566,['4.18 USD'],0.00151,153.82 USD,True
BACKTESTER-001,MLSignalStrategyV2-V2,EUR/USD.IDEALPRO,IDEALPRO-001,O-20250128-014500-001-V2-445,O-20250128-014500-001-V2-446,BUY,FLAT,0.00,100000.00,1738028700000000000,2025-01-28 01:45:00+00:00,1738029540000000000,2025-01-28 01:59:00+00:00,840000000000.0,1.04487,1.043,['4.18 USD'],-0.00179,-191.18 USD,True
BACKTESTER-001,MLSignalStrategyV2-V2,EUR/USD.IDEALPRO,IDEALPRO-001,O-20250128-020000-001-V2-448,O-20250128-020000-001-V2-449,BUY,FLAT,0.00,100000.00,1738029600000000000,2025-01-28 02:00:00+00:00,1738030020000000000,2025-01-28 02:07:00+00:00,420000000000.0,1.04379,1.04245,['4.17 USD'],-0.00128,-138.17 USD,True
BACKTESTER-001,MLSignalStrategyV2-V2,EUR/USD.IDEALPRO,IDEALPRO-001,O-20250128-021500-001-V2-451,O-20250128-021500-001-V2-452,BUY,FLAT,0.00,100000.00,1738030500000000000,2025-01-28 02:15:00+00:00,1738065900000000000,2025-01-28 12:05:00+00:00,35400000000000.0,1.04297,1.04155,['4.17 USD'],-0.00136,-146.17 USD,True
BACKTESTER-001,MLSignalStrategyV2-V2,EUR/USD.IDEALPRO,IDEALPRO-001,O-20250128-121500-001-V2-454,O-20250128-121500-001-V2-456,BUY,FLAT,0.00,100000.00,1738066500000000000,2025-01-28 12:15:00+00:00,1738071240000000000,2025-01-28 13:34:00+00:00,4740000000000.0,1.04195,1.04312,['4.17 USD'],0.00112,112.83 USD,True
BACKTESTER-001,MLSignalStrategyV2-V2,EUR/USD.IDEALPRO,IDEALPRO-001,O-20250128-211500-001-V2-457,O-20250128-211500-001-V2-459,SELL,FLAT,0.00,100000.00,1738098900000000000,2025-01-28 21:15:00+00:00,1738116060000000000,2025-01-29 02:01:00+00:00,17160000000000.0,1.04332,1.04259,['4.18 USD'],0.0007,68.82 USD,True
BACKTESTER-001,MLSignalStrategyV2-V2,EUR/USD.IDEALPRO,IDEALPRO-001,O-20250129-030000-001-V2-460,O-20250129-030000-001-V2-461,SELL,FLAT,0.00,100000.00,1738119600000000000,2025-01-29 03:00:00+00:00,1738122360000000000,2025-01-29 03:46:00+00:00,2760000000000.0,1.04339,1.04381,['4.18 USD'],-0.0004,-46.18 USD,True
BACKTESTER-001,MLSignalStrategyV2-V2,EUR/USD.IDEALPRO,IDEALPRO-001,O-20250129-080000-001-V2-463,O-20250129-080000-001-V2-465,BUY,FLAT,0.00,100000.00,1738137600000000000,2025-01-29 08:00:00+00:00,1738138260000000000,2025-01-29 08:11:00+00:00,660000000000.0,1.04162,1.04267,['4.17 USD'],0.00101,100.83 USD,True
BACKTESTER-001,MLSignalStrategyV2-V2,EUR/USD.IDEALPRO,IDEALPRO-001,O-20250129-093000-001-V2-466,O-20250129-093000-001-V2-467,BUY,FLAT,0.00,100000.00,1738143000000000000,2025-01-29 09:30:00+00:00,1738144440000000000,2025-01-29 09:54:00+00:00,1440000000000.0,1.04139,1.04061,['4.16 USD'],-0.00075,-82.16 USD,True
BACKTESTER-001,MLSignalStrategyV2-V2,EUR/USD.IDEALPRO,IDEALPRO-001,O-20250129-110000-001-V2-469,O-20250129-110000-001-V2-471,SELL,FLAT,0.00,100000.00,1738148400000000000,2025-01-29 11:00:00+00:00,1738156320000000000,2025-01-29 13:12:00+00:00,7920000000000.0,1.04037,1.03883,['4.16 USD'],0.00148,149.84 USD,True
BACKTESTER-001,MLSignalStrategyV2-V2,EUR/USD.IDEALPRO,IDEALPRO-001,O-20250129-151500-001-V2-472,O-20250129-151500-001-V2-474,BUY,FLAT,0.00,100000.00,1738163700000000000,2025-01-29 15:15:00+00:00,1738165380000000000,2025-01-29 15:43:00+00:00,1680000000000.0,1.04058,1.0419,['4.16 USD'],0.00127,127.84 USD,True
BACKTESTER-001,MLSignalStrategyV2-V2,EUR/USD.IDEALPRO,IDEALPRO-001,O-20250129-210000-001-V2-475,O-20250129-210000-001-V2-476,BUY,FLAT,0.00,100000.00,1738184400000000000,2025-01-29 21:00:00+00:00,1738234320000000000,2025-01-30 10:52:00+00:00,49920000000000.0,1.04104,1.03959,['4.16 USD'],-0.00139,-149.16 USD,True
BACKTESTER-001,MLSignalStrategyV2-V2,EUR/USD.IDEALPRO,IDEALPRO-001,O-20250130-113000-001-V2-478,O-20250130-113000-001-V2-479,SELL,FLAT,0.00,100000.00,1738236600000000000,2025-01-30 11:30:00+00:00,1738241400000000000,2025-01-30 12:50:00+00:00,4800000000000.0,1.03944,1.04042,['4.16 USD'],-0.00094,-102.16 USD,True
BACKTESTER-001,MLSignalStrategyV2-V2,EUR/USD.IDEALPRO,IDEALPRO-001,O-20250130-130000-001-V2-481,O-20250130-130000-001-V2-482,SELL,FLAT,0.00,100000.00,1738242000000000000,2025-01-30 13:00:00+00:00,1738243320000000000,2025-01-30 13:22:00+00:00,1320000000000.0,1.04034,1.04114,['4.16 USD'],-0.00077,-84.16 USD,True
BACKTESTER-001,MLSignalStrategyV2-V2,EUR/USD.IDEALPRO,IDEALPRO-001,O-20250130-141500-001-V2-484,O-20250130-141500-001-V2-486,SELL,FLAT,0.00,100000.00,1738246500000000000,2025-01-30 14:15:00+00:00,1738257060000000000,2025-01-30 17:11:00+00:00,10560000000000.0,1.04384,1.04122,['4.17 USD'],0.00251,257.83 USD,True
BACKTESTER-001,MLSignalStrategyV2-V2,EUR/USD.IDEALPRO,IDEALPRO-001,O-20250130-200000-001-V2-487,O-20250130-200000-001-V2-489,SELL,FLAT,0.00,100000.00,1738267200000000000,2025-01-30 20:00:00+00:00,1738269420000000000,2025-01-30 20:37:00+00:00,2220000000000.0,1.04279,1.04165,['4.17 USD'],0.00109,109.83 USD,True
BACKTESTER-001,MLSignalStrategyV2-V2,EUR/USD.IDEALPRO,IDEALPRO-001,O-20250130-220000-001-V2-490,O-20250130-220000-001-V2-491,BUY,FLAT,0.00,100000.00,1738274400000000000,2025-01-30 22:00:00+00:00,1738286880000000000,2025-01-31 01:28:00+00:00,12480000000000.0,1.0391,1.03771,['4.16 USD'],-0.00134,-143.16 USD,True
BACKTESTER-001,MLSignalStrategyV2-V2,EUR/USD.IDEALPRO,IDEALPRO-001,O-20250131-040000-001-V2-493,O-20250131-040000-001-V2-495,BUY,FLAT,0.00,100000.00,1738296000000000000,2025-01-31 04:00:00+00:00,1738305180000000000,2025-01-31 06:33:00+00:00,9180000000000.0,1.03851,1.03929,['4.16 USD'],0.00075,73.84 USD,True
BACKTESTER-001,MLSignalStrategyV2-V2,EUR/USD.IDEALPRO,IDEALPRO-001,O-20250131-081500-001-V2-496,O-20250131-081500-001-V2-497,BUY,FLAT,0.00,100000.00,1738311300000000000,2025-01-31 08:15:00+00:00,1738311780000000000,2025-01-31 08:23:00+00:00,480000000000.0,1.0399,1.03906,['4.16 USD'],-0.00081,-88.16 USD,True
BACKTESTER-001,MLSignalStrategyV2-V2,EUR/USD.IDEALPRO,IDEALPRO-001,O-20250131-100000-001-V2-499,O-20250131-100000-001-V2-500,BUY,FLAT,0.00,100000.00,1738317600000000000,2025-01-31 10:00:00+00:00,1738322700000000000,2025-01-31 11:25:00+00:00,5100000000000.0,1.03838,1.03723,['4.15 USD'],-0.00111,-119.15 USD,True
BACKTESTER-001,MLSignalStrategyV2-V2,EUR/USD.IDEALPRO,IDEALPRO-001,O-20250131-160000-001-V2-502,O-20250131-160000-001-V2-504,BUY,FLAT,0.00,100000.00,1738339200000000000,2025-01-31 16:00:00+00:00,1738343400000000000,2025-01-31 17:10:00+00:00,4200000000000.0,1.03964,1.0421,['4.16 USD'],0.00237,241.84 USD,True
BACKTESTER-001,MLSignalStrategyV2-V2,EUR/USD.IDEALPRO,IDEALPRO-001,O-20250131-171500-001-V2-505,O-20250131-171500-001-V2-507,SELL,FLAT,0.00,100000.00,1738343700000000000,2025-01-31 17:15:00+00:00,1738347600000000000,2025-01-31 18:20:00+00:00,3900000000000.0,1.04256,1.03934,['4.17 USD'],0.00309,317.83 USD,True
BACKTESTER-001,MLSignalStrategyV2-V2,EUR/USD.IDEALPRO,IDEALPRO-001,O-20250202-223000-001-V2-508,O-20250202-223000-001-V2-509,BUY,FLAT,0.00,100000.00,1738535400000000000,2025-02-02 22:30:00+00:00,1738542180000000000,2025-02-03 00:23:00+00:00,6780000000000.0,1.02511,1.02171,['4.09 USD'],-0.00332,-344.09 USD,True
BACKTESTER-001,MLSignalStrategyV2-V2,EUR/USD.IDEALPRO,IDEALPRO-001,O-20250203-003000-001-V2-511,O-20250203-003000-001-V2-512,BUY,FLAT,0.00,100000.00,1738542600000000000,2025-02-03 00:30:00+00:00,1738553820000000000,2025-02-03 03:37:00+00:00,11220000000000.0,1.02368,1.02128,['4.09 USD'],-0.00234,-244.09 USD,True
BACKTESTER-001,MLSignalStrategyV2-V2,EUR/USD.IDEALPRO,IDEALPRO-001,O-20250203-034500-001-V2-514,O-20250203-034500-001-V2-516,BUY,FLAT,0.00,100000.00,1738554300000000000,2025-02-03 03:45:00+00:00,1738555320000000000,2025-02-03 04:02:00+00:00,1020000000000.0,1.02151,1.02373,['4.09 USD'],0.00217,217.91 USD,True
BACKTESTER-001,MLSignalStrategyV2-V2,EUR/USD.IDEALPRO,IDEALPRO-001,O-20250203-060000-001-V2-517,O-20250203-060000-001-V2-518,BUY,FLAT,0.00,100000.00,1738562400000000000,2025-02-03 06:00:00+00:00,1738567560000000000,2025-02-03 07:26:00+00:00,5160000000000.0,1.02405,1.02302,['4.10 USD'],-0.00101,-107.10 USD,True
BACKTESTER-001,MLSignalStrategyV2-V2,EUR/USD.IDEALPRO,IDEALPRO-001,O-20250203-074500-001-V2-520,O-20250203-074500-001-V2-521,BUY,FLAT,0.00,100000.00,1738568700000000000,2025-02-03 07:45:00+00:00,1738569660000000000,2025-02-03 08:01:00+00:00,960000000000.0,1.02289,1.02172,['4.09 USD'],-0.00114,-121.09 USD,True
BACKTESTER-001,MLSignalStrategyV2-V2,EUR/USD.IDEALPRO,IDEALPRO-001,O-20250203-131500-001-V2-523,O-20250203-131500-001-V2-525,SELL,FLAT,0.00,100000.00,1738588500000000000,2025-02-03 13:15:00+00:00,1738591380000000000,2025-02-03 14:03:00+00:00,2880000000000.0,1.02779,1.02568,['4.11 USD'],0.00205,206.89 USD,True
BACKTESTER-001,MLSignalStrategyV2-V2,EUR/USD.IDEALPRO,IDEALPRO-001,O-20250203-154500-001-V2-526,O-20250203-154500-001-V2-528,SELL,FLAT,0.00,100000.00,1738597500000000000,2025-02-03 15:45:00+00:00,1738598640000000000,2025-02-03 16:04:00+00:00,1140000000000.0,1.03278,1.02947,['4.13 USD'],0.0032,326.87 USD,True
BACKTESTER-001,MLSignalStrategyV2-V2,EUR/USD.IDEALPRO,IDEALPRO-001,O-20250203-161500-001-V2-529,O-20250203-161500-001-V2-531,SELL,FLAT,0.00,100000.00,1738599300000000000,2025-02-03 16:15:00+00:00,1738601820000000000,2025-02-03 16:57:00+00:00,2520000000000.0,1.03174,1.02823,['4.12 USD'],0.0034,346.88 USD,True
BACKTESTER-001,MLSignalStrategyV2-V2,EUR/USD.IDEALPRO,IDEALPRO-001,O-20250203-180000-001-V2-532,O-20250203-180000-001-V2-533,SELL,FLAT,0.00,100000.00,1738605600000000000,2025-02-03 18:00:00+00:00,1738615140000000000,2025-02-03 20:39:00+00:00,9540000000000.0,1.02797,1.02994,['4.12 USD'],-0.00192,-201.12 USD,True
BACKTESTER-001,MLSignalStrategyV2-V2,EUR/USD.IDEALPRO,IDEALPRO-001,O-20250203-211500-001-V2-535,O-20250203-211500-001-V2-536,SELL,FLAT,0.00,100000.00,1738617300000000000,2025-02-03 21:15:00+00:00,1738617600000000000,2025-02-03 21:20:00+00:00,300000000000.0,1.02938,1.03048,['4.12 USD'],-0.00107,-114.12 USD,True
BACKTESTER-001,MLSignalStrategyV2-V2,EUR/USD.IDEALPRO,IDEALPRO-001,O-20250203-213000-001-V2-538,O-20250203-213000-001-V2-539,SELL,FLAT,0.00,100000.00,1738618200000000000,2025-02-03 21:30:00+00:00,1738618620000000000,2025-02-03 21:37:00+00:00,420000000000.0,1.03075,1.03297,['4.13 USD'],-0.00215,-226.13 USD,True
BACKTESTER-001,MLSignalStrategyV2-V2,EUR/USD.IDEALPRO,IDEALPRO-001,O-20250203-214500-001-V2-541,O-20250203-214500-001-V2-542,SELL,FLAT,0.00,100000.00,1738619100000000000,2025-02-03 21:45:00+00:00,1738624200000000000,2025-02-03 23:10:00+00:00,5100000000000.0,1.03383,1.03518,['4.14 USD'],-0.00131,-139.14 USD,True
BACKTESTER-001,MLSignalStrategyV2-V2,EUR/USD.IDEALPRO,IDEALPRO-001,O-20250203-231500-001-V2-544,O-20250203-231500-001-V2-546,SELL,FLAT,0.00,100000.00,1738624500000000000,2025-02-03 23:15:00+00:00,1738627020000000000,2025-02-03 23:57:00+00:00,2520000000000.0,1.03458,1.03279,['4.14 USD'],0.00173,174.86 USD,True
BACKTESTER-001,MLSignalStrategyV2-V2,EUR/USD.IDEALPRO,IDEALPRO-001,O-20250204-000000-001-V2-547,O-20250204-000000-001-V2-548,BUY,FLAT,0.00,100000.00,1738627200000000000,2025-02-04 00:00:00+00:00,1738630080000000000,2025-02-04 00:48:00+00:00,2880000000000.0,1.03281,1.03174,['4.13 USD'],-0.00104,-111.13 USD,True
BACKTESTER-001,MLSignalStrategyV2-V2,EUR/USD.IDEALPRO,IDEALPRO-001,O-20250204-011500-001-V2-550,O-20250204-011500-001-V2-552,BUY,FLAT,0.00,100000.00,1738631700000000000,2025-02-04 01:15:00+00:00,1738638540000000000,2025-02-04 03:09:00+00:00,6840000000000.0,1.0312,1.03241,['4.12 USD'],0.00117,116.88 USD,True
BACKTESTER-001,MLSignalStrategyV2-V2,EUR/USD.IDEALPRO,IDEALPRO-001,O-20250204-050000-001-V2-553,O-20250204-050000-001-V2-554,BUY,FLAT,0.00,100000.00,1738645200000000000,2025-02-04 05:00:00+00:00,1738645320000000000,2025-02-04 05:02:00+00:00,120000000000.0,1.0306,1.03006,['4.12 USD'],-0.00052,-58.12 USD,True
BACKTESTER-001,MLSignalStrategyV2-V2,EUR/USD.IDEALPRO,IDEALPRO-001,O-20250204-051500-001-V2-556,O-20250204-051500-001-V2-558,BUY,FLAT,0.00,100000.00,1738646100000000000,2025-02-04 05:15:00+00:00,1738647180000000000,2025-02-04 05:33:00+00:00,1080000000000.0,1.02794,1.02919,['4.12 USD'],0.00122,120.88 USD,True
BACKTESTER-001,MLSignalStrategyV2-V2,EUR/USD.IDEALPRO,IDEALPRO-001,O-20250204-054500-001-V2-559,O-20250204-054500-001-V2-561,BUY,FLAT,0.00,100000.00,1738647900000000000,2025-02-04 05:45:00+00:00,1738652400000000000,2025-02-04 07:00:00+00:00,4500000000000.0,1.02935,1.03076,['4.12 USD'],0.00137,136.88 USD,True
BACKTESTER-001,MLSignalStrategyV2-V2,EUR/USD.IDEALPRO,IDEALPRO-001,O-20250204-080000-001-V2-562,O-20250204-080000-001-V2-564,BUY,FLAT,0.00,100000.00,1738656000000000000,2025-02-04 08:00:00+00:00,1738657020000000000,2025-02-04 08:17:00+00:00,1020000000000.0,1.03114,1.03235,['4.12 USD'],0.00117,116.88 USD,True
BACKTESTER-001,MLSignalStrategyV2-V2,EUR/USD.IDEALPRO,IDEALPRO-001,O-20250204-083000-001-V2-565,O-20250204-083000-001-V2-567,BUY,FLAT,0.00,100000.00,1738657800000000000,2025-02-04 08:30:00+00:00,1738661040000000000,2025-02-04 09:24:00+00:00,3240000000000.0,1.0332,1.03457,['4.14 USD'],0.00133,132.86 USD,True
BACKTESTER-001,MLSignalStrategyV2-V2,EUR/USD.IDEALPRO,IDEALPRO-001,O-20250204-093000-001-V2-568,O-20250204-093000-001-V2-570,SELL,FLAT,0.00,100000.00,1738661400000000000,2025-02-04 09:30:00+00:00,1738665120000000000,2025-02-04 10:32:00+00:00,3720000000000.0,1.03474,1.03323,['4.14 USD'],0.00146,146.86 USD,True
BACKTESTER-001,MLSignalStrategyV2-V2,EUR/USD.IDEALPRO,IDEALPRO-001,O-20250204-153000-001-V2-571,O-20250204-153000-001-V2-572,SELL,FLAT,0.00,100000.00,1738683000000000000,2025-02-04 15:30:00+00:00,1738683420000000000,2025-02-04 15:37:00+00:00,420000000000.0,1.03708,1.03849,['4.15 USD'],-0.00136,-145.15 USD,True
BACKTESTER-001,MLSignalStrategyV2-V2,EUR/USD.IDEALPRO,IDEALPRO-001,O-20250204-184500-001-V2-574,O-20250204-184500-001-V2-576,SELL,FLAT,0.00,100000.00,1738694700000000000,2025-02-04 18:45:00+00:00,1738713480000000000,2025-02-04 23:58:00+00:00,18780000000000.0,1.03854,1.03722,['4.15 USD'],0.00127,127.85 USD,True
BACKTESTER-001,MLSignalStrategyV2-V2,EUR/USD.IDEALPRO,IDEALPRO-001,O-20250205-030000-001-V2-577,O-20250205-030000-001-V2-579,SELL,FLAT,0.00,100000.00,1738724400000000000,2025-02-05 03:00:00+00:00,1738730520000000000,2025-02-05 04:42:00+00:00,6120000000000.0,1.03845,1.03763,['4.16 USD'],0.00079,77.84 USD,True
BACKTESTER-001,MLSignalStrategyV2-V2,EUR/USD.IDEALPRO,IDEALPRO-001,O-20250205-044500-001-V2-580,O-20250205-044500-001-V2-581,BUY,FLAT,0.00,100000.00,1738730700000000000,2025-02-05 04:45:00+00:00,1738733640000000000,2025-02-05 05:34:00+00:00,2940000000000.0,1.03782,1.03734,['4.15 USD'],-0.00046,-52.15 USD,True
BACKTESTER-001,MLSignalStrategyV2-V2,EUR/USD.IDEALPRO,IDEALPRO-001,O-20250205-054500-001-V2-583,O-20250205-054500-001-V2-585,BUY,FLAT,0.00,100000.00,1738734300000000000,2025-02-05 05:45:00+00:00,1738736100000000000,2025-02-05 06:15:00+00:00,1800000000000.0,1.03745,1.0381,['4.15 USD'],0.00063,60.85 USD,True
BACKTESTER-001,MLSignalStrategyV2-V2,EUR/USD.IDEALPRO,IDEALPRO-001,O-20250205-080000-001-V2-586,O-20250205-080000-001-V2-587,BUY,FLAT,0.00,100000.00,1738742400000000000,2025-02-05 08:00:00+00:00,1738743780000000000,2025-02-05 08:23:00+00:00,1380000000000.0,1.04027,1.03933,['4.16 USD'],-0.0009,-98.16 USD,True
BACKTESTER-001,MLSignalStrategyV2-V2,EUR/USD.IDEALPRO,IDEALPRO-001,O-20250205-110000-001-V2-589,O-20250205-110000-001-V2-591,SELL,FLAT,0.00,100000.00,1738753200000000000,2025-02-05 11:00:00+00:00,1738756920000000000,2025-02-05 12:02:00+00:00,3720000000000.0,1.04252,1.0411,['4.17 USD'],0.00136,137.83 USD,True
BACKTESTER-001,MLSignalStrategyV2-V2,EUR/USD.IDEALPRO,IDEALPRO-001,O-20250205-123000-001-V2-592,O-20250205-123000-001-V2-593,SELL,FLAT,0.00,100000.00,1738758600000000000,2025-02-05 12:30:00+00:00,1738761060000000000,2025-02-05 13:11:00+00:00,2460000000000.0,1.04154,1.04236,['4.16 USD'],-0.00079,-86.16 USD,True
BACKTESTER-001,MLSignalStrategyV2-V2,EUR/USD.IDEALPRO,IDEALPRO-001,O-20250205-153000-001-V2-595,O-20250205-153000-001-V2-597,SELL,FLAT,0.00,100000.00,1738769400000000000,2025-02-05 15:30:00+00:00,1738786020000000000,2025-02-05 20:07:00+00:00,16620000000000.0,1.04204,1.04028,['4.16 USD'],0.00169,171.84 USD,True
BACKTESTER-001,MLSignalStrategyV2-V2,EUR/USD.IDEALPRO,IDEALPRO-001,O-20250205-214500-001-V2-598,O-20250205-214500-001-V2-599,BUY,FLAT,0.00,100000.00,1738791900000000000,2025-02-05 21:45:00+00:00,1738808880000000000,2025-02-06 02:28:00+00:00,16980000000000.0,1.03987,1.03936,['4.16 USD'],-0.00049,-55.16 USD,True
BACKTESTER-001,MLSignalStrategyV2-V2,EUR/USD.IDEALPRO,IDEALPRO-001,O-20250206-041500-001-V2-601,O-20250206-041500-001-V2-602,BUY,FLAT,0.00,100000.00,1738815300000000000,2025-02-06 04:15:00+00:00,1738816800000000000,2025-02-06 04:40:00+00:00,1500000000000.0,1.03923,1.0388,['4.16 USD'],-0.00041,-47.16 USD,True
BACKTESTER-001,MLSignalStrategyV2-V2,EUR/USD.IDEALPRO,IDEALPRO-001,O-20250206-044500-001-V2-604,O-20250206-044500-001-V2-605,BUY,FLAT,0.00,100000.00,1738817100000000000,2025-02-06 04:45:00+00:00,1738826160000000000,2025-02-06 07:16:00+00:00,9060000000000.0,1.03882,1.03844,['4.16 USD'],-0.00037,-42.16 USD,True
BACKTESTER-001,MLSignalStrategyV2-V2,EUR/USD.IDEALPRO,IDEALPRO-001,O-20250206-100000-001-V2-607,O-20250206-100000-001-V2-609,BUY,FLAT,0.00,100000.00,1738836000000000000,2025-02-06 10:00:00+00:00,1738852560000000000,2025-02-06 14:36:00+00:00,16560000000000.0,1.03594,1.03709,['4.14 USD'],0.00111,110.86 USD,True
BACKTESTER-001,MLSignalStrategyV2-V2,EUR/USD.IDEALPRO,IDEALPRO-001,O-20250206-220000-001-V2-610,O-20250206-220000-001-V2-612,BUY,FLAT,0.00,100000.00,1738879200000000000,2025-02-06 22:00:00+00:00,1738886580000000000,2025-02-07 00:03:00+00:00,7380000000000.0,1.03834,1.03904,['4.16 USD'],0.00067,65.84 USD,True
BACKTESTER-001,MLSignalStrategyV2-V2,EUR/USD.IDEALPRO,IDEALPRO-001,O-20250207-001500-001-V2-613,O-20250207-001500-001-V2-615,SELL,FLAT,0.00,100000.00,1738887300000000000,2025-02-07 00:15:00+00:00,1738887660000000000,2025-02-07 00:21:00+00:00,360000000000.0,1.03875,1.0383,['4.16 USD'],0.00043,40.84 USD,True
BACKTESTER-001,MLSignalStrategyV2-V2,EUR/USD.IDEALPRO,IDEALPRO-001,O-20250207-041500-001-V2-616,O-20250207-041500-001-V2-618,BUY,FLAT,0.00,100000.00,1738901700000000000,2025-02-07 04:15:00+00:00,1738902840000000000,2025-02-07 04:34:00+00:00,1140000000000.0,1.0377,1.03835,['4.16 USD'],0.00063,60.84 USD,True
BACKTESTER-001,MLSignalStrategyV2-V2,EUR/USD.IDEALPRO,IDEALPRO-001,O-20250207-080000-001-V2-619,O-20250207-080000-001-V2-621,BUY,FLAT,0.00,100000.00,1738915200000000000,2025-02-07 08:00:00+00:00,1738917060000000000,2025-02-07 08:31:00+00:00,1860000000000.0,1.03894,1.03974,['4.16 USD'],0.00077,75.84 USD,True
BACKTESTER-001,MLSignalStrategyV2-V2,EUR/USD.IDEALPRO,IDEALPRO-001,O-20250207-084500-001-V2-622,O-20250207-084500-001-V2-624,SELL,FLAT,0.00,100000.00,1738917900000000000,2025-02-07 08:45:00+00:00,1738920660000000000,2025-02-07 09:31:00+00:00,2760000000000.0,1.03984,1.03901,['4.16 USD'],0.0008,78.84 USD,True
BACKTESTER-001,MLSignalStrategyV2-V2,EUR/USD.IDEALPRO,IDEALPRO-001,O-20250207-103000-001-V2-625,O-20250207-103000-001-V2-626,BUY,FLAT,0.00,100000.00,1738924200000000000,2025-02-07 10:30:00+00:00,1738925220000000000,2025-02-07 10:47:00+00:00,1020000000000.0,1.0388,1.03808,['4.16 USD'],-0.00069,-76.16 USD,True
BACKTESTER-001,MLSignalStrategyV2-V2,EUR/USD.IDEALPRO,IDEALPRO-001,O-20250207-170000-001-V2-628,O-20250207-170000-001-V2-629,SELL,FLAT,0.00,100000.00,1738947600000000000,2025-02-07 17:00:00+00:00,1738948140000000000,2025-02-07 17:09:00+00:00,540000000000.0,1.03278,1.03608,['4.14 USD'],-0.0032,-334.14 USD,True
BACKTESTER-001,MLSignalStrategyV2-V2,EUR/USD.IDEALPRO,IDEALPRO-001,O-20250207-171500-001-V2-631,O-20250207-171500-001-V2-632,BUY,FLAT,0.00,100000.00,1738948500000000000,2025-02-07 17:15:00+00:00,1738948740000000000,2025-02-07 17:19:00+00:00,240000000000.0,1.03429,1.03052,['4.13 USD'],-0.00365,-381.13 USD,True
BACKTESTER-001,MLSignalStrategyV2-V2,EUR/USD.IDEALPRO,IDEALPRO-001,O-20250207-173000-001-V2-634,O-20250207-173000-001-V2-635,BUY,FLAT,0.00,100000.00,1738949400000000000,2025-02-07 17:30:00+00:00,1739139360000000000,2025-02-09 22:16:00+00:00,189960000000000.0,1.03202,1.02967,['4.12 USD'],-0.00228,-239.12 USD,True
BACKTESTER-001,MLSignalStrategyV2-V2,EUR/USD.IDEALPRO,IDEALPRO-001,O-20250209-223000-001-V2-637,O-20250209-223000-001-V2-639,BUY,FLAT,0.00,100000.00,1739140200000000000,2025-02-09 22:30:00+00:00,1739142960000000000,2025-02-09 23:16:00+00:00,2760000000000.0,1.02959,1.03102,['4.12 USD'],0.00139,138.88 USD,True
BACKTESTER-001,MLSignalStrategyV2-V2,EUR/USD.IDEALPRO,IDEALPRO-001,O-20250209-233000-001-V2-640,O-20250209-233000-001-V2-641,BUY,FLAT,0.00,100000.00,1739143800000000000,2025-02-09 23:30:00+00:00,1739156100000000000,2025-02-10 02:55:00+00:00,12300000000000.0,1.03092,1.0299,['4.12 USD'],-0.00099,-106.12 USD,True
BACKTESTER-001,MLSignalStrategyV2-V2,EUR/USD.IDEALPRO,IDEALPRO-001,O-20250210-030000-001-V2-643,O-20250210-030000-001-V2-645,BUY,FLAT,0.00,100000.00,1739156400000000000,2025-02-10 03:00:00+00:00,1739157660000000000,2025-02-10 03:21:00+00:00,1260000000000.0,1.02998,1.03075,['4.12 USD'],0.00075,72.88 USD,True
BACKTESTER-001,MLSignalStrategyV2-V2,EUR/USD.IDEALPRO,IDEALPRO-001,O-20250210-063000-001-V2-646,O-20250210-063000-001-V2-648,BUY,FLAT,0.00,100000.00,1739169000000000000,2025-02-10 06:30:00+00:00,1739170860000000000,2025-02-10 07:01:00+00:00,1860000000000.0,1.03144,1.03217,['4.12 USD'],0.00071,68.88 USD,True
BACKTESTER-001,MLSignalStrategyV2-V2,EUR/USD.IDEALPRO,IDEALPRO-001,O-20250210-073000-001-V2-649,O-20250210-073000-001-V2-650,SELL,FLAT,0.00,100000.00,1739172600000000000,2025-02-10 07:30:00+00:00,1739176140000000000,2025-02-10 08:29:00+00:00,3540000000000.0,1.03123,1.03192,['4.12 USD'],-0.00067,-73.12 USD,True
BACKTESTER-001,MLSignalStrategyV2-V2,EUR/USD.IDEALPRO,IDEALPRO-001,O-20250210-093000-001-V2-652,O-20250210-093000-001-V2-653,BUY,FLAT,0.00,100000.00,1739179800000000000,2025-02-10 09:30:00+00:00,1739188680000000000,2025-02-10 11:58:00+00:00,8880000000000.0,1.03303,1.03231,['4.13 USD'],-0.0007,-76.13 USD,True
BACKTESTER-001,MLSignalStrategyV2-V2,EUR/USD.IDEALPRO,IDEALPRO-001,O-20250210-180000-001-V2-655,O-20250210-180000-001-V2-656,BUY,FLAT,0.00,100000.00,1739210400000000000,2025-02-10 18:00:00+00:00,1739213640000000000,2025-02-10 18:54:00+00:00,3240000000000.0,1.03125,1.03069,['4.12 USD'],-0.00054,-60.12 USD,True
BACKTESTER-001,MLSignalStrategyV2-V2,EUR/USD.IDEALPRO,IDEALPRO-001,O-20250210-201500-001-V2-658,O-20250210-201500-001-V2-659,BUY,FLAT,0.00,100000.00,1739218500000000000,2025-02-10 20:15:00+00:00,1739229360000000000,2025-02-10 23:16:00+00:00,10860000000000.0,1.03072,1.03019,['4.12 USD'],-0.00051,-57.12 USD,True
BACKTESTER-001,MLSignalStrategyV2-V2,EUR/USD.IDEALPRO,IDEALPRO-001,O-20250210-233000-001-V2-661,O-20250210-233000-001-V2-663,BUY,FLAT,0.00,100000.00,1739230200000000000,2025-02-10 23:30:00+00:00,1739233860000000000,2025-02-11 00:31:00+00:00,3660000000000.0,1.03001,1.03052,['4.12 USD'],0.0005,46.88 USD,True
BACKTESTER-001,MLSignalStrategyV2-V2,EUR/USD.IDEALPRO,IDEALPRO-001,O-20250211-010000-001-V2-664,O-20250211-010000-001-V2-666,SELL,FLAT,0.00,100000.00,1739235600000000000,2025-02-11 01:00:00+00:00,1739240040000000000,2025-02-11 02:14:00+00:00,4440000000000.0,1.03048,1.02999,['4.12 USD'],0.00048,44.88 USD,True
BACKTESTER-001,MLSignalStrategyV2-V2,EUR/USD.IDEALPRO,IDEALPRO-001,O-20250211-024500-001-V2-667,O-20250211-024500-001-V2-668,BUY,FLAT,0.00,100000.00,1739241900000000000,2025-02-11 02:45:00+00:00,1739242620000000000,2025-02-11 02:57:00+00:00,720000000000.0,1.02967,1.02932,['4.12 USD'],-0.00034,-39.12 USD,True
BACKTESTER-001,MLSignalStrategyV2-V2,EUR/USD.IDEALPRO,IDEALPRO-001,O-20250211-031500-001-V2-670,O-20250211-031500-001-V2-671,SELL,FLAT,0.00,100000.00,1739243700000000000,2025-02-11 03:15:00+00:00,1739244420000000000,2025-02-11 03:27:00+00:00,720000000000.0,1.02932,1.02966,['4.12 USD'],-0.00033,-38.12 USD,True
BACKTESTER-001,MLSignalStrategyV2-V2,EUR/USD.IDEALPRO,IDEALPRO-001,O-20250211-090000-001-V2-673,O-20250211-090000-001-V2-674,SELL,FLAT,0.00,100000.00,1739264400000000000,2025-02-11 09:00:00+00:00,1739269020000000000,2025-02-11 10:17:00+00:00,4620000000000.0,1.03182,1.03239,['4.12 USD'],-0.00055,-61.12 USD,True
BACKTESTER-001,MLSignalStrategyV2-V2,EUR/USD.IDEALPRO,IDEALPRO-001,O-20250211-113000-001-V2-676,O-20250211-113000-001-V2-677,SELL,FLAT,0.00,100000.00,1739273400000000000,2025-02-11 11:30:00+00:00,1739275200000000000,2025-02-11 12:00:00+00:00,1800000000000.0,1.03171,1.0323,['4.12 USD'],-0.00057,-63.12 USD,True
BACKTESTER-001,MLSignalStrategyV2-V2,EUR/USD.IDEALPRO,IDEALPRO-001,O-20250211-171500-001-V2-679,O-20250211-171500-001-V2-681,BUY,FLAT,0.00,100000.00,1739294100000000000,2025-02-11 17:15:00+00:00,1739302800000000000,2025-02-11 19:40:00+00:00,8700000000000.0,1.03454,1.03621,['4.14 USD'],0.00161,162.86 USD,True
BACKTESTER-001,MLSignalStrategyV2-V2,EUR/USD.IDEALPRO,IDEALPRO-001,O-20250211-210000-001-V2-682,O-20250211-210000-001-V2-683,SELL,FLAT,0.00,100000.00,1739307600000000000,2025-02-11 21:00:00+00:00,1739346720000000000,2025-02-12 07:52:00+00:00,39120000000000.0,1.03628,1.0372,['4.14 USD'],-0.00089,-96.14 USD,True
BACKTESTER-001,MLSignalStrategyV2-V2,EUR/USD.IDEALPRO,IDEALPRO-001,O-20250212-080000-001-V2-685,O-20250212-080000-001-V2-687,SELL,FLAT,0.00,100000.00,1739347200000000000,2025-02-12 08:00:00+00:00,1739350680000000000,2025-02-12 08:58:00+00:00,3480000000000.0,1.03761,1.03683,['4.15 USD'],0.00075,73.85 USD,True
BACKTESTER-001,MLSignalStrategyV2-V2,EUR/USD.IDEALPRO,IDEALPRO-001,O-20250212-091500-001-V2-688,O-20250212-091500-001-V2-690,BUY,FLAT,0.00,100000.00,1739351700000000000,2025-02-12 09:15:00+00:00,1739354940000000000,2025-02-12 10:09:00+00:00,3240000000000.0,1.0368,1.03774,['4.15 USD'],0.00091,89.85 USD,True
BACKTESTER-001,MLSignalStrategyV2-V2,EUR/USD.IDEALPRO,IDEALPRO-001,O-20250212-150000-001-V2-691,O-20250212-150000-001-V2-692,BUY,FLAT,0.00,100000.00,1739372400000000000,2025-02-12 15:00:00+00:00,1739373540000000000,2025-02-12 15:19:00+00:00,1140000000000.0,1.03504,1.03381,['4.14 USD'],-0.00119,-127.14 USD,True
BACKTESTER-001,MLSignalStrategyV2-V2,EUR/USD.IDEALPRO,IDEALPRO-001,O-20250212-170000-001-V2-694,O-20250212-170000-001-V2-695,SELL,FLAT,0.00,100000.00,1739379600000000000,2025-02-12 17:00:00+00:00,1739380440000000000,2025-02-12 17:14:00+00:00,840000000000.0,1.03913,1.04167,['4.16 USD'],-0.00244,-258.16 USD,True
BACKTESTER-001,MLSignalStrategyV2-V2,EUR/USD.IDEALPRO,IDEALPRO-001,O-20250212-171500-001-V2-697,O-20250212-171500-001-V2-698,SELL,FLAT,0.00,100000.00,1739380500000000000,2025-02-12 17:15:00+00:00,1739383260000000000,2025-02-12 18:01:00+00:00,2760000000000.0,1.0411,1.04299,['4.17 USD'],-0.00182,-193.17 USD,True
BACKTESTER-001,MLSignalStrategyV2-V2,EUR/USD.IDEALPRO,IDEALPRO-001,O-20250213-000000-001-V2-700,O-20250213-000000-001-V2-702,BUY,FLAT,0.00,100000.00,1739404800000000000,2025-02-13 00:00:00+00:00,1739407440000000000,2025-02-13 00:44:00+00:00,2640000000000.0,1.03923,1.04005,['4.16 USD'],0.00079,77.84 USD,True
BACKTESTER-001,MLSignalStrategyV2-V2,EUR/USD.IDEALPRO,IDEALPRO-001,O-20250213-010000-001-V2-703,O-20250213-010000-001-V2-705,BUY,FLAT,0.00,100000.00,1739408400000000000,2025-02-13 01:00:00+00:00,1739411220000000000,2025-02-13 01:47:00+00:00,2820000000000.0,1.03897,1.04001,['4.16 USD'],0.001,99.84 USD,True
BACKTESTER-001,MLSignalStrategyV2-V2,EUR/USD.IDEALPRO,IDEALPRO-001,O-20250213-040000-001-V2-706,O-20250213-040000-001-V2-708,BUY,FLAT,0.00,100000.00,1739419200000000000,2025-02-13 04:00:00+00:00,1739419620000000000,2025-02-13 04:07:00+00:00,420000000000.0,1.04192,1.04278,['4.17 USD'],0.00083,81.83 USD,True
BACKTESTER-001,MLSignalStrategyV2-V2,EUR/USD.IDEALPRO,IDEALPRO-001,O-20250213-130000-001-V2-709,O-20250213-130000-001-V2-710,BUY,FLAT,0.00,100000.00,1739451600000000000,2025-02-13 13:00:00+00:00,1739453460000000000,2025-02-13 13:31:00+00:00,1860000000000.0,1.039,1.03753,['4.16 USD'],-0.00141,-151.16 USD,True
BACKTESTER-001,MLSignalStrategyV2-V2,EUR/USD.IDEALPRO,IDEALPRO-001,O-20250213-134500-001-V2-712,O-20250213-134500-001-V2-713,BUY,FLAT,0.00,100000.00,1739454300000000000,2025-02-13 13:45:00+00:00,1739455500000000000,2025-02-13 14:05:00+00:00,1200000000000.0,1.03994,1.03866,['4.16 USD'],-0.00123,-132.16 USD,True
BACKTESTER-001,MLSignalStrategyV2-V2,EUR/USD.IDEALPRO,IDEALPRO-001,O-20250213-141500-001-V2-715,O-20250213-141500-001-V2-717,BUY,FLAT,0.00,100000.00,1739456100000000000,2025-02-13 14:15:00+00:00,1739458980000000000,2025-02-13 15:03:00+00:00,2880000000000.0,1.03885,1.04154,['4.16 USD'],0.00259,264.84 USD,True
BACKTESTER-001,MLSignalStrategyV2-V2,EUR/USD.IDEALPRO,IDEALPRO-001,O-20250213-160000-001-V2-718,O-20250213-160000-001-V2-720,SELL,FLAT,0.00,100000.00,1739462400000000000,2025-02-13 16:00:00+00:00,1739472060000000000,2025-02-13 18:41:00+00:00,9660000000000.0,1.04334,1.04051,['4.17 USD'],0.00271,278.83 USD,True
BACKTESTER-001,MLSignalStrategyV2-V2,EUR/USD.IDEALPRO,IDEALPRO-001,O-20250213-191500-001-V2-721,O-20250213-191500-001-V2-723,BUY,FLAT,0.00,100000.00,1739474100000000000,2025-02-13 19:15:00+00:00,1739478300000000000,2025-02-13 20:25:00+00:00,4200000000000.0,1.04302,1.04597,['4.18 USD'],0.00283,290.82 USD,True
BACKTESTER-001,MLSignalStrategyV2-V2,EUR/USD.IDEALPRO,IDEALPRO-001,O-20250213-224500-001-V2-724,O-20250213-224500-001-V2-725,BUY,FLAT,0.00,100000.00,1739486700000000000,2025-02-13 22:45:00+00:00,1739489820000000000,2025-02-13 23:37:00+00:00,3120000000000.0,1.04676,1.04595,['4.18 USD'],-0.00077,-85.18 USD,True
BACKTESTER-001,MLSignalStrategyV2-V2,EUR/USD.IDEALPRO,IDEALPRO-001,O-20250214-000000-001-V2-727,O-20250214-000000-001-V2-728,BUY,FLAT,0.00,100000.00,1739491200000000000,2025-02-14 00:00:00+00:00,1739502240000000000,2025-02-14 03:04:00+00:00,11040000000000.0,1.04619,1.0455,['4.18 USD'],-0.00066,-73.18 USD,True
BACKTESTER-001,MLSignalStrategyV2-V2,EUR/USD.IDEALPRO,IDEALPRO-001,O-20250214-031500-001-V2-730,O-20250214-031500-001-V2-731,SELL,FLAT,0.00,100000.00,1739502900000000000,2025-02-14 03:15:00+00:00,1739504100000000000,2025-02-14 03:35:00+00:00,1200000000000.0,1.04564,1.04612,['4.18 USD'],-0.00046,-52.18 USD,True
BACKTESTER-001,MLSignalStrategyV2-V2,EUR/USD.IDEALPRO,IDEALPRO-001,O-20250214-034500-001-V2-733,O-20250214-034500-001-V2-734,SELL,FLAT,0.00,100000.00,1739504700000000000,2025-02-14 03:45:00+00:00,1739506260000000000,2025-02-14 04:11:00+00:00,1560000000000.0,1.04573,1.04625,['4.18 USD'],-0.0005,-56.18 USD,True
BACKTESTER-001,MLSignalStrategyV2-V2,EUR/USD.IDEALPRO,IDEALPRO-001,O-20250214-041500-001-V2-736,O-20250214-041500-001-V2-738,SELL,FLAT,0.00,100000.00,1739506500000000000,2025-02-14 04:15:00+00:00,1739508240000000000,2025-02-14 04:44:00+00:00,1740000000000.0,1.04621,1.04562,['4.18 USD'],0.00056,54.82 USD,True
BACKTESTER-001,MLSignalStrategyV2-V2,EUR/USD.IDEALPRO,IDEALPRO-001,O-20250214-050000-001-V2-739,O-20250214-050000-001-V2-740,BUY,FLAT,0.00,100000.00,1739509200000000000,2025-02-14 05:00:00+00:00,1739509980000000000,2025-02-14 05:13:00+00:00,780000000000.0,1.04551,1.04508,['4.18 USD'],-0.00041,-47.18 USD,True
BACKTESTER-001,MLSignalStrategyV2-V2,EUR/USD.IDEALPRO,IDEALPRO-001,O-20250214-051500-001-V2-742,O-20250214-051500-001-V2-744,BUY,FLAT,0.00,100000.00,1739510100000000000,2025-02-14 05:15:00+00:00,1739514180000000000,2025-02-14 06:23:00+00:00,4080000000000.0,1.04513,1.04574,['4.18 USD'],0.00058,56.82 USD,True
BACKTESTER-001,MLSignalStrategyV2-V2,EUR/USD.IDEALPRO,IDEALPRO-001,O-20250214-063000-001-V2-745,O-20250214-063000-001-V2-747,BUY,FLAT,0.00,100000.00,1739514600000000000,2025-02-14 06:30:00+00:00,1739516640000000000,2025-02-14 07:04:00+00:00,2040000000000.0,1.04558,1.0462,['4.18 USD'],0.00059,57.82 USD,True
BACKTESTER-001,MLSignalStrategyV2-V2,EUR/USD.IDEALPRO,IDEALPRO-001,O-20250214-084500-001-V2-748,O-20250214-084500-001-V2-750,SELL,FLAT,0.00,100000.00,1739522700000000000,2025-02-14 08:45:00+00:00,1739523480000000000,2025-02-14 08:58:00+00:00,780000000000.0,1.04857,1.04741,['4.19 USD'],0.00111,111.81 USD,True
BACKTESTER-001,MLSignalStrategyV2-V2,EUR/USD.IDEALPRO,IDEALPRO-001,O-20250214-160000-001-V2-751,O-20250214-160000-001-V2-753,SELL,FLAT,0.00,100000.00,1739548800000000000,2025-02-14 16:00:00+00:00,1739566740000000000,2025-02-14 20:59:00+00:00,17940000000000.0,1.05084,1.04913,['4.20 USD'],0.00163,166.80 USD,True
BACKTESTER-001,MLSignalStrategyV2-V2,EUR/USD.IDEALPRO,IDEALPRO-001,O-20250214-210000-001-V2-754,O-20250214-210000-001-V2-755,BUY,FLAT,0.00,100000.00,1739566800000000000,2025-02-14 21:00:00+00:00,1739744160000000000,2025-02-16 22:16:00+00:00,177360000000000.0,1.04922,1.04869,['4.20 USD'],-0.00051,-57.20 USD,True
BACKTESTER-001,MLSignalStrategyV2-V2,EUR/USD.IDEALPRO,IDEALPRO-001,O-20250216-223000-001-V2-757,O-20250216-223000-001-V2-759,BUY,FLAT,0.00,100000.00,1739745000000000000,2025-02-16 22:30:00+00:00,1739747700000000000,2025-02-16 23:15:00+00:00,2700000000000.0,1.04869,1.04937,['4.20 USD'],0.00065,63.80 USD,True
BACKTESTER-001,MLSignalStrategyV2-V2,EUR/USD.IDEALPRO,IDEALPRO-001,O-20250216-231500-001-V2-760,O-20250216-231500-001-V2-761,BUY,FLAT,0.00,100000.00,1739747700000000000,2025-02-16 23:15:00+00:00,1739748180000000000,2025-02-16 23:23:00+00:00,480000000000.0,1.04924,1.04864,['4.20 USD'],-0.00057,-64.20 USD,True
BACKTESTER-001,MLSignalStrategyV2-V2,EUR/USD.IDEALPRO,IDEALPRO-001,O-20250216-233000-001-V2-763,O-20250216-233000-001-V2-765,BUY,FLAT,0.00,100000.00,1739748600000000000,2025-02-16 23:30:00+00:00,1739753760000000000,2025-02-17 00:56:00+00:00,5160000000000.0,1.04866,1.04932,['4.20 USD'],0.00063,61.80 USD,True
BACKTESTER-001,MLSignalStrategyV2-V2,EUR/USD.IDEALPRO,IDEALPRO-001,O-20250217-030000-001-V2-766,O-20250217-030000-001-V2-768,SELL,FLAT,0.00,100000.00,1739761200000000000,2025-02-17 03:00:00+00:00,1739764920000000000,2025-02-17 04:02:00+00:00,3720000000000.0,1.05013,1.04942,['4.20 USD'],0.00068,66.80 USD,True
BACKTESTER-001,MLSignalStrategyV2-V2,EUR/USD.IDEALPRO,IDEALPRO-001,O-20250217-081500-001-V2-769,O-20250217-081500-001-V2-770,BUY,FLAT,0.00,100000.00,1739780100000000000,2025-02-17 08:15:00+00:00,1739780880000000000,2025-02-17 08:28:00+00:00,780000000000.0,1.04813,1.0473,['4.19 USD'],-0.00079,-87.19 USD,True
BACKTESTER-001,MLSignalStrategyV2-V2,EUR/USD.IDEALPRO,IDEALPRO-001,O-20250217-133000-001-V2-772,O-20250217-133000-001-V2-773,SELL,FLAT,0.00,100000.00,1739799000000000000,2025-02-17 13:30:00+00:00,1739800020000000000,2025-02-17 13:47:00+00:00,1020000000000.0,1.04688,1.04749,['4.18 USD'],-0.00058,-65.18 USD,True
BACKTESTER-001,MLSignalStrategyV2-V2,EUR/USD.IDEALPRO,IDEALPRO-001,O-20250217-151500-001-V2-775,O-20250217-151500-001-V2-776,BUY,FLAT,0.00,100000.00,1739805300000000000,2025-02-17 15:15:00+00:00,1739807580000000000,2025-02-17 15:53:00+00:00,2280000000000.0,1.04826,1.04768,['4.20 USD'],-0.00055,-62.20 USD,True
BACKTESTER-001,MLSignalStrategyV2-V2,EUR/USD.IDEALPRO,IDEALPRO-001,O-20250217-181500-001-V2-778,O-20250217-181500-001-V2-780,BUY,FLAT,0.00,100000.00,1739816100000000000,2025-02-17 18:15:00+00:00,1739836860000000000,2025-02-18 00:01:00+00:00,20760000000000.0,1.04799,1.04859,['4.20 USD'],0.00057,55.80 USD,True
BACKTESTER-001,MLSignalStrategyV2-V2,EUR/USD.IDEALPRO,IDEALPRO-001,O-20250218-021500-001-V2-781,O-20250218-021500-001-V2-783,SELL,FLAT,0.00,100000.00,1739844900000000000,2025-02-18 02:15:00+00:00,1739851320000000000,2025-02-18 04:02:00+00:00,6420000000000.0,1.04684,1.04607,['4.18 USD'],0.00074,72.82 USD,True
BACKTESTER-001,MLSignalStrategyV2-V2,EUR/USD.IDEALPRO,IDEALPRO-001,O-20250218-053000-001-V2-784,O-20250218-053000-001-V2-786,BUY,FLAT,0.00,100000.00,1739856600000000000,2025-02-18 05:30:00+00:00,1739861460000000000,2025-02-18 06:51:00+00:00,4860000000000.0,1.04548,1.04608,['4.18 USD'],0.00057,55.82 USD,True
BACKTESTER-001,MLSignalStrategyV2-V2,EUR/USD.IDEALPRO,IDEALPRO-001,O-20250218-123000-001-V2-787,O-20250218-123000-001-V2-788,BUY,FLAT,0.00,100000.00,1739881800000000000,2025-02-18 12:30:00+00:00,1739884200000000000,2025-02-18 13:10:00+00:00,2400000000000.0,1.04541,1.04469,['4.18 USD'],-0.00069,-76.18 USD,True
BACKTESTER-001,MLSignalStrategyV2-V2,EUR/USD.IDEALPRO,IDEALPRO-001,O-20250218-131500-001-V2-790,O-20250218-131500-001-V2-791,BUY,FLAT,0.00,100000.00,1739884500000000000,2025-02-18 13:15:00+00:00,1739887020000000000,2025-02-18 13:57:00+00:00,2520000000000.0,1.04496,1.04427,['4.18 USD'],-0.00066,-73.18 USD,True
BACKTESTER-001,MLSignalStrategyV2-V2,EUR/USD.IDEALPRO,IDEALPRO-001,O-20250218-211500-001-V2-793,O-20250218-211500-001-V2-794,BUY,FLAT,0.00,100000.00,1739913300000000000,2025-02-18 21:15:00+00:00,1739923980000000000,2025-02-19 00:13:00+00:00,10680000000000.0,1.04493,1.04439,['4.18 USD'],-0.00052,-58.18 USD,True
BACKTESTER-001,MLSignalStrategyV2-V2,EUR/USD.IDEALPRO,IDEALPRO-001,O-20250219-094500-001-V2-796,O-20250219-094500-001-V2-797,BUY,FLAT,0.00,100000.00,1739958300000000000,2025-02-19 09:45:00+00:00,1739959140000000000,2025-02-19 09:59:00+00:00,840000000000.0,1.04349,1.04283,['4.18 USD'],-0.00063,-70.18 USD,True
BACKTESTER-001,MLSignalStrategyV2-V2,EUR/USD.IDEALPRO,IDEALPRO-001,O-20250219-111500-001-V2-799,O-20250219-111500-001-V2-801,SELL,FLAT,0.00,100000.00,1739963700000000000,2025-02-19 11:15:00+00:00,1739965920000000000,2025-02-19 11:52:00+00:00,2220000000000.0,1.04307,1.04205,['4.17 USD'],0.00098,97.83 USD,True
BACKTESTER-001,MLSignalStrategyV2-V2,EUR/USD.IDEALPRO,IDEALPRO-001,O-20250219-170000-001-V2-802,O-20250219-170000-001-V2-804,BUY,FLAT,0.00,100000.00,1739984400000000000,2025-02-19 17:00:00+00:00,1739990160000000000,2025-02-19 18:36:00+00:00,5760000000000.0,1.04046,1.0418,['4.16 USD'],0.00129,129.84 USD,True
BACKTESTER-001,MLSignalStrategyV2-V2,EUR/USD.IDEALPRO,IDEALPRO-001,O-20250219-223000-001-V2-805,O-20250219-223000-001-V2-806,BUY,FLAT,0.00,100000.00,1740004200000000000,2025-02-19 22:30:00+00:00,1740008220000000000,2025-02-19 23:37:00+00:00,4020000000000.0,1.04254,1.04211,['4.17 USD'],-0.00041,-47.17 USD,True
BACKTESTER-001,MLSignalStrategyV2-V2,EUR/USD.IDEALPRO,IDEALPRO-001,O-20250220-040000-001-V2-808,O-20250220-040000-001-V2-809,SELL,FLAT,0.00,100000.00,1740024000000000000,2025-02-20 04:00:00+00:00,1740038760000000000,2025-02-20 08:06:00+00:00,14760000000000.0,1.04312,1.04388,['4.18 USD'],-0.00073,-80.18 USD,True
BACKTESTER-001,MLSignalStrategyV2-V2,EUR/USD.IDEALPRO,IDEALPRO-001,O-20250220-131500-001-V2-811,O-20250220-131500-001-V2-813,BUY,FLAT,0.00,100000.00,1740057300000000000,2025-02-20 13:15:00+00:00,1740058560000000000,2025-02-20 13:36:00+00:00,1260000000000.0,1.04444,1.04547,['4.18 USD'],0.00099,98.82 USD,True
BACKTESTER-001,MLSignalStrategyV2-V2,EUR/USD.IDEALPRO,IDEALPRO-001,O-20250220-134500-001-V2-814,O-20250220-134500-001-V2-816,BUY,FLAT,0.00,100000.00,1740059100000000000,2025-02-20 13:45:00+00:00,1740062160000000000,2025-02-20 14:36:00+00:00,3060000000000.0,1.04478,1.04587,['4.18 USD'],0.00104,104.82 USD,True
BACKTESTER-001,MLSignalStrategyV2-V2,EUR/USD.IDEALPRO,IDEALPRO-001,O-20250220-151500-001-V2-817,O-20250220-151500-001-V2-819,BUY,FLAT,0.00,100000.00,1740064500000000000,2025-02-20 15:15:00+00:00,1740066000000000000,2025-02-20 15:40:00+00:00,1500000000000.0,1.04553,1.04692,['4.18 USD'],0.00133,134.82 USD,True
BACKTESTER-001,MLSignalStrategyV2-V2,EUR/USD.IDEALPRO,IDEALPRO-001,O-20250220-191500-001-V2-820,O-20250220-191500-001-V2-821,BUY,FLAT,0.00,100000.00,1740078900000000000,2025-02-20 19:15:00+00:00,1740099660000000000,2025-02-21 01:01:00+00:00,20760000000000.0,1.04966,1.0489,['4.20 USD'],-0.00072,-80.20 USD,True
BACKTESTER-001,MLSignalStrategyV2-V2,EUR/USD.IDEALPRO,IDEALPRO-001,O-20250221-020000-001-V2-823,O-20250221-020000-001-V2-824,SELL,FLAT,0.00,100000.00,1740103200000000000,2025-02-21 02:00:00+00:00,1740103800000000000,2025-02-21 02:10:00+00:00,600000000000.0,1.04867,1.0492,['4.20 USD'],-0.00051,-57.20 USD,True
BACKTESTER-001,MLSignalStrategyV2-V2,EUR/USD.IDEALPRO,IDEALPRO-001,O-20250221-021500-001-V2-826,O-20250221-021500-001-V2-828,BUY,FLAT,0.00,100000.00,1740104100000000000,2025-02-21 02:15:00+00:00,1740107460000000000,2025-02-21 03:11:00+00:00,3360000000000.0,1.04962,1.05036,['4.20 USD'],0.00071,69.80 USD,True
BACKTESTER-001,MLSignalStrategyV2-V2,EUR/USD.IDEALPRO,IDEALPRO-001,O-20250221-034500-001-V2-829,O-20250221-034500-001-V2-831,SELL,FLAT,0.00,100000.00,1740109500000000000,2025-02-21 03:45:00+00:00,1740116640000000000,2025-02-21 05:44:00+00:00,7140000000000.0,1.05014,1.04943,['4.20 USD'],0.00068,66.80 USD,True
BACKTESTER-001,MLSignalStrategyV2-V2,EUR/USD.IDEALPRO,IDEALPRO-001,O-20250221-054500-001-V2-832,O-20250221-054500-001-V2-834,SELL,FLAT,0.00,100000.00,1740116700000000000,2025-02-21 05:45:00+00:00,1740119100000000000,2025-02-21 06:25:00+00:00,2400000000000.0,1.04947,1.04889,['4.20 USD'],0.00055,53.80 USD,True
BACKTESTER-001,MLSignalStrategyV2-V2,EUR/USD.IDEALPRO,IDEALPRO-001,O-20250221-083000-001-V2-835,O-20250221-083000-001-V2-837,BUY,FLAT,0.00,100000.00,1740126600000000000,2025-02-21 08:30:00+00:00,1740126660000000000,2025-02-21 08:31:00+00:00,60000000000.0,1.04715,1.04845,['4.19 USD'],0.00124,125.81 USD,True
BACKTESTER-001,MLSignalStrategyV2-V2,EUR/USD.IDEALPRO,IDEALPRO-001,O-20250221-103000-001-V2-838,O-20250221-103000-001-V2-840,SELL,FLAT,0.00,100000.00,1740133800000000000,2025-02-21 10:30:00+00:00,1740140100000000000,2025-02-21 12:15:00+00:00,6300000000000.0,1.0471,1.04594,['4.18 USD'],0.00111,111.82 USD,True
BACKTESTER-001,MLSignalStrategyV2-V2,EUR/USD.IDEALPRO,IDEALPRO-001,O-20250221-141500-001-V2-841,O-20250221-141500-001-V2-842,SELL,FLAT,0.00,100000.00,1740147300000000000,2025-02-21 14:15:00+00:00,1740149160000000000,2025-02-21 14:46:00+00:00,1860000000000.0,1.04754,1.04927,['4.20 USD'],-0.00165,-177.20 USD,True
BACKTESTER-001,MLSignalStrategyV2-V2,EUR/USD.IDEALPRO,IDEALPRO-001,O-20250223-223000-001-V2-844,O-20250223-223000-001-V2-846,BUY,FLAT,0.00,100000.00,1740349800000000000,2025-02-23 22:30:00+00:00,1740350700000000000,2025-02-23 22:45:00+00:00,900000000000.0,1.04663,1.04743,['4.18 USD'],0.00076,75.82 USD,True
BACKTESTER-001,MLSignalStrategyV2-V2,EUR/USD.IDEALPRO,IDEALPRO-001,O-20250223-224500-001-V2-847,O-20250223-224500-001-V2-849,BUY,FLAT,0.00,100000.00,1740350700000000000,2025-02-23 22:45:00+00:00,1740350880000000000,2025-02-23 22:48:00+00:00,180000000000.0,1.04729,1.04833,['4.19 USD'],0.00099,99.81 USD,True
BACKTESTER-001,MLSignalStrategyV2-V2,EUR/USD.IDEALPRO,IDEALPRO-001,O-20250223-230000-001-V2-850,O-20250223-230000-001-V2-852,BUY,FLAT,0.00,100000.00,1740351600000000000,2025-02-23 23:00:00+00:00,1740352380000000000,2025-02-23 23:13:00+00:00,780000000000.0,1.04746,1.04847,['4.19 USD'],0.00096,96.81 USD,True
BACKTESTER-001,MLSignalStrategyV2-V2,EUR/USD.IDEALPRO,IDEALPRO-001,O-20250224-030000-001-V2-853,O-20250224-030000-001-V2-854,BUY,FLAT,0.00,100000.00,1740366000000000000,2025-02-24 03:00:00+00:00,1740370380000000000,2025-02-24 04:13:00+00:00,4380000000000.0,1.05229,1.05143,['4.20 USD'],-0.00082,-90.20 USD,True
BACKTESTER-001,MLSignalStrategyV2-V2,EUR/USD.IDEALPRO,IDEALPRO-001,O-20250224-063000-001-V2-856,O-20250224-063000-001-V2-857,BUY,FLAT,0.00,100000.00,1740378600000000000,2025-02-24 06:30:00+00:00,1740379620000000000,2025-02-24 06:47:00+00:00,1020000000000.0,1.05102,1.05011,['4.20 USD'],-0.00087,-95.20 USD,True
BACKTESTER-001,MLSignalStrategyV2-V2,EUR/USD.IDEALPRO,IDEALPRO-001,O-20250224-081500-001-V2-859,O-20250224-081500-001-V2-860,BUY,FLAT,0.00,100000.00,1740384900000000000,2025-02-24 08:15:00+00:00,1740385200000000000,2025-02-24 08:20:00+00:00,300000000000.0,1.0483,1.04696,['4.19 USD'],-0.00128,-138.19 USD,True
BACKTESTER-001,MLSignalStrategyV2-V2,EUR/USD.IDEALPRO,IDEALPRO-001,O-20250224-093000-001-V2-862,O-20250224-093000-001-V2-863,BUY,FLAT,0.00,100000.00,1740389400000000000,2025-02-24 09:30:00+00:00,1740396720000000000,2025-02-24 11:32:00+00:00,7320000000000.0,1.04747,1.0465,['4.18 USD'],-0.00093,-101.18 USD,True
BACKTESTER-001,MLSignalStrategyV2-V2,EUR/USD.IDEALPRO,IDEALPRO-001,O-20250224-114500-001-V2-865,O-20250224-114500-001-V2-867,SELL,FLAT,0.00,100000.00,1740397500000000000,2025-02-24 11:45:00+00:00,1740407700000000000,2025-02-24 14:35:00+00:00,10200000000000.0,1.04705,1.04581,['4.18 USD'],0.00118,119.82 USD,True
BACKTESTER-001,MLSignalStrategyV2-V2,EUR/USD.IDEALPRO,IDEALPRO-001,O-20250224-160000-001-V2-868,O-20250224-160000-001-V2-870,BUY,FLAT,0.00,100000.00,1740412800000000000,2025-02-24 16:00:00+00:00,1740416280000000000,2025-02-24 16:58:00+00:00,3480000000000.0,1.0469,1.04801,['4.19 USD'],0.00106,106.81 USD,True
BACKTESTER-001,MLSignalStrategyV2-V2,EUR/USD.IDEALPRO,IDEALPRO-001,O-20250224-184500-001-V2-871,O-20250224-184500-001-V2-872,BUY,FLAT,0.00,100000.00,1740422700000000000,2025-02-24 18:45:00+00:00,1740425280000000000,2025-02-24 19:28:00+00:00,2580000000000.0,1.04828,1.04743,['4.19 USD'],-0.00081,-89.19 USD,True
BACKTESTER-001,MLSignalStrategyV2-V2,EUR/USD.IDEALPRO,IDEALPRO-001,O-20250224-204500-001-V2-874,O-20250224-204500-001-V2-876,BUY,FLAT,0.00,100000.00,1740429900000000000,2025-02-24 20:45:00+00:00,1740457500000000000,2025-02-25 04:25:00+00:00,27600000000000.0,1.04663,1.04767,['4.19 USD'],0.00099,99.81 USD,True
BACKTESTER-001,MLSignalStrategyV2-V2,EUR/USD.IDEALPRO,IDEALPRO-001,O-20250225-083000-001-V2-877,O-20250225-083000-001-V2-878,BUY,FLAT,0.00,100000.00,1740472200000000000,2025-02-25 08:30:00+00:00,1740472560000000000,2025-02-25 08:36:00+00:00,360000000000.0,1.04676,1.04586,['4.18 USD'],-0.00086,-94.18 USD,True
BACKTESTER-001,MLSignalStrategyV2-V2,EUR/USD.IDEALPRO,IDEALPRO-001,O-20250225-084500-001-V2-880,O-20250225-084500-001-V2-882,BUY,FLAT,0.00,100000.00,1740473100000000000,2025-02-25 08:45:00+00:00,1740475260000000000,2025-02-25 09:21:00+00:00,2160000000000.0,1.04651,1.04782,['4.19 USD'],0.00125,126.81 USD,True
BACKTESTER-001,MLSignalStrategyV2-V2,EUR/USD.IDEALPRO,IDEALPRO-001,O-20250225-121500-001-V2-883,O-20250225-121500-001-V2-885,BUY,FLAT,0.00,100000.00,1740485700000000000,2025-02-25 12:15:00+00:00,1740490320000000000,2025-02-25 13:32:00+00:00,4620000000000.0,1.04941,1.0505,['4.20 USD'],0.00104,104.80 USD,True
BACKTESTER-001,MLSignalStrategyV2-V2,EUR/USD.IDEALPRO,IDEALPRO-001,O-20250225-153000-001-V2-886,O-20250225-153000-001-V2-887,BUY,FLAT,0.00,100000.00,1740497400000000000,2025-02-25 15:30:00+00:00,1740498060000000000,2025-02-25 15:41:00+00:00,660000000000.0,1.05177,1.05092,['4.20 USD'],-0.00081,-89.20 USD,True
BACKTESTER-001,MLSignalStrategyV2-V2,EUR/USD.IDEALPRO,IDEALPRO-001,O-20250225-184500-001-V2-889,O-20250225-184500-001-V2-890,BUY,FLAT,0.00,100000.00,1740509100000000000,2025-02-25 18:45:00+00:00,1740510960000000000,2025-02-25 19:16:00+00:00,1860000000000.0,1.05147,1.05065,['4.20 USD'],-0.00078,-86.20 USD,True
BACKTESTER-001,MLSignalStrategyV2-V2,EUR/USD.IDEALPRO,IDEALPRO-001,O-20250225-210000-001-V2-892,O-20250225-210000-001-V2-893,BUY,FLAT,0.00,100000.00,1740517200000000000,2025-02-25 21:00:00+00:00,1740536820000000000,2025-02-26 02:27:00+00:00,19620000000000.0,1.05164,1.05099,['4.20 USD'],-0.00062,-69.20 USD,True
BACKTESTER-001,MLSignalStrategyV2-V2,EUR/USD.IDEALPRO,IDEALPRO-001,O-20250226-030000-001-V2-895,O-20250226-030000-001-V2-897,SELL,FLAT,0.00,100000.00,1740538800000000000,2025-02-26 03:00:00+00:00,1740545220000000000,2025-02-26 04:47:00+00:00,6420000000000.0,1.05063,1.04994,['4.20 USD'],0.00066,64.80 USD,True
BACKTESTER-001,MLSignalStrategyV2-V2,EUR/USD.IDEALPRO,IDEALPRO-001,O-20250226-050000-001-V2-898,O-20250226-050000-001-V2-900,SELL,FLAT,0.00,100000.00,1740546000000000000,2025-02-26 05:00:00+00:00,1740549480000000000,2025-02-26 05:58:00+00:00,3480000000000.0,1.04972,1.04903,['4.20 USD'],0.00066,64.80 USD,True
BACKTESTER-001,MLSignalStrategyV2-V2,EUR/USD.IDEALPRO,IDEALPRO-001,O-20250226-060000-001-V2-901,O-20250226-060000-001-V2-902,BUY,FLAT,0.00,100000.00,1740549600000000000,2025-02-26 06:00:00+00:00,1740551340000000000,2025-02-26 06:29:00+00:00,1740000000000.0,1.04916,1.04872,['4.20 USD'],-0.00042,-48.20 USD,True
BACKTESTER-001,MLSignalStrategyV2-V2,EUR/USD.IDEALPRO,IDEALPRO-001,O-20250226-063000-001-V2-904,O-20250226-063000-001-V2-906,BUY,FLAT,0.00,100000.00,1740551400000000000,2025-02-26 06:30:00+00:00,1740552120000000000,2025-02-26 06:42:00+00:00,720000000000.0,1.04885,1.04945,['4.20 USD'],0.00057,55.80 USD,True
BACKTESTER-001,MLSignalStrategyV2-V2,EUR/USD.IDEALPRO,IDEALPRO-001,O-20250226-081500-001-V2-907,O-20250226-081500-001-V2-908,SELL,FLAT,0.00,100000.00,1740557700000000000,2025-02-26 08:15:00+00:00,1740558360000000000,2025-02-26 08:26:00+00:00,660000000000.0,1.05016,1.0509,['4.20 USD'],-0.0007,-78.20 USD,True
BACKTESTER-001,MLSignalStrategyV2-V2,EUR/USD.IDEALPRO,IDEALPRO-001,O-20250226-110000-001-V2-910,O-20250226-110000-001-V2-911,BUY,FLAT,0.00,100000.00,1740567600000000000,2025-02-26 11:00:00+00:00,1740570360000000000,2025-02-26 11:46:00+00:00,2760000000000.0,1.04978,1.04908,['4.20 USD'],-0.00067,-74.20 USD,True
BACKTESTER-001,MLSignalStrategyV2-V2,EUR/USD.IDEALPRO,IDEALPRO-001,O-20250226-170000-001-V2-913,O-20250226-170000-001-V2-915,BUY,FLAT,0.00,100000.00,1740589200000000000,2025-02-26 17:00:00+00:00,1740591060000000000,2025-02-26 17:31:00+00:00,1860000000000.0,1.05138,1.05287,['4.21 USD'],0.00142,144.79 USD,True
BACKTESTER-001,MLSignalStrategyV2-V2,EUR/USD.IDEALPRO,IDEALPRO-001,O-20250226-224500-001-V2-916,O-20250226-224500-001-V2-918,SELL,FLAT,0.00,100000.00,1740609900000000000,2025-02-26 22:45:00+00:00,1740614880000000000,2025-02-27 00:08:00+00:00,4980000000000.0,1.04876,1.04806,['4.20 USD'],0.00067,65.80 USD,True
BACKTESTER-001,MLSignalStrategyV2-V2,EUR/USD.IDEALPRO,IDEALPRO-001,O-20250227-013000-001-V2-919,O-20250227-013000-001-V2-920,BUY,FLAT,0.00,100000.00,1740619800000000000,2025-02-27 01:30:00+00:00,1740624000000000000,2025-02-27 02:40:00+00:00,4200000000000.0,1.04769,1.04723,['4.19 USD'],-0.00044,-50.19 USD,True
BACKTESTER-001,MLSignalStrategyV2-V2,EUR/USD.IDEALPRO,IDEALPRO-001,O-20250227-043000-001-V2-922,O-20250227-043000-001-V2-924,SELL,FLAT,0.00,100000.00,1740630600000000000,2025-02-27 04:30:00+00:00,1740632100000000000,2025-02-27 04:55:00+00:00,1500000000000.0,1.04658,1.04591,['4.18 USD'],0.00064,62.82 USD,True
BACKTESTER-001,MLSignalStrategyV2-V2,EUR/USD.IDEALPRO,IDEALPRO-001,O-20250227-050000-001-V2-925,O-20250227-050000-001-V2-927,BUY,FLAT,0.00,100000.00,1740632400000000000,2025-02-27 05:00:00+00:00,1740638040000000000,2025-02-27 06:34:00+00:00,5640000000000.0,1.0463,1.047,['4.18 USD'],0.00067,65.82 USD,True
BACKTESTER-001,MLSignalStrategyV2-V2,EUR/USD.IDEALPRO,IDEALPRO-001,O-20250227-100000-001-V2-928,O-20250227-100000-001-V2-929,BUY,FLAT,0.00,100000.00,1740650400000000000,2025-02-27 10:00:00+00:00,1740650820000000000,2025-02-27 10:07:00+00:00,420000000000.0,1.04843,1.0478,['4.20 USD'],-0.0006,-67.20 USD,True
BACKTESTER-001,MLSignalStrategyV2-V2,EUR/USD.IDEALPRO,IDEALPRO-001,O-20250227-141500-001-V2-931,O-20250227-141500-001-V2-933,SELL,FLAT,0.00,100000.00,1740665700000000000,2025-02-27 14:15:00+00:00,1740669060000000000,2025-02-27 15:11:00+00:00,3360000000000.0,1.0434,1.04111,['4.17 USD'],0.00219,224.83 USD,True
BACKTESTER-001,MLSignalStrategyV2-V2,EUR/USD.IDEALPRO,IDEALPRO-001,O-20250227-151500-001-V2-934,O-20250227-151500-001-V2-935,BUY,FLAT,0.00,100000.00,1740669300000000000,2025-02-27 15:15:00+00:00,1740691560000000000,2025-02-27 21:26:00+00:00,22260000000000.0,1.04134,1.03982,['4.16 USD'],-0.00146,-156.16 USD,True
BACKTESTER-001,MLSignalStrategyV2-V2,EUR/USD.IDEALPRO,IDEALPRO-001,O-20250227-220000-001-V2-937,O-20250227-220000-001-V2-938,BUY,FLAT,0.00,100000.00,1740693600000000000,2025-02-27 22:00:00+00:00,1740696600000000000,2025-02-27 22:50:00+00:00,3000000000000.0,1.03982,1.03933,['4.16 USD'],-0.00047,-53.16 USD,True
BACKTESTER-001,MLSignalStrategyV2-V2,EUR/USD.IDEALPRO,IDEALPRO-001,O-20250228-000000-001-V2-940,O-20250228-000000-001-V2-942,BUY,FLAT,0.00,100000.00,1740700800000000000,2025-02-28 00:00:00+00:00,1740702180000000000,2025-02-28 00:23:00+00:00,1380000000000.0,1.03939,1.04008,['4.16 USD'],0.00066,64.84 USD,True
BACKTESTER-001,MLSignalStrategyV2-V2,EUR/USD.IDEALPRO,IDEALPRO-001,O-20250228-003000-001-V2-943,O-20250228-003000-001-V2-944,SELL,FLAT,0.00,100000.00,1740702600000000000,2025-02-28 00:30:00+00:00,1740704460000000000,2025-02-28 01:01:00+00:00,1860000000000.0,1.03997,1.04043,['4.16 USD'],-0.00044,-50.16 USD,True
BACKTESTER-001,MLSignalStrategyV2-V2,EUR/USD.IDEALPRO,IDEALPRO-001,O-20250228-020000-001-V2-946,O-20250228-020000-001-V2-948,BUY,FLAT,0.00,100000.00,1740708000000000000,2025-02-28 02:00:00+00:00,1740728280000000000,2025-02-28 07:38:00+00:00,20280000000000.0,1.03849,1.03929,['4.16 USD'],0.00077,75.84 USD,True
BACKTESTER-001,MLSignalStrategyV2-V2,EUR/USD.IDEALPRO,IDEALPRO-001,O-20250228-164500-001-V2-949,O-20250228-164500-001-V2-951,SELL,FLAT,0.00,100000.00,1740761100000000000,2025-02-28 16:45:00+00:00,1740766620000000000,2025-02-28 18:17:00+00:00,5520000000000.0,1.04021,1.03844,['4.16 USD'],0.0017,172.84 USD,True
BACKTESTER-001,MLSignalStrategyV2-V2,EUR/USD.IDEALPRO,IDEALPRO-001,O-20250302-223000-001-V2-952,O-20250302-223000-001-V2-954,BUY,FLAT,0.00,100000.00,1740954600000000000,2025-03-02 22:30:00+00:00,1740957000000000000,2025-03-02 23:10:00+00:00,2400000000000.0,1.04029,1.0417,['4.16 USD'],0.00136,136.84 USD,True
BACKTESTER-001,MLSignalStrategyV2-V2,EUR/USD.IDEALPRO,IDEALPRO-001,O-20250302-233000-001-V2-955,O-20250302-233000-001-V2-957,SELL,FLAT,0.00,100000.00,1740958200000000000,2025-03-02 23:30:00+00:00,1740960240000000000,2025-03-03 00:04:00+00:00,2040000000000.0,1.04155,1.04032,['4.16 USD'],0.00118,118.84 USD,True
BACKTESTER-001,MLSignalStrategyV2-V2,EUR/USD.IDEALPRO,IDEALPRO-001,O-20250303-030000-001-V2-958,O-20250303-030000-001-V2-959,BUY,FLAT,0.00,100000.00,1740970800000000000,2025-03-03 03:00:00+00:00,1740971280000000000,2025-03-03 03:08:00+00:00,480000000000.0,1.042,1.04131,['4.16 USD'],-0.00066,-73.16 USD,True
BACKTESTER-001,MLSignalStrategyV2-V2,EUR/USD.IDEALPRO,IDEALPRO-001,O-20250303-031500-001-V2-961,O-20250303-031500-001-V2-962,BUY,FLAT,0.00,100000.00,1740971700000000000,2025-03-03 03:15:00+00:00,1740985740000000000,2025-03-03 07:09:00+00:00,14040000000000.0,1.04121,1.04019,['4.16 USD'],-0.00098,-106.16 USD,True
BACKTESTER-001,MLSignalStrategyV2-V2,EUR/USD.IDEALPRO,IDEALPRO-001,O-20250303-094500-001-V2-964,O-20250303-094500-001-V2-966,BUY,FLAT,0.00,100000.00,1740995100000000000,2025-03-03 09:45:00+00:00,1740996060000000000,2025-03-03 10:01:00+00:00,960000000000.0,1.04165,1.04379,['4.17 USD'],0.00205,209.83 USD,True
BACKTESTER-001,MLSignalStrategyV2-V2,EUR/USD.IDEALPRO,IDEALPRO-001,O-20250303-121500-001-V2-967,O-20250303-121500-001-V2-968,SELL,FLAT,0.00,100000.00,1741004100000000000,2025-03-03 12:15:00+00:00,1741006020000000000,2025-03-03 12:47:00+00:00,1920000000000.0,1.04641,1.04749,['4.18 USD'],-0.00103,-112.18 USD,True
BACKTESTER-001,MLSignalStrategyV2-V2,EUR/USD.IDEALPRO,IDEALPRO-001,O-20250303-130000-001-V2-970,O-20250303-130000-001-V2-971,BUY,FLAT,0.00,100000.00,1741006800000000000,2025-03-03 13:00:00+00:00,1741007820000000000,2025-03-03 13:17:00+00:00,1020000000000.0,1.04704,1.04608,['4.18 USD'],-0.00092,-100.18 USD,True
BACKTESTER-001,MLSignalStrategyV2-V2,EUR/USD.IDEALPRO,IDEALPRO-001,O-20250303-134500-001-V2-973,O-20250303-134500-001-V2-974,BUY,FLAT,0.00,100000.00,1741009500000000000,2025-03-03 13:45:00+00:00,1741010280000000000,2025-03-03 13:58:00+00:00,780000000000.0,1.04761,1.04665,['4.19 USD'],-0.00092,-100.19 USD,True
BACKTESTER-001,MLSignalStrategyV2-V2,EUR/USD.IDEALPRO,IDEALPRO-001,O-20250303-180000-001-V2-976,O-20250303-180000-001-V2-977,SELL,FLAT,0.00,100000.00,1741024800000000000,2025-03-03 18:00:00+00:00,1741027740000000000,2025-03-03 18:49:00+00:00,2940000000000.0,1.04905,1.05046,['4.20 USD'],-0.00134,-145.20 USD,True
BACKTESTER-001,MLSignalStrategyV2-V2,EUR/USD.IDEALPRO,IDEALPRO-001,O-20250303-211500-001-V2-979,O-20250303-211500-001-V2-980,SELL,FLAT,0.00,100000.00,1741036500000000000,2025-03-03 21:15:00+00:00,1741074600000000000,2025-03-04 07:50:00+00:00,38100000000000.0,1.04868,1.04998,['4.20 USD'],-0.00124,-134.20 USD,True
BACKTESTER-001,MLSignalStrategyV2-V2,EUR/USD.IDEALPRO,IDEALPRO-001,O-20250304-080000-001-V2-982,O-20250304-080000-001-V2-984,BUY,FLAT,0.00,100000.00,1741075200000000000,2025-03-04 08:00:00+00:00,1741076700000000000,2025-03-04 08:25:00+00:00,1500000000000.0,1.04932,1.05089,['4.20 USD'],0.0015,152.80 USD,True
BACKTESTER-001,MLSignalStrategyV2-V2,EUR/USD.IDEALPRO,IDEALPRO-001,O-20250304-091500-001-V2-985,O-20250304-091500-001-V2-986,SELL,FLAT,0.00,100000.00,1741079700000000000,2025-03-04 09:15:00+00:00,1741081680000000000,2025-03-04 09:48:00+00:00,1980000000000.0,1.05154,1.05262,['4.21 USD'],-0.00103,-112.21 USD,True
BACKTESTER-001,MLSignalStrategyV2-V2,EUR/USD.IDEALPRO,IDEALPRO-001,O-20250304-103000-001-V2-988,O-20250304-103000-001-V2-989,SELL,FLAT,0.00,100000.00,1741084200000000000,2025-03-04 10:30:00+00:00,1741084860000000000,2025-03-04 10:41:00+00:00,660000000000.0,1.05052,1.05158,['4.20 USD'],-0.00101,-110.20 USD,True
BACKTESTER-001,MLSignalStrategyV2-V2,EUR/USD.IDEALPRO,IDEALPRO-001,O-20250304-121500-001-V2-991,O-20250304-121500-001-V2-992,SELL,FLAT,0.00,100000.00,1741090500000000000,2025-03-04 12:15:00+00:00,1741092900000000000,2025-03-04 12:55:00+00:00,2400000000000.0,1.05448,1.0557,['4.22 USD'],-0.00116,-126.22 USD,True
BACKTESTER-001,MLSignalStrategyV2-V2,EUR/USD.IDEALPRO,IDEALPRO-001,O-20250304-130000-001-V2-994,O-20250304-130000-001-V2-996,SELL,FLAT,0.00,100000.00,1741093200000000000,2025-03-04 13:00:00+00:00,1741095300000000000,2025-03-04 13:35:00+00:00,2100000000000.0,1.05531,1.05361,['4.22 USD'],0.00161,165.78 USD,True
BACKTESTER-001,MLSignalStrategyV2-V2,EUR/USD.IDEALPRO,IDEALPRO-001,O-20250304-154500-001-V2-997,O-20250304-154500-001-V2-998,SELL,FLAT,0.00,100000.00,1741103100000000000,2025-03-04 15:45:00+00:00,1741105320000000000,2025-03-04 16:22:00+00:00,2220000000000.0,1.05218,1.05351,['4.21 USD'],-0.00126,-137.21 USD,True
BACKTESTER-001,MLSignalStrategyV2-V2,EUR/USD.IDEALPRO,IDEALPRO-001,O-20250304-170000-001-V2-1000,O-20250304-170000-001-V2-1002,BUY,FLAT,0.00,100000.00,1741107600000000000,2025-03-04 17:00:00+00:00,1741111800000000000,2025-03-04 18:10:00+00:00,4200000000000.0,1.05338,1.05568,['4.22 USD'],0.00218,225.78 USD,True
BACKTESTER-001,MLSignalStrategyV2-V2,EUR/USD.IDEALPRO,IDEALPRO-001,O-20250304-181500-001-V2-1003,O-20250304-181500-001-V2-1004,SELL,FLAT,0.00,100000.00,1741112100000000000,2025-03-04 18:15:00+00:00,1741113900000000000,2025-03-04 18:45:00+00:00,1800000000000.0,1.0569,1.05824,['4.23 USD'],-0.00127,-138.23 USD,True
BACKTESTER-001,MLSignalStrategyV2-V2,EUR/USD.IDEALPRO,IDEALPRO-001,O-20250304-184500-001-V2-1006,O-20250304-184500-001-V2-1007,SELL,FLAT,0.00,100000.00,1741113900000000000,2025-03-04 18:45:00+00:00,1741114980000000000,2025-03-04 19:03:00+00:00,1080000000000.0,1.0582,1.05983,['4.24 USD'],-0.00154,-167.24 USD,True
BACKTESTER-001,MLSignalStrategyV2-V2,EUR/USD.IDEALPRO,IDEALPRO-001,O-20250305-000000-001-V2-1009,O-20250305-000000-001-V2-1010,BUY,FLAT,0.00,100000.00,1741132800000000000,2025-03-05 00:00:00+00:00,1741133820000000000,2025-03-05 00:17:00+00:00,1020000000000.0,1.06235,1.06129,['4.24 USD'],-0.001,-110.24 USD,True
BACKTESTER-001,MLSignalStrategyV2-V2,EUR/USD.IDEALPRO,IDEALPRO-001,O-20250305-003000-001-V2-1012,O-20250305-003000-001-V2-1013,SELL,FLAT,0.00,100000.00,1741134600000000000,2025-03-05 00:30:00+00:00,1741136100000000000,2025-03-05 00:55:00+00:00,1500000000000.0,1.06164,1.06275,['4.25 USD'],-0.00105,-115.25 USD,True
BACKTESTER-001,MLSignalStrategyV2-V2,EUR/USD.IDEALPRO,IDEALPRO-001,O-20250305-030000-001-V2-1015,O-20250305-030000-001-V2-1017,BUY,FLAT,0.00,100000.00,1741143600000000000,2025-03-05 03:00:00+00:00,1741146480000000000,2025-03-05 03:48:00+00:00,2880000000000.0,1.06042,1.06205,['4.24 USD'],0.00154,158.76 USD,True
BACKTESTER-001,MLSignalStrategyV2-V2,EUR/USD.IDEALPRO,IDEALPRO-001,O-20250305-044500-001-V2-1018,O-20250305-044500-001-V2-1020,BUY,FLAT,0.00,100000.00,1741149900000000000,2025-03-05 04:45:00+00:00,1741154340000000000,2025-03-05 05:59:00+00:00,4440000000000.0,1.06214,1.06324,['4.25 USD'],0.00104,105.75 USD,True
BACKTESTER-001,MLSignalStrategyV2-V2,EUR/USD.IDEALPRO,IDEALPRO-001,O-20250305-064500-001-V2-1021,O-20250305-064500-001-V2-1023,BUY,FLAT,0.00,100000.00,1741157100000000000,2025-03-05 06:45:00+00:00,1741158120000000000,2025-03-05 07:02:00+00:00,1020000000000.0,1.06295,1.06428,['4.26 USD'],0.00125,128.74 USD,True
BACKTESTER-001,MLSignalStrategyV2-V2,EUR/USD.IDEALPRO,IDEALPRO-001,O-20250305-080000-001-V2-1024,O-20250305-080000-001-V2-1025,SELL,FLAT,0.00,100000.00,1741161600000000000,2025-03-05 08:00:00+00:00,1741162860000000000,2025-03-05 08:21:00+00:00,1260000000000.0,1.06743,1.06886,['4.27 USD'],-0.00134,-147.27 USD,True
BACKTESTER-001,MLSignalStrategyV2-V2,EUR/USD.IDEALPRO,IDEALPRO-001,O-20250305-090000-001-V2-1027,O-20250305-090000-001-V2-1029,BUY,FLAT,0.00,100000.00,1741165200000000000,2025-03-05 09:00:00+00:00,1741167180000000000,2025-03-05 09:33:00+00:00,1980000000000.0,1.0698,1.07222,['4.28 USD'],0.00226,237.72 USD,True
BACKTESTER-001,MLSignalStrategyV2-V2,EUR/USD.IDEALPRO,IDEALPRO-001,O-20250305-113000-001-V2-1030,O-20250305-113000-001-V2-1032,BUY,FLAT,0.00,100000.00,1741174200000000000,2025-03-05 11:30:00+00:00,1741177620000000000,2025-03-05 12:27:00+00:00,3420000000000.0,1.06805,1.07013,['4.28 USD'],0.00195,203.72 USD,True
BACKTESTER-001,MLSignalStrategyV2-V2,EUR/USD.IDEALPRO,IDEALPRO-001,O-20250305-154500-001-V2-1033,O-20250305-154500-001-V2-1034,SELL,FLAT,0.00,100000.00,1741189500000000000,2025-03-05 15:45:00+00:00,1741190700000000000,2025-03-05 16:05:00+00:00,1200000000000.0,1.07559,1.07769,['4.31 USD'],-0.00195,-214.31 USD,True
BACKTESTER-001,MLSignalStrategyV2-V2,EUR/USD.IDEALPRO,IDEALPRO-001,O-20250305-170000-001-V2-1036,O-20250305-170000-001-V2-1037,SELL,FLAT,0.00,100000.00,1741194000000000000,2025-03-05 17:00:00+00:00,1741194900000000000,2025-03-05 17:15:00+00:00,900000000000.0,1.07669,1.07855,['4.31 USD'],-0.00173,-190.31 USD,True
BACKTESTER-001,MLSignalStrategyV2-V2,EUR/USD.IDEALPRO,IDEALPRO-001,O-20250305-171500-001-V2-1039,O-20250305-171500-001-V2-1040,SELL,FLAT,0.00,100000.00,1741194900000000000,2025-03-05 17:15:00+00:00,1741221240000000000,2025-03-06 00:34:00+00:00,26340000000000.0,1.07819,1.08013,['4.32 USD'],-0.0018,-198.32 USD,True
BACKTESTER-001,MLSignalStrategyV2-V2,EUR/USD.IDEALPRO,IDEALPRO-001,O-20250306-004500-001-V2-1042,O-20250306-004500-001-V2-1043,BUY,FLAT,0.00,100000.00,1741221900000000000,2025-03-06 00:45:00+00:00,1741222800000000000,2025-03-06 01:00:00+00:00,900000000000.0,1.08001,1.07936,['4.32 USD'],-0.0006,-69.32 USD,True
BACKTESTER-001,MLSignalStrategyV2-V2,EUR/USD.IDEALPRO,IDEALPRO-001,O-20250306-011500-001-V2-1045,O-20250306-011500-001-V2-1047,BUY,FLAT,0.00,100000.00,1741223700000000000,2025-03-06 01:15:00+00:00,1741225080000000000,2025-03-06 01:38:00+00:00,1380000000000.0,1.07971,1.08074,['4.32 USD'],0.00095,98.68 USD,True
BACKTESTER-001,MLSignalStrategyV2-V2,EUR/USD.IDEALPRO,IDEALPRO-001,O-20250306-014500-001-V2-1048,O-20250306-014500-001-V2-1049,BUY,FLAT,0.00,100000.00,1741225500000000000,2025-03-06 01:45:00+00:00,1741227480000000000,2025-03-06 02:18:00+00:00,1980000000000.0,1.08151,1.08063,['4.32 USD'],-0.00081,-92.32 USD,True
BACKTESTER-001,MLSignalStrategyV2-V2,EUR/USD.IDEALPRO,IDEALPRO-001,O-20250306-040000-001-V2-1051,O-20250306-040000-001-V2-1053,BUY,FLAT,0.00,100000.00,1741233600000000000,2025-03-06 04:00:00+00:00,1741236600000000000,2025-03-06 04:50:00+00:00,3000000000000.0,1.07897,1.08012,['4.32 USD'],0.00107,110.68 USD,True
BACKTESTER-001,MLSignalStrategyV2-V2,EUR/USD.IDEALPRO,IDEALPRO-001,O-20250306-050000-001-V2-1054,O-20250306-050000-001-V2-1056,BUY,FLAT,0.00,100000.00,1741237200000000000,2025-03-06 05:00:00+00:00,1741240920000000000,2025-03-06 06:02:00+00:00,3720000000000.0,1.08037,1.08147,['4.32 USD'],0.00102,105.68 USD,True
BACKTESTER-001,MLSignalStrategyV2-V2,EUR/USD.IDEALPRO,IDEALPRO-001,O-20250306-070000-001-V2-1057,O-20250306-070000-001-V2-1059,BUY,FLAT,0.00,100000.00,1741244400000000000,2025-03-06 07:00:00+00:00,1741245000000000000,2025-03-06 07:10:00+00:00,600000000000.0,1.08028,1.08146,['4.32 USD'],0.00109,113.68 USD,True
BACKTESTER-001,MLSignalStrategyV2-V2,EUR/USD.IDEALPRO,IDEALPRO-001,O-20250306-073000-001-V2-1060,O-20250306-073000-001-V2-1062,BUY,FLAT,0.00,100000.00,1741246200000000000,2025-03-06 07:30:00+00:00,1741246920000000000,2025-03-06 07:42:00+00:00,720000000000.0,1.08014,1.08173,['4.32 USD'],0.00147,154.68 USD,True
BACKTESTER-001,MLSignalStrategyV2-V2,EUR/USD.IDEALPRO,IDEALPRO-001,O-20250306-074500-001-V2-1063,O-20250306-074500-001-V2-1064,BUY,FLAT,0.00,100000.00,1741247100000000000,2025-03-06 07:45:00+00:00,1741247700000000000,2025-03-06 07:55:00+00:00,600000000000.0,1.08157,1.0804,['4.32 USD'],-0.00108,-121.32 USD,True
BACKTESTER-001,MLSignalStrategyV2-V2,EUR/USD.IDEALPRO,IDEALPRO-001,O-20250306-111500-001-V2-1066,O-20250306-111500-001-V2-1067,BUY,FLAT,0.00,100000.00,1741259700000000000,2025-03-06 11:15:00+00:00,1741260360000000000,2025-03-06 11:26:00+00:00,660000000000.0,1.07967,1.07832,['4.32 USD'],-0.00125,-139.32 USD,True
BACKTESTER-001,MLSignalStrategyV2-V2,EUR/USD.IDEALPRO,IDEALPRO-001,O-20250306-144500-001-V2-1069,O-20250306-144500-001-V2-1070,SELL,FLAT,0.00,100000.00,1741272300000000000,2025-03-06 14:45:00+00:00,1741273440000000000,2025-03-06 15:04:00+00:00,1140000000000.0,1.08324,1.0854,['4.34 USD'],-0.00199,-220.34 USD,True
BACKTESTER-001,MLSignalStrategyV2-V2,EUR/USD.IDEALPRO,IDEALPRO-001,O-20250306-161500-001-V2-1072,O-20250306-161500-001-V2-1073,BUY,FLAT,0.00,100000.00,1741277700000000000,2025-03-06 16:15:00+00:00,1741280940000000000,2025-03-06 17:09:00+00:00,3240000000000.0,1.08273,1.08106,['4.33 USD'],-0.00154,-171.33 USD,True
BACKTESTER-001,MLSignalStrategyV2-V2,EUR/USD.IDEALPRO,IDEALPRO-001,O-20250306-190000-001-V2-1075,O-20250306-190000-001-V2-1077,BUY,FLAT,0.00,100000.00,1741287600000000000,2025-03-06 19:00:00+00:00,1741290600000000000,2025-03-06 19:50:00+00:00,3000000000000.0,1.07839,1.08062,['4.32 USD'],0.00207,218.68 USD,True
BACKTESTER-001,MLSignalStrategyV2-V2,EUR/USD.IDEALPRO,IDEALPRO-001,O-20250306-204500-001-V2-1078,O-20250306-204500-001-V2-1079,BUY,FLAT,0.00,100000.00,1741293900000000000,2025-03-06 20:45:00+00:00,1741296300000000000,2025-03-06 21:25:00+00:00,2400000000000.0,1.07879,1.07751,['4.32 USD'],-0.00119,-132.32 USD,True
BACKTESTER-001,MLSignalStrategyV2-V2,EUR/USD.IDEALPRO,IDEALPRO-001,O-20250306-223000-001-V2-1081,O-20250306-223000-001-V2-1083,BUY,FLAT,0.00,100000.00,1741300200000000000,2025-03-06 22:30:00+00:00,1741313820000000000,2025-03-07 02:17:00+00:00,13620000000000.0,1.07848,1.07972,['4.32 USD'],0.00115,119.68 USD,True
BACKTESTER-001,MLSignalStrategyV2-V2,EUR/USD.IDEALPRO,IDEALPRO-001,O-20250307-033000-001-V2-1084,O-20250307-033000-001-V2-1086,BUY,FLAT,0.00,100000.00,1741318200000000000,2025-03-07 03:30:00+00:00,1741326360000000000,2025-03-07 05:46:00+00:00,8160000000000.0,1.08065,1.08176,['4.32 USD'],0.00103,106.68 USD,True
BACKTESTER-001,MLSignalStrategyV2-V2,EUR/USD.IDEALPRO,IDEALPRO-001,O-20250307-061500-001-V2-1087,O-20250307-061500-001-V2-1089,BUY,FLAT,0.00,100000.00,1741328100000000000,2025-03-07 06:15:00+00:00,1741329600000000000,2025-03-07 06:40:00+00:00,1500000000000.0,1.08137,1.08222,['4.32 USD'],0.00079,80.68 USD,True
BACKTESTER-001,MLSignalStrategyV2-V2,EUR/USD.IDEALPRO,IDEALPRO-001,O-20250307-064500-001-V2-1090,O-20250307-064500-001-V2-1092,BUY,FLAT,0.00,100000.00,1741329900000000000,2025-03-07 06:45:00+00:00,1741332360000000000,2025-03-07 07:26:00+00:00,2460000000000.0,1.0823,1.08321,['4.33 USD'],0.00084,86.67 USD,True
BACKTESTER-001,MLSignalStrategyV2-V2,EUR/USD.IDEALPRO,IDEALPRO-001,O-20250307-100000-001-V2-1093,O-20250307-100000-001-V2-1095,SELL,FLAT,0.00,100000.00,1741341600000000000,2025-03-07 10:00:00+00:00,1741345860000000000,2025-03-07 11:11:00+00:00,4260000000000.0,1.08616,1.08454,['4.34 USD'],0.00149,157.66 USD,True
BACKTESTER-001,MLSignalStrategyV2-V2,EUR/USD.IDEALPRO,IDEALPRO-001,O-20250307-140000-001-V2-1096,O-20250307-140000-001-V2-1097,SELL,FLAT,0.00,100000.00,1741356000000000000,2025-03-07 14:00:00+00:00,1741356480000000000,2025-03-07 14:08:00+00:00,480000000000.0,1.08447,1.08643,['4.34 USD'],-0.00181,-200.34 USD,True
BACKTESTER-001,MLSignalStrategyV2-V2,EUR/USD.IDEALPRO,IDEALPRO-001,O-20250307-143000-001-V2-1099,O-20250307-143000-001-V2-1101,SELL,FLAT,0.00,100000.00,1741357800000000000,2025-03-07 14:30:00+00:00,1741361880000000000,2025-03-07 15:38:00+00:00,4080000000000.0,1.08675,1.08391,['4.34 USD'],0.00261,279.66 USD,True
BACKTESTER-001,MLSignalStrategyV2-V2,EUR/USD.IDEALPRO,IDEALPRO-001,O-20250307-160000-001-V2-1102,O-20250307-160000-001-V2-1104,SELL,FLAT,0.00,100000.00,1741363200000000000,2025-03-07 16:00:00+00:00,1741365060000000000,2025-03-07 16:31:00+00:00,1860000000000.0,1.08702,1.08388,['4.34 USD'],0.00289,309.66 USD,True
BACKTESTER-001,MLSignalStrategyV2-V2,EUR/USD.IDEALPRO,IDEALPRO-001,O-20250309-213000-001-V2-1105,O-20250309-213000-001-V2-1107,BUY,FLAT,0.00,100000.00,1741555800000000000,2025-03-09 21:30:00+00:00,1741557660000000000,2025-03-09 22:01:00+00:00,1860000000000.0,1.08316,1.08439,['4.34 USD'],0.00114,118.66 USD,True
BACKTESTER-001,MLSignalStrategyV2-V2,EUR/USD.IDEALPRO,IDEALPRO-001,O-20250309-221500-001-V2-1108,O-20250309-221500-001-V2-1109,BUY,FLAT,0.00,100000.00,1741558500000000000,2025-03-09 22:15:00+00:00,1741558800000000000,2025-03-09 22:20:00+00:00,300000000000.0,1.08564,1.08479,['4.34 USD'],-0.00078,-89.34 USD,True
BACKTESTER-001,MLSignalStrategyV2-V2,EUR/USD.IDEALPRO,IDEALPRO-001,O-20250309-223000-001-V2-1111,O-20250309-223000-001-V2-1113,BUY,FLAT,0.00,100000.00,1741559400000000000,2025-03-09 22:30:00+00:00,1741562220000000000,2025-03-09 23:17:00+00:00,2820000000000.0,1.08493,1.08633,['4.34 USD'],0.00129,135.66 USD,True
BACKTESTER-001,MLSignalStrategyV2-V2,EUR/USD.IDEALPRO,IDEALPRO-001,O-20250310-051500-001-V2-1114,O-20250310-051500-001-V2-1115,SELL,FLAT,0.00,100000.00,1741583700000000000,2025-03-10 05:15:00+00:00,1741586460000000000,2025-03-10 06:01:00+00:00,2760000000000.0,1.08312,1.08366,['4.34 USD'],-0.0005,-58.34 USD,True
BACKTESTER-001,MLSignalStrategyV2-V2,EUR/USD.IDEALPRO,IDEALPRO-001,O-20250310-061500-001-V2-1117,O-20250310-061500-001-V2-1119,SELL,FLAT,0.00,100000.00,1741587300000000000,2025-03-10 06:15:00+00:00,1741591440000000000,2025-03-10 07:24:00+00:00,4140000000000.0,1.08397,1.08308,['4.34 USD'],0.00082,84.66 USD,True
BACKTESTER-001,MLSignalStrategyV2-V2,EUR/USD.IDEALPRO,IDEALPRO-001,O-20250310-080000-001-V2-1120,O-20250310-080000-001-V2-1121,BUY,FLAT,0.00,100000.00,1741593600000000000,2025-03-10 08:00:00+00:00,1741594320000000000,2025-03-10 08:12:00+00:00,720000000000.0,1.08227,1.0811,['4.32 USD'],-0.00108,-121.32 USD,True
BACKTESTER-001,MLSignalStrategyV2-V2,EUR/USD.IDEALPRO,IDEALPRO-001,O-20250310-081500-001-V2-1123,O-20250310-081500-001-V2-1125,BUY,FLAT,0.00,100000.00,1741594500000000000,2025-03-10 08:15:00+00:00,1741598340000000000,2025-03-10 09:19:00+00:00,3840000000000.0,1.08115,1.08295,['4.33 USD'],0.00166,175.67 USD,True
BACKTESTER-001,MLSignalStrategyV2-V2,EUR/USD.IDEALPRO,IDEALPRO-001,O-20250310-101500-001-V2-1126,O-20250310-101500-001-V2-1127,SELL,FLAT,0.00,100000.00,1741601700000000000,2025-03-10 10:15:00+00:00,1741602480000000000,2025-03-10 10:28:00+00:00,780000000000.0,1.08601,1.08747,['4.34 USD'],-0.00134,-150.34 USD,True
BACKTESTER-001,MLSignalStrategyV2-V2,EUR/USD.IDEALPRO,IDEALPRO-001,O-20250310-110000-001-V2-1129,O-20250310-110000-001-V2-1131,SELL,FLAT,0.00,100000.00,1741604400000000000,2025-03-10 11:00:00+00:00,1741604700000000000,2025-03-10 11:05:00+00:00,300000000000.0,1.0861,1.08277,['4.34 USD'],0.00307,328.66 USD,True
BACKTESTER-001,MLSignalStrategyV2-V2,EUR/USD.IDEALPRO,IDEALPRO-001,O-20250310-111500-001-V2-1132,O-20250310-111500-001-V2-1133,BUY,FLAT,0.00,100000.00,1741605300000000000,2025-03-10 11:15:00+00:00,1741621380000000000,2025-03-10 15:43:00+00:00,16080000000000.0,1.08424,1.08241,['4.33 USD'],-0.00169,-187.33 USD,True
BACKTESTER-001,MLSignalStrategyV2-V2,EUR/USD.IDEALPRO,IDEALPRO-001,O-20250310-173000-001-V2-1135,O-20250310-173000-001-V2-1136,BUY,FLAT,0.00,100000.00,1741627800000000000,2025-03-10 17:30:00+00:00,1741629780000000000,2025-03-10 18:03:00+00:00,1980000000000.0,1.08368,1.08254,['4.34 USD'],-0.00105,-118.34 USD,True
BACKTESTER-001,MLSignalStrategyV2-V2,EUR/USD.IDEALPRO,IDEALPRO-001,O-20250310-191500-001-V2-1138,O-20250310-191500-001-V2-1140,BUY,FLAT,0.00,100000.00,1741634100000000000,2025-03-10 19:15:00+00:00,1741640340000000000,2025-03-10 20:59:00+00:00,6240000000000.0,1.0822,1.08368,['4.33 USD'],0.00137,143.67 USD,True
BACKTESTER-001,MLSignalStrategyV2-V2,EUR/USD.IDEALPRO,IDEALPRO-001,O-20250310-230000-001-V2-1141,O-20250310-230000-001-V2-1142,SELL,FLAT,0.00,100000.00,1741647600000000000,2025-03-10 23:00:00+00:00,1741647840000000000,2025-03-10 23:04:00+00:00,240000000000.0,1.08348,1.08403,['4.34 USD'],-0.00051,-59.34 USD,True
BACKTESTER-001,MLSignalStrategyV2-V2,EUR/USD.IDEALPRO,IDEALPRO-001,O-20250310-233000-001-V2-1144,O-20250310-233000-001-V2-1146,BUY,FLAT,0.00,100000.00,1741649400000000000,2025-03-10 23:30:00+00:00,1741654320000000000,2025-03-11 00:52:00+00:00,4920000000000.0,1.08422,1.08503,['4.34 USD'],0.00075,76.66 USD,True
BACKTESTER-001,MLSignalStrategyV2-V2,EUR/USD.IDEALPRO,IDEALPRO-001,O-20250311-010000-001-V2-1147,O-20250311-010000-001-V2-1148,BUY,FLAT,0.00,100000.00,1741654800000000000,2025-03-11 01:00:00+00:00,1741655100000000000,2025-03-11 01:05:00+00:00,300000000000.0,1.08517,1.08449,['4.34 USD'],-0.00063,-72.34 USD,True
BACKTESTER-001,MLSignalStrategyV2-V2,EUR/USD.IDEALPRO,IDEALPRO-001,O-20250311-020000-001-V2-1150,O-20250311-020000-001-V2-1151,BUY,FLAT,0.00,100000.00,1741658400000000000,2025-03-11 02:00:00+00:00,1741661160000000000,2025-03-11 02:46:00+00:00,2760000000000.0,1.0858,1.08512,['4.34 USD'],-0.00063,-72.34 USD,True
BACKTESTER-001,MLSignalStrategyV2-V2,EUR/USD.IDEALPRO,IDEALPRO-001,O-20250311-071500-001-V2-1153,O-20250311-071500-001-V2-1155,BUY,FLAT,0.00,100000.00,1741677300000000000,2025-03-11 07:15:00+00:00,1741679040000000000,2025-03-11 07:44:00+00:00,1740000000000.0,1.08722,1.08976,['4.35 USD'],0.00234,249.65 USD,True
BACKTESTER-001,MLSignalStrategyV2-V2,EUR/USD.IDEALPRO,IDEALPRO-001,O-20250311-090000-001-V2-1156,O-20250311-090000-001-V2-1158,SELL,FLAT,0.00,100000.00,1741683600000000000,2025-03-11 09:00:00+00:00,1741686240000000000,2025-03-11 09:44:00+00:00,2640000000000.0,1.09171,1.08962,['4.36 USD'],0.00191,204.64 USD,True
BACKTESTER-001,MLSignalStrategyV2-V2,EUR/USD.IDEALPRO,IDEALPRO-001,O-20250311-094500-001-V2-1159,O-20250311-094500-001-V2-1160,SELL,FLAT,0.00,100000.00,1741686300000000000,2025-03-11 09:45:00+00:00,1741686600000000000,2025-03-11 09:50:00+00:00,300000000000.0,1.09021,1.09178,['4.36 USD'],-0.00144,-161.36 USD,True
BACKTESTER-001,MLSignalStrategyV2-V2,EUR/USD.IDEALPRO,IDEALPRO-001,O-20250311-101500-001-V2-1162,O-20250311-101500-001-V2-1163,SELL,FLAT,0.00,100000.00,1741688100000000000,2025-03-11 10:15:00+00:00,1741694700000000000,2025-03-11 12:05:00+00:00,6600000000000.0,1.08952,1.09095,['4.36 USD'],-0.00131,-147.36 USD,True
BACKTESTER-001,MLSignalStrategyV2-V2,EUR/USD.IDEALPRO,IDEALPRO-001,O-20250311-160000-001-V2-1165,O-20250311-160000-001-V2-1167,BUY,FLAT,0.00,100000.00,1741708800000000000,2025-03-11 16:00:00+00:00,1741716780000000000,2025-03-11 18:13:00+00:00,7980000000000.0,1.09272,1.09454,['4.38 USD'],0.00167,177.62 USD,True
BACKTESTER-001,MLSignalStrategyV2-V2,EUR/USD.IDEALPRO,IDEALPRO-001,O-20250311-203000-001-V2-1168,O-20250311-203000-001-V2-1169,BUY,FLAT,0.00,100000.00,1741725000000000000,2025-03-11 20:30:00+00:00,1741748040000000000,2025-03-12 02:54:00+00:00,23040000000000.0,1.09123,1.09044,['4.36 USD'],-0.00072,-83.36 USD,True
BACKTESTER-001,MLSignalStrategyV2-V2,EUR/USD.IDEALPRO,IDEALPRO-001,O-20250312-030000-001-V2-1171,O-20250312-030000-001-V2-1173,SELL,FLAT,0.00,100000.00,1741748400000000000,2025-03-12 03:00:00+00:00,1741749900000000000,2025-03-12 03:25:00+00:00,1500000000000.0,1.09039,1.08972,['4.36 USD'],0.00061,62.64 USD,True
BACKTESTER-001,MLSignalStrategyV2-V2,EUR/USD.IDEALPRO,IDEALPRO-001,O-20250312-034500-001-V2-1174,O-20250312-034500-001-V2-1176,BUY,FLAT,0.00,100000.00,1741751100000000000,2025-03-12 03:45:00+00:00,1741758960000000000,2025-03-12 05:56:00+00:00,7860000000000.0,1.08973,1.09045,['4.36 USD'],0.00066,67.64 USD,True
BACKTESTER-001,MLSignalStrategyV2-V2,EUR/USD.IDEALPRO,IDEALPRO-001,O-20250312-071500-001-V2-1177,O-20250312-071500-001-V2-1178,BUY,FLAT,0.00,100000.00,1741763700000000000,2025-03-12 07:15:00+00:00,1741764120000000000,2025-03-12 07:22:00+00:00,420000000000.0,1.08958,1.08901,['4.36 USD'],-0.00052,-61.36 USD,True
BACKTESTER-001,MLSignalStrategyV2-V2,EUR/USD.IDEALPRO,IDEALPRO-001,O-20250312-073000-001-V2-1180,O-20250312-073000-001-V2-1182,BUY,FLAT,0.00,100000.00,1741764600000000000,2025-03-12 07:30:00+00:00,1741766580000000000,2025-03-12 08:03:00+00:00,1980000000000.0,1.0895,1.09041,['4.36 USD'],0.00084,86.64 USD,True
BACKTESTER-001,MLSignalStrategyV2-V2,EUR/USD.IDEALPRO,IDEALPRO-001,O-20250312-163000-001-V2-1183,O-20250312-163000-001-V2-1184,BUY,FLAT,0.00,100000.00,1741797000000000000,2025-03-12 16:30:00+00:00,1741803420000000000,2025-03-12 18:17:00+00:00,6420000000000.0,1.09156,1.09005,['4.36 USD'],-0.00138,-155.36 USD,True
BACKTESTER-001,MLSignalStrategyV2-V2,EUR/USD.IDEALPRO,IDEALPRO-001,O-20250312-224500-001-V2-1186,O-20250312-224500-001-V2-1188,SELL,FLAT,0.00,100000.00,1741819500000000000,2025-03-12 22:45:00+00:00,1741824720000000000,2025-03-13 00:12:00+00:00,5220000000000.0,1.08892,1.08829,['4.36 USD'],0.00058,58.64 USD,True
BACKTESTER-001,MLSignalStrategyV2-V2,EUR/USD.IDEALPRO,IDEALPRO-001,O-20250313-003000-001-V2-1189,O-20250313-003000-001-V2-1190,SELL,FLAT,0.00,100000.00,1741825800000000000,2025-03-13 00:30:00+00:00,1741827000000000000,2025-03-13 00:50:00+00:00,1200000000000.0,1.08851,1.08885,['4.36 USD'],-0.00031,-38.36 USD,True
BACKTESTER-001,MLSignalStrategyV2-V2,EUR/USD.IDEALPRO,IDEALPRO-001,O-20250313-031500-001-V2-1192,O-20250313-031500-001-V2-1194,SELL,FLAT,0.00,100000.00,1741835700000000000,2025-03-13 03:15:00+00:00,1741838640000000000,2025-03-13 04:04:00+00:00,2940000000000.0,1.08888,1.08822,['4.36 USD'],0.00061,61.64 USD,True
BACKTESTER-001,MLSignalStrategyV2-V2,EUR/USD.IDEALPRO,IDEALPRO-001,O-20250313-043000-001-V2-1195,O-20250313-043000-001-V2-1196,BUY,FLAT,0.00,100000.00,1741840200000000000,2025-03-13 04:30:00+00:00,1741843140000000000,2025-03-13 05:19:00+00:00,2940000000000.0,1.08898,1.0882,['4.36 USD'],-0.00072,-82.36 USD,True
BACKTESTER-001,MLSignalStrategyV2-V2,EUR/USD.IDEALPRO,IDEALPRO-001,O-20250313-090000-001-V2-1198,O-20250313-090000-001-V2-1199,SELL,FLAT,0.00,100000.00,1741856400000000000,2025-03-13 09:00:00+00:00,1741857840000000000,2025-03-13 09:24:00+00:00,1440000000000.0,1.08734,1.08841,['4.35 USD'],-0.00098,-111.35 USD,True
BACKTESTER-001,MLSignalStrategyV2-V2,EUR/USD.IDEALPRO,IDEALPRO-001,O-20250313-120000-001-V2-1201,O-20250313-120000-001-V2-1202,BUY,FLAT,0.00,100000.00,1741867200000000000,2025-03-13 12:00:00+00:00,1741867200000000000,2025-03-13 12:00:00+00:00,,1.08565,1.0845,['4.34 USD'],-0.00106,-119.34 USD,True
BACKTESTER-001,MLSignalStrategyV2-V2,EUR/USD.IDEALPRO,IDEALPRO-001,O-20250313-120000-001-V2-1204,O-20250313-120000-001-V2-1205,BUY,FLAT,0.00,100000.00,1741867200000000000,2025-03-13 12:00:00+00:00,1741867800000000000,2025-03-13 12:10:00+00:00,600000000000.0,1.08564,1.08448,['4.34 USD'],-0.00107,-120.34 USD,True
BACKTESTER-001,MLSignalStrategyV2-V2,EUR/USD.IDEALPRO,IDEALPRO-001,O-20250313-121500-001-V2-1207,O-20250313-121500-001-V2-1209,BUY,FLAT,0.00,100000.00,1741868100000000000,2025-03-13 12:15:00+00:00,1741869060000000000,2025-03-13 12:31:00+00:00,960000000000.0,1.08568,1.08779,['4.35 USD'],0.00194,206.65 USD,True
BACKTESTER-001,MLSignalStrategyV2-V2,EUR/USD.IDEALPRO,IDEALPRO-001,O-20250313-124500-001-V2-1210,O-20250313-124500-001-V2-1211,BUY,FLAT,0.00,100000.00,1741869900000000000,2025-03-13 12:45:00+00:00,1741871460000000000,2025-03-13 13:11:00+00:00,1560000000000.0,1.0839,1.08255,['4.34 USD'],-0.00125,-139.34 USD,True
BACKTESTER-001,MLSignalStrategyV2-V2,EUR/USD.IDEALPRO,IDEALPRO-001,O-20250313-131500-001-V2-1213,O-20250313-131500-001-V2-1215,BUY,FLAT,0.00,100000.00,1741871700000000000,2025-03-13 13:15:00+00:00,1741873560000000000,2025-03-13 13:46:00+00:00,1860000000000.0,1.08231,1.0847,['4.33 USD'],0.00221,234.67 USD,True
BACKTESTER-001,MLSignalStrategyV2-V2,EUR/USD.IDEALPRO,IDEALPRO-001,O-20250313-140000-001-V2-1216,O-20250313-140000-001-V2-1218,BUY,FLAT,0.00,100000.00,1741874400000000000,2025-03-13 14:00:00+00:00,1741877880000000000,2025-03-13 14:58:00+00:00,3480000000000.0,1.08475,1.08698,['4.34 USD'],0.00206,218.66 USD,True
BACKTESTER-001,MLSignalStrategyV2-V2,EUR/USD.IDEALPRO,IDEALPRO-001,O-20250313-183000-001-V2-1219,O-20250313-183000-001-V2-1220,BUY,FLAT,0.00,100000.00,1741890600000000000,2025-03-13 18:30:00+00:00,1741897680000000000,2025-03-13 20:28:00+00:00,7080000000000.0,1.0856,1.08465,['4.34 USD'],-0.00088,-99.34 USD,True
BACKTESTER-001,MLSignalStrategyV2-V2,EUR/USD.IDEALPRO,IDEALPRO-001,O-20250314-011500-001-V2-1222,O-20250314-011500-001-V2-1223,BUY,FLAT,0.00,100000.00,1741914900000000000,2025-03-14 01:15:00+00:00,1741918020000000000,2025-03-14 02:07:00+00:00,3120000000000.0,1.08455,1.08403,['4.34 USD'],-0.00048,-56.34 USD,True
BACKTESTER-001,MLSignalStrategyV2-V2,EUR/USD.IDEALPRO,IDEALPRO-001,O-20250314-021500-001-V2-1225,O-20250314-021500-001-V2-1226,SELL,FLAT,0.00,100000.00,1741918500000000000,2025-03-14 02:15:00+00:00,1741931640000000000,2025-03-14 05:54:00+00:00,13140000000000.0,1.08411,1.08465,['4.34 USD'],-0.0005,-58.34 USD,True
BACKTESTER-001,MLSignalStrategyV2-V2,EUR/USD.IDEALPRO,IDEALPRO-001,O-20250314-070000-001-V2-1228,O-20250314-070000-001-V2-1229,BUY,FLAT,0.00,100000.00,1741935600000000000,2025-03-14 07:00:00+00:00,1741938180000000000,2025-03-14 07:43:00+00:00,2580000000000.0,1.08386,1.08317,['4.34 USD'],-0.00064,-73.34 USD,True
BACKTESTER-001,MLSignalStrategyV2-V2,EUR/USD.IDEALPRO,IDEALPRO-001,O-20250314-074500-001-V2-1231,O-20250314-074500-001-V2-1233,BUY,FLAT,0.00,100000.00,1741938300000000000,2025-03-14 07:45:00+00:00,1741939440000000000,2025-03-14 08:04:00+00:00,1140000000000.0,1.08313,1.08435,['4.34 USD'],0.00113,117.66 USD,True
BACKTESTER-001,MLSignalStrategyV2-V2,EUR/USD.IDEALPRO,IDEALPRO-001,O-20250314-090000-001-V2-1234,O-20250314-090000-001-V2-1236,BUY,FLAT,0.00,100000.00,1741942800000000000,2025-03-14 09:00:00+00:00,1741946880000000000,2025-03-14 10:08:00+00:00,4080000000000.0,1.08539,1.08672,['4.34 USD'],0.00123,128.66 USD,True
BACKTESTER-001,MLSignalStrategyV2-V2,EUR/USD.IDEALPRO,IDEALPRO-001,O-20250314-101500-001-V2-1237,O-20250314-101500-001-V2-1239,BUY,FLAT,0.00,100000.00,1741947300000000000,2025-03-14 10:15:00+00:00,1741948800000000000,2025-03-14 10:40:00+00:00,1500000000000.0,1.08621,1.0883,['4.35 USD'],0.00192,204.65 USD,True
BACKTESTER-001,MLSignalStrategyV2-V2,EUR/USD.IDEALPRO,IDEALPRO-001,O-20250314-104500-001-V2-1240,O-20250314-104500-001-V2-1241,SELL,FLAT,0.00,100000.00,1741949100000000000,2025-03-14 10:45:00+00:00,1741949220000000000,2025-03-14 10:47:00+00:00,120000000000.0,1.08901,1.09089,['4.36 USD'],-0.00173,-192.36 USD,True
BACKTESTER-001,MLSignalStrategyV2-V2,EUR/USD.IDEALPRO,IDEALPRO-001,O-20250314-130000-001-V2-1243,O-20250314-130000-001-V2-1245,SELL,FLAT,0.00,100000.00,1741957200000000000,2025-03-14 13:00:00+00:00,1741960200000000000,2025-03-14 13:50:00+00:00,3000000000000.0,1.08947,1.08754,['4.36 USD'],0.00177,188.64 USD,True
BACKTESTER-001,MLSignalStrategyV2-V2,EUR/USD.IDEALPRO,IDEALPRO-001,O-20250314-161500-001-V2-1246,O-20250314-161500-001-V2-1247,SELL,FLAT,0.00,100000.00,1741968900000000000,2025-03-14 16:15:00+00:00,1742184420000000000,2025-03-17 04:07:00+00:00,215520000000000.0,1.08814,1.08939,['4.36 USD'],-0.00115,-129.36 USD,True
BACKTESTER-001,MLSignalStrategyV2-V2,EUR/USD.IDEALPRO,IDEALPRO-001,O-20250317-060000-001-V2-1249,O-20250317-060000-001-V2-1250,BUY,FLAT,0.00,100000.00,1742191200000000000,2025-03-17 06:00:00+00:00,1742196840000000000,2025-03-17 07:34:00+00:00,5640000000000.0,1.08777,1.08692,['4.35 USD'],-0.00078,-89.35 USD,True
BACKTESTER-001,MLSignalStrategyV2-V2,EUR/USD.IDEALPRO,IDEALPRO-001,O-20250317-081500-001-V2-1252,O-20250317-081500-001-V2-1254,BUY,FLAT,0.00,100000.00,1742199300000000000,2025-03-17 08:15:00+00:00,1742204400000000000,2025-03-17 09:40:00+00:00,5100000000000.0,1.08832,1.08948,['4.36 USD'],0.00107,111.64 USD,True
BACKTESTER-001,MLSignalStrategyV2-V2,EUR/USD.IDEALPRO,IDEALPRO-001,O-20250317-124500-001-V2-1255,O-20250317-124500-001-V2-1257,BUY,FLAT,0.00,100000.00,1742215500000000000,2025-03-17 12:45:00+00:00,1742216340000000000,2025-03-17 12:59:00+00:00,840000000000.0,1.08885,1.0901,['4.36 USD'],0.00115,120.64 USD,True
BACKTESTER-001,MLSignalStrategyV2-V2,EUR/USD.IDEALPRO,IDEALPRO-001,O-20250317-131500-001-V2-1258,O-20250317-131500-001-V2-1259,SELL,FLAT,0.00,100000.00,1742217300000000000,2025-03-17 13:15:00+00:00,1742220360000000000,2025-03-17 14:06:00+00:00,3060000000000.0,1.09016,1.09113,['4.36 USD'],-0.00089,-101.36 USD,True
BACKTESTER-001,MLSignalStrategyV2-V2,EUR/USD.IDEALPRO,IDEALPRO-001,O-20250317-193000-001-V2-1261,O-20250317-193000-001-V2-1262,BUY,FLAT,0.00,100000.00,1742239800000000000,2025-03-17 19:30:00+00:00,1742258700000000000,2025-03-18 00:45:00+00:00,18900000000000.0,1.09209,1.09152,['4.36 USD'],-0.00052,-61.36 USD,True
BACKTESTER-001,MLSignalStrategyV2-V2,EUR/USD.IDEALPRO,IDEALPRO-001,O-20250318-081500-001-V2-1264,O-20250318-081500-001-V2-1266,SELL,FLAT,0.00,100000.00,1742285700000000000,2025-03-18 08:15:00+00:00,1742293740000000000,2025-03-18 10:29:00+00:00,8040000000000.0,1.09471,1.09353,['4.38 USD'],0.00108,113.62 USD,True
BACKTESTER-001,MLSignalStrategyV2-V2,EUR/USD.IDEALPRO,IDEALPRO-001,O-20250318-104500-001-V2-1267,O-20250318-104500-001-V2-1269,SELL,FLAT,0.00,100000.00,1742294700000000000,2025-03-18 10:45:00+00:00,1742298720000000000,2025-03-18 11:52:00+00:00,4020000000000.0,1.09344,1.09195,['4.37 USD'],0.00136,144.63 USD,True
BACKTESTER-001,MLSignalStrategyV2-V2,EUR/USD.IDEALPRO,IDEALPRO-001,O-20250318-124500-001-V2-1270,O-20250318-124500-001-V2-1272,BUY,FLAT,0.00,100000.00,1742301900000000000,2025-03-18 12:45:00+00:00,1742303280000000000,2025-03-18 13:08:00+00:00,1380000000000.0,1.09064,1.09201,['4.36 USD'],0.00126,132.64 USD,True
BACKTESTER-001,MLSignalStrategyV2-V2,EUR/USD.IDEALPRO,IDEALPRO-001,O-20250318-161500-001-V2-1273,O-20250318-161500-001-V2-1275,BUY,FLAT,0.00,100000.00,1742314500000000000,2025-03-18 16:15:00+00:00,1742318340000000000,2025-03-18 17:19:00+00:00,3840000000000.0,1.09296,1.09489,['4.38 USD'],0.00177,188.62 USD,True
BACKTESTER-001,MLSignalStrategyV2-V2,EUR/USD.IDEALPRO,IDEALPRO-001,O-20250318-203000-001-V2-1276,O-20250318-203000-001-V2-1277,BUY,FLAT,0.00,100000.00,1742329800000000000,2025-03-18 20:30:00+00:00,1742342460000000000,2025-03-19 00:01:00+00:00,12660000000000.0,1.0944,1.0937,['4.38 USD'],-0.00064,-74.38 USD,True
BACKTESTER-001,MLSignalStrategyV2-V2,EUR/USD.IDEALPRO,IDEALPRO-001,O-20250319-043000-001-V2-1279,O-20250319-043000-001-V2-1281,SELL,FLAT,0.00,100000.00,1742358600000000000,2025-03-19 04:30:00+00:00,1742364600000000000,2025-03-19 06:10:00+00:00,6000000000000.0,1.09333,1.09269,['4.38 USD'],0.00059,59.62 USD,True
BACKTESTER-001,MLSignalStrategyV2-V2,EUR/USD.IDEALPRO,IDEALPRO-001,O-20250319-074500-001-V2-1282,O-20250319-074500-001-V2-1284,BUY,FLAT,0.00,100000.00,1742370300000000000,2025-03-19 07:45:00+00:00,1742371260000000000,2025-03-19 08:01:00+00:00,960000000000.0,1.08826,1.0901,['4.36 USD'],0.00169,179.64 USD,True
BACKTESTER-001,MLSignalStrategyV2-V2,EUR/USD.IDEALPRO,IDEALPRO-001,O-20250319-081500-001-V2-1285,O-20250319-081500-001-V2-1287,BUY,FLAT,0.00,100000.00,1742372100000000000,2025-03-19 08:15:00+00:00,1742386140000000000,2025-03-19 12:09:00+00:00,14040000000000.0,1.08991,1.09176,['4.36 USD'],0.0017,180.64 USD,True
BACKTESTER-001,MLSignalStrategyV2-V2,EUR/USD.IDEALPRO,IDEALPRO-001,O-20250319-160000-001-V2-1288,O-20250319-160000-001-V2-1289,BUY,FLAT,0.00,100000.00,1742400000000000000,2025-03-19 16:00:00+00:00,1742405160000000000,2025-03-19 17:26:00+00:00,5160000000000.0,1.08769,1.08674,['4.35 USD'],-0.00087,-99.35 USD,True
BACKTESTER-001,MLSignalStrategyV2-V2,EUR/USD.IDEALPRO,IDEALPRO-001,O-20250319-224500-001-V2-1291,O-20250319-224500-001-V2-1293,BUY,FLAT,0.00,100000.00,1742424300000000000,2025-03-19 22:45:00+00:00,1742436900000000000,2025-03-20 02:15:00+00:00,12600000000000.0,1.09081,1.09169,['4.36 USD'],0.00081,83.64 USD,True
BACKTESTER-001,MLSignalStrategyV2-V2,EUR/USD.IDEALPRO,IDEALPRO-001,O-20250320-043000-001-V2-1294,O-20250320-043000-001-V2-1296,SELL,FLAT,0.00,100000.00,1742445000000000000,2025-03-20 04:30:00+00:00,1742446440000000000,2025-03-20 04:54:00+00:00,1440000000000.0,1.09088,1.09018,['4.36 USD'],0.00064,65.64 USD,True
BACKTESTER-001,MLSignalStrategyV2-V2,EUR/USD.IDEALPRO,IDEALPRO-001,O-20250320-061500-001-V2-1297,O-20250320-061500-001-V2-1299,SELL,FLAT,0.00,100000.00,1742451300000000000,2025-03-20 06:15:00+00:00,1742452620000000000,2025-03-20 06:37:00+00:00,1320000000000.0,1.08983,1.08908,['4.36 USD'],0.00069,70.64 USD,True
BACKTESTER-001,MLSignalStrategyV2-V2,EUR/USD.IDEALPRO,IDEALPRO-001,O-20250320-093000-001-V2-1300,O-20250320-093000-001-V2-1301,BUY,FLAT,0.00,100000.00,1742463000000000000,2025-03-20 09:30:00+00:00,1742476860000000000,2025-03-20 13:21:00+00:00,13860000000000.0,1.08409,1.08255,['4.34 USD'],-0.00142,-158.34 USD,True
BACKTESTER-001,MLSignalStrategyV2-V2,EUR/USD.IDEALPRO,IDEALPRO-001,O-20250320-133000-001-V2-1303,O-20250320-133000-001-V2-1305,BUY,FLAT,0.00,100000.00,1742477400000000000,2025-03-20 13:30:00+00:00,1742479800000000000,2025-03-20 14:10:00+00:00,2400000000000.0,1.08228,1.08386,['4.33 USD'],0.00146,153.67 USD,True
BACKTESTER-001,MLSignalStrategyV2-V2,EUR/USD.IDEALPRO,IDEALPRO-001,O-20250320-143000-001-V2-1306,O-20250320-143000-001-V2-1308,BUY,FLAT,0.00,100000.00,1742481000000000000,2025-03-20 14:30:00+00:00,1742484540000000000,2025-03-20 15:29:00+00:00,3540000000000.0,1.08273,1.08442,['4.34 USD'],0.00156,164.66 USD,True
BACKTESTER-001,MLSignalStrategyV2-V2,EUR/USD.IDEALPRO,IDEALPRO-001,O-20250320-210000-001-V2-1309,O-20250320-210000-001-V2-1311,BUY,FLAT,0.00,100000.00,1742504400000000000,2025-03-20 21:00:00+00:00,1742509560000000000,2025-03-20 22:26:00+00:00,5160000000000.0,1.08503,1.08575,['4.34 USD'],0.00066,67.66 USD,True
BACKTESTER-001,MLSignalStrategyV2-V2,EUR/USD.IDEALPRO,IDEALPRO-001,O-20250321-011500-001-V2-1312,O-20250321-011500-001-V2-1313,BUY,FLAT,0.00,100000.00,1742519700000000000,2025-03-21 01:15:00+00:00,1742523660000000000,2025-03-21 02:21:00+00:00,3960000000000.0,1.08513,1.08478,['4.34 USD'],-0.00032,-39.34 USD,True
BACKTESTER-001,MLSignalStrategyV2-V2,EUR/USD.IDEALPRO,IDEALPRO-001,O-20250321-030000-001-V2-1315,O-20250321-030000-001-V2-1316,BUY,FLAT,0.00,100000.00,1742526000000000000,2025-03-21 03:00:00+00:00,1742527800000000000,2025-03-21 03:30:00+00:00,1800000000000.0,1.08442,1.08397,['4.34 USD'],-0.00041,-49.34 USD,True
BACKTESTER-001,MLSignalStrategyV2-V2,EUR/USD.IDEALPRO,IDEALPRO-001,O-20250321-033000-001-V2-1318,O-20250321-033000-001-V2-1320,SELL,FLAT,0.00,100000.00,1742527800000000000,2025-03-21 03:30:00+00:00,1742530440000000000,2025-03-21 04:14:00+00:00,2640000000000.0,1.084,1.08329,['4.34 USD'],0.00065,66.66 USD,True
BACKTESTER-001,MLSignalStrategyV2-V2,EUR/USD.IDEALPRO,IDEALPRO-001,O-20250321-041500-001-V2-1321,O-20250321-041500-001-V2-1323,SELL,FLAT,0.00,100000.00,1742530500000000000,2025-03-21 04:15:00+00:00,1742534700000000000,2025-03-21 05:25:00+00:00,4200000000000.0,1.08333,1.08257,['4.34 USD'],0.0007,71.66 USD,True
BACKTESTER-001,MLSignalStrategyV2-V2,EUR/USD.IDEALPRO,IDEALPRO-001,O-20250321-053000-001-V2-1324,O-20250321-053000-001-V2-1325,BUY,FLAT,0.00,100000.00,1742535000000000000,2025-03-21 05:30:00+00:00,1742535720000000000,2025-03-21 05:42:00+00:00,720000000000.0,1.08252,1.08208,['4.33 USD'],-0.00041,-48.33 USD,True
BACKTESTER-001,MLSignalStrategyV2-V2,EUR/USD.IDEALPRO,IDEALPRO-001,O-20250321-054500-001-V2-1327,O-20250321-054500-001-V2-1329,BUY,FLAT,0.00,100000.00,1742535900000000000,2025-03-21 05:45:00+00:00,1742536560000000000,2025-03-21 05:56:00+00:00,660000000000.0,1.08203,1.08272,['4.33 USD'],0.00064,64.67 USD,True
BACKTESTER-001,MLSignalStrategyV2-V2,EUR/USD.IDEALPRO,IDEALPRO-001,O-20250321-100000-001-V2-1330,O-20250321-100000-001-V2-1332,BUY,FLAT,0.00,100000.00,1742551200000000000,2025-03-21 10:00:00+00:00,1742551740000000000,2025-03-21 10:09:00+00:00,540000000000.0,1.08257,1.08388,['4.34 USD'],0.00121,126.66 USD,True
BACKTESTER-001,MLSignalStrategyV2-V2,EUR/USD.IDEALPRO,IDEALPRO-001,O-20250321-101500-001-V2-1333,O-20250321-101500-001-V2-1334,BUY,FLAT,0.00,100000.00,1742552100000000000,2025-03-21 10:15:00+00:00,1742552820000000000,2025-03-21 10:27:00+00:00,720000000000.0,1.08366,1.08281,['4.34 USD'],-0.00078,-89.34 USD,True
BACKTESTER-001,MLSignalStrategyV2-V2,EUR/USD.IDEALPRO,IDEALPRO-001,O-20250321-201500-001-V2-1336,O-20250321-201500-001-V2-1338,BUY,FLAT,0.00,100000.00,1742588100000000000,2025-03-21 20:15:00+00:00,1742767320000000000,2025-03-23 22:02:00+00:00,179220000000000.0,1.08168,1.0829,['4.33 USD'],0.00113,117.67 USD,True
BACKTESTER-001,MLSignalStrategyV2-V2,EUR/USD.IDEALPRO,IDEALPRO-001,O-20250323-221500-001-V2-1339,O-20250323-221500-001-V2-1341,BUY,FLAT,0.00,100000.00,1742768100000000000,2025-03-23 22:15:00+00:00,1742773020000000000,2025-03-23 23:37:00+00:00,4920000000000.0,1.08179,1.08266,['4.33 USD'],0.0008,82.67 USD,True
BACKTESTER-001,MLSignalStrategyV2-V2,EUR/USD.IDEALPRO,IDEALPRO-001,O-20250323-234500-001-V2-1342,O-20250323-234500-001-V2-1344,BUY,FLAT,0.00,100000.00,1742773500000000000,2025-03-23 23:45:00+00:00,1742774160000000000,2025-03-23 23:56:00+00:00,660000000000.0,1.08293,1.08371,['4.34 USD'],0.00072,73.66 USD,True
BACKTESTER-001,MLSignalStrategyV2-V2,EUR/USD.IDEALPRO,IDEALPRO-001,O-20250324-084500-001-V2-1345,O-20250324-084500-001-V2-1347,SELL,FLAT,0.00,100000.00,1742805900000000000,2025-03-24 08:45:00+00:00,1742807220000000000,2025-03-24 09:07:00+00:00,1320000000000.0,1.08474,1.08335,['4.34 USD'],0.00128,134.66 USD,True
BACKTESTER-001,MLSignalStrategyV2-V2,EUR/USD.IDEALPRO,IDEALPRO-001,O-20250324-100000-001-V2-1348,O-20250324-100000-001-V2-1349,SELL,FLAT,0.00,100000.00,1742810400000000000,2025-03-24 10:00:00+00:00,1742812020000000000,2025-03-24 10:27:00+00:00,1620000000000.0,1.08394,1.08499,['4.34 USD'],-0.00097,-109.34 USD,True
BACKTESTER-001,MLSignalStrategyV2-V2,EUR/USD.IDEALPRO,IDEALPRO-001,O-20250324-120000-001-V2-1351,O-20250324-120000-001-V2-1353,SELL,FLAT,0.00,100000.00,1742817600000000000,2025-03-24 12:00:00+00:00,1742822160000000000,2025-03-24 13:16:00+00:00,4560000000000.0,1.08326,1.08201,['4.33 USD'],0.00115,120.67 USD,True
BACKTESTER-001,MLSignalStrategyV2-V2,EUR/USD.IDEALPRO,IDEALPRO-001,O-20250324-140000-001-V2-1354,O-20250324-140000-001-V2-1356,BUY,FLAT,0.00,100000.00,1742824800000000000,2025-03-24 14:00:00+00:00,1742825880000000000,2025-03-24 14:18:00+00:00,1080000000000.0,1.07934,1.08081,['4.32 USD'],0.00136,142.68 USD,True
BACKTESTER-001,MLSignalStrategyV2-V2,EUR/USD.IDEALPRO,IDEALPRO-001,O-20250324-144500-001-V2-1357,O-20250324-144500-001-V2-1358,BUY,FLAT,0.00,100000.00,1742827500000000000,2025-03-24 14:45:00+00:00,1742831760000000000,2025-03-24 15:56:00+00:00,4260000000000.0,1.08044,1.07912,['4.32 USD'],-0.00122,-136.32 USD,True
BACKTESTER-001,MLSignalStrategyV2-V2,EUR/USD.IDEALPRO,IDEALPRO-001,O-20250324-170000-001-V2-1360,O-20250324-170000-001-V2-1362,BUY,FLAT,0.00,100000.00,1742835600000000000,2025-03-24 17:00:00+00:00,1742841660000000000,2025-03-24 18:41:00+00:00,6060000000000.0,1.0792,1.08125,['4.32 USD'],0.0019,200.68 USD,True
BACKTESTER-001,MLSignalStrategyV2-V2,EUR/USD.IDEALPRO,IDEALPRO-001,O-20250324-194500-001-V2-1363,O-20250324-194500-001-V2-1364,BUY,FLAT,0.00,100000.00,1742845500000000000,2025-03-24 19:45:00+00:00,1742887440000000000,2025-03-25 07:24:00+00:00,41940000000000.0,1.08004,1.07906,['4.32 USD'],-0.00091,-102.32 USD,True
BACKTESTER-001,MLSignalStrategyV2-V2,EUR/USD.IDEALPRO,IDEALPRO-001,O-20250325-080000-001-V2-1366,O-20250325-080000-001-V2-1367,BUY,FLAT,0.00,100000.00,1742889600000000000,2025-03-25 08:00:00+00:00,1742890140000000000,2025-03-25 08:09:00+00:00,540000000000.0,1.07874,1.07806,['4.32 USD'],-0.00063,-72.32 USD,True
BACKTESTER-001,MLSignalStrategyV2-V2,EUR/USD.IDEALPRO,IDEALPRO-001,O-20250325-081500-001-V2-1369,O-20250325-081500-001-V2-1371,BUY,FLAT,0.00,100000.00,1742890500000000000,2025-03-25 08:15:00+00:00,1742891820000000000,2025-03-25 08:37:00+00:00,1320000000000.0,1.07808,1.07904,['4.32 USD'],0.00089,91.68 USD,True
BACKTESTER-001,MLSignalStrategyV2-V2,EUR/USD.IDEALPRO,IDEALPRO-001,O-20250325-103000-001-V2-1372,O-20250325-103000-001-V2-1374,BUY,FLAT,0.00,100000.00,1742898600000000000,2025-03-25 10:30:00+00:00,1742907180000000000,2025-03-25 12:53:00+00:00,8580000000000.0,1.08171,1.08302,['4.33 USD'],0.00121,126.67 USD,True
BACKTESTER-001,MLSignalStrategyV2-V2,EUR/USD.IDEALPRO,IDEALPRO-001,O-20250325-200000-001-V2-1375,O-20250325-200000-001-V2-1376,BUY,FLAT,0.00,100000.00,1742932800000000000,2025-03-25 20:00:00+00:00,1742943300000000000,2025-03-25 22:55:00+00:00,10500000000000.0,1.07956,1.07882,['4.32 USD'],-0.00069,-78.32 USD,True
BACKTESTER-001,MLSignalStrategyV2-V2,EUR/USD.IDEALPRO,IDEALPRO-001,O-20250326-043000-001-V2-1378,O-20250326-043000-001-V2-1379,BUY,FLAT,0.00,100000.00,1742963400000000000,2025-03-26 04:30:00+00:00,1742965860000000000,2025-03-26 05:11:00+00:00,2460000000000.0,1.07853,1.07806,['4.32 USD'],-0.00044,-51.32 USD,True
BACKTESTER-001,MLSignalStrategyV2-V2,EUR/USD.IDEALPRO,IDEALPRO-001,O-20250326-053000-001-V2-1381,O-20250326-053000-001-V2-1383,BUY,FLAT,0.00,100000.00,1742967000000000000,2025-03-26 05:30:00+00:00,1742974080000000000,2025-03-26 07:28:00+00:00,7080000000000.0,1.07827,1.0789,['4.32 USD'],0.00058,58.68 USD,True
BACKTESTER-001,MLSignalStrategyV2-V2,EUR/USD.IDEALPRO,IDEALPRO-001,O-20250326-143000-001-V2-1384,O-20250326-143000-001-V2-1385,BUY,FLAT,0.00,100000.00,1742999400000000000,2025-03-26 14:30:00+00:00,1743002640000000000,2025-03-26 15:24:00+00:00,3240000000000.0,1.07928,1.0783,['4.32 USD'],-0.00091,-102.32 USD,True
BACKTESTER-001,MLSignalStrategyV2-V2,EUR/USD.IDEALPRO,IDEALPRO-001,O-20250326-160000-001-V2-1387,O-20250326-160000-001-V2-1388,BUY,FLAT,0.00,100000.00,1743004800000000000,2025-03-26 16:00:00+00:00,1743009480000000000,2025-03-26 17:18:00+00:00,4680000000000.0,1.07809,1.0767,['4.31 USD'],-0.00129,-143.31 USD,True
BACKTESTER-001,MLSignalStrategyV2-V2,EUR/USD.IDEALPRO,IDEALPRO-001,O-20250326-213000-001-V2-1390,O-20250326-213000-001-V2-1392,BUY,FLAT,0.00,100000.00,1743024600000000000,2025-03-26 21:30:00+00:00,1743034020000000000,2025-03-27 00:07:00+00:00,9420000000000.0,1.07387,1.07491,['4.30 USD'],0.00097,99.70 USD,True
BACKTESTER-001,MLSignalStrategyV2-V2,EUR/USD.IDEALPRO,IDEALPRO-001,O-20250327-001500-001-V2-1393,O-20250327-001500-001-V2-1394,SELL,FLAT,0.00,100000.00,1743034500000000000,2025-03-27 00:15:00+00:00,1743036480000000000,2025-03-27 00:48:00+00:00,1980000000000.0,1.07474,1.0754,['4.30 USD'],-0.00061,-70.30 USD,True
BACKTESTER-001,MLSignalStrategyV2-V2,EUR/USD.IDEALPRO,IDEALPRO-001,O-20250327-030000-001-V2-1396,O-20250327-030000-001-V2-1397,SELL,FLAT,0.00,100000.00,1743044400000000000,2025-03-27 03:00:00+00:00,1743048360000000000,2025-03-27 04:06:00+00:00,3960000000000.0,1.0776,1.07817,['4.32 USD'],-0.00053,-61.32 USD,True
BACKTESTER-001,MLSignalStrategyV2-V2,EUR/USD.IDEALPRO,IDEALPRO-001,O-20250327-043000-001-V2-1399,O-20250327-043000-001-V2-1401,SELL,FLAT,0.00,100000.00,1743049800000000000,2025-03-27 04:30:00+00:00,1743052260000000000,2025-03-27 05:11:00+00:00,2460000000000.0,1.07858,1.07778,['4.32 USD'],0.00074,75.68 USD,True
BACKTESTER-001,MLSignalStrategyV2-V2,EUR/USD.IDEALPRO,IDEALPRO-001,O-20250327-154500-001-V2-1402,O-20250327-154500-001-V2-1404,SELL,FLAT,0.00,100000.00,1743090300000000000,2025-03-27 15:45:00+00:00,1743091080000000000,2025-03-27 15:58:00+00:00,780000000000.0,1.08157,1.07977,['4.32 USD'],0.00166,175.68 USD,True
BACKTESTER-001,MLSignalStrategyV2-V2,EUR/USD.IDEALPRO,IDEALPRO-001,O-20250327-184500-001-V2-1405,O-20250327-184500-001-V2-1407,SELL,FLAT,0.00,100000.00,1743101100000000000,2025-03-27 18:45:00+00:00,1743148620000000000,2025-03-28 07:57:00+00:00,47520000000000.0,1.07946,1.07818,['4.32 USD'],0.00119,123.68 USD,True
BACKTESTER-001,MLSignalStrategyV2-V2,EUR/USD.IDEALPRO,IDEALPRO-001,O-20250328-090000-001-V2-1408,O-20250328-090000-001-V2-1410,SELL,FLAT,0.00,100000.00,1743152400000000000,2025-03-28 09:00:00+00:00,1743159780000000000,2025-03-28 11:03:00+00:00,7380000000000.0,1.07783,1.07658,['4.31 USD'],0.00116,120.69 USD,True
BACKTESTER-001,MLSignalStrategyV2-V2,EUR/USD.IDEALPRO,IDEALPRO-001,O-20250328-150000-001-V2-1411,O-20250328-150000-001-V2-1412,SELL,FLAT,0.00,100000.00,1743174000000000000,2025-03-28 15:00:00+00:00,1743174660000000000,2025-03-28 15:11:00+00:00,660000000000.0,1.08231,1.08358,['4.33 USD'],-0.00117,-131.33 USD,True
BACKTESTER-001,MLSignalStrategyV2-V2,EUR/USD.IDEALPRO,IDEALPRO-001,O-20250328-151500-001-V2-1414,O-20250328-151500-001-V2-1416,SELL,FLAT,0.00,100000.00,1743174900000000000,2025-03-28 15:15:00+00:00,1743182220000000000,2025-03-28 17:17:00+00:00,7320000000000.0,1.08334,1.08157,['4.33 USD'],0.00163,172.67 USD,True
BACKTESTER-001,MLSignalStrategyV2-V2,EUR/USD.IDEALPRO,IDEALPRO-001,O-20250328-200000-001-V2-1417,O-20250328-200000-001-V2-1419,BUY,FLAT,0.00,100000.00,1743192000000000000,2025-03-28 20:00:00+00:00,1743194040000000000,2025-03-28 20:34:00+00:00,2040000000000.0,1.08256,1.08362,['4.34 USD'],0.00098,101.66 USD,True
BACKTESTER-001,MLSignalStrategyV2-V2,EUR/USD.IDEALPRO,IDEALPRO-001,O-20250330-220000-001-V2-1420,O-20250330-220000-001-V2-1421,BUY,FLAT,0.00,100000.00,1743372000000000000,2025-03-30 22:00:00+00:00,1743372300000000000,2025-03-30 22:05:00+00:00,300000000000.0,1.08161,1.08066,['4.32 USD'],-0.00088,-99.32 USD,True
BACKTESTER-001,MLSignalStrategyV2-V2,EUR/USD.IDEALPRO,IDEALPRO-001,O-20250330-221500-001-V2-1423,O-20250330-221500-001-V2-1425,BUY,FLAT,0.00,100000.00,1743372900000000000,2025-03-30 22:15:00+00:00,1743374280000000000,2025-03-30 22:38:00+00:00,1380000000000.0,1.08092,1.0819,['4.32 USD'],0.00091,93.68 USD,True
BACKTESTER-001,MLSignalStrategyV2-V2,EUR/USD.IDEALPRO,IDEALPRO-001,O-20250330-224500-001-V2-1426,O-20250330-224500-001-V2-1427,BUY,FLAT,0.00,100000.00,1743374700000000000,2025-03-30 22:45:00+00:00,1743377400000000000,2025-03-30 23:30:00+00:00,2700000000000.0,1.0821,1.08108,['4.32 USD'],-0.00094,-106.32 USD,True
BACKTESTER-001,MLSignalStrategyV2-V2,EUR/USD.IDEALPRO,IDEALPRO-001,O-20250330-233000-001-V2-1429,O-20250330-233000-001-V2-1431,BUY,FLAT,0.00,100000.00,1743377400000000000,2025-03-30 23:30:00+00:00,1743378300000000000,2025-03-30 23:45:00+00:00,900000000000.0,1.08124,1.08238,['4.32 USD'],0.00105,109.68 USD,True
BACKTESTER-001,MLSignalStrategyV2-V2,EUR/USD.IDEALPRO,IDEALPRO-001,O-20250330-234500-001-V2-1432,O-20250330-234500-001-V2-1434,BUY,FLAT,0.00,100000.00,1743378300000000000,2025-03-30 23:45:00+00:00,1743381180000000000,2025-03-31 00:33:00+00:00,2880000000000.0,1.08227,1.08347,['4.33 USD'],0.00111,115.67 USD,True
BACKTESTER-001,MLSignalStrategyV2-V2,EUR/USD.IDEALPRO,IDEALPRO-001,O-20250331-064500-001-V2-1435,O-20250331-064500-001-V2-1437,BUY,FLAT,0.00,100000.00,1743403500000000000,2025-03-31 06:45:00+00:00,1743404760000000000,2025-03-31 07:06:00+00:00,1260000000000.0,1.08352,1.0846,['4.34 USD'],0.001,103.66 USD,True
BACKTESTER-001,MLSignalStrategyV2-V2,EUR/USD.IDEALPRO,IDEALPRO-001,O-20250331-073000-001-V2-1438,O-20250331-073000-001-V2-1440,SELL,FLAT,0.00,100000.00,1743406200000000000,2025-03-31 07:30:00+00:00,1743409560000000000,2025-03-31 08:26:00+00:00,3360000000000.0,1.08275,1.08136,['4.33 USD'],0.00128,134.67 USD,True
BACKTESTER-001,MLSignalStrategyV2-V2,EUR/USD.IDEALPRO,IDEALPRO-001,O-20250331-083000-001-V2-1441,O-20250331-083000-001-V2-1442,SELL,FLAT,0.00,100000.00,1743409800000000000,2025-03-31 08:30:00+00:00,1743410520000000000,2025-03-31 08:42:00+00:00,720000000000.0,1.08119,1.08235,['4.32 USD'],-0.00107,-120.32 USD,True
BACKTESTER-001,MLSignalStrategyV2-V2,EUR/USD.IDEALPRO,IDEALPRO-001,O-20250331-100000-001-V2-1444,O-20250331-100000-001-V2-1445,BUY,FLAT,0.00,100000.00,1743415200000000000,2025-03-31 10:00:00+00:00,1743415980000000000,2025-03-31 10:13:00+00:00,780000000000.0,1.08163,1.08068,['4.32 USD'],-0.00088,-99.32 USD,True
BACKTESTER-001,MLSignalStrategyV2-V2,EUR/USD.IDEALPRO,IDEALPRO-001,O-20250331-101500-001-V2-1447,O-20250331-101500-001-V2-1449,BUY,FLAT,0.00,100000.00,1743416100000000000,2025-03-31 10:15:00+00:00,1743419100000000000,2025-03-31 11:05:00+00:00,3000000000000.0,1.08086,1.08237,['4.32 USD'],0.0014,146.68 USD,True
BACKTESTER-001,MLSignalStrategyV2-V2,EUR/USD.IDEALPRO,IDEALPRO-001,O-20250331-141500-001-V2-1450,O-20250331-141500-001-V2-1451,BUY,FLAT,0.00,100000.00,1743430500000000000,2025-03-31 14:15:00+00:00,1743431100000000000,2025-03-31 14:25:00+00:00,600000000000.0,1.08036,1.0792,['4.32 USD'],-0.00107,-120.32 USD,True
BACKTESTER-001,MLSignalStrategyV2-V2,EUR/USD.IDEALPRO,IDEALPRO-001,O-20250331-144500-001-V2-1453,O-20250331-144500-001-V2-1455,BUY,FLAT,0.00,100000.00,1743432300000000000,2025-03-31 14:45:00+00:00,1743433080000000000,2025-03-31 14:58:00+00:00,780000000000.0,1.07878,1.08061,['4.32 USD'],0.0017,178.68 USD,True
BACKTESTER-001,MLSignalStrategyV2-V2,EUR/USD.IDEALPRO,IDEALPRO-001,O-20250331-151500-001-V2-1456,O-20250331-151500-001-V2-1457,BUY,FLAT,0.00,100000.00,1743434100000000000,2025-03-31 15:15:00+00:00,1743435420000000000,2025-03-31 15:37:00+00:00,1320000000000.0,1.08116,1.07976,['4.32 USD'],-0.00129,-144.32 USD,True
BACKTESTER-001,MLSignalStrategyV2-V2,EUR/USD.IDEALPRO,IDEALPRO-001,O-20250331-200000-001-V2-1459,O-20250331-200000-001-V2-1461,BUY,FLAT,0.00,100000.00,1743451200000000000,2025-03-31 20:00:00+00:00,1743466440000000000,2025-04-01 00:14:00+00:00,15240000000000.0,1.08142,1.08235,['4.32 USD'],0.00086,88.68 USD,True
BACKTESTER-001,MLSignalStrategyV2-V2,EUR/USD.IDEALPRO,IDEALPRO-001,O-20250401-010000-001-V2-1462,O-20250401-010000-001-V2-1464,SELL,FLAT,0.00,100000.00,1743469200000000000,2025-04-01 01:00:00+00:00,1743471180000000000,2025-04-01 01:33:00+00:00,1980000000000.0,1.08251,1.08192,['4.33 USD'],0.00055,54.67 USD,True
BACKTESTER-001,MLSignalStrategyV2-V2,EUR/USD.IDEALPRO,IDEALPRO-001,O-20250401-090000-001-V2-1465,O-20250401-090000-001-V2-1466,SELL,FLAT,0.00,100000.00,1743498000000000000,2025-04-01 09:00:00+00:00,1743498240000000000,2025-04-01 09:04:00+00:00,240000000000.0,1.08178,1.08264,['4.33 USD'],-0.00079,-90.33 USD,True
BACKTESTER-001,MLSignalStrategyV2-V2,EUR/USD.IDEALPRO,IDEALPRO-001,O-20250401-113000-001-V2-1468,O-20250401-113000-001-V2-1470,BUY,FLAT,0.00,100000.00,1743507000000000000,2025-04-01 11:30:00+00:00,1743516600000000000,2025-04-01 14:10:00+00:00,9600000000000.0,1.07874,1.08063,['4.32 USD'],0.00175,184.68 USD,True
BACKTESTER-001,MLSignalStrategyV2-V2,EUR/USD.IDEALPRO,IDEALPRO-001,O-20250401-200000-001-V2-1471,O-20250401-200000-001-V2-1473,BUY,FLAT,0.00,100000.00,1743537600000000000,2025-04-01 20:00:00+00:00,1743540480000000000,2025-04-01 20:48:00+00:00,2880000000000.0,1.07898,1.08022,['4.32 USD'],0.00115,119.68 USD,True
BACKTESTER-001,MLSignalStrategyV2-V2,EUR/USD.IDEALPRO,IDEALPRO-001,O-20250401-220000-001-V2-1474,O-20250401-220000-001-V2-1476,BUY,FLAT,0.00,100000.00,1743544800000000000,2025-04-01 22:00:00+00:00,1743545940000000000,2025-04-01 22:19:00+00:00,1140000000000.0,1.07942,1.08017,['4.32 USD'],0.00069,70.68 USD,True
BACKTESTER-001,MLSignalStrategyV2-V2,EUR/USD.IDEALPRO,IDEALPRO-001,O-20250401-223000-001-V2-1477,O-20250401-223000-001-V2-1478,BUY,FLAT,0.00,100000.00,1743546600000000000,2025-04-01 22:30:00+00:00,1743547140000000000,2025-04-01 22:39:00+00:00,540000000000.0,1.08067,1.0801,['4.32 USD'],-0.00053,-61.32 USD,True
BACKTESTER-001,MLSignalStrategyV2-V2,EUR/USD.IDEALPRO,IDEALPRO-001,O-20250401-224500-001-V2-1480,O-20250401-224500-001-V2-1481,BUY,FLAT,0.00,100000.00,1743547500000000000,2025-04-01 22:45:00+00:00,1743552000000000000,2025-04-02 00:00:00+00:00,4500000000000.0,1.08011,1.07944,['4.32 USD'],-0.00062,-71.32 USD,True
BACKTESTER-001,MLSignalStrategyV2-V2,EUR/USD.IDEALPRO,IDEALPRO-001,O-20250402-030000-001-V2-1483,O-20250402-030000-001-V2-1484,SELL,FLAT,0.00,100000.00,1743562800000000000,2025-04-02 03:00:00+00:00,1743563520000000000,2025-04-02 03:12:00+00:00,720000000000.0,1.07945,1.07993,['4.32 USD'],-0.00044,-52.32 USD,True
BACKTESTER-001,MLSignalStrategyV2-V2,EUR/USD.IDEALPRO,IDEALPRO-001,O-20250402-031500-001-V2-1486,O-20250402-031500-001-V2-1488,SELL,FLAT,0.00,100000.00,1743563700000000000,2025-04-02 03:15:00+00:00,1743570060000000000,2025-04-02 05:01:00+00:00,6360000000000.0,1.07991,1.07918,['4.32 USD'],0.00068,68.68 USD,True
BACKTESTER-001,MLSignalStrategyV2-V2,EUR/USD.IDEALPRO,IDEALPRO-001,O-20250402-073000-001-V2-1489,O-20250402-073000-001-V2-1491,BUY,FLAT,0.00,100000.00,1743579000000000000,2025-04-02 07:30:00+00:00,1743581280000000000,2025-04-02 08:08:00+00:00,2280000000000.0,1.0787,1.07954,['4.32 USD'],0.00078,79.68 USD,True
BACKTESTER-001,MLSignalStrategyV2-V2,EUR/USD.IDEALPRO,IDEALPRO-001,O-20250402-164500-001-V2-1492,O-20250402-164500-001-V2-1494,SELL,FLAT,0.00,100000.00,1743612300000000000,2025-04-02 16:45:00+00:00,1743624720000000000,2025-04-02 20:12:00+00:00,12420000000000.0,1.08498,1.08331,['4.34 USD'],0.00154,162.66 USD,True
BACKTESTER-001,MLSignalStrategyV2-V2,EUR/USD.IDEALPRO,IDEALPRO-001,O-20250402-203000-001-V2-1495,O-20250402-203000-001-V2-1497,SELL,FLAT,0.00,100000.00,1743625800000000000,2025-04-02 20:30:00+00:00,1743626400000000000,2025-04-02 20:40:00+00:00,600000000000.0,1.08532,1.08158,['4.33 USD'],0.00345,369.67 USD,True
BACKTESTER-001,MLSignalStrategyV2-V2,EUR/USD.IDEALPRO,IDEALPRO-001,O-20250402-204500-001-V2-1498,O-20250402-204500-001-V2-1499,SELL,FLAT,0.00,100000.00,1743626700000000000,2025-04-02 20:45:00+00:00,1743627360000000000,2025-04-02 20:56:00+00:00,660000000000.0,1.08183,1.08563,['4.33 USD'],-0.00351,-384.33 USD,True
BACKTESTER-001,MLSignalStrategyV2-V2,EUR/USD.IDEALPRO,IDEALPRO-001,O-20250402-213000-001-V2-1501,O-20250402-213000-001-V2-1503,BUY,FLAT,0.00,100000.00,1743629400000000000,2025-04-02 21:30:00+00:00,1743636120000000000,2025-04-02 23:22:00+00:00,6720000000000.0,1.08169,1.08673,['4.33 USD'],0.00466,499.67 USD,True
BACKTESTER-001,MLSignalStrategyV2-V2,EUR/USD.IDEALPRO,IDEALPRO-001,O-20250403-030000-001-V2-1504,O-20250403-030000-001-V2-1506,BUY,FLAT,0.00,100000.00,1743649200000000000,2025-04-03 03:00:00+00:00,1743657960000000000,2025-04-03 05:26:00+00:00,8760000000000.0,1.09122,1.09352,['4.37 USD'],0.00211,225.63 USD,True
BACKTESTER-001,MLSignalStrategyV2-V2,EUR/USD.IDEALPRO,IDEALPRO-001,O-20250403-061500-001-V2-1507,O-20250403-061500-001-V2-1509,BUY,FLAT,0.00,100000.00,1743660900000000000,2025-04-03 06:15:00+00:00,1743662100000000000,2025-04-03 06:35:00+00:00,1200000000000.0,1.0946,1.0966,['4.38 USD'],0.00183,195.62 USD,True
BACKTESTER-001,MLSignalStrategyV2-V2,EUR/USD.IDEALPRO,IDEALPRO-001,O-20250403-064500-001-V2-1510,O-20250403-064500-001-V2-1511,BUY,FLAT,0.00,100000.00,1743662700000000000,2025-04-03 06:45:00+00:00,1743664920000000000,2025-04-03 07:22:00+00:00,2220000000000.0,1.09779,1.09635,['4.39 USD'],-0.00131,-148.39 USD,True
BACKTESTER-001,MLSignalStrategyV2-V2,EUR/USD.IDEALPRO,IDEALPRO-001,O-20250403-091500-001-V2-1513,O-20250403-091500-001-V2-1514,SELL,FLAT,0.00,100000.00,1743671700000000000,2025-04-03 09:15:00+00:00,1743674760000000000,2025-04-03 10:06:00+00:00,3060000000000.0,1.10308,1.10652,['4.42 USD'],-0.00312,-348.42 USD,True
BACKTESTER-001,MLSignalStrategyV2-V2,EUR/USD.IDEALPRO,IDEALPRO-001,O-20250403-101500-001-V2-1516,O-20250403-101500-001-V2-1518,SELL,FLAT,0.00,100000.00,1743675300000000000,2025-04-03 10:15:00+00:00,1743677100000000000,2025-04-03 10:45:00+00:00,1800000000000.0,1.11057,1.10653,['4.43 USD'],0.00364,399.57 USD,True
BACKTESTER-001,MLSignalStrategyV2-V2,EUR/USD.IDEALPRO,IDEALPRO-001,O-20250403-104500-001-V2-1519,O-20250403-104500-001-V2-1520,SELL,FLAT,0.00,100000.00,1743677100000000000,2025-04-03 10:45:00+00:00,1743681960000000000,2025-04-03 12:06:00+00:00,4860000000000.0,1.10698,1.11076,['4.43 USD'],-0.00341,-382.43 USD,True
BACKTESTER-001,MLSignalStrategyV2-V2,EUR/USD.IDEALPRO,IDEALPRO-001,O-20250403-121500-001-V2-1522,O-20250403-121500-001-V2-1523,SELL,FLAT,0.00,100000.00,1743682500000000000,2025-04-03 12:15:00+00:00,1743686160000000000,2025-04-03 13:16:00+00:00,3660000000000.0,1.10868,1.112,['4.44 USD'],-0.00299,-336.44 USD,True
BACKTESTER-001,MLSignalStrategyV2-V2,EUR/USD.IDEALPRO,IDEALPRO-001,O-20250403-133000-001-V2-1525,O-20250403-133000-001-V2-1526,SELL,FLAT,0.00,100000.00,1743687000000000000,2025-04-03 13:30:00+00:00,1743691620000000000,2025-04-03 14:47:00+00:00,4620000000000.0,1.10943,1.11265,['4.45 USD'],-0.0029,-326.45 USD,True
BACKTESTER-001,MLSignalStrategyV2-V2,EUR/USD.IDEALPRO,IDEALPRO-001,O-20250403-150000-001-V2-1528,O-20250403-150000-001-V2-1530,SELL,FLAT,0.00,100000.00,1743692400000000000,2025-04-03 15:00:00+00:00,1743693600000000000,2025-04-03 15:20:00+00:00,1200000000000.0,1.11183,1.10774,['4.44 USD'],0.00368,404.56 USD,True
BACKTESTER-001,MLSignalStrategyV2-V2,EUR/USD.IDEALPRO,IDEALPRO-001,O-20250403-153000-001-V2-1531,O-20250403-153000-001-V2-1533,SELL,FLAT,0.00,100000.00,1743694200000000000,2025-04-03 15:30:00+00:00,1743702300000000000,2025-04-03 17:45:00+00:00,8100000000000.0,1.10614,1.10223,['4.41 USD'],0.00353,386.59 USD,True
BACKTESTER-001,MLSignalStrategyV2-V2,EUR/USD.IDEALPRO,IDEALPRO-001,O-20250403-180000-001-V2-1534,O-20250403-180000-001-V2-1536,BUY,FLAT,0.00,100000.00,1743703200000000000,2025-04-03 18:00:00+00:00,1743713340000000000,2025-04-03 20:49:00+00:00,10140000000000.0,1.10245,1.10499,['4.41 USD'],0.0023,249.59 USD,True
BACKTESTER-001,MLSignalStrategyV2-V2,EUR/USD.IDEALPRO,IDEALPRO-001,O-20250403-213000-001-V2-1537,O-20250403-213000-001-V2-1538,SELL,FLAT,0.00,100000.00,1743715800000000000,2025-04-03 21:30:00+00:00,1743718980000000000,2025-04-03 22:23:00+00:00,3180000000000.0,1.10512,1.10611,['4.42 USD'],-0.0009,-103.42 USD,True
BACKTESTER-001,MLSignalStrategyV2-V2,EUR/USD.IDEALPRO,IDEALPRO-001,O-20250403-234500-001-V2-1540,O-20250403-234500-001-V2-1541,SELL,FLAT,0.00,100000.00,1743723900000000000,2025-04-03 23:45:00+00:00,1743727440000000000,2025-04-04 00:44:00+00:00,3540000000000.0,1.10467,1.10564,['4.42 USD'],-0.00088,-101.42 USD,True
BACKTESTER-001,MLSignalStrategyV2-V2,EUR/USD.IDEALPRO,IDEALPRO-001,O-20250404-013000-001-V2-1543,O-20250404-013000-001-V2-1545,BUY,FLAT,0.00,100000.00,1743730200000000000,2025-04-04 01:30:00+00:00,1743732720000000000,2025-04-04 02:12:00+00:00,2520000000000.0,1.10612,1.10766,['4.43 USD'],0.00139,149.57 USD,True
BACKTESTER-001,MLSignalStrategyV2-V2,EUR/USD.IDEALPRO,IDEALPRO-001,O-20250404-024500-001-V2-1546,O-20250404-024500-001-V2-1548,BUY,FLAT,0.00,100000.00,1743734700000000000,2025-04-04 02:45:00+00:00,1743737760000000000,2025-04-04 03:36:00+00:00,3060000000000.0,1.10669,1.10857,['4.43 USD'],0.0017,183.57 USD,True
BACKTESTER-001,MLSignalStrategyV2-V2,EUR/USD.IDEALPRO,IDEALPRO-001,O-20250404-053000-001-V2-1549,O-20250404-053000-001-V2-1551,SELL,FLAT,0.00,100000.00,1743744600000000000,2025-04-04 05:30:00+00:00,1743744840000000000,2025-04-04 05:34:00+00:00,240000000000.0,1.11056,1.1089,['4.44 USD'],0.00149,161.56 USD,True
BACKTESTER-001,MLSignalStrategyV2-V2,EUR/USD.IDEALPRO,IDEALPRO-001,O-20250404-070000-001-V2-1552,O-20250404-070000-001-V2-1553,BUY,FLAT,0.00,100000.00,1743750000000000000,2025-04-04 07:00:00+00:00,1743752220000000000,2025-04-04 07:37:00+00:00,2220000000000.0,1.10507,1.10379,['4.42 USD'],-0.00116,-132.42 USD,True
BACKTESTER-001,MLSignalStrategyV2-V2,EUR/USD.IDEALPRO,IDEALPRO-001,O-20250404-074500-001-V2-1555,O-20250404-074500-001-V2-1556,BUY,FLAT,0.00,100000.00,1743752700000000000,2025-04-04 07:45:00+00:00,1743753420000000000,2025-04-04 07:57:00+00:00,720000000000.0,1.10225,1.10052,['4.40 USD'],-0.00157,-177.40 USD,True
BACKTESTER-001,MLSignalStrategyV2-V2,EUR/USD.IDEALPRO,IDEALPRO-001,O-20250404-090000-001-V2-1558,O-20250404-090000-001-V2-1559,BUY,FLAT,0.00,100000.00,1743757200000000000,2025-04-04 09:00:00+00:00,1743757560000000000,2025-04-04 09:06:00+00:00,360000000000.0,1.09964,1.09775,['4.40 USD'],-0.00172,-193.40 USD,True
BACKTESTER-001,MLSignalStrategyV2-V2,EUR/USD.IDEALPRO,IDEALPRO-001,O-20250404-091500-001-V2-1561,O-20250404-091500-001-V2-1563,BUY,FLAT,0.00,100000.00,1743758100000000000,2025-04-04 09:15:00+00:00,1743762060000000000,2025-04-04 10:21:00+00:00,3960000000000.0,1.09788,1.10068,['4.40 USD'],0.00255,275.60 USD,True
BACKTESTER-001,MLSignalStrategyV2-V2,EUR/USD.IDEALPRO,IDEALPRO-001,O-20250404-130000-001-V2-1564,O-20250404-130000-001-V2-1566,SELL,FLAT,0.00,100000.00,1743771600000000000,2025-04-04 13:00:00+00:00,1743777900000000000,2025-04-04 14:45:00+00:00,6300000000000.0,1.10197,1.09686,['4.39 USD'],0.00464,506.61 USD,True
BACKTESTER-001,MLSignalStrategyV2-V2,EUR/USD.IDEALPRO,IDEALPRO-001,O-20250404-151500-001-V2-1567,O-20250404-151500-001-V2-1569,SELL,FLAT,0.00,100000.00,1743779700000000000,2025-04-04 15:15:00+00:00,1743786480000000000,2025-04-04 17:08:00+00:00,6780000000000.0,1.0997,1.09499,['4.39 USD'],0.00428,466.61 USD,True
BACKTESTER-001,MLSignalStrategyV2-V2,EUR/USD.IDEALPRO,IDEALPRO-001,O-20250404-201500-001-V2-1570,O-20250404-201500-001-V2-1572,SELL,FLAT,0.00,100000.00,1743797700000000000,2025-04-04 20:15:00+00:00,1743974160000000000,2025-04-06 21:16:00+00:00,176460000000000.0,1.09501,1.08835,['4.37 USD'],0.00608,661.63 USD,True
BACKTESTER-001,MLSignalStrategyV2-V2,EUR/USD.IDEALPRO,IDEALPRO-001,O-20250406-213000-001-V2-1573,O-20250406-213000-001-V2-1575,BUY,FLAT,0.00,100000.00,1743975000000000000,2025-04-06 21:30:00+00:00,1743976920000000000,2025-04-06 22:02:00+00:00,1920000000000.0,1.08918,1.09277,['4.37 USD'],0.0033,354.63 USD,True
BACKTESTER-001,MLSignalStrategyV2-V2,EUR/USD.IDEALPRO,IDEALPRO-001,O-20250406-221500-001-V2-1576,O-20250406-221500-001-V2-1578,BUY,FLAT,0.00,100000.00,1743977700000000000,2025-04-06 22:15:00+00:00,1743978240000000000,2025-04-06 22:24:00+00:00,540000000000.0,1.09535,1.09948,['4.39 USD'],0.00377,408.61 USD,True
BACKTESTER-001,MLSignalStrategyV2-V2,EUR/USD.IDEALPRO,IDEALPRO-001,O-20250406-223000-001-V2-1579,O-20250406-223000-001-V2-1580,BUY,FLAT,0.00,100000.00,1743978600000000000,2025-04-06 22:30:00+00:00,1743984660000000000,2025-04-07 00:11:00+00:00,6060000000000.0,1.09838,1.09573,['4.39 USD'],-0.00241,-269.39 USD,True
BACKTESTER-001,MLSignalStrategyV2-V2,EUR/USD.IDEALPRO,IDEALPRO-001,O-20250407-020000-001-V2-1582,O-20250407-020000-001-V2-1584,SELL,FLAT,0.00,100000.00,1743991200000000000,2025-04-07 02:00:00+00:00,1743992820000000000,2025-04-07 02:27:00+00:00,1620000000000.0,1.09679,1.09395,['4.38 USD'],0.00259,279.62 USD,True
BACKTESTER-001,MLSignalStrategyV2-V2,EUR/USD.IDEALPRO,IDEALPRO-001,O-20250407-023000-001-V2-1585,O-20250407-023000-001-V2-1587,BUY,FLAT,0.00,100000.00,1743993000000000000,2025-04-07 02:30:00+00:00,1743999360000000000,2025-04-07 04:16:00+00:00,6360000000000.0,1.09368,1.09639,['4.38 USD'],0.00248,266.62 USD,True
BACKTESTER-001,MLSignalStrategyV2-V2,EUR/USD.IDEALPRO,IDEALPRO-001,O-20250407-053000-001-V2-1588,O-20250407-053000-001-V2-1590,BUY,FLAT,0.00,100000.00,1744003800000000000,2025-04-07 05:30:00+00:00,1744005540000000000,2025-04-07 05:59:00+00:00,1740000000000.0,1.0994,1.10162,['4.40 USD'],0.00202,217.60 USD,True
BACKTESTER-001,MLSignalStrategyV2-V2,EUR/USD.IDEALPRO,IDEALPRO-001,O-20250407-060000-001-V2-1591,O-20250407-060000-001-V2-1593,SELL,FLAT,0.00,100000.00,1744005600000000000,2025-04-07 06:00:00+00:00,1744007760000000000,2025-04-07 06:36:00+00:00,2160000000000.0,1.10183,1.09956,['4.40 USD'],0.00206,222.60 USD,True
BACKTESTER-001,MLSignalStrategyV2-V2,EUR/USD.IDEALPRO,IDEALPRO-001,O-20250407-071500-001-V2-1594,O-20250407-071500-001-V2-1596,SELL,FLAT,0.00,100000.00,1744010100000000000,2025-04-07 07:15:00+00:00,1744012020000000000,2025-04-07 07:47:00+00:00,1920000000000.0,1.10398,1.10079,['4.41 USD'],0.00289,314.59 USD,True
BACKTESTER-001,MLSignalStrategyV2-V2,EUR/USD.IDEALPRO,IDEALPRO-001,O-20250407-080000-001-V2-1597,O-20250407-080000-001-V2-1598,SELL,FLAT,0.00,100000.00,1744012800000000000,2025-04-07 08:00:00+00:00,1744013040000000000,2025-04-07 08:04:00+00:00,240000000000.0,1.10007,1.1022,['4.40 USD'],-0.00194,-217.40 USD,True
BACKTESTER-001,MLSignalStrategyV2-V2,EUR/USD.IDEALPRO,IDEALPRO-001,O-20250407-103000-001-V2-1600,O-20250407-103000-001-V2-1602,SELL,FLAT,0.00,100000.00,1744021800000000000,2025-04-07 10:30:00+00:00,1744023720000000000,2025-04-07 11:02:00+00:00,1920000000000.0,1.09852,1.09555,['4.39 USD'],0.0027,292.61 USD,True
BACKTESTER-001,MLSignalStrategyV2-V2,EUR/USD.IDEALPRO,IDEALPRO-001,O-20250407-111500-001-V2-1603,O-20250407-111500-001-V2-1605,BUY,FLAT,0.00,100000.00,1744024500000000000,2025-04-07 11:15:00+00:00,1744030140000000000,2025-04-07 12:49:00+00:00,5640000000000.0,1.09513,1.09804,['4.39 USD'],0.00266,286.61 USD,True
BACKTESTER-001,MLSignalStrategyV2-V2,EUR/USD.IDEALPRO,IDEALPRO-001,O-20250407-130000-001-V2-1606,O-20250407-130000-001-V2-1608,SELL,FLAT,0.00,100000.00,1744030800000000000,2025-04-07 13:00:00+00:00,1744033740000000000,2025-04-07 13:49:00+00:00,2940000000000.0,1.09738,1.09404,['4.38 USD'],0.00304,329.62 USD,True
BACKTESTER-001,MLSignalStrategyV2-V2,EUR/USD.IDEALPRO,IDEALPRO-001,O-20250407-140000-001-V2-1609,O-20250407-140000-001-V2-1610,SELL,FLAT,0.00,100000.00,1744034400000000000,2025-04-07 14:00:00+00:00,1744035060000000000,2025-04-07 14:11:00+00:00,660000000000.0,1.09415,1.09726,['4.38 USD'],-0.00284,-315.38 USD,True
BACKTESTER-001,MLSignalStrategyV2-V2,EUR/USD.IDEALPRO,IDEALPRO-001,O-20250407-141500-001-V2-1612,O-20250407-141500-001-V2-1614,SELL,FLAT,0.00,100000.00,1744035300000000000,2025-04-07 14:15:00+00:00,1744037220000000000,2025-04-07 14:47:00+00:00,1920000000000.0,1.09643,1.09318,['4.38 USD'],0.00296,320.62 USD,True
BACKTESTER-001,MLSignalStrategyV2-V2,EUR/USD.IDEALPRO,IDEALPRO-001,O-20250407-150000-001-V2-1615,O-20250407-150000-001-V2-1617,BUY,FLAT,0.00,100000.00,1744038000000000000,2025-04-07 15:00:00+00:00,1744076220000000000,2025-04-08 01:37:00+00:00,38220000000000.0,1.09222,1.09593,['4.37 USD'],0.0034,366.63 USD,True
BACKTESTER-001,MLSignalStrategyV2-V2,EUR/USD.IDEALPRO,IDEALPRO-001,O-20250408-014500-001-V2-1618,O-20250408-014500-001-V2-1620,BUY,FLAT,0.00,100000.00,1744076700000000000,2025-04-08 01:45:00+00:00,1744080300000000000,2025-04-08 02:45:00+00:00,3600000000000.0,1.09598,1.098,['4.39 USD'],0.00184,197.61 USD,True
BACKTESTER-001,MLSignalStrategyV2-V2,EUR/USD.IDEALPRO,IDEALPRO-001,O-20250408-071500-001-V2-1621,O-20250408-071500-001-V2-1622,BUY,FLAT,0.00,100000.00,1744096500000000000,2025-04-08 07:15:00+00:00,1744096860000000000,2025-04-08 07:21:00+00:00,360000000000.0,1.09772,1.09612,['4.39 USD'],-0.00146,-164.39 USD,True
BACKTESTER-001,MLSignalStrategyV2-V2,EUR/USD.IDEALPRO,IDEALPRO-001,O-20250408-081500-001-V2-1624,O-20250408-081500-001-V2-1626,SELL,FLAT,0.00,100000.00,1744100100000000000,2025-04-08 08:15:00+00:00,1744104300000000000,2025-04-08 09:25:00+00:00,4200000000000.0,1.09404,1.09129,['4.37 USD'],0.00251,270.63 USD,True
BACKTESTER-001,MLSignalStrategyV2-V2,EUR/USD.IDEALPRO,IDEALPRO-001,O-20250408-093000-001-V2-1627,O-20250408-093000-001-V2-1629,BUY,FLAT,0.00,100000.00,1744104600000000000,2025-04-08 09:30:00+00:00,1744111080000000000,2025-04-08 11:18:00+00:00,6480000000000.0,1.09173,1.09427,['4.37 USD'],0.00233,249.63 USD,True
BACKTESTER-001,MLSignalStrategyV2-V2,EUR/USD.IDEALPRO,IDEALPRO-001,O-20250408-143000-001-V2-1630,O-20250408-143000-001-V2-1632,BUY,FLAT,0.00,100000.00,1744122600000000000,2025-04-08 14:30:00+00:00,1744130940000000000,2025-04-08 16:49:00+00:00,8340000000000.0,1.09055,1.09323,['4.37 USD'],0.00246,263.63 USD,True
BACKTESTER-001,MLSignalStrategyV2-V2,EUR/USD.IDEALPRO,IDEALPRO-001,O-20250408-203000-001-V2-1633,O-20250408-203000-001-V2-1635,BUY,FLAT,0.00,100000.00,1744144200000000000,2025-04-08 20:30:00+00:00,1744149720000000000,2025-04-08 22:02:00+00:00,5520000000000.0,1.09418,1.09636,['4.38 USD'],0.00199,213.62 USD,True
BACKTESTER-001,MLSignalStrategyV2-V2,EUR/USD.IDEALPRO,IDEALPRO-001,O-20250408-221500-001-V2-1636,O-20250408-221500-001-V2-1638,BUY,FLAT,0.00,100000.00,1744150500000000000,2025-04-08 22:15:00+00:00,1744156020000000000,2025-04-08 23:47:00+00:00,5520000000000.0,1.09678,1.09846,['4.39 USD'],0.00153,163.61 USD,True
BACKTESTER-001,MLSignalStrategyV2-V2,EUR/USD.IDEALPRO,IDEALPRO-001,O-20250409-020000-001-V2-1639,O-20250409-020000-001-V2-1641,BUY,FLAT,0.00,100000.00,1744164000000000000,2025-04-09 02:00:00+00:00,1744172340000000000,2025-04-09 04:19:00+00:00,8340000000000.0,1.10203,1.1045,['4.41 USD'],0.00224,242.59 USD,True
BACKTESTER-001,MLSignalStrategyV2-V2,EUR/USD.IDEALPRO,IDEALPRO-001,O-20250409-043000-001-V2-1642,O-20250409-043000-001-V2-1643,BUY,FLAT,0.00,100000.00,1744173000000000000,2025-04-09 04:30:00+00:00,1744175700000000000,2025-04-09 05:15:00+00:00,2700000000000.0,1.1062,1.10444,['4.42 USD'],-0.00159,-180.42 USD,True
BACKTESTER-001,MLSignalStrategyV2-V2,EUR/USD.IDEALPRO,IDEALPRO-001,O-20250409-054500-001-V2-1645,O-20250409-054500-001-V2-1647,BUY,FLAT,0.00,100000.00,1744177500000000000,2025-04-09 05:45:00+00:00,1744181640000000000,2025-04-09 06:54:00+00:00,4140000000000.0,1.10456,1.10866,['4.43 USD'],0.00371,405.57 USD,True
BACKTESTER-001,MLSignalStrategyV2-V2,EUR/USD.IDEALPRO,IDEALPRO-001,O-20250409-080000-001-V2-1648,O-20250409-080000-001-V2-1650,BUY,FLAT,0.00,100000.00,1744185600000000000,2025-04-09 08:00:00+00:00,1744192560000000000,2025-04-09 09:56:00+00:00,6960000000000.0,1.10155,1.10492,['4.41 USD'],0.00306,332.59 USD,True
BACKTESTER-001,MLSignalStrategyV2-V2,EUR/USD.IDEALPRO,IDEALPRO-001,O-20250409-110000-001-V2-1651,O-20250409-110000-001-V2-1652,SELL,FLAT,0.00,100000.00,1744196400000000000,2025-04-09 11:00:00+00:00,1744196940000000000,2025-04-09 11:09:00+00:00,540000000000.0,1.10332,1.10529,['4.42 USD'],-0.00179,-201.42 USD,True
BACKTESTER-001,MLSignalStrategyV2-V2,EUR/USD.IDEALPRO,IDEALPRO-001,O-20250409-140000-001-V2-1654,O-20250409-140000-001-V2-1655,SELL,FLAT,0.00,100000.00,1744207200000000000,2025-04-09 14:00:00+00:00,1744213080000000000,2025-04-09 15:38:00+00:00,5880000000000.0,1.1045,1.10694,['4.42 USD'],-0.00221,-248.42 USD,True
BACKTESTER-001,MLSignalStrategyV2-V2,EUR/USD.IDEALPRO,IDEALPRO-001,O-20250409-160000-001-V2-1657,O-20250409-160000-001-V2-1659,SELL,FLAT,0.00,100000.00,1744214400000000000,2025-04-09 16:00:00+00:00,1744218180000000000,2025-04-09 17:03:00+00:00,3780000000000.0,1.10382,1.10059,['4.41 USD'],0.00293,318.59 USD,True
BACKTESTER-001,MLSignalStrategyV2-V2,EUR/USD.IDEALPRO,IDEALPRO-001,O-20250409-200000-001-V2-1660,O-20250409-200000-001-V2-1662,BUY,FLAT,0.00,100000.00,1744228800000000000,2025-04-09 20:00:00+00:00,1744246680000000000,2025-04-10 00:58:00+00:00,17880000000000.0,1.09357,1.09863,['4.39 USD'],0.00463,501.61 USD,True
BACKTESTER-001,MLSignalStrategyV2-V2,EUR/USD.IDEALPRO,IDEALPRO-001,O-20250410-030000-001-V2-1663,O-20250410-030000-001-V2-1665,BUY,FLAT,0.00,100000.00,1744254000000000000,2025-04-10 03:00:00+00:00,1744254900000000000,2025-04-10 03:15:00+00:00,900000000000.0,1.0972,1.09878,['4.39 USD'],0.00144,153.61 USD,True
BACKTESTER-001,MLSignalStrategyV2-V2,EUR/USD.IDEALPRO,IDEALPRO-001,O-20250410-033000-001-V2-1666,O-20250410-033000-001-V2-1667,BUY,FLAT,0.00,100000.00,1744255800000000000,2025-04-10 03:30:00+00:00,1744265700000000000,2025-04-10 06:15:00+00:00,9900000000000.0,1.09818,1.09698,['4.39 USD'],-0.00109,-124.39 USD,True
BACKTESTER-001,MLSignalStrategyV2-V2,EUR/USD.IDEALPRO,IDEALPRO-001,O-20250410-063000-001-V2-1669,O-20250410-063000-001-V2-1670,BUY,FLAT,0.00,100000.00,1744266600000000000,2025-04-10 06:30:00+00:00,1744267020000000000,2025-04-10 06:37:00+00:00,420000000000.0,1.09804,1.09693,['4.39 USD'],-0.00101,-115.39 USD,True
BACKTESTER-001,MLSignalStrategyV2-V2,EUR/USD.IDEALPRO,IDEALPRO-001,O-20250410-064500-001-V2-1672,O-20250410-064500-001-V2-1673,BUY,FLAT,0.00,100000.00,1744267500000000000,2025-04-10 06:45:00+00:00,1744268100000000000,2025-04-10 06:55:00+00:00,600000000000.0,1.09783,1.09635,['4.39 USD'],-0.00135,-152.39 USD,True
BACKTESTER-001,MLSignalStrategyV2-V2,EUR/USD.IDEALPRO,IDEALPRO-001,O-20250410-090000-001-V2-1675,O-20250410-090000-001-V2-1676,SELL,FLAT,0.00,100000.00,1744275600000000000,2025-04-10 09:00:00+00:00,1744279140000000000,2025-04-10 09:59:00+00:00,3540000000000.0,1.10377,1.10582,['4.42 USD'],-0.00186,-209.42 USD,True
BACKTESTER-001,MLSignalStrategyV2-V2,EUR/USD.IDEALPRO,IDEALPRO-001,O-20250410-101500-001-V2-1678,O-20250410-101500-001-V2-1680,BUY,FLAT,0.00,100000.00,1744280100000000000,2025-04-10 10:15:00+00:00,1744287420000000000,2025-04-10 12:17:00+00:00,7320000000000.0,1.10688,1.10953,['4.43 USD'],0.00239,260.57 USD,True
BACKTESTER-001,MLSignalStrategyV2-V2,EUR/USD.IDEALPRO,IDEALPRO-001,O-20250410-124500-001-V2-1681,O-20250410-124500-001-V2-1682,BUY,FLAT,0.00,100000.00,1744289100000000000,2025-04-10 12:45:00+00:00,1744290060000000000,2025-04-10 13:01:00+00:00,960000000000.0,1.1112,1.10908,['4.44 USD'],-0.00191,-216.44 USD,True
BACKTESTER-001,MLSignalStrategyV2-V2,EUR/USD.IDEALPRO,IDEALPRO-001,O-20250410-131500-001-V2-1684,O-20250410-131500-001-V2-1686,BUY,FLAT,0.00,100000.00,1744290900000000000,2025-04-10 13:15:00+00:00,1744294800000000000,2025-04-10 14:20:00+00:00,3900000000000.0,1.11103,1.11394,['4.45 USD'],0.00262,286.55 USD,True
BACKTESTER-001,MLSignalStrategyV2-V2,EUR/USD.IDEALPRO,IDEALPRO-001,O-20250410-143000-001-V2-1687,O-20250410-143000-001-V2-1689,BUY,FLAT,0.00,100000.00,1744295400000000000,2025-04-10 14:30:00+00:00,1744296900000000000,2025-04-10 14:55:00+00:00,1500000000000.0,1.11356,1.1164,['4.46 USD'],0.00255,279.54 USD,True
BACKTESTER-001,MLSignalStrategyV2-V2,EUR/USD.IDEALPRO,IDEALPRO-001,O-20250410-153000-001-V2-1690,O-20250410-153000-001-V2-1691,SELL,FLAT,0.00,100000.00,1744299000000000000,2025-04-10 15:30:00+00:00,1744299660000000000,2025-04-10 15:41:00+00:00,660000000000.0,1.11889,1.12172,['4.48 USD'],-0.00253,-287.48 USD,True
BACKTESTER-001,MLSignalStrategyV2-V2,EUR/USD.IDEALPRO,IDEALPRO-001,O-20250410-154500-001-V2-1693,O-20250410-154500-001-V2-1694,SELL,FLAT,0.00,100000.00,1744299900000000000,2025-04-10 15:45:00+00:00,1744309500000000000,2025-04-10 18:25:00+00:00,9600000000000.0,1.12115,1.12395,['4.49 USD'],-0.0025,-284.49 USD,True
BACKTESTER-001,MLSignalStrategyV2-V2,EUR/USD.IDEALPRO,IDEALPRO-001,O-20250410-183000-001-V2-1696,O-20250410-183000-001-V2-1698,SELL,FLAT,0.00,100000.00,1744309800000000000,2025-04-10 18:30:00+00:00,1744312020000000000,2025-04-10 19:07:00+00:00,2220000000000.0,1.1237,1.12023,['4.49 USD'],0.00309,342.51 USD,True
BACKTESTER-001,MLSignalStrategyV2-V2,EUR/USD.IDEALPRO,IDEALPRO-001,O-20250410-191500-001-V2-1699,O-20250410-191500-001-V2-1700,SELL,FLAT,0.00,100000.00,1744312500000000000,2025-04-10 19:15:00+00:00,1744323000000000000,2025-04-10 22:10:00+00:00,10500000000000.0,1.11865,1.12123,['4.48 USD'],-0.00231,-262.48 USD,True
BACKTESTER-001,MLSignalStrategyV2-V2,EUR/USD.IDEALPRO,IDEALPRO-001,O-20250410-231500-001-V2-1702,O-20250410-231500-001-V2-1703,SELL,FLAT,0.00,100000.00,1744326900000000000,2025-04-10 23:15:00+00:00,1744328340000000000,2025-04-10 23:39:00+00:00,1440000000000.0,1.12212,1.12425,['4.49 USD'],-0.0019,-217.49 USD,True
BACKTESTER-001,MLSignalStrategyV2-V2,EUR/USD.IDEALPRO,IDEALPRO-001,O-20250411-011500-001-V2-1705,O-20250411-011500-001-V2-1706,SELL,FLAT,0.00,100000.00,1744334100000000000,2025-04-11 01:15:00+00:00,1744341420000000000,2025-04-11 03:17:00+00:00,7320000000000.0,1.12901,1.13246,['4.52 USD'],-0.00306,-349.52 USD,True
BACKTESTER-001,MLSignalStrategyV2-V2,EUR/USD.IDEALPRO,IDEALPRO-001,O-20250411-034500-001-V2-1708,O-20250411-034500-001-V2-1710,SELL,FLAT,0.00,100000.00,1744343100000000000,2025-04-11 03:45:00+00:00,1744345500000000000,2025-04-11 04:25:00+00:00,2400000000000.0,1.1345,1.13102,['4.53 USD'],0.00307,343.47 USD,True
BACKTESTER-001,MLSignalStrategyV2-V2,EUR/USD.IDEALPRO,IDEALPRO-001,O-20250411-043000-001-V2-1711,O-20250411-043000-001-V2-1713,SELL,FLAT,0.00,100000.00,1744345800000000000,2025-04-11 04:30:00+00:00,1744350000000000000,2025-04-11 05:40:00+00:00,4200000000000.0,1.13149,1.12799,['4.52 USD'],0.00309,345.48 USD,True
BACKTESTER-001,MLSignalStrategyV2-V2,EUR/USD.IDEALPRO,IDEALPRO-001,O-20250411-054500-001-V2-1714,O-20250411-054500-001-V2-1715,BUY,FLAT,0.00,100000.00,1744350300000000000,2025-04-11 05:45:00+00:00,1744351740000000000,2025-04-11 06:09:00+00:00,1440000000000.0,1.12753,1.12563,['4.51 USD'],-0.00169,-194.51 USD,True
BACKTESTER-001,MLSignalStrategyV2-V2,EUR/USD.IDEALPRO,IDEALPRO-001,O-20250411-070000-001-V2-1717,O-20250411-070000-001-V2-1719,BUY,FLAT,0.00,100000.00,1744354800000000000,2025-04-11 07:00:00+00:00,1744355160000000000,2025-04-11 07:06:00+00:00,360000000000.0,1.12868,1.13199,['4.52 USD'],0.00293,326.48 USD,True
BACKTESTER-001,MLSignalStrategyV2-V2,EUR/USD.IDEALPRO,IDEALPRO-001,O-20250411-071500-001-V2-1720,O-20250411-071500-001-V2-1721,SELL,FLAT,0.00,100000.00,1744355700000000000,2025-04-11 07:15:00+00:00,1744356780000000000,2025-04-11 07:33:00+00:00,1080000000000.0,1.13346,1.13621,['4.54 USD'],-0.00243,-279.54 USD,True
BACKTESTER-001,MLSignalStrategyV2-V2,EUR/USD.IDEALPRO,IDEALPRO-001,O-20250411-074500-001-V2-1723,O-20250411-074500-001-V2-1724,SELL,FLAT,0.00,100000.00,1744357500000000000,2025-04-11 07:45:00+00:00,1744358520000000000,2025-04-11 08:02:00+00:00,1020000000000.0,1.13489,1.13779,['4.55 USD'],-0.00256,-294.55 USD,True
BACKTESTER-001,MLSignalStrategyV2-V2,EUR/USD.IDEALPRO,IDEALPRO-001,O-20250411-090000-001-V2-1726,O-20250411-090000-001-V2-1728,SELL,FLAT,0.00,100000.00,1744362000000000000,2025-04-11 09:00:00+00:00,1744365660000000000,2025-04-11 10:01:00+00:00,3660000000000.0,1.14272,1.1362,['4.56 USD'],0.00571,647.44 USD,True
BACKTESTER-001,MLSignalStrategyV2-V2,EUR/USD.IDEALPRO,IDEALPRO-001,O-20250411-103000-001-V2-1729,O-20250411-103000-001-V2-1730,BUY,FLAT,0.00,100000.00,1744367400000000000,2025-04-11 10:30:00+00:00,1744369020000000000,2025-04-11 10:57:00+00:00,1620000000000.0,1.13617,1.13245,['4.53 USD'],-0.00327,-376.53 USD,True
BACKTESTER-001,MLSignalStrategyV2-V2,EUR/USD.IDEALPRO,IDEALPRO-001,O-20250411-130000-001-V2-1732,O-20250411-130000-001-V2-1734,SELL,FLAT,0.00,100000.00,1744376400000000000,2025-04-11 13:00:00+00:00,1744378800000000000,2025-04-11 13:40:00+00:00,2400000000000.0,1.13956,1.13253,['4.55 USD'],0.00617,698.45 USD,True
BACKTESTER-001,MLSignalStrategyV2-V2,EUR/USD.IDEALPRO,IDEALPRO-001,O-20250411-134500-001-V2-1735,O-20250411-134500-001-V2-1737,SELL,FLAT,0.00,100000.00,1744379100000000000,2025-04-11 13:45:00+00:00,1744379400000000000,2025-04-11 13:50:00+00:00,300000000000.0,1.13812,1.13242,['4.54 USD'],0.00501,565.46 USD,True
BACKTESTER-001,MLSignalStrategyV2-V2,EUR/USD.IDEALPRO,IDEALPRO-001,O-20250411-151500-001-V2-1738,O-20250411-151500-001-V2-1739,BUY,FLAT,0.00,100000.00,1744384500000000000,2025-04-11 15:15:00+00:00,1744388400000000000,2025-04-11 16:20:00+00:00,3900000000000.0,1.13279,1.12925,['4.53 USD'],-0.00313,-358.53 USD,True
BACKTESTER-001,MLSignalStrategyV2-V2,EUR/USD.IDEALPRO,IDEALPRO-001,O-20250411-163000-001-V2-1741,O-20250411-163000-001-V2-1743,BUY,FLAT,0.00,100000.00,1744389000000000000,2025-04-11 16:30:00+00:00,1744399440000000000,2025-04-11 19:24:00+00:00,10440000000000.0,1.12898,1.13367,['4.53 USD'],0.00415,464.47 USD,True
BACKTESTER-001,MLSignalStrategyV2-V2,EUR/USD.IDEALPRO,IDEALPRO-001,O-20250411-200000-001-V2-1744,O-20250411-200000-001-V2-1745,SELL,FLAT,0.00,100000.00,1744401600000000000,2025-04-11 20:00:00+00:00,1744405140000000000,2025-04-11 20:59:00+00:00,3540000000000.0,1.13418,1.13614,['4.54 USD'],-0.00173,-200.54 USD,True
BACKTESTER-001,MLSignalStrategyV2-V2,EUR/USD.IDEALPRO,IDEALPRO-001,O-20250413-213000-001-V2-1747,O-20250413-213000-001-V2-1749,BUY,FLAT,0.00,100000.00,1744579800000000000,2025-04-13 21:30:00+00:00,1744583460000000000,2025-04-13 22:31:00+00:00,3660000000000.0,1.13193,1.13503,['4.53 USD'],0.00274,305.47 USD,True
BACKTESTER-001,MLSignalStrategyV2-V2,EUR/USD.IDEALPRO,IDEALPRO-001,O-20250413-224500-001-V2-1750,O-20250413-224500-001-V2-1751,BUY,FLAT,0.00,100000.00,1744584300000000000,2025-04-13 22:45:00+00:00,1744586880000000000,2025-04-13 23:28:00+00:00,2580000000000.0,1.13406,1.13267,['4.54 USD'],-0.00123,-143.54 USD,True
BACKTESTER-001,MLSignalStrategyV2-V2,EUR/USD.IDEALPRO,IDEALPRO-001,O-20250413-233000-001-V2-1753,O-20250413-233000-001-V2-1755,BUY,FLAT,0.00,100000.00,1744587000000000000,2025-04-13 23:30:00+00:00,1744589040000000000,2025-04-14 00:04:00+00:00,2040000000000.0,1.13289,1.13521,['4.54 USD'],0.00205,227.46 USD,True
BACKTESTER-001,MLSignalStrategyV2-V2,EUR/USD.IDEALPRO,IDEALPRO-001,O-20250414-021500-001-V2-1756,O-20250414-021500-001-V2-1758,SELL,FLAT,0.00,100000.00,1744596900000000000,2025-04-14 02:15:00+00:00,1744600320000000000,2025-04-14 03:12:00+00:00,3420000000000.0,1.13999,1.13683,['4.55 USD'],0.00277,311.45 USD,True
BACKTESTER-001,MLSignalStrategyV2-V2,EUR/USD.IDEALPRO,IDEALPRO-001,O-20250414-051500-001-V2-1759,O-20250414-051500-001-V2-1760,SELL,FLAT,0.00,100000.00,1744607700000000000,2025-04-14 05:15:00+00:00,1744608540000000000,2025-04-14 05:29:00+00:00,840000000000.0,1.1359,1.13755,['4.55 USD'],-0.00145,-169.55 USD,True
BACKTESTER-001,MLSignalStrategyV2-V2,EUR/USD.IDEALPRO,IDEALPRO-001,O-20250414-073000-001-V2-1762,O-20250414-073000-001-V2-1764,SELL,FLAT,0.00,100000.00,1744615800000000000,2025-04-14 07:30:00+00:00,1744632780000000000,2025-04-14 12:13:00+00:00,16980000000000.0,1.13993,1.13687,['4.55 USD'],0.00268,301.45 USD,True
BACKTESTER-001,MLSignalStrategyV2-V2,EUR/USD.IDEALPRO,IDEALPRO-001,O-20250414-123000-001-V2-1765,O-20250414-123000-001-V2-1766,BUY,FLAT,0.00,100000.00,1744633800000000000,2025-04-14 12:30:00+00:00,1744635480000000000,2025-04-14 12:58:00+00:00,1680000000000.0,1.13542,1.13345,['4.54 USD'],-0.00174,-201.54 USD,True
BACKTESTER-001,MLSignalStrategyV2-V2,EUR/USD.IDEALPRO,IDEALPRO-001,O-20250414-133000-001-V2-1768,O-20250414-133000-001-V2-1770,BUY,FLAT,0.00,100000.00,1744637400000000000,2025-04-14 13:30:00+00:00,1744640340000000000,2025-04-14 14:19:00+00:00,2940000000000.0,1.13064,1.13444,['4.53 USD'],0.00336,375.47 USD,True
BACKTESTER-001,MLSignalStrategyV2-V2,EUR/USD.IDEALPRO,IDEALPRO-001,O-20250414-151500-001-V2-1771,O-20250414-151500-001-V2-1773,SELL,FLAT,0.00,100000.00,1744643700000000000,2025-04-14 15:15:00+00:00,1744649880000000000,2025-04-14 16:58:00+00:00,6180000000000.0,1.13645,1.1334,['4.54 USD'],0.00268,300.46 USD,True
BACKTESTER-001,MLSignalStrategyV2-V2,EUR/USD.IDEALPRO,IDEALPRO-001,O-20250414-190000-001-V2-1774,O-20250414-190000-001-V2-1775,SELL,FLAT,0.00,100000.00,1744657200000000000,2025-04-14 19:00:00+00:00,1744659060000000000,2025-04-14 19:31:00+00:00,1860000000000.0,1.13545,1.1369,['4.54 USD'],-0.00128,-149.54 USD,True
BACKTESTER-001,MLSignalStrategyV2-V2,EUR/USD.IDEALPRO,IDEALPRO-001,O-20250414-201500-001-V2-1777,O-20250414-201500-001-V2-1778,BUY,FLAT,0.00,100000.00,1744661700000000000,2025-04-14 20:15:00+00:00,1744662960000000000,2025-04-14 20:36:00+00:00,1260000000000.0,1.13583,1.13433,['4.54 USD'],-0.00132,-154.54 USD,True
BACKTESTER-001,MLSignalStrategyV2-V2,EUR/USD.IDEALPRO,IDEALPRO-001,O-20250414-204500-001-V2-1780,O-20250414-204500-001-V2-1781,BUY,FLAT,0.00,100000.00,1744663500000000000,2025-04-14 20:45:00+00:00,1744674000000000000,2025-04-14 23:40:00+00:00,10500000000000.0,1.13522,1.13389,['4.54 USD'],-0.00117,-137.54 USD,True
BACKTESTER-001,MLSignalStrategyV2-V2,EUR/USD.IDEALPRO,IDEALPRO-001,O-20250414-234500-001-V2-1783,O-20250414-234500-001-V2-1785,SELL,FLAT,0.00,100000.00,1744674300000000000,2025-04-14 23:45:00+00:00,1744676880000000000,2025-04-15 00:28:00+00:00,2580000000000.0,1.1339,1.13258,['4.54 USD'],0.00116,127.46 USD,True
BACKTESTER-001,MLSignalStrategyV2-V2,EUR/USD.IDEALPRO,IDEALPRO-001,O-20250415-003000-001-V2-1786,O-20250415-003000-001-V2-1787,BUY,FLAT,0.00,100000.00,1744677000000000000,2025-04-15 00:30:00+00:00,1744677480000000000,2025-04-15 00:38:00+00:00,480000000000.0,1.13266,1.13179,['4.53 USD'],-0.00077,-91.53 USD,True
BACKTESTER-001,MLSignalStrategyV2-V2,EUR/USD.IDEALPRO,IDEALPRO-001,O-20250415-004500-001-V2-1789,O-20250415-004500-001-V2-1791,BUY,FLAT,0.00,100000.00,1744677900000000000,2025-04-15 00:45:00+00:00,1744679160000000000,2025-04-15 01:06:00+00:00,1260000000000.0,1.13187,1.13319,['4.53 USD'],0.00117,127.47 USD,True
BACKTESTER-001,MLSignalStrategyV2-V2,EUR/USD.IDEALPRO,IDEALPRO-001,O-20250415-011500-001-V2-1792,O-20250415-011500-001-V2-1793,BUY,FLAT,0.00,100000.00,1744679700000000000,2025-04-15 01:15:00+00:00,1744681140000000000,2025-04-15 01:39:00+00:00,1440000000000.0,1.13291,1.13187,['4.53 USD'],-0.00092,-108.53 USD,True
BACKTESTER-001,MLSignalStrategyV2-V2,EUR/USD.IDEALPRO,IDEALPRO-001,O-20250415-014500-001-V2-1795,O-20250415-014500-001-V2-1797,BUY,FLAT,0.00,100000.00,1744681500000000000,2025-04-15 01:45:00+00:00,1744682760000000000,2025-04-15 02:06:00+00:00,1260000000000.0,1.13179,1.13314,['4.53 USD'],0.00119,130.47 USD,True
BACKTESTER-001,MLSignalStrategyV2-V2,EUR/USD.IDEALPRO,IDEALPRO-001,O-20250415-021500-001-V2-1798,O-20250415-021500-001-V2-1800,BUY,FLAT,0.00,100000.00,1744683300000000000,2025-04-15 02:15:00+00:00,1744685340000000000,2025-04-15 02:49:00+00:00,2040000000000.0,1.13355,1.13498,['4.54 USD'],0.00126,138.46 USD,True
BACKTESTER-001,MLSignalStrategyV2-V2,EUR/USD.IDEALPRO,IDEALPRO-001,O-20250415-044500-001-V2-1801,O-20250415-044500-001-V2-1802,BUY,FLAT,0.00,100000.00,1744692300000000000,2025-04-15 04:45:00+00:00,1744696680000000000,2025-04-15 05:58:00+00:00,4380000000000.0,1.13589,1.13507,['4.54 USD'],-0.00072,-86.54 USD,True
BACKTESTER-001,MLSignalStrategyV2-V2,EUR/USD.IDEALPRO,IDEALPRO-001,O-20250415-070000-001-V2-1804,O-20250415-070000-001-V2-1806,BUY,FLAT,0.00,100000.00,1744700400000000000,2025-04-15 07:00:00+00:00,1744703580000000000,2025-04-15 07:53:00+00:00,3180000000000.0,1.13323,1.13518,['4.54 USD'],0.00172,190.46 USD,True
BACKTESTER-001,MLSignalStrategyV2-V2,EUR/USD.IDEALPRO,IDEALPRO-001,O-20250415-091500-001-V2-1807,O-20250415-091500-001-V2-1809,SELL,FLAT,0.00,100000.00,1744708500000000000,2025-04-15 09:15:00+00:00,1744716660000000000,2025-04-15 11:31:00+00:00,8160000000000.0,1.13443,1.13177,['4.53 USD'],0.00234,261.47 USD,True
BACKTESTER-001,MLSignalStrategyV2-V2,EUR/USD.IDEALPRO,IDEALPRO-001,O-20250415-114500-001-V2-1810,O-20250415-114500-001-V2-1811,BUY,FLAT,0.00,100000.00,1744717500000000000,2025-04-15 11:45:00+00:00,1744723260000000000,2025-04-15 13:21:00+00:00,5760000000000.0,1.13213,1.13061,['4.52 USD'],-0.00134,-156.52 USD,True
BACKTESTER-001,MLSignalStrategyV2-V2,EUR/USD.IDEALPRO,IDEALPRO-001,O-20250415-141500-001-V2-1813,O-20250415-141500-001-V2-1815,BUY,FLAT,0.00,100000.00,1744726500000000000,2025-04-15 14:15:00+00:00,1744727700000000000,2025-04-15 14:35:00+00:00,1200000000000.0,1.12901,1.13203,['4.52 USD'],0.00267,297.48 USD,True
BACKTESTER-001,MLSignalStrategyV2-V2,EUR/USD.IDEALPRO,IDEALPRO-001,O-20250415-160000-001-V2-1816,O-20250415-160000-001-V2-1817,BUY,FLAT,0.00,100000.00,1744732800000000000,2025-04-15 16:00:00+00:00,1744734840000000000,2025-04-15 16:34:00+00:00,2040000000000.0,1.12889,1.12699,['4.51 USD'],-0.00168,-194.51 USD,True
BACKTESTER-001,MLSignalStrategyV2-V2,EUR/USD.IDEALPRO,IDEALPRO-001,O-20250415-164500-001-V2-1819,O-20250415-164500-001-V2-1821,BUY,FLAT,0.00,100000.00,1744735500000000000,2025-04-15 16:45:00+00:00,1744755000000000000,2025-04-15 22:10:00+00:00,19500000000000.0,1.12705,1.12943,['4.51 USD'],0.00211,233.49 USD,True
BACKTESTER-001,MLSignalStrategyV2-V2,EUR/USD.IDEALPRO,IDEALPRO-001,O-20250416-023000-001-V2-1822,O-20250416-023000-001-V2-1824,BUY,FLAT,0.00,100000.00,1744770600000000000,2025-04-16 02:30:00+00:00,1744775520000000000,2025-04-16 03:52:00+00:00,4920000000000.0,1.13277,1.13423,['4.54 USD'],0.00129,141.46 USD,True
BACKTESTER-001,MLSignalStrategyV2-V2,EUR/USD.IDEALPRO,IDEALPRO-001,O-20250416-040000-001-V2-1825,O-20250416-040000-001-V2-1826,BUY,FLAT,0.00,100000.00,1744776000000000000,2025-04-16 04:00:00+00:00,1744777080000000000,2025-04-16 04:18:00+00:00,1080000000000.0,1.13434,1.13352,['4.54 USD'],-0.00072,-86.54 USD,True
BACKTESTER-001,MLSignalStrategyV2-V2,EUR/USD.IDEALPRO,IDEALPRO-001,O-20250416-070000-001-V2-1828,O-20250416-070000-001-V2-1829,SELL,FLAT,0.00,100000.00,1744786800000000000,2025-04-16 07:00:00+00:00,1744787220000000000,2025-04-16 07:07:00+00:00,420000000000.0,1.13609,1.13752,['4.55 USD'],-0.00126,-147.55 USD,True
BACKTESTER-001,MLSignalStrategyV2-V2,EUR/USD.IDEALPRO,IDEALPRO-001,O-20250416-074500-001-V2-1831,O-20250416-074500-001-V2-1833,SELL,FLAT,0.00,100000.00,1744789500000000000,2025-04-16 07:45:00+00:00,1744792080000000000,2025-04-16 08:28:00+00:00,2580000000000.0,1.13812,1.13593,['4.55 USD'],0.00192,214.45 USD,True
BACKTESTER-001,MLSignalStrategyV2-V2,EUR/USD.IDEALPRO,IDEALPRO-001,O-20250416-084500-001-V2-1834,O-20250416-084500-001-V2-1836,BUY,FLAT,0.00,100000.00,1744793100000000000,2025-04-16 08:45:00+00:00,1744794240000000000,2025-04-16 09:04:00+00:00,1140000000000.0,1.13491,1.13735,['4.54 USD'],0.00215,239.46 USD,True
BACKTESTER-001,MLSignalStrategyV2-V2,EUR/USD.IDEALPRO,IDEALPRO-001,O-20250416-114500-001-V2-1837,O-20250416-114500-001-V2-1838,SELL,FLAT,0.00,100000.00,1744803900000000000,2025-04-16 11:45:00+00:00,1744812120000000000,2025-04-16 14:02:00+00:00,8220000000000.0,1.13599,1.13778,['4.55 USD'],-0.00158,-183.55 USD,True
BACKTESTER-001,MLSignalStrategyV2-V2,EUR/USD.IDEALPRO,IDEALPRO-001,O-20250416-200000-001-V2-1840,O-20250416-200000-001-V2-1841,SELL,FLAT,0.00,100000.00,1744833600000000000,2025-04-16 20:00:00+00:00,1744846140000000000,2025-04-16 23:29:00+00:00,12540000000000.0,1.13866,1.14034,['4.56 USD'],-0.00148,-172.56 USD,True
BACKTESTER-001,MLSignalStrategyV2-V2,EUR/USD.IDEALPRO,IDEALPRO-001,O-20250416-234500-001-V2-1843,O-20250416-234500-001-V2-1844,BUY,FLAT,0.00,100000.00,1744847100000000000,2025-04-16 23:45:00+00:00,1744847820000000000,2025-04-16 23:57:00+00:00,720000000000.0,1.14057,1.13973,['4.56 USD'],-0.00074,-88.56 USD,True
BACKTESTER-001,MLSignalStrategyV2-V2,EUR/USD.IDEALPRO,IDEALPRO-001,O-20250417-000000-001-V2-1846,O-20250417-000000-001-V2-1847,BUY,FLAT,0.00,100000.00,1744848000000000000,2025-04-17 00:00:00+00:00,1744848240000000000,2025-04-17 00:04:00+00:00,240000000000.0,1.13956,1.13846,['4.56 USD'],-0.00097,-114.56 USD,True
BACKTESTER-001,MLSignalStrategyV2-V2,EUR/USD.IDEALPRO,IDEALPRO-001,O-20250417-004500-001-V2-1849,O-20250417-004500-001-V2-1850,BUY,FLAT,0.00,100000.00,1744850700000000000,2025-04-17 00:45:00+00:00,1744851780000000000,2025-04-17 01:03:00+00:00,1080000000000.0,1.13729,1.13626,['4.54 USD'],-0.00091,-107.54 USD,True
BACKTESTER-001,MLSignalStrategyV2-V2,EUR/USD.IDEALPRO,IDEALPRO-001,O-20250417-033000-001-V2-1852,O-20250417-033000-001-V2-1853,BUY,FLAT,0.00,100000.00,1744860600000000000,2025-04-17 03:30:00+00:00,1744861440000000000,2025-04-17 03:44:00+00:00,840000000000.0,1.13751,1.13661,['4.55 USD'],-0.00079,-94.55 USD,True
BACKTESTER-001,MLSignalStrategyV2-V2,EUR/USD.IDEALPRO,IDEALPRO-001,O-20250417-040000-001-V2-1855,O-20250417-040000-001-V2-1856,BUY,FLAT,0.00,100000.00,1744862400000000000,2025-04-17 04:00:00+00:00,1744868160000000000,2025-04-17 05:36:00+00:00,5760000000000.0,1.13645,1.13545,['4.54 USD'],-0.00088,-104.54 USD,True
BACKTESTER-001,MLSignalStrategyV2-V2,EUR/USD.IDEALPRO,IDEALPRO-001,O-20250417-060000-001-V2-1858,O-20250417-060000-001-V2-1860,BUY,FLAT,0.00,100000.00,1744869600000000000,2025-04-17 06:00:00+00:00,1744872000000000000,2025-04-17 06:40:00+00:00,2400000000000.0,1.13523,1.1366,['4.54 USD'],0.00121,132.46 USD,True
BACKTESTER-001,MLSignalStrategyV2-V2,EUR/USD.IDEALPRO,IDEALPRO-001,O-20250417-093000-001-V2-1861,O-20250417-093000-001-V2-1863,SELL,FLAT,0.00,100000.00,1744882200000000000,2025-04-17 09:30:00+00:00,1744891260000000000,2025-04-17 12:01:00+00:00,9060000000000.0,1.13716,1.13533,['4.54 USD'],0.00161,178.46 USD,True
BACKTESTER-001,MLSignalStrategyV2-V2,EUR/USD.IDEALPRO,IDEALPRO-001,O-20250417-121500-001-V2-1864,O-20250417-121500-001-V2-1865,BUY,FLAT,0.00,100000.00,1744892100000000000,2025-04-17 12:15:00+00:00,1744892220000000000,2025-04-17 12:17:00+00:00,120000000000.0,1.13614,1.13501,['4.54 USD'],-0.00099,-117.54 USD,True
BACKTESTER-001,MLSignalStrategyV2-V2,EUR/USD.IDEALPRO,IDEALPRO-001,O-20250417-123000-001-V2-1867,O-20250417-123000-001-V2-1869,BUY,FLAT,0.00,100000.00,1744893000000000000,2025-04-17 12:30:00+00:00,1744894860000000000,2025-04-17 13:01:00+00:00,1860000000000.0,1.13455,1.1367,['4.54 USD'],0.0019,210.46 USD,True
BACKTESTER-001,MLSignalStrategyV2-V2,EUR/USD.IDEALPRO,IDEALPRO-001,O-20250417-131500-001-V2-1870,O-20250417-131500-001-V2-1871,SELL,FLAT,0.00,100000.00,1744895700000000000,2025-04-17 13:15:00+00:00,1744899480000000000,2025-04-17 14:18:00+00:00,3780000000000.0,1.13552,1.13723,['4.54 USD'],-0.00151,-175.54 USD,True
BACKTESTER-001,MLSignalStrategyV2-V2,EUR/USD.IDEALPRO,IDEALPRO-001,O-20250417-144500-001-V2-1873,O-20250417-144500-001-V2-1875,SELL,FLAT,0.00,100000.00,1744901100000000000,2025-04-17 14:45:00+00:00,1744901640000000000,2025-04-17 14:54:00+00:00,540000000000.0,1.13742,1.13506,['4.54 USD'],0.00207,231.46 USD,True
BACKTESTER-001,MLSignalStrategyV2-V2,EUR/USD.IDEALPRO,IDEALPRO-001,O-20250417-233000-001-V2-1876,O-20250417-233000-001-V2-1878,BUY,FLAT,0.00,100000.00,1744932600000000000,2025-04-17 23:30:00+00:00,1744935960000000000,2025-04-18 00:26:00+00:00,3360000000000.0,1.13713,1.13821,['4.55 USD'],0.00095,103.45 USD,True
BACKTESTER-001,MLSignalStrategyV2-V2,EUR/USD.IDEALPRO,IDEALPRO-001,O-20250418-010000-001-V2-1879,O-20250418-010000-001-V2-1880,BUY,FLAT,0.00,100000.00,1744938000000000000,2025-04-18 01:00:00+00:00,1744954500000000000,2025-04-18 05:35:00+00:00,16500000000000.0,1.13742,1.13609,['4.54 USD'],-0.00117,-137.54 USD,True
BACKTESTER-001,MLSignalStrategyV2-V2,EUR/USD.IDEALPRO,IDEALPRO-001,O-20250418-054500-001-V2-1882,O-20250418-054500-001-V2-1883,BUY,FLAT,0.00,100000.00,1744955100000000000,2025-04-18 05:45:00+00:00,1744959540000000000,2025-04-18 06:59:00+00:00,4440000000000.0,1.13699,1.13626,['4.54 USD'],-0.00064,-77.54 USD,True
BACKTESTER-001,MLSignalStrategyV2-V2,EUR/USD.IDEALPRO,IDEALPRO-001,O-20250418-090000-001-V2-1885,O-20250418-090000-001-V2-1887,BUY,FLAT,0.00,100000.00,1744966800000000000,2025-04-18 09:00:00+00:00,1744976400000000000,2025-04-18 11:40:00+00:00,9600000000000.0,1.1371,1.13802,['4.55 USD'],0.00081,87.45 USD,True
BACKTESTER-001,MLSignalStrategyV2-V2,EUR/USD.IDEALPRO,IDEALPRO-001,O-20250418-151500-001-V2-1888,O-20250418-151500-001-V2-1890,BUY,FLAT,0.00,100000.00,1744989300000000000,2025-04-18 15:15:00+00:00,1745193660000000000,2025-04-21 00:01:00+00:00,204360000000000.0,1.13893,1.14491,['4.57 USD'],0.00525,593.43 USD,True
BACKTESTER-001,MLSignalStrategyV2-V2,EUR/USD.IDEALPRO,IDEALPRO-001,O-20250421-070000-001-V2-1891,O-20250421-070000-001-V2-1892,SELL,FLAT,0.00,100000.00,1745218800000000000,2025-04-21 07:00:00+00:00,1745220180000000000,2025-04-21 07:23:00+00:00,1380000000000.0,1.15154,1.15285,['4.61 USD'],-0.00114,-135.61 USD,True
BACKTESTER-001,MLSignalStrategyV2-V2,EUR/USD.IDEALPRO,IDEALPRO-001,O-20250421-080000-001-V2-1894,O-20250421-080000-001-V2-1895,SELL,FLAT,0.00,100000.00,1745222400000000000,2025-04-21 08:00:00+00:00,1745226780000000000,2025-04-21 09:13:00+00:00,4380000000000.0,1.15556,1.15734,['4.62 USD'],-0.00154,-182.62 USD,True
BACKTESTER-001,MLSignalStrategyV2-V2,EUR/USD.IDEALPRO,IDEALPRO-001,O-20250421-100000-001-V2-1897,O-20250421-100000-001-V2-1899,SELL,FLAT,0.00,100000.00,1745229600000000000,2025-04-21 10:00:00+00:00,1745231820000000000,2025-04-21 10:37:00+00:00,2220000000000.0,1.15471,1.1524,['4.61 USD'],0.002,226.39 USD,True
BACKTESTER-001,MLSignalStrategyV2-V2,EUR/USD.IDEALPRO,IDEALPRO-001,O-20250421-111500-001-V2-1900,O-20250421-111500-001-V2-1902,BUY,FLAT,0.00,100000.00,1745234100000000000,2025-04-21 11:15:00+00:00,1745235780000000000,2025-04-21 11:43:00+00:00,1680000000000.0,1.1518,1.15413,['4.61 USD'],0.00202,228.39 USD,True
BACKTESTER-001,MLSignalStrategyV2-V2,EUR/USD.IDEALPRO,IDEALPRO-001,O-20250421-120000-001-V2-1903,O-20250421-120000-001-V2-1905,SELL,FLAT,0.00,100000.00,1745236800000000000,2025-04-21 12:00:00+00:00,1745239320000000000,2025-04-21 12:42:00+00:00,2520000000000.0,1.1543,1.15214,['4.61 USD'],0.00187,211.39 USD,True
BACKTESTER-001,MLSignalStrategyV2-V2,EUR/USD.IDEALPRO,IDEALPRO-001,O-20250421-133000-001-V2-1906,O-20250421-133000-001-V2-1907,SELL,FLAT,0.00,100000.00,1745242200000000000,2025-04-21 13:30:00+00:00,1745243340000000000,2025-04-21 13:49:00+00:00,1140000000000.0,1.15061,1.15222,['4.60 USD'],-0.0014,-165.60 USD,True
BACKTESTER-001,MLSignalStrategyV2-V2,EUR/USD.IDEALPRO,IDEALPRO-001,O-20250421-141500-001-V2-1909,O-20250421-141500-001-V2-1911,SELL,FLAT,0.00,100000.00,1745244900000000000,2025-04-21 14:15:00+00:00,1745248140000000000,2025-04-21 15:09:00+00:00,3240000000000.0,1.15082,1.14841,['4.60 USD'],0.00209,236.40 USD,True
BACKTESTER-001,MLSignalStrategyV2-V2,EUR/USD.IDEALPRO,IDEALPRO-001,O-20250421-151500-001-V2-1912,O-20250421-151500-001-V2-1914,BUY,FLAT,0.00,100000.00,1745248500000000000,2025-04-21 15:15:00+00:00,1745250420000000000,2025-04-21 15:47:00+00:00,1920000000000.0,1.14822,1.15046,['4.60 USD'],0.00195,219.40 USD,True
BACKTESTER-001,MLSignalStrategyV2-V2,EUR/USD.IDEALPRO,IDEALPRO-001,O-20250421-203000-001-V2-1915,O-20250421-203000-001-V2-1917,BUY,FLAT,0.00,100000.00,1745267400000000000,2025-04-21 20:30:00+00:00,1745273100000000000,2025-04-21 22:05:00+00:00,5700000000000.0,1.15066,1.1518,['4.60 USD'],0.00099,109.40 USD,True
BACKTESTER-001,MLSignalStrategyV2-V2,EUR/USD.IDEALPRO,IDEALPRO-001,O-20250422-000000-001-V2-1918,O-20250422-000000-001-V2-1920,SELL,FLAT,0.00,100000.00,1745280000000000000,2025-04-22 00:00:00+00:00,1745280120000000000,2025-04-22 00:02:00+00:00,120000000000.0,1.1514,1.15011,['4.60 USD'],0.00112,124.40 USD,True
BACKTESTER-001,MLSignalStrategyV2-V2,EUR/USD.IDEALPRO,IDEALPRO-001,O-20250422-003000-001-V2-1921,O-20250422-003000-001-V2-1922,BUY,FLAT,0.00,100000.00,1745281800000000000,2025-04-22 00:30:00+00:00,1745282100000000000,2025-04-22 00:35:00+00:00,300000000000.0,1.14967,1.14883,['4.60 USD'],-0.00073,-88.60 USD,True
BACKTESTER-001,MLSignalStrategyV2-V2,EUR/USD.IDEALPRO,IDEALPRO-001,O-20250422-004500-001-V2-1924,O-20250422-004500-001-V2-1926,BUY,FLAT,0.00,100000.00,1745282700000000000,2025-04-22 00:45:00+00:00,1745287920000000000,2025-04-22 02:12:00+00:00,5220000000000.0,1.14884,1.15046,['4.60 USD'],0.00141,157.40 USD,True
BACKTESTER-001,MLSignalStrategyV2-V2,EUR/USD.IDEALPRO,IDEALPRO-001,O-20250422-021500-001-V2-1927,O-20250422-021500-001-V2-1929,BUY,FLAT,0.00,100000.00,1745288100000000000,2025-04-22 02:15:00+00:00,1745290620000000000,2025-04-22 02:57:00+00:00,2520000000000.0,1.15035,1.15179,['4.60 USD'],0.00125,139.40 USD,True
BACKTESTER-001,MLSignalStrategyV2-V2,EUR/USD.IDEALPRO,IDEALPRO-001,O-20250422-040000-001-V2-1930,O-20250422-040000-001-V2-1931,BUY,FLAT,0.00,100000.00,1745294400000000000,2025-04-22 04:00:00+00:00,1745298540000000000,2025-04-22 05:09:00+00:00,4140000000000.0,1.15349,1.15243,['4.61 USD'],-0.00092,-110.61 USD,True
BACKTESTER-001,MLSignalStrategyV2-V2,EUR/USD.IDEALPRO,IDEALPRO-001,O-20250422-070000-001-V2-1933,O-20250422-070000-001-V2-1934,BUY,FLAT,0.00,100000.00,1745305200000000000,2025-04-22 07:00:00+00:00,1745307840000000000,2025-04-22 07:44:00+00:00,2640000000000.0,1.1501,1.1486,['4.60 USD'],-0.0013,-154.60 USD,True
BACKTESTER-001,MLSignalStrategyV2-V2,EUR/USD.IDEALPRO,IDEALPRO-001,O-20250422-074500-001-V2-1936,O-20250422-074500-001-V2-1938,BUY,FLAT,0.00,100000.00,1745307900000000000,2025-04-22 07:45:00+00:00,1745308860000000000,2025-04-22 08:01:00+00:00,960000000000.0,1.14841,1.15074,['4.60 USD'],0.00203,228.40 USD,True
BACKTESTER-001,MLSignalStrategyV2-V2,EUR/USD.IDEALPRO,IDEALPRO-001,O-20250422-081500-001-V2-1939,O-20250422-081500-001-V2-1940,BUY,FLAT,0.00,100000.00,1745309700000000000,2025-04-22 08:15:00+00:00,1745315880000000000,2025-04-22 09:58:00+00:00,6180000000000.0,1.15046,1.14878,['4.60 USD'],-0.00146,-172.60 USD,True
BACKTESTER-001,MLSignalStrategyV2-V2,EUR/USD.IDEALPRO,IDEALPRO-001,O-20250422-100000-001-V2-1942,O-20250422-100000-001-V2-1943,BUY,FLAT,0.00,100000.00,1745316000000000000,2025-04-22 10:00:00+00:00,1745323320000000000,2025-04-22 12:02:00+00:00,7320000000000.0,1.14907,1.14742,['4.59 USD'],-0.00144,-169.59 USD,True
BACKTESTER-001,MLSignalStrategyV2-V2,EUR/USD.IDEALPRO,IDEALPRO-001,O-20250422-121500-001-V2-1945,O-20250422-121500-001-V2-1946,BUY,FLAT,0.00,100000.00,1745324100000000000,2025-04-22 12:15:00+00:00,1745324640000000000,2025-04-22 12:24:00+00:00,540000000000.0,1.14806,1.14649,['4.59 USD'],-0.00137,-161.59 USD,True
BACKTESTER-001,MLSignalStrategyV2-V2,EUR/USD.IDEALPRO,IDEALPRO-001,O-20250422-123000-001-V2-1948,O-20250422-123000-001-V2-1949,BUY,FLAT,0.00,100000.00,1745325000000000000,2025-04-22 12:30:00+00:00,1745327520000000000,2025-04-22 13:12:00+00:00,2520000000000.0,1.14698,1.1456,['4.58 USD'],-0.0012,-142.58 USD,True
BACKTESTER-001,MLSignalStrategyV2-V2,EUR/USD.IDEALPRO,IDEALPRO-001,O-20250422-170000-001-V2-1951,O-20250422-170000-001-V2-1952,BUY,FLAT,0.00,100000.00,1745341200000000000,2025-04-22 17:00:00+00:00,1745351940000000000,2025-04-22 19:59:00+00:00,10740000000000.0,1.1434,1.142,['4.57 USD'],-0.00122,-144.57 USD,True
BACKTESTER-001,MLSignalStrategyV2-V2,EUR/USD.IDEALPRO,IDEALPRO-001,O-20250422-200000-001-V2-1954,O-20250422-200000-001-V2-1955,BUY,FLAT,0.00,100000.00,1745352000000000000,2025-04-22 20:00:00+00:00,1745357400000000000,2025-04-22 21:30:00+00:00,5400000000000.0,1.14209,1.14083,['4.56 USD'],-0.0011,-130.56 USD,True
BACKTESTER-001,MLSignalStrategyV2-V2,EUR/USD.IDEALPRO,IDEALPRO-001,O-20250422-220000-001-V2-1957,O-20250422-220000-001-V2-1958,BUY,FLAT,0.00,100000.00,1745359200000000000,2025-04-22 22:00:00+00:00,1745359440000000000,2025-04-22 22:04:00+00:00,240000000000.0,1.13641,1.13492,['4.54 USD'],-0.00131,-153.54 USD,True
BACKTESTER-001,MLSignalStrategyV2-V2,EUR/USD.IDEALPRO,IDEALPRO-001,O-20250422-221500-001-V2-1960,O-20250422-221500-001-V2-1961,BUY,FLAT,0.00,100000.00,1745360100000000000,2025-04-22 22:15:00+00:00,1745360340000000000,2025-04-22 22:19:00+00:00,240000000000.0,1.13586,1.13391,['4.54 USD'],-0.00172,-199.54 USD,True
BACKTESTER-001,MLSignalStrategyV2-V2,EUR/USD.IDEALPRO,IDEALPRO-001,O-20250422-223000-001-V2-1963,O-20250422-223000-001-V2-1965,BUY,FLAT,0.00,100000.00,1745361000000000000,2025-04-22 22:30:00+00:00,1745362980000000000,2025-04-22 23:03:00+00:00,1980000000000.0,1.13176,1.1348,['4.53 USD'],0.00269,299.47 USD,True
BACKTESTER-001,MLSignalStrategyV2-V2,EUR/USD.IDEALPRO,IDEALPRO-001,O-20250422-231500-001-V2-1966,O-20250422-231500-001-V2-1968,BUY,FLAT,0.00,100000.00,1745363700000000000,2025-04-22 23:15:00+00:00,1745369400000000000,2025-04-23 00:50:00+00:00,5700000000000.0,1.13539,1.13869,['4.55 USD'],0.00291,325.45 USD,True
BACKTESTER-001,MLSignalStrategyV2-V2,EUR/USD.IDEALPRO,IDEALPRO-001,O-20250423-033000-001-V2-1969,O-20250423-033000-001-V2-1971,BUY,FLAT,0.00,100000.00,1745379000000000000,2025-04-23 03:30:00+00:00,1745393220000000000,2025-04-23 07:27:00+00:00,14220000000000.0,1.13838,1.14039,['4.56 USD'],0.00177,196.44 USD,True
BACKTESTER-001,MLSignalStrategyV2-V2,EUR/USD.IDEALPRO,IDEALPRO-001,O-20250423-080000-001-V2-1972,O-20250423-080000-001-V2-1974,BUY,FLAT,0.00,100000.00,1745395200000000000,2025-04-23 08:00:00+00:00,1745397960000000000,2025-04-23 08:46:00+00:00,2760000000000.0,1.1386,1.14098,['4.56 USD'],0.00209,233.44 USD,True
BACKTESTER-001,MLSignalStrategyV2-V2,EUR/USD.IDEALPRO,IDEALPRO-001,O-20250423-103000-001-V2-1975,O-20250423-103000-001-V2-1976,SELL,FLAT,0.00,100000.00,1745404200000000000,2025-04-23 10:30:00+00:00,1745408460000000000,2025-04-23 11:41:00+00:00,4260000000000.0,1.13975,1.14116,['4.56 USD'],-0.00124,-145.56 USD,True
BACKTESTER-001,MLSignalStrategyV2-V2,EUR/USD.IDEALPRO,IDEALPRO-001,O-20250423-114500-001-V2-1978,O-20250423-114500-001-V2-1980,SELL,FLAT,0.00,100000.00,1745408700000000000,2025-04-23 11:45:00+00:00,1745415480000000000,2025-04-23 13:38:00+00:00,6780000000000.0,1.14141,1.138,['4.56 USD'],0.00299,336.44 USD,True
BACKTESTER-001,MLSignalStrategyV2-V2,EUR/USD.IDEALPRO,IDEALPRO-001,O-20250423-201500-001-V2-1981,O-20250423-201500-001-V2-1982,BUY,FLAT,0.00,100000.00,1745439300000000000,2025-04-23 20:15:00+00:00,1745439900000000000,2025-04-23 20:25:00+00:00,600000000000.0,1.13231,1.13105,['4.52 USD'],-0.00111,-130.52 USD,True
BACKTESTER-001,MLSignalStrategyV2-V2,EUR/USD.IDEALPRO,IDEALPRO-001,O-20250423-203000-001-V2-1984,O-20250423-203000-001-V2-1986,BUY,FLAT,0.00,100000.00,1745440200000000000,2025-04-23 20:30:00+00:00,1745445660000000000,2025-04-23 22:01:00+00:00,5460000000000.0,1.13121,1.13288,['4.53 USD'],0.00148,162.47 USD,True
BACKTESTER-001,MLSignalStrategyV2-V2,EUR/USD.IDEALPRO,IDEALPRO-001,O-20250423-233000-001-V2-1987,O-20250423-233000-001-V2-1989,BUY,FLAT,0.00,100000.00,1745451000000000000,2025-04-23 23:30:00+00:00,1745456220000000000,2025-04-24 00:57:00+00:00,5220000000000.0,1.13302,1.13446,['4.54 USD'],0.00127,139.46 USD,True
BACKTESTER-001,MLSignalStrategyV2-V2,EUR/USD.IDEALPRO,IDEALPRO-001,O-20250424-034500-001-V2-1990,O-20250424-034500-001-V2-1991,SELL,FLAT,0.00,100000.00,1745466300000000000,2025-04-24 03:45:00+00:00,1745474940000000000,2025-04-24 06:09:00+00:00,8640000000000.0,1.1339,1.13483,['4.54 USD'],-0.00082,-97.54 USD,True
BACKTESTER-001,MLSignalStrategyV2-V2,EUR/USD.IDEALPRO,IDEALPRO-001,O-20250424-061500-001-V2-1993,O-20250424-061500-001-V2-1995,BUY,FLAT,0.00,100000.00,1745475300000000000,2025-04-24 06:15:00+00:00,1745478840000000000,2025-04-24 07:14:00+00:00,3540000000000.0,1.13489,1.13644,['4.54 USD'],0.00137,150.46 USD,True
BACKTESTER-001,MLSignalStrategyV2-V2,EUR/USD.IDEALPRO,IDEALPRO-001,O-20250424-090000-001-V2-1996,O-20250424-090000-001-V2-1997,SELL,FLAT,0.00,100000.00,1745485200000000000,2025-04-24 09:00:00+00:00,1745489400000000000,2025-04-24 10:10:00+00:00,4200000000000.0,1.13807,1.13949,['4.56 USD'],-0.00125,-146.56 USD,True
BACKTESTER-001,MLSignalStrategyV2-V2,EUR/USD.IDEALPRO,IDEALPRO-001,O-20250424-230000-001-V2-1999,O-20250424-230000-001-V2-2000,BUY,FLAT,0.00,100000.00,1745535600000000000,2025-04-24 23:00:00+00:00,1745536680000000000,2025-04-24 23:18:00+00:00,1080000000000.0,1.13866,1.13796,['4.56 USD'],-0.00061,-74.56 USD,True
BACKTESTER-001,MLSignalStrategyV2-V2,EUR/USD.IDEALPRO,IDEALPRO-001,O-20250424-234500-001-V2-2002,O-20250424-234500-001-V2-2004,SELL,FLAT,0.00,100000.00,1745538300000000000,2025-04-24 23:45:00+00:00,1745539380000000000,2025-04-25 00:03:00+00:00,1080000000000.0,1.13736,1.13629,['4.54 USD'],0.00094,102.46 USD,True
BACKTESTER-001,MLSignalStrategyV2-V2,EUR/USD.IDEALPRO,IDEALPRO-001,O-20250425-010000-001-V2-2005,O-20250425-010000-001-V2-2007,BUY,FLAT,0.00,100000.00,1745542800000000000,2025-04-25 01:00:00+00:00,1745551380000000000,2025-04-25 03:23:00+00:00,8580000000000.0,1.13474,1.13594,['4.54 USD'],0.00106,115.46 USD,True
BACKTESTER-001,MLSignalStrategyV2-V2,EUR/USD.IDEALPRO,IDEALPRO-001,O-20250425-034500-001-V2-2008,O-20250425-034500-001-V2-2009,BUY,FLAT,0.00,100000.00,1745552700000000000,2025-04-25 03:45:00+00:00,1745553660000000000,2025-04-25 04:01:00+00:00,960000000000.0,1.13332,1.13218,['4.53 USD'],-0.00101,-118.53 USD,True
BACKTESTER-001,MLSignalStrategyV2-V2,EUR/USD.IDEALPRO,IDEALPRO-001,O-20250425-041500-001-V2-2011,O-20250425-041500-001-V2-2013,BUY,FLAT,0.00,100000.00,1745554500000000000,2025-04-25 04:15:00+00:00,1745558280000000000,2025-04-25 05:18:00+00:00,3780000000000.0,1.13267,1.13416,['4.54 USD'],0.00132,144.46 USD,True
BACKTESTER-001,MLSignalStrategyV2-V2,EUR/USD.IDEALPRO,IDEALPRO-001,O-20250425-093000-001-V2-2014,O-20250425-093000-001-V2-2016,SELL,FLAT,0.00,100000.00,1745573400000000000,2025-04-25 09:30:00+00:00,1745576460000000000,2025-04-25 10:21:00+00:00,3060000000000.0,1.13543,1.13383,['4.54 USD'],0.00141,155.46 USD,True
BACKTESTER-001,MLSignalStrategyV2-V2,EUR/USD.IDEALPRO,IDEALPRO-001,O-20250425-103000-001-V2-2017,O-20250425-103000-001-V2-2019,BUY,FLAT,0.00,100000.00,1745577000000000000,2025-04-25 10:30:00+00:00,1745578140000000000,2025-04-25 10:49:00+00:00,1140000000000.0,1.13431,1.13596,['4.54 USD'],0.00145,160.46 USD,True
BACKTESTER-001,MLSignalStrategyV2-V2,EUR/USD.IDEALPRO,IDEALPRO-001,O-20250425-134500-001-V2-2020,O-20250425-134500-001-V2-2022,BUY,FLAT,0.00,100000.00,1745588700000000000,2025-04-25 13:45:00+00:00,1745589720000000000,2025-04-25 14:02:00+00:00,1020000000000.0,1.13407,1.13572,['4.54 USD'],0.00145,160.46 USD,True
BACKTESTER-001,MLSignalStrategyV2-V2,EUR/USD.IDEALPRO,IDEALPRO-001,O-20250425-204500-001-V2-2023,O-20250425-204500-001-V2-2025,SELL,FLAT,0.00,100000.00,1745613900000000000,2025-04-25 20:45:00+00:00,1745792400000000000,2025-04-27 22:20:00+00:00,178500000000000.0,1.1361,1.13499,['4.54 USD'],0.00098,106.46 USD,True
BACKTESTER-001,MLSignalStrategyV2-V2,EUR/USD.IDEALPRO,IDEALPRO-001,O-20250427-223000-001-V2-2026,O-20250427-223000-001-V2-2027,BUY,FLAT,0.00,100000.00,1745793000000000000,2025-04-27 22:30:00+00:00,1745793060000000000,2025-04-27 22:31:00+00:00,60000000000.0,1.13499,1.13399,['4.54 USD'],-0.00088,-104.54 USD,True
BACKTESTER-001,MLSignalStrategyV2-V2,EUR/USD.IDEALPRO,IDEALPRO-001,O-20250427-224500-001-V2-2029,O-20250427-224500-001-V2-2030,BUY,FLAT,0.00,100000.00,1745793900000000000,2025-04-27 22:45:00+00:00,1745798280000000000,2025-04-27 23:58:00+00:00,4380000000000.0,1.13499,1.13423,['4.54 USD'],-0.00067,-80.54 USD,True
BACKTESTER-001,MLSignalStrategyV2-V2,EUR/USD.IDEALPRO,IDEALPRO-001,O-20250428-020000-001-V2-2032,O-20250428-020000-001-V2-2034,BUY,FLAT,0.00,100000.00,1745805600000000000,2025-04-28 02:00:00+00:00,1745814720000000000,2025-04-28 04:32:00+00:00,9120000000000.0,1.13514,1.13638,['4.54 USD'],0.00109,119.46 USD,True
BACKTESTER-001,MLSignalStrategyV2-V2,EUR/USD.IDEALPRO,IDEALPRO-001,O-20250428-070000-001-V2-2035,O-20250428-070000-001-V2-2037,BUY,FLAT,0.00,100000.00,1745823600000000000,2025-04-28 07:00:00+00:00,1745824260000000000,2025-04-28 07:11:00+00:00,660000000000.0,1.13316,1.13471,['4.54 USD'],0.00137,150.46 USD,True
BACKTESTER-001,MLSignalStrategyV2-V2,EUR/USD.IDEALPRO,IDEALPRO-001,O-20250428-071500-001-V2-2038,O-20250428-071500-001-V2-2040,BUY,FLAT,0.00,100000.00,1745824500000000000,2025-04-28 07:15:00+00:00,1745826060000000000,2025-04-28 07:41:00+00:00,1560000000000.0,1.13427,1.13585,['4.54 USD'],0.00139,153.46 USD,True
BACKTESTER-001,MLSignalStrategyV2-V2,EUR/USD.IDEALPRO,IDEALPRO-001,O-20250428-074500-001-V2-2041,O-20250428-074500-001-V2-2042,BUY,FLAT,0.00,100000.00,1745826300000000000,2025-04-28 07:45:00+00:00,1745827020000000000,2025-04-28 07:57:00+00:00,720000000000.0,1.13604,1.13487,['4.54 USD'],-0.00103,-121.54 USD,True
BACKTESTER-001,MLSignalStrategyV2-V2,EUR/USD.IDEALPRO,IDEALPRO-001,O-20250428-080000-001-V2-2044,O-20250428-080000-001-V2-2045,BUY,FLAT,0.00,100000.00,1745827200000000000,2025-04-28 08:00:00+00:00,1745828940000000000,2025-04-28 08:29:00+00:00,1740000000000.0,1.13485,1.13353,['4.54 USD'],-0.00116,-136.54 USD,True
BACKTESTER-001,MLSignalStrategyV2-V2,EUR/USD.IDEALPRO,IDEALPRO-001,O-20250428-083000-001-V2-2047,O-20250428-083000-001-V2-2049,BUY,FLAT,0.00,100000.00,1745829000000000000,2025-04-28 08:30:00+00:00,1745832540000000000,2025-04-28 09:29:00+00:00,3540000000000.0,1.13363,1.13551,['4.54 USD'],0.00166,183.46 USD,True
BACKTESTER-001,MLSignalStrategyV2-V2,EUR/USD.IDEALPRO,IDEALPRO-001,O-20250428-144500-001-V2-2050,O-20250428-144500-001-V2-2052,SELL,FLAT,0.00,100000.00,1745851500000000000,2025-04-28 14:45:00+00:00,1745853180000000000,2025-04-28 15:13:00+00:00,1680000000000.0,1.13992,1.13738,['4.55 USD'],0.00223,249.45 USD,True
BACKTESTER-001,MLSignalStrategyV2-V2,EUR/USD.IDEALPRO,IDEALPRO-001,O-20250428-151500-001-V2-2053,O-20250428-151500-001-V2-2054,SELL,FLAT,0.00,100000.00,1745853300000000000,2025-04-28 15:15:00+00:00,1745855160000000000,2025-04-28 15:46:00+00:00,1860000000000.0,1.1373,1.13926,['4.55 USD'],-0.00172,-200.55 USD,True
BACKTESTER-001,MLSignalStrategyV2-V2,EUR/USD.IDEALPRO,IDEALPRO-001,O-20250428-170000-001-V2-2056,O-20250428-170000-001-V2-2058,SELL,FLAT,0.00,100000.00,1745859600000000000,2025-04-28 17:00:00+00:00,1745898480000000000,2025-04-29 03:48:00+00:00,38880000000000.0,1.14115,1.13866,['4.56 USD'],0.00218,244.44 USD,True
BACKTESTER-001,MLSignalStrategyV2-V2,EUR/USD.IDEALPRO,IDEALPRO-001,O-20250429-100000-001-V2-2059,O-20250429-100000-001-V2-2061,BUY,FLAT,0.00,100000.00,1745920800000000000,2025-04-29 10:00:00+00:00,1745930640000000000,2025-04-29 12:44:00+00:00,9840000000000.0,1.13806,1.13993,['4.56 USD'],0.00164,182.44 USD,True
BACKTESTER-001,MLSignalStrategyV2-V2,EUR/USD.IDEALPRO,IDEALPRO-001,O-20250429-141500-001-V2-2062,O-20250429-141500-001-V2-2063,SELL,FLAT,0.00,100000.00,1745936100000000000,2025-04-29 14:15:00+00:00,1745943900000000000,2025-04-29 16:25:00+00:00,7800000000000.0,1.13964,1.14159,['4.56 USD'],-0.00171,-199.56 USD,True
BACKTESTER-001,MLSignalStrategyV2-V2,EUR/USD.IDEALPRO,IDEALPRO-001,O-20250429-171500-001-V2-2065,O-20250429-171500-001-V2-2066,BUY,FLAT,0.00,100000.00,1745946900000000000,2025-04-29 17:15:00+00:00,1745950260000000000,2025-04-29 18:11:00+00:00,3360000000000.0,1.13949,1.13773,['4.56 USD'],-0.00154,-180.56 USD,True
BACKTESTER-001,MLSignalStrategyV2-V2,EUR/USD.IDEALPRO,IDEALPRO-001,O-20250429-223000-001-V2-2068,O-20250429-223000-001-V2-2069,BUY,FLAT,0.00,100000.00,1745965800000000000,2025-04-29 22:30:00+00:00,1745966640000000000,2025-04-29 22:44:00+00:00,840000000000.0,1.13956,1.13881,['4.56 USD'],-0.00066,-79.56 USD,True
BACKTESTER-001,MLSignalStrategyV2-V2,EUR/USD.IDEALPRO,IDEALPRO-001,O-20250429-230000-001-V2-2071,O-20250429-230000-001-V2-2073,SELL,FLAT,0.00,100000.00,1745967600000000000,2025-04-29 23:00:00+00:00,1745974440000000000,2025-04-30 00:54:00+00:00,6840000000000.0,1.13916,1.13796,['4.56 USD'],0.00105,115.44 USD,True
BACKTESTER-001,MLSignalStrategyV2-V2,EUR/USD.IDEALPRO,IDEALPRO-001,O-20250430-020000-001-V2-2074,O-20250430-020000-001-V2-2076,BUY,FLAT,0.00,100000.00,1745978400000000000,2025-04-30 02:00:00+00:00,1745980380000000000,2025-04-30 02:33:00+00:00,1980000000000.0,1.13587,1.13718,['4.54 USD'],0.00115,126.46 USD,True
BACKTESTER-001,MLSignalStrategyV2-V2,EUR/USD.IDEALPRO,IDEALPRO-001,O-20250430-024500-001-V2-2077,O-20250430-024500-001-V2-2079,BUY,FLAT,0.00,100000.00,1745981100000000000,2025-04-30 02:45:00+00:00,1745991240000000000,2025-04-30 05:34:00+00:00,10140000000000.0,1.13666,1.1381,['4.55 USD'],0.00127,139.45 USD,True
BACKTESTER-001,MLSignalStrategyV2-V2,EUR/USD.IDEALPRO,IDEALPRO-001,O-20250430-073000-001-V2-2080,O-20250430-073000-001-V2-2081,BUY,FLAT,0.00,100000.00,1745998200000000000,2025-04-30 07:30:00+00:00,1746000060000000000,2025-04-30 08:01:00+00:00,1860000000000.0,1.13805,1.13694,['4.55 USD'],-0.00098,-115.55 USD,True
BACKTESTER-001,MLSignalStrategyV2-V2,EUR/USD.IDEALPRO,IDEALPRO-001,O-20250430-100000-001-V2-2083,O-20250430-100000-001-V2-2085,BUY,FLAT,0.00,100000.00,1746007200000000000,2025-04-30 10:00:00+00:00,1746013260000000000,2025-04-30 11:41:00+00:00,6060000000000.0,1.13625,1.13778,['4.55 USD'],0.00135,148.45 USD,True
BACKTESTER-001,MLSignalStrategyV2-V2,EUR/USD.IDEALPRO,IDEALPRO-001,O-20250430-200000-001-V2-2086,O-20250430-200000-001-V2-2087,BUY,FLAT,0.00,100000.00,1746043200000000000,2025-04-30 20:00:00+00:00,1746043800000000000,2025-04-30 20:10:00+00:00,600000000000.0,1.13299,1.13199,['4.53 USD'],-0.00088,-104.53 USD,True
BACKTESTER-001,MLSignalStrategyV2-V2,EUR/USD.IDEALPRO,IDEALPRO-001,O-20250430-201500-001-V2-2089,O-20250430-201500-001-V2-2090,BUY,FLAT,0.00,100000.00,1746044100000000000,2025-04-30 20:15:00+00:00,1746062400000000000,2025-05-01 01:20:00+00:00,18300000000000.0,1.13215,1.13106,['4.52 USD'],-0.00096,-113.52 USD,True
BACKTESTER-001,MLSignalStrategyV2-V2,EUR/USD.IDEALPRO,IDEALPRO-001,O-20250501-033000-001-V2-2092,O-20250501-033000-001-V2-2093,BUY,FLAT,0.00,100000.00,1746070200000000000,2025-05-01 03:30:00+00:00,1746075720000000000,2025-05-01 05:02:00+00:00,5520000000000.0,1.13054,1.12971,['4.52 USD'],-0.00073,-87.52 USD,True
BACKTESTER-001,MLSignalStrategyV2-V2,EUR/USD.IDEALPRO,IDEALPRO-001,O-20250501-090000-001-V2-2095,O-20250501-090000-001-V2-2097,BUY,FLAT,0.00,100000.00,1746090000000000000,2025-05-01 09:00:00+00:00,1746098340000000000,2025-05-01 11:19:00+00:00,8340000000000.0,1.13198,1.13411,['4.53 USD'],0.00188,208.47 USD,True
BACKTESTER-001,MLSignalStrategyV2-V2,EUR/USD.IDEALPRO,IDEALPRO-001,O-20250501-124500-001-V2-2098,O-20250501-124500-001-V2-2100,SELL,FLAT,0.00,100000.00,1746103500000000000,2025-05-01 12:45:00+00:00,1746108060000000000,2025-05-01 14:01:00+00:00,4560000000000.0,1.13172,1.1298,['4.52 USD'],0.0017,187.48 USD,True
BACKTESTER-001,MLSignalStrategyV2-V2,EUR/USD.IDEALPRO,IDEALPRO-001,O-20250501-150000-001-V2-2101,O-20250501-150000-001-V2-2102,BUY,FLAT,0.00,100000.00,1746111600000000000,2025-05-01 15:00:00+00:00,1746114240000000000,2025-05-01 15:44:00+00:00,2640000000000.0,1.12818,1.12677,['4.51 USD'],-0.00125,-145.51 USD,True
BACKTESTER-001,MLSignalStrategyV2-V2,EUR/USD.IDEALPRO,IDEALPRO-001,O-20250501-154500-001-V2-2104,O-20250501-154500-001-V2-2106,BUY,FLAT,0.00,100000.00,1746114300000000000,2025-05-01 15:45:00+00:00,1746118200000000000,2025-05-01 16:50:00+00:00,3900000000000.0,1.12679,1.12888,['4.51 USD'],0.00185,204.49 USD,True
BACKTESTER-001,MLSignalStrategyV2-V2,EUR/USD.IDEALPRO,IDEALPRO-001,O-20250501-181500-001-V2-2107,O-20250501-181500-001-V2-2108,BUY,FLAT,0.00,100000.00,1746123300000000000,2025-05-01 18:15:00+00:00,1746124140000000000,2025-05-01 18:29:00+00:00,840000000000.0,1.12875,1.12775,['4.52 USD'],-0.00089,-104.52 USD,True
BACKTESTER-001,MLSignalStrategyV2-V2,EUR/USD.IDEALPRO,IDEALPRO-001,O-20250501-183000-001-V2-2110,O-20250501-183000-001-V2-2112,BUY,FLAT,0.00,100000.00,1746124200000000000,2025-05-01 18:30:00+00:00,1746138420000000000,2025-05-01 22:27:00+00:00,14220000000000.0,1.12805,1.12956,['4.52 USD'],0.00134,146.48 USD,True
BACKTESTER-001,MLSignalStrategyV2-V2,EUR/USD.IDEALPRO,IDEALPRO-001,O-20250501-230000-001-V2-2113,O-20250501-230000-001-V2-2114,BUY,FLAT,0.00,100000.00,1746140400000000000,2025-05-01 23:00:00+00:00,1746144960000000000,2025-05-02 00:16:00+00:00,4560000000000.0,1.12953,1.12883,['4.52 USD'],-0.00062,-74.52 USD,True
BACKTESTER-001,MLSignalStrategyV2-V2,EUR/USD.IDEALPRO,IDEALPRO-001,O-20250502-010000-001-V2-2116,O-20250502-010000-001-V2-2118,BUY,FLAT,0.00,100000.00,1746147600000000000,2025-05-02 01:00:00+00:00,1746150660000000000,2025-05-02 01:51:00+00:00,3060000000000.0,1.12824,1.12924,['4.52 USD'],0.00089,95.48 USD,True
BACKTESTER-001,MLSignalStrategyV2-V2,EUR/USD.IDEALPRO,IDEALPRO-001,O-20250502-030000-001-V2-2119,O-20250502-030000-001-V2-2121,BUY,FLAT,0.00,100000.00,1746154800000000000,2025-05-02 03:00:00+00:00,1746156240000000000,2025-05-02 03:24:00+00:00,1440000000000.0,1.1294,1.13047,['4.52 USD'],0.00095,102.48 USD,True
BACKTESTER-001,MLSignalStrategyV2-V2,EUR/USD.IDEALPRO,IDEALPRO-001,O-20250502-033000-001-V2-2122,O-20250502-033000-001-V2-2124,BUY,FLAT,0.00,100000.00,1746156600000000000,2025-05-02 03:30:00+00:00,1746166200000000000,2025-05-02 06:10:00+00:00,9600000000000.0,1.13081,1.13192,['4.52 USD'],0.00098,106.48 USD,True
BACKTESTER-001,MLSignalStrategyV2-V2,EUR/USD.IDEALPRO,IDEALPRO-001,O-20250502-070000-001-V2-2125,O-20250502-070000-001-V2-2126,BUY,FLAT,0.00,100000.00,1746169200000000000,2025-05-02 07:00:00+00:00,1746173700000000000,2025-05-02 08:15:00+00:00,4500000000000.0,1.1326,1.13162,['4.53 USD'],-0.00087,-102.53 USD,True
BACKTESTER-001,MLSignalStrategyV2-V2,EUR/USD.IDEALPRO,IDEALPRO-001,O-20250502-093000-001-V2-2128,O-20250502-093000-001-V2-2130,BUY,FLAT,0.00,100000.00,1746178200000000000,2025-05-02 09:30:00+00:00,1746178800000000000,2025-05-02 09:40:00+00:00,600000000000.0,1.1331,1.13475,['4.54 USD'],0.00146,160.46 USD,True
BACKTESTER-001,MLSignalStrategyV2-V2,EUR/USD.IDEALPRO,IDEALPRO-001,O-20250502-094500-001-V2-2131,O-20250502-094500-001-V2-2133,SELL,FLAT,0.00,100000.00,1746179100000000000,2025-05-02 09:45:00+00:00,1746182640000000000,2025-05-02 10:44:00+00:00,3540000000000.0,1.13479,1.13327,['4.54 USD'],0.00134,147.46 USD,True
BACKTESTER-001,MLSignalStrategyV2-V2,EUR/USD.IDEALPRO,IDEALPRO-001,O-20250502-134500-001-V2-2134,O-20250502-134500-001-V2-2136,SELL,FLAT,0.00,100000.00,1746193500000000000,2025-05-02 13:45:00+00:00,1746199440000000000,2025-05-02 15:24:00+00:00,5940000000000.0,1.13676,1.13391,['4.54 USD'],0.00251,280.46 USD,True
BACKTESTER-001,MLSignalStrategyV2-V2,EUR/USD.IDEALPRO,IDEALPRO-001,O-20250502-161500-001-V2-2137,O-20250502-161500-001-V2-2139,SELL,FLAT,0.00,100000.00,1746202500000000000,2025-05-02 16:15:00+00:00,1746205500000000000,2025-05-02 17:05:00+00:00,3000000000000.0,1.13373,1.13125,['4.53 USD'],0.00219,243.47 USD,True
BACKTESTER-001,MLSignalStrategyV2-V2,EUR/USD.IDEALPRO,IDEALPRO-001,O-20250504-213000-001-V2-2140,O-20250504-213000-001-V2-2141,BUY,FLAT,0.00,100000.00,1746394200000000000,2025-05-04 21:30:00+00:00,1746394860000000000,2025-05-04 21:41:00+00:00,660000000000.0,1.1303,1.12952,['4.52 USD'],-0.00069,-82.52 USD,True
BACKTESTER-001,MLSignalStrategyV2-V2,EUR/USD.IDEALPRO,IDEALPRO-001,O-20250504-214500-001-V2-2143,O-20250504-214500-001-V2-2145,BUY,FLAT,0.00,100000.00,1746395100000000000,2025-05-04 21:45:00+00:00,1746398400000000000,2025-05-04 22:40:00+00:00,3300000000000.0,1.12984,1.13125,['4.52 USD'],0.00125,136.48 USD,True
BACKTESTER-001,MLSignalStrategyV2-V2,EUR/USD.IDEALPRO,IDEALPRO-001,O-20250504-224500-001-V2-2146,O-20250504-224500-001-V2-2147,BUY,FLAT,0.00,100000.00,1746398700000000000,2025-05-04 22:45:00+00:00,1746399660000000000,2025-05-04 23:01:00+00:00,960000000000.0,1.13134,1.13045,['4.52 USD'],-0.00079,-93.52 USD,True
BACKTESTER-001,MLSignalStrategyV2-V2,EUR/USD.IDEALPRO,IDEALPRO-001,O-20250504-231500-001-V2-2149,O-20250504-231500-001-V2-2151,BUY,FLAT,0.00,100000.00,1746400500000000000,2025-05-04 23:15:00+00:00,1746401580000000000,2025-05-04 23:33:00+00:00,1080000000000.0,1.13033,1.13159,['4.52 USD'],0.00111,121.48 USD,True
BACKTESTER-001,MLSignalStrategyV2-V2,EUR/USD.IDEALPRO,IDEALPRO-001,O-20250504-234500-001-V2-2152,O-20250504-234500-001-V2-2154,BUY,FLAT,0.00,100000.00,1746402300000000000,2025-05-04 23:45:00+00:00,1746407640000000000,2025-05-05 01:14:00+00:00,5340000000000.0,1.13204,1.13329,['4.53 USD'],0.0011,120.47 USD,True
BACKTESTER-001,MLSignalStrategyV2-V2,EUR/USD.IDEALPRO,IDEALPRO-001,O-20250505-023000-001-V2-2155,O-20250505-023000-001-V2-2156,BUY,FLAT,0.00,100000.00,1746412200000000000,2025-05-05 02:30:00+00:00,1746416280000000000,2025-05-05 03:38:00+00:00,4080000000000.0,1.13398,1.13302,['4.54 USD'],-0.00085,-100.54 USD,True
BACKTESTER-001,MLSignalStrategyV2-V2,EUR/USD.IDEALPRO,IDEALPRO-001,O-20250505-080000-001-V2-2158,O-20250505-080000-001-V2-2160,BUY,FLAT,0.00,100000.00,1746432000000000000,2025-05-05 08:00:00+00:00,1746434700000000000,2025-05-05 08:45:00+00:00,2700000000000.0,1.13131,1.13284,['4.53 USD'],0.00135,148.47 USD,True
BACKTESTER-001,MLSignalStrategyV2-V2,EUR/USD.IDEALPRO,IDEALPRO-001,O-20250505-084500-001-V2-2161,O-20250505-084500-001-V2-2163,BUY,FLAT,0.00,100000.00,1746434700000000000,2025-05-05 08:45:00+00:00,1746437460000000000,2025-05-05 09:31:00+00:00,2760000000000.0,1.13278,1.13423,['4.54 USD'],0.00128,140.46 USD,True
BACKTESTER-001,MLSignalStrategyV2-V2,EUR/USD.IDEALPRO,IDEALPRO-001,O-20250505-100000-001-V2-2164,O-20250505-100000-001-V2-2166,BUY,FLAT,0.00,100000.00,1746439200000000000,2025-05-05 10:00:00+00:00,1746443520000000000,2025-05-05 11:12:00+00:00,4320000000000.0,1.13413,1.13566,['4.54 USD'],0.00135,148.46 USD,True
BACKTESTER-001,MLSignalStrategyV2-V2,EUR/USD.IDEALPRO,IDEALPRO-001,O-20250505-124500-001-V2-2167,O-20250505-124500-001-V2-2168,SELL,FLAT,0.00,100000.00,1746449100000000000,2025-05-05 12:45:00+00:00,1746449820000000000,2025-05-05 12:57:00+00:00,720000000000.0,1.13502,1.13623,['4.54 USD'],-0.00107,-125.54 USD,True
BACKTESTER-001,MLSignalStrategyV2-V2,EUR/USD.IDEALPRO,IDEALPRO-001,O-20250505-150000-001-V2-2170,O-20250505-150000-001-V2-2172,SELL,FLAT,0.00,100000.00,1746457200000000000,2025-05-05 15:00:00+00:00,1746459420000000000,2025-05-05 15:37:00+00:00,2220000000000.0,1.13386,1.1321,['4.53 USD'],0.00155,171.47 USD,True
BACKTESTER-001,MLSignalStrategyV2-V2,EUR/USD.IDEALPRO,IDEALPRO-001,O-20250505-170000-001-V2-2173,O-20250505-170000-001-V2-2175,BUY,FLAT,0.00,100000.00,1746464400000000000,2025-05-05 17:00:00+00:00,1746472020000000000,2025-05-05 19:07:00+00:00,7620000000000.0,1.13024,1.1318,['4.52 USD'],0.00138,151.48 USD,True
BACKTESTER-001,MLSignalStrategyV2-V2,EUR/USD.IDEALPRO,IDEALPRO-001,O-20250505-191500-001-V2-2176,O-20250505-191500-001-V2-2177,BUY,FLAT,0.00,100000.00,1746472500000000000,2025-05-05 19:15:00+00:00,1746490080000000000,2025-05-06 00:08:00+00:00,17580000000000.0,1.13178,1.13059,['4.52 USD'],-0.00105,-123.52 USD,True
BACKTESTER-001,MLSignalStrategyV2-V2,EUR/USD.IDEALPRO,IDEALPRO-001,O-20250506-001500-001-V2-2179,O-20250506-001500-001-V2-2180,BUY,FLAT,0.00,100000.00,1746490500000000000,2025-05-06 00:15:00+00:00,1746490740000000000,2025-05-06 00:19:00+00:00,240000000000.0,1.1299,1.12935,['4.52 USD'],-0.00049,-59.52 USD,True
BACKTESTER-001,MLSignalStrategyV2-V2,EUR/USD.IDEALPRO,IDEALPRO-001,O-20250506-003000-001-V2-2182,O-20250506-003000-001-V2-2183,BUY,FLAT,0.00,100000.00,1746491400000000000,2025-05-06 00:30:00+00:00,1746493440000000000,2025-05-06 01:04:00+00:00,2040000000000.0,1.12868,1.12799,['4.52 USD'],-0.00061,-73.52 USD,True
BACKTESTER-001,MLSignalStrategyV2-V2,EUR/USD.IDEALPRO,IDEALPRO-001,O-20250506-013000-001-V2-2185,O-20250506-013000-001-V2-2186,BUY,FLAT,0.00,100000.00,1746495000000000000,2025-05-06 01:30:00+00:00,1746495120000000000,2025-05-06 01:32:00+00:00,120000000000.0,1.12887,1.128,['4.52 USD'],-0.00077,-91.52 USD,True
BACKTESTER-001,MLSignalStrategyV2-V2,EUR/USD.IDEALPRO,IDEALPRO-001,O-20250506-014500-001-V2-2188,O-20250506-014500-001-V2-2190,BUY,FLAT,0.00,100000.00,1746495900000000000,2025-05-06 01:45:00+00:00,1746497280000000000,2025-05-06 02:08:00+00:00,1380000000000.0,1.12906,1.13059,['4.52 USD'],0.00136,148.48 USD,True
BACKTESTER-001,MLSignalStrategyV2-V2,EUR/USD.IDEALPRO,IDEALPRO-001,O-20250506-021500-001-V2-2191,O-20250506-021500-001-V2-2193,BUY,FLAT,0.00,100000.00,1746497700000000000,2025-05-06 02:15:00+00:00,1746504960000000000,2025-05-06 04:16:00+00:00,7260000000000.0,1.13068,1.1322,['4.52 USD'],0.00134,147.48 USD,True
BACKTESTER-001,MLSignalStrategyV2-V2,EUR/USD.IDEALPRO,IDEALPRO-001,O-20250506-043000-001-V2-2194,O-20250506-043000-001-V2-2196,BUY,FLAT,0.00,100000.00,1746505800000000000,2025-05-06 04:30:00+00:00,1746513780000000000,2025-05-06 06:43:00+00:00,7980000000000.0,1.13201,1.13325,['4.53 USD'],0.0011,119.47 USD,True
BACKTESTER-001,MLSignalStrategyV2-V2,EUR/USD.IDEALPRO,IDEALPRO-001,O-20250506-073000-001-V2-2197,O-20250506-073000-001-V2-2198,BUY,FLAT,0.00,100000.00,1746516600000000000,2025-05-06 07:30:00+00:00,1746518880000000000,2025-05-06 08:08:00+00:00,2280000000000.0,1.13361,1.13223,['4.53 USD'],-0.00122,-142.53 USD,True
BACKTESTER-001,MLSignalStrategyV2-V2,EUR/USD.IDEALPRO,IDEALPRO-001,O-20250506-084500-001-V2-2200,O-20250506-084500-001-V2-2201,BUY,FLAT,0.00,100000.00,1746521100000000000,2025-05-06 08:45:00+00:00,1746522420000000000,2025-05-06 09:07:00+00:00,1320000000000.0,1.13357,1.13226,['4.53 USD'],-0.00116,-135.53 USD,True
BACKTESTER-001,MLSignalStrategyV2-V2,EUR/USD.IDEALPRO,IDEALPRO-001,O-20250506-201500-001-V2-2203,O-20250506-201500-001-V2-2204,BUY,FLAT,0.00,100000.00,1746562500000000000,2025-05-06 20:15:00+00:00,1746563460000000000,2025-05-06 20:31:00+00:00,960000000000.0,1.13781,1.13681,['4.55 USD'],-0.00088,-104.55 USD,True
BACKTESTER-001,MLSignalStrategyV2-V2,EUR/USD.IDEALPRO,IDEALPRO-001,O-20250506-220000-001-V2-2206,O-20250506-220000-001-V2-2207,BUY,FLAT,0.00,100000.00,1746568800000000000,2025-05-06 22:00:00+00:00,1746568980000000000,2025-05-06 22:03:00+00:00,180000000000.0,1.13733,1.13664,['4.54 USD'],-0.00061,-73.54 USD,True
BACKTESTER-001,MLSignalStrategyV2-V2,EUR/USD.IDEALPRO,IDEALPRO-001,O-20250506-223000-001-V2-2209,O-20250506-223000-001-V2-2211,BUY,FLAT,0.00,100000.00,1746570600000000000,2025-05-06 22:30:00+00:00,1746570960000000000,2025-05-06 22:36:00+00:00,360000000000.0,1.13296,1.13475,['4.54 USD'],0.00158,174.46 USD,True
BACKTESTER-001,MLSignalStrategyV2-V2,EUR/USD.IDEALPRO,IDEALPRO-001,O-20250506-230000-001-V2-2212,O-20250506-230000-001-V2-2213,BUY,FLAT,0.00,100000.00,1746572400000000000,2025-05-06 23:00:00+00:00,1746577380000000000,2025-05-07 00:23:00+00:00,4980000000000.0,1.13426,1.13291,['4.54 USD'],-0.00119,-139.54 USD,True
BACKTESTER-001,MLSignalStrategyV2-V2,EUR/USD.IDEALPRO,IDEALPRO-001,O-20250507-023000-001-V2-2215,O-20250507-023000-001-V2-2217,BUY,FLAT,0.00,100000.00,1746585000000000000,2025-05-07 02:30:00+00:00,1746597120000000000,2025-05-07 05:52:00+00:00,12120000000000.0,1.13433,1.13634,['4.54 USD'],0.00177,196.46 USD,True
BACKTESTER-001,MLSignalStrategyV2-V2,EUR/USD.IDEALPRO,IDEALPRO-001,O-20250507-074500-001-V2-2218,O-20250507-074500-001-V2-2219,BUY,FLAT,0.00,100000.00,1746603900000000000,2025-05-07 07:45:00+00:00,1746608940000000000,2025-05-07 09:09:00+00:00,5040000000000.0,1.13604,1.13501,['4.54 USD'],-0.00091,-107.54 USD,True
BACKTESTER-001,MLSignalStrategyV2-V2,EUR/USD.IDEALPRO,IDEALPRO-001,O-20250507-140000-001-V2-2221,O-20250507-140000-001-V2-2222,BUY,FLAT,0.00,100000.00,1746626400000000000,2025-05-07 14:00:00+00:00,1746626880000000000,2025-05-07 14:08:00+00:00,480000000000.0,1.13669,1.13576,['4.54 USD'],-0.00082,-97.54 USD,True
BACKTESTER-001,MLSignalStrategyV2-V2,EUR/USD.IDEALPRO,IDEALPRO-001,O-20250507-143000-001-V2-2224,O-20250507-143000-001-V2-2225,BUY,FLAT,0.00,100000.00,1746628200000000000,2025-05-07 14:30:00+00:00,1746631320000000000,2025-05-07 15:22:00+00:00,3120000000000.0,1.13619,1.13498,['4.54 USD'],-0.00106,-125.54 USD,True
BACKTESTER-001,MLSignalStrategyV2-V2,EUR/USD.IDEALPRO,IDEALPRO-001,O-20250507-161500-001-V2-2227,O-20250507-161500-001-V2-2229,BUY,FLAT,0.00,100000.00,1746634500000000000,2025-05-07 16:15:00+00:00,1746641280000000000,2025-05-07 18:08:00+00:00,6780000000000.0,1.13414,1.13617,['4.54 USD'],0.00179,198.46 USD,True
BACKTESTER-001,MLSignalStrategyV2-V2,EUR/USD.IDEALPRO,IDEALPRO-001,O-20250507-200000-001-V2-2230,O-20250507-200000-001-V2-2232,BUY,FLAT,0.00,100000.00,1746648000000000000,2025-05-07 20:00:00+00:00,1746669600000000000,2025-05-08 02:00:00+00:00,21600000000000.0,1.1307,1.13329,['4.53 USD'],0.00229,254.47 USD,True
BACKTESTER-001,MLSignalStrategyV2-V2,EUR/USD.IDEALPRO,IDEALPRO-001,O-20250508-060000-001-V2-2233,O-20250508-060000-001-V2-2234,BUY,FLAT,0.00,100000.00,1746684000000000000,2025-05-08 06:00:00+00:00,1746684960000000000,2025-05-08 06:16:00+00:00,960000000000.0,1.1304,1.12929,['4.52 USD'],-0.00098,-115.52 USD,True
BACKTESTER-001,MLSignalStrategyV2-V2,EUR/USD.IDEALPRO,IDEALPRO-001,O-20250508-063000-001-V2-2236,O-20250508-063000-001-V2-2237,BUY,FLAT,0.00,100000.00,1746685800000000000,2025-05-08 06:30:00+00:00,1746687720000000000,2025-05-08 07:02:00+00:00,1920000000000.0,1.12858,1.12745,['4.51 USD'],-0.001,-117.51 USD,True
BACKTESTER-001,MLSignalStrategyV2-V2,EUR/USD.IDEALPRO,IDEALPRO-001,O-20250508-090000-001-V2-2239,O-20250508-090000-001-V2-2240,BUY,FLAT,0.00,100000.00,1746694800000000000,2025-05-08 09:00:00+00:00,1746699180000000000,2025-05-08 10:13:00+00:00,4380000000000.0,1.12879,1.12779,['4.52 USD'],-0.00089,-104.52 USD,True
BACKTESTER-001,MLSignalStrategyV2-V2,EUR/USD.IDEALPRO,IDEALPRO-001,O-20250508-101500-001-V2-2242,O-20250508-101500-001-V2-2244,BUY,FLAT,0.00,100000.00,1746699300000000000,2025-05-08 10:15:00+00:00,1746700560000000000,2025-05-08 10:36:00+00:00,1260000000000.0,1.12792,1.12956,['4.52 USD'],0.00145,159.48 USD,True
BACKTESTER-001,MLSignalStrategyV2-V2,EUR/USD.IDEALPRO,IDEALPRO-001,O-20250508-134500-001-V2-2245,O-20250508-134500-001-V2-2246,SELL,FLAT,0.00,100000.00,1746711900000000000,2025-05-08 13:45:00+00:00,1746713220000000000,2025-05-08 14:07:00+00:00,1320000000000.0,1.12987,1.1313,['4.52 USD'],-0.00127,-147.52 USD,True
BACKTESTER-001,MLSignalStrategyV2-V2,EUR/USD.IDEALPRO,IDEALPRO-001,O-20250508-151500-001-V2-2248,O-20250508-151500-001-V2-2250,SELL,FLAT,0.00,100000.00,1746717300000000000,2025-05-08 15:15:00+00:00,1746718920000000000,2025-05-08 15:42:00+00:00,1620000000000.0,1.12873,1.12641,['4.51 USD'],0.00206,227.49 USD,True
BACKTESTER-001,MLSignalStrategyV2-V2,EUR/USD.IDEALPRO,IDEALPRO-001,O-20250508-154500-001-V2-2251,O-20250508-154500-001-V2-2252,BUY,FLAT,0.00,100000.00,1746719100000000000,2025-05-08 15:45:00+00:00,1746719400000000000,2025-05-08 15:50:00+00:00,300000000000.0,1.12628,1.12424,['4.50 USD'],-0.00181,-208.50 USD,True
BACKTESTER-001,MLSignalStrategyV2-V2,EUR/USD.IDEALPRO,IDEALPRO-001,O-20250508-180000-001-V2-2254,O-20250508-180000-001-V2-2255,BUY,FLAT,0.00,100000.00,1746727200000000000,2025-05-08 18:00:00+00:00,1746732420000000000,2025-05-08 19:27:00+00:00,5220000000000.0,1.12268,1.12119,['4.49 USD'],-0.00133,-153.49 USD,True
BACKTESTER-001,MLSignalStrategyV2-V2,EUR/USD.IDEALPRO,IDEALPRO-001,O-20250508-193000-001-V2-2257,O-20250508-193000-001-V2-2259,BUY,FLAT,0.00,100000.00,1746732600000000000,2025-05-08 19:30:00+00:00,1746734400000000000,2025-05-08 20:00:00+00:00,1800000000000.0,1.12125,1.12284,['4.49 USD'],0.00142,154.51 USD,True
BACKTESTER-001,MLSignalStrategyV2-V2,EUR/USD.IDEALPRO,IDEALPRO-001,O-20250508-210000-001-V2-2260,O-20250508-210000-001-V2-2261,BUY,FLAT,0.00,100000.00,1746738000000000000,2025-05-08 21:00:00+00:00,1746750060000000000,2025-05-09 00:21:00+00:00,12060000000000.0,1.1225,1.12163,['4.49 USD'],-0.00078,-91.49 USD,True
BACKTESTER-001,MLSignalStrategyV2-V2,EUR/USD.IDEALPRO,IDEALPRO-001,O-20250509-013000-001-V2-2263,O-20250509-013000-001-V2-2264,BUY,FLAT,0.00,100000.00,1746754200000000000,2025-05-09 01:30:00+00:00,1746756180000000000,2025-05-09 02:03:00+00:00,1980000000000.0,1.1216,1.12071,['4.48 USD'],-0.00079,-93.48 USD,True
BACKTESTER-001,MLSignalStrategyV2-V2,EUR/USD.IDEALPRO,IDEALPRO-001,O-20250509-021500-001-V2-2266,O-20250509-021500-001-V2-2268,BUY,FLAT,0.00,100000.00,1746756900000000000,2025-05-09 02:15:00+00:00,1746758580000000000,2025-05-09 02:43:00+00:00,1680000000000.0,1.12001,1.12131,['4.48 USD'],0.00116,125.52 USD,True
BACKTESTER-001,MLSignalStrategyV2-V2,EUR/USD.IDEALPRO,IDEALPRO-001,O-20250509-024500-001-V2-2269,O-20250509-024500-001-V2-2271,BUY,FLAT,0.00,100000.00,1746758700000000000,2025-05-09 02:45:00+00:00,1746759720000000000,2025-05-09 03:02:00+00:00,1020000000000.0,1.12134,1.12274,['4.49 USD'],0.00125,135.51 USD,True
BACKTESTER-001,MLSignalStrategyV2-V2,EUR/USD.IDEALPRO,IDEALPRO-001,O-20250509-031500-001-V2-2272,O-20250509-031500-001-V2-2274,BUY,FLAT,0.00,100000.00,1746760500000000000,2025-05-09 03:15:00+00:00,1746770940000000000,2025-05-09 06:09:00+00:00,10440000000000.0,1.12249,1.12383,['4.49 USD'],0.00119,129.51 USD,True
BACKTESTER-001,MLSignalStrategyV2-V2,EUR/USD.IDEALPRO,IDEALPRO-001,O-20250509-070000-001-V2-2275,O-20250509-070000-001-V2-2277,BUY,FLAT,0.00,100000.00,1746774000000000000,2025-05-09 07:00:00+00:00,1746776160000000000,2025-05-09 07:36:00+00:00,2160000000000.0,1.12404,1.12532,['4.50 USD'],0.00114,123.50 USD,True
BACKTESTER-001,MLSignalStrategyV2-V2,EUR/USD.IDEALPRO,IDEALPRO-001,O-20250509-093000-001-V2-2278,O-20250509-093000-001-V2-2280,BUY,FLAT,0.00,100000.00,1746783000000000000,2025-05-09 09:30:00+00:00,1746796380000000000,2025-05-09 13:13:00+00:00,13380000000000.0,1.12512,1.12669,['4.50 USD'],0.0014,152.50 USD,True
BACKTESTER-001,MLSignalStrategyV2-V2,EUR/USD.IDEALPRO,IDEALPRO-001,O-20250509-131500-001-V2-2281,O-20250509-131500-001-V2-2283,BUY,FLAT,0.00,100000.00,1746796500000000000,2025-05-09 13:15:00+00:00,1746800580000000000,2025-05-09 14:23:00+00:00,4080000000000.0,1.12646,1.12793,['4.51 USD'],0.0013,142.49 USD,True
BACKTESTER-001,MLSignalStrategyV2-V2,EUR/USD.IDEALPRO,IDEALPRO-001,O-20250509-150000-001-V2-2284,O-20250509-150000-001-V2-2286,SELL,FLAT,0.00,100000.00,1746802800000000000,2025-05-09 15:00:00+00:00,1746819240000000000,2025-05-09 19:34:00+00:00,16440000000000.0,1.12677,1.12487,['4.50 USD'],0.00169,185.50 USD,True
BACKTESTER-001,MLSignalStrategyV2-V2,EUR/USD.IDEALPRO,IDEALPRO-001,O-20250511-213000-001-V2-2287,O-20250511-213000-001-V2-2289,BUY,FLAT,0.00,100000.00,1746999000000000000,2025-05-11 21:30:00+00:00,1747001100000000000,2025-05-11 22:05:00+00:00,2100000000000.0,1.1213,1.12266,['4.49 USD'],0.00121,131.51 USD,True
BACKTESTER-001,MLSignalStrategyV2-V2,EUR/USD.IDEALPRO,IDEALPRO-001,O-20250511-221500-001-V2-2290,O-20250511-221500-001-V2-2292,BUY,FLAT,0.00,100000.00,1747001700000000000,2025-05-11 22:15:00+00:00,1747011660000000000,2025-05-12 01:01:00+00:00,9960000000000.0,1.12252,1.12407,['4.50 USD'],0.00138,150.50 USD,True
BACKTESTER-001,MLSignalStrategyV2-V2,EUR/USD.IDEALPRO,IDEALPRO-001,O-20250512-020000-001-V2-2293,O-20250512-020000-001-V2-2294,BUY,FLAT,0.00,100000.00,1747015200000000000,2025-05-12 02:00:00+00:00,1747028880000000000,2025-05-12 05:48:00+00:00,13680000000000.0,1.12261,1.12152,['4.49 USD'],-0.00097,-113.49 USD,True
BACKTESTER-001,MLSignalStrategyV2-V2,EUR/USD.IDEALPRO,IDEALPRO-001,O-20250512-070000-001-V2-2296,O-20250512-070000-001-V2-2297,BUY,FLAT,0.00,100000.00,1747033200000000000,2025-05-12 07:00:00+00:00,1747033260000000000,2025-05-12 07:01:00+00:00,60000000000.0,1.12183,1.11853,['4.48 USD'],-0.00294,-334.48 USD,True
BACKTESTER-001,MLSignalStrategyV2-V2,EUR/USD.IDEALPRO,IDEALPRO-001,O-20250512-071500-001-V2-2299,O-20250512-071500-001-V2-2300,BUY,FLAT,0.00,100000.00,1747034100000000000,2025-05-12 07:15:00+00:00,1747034580000000000,2025-05-12 07:23:00+00:00,480000000000.0,1.11594,1.11406,['4.46 USD'],-0.00168,-192.46 USD,True
BACKTESTER-001,MLSignalStrategyV2-V2,EUR/USD.IDEALPRO,IDEALPRO-001,O-20250512-073000-001-V2-2302,O-20250512-073000-001-V2-2303,BUY,FLAT,0.00,100000.00,1747035000000000000,2025-05-12 07:30:00+00:00,1747037700000000000,2025-05-12 08:15:00+00:00,2700000000000.0,1.11157,1.1082,['4.44 USD'],-0.00303,-341.44 USD,True
BACKTESTER-001,MLSignalStrategyV2-V2,EUR/USD.IDEALPRO,IDEALPRO-001,O-20250512-081500-001-V2-2305,O-20250512-081500-001-V2-2307,BUY,FLAT,0.00,100000.00,1747037700000000000,2025-05-12 08:15:00+00:00,1747039140000000000,2025-05-12 08:39:00+00:00,1440000000000.0,1.10936,1.11292,['4.45 USD'],0.00321,351.55 USD,True
BACKTESTER-001,MLSignalStrategyV2-V2,EUR/USD.IDEALPRO,IDEALPRO-001,O-20250512-100000-001-V2-2308,O-20250512-100000-001-V2-2309,BUY,FLAT,0.00,100000.00,1747044000000000000,2025-05-12 10:00:00+00:00,1747044960000000000,2025-05-12 10:16:00+00:00,960000000000.0,1.11188,1.1098,['4.44 USD'],-0.00187,-212.44 USD,True
BACKTESTER-001,MLSignalStrategyV2-V2,EUR/USD.IDEALPRO,IDEALPRO-001,O-20250512-103000-001-V2-2311,O-20250512-103000-001-V2-2313,BUY,FLAT,0.00,100000.00,1747045800000000000,2025-05-12 10:30:00+00:00,1747053720000000000,2025-05-12 12:42:00+00:00,7920000000000.0,1.10907,1.11189,['4.44 USD'],0.00254,277.56 USD,True
BACKTESTER-001,MLSignalStrategyV2-V2,EUR/USD.IDEALPRO,IDEALPRO-001,O-20250512-170000-001-V2-2314,O-20250512-170000-001-V2-2315,BUY,FLAT,0.00,100000.00,1747069200000000000,2025-05-12 17:00:00+00:00,1747073400000000000,2025-05-12 18:10:00+00:00,4200000000000.0,1.10848,1.10693,['4.43 USD'],-0.0014,-159.43 USD,True
BACKTESTER-001,MLSignalStrategyV2-V2,EUR/USD.IDEALPRO,IDEALPRO-001,O-20250512-191500-001-V2-2317,O-20250512-191500-001-V2-2319,BUY,FLAT,0.00,100000.00,1747077300000000000,2025-05-12 19:15:00+00:00,1747095240000000000,2025-05-13 00:14:00+00:00,17940000000000.0,1.10899,1.11059,['4.44 USD'],0.00144,155.56 USD,True
BACKTESTER-001,MLSignalStrategyV2-V2,EUR/USD.IDEALPRO,IDEALPRO-001,O-20250513-003000-001-V2-2320,O-20250513-003000-001-V2-2322,BUY,FLAT,0.00,100000.00,1747096200000000000,2025-05-13 00:30:00+00:00,1747102140000000000,2025-05-13 02:09:00+00:00,5940000000000.0,1.11002,1.11115,['4.44 USD'],0.00102,108.56 USD,True
BACKTESTER-001,MLSignalStrategyV2-V2,EUR/USD.IDEALPRO,IDEALPRO-001,O-20250513-040000-001-V2-2323,O-20250513-040000-001-V2-2324,BUY,FLAT,0.00,100000.00,1747108800000000000,2025-05-13 04:00:00+00:00,1747110180000000000,2025-05-13 04:23:00+00:00,1380000000000.0,1.11165,1.11094,['4.44 USD'],-0.00064,-75.44 USD,True
BACKTESTER-001,MLSignalStrategyV2-V2,EUR/USD.IDEALPRO,IDEALPRO-001,O-20250513-103000-001-V2-2326,O-20250513-103000-001-V2-2327,BUY,FLAT,0.00,100000.00,1747132200000000000,2025-05-13 10:30:00+00:00,1747133280000000000,2025-05-13 10:48:00+00:00,1080000000000.0,1.11094,1.11,['4.44 USD'],-0.00085,-98.44 USD,True
BACKTESTER-001,MLSignalStrategyV2-V2,EUR/USD.IDEALPRO,IDEALPRO-001,O-20250513-161500-001-V2-2329,O-20250513-161500-001-V2-2330,SELL,FLAT,0.00,100000.00,1747152900000000000,2025-05-13 16:15:00+00:00,1747154580000000000,2025-05-13 16:43:00+00:00,1680000000000.0,1.11697,1.11831,['4.47 USD'],-0.0012,-138.47 USD,True
BACKTESTER-001,MLSignalStrategyV2-V2,EUR/USD.IDEALPRO,IDEALPRO-001,O-20250513-201500-001-V2-2332,O-20250513-201500-001-V2-2333,BUY,FLAT,0.00,100000.00,1747167300000000000,2025-05-13 20:15:00+00:00,1747181100000000000,2025-05-14 00:05:00+00:00,13800000000000.0,1.11888,1.11822,['4.48 USD'],-0.00059,-70.48 USD,True
BACKTESTER-001,MLSignalStrategyV2-V2,EUR/USD.IDEALPRO,IDEALPRO-001,O-20250514-024500-001-V2-2335,O-20250514-024500-001-V2-2336,SELL,FLAT,0.00,100000.00,1747190700000000000,2025-05-14 02:45:00+00:00,1747191360000000000,2025-05-14 02:56:00+00:00,660000000000.0,1.11852,1.11927,['4.48 USD'],-0.00067,-79.48 USD,True
BACKTESTER-001,MLSignalStrategyV2-V2,EUR/USD.IDEALPRO,IDEALPRO-001,O-20250514-031500-001-V2-2338,O-20250514-031500-001-V2-2339,SELL,FLAT,0.00,100000.00,1747192500000000000,2025-05-14 03:15:00+00:00,1747195260000000000,2025-05-14 04:01:00+00:00,2760000000000.0,1.11894,1.12008,['4.48 USD'],-0.00102,-118.48 USD,True
BACKTESTER-001,MLSignalStrategyV2-V2,EUR/USD.IDEALPRO,IDEALPRO-001,O-20250514-043000-001-V2-2341,O-20250514-043000-001-V2-2342,BUY,FLAT,0.00,100000.00,1747197000000000000,2025-05-14 04:30:00+00:00,1747198800000000000,2025-05-14 05:00:00+00:00,1800000000000.0,1.11952,1.11878,['4.48 USD'],-0.00066,-78.48 USD,True
BACKTESTER-001,MLSignalStrategyV2-V2,EUR/USD.IDEALPRO,IDEALPRO-001,O-20250514-073000-001-V2-2344,O-20250514-073000-001-V2-2346,BUY,FLAT,0.00,100000.00,1747207800000000000,2025-05-14 07:30:00+00:00,1747208400000000000,2025-05-14 07:40:00+00:00,600000000000.0,1.11925,1.12094,['4.48 USD'],0.00151,164.52 USD,True
BACKTESTER-001,MLSignalStrategyV2-V2,EUR/USD.IDEALPRO,IDEALPRO-001,O-20250514-074500-001-V2-2347,O-20250514-074500-001-V2-2349,BUY,FLAT,0.00,100000.00,1747208700000000000,2025-05-14 07:45:00+00:00,1747209840000000000,2025-05-14 08:04:00+00:00,1140000000000.0,1.12047,1.12249,['4.48 USD'],0.0018,197.52 USD,True
BACKTESTER-001,MLSignalStrategyV2-V2,EUR/USD.IDEALPRO,IDEALPRO-001,O-20250514-101500-001-V2-2350,O-20250514-101500-001-V2-2352,SELL,FLAT,0.00,100000.00,1747217700000000000,2025-05-14 10:15:00+00:00,1747221360000000000,2025-05-14 11:16:00+00:00,3660000000000.0,1.12449,1.12213,['4.49 USD'],0.0021,231.51 USD,True
BACKTESTER-001,MLSignalStrategyV2-V2,EUR/USD.IDEALPRO,IDEALPRO-001,O-20250514-113000-001-V2-2353,O-20250514-113000-001-V2-2354,BUY,FLAT,0.00,100000.00,1747222200000000000,2025-05-14 11:30:00+00:00,1747232340000000000,2025-05-14 14:19:00+00:00,10140000000000.0,1.12207,1.12058,['4.48 USD'],-0.00133,-153.48 USD,True
BACKTESTER-001,MLSignalStrategyV2-V2,EUR/USD.IDEALPRO,IDEALPRO-001,O-20250514-164500-001-V2-2356,O-20250514-164500-001-V2-2357,BUY,FLAT,0.00,100000.00,1747241100000000000,2025-05-14 16:45:00+00:00,1747246500000000000,2025-05-14 18:15:00+00:00,5400000000000.0,1.1186,1.11718,['4.47 USD'],-0.00127,-146.47 USD,True
BACKTESTER-001,MLSignalStrategyV2-V2,EUR/USD.IDEALPRO,IDEALPRO-001,O-20250514-200000-001-V2-2359,O-20250514-200000-001-V2-2361,BUY,FLAT,0.00,100000.00,1747252800000000000,2025-05-14 20:00:00+00:00,1747260360000000000,2025-05-14 22:06:00+00:00,7560000000000.0,1.11675,1.11827,['4.47 USD'],0.00136,147.53 USD,True
BACKTESTER-001,MLSignalStrategyV2-V2,EUR/USD.IDEALPRO,IDEALPRO-001,O-20250514-231500-001-V2-2362,O-20250514-231500-001-V2-2364,SELL,FLAT,0.00,100000.00,1747264500000000000,2025-05-14 23:15:00+00:00,1747267320000000000,2025-05-15 00:02:00+00:00,2820000000000.0,1.11858,1.11767,['4.48 USD'],0.00081,86.52 USD,True
BACKTESTER-001,MLSignalStrategyV2-V2,EUR/USD.IDEALPRO,IDEALPRO-001,O-20250515-003000-001-V2-2365,O-20250515-003000-001-V2-2367,BUY,FLAT,0.00,100000.00,1747269000000000000,2025-05-15 00:30:00+00:00,1747272300000000000,2025-05-15 01:25:00+00:00,3300000000000.0,1.11885,1.11986,['4.48 USD'],0.0009,96.52 USD,True
BACKTESTER-001,MLSignalStrategyV2-V2,EUR/USD.IDEALPRO,IDEALPRO-001,O-20250515-100000-001-V2-2368,O-20250515-100000-001-V2-2370,SELL,FLAT,0.00,100000.00,1747303200000000000,2025-05-15 10:00:00+00:00,1747308840000000000,2025-05-15 11:34:00+00:00,5640000000000.0,1.12025,1.11865,['4.48 USD'],0.00143,155.52 USD,True
BACKTESTER-001,MLSignalStrategyV2-V2,EUR/USD.IDEALPRO,IDEALPRO-001,O-20250515-120000-001-V2-2371,O-20250515-120000-001-V2-2373,BUY,FLAT,0.00,100000.00,1747310400000000000,2025-05-15 12:00:00+00:00,1747312260000000000,2025-05-15 12:31:00+00:00,1860000000000.0,1.11831,1.12104,['4.48 USD'],0.00244,268.52 USD,True
BACKTESTER-001,MLSignalStrategyV2-V2,EUR/USD.IDEALPRO,IDEALPRO-001,O-20250515-180000-001-V2-2374,O-20250515-180000-001-V2-2376,BUY,FLAT,0.00,100000.00,1747332000000000000,2025-05-15 18:00:00+00:00,1747338180000000000,2025-05-15 19:43:00+00:00,6180000000000.0,1.11713,1.11862,['4.47 USD'],0.00133,144.53 USD,True
BACKTESTER-001,MLSignalStrategyV2-V2,EUR/USD.IDEALPRO,IDEALPRO-001,O-20250515-210000-001-V2-2377,O-20250515-210000-001-V2-2379,BUY,FLAT,0.00,100000.00,1747342800000000000,2025-05-15 21:00:00+00:00,1747353900000000000,2025-05-16 00:05:00+00:00,11100000000000.0,1.11876,1.12023,['4.48 USD'],0.00131,142.52 USD,True
BACKTESTER-001,MLSignalStrategyV2-V2,EUR/USD.IDEALPRO,IDEALPRO-001,O-20250516-051500-001-V2-2380,O-20250516-051500-001-V2-2381,SELL,FLAT,0.00,100000.00,1747372500000000000,2025-05-16 05:15:00+00:00,1747374600000000000,2025-05-16 05:50:00+00:00,2100000000000.0,1.12098,1.12166,['4.48 USD'],-0.00061,-72.48 USD,True
BACKTESTER-001,MLSignalStrategyV2-V2,EUR/USD.IDEALPRO,IDEALPRO-001,O-20250516-093000-001-V2-2383,O-20250516-093000-001-V2-2384,BUY,FLAT,0.00,100000.00,1747387800000000000,2025-05-16 09:30:00+00:00,1747388520000000000,2025-05-16 09:42:00+00:00,720000000000.0,1.12076,1.11994,['4.48 USD'],-0.00073,-86.48 USD,True
BACKTESTER-001,MLSignalStrategyV2-V2,EUR/USD.IDEALPRO,IDEALPRO-001,O-20250516-100000-001-V2-2386,O-20250516-100000-001-V2-2388,BUY,FLAT,0.00,100000.00,1747389600000000000,2025-05-16 10:00:00+00:00,1747393860000000000,2025-05-16 11:11:00+00:00,4260000000000.0,1.11946,1.1208,['4.48 USD'],0.0012,129.52 USD,True
BACKTESTER-001,MLSignalStrategyV2-V2,EUR/USD.IDEALPRO,IDEALPRO-001,O-20250516-153000-001-V2-2389,O-20250516-153000-001-V2-2390,BUY,FLAT,0.00,100000.00,1747409400000000000,2025-05-16 15:30:00+00:00,1747412460000000000,2025-05-16 16:21:00+00:00,3060000000000.0,1.11435,1.11311,['4.46 USD'],-0.00111,-128.46 USD,True
BACKTESTER-001,MLSignalStrategyV2-V2,EUR/USD.IDEALPRO,IDEALPRO-001,O-20250516-163000-001-V2-2392,O-20250516-163000-001-V2-2394,BUY,FLAT,0.00,100000.00,1747413000000000000,2025-05-16 16:30:00+00:00,1747422120000000000,2025-05-16 19:02:00+00:00,9120000000000.0,1.11376,1.11556,['4.46 USD'],0.00162,175.54 USD,True
BACKTESTER-001,MLSignalStrategyV2-V2,EUR/USD.IDEALPRO,IDEALPRO-001,O-20250516-201500-001-V2-2395,O-20250516-201500-001-V2-2396,SELL,FLAT,0.00,100000.00,1747426500000000000,2025-05-16 20:15:00+00:00,1747428720000000000,2025-05-16 20:52:00+00:00,2220000000000.0,1.11511,1.1158,['4.46 USD'],-0.00062,-73.46 USD,True
BACKTESTER-001,MLSignalStrategyV2-V2,EUR/USD.IDEALPRO,IDEALPRO-001,O-20250518-213000-001-V2-2398,O-20250518-213000-001-V2-2399,BUY,FLAT,0.00,100000.00,1747603800000000000,2025-05-18 21:30:00+00:00,1747605660000000000,2025-05-18 22:01:00+00:00,1860000000000.0,1.11818,1.11722,['4.47 USD'],-0.00086,-100.47 USD,True
BACKTESTER-001,MLSignalStrategyV2-V2,EUR/USD.IDEALPRO,IDEALPRO-001,O-20250518-221500-001-V2-2401,O-20250518-221500-001-V2-2402,BUY,FLAT,0.00,100000.00,1747606500000000000,2025-05-18 22:15:00+00:00,1747618500000000000,2025-05-19 01:35:00+00:00,12000000000000.0,1.11864,1.11763,['4.48 USD'],-0.0009,-105.48 USD,True
BACKTESTER-001,MLSignalStrategyV2-V2,EUR/USD.IDEALPRO,IDEALPRO-001,O-20250519-060000-001-V2-2404,O-20250519-060000-001-V2-2406,BUY,FLAT,0.00,100000.00,1747634400000000000,2025-05-19 06:00:00+00:00,1747635120000000000,2025-05-19 06:12:00+00:00,720000000000.0,1.11851,1.11958,['4.48 USD'],0.00096,102.52 USD,True
BACKTESTER-001,MLSignalStrategyV2-V2,EUR/USD.IDEALPRO,IDEALPRO-001,O-20250519-061500-001-V2-2407,O-20250519-061500-001-V2-2409,BUY,FLAT,0.00,100000.00,1747635300000000000,2025-05-19 06:15:00+00:00,1747635900000000000,2025-05-19 06:25:00+00:00,600000000000.0,1.11927,1.12035,['4.48 USD'],0.00096,103.52 USD,True
BACKTESTER-001,MLSignalStrategyV2-V2,EUR/USD.IDEALPRO,IDEALPRO-001,O-20250519-081500-001-V2-2410,O-20250519-081500-001-V2-2411,SELL,FLAT,0.00,100000.00,1747642500000000000,2025-05-19 08:15:00+00:00,1747645080000000000,2025-05-19 08:58:00+00:00,2580000000000.0,1.12482,1.12593,['4.50 USD'],-0.00099,-115.50 USD,True
BACKTESTER-001,MLSignalStrategyV2-V2,EUR/USD.IDEALPRO,IDEALPRO-001,O-20250519-123000-001-V2-2413,O-20250519-123000-001-V2-2415,SELL,FLAT,0.00,100000.00,1747657800000000000,2025-05-19 12:30:00+00:00,1747662660000000000,2025-05-19 13:51:00+00:00,4860000000000.0,1.12641,1.12472,['4.50 USD'],0.0015,164.50 USD,True
BACKTESTER-001,MLSignalStrategyV2-V2,EUR/USD.IDEALPRO,IDEALPRO-001,O-20250519-170000-001-V2-2416,O-20250519-170000-001-V2-2417,BUY,FLAT,0.00,100000.00,1747674000000000000,2025-05-19 17:00:00+00:00,1747675080000000000,2025-05-19 17:18:00+00:00,1080000000000.0,1.12353,1.12252,['4.50 USD'],-0.0009,-105.50 USD,True
BACKTESTER-001,MLSignalStrategyV2-V2,EUR/USD.IDEALPRO,IDEALPRO-001,O-20250519-173000-001-V2-2419,O-20250519-173000-001-V2-2421,BUY,FLAT,0.00,100000.00,1747675800000000000,2025-05-19 17:30:00+00:00,1747684620000000000,2025-05-19 19:57:00+00:00,8820000000000.0,1.12283,1.12417,['4.50 USD'],0.00119,129.50 USD,True
BACKTESTER-001,MLSignalStrategyV2-V2,EUR/USD.IDEALPRO,IDEALPRO-001,O-20250519-220000-001-V2-2422,O-20250519-220000-001-V2-2423,BUY,FLAT,0.00,100000.00,1747692000000000000,2025-05-19 22:00:00+00:00,1747693260000000000,2025-05-19 22:21:00+00:00,1260000000000.0,1.12434,1.12383,['4.50 USD'],-0.00045,-55.50 USD,True
BACKTESTER-001,MLSignalStrategyV2-V2,EUR/USD.IDEALPRO,IDEALPRO-001,O-20250519-223000-001-V2-2425,O-20250519-223000-001-V2-2426,BUY,FLAT,0.00,100000.00,1747693800000000000,2025-05-19 22:30:00+00:00,1747694940000000000,2025-05-19 22:49:00+00:00,1140000000000.0,1.12408,1.12364,['4.50 USD'],-0.00039,-48.50 USD,True
BACKTESTER-001,MLSignalStrategyV2-V2,EUR/USD.IDEALPRO,IDEALPRO-001,O-20250519-230000-001-V2-2428,O-20250519-230000-001-V2-2429,BUY,FLAT,0.00,100000.00,1747695600000000000,2025-05-19 23:00:00+00:00,1747699260000000000,2025-05-20 00:01:00+00:00,3660000000000.0,1.12355,1.12309,['4.50 USD'],-0.00041,-50.50 USD,True
BACKTESTER-001,MLSignalStrategyV2-V2,EUR/USD.IDEALPRO,IDEALPRO-001,O-20250520-001500-001-V2-2431,O-20250520-001500-001-V2-2432,BUY,FLAT,0.00,100000.00,1747700100000000000,2025-05-20 00:15:00+00:00,1747700640000000000,2025-05-20 00:24:00+00:00,540000000000.0,1.12276,1.12233,['4.49 USD'],-0.00038,-47.49 USD,True
BACKTESTER-001,MLSignalStrategyV2-V2,EUR/USD.IDEALPRO,IDEALPRO-001,O-20250520-003000-001-V2-2434,O-20250520-003000-001-V2-2436,BUY,FLAT,0.00,100000.00,1747701000000000000,2025-05-20 00:30:00+00:00,1747702740000000000,2025-05-20 00:59:00+00:00,1740000000000.0,1.12216,1.12281,['4.49 USD'],0.00058,60.51 USD,True
BACKTESTER-001,MLSignalStrategyV2-V2,EUR/USD.IDEALPRO,IDEALPRO-001,O-20250520-010000-001-V2-2437,O-20250520-010000-001-V2-2439,BUY,FLAT,0.00,100000.00,1747702800000000000,2025-05-20 01:00:00+00:00,1747703100000000000,2025-05-20 01:05:00+00:00,300000000000.0,1.12279,1.12356,['4.50 USD'],0.00069,72.50 USD,True
BACKTESTER-001,MLSignalStrategyV2-V2,EUR/USD.IDEALPRO,IDEALPRO-001,O-20250520-020000-001-V2-2440,O-20250520-020000-001-V2-2441,SELL,FLAT,0.00,100000.00,1747706400000000000,2025-05-20 02:00:00+00:00,1747707660000000000,2025-05-20 02:21:00+00:00,1260000000000.0,1.12385,1.12459,['4.50 USD'],-0.00066,-78.50 USD,True
BACKTESTER-001,MLSignalStrategyV2-V2,EUR/USD.IDEALPRO,IDEALPRO-001,O-20250520-023000-001-V2-2443,O-20250520-023000-001-V2-2445,SELL,FLAT,0.00,100000.00,1747708200000000000,2025-05-20 02:30:00+00:00,1747709880000000000,2025-05-20 02:58:00+00:00,1680000000000.0,1.12437,1.12261,['4.50 USD'],0.00157,171.50 USD,True
BACKTESTER-001,MLSignalStrategyV2-V2,EUR/USD.IDEALPRO,IDEALPRO-001,O-20250520-070000-001-V2-2446,O-20250520-070000-001-V2-2448,BUY,FLAT,0.00,100000.00,1747724400000000000,2025-05-20 07:00:00+00:00,1747725180000000000,2025-05-20 07:13:00+00:00,780000000000.0,1.12577,1.12723,['4.50 USD'],0.0013,141.50 USD,True
BACKTESTER-001,MLSignalStrategyV2-V2,EUR/USD.IDEALPRO,IDEALPRO-001,O-20250520-110000-001-V2-2449,O-20250520-110000-001-V2-2450,BUY,FLAT,0.00,100000.00,1747738800000000000,2025-05-20 11:00:00+00:00,1747743120000000000,2025-05-20 12:12:00+00:00,4320000000000.0,1.12445,1.12356,['4.50 USD'],-0.00079,-93.50 USD,True
BACKTESTER-001,MLSignalStrategyV2-V2,EUR/USD.IDEALPRO,IDEALPRO-001,O-20250520-123000-001-V2-2452,O-20250520-123000-001-V2-2454,BUY,FLAT,0.00,100000.00,1747744200000000000,2025-05-20 12:30:00+00:00,1747748880000000000,2025-05-20 13:48:00+00:00,4680000000000.0,1.12278,1.12403,['4.50 USD'],0.00111,120.50 USD,True
BACKTESTER-001,MLSignalStrategyV2-V2,EUR/USD.IDEALPRO,IDEALPRO-001,O-20250520-200000-001-V2-2455,O-20250520-200000-001-V2-2457,BUY,FLAT,0.00,100000.00,1747771200000000000,2025-05-20 20:00:00+00:00,1747785120000000000,2025-05-20 23:52:00+00:00,13920000000000.0,1.12807,1.12902,['4.52 USD'],0.00084,90.48 USD,True
BACKTESTER-001,MLSignalStrategyV2-V2,EUR/USD.IDEALPRO,IDEALPRO-001,O-20250521-020000-001-V2-2458,O-20250521-020000-001-V2-2459,SELL,FLAT,0.00,100000.00,1747792800000000000,2025-05-21 02:00:00+00:00,1747793040000000000,2025-05-21 02:04:00+00:00,240000000000.0,1.12986,1.13085,['4.52 USD'],-0.00088,-103.52 USD,True
BACKTESTER-001,MLSignalStrategyV2-V2,EUR/USD.IDEALPRO,IDEALPRO-001,O-20250521-024500-001-V2-2461,O-20250521-024500-001-V2-2463,BUY,FLAT,0.00,100000.00,1747795500000000000,2025-05-21 02:45:00+00:00,1747799520000000000,2025-05-21 03:52:00+00:00,4020000000000.0,1.13217,1.13346,['4.53 USD'],0.00114,124.47 USD,True
BACKTESTER-001,MLSignalStrategyV2-V2,EUR/USD.IDEALPRO,IDEALPRO-001,O-20250521-054500-001-V2-2464,O-20250521-054500-001-V2-2465,SELL,FLAT,0.00,100000.00,1747806300000000000,2025-05-21 05:45:00+00:00,1747808160000000000,2025-05-21 06:16:00+00:00,1860000000000.0,1.13333,1.13457,['4.54 USD'],-0.00109,-128.54 USD,True
BACKTESTER-001,MLSignalStrategyV2-V2,EUR/USD.IDEALPRO,IDEALPRO-001,O-20250521-163000-001-V2-2467,O-20250521-163000-001-V2-2468,SELL,FLAT,0.00,100000.00,1747845000000000000,2025-05-21 16:30:00+00:00,1747847460000000000,2025-05-21 17:11:00+00:00,2460000000000.0,1.13412,1.13529,['4.54 USD'],-0.00103,-121.54 USD,True
BACKTESTER-001,MLSignalStrategyV2-V2,EUR/USD.IDEALPRO,IDEALPRO-001,O-20250521-200000-001-V2-2470,O-20250521-200000-001-V2-2472,BUY,FLAT,0.00,100000.00,1747857600000000000,2025-05-21 20:00:00+00:00,1747871940000000000,2025-05-21 23:59:00+00:00,14340000000000.0,1.1319,1.13324,['4.53 USD'],0.00118,129.47 USD,True
BACKTESTER-001,MLSignalStrategyV2-V2,EUR/USD.IDEALPRO,IDEALPRO-001,O-20250522-030000-001-V2-2473,O-20250522-030000-001-V2-2474,BUY,FLAT,0.00,100000.00,1747882800000000000,2025-05-22 03:00:00+00:00,1747886580000000000,2025-05-22 04:03:00+00:00,3780000000000.0,1.1339,1.13295,['4.54 USD'],-0.00084,-99.54 USD,True
BACKTESTER-001,MLSignalStrategyV2-V2,EUR/USD.IDEALPRO,IDEALPRO-001,O-20250522-044500-001-V2-2476,O-20250522-044500-001-V2-2478,BUY,FLAT,0.00,100000.00,1747889100000000000,2025-05-22 04:45:00+00:00,1747894020000000000,2025-05-22 06:07:00+00:00,4920000000000.0,1.13305,1.13403,['4.54 USD'],0.00086,93.46 USD,True
BACKTESTER-001,MLSignalStrategyV2-V2,EUR/USD.IDEALPRO,IDEALPRO-001,O-20250522-093000-001-V2-2479,O-20250522-093000-001-V2-2481,BUY,FLAT,0.00,100000.00,1747906200000000000,2025-05-22 09:30:00+00:00,1747915500000000000,2025-05-22 12:05:00+00:00,9300000000000.0,1.1294,1.13147,['4.52 USD'],0.00183,202.48 USD,True
BACKTESTER-001,MLSignalStrategyV2-V2,EUR/USD.IDEALPRO,IDEALPRO-001,O-20250522-150000-001-V2-2482,O-20250522-150000-001-V2-2483,BUY,FLAT,0.00,100000.00,1747926000000000000,2025-05-22 15:00:00+00:00,1747933980000000000,2025-05-22 17:13:00+00:00,7980000000000.0,1.12774,1.12652,['4.51 USD'],-0.00108,-126.51 USD,True
BACKTESTER-001,MLSignalStrategyV2-V2,EUR/USD.IDEALPRO,IDEALPRO-001,O-20250522-180000-001-V2-2485,O-20250522-180000-001-V2-2487,BUY,FLAT,0.00,100000.00,1747936800000000000,2025-05-22 18:00:00+00:00,1747940580000000000,2025-05-22 19:03:00+00:00,3780000000000.0,1.12682,1.12834,['4.51 USD'],0.00135,147.49 USD,True
BACKTESTER-001,MLSignalStrategyV2-V2,EUR/USD.IDEALPRO,IDEALPRO-001,O-20250522-213000-001-V2-2488,O-20250522-213000-001-V2-2490,BUY,FLAT,0.00,100000.00,1747949400000000000,2025-05-22 21:30:00+00:00,1747959420000000000,2025-05-23 00:17:00+00:00,10020000000000.0,1.1281,1.12898,['4.52 USD'],0.00078,83.48 USD,True
BACKTESTER-001,MLSignalStrategyV2-V2,EUR/USD.IDEALPRO,IDEALPRO-001,O-20250523-050000-001-V2-2491,O-20250523-050000-001-V2-2492,BUY,FLAT,0.00,100000.00,1747976400000000000,2025-05-23 05:00:00+00:00,1747978680000000000,2025-05-23 05:38:00+00:00,2280000000000.0,1.13181,1.13112,['4.52 USD'],-0.00061,-73.52 USD,True
BACKTESTER-001,MLSignalStrategyV2-V2,EUR/USD.IDEALPRO,IDEALPRO-001,O-20250523-074500-001-V2-2494,O-20250523-074500-001-V2-2496,BUY,FLAT,0.00,100000.00,1747986300000000000,2025-05-23 07:45:00+00:00,1747993740000000000,2025-05-23 09:49:00+00:00,7440000000000.0,1.13359,1.13504,['4.54 USD'],0.00128,140.46 USD,True
BACKTESTER-001,MLSignalStrategyV2-V2,EUR/USD.IDEALPRO,IDEALPRO-001,O-20250523-200000-001-V2-2497,O-20250523-200000-001-V2-2499,BUY,FLAT,0.00,100000.00,1748030400000000000,2025-05-23 20:00:00+00:00,1748211060000000000,2025-05-25 22:11:00+00:00,180660000000000.0,1.13638,1.13794,['4.55 USD'],0.00137,151.45 USD,True
BACKTESTER-001,MLSignalStrategyV2-V2,EUR/USD.IDEALPRO,IDEALPRO-001,O-20250525-224500-001-V2-2500,O-20250525-224500-001-V2-2501,SELL,FLAT,0.00,100000.00,1748213100000000000,2025-05-25 22:45:00+00:00,1748217840000000000,2025-05-26 00:04:00+00:00,4740000000000.0,1.13744,1.13847,['4.55 USD'],-0.00091,-107.55 USD,True
BACKTESTER-001,MLSignalStrategyV2-V2,EUR/USD.IDEALPRO,IDEALPRO-001,O-20250526-101500-001-V2-2503,O-20250526-101500-001-V2-2505,SELL,FLAT,0.00,100000.00,1748254500000000000,2025-05-26 10:15:00+00:00,1748262240000000000,2025-05-26 12:24:00+00:00,7740000000000.0,1.1383,1.13712,['4.55 USD'],0.00104,113.45 USD,True
BACKTESTER-001,MLSignalStrategyV2-V2,EUR/USD.IDEALPRO,IDEALPRO-001,O-20250526-124500-001-V2-2506,O-20250526-124500-001-V2-2507,SELL,FLAT,0.00,100000.00,1748263500000000000,2025-05-26 12:45:00+00:00,1748266800000000000,2025-05-26 13:40:00+00:00,3300000000000.0,1.1375,1.13825,['4.56 USD'],-0.00066,-79.56 USD,True
BACKTESTER-001,MLSignalStrategyV2-V2,EUR/USD.IDEALPRO,IDEALPRO-001,O-20250526-134500-001-V2-2509,O-20250526-134500-001-V2-2510,SELL,FLAT,0.00,100000.00,1748267100000000000,2025-05-26 13:45:00+00:00,1748269860000000000,2025-05-26 14:31:00+00:00,2760000000000.0,1.13783,1.13851,['4.56 USD'],-0.0006,-72.56 USD,True
BACKTESTER-001,MLSignalStrategyV2-V2,EUR/USD.IDEALPRO,IDEALPRO-001,O-20250526-144500-001-V2-2512,O-20250526-144500-001-V2-2513,SELL,FLAT,0.00,100000.00,1748270700000000000,2025-05-26 14:45:00+00:00,1748292360000000000,2025-05-26 20:46:00+00:00,21660000000000.0,1.13813,1.13881,['4.56 USD'],-0.0006,-72.56 USD,True
BACKTESTER-001,MLSignalStrategyV2-V2,EUR/USD.IDEALPRO,IDEALPRO-001,O-20250527-010000-001-V2-2515,O-20250527-010000-001-V2-2516,SELL,FLAT,0.00,100000.00,1748307600000000000,2025-05-27 01:00:00+00:00,1748308020000000000,2025-05-27 01:07:00+00:00,420000000000.0,1.14,1.14052,['4.56 USD'],-0.00046,-56.56 USD,True
BACKTESTER-001,MLSignalStrategyV2-V2,EUR/USD.IDEALPRO,IDEALPRO-001,O-20250527-011500-001-V2-2518,O-20250527-011500-001-V2-2520,SELL,FLAT,0.00,100000.00,1748308500000000000,2025-05-27 01:15:00+00:00,1748310120000000000,2025-05-27 01:42:00+00:00,1620000000000.0,1.14064,1.1398,['4.56 USD'],0.00074,79.44 USD,True
BACKTESTER-001,MLSignalStrategyV2-V2,EUR/USD.IDEALPRO,IDEALPRO-001,O-20250527-014500-001-V2-2521,O-20250527-014500-001-V2-2522,SELL,FLAT,0.00,100000.00,1748310300000000000,2025-05-27 01:45:00+00:00,1748312100000000000,2025-05-27 02:15:00+00:00,1800000000000.0,1.1396,1.14017,['4.56 USD'],-0.0005,-61.56 USD,True
BACKTESTER-001,MLSignalStrategyV2-V2,EUR/USD.IDEALPRO,IDEALPRO-001,O-20250527-071500-001-V2-2524,O-20250527-071500-001-V2-2525,BUY,FLAT,0.00,100000.00,1748330100000000000,2025-05-27 07:15:00+00:00,1748330460000000000,2025-05-27 07:21:00+00:00,360000000000.0,1.13667,1.13569,['4.54 USD'],-0.00086,-102.54 USD,True
BACKTESTER-001,MLSignalStrategyV2-V2,EUR/USD.IDEALPRO,IDEALPRO-001,O-20250527-073000-001-V2-2527,O-20250527-073000-001-V2-2529,BUY,FLAT,0.00,100000.00,1748331000000000000,2025-05-27 07:30:00+00:00,1748348640000000000,2025-05-27 12:24:00+00:00,17640000000000.0,1.13471,1.13627,['4.54 USD'],0.00137,151.46 USD,True
BACKTESTER-001,MLSignalStrategyV2-V2,EUR/USD.IDEALPRO,IDEALPRO-001,O-20250527-163000-001-V2-2530,O-20250527-163000-001-V2-2531,BUY,FLAT,0.00,100000.00,1748363400000000000,2025-05-27 16:30:00+00:00,1748394600000000000,2025-05-28 01:10:00+00:00,31200000000000.0,1.13332,1.13178,['4.53 USD'],-0.00136,-158.53 USD,True
BACKTESTER-001,MLSignalStrategyV2-V2,EUR/USD.IDEALPRO,IDEALPRO-001,O-20250528-020000-001-V2-2533,O-20250528-020000-001-V2-2534,BUY,FLAT,0.00,100000.00,1748397600000000000,2025-05-28 02:00:00+00:00,1748400240000000000,2025-05-28 02:44:00+00:00,2640000000000.0,1.13177,1.13074,['4.52 USD'],-0.00091,-107.52 USD,True
BACKTESTER-001,MLSignalStrategyV2-V2,EUR/USD.IDEALPRO,IDEALPRO-001,O-20250528-024500-001-V2-2536,O-20250528-024500-001-V2-2537,BUY,FLAT,0.00,100000.00,1748400300000000000,2025-05-28 02:45:00+00:00,1748400960000000000,2025-05-28 02:56:00+00:00,660000000000.0,1.13113,1.13019,['4.52 USD'],-0.00083,-98.52 USD,True
BACKTESTER-001,MLSignalStrategyV2-V2,EUR/USD.IDEALPRO,IDEALPRO-001,O-20250528-030000-001-V2-2539,O-20250528-030000-001-V2-2541,BUY,FLAT,0.00,100000.00,1748401200000000000,2025-05-28 03:00:00+00:00,1748416500000000000,2025-05-28 07:15:00+00:00,15300000000000.0,1.13056,1.13207,['4.52 USD'],0.00134,146.48 USD,True
BACKTESTER-001,MLSignalStrategyV2-V2,EUR/USD.IDEALPRO,IDEALPRO-001,O-20250528-071500-001-V2-2542,O-20250528-071500-001-V2-2544,BUY,FLAT,0.00,100000.00,1748416500000000000,2025-05-28 07:15:00+00:00,1748419500000000000,2025-05-28 08:05:00+00:00,3000000000000.0,1.13205,1.13344,['4.53 USD'],0.00123,134.47 USD,True
BACKTESTER-001,MLSignalStrategyV2-V2,EUR/USD.IDEALPRO,IDEALPRO-001,O-20250528-160000-001-V2-2545,O-20250528-160000-001-V2-2546,BUY,FLAT,0.00,100000.00,1748448000000000000,2025-05-28 16:00:00+00:00,1748474220000000000,2025-05-28 23:17:00+00:00,26220000000000.0,1.12847,1.12705,['4.51 USD'],-0.00126,-146.51 USD,True
BACKTESTER-001,MLSignalStrategyV2-V2,EUR/USD.IDEALPRO,IDEALPRO-001,O-20250528-233000-001-V2-2548,O-20250528-233000-001-V2-2549,BUY,FLAT,0.00,100000.00,1748475000000000000,2025-05-28 23:30:00+00:00,1748475180000000000,2025-05-28 23:33:00+00:00,180000000000.0,1.12699,1.1262,['4.50 USD'],-0.0007,-83.50 USD,True
BACKTESTER-001,MLSignalStrategyV2-V2,EUR/USD.IDEALPRO,IDEALPRO-001,O-20250528-234500-001-V2-2551,O-20250528-234500-001-V2-2553,BUY,FLAT,0.00,100000.00,1748475900000000000,2025-05-28 23:45:00+00:00,1748476020000000000,2025-05-28 23:47:00+00:00,120000000000.0,1.12108,1.12278,['4.49 USD'],0.00152,165.51 USD,True
BACKTESTER-001,MLSignalStrategyV2-V2,EUR/USD.IDEALPRO,IDEALPRO-001,O-20250529-000000-001-V2-2554,O-20250529-000000-001-V2-2556,BUY,FLAT,0.00,100000.00,1748476800000000000,2025-05-29 00:00:00+00:00,1748483880000000000,2025-05-29 01:58:00+00:00,7080000000000.0,1.12299,1.12529,['4.50 USD'],0.00205,225.50 USD,True
BACKTESTER-001,MLSignalStrategyV2-V2,EUR/USD.IDEALPRO,IDEALPRO-001,O-20250529-031500-001-V2-2557,O-20250529-031500-001-V2-2558,BUY,FLAT,0.00,100000.00,1748488500000000000,2025-05-29 03:15:00+00:00,1748497680000000000,2025-05-29 05:48:00+00:00,9180000000000.0,1.12465,1.12348,['4.50 USD'],-0.00104,-121.50 USD,True
BACKTESTER-001,MLSignalStrategyV2-V2,EUR/USD.IDEALPRO,IDEALPRO-001,O-20250529-060000-001-V2-2560,O-20250529-060000-001-V2-2562,BUY,FLAT,0.00,100000.00,1748498400000000000,2025-05-29 06:00:00+00:00,1748499360000000000,2025-05-29 06:16:00+00:00,960000000000.0,1.12438,1.12576,['4.50 USD'],0.00123,133.50 USD,True
BACKTESTER-001,MLSignalStrategyV2-V2,EUR/USD.IDEALPRO,IDEALPRO-001,O-20250529-063000-001-V2-2563,O-20250529-063000-001-V2-2565,BUY,FLAT,0.00,100000.00,1748500200000000000,2025-05-29 06:30:00+00:00,1748513880000000000,2025-05-29 10:18:00+00:00,13680000000000.0,1.12709,1.12867,['4.51 USD'],0.0014,153.49 USD,True
BACKTESTER-001,MLSignalStrategyV2-V2,EUR/USD.IDEALPRO,IDEALPRO-001,O-20250529-103000-001-V2-2566,O-20250529-103000-001-V2-2567,BUY,FLAT,0.00,100000.00,1748514600000000000,2025-05-29 10:30:00+00:00,1748515020000000000,2025-05-29 10:37:00+00:00,420000000000.0,1.12895,1.1281,['4.52 USD'],-0.00075,-89.52 USD,True
BACKTESTER-001,MLSignalStrategyV2-V2,EUR/USD.IDEALPRO,IDEALPRO-001,O-20250529-124500-001-V2-2569,O-20250529-124500-001-V2-2570,SELL,FLAT,0.00,100000.00,1748522700000000000,2025-05-29 12:45:00+00:00,1748523360000000000,2025-05-29 12:56:00+00:00,660000000000.0,1.13267,1.13412,['4.54 USD'],-0.00128,-149.54 USD,True
BACKTESTER-001,MLSignalStrategyV2-V2,EUR/USD.IDEALPRO,IDEALPRO-001,O-20250529-131500-001-V2-2572,O-20250529-131500-001-V2-2573,SELL,FLAT,0.00,100000.00,1748524500000000000,2025-05-29 13:15:00+00:00,1748528160000000000,2025-05-29 14:16:00+00:00,3660000000000.0,1.13451,1.13611,['4.54 USD'],-0.00141,-164.54 USD,True
BACKTESTER-001,MLSignalStrategyV2-V2,EUR/USD.IDEALPRO,IDEALPRO-001,O-20250529-151500-001-V2-2575,O-20250529-151500-001-V2-2577,BUY,FLAT,0.00,100000.00,1748531700000000000,2025-05-29 15:15:00+00:00,1748535360000000000,2025-05-29 16:16:00+00:00,3660000000000.0,1.13559,1.13796,['4.55 USD'],0.00209,232.45 USD,True
BACKTESTER-001,MLSignalStrategyV2-V2,EUR/USD.IDEALPRO,IDEALPRO-001,O-20250529-190000-001-V2-2578,O-20250529-190000-001-V2-2580,SELL,FLAT,0.00,100000.00,1748545200000000000,2025-05-29 19:00:00+00:00,1748549520000000000,2025-05-29 20:12:00+00:00,4320000000000.0,1.13751,1.1361,['4.55 USD'],0.00124,136.45 USD,True
BACKTESTER-001,MLSignalStrategyV2-V2,EUR/USD.IDEALPRO,IDEALPRO-001,O-20250529-233000-001-V2-2581,O-20250529-233000-001-V2-2583,BUY,FLAT,0.00,100000.00,1748561400000000000,2025-05-29 23:30:00+00:00,1748564580000000000,2025-05-30 00:23:00+00:00,3180000000000.0,1.1376,1.13834,['4.56 USD'],0.00065,69.44 USD,True
BACKTESTER-001,MLSignalStrategyV2-V2,EUR/USD.IDEALPRO,IDEALPRO-001,O-20250530-020000-001-V2-2584,O-20250530-020000-001-V2-2585,BUY,FLAT,0.00,100000.00,1748570400000000000,2025-05-30 02:00:00+00:00,1748581260000000000,2025-05-30 05:01:00+00:00,10860000000000.0,1.1355,1.13448,['4.54 USD'],-0.0009,-106.54 USD,True
BACKTESTER-001,MLSignalStrategyV2-V2,EUR/USD.IDEALPRO,IDEALPRO-001,O-20250530-053000-001-V2-2587,O-20250530-053000-001-V2-2588,SELL,FLAT,0.00,100000.00,1748583000000000000,2025-05-30 05:30:00+00:00,1748584500000000000,2025-05-30 05:55:00+00:00,1500000000000.0,1.13463,1.13536,['4.54 USD'],-0.00064,-77.54 USD,True
BACKTESTER-001,MLSignalStrategyV2-V2,EUR/USD.IDEALPRO,IDEALPRO-001,O-20250530-070000-001-V2-2590,O-20250530-070000-001-V2-2592,SELL,FLAT,0.00,100000.00,1748588400000000000,2025-05-30 07:00:00+00:00,1748589000000000000,2025-05-30 07:10:00+00:00,600000000000.0,1.13466,1.13319,['4.54 USD'],0.0013,142.46 USD,True
BACKTESTER-001,MLSignalStrategyV2-V2,EUR/USD.IDEALPRO,IDEALPRO-001,O-20250530-093000-001-V2-2593,O-20250530-093000-001-V2-2595,BUY,FLAT,0.00,100000.00,1748597400000000000,2025-05-30 09:30:00+00:00,1748607000000000000,2025-05-30 12:10:00+00:00,9600000000000.0,1.13288,1.13466,['4.54 USD'],0.00157,173.46 USD,True
BACKTESTER-001,MLSignalStrategyV2-V2,EUR/USD.IDEALPRO,IDEALPRO-001,O-20250530-204500-001-V2-2596,O-20250530-204500-001-V2-2598,BUY,FLAT,0.00,100000.00,1748637900000000000,2025-05-30 20:45:00+00:00,1748815680000000000,2025-06-01 22:08:00+00:00,177780000000000.0,1.13462,1.13575,['4.54 USD'],0.001,108.46 USD,True
BACKTESTER-001,MLSignalStrategyV2-V2,EUR/USD.IDEALPRO,IDEALPRO-001,O-20250601-221500-001-V2-2599,O-20250601-221500-001-V2-2600,BUY,FLAT,0.00,100000.00,1748816100000000000,2025-06-01 22:15:00+00:00,1748816820000000000,2025-06-01 22:27:00+00:00,720000000000.0,1.13562,1.13508,['4.54 USD'],-0.00048,-58.54 USD,True
BACKTESTER-001,MLSignalStrategyV2-V2,EUR/USD.IDEALPRO,IDEALPRO-001,O-20250601-223000-001-V2-2602,O-20250601-223000-001-V2-2604,BUY,FLAT,0.00,100000.00,1748817000000000000,2025-06-01 22:30:00+00:00,1748819220000000000,2025-06-01 23:07:00+00:00,2220000000000.0,1.13511,1.13598,['4.54 USD'],0.00077,82.46 USD,True
BACKTESTER-001,MLSignalStrategyV2-V2,EUR/USD.IDEALPRO,IDEALPRO-001,O-20250601-231500-001-V2-2605,O-20250601-231500-001-V2-2606,BUY,FLAT,0.00,100000.00,1748819700000000000,2025-06-01 23:15:00+00:00,1748822280000000000,2025-06-01 23:58:00+00:00,2580000000000.0,1.13577,1.1351,['4.54 USD'],-0.00059,-71.54 USD,True
BACKTESTER-001,MLSignalStrategyV2-V2,EUR/USD.IDEALPRO,IDEALPRO-001,O-20250602-063000-001-V2-2608,O-20250602-063000-001-V2-2609,SELL,FLAT,0.00,100000.00,1748845800000000000,2025-06-02 06:30:00+00:00,1748845860000000000,2025-06-02 06:31:00+00:00,60000000000.0,1.13908,1.13974,['4.56 USD'],-0.00058,-70.56 USD,True
BACKTESTER-001,MLSignalStrategyV2-V2,EUR/USD.IDEALPRO,IDEALPRO-001,O-20250602-064500-001-V2-2611,O-20250602-064500-001-V2-2612,SELL,FLAT,0.00,100000.00,1748846700000000000,2025-06-02 06:45:00+00:00,1748848500000000000,2025-06-02 07:15:00+00:00,1800000000000.0,1.14051,1.14134,['4.56 USD'],-0.00073,-87.56 USD,True
BACKTESTER-001,MLSignalStrategyV2-V2,EUR/USD.IDEALPRO,IDEALPRO-001,O-20250602-080000-001-V2-2614,O-20250602-080000-001-V2-2615,SELL,FLAT,0.00,100000.00,1748851200000000000,2025-06-02 08:00:00+00:00,1748855700000000000,2025-06-02 09:15:00+00:00,4500000000000.0,1.14238,1.14343,['4.57 USD'],-0.00092,-109.57 USD,True
BACKTESTER-001,MLSignalStrategyV2-V2,EUR/USD.IDEALPRO,IDEALPRO-001,O-20250602-100000-001-V2-2617,O-20250602-100000-001-V2-2619,SELL,FLAT,0.00,100000.00,1748858400000000000,2025-06-02 10:00:00+00:00,1748865180000000000,2025-06-02 11:53:00+00:00,6780000000000.0,1.14234,1.14093,['4.56 USD'],0.00123,136.44 USD,True
BACKTESTER-001,MLSignalStrategyV2-V2,EUR/USD.IDEALPRO,IDEALPRO-001,O-20250602-120000-001-V2-2620,O-20250602-120000-001-V2-2621,SELL,FLAT,0.00,100000.00,1748865600000000000,2025-06-02 12:00:00+00:00,1748867460000000000,2025-06-02 12:31:00+00:00,1860000000000.0,1.14142,1.1424,['4.56 USD'],-0.00086,-102.56 USD,True
BACKTESTER-001,MLSignalStrategyV2-V2,EUR/USD.IDEALPRO,IDEALPRO-001,O-20250602-141500-001-V2-2623,O-20250602-141500-001-V2-2625,SELL,FLAT,0.00,100000.00,1748873700000000000,2025-06-02 14:15:00+00:00,1748879820000000000,2025-06-02 15:57:00+00:00,6120000000000.0,1.14417,1.14243,['4.57 USD'],0.00152,169.43 USD,True
BACKTESTER-001,MLSignalStrategyV2-V2,EUR/USD.IDEALPRO,IDEALPRO-001,O-20250602-204500-001-V2-2626,O-20250602-204500-001-V2-2628,BUY,FLAT,0.00,100000.00,1748897100000000000,2025-06-02 20:45:00+00:00,1748906160000000000,2025-06-02 23:16:00+00:00,9060000000000.0,1.14408,1.14514,['4.58 USD'],0.00093,101.42 USD,True
BACKTESTER-001,MLSignalStrategyV2-V2,EUR/USD.IDEALPRO,IDEALPRO-001,O-20250603-011500-001-V2-2629,O-20250603-011500-001-V2-2630,BUY,FLAT,0.00,100000.00,1748913300000000000,2025-06-03 01:15:00+00:00,1748914620000000000,2025-06-03 01:37:00+00:00,1320000000000.0,1.14346,1.14281,['4.58 USD'],-0.00057,-69.58 USD,True
BACKTESTER-001,MLSignalStrategyV2-V2,EUR/USD.IDEALPRO,IDEALPRO-001,O-20250603-020000-001-V2-2632,O-20250603-020000-001-V2-2633,BUY,FLAT,0.00,100000.00,1748916000000000000,2025-06-03 02:00:00+00:00,1748918460000000000,2025-06-03 02:41:00+00:00,2460000000000.0,1.1428,1.14192,['4.57 USD'],-0.00077,-92.57 USD,True
BACKTESTER-001,MLSignalStrategyV2-V2,EUR/USD.IDEALPRO,IDEALPRO-001,O-20250603-040000-001-V2-2635,O-20250603-040000-001-V2-2636,SELL,FLAT,0.00,100000.00,1748923200000000000,2025-06-03 04:00:00+00:00,1748926860000000000,2025-06-03 05:01:00+00:00,3660000000000.0,1.14199,1.14262,['4.57 USD'],-0.00055,-67.57 USD,True
BACKTESTER-001,MLSignalStrategyV2-V2,EUR/USD.IDEALPRO,IDEALPRO-001,O-20250603-080000-001-V2-2638,O-20250603-080000-001-V2-2639,BUY,FLAT,0.00,100000.00,1748937600000000000,2025-06-03 08:00:00+00:00,1748938620000000000,2025-06-03 08:17:00+00:00,1020000000000.0,1.1416,1.14056,['4.56 USD'],-0.00091,-108.56 USD,True
BACKTESTER-001,MLSignalStrategyV2-V2,EUR/USD.IDEALPRO,IDEALPRO-001,O-20250603-091500-001-V2-2641,O-20250603-091500-001-V2-2642,BUY,FLAT,0.00,100000.00,1748942100000000000,2025-06-03 09:15:00+00:00,1748945220000000000,2025-06-03 10:07:00+00:00,3120000000000.0,1.14125,1.14028,['4.56 USD'],-0.00085,-101.56 USD,True
BACKTESTER-001,MLSignalStrategyV2-V2,EUR/USD.IDEALPRO,IDEALPRO-001,O-20250603-113000-001-V2-2644,O-20250603-113000-001-V2-2645,BUY,FLAT,0.00,100000.00,1748950200000000000,2025-06-03 11:30:00+00:00,1748954040000000000,2025-06-03 12:34:00+00:00,3840000000000.0,1.13871,1.13779,['4.56 USD'],-0.00081,-96.56 USD,True
BACKTESTER-001,MLSignalStrategyV2-V2,EUR/USD.IDEALPRO,IDEALPRO-001,O-20250603-124500-001-V2-2647,O-20250603-124500-001-V2-2649,BUY,FLAT,0.00,100000.00,1748954700000000000,2025-06-03 12:45:00+00:00,1748958000000000000,2025-06-03 13:40:00+00:00,3300000000000.0,1.13812,1.13951,['4.56 USD'],0.00122,134.44 USD,True
BACKTESTER-001,MLSignalStrategyV2-V2,EUR/USD.IDEALPRO,IDEALPRO-001,O-20250603-140000-001-V2-2650,O-20250603-140000-001-V2-2651,BUY,FLAT,0.00,100000.00,1748959200000000000,2025-06-03 14:00:00+00:00,1748959260000000000,2025-06-03 14:01:00+00:00,60000000000.0,1.13878,1.1373,['4.55 USD'],-0.0013,-152.55 USD,True
BACKTESTER-001,MLSignalStrategyV2-V2,EUR/USD.IDEALPRO,IDEALPRO-001,O-20250603-141500-001-V2-2653,O-20250603-141500-001-V2-2654,BUY,FLAT,0.00,100000.00,1748960100000000000,2025-06-03 14:15:00+00:00,1749008460000000000,2025-06-04 03:41:00+00:00,48360000000000.0,1.13784,1.13671,['4.55 USD'],-0.00099,-117.55 USD,True
BACKTESTER-001,MLSignalStrategyV2-V2,EUR/USD.IDEALPRO,IDEALPRO-001,O-20250604-041500-001-V2-2656,O-20250604-041500-001-V2-2657,BUY,FLAT,0.00,100000.00,1749010500000000000,2025-06-04 04:15:00+00:00,1749012180000000000,2025-06-04 04:43:00+00:00,1680000000000.0,1.13766,1.13695,['4.55 USD'],-0.00062,-75.55 USD,True
BACKTESTER-001,MLSignalStrategyV2-V2,EUR/USD.IDEALPRO,IDEALPRO-001,O-20250604-050000-001-V2-2659,O-20250604-050000-001-V2-2660,BUY,FLAT,0.00,100000.00,1749013200000000000,2025-06-04 05:00:00+00:00,1749015300000000000,2025-06-04 05:35:00+00:00,2100000000000.0,1.13668,1.13572,['4.54 USD'],-0.00084,-100.54 USD,True
BACKTESTER-001,MLSignalStrategyV2-V2,EUR/USD.IDEALPRO,IDEALPRO-001,O-20250604-054500-001-V2-2662,O-20250604-054500-001-V2-2663,BUY,FLAT,0.00,100000.00,1749015900000000000,2025-06-04 05:45:00+00:00,1749016500000000000,2025-06-04 05:55:00+00:00,600000000000.0,1.13667,1.13599,['4.54 USD'],-0.0006,-72.54 USD,True
BACKTESTER-001,MLSignalStrategyV2-V2,EUR/USD.IDEALPRO,IDEALPRO-001,O-20250604-070000-001-V2-2665,O-20250604-070000-001-V2-2667,BUY,FLAT,0.00,100000.00,1749020400000000000,2025-06-04 07:00:00+00:00,1749021780000000000,2025-06-04 07:23:00+00:00,1380000000000.0,1.1378,1.13912,['4.56 USD'],0.00116,127.44 USD,True
BACKTESTER-001,MLSignalStrategyV2-V2,EUR/USD.IDEALPRO,IDEALPRO-001,O-20250604-081500-001-V2-2668,O-20250604-081500-001-V2-2670,BUY,FLAT,0.00,100000.00,1749024900000000000,2025-06-04 08:15:00+00:00,1749026520000000000,2025-06-04 08:42:00+00:00,1620000000000.0,1.13875,1.14017,['4.56 USD'],0.00125,137.44 USD,True
BACKTESTER-001,MLSignalStrategyV2-V2,EUR/USD.IDEALPRO,IDEALPRO-001,O-20250604-200000-001-V2-2671,O-20250604-200000-001-V2-2673,BUY,FLAT,0.00,100000.00,1749067200000000000,2025-06-04 20:00:00+00:00,1749069540000000000,2025-06-04 20:39:00+00:00,2340000000000.0,1.14123,1.14215,['4.56 USD'],0.00081,87.44 USD,True
BACKTESTER-001,MLSignalStrategyV2-V2,EUR/USD.IDEALPRO,IDEALPRO-001,O-20250604-223000-001-V2-2674,O-20250604-223000-001-V2-2676,BUY,FLAT,0.00,100000.00,1749076200000000000,2025-06-04 22:30:00+00:00,1749079200000000000,2025-06-04 23:20:00+00:00,3000000000000.0,1.14203,1.14257,['4.57 USD'],0.00047,49.43 USD,True
BACKTESTER-001,MLSignalStrategyV2-V2,EUR/USD.IDEALPRO,IDEALPRO-001,O-20250604-233000-001-V2-2677,O-20250604-233000-001-V2-2678,BUY,FLAT,0.00,100000.00,1749079800000000000,2025-06-04 23:30:00+00:00,1749080400000000000,2025-06-04 23:40:00+00:00,600000000000.0,1.14268,1.14231,['4.57 USD'],-0.00032,-41.57 USD,True
BACKTESTER-001,MLSignalStrategyV2-V2,EUR/USD.IDEALPRO,IDEALPRO-001,O-20250605-001500-001-V2-2680,O-20250605-001500-001-V2-2681,BUY,FLAT,0.00,100000.00,1749082500000000000,2025-06-05 00:15:00+00:00,1749082740000000000,2025-06-05 00:19:00+00:00,240000000000.0,1.1426,1.14195,['4.57 USD'],-0.00057,-69.57 USD,True
BACKTESTER-001,MLSignalStrategyV2-V2,EUR/USD.IDEALPRO,IDEALPRO-001,O-20250605-004500-001-V2-2683,O-20250605-004500-001-V2-2684,SELL,FLAT,0.00,100000.00,1749084300000000000,2025-06-05 00:45:00+00:00,1749085320000000000,2025-06-05 01:02:00+00:00,1020000000000.0,1.14255,1.14312,['4.58 USD'],-0.0005,-61.58 USD,True
BACKTESTER-001,MLSignalStrategyV2-V2,EUR/USD.IDEALPRO,IDEALPRO-001,O-20250605-043000-001-V2-2686,O-20250605-043000-001-V2-2687,BUY,FLAT,0.00,100000.00,1749097800000000000,2025-06-05 04:30:00+00:00,1749102960000000000,2025-06-05 05:56:00+00:00,5160000000000.0,1.14128,1.14046,['4.56 USD'],-0.00072,-86.56 USD,True
BACKTESTER-001,MLSignalStrategyV2-V2,EUR/USD.IDEALPRO,IDEALPRO-001,O-20250605-063000-001-V2-2689,O-20250605-063000-001-V2-2690,SELL,FLAT,0.00,100000.00,1749105000000000000,2025-06-05 06:30:00+00:00,1749107760000000000,2025-06-05 07:16:00+00:00,2760000000000.0,1.14149,1.1422,['4.56 USD'],-0.00062,-75.56 USD,True
BACKTESTER-001,MLSignalStrategyV2-V2,EUR/USD.IDEALPRO,IDEALPRO-001,O-20250605-093000-001-V2-2692,O-20250605-093000-001-V2-2693,BUY,FLAT,0.00,100000.00,1749115800000000000,2025-06-05 09:30:00+00:00,1749116700000000000,2025-06-05 09:45:00+00:00,900000000000.0,1.14193,1.14116,['4.56 USD'],-0.00067,-81.56 USD,True
BACKTESTER-001,MLSignalStrategyV2-V2,EUR/USD.IDEALPRO,IDEALPRO-001,O-20250605-094500-001-V2-2695,O-20250605-094500-001-V2-2697,BUY,FLAT,0.00,100000.00,1749116700000000000,2025-06-05 09:45:00+00:00,1749117960000000000,2025-06-05 10:06:00+00:00,1260000000000.0,1.14118,1.14233,['4.56 USD'],0.00101,110.44 USD,True
BACKTESTER-001,MLSignalStrategyV2-V2,EUR/USD.IDEALPRO,IDEALPRO-001,O-20250605-101500-001-V2-2698,O-20250605-101500-001-V2-2699,BUY,FLAT,0.00,100000.00,1749118500000000000,2025-06-05 10:15:00+00:00,1749123300000000000,2025-06-05 11:35:00+00:00,4800000000000.0,1.14248,1.14165,['4.56 USD'],-0.00073,-87.56 USD,True
BACKTESTER-001,MLSignalStrategyV2-V2,EUR/USD.IDEALPRO,IDEALPRO-001,O-20250605-121500-001-V2-2701,O-20250605-121500-001-V2-2702,SELL,FLAT,0.00,100000.00,1749125700000000000,2025-06-05 12:15:00+00:00,1749125760000000000,2025-06-05 12:16:00+00:00,60000000000.0,1.14239,1.14351,['4.57 USD'],-0.00098,-116.57 USD,True
BACKTESTER-001,MLSignalStrategyV2-V2,EUR/USD.IDEALPRO,IDEALPRO-001,O-20250605-133000-001-V2-2704,O-20250605-133000-001-V2-2706,SELL,FLAT,0.00,100000.00,1749130200000000000,2025-06-05 13:30:00+00:00,1749134520000000000,2025-06-05 14:42:00+00:00,4320000000000.0,1.1491,1.14638,['4.59 USD'],0.00237,267.41 USD,True
BACKTESTER-001,MLSignalStrategyV2-V2,EUR/USD.IDEALPRO,IDEALPRO-001,O-20250605-144500-001-V2-2707,O-20250605-144500-001-V2-2709,SELL,FLAT,0.00,100000.00,1749134700000000000,2025-06-05 14:45:00+00:00,1749138060000000000,2025-06-05 15:41:00+00:00,3360000000000.0,1.14669,1.14407,['4.58 USD'],0.00228,257.42 USD,True
BACKTESTER-001,MLSignalStrategyV2-V2,EUR/USD.IDEALPRO,IDEALPRO-001,O-20250605-184500-001-V2-2710,O-20250605-184500-001-V2-2712,BUY,FLAT,0.00,100000.00,1749149100000000000,2025-06-05 18:45:00+00:00,1749164340000000000,2025-06-05 22:59:00+00:00,15240000000000.0,1.14366,1.14518,['4.58 USD'],0.00133,147.42 USD,True
BACKTESTER-001,MLSignalStrategyV2-V2,EUR/USD.IDEALPRO,IDEALPRO-001,O-20250605-230000-001-V2-2713,O-20250605-230000-001-V2-2714,BUY,FLAT,0.00,100000.00,1749164400000000000,2025-06-05 23:00:00+00:00,1749173640000000000,2025-06-06 01:34:00+00:00,9240000000000.0,1.14518,1.14455,['4.58 USD'],-0.00055,-67.58 USD,True
BACKTESTER-001,MLSignalStrategyV2-V2,EUR/USD.IDEALPRO,IDEALPRO-001,O-20250606-014500-001-V2-2716,O-20250606-014500-001-V2-2718,SELL,FLAT,0.00,100000.00,1749174300000000000,2025-06-06 01:45:00+00:00,1749175440000000000,2025-06-06 02:04:00+00:00,1140000000000.0,1.14461,1.14382,['4.58 USD'],0.00069,74.42 USD,True
BACKTESTER-001,MLSignalStrategyV2-V2,EUR/USD.IDEALPRO,IDEALPRO-001,O-20250606-021500-001-V2-2719,O-20250606-021500-001-V2-2720,BUY,FLAT,0.00,100000.00,1749176100000000000,2025-06-06 02:15:00+00:00,1749187380000000000,2025-06-06 05:23:00+00:00,11280000000000.0,1.14383,1.14321,['4.58 USD'],-0.00054,-66.58 USD,True
BACKTESTER-001,MLSignalStrategyV2-V2,EUR/USD.IDEALPRO,IDEALPRO-001,O-20250606-054500-001-V2-2722,O-20250606-054500-001-V2-2724,BUY,FLAT,0.00,100000.00,1749188700000000000,2025-06-06 05:45:00+00:00,1749189660000000000,2025-06-06 06:01:00+00:00,960000000000.0,1.14318,1.14382,['4.58 USD'],0.00056,59.42 USD,True
BACKTESTER-001,MLSignalStrategyV2-V2,EUR/USD.IDEALPRO,IDEALPRO-001,O-20250606-093000-001-V2-2725,O-20250606-093000-001-V2-2726,SELL,FLAT,0.00,100000.00,1749202200000000000,2025-06-06 09:30:00+00:00,1749203100000000000,2025-06-06 09:45:00+00:00,900000000000.0,1.14141,1.14214,['4.56 USD'],-0.00064,-77.56 USD,True
BACKTESTER-001,MLSignalStrategyV2-V2,EUR/USD.IDEALPRO,IDEALPRO-001,O-20250606-101500-001-V2-2728,O-20250606-101500-001-V2-2729,SELL,FLAT,0.00,100000.00,1749204900000000000,2025-06-06 10:15:00+00:00,1749209640000000000,2025-06-06 11:34:00+00:00,4740000000000.0,1.14202,1.14264,['4.57 USD'],-0.00054,-66.57 USD,True
BACKTESTER-001,MLSignalStrategyV2-V2,EUR/USD.IDEALPRO,IDEALPRO-001,O-20250606-130000-001-V2-2731,O-20250606-130000-001-V2-2732,BUY,FLAT,0.00,100000.00,1749214800000000000,2025-06-06 13:00:00+00:00,1749216120000000000,2025-06-06 13:22:00+00:00,1320000000000.0,1.13969,1.13821,['4.56 USD'],-0.0013,-152.56 USD,True
BACKTESTER-001,MLSignalStrategyV2-V2,EUR/USD.IDEALPRO,IDEALPRO-001,O-20250606-133000-001-V2-2734,O-20250606-133000-001-V2-2736,BUY,FLAT,0.00,100000.00,1749216600000000000,2025-06-06 13:30:00+00:00,1749217980000000000,2025-06-06 13:53:00+00:00,1380000000000.0,1.13769,1.14005,['4.56 USD'],0.00207,231.44 USD,True
BACKTESTER-001,MLSignalStrategyV2-V2,EUR/USD.IDEALPRO,IDEALPRO-001,O-20250606-154500-001-V2-2737,O-20250606-154500-001-V2-2738,SELL,FLAT,0.00,100000.00,1749224700000000000,2025-06-06 15:45:00+00:00,1749433920000000000,2025-06-09 01:52:00+00:00,209220000000000.0,1.14016,1.14167,['4.56 USD'],-0.00132,-155.56 USD,True
BACKTESTER-001,MLSignalStrategyV2-V2,EUR/USD.IDEALPRO,IDEALPRO-001,O-20250609-020000-001-V2-2740,O-20250609-020000-001-V2-2741,SELL,FLAT,0.00,100000.00,1749434400000000000,2025-06-09 02:00:00+00:00,1749435000000000000,2025-06-09 02:10:00+00:00,600000000000.0,1.14154,1.14251,['4.57 USD'],-0.00085,-101.57 USD,True
BACKTESTER-001,MLSignalStrategyV2-V2,EUR/USD.IDEALPRO,IDEALPRO-001,O-20250609-021500-001-V2-2743,O-20250609-021500-001-V2-2745,SELL,FLAT,0.00,100000.00,1749435300000000000,2025-06-09 02:15:00+00:00,1749440580000000000,2025-06-09 03:43:00+00:00,5280000000000.0,1.14222,1.14123,['4.56 USD'],0.00087,94.44 USD,True
BACKTESTER-001,MLSignalStrategyV2-V2,EUR/USD.IDEALPRO,IDEALPRO-001,O-20250609-100000-001-V2-2746,O-20250609-100000-001-V2-2748,SELL,FLAT,0.00,100000.00,1749463200000000000,2025-06-09 10:00:00+00:00,1749468360000000000,2025-06-09 11:26:00+00:00,5160000000000.0,1.14262,1.14152,['4.57 USD'],0.00096,105.43 USD,True
BACKTESTER-001,MLSignalStrategyV2-V2,EUR/USD.IDEALPRO,IDEALPRO-001,O-20250609-121500-001-V2-2749,O-20250609-121500-001-V2-2750,BUY,FLAT,0.00,100000.00,1749471300000000000,2025-06-09 12:15:00+00:00,1749473460000000000,2025-06-09 12:51:00+00:00,2160000000000.0,1.14085,1.1398,['4.56 USD'],-0.00092,-109.56 USD,True
BACKTESTER-001,MLSignalStrategyV2-V2,EUR/USD.IDEALPRO,IDEALPRO-001,O-20250609-141500-001-V2-2752,O-20250609-141500-001-V2-2753,BUY,FLAT,0.00,100000.00,1749478500000000000,2025-06-09 14:15:00+00:00,1749479640000000000,2025-06-09 14:34:00+00:00,1140000000000.0,1.14073,1.13939,['4.56 USD'],-0.00117,-138.56 USD,True
BACKTESTER-001,MLSignalStrategyV2-V2,EUR/USD.IDEALPRO,IDEALPRO-001,O-20250609-150000-001-V2-2755,O-20250609-150000-001-V2-2756,SELL,FLAT,0.00,100000.00,1749481200000000000,2025-06-09 15:00:00+00:00,1749482160000000000,2025-06-09 15:16:00+00:00,960000000000.0,1.14078,1.14167,['4.56 USD'],-0.00078,-93.56 USD,True
BACKTESTER-001,MLSignalStrategyV2-V2,EUR/USD.IDEALPRO,IDEALPRO-001,O-20250609-173000-001-V2-2758,O-20250609-173000-001-V2-2760,BUY,FLAT,0.00,100000.00,1749490200000000000,2025-06-09 17:30:00+00:00,1749514860000000000,2025-06-10 00:21:00+00:00,24660000000000.0,1.1424,1.14336,['4.57 USD'],0.00084,91.43 USD,True
BACKTESTER-001,MLSignalStrategyV2-V2,EUR/USD.IDEALPRO,IDEALPRO-001,O-20250610-020000-001-V2-2761,O-20250610-020000-001-V2-2762,BUY,FLAT,0.00,100000.00,1749520800000000000,2025-06-10 02:00:00+00:00,1749520860000000000,2025-06-10 02:01:00+00:00,60000000000.0,1.1397,1.13885,['4.56 USD'],-0.00075,-89.56 USD,True
BACKTESTER-001,MLSignalStrategyV2-V2,EUR/USD.IDEALPRO,IDEALPRO-001,O-20250610-024500-001-V2-2764,O-20250610-024500-001-V2-2766,BUY,FLAT,0.00,100000.00,1749523500000000000,2025-06-10 02:45:00+00:00,1749532920000000000,2025-06-10 05:22:00+00:00,9420000000000.0,1.13941,1.14068,['4.56 USD'],0.00111,122.44 USD,True
BACKTESTER-001,MLSignalStrategyV2-V2,EUR/USD.IDEALPRO,IDEALPRO-001,O-20250610-073000-001-V2-2767,O-20250610-073000-001-V2-2769,BUY,FLAT,0.00,100000.00,1749540600000000000,2025-06-10 07:30:00+00:00,1749545700000000000,2025-06-10 08:55:00+00:00,5100000000000.0,1.13913,1.14086,['4.56 USD'],0.00152,168.44 USD,True
BACKTESTER-001,MLSignalStrategyV2-V2,EUR/USD.IDEALPRO,IDEALPRO-001,O-20250610-101500-001-V2-2770,O-20250610-101500-001-V2-2772,BUY,FLAT,0.00,100000.00,1749550500000000000,2025-06-10 10:15:00+00:00,1749554160000000000,2025-06-10 11:16:00+00:00,3660000000000.0,1.14129,1.14287,['4.57 USD'],0.00138,153.43 USD,True
BACKTESTER-001,MLSignalStrategyV2-V2,EUR/USD.IDEALPRO,IDEALPRO-001,O-20250610-114500-001-V2-2773,O-20250610-114500-001-V2-2775,BUY,FLAT,0.00,100000.00,1749555900000000000,2025-06-10 11:45:00+00:00,1749556980000000000,2025-06-10 12:03:00+00:00,1080000000000.0,1.14272,1.14399,['4.58 USD'],0.00111,122.42 USD,True
BACKTESTER-001,MLSignalStrategyV2-V2,EUR/USD.IDEALPRO,IDEALPRO-001,O-20250610-123000-001-V2-2776,O-20250610-123000-001-V2-2778,BUY,FLAT,0.00,100000.00,1749558600000000000,2025-06-10 12:30:00+00:00,1749560640000000000,2025-06-10 13:04:00+00:00,2040000000000.0,1.14271,1.14406,['4.58 USD'],0.00118,130.42 USD,True
BACKTESTER-001,MLSignalStrategyV2-V2,EUR/USD.IDEALPRO,IDEALPRO-001,O-20250610-141500-001-V2-2779,O-20250610-141500-001-V2-2780,BUY,FLAT,0.00,100000.00,1749564900000000000,2025-06-10 14:15:00+00:00,1749567000000000000,2025-06-10 14:50:00+00:00,2100000000000.0,1.14323,1.1421,['4.57 USD'],-0.00099,-117.57 USD,True
BACKTESTER-001,MLSignalStrategyV2-V2,EUR/USD.IDEALPRO,IDEALPRO-001,O-20250610-160000-001-V2-2782,O-20250610-160000-001-V2-2783,SELL,FLAT,0.00,100000.00,1749571200000000000,2025-06-10 16:00:00+00:00,1749583320000000000,2025-06-10 19:22:00+00:00,12120000000000.0,1.14225,1.14313,['4.57 USD'],-0.00077,-92.57 USD,True
BACKTESTER-001,MLSignalStrategyV2-V2,EUR/USD.IDEALPRO,IDEALPRO-001,O-20250610-201500-001-V2-2785,O-20250610-201500-001-V2-2786,BUY,FLAT,0.00,100000.00,1749586500000000000,2025-06-10 20:15:00+00:00,1749587100000000000,2025-06-10 20:25:00+00:00,600000000000.0,1.14287,1.14216,['4.57 USD'],-0.00062,-75.57 USD,True
BACKTESTER-001,MLSignalStrategyV2-V2,EUR/USD.IDEALPRO,IDEALPRO-001,O-20250610-203000-001-V2-2788,O-20250610-203000-001-V2-2790,BUY,FLAT,0.00,100000.00,1749587400000000000,2025-06-10 20:30:00+00:00,1749597000000000000,2025-06-10 23:10:00+00:00,9600000000000.0,1.14223,1.14329,['4.57 USD'],0.00093,101.43 USD,True
BACKTESTER-001,MLSignalStrategyV2-V2,EUR/USD.IDEALPRO,IDEALPRO-001,O-20250610-231500-001-V2-2791,O-20250610-231500-001-V2-2792,BUY,FLAT,0.00,100000.00,1749597300000000000,2025-06-10 23:15:00+00:00,1749597360000000000,2025-06-10 23:16:00+00:00,60000000000.0,1.14323,1.14252,['4.58 USD'],-0.00062,-75.58 USD,True
BACKTESTER-001,MLSignalStrategyV2-V2,EUR/USD.IDEALPRO,IDEALPRO-001,O-20250611-020000-001-V2-2794,O-20250611-020000-001-V2-2796,BUY,FLAT,0.00,100000.00,1749607200000000000,2025-06-11 02:00:00+00:00,1749621060000000000,2025-06-11 05:51:00+00:00,13860000000000.0,1.14086,1.1422,['4.56 USD'],0.00117,129.44 USD,True
BACKTESTER-001,MLSignalStrategyV2-V2,EUR/USD.IDEALPRO,IDEALPRO-001,O-20250611-070000-001-V2-2797,O-20250611-070000-001-V2-2799,BUY,FLAT,0.00,100000.00,1749625200000000000,2025-06-11 07:00:00+00:00,1749628200000000000,2025-06-11 07:50:00+00:00,3000000000000.0,1.14102,1.14209,['4.56 USD'],0.00094,102.44 USD,True
BACKTESTER-001,MLSignalStrategyV2-V2,EUR/USD.IDEALPRO,IDEALPRO-001,O-20250611-080000-001-V2-2800,O-20250611-080000-001-V2-2802,BUY,FLAT,0.00,100000.00,1749628800000000000,2025-06-11 08:00:00+00:00,1749630960000000000,2025-06-11 08:36:00+00:00,2160000000000.0,1.14195,1.14307,['4.57 USD'],0.00098,107.43 USD,True
BACKTESTER-001,MLSignalStrategyV2-V2,EUR/USD.IDEALPRO,IDEALPRO-001,O-20250611-160000-001-V2-2803,O-20250611-160000-001-V2-2804,SELL,FLAT,0.00,100000.00,1749657600000000000,2025-06-11 16:00:00+00:00,1749682620000000000,2025-06-11 22:57:00+00:00,25020000000000.0,1.14895,1.15003,['4.60 USD'],-0.00094,-112.60 USD,True
BACKTESTER-001,MLSignalStrategyV2-V2,EUR/USD.IDEALPRO,IDEALPRO-001,O-20250611-230000-001-V2-2806,O-20250611-230000-001-V2-2808,BUY,FLAT,0.00,100000.00,1749682800000000000,2025-06-11 23:00:00+00:00,1749688860000000000,2025-06-12 00:41:00+00:00,6060000000000.0,1.15059,1.15145,['4.60 USD'],0.00075,81.40 USD,True
BACKTESTER-001,MLSignalStrategyV2-V2,EUR/USD.IDEALPRO,IDEALPRO-001,O-20250612-061500-001-V2-2809,O-20250612-061500-001-V2-2811,SELL,FLAT,0.00,100000.00,1749708900000000000,2025-06-12 06:15:00+00:00,1749713880000000000,2025-06-12 07:38:00+00:00,4980000000000.0,1.15194,1.15092,['4.60 USD'],0.00089,97.40 USD,True
BACKTESTER-001,MLSignalStrategyV2-V2,EUR/USD.IDEALPRO,IDEALPRO-001,O-20250612-093000-001-V2-2812,O-20250612-093000-001-V2-2813,SELL,FLAT,0.00,100000.00,1749720600000000000,2025-06-12 09:30:00+00:00,1749722040000000000,2025-06-12 09:54:00+00:00,1440000000000.0,1.15577,1.15858,['4.63 USD'],-0.00243,-285.63 USD,True
BACKTESTER-001,MLSignalStrategyV2-V2,EUR/USD.IDEALPRO,IDEALPRO-001,O-20250612-100000-001-V2-2815,O-20250612-100000-001-V2-2816,SELL,FLAT,0.00,100000.00,1749722400000000000,2025-06-12 10:00:00+00:00,1749723240000000000,2025-06-12 10:14:00+00:00,840000000000.0,1.1572,1.15867,['4.63 USD'],-0.00127,-151.63 USD,True
BACKTESTER-001,MLSignalStrategyV2-V2,EUR/USD.IDEALPRO,IDEALPRO-001,O-20250612-101500-001-V2-2818,O-20250612-101500-001-V2-2819,SELL,FLAT,0.00,100000.00,1749723300000000000,2025-06-12 10:15:00+00:00,1749724140000000000,2025-06-12 10:29:00+00:00,840000000000.0,1.15775,1.15922,['4.64 USD'],-0.00127,-151.64 USD,True
BACKTESTER-001,MLSignalStrategyV2-V2,EUR/USD.IDEALPRO,IDEALPRO-001,O-20250612-103000-001-V2-2821,O-20250612-103000-001-V2-2822,SELL,FLAT,0.00,100000.00,1749724200000000000,2025-06-12 10:30:00+00:00,1749725520000000000,2025-06-12 10:52:00+00:00,1320000000000.0,1.15901,1.16109,['4.64 USD'],-0.00179,-212.64 USD,True
BACKTESTER-001,MLSignalStrategyV2-V2,EUR/USD.IDEALPRO,IDEALPRO-001,O-20250612-121500-001-V2-2824,O-20250612-121500-001-V2-2826,BUY,FLAT,0.00,100000.00,1749730500000000000,2025-06-12 12:15:00+00:00,1749731460000000000,2025-06-12 12:31:00+00:00,960000000000.0,1.15964,1.16319,['4.65 USD'],0.00306,350.35 USD,True
BACKTESTER-001,MLSignalStrategyV2-V2,EUR/USD.IDEALPRO,IDEALPRO-001,O-20250612-140000-001-V2-2827,O-20250612-140000-001-V2-2828,BUY,FLAT,0.00,100000.00,1749736800000000000,2025-06-12 14:00:00+00:00,1749742920000000000,2025-06-12 15:42:00+00:00,6120000000000.0,1.1585,1.15673,['4.63 USD'],-0.00153,-181.63 USD,True
BACKTESTER-001,MLSignalStrategyV2-V2,EUR/USD.IDEALPRO,IDEALPRO-001,O-20250612-184500-001-V2-2830,O-20250612-184500-001-V2-2832,BUY,FLAT,0.00,100000.00,1749753900000000000,2025-06-12 18:45:00+00:00,1749761160000000000,2025-06-12 20:46:00+00:00,7260000000000.0,1.15748,1.15873,['4.63 USD'],0.00108,120.37 USD,True
BACKTESTER-001,MLSignalStrategyV2-V2,EUR/USD.IDEALPRO,IDEALPRO-001,O-20250612-213000-001-V2-2833,O-20250612-213000-001-V2-2835,BUY,FLAT,0.00,100000.00,1749763800000000000,2025-06-12 21:30:00+00:00,1749771720000000000,2025-06-12 23:42:00+00:00,7920000000000.0,1.15878,1.15968,['4.64 USD'],0.00078,85.36 USD,True
BACKTESTER-001,MLSignalStrategyV2-V2,EUR/USD.IDEALPRO,IDEALPRO-001,O-20250613-010000-001-V2-2836,O-20250613-010000-001-V2-2837,BUY,FLAT,0.00,100000.00,1749776400000000000,2025-06-13 01:00:00+00:00,1749777540000000000,2025-06-13 01:19:00+00:00,1140000000000.0,1.15588,1.15397,['4.62 USD'],-0.00165,-195.62 USD,True
BACKTESTER-001,MLSignalStrategyV2-V2,EUR/USD.IDEALPRO,IDEALPRO-001,O-20250613-014500-001-V2-2839,O-20250613-014500-001-V2-2840,BUY,FLAT,0.00,100000.00,1749779100000000000,2025-06-13 01:45:00+00:00,1749788160000000000,2025-06-13 04:16:00+00:00,9060000000000.0,1.15448,1.1527,['4.62 USD'],-0.00154,-182.62 USD,True
BACKTESTER-001,MLSignalStrategyV2-V2,EUR/USD.IDEALPRO,IDEALPRO-001,O-20250613-043000-001-V2-2842,O-20250613-043000-001-V2-2844,BUY,FLAT,0.00,100000.00,1749789000000000000,2025-06-13 04:30:00+00:00,1749794760000000000,2025-06-13 06:06:00+00:00,5760000000000.0,1.15212,1.15412,['4.61 USD'],0.00174,195.39 USD,True
BACKTESTER-001,MLSignalStrategyV2-V2,EUR/USD.IDEALPRO,IDEALPRO-001,O-20250613-071500-001-V2-2845,O-20250613-071500-001-V2-2846,BUY,FLAT,0.00,100000.00,1749798900000000000,2025-06-13 07:15:00+00:00,1749801420000000000,2025-06-13 07:57:00+00:00,2520000000000.0,1.15548,1.15383,['4.62 USD'],-0.00143,-169.62 USD,True
BACKTESTER-001,MLSignalStrategyV2-V2,EUR/USD.IDEALPRO,IDEALPRO-001,O-20250613-090000-001-V2-2848,O-20250613-090000-001-V2-2849,BUY,FLAT,0.00,100000.00,1749805200000000000,2025-06-13 09:00:00+00:00,1749810300000000000,2025-06-13 10:25:00+00:00,5100000000000.0,1.15288,1.15139,['4.61 USD'],-0.00129,-153.61 USD,True
BACKTESTER-001,MLSignalStrategyV2-V2,EUR/USD.IDEALPRO,IDEALPRO-001,O-20250613-103000-001-V2-2851,O-20250613-103000-001-V2-2852,BUY,FLAT,0.00,100000.00,1749810600000000000,2025-06-13 10:30:00+00:00,1749811620000000000,2025-06-13 10:47:00+00:00,1020000000000.0,1.1516,1.1502,['4.60 USD'],-0.00122,-144.60 USD,True
BACKTESTER-001,MLSignalStrategyV2-V2,EUR/USD.IDEALPRO,IDEALPRO-001,O-20250613-133000-001-V2-2854,O-20250613-133000-001-V2-2855,SELL,FLAT,0.00,100000.00,1749821400000000000,2025-06-13 13:30:00+00:00,1749821880000000000,2025-06-13 13:38:00+00:00,480000000000.0,1.15061,1.15186,['4.60 USD'],-0.00109,-129.60 USD,True
BACKTESTER-001,MLSignalStrategyV2-V2,EUR/USD.IDEALPRO,IDEALPRO-001,O-20250613-134500-001-V2-2857,O-20250613-134500-001-V2-2858,SELL,FLAT,0.00,100000.00,1749822300000000000,2025-06-13 13:45:00+00:00,1749823140000000000,2025-06-13 13:59:00+00:00,840000000000.0,1.15157,1.15277,['4.61 USD'],-0.00104,-124.61 USD,True
BACKTESTER-001,MLSignalStrategyV2-V2,EUR/USD.IDEALPRO,IDEALPRO-001,O-20250613-154500-001-V2-2860,O-20250613-154500-001-V2-2862,SELL,FLAT,0.00,100000.00,1749829500000000000,2025-06-13 15:45:00+00:00,1749835080000000000,2025-06-13 17:18:00+00:00,5580000000000.0,1.15629,1.15446,['4.62 USD'],0.00158,178.38 USD,True
BACKTESTER-001,MLSignalStrategyV2-V2,EUR/USD.IDEALPRO,IDEALPRO-001,O-20250615-213000-001-V2-2863,O-20250615-213000-001-V2-2865,BUY,FLAT,0.00,100000.00,1750023000000000000,2025-06-15 21:30:00+00:00,1750027800000000000,2025-06-15 22:50:00+00:00,4800000000000.0,1.15326,1.15472,['4.62 USD'],0.00127,141.38 USD,True
BACKTESTER-001,MLSignalStrategyV2-V2,EUR/USD.IDEALPRO,IDEALPRO-001,O-20250615-230000-001-V2-2866,O-20250615-230000-001-V2-2867,BUY,FLAT,0.00,100000.00,1750028400000000000,2025-06-15 23:00:00+00:00,1750029120000000000,2025-06-15 23:12:00+00:00,720000000000.0,1.15414,1.15307,['4.62 USD'],-0.00093,-111.62 USD,True
BACKTESTER-001,MLSignalStrategyV2-V2,EUR/USD.IDEALPRO,IDEALPRO-001,O-20250615-231500-001-V2-2869,O-20250615-231500-001-V2-2871,BUY,FLAT,0.00,100000.00,1750029300000000000,2025-06-15 23:15:00+00:00,1750032780000000000,2025-06-16 00:13:00+00:00,3480000000000.0,1.15301,1.1545,['4.62 USD'],0.00129,144.38 USD,True
BACKTESTER-001,MLSignalStrategyV2-V2,EUR/USD.IDEALPRO,IDEALPRO-001,O-20250616-021500-001-V2-2872,O-20250616-021500-001-V2-2873,SELL,FLAT,0.00,100000.00,1750040100000000000,2025-06-16 02:15:00+00:00,1750050240000000000,2025-06-16 05:04:00+00:00,10140000000000.0,1.15321,1.15413,['4.62 USD'],-0.0008,-96.62 USD,True
BACKTESTER-001,MLSignalStrategyV2-V2,EUR/USD.IDEALPRO,IDEALPRO-001,O-20250616-051500-001-V2-2875,O-20250616-051500-001-V2-2877,BUY,FLAT,0.00,100000.00,1750050900000000000,2025-06-16 05:15:00+00:00,1750051620000000000,2025-06-16 05:27:00+00:00,720000000000.0,1.15464,1.15583,['4.62 USD'],0.00103,114.38 USD,True
BACKTESTER-001,MLSignalStrategyV2-V2,EUR/USD.IDEALPRO,IDEALPRO-001,O-20250616-060000-001-V2-2878,O-20250616-060000-001-V2-2879,BUY,FLAT,0.00,100000.00,1750053600000000000,2025-06-16 06:00:00+00:00,1750054800000000000,2025-06-16 06:20:00+00:00,1200000000000.0,1.15571,1.15468,['4.62 USD'],-0.00089,-107.62 USD,True
BACKTESTER-001,MLSignalStrategyV2-V2,EUR/USD.IDEALPRO,IDEALPRO-001,O-20250616-073000-001-V2-2881,O-20250616-073000-001-V2-2882,SELL,FLAT,0.00,100000.00,1750059000000000000,2025-06-16 07:30:00+00:00,1750079220000000000,2025-06-16 13:07:00+00:00,20220000000000.0,1.15818,1.1596,['4.64 USD'],-0.00123,-146.64 USD,True
BACKTESTER-001,MLSignalStrategyV2-V2,EUR/USD.IDEALPRO,IDEALPRO-001,O-20250616-141500-001-V2-2884,O-20250616-141500-001-V2-2886,SELL,FLAT,0.00,100000.00,1750083300000000000,2025-06-16 14:15:00+00:00,1750085220000000000,2025-06-16 14:47:00+00:00,1920000000000.0,1.16095,1.15915,['4.64 USD'],0.00155,175.36 USD,True
BACKTESTER-001,MLSignalStrategyV2-V2,EUR/USD.IDEALPRO,IDEALPRO-001,O-20250616-150000-001-V2-2887,O-20250616-150000-001-V2-2889,SELL,FLAT,0.00,100000.00,1750086000000000000,2025-06-16 15:00:00+00:00,1750093860000000000,2025-06-16 17:11:00+00:00,7860000000000.0,1.15915,1.15739,['4.63 USD'],0.00152,171.37 USD,True
BACKTESTER-001,MLSignalStrategyV2-V2,EUR/USD.IDEALPRO,IDEALPRO-001,O-20250616-171500-001-V2-2890,O-20250616-171500-001-V2-2892,SELL,FLAT,0.00,100000.00,1750094100000000000,2025-06-16 17:15:00+00:00,1750102920000000000,2025-06-16 19:42:00+00:00,8820000000000.0,1.15757,1.15607,['4.63 USD'],0.0013,145.37 USD,True
BACKTESTER-001,MLSignalStrategyV2-V2,EUR/USD.IDEALPRO,IDEALPRO-001,O-20250616-200000-001-V2-2893,O-20250616-200000-001-V2-2895,BUY,FLAT,0.00,100000.00,1750104000000000000,2025-06-16 20:00:00+00:00,1750108560000000000,2025-06-16 21:16:00+00:00,4560000000000.0,1.15557,1.15666,['4.62 USD'],0.00094,104.38 USD,True
BACKTESTER-001,MLSignalStrategyV2-V2,EUR/USD.IDEALPRO,IDEALPRO-001,O-20250616-224500-001-V2-2896,O-20250616-224500-001-V2-2897,BUY,FLAT,0.00,100000.00,1750113900000000000,2025-06-16 22:45:00+00:00,1750118160000000000,2025-06-16 23:56:00+00:00,4260000000000.0,1.15569,1.15508,['4.62 USD'],-0.00053,-65.62 USD,True
BACKTESTER-001,MLSignalStrategyV2-V2,EUR/USD.IDEALPRO,IDEALPRO-001,O-20250617-000000-001-V2-2899,O-20250617-000000-001-V2-2901,SELL,FLAT,0.00,100000.00,1750118400000000000,2025-06-17 00:00:00+00:00,1750119720000000000,2025-06-17 00:22:00+00:00,1320000000000.0,1.15538,1.15455,['4.62 USD'],0.00072,78.38 USD,True
BACKTESTER-001,MLSignalStrategyV2-V2,EUR/USD.IDEALPRO,IDEALPRO-001,O-20250617-010000-001-V2-2902,O-20250617-010000-001-V2-2903,SELL,FLAT,0.00,100000.00,1750122000000000000,2025-06-17 01:00:00+00:00,1750123140000000000,2025-06-17 01:19:00+00:00,1140000000000.0,1.15499,1.15569,['4.62 USD'],-0.00061,-74.62 USD,True
BACKTESTER-001,MLSignalStrategyV2-V2,EUR/USD.IDEALPRO,IDEALPRO-001,O-20250617-013000-001-V2-2905,O-20250617-013000-001-V2-2906,SELL,FLAT,0.00,100000.00,1750123800000000000,2025-06-17 01:30:00+00:00,1750125060000000000,2025-06-17 01:51:00+00:00,1260000000000.0,1.1552,1.15579,['4.62 USD'],-0.00051,-63.62 USD,True
BACKTESTER-001,MLSignalStrategyV2-V2,EUR/USD.IDEALPRO,IDEALPRO-001,O-20250617-021500-001-V2-2908,O-20250617-021500-001-V2-2909,SELL,FLAT,0.00,100000.00,1750126500000000000,2025-06-17 02:15:00+00:00,1750128780000000000,2025-06-17 02:53:00+00:00,2280000000000.0,1.15501,1.15568,['4.62 USD'],-0.00058,-71.62 USD,True
BACKTESTER-001,MLSignalStrategyV2-V2,EUR/USD.IDEALPRO,IDEALPRO-001,O-20250617-094500-001-V2-2911,O-20250617-094500-001-V2-2913,BUY,FLAT,0.00,100000.00,1750153500000000000,2025-06-17 09:45:00+00:00,1750158120000000000,2025-06-17 11:02:00+00:00,4620000000000.0,1.1558,1.15698,['4.62 USD'],0.00102,113.38 USD,True
BACKTESTER-001,MLSignalStrategyV2-V2,EUR/USD.IDEALPRO,IDEALPRO-001,O-20250617-160000-001-V2-2914,O-20250617-160000-001-V2-2915,BUY,FLAT,0.00,100000.00,1750176000000000000,2025-06-17 16:00:00+00:00,1750178520000000000,2025-06-17 16:42:00+00:00,2520000000000.0,1.15341,1.15191,['4.61 USD'],-0.0013,-154.61 USD,True
BACKTESTER-001,MLSignalStrategyV2-V2,EUR/USD.IDEALPRO,IDEALPRO-001,O-20250617-164500-001-V2-2917,O-20250617-164500-001-V2-2918,BUY,FLAT,0.00,100000.00,1750178700000000000,2025-06-17 16:45:00+00:00,1750179000000000000,2025-06-17 16:50:00+00:00,300000000000.0,1.15206,1.15062,['4.60 USD'],-0.00125,-148.60 USD,True
BACKTESTER-001,MLSignalStrategyV2-V2,EUR/USD.IDEALPRO,IDEALPRO-001,O-20250617-171500-001-V2-2920,O-20250617-171500-001-V2-2921,BUY,FLAT,0.00,100000.00,1750180500000000000,2025-06-17 17:15:00+00:00,1750182360000000000,2025-06-17 17:46:00+00:00,1860000000000.0,1.14975,1.14829,['4.60 USD'],-0.00127,-150.60 USD,True
BACKTESTER-001,MLSignalStrategyV2-V2,EUR/USD.IDEALPRO,IDEALPRO-001,O-20250617-200000-001-V2-2923,O-20250617-200000-001-V2-2924,BUY,FLAT,0.00,100000.00,1750190400000000000,2025-06-17 20:00:00+00:00,1750191300000000000,2025-06-17 20:15:00+00:00,900000000000.0,1.14848,1.14755,['4.60 USD'],-0.00081,-97.60 USD,True
BACKTESTER-001,MLSignalStrategyV2-V2,EUR/USD.IDEALPRO,IDEALPRO-001,O-20250617-201500-001-V2-2926,O-20250617-201500-001-V2-2928,BUY,FLAT,0.00,100000.00,1750191300000000000,2025-06-17 20:15:00+00:00,1750205280000000000,2025-06-18 00:08:00+00:00,13980000000000.0,1.1476,1.14911,['4.60 USD'],0.00132,146.40 USD,True
BACKTESTER-001,MLSignalStrategyV2-V2,EUR/USD.IDEALPRO,IDEALPRO-001,O-20250618-041500-001-V2-2929,O-20250618-041500-001-V2-2931,BUY,FLAT,0.00,100000.00,1750220100000000000,2025-06-18 04:15:00+00:00,1750222620000000000,2025-06-18 04:57:00+00:00,2520000000000.0,1.15001,1.15081,['4.60 USD'],0.0007,75.40 USD,True
BACKTESTER-001,MLSignalStrategyV2-V2,EUR/USD.IDEALPRO,IDEALPRO-001,O-20250618-071500-001-V2-2932,O-20250618-071500-001-V2-2934,SELL,FLAT,0.00,100000.00,1750230900000000000,2025-06-18 07:15:00+00:00,1750234560000000000,2025-06-18 08:16:00+00:00,3660000000000.0,1.15182,1.15075,['4.60 USD'],0.00093,102.40 USD,True
BACKTESTER-001,MLSignalStrategyV2-V2,EUR/USD.IDEALPRO,IDEALPRO-001,O-20250618-101500-001-V2-2935,O-20250618-101500-001-V2-2936,BUY,FLAT,0.00,100000.00,1750241700000000000,2025-06-18 10:15:00+00:00,1750244040000000000,2025-06-18 10:54:00+00:00,2340000000000.0,1.15064,1.14973,['4.60 USD'],-0.00079,-95.60 USD,True
BACKTESTER-001,MLSignalStrategyV2-V2,EUR/USD.IDEALPRO,IDEALPRO-001,O-20250618-111500-001-V2-2938,O-20250618-111500-001-V2-2940,BUY,FLAT,0.00,100000.00,1750245300000000000,2025-06-18 11:15:00+00:00,1750248780000000000,2025-06-18 12:13:00+00:00,3480000000000.0,1.14994,1.15124,['4.60 USD'],0.00113,125.40 USD,True
BACKTESTER-001,MLSignalStrategyV2-V2,EUR/USD.IDEALPRO,IDEALPRO-001,O-20250618-201500-001-V2-2941,O-20250618-201500-001-V2-2942,BUY,FLAT,0.00,100000.00,1750277700000000000,2025-06-18 20:15:00+00:00,1750298280000000000,2025-06-19 01:58:00+00:00,20580000000000.0,1.1477,1.14539,['4.59 USD'],-0.00201,-235.59 USD,True
BACKTESTER-001,MLSignalStrategyV2-V2,EUR/USD.IDEALPRO,IDEALPRO-001,O-20250619-034500-001-V2-2944,O-20250619-034500-001-V2-2945,BUY,FLAT,0.00,100000.00,1750304700000000000,2025-06-19 03:45:00+00:00,1750312140000000000,2025-06-19 05:49:00+00:00,7440000000000.0,1.14641,1.14556,['4.58 USD'],-0.00074,-89.58 USD,True
BACKTESTER-001,MLSignalStrategyV2-V2,EUR/USD.IDEALPRO,IDEALPRO-001,O-20250619-060000-001-V2-2947,O-20250619-060000-001-V2-2948,BUY,FLAT,0.00,100000.00,1750312800000000000,2025-06-19 06:00:00+00:00,1750313340000000000,2025-06-19 06:09:00+00:00,540000000000.0,1.14566,1.14505,['4.58 USD'],-0.00053,-65.58 USD,True
BACKTESTER-001,MLSignalStrategyV2-V2,EUR/USD.IDEALPRO,IDEALPRO-001,O-20250619-061500-001-V2-2950,O-20250619-061500-001-V2-2951,SELL,FLAT,0.00,100000.00,1750313700000000000,2025-06-19 06:15:00+00:00,1750315740000000000,2025-06-19 06:49:00+00:00,2040000000000.0,1.14554,1.1462,['4.58 USD'],-0.00058,-70.58 USD,True
BACKTESTER-001,MLSignalStrategyV2-V2,EUR/USD.IDEALPRO,IDEALPRO-001,O-20250619-133000-001-V2-2953,O-20250619-133000-001-V2-2954,BUY,FLAT,0.00,100000.00,1750339800000000000,2025-06-19 13:30:00+00:00,1750340280000000000,2025-06-19 13:38:00+00:00,480000000000.0,1.14799,1.14718,['4.59 USD'],-0.00071,-85.59 USD,True
BACKTESTER-001,MLSignalStrategyV2-V2,EUR/USD.IDEALPRO,IDEALPRO-001,O-20250619-180000-001-V2-2956,O-20250619-180000-001-V2-2958,BUY,FLAT,0.00,100000.00,1750356000000000000,2025-06-19 18:00:00+00:00,1750360320000000000,2025-06-19 19:12:00+00:00,4320000000000.0,1.14791,1.14917,['4.60 USD'],0.0011,121.40 USD,True
BACKTESTER-001,MLSignalStrategyV2-V2,EUR/USD.IDEALPRO,IDEALPRO-001,O-20250619-194500-001-V2-2959,O-20250619-194500-001-V2-2960,SELL,FLAT,0.00,100000.00,1750362300000000000,2025-06-19 19:45:00+00:00,1750375020000000000,2025-06-19 23:17:00+00:00,12720000000000.0,1.14968,1.15044,['4.60 USD'],-0.00066,-80.60 USD,True
BACKTESTER-001,MLSignalStrategyV2-V2,EUR/USD.IDEALPRO,IDEALPRO-001,O-20250620-030000-001-V2-2962,O-20250620-030000-001-V2-2964,BUY,FLAT,0.00,100000.00,1750388400000000000,2025-06-20 03:00:00+00:00,1750391280000000000,2025-06-20 03:48:00+00:00,2880000000000.0,1.15182,1.15287,['4.61 USD'],0.00091,100.39 USD,True
BACKTESTER-001,MLSignalStrategyV2-V2,EUR/USD.IDEALPRO,IDEALPRO-001,O-20250620-054500-001-V2-2965,O-20250620-054500-001-V2-2966,SELL,FLAT,0.00,100000.00,1750398300000000000,2025-06-20 05:45:00+00:00,1750399200000000000,2025-06-20 06:00:00+00:00,900000000000.0,1.15236,1.15293,['4.61 USD'],-0.00049,-61.61 USD,True
BACKTESTER-001,MLSignalStrategyV2-V2,EUR/USD.IDEALPRO,IDEALPRO-001,O-20250620-074500-001-V2-2968,O-20250620-074500-001-V2-2969,SELL,FLAT,0.00,100000.00,1750405500000000000,2025-06-20 07:45:00+00:00,1750409100000000000,2025-06-20 08:45:00+00:00,3600000000000.0,1.1513,1.15197,['4.60 USD'],-0.00058,-71.60 USD,True
BACKTESTER-001,MLSignalStrategyV2-V2,EUR/USD.IDEALPRO,IDEALPRO-001,O-20250620-153000-001-V2-2971,O-20250620-153000-001-V2-2973,BUY,FLAT,0.00,100000.00,1750433400000000000,2025-06-20 15:30:00+00:00,1750439880000000000,2025-06-20 17:18:00+00:00,6480000000000.0,1.15227,1.1541,['4.61 USD'],0.00159,178.39 USD,True
BACKTESTER-001,MLSignalStrategyV2-V2,EUR/USD.IDEALPRO,IDEALPRO-001,O-20250622-213000-001-V2-2974,O-20250622-213000-001-V2-2976,BUY,FLAT,0.00,100000.00,1750627800000000000,2025-06-22 21:30:00+00:00,1750629720000000000,2025-06-22 22:02:00+00:00,1920000000000.0,1.1472,1.14889,['4.59 USD'],0.00147,164.41 USD,True
BACKTESTER-001,MLSignalStrategyV2-V2,EUR/USD.IDEALPRO,IDEALPRO-001,O-20250622-221500-001-V2-2977,O-20250622-221500-001-V2-2979,BUY,FLAT,0.00,100000.00,1750630500000000000,2025-06-22 22:15:00+00:00,1750635180000000000,2025-06-22 23:33:00+00:00,4680000000000.0,1.14868,1.15054,['4.60 USD'],0.00162,181.40 USD,True
BACKTESTER-001,MLSignalStrategyV2-V2,EUR/USD.IDEALPRO,IDEALPRO-001,O-20250622-234500-001-V2-2980,O-20250622-234500-001-V2-2981,BUY,FLAT,0.00,100000.00,1750635900000000000,2025-06-22 23:45:00+00:00,1750637220000000000,2025-06-23 00:07:00+00:00,1320000000000.0,1.15032,1.14929,['4.60 USD'],-0.0009,-107.60 USD,True
BACKTESTER-001,MLSignalStrategyV2-V2,EUR/USD.IDEALPRO,IDEALPRO-001,O-20250623-050000-001-V2-2983,O-20250623-050000-001-V2-2985,BUY,FLAT,0.00,100000.00,1750654800000000000,2025-06-23 05:00:00+00:00,1750656120000000000,2025-06-23 05:22:00+00:00,1320000000000.0,1.14907,1.15027,['4.60 USD'],0.00104,115.40 USD,True
BACKTESTER-001,MLSignalStrategyV2-V2,EUR/USD.IDEALPRO,IDEALPRO-001,O-20250623-060000-001-V2-2986,O-20250623-060000-001-V2-2987,BUY,FLAT,0.00,100000.00,1750658400000000000,2025-06-23 06:00:00+00:00,1750659000000000000,2025-06-23 06:10:00+00:00,600000000000.0,1.15133,1.15058,['4.60 USD'],-0.00065,-79.60 USD,True
BACKTESTER-001,MLSignalStrategyV2-V2,EUR/USD.IDEALPRO,IDEALPRO-001,O-20250623-061500-001-V2-2989,O-20250623-061500-001-V2-2990,BUY,FLAT,0.00,100000.00,1750659300000000000,2025-06-23 06:15:00+00:00,1750662900000000000,2025-06-23 07:15:00+00:00,3600000000000.0,1.15075,1.14989,['4.60 USD'],-0.00075,-90.60 USD,True
BACKTESTER-001,MLSignalStrategyV2-V2,EUR/USD.IDEALPRO,IDEALPRO-001,O-20250623-083000-001-V2-2992,O-20250623-083000-001-V2-2993,BUY,FLAT,0.00,100000.00,1750667400000000000,2025-06-23 08:30:00+00:00,1750668420000000000,2025-06-23 08:47:00+00:00,1020000000000.0,1.14949,1.14837,['4.60 USD'],-0.00097,-116.60 USD,True
BACKTESTER-001,MLSignalStrategyV2-V2,EUR/USD.IDEALPRO,IDEALPRO-001,O-20250623-101500-001-V2-2995,O-20250623-101500-001-V2-2996,BUY,FLAT,0.00,100000.00,1750673700000000000,2025-06-23 10:15:00+00:00,1750675020000000000,2025-06-23 10:37:00+00:00,1320000000000.0,1.14758,1.14631,['4.59 USD'],-0.00111,-131.59 USD,True
BACKTESTER-001,MLSignalStrategyV2-V2,EUR/USD.IDEALPRO,IDEALPRO-001,O-20250623-104500-001-V2-2998,O-20250623-104500-001-V2-3000,BUY,FLAT,0.00,100000.00,1750675500000000000,2025-06-23 10:45:00+00:00,1750686000000000000,2025-06-23 13:40:00+00:00,10500000000000.0,1.14667,1.14857,['4.59 USD'],0.00166,185.41 USD,True
BACKTESTER-001,MLSignalStrategyV2-V2,EUR/USD.IDEALPRO,IDEALPRO-001,O-20250623-143000-001-V2-3001,O-20250623-143000-001-V2-3002,SELL,FLAT,0.00,100000.00,1750689000000000000,2025-06-23 14:30:00+00:00,1750692000000000000,2025-06-23 15:20:00+00:00,3000000000000.0,1.153,1.15451,['4.62 USD'],-0.00131,-155.62 USD,True
BACKTESTER-001,MLSignalStrategyV2-V2,EUR/USD.IDEALPRO,IDEALPRO-001,O-20250623-191500-001-V2-3004,O-20250623-191500-001-V2-3006,BUY,FLAT,0.00,100000.00,1750706100000000000,2025-06-23 19:15:00+00:00,1750716420000000000,2025-06-23 22:07:00+00:00,10320000000000.0,1.15768,1.15953,['4.64 USD'],0.0016,180.36 USD,True
BACKTESTER-001,MLSignalStrategyV2-V2,EUR/USD.IDEALPRO,IDEALPRO-001,O-20250623-223000-001-V2-3007,O-20250623-223000-001-V2-3009,SELL,FLAT,0.00,100000.00,1750717800000000000,2025-06-23 22:30:00+00:00,1750718700000000000,2025-06-23 22:45:00+00:00,900000000000.0,1.16003,1.15888,['4.64 USD'],0.00099,110.36 USD,True
BACKTESTER-001,MLSignalStrategyV2-V2,EUR/USD.IDEALPRO,IDEALPRO-001,O-20250624-004500-001-V2-3010,O-20250624-004500-001-V2-3011,BUY,FLAT,0.00,100000.00,1750725900000000000,2025-06-24 00:45:00+00:00,1750726260000000000,2025-06-24 00:51:00+00:00,360000000000.0,1.16041,1.15897,['4.64 USD'],-0.00124,-148.64 USD,True
BACKTESTER-001,MLSignalStrategyV2-V2,EUR/USD.IDEALPRO,IDEALPRO-001,O-20250624-010000-001-V2-3013,O-20250624-010000-001-V2-3014,BUY,FLAT,0.00,100000.00,1750726800000000000,2025-06-24 01:00:00+00:00,1750730580000000000,2025-06-24 02:03:00+00:00,3780000000000.0,1.15993,1.15897,['4.64 USD'],-0.00083,-100.64 USD,True
BACKTESTER-001,MLSignalStrategyV2-V2,EUR/USD.IDEALPRO,IDEALPRO-001,O-20250624-041500-001-V2-3016,O-20250624-041500-001-V2-3018,BUY,FLAT,0.00,100000.00,1750738500000000000,2025-06-24 04:15:00+00:00,1750740780000000000,2025-06-24 04:53:00+00:00,2280000000000.0,1.16042,1.16141,['4.64 USD'],0.00085,94.36 USD,True
BACKTESTER-001,MLSignalStrategyV2-V2,EUR/USD.IDEALPRO,IDEALPRO-001,O-20250624-074500-001-V2-3019,O-20250624-074500-001-V2-3020,BUY,FLAT,0.00,100000.00,1750751100000000000,2025-06-24 07:45:00+00:00,1750751640000000000,2025-06-24 07:54:00+00:00,540000000000.0,1.15978,1.15801,['4.64 USD'],-0.00153,-181.64 USD,True
BACKTESTER-001,MLSignalStrategyV2-V2,EUR/USD.IDEALPRO,IDEALPRO-001,O-20250624-080000-001-V2-3022,O-20250624-080000-001-V2-3024,BUY,FLAT,0.00,100000.00,1750752000000000000,2025-06-24 08:00:00+00:00,1750757100000000000,2025-06-24 09:25:00+00:00,5100000000000.0,1.15916,1.1612,['4.64 USD'],0.00176,199.36 USD,True
BACKTESTER-001,MLSignalStrategyV2-V2,EUR/USD.IDEALPRO,IDEALPRO-001,O-20250624-171500-001-V2-3025,O-20250624-171500-001-V2-3027,SELL,FLAT,0.00,100000.00,1750785300000000000,2025-06-24 17:15:00+00:00,1750796520000000000,2025-06-24 20:22:00+00:00,11220000000000.0,1.16254,1.1609,['4.65 USD'],0.00141,159.35 USD,True
BACKTESTER-001,MLSignalStrategyV2-V2,EUR/USD.IDEALPRO,IDEALPRO-001,O-20250624-220000-001-V2-3028,O-20250624-220000-001-V2-3029,SELL,FLAT,0.00,100000.00,1750802400000000000,2025-06-24 22:00:00+00:00,1750809720000000000,2025-06-25 00:02:00+00:00,7320000000000.0,1.16104,1.16166,['4.64 USD'],-0.00053,-66.64 USD,True
BACKTESTER-001,MLSignalStrategyV2-V2,EUR/USD.IDEALPRO,IDEALPRO-001,O-20250625-023000-001-V2-3031,O-20250625-023000-001-V2-3033,SELL,FLAT,0.00,100000.00,1750818600000000000,2025-06-25 02:30:00+00:00,1750823520000000000,2025-06-25 03:52:00+00:00,4920000000000.0,1.16246,1.16141,['4.64 USD'],0.0009,100.36 USD,True
BACKTESTER-001,MLSignalStrategyV2-V2,EUR/USD.IDEALPRO,IDEALPRO-001,O-20250625-044500-001-V2-3034,O-20250625-044500-001-V2-3035,SELL,FLAT,0.00,100000.00,1750826700000000000,2025-06-25 04:45:00+00:00,1750830300000000000,2025-06-25 05:45:00+00:00,3600000000000.0,1.16138,1.1619,['4.64 USD'],-0.00045,-56.64 USD,True
BACKTESTER-001,MLSignalStrategyV2-V2,EUR/USD.IDEALPRO,IDEALPRO-001,O-20250625-074500-001-V2-3037,O-20250625-074500-001-V2-3038,BUY,FLAT,0.00,100000.00,1750837500000000000,2025-06-25 07:45:00+00:00,1750837920000000000,2025-06-25 07:52:00+00:00,420000000000.0,1.16078,1.15974,['4.64 USD'],-0.0009,-108.64 USD,True
BACKTESTER-001,MLSignalStrategyV2-V2,EUR/USD.IDEALPRO,IDEALPRO-001,O-20250625-080000-001-V2-3040,O-20250625-080000-001-V2-3042,BUY,FLAT,0.00,100000.00,1750838400000000000,2025-06-25 08:00:00+00:00,1750841520000000000,2025-06-25 08:52:00+00:00,3120000000000.0,1.1599,1.16109,['4.64 USD'],0.00103,114.36 USD,True
BACKTESTER-001,MLSignalStrategyV2-V2,EUR/USD.IDEALPRO,IDEALPRO-001,O-20250625-101500-001-V2-3043,O-20250625-101500-001-V2-3044,SELL,FLAT,0.00,100000.00,1750846500000000000,2025-06-25 10:15:00+00:00,1750847340000000000,2025-06-25 10:29:00+00:00,840000000000.0,1.16003,1.16079,['4.64 USD'],-0.00066,-80.64 USD,True
BACKTESTER-001,MLSignalStrategyV2-V2,EUR/USD.IDEALPRO,IDEALPRO-001,O-20250625-103000-001-V2-3046,O-20250625-103000-001-V2-3048,SELL,FLAT,0.00,100000.00,1750847400000000000,2025-06-25 10:30:00+00:00,1750854600000000000,2025-06-25 12:30:00+00:00,7200000000000.0,1.16076,1.15955,['4.64 USD'],0.00104,116.36 USD,True
BACKTESTER-001,MLSignalStrategyV2-V2,EUR/USD.IDEALPRO,IDEALPRO-001,O-20250625-141500-001-V2-3049,O-20250625-141500-001-V2-3051,BUY,FLAT,0.00,100000.00,1750860900000000000,2025-06-25 14:15:00+00:00,1750862280000000000,2025-06-25 14:38:00+00:00,1380000000000.0,1.16067,1.16199,['4.64 USD'],0.00114,127.36 USD,True
BACKTESTER-001,MLSignalStrategyV2-V2,EUR/USD.IDEALPRO,IDEALPRO-001,O-20250625-160000-001-V2-3052,O-20250625-160000-001-V2-3054,BUY,FLAT,0.00,100000.00,1750867200000000000,2025-06-25 16:00:00+00:00,1750867740000000000,2025-06-25 16:09:00+00:00,540000000000.0,1.16199,1.16331,['4.65 USD'],0.00114,127.35 USD,True
BACKTESTER-001,MLSignalStrategyV2-V2,EUR/USD.IDEALPRO,IDEALPRO-001,O-20250625-201500-001-V2-3055,O-20250625-201500-001-V2-3057,BUY,FLAT,0.00,100000.00,1750882500000000000,2025-06-25 20:15:00+00:00,1750892580000000000,2025-06-25 23:03:00+00:00,10080000000000.0,1.16559,1.16697,['4.66 USD'],0.00118,133.34 USD,True
BACKTESTER-001,MLSignalStrategyV2-V2,EUR/USD.IDEALPRO,IDEALPRO-001,O-20250625-234500-001-V2-3058,O-20250625-234500-001-V2-3059,SELL,FLAT,0.00,100000.00,1750895100000000000,2025-06-25 23:45:00+00:00,1750895580000000000,2025-06-25 23:53:00+00:00,480000000000.0,1.16772,1.16833,['4.68 USD'],-0.00052,-65.68 USD,True
BACKTESTER-001,MLSignalStrategyV2-V2,EUR/USD.IDEALPRO,IDEALPRO-001,O-20250626-000000-001-V2-3061,O-20250626-000000-001-V2-3063,SELL,FLAT,0.00,100000.00,1750896000000000000,2025-06-26 00:00:00+00:00,1750900680000000000,2025-06-26 01:18:00+00:00,4680000000000.0,1.16834,1.16733,['4.67 USD'],0.00086,96.33 USD,True
BACKTESTER-001,MLSignalStrategyV2-V2,EUR/USD.IDEALPRO,IDEALPRO-001,O-20250626-033000-001-V2-3064,O-20250626-033000-001-V2-3066,SELL,FLAT,0.00,100000.00,1750908600000000000,2025-06-26 03:30:00+00:00,1750913820000000000,2025-06-26 04:57:00+00:00,5220000000000.0,1.1695,1.16797,['4.68 USD'],0.00131,148.32 USD,True
BACKTESTER-001,MLSignalStrategyV2-V2,EUR/USD.IDEALPRO,IDEALPRO-001,O-20250626-063000-001-V2-3067,O-20250626-063000-001-V2-3068,SELL,FLAT,0.00,100000.00,1750919400000000000,2025-06-26 06:30:00+00:00,1750920180000000000,2025-06-26 06:43:00+00:00,780000000000.0,1.16776,1.16867,['4.68 USD'],-0.00078,-95.68 USD,True
BACKTESTER-001,MLSignalStrategyV2-V2,EUR/USD.IDEALPRO,IDEALPRO-001,O-20250626-090000-001-V2-3070,O-20250626-090000-001-V2-3072,SELL,FLAT,0.00,100000.00,1750928400000000000,2025-06-26 09:00:00+00:00,1750936080000000000,2025-06-26 11:08:00+00:00,7680000000000.0,1.17278,1.17076,['4.69 USD'],0.00172,197.31 USD,True
BACKTESTER-001,MLSignalStrategyV2-V2,EUR/USD.IDEALPRO,IDEALPRO-001,O-20250626-151500-001-V2-3073,O-20250626-151500-001-V2-3074,SELL,FLAT,0.00,100000.00,1750950900000000000,2025-06-26 15:15:00+00:00,1750952460000000000,2025-06-26 15:41:00+00:00,1560000000000.0,1.16992,1.17119,['4.68 USD'],-0.00109,-131.68 USD,True
BACKTESTER-001,MLSignalStrategyV2-V2,EUR/USD.IDEALPRO,IDEALPRO-001,O-20250626-180000-001-V2-3076,O-20250626-180000-001-V2-3078,SELL,FLAT,0.00,100000.00,1750960800000000000,2025-06-26 18:00:00+00:00,1750965060000000000,2025-06-26 19:11:00+00:00,4260000000000.0,1.17247,1.17057,['4.68 USD'],0.00162,185.32 USD,True
BACKTESTER-001,MLSignalStrategyV2-V2,EUR/USD.IDEALPRO,IDEALPRO-001,O-20250626-213000-001-V2-3079,O-20250626-213000-001-V2-3080,BUY,FLAT,0.00,100000.00,1750973400000000000,2025-06-26 21:30:00+00:00,1750977480000000000,2025-06-26 22:38:00+00:00,4080000000000.0,1.1697,1.16834,['4.68 USD'],-0.00116,-140.68 USD,True
BACKTESTER-001,MLSignalStrategyV2-V2,EUR/USD.IDEALPRO,IDEALPRO-001,O-20250626-230000-001-V2-3082,O-20250626-230000-001-V2-3084,BUY,FLAT,0.00,100000.00,1750978800000000000,2025-06-26 23:00:00+00:00,1750980960000000000,2025-06-26 23:36:00+00:00,2160000000000.0,1.16831,1.16963,['4.68 USD'],0.00113,127.32 USD,True
BACKTESTER-001,MLSignalStrategyV2-V2,EUR/USD.IDEALPRO,IDEALPRO-001,O-20250627-010000-001-V2-3085,O-20250627-010000-001-V2-3086,SELL,FLAT,0.00,100000.00,1750986000000000000,2025-06-27 01:00:00+00:00,1750989120000000000,2025-06-27 01:52:00+00:00,3120000000000.0,1.16918,1.17023,['4.68 USD'],-0.0009,-109.68 USD,True
BACKTESTER-001,MLSignalStrategyV2-V2,EUR/USD.IDEALPRO,IDEALPRO-001,O-20250627-034500-001-V2-3088,O-20250627-034500-001-V2-3090,SELL,FLAT,0.00,100000.00,1750995900000000000,2025-06-27 03:45:00+00:00,1750996860000000000,2025-06-27 04:01:00+00:00,960000000000.0,1.17051,1.1694,['4.68 USD'],0.00095,106.32 USD,True
BACKTESTER-001,MLSignalStrategyV2-V2,EUR/USD.IDEALPRO,IDEALPRO-001,O-20250627-041500-001-V2-3091,O-20250627-041500-001-V2-3092,BUY,FLAT,0.00,100000.00,1750997700000000000,2025-06-27 04:15:00+00:00,1750999920000000000,2025-06-27 04:52:00+00:00,2220000000000.0,1.16952,1.16877,['4.68 USD'],-0.00064,-79.68 USD,True
BACKTESTER-001,MLSignalStrategyV2-V2,EUR/USD.IDEALPRO,IDEALPRO-001,O-20250627-050000-001-V2-3094,O-20250627-050000-001-V2-3096,BUY,FLAT,0.00,100000.00,1751000400000000000,2025-06-27 05:00:00+00:00,1751005140000000000,2025-06-27 06:19:00+00:00,4740000000000.0,1.16851,1.16958,['4.68 USD'],0.00092,102.32 USD,True
BACKTESTER-001,MLSignalStrategyV2-V2,EUR/USD.IDEALPRO,IDEALPRO-001,O-20250627-073000-001-V2-3097,O-20250627-073000-001-V2-3098,BUY,FLAT,0.00,100000.00,1751009400000000000,2025-06-27 07:30:00+00:00,1751015220000000000,2025-06-27 09:07:00+00:00,5820000000000.0,1.17125,1.17016,['4.68 USD'],-0.00093,-113.68 USD,True
BACKTESTER-001,MLSignalStrategyV2-V2,EUR/USD.IDEALPRO,IDEALPRO-001,O-20250627-104500-001-V2-3100,O-20250627-104500-001-V2-3102,BUY,FLAT,0.00,100000.00,1751021100000000000,2025-06-27 10:45:00+00:00,1751022120000000000,2025-06-27 11:02:00+00:00,1020000000000.0,1.17043,1.17162,['4.68 USD'],0.00102,114.32 USD,True
BACKTESTER-001,MLSignalStrategyV2-V2,EUR/USD.IDEALPRO,IDEALPRO-001,O-20250627-131500-001-V2-3103,O-20250627-131500-001-V2-3105,SELL,FLAT,0.00,100000.00,1751030100000000000,2025-06-27 13:15:00+00:00,1751031120000000000,2025-06-27 13:32:00+00:00,1020000000000.0,1.17369,1.17165,['4.69 USD'],0.00174,199.31 USD,True
BACKTESTER-001,MLSignalStrategyV2-V2,EUR/USD.IDEALPRO,IDEALPRO-001,O-20250627-134500-001-V2-3106,O-20250627-134500-001-V2-3108,SELL,FLAT,0.00,100000.00,1751031900000000000,2025-06-27 13:45:00+00:00,1751035680000000000,2025-06-27 14:48:00+00:00,3780000000000.0,1.17278,1.17055,['4.69 USD'],0.0019,218.31 USD,True
BACKTESTER-001,MLSignalStrategyV2-V2,EUR/USD.IDEALPRO,IDEALPRO-001,O-20250627-150000-001-V2-3109,O-20250627-150000-001-V2-3110,SELL,FLAT,0.00,100000.00,1751036400000000000,2025-06-27 15:00:00+00:00,1751040840000000000,2025-06-27 16:14:00+00:00,4440000000000.0,1.17185,1.17326,['4.69 USD'],-0.0012,-145.69 USD,True
BACKTESTER-001,MLSignalStrategyV2-V2,EUR/USD.IDEALPRO,IDEALPRO-001,O-20250627-164500-001-V2-3112,O-20250627-164500-001-V2-3114,SELL,FLAT,0.00,100000.00,1751042700000000000,2025-06-27 16:45:00+00:00,1751046240000000000,2025-06-27 17:44:00+00:00,3540000000000.0,1.17234,1.17057,['4.68 USD'],0.00151,172.32 USD,True
BACKTESTER-001,MLSignalStrategyV2-V2,EUR/USD.IDEALPRO,IDEALPRO-001,O-20250627-201500-001-V2-3115,O-20250627-201500-001-V2-3117,BUY,FLAT,0.00,100000.00,1751055300000000000,2025-06-27 20:15:00+00:00,1751231760000000000,2025-06-29 21:16:00+00:00,176460000000000.0,1.17115,1.17275,['4.69 USD'],0.00137,155.31 USD,True
BACKTESTER-001,MLSignalStrategyV2-V2,EUR/USD.IDEALPRO,IDEALPRO-001,O-20250629-213000-001-V2-3118,O-20250629-213000-001-V2-3120,BUY,FLAT,0.00,100000.00,1751232600000000000,2025-06-29 21:30:00+00:00,1751239140000000000,2025-06-29 23:19:00+00:00,6540000000000.0,1.17259,1.17387,['4.70 USD'],0.00109,123.30 USD,True
BACKTESTER-001,MLSignalStrategyV2-V2,EUR/USD.IDEALPRO,IDEALPRO-001,O-20250629-233000-001-V2-3121,O-20250629-233000-001-V2-3123,SELL,FLAT,0.00,100000.00,1751239800000000000,2025-06-29 23:30:00+00:00,1751243580000000000,2025-06-30 00:33:00+00:00,3780000000000.0,1.17327,1.1722,['4.69 USD'],0.00091,102.31 USD,True
BACKTESTER-001,MLSignalStrategyV2-V2,EUR/USD.IDEALPRO,IDEALPRO-001,O-20250630-021500-001-V2-3124,O-20250630-021500-001-V2-3125,BUY,FLAT,0.00,100000.00,1751249700000000000,2025-06-30 02:15:00+00:00,1751254620000000000,2025-06-30 03:37:00+00:00,4920000000000.0,1.1721,1.17123,['4.68 USD'],-0.00074,-91.68 USD,True
BACKTESTER-001,MLSignalStrategyV2-V2,EUR/USD.IDEALPRO,IDEALPRO-001,O-20250630-050000-001-V2-3127,O-20250630-050000-001-V2-3128,BUY,FLAT,0.00,100000.00,1751259600000000000,2025-06-30 05:00:00+00:00,1751263200000000000,2025-06-30 06:00:00+00:00,3600000000000.0,1.17305,1.17233,['4.69 USD'],-0.00061,-76.69 USD,True
BACKTESTER-001,MLSignalStrategyV2-V2,EUR/USD.IDEALPRO,IDEALPRO-001,O-20250630-070000-001-V2-3130,O-20250630-070000-001-V2-3131,BUY,FLAT,0.00,100000.00,1751266800000000000,2025-06-30 07:00:00+00:00,1751267100000000000,2025-06-30 07:05:00+00:00,300000000000.0,1.17434,1.17334,['4.70 USD'],-0.00085,-104.70 USD,True
BACKTESTER-001,MLSignalStrategyV2-V2,EUR/USD.IDEALPRO,IDEALPRO-001,O-20250630-071500-001-V2-3133,O-20250630-071500-001-V2-3135,SELL,FLAT,0.00,100000.00,1751267700000000000,2025-06-30 07:15:00+00:00,1751270460000000000,2025-06-30 08:01:00+00:00,2760000000000.0,1.17382,1.17188,['4.69 USD'],0.00165,189.31 USD,True
BACKTESTER-001,MLSignalStrategyV2-V2,EUR/USD.IDEALPRO,IDEALPRO-001,O-20250630-104500-001-V2-3136,O-20250630-104500-001-V2-3137,SELL,FLAT,0.00,100000.00,1751280300000000000,2025-06-30 10:45:00+00:00,1751281260000000000,2025-06-30 11:01:00+00:00,960000000000.0,1.17178,1.17266,['4.69 USD'],-0.00075,-92.69 USD,True
BACKTESTER-001,MLSignalStrategyV2-V2,EUR/USD.IDEALPRO,IDEALPRO-001,O-20250630-111500-001-V2-3139,O-20250630-111500-001-V2-3141,SELL,FLAT,0.00,100000.00,1751282100000000000,2025-06-30 11:15:00+00:00,1751285520000000000,2025-06-30 12:12:00+00:00,3420000000000.0,1.1727,1.17149,['4.69 USD'],0.00103,116.31 USD,True
BACKTESTER-001,MLSignalStrategyV2-V2,EUR/USD.IDEALPRO,IDEALPRO-001,O-20250630-123000-001-V2-3142,O-20250630-123000-001-V2-3144,BUY,FLAT,0.00,100000.00,1751286600000000000,2025-06-30 12:30:00+00:00,1751292660000000000,2025-06-30 14:11:00+00:00,6060000000000.0,1.17139,1.17271,['4.69 USD'],0.00113,127.31 USD,True
BACKTESTER-001,MLSignalStrategyV2-V2,EUR/USD.IDEALPRO,IDEALPRO-001,O-20250630-141500-001-V2-3145,O-20250630-141500-001-V2-3147,BUY,FLAT,0.00,100000.00,1751292900000000000,2025-06-30 14:15:00+00:00,1751293560000000000,2025-06-30 14:26:00+00:00,660000000000.0,1.17244,1.17376,['4.69 USD'],0.00113,127.31 USD,True
BACKTESTER-001,MLSignalStrategyV2-V2,EUR/USD.IDEALPRO,IDEALPRO-001,O-20250630-144500-001-V2-3148,O-20250630-144500-001-V2-3149,BUY,FLAT,0.00,100000.00,1751294700000000000,2025-06-30 14:45:00+00:00,1751295060000000000,2025-06-30 14:51:00+00:00,360000000000.0,1.1747,1.17318,['4.70 USD'],-0.00129,-156.70 USD,True
BACKTESTER-001,MLSignalStrategyV2-V2,EUR/USD.IDEALPRO,IDEALPRO-001,O-20250630-170000-001-V2-3151,O-20250630-170000-001-V2-3152,SELL,FLAT,0.00,100000.00,1751302800000000000,2025-06-30 17:00:00+00:00,1751307480000000000,2025-06-30 18:18:00+00:00,4680000000000.0,1.17625,1.17777,['4.71 USD'],-0.00129,-156.71 USD,True
BACKTESTER-001,MLSignalStrategyV2-V2,EUR/USD.IDEALPRO,IDEALPRO-001,O-20250630-190000-001-V2-3154,O-20250630-190000-001-V2-3155,SELL,FLAT,0.00,100000.00,1751310000000000000,2025-06-30 19:00:00+00:00,1751315100000000000,2025-06-30 20:25:00+00:00,5100000000000.0,1.17759,1.1785,['4.72 USD'],-0.00077,-95.72 USD,True
BACKTESTER-001,MLSignalStrategyV2-V2,EUR/USD.IDEALPRO,IDEALPRO-001,O-20250630-220000-001-V2-3157,O-20250630-220000-001-V2-3159,BUY,FLAT,0.00,100000.00,1751320800000000000,2025-06-30 22:00:00+00:00,1751322660000000000,2025-06-30 22:31:00+00:00,1860000000000.0,1.17821,1.17912,['4.72 USD'],0.00077,86.28 USD,True
BACKTESTER-001,MLSignalStrategyV2-V2,EUR/USD.IDEALPRO,IDEALPRO-001,O-20250630-224500-001-V2-3160,O-20250630-224500-001-V2-3162,BUY,FLAT,0.00,100000.00,1751323500000000000,2025-06-30 22:45:00+00:00,1751331300000000000,2025-07-01 00:55:00+00:00,7800000000000.0,1.1787,1.17964,['4.72 USD'],0.0008,89.28 USD,True
BACKTESTER-001,MLSignalStrategyV2-V2,EUR/USD.IDEALPRO,IDEALPRO-001,O-20250701-014500-001-V2-3163,O-20250701-014500-001-V2-3165,SELL,FLAT,0.00,100000.00,1751334300000000000,2025-07-01 01:45:00+00:00,1751350440000000000,2025-07-01 06:14:00+00:00,16140000000000.0,1.1788,1.17773,['4.72 USD'],0.00091,102.28 USD,True
BACKTESTER-001,MLSignalStrategyV2-V2,EUR/USD.IDEALPRO,IDEALPRO-001,O-20250701-070000-001-V2-3166,O-20250701-070000-001-V2-3168,SELL,FLAT,0.00,100000.00,1751353200000000000,2025-07-01 07:00:00+00:00,1751353380000000000,2025-07-01 07:03:00+00:00,180000000000.0,1.17793,1.17691,['4.71 USD'],0.00087,97.29 USD,True
BACKTESTER-001,MLSignalStrategyV2-V2,EUR/USD.IDEALPRO,IDEALPRO-001,O-20250701-083000-001-V2-3169,O-20250701-083000-001-V2-3171,BUY,FLAT,0.00,100000.00,1751358600000000000,2025-07-01 08:30:00+00:00,1751360040000000000,2025-07-01 08:54:00+00:00,1440000000000.0,1.17886,1.18047,['4.72 USD'],0.00137,156.28 USD,True
BACKTESTER-001,MLSignalStrategyV2-V2,EUR/USD.IDEALPRO,IDEALPRO-001,O-20250701-094500-001-V2-3172,O-20250701-094500-001-V2-3174,SELL,FLAT,0.00,100000.00,1751363100000000000,2025-07-01 09:45:00+00:00,1751374620000000000,2025-07-01 12:57:00+00:00,11520000000000.0,1.18211,1.18028,['4.72 USD'],0.00155,178.28 USD,True
BACKTESTER-001,MLSignalStrategyV2-V2,EUR/USD.IDEALPRO,IDEALPRO-001,O-20250701-160000-001-V2-3175,O-20250701-160000-001-V2-3176,SELL,FLAT,0.00,100000.00,1751385600000000000,2025-07-01 16:00:00+00:00,1751397000000000000,2025-07-01 19:10:00+00:00,11400000000000.0,1.17759,1.17882,['4.72 USD'],-0.00104,-127.72 USD,True
BACKTESTER-001,MLSignalStrategyV2-V2,EUR/USD.IDEALPRO,IDEALPRO-001,O-20250701-204500-001-V2-3178,O-20250701-204500-001-V2-3180,SELL,FLAT,0.00,100000.00,1751402700000000000,2025-07-01 20:45:00+00:00,1751421180000000000,2025-07-02 01:53:00+00:00,18480000000000.0,1.18043,1.17939,['4.72 USD'],0.00088,99.28 USD,True
BACKTESTER-001,MLSignalStrategyV2-V2,EUR/USD.IDEALPRO,IDEALPRO-001,O-20250702-030000-001-V2-3181,O-20250702-030000-001-V2-3183,SELL,FLAT,0.00,100000.00,1751425200000000000,2025-07-02 03:00:00+00:00,1751433120000000000,2025-07-02 05:12:00+00:00,7920000000000.0,1.18003,1.17913,['4.72 USD'],0.00076,85.28 USD,True
BACKTESTER-001,MLSignalStrategyV2-V2,EUR/USD.IDEALPRO,IDEALPRO-001,O-20250702-073000-001-V2-3184,O-20250702-073000-001-V2-3185,BUY,FLAT,0.00,100000.00,1751441400000000000,2025-07-02 07:30:00+00:00,1751442000000000000,2025-07-02 07:40:00+00:00,600000000000.0,1.17776,1.17711,['4.71 USD'],-0.00055,-69.71 USD,True
BACKTESTER-001,MLSignalStrategyV2-V2,EUR/USD.IDEALPRO,IDEALPRO-001,O-20250702-083000-001-V2-3187,O-20250702-083000-001-V2-3189,SELL,FLAT,0.00,100000.00,1751445000000000000,2025-07-02 08:30:00+00:00,1751453580000000000,2025-07-02 10:53:00+00:00,8580000000000.0,1.17776,1.17657,['4.71 USD'],0.00101,114.29 USD,True
BACKTESTER-001,MLSignalStrategyV2-V2,EUR/USD.IDEALPRO,IDEALPRO-001,O-20250702-114500-001-V2-3190,O-20250702-114500-001-V2-3191,BUY,FLAT,0.00,100000.00,1751456700000000000,2025-07-02 11:45:00+00:00,1751457480000000000,2025-07-02 11:58:00+00:00,780000000000.0,1.17573,1.17476,['4.70 USD'],-0.00083,-101.70 USD,True
BACKTESTER-001,MLSignalStrategyV2-V2,EUR/USD.IDEALPRO,IDEALPRO-001,O-20250702-143000-001-V2-3193,O-20250702-143000-001-V2-3194,SELL,FLAT,0.00,100000.00,1751466600000000000,2025-07-02 14:30:00+00:00,1751469300000000000,2025-07-02 15:15:00+00:00,2700000000000.0,1.17627,1.17785,['4.71 USD'],-0.00134,-162.71 USD,True
BACKTESTER-001,MLSignalStrategyV2-V2,EUR/USD.IDEALPRO,IDEALPRO-001,O-20250702-200000-001-V2-3196,O-20250702-200000-001-V2-3197,BUY,FLAT,0.00,100000.00,1751486400000000000,2025-07-02 20:00:00+00:00,1751486880000000000,2025-07-02 20:08:00+00:00,480000000000.0,1.18025,1.17971,['4.72 USD'],-0.00046,-58.72 USD,True
BACKTESTER-001,MLSignalStrategyV2-V2,EUR/USD.IDEALPRO,IDEALPRO-001,O-20250702-203000-001-V2-3199,O-20250702-203000-001-V2-3200,BUY,FLAT,0.00,100000.00,1751488200000000000,2025-07-02 20:30:00+00:00,1751493060000000000,2025-07-02 21:51:00+00:00,4860000000000.0,1.17972,1.17915,['4.72 USD'],-0.00048,-61.72 USD,True
BACKTESTER-001,MLSignalStrategyV2-V2,EUR/USD.IDEALPRO,IDEALPRO-001,O-20250702-220000-001-V2-3202,O-20250702-220000-001-V2-3204,BUY,FLAT,0.00,100000.00,1751493600000000000,2025-07-02 22:00:00+00:00,1751501820000000000,2025-07-03 00:17:00+00:00,8220000000000.0,1.17976,1.18068,['4.72 USD'],0.00078,87.28 USD,True
BACKTESTER-001,MLSignalStrategyV2-V2,EUR/USD.IDEALPRO,IDEALPRO-001,O-20250703-030000-001-V2-3205,O-20250703-030000-001-V2-3207,SELL,FLAT,0.00,100000.00,1751511600000000000,2025-07-03 03:00:00+00:00,1751514660000000000,2025-07-03 03:51:00+00:00,3060000000000.0,1.17979,1.17902,['4.72 USD'],0.00065,72.28 USD,True
BACKTESTER-001,MLSignalStrategyV2-V2,EUR/USD.IDEALPRO,IDEALPRO-001,O-20250703-043000-001-V2-3208,O-20250703-043000-001-V2-3209,SELL,FLAT,0.00,100000.00,1751517000000000000,2025-07-03 04:30:00+00:00,1751521920000000000,2025-07-03 05:52:00+00:00,4920000000000.0,1.17899,1.17948,['4.72 USD'],-0.00042,-53.72 USD,True
BACKTESTER-001,MLSignalStrategyV2-V2,EUR/USD.IDEALPRO,IDEALPRO-001,O-20250703-121500-001-V2-3211,O-20250703-121500-001-V2-3212,SELL,FLAT,0.00,100000.00,1751544900000000000,2025-07-03 12:15:00+00:00,1751545680000000000,2025-07-03 12:28:00+00:00,780000000000.0,1.17831,1.17899,['4.72 USD'],-0.00058,-72.72 USD,True
BACKTESTER-001,MLSignalStrategyV2-V2,EUR/USD.IDEALPRO,IDEALPRO-001,O-20250703-124500-001-V2-3214,O-20250703-124500-001-V2-3215,BUY,FLAT,0.00,100000.00,1751546700000000000,2025-07-03 12:45:00+00:00,1751547060000000000,2025-07-03 12:51:00+00:00,360000000000.0,1.1735,1.17191,['4.69 USD'],-0.00135,-163.69 USD,True
BACKTESTER-001,MLSignalStrategyV2-V2,EUR/USD.IDEALPRO,IDEALPRO-001,O-20250703-130000-001-V2-3217,O-20250703-130000-001-V2-3219,BUY,FLAT,0.00,100000.00,1751547600000000000,2025-07-03 13:00:00+00:00,1751548740000000000,2025-07-03 13:19:00+00:00,1140000000000.0,1.17385,1.17646,['4.70 USD'],0.00222,256.30 USD,True
BACKTESTER-001,MLSignalStrategyV2-V2,EUR/USD.IDEALPRO,IDEALPRO-001,O-20250703-133000-001-V2-3220,O-20250703-133000-001-V2-3222,BUY,FLAT,0.00,100000.00,1751549400000000000,2025-07-03 13:30:00+00:00,1751551260000000000,2025-07-03 14:01:00+00:00,1860000000000.0,1.17645,1.17898,['4.71 USD'],0.00215,248.29 USD,True
BACKTESTER-001,MLSignalStrategyV2-V2,EUR/USD.IDEALPRO,IDEALPRO-001,O-20250703-191500-001-V2-3223,O-20250703-191500-001-V2-3225,BUY,FLAT,0.00,100000.00,1751570100000000000,2025-07-03 19:15:00+00:00,1751575200000000000,2025-07-03 20:40:00+00:00,5100000000000.0,1.17468,1.17571,['4.70 USD'],0.00088,98.30 USD,True
BACKTESTER-001,MLSignalStrategyV2-V2,EUR/USD.IDEALPRO,IDEALPRO-001,O-20250703-210000-001-V2-3226,O-20250703-210000-001-V2-3228,BUY,FLAT,0.00,100000.00,1751576400000000000,2025-07-03 21:00:00+00:00,1751585520000000000,2025-07-03 23:32:00+00:00,9120000000000.0,1.17569,1.17677,['4.70 USD'],0.00092,103.30 USD,True
BACKTESTER-001,MLSignalStrategyV2-V2,EUR/USD.IDEALPRO,IDEALPRO-001,O-20250704-014500-001-V2-3229,O-20250704-014500-001-V2-3230,SELL,FLAT,0.00,100000.00,1751593500000000000,2025-07-04 01:45:00+00:00,1751595360000000000,2025-07-04 02:16:00+00:00,1860000000000.0,1.1759,1.17643,['4.70 USD'],-0.00045,-57.70 USD,True
BACKTESTER-001,MLSignalStrategyV2-V2,EUR/USD.IDEALPRO,IDEALPRO-001,O-20250704-074500-001-V2-3232,O-20250704-074500-001-V2-3234,BUY,FLAT,0.00,100000.00,1751615100000000000,2025-07-04 07:45:00+00:00,1751622120000000000,2025-07-04 09:42:00+00:00,7020000000000.0,1.17716,1.17806,['4.71 USD'],0.00076,85.29 USD,True
BACKTESTER-001,MLSignalStrategyV2-V2,EUR/USD.IDEALPRO,IDEALPRO-001,O-20250704-134500-001-V2-3235,O-20250704-134500-001-V2-3237,BUY,FLAT,0.00,100000.00,1751636700000000000,2025-07-04 13:45:00+00:00,1751637780000000000,2025-07-04 14:03:00+00:00,1080000000000.0,1.17767,1.17848,['4.72 USD'],0.00069,76.28 USD,True
BACKTESTER-001,MLSignalStrategyV2-V2,EUR/USD.IDEALPRO,IDEALPRO-001,O-20250704-161500-001-V2-3238,O-20250704-161500-001-V2-3239,BUY,FLAT,0.00,100000.00,1751645700000000000,2025-07-04 16:15:00+00:00,1751648340000000000,2025-07-04 16:59:00+00:00,2640000000000.0,1.17803,1.17741,['4.71 USD'],-0.00053,-66.71 USD,True
BACKTESTER-001,MLSignalStrategyV2-V2,EUR/USD.IDEALPRO,IDEALPRO-001,O-20250706-213000-001-V2-3241,O-20250706-213000-001-V2-3242,BUY,FLAT,0.00,100000.00,1751837400000000000,2025-07-06 21:30:00+00:00,1751839680000000000,2025-07-06 22:08:00+00:00,2280000000000.0,1.17809,1.17733,['4.71 USD'],-0.00065,-80.71 USD,True
BACKTESTER-001,MLSignalStrategyV2-V2,EUR/USD.IDEALPRO,IDEALPRO-001,O-20250706-221500-001-V2-3244,O-20250706-221500-001-V2-3246,BUY,FLAT,0.00,100000.00,1751840100000000000,2025-07-06 22:15:00+00:00,1751846580000000000,2025-07-07 00:03:00+00:00,6480000000000.0,1.17772,1.17851,['4.72 USD'],0.00067,74.28 USD,True
BACKTESTER-001,MLSignalStrategyV2-V2,EUR/USD.IDEALPRO,IDEALPRO-001,O-20250707-020000-001-V2-3247,O-20250707-020000-001-V2-3249,SELL,FLAT,0.00,100000.00,1751853600000000000,2025-07-07 02:00:00+00:00,1751869620000000000,2025-07-07 06:27:00+00:00,16020000000000.0,1.1772,1.1763,['4.70 USD'],0.00076,85.30 USD,True
BACKTESTER-001,MLSignalStrategyV2-V2,EUR/USD.IDEALPRO,IDEALPRO-001,O-20250707-070000-001-V2-3250,O-20250707-070000-001-V2-3252,SELL,FLAT,0.00,100000.00,1751871600000000000,2025-07-07 07:00:00+00:00,1751873640000000000,2025-07-07 07:34:00+00:00,2040000000000.0,1.17558,1.17461,['4.70 USD'],0.00083,92.30 USD,True
BACKTESTER-001,MLSignalStrategyV2-V2,EUR/USD.IDEALPRO,IDEALPRO-001,O-20250707-084500-001-V2-3253,O-20250707-084500-001-V2-3254,BUY,FLAT,0.00,100000.00,1751877900000000000,2025-07-07 08:45:00+00:00,1751878620000000000,2025-07-07 08:57:00+00:00,720000000000.0,1.17332,1.17243,['4.69 USD'],-0.00076,-93.69 USD,True
BACKTESTER-001,MLSignalStrategyV2-V2,EUR/USD.IDEALPRO,IDEALPRO-001,O-20250707-100000-001-V2-3256,O-20250707-100000-001-V2-3258,SELL,FLAT,0.00,100000.00,1751882400000000000,2025-07-07 10:00:00+00:00,1751884380000000000,2025-07-07 10:33:00+00:00,1980000000000.0,1.1734,1.17232,['4.69 USD'],0.00092,103.31 USD,True
BACKTESTER-001,MLSignalStrategyV2-V2,EUR/USD.IDEALPRO,IDEALPRO-001,O-20250707-110000-001-V2-3259,O-20250707-110000-001-V2-3260,SELL,FLAT,0.00,100000.00,1751886000000000000,2025-07-07 11:00:00+00:00,1751894820000000000,2025-07-07 13:27:00+00:00,8820000000000.0,1.17277,1.1736,['4.70 USD'],-0.00071,-87.70 USD,True
BACKTESTER-001,MLSignalStrategyV2-V2,EUR/USD.IDEALPRO,IDEALPRO-001,O-20250707-133000-001-V2-3262,O-20250707-133000-001-V2-3263,SELL,FLAT,0.00,100000.00,1751895000000000000,2025-07-07 13:30:00+00:00,1751899260000000000,2025-07-07 14:41:00+00:00,4260000000000.0,1.17369,1.17438,['4.70 USD'],-0.00059,-73.70 USD,True
BACKTESTER-001,MLSignalStrategyV2-V2,EUR/USD.IDEALPRO,IDEALPRO-001,O-20250707-170000-001-V2-3265,O-20250707-170000-001-V2-3267,BUY,FLAT,0.00,100000.00,1751907600000000000,2025-07-07 17:00:00+00:00,1751910060000000000,2025-07-07 17:41:00+00:00,2460000000000.0,1.16944,1.17128,['4.68 USD'],0.00157,179.32 USD,True
BACKTESTER-001,MLSignalStrategyV2-V2,EUR/USD.IDEALPRO,IDEALPRO-001,O-20250707-221500-001-V2-3268,O-20250707-221500-001-V2-3270,BUY,FLAT,0.00,100000.00,1751926500000000000,2025-07-07 22:15:00+00:00,1751928000000000000,2025-07-07 22:40:00+00:00,1500000000000.0,1.17177,1.17286,['4.69 USD'],0.00093,104.31 USD,True
BACKTESTER-001,MLSignalStrategyV2-V2,EUR/USD.IDEALPRO,IDEALPRO-001,O-20250707-224500-001-V2-3271,O-20250707-224500-001-V2-3273,BUY,FLAT,0.00,100000.00,1751928300000000000,2025-07-07 22:45:00+00:00,1751933460000000000,2025-07-08 00:11:00+00:00,5160000000000.0,1.17345,1.17439,['4.70 USD'],0.0008,89.30 USD,True
BACKTESTER-001,MLSignalStrategyV2-V2,EUR/USD.IDEALPRO,IDEALPRO-001,O-20250708-001500-001-V2-3274,O-20250708-001500-001-V2-3276,SELL,FLAT,0.00,100000.00,1751933700000000000,2025-07-08 00:15:00+00:00,1751937120000000000,2025-07-08 01:12:00+00:00,3420000000000.0,1.17467,1.17354,['4.70 USD'],0.00096,108.30 USD,True
BACKTESTER-001,MLSignalStrategyV2-V2,EUR/USD.IDEALPRO,IDEALPRO-001,O-20250708-011500-001-V2-3277,O-20250708-011500-001-V2-3279,BUY,FLAT,0.00,100000.00,1751937300000000000,2025-07-08 01:15:00+00:00,1751941440000000000,2025-07-08 02:24:00+00:00,4140000000000.0,1.17352,1.17468,['4.70 USD'],0.00099,111.30 USD,True
BACKTESTER-001,MLSignalStrategyV2-V2,EUR/USD.IDEALPRO,IDEALPRO-001,O-20250708-023000-001-V2-3280,O-20250708-023000-001-V2-3281,BUY,FLAT,0.00,100000.00,1751941800000000000,2025-07-08 02:30:00+00:00,1751943420000000000,2025-07-08 02:57:00+00:00,1620000000000.0,1.17476,1.17389,['4.70 USD'],-0.00074,-91.70 USD,True
BACKTESTER-001,MLSignalStrategyV2-V2,EUR/USD.IDEALPRO,IDEALPRO-001,O-20250708-070000-001-V2-3283,O-20250708-070000-001-V2-3285,BUY,FLAT,0.00,100000.00,1751958000000000000,2025-07-08 07:00:00+00:00,1751958660000000000,2025-07-08 07:11:00+00:00,660000000000.0,1.17418,1.17527,['4.70 USD'],0.00093,104.30 USD,True
BACKTESTER-001,MLSignalStrategyV2-V2,EUR/USD.IDEALPRO,IDEALPRO-001,O-20250708-084500-001-V2-3286,O-20250708-084500-001-V2-3287,BUY,FLAT,0.00,100000.00,1751964300000000000,2025-07-08 08:45:00+00:00,1751967900000000000,2025-07-08 09:45:00+00:00,3600000000000.0,1.17498,1.17411,['4.70 USD'],-0.00074,-91.70 USD,True
BACKTESTER-001,MLSignalStrategyV2-V2,EUR/USD.IDEALPRO,IDEALPRO-001,O-20250708-094500-001-V2-3289,O-20250708-094500-001-V2-3291,SELL,FLAT,0.00,100000.00,1751967900000000000,2025-07-08 09:45:00+00:00,1751970540000000000,2025-07-08 10:29:00+00:00,2640000000000.0,1.17416,1.17321,['4.70 USD'],0.00081,90.30 USD,True
BACKTESTER-001,MLSignalStrategyV2-V2,EUR/USD.IDEALPRO,IDEALPRO-001,O-20250708-103000-001-V2-3292,O-20250708-103000-001-V2-3293,SELL,FLAT,0.00,100000.00,1751970600000000000,2025-07-08 10:30:00+00:00,1751973780000000000,2025-07-08 11:23:00+00:00,3180000000000.0,1.17311,1.17382,['4.70 USD'],-0.00061,-75.70 USD,True
BACKTESTER-001,MLSignalStrategyV2-V2,EUR/USD.IDEALPRO,IDEALPRO-001,O-20250708-114500-001-V2-3295,O-20250708-114500-001-V2-3297,SELL,FLAT,0.00,100000.00,1751975100000000000,2025-07-08 11:45:00+00:00,1751976180000000000,2025-07-08 12:03:00+00:00,1080000000000.0,1.173,1.17208,['4.69 USD'],0.00078,87.31 USD,True
BACKTESTER-001,MLSignalStrategyV2-V2,EUR/USD.IDEALPRO,IDEALPRO-001,O-20250708-141500-001-V2-3298,O-20250708-141500-001-V2-3300,BUY,FLAT,0.00,100000.00,1751984100000000000,2025-07-08 14:15:00+00:00,1751987820000000000,2025-07-08 15:17:00+00:00,3720000000000.0,1.16895,1.17044,['4.68 USD'],0.00127,144.32 USD,True
BACKTESTER-001,MLSignalStrategyV2-V2,EUR/USD.IDEALPRO,IDEALPRO-001,O-20250708-161500-001-V2-3301,O-20250708-161500-001-V2-3302,BUY,FLAT,0.00,100000.00,1751991300000000000,2025-07-08 16:15:00+00:00,1751992560000000000,2025-07-08 16:36:00+00:00,1260000000000.0,1.17095,1.16981,['4.68 USD'],-0.00097,-118.68 USD,True
BACKTESTER-001,MLSignalStrategyV2-V2,EUR/USD.IDEALPRO,IDEALPRO-001,O-20250708-164500-001-V2-3304,O-20250708-164500-001-V2-3306,BUY,FLAT,0.00,100000.00,1751993100000000000,2025-07-08 16:45:00+00:00,1751994300000000000,2025-07-08 17:05:00+00:00,1200000000000.0,1.17028,1.17216,['4.68 USD'],0.00161,183.32 USD,True
BACKTESTER-001,MLSignalStrategyV2-V2,EUR/USD.IDEALPRO,IDEALPRO-001,O-20250709-024500-001-V2-3307,O-20250709-024500-001-V2-3309,BUY,FLAT,0.00,100000.00,1752029100000000000,2025-07-09 02:45:00+00:00,1752037920000000000,2025-07-09 05:12:00+00:00,8820000000000.0,1.17071,1.17155,['4.68 USD'],0.00072,79.32 USD,True
BACKTESTER-001,MLSignalStrategyV2-V2,EUR/USD.IDEALPRO,IDEALPRO-001,O-20250709-110000-001-V2-3310,O-20250709-110000-001-V2-3311,BUY,FLAT,0.00,100000.00,1752058800000000000,2025-07-09 11:00:00+00:00,1752062220000000000,2025-07-09 11:57:00+00:00,3420000000000.0,1.17022,1.16923,['4.68 USD'],-0.00085,-103.68 USD,True
BACKTESTER-001,MLSignalStrategyV2-V2,EUR/USD.IDEALPRO,IDEALPRO-001,O-20250709-201500-001-V2-3313,O-20250709-201500-001-V2-3314,BUY,FLAT,0.00,100000.00,1752092100000000000,2025-07-09 20:15:00+00:00,1752092640000000000,2025-07-09 20:24:00+00:00,540000000000.0,1.17176,1.17121,['4.68 USD'],-0.00047,-59.68 USD,True
BACKTESTER-001,MLSignalStrategyV2-V2,EUR/USD.IDEALPRO,IDEALPRO-001,O-20250709-204500-001-V2-3316,O-20250709-204500-001-V2-3318,BUY,FLAT,0.00,100000.00,1752093900000000000,2025-07-09 20:45:00+00:00,1752103320000000000,2025-07-09 23:22:00+00:00,9420000000000.0,1.17173,1.1726,['4.69 USD'],0.00074,82.31 USD,True
BACKTESTER-001,MLSignalStrategyV2-V2,EUR/USD.IDEALPRO,IDEALPRO-001,O-20250710-000000-001-V2-3319,O-20250710-000000-001-V2-3320,SELL,FLAT,0.00,100000.00,1752105600000000000,2025-07-10 00:00:00+00:00,1752105780000000000,2025-07-10 00:03:00+00:00,180000000000.0,1.17381,1.17424,['4.70 USD'],-0.00037,-47.70 USD,True
BACKTESTER-001,MLSignalStrategyV2-V2,EUR/USD.IDEALPRO,IDEALPRO-001,O-20250710-003000-001-V2-3322,O-20250710-003000-001-V2-3324,SELL,FLAT,0.00,100000.00,1752107400000000000,2025-07-10 00:30:00+00:00,1752116640000000000,2025-07-10 03:04:00+00:00,9240000000000.0,1.17457,1.17371,['4.70 USD'],0.00073,81.30 USD,True
BACKTESTER-001,MLSignalStrategyV2-V2,EUR/USD.IDEALPRO,IDEALPRO-001,O-20250710-043000-001-V2-3325,O-20250710-043000-001-V2-3326,SELL,FLAT,0.00,100000.00,1752121800000000000,2025-07-10 04:30:00+00:00,1752123360000000000,2025-07-10 04:56:00+00:00,1560000000000.0,1.17321,1.1736,['4.70 USD'],-0.00033,-43.70 USD,True
BACKTESTER-001,MLSignalStrategyV2-V2,EUR/USD.IDEALPRO,IDEALPRO-001,O-20250710-061500-001-V2-3328,O-20250710-061500-001-V2-3329,SELL,FLAT,0.00,100000.00,1752128100000000000,2025-07-10 06:15:00+00:00,1752128280000000000,2025-07-10 06:18:00+00:00,180000000000.0,1.17395,1.17436,['4.70 USD'],-0.00035,-45.70 USD,True
BACKTESTER-001,MLSignalStrategyV2-V2,EUR/USD.IDEALPRO,IDEALPRO-001,O-20250710-063000-001-V2-3331,O-20250710-063000-001-V2-3333,SELL,FLAT,0.00,100000.00,1752129000000000000,2025-07-10 06:30:00+00:00,1752129360000000000,2025-07-10 06:36:00+00:00,360000000000.0,1.17398,1.17318,['4.70 USD'],0.00068,75.30 USD,True
BACKTESTER-001,MLSignalStrategyV2-V2,EUR/USD.IDEALPRO,IDEALPRO-001,O-20250710-120000-001-V2-3334,O-20250710-120000-001-V2-3336,SELL,FLAT,0.00,100000.00,1752148800000000000,2025-07-10 12:00:00+00:00,1752150660000000000,2025-07-10 12:31:00+00:00,1860000000000.0,1.17119,1.17019,['4.68 USD'],0.00085,95.32 USD,True
BACKTESTER-001,MLSignalStrategyV2-V2,EUR/USD.IDEALPRO,IDEALPRO-001,O-20250710-124500-001-V2-3337,O-20250710-124500-001-V2-3339,BUY,FLAT,0.00,100000.00,1752151500000000000,2025-07-10 12:45:00+00:00,1752152700000000000,2025-07-10 13:05:00+00:00,1200000000000.0,1.17042,1.17134,['4.68 USD'],0.00079,87.32 USD,True
BACKTESTER-001,MLSignalStrategyV2-V2,EUR/USD.IDEALPRO,IDEALPRO-001,O-20250710-131500-001-V2-3340,O-20250710-131500-001-V2-3342,SELL,FLAT,0.00,100000.00,1752153300000000000,2025-07-10 13:15:00+00:00,1752154200000000000,2025-07-10 13:30:00+00:00,900000000000.0,1.171,1.17,['4.68 USD'],0.00085,95.32 USD,True
BACKTESTER-001,MLSignalStrategyV2-V2,EUR/USD.IDEALPRO,IDEALPRO-001,O-20250710-141500-001-V2-3343,O-20250710-141500-001-V2-3344,BUY,FLAT,0.00,100000.00,1752156900000000000,2025-07-10 14:15:00+00:00,1752157380000000000,2025-07-10 14:23:00+00:00,480000000000.0,1.16881,1.16789,['4.68 USD'],-0.00079,-96.68 USD,True
BACKTESTER-001,MLSignalStrategyV2-V2,EUR/USD.IDEALPRO,IDEALPRO-001,O-20250710-143000-001-V2-3346,O-20250710-143000-001-V2-3348,BUY,FLAT,0.00,100000.00,1752157800000000000,2025-07-10 14:30:00+00:00,1752159000000000000,2025-07-10 14:50:00+00:00,1200000000000.0,1.1668,1.1684,['4.67 USD'],0.00137,155.33 USD,True
BACKTESTER-001,MLSignalStrategyV2-V2,EUR/USD.IDEALPRO,IDEALPRO-001,O-20250710-150000-001-V2-3349,O-20250710-150000-001-V2-3351,BUY,FLAT,0.00,100000.00,1752159600000000000,2025-07-10 15:00:00+00:00,1752176820000000000,2025-07-10 19:47:00+00:00,17220000000000.0,1.16799,1.16978,['4.68 USD'],0.00153,174.32 USD,True
BACKTESTER-001,MLSignalStrategyV2-V2,EUR/USD.IDEALPRO,IDEALPRO-001,O-20250710-210000-001-V2-3352,O-20250710-210000-001-V2-3354,BUY,FLAT,0.00,100000.00,1752181200000000000,2025-07-10 21:00:00+00:00,1752188100000000000,2025-07-10 22:55:00+00:00,6900000000000.0,1.17005,1.17074,['4.68 USD'],0.00059,64.32 USD,True
BACKTESTER-001,MLSignalStrategyV2-V2,EUR/USD.IDEALPRO,IDEALPRO-001,O-20250711-010000-001-V2-3355,O-20250711-010000-001-V2-3357,BUY,FLAT,0.00,100000.00,1752195600000000000,2025-07-11 01:00:00+00:00,1752217740000000000,2025-07-11 07:09:00+00:00,22140000000000.0,1.16749,1.16891,['4.67 USD'],0.00122,137.33 USD,True
BACKTESTER-001,MLSignalStrategyV2-V2,EUR/USD.IDEALPRO,IDEALPRO-001,O-20250711-100000-001-V2-3358,O-20250711-100000-001-V2-3359,BUY,FLAT,0.00,100000.00,1752228000000000000,2025-07-11 10:00:00+00:00,1752233220000000000,2025-07-11 11:27:00+00:00,5220000000000.0,1.16951,1.16874,['4.68 USD'],-0.00066,-81.68 USD,True
BACKTESTER-001,MLSignalStrategyV2-V2,EUR/USD.IDEALPRO,IDEALPRO-001,O-20250711-154500-001-V2-3361,O-20250711-154500-001-V2-3362,BUY,FLAT,0.00,100000.00,1752248700000000000,2025-07-11 15:45:00+00:00,1752250140000000000,2025-07-11 16:09:00+00:00,1440000000000.0,1.17015,1.16918,['4.68 USD'],-0.00083,-101.68 USD,True
BACKTESTER-001,MLSignalStrategyV2-V2,EUR/USD.IDEALPRO,IDEALPRO-001,O-20250711-161500-001-V2-3364,O-20250711-161500-001-V2-3365,BUY,FLAT,0.00,100000.00,1752250500000000000,2025-07-11 16:15:00+00:00,1752265380000000000,2025-07-11 20:23:00+00:00,14880000000000.0,1.16934,1.16829,['4.68 USD'],-0.0009,-109.68 USD,True
BACKTESTER-001,MLSignalStrategyV2-V2,EUR/USD.IDEALPRO,IDEALPRO-001,O-20250711-204500-001-V2-3367,O-20250711-204500-001-V2-3368,BUY,FLAT,0.00,100000.00,1752266700000000000,2025-07-11 20:45:00+00:00,1752441360000000000,2025-07-13 21:16:00+00:00,174660000000000.0,1.16871,1.16682,['4.67 USD'],-0.00162,-193.67 USD,True
BACKTESTER-001,MLSignalStrategyV2-V2,EUR/USD.IDEALPRO,IDEALPRO-001,O-20250713-213000-001-V2-3370,O-20250713-213000-001-V2-3372,BUY,FLAT,0.00,100000.00,1752442200000000000,2025-07-13 21:30:00+00:00,1752444180000000000,2025-07-13 22:03:00+00:00,1980000000000.0,1.1666,1.16796,['4.67 USD'],0.00117,131.33 USD,True
BACKTESTER-001,MLSignalStrategyV2-V2,EUR/USD.IDEALPRO,IDEALPRO-001,O-20250713-221500-001-V2-3373,O-20250713-221500-001-V2-3375,BUY,FLAT,0.00,100000.00,1752444900000000000,2025-07-13 22:15:00+00:00,1752451260000000000,2025-07-14 00:01:00+00:00,6360000000000.0,1.16704,1.16847,['4.67 USD'],0.00123,138.33 USD,True
BACKTESTER-001,MLSignalStrategyV2-V2,EUR/USD.IDEALPRO,IDEALPRO-001,O-20250714-064500-001-V2-3376,O-20250714-064500-001-V2-3377,SELL,FLAT,0.00,100000.00,1752475500000000000,2025-07-14 06:45:00+00:00,1752477060000000000,2025-07-14 07:11:00+00:00,1560000000000.0,1.16643,1.16715,['4.66 USD'],-0.00062,-76.66 USD,True
BACKTESTER-001,MLSignalStrategyV2-V2,EUR/USD.IDEALPRO,IDEALPRO-001,O-20250714-071500-001-V2-3379,O-20250714-071500-001-V2-3380,SELL,FLAT,0.00,100000.00,1752477300000000000,2025-07-14 07:15:00+00:00,1752478260000000000,2025-07-14 07:31:00+00:00,960000000000.0,1.16725,1.168,['4.67 USD'],-0.00064,-79.67 USD,True
BACKTESTER-001,MLSignalStrategyV2-V2,EUR/USD.IDEALPRO,IDEALPRO-001,O-20250714-101500-001-V2-3382,O-20250714-101500-001-V2-3384,SELL,FLAT,0.00,100000.00,1752488100000000000,2025-07-14 10:15:00+00:00,1752496260000000000,2025-07-14 12:31:00+00:00,8160000000000.0,1.16938,1.16841,['4.68 USD'],0.00083,92.32 USD,True
BACKTESTER-001,MLSignalStrategyV2-V2,EUR/USD.IDEALPRO,IDEALPRO-001,O-20250714-131500-001-V2-3385,O-20250714-131500-001-V2-3387,BUY,FLAT,0.00,100000.00,1752498900000000000,2025-07-14 13:15:00+00:00,1752503100000000000,2025-07-14 14:25:00+00:00,4200000000000.0,1.168,1.16904,['4.68 USD'],0.00089,99.32 USD,True
BACKTESTER-001,MLSignalStrategyV2-V2,EUR/USD.IDEALPRO,IDEALPRO-001,O-20250714-191500-001-V2-3388,O-20250714-191500-001-V2-3390,SELL,FLAT,0.00,100000.00,1752520500000000000,2025-07-14 19:15:00+00:00,1752535320000000000,2025-07-14 23:22:00+00:00,14820000000000.0,1.16698,1.16606,['4.66 USD'],0.00079,87.34 USD,True
BACKTESTER-001,MLSignalStrategyV2-V2,EUR/USD.IDEALPRO,IDEALPRO-001,O-20250715-020000-001-V2-3391,O-20250715-020000-001-V2-3392,SELL,FLAT,0.00,100000.00,1752544800000000000,2025-07-15 02:00:00+00:00,1752546840000000000,2025-07-15 02:34:00+00:00,2040000000000.0,1.1669,1.16739,['4.66 USD'],-0.00042,-53.66 USD,True
BACKTESTER-001,MLSignalStrategyV2-V2,EUR/USD.IDEALPRO,IDEALPRO-001,O-20250715-070000-001-V2-3394,O-20250715-070000-001-V2-3395,SELL,FLAT,0.00,100000.00,1752562800000000000,2025-07-15 07:00:00+00:00,1752564120000000000,2025-07-15 07:22:00+00:00,1320000000000.0,1.16779,1.16832,['4.68 USD'],-0.00045,-57.68 USD,True
BACKTESTER-001,MLSignalStrategyV2-V2,EUR/USD.IDEALPRO,IDEALPRO-001,O-20250715-084500-001-V2-3397,O-20250715-084500-001-V2-3398,BUY,FLAT,0.00,100000.00,1752569100000000000,2025-07-15 08:45:00+00:00,1752575700000000000,2025-07-15 10:35:00+00:00,6600000000000.0,1.16842,1.1677,['4.68 USD'],-0.00062,-76.68 USD,True
BACKTESTER-001,MLSignalStrategyV2-V2,EUR/USD.IDEALPRO,IDEALPRO-001,O-20250715-104500-001-V2-3400,O-20250715-104500-001-V2-3401,BUY,FLAT,0.00,100000.00,1752576300000000000,2025-07-15 10:45:00+00:00,1752578040000000000,2025-07-15 11:14:00+00:00,1740000000000.0,1.16814,1.16748,['4.67 USD'],-0.00057,-70.67 USD,True
BACKTESTER-001,MLSignalStrategyV2-V2,EUR/USD.IDEALPRO,IDEALPRO-001,O-20250715-111500-001-V2-3403,O-20250715-111500-001-V2-3404,BUY,FLAT,0.00,100000.00,1752578100000000000,2025-07-15 11:15:00+00:00,1752579060000000000,2025-07-15 11:31:00+00:00,960000000000.0,1.16776,1.16703,['4.67 USD'],-0.00063,-77.67 USD,True
BACKTESTER-001,MLSignalStrategyV2-V2,EUR/USD.IDEALPRO,IDEALPRO-001,O-20250715-114500-001-V2-3406,O-20250715-114500-001-V2-3408,BUY,FLAT,0.00,100000.00,1752579900000000000,2025-07-15 11:45:00+00:00,1752582660000000000,2025-07-15 12:31:00+00:00,2760000000000.0,1.16686,1.16864,['4.67 USD'],0.00153,173.33 USD,True
BACKTESTER-001,MLSignalStrategyV2-V2,EUR/USD.IDEALPRO,IDEALPRO-001,O-20250715-124500-001-V2-3409,O-20250715-124500-001-V2-3410,SELL,FLAT,0.00,100000.00,1752583500000000000,2025-07-15 12:45:00+00:00,1752584040000000000,2025-07-15 12:54:00+00:00,540000000000.0,1.16696,1.16783,['4.67 USD'],-0.00075,-91.67 USD,True
BACKTESTER-001,MLSignalStrategyV2-V2,EUR/USD.IDEALPRO,IDEALPRO-001,O-20250715-140000-001-V2-3412,O-20250715-140000-001-V2-3413,BUY,FLAT,0.00,100000.00,1752588000000000000,2025-07-15 14:00:00+00:00,1752588180000000000,2025-07-15 14:03:00+00:00,180000000000.0,1.16432,1.16277,['4.66 USD'],-0.00133,-159.66 USD,True
BACKTESTER-001,MLSignalStrategyV2-V2,EUR/USD.IDEALPRO,IDEALPRO-001,O-20250715-141500-001-V2-3415,O-20250715-141500-001-V2-3416,BUY,FLAT,0.00,100000.00,1752588900000000000,2025-07-15 14:15:00+00:00,1752589440000000000,2025-07-15 14:24:00+00:00,540000000000.0,1.16358,1.16231,['4.65 USD'],-0.00109,-131.65 USD,True
BACKTESTER-001,MLSignalStrategyV2-V2,EUR/USD.IDEALPRO,IDEALPRO-001,O-20250715-143000-001-V2-3418,O-20250715-143000-001-V2-3419,BUY,FLAT,0.00,100000.00,1752589800000000000,2025-07-15 14:30:00+00:00,1752593460000000000,2025-07-15 15:31:00+00:00,3660000000000.0,1.16219,1.16087,['4.64 USD'],-0.00114,-136.64 USD,True
BACKTESTER-001,MLSignalStrategyV2-V2,EUR/USD.IDEALPRO,IDEALPRO-001,O-20250715-160000-001-V2-3421,O-20250715-160000-001-V2-3422,BUY,FLAT,0.00,100000.00,1752595200000000000,2025-07-15 16:00:00+00:00,1752595980000000000,2025-07-15 16:13:00+00:00,780000000000.0,1.1618,1.16061,['4.64 USD'],-0.00102,-123.64 USD,True
BACKTESTER-001,MLSignalStrategyV2-V2,EUR/USD.IDEALPRO,IDEALPRO-001,O-20250715-161500-001-V2-3424,O-20250715-161500-001-V2-3425,BUY,FLAT,0.00,100000.00,1752596100000000000,2025-07-15 16:15:00+00:00,1752597780000000000,2025-07-15 16:43:00+00:00,1680000000000.0,1.16075,1.15949,['4.64 USD'],-0.00109,-130.64 USD,True
BACKTESTER-001,MLSignalStrategyV2-V2,EUR/USD.IDEALPRO,IDEALPRO-001,O-20250715-164500-001-V2-3427,O-20250715-164500-001-V2-3429,BUY,FLAT,0.00,100000.00,1752597900000000000,2025-07-15 16:45:00+00:00,1752628980000000000,2025-07-16 01:23:00+00:00,31080000000000.0,1.15986,1.16149,['4.64 USD'],0.00141,158.36 USD,True
BACKTESTER-001,MLSignalStrategyV2-V2,EUR/USD.IDEALPRO,IDEALPRO-001,O-20250716-020000-001-V2-3430,O-20250716-020000-001-V2-3432,SELL,FLAT,0.00,100000.00,1752631200000000000,2025-07-16 02:00:00+00:00,1752633720000000000,2025-07-16 02:42:00+00:00,2520000000000.0,1.16137,1.16071,['4.64 USD'],0.00057,61.36 USD,True
BACKTESTER-001,MLSignalStrategyV2-V2,EUR/USD.IDEALPRO,IDEALPRO-001,O-20250716-050000-001-V2-3433,O-20250716-050000-001-V2-3434,BUY,FLAT,0.00,100000.00,1752642000000000000,2025-07-16 05:00:00+00:00,1752643860000000000,2025-07-16 05:31:00+00:00,1860000000000.0,1.16196,1.16159,['4.64 USD'],-0.00032,-41.64 USD,True
BACKTESTER-001,MLSignalStrategyV2-V2,EUR/USD.IDEALPRO,IDEALPRO-001,O-20250716-101500-001-V2-3436,O-20250716-101500-001-V2-3437,SELL,FLAT,0.00,100000.00,1752660900000000000,2025-07-16 10:15:00+00:00,1752663180000000000,2025-07-16 10:53:00+00:00,2280000000000.0,1.16136,1.16191,['4.64 USD'],-0.00047,-59.64 USD,True
BACKTESTER-001,MLSignalStrategyV2-V2,EUR/USD.IDEALPRO,IDEALPRO-001,O-20250716-140000-001-V2-3439,O-20250716-140000-001-V2-3441,BUY,FLAT,0.00,100000.00,1752674400000000000,2025-07-16 14:00:00+00:00,1752677700000000000,2025-07-16 14:55:00+00:00,3300000000000.0,1.15726,1.15982,['4.63 USD'],0.00221,251.37 USD,True
BACKTESTER-001,MLSignalStrategyV2-V2,EUR/USD.IDEALPRO,IDEALPRO-001,O-20250716-160000-001-V2-3442,O-20250716-160000-001-V2-3444,SELL,FLAT,0.00,100000.00,1752681600000000000,2025-07-16 16:00:00+00:00,1752733860000000000,2025-07-17 06:31:00+00:00,52260000000000.0,1.16287,1.15792,['4.65 USD'],0.00426,490.35 USD,True
BACKTESTER-001,MLSignalStrategyV2-V2,EUR/USD.IDEALPRO,IDEALPRO-001,O-20250717-064500-001-V2-3445,O-20250717-064500-001-V2-3447,BUY,FLAT,0.00,100000.00,1752734700000000000,2025-07-17 06:45:00+00:00,1752737220000000000,2025-07-17 07:27:00+00:00,2520000000000.0,1.15783,1.15913,['4.64 USD'],0.00112,125.36 USD,True
BACKTESTER-001,MLSignalStrategyV2-V2,EUR/USD.IDEALPRO,IDEALPRO-001,O-20250717-094500-001-V2-3448,O-20250717-094500-001-V2-3450,SELL,FLAT,0.00,100000.00,1752745500000000000,2025-07-17 09:45:00+00:00,1752747300000000000,2025-07-17 10:15:00+00:00,1800000000000.0,1.1598,1.15856,['4.64 USD'],0.00107,119.36 USD,True
BACKTESTER-001,MLSignalStrategyV2-V2,EUR/USD.IDEALPRO,IDEALPRO-001,O-20250717-124500-001-V2-3451,O-20250717-124500-001-V2-3453,BUY,FLAT,0.00,100000.00,1752756300000000000,2025-07-17 12:45:00+00:00,1752757620000000000,2025-07-17 13:07:00+00:00,1320000000000.0,1.15813,1.15951,['4.64 USD'],0.00119,133.36 USD,True
BACKTESTER-001,MLSignalStrategyV2-V2,EUR/USD.IDEALPRO,IDEALPRO-001,O-20250717-180000-001-V2-3454,O-20250717-180000-001-V2-3456,BUY,FLAT,0.00,100000.00,1752775200000000000,2025-07-17 18:00:00+00:00,1752780000000000000,2025-07-17 19:20:00+00:00,4800000000000.0,1.15852,1.15969,['4.64 USD'],0.00101,112.36 USD,True
BACKTESTER-001,MLSignalStrategyV2-V2,EUR/USD.IDEALPRO,IDEALPRO-001,O-20250717-194500-001-V2-3457,O-20250717-194500-001-V2-3459,BUY,FLAT,0.00,100000.00,1752781500000000000,2025-07-17 19:45:00+00:00,1752791580000000000,2025-07-17 22:33:00+00:00,10080000000000.0,1.15986,1.16098,['4.64 USD'],0.00097,107.36 USD,True
BACKTESTER-001,MLSignalStrategyV2-V2,EUR/USD.IDEALPRO,IDEALPRO-001,O-20250717-231500-001-V2-3460,O-20250717-231500-001-V2-3462,BUY,FLAT,0.00,100000.00,1752794100000000000,2025-07-17 23:15:00+00:00,1752798180000000000,2025-07-18 00:23:00+00:00,4080000000000.0,1.16162,1.16248,['4.64 USD'],0.00074,81.36 USD,True
BACKTESTER-001,MLSignalStrategyV2-V2,EUR/USD.IDEALPRO,IDEALPRO-001,O-20250718-160000-001-V2-3463,O-20250718-160000-001-V2-3465,SELL,FLAT,0.00,100000.00,1752854400000000000,2025-07-18 16:00:00+00:00,1752855900000000000,2025-07-18 16:25:00+00:00,1500000000000.0,1.16446,1.16299,['4.66 USD'],0.00126,142.34 USD,True
BACKTESTER-001,MLSignalStrategyV2-V2,EUR/USD.IDEALPRO,IDEALPRO-001,O-20250718-200000-001-V2-3466,O-20250718-200000-001-V2-3467,SELL,FLAT,0.00,100000.00,1752868800000000000,2025-07-18 20:00:00+00:00,1752872340000000000,2025-07-18 20:59:00+00:00,3540000000000.0,1.16224,1.16297,['4.65 USD'],-0.00063,-77.65 USD,True
BACKTESTER-001,MLSignalStrategyV2-V2,EUR/USD.IDEALPRO,IDEALPRO-001,O-20250720-220000-001-V2-3469,O-20250720-220000-001-V2-3470,BUY,FLAT,0.00,100000.00,1753048800000000000,2025-07-20 22:00:00+00:00,1753049100000000000,2025-07-20 22:05:00+00:00,300000000000.0,1.16345,1.16249,['4.65 USD'],-0.00083,-100.65 USD,True
BACKTESTER-001,MLSignalStrategyV2-V2,EUR/USD.IDEALPRO,IDEALPRO-001,O-20250720-221500-001-V2-3472,O-20250720-221500-001-V2-3473,BUY,FLAT,0.00,100000.00,1753049700000000000,2025-07-20 22:15:00+00:00,1753051320000000000,2025-07-20 22:42:00+00:00,1620000000000.0,1.16311,1.1625,['4.66 USD'],-0.00052,-65.66 USD,True
BACKTESTER-001,MLSignalStrategyV2-V2,EUR/USD.IDEALPRO,IDEALPRO-001,O-20250720-224500-001-V2-3475,O-20250720-224500-001-V2-3477,BUY,FLAT,0.00,100000.00,1753051500000000000,2025-07-20 22:45:00+00:00,1753056780000000000,2025-07-21 00:13:00+00:00,5280000000000.0,1.16252,1.16338,['4.66 USD'],0.00074,81.34 USD,True
BACKTESTER-001,MLSignalStrategyV2-V2,EUR/USD.IDEALPRO,IDEALPRO-001,O-20250721-023000-001-V2-3478,O-20250721-023000-001-V2-3480,BUY,FLAT,0.00,100000.00,1753065000000000000,2025-07-21 02:30:00+00:00,1753074240000000000,2025-07-21 05:04:00+00:00,9240000000000.0,1.16216,1.16308,['4.65 USD'],0.00079,87.35 USD,True
BACKTESTER-001,MLSignalStrategyV2-V2,EUR/USD.IDEALPRO,IDEALPRO-001,O-20250721-111500-001-V2-3481,O-20250721-111500-001-V2-3482,SELL,FLAT,0.00,100000.00,1753096500000000000,2025-07-21 11:15:00+00:00,1753098420000000000,2025-07-21 11:47:00+00:00,1920000000000.0,1.16593,1.16673,['4.66 USD'],-0.00069,-84.66 USD,True
BACKTESTER-001,MLSignalStrategyV2-V2,EUR/USD.IDEALPRO,IDEALPRO-001,O-20250721-121500-001-V2-3484,O-20250721-121500-001-V2-3485,SELL,FLAT,0.00,100000.00,1753100100000000000,2025-07-21 12:15:00+00:00,1753106580000000000,2025-07-21 14:03:00+00:00,6480000000000.0,1.16686,1.16762,['4.67 USD'],-0.00065,-80.67 USD,True
BACKTESTER-001,MLSignalStrategyV2-V2,EUR/USD.IDEALPRO,IDEALPRO-001,O-20250721-144500-001-V2-3487,O-20250721-144500-001-V2-3488,SELL,FLAT,0.00,100000.00,1753109100000000000,2025-07-21 14:45:00+00:00,1753109820000000000,2025-07-21 14:57:00+00:00,720000000000.0,1.16884,1.16978,['4.68 USD'],-0.0008,-98.68 USD,True
BACKTESTER-001,MLSignalStrategyV2-V2,EUR/USD.IDEALPRO,IDEALPRO-001,O-20250721-150000-001-V2-3490,O-20250721-150000-001-V2-3491,SELL,FLAT,0.00,100000.00,1753110000000000000,2025-07-21 15:00:00+00:00,1753110720000000000,2025-07-21 15:12:00+00:00,720000000000.0,1.16966,1.17068,['4.68 USD'],-0.00087,-106.68 USD,True
BACKTESTER-001,MLSignalStrategyV2-V2,EUR/USD.IDEALPRO,IDEALPRO-001,O-20250721-151500-001-V2-3493,O-20250721-151500-001-V2-3494,SELL,FLAT,0.00,100000.00,1753110900000000000,2025-07-21 15:15:00+00:00,1753111260000000000,2025-07-21 15:21:00+00:00,360000000000.0,1.17055,1.17152,['4.68 USD'],-0.00083,-101.68 USD,True
BACKTESTER-001,MLSignalStrategyV2-V2,EUR/USD.IDEALPRO,IDEALPRO-001,O-20250721-153000-001-V2-3496,O-20250721-153000-001-V2-3498,SELL,FLAT,0.00,100000.00,1753111800000000000,2025-07-21 15:30:00+00:00,1753114020000000000,2025-07-21 16:07:00+00:00,2220000000000.0,1.17133,1.16989,['4.68 USD'],0.00123,139.32 USD,True
BACKTESTER-001,MLSignalStrategyV2-V2,EUR/USD.IDEALPRO,IDEALPRO-001,O-20250721-170000-001-V2-3499,O-20250721-170000-001-V2-3501,SELL,FLAT,0.00,100000.00,1753117200000000000,2025-07-21 17:00:00+00:00,1753118880000000000,2025-07-21 17:28:00+00:00,1680000000000.0,1.17001,1.16867,['4.68 USD'],0.00115,129.32 USD,True
BACKTESTER-001,MLSignalStrategyV2-V2,EUR/USD.IDEALPRO,IDEALPRO-001,O-20250721-173000-001-V2-3502,O-20250721-173000-001-V2-3503,SELL,FLAT,0.00,100000.00,1753119000000000000,2025-07-21 17:30:00+00:00,1753173240000000000,2025-07-22 08:34:00+00:00,54240000000000.0,1.16894,1.16976,['4.68 USD'],-0.0007,-86.68 USD,True
BACKTESTER-001,MLSignalStrategyV2-V2,EUR/USD.IDEALPRO,IDEALPRO-001,O-20250722-140000-001-V2-3505,O-20250722-140000-001-V2-3506,BUY,FLAT,0.00,100000.00,1753192800000000000,2025-07-22 14:00:00+00:00,1753193280000000000,2025-07-22 14:08:00+00:00,480000000000.0,1.17043,1.1691,['4.68 USD'],-0.00114,-137.68 USD,True
BACKTESTER-001,MLSignalStrategyV2-V2,EUR/USD.IDEALPRO,IDEALPRO-001,O-20250722-160000-001-V2-3508,O-20250722-160000-001-V2-3509,SELL,FLAT,0.00,100000.00,1753200000000000000,2025-07-22 16:00:00+00:00,1753201860000000000,2025-07-22 16:31:00+00:00,1860000000000.0,1.1748,1.17607,['4.70 USD'],-0.00108,-131.70 USD,True
BACKTESTER-001,MLSignalStrategyV2-V2,EUR/USD.IDEALPRO,IDEALPRO-001,O-20250722-164500-001-V2-3511,O-20250722-164500-001-V2-3513,SELL,FLAT,0.00,100000.00,1753202700000000000,2025-07-22 16:45:00+00:00,1753227300000000000,2025-07-22 23:35:00+00:00,24600000000000.0,1.17574,1.17403,['4.70 USD'],0.00145,166.30 USD,True
BACKTESTER-001,MLSignalStrategyV2-V2,EUR/USD.IDEALPRO,IDEALPRO-001,O-20250722-234500-001-V2-3514,O-20250722-234500-001-V2-3515,BUY,FLAT,0.00,100000.00,1753227900000000000,2025-07-22 23:45:00+00:00,1753229400000000000,2025-07-23 00:10:00+00:00,1500000000000.0,1.17395,1.17341,['4.70 USD'],-0.00046,-58.70 USD,True
BACKTESTER-001,MLSignalStrategyV2-V2,EUR/USD.IDEALPRO,IDEALPRO-001,O-20250723-030000-001-V2-3517,O-20250723-030000-001-V2-3518,SELL,FLAT,0.00,100000.00,1753239600000000000,2025-07-23 03:00:00+00:00,1753240980000000000,2025-07-23 03:23:00+00:00,1380000000000.0,1.17349,1.17418,['4.70 USD'],-0.00059,-73.70 USD,True
BACKTESTER-001,MLSignalStrategyV2-V2,EUR/USD.IDEALPRO,IDEALPRO-001,O-20250723-034500-001-V2-3520,O-20250723-034500-001-V2-3522,SELL,FLAT,0.00,100000.00,1753242300000000000,2025-07-23 03:45:00+00:00,1753243440000000000,2025-07-23 04:04:00+00:00,1140000000000.0,1.17447,1.17359,['4.70 USD'],0.00075,83.30 USD,True
BACKTESTER-001,MLSignalStrategyV2-V2,EUR/USD.IDEALPRO,IDEALPRO-001,O-20250723-043000-001-V2-3523,O-20250723-043000-001-V2-3524,SELL,FLAT,0.00,100000.00,1753245000000000000,2025-07-23 04:30:00+00:00,1753253940000000000,2025-07-23 06:59:00+00:00,8940000000000.0,1.17358,1.17424,['4.70 USD'],-0.00056,-70.70 USD,True
BACKTESTER-001,MLSignalStrategyV2-V2,EUR/USD.IDEALPRO,IDEALPRO-001,O-20250723-110000-001-V2-3526,O-20250723-110000-001-V2-3527,SELL,FLAT,0.00,100000.00,1753268400000000000,2025-07-23 11:00:00+00:00,1753273260000000000,2025-07-23 12:21:00+00:00,4860000000000.0,1.1726,1.17332,['4.70 USD'],-0.00061,-76.70 USD,True
BACKTESTER-001,MLSignalStrategyV2-V2,EUR/USD.IDEALPRO,IDEALPRO-001,O-20250723-141500-001-V2-3529,O-20250723-141500-001-V2-3530,SELL,FLAT,0.00,100000.00,1753280100000000000,2025-07-23 14:15:00+00:00,1753283460000000000,2025-07-23 15:11:00+00:00,3360000000000.0,1.17302,1.17411,['4.70 USD'],-0.00093,-113.70 USD,True
BACKTESTER-001,MLSignalStrategyV2-V2,EUR/USD.IDEALPRO,IDEALPRO-001,O-20250723-203000-001-V2-3532,O-20250723-203000-001-V2-3533,BUY,FLAT,0.00,100000.00,1753302600000000000,2025-07-23 20:30:00+00:00,1753303980000000000,2025-07-23 20:53:00+00:00,1380000000000.0,1.17733,1.17667,['4.70 USD'],-0.00056,-70.70 USD,True
BACKTESTER-001,MLSignalStrategyV2-V2,EUR/USD.IDEALPRO,IDEALPRO-001,O-20250723-214500-001-V2-3535,O-20250723-214500-001-V2-3536,BUY,FLAT,0.00,100000.00,1753307100000000000,2025-07-23 21:45:00+00:00,1753315620000000000,2025-07-24 00:07:00+00:00,8520000000000.0,1.17748,1.17686,['4.70 USD'],-0.00053,-66.70 USD,True
BACKTESTER-001,MLSignalStrategyV2-V2,EUR/USD.IDEALPRO,IDEALPRO-001,O-20250724-003000-001-V2-3538,O-20250724-003000-001-V2-3539,BUY,FLAT,0.00,100000.00,1753317000000000000,2025-07-24 00:30:00+00:00,1753317120000000000,2025-07-24 00:32:00+00:00,120000000000.0,1.17709,1.17657,['4.70 USD'],-0.00044,-56.70 USD,True
BACKTESTER-001,MLSignalStrategyV2-V2,EUR/USD.IDEALPRO,IDEALPRO-001,O-20250724-004500-001-V2-3541,O-20250724-004500-001-V2-3543,BUY,FLAT,0.00,100000.00,1753317900000000000,2025-07-24 00:45:00+00:00,1753318980000000000,2025-07-24 01:03:00+00:00,1080000000000.0,1.1764,1.1771,['4.70 USD'],0.0006,65.30 USD,True
BACKTESTER-001,MLSignalStrategyV2-V2,EUR/USD.IDEALPRO,IDEALPRO-001,O-20250724-043000-001-V2-3544,O-20250724-043000-001-V2-3546,SELL,FLAT,0.00,100000.00,1753331400000000000,2025-07-24 04:30:00+00:00,1753337280000000000,2025-07-24 06:08:00+00:00,5880000000000.0,1.17765,1.17675,['4.71 USD'],0.00076,85.29 USD,True
BACKTESTER-001,MLSignalStrategyV2-V2,EUR/USD.IDEALPRO,IDEALPRO-001,O-20250724-061500-001-V2-3547,O-20250724-061500-001-V2-3548,BUY,FLAT,0.00,100000.00,1753337700000000000,2025-07-24 06:15:00+00:00,1753339260000000000,2025-07-24 06:41:00+00:00,1560000000000.0,1.17683,1.17636,['4.70 USD'],-0.0004,-51.70 USD,True
BACKTESTER-001,MLSignalStrategyV2-V2,EUR/USD.IDEALPRO,IDEALPRO-001,O-20250724-094500-001-V2-3550,O-20250724-094500-001-V2-3551,BUY,FLAT,0.00,100000.00,1753350300000000000,2025-07-24 09:45:00+00:00,1753353420000000000,2025-07-24 10:37:00+00:00,3120000000000.0,1.17514,1.17435,['4.70 USD'],-0.00067,-83.70 USD,True
BACKTESTER-001,MLSignalStrategyV2-V2,EUR/USD.IDEALPRO,IDEALPRO-001,O-20250724-120000-001-V2-3553,O-20250724-120000-001-V2-3555,SELL,FLAT,0.00,100000.00,1753358400000000000,2025-07-24 12:00:00+00:00,1753360260000000000,2025-07-24 12:31:00+00:00,1860000000000.0,1.17558,1.17461,['4.70 USD'],0.00083,92.30 USD,True
BACKTESTER-001,MLSignalStrategyV2-V2,EUR/USD.IDEALPRO,IDEALPRO-001,O-20250724-124500-001-V2-3556,O-20250724-124500-001-V2-3558,BUY,FLAT,0.00,100000.00,1753361100000000000,2025-07-24 12:45:00+00:00,1753362420000000000,2025-07-24 13:07:00+00:00,1320000000000.0,1.17377,1.17489,['4.70 USD'],0.00095,107.30 USD,True
BACKTESTER-001,MLSignalStrategyV2-V2,EUR/USD.IDEALPRO,IDEALPRO-001,O-20250724-194500-001-V2-3559,O-20250724-194500-001-V2-3560,BUY,FLAT,0.00,100000.00,1753386300000000000,2025-07-24 19:45:00+00:00,1753387020000000000,2025-07-24 19:57:00+00:00,720000000000.0,1.17668,1.17604,['4.70 USD'],-0.00054,-68.70 USD,True
BACKTESTER-001,MLSignalStrategyV2-V2,EUR/USD.IDEALPRO,IDEALPRO-001,O-20250724-210000-001-V2-3562,O-20250724-210000-001-V2-3564,BUY,FLAT,0.00,100000.00,1753390800000000000,2025-07-24 21:00:00+00:00,1753401240000000000,2025-07-24 23:54:00+00:00,10440000000000.0,1.17479,1.17574,['4.70 USD'],0.00081,90.30 USD,True
BACKTESTER-001,MLSignalStrategyV2-V2,EUR/USD.IDEALPRO,IDEALPRO-001,O-20250725-013000-001-V2-3565,O-20250725-013000-001-V2-3567,SELL,FLAT,0.00,100000.00,1753407000000000000,2025-07-25 01:30:00+00:00,1753411560000000000,2025-07-25 02:46:00+00:00,4560000000000.0,1.17442,1.1735,['4.70 USD'],0.00078,87.30 USD,True
BACKTESTER-001,MLSignalStrategyV2-V2,EUR/USD.IDEALPRO,IDEALPRO-001,O-20250725-073000-001-V2-3568,O-20250725-073000-001-V2-3569,BUY,FLAT,0.00,100000.00,1753428600000000000,2025-07-25 07:30:00+00:00,1753431300000000000,2025-07-25 08:15:00+00:00,2700000000000.0,1.17526,1.17419,['4.70 USD'],-0.00091,-111.70 USD,True
BACKTESTER-001,MLSignalStrategyV2-V2,EUR/USD.IDEALPRO,IDEALPRO-001,O-20250725-093000-001-V2-3571,O-20250725-093000-001-V2-3572,BUY,FLAT,0.00,100000.00,1753435800000000000,2025-07-25 09:30:00+00:00,1753440660000000000,2025-07-25 10:51:00+00:00,4860000000000.0,1.1737,1.1726,['4.70 USD'],-0.00094,-114.70 USD,True
BACKTESTER-001,MLSignalStrategyV2-V2,EUR/USD.IDEALPRO,IDEALPRO-001,O-20250725-131500-001-V2-3574,O-20250725-131500-001-V2-3576,BUY,FLAT,0.00,100000.00,1753449300000000000,2025-07-25 13:15:00+00:00,1753449600000000000,2025-07-25 13:20:00+00:00,300000000000.0,1.17106,1.17242,['4.68 USD'],0.00116,131.32 USD,True
BACKTESTER-001,MLSignalStrategyV2-V2,EUR/USD.IDEALPRO,IDEALPRO-001,O-20250725-133000-001-V2-3577,O-20250725-133000-001-V2-3578,BUY,FLAT,0.00,100000.00,1753450200000000000,2025-07-25 13:30:00+00:00,1753450920000000000,2025-07-25 13:42:00+00:00,720000000000.0,1.17226,1.17108,['4.68 USD'],-0.00101,-122.68 USD,True
BACKTESTER-001,MLSignalStrategyV2-V2,EUR/USD.IDEALPRO,IDEALPRO-001,O-20250725-151500-001-V2-3580,O-20250725-151500-001-V2-3581,SELL,FLAT,0.00,100000.00,1753456500000000000,2025-07-25 15:15:00+00:00,1753467240000000000,2025-07-25 18:14:00+00:00,10740000000000.0,1.17299,1.17405,['4.70 USD'],-0.0009,-110.70 USD,True
BACKTESTER-001,MLSignalStrategyV2-V2,EUR/USD.IDEALPRO,IDEALPRO-001,O-20250725-200000-001-V2-3583,O-20250725-200000-001-V2-3584,BUY,FLAT,0.00,100000.00,1753473600000000000,2025-07-25 20:00:00+00:00,1753474920000000000,2025-07-25 20:22:00+00:00,1320000000000.0,1.1744,1.17375,['4.70 USD'],-0.00055,-69.70 USD,True
BACKTESTER-001,MLSignalStrategyV2-V2,EUR/USD.IDEALPRO,IDEALPRO-001,O-20250728-050000-001-V2-3586,O-20250728-050000-001-V2-3588,SELL,FLAT,0.00,100000.00,1753678800000000000,2025-07-28 05:00:00+00:00,1753682460000000000,2025-07-28 06:01:00+00:00,3660000000000.0,1.17474,1.17394,['4.70 USD'],0.00068,75.30 USD,True
BACKTESTER-001,MLSignalStrategyV2-V2,EUR/USD.IDEALPRO,IDEALPRO-001,O-20250728-073000-001-V2-3589,O-20250728-073000-001-V2-3590,BUY,FLAT,0.00,100000.00,1753687800000000000,2025-07-28 07:30:00+00:00,1753687920000000000,2025-07-28 07:32:00+00:00,120000000000.0,1.1709,1.16988,['4.68 USD'],-0.00087,-106.68 USD,True
BACKTESTER-001,MLSignalStrategyV2-V2,EUR/USD.IDEALPRO,IDEALPRO-001,O-20250728-074500-001-V2-3592,O-20250728-074500-001-V2-3593,BUY,FLAT,0.00,100000.00,1753688700000000000,2025-07-28 07:45:00+00:00,1753689180000000000,2025-07-28 07:53:00+00:00,480000000000.0,1.16914,1.16809,['4.68 USD'],-0.0009,-109.68 USD,True
BACKTESTER-001,MLSignalStrategyV2-V2,EUR/USD.IDEALPRO,IDEALPRO-001,O-20250728-080000-001-V2-3595,O-20250728-080000-001-V2-3596,BUY,FLAT,0.00,100000.00,1753689600000000000,2025-07-28 08:00:00+00:00,1753695420000000000,2025-07-28 09:37:00+00:00,5820000000000.0,1.16749,1.16583,['4.66 USD'],-0.00142,-170.66 USD,True
BACKTESTER-001,MLSignalStrategyV2-V2,EUR/USD.IDEALPRO,IDEALPRO-001,O-20250728-100000-001-V2-3598,O-20250728-100000-001-V2-3599,BUY,FLAT,0.00,100000.00,1753696800000000000,2025-07-28 10:00:00+00:00,1753698300000000000,2025-07-28 10:25:00+00:00,1500000000000.0,1.16669,1.16552,['4.66 USD'],-0.001,-121.66 USD,True
BACKTESTER-001,MLSignalStrategyV2-V2,EUR/USD.IDEALPRO,IDEALPRO-001,O-20250728-103000-001-V2-3601,O-20250728-103000-001-V2-3602,BUY,FLAT,0.00,100000.00,1753698600000000000,2025-07-28 10:30:00+00:00,1753701480000000000,2025-07-28 11:18:00+00:00,2880000000000.0,1.16591,1.16467,['4.66 USD'],-0.00106,-128.66 USD,True
BACKTESTER-001,MLSignalStrategyV2-V2,EUR/USD.IDEALPRO,IDEALPRO-001,O-20250728-113000-001-V2-3604,O-20250728-113000-001-V2-3605,BUY,FLAT,0.00,100000.00,1753702200000000000,2025-07-28 11:30:00+00:00,1753708920000000000,2025-07-28 13:22:00+00:00,6720000000000.0,1.16514,1.1638,['4.66 USD'],-0.00115,-138.66 USD,True
BACKTESTER-001,MLSignalStrategyV2-V2,EUR/USD.IDEALPRO,IDEALPRO-001,O-20250728-133000-001-V2-3607,O-20250728-133000-001-V2-3608,BUY,FLAT,0.00,100000.00,1753709400000000000,2025-07-28 13:30:00+00:00,1753710600000000000,2025-07-28 13:50:00+00:00,1200000000000.0,1.16379,1.16266,['4.66 USD'],-0.00097,-117.66 USD,True
BACKTESTER-001,MLSignalStrategyV2-V2,EUR/USD.IDEALPRO,IDEALPRO-001,O-20250728-150000-001-V2-3610,O-20250728-150000-001-V2-3611,BUY,FLAT,0.00,100000.00,1753714800000000000,2025-07-28 15:00:00+00:00,1753715580000000000,2025-07-28 15:13:00+00:00,780000000000.0,1.16372,1.16266,['4.66 USD'],-0.00091,-110.66 USD,True
BACKTESTER-001,MLSignalStrategyV2-V2,EUR/USD.IDEALPRO,IDEALPRO-001,O-20250728-151500-001-V2-3613,O-20250728-151500-001-V2-3614,BUY,FLAT,0.00,100000.00,1753715700000000000,2025-07-28 15:15:00+00:00,1753717320000000000,2025-07-28 15:42:00+00:00,1620000000000.0,1.16259,1.16137,['4.65 USD'],-0.00105,-126.65 USD,True
BACKTESTER-001,MLSignalStrategyV2-V2,EUR/USD.IDEALPRO,IDEALPRO-001,O-20250728-154500-001-V2-3616,O-20250728-154500-001-V2-3617,BUY,FLAT,0.00,100000.00,1753717500000000000,2025-07-28 15:45:00+00:00,1753719360000000000,2025-07-28 16:16:00+00:00,1860000000000.0,1.16153,1.16036,['4.64 USD'],-0.00101,-121.64 USD,True
BACKTESTER-001,MLSignalStrategyV2-V2,EUR/USD.IDEALPRO,IDEALPRO-001,O-20250728-170000-001-V2-3619,O-20250728-170000-001-V2-3620,BUY,FLAT,0.00,100000.00,1753722000000000000,2025-07-28 17:00:00+00:00,1753725060000000000,2025-07-28 17:51:00+00:00,3060000000000.0,1.15992,1.15892,['4.64 USD'],-0.00086,-104.64 USD,True
BACKTESTER-001,MLSignalStrategyV2-V2,EUR/USD.IDEALPRO,IDEALPRO-001,O-20250728-191500-001-V2-3622,O-20250728-191500-001-V2-3623,BUY,FLAT,0.00,100000.00,1753730100000000000,2025-07-28 19:15:00+00:00,1753750500000000000,2025-07-29 00:55:00+00:00,20400000000000.0,1.15916,1.1585,['4.64 USD'],-0.00057,-70.64 USD,True
BACKTESTER-001,MLSignalStrategyV2-V2,EUR/USD.IDEALPRO,IDEALPRO-001,O-20250729-010000-001-V2-3625,O-20250729-010000-001-V2-3627,BUY,FLAT,0.00,100000.00,1753750800000000000,2025-07-29 01:00:00+00:00,1753751880000000000,2025-07-29 01:18:00+00:00,1080000000000.0,1.15853,1.15926,['4.64 USD'],0.00063,68.36 USD,True
BACKTESTER-001,MLSignalStrategyV2-V2,EUR/USD.IDEALPRO,IDEALPRO-001,O-20250729-023000-001-V2-3628,O-20250729-023000-001-V2-3630,SELL,FLAT,0.00,100000.00,1753756200000000000,2025-07-29 02:30:00+00:00,1753759920000000000,2025-07-29 03:32:00+00:00,3720000000000.0,1.15981,1.15889,['4.64 USD'],0.00079,87.36 USD,True
BACKTESTER-001,MLSignalStrategyV2-V2,EUR/USD.IDEALPRO,IDEALPRO-001,O-20250729-040000-001-V2-3631,O-20250729-040000-001-V2-3632,BUY,FLAT,0.00,100000.00,1753761600000000000,2025-07-29 04:00:00+00:00,1753762680000000000,2025-07-29 04:18:00+00:00,1080000000000.0,1.15831,1.15762,['4.64 USD'],-0.0006,-73.64 USD,True
BACKTESTER-001,MLSignalStrategyV2-V2,EUR/USD.IDEALPRO,IDEALPRO-001,O-20250729-070000-001-V2-3634,O-20250729-070000-001-V2-3636,BUY,FLAT,0.00,100000.00,1753772400000000000,2025-07-29 07:00:00+00:00,1753775700000000000,2025-07-29 07:55:00+00:00,3300000000000.0,1.1534,1.15515,['4.62 USD'],0.00152,170.38 USD,True
BACKTESTER-001,MLSignalStrategyV2-V2,EUR/USD.IDEALPRO,IDEALPRO-001,O-20250729-080000-001-V2-3637,O-20250729-080000-001-V2-3639,BUY,FLAT,0.00,100000.00,1753776000000000000,2025-07-29 08:00:00+00:00,1753779660000000000,2025-07-29 09:01:00+00:00,3660000000000.0,1.15549,1.1575,['4.63 USD'],0.00174,196.37 USD,True
BACKTESTER-001,MLSignalStrategyV2-V2,EUR/USD.IDEALPRO,IDEALPRO-001,O-20250729-100000-001-V2-3640,O-20250729-100000-001-V2-3641,SELL,FLAT,0.00,100000.00,1753783200000000000,2025-07-29 10:00:00+00:00,1753785000000000000,2025-07-29 10:30:00+00:00,1800000000000.0,1.15768,1.15877,['4.64 USD'],-0.00094,-113.64 USD,True
BACKTESTER-001,MLSignalStrategyV2-V2,EUR/USD.IDEALPRO,IDEALPRO-001,O-20250729-114500-001-V2-3643,O-20250729-114500-001-V2-3644,BUY,FLAT,0.00,100000.00,1753789500000000000,2025-07-29 11:45:00+00:00,1753790940000000000,2025-07-29 12:09:00+00:00,1440000000000.0,1.1545,1.15337,['4.62 USD'],-0.00098,-117.62 USD,True
BACKTESTER-001,MLSignalStrategyV2-V2,EUR/USD.IDEALPRO,IDEALPRO-001,O-20250729-121500-001-V2-3646,O-20250729-121500-001-V2-3647,BUY,FLAT,0.00,100000.00,1753791300000000000,2025-07-29 12:15:00+00:00,1753794060000000000,2025-07-29 13:01:00+00:00,2760000000000.0,1.15348,1.15221,['4.61 USD'],-0.0011,-131.61 USD,True
BACKTESTER-001,MLSignalStrategyV2-V2,EUR/USD.IDEALPRO,IDEALPRO-001,O-20250729-163000-001-V2-3649,O-20250729-163000-001-V2-3651,BUY,FLAT,0.00,100000.00,1753806600000000000,2025-07-29 16:30:00+00:00,1753835160000000000,2025-07-30 00:26:00+00:00,28560000000000.0,1.15442,1.15622,['4.62 USD'],0.00156,175.38 USD,True
BACKTESTER-001,MLSignalStrategyV2-V2,EUR/USD.IDEALPRO,IDEALPRO-001,O-20250730-020000-001-V2-3652,O-20250730-020000-001-V2-3653,SELL,FLAT,0.00,100000.00,1753840800000000000,2025-07-30 02:00:00+00:00,1753845060000000000,2025-07-30 03:11:00+00:00,4260000000000.0,1.15642,1.15696,['4.62 USD'],-0.00047,-58.62 USD,True
BACKTESTER-001,MLSignalStrategyV2-V2,EUR/USD.IDEALPRO,IDEALPRO-001,O-20250730-033000-001-V2-3655,O-20250730-033000-001-V2-3657,SELL,FLAT,0.00,100000.00,1753846200000000000,2025-07-30 03:30:00+00:00,1753848120000000000,2025-07-30 04:02:00+00:00,1920000000000.0,1.15653,1.15576,['4.62 USD'],0.00067,72.38 USD,True
BACKTESTER-001,MLSignalStrategyV2-V2,EUR/USD.IDEALPRO,IDEALPRO-001,O-20250730-053000-001-V2-3658,O-20250730-053000-001-V2-3659,SELL,FLAT,0.00,100000.00,1753853400000000000,2025-07-30 05:30:00+00:00,1753853760000000000,2025-07-30 05:36:00+00:00,360000000000.0,1.15542,1.15596,['4.62 USD'],-0.00047,-58.62 USD,True
BACKTESTER-001,MLSignalStrategyV2-V2,EUR/USD.IDEALPRO,IDEALPRO-001,O-20250730-083000-001-V2-3661,O-20250730-083000-001-V2-3662,BUY,FLAT,0.00,100000.00,1753864200000000000,2025-07-30 08:30:00+00:00,1753868880000000000,2025-07-30 09:48:00+00:00,4680000000000.0,1.15551,1.15461,['4.62 USD'],-0.00078,-94.62 USD,True
BACKTESTER-001,MLSignalStrategyV2-V2,EUR/USD.IDEALPRO,IDEALPRO-001,O-20250730-101500-001-V2-3664,O-20250730-101500-001-V2-3665,BUY,FLAT,0.00,100000.00,1753870500000000000,2025-07-30 10:15:00+00:00,1753870980000000000,2025-07-30 10:23:00+00:00,480000000000.0,1.15515,1.15447,['4.62 USD'],-0.00059,-72.62 USD,True
BACKTESTER-001,MLSignalStrategyV2-V2,EUR/USD.IDEALPRO,IDEALPRO-001,O-20250730-103000-001-V2-3667,O-20250730-103000-001-V2-3668,BUY,FLAT,0.00,100000.00,1753871400000000000,2025-07-30 10:30:00+00:00,1753871940000000000,2025-07-30 10:39:00+00:00,540000000000.0,1.15421,1.15335,['4.62 USD'],-0.00075,-90.62 USD,True
BACKTESTER-001,MLSignalStrategyV2-V2,EUR/USD.IDEALPRO,IDEALPRO-001,O-20250730-104500-001-V2-3670,O-20250730-104500-001-V2-3671,BUY,FLAT,0.00,100000.00,1753872300000000000,2025-07-30 10:45:00+00:00,1753873740000000000,2025-07-30 11:09:00+00:00,1440000000000.0,1.15396,1.15305,['4.62 USD'],-0.00079,-95.62 USD,True
BACKTESTER-001,MLSignalStrategyV2-V2,EUR/USD.IDEALPRO,IDEALPRO-001,O-20250730-144500-001-V2-3673,O-20250730-144500-001-V2-3674,BUY,FLAT,0.00,100000.00,1753886700000000000,2025-07-30 14:45:00+00:00,1753890900000000000,2025-07-30 15:55:00+00:00,4200000000000.0,1.1477,1.14647,['4.59 USD'],-0.00107,-127.59 USD,True
BACKTESTER-001,MLSignalStrategyV2-V2,EUR/USD.IDEALPRO,IDEALPRO-001,O-20250730-160000-001-V2-3676,O-20250730-160000-001-V2-3678,BUY,FLAT,0.00,100000.00,1753891200000000000,2025-07-30 16:00:00+00:00,1753898460000000000,2025-07-30 18:01:00+00:00,7260000000000.0,1.14689,1.14913,['4.59 USD'],0.00195,219.41 USD,True
BACKTESTER-001,MLSignalStrategyV2-V2,EUR/USD.IDEALPRO,IDEALPRO-001,O-20250730-200000-001-V2-3679,O-20250730-200000-001-V2-3680,BUY,FLAT,0.00,100000.00,1753905600000000000,2025-07-30 20:00:00+00:00,1753907040000000000,2025-07-30 20:24:00+00:00,1440000000000.0,1.14241,1.14023,['4.56 USD'],-0.00191,-222.56 USD,True
BACKTESTER-001,MLSignalStrategyV2-V2,EUR/USD.IDEALPRO,IDEALPRO-001,O-20250730-203000-001-V2-3682,O-20250730-203000-001-V2-3684,BUY,FLAT,0.00,100000.00,1753907400000000000,2025-07-30 20:30:00+00:00,1753919160000000000,2025-07-30 23:46:00+00:00,11760000000000.0,1.14061,1.14293,['4.57 USD'],0.00203,227.43 USD,True
BACKTESTER-001,MLSignalStrategyV2-V2,EUR/USD.IDEALPRO,IDEALPRO-001,O-20250731-000000-001-V2-3685,O-20250731-000000-001-V2-3686,BUY,FLAT,0.00,100000.00,1753920000000000000,2025-07-31 00:00:00+00:00,1753929840000000000,2025-07-31 02:44:00+00:00,9840000000000.0,1.14281,1.14213,['4.57 USD'],-0.0006,-72.57 USD,True
BACKTESTER-001,MLSignalStrategyV2-V2,EUR/USD.IDEALPRO,IDEALPRO-001,O-20250731-034500-001-V2-3688,O-20250731-034500-001-V2-3690,BUY,FLAT,0.00,100000.00,1753933500000000000,2025-07-31 03:45:00+00:00,1753938000000000000,2025-07-31 05:00:00+00:00,4500000000000.0,1.14206,1.14365,['4.57 USD'],0.00139,154.43 USD,True
BACKTESTER-001,MLSignalStrategyV2-V2,EUR/USD.IDEALPRO,IDEALPRO-001,O-20250731-061500-001-V2-3691,O-20250731-061500-001-V2-3693,BUY,FLAT,0.00,100000.00,1753942500000000000,2025-07-31 06:15:00+00:00,1753943040000000000,2025-07-31 06:24:00+00:00,540000000000.0,1.14395,1.14503,['4.58 USD'],0.00094,103.42 USD,True
BACKTESTER-001,MLSignalStrategyV2-V2,EUR/USD.IDEALPRO,IDEALPRO-001,O-20250731-064500-001-V2-3694,O-20250731-064500-001-V2-3695,BUY,FLAT,0.00,100000.00,1753944300000000000,2025-07-31 06:45:00+00:00,1753946760000000000,2025-07-31 07:26:00+00:00,2460000000000.0,1.14529,1.14417,['4.58 USD'],-0.00098,-116.58 USD,True
BACKTESTER-001,MLSignalStrategyV2-V2,EUR/USD.IDEALPRO,IDEALPRO-001,O-20250731-131500-001-V2-3697,O-20250731-131500-001-V2-3699,BUY,FLAT,0.00,100000.00,1753967700000000000,2025-07-31 13:15:00+00:00,1753972320000000000,2025-07-31 14:32:00+00:00,4620000000000.0,1.1417,1.14339,['4.57 USD'],0.00148,164.43 USD,True
BACKTESTER-001,MLSignalStrategyV2-V2,EUR/USD.IDEALPRO,IDEALPRO-001,O-20250731-184500-001-V2-3700,O-20250731-184500-001-V2-3701,BUY,FLAT,0.00,100000.00,1753987500000000000,2025-07-31 18:45:00+00:00,1753991640000000000,2025-07-31 19:54:00+00:00,4140000000000.0,1.14293,1.14201,['4.57 USD'],-0.0008,-96.57 USD,True
BACKTESTER-001,MLSignalStrategyV2-V2,EUR/USD.IDEALPRO,IDEALPRO-001,O-20250731-210000-001-V2-3703,O-20250731-210000-001-V2-3704,SELL,FLAT,0.00,100000.00,1753995600000000000,2025-07-31 21:00:00+00:00,1754001240000000000,2025-07-31 22:34:00+00:00,5640000000000.0,1.14151,1.14226,['4.56 USD'],-0.00066,-79.56 USD,True
BACKTESTER-001,MLSignalStrategyV2-V2,EUR/USD.IDEALPRO,IDEALPRO-001,O-20250731-230000-001-V2-3706,O-20250731-230000-001-V2-3707,BUY,FLAT,0.00,100000.00,1754002800000000000,2025-07-31 23:00:00+00:00,1754004180000000000,2025-07-31 23:23:00+00:00,1380000000000.0,1.14179,1.14122,['4.56 USD'],-0.0005,-61.56 USD,True
BACKTESTER-001,MLSignalStrategyV2-V2,EUR/USD.IDEALPRO,IDEALPRO-001,O-20250801-020000-001-V2-3709,O-20250801-020000-001-V2-3711,BUY,FLAT,0.00,100000.00,1754013600000000000,2025-08-01 02:00:00+00:00,1754017620000000000,2025-08-01 03:07:00+00:00,4020000000000.0,1.14071,1.14212,['4.56 USD'],0.00124,136.44 USD,True
BACKTESTER-001,MLSignalStrategyV2-V2,EUR/USD.IDEALPRO,IDEALPRO-001,O-20250801-031500-001-V2-3712,O-20250801-031500-001-V2-3713,BUY,FLAT,0.00,100000.00,1754018100000000000,2025-08-01 03:15:00+00:00,1754019180000000000,2025-08-01 03:33:00+00:00,1080000000000.0,1.14218,1.14137,['4.56 USD'],-0.00071,-85.56 USD,True
BACKTESTER-001,MLSignalStrategyV2-V2,EUR/USD.IDEALPRO,IDEALPRO-001,O-20250801-094500-001-V2-3715,O-20250801-094500-001-V2-3717,BUY,FLAT,0.00,100000.00,1754041500000000000,2025-08-01 09:45:00+00:00,1754044380000000000,2025-08-01 10:33:00+00:00,2880000000000.0,1.14008,1.14135,['4.56 USD'],0.00111,122.44 USD,True
BACKTESTER-001,MLSignalStrategyV2-V2,EUR/USD.IDEALPRO,IDEALPRO-001,O-20250801-130000-001-V2-3718,O-20250801-130000-001-V2-3719,SELL,FLAT,0.00,100000.00,1754053200000000000,2025-08-01 13:00:00+00:00,1754055120000000000,2025-08-01 13:32:00+00:00,1920000000000.0,1.15453,1.1575,['4.63 USD'],-0.00257,-301.63 USD,True
BACKTESTER-001,MLSignalStrategyV2-V2,EUR/USD.IDEALPRO,IDEALPRO-001,O-20250801-134500-001-V2-3721,O-20250801-134500-001-V2-3723,SELL,FLAT,0.00,100000.00,1754055900000000000,2025-08-01 13:45:00+00:00,1754068080000000000,2025-08-01 17:08:00+00:00,12180000000000.0,1.15687,1.15267,['4.62 USD'],0.00363,415.38 USD,True
BACKTESTER-001,MLSignalStrategyV2-V2,EUR/USD.IDEALPRO,IDEALPRO-001,O-20250801-200000-001-V2-3724,O-20250801-200000-001-V2-3725,SELL,FLAT,0.00,100000.00,1754078400000000000,2025-08-01 20:00:00+00:00,1754079900000000000,2025-08-01 20:25:00+00:00,1500000000000.0,1.1569,1.15861,['4.63 USD'],-0.00148,-175.63 USD,True
BACKTESTER-001,MLSignalStrategyV2-V2,EUR/USD.IDEALPRO,IDEALPRO-001,O-20250801-203000-001-V2-3727,O-20250801-203000-001-V2-3729,SELL,FLAT,0.00,100000.00,1754080200000000000,2025-08-01 20:30:00+00:00,1754267100000000000,2025-08-04 00:25:00+00:00,186900000000000.0,1.15891,1.15652,['4.63 USD'],0.00206,234.37 USD,True
BACKTESTER-001,MLSignalStrategyV2-V2,EUR/USD.IDEALPRO,IDEALPRO-001,O-20250804-020000-001-V2-3730,O-20250804-020000-001-V2-3732,BUY,FLAT,0.00,100000.00,1754272800000000000,2025-08-04 02:00:00+00:00,1754276700000000000,2025-08-04 03:05:00+00:00,3900000000000.0,1.15713,1.15858,['4.63 USD'],0.00125,140.37 USD,True
BACKTESTER-001,MLSignalStrategyV2-V2,EUR/USD.IDEALPRO,IDEALPRO-001,O-20250804-071500-001-V2-3733,O-20250804-071500-001-V2-3734,BUY,FLAT,0.00,100000.00,1754291700000000000,2025-08-04 07:15:00+00:00,1754292360000000000,2025-08-04 07:26:00+00:00,660000000000.0,1.15662,1.15562,['4.62 USD'],-0.00086,-104.62 USD,True
BACKTESTER-001,MLSignalStrategyV2-V2,EUR/USD.IDEALPRO,IDEALPRO-001,O-20250804-073000-001-V2-3736,O-20250804-073000-001-V2-3737,SELL,FLAT,0.00,100000.00,1754292600000000000,2025-08-04 07:30:00+00:00,1754298720000000000,2025-08-04 09:12:00+00:00,6120000000000.0,1.15585,1.15695,['4.62 USD'],-0.00095,-114.62 USD,True
BACKTESTER-001,MLSignalStrategyV2-V2,EUR/USD.IDEALPRO,IDEALPRO-001,O-20250804-110000-001-V2-3739,O-20250804-110000-001-V2-3740,SELL,FLAT,0.00,100000.00,1754305200000000000,2025-08-04 11:00:00+00:00,1754306160000000000,2025-08-04 11:16:00+00:00,960000000000.0,1.15738,1.15844,['4.63 USD'],-0.00092,-110.63 USD,True
BACKTESTER-001,MLSignalStrategyV2-V2,EUR/USD.IDEALPRO,IDEALPRO-001,O-20250804-144500-001-V2-3742,O-20250804-144500-001-V2-3743,SELL,FLAT,0.00,100000.00,1754318700000000000,2025-08-04 14:45:00+00:00,1754352240000000000,2025-08-05 00:04:00+00:00,33540000000000.0,1.15745,1.15879,['4.63 USD'],-0.00116,-138.63 USD,True
BACKTESTER-001,MLSignalStrategyV2-V2,EUR/USD.IDEALPRO,IDEALPRO-001,O-20250805-004500-001-V2-3745,O-20250805-004500-001-V2-3747,SELL,FLAT,0.00,100000.00,1754354700000000000,2025-08-05 00:45:00+00:00,1754355900000000000,2025-08-05 01:05:00+00:00,1200000000000.0,1.15755,1.15665,['4.63 USD'],0.00078,85.37 USD,True
BACKTESTER-001,MLSignalStrategyV2-V2,EUR/USD.IDEALPRO,IDEALPRO-001,O-20250805-013000-001-V2-3748,O-20250805-013000-001-V2-3749,BUY,FLAT,0.00,100000.00,1754357400000000000,2025-08-05 01:30:00+00:00,1754359380000000000,2025-08-05 02:03:00+00:00,1980000000000.0,1.15674,1.15602,['4.62 USD'],-0.00062,-76.62 USD,True
BACKTESTER-001,MLSignalStrategyV2-V2,EUR/USD.IDEALPRO,IDEALPRO-001,O-20250805-021500-001-V2-3751,O-20250805-021500-001-V2-3752,BUY,FLAT,0.00,100000.00,1754360100000000000,2025-08-05 02:15:00+00:00,1754371080000000000,2025-08-05 05:18:00+00:00,10980000000000.0,1.15608,1.15536,['4.62 USD'],-0.00062,-76.62 USD,True
BACKTESTER-001,MLSignalStrategyV2-V2,EUR/USD.IDEALPRO,IDEALPRO-001,O-20250805-070000-001-V2-3754,O-20250805-070000-001-V2-3755,SELL,FLAT,0.00,100000.00,1754377200000000000,2025-08-05 07:00:00+00:00,1754378160000000000,2025-08-05 07:16:00+00:00,960000000000.0,1.15508,1.15595,['4.62 USD'],-0.00075,-91.62 USD,True
BACKTESTER-001,MLSignalStrategyV2-V2,EUR/USD.IDEALPRO,IDEALPRO-001,O-20250805-080000-001-V2-3757,O-20250805-080000-001-V2-3758,BUY,FLAT,0.00,100000.00,1754380800000000000,2025-08-05 08:00:00+00:00,1754381820000000000,2025-08-05 08:17:00+00:00,1020000000000.0,1.15463,1.15376,['4.62 USD'],-0.00075,-91.62 USD,True
BACKTESTER-001,MLSignalStrategyV2-V2,EUR/USD.IDEALPRO,IDEALPRO-001,O-20250805-220000-001-V2-3760,O-20250805-220000-001-V2-3762,BUY,FLAT,0.00,100000.00,1754431200000000000,2025-08-05 22:00:00+00:00,1754437620000000000,2025-08-05 23:47:00+00:00,6420000000000.0,1.15743,1.15799,['4.63 USD'],0.00048,51.37 USD,True
BACKTESTER-001,MLSignalStrategyV2-V2,EUR/USD.IDEALPRO,IDEALPRO-001,O-20250806-020000-001-V2-3763,O-20250806-020000-001-V2-3764,SELL,FLAT,0.00,100000.00,1754445600000000000,2025-08-06 02:00:00+00:00,1754446920000000000,2025-08-06 02:22:00+00:00,1320000000000.0,1.15672,1.15721,['4.62 USD'],-0.00042,-53.62 USD,True
BACKTESTER-001,MLSignalStrategyV2-V2,EUR/USD.IDEALPRO,IDEALPRO-001,O-20250806-030000-001-V2-3766,O-20250806-030000-001-V2-3767,SELL,FLAT,0.00,100000.00,1754449200000000000,2025-08-06 03:00:00+00:00,1754449620000000000,2025-08-06 03:07:00+00:00,420000000000.0,1.15692,1.15735,['4.62 USD'],-0.00037,-47.62 USD,True
BACKTESTER-001,MLSignalStrategyV2-V2,EUR/USD.IDEALPRO,IDEALPRO-001,O-20250806-031500-001-V2-3769,O-20250806-031500-001-V2-3770,SELL,FLAT,0.00,100000.00,1754450100000000000,2025-08-06 03:15:00+00:00,1754450700000000000,2025-08-06 03:25:00+00:00,600000000000.0,1.15738,1.1579,['4.63 USD'],-0.00045,-56.63 USD,True
BACKTESTER-001,MLSignalStrategyV2-V2,EUR/USD.IDEALPRO,IDEALPRO-001,O-20250806-054500-001-V2-3772,O-20250806-054500-001-V2-3774,BUY,FLAT,0.00,100000.00,1754459100000000000,2025-08-06 05:45:00+00:00,1754461020000000000,2025-08-06 06:17:00+00:00,1920000000000.0,1.15776,1.15843,['4.64 USD'],0.00058,62.36 USD,True
BACKTESTER-001,MLSignalStrategyV2-V2,EUR/USD.IDEALPRO,IDEALPRO-001,O-20250806-104500-001-V2-3775,O-20250806-104500-001-V2-3777,BUY,FLAT,0.00,100000.00,1754477100000000000,2025-08-06 10:45:00+00:00,1754484420000000000,2025-08-06 12:47:00+00:00,7320000000000.0,1.16021,1.16156,['4.64 USD'],0.00116,130.36 USD,True
BACKTESTER-001,MLSignalStrategyV2-V2,EUR/USD.IDEALPRO,IDEALPRO-001,O-20250806-161500-001-V2-3778,O-20250806-161500-001-V2-3779,SELL,FLAT,0.00,100000.00,1754496900000000000,2025-08-06 16:15:00+00:00,1754503740000000000,2025-08-06 18:09:00+00:00,6840000000000.0,1.16446,1.16564,['4.66 USD'],-0.00101,-122.66 USD,True
BACKTESTER-001,MLSignalStrategyV2-V2,EUR/USD.IDEALPRO,IDEALPRO-001,O-20250806-214500-001-V2-3781,O-20250806-214500-001-V2-3782,SELL,FLAT,0.00,100000.00,1754516700000000000,2025-08-06 21:45:00+00:00,1754517660000000000,2025-08-06 22:01:00+00:00,960000000000.0,1.16553,1.16623,['4.66 USD'],-0.0006,-74.66 USD,True
BACKTESTER-001,MLSignalStrategyV2-V2,EUR/USD.IDEALPRO,IDEALPRO-001,O-20250806-221500-001-V2-3784,O-20250806-221500-001-V2-3785,BUY,FLAT,0.00,100000.00,1754518500000000000,2025-08-06 22:15:00+00:00,1754522100000000000,2025-08-06 23:15:00+00:00,3600000000000.0,1.16648,1.16595,['4.66 USD'],-0.00045,-57.66 USD,True
BACKTESTER-001,MLSignalStrategyV2-V2,EUR/USD.IDEALPRO,IDEALPRO-001,O-20251010-151500-001-V2-3787,O-20251010-151500-001-V2-3788,SELL,FLAT,0.00,100000.00,1760109300000000000,2025-10-10 15:15:00+00:00,1760109720000000000,2025-10-10 15:22:00+00:00,420000000000.0,1.16077,1.16213,['4.64 USD'],-0.00117,-140.64 USD,True
BACKTESTER-001,MLSignalStrategyV2-V2,EUR/USD.IDEALPRO,IDEALPRO-001,O-20251010-153000-001-V2-3790,O-20251010-153000-001-V2-3792,SELL,FLAT,0.00,100000.00,1760110200000000000,2025-10-10 15:30:00+00:00,1760114640000000000,2025-10-10 16:44:00+00:00,4440000000000.0,1.16273,1.16057,['4.65 USD'],0.00186,211.35 USD,True
BACKTESTER-001,MLSignalStrategyV2-V2,EUR/USD.IDEALPRO,IDEALPRO-001,O-20251010-164500-001-V2-3793,O-20251010-164500-001-V2-3794,SELL,FLAT,0.00,100000.00,1760114700000000000,2025-10-10 16:45:00+00:00,1760129580000000000,2025-10-10 20:53:00+00:00,14880000000000.0,1.16091,1.16234,['4.64 USD'],-0.00123,-147.64 USD,True
BACKTESTER-001,MLSignalStrategyV2-V2,EUR/USD.IDEALPRO,IDEALPRO-001,O-20251012-213000-001-V2-3796,O-20251012-213000-001-V2-3797,BUY,FLAT,0.00,100000.00,1760304600000000000,2025-10-12 21:30:00+00:00,1760306940000000000,2025-10-12 22:09:00+00:00,2340000000000.0,1.16104,1.1601,['4.64 USD'],-0.00081,-98.64 USD,True
BACKTESTER-001,MLSignalStrategyV2-V2,EUR/USD.IDEALPRO,IDEALPRO-001,O-20251012-221500-001-V2-3799,O-20251012-221500-001-V2-3801,BUY,FLAT,0.00,100000.00,1760307300000000000,2025-10-12 22:15:00+00:00,1760310240000000000,2025-10-12 23:04:00+00:00,2940000000000.0,1.15957,1.16084,['4.64 USD'],0.0011,122.36 USD,True
BACKTESTER-001,MLSignalStrategyV2-V2,EUR/USD.IDEALPRO,IDEALPRO-001,O-20251012-231500-001-V2-3802,O-20251012-231500-001-V2-3804,BUY,FLAT,0.00,100000.00,1760310900000000000,2025-10-12 23:15:00+00:00,1760317260000000000,2025-10-13 01:01:00+00:00,6360000000000.0,1.16044,1.16196,['4.64 USD'],0.00131,147.36 USD,True
BACKTESTER-001,MLSignalStrategyV2-V2,EUR/USD.IDEALPRO,IDEALPRO-001,O-20251013-023000-001-V2-3805,O-20251013-023000-001-V2-3807,BUY,FLAT,0.00,100000.00,1760322600000000000,2025-10-13 02:30:00+00:00,1760336640000000000,2025-10-13 06:24:00+00:00,14040000000000.0,1.1619,1.163,['4.65 USD'],0.00095,105.35 USD,True
BACKTESTER-001,MLSignalStrategyV2-V2,EUR/USD.IDEALPRO,IDEALPRO-001,O-20251013-080000-001-V2-3808,O-20251013-080000-001-V2-3810,SELL,FLAT,0.00,100000.00,1760342400000000000,2025-10-13 08:00:00+00:00,1760344500000000000,2025-10-13 08:35:00+00:00,2100000000000.0,1.15998,1.15854,['4.64 USD'],0.00124,139.36 USD,True
BACKTESTER-001,MLSignalStrategyV2-V2,EUR/USD.IDEALPRO,IDEALPRO-001,O-20251013-111500-001-V2-3811,O-20251013-111500-001-V2-3813,SELL,FLAT,0.00,100000.00,1760354100000000000,2025-10-13 11:15:00+00:00,1760355480000000000,2025-10-13 11:38:00+00:00,1380000000000.0,1.15875,1.15767,['4.64 USD'],0.00093,103.36 USD,True
BACKTESTER-001,MLSignalStrategyV2-V2,EUR/USD.IDEALPRO,IDEALPRO-001,O-20251013-123000-001-V2-3814,O-20251013-123000-001-V2-3815,BUY,FLAT,0.00,100000.00,1760358600000000000,2025-10-13 12:30:00+00:00,1760400240000000000,2025-10-14 00:04:00+00:00,41640000000000.0,1.15662,1.15559,['4.62 USD'],-0.00089,-107.62 USD,True
BACKTESTER-001,MLSignalStrategyV2-V2,EUR/USD.IDEALPRO,IDEALPRO-001,O-20251014-001500-001-V2-3817,O-20251014-001500-001-V2-3819,BUY,FLAT,0.00,100000.00,1760400900000000000,2025-10-14 00:15:00+00:00,1760403960000000000,2025-10-14 01:06:00+00:00,3060000000000.0,1.1559,1.15665,['4.62 USD'],0.00065,70.38 USD,True
BACKTESTER-001,MLSignalStrategyV2-V2,EUR/USD.IDEALPRO,IDEALPRO-001,O-20251014-011500-001-V2-3820,O-20251014-011500-001-V2-3821,SELL,FLAT,0.00,100000.00,1760404500000000000,2025-10-14 01:15:00+00:00,1760405460000000000,2025-10-14 01:31:00+00:00,960000000000.0,1.1568,1.15734,['4.62 USD'],-0.00047,-58.62 USD,True
BACKTESTER-001,MLSignalStrategyV2-V2,EUR/USD.IDEALPRO,IDEALPRO-001,O-20251014-074500-001-V2-3823,O-20251014-074500-001-V2-3825,BUY,FLAT,0.00,100000.00,1760427900000000000,2025-10-14 07:45:00+00:00,1760430660000000000,2025-10-14 08:31:00+00:00,2760000000000.0,1.15441,1.15588,['4.62 USD'],0.00127,142.38 USD,True
BACKTESTER-001,MLSignalStrategyV2-V2,EUR/USD.IDEALPRO,IDEALPRO-001,O-20251014-111500-001-V2-3826,O-20251014-111500-001-V2-3828,BUY,FLAT,0.00,100000.00,1760440500000000000,2025-10-14 11:15:00+00:00,1760444100000000000,2025-10-14 12:15:00+00:00,3600000000000.0,1.15489,1.15594,['4.62 USD'],0.00091,100.38 USD,True
BACKTESTER-001,MLSignalStrategyV2-V2,EUR/USD.IDEALPRO,IDEALPRO-001,O-20251014-121500-001-V2-3829,O-20251014-121500-001-V2-3831,SELL,FLAT,0.00,100000.00,1760444100000000000,2025-10-14 12:15:00+00:00,1760446140000000000,2025-10-14 12:49:00+00:00,2040000000000.0,1.15592,1.15481,['4.62 USD'],0.00096,106.38 USD,True
BACKTESTER-001,MLSignalStrategyV2-V2,EUR/USD.IDEALPRO,IDEALPRO-001,O-20251014-143000-001-V2-3832,O-20251014-143000-001-V2-3834,BUY,FLAT,0.00,100000.00,1760452200000000000,2025-10-14 14:30:00+00:00,1760453280000000000,2025-10-14 14:48:00+00:00,1080000000000.0,1.15807,1.15965,['4.64 USD'],0.00136,153.36 USD,True
BACKTESTER-001,MLSignalStrategyV2-V2,EUR/USD.IDEALPRO,IDEALPRO-001,O-20251014-163000-001-V2-3835,O-20251014-163000-001-V2-3836,SELL,FLAT,0.00,100000.00,1760459400000000000,2025-10-14 16:30:00+00:00,1760491320000000000,2025-10-15 01:22:00+00:00,31920000000000.0,1.16085,1.16228,['4.64 USD'],-0.00123,-147.64 USD,True
BACKTESTER-001,MLSignalStrategyV2-V2,EUR/USD.IDEALPRO,IDEALPRO-001,O-20251015-020000-001-V2-3838,O-20251015-020000-001-V2-3839,SELL,FLAT,0.00,100000.00,1760493600000000000,2025-10-15 02:00:00+00:00,1760495940000000000,2025-10-15 02:39:00+00:00,2340000000000.0,1.16192,1.16245,['4.64 USD'],-0.00046,-57.64 USD,True
BACKTESTER-001,MLSignalStrategyV2-V2,EUR/USD.IDEALPRO,IDEALPRO-001,O-20251015-024500-001-V2-3841,O-20251015-024500-001-V2-3842,SELL,FLAT,0.00,100000.00,1760496300000000000,2025-10-15 02:45:00+00:00,1760508900000000000,2025-10-15 06:15:00+00:00,12600000000000.0,1.16227,1.16284,['4.65 USD'],-0.00049,-61.65 USD,True
BACKTESTER-001,MLSignalStrategyV2-V2,EUR/USD.IDEALPRO,IDEALPRO-001,O-20251015-080000-001-V2-3844,O-20251015-080000-001-V2-3845,BUY,FLAT,0.00,100000.00,1760515200000000000,2025-10-15 08:00:00+00:00,1760523000000000000,2025-10-15 10:10:00+00:00,7800000000000.0,1.16356,1.16278,['4.66 USD'],-0.00067,-82.66 USD,True
BACKTESTER-001,MLSignalStrategyV2-V2,EUR/USD.IDEALPRO,IDEALPRO-001,O-20251015-101500-001-V2-3847,O-20251015-101500-001-V2-3849,SELL,FLAT,0.00,100000.00,1760523300000000000,2025-10-15 10:15:00+00:00,1760529660000000000,2025-10-15 12:01:00+00:00,6360000000000.0,1.16294,1.16189,['4.65 USD'],0.0009,100.35 USD,True
BACKTESTER-001,MLSignalStrategyV2-V2,EUR/USD.IDEALPRO,IDEALPRO-001,O-20251015-161500-001-V2-3850,O-20251015-161500-001-V2-3852,BUY,FLAT,0.00,100000.00,1760544900000000000,2025-10-15 16:15:00+00:00,1760558520000000000,2025-10-15 20:02:00+00:00,13620000000000.0,1.16312,1.16452,['4.66 USD'],0.0012,135.34 USD,True
BACKTESTER-001,MLSignalStrategyV2-V2,EUR/USD.IDEALPRO,IDEALPRO-001,O-20251015-230000-001-V2-3853,O-20251015-230000-001-V2-3854,BUY,FLAT,0.00,100000.00,1760569200000000000,2025-10-15 23:00:00+00:00,1760573280000000000,2025-10-16 00:08:00+00:00,4080000000000.0,1.16465,1.16429,['4.66 USD'],-0.00031,-40.66 USD,True
BACKTESTER-001,MLSignalStrategyV2-V2,EUR/USD.IDEALPRO,IDEALPRO-001,O-20251016-033000-001-V2-3856,O-20251016-033000-001-V2-3858,SELL,FLAT,0.00,100000.00,1760585400000000000,2025-10-16 03:30:00+00:00,1760589960000000000,2025-10-16 04:46:00+00:00,4560000000000.0,1.16634,1.16561,['4.66 USD'],0.00063,68.34 USD,True
BACKTESTER-001,MLSignalStrategyV2-V2,EUR/USD.IDEALPRO,IDEALPRO-001,O-20251016-121500-001-V2-3859,O-20251016-121500-001-V2-3860,SELL,FLAT,0.00,100000.00,1760616900000000000,2025-10-16 12:15:00+00:00,1760618340000000000,2025-10-16 12:39:00+00:00,1440000000000.0,1.16517,1.16584,['4.66 USD'],-0.00058,-71.66 USD,True
BACKTESTER-001,MLSignalStrategyV2-V2,EUR/USD.IDEALPRO,IDEALPRO-001,O-20251016-143000-001-V2-3862,O-20251016-143000-001-V2-3863,BUY,FLAT,0.00,100000.00,1760625000000000000,2025-10-16 14:30:00+00:00,1760629920000000000,2025-10-16 15:52:00+00:00,4920000000000.0,1.1671,1.16625,['4.66 USD'],-0.00073,-89.66 USD,True
BACKTESTER-001,MLSignalStrategyV2-V2,EUR/USD.IDEALPRO,IDEALPRO-001,O-20251016-184500-001-V2-3865,O-20251016-184500-001-V2-3867,BUY,FLAT,0.00,100000.00,1760640300000000000,2025-10-16 18:45:00+00:00,1760659320000000000,2025-10-17 00:02:00+00:00,19020000000000.0,1.1687,1.16997,['4.68 USD'],0.00109,122.32 USD,True
BACKTESTER-001,MLSignalStrategyV2-V2,EUR/USD.IDEALPRO,IDEALPRO-001,O-20251017-020000-001-V2-3868,O-20251017-020000-001-V2-3869,SELL,FLAT,0.00,100000.00,1760666400000000000,2025-10-17 02:00:00+00:00,1760668200000000000,2025-10-17 02:30:00+00:00,1800000000000.0,1.1701,1.17068,['4.68 USD'],-0.0005,-62.68 USD,True
BACKTESTER-001,MLSignalStrategyV2-V2,EUR/USD.IDEALPRO,IDEALPRO-001,O-20251017-090000-001-V2-3871,O-20251017-090000-001-V2-3872,BUY,FLAT,0.00,100000.00,1760691600000000000,2025-10-17 09:00:00+00:00,1760698740000000000,2025-10-17 10:59:00+00:00,7140000000000.0,1.16973,1.16874,['4.68 USD'],-0.00085,-103.68 USD,True
BACKTESTER-001,MLSignalStrategyV2-V2,EUR/USD.IDEALPRO,IDEALPRO-001,O-20251017-130000-001-V2-3874,O-20251017-130000-001-V2-3876,SELL,FLAT,0.00,100000.00,1760706000000000000,2025-10-17 13:00:00+00:00,1760709960000000000,2025-10-17 14:06:00+00:00,3960000000000.0,1.16765,1.16624,['4.67 USD'],0.00121,136.33 USD,True
BACKTESTER-001,MLSignalStrategyV2-V2,EUR/USD.IDEALPRO,IDEALPRO-001,O-20251017-160000-001-V2-3877,O-20251017-160000-001-V2-3879,SELL,FLAT,0.00,100000.00,1760716800000000000,2025-10-17 16:00:00+00:00,1760733360000000000,2025-10-17 20:36:00+00:00,16560000000000.0,1.16735,1.16603,['4.66 USD'],0.00113,127.34 USD,True
BACKTESTER-001,MLSignalStrategyV2-V2,EUR/USD.IDEALPRO,IDEALPRO-001,O-20251017-204500-001-V2-3880,O-20251017-204500-001-V2-3881,BUY,FLAT,0.00,100000.00,1760733900000000000,2025-10-17 20:45:00+00:00,1760734320000000000,2025-10-17 20:52:00+00:00,420000000000.0,1.1659,1.16506,['4.66 USD'],-0.00072,-88.66 USD,True
BACKTESTER-001,MLSignalStrategyV2-V2,EUR/USD.IDEALPRO,IDEALPRO-001,O-20251019-213000-001-V2-3883,O-20251019-213000-001-V2-3884,BUY,FLAT,0.00,100000.00,1760909400000000000,2025-10-19 21:30:00+00:00,1760911320000000000,2025-10-19 22:02:00+00:00,1920000000000.0,1.16622,1.16541,['4.66 USD'],-0.00069,-85.66 USD,True
BACKTESTER-001,MLSignalStrategyV2-V2,EUR/USD.IDEALPRO,IDEALPRO-001,O-20251019-221500-001-V2-3886,O-20251019-221500-001-V2-3888,BUY,FLAT,0.00,100000.00,1760912100000000000,2025-10-19 22:15:00+00:00,1760919060000000000,2025-10-20 00:11:00+00:00,6960000000000.0,1.16542,1.1663,['4.66 USD'],0.00076,83.34 USD,True
BACKTESTER-001,MLSignalStrategyV2-V2,EUR/USD.IDEALPRO,IDEALPRO-001,O-20251020-020000-001-V2-3889,O-20251020-020000-001-V2-3890,SELL,FLAT,0.00,100000.00,1760925600000000000,2025-10-20 02:00:00+00:00,1760925960000000000,2025-10-20 02:06:00+00:00,360000000000.0,1.166,1.16649,['4.66 USD'],-0.00042,-53.66 USD,True
BACKTESTER-001,MLSignalStrategyV2-V2,EUR/USD.IDEALPRO,IDEALPRO-001,O-20251020-073000-001-V2-3892,O-20251020-073000-001-V2-3893,BUY,FLAT,0.00,100000.00,1760945400000000000,2025-10-20 07:30:00+00:00,1760947320000000000,2025-10-20 08:02:00+00:00,1920000000000.0,1.1665,1.16589,['4.66 USD'],-0.00052,-65.66 USD,True
BACKTESTER-001,MLSignalStrategyV2-V2,EUR/USD.IDEALPRO,IDEALPRO-001,O-20251020-083000-001-V2-3895,O-20251020-083000-001-V2-3896,BUY,FLAT,0.00,100000.00,1760949000000000000,2025-10-20 08:30:00+00:00,1760954700000000000,2025-10-20 10:05:00+00:00,5700000000000.0,1.16651,1.16589,['4.66 USD'],-0.00053,-66.66 USD,True
BACKTESTER-001,MLSignalStrategyV2-V2,EUR/USD.IDEALPRO,IDEALPRO-001,O-20251020-101500-001-V2-3898,O-20251020-101500-001-V2-3899,BUY,FLAT,0.00,100000.00,1760955300000000000,2025-10-20 10:15:00+00:00,1760958180000000000,2025-10-20 11:03:00+00:00,2880000000000.0,1.16553,1.16507,['4.66 USD'],-0.00039,-50.66 USD,True
BACKTESTER-001,MLSignalStrategyV2-V2,EUR/USD.IDEALPRO,IDEALPRO-001,O-20251020-111500-001-V2-3901,O-20251020-111500-001-V2-3902,BUY,FLAT,0.00,100000.00,1760958900000000000,2025-10-20 11:15:00+00:00,1760959980000000000,2025-10-20 11:33:00+00:00,1080000000000.0,1.1653,1.16471,['4.66 USD'],-0.00051,-63.66 USD,True
BACKTESTER-001,MLSignalStrategyV2-V2,EUR/USD.IDEALPRO,IDEALPRO-001,O-20251020-121500-001-V2-3904,O-20251020-121500-001-V2-3906,SELL,FLAT,0.00,100000.00,1760962500000000000,2025-10-20 12:15:00+00:00,1760965920000000000,2025-10-20 13:12:00+00:00,3420000000000.0,1.16582,1.16485,['4.66 USD'],0.00083,92.34 USD,True
BACKTESTER-001,MLSignalStrategyV2-V2,EUR/USD.IDEALPRO,IDEALPRO-001,O-20251020-140000-001-V2-3907,O-20251020-140000-001-V2-3908,SELL,FLAT,0.00,100000.00,1760968800000000000,2025-10-20 14:00:00+00:00,1760969760000000000,2025-10-20 14:16:00+00:00,960000000000.0,1.16491,1.16556,['4.66 USD'],-0.00056,-69.66 USD,True
BACKTESTER-001,MLSignalStrategyV2-V2,EUR/USD.IDEALPRO,IDEALPRO-001,O-20251020-174500-001-V2-3910,O-20251020-174500-001-V2-3912,BUY,FLAT,0.00,100000.00,1760982300000000000,2025-10-20 17:45:00+00:00,1761005340000000000,2025-10-21 00:09:00+00:00,23040000000000.0,1.16431,1.16522,['4.66 USD'],0.00078,86.34 USD,True
BACKTESTER-001,MLSignalStrategyV2-V2,EUR/USD.IDEALPRO,IDEALPRO-001,O-20251021-013000-001-V2-3913,O-20251021-013000-001-V2-3915,SELL,FLAT,0.00,100000.00,1761010200000000000,2025-10-21 01:30:00+00:00,1761012240000000000,2025-10-21 02:04:00+00:00,2040000000000.0,1.16468,1.16412,['4.66 USD'],0.00048,51.34 USD,True
BACKTESTER-001,MLSignalStrategyV2-V2,EUR/USD.IDEALPRO,IDEALPRO-001,O-20251021-023000-001-V2-3916,O-20251021-023000-001-V2-3918,SELL,FLAT,0.00,100000.00,1761013800000000000,2025-10-21 02:30:00+00:00,1761014340000000000,2025-10-21 02:39:00+00:00,540000000000.0,1.16431,1.16362,['4.66 USD'],0.00059,64.34 USD,True
BACKTESTER-001,MLSignalStrategyV2-V2,EUR/USD.IDEALPRO,IDEALPRO-001,O-20251021-024500-001-V2-3919,O-20251021-024500-001-V2-3921,SELL,FLAT,0.00,100000.00,1761014700000000000,2025-10-21 02:45:00+00:00,1761025140000000000,2025-10-21 05:39:00+00:00,10440000000000.0,1.16361,1.16291,['4.66 USD'],0.0006,65.34 USD,True
BACKTESTER-001,MLSignalStrategyV2-V2,EUR/USD.IDEALPRO,IDEALPRO-001,O-20251021-101500-001-V2-3922,O-20251021-101500-001-V2-3924,BUY,FLAT,0.00,100000.00,1761041700000000000,2025-10-21 10:15:00+00:00,1761045180000000000,2025-10-21 11:13:00+00:00,3480000000000.0,1.16136,1.16247,['4.64 USD'],0.00096,106.36 USD,True
BACKTESTER-001,MLSignalStrategyV2-V2,EUR/USD.IDEALPRO,IDEALPRO-001,O-20251021-160000-001-V2-3925,O-20251021-160000-001-V2-3926,BUY,FLAT,0.00,100000.00,1761062400000000000,2025-10-21 16:00:00+00:00,1761066180000000000,2025-10-21 17:03:00+00:00,3780000000000.0,1.16153,1.16063,['4.64 USD'],-0.00077,-94.64 USD,True
BACKTESTER-001,MLSignalStrategyV2-V2,EUR/USD.IDEALPRO,IDEALPRO-001,O-20251021-200000-001-V2-3928,O-20251021-200000-001-V2-3930,BUY,FLAT,0.00,100000.00,1761076800000000000,2025-10-21 20:00:00+00:00,1761092700000000000,2025-10-22 00:25:00+00:00,15900000000000.0,1.16006,1.16074,['4.64 USD'],0.00059,63.36 USD,True
BACKTESTER-001,MLSignalStrategyV2-V2,EUR/USD.IDEALPRO,IDEALPRO-001,O-20251022-080000-001-V2-3931,O-20251022-080000-001-V2-3932,BUY,FLAT,0.00,100000.00,1761120000000000000,2025-10-22 08:00:00+00:00,1761120360000000000,2025-10-22 08:06:00+00:00,360000000000.0,1.16007,1.15927,['4.64 USD'],-0.00069,-84.64 USD,True
BACKTESTER-001,MLSignalStrategyV2-V2,EUR/USD.IDEALPRO,IDEALPRO-001,O-20251022-081500-001-V2-3934,O-20251022-081500-001-V2-3936,BUY,FLAT,0.00,100000.00,1761120900000000000,2025-10-22 08:15:00+00:00,1761123960000000000,2025-10-22 09:06:00+00:00,3060000000000.0,1.15915,1.16019,['4.64 USD'],0.0009,99.36 USD,True
BACKTESTER-001,MLSignalStrategyV2-V2,EUR/USD.IDEALPRO,IDEALPRO-001,O-20251022-101500-001-V2-3937,O-20251022-101500-001-V2-3938,BUY,FLAT,0.00,100000.00,1761128100000000000,2025-10-22 10:15:00+00:00,1761128880000000000,2025-10-22 10:28:00+00:00,780000000000.0,1.15916,1.15854,['4.64 USD'],-0.00053,-66.64 USD,True
BACKTESTER-001,MLSignalStrategyV2-V2,EUR/USD.IDEALPRO,IDEALPRO-001,O-20251022-111500-001-V2-3940,O-20251022-111500-001-V2-3942,SELL,FLAT,0.00,100000.00,1761131700000000000,2025-10-22 11:15:00+00:00,1761137160000000000,2025-10-22 12:46:00+00:00,5460000000000.0,1.15871,1.15781,['4.64 USD'],0.00078,85.36 USD,True
BACKTESTER-001,MLSignalStrategyV2-V2,EUR/USD.IDEALPRO,IDEALPRO-001,O-20251022-164500-001-V2-3943,O-20251022-164500-001-V2-3944,BUY,FLAT,0.00,100000.00,1761151500000000000,2025-10-22 16:45:00+00:00,1761158220000000000,2025-10-22 18:37:00+00:00,6720000000000.0,1.16188,1.16123,['4.64 USD'],-0.00056,-69.64 USD,True
BACKTESTER-001,MLSignalStrategyV2-V2,EUR/USD.IDEALPRO,IDEALPRO-001,O-20251022-200000-001-V2-3946,O-20251022-200000-001-V2-3948,BUY,FLAT,0.00,100000.00,1761163200000000000,2025-10-22 20:00:00+00:00,1761168240000000000,2025-10-22 21:24:00+00:00,5040000000000.0,1.16059,1.16131,['4.64 USD'],0.00062,67.36 USD,True
BACKTESTER-001,MLSignalStrategyV2-V2,EUR/USD.IDEALPRO,IDEALPRO-001,O-20251023-184500-001-V2-3949,O-20251023-184500-001-V2-3950,BUY,FLAT,0.00,100000.00,1761245100000000000,2025-10-23 18:45:00+00:00,1761268980000000000,2025-10-24 01:23:00+00:00,23880000000000.0,1.16174,1.16109,['4.64 USD'],-0.00056,-69.64 USD,True
BACKTESTER-001,MLSignalStrategyV2-V2,EUR/USD.IDEALPRO,IDEALPRO-001,O-20251024-070000-001-V2-3952,O-20251024-070000-001-V2-3953,BUY,FLAT,0.00,100000.00,1761289200000000000,2025-10-24 07:00:00+00:00,1761289620000000000,2025-10-24 07:07:00+00:00,420000000000.0,1.16137,1.16088,['4.64 USD'],-0.00042,-53.64 USD,True
BACKTESTER-001,MLSignalStrategyV2-V2,EUR/USD.IDEALPRO,IDEALPRO-001,O-20251024-073000-001-V2-3955,O-20251024-073000-001-V2-3957,BUY,FLAT,0.00,100000.00,1761291000000000000,2025-10-24 07:30:00+00:00,1761291060000000000,2025-10-24 07:31:00+00:00,60000000000.0,1.16074,1.16198,['4.64 USD'],0.00107,119.36 USD,True
BACKTESTER-001,MLSignalStrategyV2-V2,EUR/USD.IDEALPRO,IDEALPRO-001,O-20251024-094500-001-V2-3958,O-20251024-094500-001-V2-3960,BUY,FLAT,0.00,100000.00,1761299100000000000,2025-10-24 09:45:00+00:00,1761300840000000000,2025-10-24 10:14:00+00:00,1740000000000.0,1.16067,1.16164,['4.64 USD'],0.00084,92.36 USD,True
BACKTESTER-001,MLSignalStrategyV2-V2,EUR/USD.IDEALPRO,IDEALPRO-001,O-20251024-131500-001-V2-3961,O-20251024-131500-001-V2-3962,SELL,FLAT,0.00,100000.00,1761311700000000000,2025-10-24 13:15:00+00:00,1761527640000000000,2025-10-27 01:14:00+00:00,215940000000000.0,1.16341,1.16459,['4.66 USD'],-0.00101,-122.66 USD,True
BACKTESTER-001,MLSignalStrategyV2-V2,EUR/USD.IDEALPRO,IDEALPRO-001,O-20251105-111500-001-V2-3964,O-20251105-111500-001-V2-3966,BUY,FLAT,0.00,100000.00,1762341300000000000,2025-11-05 11:15:00+00:00,1762342200000000000,2025-11-05 11:30:00+00:00,900000000000.0,1.14806,1.1489,['4.60 USD'],0.00073,79.40 USD,True
BACKTESTER-001,MLSignalStrategyV2-V2,EUR/USD.IDEALPRO,IDEALPRO-001,O-20251105-210000-001-V2-3967,O-20251105-210000-001-V2-3969,BUY,FLAT,0.00,100000.00,1762376400000000000,2025-11-05 21:00:00+00:00,1762378980000000000,2025-11-05 21:43:00+00:00,2580000000000.0,1.14885,1.14943,['4.60 USD'],0.0005,53.40 USD,True
BACKTESTER-001,MLSignalStrategyV2-V2,EUR/USD.IDEALPRO,IDEALPRO-001,O-20251106-143000-001-V2-3970,O-20251106-143000-001-V2-3972,SELL,FLAT,0.00,100000.00,1762439400000000000,2025-11-06 14:30:00+00:00,1762441440000000000,2025-11-06 15:04:00+00:00,2040000000000.0,1.15295,1.15193,['4.61 USD'],0.00088,97.39 USD,True
BACKTESTER-001,MLSignalStrategyV2-V2,EUR/USD.IDEALPRO,IDEALPRO-001,O-20251106-154500-001-V2-3973,O-20251106-154500-001-V2-3974,SELL,FLAT,0.00,100000.00,1762443900000000000,2025-11-06 15:45:00+00:00,1762444560000000000,2025-11-06 15:56:00+00:00,660000000000.0,1.15284,1.15384,['4.62 USD'],-0.00087,-104.62 USD,True
BACKTESTER-001,MLSignalStrategyV2-V2,EUR/USD.IDEALPRO,IDEALPRO-001,O-20251106-164500-001-V2-3976,O-20251106-164500-001-V2-3977,SELL,FLAT,0.00,100000.00,1762447500000000000,2025-11-06 16:45:00+00:00,1762452720000000000,2025-11-06 18:12:00+00:00,5220000000000.0,1.15372,1.15469,['4.62 USD'],-0.00084,-101.62 USD,True
BACKTESTER-001,MLSignalStrategyV2-V2,EUR/USD.IDEALPRO,IDEALPRO-001,O-20251106-191500-001-V2-3979,O-20251106-191500-001-V2-3980,BUY,FLAT,0.00,100000.00,1762456500000000000,2025-11-06 19:15:00+00:00,1762458780000000000,2025-11-06 19:53:00+00:00,2280000000000.0,1.15495,1.15419,['4.62 USD'],-0.00066,-80.62 USD,True
BACKTESTER-001,MLSignalStrategyV2-V2,EUR/USD.IDEALPRO,IDEALPRO-001,O-20251106-201500-001-V2-3982,O-20251106-201500-001-V2-3983,BUY,FLAT,0.00,100000.00,1762460100000000000,2025-11-06 20:15:00+00:00,1762461000000000000,2025-11-06 20:30:00+00:00,900000000000.0,1.15488,1.15428,['4.62 USD'],-0.00052,-64.62 USD,True
BACKTESTER-001,MLSignalStrategyV2-V2,EUR/USD.IDEALPRO,IDEALPRO-001,O-20251106-220000-001-V2-3985,O-20251106-220000-001-V2-3986,BUY,FLAT,0.00,100000.00,1762466400000000000,2025-11-06 22:00:00+00:00,1762474800000000000,2025-11-07 00:20:00+00:00,8400000000000.0,1.15472,1.15429,['4.62 USD'],-0.00037,-47.62 USD,True
BACKTESTER-001,MLSignalStrategyV2-V2,EUR/USD.IDEALPRO,IDEALPRO-001,O-20251107-020000-001-V2-3988,O-20251107-020000-001-V2-3989,SELL,FLAT,0.00,100000.00,1762480800000000000,2025-11-07 02:00:00+00:00,1762481340000000000,2025-11-07 02:09:00+00:00,540000000000.0,1.1538,1.1542,['4.62 USD'],-0.00035,-44.62 USD,True
BACKTESTER-001,MLSignalStrategyV2-V2,EUR/USD.IDEALPRO,IDEALPRO-001,O-20251107-081500-001-V2-3991,O-20251107-081500-001-V2-3992,BUY,FLAT,0.00,100000.00,1762503300000000000,2025-11-07 08:15:00+00:00,1762504920000000000,2025-11-07 08:42:00+00:00,1620000000000.0,1.15383,1.15339,['4.62 USD'],-0.00038,-48.62 USD,True
BACKTESTER-001,MLSignalStrategyV2-V2,EUR/USD.IDEALPRO,IDEALPRO-001,O-20251107-101500-001-V2-3994,O-20251107-101500-001-V2-3996,BUY,FLAT,0.00,100000.00,1762510500000000000,2025-11-07 10:15:00+00:00,1762512840000000000,2025-11-07 10:54:00+00:00,2340000000000.0,1.15438,1.15518,['4.62 USD'],0.00069,75.38 USD,True
BACKTESTER-001,MLSignalStrategyV2-V2,EUR/USD.IDEALPRO,IDEALPRO-001,O-20251107-113000-001-V2-3997,O-20251107-113000-001-V2-3998,SELL,FLAT,0.00,100000.00,1762515000000000000,2025-11-07 11:30:00+00:00,1762517700000000000,2025-11-07 12:15:00+00:00,2700000000000.0,1.15577,1.15644,['4.62 USD'],-0.00058,-71.62 USD,True
BACKTESTER-001,MLSignalStrategyV2-V2,EUR/USD.IDEALPRO,IDEALPRO-001,O-20251107-174500-001-V2-4000,O-20251107-174500-001-V2-4001,BUY,FLAT,0.00,100000.00,1762537500000000000,2025-11-07 17:45:00+00:00,1762539600000000000,2025-11-07 18:20:00+00:00,2100000000000.0,1.15799,1.15723,['4.63 USD'],-0.00066,-80.63 USD,True
BACKTESTER-001,MLSignalStrategyV2-V2,EUR/USD.IDEALPRO,IDEALPRO-001,O-20251109-223000-001-V2-4003,O-20251109-223000-001-V2-4004,BUY,FLAT,0.00,100000.00,1762727400000000000,2025-11-09 22:30:00+00:00,1762729560000000000,2025-11-09 23:06:00+00:00,2160000000000.0,1.1557,1.15484,['4.62 USD'],-0.00074,-90.62 USD,True
BACKTESTER-001,MLSignalStrategyV2-V2,EUR/USD.IDEALPRO,IDEALPRO-001,O-20251109-231500-001-V2-4006,O-20251109-231500-001-V2-4007,BUY,FLAT,0.00,100000.00,1762730100000000000,2025-11-09 23:15:00+00:00,1762731900000000000,2025-11-09 23:45:00+00:00,1800000000000.0,1.15493,1.15433,['4.62 USD'],-0.00052,-64.62 USD,True
BACKTESTER-001,MLSignalStrategyV2-V2,EUR/USD.IDEALPRO,IDEALPRO-001,O-20251109-234500-001-V2-4009,O-20251109-234500-001-V2-4011,BUY,FLAT,0.00,100000.00,1762731900000000000,2025-11-09 23:45:00+00:00,1762732860000000000,2025-11-10 00:01:00+00:00,960000000000.0,1.15438,1.156,['4.62 USD'],0.0014,157.38 USD,True
BACKTESTER-001,MLSignalStrategyV2-V2,EUR/USD.IDEALPRO,IDEALPRO-001,O-20251110-003000-001-V2-4012,O-20251110-003000-001-V2-4013,SELL,FLAT,0.00,100000.00,1762734600000000000,2025-11-10 00:30:00+00:00,1762737900000000000,2025-11-10 01:25:00+00:00,3300000000000.0,1.15522,1.15596,['4.62 USD'],-0.00064,-78.62 USD,True
BACKTESTER-001,MLSignalStrategyV2-V2,EUR/USD.IDEALPRO,IDEALPRO-001,O-20251110-033000-001-V2-4015,O-20251110-033000-001-V2-4016,SELL,FLAT,0.00,100000.00,1762745400000000000,2025-11-10 03:30:00+00:00,1762747440000000000,2025-11-10 04:04:00+00:00,2040000000000.0,1.15545,1.15596,['4.62 USD'],-0.00044,-55.62 USD,True
BACKTESTER-001,MLSignalStrategyV2-V2,EUR/USD.IDEALPRO,IDEALPRO-001,O-20251110-084500-001-V2-4018,O-20251110-084500-001-V2-4020,SELL,FLAT,0.00,100000.00,1762764300000000000,2025-11-10 08:45:00+00:00,1762765920000000000,2025-11-10 09:12:00+00:00,1620000000000.0,1.15784,1.15682,['4.63 USD'],0.00088,97.37 USD,True
BACKTESTER-001,MLSignalStrategyV2-V2,EUR/USD.IDEALPRO,IDEALPRO-001,O-20251110-201500-001-V2-4021,O-20251110-201500-001-V2-4023,SELL,FLAT,0.00,100000.00,1762805700000000000,2025-11-10 20:15:00+00:00,1762811340000000000,2025-11-10 21:49:00+00:00,5640000000000.0,1.15626,1.15564,['4.62 USD'],0.00054,57.38 USD,True
BACKTESTER-001,MLSignalStrategyV2-V2,EUR/USD.IDEALPRO,IDEALPRO-001,O-20251111-013000-001-V2-4024,O-20251111-013000-001-V2-4025,SELL,FLAT,0.00,100000.00,1762824600000000000,2025-11-11 01:30:00+00:00,1762824960000000000,2025-11-11 01:36:00+00:00,360000000000.0,1.15495,1.15541,['4.62 USD'],-0.0004,-50.62 USD,True
BACKTESTER-001,MLSignalStrategyV2-V2,EUR/USD.IDEALPRO,IDEALPRO-001,O-20251111-111500-001-V2-4027,O-20251111-111500-001-V2-4028,SELL,FLAT,0.00,100000.00,1762859700000000000,2025-11-11 11:15:00+00:00,1762866840000000000,2025-11-11 13:14:00+00:00,7140000000000.0,1.15738,1.158,['4.63 USD'],-0.00054,-66.63 USD,True
BACKTESTER-001,MLSignalStrategyV2-V2,EUR/USD.IDEALPRO,IDEALPRO-001,O-20251111-180000-001-V2-4030,O-20251111-180000-001-V2-4031,BUY,FLAT,0.00,100000.00,1762884000000000000,2025-11-11 18:00:00+00:00,1762888500000000000,2025-11-11 19:15:00+00:00,4500000000000.0,1.15949,1.15891,['4.64 USD'],-0.0005,-62.64 USD,True
BACKTESTER-001,MLSignalStrategyV2-V2,EUR/USD.IDEALPRO,IDEALPRO-001,O-20251111-210000-001-V2-4033,O-20251111-210000-001-V2-4034,BUY,FLAT,0.00,100000.00,1762894800000000000,2025-11-11 21:00:00+00:00,1762909200000000000,2025-11-12 01:00:00+00:00,14400000000000.0,1.15834,1.15791,['4.64 USD'],-0.00037,-47.64 USD,True
BACKTESTER-001,MLSignalStrategyV2-V2,EUR/USD.IDEALPRO,IDEALPRO-001,O-20251112-110000-001-V2-4036,O-20251112-110000-001-V2-4038,BUY,FLAT,0.00,100000.00,1762945200000000000,2025-11-12 11:00:00+00:00,1762948860000000000,2025-11-12 12:01:00+00:00,3660000000000.0,1.15702,1.15789,['4.63 USD'],0.00075,82.37 USD,True
BACKTESTER-001,MLSignalStrategyV2-V2,EUR/USD.IDEALPRO,IDEALPRO-001,O-20251112-154500-001-V2-4039,O-20251112-154500-001-V2-4041,BUY,FLAT,0.00,100000.00,1762962300000000000,2025-11-12 15:45:00+00:00,1762963140000000000,2025-11-12 15:59:00+00:00,840000000000.0,1.15844,1.15958,['4.64 USD'],0.00098,109.36 USD,True
BACKTESTER-001,MLSignalStrategyV2-V2,EUR/USD.IDEALPRO,IDEALPRO-001,O-20251112-210000-001-V2-4042,O-20251112-210000-001-V2-4043,BUY,FLAT,0.00,100000.00,1762981200000000000,2025-11-12 21:00:00+00:00,1762981620000000000,2025-11-12 21:07:00+00:00,420000000000.0,1.15897,1.15861,['4.64 USD'],-0.00031,-40.64 USD,True
BACKTESTER-001,MLSignalStrategyV2-V2,EUR/USD.IDEALPRO,IDEALPRO-001,O-20251112-211500-001-V2-4045,O-20251112-211500-001-V2-4047,BUY,FLAT,0.00,100000.00,1762982100000000000,2025-11-12 21:15:00+00:00,1762984620000000000,2025-11-12 21:57:00+00:00,2520000000000.0,1.15861,1.15915,['4.64 USD'],0.00047,49.36 USD,True
BACKTESTER-001,MLSignalStrategyV2-V2,EUR/USD.IDEALPRO,IDEALPRO-001,O-20251112-220000-001-V2-4048,O-20251112-220000-001-V2-4049,BUY,FLAT,0.00,100000.00,1762984800000000000,2025-11-12 22:00:00+00:00,1762988400000000000,2025-11-12 23:00:00+00:00,3600000000000.0,1.15933,1.15896,['4.64 USD'],-0.00032,-41.64 USD,True
BACKTESTER-001,MLSignalStrategyV2-V2,EUR/USD.IDEALPRO,IDEALPRO-001,O-20251113-004500-001-V2-4051,O-20251113-004500-001-V2-4053,BUY,FLAT,0.00,100000.00,1762994700000000000,2025-11-13 00:45:00+00:00,1762998720000000000,2025-11-13 01:52:00+00:00,4020000000000.0,1.15824,1.15884,['4.64 USD'],0.00052,55.36 USD,True
BACKTESTER-001,MLSignalStrategyV2-V2,EUR/USD.IDEALPRO,IDEALPRO-001,O-20251113-101500-001-V2-4054,O-20251113-101500-001-V2-4055,SELL,FLAT,0.00,100000.00,1763028900000000000,2025-11-13 10:15:00+00:00,1763044560000000000,2025-11-13 14:36:00+00:00,15660000000000.0,1.1616,1.16283,['4.65 USD'],-0.00106,-127.65 USD,True
BACKTESTER-001,MLSignalStrategyV2-V2,EUR/USD.IDEALPRO,IDEALPRO-001,O-20251113-153000-001-V2-4057,O-20251113-153000-001-V2-4059,BUY,FLAT,0.00,100000.00,1763047800000000000,2025-11-13 15:30:00+00:00,1763048460000000000,2025-11-13 15:41:00+00:00,660000000000.0,1.1631,1.1643,['4.66 USD'],0.00103,115.34 USD,True
BACKTESTER-001,MLSignalStrategyV2-V2,EUR/USD.IDEALPRO,IDEALPRO-001,O-20251113-163000-001-V2-4060,O-20251113-163000-001-V2-4062,BUY,FLAT,0.00,100000.00,1763051400000000000,2025-11-13 16:30:00+00:00,1763054880000000000,2025-11-13 17:28:00+00:00,3480000000000.0,1.1644,1.16546,['4.66 USD'],0.00091,101.34 USD,True
BACKTESTER-001,MLSignalStrategyV2-V2,EUR/USD.IDEALPRO,IDEALPRO-001,O-20251113-194500-001-V2-4063,O-20251113-194500-001-V2-4065,SELL,FLAT,0.00,100000.00,1763063100000000000,2025-11-13 19:45:00+00:00,1763067960000000000,2025-11-13 21:06:00+00:00,4860000000000.0,1.16395,1.16309,['4.66 USD'],0.00074,81.34 USD,True
BACKTESTER-001,MLSignalStrategyV2-V2,EUR/USD.IDEALPRO,IDEALPRO-001,O-20251113-223000-001-V2-4066,O-20251113-223000-001-V2-4067,BUY,FLAT,0.00,100000.00,1763073000000000000,2025-11-13 22:30:00+00:00,1763074860000000000,2025-11-13 23:01:00+00:00,1860000000000.0,1.16366,1.16317,['4.66 USD'],-0.00042,-53.66 USD,True
BACKTESTER-001,MLSignalStrategyV2-V2,EUR/USD.IDEALPRO,IDEALPRO-001,O-20251114-030000-001-V2-4069,O-20251114-030000-001-V2-4070,SELL,FLAT,0.00,100000.00,1763089200000000000,2025-11-14 03:00:00+00:00,1763090940000000000,2025-11-14 03:29:00+00:00,1740000000000.0,1.16358,1.16407,['4.66 USD'],-0.00042,-53.66 USD,True
BACKTESTER-001,MLSignalStrategyV2-V2,EUR/USD.IDEALPRO,IDEALPRO-001,O-20251114-053000-001-V2-4072,O-20251114-053000-001-V2-4073,BUY,FLAT,0.00,100000.00,1763098200000000000,2025-11-14 05:30:00+00:00,1763102640000000000,2025-11-14 06:44:00+00:00,4440000000000.0,1.16428,1.16382,['4.66 USD'],-0.0004,-50.66 USD,True
BACKTESTER-001,MLSignalStrategyV2-V2,EUR/USD.IDEALPRO,IDEALPRO-001,O-20251114-114500-001-V2-4075,O-20251114-114500-001-V2-4076,SELL,FLAT,0.00,100000.00,1763120700000000000,2025-11-14 11:45:00+00:00,1763121960000000000,2025-11-14 12:06:00+00:00,1260000000000.0,1.16144,1.16209,['4.64 USD'],-0.00056,-69.64 USD,True
BACKTESTER-001,MLSignalStrategyV2-V2,EUR/USD.IDEALPRO,IDEALPRO-001,O-20251114-214500-001-V2-4078,O-20251114-214500-001-V2-4079,BUY,FLAT,0.00,100000.00,1763156700000000000,2025-11-14 21:45:00+00:00,1763157480000000000,2025-11-14 21:58:00+00:00,780000000000.0,1.16203,1.16166,['4.64 USD'],-0.00032,-41.64 USD,True
BACKTESTER-001,MLSignalStrategyV2-V2,EUR/USD.IDEALPRO,IDEALPRO-001,O-20251116-223000-001-V2-4081,O-20251116-223000-001-V2-4082,BUY,FLAT,0.00,100000.00,1763332200000000000,2025-11-16 22:30:00+00:00,1763333520000000000,2025-11-16 22:52:00+00:00,1320000000000.0,1.16245,1.162,['4.64 USD'],-0.00039,-49.64 USD,True
BACKTESTER-001,MLSignalStrategyV2-V2,EUR/USD.IDEALPRO,IDEALPRO-001,O-20251116-231500-001-V2-4084,O-20251116-231500-001-V2-4085,BUY,FLAT,0.00,100000.00,1763334900000000000,2025-11-16 23:15:00+00:00,1763336820000000000,2025-11-16 23:47:00+00:00,1920000000000.0,1.16217,1.16171,['4.64 USD'],-0.0004,-50.64 USD,True
BACKTESTER-001,MLSignalStrategyV2-V2,EUR/USD.IDEALPRO,IDEALPRO-001,O-20251117-070000-001-V2-4087,O-20251117-070000-001-V2-4089,BUY,FLAT,0.00,100000.00,1763362800000000000,2025-11-17 07:00:00+00:00,1763364600000000000,2025-11-17 07:30:00+00:00,1800000000000.0,1.16075,1.16129,['4.64 USD'],0.00047,49.36 USD,True
BACKTESTER-001,MLSignalStrategyV2-V2,EUR/USD.IDEALPRO,IDEALPRO-001,O-20251117-090000-001-V2-4090,O-20251117-090000-001-V2-4091,SELL,FLAT,0.00,100000.00,1763370000000000000,2025-11-17 09:00:00+00:00,1763374920000000000,2025-11-17 10:22:00+00:00,4920000000000.0,1.16032,1.16082,['4.64 USD'],-0.00043,-54.64 USD,True
BACKTESTER-001,MLSignalStrategyV2-V2,EUR/USD.IDEALPRO,IDEALPRO-001,O-20251117-131500-001-V2-4093,O-20251117-131500-001-V2-4094,BUY,FLAT,0.00,100000.00,1763385300000000000,2025-11-17 13:15:00+00:00,1763387160000000000,2025-11-17 13:46:00+00:00,1860000000000.0,1.15945,1.15887,['4.64 USD'],-0.0005,-62.64 USD,True
BACKTESTER-001,MLSignalStrategyV2-V2,EUR/USD.IDEALPRO,IDEALPRO-001,O-20251117-141500-001-V2-4096,O-20251117-141500-001-V2-4098,SELL,FLAT,0.00,100000.00,1763388900000000000,2025-11-17 14:15:00+00:00,1763390400000000000,2025-11-17 14:40:00+00:00,1500000000000.0,1.15937,1.15856,['4.64 USD'],0.0007,76.36 USD,True
BACKTESTER-001,MLSignalStrategyV2-V2,EUR/USD.IDEALPRO,IDEALPRO-001,O-20251117-160000-001-V2-4099,O-20251117-160000-001-V2-4101,SELL,FLAT,0.00,100000.00,1763395200000000000,2025-11-17 16:00:00+00:00,1763403120000000000,2025-11-17 18:12:00+00:00,7920000000000.0,1.15976,1.15882,['4.64 USD'],0.00081,89.36 USD,True
BACKTESTER-001,MLSignalStrategyV2-V2,EUR/USD.IDEALPRO,IDEALPRO-001,O-20251118-094500-001-V2-4102,O-20251118-094500-001-V2-4104,SELL,FLAT,0.00,100000.00,1763459100000000000,2025-11-18 09:45:00+00:00,1763461620000000000,2025-11-18 10:27:00+00:00,2520000000000.0,1.1591,1.15807,['4.64 USD'],0.00089,98.36 USD,True
BACKTESTER-001,MLSignalStrategyV2-V2,EUR/USD.IDEALPRO,IDEALPRO-001,O-20251118-184500-001-V2-4105,O-20251118-184500-001-V2-4107,SELL,FLAT,0.00,100000.00,1763491500000000000,2025-11-18 18:45:00+00:00,1763517480000000000,2025-11-19 01:58:00+00:00,25980000000000.0,1.1585,1.15761,['4.64 USD'],0.00077,84.36 USD,True
BACKTESTER-001,MLSignalStrategyV2-V2,EUR/USD.IDEALPRO,IDEALPRO-001,O-20251119-093000-001-V2-4108,O-20251119-093000-001-V2-4109,BUY,FLAT,0.00,100000.00,1763544600000000000,2025-11-19 09:30:00+00:00,1763545680000000000,2025-11-19 09:48:00+00:00,1080000000000.0,1.15757,1.15673,['4.63 USD'],-0.00073,-88.63 USD,True
BACKTESTER-001,MLSignalStrategyV2-V2,EUR/USD.IDEALPRO,IDEALPRO-001,O-20251119-173000-001-V2-4111,O-20251119-173000-001-V2-4112,BUY,FLAT,0.00,100000.00,1763573400000000000,2025-11-19 17:30:00+00:00,1763579280000000000,2025-11-19 19:08:00+00:00,5880000000000.0,1.15295,1.15176,['4.61 USD'],-0.00103,-123.61 USD,True
BACKTESTER-001,MLSignalStrategyV2-V2,EUR/USD.IDEALPRO,IDEALPRO-001,O-20251119-210000-001-V2-4114,O-20251119-210000-001-V2-4116,BUY,FLAT,0.00,100000.00,1763586000000000000,2025-11-19 21:00:00+00:00,1763588100000000000,2025-11-19 21:35:00+00:00,2100000000000.0,1.15264,1.15356,['4.62 USD'],0.0008,87.38 USD,True
BACKTESTER-001,MLSignalStrategyV2-V2,EUR/USD.IDEALPRO,IDEALPRO-001,O-20251119-223000-001-V2-4117,O-20251119-223000-001-V2-4118,BUY,FLAT,0.00,100000.00,1763591400000000000,2025-11-19 22:30:00+00:00,1763598060000000000,2025-11-20 00:21:00+00:00,6660000000000.0,1.15378,1.15322,['4.62 USD'],-0.00049,-60.62 USD,True
BACKTESTER-001,MLSignalStrategyV2-V2,EUR/USD.IDEALPRO,IDEALPRO-001,O-20251120-003000-001-V2-4120,O-20251120-003000-001-V2-4121,BUY,FLAT,0.00,100000.00,1763598600000000000,2025-11-20 00:30:00+00:00,1763602740000000000,2025-11-20 01:39:00+00:00,4140000000000.0,1.15313,1.1527,['4.62 USD'],-0.00037,-47.62 USD,True
BACKTESTER-001,MLSignalStrategyV2-V2,EUR/USD.IDEALPRO,IDEALPRO-001,O-20251120-041500-001-V2-4123,O-20251120-041500-001-V2-4124,SELL,FLAT,0.00,100000.00,1763612100000000000,2025-11-20 04:15:00+00:00,1763618940000000000,2025-11-20 06:09:00+00:00,6840000000000.0,1.15162,1.15224,['4.60 USD'],-0.00054,-66.60 USD,True
BACKTESTER-001,MLSignalStrategyV2-V2,EUR/USD.IDEALPRO,IDEALPRO-001,O-20251120-114500-001-V2-4126,O-20251120-114500-001-V2-4127,BUY,FLAT,0.00,100000.00,1763639100000000000,2025-11-20 11:45:00+00:00,1763643120000000000,2025-11-20 12:52:00+00:00,4020000000000.0,1.15156,1.15092,['4.60 USD'],-0.00056,-68.60 USD,True
BACKTESTER-001,MLSignalStrategyV2-V2,EUR/USD.IDEALPRO,IDEALPRO-001,O-20251120-134500-001-V2-4129,O-20251120-134500-001-V2-4130,BUY,FLAT,0.00,100000.00,1763646300000000000,2025-11-20 13:45:00+00:00,1763646420000000000,2025-11-20 13:47:00+00:00,120000000000.0,1.15287,1.15198,['4.61 USD'],-0.00077,-93.61 USD,True
BACKTESTER-001,MLSignalStrategyV2-V2,EUR/USD.IDEALPRO,IDEALPRO-001,O-20251120-141500-001-V2-4132,O-20251120-141500-001-V2-4134,BUY,FLAT,0.00,100000.00,1763648100000000000,2025-11-20 14:15:00+00:00,1763649120000000000,2025-11-20 14:32:00+00:00,1020000000000.0,1.15297,1.1548,['4.62 USD'],0.00159,178.38 USD,True
BACKTESTER-001,MLSignalStrategyV2-V2,EUR/USD.IDEALPRO,IDEALPRO-001,O-20251120-190000-001-V2-4135,O-20251120-190000-001-V2-4136,BUY,FLAT,0.00,100000.00,1763665200000000000,2025-11-20 19:00:00+00:00,1763670180000000000,2025-11-20 20:23:00+00:00,4980000000000.0,1.15367,1.15294,['4.62 USD'],-0.00063,-77.62 USD,True
BACKTESTER-001,MLSignalStrategyV2-V2,EUR/USD.IDEALPRO,IDEALPRO-001,O-20251120-220000-001-V2-4138,O-20251120-220000-001-V2-4139,BUY,FLAT,0.00,100000.00,1763676000000000000,2025-11-20 22:00:00+00:00,1763680320000000000,2025-11-20 23:12:00+00:00,4320000000000.0,1.15281,1.15241,['4.61 USD'],-0.00035,-44.61 USD,True
BACKTESTER-001,MLSignalStrategyV2-V2,EUR/USD.IDEALPRO,IDEALPRO-001,O-20251121-000000-001-V2-4141,O-20251121-000000-001-V2-4142,SELL,FLAT,0.00,100000.00,1763683200000000000,2025-11-21 00:00:00+00:00,1763687280000000000,2025-11-21 01:08:00+00:00,4080000000000.0,1.15336,1.15378,['4.62 USD'],-0.00036,-46.62 USD,True
BACKTESTER-001,MLSignalStrategyV2-V2,EUR/USD.IDEALPRO,IDEALPRO-001,O-20251121-020000-001-V2-4144,O-20251121-020000-001-V2-4145,SELL,FLAT,0.00,100000.00,1763690400000000000,2025-11-21 02:00:00+00:00,1763690760000000000,2025-11-21 02:06:00+00:00,360000000000.0,1.15323,1.15379,['4.62 USD'],-0.00049,-60.62 USD,True
BACKTESTER-001,MLSignalStrategyV2-V2,EUR/USD.IDEALPRO,IDEALPRO-001,O-20251121-021500-001-V2-4147,O-20251121-021500-001-V2-4148,SELL,FLAT,0.00,100000.00,1763691300000000000,2025-11-21 02:15:00+00:00,1763705460000000000,2025-11-21 06:11:00+00:00,14160000000000.0,1.15381,1.15426,['4.62 USD'],-0.00039,-49.62 USD,True
BACKTESTER-001,MLSignalStrategyV2-V2,EUR/USD.IDEALPRO,IDEALPRO-001,O-20251121-081500-001-V2-4150,O-20251121-081500-001-V2-4151,BUY,FLAT,0.00,100000.00,1763712900000000000,2025-11-21 08:15:00+00:00,1763715600000000000,2025-11-21 09:00:00+00:00,2700000000000.0,1.15458,1.15392,['4.62 USD'],-0.00057,-70.62 USD,True
BACKTESTER-001,MLSignalStrategyV2-V2,EUR/USD.IDEALPRO,IDEALPRO-001,O-20251121-101500-001-V2-4153,O-20251121-101500-001-V2-4154,BUY,FLAT,0.00,100000.00,1763720100000000000,2025-11-21 10:15:00+00:00,1763726040000000000,2025-11-21 11:54:00+00:00,5940000000000.0,1.15173,1.15053,['4.60 USD'],-0.00104,-124.60 USD,True
BACKTESTER-001,MLSignalStrategyV2-V2,EUR/USD.IDEALPRO,IDEALPRO-001,O-20251121-141500-001-V2-4156,O-20251121-141500-001-V2-4157,SELL,FLAT,0.00,100000.00,1763734500000000000,2025-11-21 14:15:00+00:00,1763737320000000000,2025-11-21 15:02:00+00:00,2820000000000.0,1.15126,1.15232,['4.60 USD'],-0.00092,-110.60 USD,True
BACKTESTER-001,MLSignalStrategyV2-V2,EUR/USD.IDEALPRO,IDEALPRO-001,O-20251121-161500-001-V2-4159,O-20251121-161500-001-V2-4161,BUY,FLAT,0.00,100000.00,1763741700000000000,2025-11-21 16:15:00+00:00,1763744640000000000,2025-11-21 17:04:00+00:00,2940000000000.0,1.14976,1.1512,['4.60 USD'],0.00125,139.40 USD,True
BACKTESTER-001,MLSignalStrategyV2-V2,EUR/USD.IDEALPRO,IDEALPRO-001,O-20251121-173000-001-V2-4162,O-20251121-173000-001-V2-4164,BUY,FLAT,0.00,100000.00,1763746200000000000,2025-11-21 17:30:00+00:00,1763758920000000000,2025-11-21 21:02:00+00:00,12720000000000.0,1.15037,1.15186,['4.60 USD'],0.0013,144.40 USD,True
BACKTESTER-001,MLSignalStrategyV2-V2,EUR/USD.IDEALPRO,IDEALPRO-001,O-20251123-223000-001-V2-4165,O-20251123-223000-001-V2-4166,BUY,FLAT,0.00,100000.00,1763937000000000000,2025-11-23 22:30:00+00:00,1763940360000000000,2025-11-23 23:26:00+00:00,3360000000000.0,1.15134,1.15081,['4.60 USD'],-0.00046,-57.60 USD,True
BACKTESTER-001,MLSignalStrategyV2-V2,EUR/USD.IDEALPRO,IDEALPRO-001,O-20251123-233000-001-V2-4168,O-20251123-233000-001-V2-4169,BUY,FLAT,0.00,100000.00,1763940600000000000,2025-11-23 23:30:00+00:00,1763943540000000000,2025-11-24 00:19:00+00:00,2940000000000.0,1.15088,1.15034,['4.60 USD'],-0.00047,-58.60 USD,True
BACKTESTER-001,MLSignalStrategyV2-V2,EUR/USD.IDEALPRO,IDEALPRO-001,O-20251124-030000-001-V2-4171,O-20251124-030000-001-V2-4172,SELL,FLAT,0.00,100000.00,1763953200000000000,2025-11-24 03:00:00+00:00,1763958420000000000,2025-11-24 04:27:00+00:00,5220000000000.0,1.15159,1.15196,['4.60 USD'],-0.00032,-41.60 USD,True
BACKTESTER-001,MLSignalStrategyV2-V2,EUR/USD.IDEALPRO,IDEALPRO-001,O-20251124-080000-001-V2-4174,O-20251124-080000-001-V2-4175,SELL,FLAT,0.00,100000.00,1763971200000000000,2025-11-24 08:00:00+00:00,1763971380000000000,2025-11-24 08:03:00+00:00,180000000000.0,1.15118,1.15166,['4.60 USD'],-0.00042,-52.60 USD,True
BACKTESTER-001,MLSignalStrategyV2-V2,EUR/USD.IDEALPRO,IDEALPRO-001,O-20251124-111500-001-V2-4177,O-20251124-111500-001-V2-4179,BUY,FLAT,0.00,100000.00,1763982900000000000,2025-11-24 11:15:00+00:00,1763985240000000000,2025-11-24 11:54:00+00:00,2340000000000.0,1.15365,1.15467,['4.62 USD'],0.00088,97.38 USD,True
BACKTESTER-001,MLSignalStrategyV2-V2,EUR/USD.IDEALPRO,IDEALPRO-001,O-20251124-153000-001-V2-4180,O-20251124-153000-001-V2-4181,SELL,FLAT,0.00,100000.00,1763998200000000000,2025-11-24 15:30:00+00:00,1763998800000000000,2025-11-24 15:40:00+00:00,600000000000.0,1.15215,1.15292,['4.61 USD'],-0.00067,-81.61 USD,True
BACKTESTER-001,MLSignalStrategyV2-V2,EUR/USD.IDEALPRO,IDEALPRO-001,O-20251124-154500-001-V2-4183,O-20251124-154500-001-V2-4185,SELL,FLAT,0.00,100000.00,1763999100000000000,2025-11-24 15:45:00+00:00,1764003900000000000,2025-11-24 17:05:00+00:00,4800000000000.0,1.15254,1.15146,['4.61 USD'],0.00094,103.39 USD,True
BACKTESTER-001,MLSignalStrategyV2-V2,EUR/USD.IDEALPRO,IDEALPRO-001,O-20251124-184500-001-V2-4186,O-20251124-184500-001-V2-4187,SELL,FLAT,0.00,100000.00,1764009900000000000,2025-11-24 18:45:00+00:00,1764010980000000000,2025-11-24 19:03:00+00:00,1080000000000.0,1.15233,1.15292,['4.61 USD'],-0.00051,-63.61 USD,True
BACKTESTER-001,MLSignalStrategyV2-V2,EUR/USD.IDEALPRO,IDEALPRO-001,O-20251124-200000-001-V2-4189,O-20251124-200000-001-V2-4190,BUY,FLAT,0.00,100000.00,1764014400000000000,2025-11-24 20:00:00+00:00,1764016680000000000,2025-11-24 20:38:00+00:00,2280000000000.0,1.15278,1.15218,['4.61 USD'],-0.00052,-64.61 USD,True
BACKTESTER-001,MLSignalStrategyV2-V2,EUR/USD.IDEALPRO,IDEALPRO-001,O-20251124-210000-001-V2-4192,O-20251124-210000-001-V2-4194,BUY,FLAT,0.00,100000.00,1764018000000000000,2025-11-24 21:00:00+00:00,1764034440000000000,2025-11-25 01:34:00+00:00,16440000000000.0,1.15225,1.15293,['4.61 USD'],0.00059,63.39 USD,True
BACKTESTER-001,MLSignalStrategyV2-V2,EUR/USD.IDEALPRO,IDEALPRO-001,O-20251125-100000-001-V2-4195,O-20251125-100000-001-V2-4196,BUY,FLAT,0.00,100000.00,1764064800000000000,2025-11-25 10:00:00+00:00,1764070740000000000,2025-11-25 11:39:00+00:00,5940000000000.0,1.15343,1.1528,['4.62 USD'],-0.00055,-67.62 USD,True
BACKTESTER-001,MLSignalStrategyV2-V2,EUR/USD.IDEALPRO,IDEALPRO-001,O-20251125-124500-001-V2-4198,O-20251125-124500-001-V2-4199,SELL,FLAT,0.00,100000.00,1764074700000000000,2025-11-25 12:45:00+00:00,1764074700000000000,2025-11-25 12:45:00+00:00,,1.15447,1.15558,['4.62 USD'],-0.00096,-115.62 USD,True
BACKTESTER-001,MLSignalStrategyV2-V2,EUR/USD.IDEALPRO,IDEALPRO-001,O-20251125-124500-001-V2-4201,O-20251125-124500-001-V2-4202,SELL,FLAT,0.00,100000.00,1764074700000000000,2025-11-25 12:45:00+00:00,1764076140000000000,2025-11-25 13:09:00+00:00,1440000000000.0,1.15447,1.15549,['4.62 USD'],-0.00088,-106.62 USD,True
BACKTESTER-001,MLSignalStrategyV2-V2,EUR/USD.IDEALPRO,IDEALPRO-001,O-20251125-134500-001-V2-4204,O-20251125-134500-001-V2-4205,SELL,FLAT,0.00,100000.00,1764078300000000000,2025-11-25 13:45:00+00:00,1764078780000000000,2025-11-25 13:53:00+00:00,480000000000.0,1.15466,1.15573,['4.62 USD'],-0.00093,-111.62 USD,True
BACKTESTER-001,MLSignalStrategyV2-V2,EUR/USD.IDEALPRO,IDEALPRO-001,O-20251125-170000-001-V2-4207,O-20251125-170000-001-V2-4209,BUY,FLAT,0.00,100000.00,1764090000000000000,2025-11-25 17:00:00+00:00,1764090060000000000,2025-11-25 17:01:00+00:00,60000000000.0,1.15528,1.15749,['4.62 USD'],0.00191,216.38 USD,True
BACKTESTER-001,MLSignalStrategyV2-V2,EUR/USD.IDEALPRO,IDEALPRO-001,O-20251125-183000-001-V2-4210,O-20251125-183000-001-V2-4211,BUY,FLAT,0.00,100000.00,1764095400000000000,2025-11-25 18:30:00+00:00,1764102360000000000,2025-11-25 20:26:00+00:00,6960000000000.0,1.15806,1.15691,['4.63 USD'],-0.00099,-119.63 USD,True
BACKTESTER-001,MLSignalStrategyV2-V2,EUR/USD.IDEALPRO,IDEALPRO-001,O-20251126-003000-001-V2-4213,O-20251126-003000-001-V2-4215,SELL,FLAT,0.00,100000.00,1764117000000000000,2025-11-26 00:30:00+00:00,1764118500000000000,2025-11-26 00:55:00+00:00,1500000000000.0,1.15704,1.15633,['4.62 USD'],0.00061,66.38 USD,True
BACKTESTER-001,MLSignalStrategyV2-V2,EUR/USD.IDEALPRO,IDEALPRO-001,O-20251126-030000-001-V2-4216,O-20251126-030000-001-V2-4217,SELL,FLAT,0.00,100000.00,1764126000000000000,2025-11-26 03:00:00+00:00,1764127980000000000,2025-11-26 03:33:00+00:00,1980000000000.0,1.15818,1.15883,['4.64 USD'],-0.00056,-69.64 USD,True
BACKTESTER-001,MLSignalStrategyV2-V2,EUR/USD.IDEALPRO,IDEALPRO-001,O-20251126-040000-001-V2-4219,O-20251126-040000-001-V2-4221,SELL,FLAT,0.00,100000.00,1764129600000000000,2025-11-26 04:00:00+00:00,1764131340000000000,2025-11-26 04:29:00+00:00,1740000000000.0,1.15907,1.15831,['4.64 USD'],0.00066,71.36 USD,True
BACKTESTER-001,MLSignalStrategyV2-V2,EUR/USD.IDEALPRO,IDEALPRO-001,O-20251126-064500-001-V2-4222,O-20251126-064500-001-V2-4223,BUY,FLAT,0.00,100000.00,1764139500000000000,2025-11-26 06:45:00+00:00,1764140220000000000,2025-11-26 06:57:00+00:00,720000000000.0,1.15891,1.15838,['4.64 USD'],-0.00046,-57.64 USD,True
BACKTESTER-001,MLSignalStrategyV2-V2,EUR/USD.IDEALPRO,IDEALPRO-001,O-20251126-080000-001-V2-4225,O-20251126-080000-001-V2-4226,BUY,FLAT,0.00,100000.00,1764144000000000000,2025-11-26 08:00:00+00:00,1764145980000000000,2025-11-26 08:33:00+00:00,1980000000000.0,1.15794,1.15726,['4.63 USD'],-0.00059,-72.63 USD,True
BACKTESTER-001,MLSignalStrategyV2-V2,EUR/USD.IDEALPRO,IDEALPRO-001,O-20251126-153000-001-V2-4228,O-20251126-153000-001-V2-4230,BUY,FLAT,0.00,100000.00,1764171000000000000,2025-11-26 15:30:00+00:00,1764207000000000000,2025-11-27 01:30:00+00:00,36000000000000.0,1.15902,1.16071,['4.64 USD'],0.00146,164.36 USD,True
BACKTESTER-001,MLSignalStrategyV2-V2,EUR/USD.IDEALPRO,IDEALPRO-001,O-20251128-160000-001-V2-4231,O-20251128-160000-001-V2-4233,SELL,FLAT,0.00,100000.00,1764345600000000000,2025-11-28 16:00:00+00:00,1764347460000000000,2025-11-28 16:31:00+00:00,1860000000000.0,1.16075,1.15928,['4.64 USD'],0.00127,142.36 USD,True
BACKTESTER-001,MLSignalStrategyV2-V2,EUR/USD.IDEALPRO,IDEALPRO-001,O-20251128-171500-001-V2-4234,O-20251128-171500-001-V2-4236,BUY,FLAT,0.00,100000.00,1764350100000000000,2025-11-28 17:15:00+00:00,1764551280000000000,2025-12-01 01:08:00+00:00,201180000000000.0,1.1596,1.16099,['4.64 USD'],0.0012,134.36 USD,True
BACKTESTER-001,MLSignalStrategyV2-V2,EUR/USD.IDEALPRO,IDEALPRO-001,O-20251201-030000-001-V2-4237,O-20251201-030000-001-V2-4238,SELL,FLAT,0.00,100000.00,1764558000000000000,2025-12-01 03:00:00+00:00,1764563940000000000,2025-12-01 04:39:00+00:00,5940000000000.0,1.1595,1.16014,['4.64 USD'],-0.00055,-68.64 USD,True
BACKTESTER-001,MLSignalStrategyV2-V2,EUR/USD.IDEALPRO,IDEALPRO-001,O-20251201-081500-001-V2-4240,O-20251201-081500-001-V2-4241,SELL,FLAT,0.00,100000.00,1764576900000000000,2025-12-01 08:15:00+00:00,1764577320000000000,2025-12-01 08:22:00+00:00,420000000000.0,1.16155,1.16221,['4.64 USD'],-0.00057,-70.64 USD,True
BACKTESTER-001,MLSignalStrategyV2-V2,EUR/USD.IDEALPRO,IDEALPRO-001,O-20251201-083000-001-V2-4243,O-20251201-083000-001-V2-4245,SELL,FLAT,0.00,100000.00,1764577800000000000,2025-12-01 08:30:00+00:00,1764578520000000000,2025-12-01 08:42:00+00:00,720000000000.0,1.16183,1.16085,['4.64 USD'],0.00084,93.36 USD,True
BACKTESTER-001,MLSignalStrategyV2-V2,EUR/USD.IDEALPRO,IDEALPRO-001,O-20251201-111500-001-V2-4246,O-20251201-111500-001-V2-4247,SELL,FLAT,0.00,100000.00,1764587700000000000,2025-12-01 11:15:00+00:00,1764591480000000000,2025-12-01 12:18:00+00:00,3780000000000.0,1.16257,1.16328,['4.66 USD'],-0.00061,-75.66 USD,True
BACKTESTER-001,MLSignalStrategyV2-V2,EUR/USD.IDEALPRO,IDEALPRO-001,O-20251201-130000-001-V2-4249,O-20251201-130000-001-V2-4251,SELL,FLAT,0.00,100000.00,1764594000000000000,2025-12-01 13:00:00+00:00,1764597900000000000,2025-12-01 14:05:00+00:00,3900000000000.0,1.16487,1.16384,['4.66 USD'],0.00088,98.34 USD,True
BACKTESTER-001,MLSignalStrategyV2-V2,EUR/USD.IDEALPRO,IDEALPRO-001,O-20251201-144500-001-V2-4252,O-20251201-144500-001-V2-4253,BUY,FLAT,0.00,100000.00,1764600300000000000,2025-12-01 14:45:00+00:00,1764603300000000000,2025-12-01 15:35:00+00:00,3000000000000.0,1.16356,1.16275,['4.66 USD'],-0.0007,-85.66 USD,True
BACKTESTER-001,MLSignalStrategyV2-V2,EUR/USD.IDEALPRO,IDEALPRO-001,O-20251201-161500-001-V2-4255,O-20251201-161500-001-V2-4257,SELL,FLAT,0.00,100000.00,1764605700000000000,2025-12-01 16:15:00+00:00,1764613380000000000,2025-12-01 18:23:00+00:00,7680000000000.0,1.16275,1.16162,['4.65 USD'],0.00097,108.35 USD,True
BACKTESTER-001,MLSignalStrategyV2-V2,EUR/USD.IDEALPRO,IDEALPRO-001,O-20251201-200000-001-V2-4258,O-20251201-200000-001-V2-4259,BUY,FLAT,0.00,100000.00,1764619200000000000,2025-12-01 20:00:00+00:00,1764638220000000000,2025-12-02 01:17:00+00:00,19020000000000.0,1.16084,1.16037,['4.64 USD'],-0.0004,-51.64 USD,True
BACKTESTER-001,MLSignalStrategyV2-V2,EUR/USD.IDEALPRO,IDEALPRO-001,O-20251202-110000-001-V2-4261,O-20251202-110000-001-V2-4263,BUY,FLAT,0.00,100000.00,1764673200000000000,2025-12-02 11:00:00+00:00,1764679380000000000,2025-12-02 12:43:00+00:00,6180000000000.0,1.16065,1.16162,['4.64 USD'],0.00084,92.36 USD,True
BACKTESTER-001,MLSignalStrategyV2-V2,EUR/USD.IDEALPRO,IDEALPRO-001,O-20251202-170000-001-V2-4264,O-20251202-170000-001-V2-4266,BUY,FLAT,0.00,100000.00,1764694800000000000,2025-12-02 17:00:00+00:00,1764698460000000000,2025-12-02 18:01:00+00:00,3660000000000.0,1.15955,1.16085,['4.64 USD'],0.00112,125.36 USD,True
BACKTESTER-001,MLSignalStrategyV2-V2,EUR/USD.IDEALPRO,IDEALPRO-001,O-20251202-184500-001-V2-4267,O-20251202-184500-001-V2-4269,BUY,FLAT,0.00,100000.00,1764701100000000000,2025-12-02 18:45:00+00:00,1764703380000000000,2025-12-02 19:23:00+00:00,2280000000000.0,1.16064,1.16166,['4.64 USD'],0.00088,97.36 USD,True
BACKTESTER-001,MLSignalStrategyV2-V2,EUR/USD.IDEALPRO,IDEALPRO-001,O-20251202-211500-001-V2-4270,O-20251202-211500-001-V2-4272,BUY,FLAT,0.00,100000.00,1764710100000000000,2025-12-02 21:15:00+00:00,1764720240000000000,2025-12-03 00:04:00+00:00,10140000000000.0,1.16226,1.16297,['4.65 USD'],0.00061,66.35 USD,True
BACKTESTER-001,MLSignalStrategyV2-V2,EUR/USD.IDEALPRO,IDEALPRO-001,O-20251203-080000-001-V2-4273,O-20251203-080000-001-V2-4274,SELL,FLAT,0.00,100000.00,1764748800000000000,2025-12-03 08:00:00+00:00,1764752280000000000,2025-12-03 08:58:00+00:00,3480000000000.0,1.16414,1.16459,['4.66 USD'],-0.00039,-49.66 USD,True
BACKTESTER-001,MLSignalStrategyV2-V2,EUR/USD.IDEALPRO,IDEALPRO-001,O-20251204-004500-001-V2-4276,O-20251204-004500-001-V2-4277,BUY,FLAT,0.00,100000.00,1764809100000000000,2025-12-04 00:45:00+00:00,1764811440000000000,2025-12-04 01:24:00+00:00,2340000000000.0,1.16638,1.16595,['4.66 USD'],-0.00037,-47.66 USD,True
BACKTESTER-001,MLSignalStrategyV2-V2,EUR/USD.IDEALPRO,IDEALPRO-001,O-20251204-013000-001-V2-4279,O-20251204-013000-001-V2-4281,SELL,FLAT,0.00,100000.00,1764811800000000000,2025-12-04 01:30:00+00:00,1764819480000000000,2025-12-04 03:38:00+00:00,7680000000000.0,1.16607,1.16535,['4.66 USD'],0.00062,67.34 USD,True
BACKTESTER-001,MLSignalStrategyV2-V2,EUR/USD.IDEALPRO,IDEALPRO-001,O-20251204-100000-001-V2-4282,O-20251204-100000-001-V2-4284,SELL,FLAT,0.00,100000.00,1764842400000000000,2025-12-04 10:00:00+00:00,1764843840000000000,2025-12-04 10:24:00+00:00,1440000000000.0,1.16776,1.1669,['4.67 USD'],0.00074,81.33 USD,True
BACKTESTER-001,MLSignalStrategyV2-V2,EUR/USD.IDEALPRO,IDEALPRO-001,O-20251204-160000-001-V2-4285,O-20251204-160000-001-V2-4286,BUY,FLAT,0.00,100000.00,1764864000000000000,2025-12-04 16:00:00+00:00,1764864780000000000,2025-12-04 16:13:00+00:00,780000000000.0,1.16735,1.16657,['4.66 USD'],-0.00067,-82.66 USD,True
BACKTESTER-001,MLSignalStrategyV2-V2,EUR/USD.IDEALPRO,IDEALPRO-001,O-20251204-200000-001-V2-4288,O-20251204-200000-001-V2-4290,SELL,FLAT,0.00,100000.00,1764878400000000000,2025-12-04 20:00:00+00:00,1764880500000000000,2025-12-04 20:35:00+00:00,2100000000000.0,1.16527,1.16464,['4.66 USD'],0.00054,58.34 USD,True
BACKTESTER-001,MLSignalStrategyV2-V2,EUR/USD.IDEALPRO,IDEALPRO-001,O-20251204-204500-001-V2-4291,O-20251204-204500-001-V2-4292,SELL,FLAT,0.00,100000.00,1764881100000000000,2025-12-04 20:45:00+00:00,1764894720000000000,2025-12-05 00:32:00+00:00,13620000000000.0,1.16445,1.16492,['4.66 USD'],-0.0004,-51.66 USD,True
BACKTESTER-001,MLSignalStrategyV2-V2,EUR/USD.IDEALPRO,IDEALPRO-001,O-20251207-223000-001-V2-4294,O-20251207-223000-001-V2-4296,BUY,FLAT,0.00,100000.00,1765146600000000000,2025-12-07 22:30:00+00:00,1765148100000000000,2025-12-07 22:55:00+00:00,1500000000000.0,1.16402,1.16462,['4.66 USD'],0.00052,55.34 USD,True
BACKTESTER-001,MLSignalStrategyV2-V2,EUR/USD.IDEALPRO,IDEALPRO-001,O-20251207-230000-001-V2-4297,O-20251207-230000-001-V2-4298,BUY,FLAT,0.00,100000.00,1765148400000000000,2025-12-07 23:00:00+00:00,1765148580000000000,2025-12-07 23:03:00+00:00,180000000000.0,1.16462,1.16405,['4.66 USD'],-0.00049,-61.66 USD,True
BACKTESTER-001,MLSignalStrategyV2-V2,EUR/USD.IDEALPRO,IDEALPRO-001,O-20251207-231500-001-V2-4300,O-20251207-231500-001-V2-4302,BUY,FLAT,0.00,100000.00,1765149300000000000,2025-12-07 23:15:00+00:00,1765154220000000000,2025-12-08 00:37:00+00:00,4920000000000.0,1.16427,1.16485,['4.66 USD'],0.0005,53.34 USD,True
BACKTESTER-001,MLSignalStrategyV2-V2,EUR/USD.IDEALPRO,IDEALPRO-001,O-20251208-061500-001-V2-4303,O-20251208-061500-001-V2-4305,SELL,FLAT,0.00,100000.00,1765174500000000000,2025-12-08 06:15:00+00:00,1765179960000000000,2025-12-08 07:46:00+00:00,5460000000000.0,1.16647,1.1658,['4.66 USD'],0.00057,62.34 USD,True
BACKTESTER-001,MLSignalStrategyV2-V2,EUR/USD.IDEALPRO,IDEALPRO-001,O-20251208-083000-001-V2-4306,O-20251208-083000-001-V2-4307,SELL,FLAT,0.00,100000.00,1765182600000000000,2025-12-08 08:30:00+00:00,1765184400000000000,2025-12-08 09:00:00+00:00,1800000000000.0,1.16503,1.16567,['4.66 USD'],-0.00055,-68.66 USD,True
BACKTESTER-001,MLSignalStrategyV2-V2,EUR/USD.IDEALPRO,IDEALPRO-001,O-20251208-093000-001-V2-4309,O-20251208-093000-001-V2-4310,SELL,FLAT,0.00,100000.00,1765186200000000000,2025-12-08 09:30:00+00:00,1765199520000000000,2025-12-08 13:12:00+00:00,13320000000000.0,1.16518,1.16576,['4.66 USD'],-0.0005,-62.66 USD,True
BACKTESTER-001,MLSignalStrategyV2-V2,EUR/USD.IDEALPRO,IDEALPRO-001,O-20251208-131500-001-V2-4312,O-20251208-131500-001-V2-4314,SELL,FLAT,0.00,100000.00,1765199700000000000,2025-12-08 13:15:00+00:00,1765200900000000000,2025-12-08 13:35:00+00:00,1200000000000.0,1.16552,1.16475,['4.66 USD'],0.00066,72.34 USD,True
BACKTESTER-001,MLSignalStrategyV2-V2,EUR/USD.IDEALPRO,IDEALPRO-001,O-20251208-163000-001-V2-4315,O-20251208-163000-001-V2-4317,BUY,FLAT,0.00,100000.00,1765211400000000000,2025-12-08 16:30:00+00:00,1765215840000000000,2025-12-08 17:44:00+00:00,4440000000000.0,1.16192,1.16301,['4.65 USD'],0.00094,104.35 USD,True
BACKTESTER-001,MLSignalStrategyV2-V2,EUR/USD.IDEALPRO,IDEALPRO-001,O-20251208-183000-001-V2-4318,O-20251208-183000-001-V2-4320,BUY,FLAT,0.00,100000.00,1765218600000000000,2025-12-08 18:30:00+00:00,1765245180000000000,2025-12-09 01:53:00+00:00,26580000000000.0,1.16356,1.16454,['4.66 USD'],0.00084,93.34 USD,True
BACKTESTER-001,MLSignalStrategyV2-V2,EUR/USD.IDEALPRO,IDEALPRO-001,O-20251209-081500-001-V2-4321,O-20251209-081500-001-V2-4323,BUY,FLAT,0.00,100000.00,1765268100000000000,2025-12-09 08:15:00+00:00,1765268820000000000,2025-12-09 08:27:00+00:00,720000000000.0,1.16372,1.16437,['4.66 USD'],0.00056,60.34 USD,True
BACKTESTER-001,MLSignalStrategyV2-V2,EUR/USD.IDEALPRO,IDEALPRO-001,O-20251209-103000-001-V2-4324,O-20251209-103000-001-V2-4326,SELL,FLAT,0.00,100000.00,1765276200000000000,2025-12-09 10:30:00+00:00,1765282080000000000,2025-12-09 12:08:00+00:00,5880000000000.0,1.16447,1.16349,['4.66 USD'],0.00084,93.34 USD,True
BACKTESTER-001,MLSignalStrategyV2-V2,EUR/USD.IDEALPRO,IDEALPRO-001,O-20251209-174500-001-V2-4327,O-20251209-174500-001-V2-4328,BUY,FLAT,0.00,100000.00,1765302300000000000,2025-12-09 17:45:00+00:00,1765304280000000000,2025-12-09 18:18:00+00:00,1980000000000.0,1.16254,1.16177,['4.65 USD'],-0.00066,-81.65 USD,True
BACKTESTER-001,MLSignalStrategyV2-V2,EUR/USD.IDEALPRO,IDEALPRO-001,O-20251209-184500-001-V2-4330,O-20251209-184500-001-V2-4332,BUY,FLAT,0.00,100000.00,1765305900000000000,2025-12-09 18:45:00+00:00,1765310940000000000,2025-12-09 20:09:00+00:00,5040000000000.0,1.1622,1.16315,['4.65 USD'],0.00082,90.35 USD,True
BACKTESTER-001,MLSignalStrategyV2-V2,EUR/USD.IDEALPRO,IDEALPRO-001,O-20251209-210000-001-V2-4333,O-20251209-210000-001-V2-4334,BUY,FLAT,0.00,100000.00,1765314000000000000,2025-12-09 21:00:00+00:00,1765330260000000000,2025-12-10 01:31:00+00:00,16260000000000.0,1.16268,1.16224,['4.65 USD'],-0.00038,-48.65 USD,True
BACKTESTER-001,MLSignalStrategyV2-V2,EUR/USD.IDEALPRO,IDEALPRO-001,O-20251210-173000-001-V2-4336,O-20251210-173000-001-V2-4338,BUY,FLAT,0.00,100000.00,1765387800000000000,2025-12-10 17:30:00+00:00,1765393260000000000,2025-12-10 19:01:00+00:00,5460000000000.0,1.16542,1.16738,['4.66 USD'],0.00168,191.34 USD,True
BACKTESTER-001,MLSignalStrategyV2-V2,EUR/USD.IDEALPRO,IDEALPRO-001,O-20251211-000000-001-V2-4339,O-20251211-000000-001-V2-4340,BUY,FLAT,0.00,100000.00,1765411200000000000,2025-12-11 00:00:00+00:00,1765413060000000000,2025-12-11 00:31:00+00:00,1860000000000.0,1.17016,1.16972,['4.68 USD'],-0.00038,-48.68 USD,True
BACKTESTER-001,MLSignalStrategyV2-V2,EUR/USD.IDEALPRO,IDEALPRO-001,O-20251211-144500-001-V2-4342,O-20251211-144500-001-V2-4344,SELL,FLAT,0.00,100000.00,1765464300000000000,2025-12-11 14:45:00+00:00,1765465440000000000,2025-12-11 15:04:00+00:00,1140000000000.0,1.17434,1.17318,['4.70 USD'],0.00099,111.30 USD,True
BACKTESTER-001,MLSignalStrategyV2-V2,EUR/USD.IDEALPRO,IDEALPRO-001,O-20251211-163000-001-V2-4345,O-20251211-163000-001-V2-4346,SELL,FLAT,0.00,100000.00,1765470600000000000,2025-12-11 16:30:00+00:00,1765471740000000000,2025-12-11 16:49:00+00:00,1140000000000.0,1.1747,1.17561,['4.70 USD'],-0.00077,-95.70 USD,True
BACKTESTER-001,MLSignalStrategyV2-V2,EUR/USD.IDEALPRO,IDEALPRO-001,O-20251212-173000-001-V2-4348,O-20251212-173000-001-V2-4349,BUY,FLAT,0.00,100000.00,1765560600000000000,2025-12-12 17:30:00+00:00,1765568820000000000,2025-12-12 19:47:00+00:00,8220000000000.0,1.17431,1.17358,['4.70 USD'],-0.00062,-77.70 USD,True
BACKTESTER-001,MLSignalStrategyV2-V2,EUR/USD.IDEALPRO,IDEALPRO-001,O-20251212-211500-001-V2-4351,O-20251212-211500-001-V2-4352,BUY,FLAT,0.00,100000.00,1765574100000000000,2025-12-12 21:15:00+00:00,1765750560000000000,2025-12-14 22:16:00+00:00,176460000000000.0,1.17433,1.17364,['4.70 USD'],-0.00059,-73.70 USD,True
BACKTESTER-001,MLSignalStrategyV2-V2,EUR/USD.IDEALPRO,IDEALPRO-001,O-20251214-223000-001-V2-4354,O-20251214-223000-001-V2-4355,BUY,FLAT,0.00,100000.00,1765751400000000000,2025-12-14 22:30:00+00:00,1765757460000000000,2025-12-15 00:11:00+00:00,6060000000000.0,1.17369,1.1732,['4.70 USD'],-0.00042,-53.70 USD,True
BACKTESTER-001,MLSignalStrategyV2-V2,EUR/USD.IDEALPRO,IDEALPRO-001,O-20251215-030000-001-V2-4357,O-20251215-030000-001-V2-4359,SELL,FLAT,0.00,100000.00,1765767600000000000,2025-12-15 03:00:00+00:00,1765770360000000000,2025-12-15 03:46:00+00:00,2760000000000.0,1.17414,1.17349,['4.70 USD'],0.00055,60.30 USD,True
BACKTESTER-001,MLSignalStrategyV2-V2,EUR/USD.IDEALPRO,IDEALPRO-001,O-20251215-231500-001-V2-4360,O-20251215-231500-001-V2-4362,SELL,FLAT,0.00,100000.00,1765840500000000000,2025-12-15 23:15:00+00:00,1765846620000000000,2025-12-16 00:57:00+00:00,6120000000000.0,1.17544,1.17485,['4.70 USD'],0.0005,54.30 USD,True
BACKTESTER-001,MLSignalStrategyV2-V2,EUR/USD.IDEALPRO,IDEALPRO-001,O-20251216-011500-001-V2-4363,O-20251216-011500-001-V2-4364,SELL,FLAT,0.00,100000.00,1765847700000000000,2025-12-16 01:15:00+00:00,1765849020000000000,2025-12-16 01:37:00+00:00,1320000000000.0,1.17489,1.17525,['4.70 USD'],-0.00031,-40.70 USD,True
BACKTESTER-001,MLSignalStrategyV2-V2,EUR/USD.IDEALPRO,IDEALPRO-001,O-20251216-014500-001-V2-4366,O-20251216-014500-001-V2-4368,SELL,FLAT,0.00,100000.00,1765849500000000000,2025-12-16 01:45:00+00:00,1765849860000000000,2025-12-16 01:51:00+00:00,360000000000.0,1.17528,1.17468,['4.70 USD'],0.00051,55.30 USD,True
BACKTESTER-001,MLSignalStrategyV2-V2,EUR/USD.IDEALPRO,IDEALPRO-001,O-20251216-020000-001-V2-4369,O-20251216-020000-001-V2-4371,BUY,FLAT,0.00,100000.00,1765850400000000000,2025-12-16 02:00:00+00:00,1765854240000000000,2025-12-16 03:04:00+00:00,3840000000000.0,1.1752,1.1759,['4.70 USD'],0.0006,65.30 USD,True
BACKTESTER-001,MLSignalStrategyV2-V2,EUR/USD.IDEALPRO,IDEALPRO-001,O-20251216-134500-001-V2-4372,O-20251216-134500-001-V2-4373,SELL,FLAT,0.00,100000.00,1765892700000000000,2025-12-16 13:45:00+00:00,1765893420000000000,2025-12-16 13:57:00+00:00,720000000000.0,1.17636,1.17727,['4.70 USD'],-0.00077,-95.70 USD,True
BACKTESTER-001,MLSignalStrategyV2-V2,EUR/USD.IDEALPRO,IDEALPRO-001,O-20251216-151500-001-V2-4375,O-20251216-151500-001-V2-4377,SELL,FLAT,0.00,100000.00,1765898100000000000,2025-12-16 15:15:00+00:00,1765900560000000000,2025-12-16 15:56:00+00:00,2460000000000.0,1.17876,1.17694,['4.71 USD'],0.00154,177.29 USD,True
BACKTESTER-001,MLSignalStrategyV2-V2,EUR/USD.IDEALPRO,IDEALPRO-001,O-20251216-170000-001-V2-4378,O-20251216-170000-001-V2-4380,SELL,FLAT,0.00,100000.00,1765904400000000000,2025-12-16 17:00:00+00:00,1765908720000000000,2025-12-16 18:12:00+00:00,4320000000000.0,1.17692,1.17532,['4.70 USD'],0.00136,155.30 USD,True
BACKTESTER-001,MLSignalStrategyV2-V2,EUR/USD.IDEALPRO,IDEALPRO-001,O-20251216-183000-001-V2-4381,O-20251216-183000-001-V2-4382,BUY,FLAT,0.00,100000.00,1765909800000000000,2025-12-16 18:30:00+00:00,1765913160000000000,2025-12-16 19:26:00+00:00,3360000000000.0,1.17461,1.17344,['4.70 USD'],-0.001,-121.70 USD,True
BACKTESTER-001,MLSignalStrategyV2-V2,EUR/USD.IDEALPRO,IDEALPRO-001,O-20251216-210000-001-V2-4384,,BUY,LONG,100000.00,100000.00,1765918800000000000,2025-12-16 21:00:00+00:00,1765918800000000000,,,1.17477,,['2.35 USD'],0.0,-2.35 USD,False
