{
  "pnls": {
    "PnL (total)": 2447.36,
    "PnL% (total)": 2.4473600000000006,
    "Max Winner": 799.64,
    "Avg Winner": 533.005,
    "Min Winner": 495.35,
    "Min Loser": 0.0,
    "Avg Loser": -204.1922857142857,
    "Max Loser": -255.71,
    "Expectancy": 46.1766037735849,
    "Win Rate": 0.33962264150943394
  },
  "general": {
    "Long Ratio": "0.53"
  },
  "rejected_signals_count": 645
}