{
  "pnls": {
    "PnL (total)": 8924.43,
    "PnL% (total)": 8.924429999999992,
    "Max Winner": 494.89,
    "Avg Winner": 494.60676470588237,
    "Min Winner": 494.31,
    "Min Loser": -95.2,
    "Avg Loser": -328.84166666666664,
    "Max Loser": -356.69,
    "Expectancy": 153.86948275862068,
    "Win Rate": 0.5862068965517241
  },
  "general": {
    "Long Ratio": "0.50",
    "Total trades": 0,
    "Sharpe ratio": 0.0,
    "Profit factor": 0.0,
    "Max drawdown": 0.0
  },
  "rejected_signals_count": 335
}