{
  "pnls": {
    "PnL (total)": 1475.96,
    "PnL% (total)": 1.4759600000000064,
    "Max Winner": 744.89,
    "Avg Winner": 638.4047368421053,
    "Min Winner": 8.38,
    "Min Loser": -30.6,
    "Avg Loser": -287.9386486486486,
    "Max Loser": -306.71,
    "Expectancy": 26.356428571428637,
    "Win Rate": 0.3392857142857143
  },
  "general": {
    "Long Ratio": "0.50",
    "Total trades": 0,
    "Sharpe ratio": 0.0,
    "Profit factor": 0.0,
    "Max drawdown": 0.0
  },
  "rejected_signals_count": 245
}