{
  "pnls": {
    "PnL (total)": -184.79,
    "PnL% (total)": -0.1847899999999936,
    "Max Winner": 666.43,
    "Avg Winner": 521.4016666666666,
    "Min Winner": 495.37,
    "Min Loser": 0.0,
    "Avg Loser": -227.8576190476191,
    "Max Loser": -255.71,
    "Expectancy": -3.0798333333333687,
    "Win Rate": 0.3
  },
  "general": {
    "Long Ratio": "0.52"
  },
  "rejected_signals_count": 757
}