{
  "pnls": {
    "PnL (total)": 7974.89,
    "PnL% (total)": 7.974889999999999,
    "Max Winner": 494.89,
    "Avg Winner": 494.589393939394,
    "Min Winner": 494.31,
    "Min Loser": -97.54,
    "Avg Loser": -333.8624,
    "Max Loser": -346.69,
    "Expectancy": 137.49810344827588,
    "Win Rate": 0.5689655172413793
  },
  "general": {
    "Long Ratio": "0.48",
    "Total trades": 0,
    "Sharpe ratio": 0.0,
    "Profit factor": 0.0,
    "Max drawdown": 0.0
  },
  "rejected_signals_count": 228
}