{
  "pnls": {
    "PnL (total)": 231.28,
    "PnL% (total)": 0.23127999999999885,
    "Max Winner": 615.4,
    "Avg Winner": 508.29894736842107,
    "Min Winner": 495.33,
    "Min Loser": 0.0,
    "Avg Loser": -219.2186046511628,
    "Max Loser": -255.71,
    "Expectancy": 3.7303225806451508,
    "Win Rate": 0.3064516129032258
  },
  "general": {
    "Long Ratio": "0.53",
    "Total trades": 0,
    "Sharpe ratio": 0.0,
    "Profit factor": 0.0,
    "Max drawdown": 0.0
  },
  "rejected_signals_count": 793
}