{
  "pnls": {
    "PnL (total)": 8017.43,
    "PnL% (total)": 8.017429999999994,
    "Max Winner": 494.89,
    "Avg Winner": 494.6106060606061,
    "Min Winner": 494.31,
    "Min Loser": -122.54,
    "Avg Loser": -332.18879999999996,
    "Max Loser": -356.71,
    "Expectancy": 138.23155172413797,
    "Win Rate": 0.5689655172413793
  },
  "general": {
    "Long Ratio": "0.50",
    "Total trades": 0,
    "Sharpe ratio": 0.0,
    "Profit factor": 0.0,
    "Max drawdown": 0.0
  },
  "rejected_signals_count": 298
}