{
  "pnls": {
    "PnL (total)": 14203.91,
    "PnL% (total)": 14.203910000000002,
    "Max Winner": 499.35,
    "Avg Winner": 462.2701960784316,
    "Min Winner": 8.38,
    "Min Loser": -30.54,
    "Avg Loser": -275.64323529411763,
    "Max Loser": -356.73,
    "Expectancy": 167.10482352941187,
    "Win Rate": 0.6
  },
  "general": {
    "Long Ratio": 0.53,
    "Total trades": 85,
    "Sharpe ratio": 0.453,
    "Profit factor": 0.0,
    "Max drawdown": 0.0
  },
  "rejected_signals_count": 678
}