{
  "pnls": {
    "PnL (total)": 10229.79,
    "PnL% (total)": 10.229789999999994,
    "Max Winner": 494.89,
    "Avg Winner": 481.0880555555556,
    "Min Winner": 8.38,
    "Min Loser": -0.54,
    "Avg Loser": -308.23391304347825,
    "Max Loser": -356.69,
    "Expectancy": 173.38627118644075,
    "Win Rate": 0.6101694915254238
  },
  "general": {
    "Long Ratio": "0.51",
    "Total trades": 0,
    "Sharpe ratio": 0.0,
    "Profit factor": 0.0,
    "Max drawdown": 0.0
  },
  "rejected_signals_count": 241
}