{
  "pnls": {
    "PnL (total)": 4474.76,
    "PnL% (total)": 4.474759999999995,
    "Max Winner": 594.89,
    "Avg Winner": 551.9123076923078,
    "Min Winner": 8.38,
    "Min Loser": -96.16,
    "Avg Loser": -299.2412121212121,
    "Max Loser": -306.71,
    "Expectancy": 75.8433898305085,
    "Win Rate": 0.4406779661016949
  },
  "general": {
    "Long Ratio": "0.49",
    "Total trades": 0,
    "Sharpe ratio": 0.0,
    "Profit factor": 0.0,
    "Max drawdown": 0.0
  },
  "rejected_signals_count": 242
}