{
  "pnls": {
    "PnL (total)": -4541.78,
    "PnL% (total)": -4.541779999999998,
    "Max Winner": 751.87,
    "Avg Winner": 743.6046938775511,
    "Min Winner": 727.82,
    "Min Loser": -60.64,
    "Avg Loser": -353.26215517241405,
    "Max Loser": -413.41,
    "Expectancy": -27.52593939393954,
    "Win Rate": 0.296969696969697
  },
  "general": {
    "Long Ratio": 0.5,
    "Total trades": 165,
    "Sharpe ratio": -0.043,
    "Profit factor": 0.0,
    "Max drawdown": 0.0
  },
  "rejected_signals_count": 16618
}