{
  "pnls": {
    "PnL (total)": -6765.7,
    "PnL% (total)": -6.765699999999997,
    "Max Winner": 498.81,
    "Avg Winner": 496.09285714285716,
    "Min Winner": 495.35,
    "Min Loser": 0.0,
    "Avg Loser": -213.2989583333333,
    "Max Loser": -255.71,
    "Expectancy": -123.01272727272726,
    "Win Rate": 0.12727272727272726
  },
  "general": {
    "Long Ratio": "0.45",
    "Total trades": 0,
    "Sharpe ratio": 0.0,
    "Profit factor": 0.0,
    "Max drawdown": 0.0
  },
  "rejected_signals_count": 1027
}