{
  "pnls": {
    "PnL (total)": 7145.2,
    "PnL% (total)": 7.145199999999997,
    "Max Winner": 494.89,
    "Avg Winner": 494.1387500000001,
    "Min Winner": 479.89,
    "Min Loser": -30.54,
    "Avg Loser": -321.008888888889,
    "Max Loser": -346.69,
    "Expectancy": 121.10508474576272,
    "Win Rate": 0.5423728813559322
  },
  "general": {
    "Long Ratio": "0.47",
    "Total trades": 0,
    "Sharpe ratio": 0.0,
    "Profit factor": 0.0,
    "Max drawdown": 0.0
  },
  "rejected_signals_count": 263
}