{
  "pnls": {
    "PnL (total)": -2502.11,
    "PnL% (total)": -2.5021100000000005,
    "Max Winner": 545.51,
    "Avg Winner": 509.70761904761906,
    "Min Winner": 495.31,
    "Min Loser": 0.0,
    "Avg Loser": -206.34328125000002,
    "Max Loser": -255.7,
    "Expectancy": -29.436588235294124,
    "Win Rate": 0.24705882352941178
  },
  "general": {
    "Long Ratio": "0.49",
    "Total trades": 0,
    "Sharpe ratio": 0.0,
    "Profit factor": 0.0,
    "Max drawdown": 0.0
  },
  "rejected_signals_count": 1550
}