{
  "pnls": {
    "PnL (total)": 10732.33,
    "PnL% (total)": 10.732330000000003,
    "Max Winner": 494.89,
    "Avg Winner": 471.4878947368421,
    "Min Winner": 8.38,
    "Min Loser": -93.52,
    "Avg Loser": -326.555,
    "Max Loser": -356.69,
    "Expectancy": 178.87216666666663,
    "Win Rate": 0.6333333333333333
  },
  "general": {
    "Long Ratio": "0.50",
    "Total trades": 0,
    "Sharpe ratio": 0.0,
    "Profit factor": 0.0,
    "Max drawdown": 0.0
  },
  "rejected_signals_count": 224
}