{
  "pnls": {
    "PnL (total)": 7432.75,
    "PnL% (total)": 7.43275,
    "Max Winner": 494.89,
    "Avg Winner": 479.8618181818182,
    "Min Winner": 8.38,
    "Min Loser": -95.2,
    "Avg Loser": -323.18038461538464,
    "Max Loser": -356.69,
    "Expectancy": 125.97881355932199,
    "Win Rate": 0.559322033898305
  },
  "general": {
    "Long Ratio": "0.51",
    "Total trades": 0,
    "Sharpe ratio": 0.0,
    "Profit factor": 0.0,
    "Max drawdown": 0.0
  },
  "rejected_signals_count": 279
}