{
  "pnls": {
    "PnL (total)": 2580.73,
    "PnL% (total)": 2.580729999999996,
    "Max Winner": 534.35,
    "Avg Winner": 481.8096875,
    "Min Winner": 27.84,
    "Min Loser": -66.66,
    "Avg Loser": -320.9295,
    "Max Loser": -356.71,
    "Expectancy": 35.84347222222219,
    "Win Rate": 0.4444444444444444
  },
  "general": {
    "Long Ratio": 0.46,
    "Total trades": 72,
    "Sharpe ratio": 0.103,
    "Profit factor": 0.0,
    "Max drawdown": 0.0
  },
  "rejected_signals_count": 3623
}