{
  "pnls": {
    "PnL (total)": 9917.81,
    "PnL% (total)": 9.917809999999998,
    "Max Winner": 494.89,
    "Avg Winner": 481.09027777777777,
    "Min Winner": 8.38,
    "Min Loser": -55.16,
    "Avg Loser": -321.8017391304348,
    "Max Loser": -356.69,
    "Expectancy": 168.0984745762712,
    "Win Rate": 0.6101694915254238
  },
  "general": {
    "Long Ratio": "0.49",
    "Total trades": 0,
    "Sharpe ratio": 0.0,
    "Profit factor": 0.0,
    "Max drawdown": 0.0
  },
  "rejected_signals_count": 264
}