{
  "pnls": {
    "PnL (total)": -3607.81,
    "PnL% (total)": -3.6078099999999975,
    "Max Winner": 744.89,
    "Avg Winner": 744.5715517241379,
    "Min Winner": 744.29,
    "Min Loser": -247.57,
    "Avg Loser": -305.83633986928095,
    "Max Loser": -306.72,
    "Expectancy": -17.098625592417008,
    "Win Rate": 0.27488151658767773
  },
  "general": {
    "Long Ratio": 0.5,
    "Total trades": 211,
    "Sharpe ratio": -0.028,
    "Profit factor": 0.0,
    "Max drawdown": 0.0
  },
  "rejected_signals_count": 193181
}