{
  "pnls": {
    "PnL (total)": 9841.86,
    "PnL% (total)": 9.84186,
    "Max Winner": 494.89,
    "Avg Winner": 481.0905555555556,
    "Min Winner": 8.38,
    "Min Loser": -30.54,
    "Avg Loser": -325.104347826087,
    "Max Loser": -356.69,
    "Expectancy": 166.81118644067803,
    "Win Rate": 0.6101694915254238
  },
  "general": {
    "Long Ratio": "0.49",
    "Total trades": 0,
    "Sharpe ratio": 0.0,
    "Profit factor": 0.0,
    "Max drawdown": 0.0
  },
  "rejected_signals_count": 211
}