{
  "pnls": {
    "PnL (total)": 9236.88,
    "PnL% (total)": 9.236880000000005,
    "Max Winner": 494.89,
    "Avg Winner": 481.7102857142857,
    "Min Winner": 43.48,
    "Min Loser": -73.2,
    "Avg Loser": -317.62416666666667,
    "Max Loser": -356.69,
    "Expectancy": 156.55728813559318,
    "Win Rate": 0.5932203389830508
  },
  "general": {
    "Long Ratio": "0.53",
    "Total trades": 0,
    "Sharpe ratio": 0.0,
    "Profit factor": 0.0,
    "Max drawdown": 0.0
  },
  "rejected_signals_count": 278
}