{
  "pnls": {
    "PnL (total)": -5807.0,
    "PnL% (total)": -5.8069999999999995,
    "Max Winner": 584.87,
    "Avg Winner": 452.73774193548394,
    "Min Winner": 4.32,
    "Min Loser": 0.0,
    "Avg Loser": -215.67250000000004,
    "Max Loser": -255.72,
    "Expectancy": -47.21138211382119,
    "Win Rate": 0.25203252032520324
  },
  "general": {
    "Long Ratio": "0.49"
  },
  "rejected_signals_count": 972
}