{
  "pnls": {
    "PnL (total)": 8264.78,
    "PnL% (total)": 8.26478,
    "Max Winner": 494.89,
    "Avg Winner": 480.2950000000001,
    "Min Winner": 8.38,
    "Min Loser": -95.2,
    "Avg Loser": -322.61,
    "Max Loser": -356.71,
    "Expectancy": 140.08101694915263,
    "Win Rate": 0.576271186440678
  },
  "general": {
    "Long Ratio": "0.51",
    "Total trades": 0,
    "Sharpe ratio": 0.0,
    "Profit factor": 0.0,
    "Max drawdown": 0.0
  },
  "rejected_signals_count": 226
}