{
  "pnls": {
    "PnL (total)": 8879.78,
    "PnL% (total)": 8.879779999999998,
    "Max Winner": 494.89,
    "Avg Winner": 480.7065714285714,
    "Min Winner": 8.38,
    "Min Loser": -95.2,
    "Avg Loser": -331.0395833333333,
    "Max Loser": -356.69,
    "Expectancy": 150.50474576271182,
    "Win Rate": 0.5932203389830508
  },
  "general": {
    "Long Ratio": "0.49",
    "Total trades": 0,
    "Sharpe ratio": 0.0,
    "Profit factor": 0.0,
    "Max drawdown": 0.0
  },
  "rejected_signals_count": 266
}