{
  "pnls": {
    "PnL (total)": -2775.23,
    "PnL% (total)": -2.775229999999996,
    "Max Winner": 508.45,
    "Avg Winner": 494.94445945945995,
    "Min Winner": 484.35,
    "Min Loser": -217.16,
    "Avg Loser": -255.85142857142867,
    "Max Loser": -295.54,
    "Expectancy": -12.172061403508678,
    "Win Rate": 0.32456140350877194
  },
  "general": {
    "Long Ratio": 0.5,
    "Total trades": 228,
    "Sharpe ratio": -0.023,
    "Profit factor": 0.0,
    "Max drawdown": 0.0
  },
  "rejected_signals_count": 8182
}