{
  "pnls": {
    "PnL (total)": 10859.43,
    "PnL% (total)": 10.859429999999994,
    "Max Winner": 494.89,
    "Avg Winner": 494.60222222222234,
    "Min Winner": 494.31,
    "Min Loser": -30.54,
    "Avg Loser": -315.7386363636364,
    "Max Loser": -356.69,
    "Expectancy": 187.23155172413803,
    "Win Rate": 0.6206896551724138
  },
  "general": {
    "Long Ratio": "0.50",
    "Total trades": 0,
    "Sharpe ratio": 0.0,
    "Profit factor": 0.0,
    "Max drawdown": 0.0
  },
  "rejected_signals_count": 268
}