{
  "pnls": {
    "PnL (total)": 9775.43,
    "PnL% (total)": 9.775429999999993,
    "Max Winner": 494.89,
    "Avg Winner": 494.60799999999995,
    "Min Winner": 494.31,
    "Min Loser": -95.2,
    "Avg Loser": -327.64565217391305,
    "Max Loser": -356.69,
    "Expectancy": 168.5418965517241,
    "Win Rate": 0.603448275862069
  },
  "general": {
    "Long Ratio": "0.50",
    "Total trades": 0,
    "Sharpe ratio": 0.0,
    "Profit factor": 0.0,
    "Max drawdown": 0.0
  },
  "rejected_signals_count": 325
}