{
  "pnls": {
    "PnL (total)": 7261.74,
    "PnL% (total)": 7.261740000000005,
    "Max Winner": 494.89,
    "Avg Winner": 480.989393939394,
    "Min Winner": 45.38,
    "Min Loser": -73.2,
    "Avg Loser": -331.18884615384616,
    "Max Loser": -356.69,
    "Expectancy": 123.08033898305084,
    "Win Rate": 0.559322033898305
  },
  "general": {
    "Long Ratio": "0.49",
    "Total trades": 0,
    "Sharpe ratio": 0.0,
    "Profit factor": 0.0,
    "Max drawdown": 0.0
  },
  "rejected_signals_count": 285
}