{
  "pnls": {
    "PnL (total)": -3985.66,
    "PnL% (total)": -3.9856600000000033,
    "Max Winner": 607.49,
    "Avg Winner": 445.2028205128205,
    "Min Winner": 16.67,
    "Min Loser": -9.2,
    "Avg Loser": -209.29970588235298,
    "Max Loser": -255.72,
    "Expectancy": -28.267092198581565,
    "Win Rate": 0.2765957446808511
  },
  "general": {
    "Long Ratio": "0.50"
  },
  "rejected_signals_count": 879
}