{
  "pnls": {
    "PnL (total)": -2531.87,
    "PnL% (total)": -2.5318699999999956,
    "Max Winner": 607.49,
    "Avg Winner": 446.5565,
    "Min Winner": 16.67,
    "Min Loser": -9.2,
    "Avg Loser": -206.0013131313131,
    "Max Loser": -255.71,
    "Expectancy": -18.214892086330906,
    "Win Rate": 0.28776978417266186
  },
  "general": {
    "Long Ratio": "0.50",
    "Total trades": 0,
    "Sharpe ratio": 0.0,
    "Profit factor": 0.0,
    "Max drawdown": 0.0
  },
  "rejected_signals_count": 812
}