{
  "pnls": {
    "PnL (total)": 9175.78,
    "PnL% (total)": 9.175779999999998,
    "Max Winner": 494.89,
    "Avg Winner": 480.70514285714285,
    "Min Winner": 8.38,
    "Min Loser": -92.54,
    "Avg Loser": -318.70416666666665,
    "Max Loser": -356.69,
    "Expectancy": 155.52169491525422,
    "Win Rate": 0.5932203389830508
  },
  "general": {
    "Long Ratio": "0.51",
    "Total trades": 0,
    "Sharpe ratio": 0.0,
    "Profit factor": 0.0,
    "Max drawdown": 0.0
  },
  "rejected_signals_count": 223
}