{
  "pnls": {
    "PnL (total)": 7227.63,
    "PnL% (total)": 7.227630000000004,
    "Max Winner": 494.89,
    "Avg Winner": 494.56290322580645,
    "Min Winner": 494.31,
    "Min Loser": -138.54,
    "Avg Loser": -337.65916666666664,
    "Max Loser": -366.69,
    "Expectancy": 131.41145454545455,
    "Win Rate": 0.5636363636363636
  },
  "general": {
    "Long Ratio": "0.51",
    "Total trades": 0,
    "Sharpe ratio": 0.0,
    "Profit factor": 0.0,
    "Max drawdown": 0.0
  },
  "rejected_signals_count": 226
}