{
  "pnls": {
    "PnL (total)": -3710.9,
    "PnL% (total)": -3.710899999999994,
    "Max Winner": 545.51,
    "Avg Winner": 488.46,
    "Min Winner": 86.88,
    "Min Loser": 0.0,
    "Avg Loser": -207.57611111111112,
    "Max Loser": -255.7,
    "Expectancy": -39.06210526315792,
    "Win Rate": 0.24210526315789474
  },
  "general": {
    "Long Ratio": "0.47"
  },
  "rejected_signals_count": 1286
}