{
  "pnls": {
    "PnL (total)": -1507.37,
    "PnL% (total)": -1.5073699999999954,
    "Max Winner": 577.41,
    "Avg Winner": 519.1928,
    "Min Winner": 495.33,
    "Min Loser": 0.0,
    "Avg Loser": -206.95985714285715,
    "Max Loser": -255.7,
    "Expectancy": -15.867052631578986,
    "Win Rate": 0.2631578947368421
  },
  "general": {
    "Long Ratio": "0.45",
    "Total trades": 0,
    "Sharpe ratio": 0.0,
    "Profit factor": 0.0,
    "Max drawdown": 0.0
  },
  "rejected_signals_count": 672
}