{
  "pnls": {
    "PnL (total)": 7541.75,
    "PnL% (total)": 7.5417499999999995,
    "Max Winner": 494.89,
    "Avg Winner": 479.8618181818182,
    "Min Winner": 8.38,
    "Min Loser": -33.16,
    "Avg Loser": -318.98807692307685,
    "Max Loser": -356.69,
    "Expectancy": 127.82627118644069,
    "Win Rate": 0.559322033898305
  },
  "general": {
    "Long Ratio": "0.51",
    "Total trades": 0,
    "Sharpe ratio": 0.0,
    "Profit factor": 0.0,
    "Max drawdown": 0.0
  },
  "rejected_signals_count": 275
}