{
  "pnls": {
    "PnL (total)": 8060.37,
    "PnL% (total)": 8.060369999999995,
    "Max Winner": 494.89,
    "Avg Winner": 494.61939393939394,
    "Min Winner": 494.31,
    "Min Loser": -26.16,
    "Avg Loser": -330.4828,
    "Max Loser": -356.69,
    "Expectancy": 138.97189655172414,
    "Win Rate": 0.5689655172413793
  },
  "general": {
    "Long Ratio": "0.50",
    "Total trades": 0,
    "Sharpe ratio": 0.0,
    "Profit factor": 0.0,
    "Max drawdown": 0.0
  },
  "rejected_signals_count": 318
}