{
  "pnls": {
    "PnL (total)": -688.57,
    "PnL% (total)": -0.688570000000007,
    "Max Winner": 297.33,
    "Avg Winner": 91.41818181818182,
    "Min Winner": 2.32,
    "Min Loser": -3.68,
    "Avg Loser": -60.506071428571445,
    "Max Loser": -153.69,
    "Expectancy": -17.65564102564104,
    "Win Rate": 0.28205128205128205
  },
  "general": {
    "Long Ratio": "1.00"
  },
  "rejected_signals_count": 1181
}