{
  "pnls": {
    "PnL (total)": 7522.04,
    "PnL% (total)": 7.522039999999993,
    "Max Winner": 494.89,
    "Avg Winner": 494.14312500000005,
    "Min Winner": 479.89,
    "Min Loser": -30.54,
    "Avg Loser": -296.0907142857142,
    "Max Loser": -316.69,
    "Expectancy": 125.36733333333336,
    "Win Rate": 0.5333333333333333
  },
  "general": {
    "Long Ratio": "0.48",
    "Total trades": 0,
    "Sharpe ratio": 0.0,
    "Profit factor": 0.0,
    "Max drawdown": 0.0
  },
  "rejected_signals_count": 258
}