{
  "pnls": {
    "PnL (total)": 958.74,
    "PnL% (total)": 0.9587400000000054,
    "Max Winner": 571.83,
    "Avg Winner": 505.8133333333334,
    "Min Winner": 495.41,
    "Min Loser": 0.0,
    "Avg Loser": -207.13937500000003,
    "Max Loser": -255.7,
    "Expectancy": 20.39872340425532,
    "Win Rate": 0.3191489361702128
  },
  "general": {
    "Long Ratio": "0.57",
    "Total trades": 0,
    "Sharpe ratio": 0.0,
    "Profit factor": 0.0,
    "Max drawdown": 0.0
  },
  "rejected_signals_count": 659
}