{
  "pnls": {
    "PnL (total)": 7357.76,
    "PnL% (total)": 7.357759999999995,
    "Max Winner": 494.89,
    "Avg Winner": 479.8648484848485,
    "Min Winner": 8.38,
    "Min Loser": -101.19,
    "Avg Loser": -326.0684615384616,
    "Max Loser": -356.71,
    "Expectancy": 124.70779661016945,
    "Win Rate": 0.559322033898305
  },
  "general": {
    "Long Ratio": "0.51",
    "Total trades": 0,
    "Sharpe ratio": 0.0,
    "Profit factor": 0.0,
    "Max drawdown": 0.0
  },
  "rejected_signals_count": 252
}