{
  "pnls": {
    "PnL (total)": 10698.82,
    "PnL% (total)": 10.698820000000007,
    "Max Winner": 494.89,
    "Avg Winner": 481.4610810810811,
    "Min Winner": 8.38,
    "Min Loser": -30.54,
    "Avg Loser": -323.42,
    "Max Loser": -356.69,
    "Expectancy": 181.33593220338983,
    "Win Rate": 0.6271186440677966
  },
  "general": {
    "Long Ratio": "0.49",
    "Total trades": 0,
    "Sharpe ratio": 0.0,
    "Profit factor": 0.0,
    "Max drawdown": 0.0
  },
  "rejected_signals_count": 237
}