{
  "pnls": {
    "PnL (total)": 8448.75,
    "PnL% (total)": 8.448749999999999,
    "Max Winner": 494.89,
    "Avg Winner": 469.50885714285715,
    "Min Winner": 8.38,
    "Min Loser": -101.19,
    "Avg Loser": -332.6691666666667,
    "Max Loser": -356.71,
    "Expectancy": 143.19915254237287,
    "Win Rate": 0.5932203389830508
  },
  "general": {
    "Long Ratio": "0.51",
    "Total trades": 0,
    "Sharpe ratio": 0.0,
    "Profit factor": 0.0,
    "Max drawdown": 0.0
  },
  "rejected_signals_count": 220
}