{
  "pnls": {
    "PnL (total)": -11447.85,
    "PnL% (total)": -11.447850000000006,
    "Max Winner": 543.59,
    "Avg Winner": 495.0700000000003,
    "Min Winner": 478.31,
    "Min Loser": -217.55,
    "Avg Loser": -256.3730501930503,
    "Max Loser": -279.17,
    "Expectancy": -30.9401351351351,
    "Win Rate": 0.3
  },
  "general": {
    "Long Ratio": 0.5,
    "Total trades": 370,
    "Sharpe ratio": -0.076,
    "Profit factor": 0.0,
    "Max drawdown": 0.0
  },
  "rejected_signals_count": 114782
}