{
  "pnls": {
    "PnL (total)": 6728.35,
    "PnL% (total)": 6.728350000000005,
    "Max Winner": 494.89,
    "Avg Winner": 494.60483870967744,
    "Min Winner": 494.31,
    "Min Loser": -26.16,
    "Avg Loser": -318.68148148148146,
    "Max Loser": -356.71,
    "Expectancy": 116.00603448275862,
    "Win Rate": 0.5344827586206896
  },
  "general": {
    "Long Ratio": "0.52",
    "Total trades": 0,
    "Sharpe ratio": 0.0,
    "Profit factor": 0.0,
    "Max drawdown": 0.0
  },
  "rejected_signals_count": 286
}