{
  "pnls": {
    "PnL (total)": 9847.83,
    "PnL% (total)": 9.847830000000002,
    "Max Winner": 494.89,
    "Avg Winner": 481.09000000000003,
    "Min Winner": 8.38,
    "Min Loser": -30.54,
    "Avg Loser": -324.84391304347827,
    "Max Loser": -356.69,
    "Expectancy": 166.91237288135596,
    "Win Rate": 0.6101694915254238
  },
  "general": {
    "Long Ratio": "0.49",
    "Total trades": 0,
    "Sharpe ratio": 0.0,
    "Profit factor": 0.0,
    "Max drawdown": 0.0
  },
  "rejected_signals_count": 228
}