{
  "pnls": {
    "PnL (total)": 7067.47,
    "PnL% (total)": 7.067470000000001,
    "Max Winner": 494.89,
    "Avg Winner": 494.57516129032257,
    "Min Winner": 494.31,
    "Min Loser": -138.54,
    "Avg Loser": -306.08740740740734,
    "Max Loser": -316.7,
    "Expectancy": 121.85293103448276,
    "Win Rate": 0.5344827586206896
  },
  "general": {
    "Long Ratio": "0.50",
    "Total trades": 0,
    "Sharpe ratio": 0.0,
    "Profit factor": 0.0,
    "Max drawdown": 0.0
  },
  "rejected_signals_count": 223
}