{
  "pnls": {
    "PnL (total)": 9525.5,
    "PnL% (total)": 9.525500000000001,
    "Max Winner": 494.89,
    "Avg Winner": 494.60085714285714,
    "Min Winner": 494.31,
    "Min Loser": -5.16,
    "Avg Loser": -324.3970833333333,
    "Max Loser": -366.69,
    "Expectancy": 161.44915254237287,
    "Win Rate": 0.5932203389830508
  },
  "general": {
    "Long Ratio": "0.49",
    "Total trades": 0,
    "Sharpe ratio": 0.0,
    "Profit factor": 0.0,
    "Max drawdown": 0.0
  },
  "rejected_signals_count": 270
}