{
  "pnls": {
    "PnL (total)": -4388.91,
    "PnL% (total)": -4.388910000000004,
    "Max Winner": 518.61,
    "Avg Winner": 494.8614782608698,
    "Min Winner": 471.85,
    "Min Loser": -16.64,
    "Avg Loser": -354.32358381502894,
    "Max Loser": -375.65,
    "Expectancy": -15.239270833333256,
    "Win Rate": 0.3993055555555556
  },
  "general": {
    "Long Ratio": 0.5,
    "Total trades": 288,
    "Sharpe ratio": -0.027,
    "Profit factor": 0.0,
    "Max drawdown": 0.0
  },
  "rejected_signals_count": 118286
}