{
  "pnls": {
    "PnL (total)": 3968.55,
    "PnL% (total)": 3.9685500000000027,
    "Max Winner": 614.33,
    "Avg Winner": 595.8695652173914,
    "Min Winner": 592.34,
    "Min Loser": -55.68,
    "Avg Loser": -105.83097826086956,
    "Max Loser": -124.65,
    "Expectancy": 34.509130434782634,
    "Win Rate": 0.2
  },
  "general": {
    "Long Ratio": 0.5
  },
  "rejected_signals_count": 725
}