{
  "pnls": {
    "PnL (total)": -2199.09,
    "PnL% (total)": -2.1990899999999964,
    "Max Winner": 114.35,
    "Avg Winner": 96.33824324324326,
    "Min Winner": 0.3,
    "Min Loser": -2.68,
    "Avg Loser": -51.82288888888888,
    "Max Loser": -56.74,
    "Expectancy": -8.65783464566929,
    "Win Rate": 0.29133858267716534
  },
  "general": {
    "Long Ratio": "0.51"
  },
  "rejected_signals_count": 5788
}