{
  "pnls": {
    "PnL (total)": -3456.93,
    "PnL% (total)": -3.4569299999999927,
    "Max Winner": 234.91,
    "Avg Winner": 174.26855072463766,
    "Min Winner": 0.34,
    "Min Loser": -0.16,
    "Avg Loser": -105.86252566735114,
    "Max Loser": -166.71,
    "Expectancy": -4.530707732634355,
    "Win Rate": 0.3617300131061599
  },
  "general": {
    "Long Ratio": "0.52",
    "Total trades": 0,
    "Sharpe ratio": 0.0,
    "Profit factor": 0.0,
    "Max drawdown": 0.0
  },
  "rejected_signals_count": 7814
}