{
  "pnls": {
    "PnL (total)": -2328.81,
    "PnL% (total)": -2.328809999999998,
    "Max Winner": 521.37,
    "Avg Winner": 126.075,
    "Min Winner": 1.28,
    "Min Loser": -2.66,
    "Avg Loser": -74.57119266055047,
    "Max Loser": -206.74,
    "Expectancy": -15.0245806451613,
    "Win Rate": 0.2967741935483871
  },
  "general": {
    "Long Ratio": "0.66"
  },
  "rejected_signals_count": 3158
}