{
  "pnls": {
    "PnL (total)": 1416.7,
    "PnL% (total)": 1.4166999999999972,
    "Max Winner": 394.91,
    "Avg Winner": 200.0220987654321,
    "Min Winner": 0.34,
    "Min Loser": -0.16,
    "Avg Loser": -92.52680392156863,
    "Max Loser": -126.72,
    "Expectancy": 1.8814077025232265,
    "Win Rate": 0.32270916334661354
  },
  "general": {
    "Long Ratio": "0.52",
    "Total trades": 0,
    "Sharpe ratio": 0.0,
    "Profit factor": 0.0,
    "Max drawdown": 0.0
  },
  "rejected_signals_count": 7824
}