{
  "pnls": {
    "PnL (total)": 7619.78,
    "PnL% (total)": 7.619779999999999,
    "Max Winner": 494.89,
    "Avg Winner": 494.60470588235296,
    "Min Winner": 494.31,
    "Min Loser": -30.54,
    "Avg Loser": -317.13034482758627,
    "Max Loser": -346.69,
    "Expectancy": 120.94888888888883,
    "Win Rate": 0.5396825396825397
  },
  "general": {
    "Long Ratio": "0.49",
    "Total trades": 0,
    "Sharpe ratio": 0.0,
    "Profit factor": 0.0,
    "Max drawdown": 0.0
  },
  "rejected_signals_count": 230
}