{
  "pnls": {
    "PnL (total)": 9903.78,
    "PnL% (total)": 9.90378,
    "Max Winner": 494.89,
    "Avg Winner": 494.59542857142856,
    "Min Winner": 494.31,
    "Min Loser": -5.62,
    "Avg Loser": -308.6275,
    "Max Loser": -356.69,
    "Expectancy": 167.86067796610166,
    "Win Rate": 0.5932203389830508
  },
  "general": {
    "Long Ratio": "0.49",
    "Total trades": 0,
    "Sharpe ratio": 0.0,
    "Profit factor": 0.0,
    "Max drawdown": 0.0
  },
  "rejected_signals_count": 271
}