{
  "pnls": {
    "PnL (total)": -5178.73,
    "PnL% (total)": -5.178729999999996,
    "Max Winner": 561.37,
    "Avg Winner": 495.6844144144147,
    "Min Winner": 485.51,
    "Min Loser": -323.28,
    "Avg Loser": -356.21124260355026,
    "Max Loser": -362.44,
    "Expectancy": -18.495464285714185,
    "Win Rate": 0.3964285714285714
  },
  "general": {
    "Long Ratio": 0.5,
    "Total trades": 280,
    "Sharpe ratio": -0.033,
    "Profit factor": 0.0,
    "Max drawdown": 0.0
  },
  "rejected_signals_count": 125697
}