{
  "pnls": {
    "PnL (total)": 6620.86,
    "PnL% (total)": 6.62086,
    "Max Winner": 494.89,
    "Avg Winner": 494.602,
    "Min Winner": 494.31,
    "Min Loser": -48.16,
    "Avg Loser": -328.68800000000005,
    "Max Loser": -356.61,
    "Expectancy": 120.37927272727268,
    "Win Rate": 0.5454545454545454
  },
  "general": {
    "Long Ratio": "0.49",
    "Total trades": 0,
    "Sharpe ratio": 0.0,
    "Profit factor": 0.0,
    "Max drawdown": 0.0
  },
  "rejected_signals_count": 368
}