{
  "pnls": {
    "PnL (total)": 10834.42,
    "PnL% (total)": 10.834419999999998,
    "Max Winner": 494.89,
    "Avg Winner": 494.6019444444446,
    "Min Winner": 494.31,
    "Min Loser": -48.16,
    "Avg Loser": -316.875,
    "Max Loser": -356.69,
    "Expectancy": 186.80034482758631,
    "Win Rate": 0.6206896551724138
  },
  "general": {
    "Long Ratio": "0.50",
    "Total trades": 0,
    "Sharpe ratio": 0.0,
    "Profit factor": 0.0,
    "Max drawdown": 0.0
  },
  "rejected_signals_count": 276
}