{
  "pnls": {
    "PnL (total)": 8397.24,
    "PnL% (total)": 8.397240000000005,
    "Max Winner": 494.89,
    "Avg Winner": 468.5797142857143,
    "Min Winner": 8.38,
    "Min Loser": -19.52,
    "Avg Loser": -320.12199999999996,
    "Max Loser": -356.69,
    "Expectancy": 139.9540000000001,
    "Win Rate": 0.5833333333333334
  },
  "general": {
    "Long Ratio": "0.52",
    "Total trades": 0,
    "Sharpe ratio": 0.0,
    "Profit factor": 0.0,
    "Max drawdown": 0.0
  },
  "rejected_signals_count": 252
}