{
  "pnls": {
    "PnL (total)": 7380.73,
    "PnL% (total)": 7.380729999999996,
    "Max Winner": 494.89,
    "Avg Winner": 479.87878787878793,
    "Min Winner": 8.38,
    "Min Loser": -33.16,
    "Avg Loser": -325.2026923076923,
    "Max Loser": -356.71,
    "Expectancy": 125.09711864406779,
    "Win Rate": 0.559322033898305
  },
  "general": {
    "Long Ratio": "0.49",
    "Total trades": 0,
    "Sharpe ratio": 0.0,
    "Profit factor": 0.0,
    "Max drawdown": 0.0
  },
  "rejected_signals_count": 289
}