{
  "pnls": {
    "PnL (total)": 7782.26,
    "PnL% (total)": 7.782259999999995,
    "Max Winner": 494.89,
    "Avg Winner": 494.6051515151515,
    "Min Winner": 494.31,
    "Min Loser": -59.12,
    "Avg Loser": -316.2855555555555,
    "Max Loser": -346.69,
    "Expectancy": 129.70433333333335,
    "Win Rate": 0.55
  },
  "general": {
    "Long Ratio": "0.48",
    "Total trades": 0,
    "Sharpe ratio": 0.0,
    "Profit factor": 0.0,
    "Max drawdown": 0.0
  },
  "rejected_signals_count": 311
}