{
  "pnls": {
    "PnL (total)": 10754.3,
    "PnL% (total)": 10.754300000000002,
    "Max Winner": 494.89,
    "Avg Winner": 471.4873684210526,
    "Min Winner": 8.38,
    "Min Loser": -71.52,
    "Avg Loser": -325.5554545454545,
    "Max Loser": -356.69,
    "Expectancy": 179.23833333333332,
    "Win Rate": 0.6333333333333333
  },
  "general": {
    "Long Ratio": "0.50",
    "Total trades": 0,
    "Sharpe ratio": 0.0,
    "Profit factor": 0.0,
    "Max drawdown": 0.0
  },
  "rejected_signals_count": 246
}