{
  "pnls": {
    "PnL (total)": -7732.69,
    "PnL% (total)": -7.732690000000002,
    "Max Winner": 744.9,
    "Avg Winner": 744.5452,
    "Min Winner": 744.29,
    "Min Loser": -6.64,
    "Avg Loser": -255.45426136363633,
    "Max Loser": -285.72,
    "Expectancy": -34.21544247787608,
    "Win Rate": 0.22123893805309736
  },
  "general": {
    "Long Ratio": 0.5,
    "Total trades": 226,
    "Sharpe ratio": -0.066,
    "Profit factor": 0.0,
    "Max drawdown": 0.0
  },
  "rejected_signals_count": 12659
}