{
  "pnls": {
    "PnL (total)": 272.37,
    "PnL% (total)": 0.27236999999999534,
    "Max Winner": 494.31,
    "Avg Winner": 141.514,
    "Min Winner": 0.32,
    "Min Loser": -29.7,
    "Avg Loser": -72.53333333333333,
    "Max Loser": -114.7,
    "Expectancy": 24.760909090909095,
    "Win Rate": 0.45454545454545453
  },
  "general": {
    "Long Ratio": "0.55"
  },
  "rejected_signals_count": 0
}