{
  "pnls": {
    "PnL (total)": 5904.35,
    "PnL% (total)": 5.904350000000006,
    "Max Winner": 1189.64,
    "Avg Winner": 547.1322727272728,
    "Min Winner": 495.37,
    "Min Loser": -50.52,
    "Avg Loser": -211.46758620689653,
    "Max Loser": -255.7,
    "Expectancy": 115.77156862745107,
    "Win Rate": 0.43137254901960786
  },
  "general": {
    "Long Ratio": "0.55"
  },
  "rejected_signals_count": 469
}