{
  "pnls": {
    "PnL (total)": 10251.93,
    "PnL% (total)": 10.251929999999993,
    "Max Winner": 494.89,
    "Avg Winner": 494.6074285714286,
    "Min Winner": 494.31,
    "Min Loser": -43.16,
    "Avg Loser": -320.87863636363636,
    "Max Loser": -356.69,
    "Expectancy": 179.85842105263163,
    "Win Rate": 0.6140350877192983
  },
  "general": {
    "Long Ratio": "0.49",
    "Total trades": 0,
    "Sharpe ratio": 0.0,
    "Profit factor": 0.0,
    "Max drawdown": 0.0
  },
  "rejected_signals_count": 323
}