{
  "pnls": {
    "PnL (total)": 1277.67,
    "PnL% (total)": 1.2776699999999983,
    "Max Winner": 666.43,
    "Avg Winner": 519.9911111111111,
    "Min Winner": 495.33,
    "Min Loser": -50.52,
    "Avg Loser": -224.5047222222222,
    "Max Loser": -255.71,
    "Expectancy": 23.660555555555533,
    "Win Rate": 0.3333333333333333
  },
  "general": {
    "Long Ratio": "0.52"
  },
  "rejected_signals_count": 622
}