{
  "pnls": {
    "PnL (total)": 3426.96,
    "PnL% (total)": 3.4269600000000064,
    "Max Winner": 494.87,
    "Avg Winner": 494.0670370370371,
    "Min Winner": 479.89,
    "Min Loser": -70.54,
    "Avg Loser": -247.82124999999996,
    "Max Loser": -256.72,
    "Expectancy": 51.148656716417975,
    "Win Rate": 0.40298507462686567
  },
  "general": {
    "Long Ratio": "0.48",
    "Total trades": 0,
    "Sharpe ratio": 0.0,
    "Profit factor": 0.0,
    "Max drawdown": 0.0
  },
  "rejected_signals_count": 316
}