{
  "pnls": {
    "PnL (total)": -6792.35,
    "PnL% (total)": -6.792350000000005,
    "Max Winner": 768.33,
    "Avg Winner": 745.0743181818184,
    "Min Winner": 744.29,
    "Min Loser": -6.64,
    "Avg Loser": -353.35375000000005,
    "Max Loser": -356.75,
    "Expectancy": -43.54070512820511,
    "Win Rate": 0.28205128205128205
  },
  "general": {
    "Long Ratio": 0.5,
    "Total trades": 156,
    "Sharpe ratio": -0.072,
    "Profit factor": 0.0,
    "Max drawdown": 0.0
  },
  "rejected_signals_count": 8817
}