{
  "pnls": {
    "PnL (total)": 7996.58,
    "PnL% (total)": 7.996580000000002,
    "Max Winner": 494.89,
    "Avg Winner": 480.2970588235294,
    "Min Winner": 8.38,
    "Min Loser": -6.52,
    "Avg Loser": -308.6488888888889,
    "Max Loser": -356.69,
    "Expectancy": 131.09147540983605,
    "Win Rate": 0.5573770491803278
  },
  "general": {
    "Long Ratio": "0.49",
    "Total trades": 0,
    "Sharpe ratio": 0.0,
    "Profit factor": 0.0,
    "Max drawdown": 0.0
  },
  "rejected_signals_count": 275
}