{
  "pnls": {
    "PnL (total)": 9304.76,
    "PnL% (total)": 9.304759999999995,
    "Max Winner": 494.89,
    "Avg Winner": 481.08861111111116,
    "Min Winner": 8.38,
    "Min Loser": -30.54,
    "Avg Loser": -320.57719999999995,
    "Max Loser": -356.69,
    "Expectancy": 152.5370491803279,
    "Win Rate": 0.5901639344262295
  },
  "general": {
    "Long Ratio": "0.51",
    "Total trades": 0,
    "Sharpe ratio": 0.0,
    "Profit factor": 0.0,
    "Max drawdown": 0.0
  },
  "rejected_signals_count": 199
}