{
  "pnls": {
    "PnL (total)": 9299.78,
    "PnL% (total)": 9.299779999999998,
    "Max Winner": 494.89,
    "Avg Winner": 470.2033333333333,
    "Min Winner": 8.38,
    "Min Loser": -101.19,
    "Avg Loser": -331.63217391304346,
    "Max Loser": -356.71,
    "Expectancy": 157.6233898305085,
    "Win Rate": 0.6101694915254238
  },
  "general": {
    "Long Ratio": "0.51",
    "Total trades": 0,
    "Sharpe ratio": 0.0,
    "Profit factor": 0.0,
    "Max drawdown": 0.0
  },
  "rejected_signals_count": 243
}