{
  "pnls": {
    "PnL (total)": 809.64,
    "PnL% (total)": 0.8096399999999995,
    "Max Winner": 744.89,
    "Avg Winner": 589.3884615384616,
    "Min Winner": 8.38,
    "Min Loser": -30.6,
    "Avg Loser": -152.27577777777776,
    "Max Loser": -156.7,
    "Expectancy": 13.9593103448276,
    "Win Rate": 0.22413793103448276
  },
  "general": {
    "Long Ratio": "0.50",
    "Total trades": 0,
    "Sharpe ratio": 0.0,
    "Profit factor": 0.0,
    "Max drawdown": 0.0
  },
  "rejected_signals_count": 243
}