{
  "pnls": {
    "PnL (total)": -3269.83,
    "PnL% (total)": -3.269830000000002,
    "Max Winner": 615.4,
    "Avg Winner": 487.31944444444446,
    "Min Winner": 16.28,
    "Min Loser": 0.0,
    "Avg Loser": -200.693,
    "Max Loser": -255.71,
    "Expectancy": -41.920897435897416,
    "Win Rate": 0.23076923076923078
  },
  "general": {
    "Long Ratio": "0.49",
    "Total trades": 0,
    "Sharpe ratio": 0.0,
    "Profit factor": 0.0,
    "Max drawdown": 0.0
  },
  "rejected_signals_count": 477
}