{
  "pnls": {
    "PnL (total)": -2368.57,
    "PnL% (total)": -2.368570000000007,
    "Max Winner": 494.89,
    "Avg Winner": 494.5518461538461,
    "Min Winner": 494.29,
    "Min Loser": -356.09,
    "Avg Loser": -356.47224598930467,
    "Max Loser": -356.75,
    "Expectancy": -7.471829652996779,
    "Win Rate": 0.41009463722397477
  },
  "general": {
    "Long Ratio": 0.5,
    "Total trades": 317,
    "Sharpe ratio": -0.005,
    "Profit factor": 0.0,
    "Max drawdown": 0.0
  },
  "rejected_signals_count": 325381
}