{
  "pnls": {
    "PnL (total)": 9770.29,
    "PnL% (total)": 9.770289999999994,
    "Max Winner": 494.89,
    "Avg Winner": 481.08972222222224,
    "Min Winner": 8.38,
    "Min Loser": -30.54,
    "Avg Loser": -314.5391666666667,
    "Max Loser": -356.69,
    "Expectancy": 162.83816666666667,
    "Win Rate": 0.6
  },
  "general": {
    "Long Ratio": "0.50",
    "Total trades": 0,
    "Sharpe ratio": 0.0,
    "Profit factor": 0.0,
    "Max drawdown": 0.0
  },
  "rejected_signals_count": 250
}