{
  "pnls": {
    "PnL (total)": 10109.79,
    "PnL% (total)": 10.109789999999993,
    "Max Winner": 494.89,
    "Avg Winner": 469.99,
    "Min Winner": 8.38,
    "Min Loser": -95.2,
    "Avg Loser": -330.90181818181816,
    "Max Loser": -356.69,
    "Expectancy": 171.35237288135593,
    "Win Rate": 0.6271186440677966
  },
  "general": {
    "Long Ratio": "0.51",
    "Total trades": 0,
    "Sharpe ratio": 0.0,
    "Profit factor": 0.0,
    "Max drawdown": 0.0
  },
  "rejected_signals_count": 221
}