{
  "pnls": {
    "PnL (total)": 10124.8,
    "PnL% (total)": 10.124800000000004,
    "Max Winner": 494.89,
    "Avg Winner": 469.99,
    "Min Winner": 8.38,
    "Min Loser": -95.2,
    "Avg Loser": -330.2195454545454,
    "Max Loser": -356.69,
    "Expectancy": 171.60677966101696,
    "Win Rate": 0.6271186440677966
  },
  "general": {
    "Long Ratio": "0.51",
    "Total trades": 0,
    "Sharpe ratio": 0.0,
    "Profit factor": 0.0,
    "Max drawdown": 0.0
  },
  "rejected_signals_count": 237
}