{
  "pnls": {
    "PnL (total)": 9871.87,
    "PnL% (total)": 9.871869999999996,
    "Max Winner": 494.89,
    "Avg Winner": 481.09083333333336,
    "Min Winner": 8.38,
    "Min Loser": -0.54,
    "Avg Loser": -323.8,
    "Max Loser": -356.69,
    "Expectancy": 167.31983050847464,
    "Win Rate": 0.6101694915254238
  },
  "general": {
    "Long Ratio": "0.49",
    "Total trades": 0,
    "Sharpe ratio": 0.0,
    "Profit factor": 0.0,
    "Max drawdown": 0.0
  },
  "rejected_signals_count": 199
}