{
  "pnls": {
    "PnL (total)": -9783.63,
    "PnL% (total)": -9.783630000000004,
    "Max Winner": 494.89,
    "Avg Winner": 494.20956521739134,
    "Min Winner": 465.29,
    "Min Loser": -355.71,
    "Avg Loser": -356.4574838709675,
    "Max Loser": -356.75,
    "Expectancy": -39.609838056680005,
    "Win Rate": 0.3724696356275304
  },
  "general": {
    "Long Ratio": 0.5,
    "Total trades": 247,
    "Sharpe ratio": -0.087,
    "Profit factor": 0.0,
    "Max drawdown": 0.0
  },
  "rejected_signals_count": 16723
}