{
  "pnls": {
    "PnL (total)": 7374.75,
    "PnL% (total)": 7.37475,
    "Max Winner": 444.89,
    "Avg Winner": 444.19972222222225,
    "Min Winner": 429.88,
    "Min Loser": -50.54,
    "Avg Loser": -297.1186206896552,
    "Max Loser": -326.69,
    "Expectancy": 113.45769230769235,
    "Win Rate": 0.5538461538461539
  },
  "general": {
    "Long Ratio": "0.48",
    "Total trades": 0,
    "Sharpe ratio": 0.0,
    "Profit factor": 0.0,
    "Max drawdown": 0.0
  },
  "rejected_signals_count": 314
}