{
  "pnls": {
    "PnL (total)": -61.99,
    "PnL% (total)": -0.06199000000000524,
    "Max Winner": 744.88,
    "Avg Winner": 744.5232558139536,
    "Min Winner": 744.29,
    "Min Loser": -6.64,
    "Avg Loser": -352.4889010989008,
    "Max Loser": -356.75,
    "Expectancy": -0.46261194029829394,
    "Win Rate": 0.3208955223880597
  },
  "general": {
    "Long Ratio": 0.5,
    "Total trades": 134,
    "Sharpe ratio": 0.013,
    "Profit factor": 0.0,
    "Max drawdown": 0.0
  },
  "rejected_signals_count": 9645
}