{
  "pnls": {
    "PnL (total)": -8673.74,
    "PnL% (total)": -8.673740000000004,
    "Max Winner": 543.59,
    "Avg Winner": 495.16833333333324,
    "Min Winner": 485.51,
    "Min Loser": -13.64,
    "Avg Loser": -255.29641379310328,
    "Max Loser": -267.64,
    "Expectancy": -20.553886255924084,
    "Win Rate": 0.3127962085308057
  },
  "general": {
    "Long Ratio": 0.5,
    "Total trades": 422,
    "Sharpe ratio": -0.048,
    "Profit factor": 0.0,
    "Max drawdown": 0.0
  },
  "rejected_signals_count": 145796
}