{
  "pnls": {
    "PnL (total)": 8302.09,
    "PnL% (total)": 8.302089999999996,
    "Max Winner": 494.89,
    "Avg Winner": 494.6082857142857,
    "Min Winner": 494.31,
    "Min Loser": -59.12,
    "Avg Loser": -346.50769230769225,
    "Max Loser": -396.69,
    "Expectancy": 136.09983606557378,
    "Win Rate": 0.5737704918032787
  },
  "general": {
    "Long Ratio": "0.46",
    "Total trades": 0,
    "Sharpe ratio": 0.0,
    "Profit factor": 0.0,
    "Max drawdown": 0.0
  },
  "rejected_signals_count": 309
}