{
  "pnls": {
    "PnL (total)": 5927.5,
    "PnL% (total)": 5.9275,
    "Max Winner": 494.89,
    "Avg Winner": 494.6023333333333,
    "Min Winner": 494.31,
    "Min Loser": -48.16,
    "Avg Loser": -330.02111111111117,
    "Max Loser": -356.69,
    "Expectancy": 103.99122807017537,
    "Win Rate": 0.5263157894736842
  },
  "general": {
    "Long Ratio": "0.49",
    "Total trades": 0,
    "Sharpe ratio": 0.0,
    "Profit factor": 0.0,
    "Max drawdown": 0.0
  },
  "rejected_signals_count": 365
}