{
  "pnls": {
    "PnL (total)": -5203.96,
    "PnL% (total)": -5.203960000000006,
    "Max Winner": 508.45,
    "Avg Winner": 494.35313253012083,
    "Min Winner": 454.41,
    "Min Loser": -194.55,
    "Avg Loser": -255.4434806629836,
    "Max Loser": -266.19,
    "Expectancy": -19.711969696969692,
    "Win Rate": 0.3143939393939394
  },
  "general": {
    "Long Ratio": 0.5,
    "Total trades": 264,
    "Sharpe ratio": -0.045,
    "Profit factor": 0.0,
    "Max drawdown": 0.0
  },
  "rejected_signals_count": 10463
}