{
  "pnls": {
    "PnL (total)": 2138.34,
    "PnL% (total)": 2.1383399999999964,
    "Max Winner": 666.43,
    "Avg Winner": 502.48375000000004,
    "Min Winner": 16.28,
    "Min Loser": 0.0,
    "Avg Loser": -198.4254,
    "Max Loser": -255.71,
    "Expectancy": 28.89648648648651,
    "Win Rate": 0.32432432432432434
  },
  "general": {
    "Long Ratio": "0.46"
  },
  "rejected_signals_count": 425
}