{
  "pnls": {
    "PnL (total)": 9917.8,
    "PnL% (total)": 9.917800000000003,
    "Max Winner": 494.89,
    "Avg Winner": 469.324864864865,
    "Min Winner": 8.38,
    "Min Loser": -101.19,
    "Avg Loser": -338.51,
    "Max Loser": -356.69,
    "Expectancy": 168.09830508474582,
    "Win Rate": 0.6271186440677966
  },
  "general": {
    "Long Ratio": "0.49",
    "Total trades": 0,
    "Sharpe ratio": 0.0,
    "Profit factor": 0.0,
    "Max drawdown": 0.0
  },
  "rejected_signals_count": 238
}