{
  "pnls": {
    "PnL (total)": 8258.39,
    "PnL% (total)": 8.258389999999999,
    "Max Winner": 494.89,
    "Avg Winner": 494.61454545454546,
    "Min Winner": 494.31,
    "Min Loser": -26.16,
    "Avg Loser": -322.5556,
    "Max Loser": -356.69,
    "Expectancy": 142.38603448275865,
    "Win Rate": 0.5689655172413793
  },
  "general": {
    "Long Ratio": "0.50",
    "Total trades": 0,
    "Sharpe ratio": 0.0,
    "Profit factor": 0.0,
    "Max drawdown": 0.0
  },
  "rejected_signals_count": 356
}