{
  "pnls": {
    "PnL (total)": 10064.29,
    "PnL% (total)": 10.064289999999994,
    "Max Winner": 494.89,
    "Avg Winner": 469.2608108108108,
    "Min Winner": 8.38,
    "Min Loser": -92.54,
    "Avg Loser": -317.32000000000005,
    "Max Loser": -356.69,
    "Expectancy": 167.73816666666664,
    "Win Rate": 0.6166666666666667
  },
  "general": {
    "Long Ratio": "0.52",
    "Total trades": 0,
    "Sharpe ratio": 0.0,
    "Profit factor": 0.0,
    "Max drawdown": 0.0
  },
  "rejected_signals_count": 247
}