{
  "pnls": {
    "PnL (total)": 8157.4,
    "PnL% (total)": 8.157399999999994,
    "Max Winner": 494.89,
    "Avg Winner": 494.60424242424244,
    "Min Winner": 494.31,
    "Min Loser": -48.16,
    "Avg Loser": -326.5816,
    "Max Loser": -356.69,
    "Expectancy": 140.64482758620693,
    "Win Rate": 0.5689655172413793
  },
  "general": {
    "Long Ratio": "0.50",
    "Total trades": 0,
    "Sharpe ratio": 0.0,
    "Profit factor": 0.0,
    "Max drawdown": 0.0
  },
  "rejected_signals_count": 294
}