{
  "pnls": {
    "PnL (total)": -12571.22,
    "PnL% (total)": -12.571220000000002,
    "Max Winner": 579.43,
    "Avg Winner": 495.28709923664127,
    "Min Winner": 494.25,
    "Min Loser": -256.09,
    "Avg Loser": -256.46963576158896,
    "Max Loser": -256.73,
    "Expectancy": -29.032840646650932,
    "Win Rate": 0.302540415704388
  },
  "general": {
    "Long Ratio": 0.5,
    "Total trades": 433,
    "Sharpe ratio": -0.072,
    "Profit factor": 0.0,
    "Max drawdown": 0.0
  },
  "rejected_signals_count": 313090
}