{
  "pnls": {
    "PnL (total)": 5491.66,
    "PnL% (total)": 5.491660000000004,
    "Max Winner": 1189.64,
    "Avg Winner": 551.1285714285715,
    "Min Winner": 495.37,
    "Min Loser": -50.52,
    "Avg Loser": -217.2157142857143,
    "Max Loser": -255.55,
    "Expectancy": 112.07469387755101,
    "Win Rate": 0.42857142857142855
  },
  "general": {
    "Long Ratio": "0.55"
  },
  "rejected_signals_count": 584
}