{
  "pnls": {
    "PnL (total)": -5596.72,
    "PnL% (total)": -5.596720000000001,
    "Max Winner": 584.87,
    "Avg Winner": 428.11459459459456,
    "Min Winner": 16.67,
    "Min Loser": -44.36,
    "Avg Loser": -220.999587628866,
    "Max Loser": -255.72,
    "Expectancy": -41.76656716417912,
    "Win Rate": 0.27611940298507465
  },
  "general": {
    "Long Ratio": "0.48"
  },
  "rejected_signals_count": 1069
}