{
  "pnls": {
    "PnL (total)": 2169.15,
    "PnL% (total)": 2.1691499999999944,
    "Max Winner": 494.89,
    "Avg Winner": 494.6458333333333,
    "Min Winner": 494.35,
    "Min Loser": -213.71,
    "Avg Loser": -255.32500000000002,
    "Max Loser": -256.71,
    "Expectancy": 34.98629032258063,
    "Win Rate": 0.3870967741935484
  },
  "general": {
    "Long Ratio": "0.50",
    "Total trades": 0,
    "Sharpe ratio": 0.0,
    "Profit factor": 0.0,
    "Max drawdown": 0.0
  },
  "rejected_signals_count": 195
}