{
  "pnls": {
    "PnL (total)": -7175.63,
    "PnL% (total)": -7.175630000000005,
    "Max Winner": 744.91,
    "Avg Winner": 744.5505172413791,
    "Min Winner": 744.29,
    "Min Loser": -92.64,
    "Avg Loser": -354.64478873239455,
    "Max Loser": -356.75,
    "Expectancy": -35.87815000000018,
    "Win Rate": 0.29
  },
  "general": {
    "Long Ratio": 0.5,
    "Total trades": 200,
    "Sharpe ratio": -0.057,
    "Profit factor": 0.0,
    "Max drawdown": 0.0
  },
  "rejected_signals_count": 17544
}