{
  "pnls": {
    "PnL (total)": 572.7,
    "PnL% (total)": 0.5726999999999971,
    "Max Winner": 666.43,
    "Avg Winner": 513.8888888888889,
    "Min Winner": 495.35,
    "Min Loser": 0.0,
    "Avg Loser": -216.93249999999998,
    "Max Loser": -255.71,
    "Expectancy": 9.874137931034511,
    "Win Rate": 0.3103448275862069
  },
  "general": {
    "Long Ratio": "0.53",
    "Total trades": 0,
    "Sharpe ratio": 0.0,
    "Profit factor": 0.0,
    "Max drawdown": 0.0
  },
  "rejected_signals_count": 648
}