{
  "pnls": {
    "PnL (total)": 9073.29,
    "PnL% (total)": 9.073289999999993,
    "Max Winner": 494.89,
    "Avg Winner": 480.6959999999999,
    "Min Winner": 8.38,
    "Min Loser": -30.54,
    "Avg Loser": -310.0428,
    "Max Loser": -356.69,
    "Expectancy": 151.22149999999996,
    "Win Rate": 0.5833333333333334
  },
  "general": {
    "Long Ratio": "0.52",
    "Total trades": 0,
    "Sharpe ratio": 0.0,
    "Profit factor": 0.0,
    "Max drawdown": 0.0
  },
  "rejected_signals_count": 240
}