{
  "pnls": {
    "PnL (total)": 10786.82,
    "PnL% (total)": 10.786820000000006,
    "Max Winner": 494.89,
    "Avg Winner": 483.327837837838,
    "Min Winner": 77.46,
    "Min Loser": -5.62,
    "Avg Loser": -322.55954545454546,
    "Max Loser": -356.69,
    "Expectancy": 182.82745762711875,
    "Win Rate": 0.6271186440677966
  },
  "general": {
    "Long Ratio": "0.49",
    "Total trades": 0,
    "Sharpe ratio": 0.0,
    "Profit factor": 0.0,
    "Max drawdown": 0.0
  },
  "rejected_signals_count": 230
}