{
  "pnls": {
    "PnL (total)": 9613.25,
    "PnL% (total)": 9.613249999999999,
    "Max Winner": 494.89,
    "Avg Winner": 461.9802702702703,
    "Min Winner": 8.38,
    "Min Loser": -55.16,
    "Avg Loser": -325.21826086956526,
    "Max Loser": -356.69,
    "Expectancy": 160.2208333333334,
    "Win Rate": 0.6166666666666667
  },
  "general": {
    "Long Ratio": "0.52",
    "Total trades": 0,
    "Sharpe ratio": 0.0,
    "Profit factor": 0.0,
    "Max drawdown": 0.0
  },
  "rejected_signals_count": 238
}