{
  "pnls": {
    "PnL (total)": -5672.98,
    "PnL% (total)": -5.672979999999996,
    "Max Winner": 579.43,
    "Avg Winner": 495.39923076923094,
    "Min Winner": 494.29,
    "Min Loser": -12.58,
    "Avg Loser": -255.33258928571416,
    "Max Loser": -256.72,
    "Expectancy": -17.295670731707148,
    "Win Rate": 0.3170731707317073
  },
  "general": {
    "Long Ratio": 0.5,
    "Total trades": 328,
    "Sharpe ratio": -0.036,
    "Profit factor": 0.0,
    "Max drawdown": 0.0
  },
  "rejected_signals_count": 177859
}