{
  "pnls": {
    "PnL (total)": -3.57,
    "PnL% (total)": -0.003570000000006985,
    "Max Winner": 666.43,
    "Avg Winner": 518.4672222222222,
    "Min Winner": 495.31,
    "Min Loser": 0.0,
    "Avg Loser": -222.28523809523807,
    "Max Loser": -255.71,
    "Expectancy": -0.0595000000000141,
    "Win Rate": 0.3
  },
  "general": {
    "Long Ratio": "0.52"
  },
  "rejected_signals_count": 533
}