{
  "pnls": {
    "PnL (total)": 8028.76,
    "PnL% (total)": 8.028759999999995,
    "Max Winner": 494.89,
    "Avg Winner": 480.2958823529412,
    "Min Winner": 8.38,
    "Min Loser": -95.2,
    "Avg Loser": -332.05199999999996,
    "Max Loser": -356.69,
    "Expectancy": 136.08067796610175,
    "Win Rate": 0.576271186440678
  },
  "general": {
    "Long Ratio": "0.49",
    "Total trades": 0,
    "Sharpe ratio": 0.0,
    "Profit factor": 0.0,
    "Max drawdown": 0.0
  },
  "rejected_signals_count": 287
}