{
  "pnls": {
    "PnL (total)": -6689.9,
    "PnL% (total)": -6.689899999999994,
    "Max Winner": 606.86,
    "Avg Winner": 417.1023255813953,
    "Min Winner": 6.66,
    "Min Loser": -9.2,
    "Avg Loser": -208.68898305084747,
    "Max Loser": -255.71,
    "Expectancy": -41.55217391304352,
    "Win Rate": 0.2670807453416149
  },
  "general": {
    "Long Ratio": "0.50"
  },
  "rejected_signals_count": 1002
}