{
  "pnls": {
    "PnL (total)": 8466.79,
    "PnL% (total)": 8.466789999999994,
    "Max Winner": 494.89,
    "Avg Winner": 468.58028571428565,
    "Min Winner": 8.38,
    "Min Loser": -101.19,
    "Avg Loser": -330.56333333333333,
    "Max Loser": -356.69,
    "Expectancy": 143.5049152542372,
    "Win Rate": 0.5932203389830508
  },
  "general": {
    "Long Ratio": "0.51",
    "Total trades": 0,
    "Sharpe ratio": 0.0,
    "Profit factor": 0.0,
    "Max drawdown": 0.0
  },
  "rejected_signals_count": 219
}