{
  "pnls": {
    "PnL (total)": 4727.53,
    "PnL% (total)": 4.727529999999999,
    "Max Winner": 494.89,
    "Avg Winner": 476.7146428571429,
    "Min Winner": 8.38,
    "Min Loser": -75.16,
    "Avg Loser": -246.29942857142862,
    "Max Loser": -256.71,
    "Expectancy": 75.04015873015871,
    "Win Rate": 0.4444444444444444
  },
  "general": {
    "Long Ratio": "0.49",
    "Total trades": 0,
    "Sharpe ratio": 0.0,
    "Profit factor": 0.0,
    "Max drawdown": 0.0
  },
  "rejected_signals_count": 244
}