{
  "pnls": {
    "PnL (total)": 6333.36,
    "PnL% (total)": 6.333360000000001,
    "Max Winner": 494.89,
    "Avg Winner": 494.61709677419356,
    "Min Winner": 494.31,
    "Min Loser": -26.16,
    "Avg Loser": -333.32481481481483,
    "Max Loser": -356.71,
    "Expectancy": 109.19586206896548,
    "Win Rate": 0.5344827586206896
  },
  "general": {
    "Long Ratio": "0.50",
    "Total trades": 0,
    "Sharpe ratio": 0.0,
    "Profit factor": 0.0,
    "Max drawdown": 0.0
  },
  "rejected_signals_count": 356
}