{
  "pnls": {
    "PnL (total)": -3587.76,
    "PnL% (total)": -3.5877599999999945,
    "Max Winner": 560.44,
    "Avg Winner": 459.67333333333335,
    "Min Winner": 35.69,
    "Min Loser": 0.0,
    "Avg Loser": -203.05444444444444,
    "Max Loser": -255.7,
    "Expectancy": -37.37249999999999,
    "Win Rate": 0.25
  },
  "general": {
    "Long Ratio": "0.50"
  },
  "rejected_signals_count": 1164
}