{
  "pnls": {
    "PnL (total)": -745.58,
    "PnL% (total)": -0.7455800000000018,
    "Max Winner": 294.89,
    "Avg Winner": 294.50625,
    "Min Winner": 294.35,
    "Min Loser": -56.1,
    "Avg Loser": -56.3932727272727,
    "Max Loser": -56.7,
    "Expectancy": -11.834603174603153,
    "Win Rate": 0.12698412698412698
  },
  "general": {
    "Long Ratio": "0.49",
    "Total trades": 0,
    "Sharpe ratio": 0.0,
    "Profit factor": 0.0,
    "Max drawdown": 0.0
  },
  "rejected_signals_count": 238
}