{
  "pnls": {
    "PnL (total)": 9227.78,
    "PnL% (total)": 9.22778,
    "Max Winner": 494.89,
    "Avg Winner": 480.6954285714286,
    "Min Winner": 8.38,
    "Min Loser": -55.16,
    "Avg Loser": -316.5233333333333,
    "Max Loser": -356.69,
    "Expectancy": 156.4030508474576,
    "Win Rate": 0.5932203389830508
  },
  "general": {
    "Long Ratio": "0.51",
    "Total trades": 0,
    "Sharpe ratio": 0.0,
    "Profit factor": 0.0,
    "Max drawdown": 0.0
  },
  "rejected_signals_count": 254
}