{
  "pnls": {
    "PnL (total)": -9626.01,
    "PnL% (total)": -9.626009999999994,
    "Max Winner": 545.35,
    "Avg Winner": 495.21888888888896,
    "Min Winner": 492.35,
    "Min Loser": -14.64,
    "Avg Loser": -354.54859550561775,
    "Max Loser": -375.65,
    "Expectancy": -33.657377622377474,
    "Win Rate": 0.3776223776223776
  },
  "general": {
    "Long Ratio": 0.5,
    "Total trades": 286,
    "Sharpe ratio": -0.07,
    "Profit factor": 0.0,
    "Max drawdown": 0.0
  },
  "rejected_signals_count": 129227
}