{
  "pnls": {
    "PnL (total)": -4936.64,
    "PnL% (total)": -4.936639999999999,
    "Max Winner": 514.47,
    "Avg Winner": 495.2129824561404,
    "Min Winner": 491.41,
    "Min Loser": -12.64,
    "Avg Loser": -254.73410788381747,
    "Max Loser": -282.13,
    "Expectancy": -13.906028169014082,
    "Win Rate": 0.3211267605633803
  },
  "general": {
    "Long Ratio": 0.5,
    "Total trades": 355,
    "Sharpe ratio": -0.027,
    "Profit factor": 0.0,
    "Max drawdown": 0.0
  },
  "rejected_signals_count": 23292
}