{
  "pnls": {
    "PnL (total)": 5478.97,
    "PnL% (total)": 5.478970000000001,
    "Max Winner": 494.89,
    "Avg Winner": 494.55551724137933,
    "Min Winner": 494.31,
    "Min Loser": -133.62,
    "Avg Loser": -328.2644444444445,
    "Max Loser": -366.69,
    "Expectancy": 97.83875,
    "Win Rate": 0.5178571428571429
  },
  "general": {
    "Long Ratio": "0.50",
    "Total trades": 0,
    "Sharpe ratio": 0.0,
    "Profit factor": 0.0,
    "Max drawdown": 0.0
  },
  "rejected_signals_count": 210
}