{
  "pnls": {
    "PnL (total)": -1034.64,
    "PnL% (total)": -1.0346399999999993,
    "Max Winner": 675.63,
    "Avg Winner": 163.76133333333334,
    "Min Winner": 5.68,
    "Min Loser": -13.38,
    "Avg Loser": -74.34350000000002,
    "Max Loser": -206.33,
    "Expectancy": -9.405818181818205,
    "Win Rate": 0.2727272727272727
  },
  "general": {
    "Long Ratio": "0.34"
  },
  "rejected_signals_count": 2436
}