{
  "pnls": {
    "PnL (total)": 8416.77,
    "PnL% (total)": 8.416770000000003,
    "Max Winner": 494.89,
    "Avg Winner": 468.5854285714286,
    "Min Winner": 8.38,
    "Min Loser": -101.19,
    "Avg Loser": -332.65500000000003,
    "Max Loser": -356.71,
    "Expectancy": 142.6571186440678,
    "Win Rate": 0.5932203389830508
  },
  "general": {
    "Long Ratio": "0.51",
    "Total trades": 0,
    "Sharpe ratio": 0.0,
    "Profit factor": 0.0,
    "Max drawdown": 0.0
  },
  "rejected_signals_count": 263
}