{
  "pnls": {
    "PnL (total)": -12250.96,
    "PnL% (total)": -12.250960000000006,
    "Max Winner": 793.6,
    "Avg Winner": 745.4729032258065,
    "Min Winner": 743.4,
    "Min Loser": -217.7,
    "Avg Loser": -256.44859649122805,
    "Max Loser": -298.42,
    "Expectancy": -42.24468965517237,
    "Win Rate": 0.21379310344827587
  },
  "general": {
    "Long Ratio": 0.5,
    "Total trades": 290,
    "Sharpe ratio": -0.087,
    "Profit factor": 0.0,
    "Max drawdown": 0.0
  },
  "rejected_signals_count": 123422
}