{
  "pnls": {
    "PnL (total)": -16694.58,
    "PnL% (total)": -16.694580000000002,
    "Max Winner": 244.92,
    "Avg Winner": 129.80327332242229,
    "Min Winner": 0.28,
    "Min Loser": -0.12,
    "Avg Loser": -67.8956011315414,
    "Max Loser": -106.74,
    "Expectancy": -8.2442370370368,
    "Win Rate": 0.3017283950617284
  },
  "general": {
    "Long Ratio": 0.5,
    "Total trades": 2025,
    "Sharpe ratio": -0.033,
    "Profit factor": 0.0,
    "Max drawdown": 0.0
  },
  "rejected_signals_count": 286080
}