{
  "pnls": {
    "PnL (total)": 10793.84,
    "PnL% (total)": 10.793839999999996,
    "Max Winner": 494.89,
    "Avg Winner": 470.64578947368426,
    "Min Winner": 8.38,
    "Min Loser": -101.19,
    "Avg Loser": -337.65238095238095,
    "Max Loser": -356.69,
    "Expectancy": 182.9464406779661,
    "Win Rate": 0.6440677966101694
  },
  "general": {
    "Long Ratio": "0.49",
    "Total trades": 0,
    "Sharpe ratio": 0.0,
    "Profit factor": 0.0,
    "Max drawdown": 0.0
  },
  "rejected_signals_count": 236
}