{
  "pnls": {
    "PnL (total)": 8641.1,
    "PnL% (total)": 8.641100000000005,
    "Max Winner": 494.89,
    "Avg Winner": 494.60875,
    "Min Winner": 494.31,
    "Min Loser": -26.16,
    "Avg Loser": -299.4325,
    "Max Loser": -346.69,
    "Expectancy": 154.30535714285713,
    "Win Rate": 0.5714285714285714
  },
  "general": {
    "Long Ratio": "0.48",
    "Total trades": 0,
    "Sharpe ratio": 0.0,
    "Profit factor": 0.0,
    "Max drawdown": 0.0
  },
  "rejected_signals_count": 298
}