{
  "pnls": {
    "PnL (total)": 9849.32,
    "PnL% (total)": 9.849320000000008,
    "Max Winner": 494.89,
    "Avg Winner": 469.99216216216223,
    "Min Winner": 8.38,
    "Min Loser": -93.52,
    "Avg Loser": -327.8430434782609,
    "Max Loser": -356.69,
    "Expectancy": 164.15533333333343,
    "Win Rate": 0.6166666666666667
  },
  "general": {
    "Long Ratio": "0.50",
    "Total trades": 0,
    "Sharpe ratio": 0.0,
    "Profit factor": 0.0,
    "Max drawdown": 0.0
  },
  "rejected_signals_count": 266
}