{
  "pnls": {
    "PnL (total)": 7194.37,
    "PnL% (total)": 7.194369999999996,
    "Max Winner": 494.89,
    "Avg Winner": 494.6075,
    "Min Winner": 494.31,
    "Min Loser": -16.16,
    "Avg Loser": -332.04115384615386,
    "Max Loser": -356.69,
    "Expectancy": 124.04086206896551,
    "Win Rate": 0.5517241379310345
  },
  "general": {
    "Long Ratio": "0.50",
    "Total trades": 0,
    "Sharpe ratio": 0.0,
    "Profit factor": 0.0,
    "Max drawdown": 0.0
  },
  "rejected_signals_count": 346
}