{
  "pnls": {
    "PnL (total)": -3491.02,
    "PnL% (total)": -3.4910200000000042,
    "Max Winner": 544.51,
    "Avg Winner": 506.6646666666667,
    "Min Winner": 495.35,
    "Min Loser": 0.0,
    "Avg Loser": -217.47039215686274,
    "Max Loser": -255.72,
    "Expectancy": -52.89424242424241,
    "Win Rate": 0.22727272727272727
  },
  "general": {
    "Long Ratio": "0.48"
  },
  "rejected_signals_count": 646
}