{
  "pnls": {
    "PnL (total)": 2369.66,
    "PnL% (total)": 2.3696600000000037,
    "Max Winner": 535.8,
    "Avg Winner": 502.5127777777777,
    "Min Winner": 495.33,
    "Min Loser": 0.0,
    "Avg Loser": -196.34029411764706,
    "Max Loser": -255.7,
    "Expectancy": 45.5703846153846,
    "Win Rate": 0.34615384615384615
  },
  "general": {
    "Long Ratio": "0.54",
    "Total trades": 0,
    "Sharpe ratio": 0.0,
    "Profit factor": 0.0,
    "Max drawdown": 0.0
  },
  "rejected_signals_count": 576
}