{
  "pnls": {
    "PnL (total)": -12361.68,
    "PnL% (total)": -12.361679999999993,
    "Max Winner": 512.73,
    "Avg Winner": 493.85939024390245,
    "Min Winner": 466.4,
    "Min Loser": -182.55,
    "Avg Loser": -256.5929611650486,
    "Max Loser": -314.53,
    "Expectancy": -42.922500000000056,
    "Win Rate": 0.2847222222222222
  },
  "general": {
    "Long Ratio": 0.5,
    "Total trades": 288,
    "Sharpe ratio": -0.113,
    "Profit factor": 0.0,
    "Max drawdown": 0.0
  },
  "rejected_signals_count": 17742
}