{
  "pnls": {
    "PnL (total)": -4272.28,
    "PnL% (total)": -4.272279999999999,
    "Max Winner": 607.49,
    "Avg Winner": 457.4783333333333,
    "Min Winner": 69.88,
    "Min Loser": 0.0,
    "Avg Loser": -206.10486486486488,
    "Max Loser": -255.7,
    "Expectancy": -43.59469387755104,
    "Win Rate": 0.24489795918367346
  },
  "general": {
    "Long Ratio": "0.49"
  },
  "rejected_signals_count": 1082
}