{
  "pnls": {
    "PnL (total)": 9940.75,
    "PnL% (total)": 9.94075,
    "Max Winner": 494.89,
    "Avg Winner": 494.6019444444446,
    "Min Winner": 494.31,
    "Min Loser": -5.62,
    "Avg Loser": -314.59680000000003,
    "Max Loser": -356.69,
    "Expectancy": 162.96311475409846,
    "Win Rate": 0.5901639344262295
  },
  "general": {
    "Long Ratio": "0.49",
    "Total trades": 0,
    "Sharpe ratio": 0.0,
    "Profit factor": 0.0,
    "Max drawdown": 0.0
  },
  "rejected_signals_count": 196
}