{
  "pnls": {
    "PnL (total)": -3991.48,
    "PnL% (total)": -3.9914799999999957,
    "Max Winner": 600.53,
    "Avg Winner": 469.7403225806452,
    "Min Winner": 30.32,
    "Min Loser": 0.0,
    "Avg Loser": -203.88384615384615,
    "Max Loser": -255.72,
    "Expectancy": -32.71704918032785,
    "Win Rate": 0.2540983606557377
  },
  "general": {
    "Long Ratio": "0.49"
  },
  "rejected_signals_count": 873
}