{
  "pnls": {
    "PnL (total)": 8106.84,
    "PnL% (total)": 8.106839999999996,
    "Max Winner": 494.89,
    "Avg Winner": 475.8238235294118,
    "Min Winner": 59.46,
    "Min Loser": -26.16,
    "Avg Loser": -322.8468,
    "Max Loser": -356.69,
    "Expectancy": 137.4040677966102,
    "Win Rate": 0.576271186440678
  },
  "general": {
    "Long Ratio": "0.53",
    "Total trades": 0,
    "Sharpe ratio": 0.0,
    "Profit factor": 0.0,
    "Max drawdown": 0.0
  },
  "rejected_signals_count": 278
}