{
  "pnls": {
    "PnL (total)": -16995.43,
    "PnL% (total)": -16.995429999999992,
    "Max Winner": 543.59,
    "Avg Winner": 495.06876923076925,
    "Min Winner": 471.47,
    "Min Loser": -13.64,
    "Avg Loser": -255.83135220125772,
    "Max Loser": -365.17,
    "Expectancy": -37.93622767857132,
    "Win Rate": 0.29017857142857145
  },
  "general": {
    "Long Ratio": 0.5,
    "Total trades": 448,
    "Sharpe ratio": -0.101,
    "Profit factor": 0.0,
    "Max drawdown": 0.0
  },
  "rejected_signals_count": 135114
}