{
  "pnls": {
    "PnL (total)": 469.68,
    "PnL% (total)": 0.469679999999993,
    "Max Winner": 799.64,
    "Avg Winner": 527.1050000000001,
    "Min Winner": 495.35,
    "Min Loser": 0.0,
    "Avg Loser": -209.38757575757577,
    "Max Loser": -255.64,
    "Expectancy": 9.99319148936172,
    "Win Rate": 0.2978723404255319
  },
  "general": {
    "Long Ratio": "0.57"
  },
  "rejected_signals_count": 769
}