{
  "pnls": {
    "PnL (total)": 448.19,
    "PnL% (total)": 0.4481900000000023,
    "Max Winner": 694.35,
    "Avg Winner": 537.37,
    "Min Winner": 380.39,
    "Min Loser": -156.62,
    "Avg Loser": -156.6375,
    "Max Loser": -156.66,
    "Expectancy": 74.69833333333332,
    "Win Rate": 0.3333333333333333
  },
  "general": {
    "Long Ratio": 0.5
  },
  "rejected_signals_count": 250
}