{
  "pnls": {
    "PnL (total)": 6652.0,
    "PnL% (total)": 6.651999999999999,
    "Max Winner": 494.89,
    "Avg Winner": 494.58483870967746,
    "Min Winner": 494.31,
    "Min Loser": -133.62,
    "Avg Loser": -347.20520000000005,
    "Max Loser": -396.69,
    "Expectancy": 118.7857142857143,
    "Win Rate": 0.5535714285714286
  },
  "general": {
    "Long Ratio": "0.48",
    "Total trades": 0,
    "Sharpe ratio": 0.0,
    "Profit factor": 0.0,
    "Max drawdown": 0.0
  },
  "rejected_signals_count": 216
}