{
  "pnls": {
    "PnL (total)": -2440.81,
    "PnL% (total)": -2.4408099999999977,
    "Max Winner": 606.86,
    "Avg Winner": 365.3059090909091,
    "Min Winner": 6.46,
    "Min Loser": -8.64,
    "Avg Loser": -179.7501941747573,
    "Max Loser": -255.72,
    "Expectancy": -16.604149659863964,
    "Win Rate": 0.29931972789115646
  },
  "general": {
    "Long Ratio": "0.39"
  },
  "rejected_signals_count": 1813
}