{
  "pnls": {
    "PnL (total)": 7548.98,
    "PnL% (total)": 7.548979999999996,
    "Max Winner": 494.89,
    "Avg Winner": 494.58187499999997,
    "Min Winner": 494.31,
    "Min Loser": -133.62,
    "Avg Loser": -344.90166666666664,
    "Max Loser": -396.69,
    "Expectancy": 134.80321428571426,
    "Win Rate": 0.5714285714285714
  },
  "general": {
    "Long Ratio": "0.48",
    "Total trades": 0,
    "Sharpe ratio": 0.0,
    "Profit factor": 0.0,
    "Max drawdown": 0.0
  },
  "rejected_signals_count": 210
}