{
  "pnls": {
    "PnL (total)": 205.98,
    "PnL% (total)": 0.20597999999999594,
    "Max Winner": 494.91,
    "Avg Winner": 494.1229729729732,
    "Min Winner": 465.29,
    "Min Loser": -350.63,
    "Avg Loser": -356.4619607843136,
    "Max Loser": -356.75,
    "Expectancy": 1.1703409090910788,
    "Win Rate": 0.42045454545454547
  },
  "general": {
    "Long Ratio": 0.5,
    "Total trades": 176,
    "Sharpe ratio": 0.018,
    "Profit factor": 0.0,
    "Max drawdown": 0.0
  },
  "rejected_signals_count": 7500
}