{
  "pnls": {
    "PnL (total)": 2943.4,
    "PnL% (total)": 2.9433999999999942,
    "Max Winner": 494.89,
    "Avg Winner": 494.0803703703704,
    "Min Winner": 479.89,
    "Min Loser": -138.48,
    "Avg Loser": -253.579756097561,
    "Max Loser": -256.71,
    "Expectancy": 43.28529411764703,
    "Win Rate": 0.39705882352941174
  },
  "general": {
    "Long Ratio": "0.49",
    "Total trades": 0,
    "Sharpe ratio": 0.0,
    "Profit factor": 0.0,
    "Max drawdown": 0.0
  },
  "rejected_signals_count": 275
}