{
  "pnls": {
    "PnL (total)": 8523.27,
    "PnL% (total)": 8.523270000000004,
    "Max Winner": 494.89,
    "Avg Winner": 472.924,
    "Min Winner": 8.38,
    "Min Loser": -45.54,
    "Avg Loser": -321.1628,
    "Max Loser": -356.69,
    "Expectancy": 142.05450000000005,
    "Win Rate": 0.5833333333333334
  },
  "general": {
    "Long Ratio": "0.52",
    "Total trades": 0,
    "Sharpe ratio": 0.0,
    "Profit factor": 0.0,
    "Max drawdown": 0.0
  },
  "rejected_signals_count": 261
}