{
  "pnls": {
    "PnL (total)": 4743.14,
    "PnL% (total)": 4.7431399999999995,
    "Max Winner": 494.91,
    "Avg Winner": 494.5309230769234,
    "Min Winner": 494.25,
    "Min Loser": -13.64,
    "Avg Loser": -354.43976190476235,
    "Max Loser": -356.73,
    "Expectancy": 15.916577181207908,
    "Win Rate": 0.436241610738255
  },
  "general": {
    "Long Ratio": 0.5,
    "Total trades": 298,
    "Sharpe ratio": 0.049,
    "Profit factor": 0.0,
    "Max drawdown": 0.0
  },
  "rejected_signals_count": 308171
}