{
  "pnls": {
    "PnL (total)": 884.59,
    "PnL% (total)": 0.8845899999999965,
    "Max Winner": 526.37,
    "Avg Winner": 194.02076923076922,
    "Min Winner": 2.3,
    "Min Loser": -18.68,
    "Avg Loser": -81.88400000000001,
    "Max Loser": -206.7,
    "Expectancy": 26.805757575757553,
    "Win Rate": 0.3939393939393939
  },
  "general": {
    "Long Ratio": "0.12"
  },
  "rejected_signals_count": 781
}