{
  "pnls": {
    "PnL (total)": -8478.68,
    "PnL% (total)": -8.478679999999992,
    "Max Winner": 756.65,
    "Avg Winner": 744.7075362318841,
    "Min Winner": 744.28,
    "Min Loser": -345.65,
    "Avg Loser": -356.3303571428572,
    "Max Loser": -356.75,
    "Expectancy": -35.77502109704647,
    "Win Rate": 0.2911392405063291
  },
  "general": {
    "Long Ratio": 0.51,
    "Total trades": 237,
    "Sharpe ratio": -0.063,
    "Profit factor": 0.0,
    "Max drawdown": 0.0
  },
  "rejected_signals_count": 349859
}