{
  "pnls": {
    "PnL (total)": 4347.76,
    "PnL% (total)": 4.347759999999995,
    "Max Winner": 598.33,
    "Avg Winner": 594.6238709677418,
    "Min Winner": 594.29,
    "Min Loser": -151.66,
    "Avg Loser": -156.50644444444444,
    "Max Loser": -156.76,
    "Expectancy": 35.93190082644624,
    "Win Rate": 0.256198347107438
  },
  "general": {
    "Long Ratio": 0.5
  },
  "rejected_signals_count": 895
}