{
  "pnls": {
    "PnL (total)": 8396.48,
    "PnL% (total)": 8.396479999999997,
    "Max Winner": 494.89,
    "Avg Winner": 480.4555882352941,
    "Min Winner": 14.38,
    "Min Loser": -30.54,
    "Avg Loser": -317.56039999999996,
    "Max Loser": -356.69,
    "Expectancy": 142.31322033898306,
    "Win Rate": 0.576271186440678
  },
  "general": {
    "Long Ratio": 0.47,
    "Total trades": 59,
    "Sharpe ratio": 0.364,
    "Profit factor": 0.0,
    "Max drawdown": 0.0
  },
  "rejected_signals_count": 188
}