{
  "pnls": {
    "PnL (total)": 9715.44,
    "PnL% (total)": 9.715440000000003,
    "Max Winner": 494.89,
    "Avg Winner": 494.60542857142855,
    "Min Winner": 494.31,
    "Min Loser": -122.54,
    "Avg Loser": -330.25000000000006,
    "Max Loser": -356.69,
    "Expectancy": 167.50758620689652,
    "Win Rate": 0.603448275862069
  },
  "general": {
    "Long Ratio": "0.50",
    "Total trades": 0,
    "Sharpe ratio": 0.0,
    "Profit factor": 0.0,
    "Max drawdown": 0.0
  },
  "rejected_signals_count": 250
}