{
  "pnls": {
    "PnL (total)": 8843.43,
    "PnL% (total)": 8.843429999999993,
    "Max Winner": 494.89,
    "Avg Winner": 494.6011764705882,
    "Min Winner": 494.31,
    "Min Loser": -127.19,
    "Avg Loser": -332.20875,
    "Max Loser": -356.69,
    "Expectancy": 152.47293103448268,
    "Win Rate": 0.5862068965517241
  },
  "general": {
    "Long Ratio": "0.50",
    "Total trades": 0,
    "Sharpe ratio": 0.0,
    "Profit factor": 0.0,
    "Max drawdown": 0.0
  },
  "rejected_signals_count": 314
}