{
  "pnls": {
    "PnL (total)": 7396.68,
    "PnL% (total)": 7.396679999999993,
    "Max Winner": 494.89,
    "Avg Winner": 494.61,
    "Min Winner": 494.31,
    "Min Loser": -75.12,
    "Avg Loser": -287.9177419354839,
    "Max Loser": -316.69,
    "Expectancy": 115.573125,
    "Win Rate": 0.515625
  },
  "general": {
    "Long Ratio": "0.48",
    "Total trades": 0,
    "Sharpe ratio": 0.0,
    "Profit factor": 0.0,
    "Max drawdown": 0.0
  },
  "rejected_signals_count": 312
}