{
  "pnls": {
    "PnL (total)": -3740.79,
    "PnL% (total)": -3.740789999999994,
    "Max Winner": 606.86,
    "Avg Winner": 363.78851063829785,
    "Min Winner": 4.64,
    "Min Loser": 0.0,
    "Avg Loser": -186.0611607142857,
    "Max Loser": -255.72,
    "Expectancy": -23.526981132075477,
    "Win Rate": 0.29559748427672955
  },
  "general": {
    "Long Ratio": "0.46"
  },
  "rejected_signals_count": 1754
}