{
  "pnls": {
    "PnL (total)": 6491.5,
    "PnL% (total)": 6.4915,
    "Max Winner": 503.89,
    "Avg Winner": 494.5914285714286,
    "Min Winner": 494.29,
    "Min Loser": -13.64,
    "Avg Loser": -354.5271186440677,
    "Max Loser": -356.75,
    "Expectancy": 20.477917981072572,
    "Win Rate": 0.4416403785488959
  },
  "general": {
    "Long Ratio": 0.5,
    "Total trades": 317,
    "Sharpe ratio": 0.058,
    "Profit factor": 0.0,
    "Max drawdown": 0.0
  },
  "rejected_signals_count": 313863
}