{
  "pnls": {
    "PnL (total)": 71.32,
    "PnL% (total)": 0.07132000000000698,
    "Max Winner": 494.31,
    "Avg Winner": 132.51400000000004,
    "Min Winner": 0.32,
    "Min Loser": -29.7,
    "Avg Loser": -65.69444444444443,
    "Max Loser": -114.7,
    "Expectancy": 5.094285714285746,
    "Win Rate": 0.35714285714285715
  },
  "general": {
    "Long Ratio": "0.50"
  },
  "rejected_signals_count": 0
}