{
  "pnls": {
    "PnL (total)": 10057.29,
    "PnL% (total)": 10.057289999999993,
    "Max Winner": 494.89,
    "Avg Winner": 469.99,
    "Min Winner": 8.38,
    "Min Loser": -46.52,
    "Avg Loser": -318.79739130434785,
    "Max Loser": -356.69,
    "Expectancy": 167.62150000000003,
    "Win Rate": 0.6166666666666667
  },
  "general": {
    "Long Ratio": "0.52",
    "Total trades": 0,
    "Sharpe ratio": 0.0,
    "Profit factor": 0.0,
    "Max drawdown": 0.0
  },
  "rejected_signals_count": 227
}