{
  "pnls": {
    "PnL (total)": 10867.33,
    "PnL% (total)": 10.86733,
    "Max Winner": 494.89,
    "Avg Winner": 460.4620512820513,
    "Min Winner": 8.38,
    "Min Loser": -101.19,
    "Avg Loser": -337.6519047619048,
    "Max Loser": -356.69,
    "Expectancy": 181.1221666666667,
    "Win Rate": 0.65
  },
  "general": {
    "Long Ratio": "0.50",
    "Total trades": 0,
    "Sharpe ratio": 0.0,
    "Profit factor": 0.0,
    "Max drawdown": 0.0
  },
  "rejected_signals_count": 286
}