{
  "pnls": {
    "PnL (total)": 9853.83,
    "PnL% (total)": 9.853830000000002,
    "Max Winner": 494.89,
    "Avg Winner": 481.1000000000001,
    "Min Winner": 8.38,
    "Min Loser": -18.54,
    "Avg Loser": -324.59869565217394,
    "Max Loser": -356.69,
    "Expectancy": 167.01406779661022,
    "Win Rate": 0.6101694915254238
  },
  "general": {
    "Long Ratio": "0.49",
    "Total trades": 0,
    "Sharpe ratio": 0.0,
    "Profit factor": 0.0,
    "Max drawdown": 0.0
  },
  "rejected_signals_count": 210
}