{
  "pnls": {
    "PnL (total)": -7618.49,
    "PnL% (total)": -7.618490000000006,
    "Max Winner": 498.33,
    "Avg Winner": 494.54043478260894,
    "Min Winner": 494.29,
    "Min Loser": -248.69,
    "Avg Loser": -256.6000483091788,
    "Max Loser": -285.69,
    "Expectancy": -25.479899665551805,
    "Win Rate": 0.3076923076923077
  },
  "general": {
    "Long Ratio": 0.5,
    "Total trades": 299,
    "Sharpe ratio": -0.064,
    "Profit factor": 0.0,
    "Max drawdown": 0.0
  },
  "rejected_signals_count": 14934
}