{
  "pnls": {
    "PnL (total)": 7207.76,
    "PnL% (total)": 7.207759999999995,
    "Max Winner": 494.89,
    "Avg Winner": 480.989393939394,
    "Min Winner": 45.38,
    "Min Loser": -122.54,
    "Avg Loser": -333.26500000000004,
    "Max Loser": -356.69,
    "Expectancy": 122.16542372881352,
    "Win Rate": 0.559322033898305
  },
  "general": {
    "Long Ratio": "0.49",
    "Total trades": 0,
    "Sharpe ratio": 0.0,
    "Profit factor": 0.0,
    "Max drawdown": 0.0
  },
  "rejected_signals_count": 292
}