{
  "pnls": {
    "PnL (total)": 7407.79,
    "PnL% (total)": 7.407789999999993,
    "Max Winner": 494.89,
    "Avg Winner": 479.8660606060606,
    "Min Winner": 8.38,
    "Min Loser": -101.19,
    "Avg Loser": -324.14576923076925,
    "Max Loser": -356.71,
    "Expectancy": 125.55576271186439,
    "Win Rate": 0.559322033898305
  },
  "general": {
    "Long Ratio": "0.51",
    "Total trades": 0,
    "Sharpe ratio": 0.0,
    "Profit factor": 0.0,
    "Max drawdown": 0.0
  },
  "rejected_signals_count": 283
}