{
  "pnls": {
    "PnL (total)": 8376.76,
    "PnL% (total)": 8.376759999999994,
    "Max Winner": 494.89,
    "Avg Winner": 480.295,
    "Min Winner": 8.38,
    "Min Loser": -55.16,
    "Avg Loser": -318.13079999999997,
    "Max Loser": -356.71,
    "Expectancy": 141.9789830508475,
    "Win Rate": 0.576271186440678
  },
  "general": {
    "Long Ratio": "0.51",
    "Total trades": 0,
    "Sharpe ratio": 0.0,
    "Profit factor": 0.0,
    "Max drawdown": 0.0
  },
  "rejected_signals_count": 255
}