{
  "pnls": {
    "PnL (total)": 9267.79,
    "PnL% (total)": 9.267789999999994,
    "Max Winner": 494.89,
    "Avg Winner": 469.29999999999995,
    "Min Winner": 8.38,
    "Min Loser": -101.19,
    "Avg Loser": -331.6091304347826,
    "Max Loser": -356.69,
    "Expectancy": 157.08118644067798,
    "Win Rate": 0.6101694915254238
  },
  "general": {
    "Long Ratio": "0.51",
    "Total trades": 0,
    "Sharpe ratio": 0.0,
    "Profit factor": 0.0,
    "Max drawdown": 0.0
  },
  "rejected_signals_count": 262
}