{
  "pnls": {
    "PnL (total)": 6783.75,
    "PnL% (total)": 6.7837499999999995,
    "Max Winner": 494.89,
    "Avg Winner": 480.5678125,
    "Min Winner": 45.38,
    "Min Loser": -33.16,
    "Avg Loser": -318.3118518518518,
    "Max Loser": -356.71,
    "Expectancy": 114.97881355932205,
    "Win Rate": 0.5423728813559322
  },
  "general": {
    "Long Ratio": "0.51",
    "Total trades": 0,
    "Sharpe ratio": 0.0,
    "Profit factor": 0.0,
    "Max drawdown": 0.0
  },
  "rejected_signals_count": 309
}