{
  "pnls": {
    "PnL (total)": 8382.26,
    "PnL% (total)": 8.382259999999993,
    "Max Winner": 494.89,
    "Avg Winner": 468.58028571428565,
    "Min Winner": 8.38,
    "Min Loser": -19.52,
    "Avg Loser": -320.722,
    "Max Loser": -356.69,
    "Expectancy": 139.7043333333333,
    "Win Rate": 0.5833333333333334
  },
  "general": {
    "Long Ratio": "0.52",
    "Total trades": 0,
    "Sharpe ratio": 0.0,
    "Profit factor": 0.0,
    "Max drawdown": 0.0
  },
  "rejected_signals_count": 246
}