{
  "pnls": {
    "PnL (total)": 7328.36,
    "PnL% (total)": 7.32836,
    "Max Winner": 494.89,
    "Avg Winner": 494.61343750000003,
    "Min Winner": 494.31,
    "Min Loser": -26.16,
    "Avg Loser": -326.89500000000004,
    "Max Loser": -356.71,
    "Expectancy": 126.35103448275859,
    "Win Rate": 0.5517241379310345
  },
  "general": {
    "Long Ratio": "0.50",
    "Total trades": 0,
    "Sharpe ratio": 0.0,
    "Profit factor": 0.0,
    "Max drawdown": 0.0
  },
  "rejected_signals_count": 307
}