{
  "pnls": {
    "PnL (total)": -903.29,
    "PnL% (total)": -0.9032899999999936,
    "Max Winner": 670.38,
    "Avg Winner": 416.21738095238095,
    "Min Winner": 5.68,
    "Min Loser": 0.0,
    "Avg Loser": -185.70121212121214,
    "Max Loser": -255.69,
    "Expectancy": -6.406312056737619,
    "Win Rate": 0.2978723404255319
  },
  "general": {
    "Long Ratio": "0.44"
  },
  "rejected_signals_count": 1889
}