{
  "pnls": {
    "PnL (total)": 824.53,
    "PnL% (total)": 0.8245299999999989,
    "Max Winner": 314.9,
    "Avg Winner": 314.59464285714284,
    "Min Winner": 313.81,
    "Min Loser": -49.54,
    "Avg Loser": -162.94122448979593,
    "Max Loser": -166.72,
    "Expectancy": 10.708181818181814,
    "Win Rate": 0.36363636363636365
  },
  "general": {
    "Long Ratio": "0.49",
    "Total trades": 0,
    "Sharpe ratio": 0.0,
    "Profit factor": 0.0,
    "Max drawdown": 0.0
  },
  "rejected_signals_count": 312
}