{
  "pnls": {
    "PnL (total)": -7690.59,
    "PnL% (total)": -7.690589999999997,
    "Max Winner": 399.45,
    "Avg Winner": 392.00941605839427,
    "Min Winner": 33.43,
    "Min Loser": -102.58,
    "Avg Loser": -156.2236132315521,
    "Max Loser": -156.72,
    "Expectancy": -14.51054716981124,
    "Win Rate": 0.25849056603773585
  },
  "general": {
    "Long Ratio": 0.5,
    "Total trades": 530,
    "Sharpe ratio": -0.037,
    "Profit factor": 0.0,
    "Max drawdown": 0.0
  },
  "rejected_signals_count": 157688
}