{
  "pnls": {
    "PnL (total)": 9322.27,
    "PnL% (total)": 9.322270000000005,
    "Max Winner": 494.89,
    "Avg Winner": 456.58486486486487,
    "Min Winner": 8.38,
    "Min Loser": -95.2,
    "Avg Loser": -329.18999999999994,
    "Max Loser": -356.69,
    "Expectancy": 155.37116666666674,
    "Win Rate": 0.6166666666666667
  },
  "general": {
    "Long Ratio": "0.52",
    "Total trades": 0,
    "Sharpe ratio": 0.0,
    "Profit factor": 0.0,
    "Max drawdown": 0.0
  },
  "rejected_signals_count": 192
}