{
  "pnls": {
    "PnL (total)": 8180.26,
    "PnL% (total)": 8.180259999999995,
    "Max Winner": 494.89,
    "Avg Winner": 480.289705882353,
    "Min Winner": 8.38,
    "Min Loser": -93.52,
    "Avg Loser": -313.4457692307692,
    "Max Loser": -356.69,
    "Expectancy": 136.3376666666667,
    "Win Rate": 0.5666666666666667
  },
  "general": {
    "Long Ratio": "0.52",
    "Total trades": 0,
    "Sharpe ratio": 0.0,
    "Profit factor": 0.0,
    "Max drawdown": 0.0
  },
  "rejected_signals_count": 259
}