{
  "pnls": {
    "PnL (total)": -88.77,
    "PnL% (total)": -0.08877000000000407,
    "Max Winner": 732.27,
    "Avg Winner": 250.09962962962967,
    "Min Winner": 9.3,
    "Min Loser": -2.66,
    "Avg Loser": -139.62163265306123,
    "Max Loser": -206.74,
    "Expectancy": -1.1680263157894615,
    "Win Rate": 0.35526315789473684
  },
  "general": {
    "Long Ratio": "0.51"
  },
  "rejected_signals_count": 3609
}