{
  "pnls": {
    "PnL (total)": 832.61,
    "PnL% (total)": 0.8326100000000006,
    "Max Winner": 521.37,
    "Avg Winner": 203.24181818181816,
    "Min Winner": 24.36,
    "Min Loser": -6.7,
    "Avg Loser": -73.84473684210528,
    "Max Loser": -206.7,
    "Expectancy": 27.753666666666653,
    "Win Rate": 0.36666666666666664
  },
  "general": {
    "Long Ratio": "0.10"
  },
  "rejected_signals_count": 471
}