{
  "pnls": {
    "PnL (total)": 3443.57,
    "PnL% (total)": 3.443570000000007,
    "Max Winner": 494.89,
    "Avg Winner": 477.4632142857143,
    "Min Winner": 14.38,
    "Min Loser": -75.16,
    "Avg Loser": -248.135,
    "Max Loser": -260.14,
    "Expectancy": 50.64073529411763,
    "Win Rate": 0.4117647058823529
  },
  "general": {
    "Long Ratio": "0.50",
    "Total trades": 0,
    "Sharpe ratio": 0.0,
    "Profit factor": 0.0,
    "Max drawdown": 0.0
  },
  "rejected_signals_count": 217
}