{
  "pnls": {
    "PnL (total)": 1499.25,
    "PnL% (total)": 1.49925,
    "Max Winner": 756.27,
    "Avg Winner": 276.2179310344828,
    "Min Winner": 24.32,
    "Min Loser": -9.66,
    "Avg Loser": -130.2214,
    "Max Loser": -206.74,
    "Expectancy": 18.977848101265835,
    "Win Rate": 0.3670886075949367
  },
  "general": {
    "Long Ratio": "0.41"
  },
  "rejected_signals_count": 4194
}