{
  "pnls": {
    "PnL (total)": 6290.36,
    "PnL% (total)": 6.290360000000001,
    "Max Winner": 494.89,
    "Avg Winner": 494.6109677419355,
    "Min Winner": 494.31,
    "Min Loser": -127.19,
    "Avg Loser": -334.91037037037034,
    "Max Loser": -356.69,
    "Expectancy": 108.45448275862068,
    "Win Rate": 0.5344827586206896
  },
  "general": {
    "Long Ratio": "0.50",
    "Total trades": 0,
    "Sharpe ratio": 0.0,
    "Profit factor": 0.0,
    "Max drawdown": 0.0
  },
  "rejected_signals_count": 310
}