{
  "pnls": {
    "PnL (total)": -12418.95,
    "PnL% (total)": -12.418949999999997,
    "Max Winner": 795.36,
    "Avg Winner": 745.8935820895524,
    "Min Winner": 738.49,
    "Min Loser": -323.28,
    "Avg Loser": -356.5361142857143,
    "Max Loser": -375.65,
    "Expectancy": -51.31797520661148,
    "Win Rate": 0.2768595041322314
  },
  "general": {
    "Long Ratio": 0.5,
    "Total trades": 242,
    "Sharpe ratio": -0.093,
    "Profit factor": 0.0,
    "Max drawdown": 0.0
  },
  "rejected_signals_count": 134995
}