{
  "pnls": {
    "PnL (total)": -10124.27,
    "PnL% (total)": -10.124270000000005,
    "Max Winner": 584.87,
    "Avg Winner": 409.78285714285715,
    "Min Winner": 6.66,
    "Min Loser": -33.32,
    "Avg Loser": -210.91956896551727,
    "Max Loser": -255.72,
    "Expectancy": -67.04814569536425,
    "Win Rate": 0.23178807947019867
  },
  "general": {
    "Long Ratio": "0.49"
  },
  "rejected_signals_count": 1078
}