{
  "pnls": {
    "PnL (total)": -1875.67,
    "PnL% (total)": -1.8756699999999984,
    "Max Winner": 789.63,
    "Avg Winner": 746.123770491803,
    "Min Winner": 733.33,
    "Min Loser": -287.1,
    "Avg Loser": -356.3099248120303,
    "Max Loser": -394.69,
    "Expectancy": -9.668402061855907,
    "Win Rate": 0.31443298969072164
  },
  "general": {
    "Long Ratio": 0.5,
    "Total trades": 194,
    "Sharpe ratio": -0.002,
    "Profit factor": 0.0,
    "Max drawdown": 0.0
  },
  "rejected_signals_count": 22711
}