{
  "pnls": {
    "PnL (total)": 6979.73,
    "PnL% (total)": 6.979729999999996,
    "Max Winner": 494.89,
    "Avg Winner": 494.61064516129034,
    "Min Winner": 494.31,
    "Min Loser": -127.19,
    "Avg Loser": -334.12800000000004,
    "Max Loser": -356.61,
    "Expectancy": 124.63803571428576,
    "Win Rate": 0.5535714285714286
  },
  "general": {
    "Long Ratio": "0.50",
    "Total trades": 0,
    "Sharpe ratio": 0.0,
    "Profit factor": 0.0,
    "Max drawdown": 0.0
  },
  "rejected_signals_count": 312
}