{
  "pnls": {
    "PnL (total)": 9399.25,
    "PnL% (total)": 9.39925,
    "Max Winner": 494.89,
    "Avg Winner": 468.30055555555555,
    "Min Winner": 8.38,
    "Min Loser": -0.54,
    "Avg Loser": -310.81541666666664,
    "Max Loser": -356.69,
    "Expectancy": 156.65416666666664,
    "Win Rate": 0.6
  },
  "general": {
    "Long Ratio": "0.50",
    "Total trades": 0,
    "Sharpe ratio": 0.0,
    "Profit factor": 0.0,
    "Max drawdown": 0.0
  },
  "rejected_signals_count": 240
}