{
  "pnls": {
    "PnL (total)": -4787.71,
    "PnL% (total)": -4.787710000000006,
    "Max Winner": 494.89,
    "Avg Winner": 494.2393333333335,
    "Min Winner": 465.29,
    "Min Loser": -355.71,
    "Avg Loser": -356.4958490566037,
    "Max Loser": -362.65,
    "Expectancy": -18.135265151515053,
    "Win Rate": 0.3977272727272727
  },
  "general": {
    "Long Ratio": 0.5,
    "Total trades": 264,
    "Sharpe ratio": -0.035,
    "Profit factor": 0.0,
    "Max drawdown": 0.0
  },
  "rejected_signals_count": 17023
}