{
  "pnls": {
    "PnL (total)": 8047.79,
    "PnL% (total)": 8.047789999999994,
    "Max Winner": 494.89,
    "Avg Winner": 480.29647058823537,
    "Min Winner": 8.38,
    "Min Loser": -101.19,
    "Avg Loser": -331.29159999999996,
    "Max Loser": -356.69,
    "Expectancy": 136.40322033898315,
    "Win Rate": 0.576271186440678
  },
  "general": {
    "Long Ratio": "0.49",
    "Total trades": 0,
    "Sharpe ratio": 0.0,
    "Profit factor": 0.0,
    "Max drawdown": 0.0
  },
  "rejected_signals_count": 288
}