{
  "pnls": {
    "PnL (total)": 10033.28,
    "PnL% (total)": 10.033279999999998,
    "Max Winner": 494.89,
    "Avg Winner": 469.9916216216217,
    "Min Winner": 8.38,
    "Min Loser": -55.16,
    "Avg Loser": -319.84391304347827,
    "Max Loser": -356.69,
    "Expectancy": 167.2213333333334,
    "Win Rate": 0.6166666666666667
  },
  "general": {
    "Long Ratio": "0.50",
    "Total trades": 0,
    "Sharpe ratio": 0.0,
    "Profit factor": 0.0,
    "Max drawdown": 0.0
  },
  "rejected_signals_count": 289
}