{
  "pnls": {
    "PnL (total)": 9366.77,
    "PnL% (total)": 9.366770000000004,
    "Max Winner": 494.89,
    "Avg Winner": 469.3418918918919,
    "Min Winner": 8.38,
    "Min Loser": -101.19,
    "Avg Loser": -333.2866666666667,
    "Max Loser": -356.69,
    "Expectancy": 153.5536065573771,
    "Win Rate": 0.6065573770491803
  },
  "general": {
    "Long Ratio": "0.51",
    "Total trades": 0,
    "Sharpe ratio": 0.0,
    "Profit factor": 0.0,
    "Max drawdown": 0.0
  },
  "rejected_signals_count": 152
}