{
  "pnls": {
    "PnL (total)": -5867.99,
    "PnL% (total)": -5.867990000000005,
    "Max Winner": 606.86,
    "Avg Winner": 416.6431578947368,
    "Min Winner": 16.67,
    "Min Loser": -14.36,
    "Avg Loser": -212.74931372549023,
    "Max Loser": -255.71,
    "Expectancy": -41.91421428571435,
    "Win Rate": 0.2714285714285714
  },
  "general": {
    "Long Ratio": "0.52"
  },
  "rejected_signals_count": 959
}