{
  "pnls": {
    "PnL (total)": 5101.48,
    "PnL% (total)": 5.101479999999996,
    "Max Winner": 494.89,
    "Avg Winner": 494.6124137931034,
    "Min Winner": 494.31,
    "Min Loser": -48.16,
    "Avg Loser": -330.0814285714286,
    "Max Loser": -356.71,
    "Expectancy": 89.49964912280703,
    "Win Rate": 0.5087719298245614
  },
  "general": {
    "Long Ratio": "0.49",
    "Total trades": 0,
    "Sharpe ratio": 0.0,
    "Profit factor": 0.0,
    "Max drawdown": 0.0
  },
  "rejected_signals_count": 356
}