{
  "pnls": {
    "PnL (total)": 8860.19,
    "PnL% (total)": 8.860190000000003,
    "Max Winner": 494.89,
    "Avg Winner": 494.59264705882356,
    "Min Winner": 494.31,
    "Min Loser": -97.54,
    "Avg Loser": -361.6345454545455,
    "Max Loser": -396.69,
    "Expectancy": 158.21767857142854,
    "Win Rate": 0.6071428571428571
  },
  "general": {
    "Long Ratio": "0.46",
    "Total trades": 0,
    "Sharpe ratio": 0.0,
    "Profit factor": 0.0,
    "Max drawdown": 0.0
  },
  "rejected_signals_count": 230
}