{
  "pnls": {
    "PnL (total)": 86.2,
    "PnL% (total)": 0.08619999999999708,
    "Max Winner": 694.36,
    "Avg Winner": 591.375,
    "Min Winner": 488.39,
    "Min Loser": -156.62,
    "Avg Loser": -156.65,
    "Max Loser": -156.66,
    "Expectancy": 9.57777777777777,
    "Win Rate": 0.2222222222222222
  },
  "general": {
    "Long Ratio": 0.44
  },
  "rejected_signals_count": 719
}