{
  "pnls": {
    "PnL (total)": -8538.35,
    "PnL% (total)": -8.538350000000005,
    "Max Winner": 762.73,
    "Avg Winner": 745.4290163934423,
    "Min Winner": 740.4,
    "Min Loser": -186.42,
    "Avg Loser": -255.96928909952604,
    "Max Loser": -294.69,
    "Expectancy": -31.39099264705885,
    "Win Rate": 0.22426470588235295
  },
  "general": {
    "Long Ratio": 0.5,
    "Total trades": 272,
    "Sharpe ratio": -0.058,
    "Profit factor": 0.0,
    "Max drawdown": 0.0
  },
  "rejected_signals_count": 23637
}