{
  "pnls": {
    "PnL (total)": 10019.81,
    "PnL% (total)": 10.019809999999998,
    "Max Winner": 494.89,
    "Avg Winner": 494.5957142857142,
    "Min Winner": 494.31,
    "Min Loser": -0.54,
    "Avg Loser": -303.79333333333335,
    "Max Loser": -356.69,
    "Expectancy": 169.82728813559316,
    "Win Rate": 0.5932203389830508
  },
  "general": {
    "Long Ratio": "0.49",
    "Total trades": 0,
    "Sharpe ratio": 0.0,
    "Profit factor": 0.0,
    "Max drawdown": 0.0
  },
  "rejected_signals_count": 218
}