{
  "pnls": {
    "PnL (total)": 5907.51,
    "PnL% (total)": 5.907509999999995,
    "Max Winner": 494.89,
    "Avg Winner": 494.60266666666666,
    "Min Winner": 494.31,
    "Min Loser": -48.16,
    "Avg Loser": -330.76185185185193,
    "Max Loser": -356.69,
    "Expectancy": 103.6405263157894,
    "Win Rate": 0.5263157894736842
  },
  "general": {
    "Long Ratio": "0.49",
    "Total trades": 0,
    "Sharpe ratio": 0.0,
    "Profit factor": 0.0,
    "Max drawdown": 0.0
  },
  "rejected_signals_count": 371
}