{
  "pnls": {
    "PnL (total)": 7402.77,
    "PnL% (total)": 7.402770000000005,
    "Max Winner": 444.89,
    "Avg Winner": 444.2002777777778,
    "Min Winner": 429.88,
    "Min Loser": -47.12,
    "Avg Loser": -296.1531034482759,
    "Max Loser": -326.69,
    "Expectancy": 113.88876923076924,
    "Win Rate": 0.5538461538461539
  },
  "general": {
    "Long Ratio": "0.48",
    "Total trades": 0,
    "Sharpe ratio": 0.0,
    "Profit factor": 0.0,
    "Max drawdown": 0.0
  },
  "rejected_signals_count": 304
}