{
  "pnls": {
    "PnL (total)": -2640.4,
    "PnL% (total)": -2.6403999999999943,
    "Max Winner": 498.31,
    "Avg Winner": 161.68890909090914,
    "Min Winner": 2.32,
    "Min Loser": -2.7,
    "Avg Loser": -75.38098039215686,
    "Max Loser": -206.74,
    "Expectancy": -12.694230769230757,
    "Win Rate": 0.2644230769230769
  },
  "general": {
    "Long Ratio": "0.46"
  },
  "rejected_signals_count": 4467
}