{
  "pnls": {
    "PnL (total)": 9252.81,
    "PnL% (total)": 9.252809999999997,
    "Max Winner": 494.89,
    "Avg Winner": 469.30055555555555,
    "Min Winner": 8.38,
    "Min Loser": -101.19,
    "Avg Loser": -332.26130434782607,
    "Max Loser": -356.69,
    "Expectancy": 156.82728813559322,
    "Win Rate": 0.6101694915254238
  },
  "general": {
    "Long Ratio": "0.51",
    "Total trades": 0,
    "Sharpe ratio": 0.0,
    "Profit factor": 0.0,
    "Max drawdown": 0.0
  },
  "rejected_signals_count": 257
}