{
  "pnls": {
    "PnL (total)": -120.95,
    "PnL% (total)": -0.12094999999999707,
    "Max Winner": 234.9,
    "Avg Winner": 172.57723636363636,
    "Min Winner": 0.34,
    "Min Loser": -0.16,
    "Avg Loser": -75.52331746031746,
    "Max Loser": -86.72,
    "Expectancy": -0.1336464088397733,
    "Win Rate": 0.30386740331491713
  },
  "general": {
    "Long Ratio": "0.50",
    "Total trades": 0,
    "Sharpe ratio": 0.0,
    "Profit factor": 0.0,
    "Max drawdown": 0.0
  },
  "rejected_signals_count": 7672
}