{
  "pnls": {
    "PnL (total)": 2402.41,
    "PnL% (total)": 2.4024100000000033,
    "Max Winner": 494.89,
    "Avg Winner": 494.64040000000006,
    "Min Winner": 494.35,
    "Min Loser": -80.54,
    "Avg Loser": -249.08999999999997,
    "Max Loser": -256.71,
    "Expectancy": 36.9601538461539,
    "Win Rate": 0.38461538461538464
  },
  "general": {
    "Long Ratio": "0.48",
    "Total trades": 0,
    "Sharpe ratio": 0.0,
    "Profit factor": 0.0,
    "Max drawdown": 0.0
  },
  "rejected_signals_count": 331
}