{
  "pnls": {
    "PnL (total)": -5799.46,
    "PnL% (total)": -5.799460000000006,
    "Max Winner": 606.86,
    "Avg Winner": 462.45038461538456,
    "Min Winner": 4.32,
    "Min Loser": 0.0,
    "Avg Loser": -207.2461627906977,
    "Max Loser": -255.72,
    "Expectancy": -51.780892857142874,
    "Win Rate": 0.23214285714285715
  },
  "general": {
    "Long Ratio": "0.50"
  },
  "rejected_signals_count": 981
}