{
  "pnls": {
    "PnL (total)": -14651.22,
    "PnL% (total)": -14.65122,
    "Max Winner": 579.43,
    "Avg Winner": 495.1999236641221,
    "Min Winner": 494.25,
    "Min Loser": -12.64,
    "Avg Loser": -255.69906752411563,
    "Max Loser": -256.73,
    "Expectancy": -33.147556561085885,
    "Win Rate": 0.29638009049773756
  },
  "general": {
    "Long Ratio": 0.5,
    "Total trades": 442,
    "Sharpe ratio": -0.08,
    "Profit factor": 0.0,
    "Max drawdown": 0.0
  },
  "rejected_signals_count": 383512
}