{
  "pnls": {
    "PnL (total)": -14742.56,
    "PnL% (total)": -14.74256,
    "Max Winner": 744.88,
    "Avg Winner": 744.5177777777776,
    "Min Winner": 744.28,
    "Min Loser": -345.65,
    "Avg Loser": -356.3420809248556,
    "Max Loser": -356.75,
    "Expectancy": -62.468474576271355,
    "Win Rate": 0.2669491525423729
  },
  "general": {
    "Long Ratio": 0.5,
    "Total trades": 236,
    "Sharpe ratio": -0.12,
    "Profit factor": 0.0,
    "Max drawdown": 0.0
  },
  "rejected_signals_count": 356043
}