{
  "pnls": {
    "PnL (total)": 10678.83,
    "PnL% (total)": 10.678830000000001,
    "Max Winner": 494.89,
    "Avg Winner": 494.6025000000001,
    "Min Winner": 494.31,
    "Min Loser": -5.62,
    "Avg Loser": -309.86347826086956,
    "Max Loser": -356.69,
    "Expectancy": 180.99711864406785,
    "Win Rate": 0.6101694915254238
  },
  "general": {
    "Long Ratio": "0.49",
    "Total trades": 0,
    "Sharpe ratio": 0.0,
    "Profit factor": 0.0,
    "Max drawdown": 0.0
  },
  "rejected_signals_count": 208
}