{
  "pnls": {
    "PnL (total)": 3787.38,
    "PnL% (total)": 3.7873800000000046,
    "Max Winner": 494.87,
    "Avg Winner": 494.0670370370371,
    "Min Winner": 479.89,
    "Min Loser": -51.12,
    "Avg Loser": -238.81075,
    "Max Loser": -256.72,
    "Expectancy": 56.528059701492566,
    "Win Rate": 0.40298507462686567
  },
  "general": {
    "Long Ratio": "0.49",
    "Total trades": 0,
    "Sharpe ratio": 0.0,
    "Profit factor": 0.0,
    "Max drawdown": 0.0
  },
  "rejected_signals_count": 302
}