{
  "pnls": {
    "PnL (total)": 10140.32,
    "PnL% (total)": 10.140320000000006,
    "Max Winner": 494.89,
    "Avg Winner": 457.26657894736843,
    "Min Winner": 8.38,
    "Min Loser": -101.19,
    "Avg Loser": -328.9004545454546,
    "Max Loser": -356.69,
    "Expectancy": 169.00533333333334,
    "Win Rate": 0.6333333333333333
  },
  "general": {
    "Long Ratio": "0.52",
    "Total trades": 0,
    "Sharpe ratio": 0.0,
    "Profit factor": 0.0,
    "Max drawdown": 0.0
  },
  "rejected_signals_count": 185
}