{
  "pnls": {
    "PnL (total)": -17042.72,
    "PnL% (total)": -17.04272,
    "Max Winner": 514.67,
    "Avg Winner": 495.55813186813197,
    "Min Winner": 494.29,
    "Min Loser": -305.55,
    "Avg Loser": -357.1178735632182,
    "Max Loser": -438.35,
    "Expectancy": -64.31215094339612,
    "Win Rate": 0.3433962264150943
  },
  "general": {
    "Long Ratio": 0.5,
    "Total trades": 265,
    "Sharpe ratio": -0.146,
    "Profit factor": 0.0,
    "Max drawdown": 0.0
  },
  "rejected_signals_count": 24989
}