{
  "pnls": {
    "PnL (total)": -6744.59,
    "PnL% (total)": -6.744589999999996,
    "Max Winner": 579.43,
    "Avg Winner": 495.15162962962984,
    "Min Winner": 494.25,
    "Min Loser": -241.48,
    "Avg Loser": -256.41135888501725,
    "Max Loser": -256.73,
    "Expectancy": -15.982440758293695,
    "Win Rate": 0.31990521327014215
  },
  "general": {
    "Long Ratio": 0.5,
    "Total trades": 422,
    "Sharpe ratio": -0.034,
    "Profit factor": 0.0,
    "Max drawdown": 0.0
  },
  "rejected_signals_count": 306455
}