{
  "pnls": {
    "PnL (total)": -7365.38,
    "PnL% (total)": -7.3653800000000045,
    "Max Winner": 561.37,
    "Avg Winner": 495.5172173913045,
    "Min Winner": 493.39,
    "Min Loser": -217.55,
    "Avg Loser": -256.37394422310774,
    "Max Loser": -315.53,
    "Expectancy": -20.12398907103831,
    "Win Rate": 0.31420765027322406
  },
  "general": {
    "Long Ratio": 0.5,
    "Total trades": 366,
    "Sharpe ratio": -0.045,
    "Profit factor": 0.0,
    "Max drawdown": 0.0
  },
  "rejected_signals_count": 119475
}