{
  "pnls": {
    "PnL (total)": 2397.38,
    "PnL% (total)": 2.3973800000000045,
    "Max Winner": 494.87,
    "Avg Winner": 494.03640000000007,
    "Min Winner": 479.89,
    "Min Loser": -70.54,
    "Avg Loser": -248.83824999999996,
    "Max Loser": -256.71,
    "Expectancy": 36.8827692307693,
    "Win Rate": 0.38461538461538464
  },
  "general": {
    "Long Ratio": "0.48",
    "Total trades": 0,
    "Sharpe ratio": 0.0,
    "Profit factor": 0.0,
    "Max drawdown": 0.0
  },
  "rejected_signals_count": 353
}