{
  "pnls": {
    "PnL (total)": 10033.28,
    "PnL% (total)": 10.033279999999998,
    "Max Winner": 494.89,
    "Avg Winner": 469.34135135135136,
    "Min Winner": 8.38,
    "Min Loser": -46.52,
    "Avg Loser": -318.79782608695655,
    "Max Loser": -356.69,
    "Expectancy": 167.22133333333335,
    "Win Rate": 0.6166666666666667
  },
  "general": {
    "Long Ratio": "0.52",
    "Total trades": 0,
    "Sharpe ratio": 0.0,
    "Profit factor": 0.0,
    "Max drawdown": 0.0
  },
  "rejected_signals_count": 169
}