{
  "pnls": {
    "PnL (total)": 8215.78,
    "PnL% (total)": 8.215779999999999,
    "Max Winner": 494.89,
    "Avg Winner": 467.88228571428573,
    "Min Winner": 8.38,
    "Min Loser": -101.19,
    "Avg Loser": -340.00416666666666,
    "Max Loser": -356.71,
    "Expectancy": 139.2505084745763,
    "Win Rate": 0.5932203389830508
  },
  "general": {
    "Long Ratio": "0.49",
    "Total trades": 0,
    "Sharpe ratio": 0.0,
    "Profit factor": 0.0,
    "Max drawdown": 0.0
  },
  "rejected_signals_count": 243
}