{
  "pnls": {
    "PnL (total)": -12312.76,
    "PnL% (total)": -12.312759999999995,
    "Max Winner": 539.63,
    "Avg Winner": 495.2405494505495,
    "Min Winner": 472.89,
    "Min Loser": -305.55,
    "Avg Loser": -356.395341614907,
    "Max Loser": -394.69,
    "Expectancy": -48.8601587301588,
    "Win Rate": 0.3611111111111111
  },
  "general": {
    "Long Ratio": 0.5,
    "Total trades": 252,
    "Sharpe ratio": -0.105,
    "Profit factor": 0.0,
    "Max drawdown": 0.0
  },
  "rejected_signals_count": 20951
}