{
  "pnls": {
    "PnL (total)": 3286.43,
    "PnL% (total)": 3.286429999999993,
    "Max Winner": 494.89,
    "Avg Winner": 494.65333333333336,
    "Min Winner": 494.35,
    "Min Loser": -122.54,
    "Avg Loser": -252.50735294117646,
    "Max Loser": -256.71,
    "Expectancy": 56.66258620689655,
    "Win Rate": 0.41379310344827586
  },
  "general": {
    "Long Ratio": "0.50",
    "Total trades": 0,
    "Sharpe ratio": 0.0,
    "Profit factor": 0.0,
    "Max drawdown": 0.0
  },
  "rejected_signals_count": 277
}