{
  "pnls": {
    "PnL (total)": 326.05,
    "PnL% (total)": 0.3260500000000029,
    "Max Winner": 154.92,
    "Avg Winner": 135.75343930635836,
    "Min Winner": 0.34,
    "Min Loser": -0.16,
    "Avg Loser": -76.21673202614379,
    "Max Loser": -86.72,
    "Expectancy": 0.34034446764091086,
    "Win Rate": 0.36116910229645094
  },
  "general": {
    "Long Ratio": "0.50",
    "Total trades": 0,
    "Sharpe ratio": 0.0,
    "Profit factor": 0.0,
    "Max drawdown": 0.0
  },
  "rejected_signals_count": 7619
}