{
  "pnls": {
    "PnL (total)": -56.74,
    "PnL% (total)": -0.05674000000000524,
    "Max Winner": 768.33,
    "Avg Winner": 745.0918604651163,
    "Min Winner": 744.29,
    "Min Loser": -6.64,
    "Avg Loser": -352.6998901098899,
    "Max Loser": -356.75,
    "Expectancy": -0.4234328358207906,
    "Win Rate": 0.3208955223880597
  },
  "general": {
    "Long Ratio": 0.5,
    "Total trades": 134,
    "Sharpe ratio": 0.016,
    "Profit factor": 0.0,
    "Max drawdown": 0.0
  },
  "rejected_signals_count": 7167
}