{
  "pnls": {
    "PnL (total)": -8617.9,
    "PnL% (total)": -8.617899999999993,
    "Max Winner": 793.6,
    "Avg Winner": 745.0435384615383,
    "Min Winner": 728.69,
    "Min Loser": -203.54,
    "Avg Loser": -255.8104484304933,
    "Max Loser": -280.34,
    "Expectancy": -29.92326388888895,
    "Win Rate": 0.22569444444444445
  },
  "general": {
    "Long Ratio": 0.5,
    "Total trades": 288,
    "Sharpe ratio": -0.056,
    "Profit factor": 0.0,
    "Max drawdown": 0.0
  },
  "rejected_signals_count": 128655
}