{
  "pnls": {
    "PnL (total)": 7784.22,
    "PnL% (total)": 7.784220000000001,
    "Max Winner": 494.89,
    "Avg Winner": 472.87970588235294,
    "Min Winner": 8.38,
    "Min Loser": -33.16,
    "Avg Loser": -318.98807692307685,
    "Max Loser": -356.69,
    "Expectancy": 129.73700000000005,
    "Win Rate": 0.5666666666666667
  },
  "general": {
    "Long Ratio": "0.52",
    "Total trades": 0,
    "Sharpe ratio": 0.0,
    "Profit factor": 0.0,
    "Max drawdown": 0.0
  },
  "rejected_signals_count": 285
}