{
  "pnls": {
    "PnL (total)": -1349.6,
    "PnL% (total)": -1.349600000000006,
    "Max Winner": 494.49,
    "Avg Winner": 494.41999999999996,
    "Min Winner": 494.35,
    "Min Loser": -56.1,
    "Avg Loser": -56.39457627118644,
    "Max Loser": -56.7,
    "Expectancy": -21.42222222222222,
    "Win Rate": 0.06349206349206349
  },
  "general": {
    "Long Ratio": "0.49",
    "Total trades": 0,
    "Sharpe ratio": 0.0,
    "Profit factor": 0.0,
    "Max drawdown": 0.0
  },
  "rejected_signals_count": 238
}