{
  "pnls": {
    "PnL (total)": -9163.71,
    "PnL% (total)": -9.163710000000007,
    "Max Winner": 765.45,
    "Avg Winner": 745.1780000000001,
    "Min Winner": 738.49,
    "Min Loser": -345.64,
    "Avg Loser": -356.54749999999996,
    "Max Loser": -367.64,
    "Expectancy": -37.86657024793387,
    "Win Rate": 0.2892561983471074
  },
  "general": {
    "Long Ratio": 0.5,
    "Total trades": 242,
    "Sharpe ratio": -0.064,
    "Profit factor": 0.0,
    "Max drawdown": 0.0
  },
  "rejected_signals_count": 141813
}