{
  "pnls": {
    "PnL (total)": 8563.77,
    "PnL% (total)": 8.563770000000003,
    "Max Winner": 494.89,
    "Avg Winner": 468.5854285714286,
    "Min Winner": 8.38,
    "Min Loser": -55.16,
    "Avg Loser": -326.53000000000003,
    "Max Loser": -356.71,
    "Expectancy": 145.1486440677966,
    "Win Rate": 0.5932203389830508
  },
  "general": {
    "Long Ratio": "0.51",
    "Total trades": 0,
    "Sharpe ratio": 0.0,
    "Profit factor": 0.0,
    "Max drawdown": 0.0
  },
  "rejected_signals_count": 255
}