entry_time,exit_time,side,entry,exit,pnl,exit_reason,partial_closed,entry_hour,entry_weekday,duration_bars,entry_month
2025-01-02 11:00:00+00:00,2025-01-02 11:10:00+00:00,LONG,1.03168,1.03285,112.87,TP,False,6,3,0,2025-01
2025-01-02 11:15:00+00:00,2025-01-02 11:33:00+00:00,LONG,1.03311,1.03194,-121.13,SL,False,6,3,0,2025-01
2025-01-02 11:45:00+00:00,2025-01-02 13:31:00+00:00,LONG,1.03241,1.03113,-132.12,SL,False,6,3,0,2025-01
2025-01-02 14:00:00+00:00,2025-01-02 15:04:00+00:00,LONG,1.03134,1.0301,-128.12,SL,False,9,3,0,2025-01
2025-01-02 15:30:00+00:00,2025-01-02 16:00:00+00:00,LONG,1.02857,1.02725,-136.11,SL,False,10,3,0,2025-01
2025-01-02 16:00:00+00:00,2025-01-02 16:04:00+00:00,LONG,1.02744,1.02292,-456.1,SL,False,11,3,0,2025-01
2025-01-02 16:15:00+00:00,2025-01-03 06:56:00+00:00,LONG,1.02576,1.02786,205.89,TP,False,11,3,0,2025-01
2025-01-03 08:00:00+00:00,2025-01-03 08:01:00+00:00,LONG,1.02809,1.0287,56.88,TP,False,3,4,0,2025-01
2025-01-03 08:15:00+00:00,2025-01-03 08:32:00+00:00,LONG,1.02846,1.02781,-69.12,SL,False,3,4,0,2025-01
2025-01-03 14:00:00+00:00,2025-01-03 14:59:00+00:00,LONG,1.02933,1.03017,79.88,TP,False,9,4,0,2025-01
2025-01-03 16:45:00+00:00,2025-01-03 17:08:00+00:00,LONG,1.02898,1.03026,123.88,TP,False,11,4,0,2025-01
2025-01-03 17:15:00+00:00,2025-01-03 18:04:00+00:00,LONG,1.03026,1.02928,-102.12,SL,False,12,4,0,2025-01
2025-01-03 21:00:00+00:00,2025-01-05 22:57:00+00:00,LONG,1.03059,1.02963,-100.12,SL,False,16,4,0,2025-01
2025-01-05 23:00:00+00:00,2025-01-05 23:45:00+00:00,LONG,1.0302,1.03072,47.88,TP,False,18,6,0,2025-01
2025-01-06 03:00:00+00:00,2025-01-06 05:58:00+00:00,SHORT,1.03161,1.03098,58.88,TP,False,22,6,0,2025-01
2025-01-06 07:45:00+00:00,2025-01-06 07:59:00+00:00,SHORT,1.03228,1.03284,-60.13,SL,False,2,0,0,2025-01
2025-01-06 08:15:00+00:00,2025-01-06 08:31:00+00:00,SHORT,1.03372,1.03436,-68.14,SL,False,3,0,0,2025-01
2025-01-06 08:45:00+00:00,2025-01-06 08:52:00+00:00,SHORT,1.03351,1.03432,-85.14,SL,False,3,0,0,2025-01
2025-01-06 09:00:00+00:00,2025-01-06 09:03:00+00:00,SHORT,1.03503,1.03404,94.86,TP,False,4,0,0,2025-01
2025-01-06 09:15:00+00:00,2025-01-06 10:16:00+00:00,SHORT,1.03571,1.03445,121.86,TP,False,4,0,0,2025-01
2025-01-06 13:45:00+00:00,2025-01-06 14:16:00+00:00,SHORT,1.04103,1.0377,328.84,TP,False,8,0,0,2025-01
2025-01-06 14:45:00+00:00,2025-01-06 14:55:00+00:00,LONG,1.0369,1.03973,278.85,TP,False,9,0,0,2025-01
2025-01-06 15:15:00+00:00,2025-01-07 07:21:00+00:00,LONG,1.03857,1.0415,288.84,TP,False,10,0,0,2025-01
2025-01-07 09:15:00+00:00,2025-01-07 11:22:00+00:00,SHORT,1.04263,1.04135,123.83,TP,False,4,1,0,2025-01
2025-01-07 12:15:00+00:00,2025-01-07 12:39:00+00:00,SHORT,1.04099,1.03987,107.84,TP,False,7,1,0,2025-01
2025-01-07 13:15:00+00:00,2025-01-07 13:50:00+00:00,LONG,1.03968,1.03866,-106.16,SL,False,8,1,0,2025-01
2025-01-07 15:15:00+00:00,2025-01-07 15:31:00+00:00,LONG,1.03683,1.03808,120.85,TP,False,10,1,0,2025-01
2025-01-07 15:45:00+00:00,2025-01-07 16:32:00+00:00,LONG,1.03639,1.03798,154.85,TP,False,10,1,0,2025-01
2025-01-07 17:00:00+00:00,2025-01-07 17:24:00+00:00,LONG,1.03684,1.0354,-148.14,SL,False,12,1,0,2025-01
2025-01-07 17:30:00+00:00,2025-01-07 18:38:00+00:00,LONG,1.03693,1.03545,-152.14,SL,False,12,1,0,2025-01
2025-01-07 18:45:00+00:00,2025-01-07 21:46:00+00:00,LONG,1.03524,1.03403,-125.14,SL,False,13,1,0,2025-01
2025-01-07 23:00:00+00:00,2025-01-08 00:24:00+00:00,LONG,1.03427,1.03477,45.86,TP,False,18,1,0,2025-01
2025-01-08 00:30:00+00:00,2025-01-08 00:36:00+00:00,SHORT,1.03492,1.03444,43.86,TP,False,19,1,0,2025-01
2025-01-08 03:15:00+00:00,2025-01-08 03:33:00+00:00,LONG,1.03524,1.03471,-57.14,SL,False,22,1,0,2025-01
2025-01-08 03:45:00+00:00,2025-01-08 04:12:00+00:00,LONG,1.0347,1.03508,33.86,TP,False,22,1,0,2025-01
2025-01-08 05:15:00+00:00,2025-01-08 05:28:00+00:00,LONG,1.03504,1.03548,39.86,TP,False,0,2,0,2025-01
2025-01-08 08:00:00+00:00,2025-01-08 08:07:00+00:00,LONG,1.03323,1.0325,-77.14,SL,False,3,2,0,2025-01
2025-01-08 08:15:00+00:00,2025-01-08 08:20:00+00:00,LONG,1.03308,1.03397,84.86,TP,False,3,2,0,2025-01
2025-01-08 08:30:00+00:00,2025-01-08 09:26:00+00:00,LONG,1.03254,1.03153,-105.13,SL,False,3,2,0,2025-01
2025-01-08 09:30:00+00:00,2025-01-08 10:12:00+00:00,LONG,1.03208,1.03113,-99.12,SL,False,4,2,0,2025-01
2025-01-08 11:30:00+00:00,2025-01-08 11:32:00+00:00,LONG,1.03005,1.02888,-121.12,SL,False,6,2,0,2025-01
2025-01-08 11:45:00+00:00,2025-01-08 11:52:00+00:00,LONG,1.02849,1.02971,117.88,TP,False,6,2,0,2025-01
2025-01-08 12:00:00+00:00,2025-01-08 12:19:00+00:00,LONG,1.02979,1.02861,-122.12,SL,False,7,2,0,2025-01
2025-01-08 12:30:00+00:00,2025-01-08 13:26:00+00:00,LONG,1.02889,1.03025,131.88,TP,False,7,2,0,2025-01
2025-01-08 22:00:00+00:00,2025-01-08 23:20:00+00:00,LONG,1.03188,1.03138,-54.12,SL,False,17,2,0,2025-01
2025-01-09 00:45:00+00:00,2025-01-09 00:59:00+00:00,LONG,1.03086,1.03132,41.88,TP,False,19,2,0,2025-01
2025-01-09 01:00:00+00:00,2025-01-09 02:16:00+00:00,LONG,1.03131,1.03181,45.88,TP,False,20,2,0,2025-01
2025-01-09 04:30:00+00:00,2025-01-09 06:06:00+00:00,SHORT,1.03095,1.0304,50.88,TP,False,23,2,0,2025-01
2025-01-09 07:45:00+00:00,2025-01-09 08:05:00+00:00,SHORT,1.0294,1.02836,99.88,TP,False,2,3,0,2025-01
2025-01-09 14:30:00+00:00,2025-01-09 15:07:00+00:00,LONG,1.031,1.03034,-70.12,SL,False,9,3,0,2025-01
2025-01-09 19:45:00+00:00,2025-01-10 00:00:00+00:00,LONG,1.03002,1.02957,-49.12,SL,False,14,3,0,2025-01
2025-01-10 00:30:00+00:00,2025-01-10 01:09:00+00:00,LONG,1.02944,1.02985,36.88,TP,False,19,3,0,2025-01
2025-01-10 02:45:00+00:00,2025-01-10 03:12:00+00:00,SHORT,1.02993,1.03033,-44.12,SL,False,21,3,0,2025-01
2025-01-10 03:45:00+00:00,2025-01-10 04:11:00+00:00,LONG,1.03007,1.0297,-41.12,SL,False,22,3,0,2025-01
2025-01-10 04:15:00+00:00,2025-01-10 04:37:00+00:00,LONG,1.02978,1.02938,-44.12,SL,False,23,3,0,2025-01
2025-01-10 04:45:00+00:00,2025-01-10 05:36:00+00:00,LONG,1.02948,1.02902,-50.12,SL,False,23,3,0,2025-01
2025-01-10 05:45:00+00:00,2025-01-10 05:51:00+00:00,LONG,1.02927,1.02891,-40.12,SL,False,0,4,0,2025-01
2025-01-10 06:00:00+00:00,2025-01-10 06:28:00+00:00,LONG,1.02858,1.02822,-40.12,SL,False,1,4,0,2025-01
2025-01-10 06:30:00+00:00,2025-01-10 07:13:00+00:00,SHORT,1.02848,1.02896,-52.12,SL,False,1,4,0,2025-01
2025-01-10 08:00:00+00:00,2025-01-10 08:25:00+00:00,LONG,1.02971,1.03035,59.88,TP,False,3,4,0,2025-01
2025-01-10 08:30:00+00:00,2025-01-10 08:31:00+00:00,LONG,1.03015,1.03079,59.88,TP,False,3,4,0,2025-01
2025-01-10 14:00:00+00:00,2025-01-10 15:22:00+00:00,SHORT,1.02565,1.02749,-188.1,SL,False,9,4,0,2025-01
2025-01-10 17:30:00+00:00,2025-01-13 03:33:00+00:00,LONG,1.02393,1.02224,-173.09,SL,False,12,4,0,2025-01
2025-01-13 06:00:00+00:00,2025-01-13 06:08:00+00:00,SHORT,1.02194,1.02249,-59.08,SL,False,1,0,0,2025-01
2025-01-13 06:15:00+00:00,2025-01-13 06:28:00+00:00,SHORT,1.02235,1.02168,62.92,TP,False,1,0,0,2025-01
2025-01-13 07:15:00+00:00,2025-01-13 07:18:00+00:00,SHORT,1.02204,1.02126,73.92,TP,False,2,0,0,2025-01
2025-01-13 09:30:00+00:00,2025-01-13 09:47:00+00:00,LONG,1.01867,1.02006,134.92,TP,False,4,0,0,2025-01
2025-01-13 11:15:00+00:00,2025-01-13 13:25:00+00:00,LONG,1.01951,1.02089,133.92,TP,False,6,0,0,2025-01
2025-01-13 18:15:00+00:00,2025-01-13 19:53:00+00:00,LONG,1.02165,1.02085,-84.08,SL,False,13,0,0,2025-01
2025-01-13 20:15:00+00:00,2025-01-13 21:21:00+00:00,LONG,1.0213,1.02209,74.92,TP,False,15,0,0,2025-01
2025-01-13 21:30:00+00:00,2025-01-13 21:44:00+00:00,LONG,1.02225,1.02299,69.91,TP,False,16,0,0,2025-01
2025-01-13 21:45:00+00:00,2025-01-13 21:50:00+00:00,LONG,1.02278,1.02364,81.9,TP,False,16,0,0,2025-01
2025-01-13 23:00:00+00:00,2025-01-13 23:00:00+00:00,SHORT,1.02601,1.02685,-88.1,SL,False,18,0,0,2025-01
2025-01-13 23:15:00+00:00,2025-01-13 23:31:00+00:00,SHORT,1.02615,1.02714,-103.1,SL,False,18,0,0,2025-01
2025-01-13 23:45:00+00:00,2025-01-14 00:02:00+00:00,SHORT,1.02699,1.02561,133.9,TP,False,18,0,0,2025-01
2025-01-14 00:30:00+00:00,2025-01-14 07:05:00+00:00,SHORT,1.02494,1.02614,-124.1,SL,False,19,0,0,2025-01
2025-01-14 10:00:00+00:00,2025-01-14 12:08:00+00:00,SHORT,1.02596,1.02463,128.9,TP,False,5,1,0,2025-01
2025-01-14 12:30:00+00:00,2025-01-14 13:07:00+00:00,LONG,1.02532,1.02446,-90.1,SL,False,7,1,0,2025-01
2025-01-14 13:15:00+00:00,2025-01-14 13:27:00+00:00,LONG,1.02528,1.02442,-90.1,SL,False,8,1,0,2025-01
2025-01-14 18:45:00+00:00,2025-01-14 20:29:00+00:00,LONG,1.02985,1.03086,96.88,TP,False,13,1,0,2025-01
2025-01-14 21:00:00+00:00,2025-01-15 02:50:00+00:00,LONG,1.03019,1.02954,-69.12,SL,False,16,1,0,2025-01
2025-01-15 03:00:00+00:00,2025-01-15 03:05:00+00:00,SHORT,1.0297,1.03008,-42.12,SL,False,22,1,0,2025-01
2025-01-15 03:15:00+00:00,2025-01-15 05:21:00+00:00,SHORT,1.03005,1.03041,-40.12,SL,False,22,1,0,2025-01
2025-01-15 06:15:00+00:00,2025-01-15 07:02:00+00:00,LONG,1.02958,1.0291,-52.12,SL,False,1,2,0,2025-01
2025-01-15 09:00:00+00:00,2025-01-15 09:08:00+00:00,SHORT,1.02964,1.03051,-91.12,SL,False,4,2,0,2025-01
2025-01-15 09:30:00+00:00,2025-01-15 09:49:00+00:00,SHORT,1.03053,1.03132,-83.12,SL,False,4,2,0,2025-01
2025-01-15 15:15:00+00:00,2025-01-15 15:50:00+00:00,SHORT,1.03232,1.03015,212.88,TP,False,10,2,0,2025-01
2025-01-15 17:15:00+00:00,2025-01-16 12:32:00+00:00,LONG,1.02859,1.02692,-171.11,SL,False,12,2,0,2025-01
2025-01-16 13:45:00+00:00,2025-01-16 14:32:00+00:00,LONG,1.02791,1.02693,-102.11,SL,False,8,3,0,2025-01
2025-01-16 22:00:00+00:00,2025-01-17 01:46:00+00:00,SHORT,1.03026,1.03077,-55.12,SL,False,17,3,0,2025-01
2025-01-17 03:00:00+00:00,2025-01-17 04:19:00+00:00,SHORT,1.03033,1.02984,44.88,TP,False,22,3,0,2025-01
2025-01-17 04:45:00+00:00,2025-01-17 05:41:00+00:00,LONG,1.02933,1.029,-37.12,SL,False,23,3,0,2025-01
2025-01-17 05:45:00+00:00,2025-01-17 05:58:00+00:00,SHORT,1.02895,1.02929,-38.12,SL,False,0,4,0,2025-01
2025-01-17 06:45:00+00:00,2025-01-17 07:14:00+00:00,SHORT,1.02879,1.02832,42.88,TP,False,1,4,0,2025-01
2025-01-17 08:00:00+00:00,2025-01-17 08:05:00+00:00,SHORT,1.02845,1.029,-59.12,SL,False,3,4,0,2025-01
2025-01-17 08:45:00+00:00,2025-01-17 09:04:00+00:00,LONG,1.02961,1.03031,65.88,TP,False,3,4,0,2025-01
2025-01-17 16:15:00+00:00,2025-01-17 19:40:00+00:00,LONG,1.02905,1.02736,-173.11,SL,False,11,4,0,2025-01
2025-01-17 21:30:00+00:00,2025-01-19 22:16:00+00:00,SHORT,1.02718,1.02792,-78.11,SL,False,16,4,0,2025-01
2025-01-19 22:45:00+00:00,2025-01-19 22:57:00+00:00,LONG,1.02756,1.02847,86.88,TP,False,17,6,0,2025-01
2025-01-19 23:00:00+00:00,2025-01-19 23:01:00+00:00,LONG,1.02805,1.02747,-62.11,SL,False,18,6,0,2025-01
2025-01-19 23:15:00+00:00,2025-01-19 23:59:00+00:00,LONG,1.02713,1.02795,77.89,TP,False,18,6,0,2025-01
2025-01-20 00:15:00+00:00,2025-01-20 00:30:00+00:00,LONG,1.02901,1.02825,-80.12,SL,False,19,6,0,2025-01
2025-01-20 00:30:00+00:00,2025-01-20 01:59:00+00:00,LONG,1.0283,1.02929,94.88,TP,False,19,6,0,2025-01
2025-01-20 03:30:00+00:00,2025-01-20 03:32:00+00:00,SHORT,1.02955,1.03006,-55.12,SL,False,22,6,0,2025-01
2025-01-20 07:00:00+00:00,2025-01-20 07:43:00+00:00,SHORT,1.03105,1.03168,-67.12,SL,False,2,0,0,2025-01
2025-01-20 07:45:00+00:00,2025-01-20 08:28:00+00:00,SHORT,1.03174,1.0307,99.88,TP,False,2,0,0,2025-01
2025-01-20 09:30:00+00:00,2025-01-20 10:18:00+00:00,LONG,1.03093,1.03182,84.88,TP,False,4,0,0,2025-01
2025-01-20 11:30:00+00:00,2025-01-20 13:20:00+00:00,LONG,1.03214,1.03138,-80.12,SL,False,6,0,0,2025-01
2025-01-20 13:45:00+00:00,2025-01-20 13:50:00+00:00,SHORT,1.03807,1.03962,-159.16,SL,False,8,0,0,2025-01
2025-01-20 14:15:00+00:00,2025-01-20 14:42:00+00:00,SHORT,1.03899,1.04189,-294.16,SL,False,9,0,0,2025-01
2025-01-20 15:30:00+00:00,2025-01-20 17:15:00+00:00,SHORT,1.04034,1.03759,270.84,TP,False,10,0,0,2025-01
2025-01-20 18:30:00+00:00,2025-01-20 19:46:00+00:00,LONG,1.03859,1.04067,203.84,TP,False,13,0,0,2025-01
2025-01-20 20:15:00+00:00,2025-01-20 20:27:00+00:00,SHORT,1.04289,1.04128,156.83,TP,False,15,0,0,2025-01
2025-01-20 20:45:00+00:00,2025-01-21 00:07:00+00:00,SHORT,1.0415,1.04295,-149.17,SL,False,15,0,0,2025-01
2025-01-21 00:45:00+00:00,2025-01-21 00:51:00+00:00,LONG,1.04223,1.03864,-363.16,SL,False,19,0,0,2025-01
2025-01-21 01:00:00+00:00,2025-01-21 01:12:00+00:00,LONG,1.03623,1.03808,180.85,TP,False,20,0,0,2025-01
2025-01-21 01:15:00+00:00,2025-01-21 01:28:00+00:00,LONG,1.03704,1.03977,268.85,TP,False,20,0,0,2025-01
2025-01-21 01:30:00+00:00,2025-01-21 01:45:00+00:00,LONG,1.03843,1.03643,-204.15,SL,False,20,0,0,2025-01
2025-01-21 02:00:00+00:00,2025-01-21 03:11:00+00:00,LONG,1.03703,1.03935,227.85,TP,False,21,0,0,2025-01
2025-01-21 08:15:00+00:00,2025-01-21 08:38:00+00:00,SHORT,1.03687,1.03574,108.86,TP,False,3,1,0,2025-01
2025-01-21 08:45:00+00:00,2025-01-21 08:51:00+00:00,LONG,1.03535,1.03652,112.86,TP,False,3,1,0,2025-01
2025-01-21 09:00:00+00:00,2025-01-21 09:35:00+00:00,LONG,1.03608,1.03499,-113.14,SL,False,4,1,0,2025-01
2025-01-21 09:45:00+00:00,2025-01-21 10:37:00+00:00,LONG,1.03462,1.03594,127.86,TP,False,4,1,0,2025-01
2025-01-21 11:30:00+00:00,2025-01-21 13:16:00+00:00,LONG,1.03498,1.03609,106.86,TP,False,6,1,0,2025-01
2025-01-21 15:45:00+00:00,2025-01-21 16:30:00+00:00,SHORT,1.04024,1.04161,-141.16,SL,False,10,1,0,2025-01
2025-01-21 21:15:00+00:00,2025-01-21 22:42:00+00:00,LONG,1.04238,1.0434,97.83,TP,False,16,1,0,2025-01
2025-01-22 00:00:00+00:00,2025-01-22 00:11:00+00:00,LONG,1.04058,1.04192,129.84,TP,False,19,1,0,2025-01
2025-01-22 00:15:00+00:00,2025-01-22 02:05:00+00:00,LONG,1.04174,1.04072,-106.16,SL,False,19,1,0,2025-01
2025-01-22 04:45:00+00:00,2025-01-22 05:22:00+00:00,SHORT,1.04176,1.04117,54.84,TP,False,23,1,0,2025-01
2025-01-22 05:30:00+00:00,2025-01-22 06:04:00+00:00,LONG,1.04116,1.04183,62.84,TP,False,0,2,0,2025-01
2025-01-22 09:45:00+00:00,2025-01-22 10:00:00+00:00,LONG,1.04362,1.04473,106.82,TP,False,4,2,0,2025-01
2025-01-22 12:00:00+00:00,2025-01-22 12:28:00+00:00,SHORT,1.04429,1.04316,108.82,TP,False,7,2,0,2025-01
2025-01-22 17:30:00+00:00,2025-01-22 19:20:00+00:00,LONG,1.04133,1.04224,86.84,TP,False,12,2,0,2025-01
2025-01-22 21:45:00+00:00,2025-01-23 01:12:00+00:00,SHORT,1.0409,1.04135,-49.16,SL,False,16,2,0,2025-01
2025-01-23 07:15:00+00:00,2025-01-23 08:40:00+00:00,LONG,1.03963,1.03902,-65.16,SL,False,2,3,0,2025-01
2025-01-23 13:30:00+00:00,2025-01-23 14:18:00+00:00,LONG,1.04066,1.04161,90.84,TP,False,8,3,0,2025-01
2025-01-23 22:00:00+00:00,2025-01-24 00:46:00+00:00,LONG,1.04158,1.04231,68.84,TP,False,17,3,0,2025-01
2025-01-24 02:00:00+00:00,2025-01-24 02:13:00+00:00,LONG,1.04158,1.04206,43.84,TP,False,21,3,0,2025-01
2025-01-24 02:15:00+00:00,2025-01-24 02:15:00+00:00,LONG,1.0431,1.04246,-68.17,SL,False,21,3,0,2025-01
2025-01-24 02:45:00+00:00,2025-01-24 03:25:00+00:00,SHORT,1.04477,1.04367,105.82,TP,False,21,3,0,2025-01
2025-01-24 03:30:00+00:00,2025-01-24 04:15:00+00:00,LONG,1.0441,1.04502,87.82,TP,False,22,3,0,2025-01
2025-01-24 04:15:00+00:00,2025-01-24 06:38:00+00:00,LONG,1.04501,1.046,94.82,TP,False,23,3,0,2025-01
2025-01-24 08:15:00+00:00,2025-01-24 08:16:00+00:00,SHORT,1.04773,1.04903,-134.2,SL,False,3,4,0,2025-01
2025-01-24 08:30:00+00:00,2025-01-24 08:31:00+00:00,SHORT,1.0479,1.04914,-128.2,SL,False,3,4,0,2025-01
2025-01-24 08:45:00+00:00,2025-01-24 09:19:00+00:00,SHORT,1.04898,1.05038,-144.2,SL,False,3,4,0,2025-01
2025-01-24 10:00:00+00:00,2025-01-24 12:10:00+00:00,SHORT,1.04944,1.04787,152.8,TP,False,5,4,0,2025-01
2025-01-24 14:45:00+00:00,2025-01-24 14:46:00+00:00,LONG,1.04775,1.04934,154.8,TP,False,9,4,0,2025-01
2025-01-24 16:30:00+00:00,2025-01-24 18:38:00+00:00,SHORT,1.05138,1.05008,125.8,TP,False,11,4,0,2025-01
2025-01-24 21:00:00+00:00,2025-01-26 22:16:00+00:00,LONG,1.04947,1.04811,-140.2,SL,False,16,4,0,2025-01
2025-01-26 22:30:00+00:00,2025-01-26 23:05:00+00:00,LONG,1.04833,1.04768,-69.2,SL,False,17,6,0,2025-01
2025-01-26 23:15:00+00:00,2025-01-26 23:26:00+00:00,LONG,1.0476,1.04708,-56.19,SL,False,18,6,0,2025-01
2025-01-26 23:30:00+00:00,2025-01-26 23:56:00+00:00,LONG,1.04728,1.04651,-81.18,SL,False,18,6,0,2025-01
2025-01-27 00:00:00+00:00,2025-01-27 00:24:00+00:00,LONG,1.04676,1.04743,62.82,TP,False,19,6,0,2025-01
2025-01-27 00:30:00+00:00,2025-01-27 01:37:00+00:00,SHORT,1.04742,1.04656,81.82,TP,False,19,6,0,2025-01
2025-01-27 06:00:00+00:00,2025-01-27 06:49:00+00:00,SHORT,1.04629,1.04571,53.82,TP,False,1,0,0,2025-01
2025-01-27 07:45:00+00:00,2025-01-27 07:56:00+00:00,SHORT,1.04705,1.04622,78.82,TP,False,2,0,0,2025-01
2025-01-27 08:15:00+00:00,2025-01-27 08:47:00+00:00,LONG,1.04717,1.04825,103.81,TP,False,3,0,0,2025-01
2025-01-27 11:15:00+00:00,2025-01-27 12:55:00+00:00,SHORT,1.0514,1.05283,-147.21,SL,False,6,0,0,2025-01
2025-01-27 13:00:00+00:00,2025-01-27 13:09:00+00:00,SHORT,1.05214,1.05333,-123.21,SL,False,8,0,0,2025-01
2025-01-27 13:15:00+00:00,2025-01-27 13:26:00+00:00,SHORT,1.05227,1.05108,114.8,TP,False,8,0,0,2025-01
2025-01-27 15:00:00+00:00,2025-01-27 15:40:00+00:00,SHORT,1.05093,1.04969,119.8,TP,False,10,0,0,2025-01
2025-01-27 16:15:00+00:00,2025-01-27 16:40:00+00:00,SHORT,1.05052,1.04918,129.8,TP,False,11,0,0,2025-01
2025-01-27 18:30:00+00:00,2025-01-27 20:41:00+00:00,LONG,1.04846,1.04946,95.8,TP,False,13,0,0,2025-01
2025-01-27 20:45:00+00:00,2025-01-27 21:02:00+00:00,SHORT,1.04939,1.04859,75.8,TP,False,15,0,0,2025-01
2025-01-27 21:15:00+00:00,2025-01-27 23:03:00+00:00,SHORT,1.04898,1.04817,76.8,TP,False,16,0,0,2025-01
2025-01-27 23:30:00+00:00,2025-01-27 23:34:00+00:00,LONG,1.04459,1.0436,-103.18,SL,False,18,0,0,2025-01
2025-01-27 23:45:00+00:00,2025-01-28 01:16:00+00:00,LONG,1.04407,1.04534,122.82,TP,False,18,0,0,2025-01
2025-01-28 01:30:00+00:00,2025-01-28 01:59:00+00:00,LONG,1.0455,1.04299,-255.18,SL,False,20,0,0,2025-01
2025-01-28 02:00:00+00:00,2025-01-28 02:07:00+00:00,LONG,1.04379,1.04244,-139.17,SL,False,21,0,0,2025-01
2025-01-28 02:15:00+00:00,2025-01-28 12:05:00+00:00,LONG,1.04298,1.04155,-147.17,SL,False,21,0,0,2025-01
2025-01-28 12:15:00+00:00,2025-01-28 13:31:00+00:00,LONG,1.04195,1.04299,99.83,TP,False,7,1,0,2025-01
2025-01-28 21:15:00+00:00,2025-01-28 23:12:00+00:00,SHORT,1.04332,1.04269,58.82,TP,False,16,1,0,2025-01
2025-01-29 03:00:00+00:00,2025-01-29 03:46:00+00:00,SHORT,1.04339,1.04382,-47.18,SL,False,22,1,0,2025-01
2025-01-29 08:00:00+00:00,2025-01-29 08:07:00+00:00,LONG,1.04161,1.04237,71.84,TP,False,3,2,0,2025-01
2025-01-29 09:30:00+00:00,2025-01-29 09:54:00+00:00,LONG,1.04138,1.0406,-82.16,SL,False,4,2,0,2025-01
2025-01-29 11:00:00+00:00,2025-01-29 13:12:00+00:00,SHORT,1.04037,1.03884,148.84,TP,False,6,2,0,2025-01
2025-01-29 15:15:00+00:00,2025-01-29 15:41:00+00:00,LONG,1.04058,1.0416,97.84,TP,False,10,2,0,2025-01
2025-01-29 21:00:00+00:00,2025-01-29 23:45:00+00:00,LONG,1.04105,1.04262,152.83,TP,False,16,2,0,2025-01
2025-01-30 04:00:00+00:00,2025-01-30 04:32:00+00:00,LONG,1.04253,1.04206,-51.17,SL,False,23,2,0,2025-01
2025-01-30 07:15:00+00:00,2025-01-30 07:42:00+00:00,LONG,1.0413,1.04184,49.84,TP,False,2,3,0,2025-01
2025-01-30 11:30:00+00:00,2025-01-30 12:50:00+00:00,SHORT,1.03943,1.04042,-103.16,SL,False,6,3,0,2025-01
2025-01-30 13:00:00+00:00,2025-01-30 13:22:00+00:00,SHORT,1.04033,1.04113,-84.16,SL,False,8,3,0,2025-01
2025-01-30 14:15:00+00:00,2025-01-30 16:50:00+00:00,SHORT,1.04383,1.04171,207.83,TP,False,9,3,0,2025-01
2025-01-30 20:00:00+00:00,2025-01-30 20:37:00+00:00,SHORT,1.04279,1.04165,109.83,TP,False,15,3,0,2025-01
2025-01-30 22:00:00+00:00,2025-01-31 01:28:00+00:00,LONG,1.0391,1.03772,-142.16,SL,False,17,3,0,2025-01
2025-01-31 04:00:00+00:00,2025-01-31 06:31:00+00:00,LONG,1.03852,1.03915,58.84,TP,False,23,3,0,2025-01
2025-01-31 08:15:00+00:00,2025-01-31 08:23:00+00:00,LONG,1.0399,1.03905,-89.16,SL,False,3,4,0,2025-01
2025-01-31 10:00:00+00:00,2025-01-31 11:25:00+00:00,LONG,1.03838,1.03723,-119.15,SL,False,5,4,0,2025-01
2025-01-31 16:00:00+00:00,2025-01-31 17:10:00+00:00,LONG,1.03964,1.0421,241.84,TP,False,11,4,0,2025-01
2025-01-31 17:15:00+00:00,2025-01-31 18:20:00+00:00,SHORT,1.04255,1.03933,317.83,TP,False,12,4,0,2025-01
2025-02-02 22:30:00+00:00,2025-02-03 00:23:00+00:00,LONG,1.0251,1.02171,-343.09,SL,False,17,6,0,2025-02
2025-02-03 00:30:00+00:00,2025-02-03 03:37:00+00:00,LONG,1.02368,1.02128,-244.09,SL,False,19,6,0,2025-02
2025-02-03 03:45:00+00:00,2025-02-03 04:02:00+00:00,LONG,1.02151,1.02374,218.91,TP,False,22,6,0,2025-02
2025-02-03 06:00:00+00:00,2025-02-03 06:43:00+00:00,LONG,1.02405,1.02516,106.9,TP,False,1,0,0,2025-02
2025-02-03 07:45:00+00:00,2025-02-03 07:50:00+00:00,LONG,1.0229,1.02416,121.9,TP,False,2,0,0,2025-02
2025-02-03 13:15:00+00:00,2025-02-03 13:42:00+00:00,SHORT,1.02778,1.02619,154.89,TP,False,8,0,0,2025-02
2025-02-03 15:45:00+00:00,2025-02-03 16:04:00+00:00,SHORT,1.03278,1.02946,327.87,TP,False,10,0,0,2025-02
2025-02-03 16:15:00+00:00,2025-02-03 16:57:00+00:00,SHORT,1.03174,1.02822,347.88,TP,False,11,0,0,2025-02
2025-02-03 18:00:00+00:00,2025-02-03 20:39:00+00:00,SHORT,1.02798,1.02995,-201.12,SL,False,13,0,0,2025-02
2025-02-03 21:15:00+00:00,2025-02-03 21:20:00+00:00,SHORT,1.02938,1.03047,-113.12,SL,False,16,0,0,2025-02
2025-02-03 21:30:00+00:00,2025-02-03 21:37:00+00:00,SHORT,1.03075,1.03298,-227.13,SL,False,16,0,0,2025-02
2025-02-03 21:45:00+00:00,2025-02-03 23:10:00+00:00,SHORT,1.03383,1.03518,-139.14,SL,False,16,0,0,2025-02
2025-02-03 23:15:00+00:00,2025-02-03 23:44:00+00:00,SHORT,1.03459,1.03316,138.86,TP,False,18,0,0,2025-02
2025-02-04 00:00:00+00:00,2025-02-04 00:48:00+00:00,LONG,1.0328,1.03174,-110.13,SL,False,19,0,0,2025-02
2025-02-04 01:15:00+00:00,2025-02-04 01:55:00+00:00,LONG,1.0312,1.0322,95.88,TP,False,20,0,0,2025-02
2025-02-04 05:00:00+00:00,2025-02-04 05:02:00+00:00,LONG,1.03061,1.03006,-59.12,SL,False,0,1,0,2025-02
2025-02-04 05:15:00+00:00,2025-02-04 05:32:00+00:00,LONG,1.02794,1.02886,87.88,TP,False,0,1,0,2025-02
2025-02-04 05:45:00+00:00,2025-02-04 06:59:00+00:00,LONG,1.02934,1.03071,132.88,TP,False,0,1,0,2025-02
2025-02-04 08:00:00+00:00,2025-02-04 08:16:00+00:00,LONG,1.03114,1.03218,99.88,TP,False,3,1,0,2025-02
2025-02-04 08:30:00+00:00,2025-02-04 09:12:00+00:00,LONG,1.0332,1.03444,119.86,TP,False,3,1,0,2025-02
2025-02-04 09:15:00+00:00,2025-02-04 10:34:00+00:00,SHORT,1.03421,1.03299,117.86,TP,False,4,1,0,2025-02
2025-02-04 15:30:00+00:00,2025-02-04 15:37:00+00:00,SHORT,1.03709,1.03849,-144.15,SL,False,10,1,0,2025-02
2025-02-04 18:45:00+00:00,2025-02-04 22:41:00+00:00,SHORT,1.03854,1.03741,108.85,TP,False,13,1,0,2025-02
2025-02-04 23:00:00+00:00,2025-02-04 23:58:00+00:00,SHORT,1.03785,1.03722,58.85,TP,False,18,1,0,2025-02
2025-02-05 03:00:00+00:00,2025-02-05 04:31:00+00:00,SHORT,1.03844,1.03778,61.84,TP,False,22,1,0,2025-02
2025-02-05 04:45:00+00:00,2025-02-05 05:34:00+00:00,LONG,1.03781,1.03733,-52.15,SL,False,23,1,0,2025-02
2025-02-05 05:45:00+00:00,2025-02-05 06:11:00+00:00,LONG,1.03745,1.03794,44.85,TP,False,0,2,0,2025-02
2025-02-05 08:00:00+00:00,2025-02-05 08:23:00+00:00,LONG,1.04027,1.03933,-98.16,SL,False,3,2,0,2025-02
2025-02-05 11:00:00+00:00,2025-02-05 11:24:00+00:00,SHORT,1.04252,1.04141,106.83,TP,False,6,2,0,2025-02
2025-02-05 12:30:00+00:00,2025-02-05 13:11:00+00:00,SHORT,1.04154,1.04235,-85.16,SL,False,7,2,0,2025-02
2025-02-05 15:30:00+00:00,2025-02-05 19:51:00+00:00,SHORT,1.04204,1.04058,141.84,TP,False,10,2,0,2025-02
2025-02-05 21:45:00+00:00,2025-02-05 22:23:00+00:00,LONG,1.03987,1.04046,54.84,TP,False,16,2,0,2025-02
2025-02-05 22:30:00+00:00,2025-02-05 23:15:00+00:00,SHORT,1.04041,1.03975,61.84,TP,False,17,2,0,2025-02
2025-02-06 00:15:00+00:00,2025-02-06 00:51:00+00:00,SHORT,1.04019,1.03958,56.84,TP,False,19,2,0,2025-02
2025-02-06 01:00:00+00:00,2025-02-06 01:33:00+00:00,SHORT,1.03975,1.04025,-54.16,SL,False,20,2,0,2025-02
2025-02-06 04:15:00+00:00,2025-02-06 04:40:00+00:00,LONG,1.03922,1.0388,-46.16,SL,False,23,2,0,2025-02
2025-02-06 04:45:00+00:00,2025-02-06 06:42:00+00:00,LONG,1.03883,1.03925,37.84,TP,False,23,2,0,2025-02
2025-02-06 10:00:00+00:00,2025-02-06 14:35:00+00:00,LONG,1.03595,1.03699,99.86,TP,False,5,3,0,2025-02
2025-02-06 22:00:00+00:00,2025-02-07 00:03:00+00:00,LONG,1.03835,1.03905,65.84,TP,False,17,3,0,2025-02
2025-02-07 00:15:00+00:00,2025-02-07 00:21:00+00:00,SHORT,1.03875,1.0383,40.84,TP,False,19,3,0,2025-02
2025-02-07 04:15:00+00:00,2025-02-07 04:32:00+00:00,LONG,1.0377,1.03822,47.84,TP,False,23,3,0,2025-02
2025-02-07 08:00:00+00:00,2025-02-07 08:11:00+00:00,LONG,1.03894,1.0395,51.84,TP,False,3,4,0,2025-02
2025-02-07 08:45:00+00:00,2025-02-07 09:21:00+00:00,SHORT,1.03984,1.03921,58.84,TP,False,3,4,0,2025-02
2025-02-07 10:30:00+00:00,2025-02-07 10:47:00+00:00,LONG,1.03881,1.03808,-77.16,SL,False,5,4,0,2025-02
2025-02-07 17:00:00+00:00,2025-02-07 17:09:00+00:00,SHORT,1.03279,1.03608,-333.14,SL,False,12,4,0,2025-02
2025-02-07 17:15:00+00:00,2025-02-07 17:19:00+00:00,LONG,1.03428,1.03052,-380.13,SL,False,12,4,0,2025-02
2025-02-07 17:30:00+00:00,2025-02-09 22:16:00+00:00,LONG,1.03202,1.02967,-239.12,SL,False,12,4,0,2025-02
2025-02-09 22:30:00+00:00,2025-02-09 23:04:00+00:00,LONG,1.0296,1.03079,114.88,TP,False,17,6,0,2025-02
2025-02-09 23:15:00+00:00,2025-02-10 05:28:00+00:00,LONG,1.03083,1.03205,117.88,TP,False,18,6,0,2025-02
2025-02-10 06:30:00+00:00,2025-02-10 06:47:00+00:00,LONG,1.03144,1.03191,42.88,TP,False,1,0,0,2025-02
2025-02-10 07:30:00+00:00,2025-02-10 08:29:00+00:00,SHORT,1.03123,1.03192,-73.12,SL,False,2,0,0,2025-02
2025-02-10 09:30:00+00:00,2025-02-10 11:58:00+00:00,LONG,1.03304,1.0323,-78.13,SL,False,4,0,0,2025-02
2025-02-10 18:00:00+00:00,2025-02-10 18:54:00+00:00,LONG,1.03125,1.03068,-61.12,SL,False,13,0,0,2025-02
2025-02-10 20:15:00+00:00,2025-02-10 23:16:00+00:00,LONG,1.03073,1.03019,-58.12,SL,False,15,0,0,2025-02
2025-02-10 23:30:00+00:00,2025-02-11 00:30:00+00:00,LONG,1.03001,1.03043,37.88,TP,False,18,0,0,2025-02
2025-02-11 01:00:00+00:00,2025-02-11 01:14:00+00:00,SHORT,1.03048,1.03008,35.88,TP,False,20,0,0,2025-02
2025-02-11 02:45:00+00:00,2025-02-11 02:57:00+00:00,LONG,1.02967,1.02932,-39.12,SL,False,21,0,0,2025-02
2025-02-11 03:15:00+00:00,2025-02-11 03:27:00+00:00,SHORT,1.02932,1.02966,-38.12,SL,False,22,0,0,2025-02
2025-02-11 09:00:00+00:00,2025-02-11 10:17:00+00:00,SHORT,1.03181,1.03239,-62.12,SL,False,4,1,0,2025-02
2025-02-11 11:30:00+00:00,2025-02-11 12:00:00+00:00,SHORT,1.0317,1.03229,-63.12,SL,False,6,1,0,2025-02
2025-02-11 17:15:00+00:00,2025-02-11 19:40:00+00:00,LONG,1.03454,1.03621,162.86,TP,False,12,1,0,2025-02
2025-02-11 21:00:00+00:00,2025-02-12 01:08:00+00:00,SHORT,1.03628,1.03542,81.86,TP,False,16,1,0,2025-02
2025-02-12 04:00:00+00:00,2025-02-12 04:54:00+00:00,SHORT,1.03622,1.03572,45.86,TP,False,23,1,0,2025-02
2025-02-12 05:00:00+00:00,2025-02-12 06:15:00+00:00,SHORT,1.03564,1.03602,-42.14,SL,False,0,2,0,2025-02
2025-02-12 08:00:00+00:00,2025-02-12 08:58:00+00:00,SHORT,1.0376,1.03683,72.85,TP,False,3,2,0,2025-02
2025-02-12 09:15:00+00:00,2025-02-12 10:08:00+00:00,LONG,1.0368,1.03764,79.85,TP,False,4,2,0,2025-02
2025-02-12 15:00:00+00:00,2025-02-12 15:19:00+00:00,LONG,1.03503,1.0338,-127.14,SL,False,10,2,0,2025-02
2025-02-12 17:00:00+00:00,2025-02-12 17:14:00+00:00,SHORT,1.03913,1.04167,-258.16,SL,False,12,2,0,2025-02
2025-02-12 17:15:00+00:00,2025-02-12 18:01:00+00:00,SHORT,1.04111,1.04299,-192.17,SL,False,12,2,0,2025-02
2025-02-13 00:00:00+00:00,2025-02-13 00:43:00+00:00,LONG,1.03923,1.03999,71.84,TP,False,19,2,0,2025-02
2025-02-13 01:00:00+00:00,2025-02-13 01:45:00+00:00,LONG,1.03898,1.03973,70.84,TP,False,20,2,0,2025-02
2025-02-13 01:45:00+00:00,2025-02-13 02:32:00+00:00,LONG,1.03975,1.04057,77.84,TP,False,20,2,0,2025-02
2025-02-13 04:00:00+00:00,2025-02-13 04:07:00+00:00,LONG,1.04192,1.04278,81.83,TP,False,23,2,0,2025-02
2025-02-13 13:00:00+00:00,2025-02-13 13:31:00+00:00,LONG,1.03899,1.03754,-149.16,SL,False,8,3,0,2025-02
2025-02-13 13:45:00+00:00,2025-02-13 14:05:00+00:00,LONG,1.03995,1.03866,-133.16,SL,False,8,3,0,2025-02
2025-02-13 14:15:00+00:00,2025-02-13 15:02:00+00:00,LONG,1.03885,1.04038,148.84,TP,False,9,3,0,2025-02
2025-02-13 16:00:00+00:00,2025-02-13 18:41:00+00:00,SHORT,1.04334,1.04051,278.83,TP,False,11,3,0,2025-02
2025-02-13 19:15:00+00:00,2025-02-13 20:19:00+00:00,LONG,1.04303,1.04531,223.82,TP,False,14,3,0,2025-02
2025-02-13 22:45:00+00:00,2025-02-13 23:37:00+00:00,LONG,1.04676,1.04595,-85.18,SL,False,17,3,0,2025-02
2025-02-14 00:00:00+00:00,2025-02-14 03:04:00+00:00,LONG,1.04618,1.0455,-72.18,SL,False,19,3,0,2025-02
2025-02-14 03:15:00+00:00,2025-02-14 03:35:00+00:00,SHORT,1.04564,1.04613,-53.18,SL,False,22,3,0,2025-02
2025-02-14 03:45:00+00:00,2025-02-14 04:11:00+00:00,SHORT,1.04574,1.04625,-55.18,SL,False,22,3,0,2025-02
2025-02-14 04:15:00+00:00,2025-02-14 04:42:00+00:00,SHORT,1.04621,1.0457,46.82,TP,False,23,3,0,2025-02
2025-02-14 05:00:00+00:00,2025-02-14 05:13:00+00:00,LONG,1.0455,1.04508,-46.18,SL,False,0,4,0,2025-02
2025-02-14 05:15:00+00:00,2025-02-14 06:19:00+00:00,LONG,1.04513,1.04562,44.82,TP,False,0,4,0,2025-02
2025-02-14 06:30:00+00:00,2025-02-14 06:48:00+00:00,LONG,1.04557,1.04608,46.82,TP,False,1,4,0,2025-02
2025-02-14 08:45:00+00:00,2025-02-14 08:57:00+00:00,SHORT,1.04858,1.04772,81.8,TP,False,3,4,0,2025-02
2025-02-14 16:00:00+00:00,2025-02-14 17:06:00+00:00,SHORT,1.05085,1.04943,137.8,TP,False,11,4,0,2025-02
2025-02-14 21:00:00+00:00,2025-02-16 22:16:00+00:00,LONG,1.04922,1.0487,-56.2,SL,False,16,4,0,2025-02
2025-02-16 22:30:00+00:00,2025-02-16 23:01:00+00:00,LONG,1.0487,1.04919,44.8,TP,False,17,6,0,2025-02
2025-02-16 23:15:00+00:00,2025-02-16 23:23:00+00:00,LONG,1.04923,1.04865,-62.2,SL,False,18,6,0,2025-02
2025-02-16 23:30:00+00:00,2025-02-17 00:56:00+00:00,LONG,1.04865,1.04932,62.8,TP,False,18,6,0,2025-02
2025-02-17 03:00:00+00:00,2025-02-17 03:24:00+00:00,SHORT,1.05013,1.04951,57.8,TP,False,22,6,0,2025-02
2025-02-17 03:30:00+00:00,2025-02-17 04:12:00+00:00,SHORT,1.04957,1.04893,59.8,TP,False,22,6,0,2025-02
2025-02-17 08:15:00+00:00,2025-02-17 08:28:00+00:00,LONG,1.04813,1.0473,-87.19,SL,False,3,0,0,2025-02
2025-02-17 13:30:00+00:00,2025-02-17 13:47:00+00:00,SHORT,1.04688,1.04749,-65.18,SL,False,8,0,0,2025-02
2025-02-17 15:15:00+00:00,2025-02-17 15:53:00+00:00,LONG,1.04826,1.04769,-61.2,SL,False,10,0,0,2025-02
2025-02-17 18:15:00+00:00,2025-02-17 21:39:00+00:00,LONG,1.04798,1.0485,47.8,TP,False,13,0,0,2025-02
2025-02-18 02:15:00+00:00,2025-02-18 03:54:00+00:00,SHORT,1.04684,1.04628,51.82,TP,False,21,0,0,2025-02
2025-02-18 05:30:00+00:00,2025-02-18 06:22:00+00:00,LONG,1.04547,1.04601,49.82,TP,False,0,1,0,2025-02
2025-02-18 12:30:00+00:00,2025-02-18 12:36:00+00:00,LONG,1.04542,1.04601,54.82,TP,False,7,1,0,2025-02
2025-02-18 13:00:00+00:00,2025-02-18 13:10:00+00:00,LONG,1.04553,1.04469,-88.18,SL,False,8,1,0,2025-02
2025-02-18 13:15:00+00:00,2025-02-18 13:57:00+00:00,LONG,1.04496,1.04426,-74.18,SL,False,8,1,0,2025-02
2025-02-18 21:15:00+00:00,2025-02-19 00:13:00+00:00,LONG,1.04492,1.04439,-57.18,SL,False,16,1,0,2025-02
2025-02-19 09:45:00+00:00,2025-02-19 09:59:00+00:00,LONG,1.0435,1.04283,-71.18,SL,False,4,2,0,2025-02
2025-02-19 11:15:00+00:00,2025-02-19 11:41:00+00:00,SHORT,1.04308,1.04218,85.83,TP,False,6,2,0,2025-02
2025-02-19 17:00:00+00:00,2025-02-19 18:34:00+00:00,LONG,1.04046,1.04156,105.84,TP,False,12,2,0,2025-02
2025-02-19 22:30:00+00:00,2025-02-19 23:37:00+00:00,LONG,1.04253,1.04211,-46.17,SL,False,17,2,0,2025-02
2025-02-20 04:00:00+00:00,2025-02-20 04:32:00+00:00,SHORT,1.04313,1.04244,64.83,TP,False,23,2,0,2025-02
2025-02-20 13:15:00+00:00,2025-02-20 13:31:00+00:00,LONG,1.04445,1.0454,90.82,TP,False,8,3,0,2025-02
2025-02-20 13:45:00+00:00,2025-02-20 14:31:00+00:00,LONG,1.04478,1.04565,82.82,TP,False,8,3,0,2025-02
2025-02-20 15:15:00+00:00,2025-02-20 15:26:00+00:00,LONG,1.04553,1.04659,101.82,TP,False,10,3,0,2025-02
2025-02-20 19:15:00+00:00,2025-02-20 23:31:00+00:00,LONG,1.04966,1.05058,87.8,TP,False,14,3,0,2025-02
2025-02-21 00:00:00+00:00,2025-02-21 00:20:00+00:00,LONG,1.05004,1.0496,-48.2,SL,False,19,3,0,2025-02
2025-02-21 02:00:00+00:00,2025-02-21 02:10:00+00:00,SHORT,1.04868,1.04921,-57.2,SL,False,21,3,0,2025-02
2025-02-21 02:15:00+00:00,2025-02-21 02:55:00+00:00,LONG,1.04962,1.0502,53.8,TP,False,21,3,0,2025-02
2025-02-21 03:45:00+00:00,2025-02-21 05:09:00+00:00,SHORT,1.05014,1.04956,53.8,TP,False,22,3,0,2025-02
2025-02-21 05:30:00+00:00,2025-02-21 05:54:00+00:00,SHORT,1.04966,1.04916,45.8,TP,False,0,4,0,2025-02
2025-02-21 06:00:00+00:00,2025-02-21 06:27:00+00:00,SHORT,1.04928,1.0488,43.8,TP,False,1,4,0,2025-02
2025-02-21 08:30:00+00:00,2025-02-21 08:31:00+00:00,LONG,1.04715,1.04845,125.81,TP,False,3,4,0,2025-02
2025-02-21 10:30:00+00:00,2025-02-21 12:13:00+00:00,SHORT,1.0471,1.04621,84.82,TP,False,5,4,0,2025-02
2025-02-21 14:15:00+00:00,2025-02-21 14:46:00+00:00,SHORT,1.04753,1.04928,-179.2,SL,False,9,4,0,2025-02
2025-02-23 22:30:00+00:00,2025-02-23 22:40:00+00:00,LONG,1.04663,1.04715,47.82,TP,False,17,6,0,2025-02
2025-02-23 22:45:00+00:00,2025-02-23 22:48:00+00:00,LONG,1.04709,1.04832,118.81,TP,False,17,6,0,2025-02
2025-02-23 23:00:00+00:00,2025-02-23 23:05:00+00:00,LONG,1.04746,1.04824,73.81,TP,False,18,6,0,2025-02
2025-02-24 03:00:00+00:00,2025-02-24 04:13:00+00:00,LONG,1.05228,1.05143,-89.2,SL,False,22,6,0,2025-02
2025-02-24 06:30:00+00:00,2025-02-24 06:47:00+00:00,LONG,1.05102,1.05011,-95.2,SL,False,1,0,0,2025-02
2025-02-24 08:15:00+00:00,2025-02-24 08:20:00+00:00,LONG,1.0483,1.04697,-137.19,SL,False,3,0,0,2025-02
2025-02-24 09:30:00+00:00,2025-02-24 11:32:00+00:00,LONG,1.04747,1.0465,-101.18,SL,False,4,0,0,2025-02
2025-02-24 11:45:00+00:00,2025-02-24 12:32:00+00:00,SHORT,1.04706,1.04616,85.82,TP,False,6,0,0,2025-02
2025-02-24 13:30:00+00:00,2025-02-24 14:18:00+00:00,SHORT,1.04711,1.0462,86.82,TP,False,8,0,0,2025-02
2025-02-24 16:00:00+00:00,2025-02-24 16:56:00+00:00,LONG,1.0469,1.04781,86.81,TP,False,11,0,0,2025-02
2025-02-24 18:45:00+00:00,2025-02-24 19:28:00+00:00,LONG,1.04827,1.04742,-89.19,SL,False,13,0,0,2025-02
2025-02-24 20:45:00+00:00,2025-02-25 02:59:00+00:00,LONG,1.04662,1.04746,79.82,TP,False,15,0,0,2025-02
2025-02-25 08:30:00+00:00,2025-02-25 08:36:00+00:00,LONG,1.04676,1.04587,-93.18,SL,False,3,1,0,2025-02
2025-02-25 08:45:00+00:00,2025-02-25 09:19:00+00:00,LONG,1.04652,1.04756,99.81,TP,False,3,1,0,2025-02
2025-02-25 12:15:00+00:00,2025-02-25 13:31:00+00:00,LONG,1.04942,1.05034,87.8,TP,False,7,1,0,2025-02
2025-02-25 15:30:00+00:00,2025-02-25 15:41:00+00:00,LONG,1.05177,1.05092,-89.2,SL,False,10,1,0,2025-02
2025-02-25 18:45:00+00:00,2025-02-25 19:16:00+00:00,LONG,1.05148,1.05065,-87.2,SL,False,13,1,0,2025-02
2025-02-25 21:00:00+00:00,2025-02-26 00:15:00+00:00,LONG,1.05164,1.05241,72.8,TP,False,16,1,0,2025-02
2025-02-26 03:00:00+00:00,2025-02-26 04:17:00+00:00,SHORT,1.05064,1.05006,53.8,TP,False,22,1,0,2025-02
2025-02-26 04:30:00+00:00,2025-02-26 04:52:00+00:00,SHORT,1.05036,1.04983,48.8,TP,False,23,1,0,2025-02
2025-02-26 05:00:00+00:00,2025-02-26 05:36:00+00:00,SHORT,1.04973,1.04922,46.8,TP,False,0,2,0,2025-02
2025-02-26 05:45:00+00:00,2025-02-26 06:22:00+00:00,LONG,1.04925,1.04881,-48.2,SL,False,0,2,0,2025-02
2025-02-26 06:30:00+00:00,2025-02-26 06:37:00+00:00,LONG,1.04885,1.04937,47.8,TP,False,1,2,0,2025-02
2025-02-26 08:15:00+00:00,2025-02-26 08:26:00+00:00,SHORT,1.05015,1.0509,-79.2,SL,False,3,2,0,2025-02
2025-02-26 11:00:00+00:00,2025-02-26 11:46:00+00:00,LONG,1.04978,1.04909,-73.2,SL,False,6,2,0,2025-02
2025-02-26 17:00:00+00:00,2025-02-26 17:30:00+00:00,LONG,1.05137,1.05244,102.8,TP,False,12,2,0,2025-02
2025-02-26 22:45:00+00:00,2025-02-27 00:08:00+00:00,SHORT,1.04875,1.04805,65.8,TP,False,17,2,0,2025-02
2025-02-27 01:30:00+00:00,2025-02-27 01:47:00+00:00,LONG,1.04768,1.04824,51.8,TP,False,20,2,0,2025-02
2025-02-27 04:30:00+00:00,2025-02-27 04:39:00+00:00,SHORT,1.04658,1.04606,47.82,TP,False,23,2,0,2025-02
2025-02-27 04:45:00+00:00,2025-02-27 06:09:00+00:00,LONG,1.0463,1.04682,47.82,TP,False,23,2,0,2025-02
2025-02-27 10:00:00+00:00,2025-02-27 10:07:00+00:00,LONG,1.04842,1.04781,-65.2,SL,False,5,3,0,2025-02
2025-02-27 14:15:00+00:00,2025-02-27 14:54:00+00:00,SHORT,1.04341,1.04163,173.83,TP,False,9,3,0,2025-02
2025-02-27 15:00:00+00:00,2025-02-27 16:08:00+00:00,LONG,1.04203,1.04056,-151.16,SL,False,10,3,0,2025-02
2025-02-27 16:15:00+00:00,2025-02-27 22:50:00+00:00,LONG,1.04062,1.03932,-134.16,SL,False,11,3,0,2025-02
2025-02-28 00:00:00+00:00,2025-02-28 00:22:00+00:00,LONG,1.0394,1.0399,45.84,TP,False,19,3,0,2025-02
2025-02-28 00:30:00+00:00,2025-02-28 01:01:00+00:00,SHORT,1.03998,1.04044,-50.16,SL,False,19,3,0,2025-02
2025-02-28 02:00:00+00:00,2025-02-28 02:06:00+00:00,LONG,1.0385,1.03917,62.84,TP,False,21,3,0,2025-02
2025-02-28 02:15:00+00:00,2025-02-28 02:31:00+00:00,LONG,1.03835,1.03906,66.84,TP,False,21,3,0,2025-02
2025-02-28 02:45:00+00:00,2025-02-28 07:39:00+00:00,LONG,1.03855,1.03933,73.84,TP,False,21,3,0,2025-02
2025-02-28 16:45:00+00:00,2025-02-28 18:17:00+00:00,SHORT,1.0402,1.03845,170.84,TP,False,11,4,0,2025-02
2025-03-02 22:30:00+00:00,2025-03-02 23:09:00+00:00,LONG,1.04028,1.04136,103.84,TP,False,17,6,0,2025-03
2025-03-02 23:30:00+00:00,2025-03-03 00:04:00+00:00,SHORT,1.04154,1.04033,116.84,TP,False,18,6,0,2025-03
2025-03-03 03:00:00+00:00,2025-03-03 03:08:00+00:00,LONG,1.042,1.04131,-73.16,SL,False,22,6,0,2025-03
2025-03-03 03:15:00+00:00,2025-03-03 04:15:00+00:00,LONG,1.0412,1.04203,78.84,TP,False,22,6,0,2025-03
2025-03-03 06:30:00+00:00,2025-03-03 06:39:00+00:00,LONG,1.04145,1.04104,-45.16,SL,False,1,0,0,2025-03
2025-03-03 09:45:00+00:00,2025-03-03 09:56:00+00:00,LONG,1.04164,1.0428,111.83,TP,False,4,0,0,2025-03
2025-03-03 12:15:00+00:00,2025-03-03 12:47:00+00:00,SHORT,1.04641,1.04749,-112.18,SL,False,7,0,0,2025-03
2025-03-03 13:00:00+00:00,2025-03-03 13:17:00+00:00,LONG,1.04704,1.04609,-99.18,SL,False,8,0,0,2025-03
2025-03-03 13:45:00+00:00,2025-03-03 13:58:00+00:00,LONG,1.04761,1.04664,-101.19,SL,False,8,0,0,2025-03
2025-03-03 18:00:00+00:00,2025-03-03 18:49:00+00:00,SHORT,1.04904,1.05046,-146.2,SL,False,13,0,0,2025-03
2025-03-03 21:15:00+00:00,2025-03-04 04:03:00+00:00,SHORT,1.04868,1.04726,137.81,TP,False,16,0,0,2025-03
2025-03-04 05:15:00+00:00,2025-03-04 05:54:00+00:00,LONG,1.04786,1.04864,73.8,TP,False,0,1,0,2025-03
2025-03-04 08:00:00+00:00,2025-03-04 08:25:00+00:00,LONG,1.04933,1.05089,151.8,TP,False,3,1,0,2025-03
2025-03-04 09:15:00+00:00,2025-03-04 09:48:00+00:00,SHORT,1.05154,1.05261,-111.21,SL,False,4,1,0,2025-03
2025-03-04 10:30:00+00:00,2025-03-04 10:41:00+00:00,SHORT,1.05052,1.05159,-111.2,SL,False,5,1,0,2025-03
2025-03-04 12:15:00+00:00,2025-03-04 12:55:00+00:00,SHORT,1.05447,1.0557,-127.22,SL,False,7,1,0,2025-03
2025-03-04 13:00:00+00:00,2025-03-04 13:25:00+00:00,SHORT,1.05532,1.05394,133.78,TP,False,8,1,0,2025-03
2025-03-04 15:45:00+00:00,2025-03-04 16:22:00+00:00,SHORT,1.05218,1.0535,-136.21,SL,False,10,1,0,2025-03
2025-03-04 17:00:00+00:00,2025-03-04 18:09:00+00:00,LONG,1.05337,1.05514,172.78,TP,False,12,1,0,2025-03
2025-03-04 18:15:00+00:00,2025-03-04 18:45:00+00:00,SHORT,1.0569,1.05825,-139.23,SL,False,13,1,0,2025-03
2025-03-04 18:45:00+00:00,2025-03-04 19:03:00+00:00,SHORT,1.0582,1.05982,-166.24,SL,False,13,1,0,2025-03
2025-03-05 00:00:00+00:00,2025-03-05 00:17:00+00:00,LONG,1.06234,1.06128,-110.24,SL,False,19,1,0,2025-03
2025-03-05 00:30:00+00:00,2025-03-05 00:55:00+00:00,SHORT,1.06164,1.06275,-115.25,SL,False,19,1,0,2025-03
2025-03-05 03:00:00+00:00,2025-03-05 03:48:00+00:00,LONG,1.06042,1.06205,158.76,TP,False,22,1,0,2025-03
2025-03-05 04:45:00+00:00,2025-03-05 05:55:00+00:00,LONG,1.06215,1.06303,83.75,TP,False,23,1,0,2025-03
2025-03-05 06:45:00+00:00,2025-03-05 07:02:00+00:00,LONG,1.06295,1.06427,127.74,TP,False,1,2,0,2025-03
2025-03-05 08:00:00+00:00,2025-03-05 08:21:00+00:00,SHORT,1.06742,1.06886,-148.27,SL,False,3,2,0,2025-03
2025-03-05 09:00:00+00:00,2025-03-05 09:31:00+00:00,LONG,1.0698,1.07152,167.72,TP,False,4,2,0,2025-03
2025-03-05 11:30:00+00:00,2025-03-05 12:16:00+00:00,LONG,1.06804,1.06974,165.72,TP,False,6,2,0,2025-03
2025-03-05 15:45:00+00:00,2025-03-05 16:05:00+00:00,SHORT,1.07559,1.0777,-215.31,SL,False,10,2,0,2025-03
2025-03-05 17:00:00+00:00,2025-03-05 17:15:00+00:00,SHORT,1.0767,1.07854,-188.31,SL,False,12,2,0,2025-03
2025-03-05 17:15:00+00:00,2025-03-06 00:34:00+00:00,SHORT,1.07819,1.08013,-198.32,SL,False,12,2,0,2025-03
2025-03-06 00:45:00+00:00,2025-03-06 01:00:00+00:00,LONG,1.08002,1.07936,-70.32,SL,False,19,2,0,2025-03
2025-03-06 01:15:00+00:00,2025-03-06 01:38:00+00:00,LONG,1.07971,1.08074,98.68,TP,False,20,2,0,2025-03
2025-03-06 01:45:00+00:00,2025-03-06 02:18:00+00:00,LONG,1.0815,1.08062,-92.32,SL,False,20,2,0,2025-03
2025-03-06 04:00:00+00:00,2025-03-06 04:42:00+00:00,LONG,1.07896,1.07986,85.68,TP,False,23,2,0,2025-03
2025-03-06 04:45:00+00:00,2025-03-06 05:04:00+00:00,LONG,1.07986,1.08072,81.68,TP,False,23,2,0,2025-03
2025-03-06 05:30:00+00:00,2025-03-06 05:58:00+00:00,LONG,1.08033,1.08113,75.68,TP,False,0,3,0,2025-03
2025-03-06 07:00:00+00:00,2025-03-06 07:08:00+00:00,LONG,1.08028,1.08127,94.68,TP,False,2,3,0,2025-03
2025-03-06 07:30:00+00:00,2025-03-06 07:42:00+00:00,LONG,1.08015,1.08172,152.68,TP,False,2,3,0,2025-03
2025-03-06 07:45:00+00:00,2025-03-06 07:55:00+00:00,LONG,1.08156,1.08041,-119.32,SL,False,2,3,0,2025-03
2025-03-06 11:15:00+00:00,2025-03-06 11:26:00+00:00,LONG,1.07967,1.07831,-140.32,SL,False,6,3,0,2025-03
2025-03-06 14:45:00+00:00,2025-03-06 15:04:00+00:00,SHORT,1.08324,1.08541,-221.34,SL,False,9,3,0,2025-03
2025-03-06 16:15:00+00:00,2025-03-06 17:09:00+00:00,LONG,1.08272,1.08106,-170.33,SL,False,11,3,0,2025-03
2025-03-06 19:00:00+00:00,2025-03-06 19:43:00+00:00,LONG,1.07839,1.0803,186.68,TP,False,14,3,0,2025-03
2025-03-06 19:45:00+00:00,2025-03-06 20:41:00+00:00,LONG,1.08023,1.07886,-141.32,SL,False,14,3,0,2025-03
2025-03-06 20:45:00+00:00,2025-03-06 21:25:00+00:00,LONG,1.07878,1.07751,-131.32,SL,False,15,3,0,2025-03
2025-03-06 22:30:00+00:00,2025-03-06 23:20:00+00:00,LONG,1.07847,1.0795,98.68,TP,False,17,3,0,2025-03
2025-03-07 03:30:00+00:00,2025-03-07 03:39:00+00:00,LONG,1.08065,1.0814,70.68,TP,False,22,3,0,2025-03
2025-03-07 03:45:00+00:00,2025-03-07 05:46:00+00:00,LONG,1.08091,1.08176,80.68,TP,False,22,3,0,2025-03
2025-03-07 06:15:00+00:00,2025-03-07 06:39:00+00:00,LONG,1.08137,1.08211,69.68,TP,False,1,4,0,2025-03
2025-03-07 06:45:00+00:00,2025-03-07 07:21:00+00:00,LONG,1.0823,1.08304,69.67,TP,False,1,4,0,2025-03
2025-03-07 10:00:00+00:00,2025-03-07 11:09:00+00:00,SHORT,1.08615,1.08482,128.66,TP,False,5,4,0,2025-03
2025-03-07 14:00:00+00:00,2025-03-07 14:08:00+00:00,SHORT,1.08448,1.08642,-198.34,SL,False,9,4,0,2025-03
2025-03-07 14:30:00+00:00,2025-03-07 15:09:00+00:00,SHORT,1.08675,1.08452,218.66,TP,False,9,4,0,2025-03
2025-03-07 16:00:00+00:00,2025-03-07 16:30:00+00:00,SHORT,1.08702,1.0846,237.66,TP,False,11,4,0,2025-03
2025-03-09 21:30:00+00:00,2025-03-09 21:55:00+00:00,LONG,1.08316,1.08413,92.66,TP,False,17,6,0,2025-03
2025-03-09 22:00:00+00:00,2025-03-09 22:06:00+00:00,LONG,1.084,1.08492,87.66,TP,False,18,6,0,2025-03
2025-03-09 22:15:00+00:00,2025-03-09 22:20:00+00:00,LONG,1.08564,1.0848,-88.34,SL,False,18,6,0,2025-03
2025-03-09 22:30:00+00:00,2025-03-09 23:15:00+00:00,LONG,1.08493,1.08613,115.66,TP,False,18,6,0,2025-03
2025-03-09 23:15:00+00:00,2025-03-10 02:06:00+00:00,LONG,1.08613,1.08519,-98.34,SL,False,19,6,0,2025-03
2025-03-10 05:15:00+00:00,2025-03-10 06:01:00+00:00,SHORT,1.08312,1.08366,-58.34,SL,False,1,0,0,2025-03
2025-03-10 06:15:00+00:00,2025-03-10 07:01:00+00:00,SHORT,1.08397,1.08333,59.66,TP,False,2,0,0,2025-03
2025-03-10 07:15:00+00:00,2025-03-10 07:49:00+00:00,SHORT,1.0837,1.08251,114.66,TP,False,3,0,0,2025-03
2025-03-10 08:00:00+00:00,2025-03-10 08:12:00+00:00,LONG,1.08227,1.08109,-122.32,SL,False,4,0,0,2025-03
2025-03-10 08:15:00+00:00,2025-03-10 09:18:00+00:00,LONG,1.08116,1.08252,131.67,TP,False,4,0,0,2025-03
2025-03-10 10:15:00+00:00,2025-03-10 10:28:00+00:00,SHORT,1.08601,1.08747,-150.34,SL,False,6,0,0,2025-03
2025-03-10 11:00:00+00:00,2025-03-10 11:05:00+00:00,SHORT,1.08611,1.08276,330.66,TP,False,7,0,0,2025-03
2025-03-10 11:15:00+00:00,2025-03-10 15:43:00+00:00,LONG,1.08425,1.08241,-188.33,SL,False,7,0,0,2025-03
2025-03-10 17:30:00+00:00,2025-03-10 18:03:00+00:00,LONG,1.08367,1.08254,-117.34,SL,False,13,0,0,2025-03
2025-03-10 19:15:00+00:00,2025-03-10 20:01:00+00:00,LONG,1.0822,1.08344,119.67,TP,False,15,0,0,2025-03
2025-03-10 20:45:00+00:00,2025-03-10 22:18:00+00:00,LONG,1.083,1.08405,100.66,TP,False,16,0,0,2025-03
2025-03-10 23:00:00+00:00,2025-03-10 23:04:00+00:00,SHORT,1.08348,1.08404,-60.34,SL,False,19,0,0,2025-03
2025-03-10 23:30:00+00:00,2025-03-11 00:09:00+00:00,LONG,1.08423,1.08488,60.66,TP,False,19,0,0,2025-03
2025-03-11 01:00:00+00:00,2025-03-11 01:05:00+00:00,LONG,1.08516,1.08449,-71.34,SL,False,21,0,0,2025-03
2025-03-11 02:00:00+00:00,2025-03-11 02:46:00+00:00,LONG,1.08581,1.08512,-73.34,SL,False,22,0,0,2025-03
2025-03-11 07:15:00+00:00,2025-03-11 07:40:00+00:00,LONG,1.08722,1.08867,140.65,TP,False,3,1,0,2025-03
2025-03-11 09:00:00+00:00,2025-03-11 09:19:00+00:00,SHORT,1.0917,1.09016,149.64,TP,False,5,1,0,2025-03
2025-03-11 09:30:00+00:00,2025-03-11 09:51:00+00:00,SHORT,1.0905,1.09198,-152.36,SL,False,5,1,0,2025-03
2025-03-11 10:15:00+00:00,2025-03-11 12:05:00+00:00,SHORT,1.08952,1.09096,-148.36,SL,False,6,1,0,2025-03
2025-03-11 16:00:00+00:00,2025-03-11 18:03:00+00:00,LONG,1.09272,1.09408,131.62,TP,False,12,1,0,2025-03
2025-03-11 20:30:00+00:00,2025-03-12 02:54:00+00:00,LONG,1.09123,1.09043,-84.36,SL,False,16,1,0,2025-03
2025-03-12 03:00:00+00:00,2025-03-12 03:23:00+00:00,SHORT,1.0904,1.08985,50.64,TP,False,23,1,0,2025-03
2025-03-12 03:45:00+00:00,2025-03-12 04:27:00+00:00,LONG,1.08973,1.09026,48.64,TP,False,23,1,0,2025-03
2025-03-12 04:30:00+00:00,2025-03-12 05:01:00+00:00,SHORT,1.09016,1.08964,47.64,TP,False,0,2,0,2025-03
2025-03-12 05:45:00+00:00,2025-03-12 06:08:00+00:00,SHORT,1.09014,1.09059,-49.36,SL,False,1,2,0,2025-03
2025-03-12 07:15:00+00:00,2025-03-12 07:22:00+00:00,LONG,1.08957,1.089,-61.36,SL,False,3,2,0,2025-03
2025-03-12 07:30:00+00:00,2025-03-12 07:43:00+00:00,LONG,1.08949,1.09023,69.64,TP,False,3,2,0,2025-03
2025-03-12 07:45:00+00:00,2025-03-12 07:50:00+00:00,LONG,1.08998,1.08914,-88.36,SL,False,3,2,0,2025-03
2025-03-12 16:30:00+00:00,2025-03-12 18:17:00+00:00,LONG,1.09156,1.09005,-155.36,SL,False,12,2,0,2025-03
2025-03-12 22:45:00+00:00,2025-03-12 23:46:00+00:00,SHORT,1.08892,1.08839,48.64,TP,False,18,2,0,2025-03
2025-03-13 00:30:00+00:00,2025-03-13 00:50:00+00:00,SHORT,1.08851,1.08885,-38.36,SL,False,20,2,0,2025-03
2025-03-13 03:15:00+00:00,2025-03-13 04:01:00+00:00,SHORT,1.08888,1.08831,52.64,TP,False,23,2,0,2025-03
2025-03-13 04:30:00+00:00,2025-03-13 05:19:00+00:00,LONG,1.08897,1.0882,-81.36,SL,False,0,3,0,2025-03
2025-03-13 09:00:00+00:00,2025-03-13 09:24:00+00:00,SHORT,1.08733,1.08841,-112.35,SL,False,5,3,0,2025-03
2025-03-13 12:00:00+00:00,2025-03-13 12:00:00+00:00,LONG,1.08564,1.08449,-119.34,SL,False,8,3,0,2025-03
2025-03-13 12:00:00+00:00,2025-03-13 12:10:00+00:00,LONG,1.08564,1.08448,-120.34,SL,False,8,3,0,2025-03
2025-03-13 12:15:00+00:00,2025-03-13 12:31:00+00:00,LONG,1.08568,1.0878,207.65,TP,False,8,3,0,2025-03
2025-03-13 12:45:00+00:00,2025-03-13 13:11:00+00:00,LONG,1.0839,1.08255,-139.34,SL,False,8,3,0,2025-03
2025-03-13 13:15:00+00:00,2025-03-13 13:34:00+00:00,LONG,1.08231,1.08417,181.67,TP,False,9,3,0,2025-03
2025-03-13 13:45:00+00:00,2025-03-13 14:04:00+00:00,LONG,1.08429,1.08616,182.66,TP,False,9,3,0,2025-03
2025-03-13 18:30:00+00:00,2025-03-13 20:28:00+00:00,LONG,1.0856,1.08465,-99.34,SL,False,14,3,0,2025-03
2025-03-14 01:15:00+00:00,2025-03-14 02:07:00+00:00,LONG,1.08455,1.08402,-57.34,SL,False,21,3,0,2025-03
2025-03-14 02:15:00+00:00,2025-03-14 02:26:00+00:00,SHORT,1.08411,1.08349,57.66,TP,False,22,3,0,2025-03
2025-03-14 02:30:00+00:00,2025-03-14 03:03:00+00:00,SHORT,1.08354,1.08408,-58.34,SL,False,22,3,0,2025-03
2025-03-14 03:15:00+00:00,2025-03-14 03:23:00+00:00,SHORT,1.08387,1.08434,-51.34,SL,False,23,3,0,2025-03
2025-03-14 03:45:00+00:00,2025-03-14 04:40:00+00:00,SHORT,1.08445,1.08384,56.66,TP,False,23,3,0,2025-03
2025-03-14 07:00:00+00:00,2025-03-14 07:15:00+00:00,LONG,1.08386,1.08458,67.66,TP,False,3,4,0,2025-03
2025-03-14 07:45:00+00:00,2025-03-14 07:57:00+00:00,LONG,1.08313,1.08414,96.66,TP,False,3,4,0,2025-03
2025-03-14 09:00:00+00:00,2025-03-14 10:08:00+00:00,LONG,1.08539,1.08672,128.66,TP,False,5,4,0,2025-03
2025-03-14 10:15:00+00:00,2025-03-14 10:24:00+00:00,LONG,1.08621,1.08734,108.66,TP,False,6,4,0,2025-03
2025-03-14 10:45:00+00:00,2025-03-14 10:47:00+00:00,SHORT,1.08901,1.0909,-193.36,SL,False,6,4,0,2025-03
2025-03-14 13:00:00+00:00,2025-03-14 13:49:00+00:00,SHORT,1.08947,1.08771,171.64,TP,False,9,4,0,2025-03
2025-03-14 16:15:00+00:00,2025-03-17 04:07:00+00:00,SHORT,1.08814,1.08939,-129.36,SL,False,12,4,0,2025-03
2025-03-17 06:00:00+00:00,2025-03-17 06:25:00+00:00,LONG,1.08777,1.08839,57.64,TP,False,2,0,0,2025-03
2025-03-17 08:15:00+00:00,2025-03-17 09:40:00+00:00,LONG,1.08833,1.08949,111.64,TP,False,4,0,0,2025-03
2025-03-17 12:45:00+00:00,2025-03-17 12:55:00+00:00,LONG,1.08886,1.0899,99.64,TP,False,8,0,0,2025-03
2025-03-17 13:15:00+00:00,2025-03-17 14:06:00+00:00,SHORT,1.09016,1.09113,-101.36,SL,False,9,0,0,2025-03
2025-03-17 19:30:00+00:00,2025-03-17 20:39:00+00:00,LONG,1.09208,1.09277,64.63,TP,False,15,0,0,2025-03
2025-03-18 08:15:00+00:00,2025-03-18 10:27:00+00:00,SHORT,1.09472,1.09373,94.62,TP,False,4,1,0,2025-03
2025-03-18 10:45:00+00:00,2025-03-18 11:50:00+00:00,SHORT,1.09344,1.09229,110.63,TP,False,6,1,0,2025-03
2025-03-18 12:45:00+00:00,2025-03-18 13:06:00+00:00,LONG,1.09065,1.09188,118.64,TP,False,8,1,0,2025-03
2025-03-18 16:15:00+00:00,2025-03-18 17:04:00+00:00,LONG,1.09295,1.09451,151.62,TP,False,12,1,0,2025-03
2025-03-18 17:15:00+00:00,2025-03-19 00:44:00+00:00,SHORT,1.09447,1.09322,120.62,TP,False,13,1,0,2025-03
2025-03-19 04:30:00+00:00,2025-03-19 04:56:00+00:00,SHORT,1.09333,1.09282,46.62,TP,False,0,2,0,2025-03
2025-03-19 05:00:00+00:00,2025-03-19 05:06:00+00:00,SHORT,1.09299,1.09342,-47.38,SL,False,1,2,0,2025-03
2025-03-19 05:15:00+00:00,2025-03-19 06:05:00+00:00,SHORT,1.09344,1.09298,41.62,TP,False,1,2,0,2025-03
2025-03-19 07:45:00+00:00,2025-03-19 07:53:00+00:00,LONG,1.08826,1.08951,120.64,TP,False,3,2,0,2025-03
2025-03-19 08:00:00+00:00,2025-03-19 08:04:00+00:00,LONG,1.08927,1.09068,136.64,TP,False,4,2,0,2025-03
2025-03-19 08:15:00+00:00,2025-03-19 12:05:00+00:00,LONG,1.0899,1.09143,148.64,TP,False,4,2,0,2025-03
2025-03-19 16:00:00+00:00,2025-03-19 17:26:00+00:00,LONG,1.08769,1.08674,-99.35,SL,False,12,2,0,2025-03
2025-03-19 22:45:00+00:00,2025-03-20 00:07:00+00:00,LONG,1.09081,1.09157,71.64,TP,False,18,2,0,2025-03
2025-03-20 00:30:00+00:00,2025-03-20 00:31:00+00:00,LONG,1.09084,1.09038,-50.36,SL,False,20,2,0,2025-03
2025-03-20 00:45:00+00:00,2025-03-20 01:04:00+00:00,LONG,1.09133,1.09078,-59.36,SL,False,20,2,0,2025-03
2025-03-20 04:30:00+00:00,2025-03-20 04:43:00+00:00,SHORT,1.09089,1.09031,53.64,TP,False,0,3,0,2025-03
2025-03-20 06:15:00+00:00,2025-03-20 06:27:00+00:00,SHORT,1.08982,1.08925,52.64,TP,False,2,3,0,2025-03
2025-03-20 06:30:00+00:00,2025-03-20 07:17:00+00:00,SHORT,1.08938,1.08874,59.64,TP,False,2,3,0,2025-03
2025-03-20 09:30:00+00:00,2025-03-20 09:42:00+00:00,LONG,1.08408,1.0854,127.66,TP,False,5,3,0,2025-03
2025-03-20 10:15:00+00:00,2025-03-20 12:13:00+00:00,LONG,1.0842,1.08559,134.66,TP,False,6,3,0,2025-03
2025-03-20 12:30:00+00:00,2025-03-20 12:57:00+00:00,LONG,1.08418,1.08308,-114.34,SL,False,8,3,0,2025-03
2025-03-20 13:00:00+00:00,2025-03-20 13:29:00+00:00,LONG,1.0834,1.08226,-118.33,SL,False,9,3,0,2025-03
2025-03-20 13:30:00+00:00,2025-03-20 14:05:00+00:00,LONG,1.08227,1.08353,121.67,TP,False,9,3,0,2025-03
2025-03-20 14:30:00+00:00,2025-03-20 15:25:00+00:00,LONG,1.08273,1.08418,140.66,TP,False,10,3,0,2025-03
2025-03-20 21:00:00+00:00,2025-03-20 21:29:00+00:00,LONG,1.08503,1.08557,49.66,TP,False,17,3,0,2025-03
2025-03-20 21:30:00+00:00,2025-03-21 00:22:00+00:00,LONG,1.08559,1.08508,-55.34,SL,False,17,3,0,2025-03
2025-03-21 01:15:00+00:00,2025-03-21 01:23:00+00:00,LONG,1.08513,1.08553,35.66,TP,False,21,3,0,2025-03
2025-03-21 03:00:00+00:00,2025-03-21 03:30:00+00:00,LONG,1.08443,1.08396,-51.34,SL,False,23,3,0,2025-03
2025-03-21 03:30:00+00:00,2025-03-21 03:58:00+00:00,SHORT,1.08401,1.08337,59.66,TP,False,23,3,0,2025-03
2025-03-21 04:00:00+00:00,2025-03-21 04:50:00+00:00,SHORT,1.08346,1.0828,61.66,TP,False,0,4,0,2025-03
2025-03-21 05:00:00+00:00,2025-03-21 05:25:00+00:00,LONG,1.08304,1.08257,-51.34,SL,False,1,4,0,2025-03
2025-03-21 05:30:00+00:00,2025-03-21 05:42:00+00:00,LONG,1.08252,1.08207,-49.33,SL,False,1,4,0,2025-03
2025-03-21 05:45:00+00:00,2025-03-21 05:56:00+00:00,LONG,1.08204,1.08271,62.67,TP,False,1,4,0,2025-03
2025-03-21 10:00:00+00:00,2025-03-21 10:08:00+00:00,LONG,1.08256,1.08366,105.66,TP,False,6,4,0,2025-03
2025-03-21 10:15:00+00:00,2025-03-21 10:27:00+00:00,LONG,1.08367,1.08282,-89.34,SL,False,6,4,0,2025-03
2025-03-21 20:15:00+00:00,2025-03-23 22:01:00+00:00,LONG,1.08169,1.08264,90.67,TP,False,16,4,0,2025-03
2025-03-23 22:15:00+00:00,2025-03-23 23:14:00+00:00,LONG,1.0818,1.08244,59.68,TP,False,18,6,0,2025-03
2025-03-23 23:30:00+00:00,2025-03-23 23:46:00+00:00,LONG,1.08244,1.08304,55.67,TP,False,19,6,0,2025-03
2025-03-24 08:45:00+00:00,2025-03-24 09:05:00+00:00,SHORT,1.08474,1.08366,103.66,TP,False,4,0,0,2025-03
2025-03-24 10:00:00+00:00,2025-03-24 10:27:00+00:00,SHORT,1.08394,1.08499,-109.34,SL,False,6,0,0,2025-03
2025-03-24 12:00:00+00:00,2025-03-24 12:18:00+00:00,SHORT,1.08326,1.08228,93.67,TP,False,8,0,0,2025-03
2025-03-24 13:15:00+00:00,2025-03-24 13:46:00+00:00,SHORT,1.0822,1.08072,143.68,TP,False,9,0,0,2025-03
2025-03-24 14:00:00+00:00,2025-03-24 14:13:00+00:00,LONG,1.07934,1.08054,115.68,TP,False,10,0,0,2025-03
2025-03-24 14:15:00+00:00,2025-03-24 14:21:00+00:00,LONG,1.08037,1.08177,135.68,TP,False,10,0,0,2025-03
2025-03-24 14:45:00+00:00,2025-03-24 15:56:00+00:00,LONG,1.08044,1.07912,-136.32,SL,False,10,0,0,2025-03
2025-03-24 17:00:00+00:00,2025-03-24 18:41:00+00:00,LONG,1.07919,1.08126,202.68,TP,False,13,0,0,2025-03
2025-03-24 19:45:00+00:00,2025-03-25 07:24:00+00:00,LONG,1.08004,1.07906,-102.32,SL,False,15,0,0,2025-03
2025-03-25 08:00:00+00:00,2025-03-25 08:09:00+00:00,LONG,1.07875,1.07805,-74.32,SL,False,4,1,0,2025-03
2025-03-25 08:15:00+00:00,2025-03-25 08:34:00+00:00,LONG,1.07808,1.07885,72.68,TP,False,4,1,0,2025-03
2025-03-25 10:30:00+00:00,2025-03-25 11:46:00+00:00,LONG,1.08172,1.08274,97.67,TP,False,6,1,0,2025-03
2025-03-25 20:00:00+00:00,2025-03-25 22:55:00+00:00,LONG,1.07956,1.07881,-79.32,SL,False,16,1,0,2025-03
2025-03-26 04:30:00+00:00,2025-03-26 05:11:00+00:00,LONG,1.07852,1.07807,-49.32,SL,False,0,2,0,2025-03
2025-03-26 05:30:00+00:00,2025-03-26 06:07:00+00:00,LONG,1.07827,1.07882,50.68,TP,False,1,2,0,2025-03
2025-03-26 14:30:00+00:00,2025-03-26 15:24:00+00:00,LONG,1.07929,1.0783,-103.32,SL,False,10,2,0,2025-03
2025-03-26 16:00:00+00:00,2025-03-26 16:41:00+00:00,LONG,1.07809,1.07918,104.68,TP,False,12,2,0,2025-03
2025-03-26 21:30:00+00:00,2025-03-27 00:07:00+00:00,LONG,1.07387,1.07491,99.7,TP,False,17,2,0,2025-03
2025-03-27 00:15:00+00:00,2025-03-27 00:48:00+00:00,SHORT,1.07474,1.0754,-70.3,SL,False,20,2,0,2025-03
2025-03-27 03:00:00+00:00,2025-03-27 04:06:00+00:00,SHORT,1.07759,1.07818,-63.32,SL,False,23,2,0,2025-03
2025-03-27 04:30:00+00:00,2025-03-27 05:02:00+00:00,SHORT,1.07858,1.07794,59.68,TP,False,0,3,0,2025-03
2025-03-27 15:45:00+00:00,2025-03-27 15:57:00+00:00,SHORT,1.08156,1.08004,147.68,TP,False,11,3,0,2025-03
2025-03-27 18:45:00+00:00,2025-03-28 04:23:00+00:00,SHORT,1.07947,1.07846,96.68,TP,False,14,3,0,2025-03
2025-03-28 04:30:00+00:00,2025-03-28 05:57:00+00:00,LONG,1.0787,1.07923,48.68,TP,False,0,4,0,2025-03
2025-03-28 07:00:00+00:00,2025-03-28 07:15:00+00:00,LONG,1.07852,1.07912,55.68,TP,False,3,4,0,2025-03
2025-03-28 09:00:00+00:00,2025-03-28 09:29:00+00:00,SHORT,1.07783,1.0769,88.69,TP,False,5,4,0,2025-03
2025-03-28 09:30:00+00:00,2025-03-28 09:43:00+00:00,SHORT,1.07716,1.07791,-79.31,SL,False,5,4,0,2025-03
2025-03-28 10:00:00+00:00,2025-03-28 11:03:00+00:00,LONG,1.07737,1.07658,-83.3,SL,False,6,4,0,2025-03
2025-03-28 15:00:00+00:00,2025-03-28 15:11:00+00:00,SHORT,1.08231,1.08359,-132.33,SL,False,11,4,0,2025-03
2025-03-28 15:15:00+00:00,2025-03-28 15:56:00+00:00,SHORT,1.08334,1.08192,137.67,TP,False,11,4,0,2025-03
2025-03-28 16:00:00+00:00,2025-03-30 22:04:00+00:00,SHORT,1.08251,1.08103,143.67,TP,False,12,4,0,2025-03
2025-03-30 22:15:00+00:00,2025-03-30 22:36:00+00:00,LONG,1.08092,1.08181,84.68,TP,False,18,6,0,2025-03
2025-03-30 22:45:00+00:00,2025-03-30 23:30:00+00:00,LONG,1.08209,1.08107,-106.32,SL,False,18,6,0,2025-03
2025-03-30 23:30:00+00:00,2025-03-30 23:43:00+00:00,LONG,1.08123,1.0822,92.68,TP,False,19,6,0,2025-03
2025-03-30 23:45:00+00:00,2025-03-31 00:22:00+00:00,LONG,1.08227,1.08331,99.67,TP,False,19,6,0,2025-03
2025-03-31 06:45:00+00:00,2025-03-31 06:50:00+00:00,LONG,1.08353,1.08448,90.66,TP,False,2,0,0,2025-03
2025-03-31 07:30:00+00:00,2025-03-31 08:24:00+00:00,SHORT,1.08275,1.08163,107.67,TP,False,3,0,0,2025-03
2025-03-31 08:30:00+00:00,2025-03-31 08:42:00+00:00,SHORT,1.0812,1.08235,-119.32,SL,False,4,0,0,2025-03
2025-03-31 10:00:00+00:00,2025-03-31 10:13:00+00:00,LONG,1.08163,1.08068,-99.32,SL,False,6,0,0,2025-03
2025-03-31 10:15:00+00:00,2025-03-31 10:57:00+00:00,LONG,1.08085,1.08201,111.68,TP,False,6,0,0,2025-03
2025-03-31 14:15:00+00:00,2025-03-31 14:25:00+00:00,LONG,1.08036,1.07919,-121.32,SL,False,10,0,0,2025-03
2025-03-31 14:45:00+00:00,2025-03-31 14:51:00+00:00,LONG,1.07878,1.08048,165.68,TP,False,10,0,0,2025-03
2025-03-31 15:15:00+00:00,2025-03-31 15:37:00+00:00,LONG,1.08117,1.07975,-146.32,SL,False,11,0,0,2025-03
2025-03-31 20:00:00+00:00,2025-04-01 00:14:00+00:00,LONG,1.08142,1.08235,88.68,TP,False,16,0,0,2025-03
2025-04-01 01:00:00+00:00,2025-04-01 01:33:00+00:00,SHORT,1.08251,1.08192,54.67,TP,False,21,0,0,2025-04
2025-04-01 09:00:00+00:00,2025-04-01 09:04:00+00:00,SHORT,1.08178,1.08264,-90.33,SL,False,5,1,0,2025-04
2025-04-01 11:30:00+00:00,2025-04-01 14:03:00+00:00,LONG,1.07874,1.07994,115.68,TP,False,7,1,0,2025-04
2025-04-01 20:00:00+00:00,2025-04-01 20:48:00+00:00,LONG,1.07898,1.08022,119.68,TP,False,16,1,0,2025-04
2025-04-01 22:00:00+00:00,2025-04-01 22:19:00+00:00,LONG,1.07942,1.08017,70.68,TP,False,18,1,0,2025-04
2025-04-01 22:30:00+00:00,2025-04-01 22:39:00+00:00,LONG,1.08066,1.08009,-61.32,SL,False,18,1,0,2025-04
2025-04-01 22:45:00+00:00,2025-04-02 00:00:00+00:00,LONG,1.08011,1.07944,-71.32,SL,False,18,1,0,2025-04
2025-04-02 03:00:00+00:00,2025-04-02 03:12:00+00:00,SHORT,1.07946,1.07992,-50.32,SL,False,23,1,0,2025-04
2025-04-02 03:15:00+00:00,2025-04-02 04:55:00+00:00,SHORT,1.0799,1.07934,51.68,TP,False,23,1,0,2025-04
2025-04-02 07:30:00+00:00,2025-04-02 08:07:00+00:00,LONG,1.0787,1.07945,70.68,TP,False,3,2,0,2025-04
2025-04-02 16:45:00+00:00,2025-04-02 20:12:00+00:00,SHORT,1.08498,1.08331,162.66,TP,False,12,2,0,2025-04
2025-04-02 20:30:00+00:00,2025-04-02 20:40:00+00:00,SHORT,1.08533,1.08157,371.67,TP,False,16,2,0,2025-04
2025-04-02 20:45:00+00:00,2025-04-02 20:56:00+00:00,SHORT,1.08184,1.08564,-384.33,SL,False,16,2,0,2025-04
2025-04-02 21:30:00+00:00,2025-04-02 23:15:00+00:00,LONG,1.08168,1.08578,405.67,TP,False,17,2,0,2025-04
2025-04-03 03:00:00+00:00,2025-04-03 05:24:00+00:00,LONG,1.09122,1.09341,214.63,TP,False,23,2,0,2025-04
2025-04-03 06:15:00+00:00,2025-04-03 06:35:00+00:00,LONG,1.09459,1.09661,197.62,TP,False,2,3,0,2025-04
2025-04-03 06:45:00+00:00,2025-04-03 07:22:00+00:00,LONG,1.09778,1.09634,-148.39,SL,False,2,3,0,2025-04
2025-04-03 09:15:00+00:00,2025-04-03 10:06:00+00:00,SHORT,1.10307,1.10652,-349.42,SL,False,5,3,0,2025-04
2025-04-03 10:15:00+00:00,2025-04-03 10:38:00+00:00,SHORT,1.11056,1.10736,315.57,TP,False,6,3,0,2025-04
2025-04-03 10:45:00+00:00,2025-04-03 12:06:00+00:00,SHORT,1.10697,1.11076,-383.43,SL,False,6,3,0,2025-04
2025-04-03 12:15:00+00:00,2025-04-03 13:16:00+00:00,SHORT,1.10867,1.11201,-338.44,SL,False,8,3,0,2025-04
2025-04-03 13:30:00+00:00,2025-04-03 14:47:00+00:00,SHORT,1.10943,1.11265,-326.45,SL,False,9,3,0,2025-04
2025-04-03 15:00:00+00:00,2025-04-03 15:17:00+00:00,SHORT,1.11182,1.10839,338.56,TP,False,11,3,0,2025-04
2025-04-03 15:30:00+00:00,2025-04-03 17:08:00+00:00,SHORT,1.10614,1.10294,315.58,TP,False,11,3,0,2025-04
2025-04-03 18:00:00+00:00,2025-04-03 20:45:00+00:00,LONG,1.10244,1.10451,202.59,TP,False,14,3,0,2025-04
2025-04-03 21:30:00+00:00,2025-04-03 22:23:00+00:00,SHORT,1.10511,1.10611,-104.42,SL,False,17,3,0,2025-04
2025-04-03 23:45:00+00:00,2025-04-04 00:44:00+00:00,SHORT,1.10466,1.10565,-103.42,SL,False,19,3,0,2025-04
2025-04-04 01:30:00+00:00,2025-04-04 02:08:00+00:00,LONG,1.10611,1.10739,123.58,TP,False,21,3,0,2025-04
2025-04-04 02:45:00+00:00,2025-04-04 03:33:00+00:00,LONG,1.10669,1.10808,134.57,TP,False,22,3,0,2025-04
2025-04-04 05:30:00+00:00,2025-04-04 05:33:00+00:00,SHORT,1.11057,1.10908,144.56,TP,False,1,4,0,2025-04
2025-04-04 07:00:00+00:00,2025-04-04 07:13:00+00:00,LONG,1.10508,1.1067,157.58,TP,False,3,4,0,2025-04
2025-04-04 07:15:00+00:00,2025-04-04 07:22:00+00:00,LONG,1.10642,1.10505,-141.42,SL,False,3,4,0,2025-04
2025-04-04 07:45:00+00:00,2025-04-04 07:57:00+00:00,LONG,1.10225,1.10052,-177.4,SL,False,3,4,0,2025-04
2025-04-04 09:00:00+00:00,2025-04-04 09:06:00+00:00,LONG,1.09965,1.09775,-194.4,SL,False,5,4,0,2025-04
2025-04-04 09:15:00+00:00,2025-04-04 10:20:00+00:00,LONG,1.09788,1.10052,259.6,TP,False,5,4,0,2025-04
2025-04-04 13:00:00+00:00,2025-04-04 14:36:00+00:00,SHORT,1.10197,1.09801,391.6,TP,False,9,4,0,2025-04
2025-04-04 15:15:00+00:00,2025-04-04 16:49:00+00:00,SHORT,1.09969,1.09617,347.61,TP,False,11,4,0,2025-04
2025-04-04 20:15:00+00:00,2025-04-06 21:16:00+00:00,SHORT,1.09501,1.08836,660.63,TP,False,16,4,0,2025-04
2025-04-06 21:30:00+00:00,2025-04-06 21:51:00+00:00,LONG,1.08917,1.09227,305.64,TP,False,17,6,0,2025-04
2025-04-06 22:00:00+00:00,2025-04-06 22:10:00+00:00,LONG,1.09172,1.09449,272.63,TP,False,18,6,0,2025-04
2025-04-06 22:15:00+00:00,2025-04-06 22:23:00+00:00,LONG,1.09536,1.09848,307.61,TP,False,18,6,0,2025-04
2025-04-06 22:30:00+00:00,2025-04-07 00:11:00+00:00,LONG,1.09837,1.09573,-268.39,SL,False,18,6,0,2025-04
2025-04-07 02:00:00+00:00,2025-04-07 02:27:00+00:00,SHORT,1.09678,1.09395,278.62,TP,False,22,6,0,2025-04
2025-04-07 02:30:00+00:00,2025-04-07 04:13:00+00:00,LONG,1.09368,1.09606,233.62,TP,False,22,6,0,2025-04
2025-04-07 05:30:00+00:00,2025-04-07 05:57:00+00:00,LONG,1.0994,1.10095,150.6,TP,False,1,0,0,2025-04
2025-04-07 06:00:00+00:00,2025-04-07 06:30:00+00:00,SHORT,1.10183,1.10006,172.6,TP,False,2,0,0,2025-04
2025-04-07 07:15:00+00:00,2025-04-07 07:36:00+00:00,SHORT,1.10398,1.10123,270.59,TP,False,3,0,0,2025-04
2025-04-07 07:45:00+00:00,2025-04-07 07:58:00+00:00,SHORT,1.10231,1.0998,246.6,TP,False,3,0,0,2025-04
2025-04-07 08:00:00+00:00,2025-04-07 08:04:00+00:00,SHORT,1.10007,1.1022,-217.4,SL,False,4,0,0,2025-04
2025-04-07 10:30:00+00:00,2025-04-07 10:58:00+00:00,SHORT,1.09853,1.09591,257.61,TP,False,6,0,0,2025-04
2025-04-07 11:00:00+00:00,2025-04-07 11:23:00+00:00,SHORT,1.09588,1.09354,229.62,TP,False,7,0,0,2025-04
2025-04-07 11:30:00+00:00,2025-04-07 11:56:00+00:00,LONG,1.09442,1.09678,231.62,TP,False,7,0,0,2025-04
2025-04-07 12:45:00+00:00,2025-04-07 13:48:00+00:00,SHORT,1.09718,1.09448,265.62,TP,False,8,0,0,2025-04
2025-04-07 14:00:00+00:00,2025-04-07 14:11:00+00:00,SHORT,1.09414,1.09726,-316.38,SL,False,10,0,0,2025-04
2025-04-07 14:15:00+00:00,2025-04-07 14:26:00+00:00,SHORT,1.09643,1.09367,271.62,TP,False,10,0,0,2025-04
2025-04-07 14:45:00+00:00,2025-04-07 15:01:00+00:00,LONG,1.09354,1.09071,-287.37,SL,False,10,0,0,2025-04
2025-04-07 17:15:00+00:00,2025-04-07 20:02:00+00:00,SHORT,1.09366,1.09113,248.63,TP,False,13,0,0,2025-04
2025-04-07 20:30:00+00:00,2025-04-08 00:24:00+00:00,LONG,1.09083,1.09321,233.63,TP,False,16,0,0,2025-04
2025-04-08 00:30:00+00:00,2025-04-08 00:54:00+00:00,LONG,1.09352,1.09502,145.62,TP,False,20,0,0,2025-04
2025-04-08 01:15:00+00:00,2025-04-08 01:36:00+00:00,LONG,1.09463,1.09587,119.62,TP,False,21,0,0,2025-04
2025-04-08 01:45:00+00:00,2025-04-08 02:39:00+00:00,LONG,1.09597,1.0975,148.61,TP,False,21,0,0,2025-04
2025-04-08 07:15:00+00:00,2025-04-08 07:21:00+00:00,LONG,1.09772,1.09612,-164.39,SL,False,3,1,0,2025-04
2025-04-08 08:15:00+00:00,2025-04-08 09:13:00+00:00,SHORT,1.09404,1.09164,235.63,TP,False,4,1,0,2025-04
2025-04-08 09:15:00+00:00,2025-04-08 09:26:00+00:00,LONG,1.0928,1.09118,-166.37,SL,False,5,1,0,2025-04
2025-04-08 09:30:00+00:00,2025-04-08 10:33:00+00:00,LONG,1.09173,1.09383,205.63,TP,False,5,1,0,2025-04
2025-04-08 14:30:00+00:00,2025-04-08 16:47:00+00:00,LONG,1.09055,1.09291,231.63,TP,False,10,1,0,2025-04
2025-04-08 20:30:00+00:00,2025-04-08 20:56:00+00:00,LONG,1.09419,1.0958,156.62,TP,False,16,1,0,2025-04
2025-04-08 22:15:00+00:00,2025-04-08 23:35:00+00:00,LONG,1.09677,1.09811,129.61,TP,False,18,1,0,2025-04
2025-04-09 02:00:00+00:00,2025-04-09 04:09:00+00:00,LONG,1.10204,1.10399,190.59,TP,False,22,1,0,2025-04
2025-04-09 04:15:00+00:00,2025-04-09 04:27:00+00:00,LONG,1.10387,1.10573,181.58,TP,False,0,2,0,2025-04
2025-04-09 04:30:00+00:00,2025-04-09 05:15:00+00:00,LONG,1.1062,1.10444,-180.42,SL,False,0,2,0,2025-04
2025-04-09 05:45:00+00:00,2025-04-09 06:54:00+00:00,LONG,1.10455,1.10867,407.57,TP,False,1,2,0,2025-04
2025-04-09 08:00:00+00:00,2025-04-09 09:51:00+00:00,LONG,1.10155,1.10405,245.59,TP,False,4,2,0,2025-04
2025-04-09 11:00:00+00:00,2025-04-09 11:09:00+00:00,SHORT,1.10332,1.1053,-202.42,SL,False,7,2,0,2025-04
2025-04-09 14:00:00+00:00,2025-04-09 15:38:00+00:00,SHORT,1.10451,1.10694,-247.42,SL,False,10,2,0,2025-04
2025-04-09 16:00:00+00:00,2025-04-09 16:58:00+00:00,SHORT,1.10383,1.10147,231.59,TP,False,12,2,0,2025-04
2025-04-09 20:00:00+00:00,2025-04-10 00:38:00+00:00,LONG,1.09357,1.09763,401.61,TP,False,16,2,0,2025-04
2025-04-10 00:45:00+00:00,2025-04-10 02:22:00+00:00,LONG,1.09747,1.09616,-135.38,SL,False,20,2,0,2025-04
2025-04-10 03:00:00+00:00,2025-04-10 03:13:00+00:00,LONG,1.09719,1.09845,121.61,TP,False,23,2,0,2025-04
2025-04-10 03:30:00+00:00,2025-04-10 05:34:00+00:00,LONG,1.09819,1.09955,131.6,TP,False,23,2,0,2025-04
2025-04-10 06:30:00+00:00,2025-04-10 06:37:00+00:00,LONG,1.09803,1.09693,-114.39,SL,False,2,3,0,2025-04
2025-04-10 06:45:00+00:00,2025-04-10 06:55:00+00:00,LONG,1.09783,1.09635,-152.39,SL,False,2,3,0,2025-04
2025-04-10 09:00:00+00:00,2025-04-10 09:59:00+00:00,SHORT,1.10377,1.10581,-208.42,SL,False,5,3,0,2025-04
2025-04-10 10:15:00+00:00,2025-04-10 11:07:00+00:00,LONG,1.10688,1.10886,193.57,TP,False,6,3,0,2025-04
2025-04-10 12:00:00+00:00,2025-04-10 12:13:00+00:00,LONG,1.10703,1.10925,217.57,TP,False,8,3,0,2025-04
2025-04-10 12:15:00+00:00,2025-04-10 12:31:00+00:00,LONG,1.10914,1.11312,393.55,TP,False,8,3,0,2025-04
2025-04-10 12:45:00+00:00,2025-04-10 13:01:00+00:00,LONG,1.11121,1.10908,-217.44,SL,False,8,3,0,2025-04
2025-04-10 13:15:00+00:00,2025-04-10 13:51:00+00:00,LONG,1.11104,1.11337,228.55,TP,False,9,3,0,2025-04
2025-04-10 14:15:00+00:00,2025-04-10 14:53:00+00:00,LONG,1.11287,1.11509,217.54,TP,False,10,3,0,2025-04
2025-04-10 15:30:00+00:00,2025-04-10 15:41:00+00:00,SHORT,1.11888,1.12173,-289.48,SL,False,11,3,0,2025-04
2025-04-10 15:45:00+00:00,2025-04-10 16:01:00+00:00,SHORT,1.12114,1.11788,321.52,TP,False,11,3,0,2025-04
2025-04-10 18:00:00+00:00,2025-04-10 18:25:00+00:00,SHORT,1.121,1.12394,-298.49,SL,False,14,3,0,2025-04
2025-04-10 18:30:00+00:00,2025-04-10 18:54:00+00:00,SHORT,1.12371,1.12095,271.51,TP,False,14,3,0,2025-04
2025-04-10 19:00:00+00:00,2025-04-10 19:08:00+00:00,SHORT,1.12154,1.11901,248.52,TP,False,15,3,0,2025-04
2025-04-10 19:15:00+00:00,2025-04-10 19:29:00+00:00,SHORT,1.11866,1.11597,264.53,TP,False,15,3,0,2025-04
2025-04-10 23:15:00+00:00,2025-04-10 23:39:00+00:00,SHORT,1.12212,1.12424,-216.49,SL,False,19,3,0,2025-04
2025-04-11 01:15:00+00:00,2025-04-11 03:17:00+00:00,SHORT,1.12902,1.13245,-347.52,SL,False,21,3,0,2025-04
2025-04-11 03:45:00+00:00,2025-04-11 04:20:00+00:00,SHORT,1.1345,1.13173,272.47,TP,False,23,3,0,2025-04
2025-04-11 04:30:00+00:00,2025-04-11 05:38:00+00:00,SHORT,1.1315,1.12843,302.48,TP,False,0,4,0,2025-04
2025-04-11 05:45:00+00:00,2025-04-11 06:09:00+00:00,LONG,1.12754,1.12563,-195.51,SL,False,1,4,0,2025-04
2025-04-11 07:00:00+00:00,2025-04-11 07:05:00+00:00,LONG,1.12869,1.13166,292.48,TP,False,3,4,0,2025-04
2025-04-11 07:15:00+00:00,2025-04-11 07:33:00+00:00,SHORT,1.13347,1.13621,-278.54,SL,False,3,4,0,2025-04
2025-04-11 07:45:00+00:00,2025-04-11 08:02:00+00:00,SHORT,1.13489,1.13778,-293.55,SL,False,3,4,0,2025-04
2025-04-11 09:00:00+00:00,2025-04-11 10:01:00+00:00,SHORT,1.14272,1.1362,647.44,TP,False,5,4,0,2025-04
2025-04-11 10:30:00+00:00,2025-04-11 10:57:00+00:00,LONG,1.13618,1.13245,-377.53,SL,False,6,4,0,2025-04
2025-04-11 13:00:00+00:00,2025-04-11 13:40:00+00:00,SHORT,1.13956,1.13253,698.45,TP,False,9,4,0,2025-04
2025-04-11 13:45:00+00:00,2025-04-11 13:48:00+00:00,SHORT,1.13812,1.13355,452.45,TP,False,9,4,0,2025-04
2025-04-11 15:15:00+00:00,2025-04-11 16:20:00+00:00,LONG,1.13278,1.12925,-357.53,SL,False,11,4,0,2025-04
2025-04-11 16:30:00+00:00,2025-04-11 17:40:00+00:00,LONG,1.12898,1.13264,361.47,TP,False,12,4,0,2025-04
2025-04-11 20:00:00+00:00,2025-04-11 20:59:00+00:00,SHORT,1.13417,1.13614,-201.54,SL,False,16,4,0,2025-04
2025-04-13 21:30:00+00:00,2025-04-13 22:19:00+00:00,LONG,1.13193,1.13416,218.47,TP,False,17,6,0,2025-04
2025-04-13 22:30:00+00:00,2025-04-13 22:58:00+00:00,LONG,1.13438,1.13304,-138.54,SL,False,18,6,0,2025-04
2025-04-13 23:00:00+00:00,2025-04-14 00:04:00+00:00,LONG,1.13341,1.13522,176.46,TP,False,19,6,0,2025-04
2025-04-14 02:15:00+00:00,2025-04-14 02:40:00+00:00,SHORT,1.13999,1.1375,244.44,TP,False,22,6,0,2025-04
2025-04-14 05:15:00+00:00,2025-04-14 05:29:00+00:00,SHORT,1.1359,1.13755,-169.55,SL,False,1,0,0,2025-04
2025-04-14 07:30:00+00:00,2025-04-14 10:11:00+00:00,SHORT,1.13993,1.13758,230.44,TP,False,3,0,0,2025-04
2025-04-14 11:30:00+00:00,2025-04-14 11:50:00+00:00,LONG,1.139,1.1406,155.44,TP,False,7,0,0,2025-04
2025-04-14 12:30:00+00:00,2025-04-14 12:58:00+00:00,LONG,1.13542,1.13345,-201.54,SL,False,8,0,0,2025-04
2025-04-14 13:30:00+00:00,2025-04-14 13:48:00+00:00,LONG,1.13065,1.13352,282.47,TP,False,9,0,0,2025-04
2025-04-14 15:15:00+00:00,2025-04-14 16:55:00+00:00,SHORT,1.13645,1.13387,253.46,TP,False,11,0,0,2025-04
2025-04-14 19:00:00+00:00,2025-04-14 19:31:00+00:00,SHORT,1.13546,1.1369,-148.54,SL,False,15,0,0,2025-04
2025-04-14 20:15:00+00:00,2025-04-14 20:36:00+00:00,LONG,1.13584,1.13433,-155.54,SL,False,16,0,0,2025-04
2025-04-14 20:45:00+00:00,2025-04-14 23:40:00+00:00,LONG,1.13522,1.1339,-136.54,SL,False,16,0,0,2025-04
2025-04-14 23:45:00+00:00,2025-04-15 00:27:00+00:00,SHORT,1.1339,1.13265,120.46,TP,False,19,0,0,2025-04
2025-04-15 00:30:00+00:00,2025-04-15 00:38:00+00:00,LONG,1.13267,1.13179,-92.53,SL,False,20,0,0,2025-04
2025-04-15 00:45:00+00:00,2025-04-15 00:57:00+00:00,LONG,1.13187,1.13294,102.47,TP,False,20,0,0,2025-04
2025-04-15 01:00:00+00:00,2025-04-15 01:39:00+00:00,LONG,1.13288,1.13187,-105.53,SL,False,21,0,0,2025-04
2025-04-15 01:45:00+00:00,2025-04-15 02:06:00+00:00,LONG,1.1318,1.13313,128.47,TP,False,21,0,0,2025-04
2025-04-15 02:15:00+00:00,2025-04-15 02:41:00+00:00,LONG,1.13355,1.13465,105.46,TP,False,22,0,0,2025-04
2025-04-15 02:45:00+00:00,2025-04-15 04:27:00+00:00,LONG,1.13448,1.13559,106.46,TP,False,22,0,0,2025-04
2025-04-15 04:45:00+00:00,2025-04-15 05:58:00+00:00,LONG,1.1359,1.13507,-87.54,SL,False,0,1,0,2025-04
2025-04-15 07:00:00+00:00,2025-04-15 07:20:00+00:00,LONG,1.13323,1.13476,148.46,TP,False,3,1,0,2025-04
2025-04-15 09:15:00+00:00,2025-04-15 11:24:00+00:00,SHORT,1.13443,1.13239,199.47,TP,False,5,1,0,2025-04
2025-04-15 11:45:00+00:00,2025-04-15 12:16:00+00:00,LONG,1.13213,1.13395,177.47,TP,False,7,1,0,2025-04
2025-04-15 14:15:00+00:00,2025-04-15 14:25:00+00:00,LONG,1.12901,1.13123,217.48,TP,False,10,1,0,2025-04
2025-04-15 16:00:00+00:00,2025-04-15 16:34:00+00:00,LONG,1.1289,1.12699,-195.51,SL,False,12,1,0,2025-04
2025-04-15 16:45:00+00:00,2025-04-15 20:32:00+00:00,LONG,1.12706,1.12897,186.49,TP,False,12,1,0,2025-04
2025-04-15 20:45:00+00:00,2025-04-15 22:10:00+00:00,LONG,1.1284,1.12943,98.48,TP,False,16,1,0,2025-04
2025-04-16 02:30:00+00:00,2025-04-16 03:45:00+00:00,LONG,1.13278,1.134,117.46,TP,False,22,1,0,2025-04
2025-04-16 03:45:00+00:00,2025-04-16 05:33:00+00:00,LONG,1.13396,1.13501,100.46,TP,False,23,1,0,2025-04
2025-04-16 07:00:00+00:00,2025-04-16 07:07:00+00:00,SHORT,1.13608,1.13752,-148.55,SL,False,3,2,0,2025-04
2025-04-16 07:45:00+00:00,2025-04-16 08:28:00+00:00,SHORT,1.13812,1.13592,215.45,TP,False,3,2,0,2025-04
2025-04-16 08:45:00+00:00,2025-04-16 08:59:00+00:00,LONG,1.13491,1.13687,191.46,TP,False,4,2,0,2025-04
2025-04-16 11:45:00+00:00,2025-04-16 12:38:00+00:00,SHORT,1.136,1.13417,178.46,TP,False,7,2,0,2025-04
2025-04-16 20:00:00+00:00,2025-04-16 23:29:00+00:00,SHORT,1.13866,1.14034,-172.56,SL,False,16,2,0,2025-04
2025-04-16 23:45:00+00:00,2025-04-16 23:57:00+00:00,LONG,1.14058,1.13973,-89.56,SL,False,19,2,0,2025-04
2025-04-17 00:00:00+00:00,2025-04-17 00:04:00+00:00,LONG,1.13956,1.13847,-113.56,SL,False,20,2,0,2025-04
2025-04-17 00:45:00+00:00,2025-04-17 01:03:00+00:00,LONG,1.13729,1.13626,-107.54,SL,False,20,2,0,2025-04
2025-04-17 03:30:00+00:00,2025-04-17 03:44:00+00:00,LONG,1.13751,1.13661,-94.55,SL,False,23,2,0,2025-04
2025-04-17 04:00:00+00:00,2025-04-17 05:36:00+00:00,LONG,1.13645,1.13546,-103.54,SL,False,0,3,0,2025-04
2025-04-17 06:00:00+00:00,2025-04-17 06:37:00+00:00,LONG,1.13523,1.13632,104.46,TP,False,2,3,0,2025-04
2025-04-17 09:30:00+00:00,2025-04-17 10:57:00+00:00,SHORT,1.13716,1.13578,133.46,TP,False,5,3,0,2025-04
2025-04-17 12:00:00+00:00,2025-04-17 12:21:00+00:00,LONG,1.13566,1.13353,-217.54,SL,False,8,3,0,2025-04
2025-04-17 12:30:00+00:00,2025-04-17 12:46:00+00:00,LONG,1.13454,1.13599,140.46,TP,False,8,3,0,2025-04
2025-04-17 13:00:00+00:00,2025-04-17 13:07:00+00:00,LONG,1.13566,1.13778,207.45,TP,False,9,3,0,2025-04
2025-04-17 13:15:00+00:00,2025-04-17 14:18:00+00:00,SHORT,1.13552,1.13724,-176.54,SL,False,9,3,0,2025-04
2025-04-17 14:45:00+00:00,2025-04-17 14:54:00+00:00,SHORT,1.13741,1.13506,230.46,TP,False,10,3,0,2025-04
2025-04-17 23:30:00+00:00,2025-04-18 00:26:00+00:00,LONG,1.13713,1.13822,104.45,TP,False,19,3,0,2025-04
2025-04-18 01:00:00+00:00,2025-04-18 05:35:00+00:00,LONG,1.13742,1.13609,-137.54,SL,False,21,3,0,2025-04
2025-04-18 05:45:00+00:00,2025-04-18 06:15:00+00:00,LONG,1.13698,1.13761,58.45,TP,False,1,4,0,2025-04
2025-04-18 09:00:00+00:00,2025-04-18 11:39:00+00:00,LONG,1.13711,1.13788,72.45,TP,False,5,4,0,2025-04
2025-04-18 15:15:00+00:00,2025-04-18 19:34:00+00:00,LONG,1.13893,1.13972,74.44,TP,False,11,4,0,2025-04
2025-04-21 07:00:00+00:00,2025-04-21 07:23:00+00:00,SHORT,1.15154,1.15285,-135.61,SL,False,3,0,0,2025-04
2025-04-21 08:00:00+00:00,2025-04-21 08:17:00+00:00,SHORT,1.15556,1.15379,172.38,TP,False,4,0,0,2025-04
2025-04-21 08:30:00+00:00,2025-04-21 08:47:00+00:00,SHORT,1.15438,1.15598,-164.62,SL,False,4,0,0,2025-04
2025-04-21 10:00:00+00:00,2025-04-21 10:36:00+00:00,SHORT,1.15471,1.15291,175.38,TP,False,6,0,0,2025-04
2025-04-21 11:15:00+00:00,2025-04-21 11:35:00+00:00,LONG,1.1518,1.15347,162.39,TP,False,7,0,0,2025-04
2025-04-21 12:00:00+00:00,2025-04-21 12:35:00+00:00,SHORT,1.1543,1.15271,154.38,TP,False,8,0,0,2025-04
2025-04-21 13:30:00+00:00,2025-04-21 13:49:00+00:00,SHORT,1.1506,1.15221,-165.6,SL,False,9,0,0,2025-04
2025-04-21 14:15:00+00:00,2025-04-21 14:47:00+00:00,SHORT,1.15083,1.14898,180.4,TP,False,10,0,0,2025-04
2025-04-21 15:00:00+00:00,2025-04-21 15:10:00+00:00,LONG,1.14979,1.14821,-162.6,SL,False,11,0,0,2025-04
2025-04-21 15:15:00+00:00,2025-04-21 15:32:00+00:00,LONG,1.14821,1.14996,170.4,TP,False,11,0,0,2025-04
2025-04-21 20:30:00+00:00,2025-04-21 22:04:00+00:00,LONG,1.15066,1.15176,105.4,TP,False,16,0,0,2025-04
2025-04-22 00:00:00+00:00,2025-04-22 00:02:00+00:00,SHORT,1.15141,1.15012,124.4,TP,False,20,0,0,2025-04
2025-04-22 00:30:00+00:00,2025-04-22 00:35:00+00:00,LONG,1.14967,1.14883,-88.6,SL,False,20,0,0,2025-04
2025-04-22 00:45:00+00:00,2025-04-22 02:12:00+00:00,LONG,1.14885,1.15046,156.4,TP,False,20,0,0,2025-04
2025-04-22 02:15:00+00:00,2025-04-22 02:32:00+00:00,LONG,1.15035,1.15148,108.4,TP,False,22,0,0,2025-04
2025-04-22 04:00:00+00:00,2025-04-22 05:09:00+00:00,LONG,1.15349,1.15243,-110.61,SL,False,0,1,0,2025-04
2025-04-22 07:00:00+00:00,2025-04-22 07:44:00+00:00,LONG,1.15009,1.1486,-153.6,SL,False,3,1,0,2025-04
2025-04-22 07:45:00+00:00,2025-04-22 07:55:00+00:00,LONG,1.14841,1.15027,181.4,TP,False,3,1,0,2025-04
2025-04-22 08:00:00+00:00,2025-04-22 09:56:00+00:00,LONG,1.15057,1.14882,-179.6,SL,False,4,1,0,2025-04
2025-04-22 10:00:00+00:00,2025-04-22 12:02:00+00:00,LONG,1.14907,1.14742,-169.59,SL,False,6,1,0,2025-04
2025-04-22 12:15:00+00:00,2025-04-22 12:24:00+00:00,LONG,1.14807,1.14649,-162.59,SL,False,8,1,0,2025-04
2025-04-22 12:30:00+00:00,2025-04-22 13:12:00+00:00,LONG,1.14698,1.1456,-142.58,SL,False,8,1,0,2025-04
2025-04-22 17:00:00+00:00,2025-04-22 17:32:00+00:00,LONG,1.14341,1.14516,170.42,TP,False,13,1,0,2025-04
2025-04-22 17:45:00+00:00,2025-04-22 17:54:00+00:00,LONG,1.14332,1.14515,178.42,TP,False,13,1,0,2025-04
2025-04-22 20:00:00+00:00,2025-04-22 21:30:00+00:00,LONG,1.14209,1.14083,-130.56,SL,False,16,1,0,2025-04
2025-04-22 22:00:00+00:00,2025-04-22 22:04:00+00:00,LONG,1.13641,1.13492,-153.54,SL,False,18,1,0,2025-04
2025-04-22 22:15:00+00:00,2025-04-22 22:19:00+00:00,LONG,1.13586,1.13391,-199.54,SL,False,18,1,0,2025-04
2025-04-22 22:30:00+00:00,2025-04-22 22:47:00+00:00,LONG,1.13176,1.13428,247.47,TP,False,18,1,0,2025-04
2025-04-22 23:00:00+00:00,2025-04-23 00:02:00+00:00,LONG,1.13373,1.13645,267.46,TP,False,19,1,0,2025-04
2025-04-23 03:30:00+00:00,2025-04-23 05:22:00+00:00,LONG,1.13837,1.13997,155.44,TP,False,23,1,0,2025-04
2025-04-23 08:00:00+00:00,2025-04-23 08:41:00+00:00,LONG,1.13861,1.14058,192.44,TP,False,4,2,0,2025-04
2025-04-23 10:30:00+00:00,2025-04-23 11:41:00+00:00,SHORT,1.13975,1.14115,-144.56,SL,False,6,2,0,2025-04
2025-04-23 11:45:00+00:00,2025-04-23 13:31:00+00:00,SHORT,1.14141,1.13964,172.44,TP,False,7,2,0,2025-04
2025-04-23 20:15:00+00:00,2025-04-23 20:25:00+00:00,LONG,1.13231,1.13104,-131.52,SL,False,16,2,0,2025-04
2025-04-23 20:30:00+00:00,2025-04-23 22:01:00+00:00,LONG,1.1312,1.13288,163.47,TP,False,16,2,0,2025-04
2025-04-23 23:30:00+00:00,2025-04-24 00:56:00+00:00,LONG,1.13302,1.13431,124.46,TP,False,19,2,0,2025-04
2025-04-24 03:45:00+00:00,2025-04-24 06:09:00+00:00,SHORT,1.13389,1.13482,-97.54,SL,False,23,2,0,2025-04
2025-04-24 06:15:00+00:00,2025-04-24 07:03:00+00:00,LONG,1.13489,1.13609,115.46,TP,False,2,3,0,2025-04
2025-04-24 09:00:00+00:00,2025-04-24 10:10:00+00:00,SHORT,1.13806,1.1395,-148.56,SL,False,5,3,0,2025-04
2025-04-24 23:00:00+00:00,2025-04-24 23:18:00+00:00,LONG,1.13865,1.13796,-73.56,SL,False,19,3,0,2025-04
2025-04-24 23:45:00+00:00,2025-04-25 00:02:00+00:00,SHORT,1.13737,1.13649,83.46,TP,False,19,3,0,2025-04
2025-04-25 01:00:00+00:00,2025-04-25 03:22:00+00:00,LONG,1.13473,1.13582,104.46,TP,False,21,3,0,2025-04
2025-04-25 03:45:00+00:00,2025-04-25 04:01:00+00:00,LONG,1.13331,1.13218,-117.53,SL,False,23,3,0,2025-04
2025-04-25 04:15:00+00:00,2025-04-25 05:08:00+00:00,LONG,1.13267,1.13392,120.46,TP,False,0,4,0,2025-04
2025-04-25 09:30:00+00:00,2025-04-25 10:21:00+00:00,SHORT,1.13542,1.13383,154.46,TP,False,5,4,0,2025-04
2025-04-25 10:30:00+00:00,2025-04-25 10:37:00+00:00,LONG,1.13432,1.13563,126.46,TP,False,6,4,0,2025-04
2025-04-25 13:45:00+00:00,2025-04-25 13:58:00+00:00,LONG,1.13407,1.13553,141.46,TP,False,9,4,0,2025-04
2025-04-25 20:45:00+00:00,2025-04-27 22:18:00+00:00,SHORT,1.1361,1.13515,90.46,TP,False,16,4,0,2025-04
2025-04-27 22:30:00+00:00,2025-04-27 22:31:00+00:00,LONG,1.13499,1.13398,-105.54,SL,False,18,6,0,2025-04
2025-04-27 22:45:00+00:00,2025-04-27 23:58:00+00:00,LONG,1.13499,1.13424,-79.54,SL,False,18,6,0,2025-04
2025-04-28 02:00:00+00:00,2025-04-28 04:25:00+00:00,LONG,1.13513,1.13613,95.46,TP,False,22,6,0,2025-04
2025-04-28 07:00:00+00:00,2025-04-28 07:09:00+00:00,LONG,1.13317,1.13436,114.46,TP,False,3,0,0,2025-04
2025-04-28 07:15:00+00:00,2025-04-28 07:39:00+00:00,LONG,1.13427,1.13556,124.46,TP,False,3,0,0,2025-04
2025-04-28 07:45:00+00:00,2025-04-28 07:57:00+00:00,LONG,1.13603,1.13487,-120.54,SL,False,3,0,0,2025-04
2025-04-28 08:00:00+00:00,2025-04-28 08:29:00+00:00,LONG,1.13485,1.13353,-136.54,SL,False,4,0,0,2025-04
2025-04-28 08:30:00+00:00,2025-04-28 08:40:00+00:00,LONG,1.13363,1.13517,149.46,TP,False,4,0,0,2025-04
2025-04-28 08:45:00+00:00,2025-04-28 12:20:00+00:00,LONG,1.13495,1.13654,154.46,TP,False,4,0,0,2025-04
2025-04-28 14:45:00+00:00,2025-04-28 14:56:00+00:00,SHORT,1.13992,1.13797,190.44,TP,False,10,0,0,2025-04
2025-04-28 15:00:00+00:00,2025-04-28 16:12:00+00:00,SHORT,1.13785,1.14019,-238.56,SL,False,11,0,0,2025-04
2025-04-28 17:00:00+00:00,2025-04-29 01:50:00+00:00,SHORT,1.14115,1.13916,194.44,TP,False,13,0,0,2025-04
2025-04-29 02:00:00+00:00,2025-04-29 02:10:00+00:00,LONG,1.13925,1.14032,102.44,TP,False,22,0,0,2025-04
2025-04-29 02:15:00+00:00,2025-04-29 02:22:00+00:00,LONG,1.14194,1.14098,-100.56,SL,False,22,0,0,2025-04
2025-04-29 10:00:00+00:00,2025-04-29 12:44:00+00:00,LONG,1.13806,1.13992,181.44,TP,False,6,1,0,2025-04
2025-04-29 14:15:00+00:00,2025-04-29 16:25:00+00:00,SHORT,1.13965,1.14159,-198.56,SL,False,10,1,0,2025-04
2025-04-29 17:15:00+00:00,2025-04-29 18:11:00+00:00,LONG,1.1395,1.13773,-181.56,SL,False,13,1,0,2025-04
2025-04-29 22:30:00+00:00,2025-04-29 22:44:00+00:00,LONG,1.13956,1.13882,-78.56,SL,False,18,1,0,2025-04
2025-04-29 23:00:00+00:00,2025-04-30 00:51:00+00:00,SHORT,1.13915,1.1381,100.44,TP,False,19,1,0,2025-04
2025-04-30 02:00:00+00:00,2025-04-30 02:17:00+00:00,LONG,1.13588,1.13695,102.46,TP,False,22,1,0,2025-04
2025-04-30 02:30:00+00:00,2025-04-30 05:34:00+00:00,LONG,1.13688,1.1381,117.45,TP,False,22,1,0,2025-04
2025-04-30 07:30:00+00:00,2025-04-30 08:01:00+00:00,LONG,1.13805,1.13694,-115.55,SL,False,3,2,0,2025-04
2025-04-30 10:00:00+00:00,2025-04-30 11:35:00+00:00,LONG,1.13624,1.1374,111.46,TP,False,6,2,0,2025-04
2025-04-30 20:00:00+00:00,2025-04-30 20:10:00+00:00,LONG,1.13299,1.132,-103.53,SL,False,16,2,0,2025-04
2025-04-30 20:15:00+00:00,2025-05-01 01:20:00+00:00,LONG,1.13215,1.13106,-113.52,SL,False,16,2,0,2025-04
2025-05-01 03:30:00+00:00,2025-05-01 04:01:00+00:00,LONG,1.13054,1.13145,86.48,TP,False,23,2,0,2025-05
2025-05-01 09:00:00+00:00,2025-05-01 10:55:00+00:00,LONG,1.13197,1.13318,116.47,TP,False,5,3,0,2025-05
2025-05-01 12:45:00+00:00,2025-05-01 14:01:00+00:00,SHORT,1.13171,1.1298,186.48,TP,False,8,3,0,2025-05
2025-05-01 15:00:00+00:00,2025-05-01 15:44:00+00:00,LONG,1.12817,1.12677,-144.51,SL,False,11,3,0,2025-05
2025-05-01 15:45:00+00:00,2025-05-01 16:17:00+00:00,LONG,1.12679,1.12851,167.49,TP,False,11,3,0,2025-05
2025-05-01 18:15:00+00:00,2025-05-01 18:29:00+00:00,LONG,1.12876,1.12775,-105.52,SL,False,14,3,0,2025-05
2025-05-01 18:30:00+00:00,2025-05-01 18:49:00+00:00,LONG,1.12805,1.12935,125.48,TP,False,14,3,0,2025-05
2025-05-01 19:00:00+00:00,2025-05-01 22:37:00+00:00,LONG,1.12858,1.12984,121.48,TP,False,15,3,0,2025-05
2025-05-01 23:00:00+00:00,2025-05-02 00:16:00+00:00,LONG,1.12953,1.12884,-73.52,SL,False,19,3,0,2025-05
2025-05-02 01:00:00+00:00,2025-05-02 01:50:00+00:00,LONG,1.12823,1.12918,90.48,TP,False,21,3,0,2025-05
2025-05-02 03:00:00+00:00,2025-05-02 03:24:00+00:00,LONG,1.1294,1.13046,101.48,TP,False,23,3,0,2025-05
2025-05-02 03:30:00+00:00,2025-05-02 06:06:00+00:00,LONG,1.13082,1.13166,79.48,TP,False,23,3,0,2025-05
2025-05-02 07:00:00+00:00,2025-05-02 07:57:00+00:00,LONG,1.13259,1.13374,110.46,TP,False,3,4,0,2025-05
2025-05-02 09:30:00+00:00,2025-05-02 09:39:00+00:00,LONG,1.1331,1.13424,109.46,TP,False,5,4,0,2025-05
2025-05-02 09:45:00+00:00,2025-05-02 10:36:00+00:00,SHORT,1.13478,1.13361,112.46,TP,False,5,4,0,2025-05
2025-05-02 13:45:00+00:00,2025-05-02 15:23:00+00:00,SHORT,1.13677,1.13429,243.46,TP,False,9,4,0,2025-05
2025-05-02 16:15:00+00:00,2025-05-02 16:55:00+00:00,SHORT,1.13374,1.13174,195.47,TP,False,12,4,0,2025-05
2025-05-04 21:30:00+00:00,2025-05-04 21:41:00+00:00,LONG,1.13031,1.12952,-83.52,SL,False,17,6,0,2025-05
2025-05-04 21:45:00+00:00,2025-05-04 22:03:00+00:00,LONG,1.12984,1.13085,96.48,TP,False,17,6,0,2025-05
2025-05-04 22:15:00+00:00,2025-05-04 22:45:00+00:00,LONG,1.13036,1.13137,96.48,TP,False,18,6,0,2025-05
2025-05-04 22:45:00+00:00,2025-05-04 23:01:00+00:00,LONG,1.13134,1.13044,-94.52,SL,False,18,6,0,2025-05
2025-05-04 23:15:00+00:00,2025-05-04 23:32:00+00:00,LONG,1.13034,1.13143,104.48,TP,False,19,6,0,2025-05
2025-05-04 23:45:00+00:00,2025-05-05 01:07:00+00:00,LONG,1.13204,1.13304,95.47,TP,False,19,6,0,2025-05
2025-05-05 02:30:00+00:00,2025-05-05 03:38:00+00:00,LONG,1.13398,1.13301,-101.54,SL,False,22,6,0,2025-05
2025-05-05 08:00:00+00:00,2025-05-05 08:12:00+00:00,LONG,1.13132,1.1325,113.47,TP,False,4,0,0,2025-05
2025-05-05 08:15:00+00:00,2025-05-05 09:07:00+00:00,LONG,1.13255,1.13384,124.46,TP,False,4,0,0,2025-05
2025-05-05 10:00:00+00:00,2025-05-05 11:11:00+00:00,LONG,1.13413,1.13534,116.46,TP,False,6,0,0,2025-05
2025-05-05 12:45:00+00:00,2025-05-05 12:57:00+00:00,SHORT,1.13502,1.13623,-125.54,SL,False,8,0,0,2025-05
2025-05-05 15:00:00+00:00,2025-05-05 15:34:00+00:00,SHORT,1.13386,1.1324,141.47,TP,False,11,0,0,2025-05
2025-05-05 17:00:00+00:00,2025-05-05 18:56:00+00:00,LONG,1.13023,1.13142,114.48,TP,False,13,0,0,2025-05
2025-05-05 19:00:00+00:00,2025-05-06 00:09:00+00:00,LONG,1.13132,1.13043,-93.52,SL,False,15,0,0,2025-05
2025-05-06 00:15:00+00:00,2025-05-06 00:19:00+00:00,LONG,1.12989,1.12934,-59.52,SL,False,20,0,0,2025-05
2025-05-06 00:30:00+00:00,2025-05-06 01:04:00+00:00,LONG,1.12868,1.128,-72.52,SL,False,20,0,0,2025-05
2025-05-06 01:30:00+00:00,2025-05-06 01:32:00+00:00,LONG,1.12888,1.12801,-91.52,SL,False,21,0,0,2025-05
2025-05-06 01:45:00+00:00,2025-05-06 02:07:00+00:00,LONG,1.12906,1.13026,115.48,TP,False,21,0,0,2025-05
2025-05-06 02:15:00+00:00,2025-05-06 04:03:00+00:00,LONG,1.13068,1.13179,106.48,TP,False,22,0,0,2025-05
2025-05-06 04:15:00+00:00,2025-05-06 06:38:00+00:00,LONG,1.13187,1.13295,103.47,TP,False,0,1,0,2025-05
2025-05-06 07:30:00+00:00,2025-05-06 07:46:00+00:00,LONG,1.1336,1.13481,116.46,TP,False,3,1,0,2025-05
2025-05-06 08:45:00+00:00,2025-05-06 09:07:00+00:00,LONG,1.13358,1.13227,-135.53,SL,False,4,1,0,2025-05
2025-05-06 20:15:00+00:00,2025-05-06 20:31:00+00:00,LONG,1.1378,1.1368,-104.55,SL,False,16,1,0,2025-05
2025-05-06 22:00:00+00:00,2025-05-06 22:03:00+00:00,LONG,1.13734,1.13663,-75.54,SL,False,18,1,0,2025-05
2025-05-06 22:30:00+00:00,2025-05-06 22:35:00+00:00,LONG,1.13296,1.13449,148.46,TP,False,18,1,0,2025-05
2025-05-06 23:00:00+00:00,2025-05-07 00:23:00+00:00,LONG,1.13426,1.13291,-139.54,SL,False,19,1,0,2025-05
2025-05-07 02:30:00+00:00,2025-05-07 05:49:00+00:00,LONG,1.13434,1.13599,160.46,TP,False,22,1,0,2025-05
2025-05-07 07:45:00+00:00,2025-05-07 08:36:00+00:00,LONG,1.13604,1.13722,113.46,TP,False,3,2,0,2025-05
2025-05-07 14:00:00+00:00,2025-05-07 14:08:00+00:00,LONG,1.13669,1.13575,-98.54,SL,False,10,2,0,2025-05
2025-05-07 14:30:00+00:00,2025-05-07 15:22:00+00:00,LONG,1.13619,1.13498,-125.54,SL,False,10,2,0,2025-05
2025-05-07 16:15:00+00:00,2025-05-07 16:42:00+00:00,LONG,1.13413,1.13536,118.46,TP,False,12,2,0,2025-05
2025-05-07 20:00:00+00:00,2025-05-08 01:52:00+00:00,LONG,1.13071,1.13322,246.47,TP,False,16,2,0,2025-05
2025-05-08 06:00:00+00:00,2025-05-08 06:16:00+00:00,LONG,1.1304,1.12929,-115.52,SL,False,2,3,0,2025-05
2025-05-08 06:30:00+00:00,2025-05-08 07:02:00+00:00,LONG,1.12858,1.12746,-116.51,SL,False,2,3,0,2025-05
2025-05-08 09:00:00+00:00,2025-05-08 10:13:00+00:00,LONG,1.12879,1.12779,-104.52,SL,False,5,3,0,2025-05
2025-05-08 10:15:00+00:00,2025-05-08 10:28:00+00:00,LONG,1.12792,1.12918,121.48,TP,False,6,3,0,2025-05
2025-05-08 13:45:00+00:00,2025-05-08 14:07:00+00:00,SHORT,1.12988,1.1313,-146.52,SL,False,9,3,0,2025-05
2025-05-08 15:15:00+00:00,2025-05-08 15:40:00+00:00,SHORT,1.12873,1.12651,217.49,TP,False,11,3,0,2025-05
2025-05-08 15:45:00+00:00,2025-05-08 15:50:00+00:00,LONG,1.12627,1.12425,-206.5,SL,False,11,3,0,2025-05
2025-05-08 18:00:00+00:00,2025-05-08 19:27:00+00:00,LONG,1.12268,1.12118,-154.49,SL,False,14,3,0,2025-05
2025-05-08 19:30:00+00:00,2025-05-08 19:51:00+00:00,LONG,1.12125,1.12267,137.51,TP,False,15,3,0,2025-05
2025-05-08 21:00:00+00:00,2025-05-09 00:21:00+00:00,LONG,1.1225,1.12162,-92.49,SL,False,17,3,0,2025-05
2025-05-09 01:30:00+00:00,2025-05-09 02:03:00+00:00,LONG,1.1216,1.12071,-93.48,SL,False,21,3,0,2025-05
2025-05-09 02:15:00+00:00,2025-05-09 02:38:00+00:00,LONG,1.12,1.12117,112.52,TP,False,22,3,0,2025-05
2025-05-09 02:45:00+00:00,2025-05-09 03:01:00+00:00,LONG,1.12135,1.12242,102.52,TP,False,22,3,0,2025-05
2025-05-09 03:15:00+00:00,2025-05-09 05:58:00+00:00,LONG,1.1225,1.12355,100.5,TP,False,23,3,0,2025-05
2025-05-09 07:00:00+00:00,2025-05-09 07:35:00+00:00,LONG,1.12404,1.12509,100.5,TP,False,3,4,0,2025-05
2025-05-09 09:30:00+00:00,2025-05-09 13:10:00+00:00,LONG,1.12511,1.12623,107.5,TP,False,5,4,0,2025-05
2025-05-09 13:15:00+00:00,2025-05-09 14:20:00+00:00,LONG,1.12647,1.12755,103.49,TP,False,9,4,0,2025-05
2025-05-09 15:00:00+00:00,2025-05-09 19:25:00+00:00,SHORT,1.12676,1.12515,156.5,TP,False,11,4,0,2025-05
2025-05-11 21:30:00+00:00,2025-05-11 22:05:00+00:00,LONG,1.1213,1.12267,132.51,TP,False,17,6,0,2025-05
2025-05-11 22:15:00+00:00,2025-05-12 00:10:00+00:00,LONG,1.12253,1.12372,114.5,TP,False,18,6,0,2025-05
2025-05-12 02:00:00+00:00,2025-05-12 02:25:00+00:00,LONG,1.12261,1.12379,113.5,TP,False,22,6,0,2025-05
2025-05-12 05:00:00+00:00,2025-05-12 05:17:00+00:00,LONG,1.12276,1.122,-80.49,SL,False,1,0,0,2025-05
2025-05-12 05:30:00+00:00,2025-05-12 05:48:00+00:00,LONG,1.12224,1.12152,-76.48,SL,False,1,0,0,2025-05
2025-05-12 07:00:00+00:00,2025-05-12 07:01:00+00:00,LONG,1.12182,1.11853,-333.48,SL,False,3,0,0,2025-05
2025-05-12 07:15:00+00:00,2025-05-12 07:23:00+00:00,LONG,1.11595,1.11405,-194.46,SL,False,3,0,0,2025-05
2025-05-12 07:30:00+00:00,2025-05-12 08:15:00+00:00,LONG,1.11156,1.10819,-341.44,SL,False,3,0,0,2025-05
2025-05-12 08:15:00+00:00,2025-05-12 08:36:00+00:00,LONG,1.10936,1.11223,282.56,TP,False,4,0,0,2025-05
2025-05-12 10:00:00+00:00,2025-05-12 10:16:00+00:00,LONG,1.11188,1.1098,-212.44,SL,False,6,0,0,2025-05
2025-05-12 10:30:00+00:00,2025-05-12 11:51:00+00:00,LONG,1.10906,1.11151,240.56,TP,False,6,0,0,2025-05
2025-05-12 17:00:00+00:00,2025-05-12 18:10:00+00:00,LONG,1.10848,1.10693,-159.43,SL,False,13,0,0,2025-05
2025-05-12 19:15:00+00:00,2025-05-13 00:06:00+00:00,LONG,1.10898,1.11027,124.56,TP,False,15,0,0,2025-05
2025-05-13 00:30:00+00:00,2025-05-13 01:18:00+00:00,LONG,1.11003,1.11083,75.56,TP,False,20,0,0,2025-05
2025-05-13 01:30:00+00:00,2025-05-13 03:47:00+00:00,LONG,1.11044,1.11144,95.56,TP,False,21,0,0,2025-05
2025-05-13 04:00:00+00:00,2025-05-13 04:23:00+00:00,LONG,1.11164,1.11094,-74.44,SL,False,0,1,0,2025-05
2025-05-13 10:30:00+00:00,2025-05-13 10:48:00+00:00,LONG,1.11094,1.11,-98.44,SL,False,6,1,0,2025-05
2025-05-13 16:15:00+00:00,2025-05-13 16:43:00+00:00,SHORT,1.11697,1.11831,-138.47,SL,False,12,1,0,2025-05
2025-05-13 20:15:00+00:00,2025-05-13 22:55:00+00:00,LONG,1.11889,1.11965,71.52,TP,False,16,1,0,2025-05
2025-05-13 23:00:00+00:00,2025-05-13 23:06:00+00:00,LONG,1.11975,1.11905,-74.48,SL,False,19,1,0,2025-05
2025-05-14 02:45:00+00:00,2025-05-14 02:56:00+00:00,SHORT,1.11851,1.11926,-79.48,SL,False,22,1,0,2025-05
2025-05-14 03:15:00+00:00,2025-05-14 04:01:00+00:00,SHORT,1.11894,1.12008,-118.48,SL,False,23,1,0,2025-05
2025-05-14 04:30:00+00:00,2025-05-14 05:00:00+00:00,LONG,1.11953,1.11878,-79.48,SL,False,0,2,0,2025-05
2025-05-14 07:30:00+00:00,2025-05-14 07:40:00+00:00,LONG,1.11925,1.12093,163.52,TP,False,3,2,0,2025-05
2025-05-14 07:45:00+00:00,2025-05-14 08:04:00+00:00,LONG,1.12046,1.1225,199.51,TP,False,3,2,0,2025-05
2025-05-14 10:15:00+00:00,2025-05-14 11:10:00+00:00,SHORT,1.12449,1.12248,196.51,TP,False,6,2,0,2025-05
2025-05-14 11:15:00+00:00,2025-05-14 12:14:00+00:00,SHORT,1.12268,1.12104,159.51,TP,False,7,2,0,2025-05
2025-05-14 16:45:00+00:00,2025-05-14 18:15:00+00:00,LONG,1.11861,1.11718,-147.47,SL,False,12,2,0,2025-05
2025-05-14 20:00:00+00:00,2025-05-14 22:01:00+00:00,LONG,1.11676,1.11788,107.53,TP,False,16,2,0,2025-05
2025-05-14 23:15:00+00:00,2025-05-15 00:01:00+00:00,SHORT,1.11859,1.11795,59.52,TP,False,19,2,0,2025-05
2025-05-15 00:30:00+00:00,2025-05-15 01:03:00+00:00,LONG,1.11885,1.11959,69.52,TP,False,20,2,0,2025-05
2025-05-15 10:00:00+00:00,2025-05-15 11:21:00+00:00,SHORT,1.12025,1.11904,116.52,TP,False,6,3,0,2025-05
2025-05-15 12:00:00+00:00,2025-05-15 12:22:00+00:00,LONG,1.1183,1.11954,119.52,TP,False,8,3,0,2025-05
2025-05-15 18:00:00+00:00,2025-05-15 19:36:00+00:00,LONG,1.11713,1.11837,119.53,TP,False,14,3,0,2025-05
2025-05-15 21:00:00+00:00,2025-05-16 00:03:00+00:00,LONG,1.11877,1.11959,77.52,TP,False,17,3,0,2025-05
2025-05-16 05:15:00+00:00,2025-05-16 05:50:00+00:00,SHORT,1.12098,1.12166,-72.48,SL,False,1,4,0,2025-05
2025-05-16 09:30:00+00:00,2025-05-16 09:42:00+00:00,LONG,1.12076,1.11994,-86.48,SL,False,5,4,0,2025-05
2025-05-16 10:00:00+00:00,2025-05-16 11:08:00+00:00,LONG,1.11946,1.12049,98.52,TP,False,6,4,0,2025-05
2025-05-16 15:30:00+00:00,2025-05-16 16:21:00+00:00,LONG,1.11436,1.11312,-128.46,SL,False,11,4,0,2025-05
2025-05-16 16:30:00+00:00,2025-05-16 18:45:00+00:00,LONG,1.11376,1.11525,144.54,TP,False,12,4,0,2025-05
2025-05-16 20:15:00+00:00,2025-05-16 20:52:00+00:00,SHORT,1.11512,1.11579,-71.46,SL,False,16,4,0,2025-05
2025-05-18 21:30:00+00:00,2025-05-18 22:01:00+00:00,LONG,1.11817,1.11723,-98.47,SL,False,17,6,0,2025-05
2025-05-18 22:15:00+00:00,2025-05-19 00:55:00+00:00,LONG,1.11864,1.11978,109.52,TP,False,18,6,0,2025-05
2025-05-19 06:00:00+00:00,2025-05-19 06:08:00+00:00,LONG,1.11851,1.11935,79.52,TP,False,2,0,0,2025-05
2025-05-19 06:15:00+00:00,2025-05-19 06:24:00+00:00,LONG,1.11926,1.12023,92.52,TP,False,2,0,0,2025-05
2025-05-19 08:15:00+00:00,2025-05-19 08:58:00+00:00,SHORT,1.12483,1.12593,-114.5,SL,False,4,0,0,2025-05
2025-05-19 12:30:00+00:00,2025-05-19 13:04:00+00:00,SHORT,1.12641,1.12511,125.5,TP,False,8,0,0,2025-05
2025-05-19 13:15:00+00:00,2025-05-19 13:51:00+00:00,SHORT,1.12604,1.12473,126.5,TP,False,9,0,0,2025-05
2025-05-19 17:00:00+00:00,2025-05-19 17:18:00+00:00,LONG,1.12354,1.12252,-106.5,SL,False,13,0,0,2025-05
2025-05-19 17:30:00+00:00,2025-05-19 19:54:00+00:00,LONG,1.12282,1.12394,107.5,TP,False,13,0,0,2025-05
2025-05-19 22:00:00+00:00,2025-05-19 22:21:00+00:00,LONG,1.12435,1.12383,-56.5,SL,False,18,0,0,2025-05
2025-05-19 22:30:00+00:00,2025-05-19 22:49:00+00:00,LONG,1.12407,1.12365,-46.5,SL,False,18,0,0,2025-05
2025-05-19 23:00:00+00:00,2025-05-20 00:01:00+00:00,LONG,1.12354,1.12308,-50.5,SL,False,19,0,0,2025-05
2025-05-20 00:15:00+00:00,2025-05-20 00:24:00+00:00,LONG,1.12276,1.12233,-47.49,SL,False,20,0,0,2025-05
2025-05-20 00:30:00+00:00,2025-05-20 00:59:00+00:00,LONG,1.12216,1.12281,60.51,TP,False,20,0,0,2025-05
2025-05-20 01:00:00+00:00,2025-05-20 01:03:00+00:00,LONG,1.1228,1.12343,58.5,TP,False,21,0,0,2025-05
2025-05-20 02:00:00+00:00,2025-05-20 02:21:00+00:00,SHORT,1.12384,1.1246,-80.5,SL,False,22,0,0,2025-05
2025-05-20 02:30:00+00:00,2025-05-20 02:58:00+00:00,SHORT,1.12437,1.12262,170.5,TP,False,22,0,0,2025-05
2025-05-20 07:00:00+00:00,2025-05-20 07:13:00+00:00,LONG,1.12578,1.12723,140.5,TP,False,3,1,0,2025-05
2025-05-20 11:00:00+00:00,2025-05-20 12:12:00+00:00,LONG,1.12445,1.12357,-92.5,SL,False,7,1,0,2025-05
2025-05-20 12:30:00+00:00,2025-05-20 13:37:00+00:00,LONG,1.12279,1.12382,98.5,TP,False,8,1,0,2025-05
2025-05-20 20:00:00+00:00,2025-05-20 23:28:00+00:00,LONG,1.12807,1.12886,74.48,TP,False,16,1,0,2025-05
2025-05-21 02:00:00+00:00,2025-05-21 02:04:00+00:00,SHORT,1.12986,1.13085,-103.52,SL,False,22,1,0,2025-05
2025-05-21 02:45:00+00:00,2025-05-21 03:49:00+00:00,LONG,1.13218,1.13321,98.47,TP,False,22,1,0,2025-05
2025-05-21 05:45:00+00:00,2025-05-21 06:05:00+00:00,SHORT,1.13334,1.13229,100.47,TP,False,1,2,0,2025-05
2025-05-21 16:30:00+00:00,2025-05-21 17:11:00+00:00,SHORT,1.13412,1.13528,-120.54,SL,False,12,2,0,2025-05
2025-05-21 20:00:00+00:00,2025-05-21 20:41:00+00:00,LONG,1.13191,1.13298,102.47,TP,False,16,2,0,2025-05
2025-05-21 20:45:00+00:00,2025-05-21 22:06:00+00:00,LONG,1.13307,1.13211,-100.53,SL,False,16,2,0,2025-05
2025-05-21 22:30:00+00:00,2025-05-21 23:03:00+00:00,SHORT,1.13223,1.13124,94.48,TP,False,18,2,0,2025-05
2025-05-21 23:45:00+00:00,2025-05-22 00:01:00+00:00,SHORT,1.13267,1.13334,-71.54,SL,False,19,2,0,2025-05
2025-05-22 03:00:00+00:00,2025-05-22 04:03:00+00:00,LONG,1.13389,1.13296,-97.54,SL,False,23,2,0,2025-05
2025-05-22 04:45:00+00:00,2025-05-22 06:05:00+00:00,LONG,1.13305,1.13385,75.46,TP,False,0,3,0,2025-05
2025-05-22 09:30:00+00:00,2025-05-22 11:31:00+00:00,LONG,1.1294,1.13097,152.48,TP,False,5,3,0,2025-05
2025-05-22 15:00:00+00:00,2025-05-22 17:13:00+00:00,LONG,1.12774,1.12651,-127.51,SL,False,11,3,0,2025-05
2025-05-22 18:00:00+00:00,2025-05-22 18:48:00+00:00,LONG,1.12681,1.12802,116.49,TP,False,14,3,0,2025-05
2025-05-22 21:30:00+00:00,2025-05-22 23:06:00+00:00,LONG,1.12811,1.12885,69.48,TP,False,17,3,0,2025-05
2025-05-22 23:30:00+00:00,2025-05-23 00:05:00+00:00,LONG,1.12838,1.12792,-50.52,SL,False,19,3,0,2025-05
2025-05-23 05:00:00+00:00,2025-05-23 05:38:00+00:00,LONG,1.1318,1.13111,-73.52,SL,False,1,4,0,2025-05
2025-05-23 07:45:00+00:00,2025-05-23 09:05:00+00:00,LONG,1.13359,1.13487,123.46,TP,False,3,4,0,2025-05
2025-05-23 20:00:00+00:00,2025-05-25 22:11:00+00:00,LONG,1.13637,1.13793,151.45,TP,False,16,4,0,2025-05
2025-05-25 22:45:00+00:00,2025-05-26 00:04:00+00:00,SHORT,1.13744,1.13847,-107.55,SL,False,18,6,0,2025-05
2025-05-26 10:15:00+00:00,2025-05-26 12:19:00+00:00,SHORT,1.13829,1.1373,94.45,TP,False,6,0,0,2025-05
2025-05-26 12:45:00+00:00,2025-05-26 13:40:00+00:00,SHORT,1.1375,1.13826,-80.56,SL,False,8,0,0,2025-05
2025-05-26 13:45:00+00:00,2025-05-26 14:31:00+00:00,SHORT,1.13783,1.1385,-71.56,SL,False,9,0,0,2025-05
2025-05-26 14:45:00+00:00,2025-05-26 20:46:00+00:00,SHORT,1.13813,1.13881,-72.56,SL,False,10,0,0,2025-05
2025-05-27 01:00:00+00:00,2025-05-27 01:07:00+00:00,SHORT,1.14,1.14053,-57.56,SL,False,21,0,0,2025-05
2025-05-27 01:15:00+00:00,2025-05-27 01:41:00+00:00,SHORT,1.14064,1.13999,60.44,TP,False,21,0,0,2025-05
2025-05-27 01:45:00+00:00,2025-05-27 02:15:00+00:00,SHORT,1.1396,1.14017,-61.56,SL,False,21,0,0,2025-05
2025-05-27 07:15:00+00:00,2025-05-27 07:21:00+00:00,LONG,1.13667,1.13569,-102.54,SL,False,3,1,0,2025-05
2025-05-27 07:30:00+00:00,2025-05-27 12:23:00+00:00,LONG,1.13471,1.13595,119.46,TP,False,3,1,0,2025-05
2025-05-27 16:30:00+00:00,2025-05-28 00:31:00+00:00,LONG,1.13333,1.13452,114.46,TP,False,12,1,0,2025-05
2025-05-28 02:00:00+00:00,2025-05-28 02:44:00+00:00,LONG,1.13177,1.13075,-106.52,SL,False,22,1,0,2025-05
2025-05-28 02:45:00+00:00,2025-05-28 02:56:00+00:00,LONG,1.13113,1.1302,-97.52,SL,False,22,1,0,2025-05
2025-05-28 03:00:00+00:00,2025-05-28 07:10:00+00:00,LONG,1.13056,1.13179,118.48,TP,False,23,1,0,2025-05
2025-05-28 07:15:00+00:00,2025-05-28 08:04:00+00:00,LONG,1.13205,1.13328,118.47,TP,False,3,2,0,2025-05
2025-05-28 16:00:00+00:00,2025-05-28 17:23:00+00:00,LONG,1.12847,1.12992,140.48,TP,False,12,2,0,2025-05
2025-05-28 20:30:00+00:00,2025-05-28 23:04:00+00:00,SHORT,1.12952,1.12868,79.48,TP,False,16,2,0,2025-05
2025-05-28 23:15:00+00:00,2025-05-28 23:17:00+00:00,LONG,1.12787,1.12705,-86.51,SL,False,19,2,0,2025-05
2025-05-28 23:30:00+00:00,2025-05-28 23:33:00+00:00,LONG,1.12699,1.1262,-83.5,SL,False,19,2,0,2025-05
2025-05-28 23:45:00+00:00,2025-05-28 23:46:00+00:00,LONG,1.12107,1.12231,119.52,TP,False,19,2,0,2025-05
2025-05-29 00:00:00+00:00,2025-05-29 00:09:00+00:00,LONG,1.12298,1.12482,179.5,TP,False,20,2,0,2025-05
2025-05-29 00:15:00+00:00,2025-05-29 06:21:00+00:00,LONG,1.12392,1.12606,209.5,TP,False,20,2,0,2025-05
2025-05-29 06:30:00+00:00,2025-05-29 07:03:00+00:00,LONG,1.12708,1.12828,115.49,TP,False,2,3,0,2025-05
2025-05-29 10:30:00+00:00,2025-05-29 10:37:00+00:00,LONG,1.12895,1.12809,-90.52,SL,False,6,3,0,2025-05
2025-05-29 12:45:00+00:00,2025-05-29 12:56:00+00:00,SHORT,1.13266,1.13413,-151.54,SL,False,8,3,0,2025-05
2025-05-29 13:15:00+00:00,2025-05-29 14:16:00+00:00,SHORT,1.1345,1.1361,-164.54,SL,False,9,3,0,2025-05
2025-05-29 15:15:00+00:00,2025-05-29 16:05:00+00:00,LONG,1.13558,1.1374,177.46,TP,False,11,3,0,2025-05
2025-05-29 19:00:00+00:00,2025-05-29 20:12:00+00:00,SHORT,1.13752,1.13611,136.45,TP,False,15,3,0,2025-05
2025-05-29 23:30:00+00:00,2025-05-30 00:19:00+00:00,LONG,1.1376,1.13822,57.44,TP,False,19,3,0,2025-05
2025-05-30 02:00:00+00:00,2025-05-30 05:01:00+00:00,LONG,1.13549,1.13448,-105.54,SL,False,22,3,0,2025-05
2025-05-30 05:30:00+00:00,2025-05-30 05:55:00+00:00,SHORT,1.13463,1.13535,-76.54,SL,False,1,4,0,2025-05
2025-05-30 07:00:00+00:00,2025-05-30 07:07:00+00:00,SHORT,1.13466,1.13365,96.46,TP,False,3,4,0,2025-05
2025-05-30 09:30:00+00:00,2025-05-30 12:10:00+00:00,LONG,1.13287,1.13466,174.46,TP,False,5,4,0,2025-05
2025-05-30 20:45:00+00:00,2025-06-01 22:02:00+00:00,LONG,1.13463,1.13549,81.46,TP,False,16,4,0,2025-05
2025-06-01 22:15:00+00:00,2025-06-01 22:27:00+00:00,LONG,1.13563,1.13508,-59.54,SL,False,18,6,0,2025-06
2025-06-01 22:30:00+00:00,2025-06-01 23:03:00+00:00,LONG,1.13511,1.13578,62.46,TP,False,18,6,0,2025-06
2025-06-01 23:15:00+00:00,2025-06-01 23:58:00+00:00,LONG,1.13576,1.1351,-70.54,SL,False,19,6,0,2025-06
2025-06-02 06:30:00+00:00,2025-06-02 06:31:00+00:00,SHORT,1.13907,1.13973,-70.56,SL,False,2,0,0,2025-06
2025-06-02 06:45:00+00:00,2025-06-02 07:15:00+00:00,SHORT,1.1405,1.14133,-87.56,SL,False,2,0,0,2025-06
2025-06-02 08:00:00+00:00,2025-06-02 09:15:00+00:00,SHORT,1.14237,1.14342,-109.57,SL,False,4,0,0,2025-06
2025-06-02 10:00:00+00:00,2025-06-02 11:45:00+00:00,SHORT,1.14234,1.14107,122.44,TP,False,6,0,0,2025-06
2025-06-02 11:45:00+00:00,2025-06-02 12:31:00+00:00,SHORT,1.14128,1.1424,-116.56,SL,False,7,0,0,2025-06
2025-06-02 14:15:00+00:00,2025-06-02 15:36:00+00:00,SHORT,1.14416,1.14282,129.42,TP,False,10,0,0,2025-06
2025-06-02 15:45:00+00:00,2025-06-02 15:57:00+00:00,SHORT,1.14372,1.14243,124.43,TP,False,11,0,0,2025-06
2025-06-02 20:45:00+00:00,2025-06-02 23:05:00+00:00,LONG,1.14409,1.14487,73.42,TP,False,16,0,0,2025-06
2025-06-03 01:15:00+00:00,2025-06-03 01:37:00+00:00,LONG,1.14346,1.14282,-68.58,SL,False,21,0,0,2025-06
2025-06-03 02:00:00+00:00,2025-06-03 02:41:00+00:00,LONG,1.1428,1.14192,-92.57,SL,False,22,0,0,2025-06
2025-06-03 04:00:00+00:00,2025-06-03 05:01:00+00:00,SHORT,1.142,1.14262,-66.57,SL,False,0,1,0,2025-06
2025-06-03 08:00:00+00:00,2025-06-03 08:17:00+00:00,LONG,1.14159,1.14056,-107.56,SL,False,4,1,0,2025-06
2025-06-03 09:15:00+00:00,2025-06-03 10:07:00+00:00,LONG,1.14125,1.14028,-101.56,SL,False,5,1,0,2025-06
2025-06-03 11:30:00+00:00,2025-06-03 12:34:00+00:00,LONG,1.13872,1.13779,-97.56,SL,False,7,1,0,2025-06
2025-06-03 12:45:00+00:00,2025-06-03 13:39:00+00:00,LONG,1.13813,1.13931,113.44,TP,False,8,1,0,2025-06
2025-06-03 14:00:00+00:00,2025-06-03 14:01:00+00:00,LONG,1.13878,1.13731,-151.55,SL,False,10,1,0,2025-06
2025-06-03 14:15:00+00:00,2025-06-03 14:32:00+00:00,LONG,1.13784,1.13925,136.44,TP,False,10,1,0,2025-06
2025-06-03 16:00:00+00:00,2025-06-03 23:47:00+00:00,LONG,1.13722,1.13857,130.45,TP,False,12,1,0,2025-06
2025-06-04 04:15:00+00:00,2025-06-04 04:43:00+00:00,LONG,1.13765,1.13695,-74.55,SL,False,0,2,0,2025-06
2025-06-04 05:00:00+00:00,2025-06-04 05:35:00+00:00,LONG,1.13668,1.13572,-100.54,SL,False,1,2,0,2025-06
2025-06-04 05:45:00+00:00,2025-06-04 05:55:00+00:00,LONG,1.13668,1.13598,-74.54,SL,False,1,2,0,2025-06
2025-06-04 07:00:00+00:00,2025-06-04 07:20:00+00:00,LONG,1.1378,1.13872,87.44,TP,False,3,2,0,2025-06
2025-06-04 08:15:00+00:00,2025-06-04 08:39:00+00:00,LONG,1.13874,1.13975,96.44,TP,False,4,2,0,2025-06
2025-06-04 20:00:00+00:00,2025-06-04 20:32:00+00:00,LONG,1.14124,1.14197,68.44,TP,False,16,2,0,2025-06
2025-06-04 22:30:00+00:00,2025-06-04 23:19:00+00:00,LONG,1.14204,1.14245,36.44,TP,False,18,2,0,2025-06
2025-06-04 23:30:00+00:00,2025-06-04 23:40:00+00:00,LONG,1.14268,1.14231,-41.57,SL,False,19,2,0,2025-06
2025-06-05 00:15:00+00:00,2025-06-05 00:19:00+00:00,LONG,1.14261,1.14196,-69.57,SL,False,20,2,0,2025-06
2025-06-05 00:45:00+00:00,2025-06-05 01:02:00+00:00,SHORT,1.14255,1.14311,-60.58,SL,False,20,2,0,2025-06
2025-06-05 04:30:00+00:00,2025-06-05 05:56:00+00:00,LONG,1.14128,1.14047,-85.56,SL,False,0,3,0,2025-06
2025-06-05 06:30:00+00:00,2025-06-05 06:40:00+00:00,SHORT,1.14148,1.14063,80.44,TP,False,2,3,0,2025-06
2025-06-05 09:30:00+00:00,2025-06-05 09:45:00+00:00,LONG,1.14194,1.14116,-82.56,SL,False,5,3,0,2025-06
2025-06-05 09:45:00+00:00,2025-06-05 10:03:00+00:00,LONG,1.14118,1.14209,86.44,TP,False,5,3,0,2025-06
2025-06-05 10:15:00+00:00,2025-06-05 11:35:00+00:00,LONG,1.14247,1.14166,-85.56,SL,False,6,3,0,2025-06
2025-06-05 12:15:00+00:00,2025-06-05 12:16:00+00:00,SHORT,1.14239,1.14351,-116.57,SL,False,8,3,0,2025-06
2025-06-05 13:30:00+00:00,2025-06-05 14:06:00+00:00,SHORT,1.1491,1.14655,250.41,TP,False,9,3,0,2025-06
2025-06-05 14:15:00+00:00,2025-06-05 14:55:00+00:00,SHORT,1.14765,1.14543,217.41,TP,False,10,3,0,2025-06
2025-06-05 15:00:00+00:00,2025-06-05 15:46:00+00:00,SHORT,1.14579,1.14352,222.42,TP,False,11,3,0,2025-06
2025-06-05 18:45:00+00:00,2025-06-05 19:26:00+00:00,LONG,1.14367,1.1448,108.42,TP,False,14,3,0,2025-06
2025-06-05 21:00:00+00:00,2025-06-05 23:56:00+00:00,LONG,1.14451,1.14538,82.42,TP,False,17,3,0,2025-06
2025-06-06 01:45:00+00:00,2025-06-06 02:03:00+00:00,SHORT,1.14461,1.14395,61.42,TP,False,21,3,0,2025-06
2025-06-06 02:15:00+00:00,2025-06-06 05:23:00+00:00,LONG,1.14383,1.14322,-65.58,SL,False,22,3,0,2025-06
2025-06-06 05:45:00+00:00,2025-06-06 06:01:00+00:00,LONG,1.14319,1.14383,59.42,TP,False,1,4,0,2025-06
2025-06-06 09:30:00+00:00,2025-06-06 09:45:00+00:00,SHORT,1.14142,1.14214,-76.56,SL,False,5,4,0,2025-06
2025-06-06 10:15:00+00:00,2025-06-06 11:34:00+00:00,SHORT,1.14202,1.14264,-66.57,SL,False,6,4,0,2025-06
2025-06-06 13:00:00+00:00,2025-06-06 13:22:00+00:00,LONG,1.13968,1.13821,-151.56,SL,False,9,4,0,2025-06
2025-06-06 13:30:00+00:00,2025-06-06 13:52:00+00:00,LONG,1.13769,1.13962,188.44,TP,False,9,4,0,2025-06
2025-06-06 15:45:00+00:00,2025-06-09 01:52:00+00:00,SHORT,1.14015,1.14167,-156.56,SL,False,11,4,0,2025-06
2025-06-09 02:00:00+00:00,2025-06-09 02:10:00+00:00,SHORT,1.14154,1.14251,-101.57,SL,False,22,6,0,2025-06
2025-06-09 02:15:00+00:00,2025-06-09 03:28:00+00:00,SHORT,1.14223,1.14143,75.44,TP,False,22,6,0,2025-06
2025-06-09 10:00:00+00:00,2025-06-09 10:45:00+00:00,SHORT,1.14262,1.14175,82.43,TP,False,6,0,0,2025-06
2025-06-09 10:45:00+00:00,2025-06-09 11:34:00+00:00,SHORT,1.14181,1.14079,97.44,TP,False,6,0,0,2025-06
2025-06-09 12:15:00+00:00,2025-06-09 12:51:00+00:00,LONG,1.14086,1.1398,-110.56,SL,False,8,0,0,2025-06
2025-06-09 14:15:00+00:00,2025-06-09 14:34:00+00:00,LONG,1.14072,1.1394,-136.56,SL,False,10,0,0,2025-06
2025-06-09 15:00:00+00:00,2025-06-09 15:16:00+00:00,SHORT,1.14078,1.14166,-92.56,SL,False,11,0,0,2025-06
2025-06-09 17:30:00+00:00,2025-06-10 00:15:00+00:00,LONG,1.14241,1.14327,81.43,TP,False,13,0,0,2025-06
2025-06-10 02:00:00+00:00,2025-06-10 02:01:00+00:00,LONG,1.13969,1.13886,-87.56,SL,False,22,0,0,2025-06
2025-06-10 02:45:00+00:00,2025-06-10 03:28:00+00:00,LONG,1.13941,1.14043,97.44,TP,False,22,0,0,2025-06
2025-06-10 07:30:00+00:00,2025-06-10 08:35:00+00:00,LONG,1.13913,1.1405,132.44,TP,False,3,1,0,2025-06
2025-06-10 10:15:00+00:00,2025-06-10 10:44:00+00:00,LONG,1.14129,1.14251,117.43,TP,False,6,1,0,2025-06
2025-06-10 11:45:00+00:00,2025-06-10 12:03:00+00:00,LONG,1.14271,1.14399,123.42,TP,False,7,1,0,2025-06
2025-06-10 12:30:00+00:00,2025-06-10 12:52:00+00:00,LONG,1.14271,1.14384,108.42,TP,False,8,1,0,2025-06
2025-06-10 14:15:00+00:00,2025-06-10 14:50:00+00:00,LONG,1.14322,1.1421,-116.57,SL,False,10,1,0,2025-06
2025-06-10 16:00:00+00:00,2025-06-10 19:22:00+00:00,SHORT,1.14225,1.14313,-92.57,SL,False,12,1,0,2025-06
2025-06-10 20:15:00+00:00,2025-06-10 20:25:00+00:00,LONG,1.14287,1.14216,-75.57,SL,False,16,1,0,2025-06
2025-06-10 20:30:00+00:00,2025-06-10 23:07:00+00:00,LONG,1.14223,1.14307,79.43,TP,False,16,1,0,2025-06
2025-06-10 23:15:00+00:00,2025-06-10 23:16:00+00:00,LONG,1.14323,1.14252,-75.58,SL,False,19,1,0,2025-06
2025-06-11 02:00:00+00:00,2025-06-11 02:45:00+00:00,LONG,1.14085,1.14178,88.44,TP,False,22,1,0,2025-06
2025-06-11 02:45:00+00:00,2025-06-11 06:29:00+00:00,LONG,1.14167,1.14092,-79.56,SL,False,22,1,0,2025-06
2025-06-11 07:00:00+00:00,2025-06-11 07:47:00+00:00,LONG,1.14102,1.14189,82.44,TP,False,3,2,0,2025-06
2025-06-11 08:00:00+00:00,2025-06-11 08:08:00+00:00,LONG,1.14196,1.14284,83.43,TP,False,4,2,0,2025-06
2025-06-11 08:15:00+00:00,2025-06-11 08:37:00+00:00,LONG,1.14227,1.14316,84.43,TP,False,4,2,0,2025-06
2025-06-11 16:00:00+00:00,2025-06-11 22:57:00+00:00,SHORT,1.14895,1.15003,-112.6,SL,False,12,2,0,2025-06
2025-06-11 23:00:00+00:00,2025-06-11 23:04:00+00:00,LONG,1.15059,1.15131,67.4,TP,False,19,2,0,2025-06
2025-06-11 23:30:00+00:00,2025-06-12 00:01:00+00:00,LONG,1.15054,1.15125,66.4,TP,False,19,2,0,2025-06
2025-06-12 00:30:00+00:00,2025-06-12 00:47:00+00:00,SHORT,1.15122,1.15218,-100.6,SL,False,20,2,0,2025-06
2025-06-12 06:15:00+00:00,2025-06-12 07:15:00+00:00,SHORT,1.15194,1.15107,82.4,TP,False,2,3,0,2025-06
2025-06-12 09:30:00+00:00,2025-06-12 09:54:00+00:00,SHORT,1.15576,1.15858,-286.63,SL,False,5,3,0,2025-06
2025-06-12 10:00:00+00:00,2025-06-12 10:14:00+00:00,SHORT,1.1572,1.15868,-152.63,SL,False,6,3,0,2025-06
2025-06-12 10:15:00+00:00,2025-06-12 10:29:00+00:00,SHORT,1.15774,1.15922,-152.64,SL,False,6,3,0,2025-06
2025-06-12 10:30:00+00:00,2025-06-12 10:52:00+00:00,SHORT,1.15902,1.16108,-210.64,SL,False,6,3,0,2025-06
2025-06-12 12:15:00+00:00,2025-06-12 12:31:00+00:00,LONG,1.15963,1.16319,351.35,TP,False,8,3,0,2025-06
2025-06-12 14:00:00+00:00,2025-06-12 15:42:00+00:00,LONG,1.15851,1.15674,-181.63,SL,False,10,3,0,2025-06
2025-06-12 18:45:00+00:00,2025-06-12 20:38:00+00:00,LONG,1.15749,1.15847,93.37,TP,False,14,3,0,2025-06
2025-06-12 21:30:00+00:00,2025-06-12 23:32:00+00:00,LONG,1.15878,1.15945,62.36,TP,False,17,3,0,2025-06
2025-06-13 01:00:00+00:00,2025-06-13 01:19:00+00:00,LONG,1.15588,1.15396,-196.62,SL,False,21,3,0,2025-06
2025-06-13 01:45:00+00:00,2025-06-13 04:16:00+00:00,LONG,1.15449,1.1527,-183.62,SL,False,21,3,0,2025-06
2025-06-13 04:30:00+00:00,2025-06-13 05:10:00+00:00,LONG,1.15212,1.15369,152.39,TP,False,0,4,0,2025-06
2025-06-13 05:45:00+00:00,2025-06-13 06:07:00+00:00,LONG,1.15252,1.15451,194.38,TP,False,1,4,0,2025-06
2025-06-13 07:15:00+00:00,2025-06-13 07:57:00+00:00,LONG,1.15548,1.15383,-169.62,SL,False,3,4,0,2025-06
2025-06-13 09:00:00+00:00,2025-06-13 10:25:00+00:00,LONG,1.15287,1.15139,-152.61,SL,False,5,4,0,2025-06
2025-06-13 10:30:00+00:00,2025-06-13 10:47:00+00:00,LONG,1.15161,1.15019,-146.6,SL,False,6,4,0,2025-06
2025-06-13 13:30:00+00:00,2025-06-13 13:38:00+00:00,SHORT,1.1506,1.15186,-130.6,SL,False,9,4,0,2025-06
2025-06-13 13:45:00+00:00,2025-06-13 13:59:00+00:00,SHORT,1.15158,1.15278,-124.61,SL,False,9,4,0,2025-06
2025-06-13 15:45:00+00:00,2025-06-13 17:08:00+00:00,SHORT,1.15629,1.15483,141.38,TP,False,11,4,0,2025-06
2025-06-15 21:30:00+00:00,2025-06-15 22:49:00+00:00,LONG,1.15325,1.15442,112.38,TP,False,17,6,0,2025-06
2025-06-15 23:00:00+00:00,2025-06-15 23:12:00+00:00,LONG,1.15413,1.15308,-109.62,SL,False,19,6,0,2025-06
2025-06-15 23:15:00+00:00,2025-06-16 00:02:00+00:00,LONG,1.15301,1.15409,103.38,TP,False,19,6,0,2025-06
2025-06-16 02:15:00+00:00,2025-06-16 05:04:00+00:00,SHORT,1.15321,1.15414,-97.62,SL,False,22,6,0,2025-06
2025-06-16 05:15:00+00:00,2025-06-16 05:25:00+00:00,LONG,1.15463,1.15543,75.38,TP,False,1,0,0,2025-06
2025-06-16 06:00:00+00:00,2025-06-16 06:20:00+00:00,LONG,1.15571,1.15468,-107.62,SL,False,2,0,0,2025-06
2025-06-16 07:30:00+00:00,2025-06-16 13:07:00+00:00,SHORT,1.15817,1.1596,-147.64,SL,False,3,0,0,2025-06
2025-06-16 14:15:00+00:00,2025-06-16 14:44:00+00:00,SHORT,1.16095,1.15953,137.36,TP,False,10,0,0,2025-06
2025-06-16 15:00:00+00:00,2025-06-16 17:09:00+00:00,SHORT,1.15914,1.15766,143.36,TP,False,11,0,0,2025-06
2025-06-16 17:15:00+00:00,2025-06-16 19:42:00+00:00,SHORT,1.15758,1.15606,147.37,TP,False,13,0,0,2025-06
2025-06-16 20:00:00+00:00,2025-06-16 21:16:00+00:00,LONG,1.15556,1.15666,105.38,TP,False,16,0,0,2025-06
2025-06-16 22:45:00+00:00,2025-06-16 23:56:00+00:00,LONG,1.15569,1.15508,-65.62,SL,False,18,0,0,2025-06
2025-06-17 00:00:00+00:00,2025-06-17 00:04:00+00:00,SHORT,1.15539,1.15469,65.38,TP,False,20,0,0,2025-06
2025-06-17 01:00:00+00:00,2025-06-17 01:19:00+00:00,SHORT,1.15498,1.15568,-74.62,SL,False,21,0,0,2025-06
2025-06-17 01:30:00+00:00,2025-06-17 01:51:00+00:00,SHORT,1.15521,1.15579,-62.62,SL,False,21,0,0,2025-06
2025-06-17 02:15:00+00:00,2025-06-17 02:53:00+00:00,SHORT,1.15501,1.15569,-72.62,SL,False,22,0,0,2025-06
2025-06-17 09:45:00+00:00,2025-06-17 10:46:00+00:00,LONG,1.1558,1.15673,88.38,TP,False,5,1,0,2025-06
2025-06-17 16:00:00+00:00,2025-06-17 16:42:00+00:00,LONG,1.15342,1.15191,-155.61,SL,False,12,1,0,2025-06
2025-06-17 16:45:00+00:00,2025-06-17 16:50:00+00:00,LONG,1.15207,1.15061,-150.6,SL,False,12,1,0,2025-06
2025-06-17 17:15:00+00:00,2025-06-17 17:46:00+00:00,LONG,1.14974,1.1483,-148.6,SL,False,13,1,0,2025-06
2025-06-17 20:00:00+00:00,2025-06-17 20:15:00+00:00,LONG,1.14847,1.14754,-97.6,SL,False,16,1,0,2025-06
2025-06-17 20:15:00+00:00,2025-06-17 21:16:00+00:00,LONG,1.1476,1.14889,124.4,TP,False,16,1,0,2025-06
2025-06-17 22:00:00+00:00,2025-06-17 22:54:00+00:00,LONG,1.14822,1.14745,-81.59,SL,False,18,1,0,2025-06
2025-06-17 23:00:00+00:00,2025-06-17 23:52:00+00:00,LONG,1.14752,1.14828,71.4,TP,False,19,1,0,2025-06
2025-06-18 04:15:00+00:00,2025-06-18 04:57:00+00:00,LONG,1.15001,1.1508,74.4,TP,False,0,2,0,2025-06
2025-06-18 07:15:00+00:00,2025-06-18 08:16:00+00:00,SHORT,1.15182,1.15075,102.4,TP,False,3,2,0,2025-06
2025-06-18 10:15:00+00:00,2025-06-18 10:54:00+00:00,LONG,1.15064,1.14973,-95.6,SL,False,6,2,0,2025-06
2025-06-18 11:15:00+00:00,2025-06-18 11:59:00+00:00,LONG,1.14995,1.15087,87.4,TP,False,7,2,0,2025-06
2025-06-18 20:15:00+00:00,2025-06-19 01:58:00+00:00,LONG,1.14771,1.14539,-236.59,SL,False,16,2,0,2025-06
2025-06-19 03:45:00+00:00,2025-06-19 05:49:00+00:00,LONG,1.14642,1.14557,-89.58,SL,False,23,2,0,2025-06
2025-06-19 06:00:00+00:00,2025-06-19 06:09:00+00:00,LONG,1.14566,1.14506,-64.58,SL,False,2,3,0,2025-06
2025-06-19 06:15:00+00:00,2025-06-19 06:33:00+00:00,SHORT,1.14554,1.14465,84.42,TP,False,2,3,0,2025-06
2025-06-19 06:45:00+00:00,2025-06-19 06:51:00+00:00,LONG,1.1457,1.1467,95.42,TP,False,2,3,0,2025-06
2025-06-19 13:30:00+00:00,2025-06-19 13:38:00+00:00,LONG,1.14799,1.14717,-86.59,SL,False,9,3,0,2025-06
2025-06-19 18:00:00+00:00,2025-06-19 19:12:00+00:00,LONG,1.14791,1.14916,120.4,TP,False,14,3,0,2025-06
2025-06-19 19:45:00+00:00,2025-06-19 23:17:00+00:00,SHORT,1.14968,1.15045,-81.6,SL,False,15,3,0,2025-06
2025-06-20 03:00:00+00:00,2025-06-20 03:44:00+00:00,LONG,1.15182,1.15262,75.39,TP,False,23,3,0,2025-06
2025-06-20 05:45:00+00:00,2025-06-20 06:00:00+00:00,SHORT,1.15235,1.15292,-61.61,SL,False,1,4,0,2025-06
2025-06-20 07:45:00+00:00,2025-06-20 08:45:00+00:00,SHORT,1.15131,1.15196,-69.6,SL,False,3,4,0,2025-06
2025-06-20 15:30:00+00:00,2025-06-20 16:59:00+00:00,LONG,1.15228,1.15372,139.39,TP,False,11,4,0,2025-06
2025-06-22 21:30:00+00:00,2025-06-22 22:02:00+00:00,LONG,1.1472,1.14889,164.41,TP,False,17,6,0,2025-06
2025-06-22 22:15:00+00:00,2025-06-22 23:20:00+00:00,LONG,1.14869,1.14985,111.4,TP,False,18,6,0,2025-06
2025-06-22 23:30:00+00:00,2025-06-23 00:15:00+00:00,LONG,1.14985,1.14873,-116.6,SL,False,19,6,0,2025-06
2025-06-23 05:00:00+00:00,2025-06-23 05:18:00+00:00,LONG,1.14907,1.14997,85.4,TP,False,1,0,0,2025-06
2025-06-23 06:00:00+00:00,2025-06-23 06:10:00+00:00,LONG,1.15132,1.15057,-79.6,SL,False,2,0,0,2025-06
2025-06-23 06:15:00+00:00,2025-06-23 07:15:00+00:00,LONG,1.15076,1.14989,-91.6,SL,False,2,0,0,2025-06
2025-06-23 08:30:00+00:00,2025-06-23 08:47:00+00:00,LONG,1.1495,1.14836,-118.6,SL,False,4,0,0,2025-06
2025-06-23 10:15:00+00:00,2025-06-23 10:37:00+00:00,LONG,1.14757,1.14631,-130.59,SL,False,6,0,0,2025-06
2025-06-23 10:45:00+00:00,2025-06-23 13:40:00+00:00,LONG,1.14666,1.14857,186.41,TP,False,6,0,0,2025-06
2025-06-23 14:30:00+00:00,2025-06-23 15:20:00+00:00,SHORT,1.153,1.1545,-154.62,SL,False,10,0,0,2025-06
2025-06-23 19:15:00+00:00,2025-06-23 22:07:00+00:00,LONG,1.15768,1.15953,180.36,TP,False,15,0,0,2025-06
2025-06-23 22:30:00+00:00,2025-06-23 22:45:00+00:00,SHORT,1.16004,1.15889,110.36,TP,False,18,0,0,2025-06
2025-06-24 00:45:00+00:00,2025-06-24 00:51:00+00:00,LONG,1.1604,1.15897,-147.64,SL,False,20,0,0,2025-06
2025-06-24 01:00:00+00:00,2025-06-24 02:03:00+00:00,LONG,1.15993,1.15897,-100.64,SL,False,21,0,0,2025-06
2025-06-24 04:15:00+00:00,2025-06-24 04:47:00+00:00,LONG,1.16041,1.16132,86.36,TP,False,0,1,0,2025-06
2025-06-24 07:45:00+00:00,2025-06-24 07:54:00+00:00,LONG,1.15978,1.15801,-181.64,SL,False,3,1,0,2025-06
2025-06-24 08:00:00+00:00,2025-06-24 09:20:00+00:00,LONG,1.15916,1.16081,160.36,TP,False,4,1,0,2025-06
2025-06-24 17:15:00+00:00,2025-06-24 19:59:00+00:00,SHORT,1.16253,1.16125,123.35,TP,False,13,1,0,2025-06
2025-06-24 22:00:00+00:00,2025-06-25 00:02:00+00:00,SHORT,1.16104,1.16166,-66.64,SL,False,18,1,0,2025-06
2025-06-25 02:30:00+00:00,2025-06-25 03:50:00+00:00,SHORT,1.16247,1.16159,83.36,TP,False,22,1,0,2025-06
2025-06-25 04:45:00+00:00,2025-06-25 05:45:00+00:00,SHORT,1.16138,1.1619,-56.64,SL,False,0,2,0,2025-06
2025-06-25 07:45:00+00:00,2025-06-25 07:52:00+00:00,LONG,1.16077,1.15975,-106.64,SL,False,3,2,0,2025-06
2025-06-25 08:00:00+00:00,2025-06-25 08:47:00+00:00,LONG,1.1599,1.16084,89.36,TP,False,4,2,0,2025-06
2025-06-25 10:15:00+00:00,2025-06-25 10:29:00+00:00,SHORT,1.16003,1.16079,-80.64,SL,False,6,2,0,2025-06
2025-06-25 10:30:00+00:00,2025-06-25 11:48:00+00:00,SHORT,1.16077,1.15985,87.36,TP,False,6,2,0,2025-06
2025-06-25 14:15:00+00:00,2025-06-25 14:31:00+00:00,LONG,1.16067,1.16168,96.36,TP,False,10,2,0,2025-06
2025-06-25 16:00:00+00:00,2025-06-25 16:04:00+00:00,LONG,1.162,1.163,95.35,TP,False,12,2,0,2025-06
2025-06-25 20:15:00+00:00,2025-06-25 23:01:00+00:00,LONG,1.16558,1.16647,84.34,TP,False,16,2,0,2025-06
2025-06-25 23:45:00+00:00,2025-06-25 23:53:00+00:00,SHORT,1.16771,1.16834,-67.68,SL,False,19,2,0,2025-06
2025-06-26 00:00:00+00:00,2025-06-26 01:16:00+00:00,SHORT,1.16834,1.16756,73.32,TP,False,20,2,0,2025-06
2025-06-26 03:30:00+00:00,2025-06-26 04:16:00+00:00,SHORT,1.1695,1.16831,114.32,TP,False,23,2,0,2025-06
2025-06-26 04:45:00+00:00,2025-06-26 06:07:00+00:00,SHORT,1.1683,1.16736,89.33,TP,False,0,3,0,2025-06
2025-06-26 06:30:00+00:00,2025-06-26 06:43:00+00:00,SHORT,1.16776,1.16867,-95.68,SL,False,2,3,0,2025-06
2025-06-26 09:00:00+00:00,2025-06-26 11:06:00+00:00,SHORT,1.17277,1.17101,171.31,TP,False,5,3,0,2025-06
2025-06-26 15:15:00+00:00,2025-06-26 15:41:00+00:00,SHORT,1.16991,1.17118,-131.68,SL,False,11,3,0,2025-06
2025-06-26 18:00:00+00:00,2025-06-26 19:08:00+00:00,SHORT,1.17248,1.17109,134.32,TP,False,14,3,0,2025-06
2025-06-26 21:30:00+00:00,2025-06-26 22:38:00+00:00,LONG,1.1697,1.16833,-141.68,SL,False,17,3,0,2025-06
2025-06-26 23:00:00+00:00,2025-06-26 23:16:00+00:00,LONG,1.16832,1.16939,102.32,TP,False,19,3,0,2025-06
2025-06-27 01:00:00+00:00,2025-06-27 01:52:00+00:00,SHORT,1.16917,1.17022,-109.68,SL,False,21,3,0,2025-06
2025-06-27 03:45:00+00:00,2025-06-27 03:53:00+00:00,SHORT,1.17051,1.16962,84.32,TP,False,23,3,0,2025-06
2025-06-27 04:00:00+00:00,2025-06-27 04:51:00+00:00,LONG,1.16958,1.16878,-84.68,SL,False,0,4,0,2025-06
2025-06-27 05:00:00+00:00,2025-06-27 05:51:00+00:00,LONG,1.16852,1.16936,79.32,TP,False,1,4,0,2025-06
2025-06-27 07:30:00+00:00,2025-06-27 08:18:00+00:00,LONG,1.17126,1.17263,132.31,TP,False,3,4,0,2025-06
2025-06-27 10:45:00+00:00,2025-06-27 10:58:00+00:00,LONG,1.17043,1.17139,91.32,TP,False,6,4,0,2025-06
2025-06-27 13:15:00+00:00,2025-06-27 13:31:00+00:00,SHORT,1.17368,1.17209,154.31,TP,False,9,4,0,2025-06
2025-06-27 13:45:00+00:00,2025-06-27 14:47:00+00:00,SHORT,1.17277,1.17079,193.31,TP,False,9,4,0,2025-06
2025-06-27 15:00:00+00:00,2025-06-27 16:14:00+00:00,SHORT,1.17184,1.17325,-145.69,SL,False,11,4,0,2025-06
2025-06-27 16:45:00+00:00,2025-06-27 17:25:00+00:00,SHORT,1.17234,1.17095,134.32,TP,False,12,4,0,2025-06
2025-06-27 20:15:00+00:00,2025-06-27 20:57:00+00:00,LONG,1.17115,1.17212,92.32,TP,False,16,4,0,2025-06
2025-06-29 21:30:00+00:00,2025-06-29 23:12:00+00:00,LONG,1.17258,1.17366,103.3,TP,False,17,6,0,2025-06
2025-06-29 23:15:00+00:00,2025-06-29 23:52:00+00:00,SHORT,1.17366,1.17273,88.3,TP,False,19,6,0,2025-06
2025-06-30 02:15:00+00:00,2025-06-30 02:18:00+00:00,LONG,1.17211,1.17307,91.31,TP,False,22,6,0,2025-06
2025-06-30 05:00:00+00:00,2025-06-30 05:20:00+00:00,LONG,1.17305,1.17385,75.3,TP,False,1,0,0,2025-06
2025-06-30 07:00:00+00:00,2025-06-30 07:05:00+00:00,LONG,1.17434,1.17334,-104.7,SL,False,3,0,0,2025-06
2025-06-30 07:15:00+00:00,2025-06-30 07:31:00+00:00,SHORT,1.17382,1.17265,112.3,TP,False,3,0,0,2025-06
2025-06-30 10:45:00+00:00,2025-06-30 11:01:00+00:00,SHORT,1.17178,1.17266,-92.69,SL,False,6,0,0,2025-06
2025-06-30 11:15:00+00:00,2025-06-30 12:11:00+00:00,SHORT,1.17269,1.17163,101.31,TP,False,7,0,0,2025-06
2025-06-30 12:30:00+00:00,2025-06-30 14:11:00+00:00,LONG,1.17139,1.1727,126.31,TP,False,8,0,0,2025-06
2025-06-30 14:15:00+00:00,2025-06-30 14:25:00+00:00,LONG,1.17243,1.17366,118.31,TP,False,10,0,0,2025-06
2025-06-30 14:45:00+00:00,2025-06-30 14:51:00+00:00,LONG,1.1747,1.17319,-155.7,SL,False,10,0,0,2025-06
2025-06-30 17:00:00+00:00,2025-06-30 18:18:00+00:00,SHORT,1.17626,1.17776,-154.71,SL,False,13,0,0,2025-06
2025-06-30 19:00:00+00:00,2025-06-30 20:25:00+00:00,SHORT,1.17758,1.1785,-96.72,SL,False,15,0,0,2025-06
2025-06-30 22:00:00+00:00,2025-06-30 22:31:00+00:00,LONG,1.17821,1.17912,86.28,TP,False,18,0,0,2025-06
2025-06-30 22:45:00+00:00,2025-07-01 00:15:00+00:00,LONG,1.1787,1.17942,67.28,TP,False,18,0,0,2025-06
2025-07-01 00:15:00+00:00,2025-07-01 00:24:00+00:00,SHORT,1.1794,1.17878,57.28,TP,False,20,0,0,2025-07
2025-07-01 01:45:00+00:00,2025-07-01 01:55:00+00:00,SHORT,1.17879,1.17798,76.28,TP,False,21,0,0,2025-07
2025-07-01 02:00:00+00:00,2025-07-01 02:54:00+00:00,SHORT,1.17804,1.17887,-87.72,SL,False,22,0,0,2025-07
2025-07-01 04:00:00+00:00,2025-07-01 05:46:00+00:00,SHORT,1.17894,1.17823,66.28,TP,False,0,1,0,2025-07
2025-07-01 07:00:00+00:00,2025-07-01 07:03:00+00:00,SHORT,1.17793,1.17692,96.29,TP,False,3,1,0,2025-07
2025-07-01 08:30:00+00:00,2025-07-01 08:40:00+00:00,LONG,1.17887,1.17985,93.28,TP,False,4,1,0,2025-07
2025-07-01 09:45:00+00:00,2025-07-01 11:29:00+00:00,SHORT,1.18212,1.18058,149.28,TP,False,5,1,0,2025-07
2025-07-01 11:30:00+00:00,2025-07-01 13:25:00+00:00,LONG,1.1808,1.17963,-121.72,SL,False,7,1,0,2025-07
2025-07-01 16:00:00+00:00,2025-07-01 16:26:00+00:00,SHORT,1.17758,1.17623,130.29,TP,False,12,1,0,2025-07
2025-07-01 16:30:00+00:00,2025-07-01 17:22:00+00:00,LONG,1.1764,1.17777,132.29,TP,False,12,1,0,2025-07
2025-07-01 20:45:00+00:00,2025-07-02 01:51:00+00:00,SHORT,1.18042,1.17943,94.28,TP,False,16,1,0,2025-07
2025-07-02 03:00:00+00:00,2025-07-02 05:08:00+00:00,SHORT,1.18002,1.17928,69.28,TP,False,23,1,0,2025-07
2025-07-02 07:30:00+00:00,2025-07-02 07:40:00+00:00,LONG,1.17776,1.17711,-69.71,SL,False,3,2,0,2025-07
2025-07-02 08:30:00+00:00,2025-07-02 09:26:00+00:00,SHORT,1.17776,1.17687,84.29,TP,False,4,2,0,2025-07
2025-07-02 10:00:00+00:00,2025-07-02 10:08:00+00:00,SHORT,1.17703,1.17779,-80.71,SL,False,6,2,0,2025-07
2025-07-02 10:15:00+00:00,2025-07-02 10:48:00+00:00,SHORT,1.17798,1.17702,91.29,TP,False,6,2,0,2025-07
2025-07-02 11:45:00+00:00,2025-07-02 11:58:00+00:00,LONG,1.17572,1.17476,-100.7,SL,False,7,2,0,2025-07
2025-07-02 14:30:00+00:00,2025-07-02 15:15:00+00:00,SHORT,1.17627,1.17784,-161.71,SL,False,10,2,0,2025-07
2025-07-02 20:00:00+00:00,2025-07-02 20:08:00+00:00,LONG,1.18026,1.17972,-58.72,SL,False,16,2,0,2025-07
2025-07-02 20:30:00+00:00,2025-07-02 21:51:00+00:00,LONG,1.17972,1.17916,-60.72,SL,False,16,2,0,2025-07
2025-07-02 22:00:00+00:00,2025-07-03 00:17:00+00:00,LONG,1.17976,1.18068,87.28,TP,False,18,2,0,2025-07
2025-07-03 03:00:00+00:00,2025-07-03 03:41:00+00:00,SHORT,1.17978,1.17922,51.28,TP,False,23,2,0,2025-07
2025-07-03 04:30:00+00:00,2025-07-03 05:52:00+00:00,SHORT,1.17899,1.17949,-54.72,SL,False,0,3,0,2025-07
2025-07-03 12:15:00+00:00,2025-07-03 12:28:00+00:00,SHORT,1.17832,1.179,-72.72,SL,False,8,3,0,2025-07
2025-07-03 12:45:00+00:00,2025-07-03 12:51:00+00:00,LONG,1.1735,1.17192,-162.69,SL,False,8,3,0,2025-07
2025-07-03 13:00:00+00:00,2025-07-03 13:17:00+00:00,LONG,1.17385,1.17606,216.3,TP,False,9,3,0,2025-07
2025-07-03 13:30:00+00:00,2025-07-03 14:01:00+00:00,LONG,1.17644,1.17898,249.29,TP,False,9,3,0,2025-07
2025-07-03 19:15:00+00:00,2025-07-03 20:39:00+00:00,LONG,1.17468,1.17551,78.3,TP,False,15,3,0,2025-07
2025-07-03 21:00:00+00:00,2025-07-03 23:31:00+00:00,LONG,1.17569,1.17642,68.3,TP,False,17,3,0,2025-07
2025-07-04 01:45:00+00:00,2025-07-04 02:16:00+00:00,SHORT,1.17591,1.17643,-56.7,SL,False,21,3,0,2025-07
2025-07-04 07:45:00+00:00,2025-07-04 09:38:00+00:00,LONG,1.17716,1.17791,70.29,TP,False,3,4,0,2025-07
2025-07-04 13:45:00+00:00,2025-07-04 14:03:00+00:00,LONG,1.17767,1.17848,76.28,TP,False,9,4,0,2025-07
2025-07-04 16:15:00+00:00,2025-07-04 16:59:00+00:00,LONG,1.17803,1.1774,-67.71,SL,False,12,4,0,2025-07
2025-07-06 21:30:00+00:00,2025-07-06 22:08:00+00:00,LONG,1.17808,1.17734,-78.71,SL,False,17,6,0,2025-07
2025-07-06 22:15:00+00:00,2025-07-07 00:03:00+00:00,LONG,1.17773,1.1785,72.28,TP,False,18,6,0,2025-07
2025-07-07 02:00:00+00:00,2025-07-07 04:48:00+00:00,SHORT,1.17719,1.17647,67.3,TP,False,22,6,0,2025-07
2025-07-07 05:30:00+00:00,2025-07-07 05:47:00+00:00,LONG,1.17648,1.17711,58.3,TP,False,1,0,0,2025-07
2025-07-07 06:00:00+00:00,2025-07-07 06:08:00+00:00,SHORT,1.17716,1.1764,71.3,TP,False,2,0,0,2025-07
2025-07-07 07:00:00+00:00,2025-07-07 07:30:00+00:00,SHORT,1.17558,1.17478,75.3,TP,False,3,0,0,2025-07
2025-07-07 08:45:00+00:00,2025-07-07 08:57:00+00:00,LONG,1.17332,1.17243,-93.69,SL,False,4,0,0,2025-07
2025-07-07 10:00:00+00:00,2025-07-07 10:32:00+00:00,SHORT,1.17341,1.17243,93.31,TP,False,6,0,0,2025-07
2025-07-07 11:00:00+00:00,2025-07-07 12:35:00+00:00,SHORT,1.17277,1.17196,76.31,TP,False,7,0,0,2025-07
2025-07-07 12:45:00+00:00,2025-07-07 13:17:00+00:00,SHORT,1.17228,1.17297,-73.69,SL,False,8,0,0,2025-07
2025-07-07 13:30:00+00:00,2025-07-07 14:41:00+00:00,SHORT,1.17369,1.17437,-72.7,SL,False,9,0,0,2025-07
2025-07-07 17:00:00+00:00,2025-07-07 17:31:00+00:00,LONG,1.16944,1.17088,139.32,TP,False,13,0,0,2025-07
2025-07-07 22:15:00+00:00,2025-07-07 22:39:00+00:00,LONG,1.17178,1.17242,59.32,TP,False,18,0,0,2025-07
2025-07-07 22:45:00+00:00,2025-07-08 00:05:00+00:00,LONG,1.17344,1.17423,74.3,TP,False,18,0,0,2025-07
2025-07-08 00:15:00+00:00,2025-07-08 01:10:00+00:00,SHORT,1.17468,1.17392,71.3,TP,False,20,0,0,2025-07
2025-07-08 01:15:00+00:00,2025-07-08 02:05:00+00:00,LONG,1.17352,1.17445,88.3,TP,False,21,0,0,2025-07
2025-07-08 02:30:00+00:00,2025-07-08 02:57:00+00:00,LONG,1.17476,1.17389,-91.7,SL,False,22,0,0,2025-07
2025-07-08 07:00:00+00:00,2025-07-08 07:03:00+00:00,LONG,1.17417,1.17497,75.3,TP,False,3,1,0,2025-07
2025-07-08 08:45:00+00:00,2025-07-08 09:45:00+00:00,LONG,1.17498,1.17412,-90.7,SL,False,4,1,0,2025-07
2025-07-08 09:45:00+00:00,2025-07-08 10:28:00+00:00,SHORT,1.17415,1.17328,82.3,TP,False,5,1,0,2025-07
2025-07-08 10:30:00+00:00,2025-07-08 10:48:00+00:00,SHORT,1.1731,1.17233,72.31,TP,False,6,1,0,2025-07
2025-07-08 11:45:00+00:00,2025-07-08 11:56:00+00:00,SHORT,1.173,1.17219,76.31,TP,False,7,1,0,2025-07
2025-07-08 12:00:00+00:00,2025-07-08 12:12:00+00:00,SHORT,1.17218,1.17139,74.32,TP,False,8,1,0,2025-07
2025-07-08 14:15:00+00:00,2025-07-08 15:15:00+00:00,LONG,1.16894,1.1703,131.32,TP,False,10,1,0,2025-07
2025-07-08 16:15:00+00:00,2025-07-08 16:36:00+00:00,LONG,1.17095,1.16981,-118.68,SL,False,12,1,0,2025-07
2025-07-08 16:45:00+00:00,2025-07-08 17:04:00+00:00,LONG,1.17028,1.17165,132.32,TP,False,12,1,0,2025-07
2025-07-09 02:45:00+00:00,2025-07-09 04:55:00+00:00,LONG,1.17072,1.17137,60.32,TP,False,22,1,0,2025-07
2025-07-09 11:00:00+00:00,2025-07-09 11:57:00+00:00,LONG,1.17023,1.16923,-104.68,SL,False,7,2,0,2025-07
2025-07-09 20:15:00+00:00,2025-07-09 20:24:00+00:00,LONG,1.17176,1.17122,-58.68,SL,False,16,2,0,2025-07
2025-07-09 20:45:00+00:00,2025-07-09 22:01:00+00:00,LONG,1.17173,1.17244,66.32,TP,False,16,2,0,2025-07
2025-07-09 22:15:00+00:00,2025-07-09 23:40:00+00:00,LONG,1.17241,1.17307,61.31,TP,False,18,2,0,2025-07
2025-07-10 00:00:00+00:00,2025-07-10 00:03:00+00:00,SHORT,1.1738,1.17424,-48.7,SL,False,20,2,0,2025-07
2025-07-10 00:30:00+00:00,2025-07-10 01:14:00+00:00,SHORT,1.17458,1.17388,65.3,TP,False,20,2,0,2025-07
2025-07-10 03:00:00+00:00,2025-07-10 04:05:00+00:00,SHORT,1.17391,1.17332,54.3,TP,False,23,2,0,2025-07
2025-07-10 04:30:00+00:00,2025-07-10 04:56:00+00:00,SHORT,1.17322,1.1736,-42.7,SL,False,0,3,0,2025-07
2025-07-10 06:15:00+00:00,2025-07-10 06:18:00+00:00,SHORT,1.17395,1.17437,-46.7,SL,False,2,3,0,2025-07
2025-07-10 06:30:00+00:00,2025-07-10 06:35:00+00:00,SHORT,1.17399,1.17342,52.3,TP,False,2,3,0,2025-07
2025-07-10 12:00:00+00:00,2025-07-10 12:31:00+00:00,SHORT,1.17119,1.1702,94.32,TP,False,8,3,0,2025-07
2025-07-10 12:45:00+00:00,2025-07-10 13:05:00+00:00,LONG,1.17041,1.17134,88.32,TP,False,8,3,0,2025-07
2025-07-10 13:15:00+00:00,2025-07-10 13:27:00+00:00,SHORT,1.171,1.17024,71.32,TP,False,9,3,0,2025-07
2025-07-10 14:15:00+00:00,2025-07-10 14:23:00+00:00,LONG,1.16881,1.16789,-96.68,SL,False,10,3,0,2025-07
2025-07-10 14:30:00+00:00,2025-07-10 14:50:00+00:00,LONG,1.16681,1.16839,153.33,TP,False,10,3,0,2025-07
2025-07-10 15:00:00+00:00,2025-07-10 18:09:00+00:00,LONG,1.168,1.16936,131.32,TP,False,11,3,0,2025-07
2025-07-10 18:30:00+00:00,2025-07-10 20:58:00+00:00,LONG,1.16923,1.17003,75.32,TP,False,14,3,0,2025-07
2025-07-10 21:00:00+00:00,2025-07-10 22:43:00+00:00,LONG,1.17005,1.17059,49.32,TP,False,17,3,0,2025-07
2025-07-11 01:00:00+00:00,2025-07-11 01:43:00+00:00,LONG,1.1675,1.1686,105.32,TP,False,21,3,0,2025-07
2025-07-11 01:45:00+00:00,2025-07-11 02:00:00+00:00,LONG,1.16834,1.16742,-96.67,SL,False,21,3,0,2025-07
2025-07-11 02:00:00+00:00,2025-07-11 07:08:00+00:00,LONG,1.16754,1.16875,116.32,TP,False,22,3,0,2025-07
2025-07-11 10:00:00+00:00,2025-07-11 11:27:00+00:00,LONG,1.1695,1.16873,-81.68,SL,False,6,4,0,2025-07
2025-07-11 15:45:00+00:00,2025-07-11 16:09:00+00:00,LONG,1.17016,1.16917,-103.68,SL,False,11,4,0,2025-07
2025-07-11 16:15:00+00:00,2025-07-11 20:23:00+00:00,LONG,1.16934,1.16828,-110.68,SL,False,12,4,0,2025-07
2025-07-11 20:45:00+00:00,2025-07-11 20:54:00+00:00,LONG,1.16872,1.16944,67.32,TP,False,16,4,0,2025-07
2025-07-13 21:30:00+00:00,2025-07-13 22:02:00+00:00,LONG,1.16661,1.16766,100.33,TP,False,17,6,0,2025-07
2025-07-13 22:15:00+00:00,2025-07-13 23:44:00+00:00,LONG,1.16704,1.16812,103.33,TP,False,18,6,0,2025-07
2025-07-13 23:45:00+00:00,2025-07-14 00:08:00+00:00,LONG,1.1679,1.16898,103.32,TP,False,19,6,0,2025-07
2025-07-14 06:45:00+00:00,2025-07-14 07:11:00+00:00,SHORT,1.16643,1.16716,-77.66,SL,False,2,0,0,2025-07
2025-07-14 07:15:00+00:00,2025-07-14 07:31:00+00:00,SHORT,1.16725,1.168,-79.67,SL,False,3,0,0,2025-07
2025-07-14 10:15:00+00:00,2025-07-14 12:29:00+00:00,SHORT,1.16938,1.16854,79.32,TP,False,6,0,0,2025-07
2025-07-14 13:15:00+00:00,2025-07-14 14:19:00+00:00,LONG,1.16801,1.16891,85.32,TP,False,9,0,0,2025-07
2025-07-14 19:15:00+00:00,2025-07-14 21:16:00+00:00,SHORT,1.16698,1.16627,66.34,TP,False,15,0,0,2025-07
2025-07-15 02:00:00+00:00,2025-07-15 02:34:00+00:00,SHORT,1.16689,1.16739,-54.66,SL,False,22,0,0,2025-07
2025-07-15 07:00:00+00:00,2025-07-15 07:06:00+00:00,SHORT,1.16779,1.16723,51.33,TP,False,3,1,0,2025-07
2025-07-15 08:45:00+00:00,2025-07-15 10:35:00+00:00,LONG,1.16842,1.1677,-76.68,SL,False,4,1,0,2025-07
2025-07-15 10:45:00+00:00,2025-07-15 11:14:00+00:00,LONG,1.16814,1.16747,-71.67,SL,False,6,1,0,2025-07
2025-07-15 11:15:00+00:00,2025-07-15 11:31:00+00:00,LONG,1.16777,1.16703,-78.67,SL,False,7,1,0,2025-07
2025-07-15 11:45:00+00:00,2025-07-15 12:31:00+00:00,LONG,1.16686,1.16864,173.33,TP,False,7,1,0,2025-07
2025-07-15 12:45:00+00:00,2025-07-15 12:54:00+00:00,SHORT,1.16696,1.16782,-90.67,SL,False,8,1,0,2025-07
2025-07-15 14:00:00+00:00,2025-07-15 14:03:00+00:00,LONG,1.16431,1.16277,-158.66,SL,False,10,1,0,2025-07
2025-07-15 14:15:00+00:00,2025-07-15 14:24:00+00:00,LONG,1.16358,1.1623,-132.65,SL,False,10,1,0,2025-07
2025-07-15 14:30:00+00:00,2025-07-15 15:31:00+00:00,LONG,1.16219,1.16087,-136.64,SL,False,10,1,0,2025-07
2025-07-15 16:00:00+00:00,2025-07-15 16:13:00+00:00,LONG,1.16179,1.1606,-123.64,SL,False,12,1,0,2025-07
2025-07-15 16:15:00+00:00,2025-07-15 16:43:00+00:00,LONG,1.16076,1.15949,-131.64,SL,False,12,1,0,2025-07
2025-07-15 16:45:00+00:00,2025-07-16 00:41:00+00:00,LONG,1.15985,1.16122,132.36,TP,False,12,1,0,2025-07
2025-07-16 02:00:00+00:00,2025-07-16 02:26:00+00:00,SHORT,1.16137,1.16087,45.36,TP,False,22,1,0,2025-07
2025-07-16 05:00:00+00:00,2025-07-16 05:31:00+00:00,LONG,1.16196,1.1616,-40.64,SL,False,1,2,0,2025-07
2025-07-16 10:15:00+00:00,2025-07-16 10:53:00+00:00,SHORT,1.16136,1.1619,-58.64,SL,False,6,2,0,2025-07
2025-07-16 14:00:00+00:00,2025-07-16 14:55:00+00:00,LONG,1.15725,1.15981,251.37,TP,False,10,2,0,2025-07
2025-07-16 16:00:00+00:00,2025-07-17 06:23:00+00:00,SHORT,1.16288,1.15885,398.35,TP,False,12,2,0,2025-07
2025-07-17 06:30:00+00:00,2025-07-17 06:36:00+00:00,LONG,1.15832,1.15752,-84.64,SL,False,2,3,0,2025-07
2025-07-17 06:45:00+00:00,2025-07-17 07:14:00+00:00,LONG,1.15783,1.15893,105.36,TP,False,2,3,0,2025-07
2025-07-17 09:45:00+00:00,2025-07-17 09:59:00+00:00,SHORT,1.1598,1.15883,92.36,TP,False,5,3,0,2025-07
2025-07-17 12:45:00+00:00,2025-07-17 12:52:00+00:00,LONG,1.15813,1.15925,107.36,TP,False,8,3,0,2025-07
2025-07-17 18:00:00+00:00,2025-07-17 19:18:00+00:00,LONG,1.15852,1.15941,84.36,TP,False,14,3,0,2025-07
2025-07-17 19:45:00+00:00,2025-07-17 22:33:00+00:00,LONG,1.15986,1.16098,107.36,TP,False,15,3,0,2025-07
2025-07-17 23:15:00+00:00,2025-07-18 00:22:00+00:00,LONG,1.16161,1.16233,67.36,TP,False,19,3,0,2025-07
2025-07-18 16:00:00+00:00,2025-07-18 16:24:00+00:00,SHORT,1.16447,1.16322,120.34,TP,False,12,4,0,2025-07
2025-07-18 20:00:00+00:00,2025-07-18 20:59:00+00:00,SHORT,1.16224,1.16297,-77.65,SL,False,16,4,0,2025-07
2025-07-20 22:00:00+00:00,2025-07-20 22:05:00+00:00,LONG,1.16345,1.16249,-100.65,SL,False,18,6,0,2025-07
2025-07-20 22:15:00+00:00,2025-07-20 22:42:00+00:00,LONG,1.16312,1.16251,-65.66,SL,False,18,6,0,2025-07
2025-07-20 22:45:00+00:00,2025-07-21 00:04:00+00:00,LONG,1.16253,1.16333,75.34,TP,False,18,6,0,2025-07
2025-07-21 02:30:00+00:00,2025-07-21 04:53:00+00:00,LONG,1.16216,1.16293,72.35,TP,False,22,6,0,2025-07
2025-07-21 11:15:00+00:00,2025-07-21 11:47:00+00:00,SHORT,1.16593,1.16672,-83.66,SL,False,7,0,0,2025-07
2025-07-21 12:15:00+00:00,2025-07-21 13:06:00+00:00,SHORT,1.16686,1.16591,90.34,TP,False,8,0,0,2025-07
2025-07-21 14:45:00+00:00,2025-07-21 14:57:00+00:00,SHORT,1.16884,1.16978,-98.68,SL,False,10,0,0,2025-07
2025-07-21 15:00:00+00:00,2025-07-21 15:12:00+00:00,SHORT,1.16967,1.17068,-105.68,SL,False,11,0,0,2025-07
2025-07-21 15:15:00+00:00,2025-07-21 15:21:00+00:00,SHORT,1.17054,1.17151,-101.68,SL,False,11,0,0,2025-07
2025-07-21 15:30:00+00:00,2025-07-21 15:58:00+00:00,SHORT,1.17134,1.17017,112.32,TP,False,11,0,0,2025-07
2025-07-21 17:00:00+00:00,2025-07-21 17:22:00+00:00,SHORT,1.17001,1.16905,91.32,TP,False,13,0,0,2025-07
2025-07-21 17:30:00+00:00,2025-07-22 08:34:00+00:00,SHORT,1.16893,1.16976,-87.68,SL,False,13,0,0,2025-07
2025-07-22 14:00:00+00:00,2025-07-22 14:08:00+00:00,LONG,1.17043,1.16909,-138.68,SL,False,10,1,0,2025-07
2025-07-22 16:00:00+00:00,2025-07-22 16:31:00+00:00,SHORT,1.1748,1.17606,-130.7,SL,False,12,1,0,2025-07
2025-07-22 16:45:00+00:00,2025-07-22 17:32:00+00:00,SHORT,1.17574,1.17433,136.3,TP,False,12,1,0,2025-07
2025-07-22 20:45:00+00:00,2025-07-22 22:01:00+00:00,LONG,1.17519,1.1747,-53.7,SL,False,16,1,0,2025-07
2025-07-22 23:45:00+00:00,2025-07-23 00:10:00+00:00,LONG,1.17395,1.17341,-58.7,SL,False,19,1,0,2025-07
2025-07-23 03:00:00+00:00,2025-07-23 03:23:00+00:00,SHORT,1.17349,1.17417,-72.7,SL,False,23,1,0,2025-07
2025-07-23 03:45:00+00:00,2025-07-23 04:03:00+00:00,SHORT,1.17447,1.17368,74.3,TP,False,23,1,0,2025-07
2025-07-23 04:30:00+00:00,2025-07-23 05:43:00+00:00,SHORT,1.17358,1.17282,71.3,TP,False,0,2,0,2025-07
2025-07-23 11:00:00+00:00,2025-07-23 12:21:00+00:00,SHORT,1.1726,1.17332,-76.7,SL,False,7,2,0,2025-07
2025-07-23 14:15:00+00:00,2025-07-23 15:11:00+00:00,SHORT,1.17301,1.1741,-113.7,SL,False,10,2,0,2025-07
2025-07-23 20:30:00+00:00,2025-07-23 20:53:00+00:00,LONG,1.17733,1.17668,-69.7,SL,False,16,2,0,2025-07
2025-07-23 21:45:00+00:00,2025-07-24 00:07:00+00:00,LONG,1.17748,1.17685,-67.7,SL,False,17,2,0,2025-07
2025-07-24 00:30:00+00:00,2025-07-24 00:32:00+00:00,LONG,1.1771,1.17656,-58.7,SL,False,20,2,0,2025-07
2025-07-24 00:45:00+00:00,2025-07-24 00:55:00+00:00,LONG,1.1764,1.17701,56.3,TP,False,20,2,0,2025-07
2025-07-24 04:30:00+00:00,2025-07-24 06:00:00+00:00,SHORT,1.17765,1.17706,54.29,TP,False,0,3,0,2025-07
2025-07-24 06:00:00+00:00,2025-07-24 06:16:00+00:00,LONG,1.17712,1.17657,-59.7,SL,False,2,3,0,2025-07
2025-07-24 06:30:00+00:00,2025-07-24 06:46:00+00:00,LONG,1.17668,1.17623,-49.7,SL,False,2,3,0,2025-07
2025-07-24 09:45:00+00:00,2025-07-24 10:37:00+00:00,LONG,1.17514,1.17435,-83.7,SL,False,5,3,0,2025-07
2025-07-24 12:00:00+00:00,2025-07-24 12:30:00+00:00,SHORT,1.17559,1.17482,72.3,TP,False,8,3,0,2025-07
2025-07-24 12:45:00+00:00,2025-07-24 13:06:00+00:00,LONG,1.17377,1.17471,89.3,TP,False,8,3,0,2025-07
2025-07-24 19:45:00+00:00,2025-07-24 19:57:00+00:00,LONG,1.17668,1.17604,-68.7,SL,False,15,3,0,2025-07
2025-07-24 21:00:00+00:00,2025-07-24 23:27:00+00:00,LONG,1.1748,1.1756,75.3,TP,False,17,3,0,2025-07
2025-07-24 23:30:00+00:00,2025-07-25 00:01:00+00:00,SHORT,1.17537,1.17583,-50.7,SL,False,19,3,0,2025-07
2025-07-25 01:30:00+00:00,2025-07-25 02:45:00+00:00,SHORT,1.17441,1.17368,68.3,TP,False,21,3,0,2025-07
2025-07-25 07:30:00+00:00,2025-07-25 08:15:00+00:00,LONG,1.17525,1.17418,-111.7,SL,False,3,4,0,2025-07
2025-07-25 09:30:00+00:00,2025-07-25 10:51:00+00:00,LONG,1.17369,1.17261,-112.7,SL,False,5,4,0,2025-07
2025-07-25 13:15:00+00:00,2025-07-25 13:20:00+00:00,LONG,1.17106,1.17242,131.32,TP,False,9,4,0,2025-07
2025-07-25 13:30:00+00:00,2025-07-25 13:42:00+00:00,LONG,1.17226,1.17107,-123.68,SL,False,9,4,0,2025-07
2025-07-25 15:15:00+00:00,2025-07-25 18:14:00+00:00,SHORT,1.17299,1.17406,-111.7,SL,False,11,4,0,2025-07
2025-07-25 20:00:00+00:00,2025-07-25 20:22:00+00:00,LONG,1.17439,1.17375,-68.7,SL,False,16,4,0,2025-07
2025-07-28 05:00:00+00:00,2025-07-28 05:23:00+00:00,SHORT,1.17473,1.17408,60.3,TP,False,1,0,0,2025-07
2025-07-28 05:30:00+00:00,2025-07-28 06:12:00+00:00,SHORT,1.17412,1.17344,63.3,TP,False,1,0,0,2025-07
2025-07-28 07:30:00+00:00,2025-07-28 07:32:00+00:00,LONG,1.1709,1.16989,-105.68,SL,False,3,0,0,2025-07
2025-07-28 07:45:00+00:00,2025-07-28 07:53:00+00:00,LONG,1.16914,1.16809,-109.68,SL,False,3,0,0,2025-07
2025-07-28 08:00:00+00:00,2025-07-28 08:34:00+00:00,LONG,1.1675,1.16892,137.32,TP,False,4,0,0,2025-07
2025-07-28 08:45:00+00:00,2025-07-28 09:36:00+00:00,LONG,1.16785,1.16632,-157.67,SL,False,4,0,0,2025-07
2025-07-28 10:00:00+00:00,2025-07-28 10:25:00+00:00,LONG,1.1667,1.16552,-122.66,SL,False,6,0,0,2025-07
2025-07-28 10:30:00+00:00,2025-07-28 11:18:00+00:00,LONG,1.16591,1.16466,-129.66,SL,False,6,0,0,2025-07
2025-07-28 11:30:00+00:00,2025-07-28 12:03:00+00:00,LONG,1.16514,1.1665,131.34,TP,False,7,0,0,2025-07
2025-07-28 12:15:00+00:00,2025-07-28 13:22:00+00:00,SHORT,1.16551,1.16382,164.34,TP,False,8,0,0,2025-07
2025-07-28 13:30:00+00:00,2025-07-28 13:50:00+00:00,LONG,1.16379,1.16266,-117.66,SL,False,9,0,0,2025-07
2025-07-28 15:00:00+00:00,2025-07-28 15:13:00+00:00,LONG,1.16372,1.16265,-111.66,SL,False,11,0,0,2025-07
2025-07-28 15:15:00+00:00,2025-07-28 15:42:00+00:00,LONG,1.16258,1.16136,-126.65,SL,False,11,0,0,2025-07
2025-07-28 15:45:00+00:00,2025-07-28 16:16:00+00:00,LONG,1.16153,1.16036,-121.64,SL,False,11,0,0,2025-07
2025-07-28 17:00:00+00:00,2025-07-28 17:51:00+00:00,LONG,1.15992,1.15892,-104.64,SL,False,13,0,0,2025-07
2025-07-28 19:15:00+00:00,2025-07-29 00:55:00+00:00,LONG,1.15916,1.15851,-69.64,SL,False,15,0,0,2025-07
2025-07-29 01:00:00+00:00,2025-07-29 01:17:00+00:00,LONG,1.15852,1.15918,61.36,TP,False,21,0,0,2025-07
2025-07-29 02:30:00+00:00,2025-07-29 03:17:00+00:00,SHORT,1.15982,1.15911,66.36,TP,False,22,0,0,2025-07
2025-07-29 04:00:00+00:00,2025-07-29 04:18:00+00:00,LONG,1.1583,1.15761,-73.64,SL,False,0,1,0,2025-07
2025-07-29 07:00:00+00:00,2025-07-29 07:50:00+00:00,LONG,1.1534,1.15479,134.38,TP,False,3,1,0,2025-07
2025-07-29 08:00:00+00:00,2025-07-29 09:01:00+00:00,LONG,1.15548,1.1575,197.37,TP,False,4,1,0,2025-07
2025-07-29 10:00:00+00:00,2025-07-29 10:30:00+00:00,SHORT,1.15768,1.15877,-113.64,SL,False,6,1,0,2025-07
2025-07-29 11:45:00+00:00,2025-07-29 12:09:00+00:00,LONG,1.1545,1.15337,-117.62,SL,False,7,1,0,2025-07
2025-07-29 12:15:00+00:00,2025-07-29 13:01:00+00:00,LONG,1.15349,1.1522,-133.61,SL,False,8,1,0,2025-07
2025-07-29 16:30:00+00:00,2025-07-29 17:18:00+00:00,LONG,1.15442,1.15589,142.38,TP,False,12,1,0,2025-07
2025-07-29 20:15:00+00:00,2025-07-29 20:46:00+00:00,LONG,1.15515,1.1545,-69.62,SL,False,16,1,0,2025-07
2025-07-30 02:00:00+00:00,2025-07-30 03:11:00+00:00,SHORT,1.15641,1.15696,-59.62,SL,False,22,1,0,2025-07
2025-07-30 03:30:00+00:00,2025-07-30 03:38:00+00:00,SHORT,1.15652,1.15581,66.38,TP,False,23,1,0,2025-07
2025-07-30 04:00:00+00:00,2025-07-30 04:04:00+00:00,SHORT,1.15617,1.15534,78.38,TP,False,0,2,0,2025-07
2025-07-30 05:30:00+00:00,2025-07-30 05:36:00+00:00,SHORT,1.15541,1.15596,-59.62,SL,False,1,2,0,2025-07
2025-07-30 08:30:00+00:00,2025-07-30 09:48:00+00:00,LONG,1.15551,1.15461,-94.62,SL,False,4,2,0,2025-07
2025-07-30 10:15:00+00:00,2025-07-30 10:23:00+00:00,LONG,1.15515,1.15447,-72.62,SL,False,6,2,0,2025-07
2025-07-30 10:30:00+00:00,2025-07-30 10:39:00+00:00,LONG,1.15422,1.15334,-92.62,SL,False,6,2,0,2025-07
2025-07-30 10:45:00+00:00,2025-07-30 11:09:00+00:00,LONG,1.15397,1.15304,-97.62,SL,False,6,2,0,2025-07
2025-07-30 14:45:00+00:00,2025-07-30 15:55:00+00:00,LONG,1.14769,1.14647,-126.59,SL,False,10,2,0,2025-07
2025-07-30 16:00:00+00:00,2025-07-30 17:52:00+00:00,LONG,1.14688,1.14809,116.41,TP,False,12,2,0,2025-07
2025-07-30 20:00:00+00:00,2025-07-30 20:24:00+00:00,LONG,1.1424,1.14022,-222.56,SL,False,16,2,0,2025-07
2025-07-30 20:30:00+00:00,2025-07-30 22:58:00+00:00,LONG,1.14061,1.14245,179.44,TP,False,16,2,0,2025-07
2025-07-30 23:00:00+00:00,2025-07-31 00:01:00+00:00,LONG,1.14231,1.14335,99.43,TP,False,19,2,0,2025-07
2025-07-31 00:15:00+00:00,2025-07-31 01:07:00+00:00,LONG,1.14346,1.14274,-76.58,SL,False,20,2,0,2025-07
2025-07-31 03:45:00+00:00,2025-07-31 04:56:00+00:00,LONG,1.14206,1.14345,134.43,TP,False,23,2,0,2025-07
2025-07-31 06:15:00+00:00,2025-07-31 06:21:00+00:00,LONG,1.14395,1.14494,94.42,TP,False,2,3,0,2025-07
2025-07-31 06:45:00+00:00,2025-07-31 07:26:00+00:00,LONG,1.14528,1.14416,-116.58,SL,False,2,3,0,2025-07
2025-07-31 13:15:00+00:00,2025-07-31 14:31:00+00:00,LONG,1.14169,1.14326,152.43,TP,False,9,3,0,2025-07
2025-07-31 18:45:00+00:00,2025-07-31 19:54:00+00:00,LONG,1.14293,1.14201,-96.57,SL,False,14,3,0,2025-07
2025-07-31 21:00:00+00:00,2025-07-31 22:34:00+00:00,SHORT,1.14151,1.14225,-78.56,SL,False,17,3,0,2025-07
2025-07-31 23:00:00+00:00,2025-07-31 23:12:00+00:00,LONG,1.1418,1.14256,71.43,TP,False,19,3,0,2025-07
2025-08-01 02:00:00+00:00,2025-08-01 03:06:00+00:00,LONG,1.14072,1.14177,100.44,TP,False,22,3,0,2025-08
2025-08-01 03:15:00+00:00,2025-08-01 03:33:00+00:00,LONG,1.14218,1.14138,-84.56,SL,False,23,3,0,2025-08
2025-08-01 09:45:00+00:00,2025-08-01 10:09:00+00:00,LONG,1.14008,1.1411,97.44,TP,False,5,4,0,2025-08
2025-08-01 10:30:00+00:00,2025-08-01 10:34:00+00:00,LONG,1.14069,1.14172,98.44,TP,False,6,4,0,2025-08
2025-08-01 13:00:00+00:00,2025-08-01 13:32:00+00:00,SHORT,1.15453,1.15749,-300.62,SL,False,9,4,0,2025-08
2025-08-01 13:45:00+00:00,2025-08-01 17:02:00+00:00,SHORT,1.15686,1.15353,328.38,TP,False,9,4,0,2025-08
2025-08-01 20:00:00+00:00,2025-08-01 20:25:00+00:00,SHORT,1.15691,1.15862,-175.63,SL,False,16,4,0,2025-08
2025-08-01 20:30:00+00:00,2025-08-04 00:18:00+00:00,SHORT,1.15891,1.15698,188.37,TP,False,16,4,0,2025-08
2025-08-04 02:00:00+00:00,2025-08-04 03:03:00+00:00,LONG,1.15713,1.15839,121.37,TP,False,22,6,0,2025-08
2025-08-04 07:15:00+00:00,2025-08-04 07:26:00+00:00,LONG,1.15661,1.15561,-104.62,SL,False,3,0,0,2025-08
2025-08-04 07:30:00+00:00,2025-08-04 09:12:00+00:00,SHORT,1.15585,1.15695,-114.62,SL,False,3,0,0,2025-08
2025-08-04 11:00:00+00:00,2025-08-04 11:16:00+00:00,SHORT,1.15738,1.15844,-110.63,SL,False,7,0,0,2025-08
2025-08-04 14:45:00+00:00,2025-08-04 14:55:00+00:00,SHORT,1.15744,1.15591,148.38,TP,False,10,0,0,2025-08
2025-08-04 19:00:00+00:00,2025-08-04 20:18:00+00:00,LONG,1.15654,1.1576,101.37,TP,False,15,0,0,2025-08
2025-08-04 20:45:00+00:00,2025-08-04 22:31:00+00:00,LONG,1.15723,1.15807,79.37,TP,False,16,0,0,2025-08
2025-08-04 23:30:00+00:00,2025-08-05 00:31:00+00:00,SHORT,1.15847,1.1577,72.36,TP,False,19,0,0,2025-08
2025-08-05 00:45:00+00:00,2025-08-05 01:04:00+00:00,SHORT,1.15756,1.15689,62.37,TP,False,20,0,0,2025-08
2025-08-05 01:30:00+00:00,2025-08-05 02:03:00+00:00,LONG,1.15675,1.15602,-77.62,SL,False,21,0,0,2025-08
2025-08-05 02:15:00+00:00,2025-08-05 05:18:00+00:00,LONG,1.15609,1.15536,-77.62,SL,False,22,0,0,2025-08
2025-08-05 07:00:00+00:00,2025-08-05 07:16:00+00:00,SHORT,1.15509,1.15595,-90.62,SL,False,3,1,0,2025-08
2025-08-05 08:00:00+00:00,2025-08-05 08:17:00+00:00,LONG,1.15462,1.15377,-89.62,SL,False,4,1,0,2025-08
2025-08-05 22:00:00+00:00,2025-08-05 23:46:00+00:00,LONG,1.15743,1.15789,41.37,TP,False,18,1,0,2025-08
2025-08-06 02:00:00+00:00,2025-08-06 02:22:00+00:00,SHORT,1.15671,1.15721,-54.62,SL,False,22,1,0,2025-08
2025-08-06 03:00:00+00:00,2025-08-06 03:07:00+00:00,SHORT,1.15692,1.15735,-47.62,SL,False,23,1,0,2025-08
2025-08-06 03:15:00+00:00,2025-08-06 03:25:00+00:00,SHORT,1.15739,1.1579,-55.63,SL,False,23,1,0,2025-08
2025-08-06 05:45:00+00:00,2025-08-06 06:07:00+00:00,LONG,1.15776,1.15826,45.36,TP,False,1,2,0,2025-08
2025-08-06 10:45:00+00:00,2025-08-06 11:31:00+00:00,LONG,1.16021,1.16151,125.36,TP,False,6,2,0,2025-08
2025-08-06 16:15:00+00:00,2025-08-06 18:09:00+00:00,SHORT,1.16446,1.16564,-122.66,SL,False,12,2,0,2025-08
2025-08-06 21:45:00+00:00,2025-08-06 22:01:00+00:00,SHORT,1.16553,1.16623,-74.66,SL,False,17,2,0,2025-08
2025-08-06 22:15:00+00:00,2025-08-06 23:15:00+00:00,LONG,1.16647,1.16595,-56.66,SL,False,18,2,0,2025-08
2025-10-10 15:15:00+00:00,2025-10-10 15:22:00+00:00,SHORT,1.16078,1.16214,-140.64,SL,False,11,4,0,2025-10
2025-10-10 15:30:00+00:00,2025-10-10 15:52:00+00:00,SHORT,1.16274,1.16099,170.35,TP,False,11,4,0,2025-10
2025-10-10 16:15:00+00:00,2025-10-10 17:00:00+00:00,SHORT,1.16212,1.16043,164.36,TP,False,12,4,0,2025-10
2025-10-10 20:00:00+00:00,2025-10-10 20:38:00+00:00,SHORT,1.16128,1.16041,82.36,TP,False,16,4,0,2025-10
2025-10-10 20:45:00+00:00,2025-10-10 20:52:00+00:00,LONG,1.16073,1.162,122.36,TP,False,16,4,0,2025-10
2025-10-12 21:30:00+00:00,2025-10-12 22:09:00+00:00,LONG,1.16105,1.16011,-98.64,SL,False,17,6,0,2025-10
2025-10-12 22:15:00+00:00,2025-10-12 23:04:00+00:00,LONG,1.15957,1.16083,121.36,TP,False,18,6,0,2025-10
2025-10-12 23:15:00+00:00,2025-10-13 00:54:00+00:00,LONG,1.16044,1.16138,89.36,TP,False,19,6,0,2025-10
2025-10-13 02:30:00+00:00,2025-10-13 06:20:00+00:00,LONG,1.16189,1.16285,91.35,TP,False,22,6,0,2025-10
2025-10-13 08:00:00+00:00,2025-10-13 08:31:00+00:00,SHORT,1.15998,1.15881,112.36,TP,False,4,0,0,2025-10
2025-10-13 11:15:00+00:00,2025-10-13 11:33:00+00:00,SHORT,1.15876,1.15804,67.36,TP,False,7,0,0,2025-10
2025-10-13 12:30:00+00:00,2025-10-13 13:52:00+00:00,LONG,1.15661,1.15774,108.37,TP,False,8,0,0,2025-10
2025-10-13 14:00:00+00:00,2025-10-13 14:14:00+00:00,SHORT,1.15752,1.15645,102.37,TP,False,10,0,0,2025-10
2025-10-13 14:45:00+00:00,2025-10-13 15:48:00+00:00,SHORT,1.1564,1.15742,-106.62,SL,False,10,0,0,2025-10
2025-10-13 17:15:00+00:00,2025-10-13 18:53:00+00:00,LONG,1.15755,1.15686,-73.63,SL,False,13,0,0,2025-10
2025-10-13 19:00:00+00:00,2025-10-14 00:02:00+00:00,LONG,1.15686,1.15595,-95.62,SL,False,15,0,0,2025-10
2025-10-14 00:15:00+00:00,2025-10-14 01:02:00+00:00,LONG,1.1559,1.15645,50.38,TP,False,20,0,0,2025-10
2025-10-14 01:15:00+00:00,2025-10-14 01:31:00+00:00,SHORT,1.1568,1.15735,-59.62,SL,False,21,0,0,2025-10
2025-10-14 07:45:00+00:00,2025-10-14 08:04:00+00:00,LONG,1.15442,1.15562,115.38,TP,False,3,1,0,2025-10
2025-10-14 11:15:00+00:00,2025-10-14 11:26:00+00:00,LONG,1.15489,1.15585,91.38,TP,False,7,1,0,2025-10
2025-10-14 12:15:00+00:00,2025-10-14 12:41:00+00:00,SHORT,1.15591,1.15505,81.38,TP,False,8,1,0,2025-10
2025-10-14 14:30:00+00:00,2025-10-14 14:47:00+00:00,LONG,1.15806,1.15924,113.36,TP,False,10,1,0,2025-10
2025-10-14 16:30:00+00:00,2025-10-15 01:22:00+00:00,SHORT,1.16085,1.16228,-147.64,SL,False,12,1,0,2025-10
2025-10-15 02:00:00+00:00,2025-10-15 02:39:00+00:00,SHORT,1.16192,1.16245,-57.64,SL,False,22,1,0,2025-10
2025-10-15 02:45:00+00:00,2025-10-15 04:42:00+00:00,SHORT,1.16227,1.16171,51.36,TP,False,22,1,0,2025-10
2025-10-15 08:00:00+00:00,2025-10-15 08:51:00+00:00,LONG,1.16357,1.16455,93.34,TP,False,4,2,0,2025-10
2025-10-15 10:15:00+00:00,2025-10-15 10:49:00+00:00,SHORT,1.16293,1.16211,77.35,TP,False,6,2,0,2025-10
2025-10-15 16:15:00+00:00,2025-10-15 19:58:00+00:00,LONG,1.16311,1.16434,118.34,TP,False,12,2,0,2025-10
2025-10-15 23:00:00+00:00,2025-10-16 00:08:00+00:00,LONG,1.16465,1.16429,-40.66,SL,False,19,2,0,2025-10
2025-10-16 03:30:00+00:00,2025-10-16 04:29:00+00:00,SHORT,1.16634,1.16576,53.34,TP,False,23,2,0,2025-10
2025-10-16 12:15:00+00:00,2025-10-16 12:39:00+00:00,SHORT,1.16517,1.16584,-71.66,SL,False,8,3,0,2025-10
2025-10-16 14:30:00+00:00,2025-10-16 15:52:00+00:00,LONG,1.16709,1.16625,-88.66,SL,False,10,3,0,2025-10
2025-10-16 18:45:00+00:00,2025-10-16 23:09:00+00:00,LONG,1.1687,1.16971,96.32,TP,False,14,3,0,2025-10
2025-10-16 23:15:00+00:00,2025-10-17 00:18:00+00:00,LONG,1.16953,1.17009,51.32,TP,False,19,3,0,2025-10
2025-10-17 02:00:00+00:00,2025-10-17 02:30:00+00:00,SHORT,1.1701,1.17069,-63.68,SL,False,22,3,0,2025-10
2025-10-17 09:00:00+00:00,2025-10-17 10:59:00+00:00,LONG,1.16973,1.16874,-103.68,SL,False,5,4,0,2025-10
2025-10-17 13:00:00+00:00,2025-10-17 14:04:00+00:00,SHORT,1.16764,1.16656,103.33,TP,False,9,4,0,2025-10
2025-10-17 16:00:00+00:00,2025-10-17 20:13:00+00:00,SHORT,1.16735,1.1661,120.34,TP,False,12,4,0,2025-10
2025-10-17 20:15:00+00:00,2025-10-17 20:36:00+00:00,LONG,1.16667,1.16603,-68.66,SL,False,16,4,0,2025-10
2025-10-17 20:45:00+00:00,2025-10-17 20:52:00+00:00,LONG,1.16589,1.16506,-87.66,SL,False,16,4,0,2025-10
2025-10-19 21:30:00+00:00,2025-10-19 22:02:00+00:00,LONG,1.16622,1.16541,-85.66,SL,False,17,6,0,2025-10
2025-10-19 22:15:00+00:00,2025-10-19 23:45:00+00:00,LONG,1.16542,1.16615,68.34,TP,False,18,6,0,2025-10
2025-10-19 23:45:00+00:00,2025-10-19 23:58:00+00:00,LONG,1.16612,1.16565,-51.66,SL,False,19,6,0,2025-10
2025-10-20 02:00:00+00:00,2025-10-20 02:06:00+00:00,SHORT,1.16601,1.16649,-52.66,SL,False,22,6,0,2025-10
2025-10-20 07:30:00+00:00,2025-10-20 08:02:00+00:00,LONG,1.1665,1.16589,-65.66,SL,False,3,0,0,2025-10
2025-10-20 08:30:00+00:00,2025-10-20 10:05:00+00:00,LONG,1.16651,1.16588,-67.66,SL,False,4,0,0,2025-10
2025-10-20 10:15:00+00:00,2025-10-20 11:03:00+00:00,LONG,1.16554,1.16506,-52.66,SL,False,6,0,0,2025-10
2025-10-20 11:15:00+00:00,2025-10-20 11:33:00+00:00,LONG,1.1653,1.16471,-63.66,SL,False,7,0,0,2025-10
2025-10-20 12:15:00+00:00,2025-10-20 12:57:00+00:00,SHORT,1.16581,1.16504,72.34,TP,False,8,0,0,2025-10
2025-10-20 14:00:00+00:00,2025-10-20 14:16:00+00:00,SHORT,1.16491,1.16555,-68.66,SL,False,10,0,0,2025-10
2025-10-20 17:45:00+00:00,2025-10-21 00:07:00+00:00,LONG,1.16431,1.16503,67.34,TP,False,13,0,0,2025-10
2025-10-21 01:30:00+00:00,2025-10-21 01:45:00+00:00,SHORT,1.16469,1.16422,42.34,TP,False,21,0,0,2025-10
2025-10-21 02:30:00+00:00,2025-10-21 02:39:00+00:00,SHORT,1.16431,1.16361,65.34,TP,False,22,0,0,2025-10
2025-10-21 02:45:00+00:00,2025-10-21 05:25:00+00:00,SHORT,1.16361,1.16302,54.34,TP,False,22,0,0,2025-10
2025-10-21 10:15:00+00:00,2025-10-21 11:08:00+00:00,LONG,1.16137,1.16222,80.36,TP,False,6,1,0,2025-10
2025-10-21 16:00:00+00:00,2025-10-21 17:03:00+00:00,LONG,1.16152,1.16063,-93.64,SL,False,12,1,0,2025-10
2025-10-21 20:00:00+00:00,2025-10-22 00:16:00+00:00,LONG,1.16007,1.16061,49.36,TP,False,16,1,0,2025-10
2025-10-22 08:00:00+00:00,2025-10-22 08:06:00+00:00,LONG,1.16008,1.15927,-85.64,SL,False,4,2,0,2025-10
2025-10-22 08:15:00+00:00,2025-10-22 08:55:00+00:00,LONG,1.15916,1.15999,78.36,TP,False,4,2,0,2025-10
2025-10-22 10:15:00+00:00,2025-10-22 10:28:00+00:00,LONG,1.15915,1.15854,-65.64,SL,False,6,2,0,2025-10
2025-10-22 11:15:00+00:00,2025-10-22 12:40:00+00:00,SHORT,1.1587,1.15804,61.36,TP,False,7,2,0,2025-10
2025-10-22 16:45:00+00:00,2025-10-22 18:37:00+00:00,LONG,1.16188,1.16124,-68.64,SL,False,12,2,0,2025-10
2025-10-22 20:00:00+00:00,2025-10-22 20:17:00+00:00,LONG,1.1606,1.16108,43.36,TP,False,16,2,0,2025-10
2025-10-22 20:45:00+00:00,2025-10-22 22:17:00+00:00,LONG,1.16104,1.16145,36.36,TP,False,16,2,0,2025-10
2025-10-23 18:45:00+00:00,2025-10-24 01:23:00+00:00,LONG,1.16174,1.16109,-69.64,SL,False,14,3,0,2025-10
2025-10-24 07:00:00+00:00,2025-10-24 07:07:00+00:00,LONG,1.16137,1.16088,-53.64,SL,False,3,4,0,2025-10
2025-10-24 07:30:00+00:00,2025-10-24 07:31:00+00:00,LONG,1.16074,1.16199,120.36,TP,False,3,4,0,2025-10
2025-10-24 09:45:00+00:00,2025-10-24 10:04:00+00:00,LONG,1.16068,1.16142,69.36,TP,False,5,4,0,2025-10
2025-10-24 13:15:00+00:00,2025-10-24 14:54:00+00:00,SHORT,1.1634,1.16183,152.35,TP,False,9,4,0,2025-10
2025-10-26 21:30:00+00:00,2025-10-26 21:48:00+00:00,LONG,1.16353,1.16286,-71.66,SL,False,17,6,0,2025-10
2025-10-26 22:00:00+00:00,2025-10-26 22:02:00+00:00,LONG,1.16322,1.16258,-68.66,SL,False,18,6,0,2025-10
2025-10-26 22:15:00+00:00,2025-10-26 22:26:00+00:00,LONG,1.16285,1.16355,65.34,TP,False,18,6,0,2025-10
2025-10-26 22:30:00+00:00,2025-10-27 01:06:00+00:00,LONG,1.16301,1.16383,77.34,TP,False,18,6,0,2025-10
2025-11-05 11:15:00+00:00,2025-11-05 11:28:00+00:00,LONG,1.14807,1.1487,58.4,TP,False,6,2,0,2025-11
2025-11-05 21:00:00+00:00,2025-11-05 21:25:00+00:00,LONG,1.14885,1.14929,39.4,TP,False,16,2,0,2025-11
2025-11-06 14:30:00+00:00,2025-11-06 14:58:00+00:00,SHORT,1.15295,1.15211,79.39,TP,False,9,3,0,2025-11
2025-11-06 15:45:00+00:00,2025-11-06 15:56:00+00:00,SHORT,1.15283,1.15384,-105.62,SL,False,10,3,0,2025-11
2025-11-06 16:45:00+00:00,2025-11-06 18:12:00+00:00,SHORT,1.15372,1.15469,-101.62,SL,False,11,3,0,2025-11
2025-11-06 19:15:00+00:00,2025-11-06 19:53:00+00:00,LONG,1.15495,1.15418,-81.62,SL,False,14,3,0,2025-11
2025-11-06 20:15:00+00:00,2025-11-06 20:30:00+00:00,LONG,1.15487,1.15428,-63.62,SL,False,15,3,0,2025-11
2025-11-06 22:00:00+00:00,2025-11-06 23:27:00+00:00,LONG,1.15471,1.15517,41.38,TP,False,17,3,0,2025-11
2025-11-07 02:00:00+00:00,2025-11-07 02:09:00+00:00,SHORT,1.15379,1.1542,-45.62,SL,False,21,3,0,2025-11
2025-11-07 08:15:00+00:00,2025-11-07 08:42:00+00:00,LONG,1.15384,1.15339,-49.62,SL,False,3,4,0,2025-11
2025-11-07 10:15:00+00:00,2025-11-07 10:48:00+00:00,LONG,1.15438,1.155,57.38,TP,False,5,4,0,2025-11
2025-11-07 11:30:00+00:00,2025-11-07 12:15:00+00:00,SHORT,1.15576,1.15643,-71.62,SL,False,6,4,0,2025-11
2025-11-07 17:45:00+00:00,2025-11-07 18:20:00+00:00,LONG,1.15799,1.15724,-79.63,SL,False,12,4,0,2025-11
2025-11-09 22:30:00+00:00,2025-11-09 23:06:00+00:00,LONG,1.1557,1.15485,-89.62,SL,False,17,6,0,2025-11
2025-11-09 23:15:00+00:00,2025-11-09 23:45:00+00:00,LONG,1.15492,1.15433,-63.62,SL,False,18,6,0,2025-11
2025-11-09 23:45:00+00:00,2025-11-10 00:01:00+00:00,LONG,1.15437,1.156,158.38,TP,False,18,6,0,2025-11
2025-11-10 00:30:00+00:00,2025-11-10 01:25:00+00:00,SHORT,1.15522,1.15596,-78.62,SL,False,19,6,0,2025-11
2025-11-10 03:30:00+00:00,2025-11-10 04:04:00+00:00,SHORT,1.15545,1.15597,-56.62,SL,False,22,6,0,2025-11
2025-11-10 08:45:00+00:00,2025-11-10 09:05:00+00:00,SHORT,1.15785,1.15707,73.37,TP,False,3,0,0,2025-11
2025-11-10 20:15:00+00:00,2025-11-10 21:47:00+00:00,SHORT,1.15626,1.15569,52.38,TP,False,15,0,0,2025-11
2025-11-11 01:30:00+00:00,2025-11-11 01:36:00+00:00,SHORT,1.15496,1.15541,-49.62,SL,False,20,0,0,2025-11
2025-11-11 11:15:00+00:00,2025-11-11 13:14:00+00:00,SHORT,1.15739,1.158,-65.63,SL,False,6,1,0,2025-11
2025-11-11 18:00:00+00:00,2025-11-11 19:15:00+00:00,LONG,1.15949,1.1589,-63.64,SL,False,13,1,0,2025-11
2025-11-11 21:00:00+00:00,2025-11-12 01:00:00+00:00,LONG,1.15834,1.15792,-46.64,SL,False,16,1,0,2025-11
2025-11-12 11:00:00+00:00,2025-11-12 11:59:00+00:00,LONG,1.15702,1.15772,65.37,TP,False,6,2,0,2025-11
2025-11-12 15:45:00+00:00,2025-11-12 15:56:00+00:00,LONG,1.15844,1.15925,76.36,TP,False,10,2,0,2025-11
2025-11-12 21:00:00+00:00,2025-11-12 21:07:00+00:00,LONG,1.15897,1.15862,-39.64,SL,False,16,2,0,2025-11
2025-11-12 21:15:00+00:00,2025-11-12 21:53:00+00:00,LONG,1.15862,1.15912,45.36,TP,False,16,2,0,2025-11
2025-11-12 22:00:00+00:00,2025-11-12 23:00:00+00:00,LONG,1.15933,1.15896,-41.64,SL,False,17,2,0,2025-11
2025-11-13 00:45:00+00:00,2025-11-13 01:51:00+00:00,LONG,1.15825,1.1587,40.36,TP,False,19,2,0,2025-11
2025-11-13 10:15:00+00:00,2025-11-13 11:57:00+00:00,SHORT,1.16159,1.16048,106.36,TP,False,5,3,0,2025-11
2025-11-13 13:30:00+00:00,2025-11-13 14:01:00+00:00,SHORT,1.16156,1.16236,-84.64,SL,False,8,3,0,2025-11
2025-11-13 15:30:00+00:00,2025-11-13 15:40:00+00:00,LONG,1.16309,1.16406,92.34,TP,False,10,3,0,2025-11
2025-11-13 16:30:00+00:00,2025-11-13 17:20:00+00:00,LONG,1.16439,1.16527,83.34,TP,False,11,3,0,2025-11
2025-11-13 19:45:00+00:00,2025-11-13 21:01:00+00:00,SHORT,1.16396,1.1632,71.34,TP,False,14,3,0,2025-11
2025-11-13 22:30:00+00:00,2025-11-13 23:01:00+00:00,LONG,1.16366,1.16317,-53.66,SL,False,17,3,0,2025-11
2025-11-14 03:00:00+00:00,2025-11-14 03:29:00+00:00,SHORT,1.16358,1.16406,-52.66,SL,False,22,3,0,2025-11
2025-11-14 05:30:00+00:00,2025-11-14 05:58:00+00:00,LONG,1.16427,1.16483,51.34,TP,False,0,4,0,2025-11
2025-11-14 06:00:00+00:00,2025-11-14 06:12:00+00:00,LONG,1.16479,1.16435,-48.66,SL,False,1,4,0,2025-11
2025-11-14 11:45:00+00:00,2025-11-14 12:06:00+00:00,SHORT,1.16143,1.16209,-70.64,SL,False,6,4,0,2025-11
2025-11-14 21:45:00+00:00,2025-11-14 21:58:00+00:00,LONG,1.16204,1.16167,-41.64,SL,False,16,4,0,2025-11
2025-11-16 22:30:00+00:00,2025-11-16 22:52:00+00:00,LONG,1.16244,1.162,-48.64,SL,False,17,6,0,2025-11
2025-11-16 23:15:00+00:00,2025-11-16 23:47:00+00:00,LONG,1.16217,1.1617,-51.64,SL,False,18,6,0,2025-11
2025-11-17 07:00:00+00:00,2025-11-17 07:22:00+00:00,LONG,1.16075,1.16117,37.36,TP,False,2,0,0,2025-11
2025-11-17 09:00:00+00:00,2025-11-17 09:15:00+00:00,SHORT,1.16033,1.15972,56.36,TP,False,4,0,0,2025-11
2025-11-17 09:15:00+00:00,2025-11-17 09:35:00+00:00,SHORT,1.15989,1.16047,-62.64,SL,False,4,0,0,2025-11
2025-11-17 13:15:00+00:00,2025-11-17 13:46:00+00:00,LONG,1.15945,1.15887,-62.64,SL,False,8,0,0,2025-11
2025-11-17 14:15:00+00:00,2025-11-17 14:39:00+00:00,SHORT,1.15936,1.1587,61.36,TP,False,9,0,0,2025-11
2025-11-17 16:00:00+00:00,2025-11-17 18:11:00+00:00,SHORT,1.15976,1.15905,66.36,TP,False,11,0,0,2025-11
2025-11-18 09:45:00+00:00,2025-11-18 10:21:00+00:00,SHORT,1.15911,1.15828,78.36,TP,False,4,1,0,2025-11
2025-11-18 18:45:00+00:00,2025-11-18 21:42:00+00:00,SHORT,1.1585,1.15779,66.36,TP,False,13,1,0,2025-11
2025-11-18 21:45:00+00:00,2025-11-18 22:44:00+00:00,LONG,1.15791,1.15835,39.36,TP,False,16,1,0,2025-11
2025-11-18 23:15:00+00:00,2025-11-19 00:15:00+00:00,LONG,1.15786,1.15833,42.36,TP,False,18,1,0,2025-11
2025-11-19 09:30:00+00:00,2025-11-19 09:48:00+00:00,LONG,1.15758,1.15673,-89.63,SL,False,4,2,0,2025-11
2025-11-19 17:30:00+00:00,2025-11-19 19:08:00+00:00,LONG,1.15295,1.15177,-122.61,SL,False,12,2,0,2025-11
2025-11-19 21:00:00+00:00,2025-11-19 21:34:00+00:00,LONG,1.15263,1.15331,63.38,TP,False,16,2,0,2025-11
2025-11-19 22:30:00+00:00,2025-11-20 00:21:00+00:00,LONG,1.15377,1.15322,-59.62,SL,False,17,2,0,2025-11
2025-11-20 00:30:00+00:00,2025-11-20 01:39:00+00:00,LONG,1.15314,1.1527,-48.62,SL,False,19,2,0,2025-11
2025-11-20 04:15:00+00:00,2025-11-20 06:09:00+00:00,SHORT,1.15162,1.15224,-66.6,SL,False,23,2,0,2025-11
2025-11-20 11:45:00+00:00,2025-11-20 12:52:00+00:00,LONG,1.15156,1.15092,-68.6,SL,False,6,3,0,2025-11
2025-11-20 13:45:00+00:00,2025-11-20 13:47:00+00:00,LONG,1.15288,1.15198,-94.61,SL,False,8,3,0,2025-11
2025-11-20 14:15:00+00:00,2025-11-20 14:30:00+00:00,LONG,1.15297,1.15443,141.38,TP,False,9,3,0,2025-11
2025-11-20 19:00:00+00:00,2025-11-20 20:23:00+00:00,LONG,1.15367,1.15295,-76.62,SL,False,14,3,0,2025-11
2025-11-20 22:00:00+00:00,2025-11-20 23:12:00+00:00,LONG,1.15281,1.15241,-44.61,SL,False,17,3,0,2025-11
2025-11-21 00:00:00+00:00,2025-11-21 00:11:00+00:00,SHORT,1.15336,1.15288,43.38,TP,False,19,3,0,2025-11
2025-11-21 02:00:00+00:00,2025-11-21 02:06:00+00:00,SHORT,1.15324,1.1538,-60.62,SL,False,21,3,0,2025-11
2025-11-21 02:15:00+00:00,2025-11-21 02:51:00+00:00,SHORT,1.1538,1.15332,43.38,TP,False,21,3,0,2025-11
2025-11-21 08:15:00+00:00,2025-11-21 09:00:00+00:00,LONG,1.15458,1.15392,-70.62,SL,False,3,4,0,2025-11
2025-11-21 10:15:00+00:00,2025-11-21 11:54:00+00:00,LONG,1.15172,1.15053,-123.6,SL,False,5,4,0,2025-11
2025-11-21 14:15:00+00:00,2025-11-21 15:02:00+00:00,SHORT,1.15125,1.15232,-111.6,SL,False,9,4,0,2025-11
2025-11-21 16:15:00+00:00,2025-11-21 17:02:00+00:00,LONG,1.14975,1.15087,107.4,TP,False,11,4,0,2025-11
2025-11-21 17:30:00+00:00,2025-11-21 19:42:00+00:00,LONG,1.15038,1.15155,112.4,TP,False,12,4,0,2025-11
2025-11-21 21:00:00+00:00,2025-11-21 22:00:00+00:00,LONG,1.15174,1.15108,-70.6,SL,False,16,4,0,2025-11
2025-11-23 22:30:00+00:00,2025-11-23 23:26:00+00:00,LONG,1.15133,1.15081,-56.6,SL,False,17,6,0,2025-11
2025-11-23 23:30:00+00:00,2025-11-24 00:19:00+00:00,LONG,1.15087,1.15033,-58.6,SL,False,18,6,0,2025-11
2025-11-24 03:00:00+00:00,2025-11-24 04:27:00+00:00,SHORT,1.15159,1.15196,-41.6,SL,False,22,6,0,2025-11
2025-11-24 08:00:00+00:00,2025-11-24 08:03:00+00:00,SHORT,1.15119,1.15166,-51.6,SL,False,3,0,0,2025-11
2025-11-24 11:15:00+00:00,2025-11-24 11:49:00+00:00,LONG,1.15365,1.15448,78.38,TP,False,6,0,0,2025-11
2025-11-24 15:30:00+00:00,2025-11-24 15:40:00+00:00,SHORT,1.15216,1.15291,-79.61,SL,False,10,0,0,2025-11
2025-11-24 15:45:00+00:00,2025-11-24 17:03:00+00:00,SHORT,1.15253,1.15157,91.39,TP,False,10,0,0,2025-11
2025-11-24 18:45:00+00:00,2025-11-24 19:03:00+00:00,SHORT,1.15234,1.15292,-62.61,SL,False,13,0,0,2025-11
2025-11-24 20:00:00+00:00,2025-11-24 20:38:00+00:00,LONG,1.15278,1.15218,-64.61,SL,False,15,0,0,2025-11
2025-11-24 21:00:00+00:00,2025-11-25 01:20:00+00:00,LONG,1.15224,1.15273,44.39,TP,False,16,0,0,2025-11
2025-11-25 10:00:00+00:00,2025-11-25 10:12:00+00:00,LONG,1.15343,1.15406,58.38,TP,False,5,1,0,2025-11
2025-11-25 12:45:00+00:00,2025-11-25 12:45:00+00:00,SHORT,1.15447,1.15559,-116.62,SL,False,7,1,0,2025-11
2025-11-25 12:45:00+00:00,2025-11-25 13:09:00+00:00,SHORT,1.15446,1.15549,-107.62,SL,False,7,1,0,2025-11
2025-11-25 13:45:00+00:00,2025-11-25 13:53:00+00:00,SHORT,1.15466,1.15573,-111.62,SL,False,8,1,0,2025-11
2025-11-25 17:00:00+00:00,2025-11-25 17:01:00+00:00,LONG,1.15529,1.1575,216.37,TP,False,12,1,0,2025-11
2025-11-25 18:30:00+00:00,2025-11-25 20:26:00+00:00,LONG,1.15806,1.1569,-120.63,SL,False,13,1,0,2025-11
2025-11-26 00:30:00+00:00,2025-11-26 00:44:00+00:00,SHORT,1.15703,1.15658,40.38,TP,False,19,1,0,2025-11
2025-11-26 00:45:00+00:00,2025-11-26 01:25:00+00:00,SHORT,1.15673,1.15715,-46.62,SL,False,19,1,0,2025-11
2025-11-26 03:00:00+00:00,2025-11-26 03:33:00+00:00,SHORT,1.15819,1.15883,-68.64,SL,False,22,1,0,2025-11
2025-11-26 04:00:00+00:00,2025-11-26 04:22:00+00:00,SHORT,1.15908,1.15846,57.36,TP,False,23,1,0,2025-11
2025-11-26 06:45:00+00:00,2025-11-26 06:57:00+00:00,LONG,1.15892,1.15837,-59.64,SL,False,1,2,0,2025-11
2025-11-26 08:00:00+00:00,2025-11-26 08:33:00+00:00,LONG,1.15793,1.15726,-71.63,SL,False,3,2,0,2025-11
2025-11-26 15:30:00+00:00,2025-11-27 00:03:00+00:00,LONG,1.15902,1.16047,140.36,TP,False,10,2,0,2025-11
2025-11-28 16:00:00+00:00,2025-11-28 16:16:00+00:00,SHORT,1.16075,1.15957,113.36,TP,False,11,4,0,2025-11
2025-11-28 16:30:00+00:00,2025-11-30 23:14:00+00:00,SHORT,1.15962,1.16067,-109.64,SL,False,11,4,0,2025-11
2025-11-30 23:15:00+00:00,2025-11-30 23:24:00+00:00,LONG,1.16074,1.16026,-52.64,SL,False,18,6,0,2025-11
2025-11-30 23:30:00+00:00,2025-12-01 00:46:00+00:00,LONG,1.15994,1.16046,47.36,TP,False,18,6,0,2025-11
2025-12-01 03:00:00+00:00,2025-12-01 04:39:00+00:00,SHORT,1.1595,1.16014,-68.64,SL,False,22,6,0,2025-12
2025-12-01 08:15:00+00:00,2025-12-01 08:22:00+00:00,SHORT,1.16155,1.16221,-70.64,SL,False,3,0,0,2025-12
2025-12-01 08:30:00+00:00,2025-12-01 08:38:00+00:00,SHORT,1.16183,1.16106,72.36,TP,False,3,0,0,2025-12
2025-12-01 11:15:00+00:00,2025-12-01 12:18:00+00:00,SHORT,1.16257,1.16328,-75.66,SL,False,6,0,0,2025-12
2025-12-01 13:00:00+00:00,2025-12-01 13:19:00+00:00,SHORT,1.16488,1.1641,73.34,TP,False,8,0,0,2025-12
2025-12-01 14:45:00+00:00,2025-12-01 15:35:00+00:00,LONG,1.16356,1.16276,-84.66,SL,False,9,0,0,2025-12
2025-12-01 16:15:00+00:00,2025-12-01 17:53:00+00:00,SHORT,1.16275,1.16179,91.35,TP,False,11,0,0,2025-12
2025-12-01 20:00:00+00:00,2025-12-02 01:17:00+00:00,LONG,1.16085,1.16037,-52.64,SL,False,15,0,0,2025-12
2025-12-02 11:00:00+00:00,2025-12-02 12:27:00+00:00,LONG,1.16066,1.16135,64.36,TP,False,6,1,0,2025-12
2025-12-02 17:00:00+00:00,2025-12-02 17:31:00+00:00,LONG,1.15955,1.16061,101.36,TP,False,12,1,0,2025-12
2025-12-02 18:45:00+00:00,2025-12-02 19:16:00+00:00,LONG,1.16064,1.16144,75.36,TP,False,13,1,0,2025-12
2025-12-02 21:15:00+00:00,2025-12-02 23:41:00+00:00,LONG,1.16227,1.16283,51.35,TP,False,16,1,0,2025-12
2025-12-03 08:00:00+00:00,2025-12-03 08:49:00+00:00,SHORT,1.16414,1.16359,50.34,TP,False,3,2,0,2025-12
2025-12-04 00:45:00+00:00,2025-12-04 01:24:00+00:00,LONG,1.16637,1.16595,-46.66,SL,False,19,2,0,2025-12
2025-12-04 01:30:00+00:00,2025-12-04 03:17:00+00:00,SHORT,1.16606,1.1656,41.34,TP,False,20,2,0,2025-12
2025-12-04 10:00:00+00:00,2025-12-04 10:17:00+00:00,SHORT,1.16776,1.16709,62.33,TP,False,5,3,0,2025-12
2025-12-04 16:00:00+00:00,2025-12-04 16:13:00+00:00,LONG,1.16734,1.16657,-81.66,SL,False,11,3,0,2025-12
2025-12-04 20:00:00+00:00,2025-12-04 20:20:00+00:00,SHORT,1.16527,1.16468,54.34,TP,False,15,3,0,2025-12
2025-12-04 20:45:00+00:00,2025-12-05 00:32:00+00:00,SHORT,1.16446,1.16492,-50.66,SL,False,15,3,0,2025-12
2025-12-07 22:30:00+00:00,2025-12-07 22:55:00+00:00,LONG,1.16402,1.16461,54.34,TP,False,17,6,0,2025-12
2025-12-07 23:00:00+00:00,2025-12-07 23:03:00+00:00,LONG,1.16463,1.16404,-63.66,SL,False,18,6,0,2025-12
2025-12-07 23:15:00+00:00,2025-12-08 00:31:00+00:00,LONG,1.16427,1.16473,41.34,TP,False,18,6,0,2025-12
2025-12-08 06:15:00+00:00,2025-12-08 06:51:00+00:00,SHORT,1.16647,1.16589,53.34,TP,False,1,0,0,2025-12
2025-12-08 07:00:00+00:00,2025-12-08 07:09:00+00:00,SHORT,1.16609,1.1665,-45.66,SL,False,2,0,0,2025-12
2025-12-08 07:30:00+00:00,2025-12-08 07:48:00+00:00,SHORT,1.1662,1.16562,53.34,TP,False,2,0,0,2025-12
2025-12-08 08:30:00+00:00,2025-12-08 09:00:00+00:00,SHORT,1.16504,1.16566,-66.66,SL,False,3,0,0,2025-12
2025-12-08 09:30:00+00:00,2025-12-08 13:12:00+00:00,SHORT,1.16519,1.16576,-61.66,SL,False,4,0,0,2025-12
2025-12-08 13:15:00+00:00,2025-12-08 13:32:00+00:00,SHORT,1.16552,1.16495,52.34,TP,False,8,0,0,2025-12
2025-12-08 16:30:00+00:00,2025-12-08 16:45:00+00:00,LONG,1.16193,1.16288,90.35,TP,False,11,0,0,2025-12
2025-12-08 18:30:00+00:00,2025-12-09 01:47:00+00:00,LONG,1.16357,1.16434,72.34,TP,False,13,0,0,2025-12
2025-12-09 08:15:00+00:00,2025-12-09 08:26:00+00:00,LONG,1.16372,1.1643,53.34,TP,False,3,1,0,2025-12
2025-12-09 10:30:00+00:00,2025-12-09 11:12:00+00:00,SHORT,1.16448,1.1638,63.34,TP,False,5,1,0,2025-12
2025-12-09 11:15:00+00:00,2025-12-09 11:35:00+00:00,SHORT,1.1639,1.1645,-64.66,SL,False,6,1,0,2025-12
2025-12-09 17:45:00+00:00,2025-12-09 18:18:00+00:00,LONG,1.16254,1.16177,-81.65,SL,False,12,1,0,2025-12
2025-12-09 18:45:00+00:00,2025-12-09 19:32:00+00:00,LONG,1.16221,1.16295,69.35,TP,False,13,1,0,2025-12
2025-12-09 21:00:00+00:00,2025-12-10 01:31:00+00:00,LONG,1.16269,1.16223,-50.65,SL,False,16,1,0,2025-12
2025-12-10 17:30:00+00:00,2025-12-10 19:01:00+00:00,LONG,1.16542,1.16738,191.34,TP,False,12,2,0,2025-12
2025-12-11 00:00:00+00:00,2025-12-11 00:31:00+00:00,LONG,1.17016,1.16972,-48.68,SL,False,19,2,0,2025-12
2025-12-11 14:45:00+00:00,2025-12-11 15:01:00+00:00,SHORT,1.17434,1.17341,88.3,TP,False,9,3,0,2025-12
2025-12-11 16:30:00+00:00,2025-12-11 16:49:00+00:00,SHORT,1.17469,1.17562,-97.7,SL,False,11,3,0,2025-12
2025-12-12 17:30:00+00:00,2025-12-12 19:47:00+00:00,LONG,1.17431,1.17358,-77.7,SL,False,12,4,0,2025-12
2025-12-12 21:15:00+00:00,2025-12-14 22:16:00+00:00,LONG,1.17434,1.17365,-73.7,SL,False,16,4,0,2025-12
2025-12-14 22:30:00+00:00,2025-12-15 00:11:00+00:00,LONG,1.1737,1.1732,-54.7,SL,False,17,6,0,2025-12
2025-12-15 03:00:00+00:00,2025-12-15 03:34:00+00:00,SHORT,1.17414,1.17359,50.3,TP,False,22,6,0,2025-12
2025-12-15 23:15:00+00:00,2025-12-16 00:57:00+00:00,SHORT,1.17544,1.17485,54.3,TP,False,18,0,0,2025-12
2025-12-16 01:15:00+00:00,2025-12-16 01:37:00+00:00,SHORT,1.17489,1.17526,-41.7,SL,False,20,0,0,2025-12
2025-12-16 01:45:00+00:00,2025-12-16 01:50:00+00:00,SHORT,1.17529,1.17482,42.3,TP,False,20,0,0,2025-12
2025-12-16 02:00:00+00:00,2025-12-16 03:03:00+00:00,LONG,1.1752,1.1758,55.3,TP,False,21,0,0,2025-12
2025-12-16 13:45:00+00:00,2025-12-16 13:57:00+00:00,SHORT,1.17637,1.17726,-93.7,SL,False,8,1,0,2025-12
2025-12-16 15:15:00+00:00,2025-12-16 15:56:00+00:00,SHORT,1.17876,1.17694,177.29,TP,False,10,1,0,2025-12
2025-12-16 17:00:00+00:00,2025-12-16 18:04:00+00:00,SHORT,1.17691,1.17569,117.3,TP,False,12,1,0,2025-12
2025-12-16 18:30:00+00:00,2025-12-16 19:26:00+00:00,LONG,1.17461,1.17344,-121.7,SL,False,13,1,0,2025-12
2025-12-16 21:00:00+00:00,,LONG,1.17478,,-2.35,EXIT,False,16,1,0,2025-12
