{
  "pnls": {
    "PnL (total)": -4112.63,
    "PnL% (total)": -4.112630000000005,
    "Max Winner": 606.86,
    "Avg Winner": 341.2391111111111,
    "Min Winner": 4.64,
    "Min Loser": 0.0,
    "Avg Loser": -175.39090090090087,
    "Max Loser": -255.72,
    "Expectancy": -26.36301282051282,
    "Win Rate": 0.28846153846153844
  },
  "general": {
    "Long Ratio": "0.42"
  },
  "rejected_signals_count": 1517
}