{
  "pnls": {
    "PnL (total)": 1456.72,
    "PnL% (total)": 1.4567200000000011,
    "Max Winner": 494.89,
    "Avg Winner": 494.6383333333333,
    "Min Winner": 494.35,
    "Min Loser": -80.54,
    "Avg Loser": -247.96666666666667,
    "Max Loser": -256.71,
    "Expectancy": 22.07151515151517,
    "Win Rate": 0.36363636363636365
  },
  "general": {
    "Long Ratio": "0.48",
    "Total trades": 0,
    "Sharpe ratio": 0.0,
    "Profit factor": 0.0,
    "Max drawdown": 0.0
  },
  "rejected_signals_count": 313
}