{
  "pnls": {
    "PnL (total)": 6705.71,
    "PnL% (total)": 6.705710000000006,
    "Max Winner": 494.89,
    "Avg Winner": 479.4096875,
    "Min Winner": 8.38,
    "Min Loser": -33.16,
    "Avg Loser": -319.8296296296296,
    "Max Loser": -356.71,
    "Expectancy": 113.65610169491526,
    "Win Rate": 0.5423728813559322
  },
  "general": {
    "Long Ratio": "0.51",
    "Total trades": 0,
    "Sharpe ratio": 0.0,
    "Profit factor": 0.0,
    "Max drawdown": 0.0
  },
  "rejected_signals_count": 282
}