{
  "pnls": {
    "PnL (total)": 2.17,
    "PnL% (total)": 0.0021699999999982536,
    "Max Winner": 0.3,
    "Avg Winner": 0.24852941176470592,
    "Min Winner": 0.01,
    "Min Loser": 0.0,
    "Avg Loser": -0.054608695652173925,
    "Max Loser": -0.06,
    "Expectancy": 0.014563758389261744,
    "Win Rate": 0.22818791946308725
  },
  "general": {
    "Long Ratio": "0.52"
  },
  "rejected_signals_count": 236
}