{
  "pnls": {
    "PnL (total)": -8360.14,
    "PnL% (total)": -8.36014,
    "Max Winner": 774.84,
    "Avg Winner": 745.2549206349202,
    "Min Winner": 734.83,
    "Min Loser": -339.53,
    "Avg Loser": -356.8464516129033,
    "Max Loser": -414.53,
    "Expectancy": -38.3492660550461,
    "Win Rate": 0.2889908256880734
  },
  "general": {
    "Long Ratio": 0.5,
    "Total trades": 218,
    "Sharpe ratio": -0.064,
    "Profit factor": 0.0,
    "Max drawdown": 0.0
  },
  "rejected_signals_count": 26755
}