{
  "pnls": {
    "PnL (total)": -4890.49,
    "PnL% (total)": -4.890490000000005,
    "Max Winner": 379.43,
    "Avg Winner": 293.7055778894473,
    "Min Winner": 33.43,
    "Min Loser": -256.09,
    "Avg Loser": -256.4287449392712,
    "Max Loser": -256.72,
    "Expectancy": -10.965224215246561,
    "Win Rate": 0.4461883408071749
  },
  "general": {
    "Long Ratio": 0.5,
    "Total trades": 446,
    "Sharpe ratio": -0.022,
    "Profit factor": 0.0,
    "Max drawdown": 0.0
  },
  "rejected_signals_count": 161085
}