{
  "pnls": {
    "PnL (total)": 6681.75,
    "PnL% (total)": 6.68175,
    "Max Winner": 494.89,
    "Avg Winner": 480.5559375,
    "Min Winner": 45.38,
    "Min Loser": -73.2,
    "Avg Loser": -322.0755555555556,
    "Max Loser": -356.69,
    "Expectancy": 113.25,
    "Win Rate": 0.5423728813559322
  },
  "general": {
    "Long Ratio": "0.51",
    "Total trades": 0,
    "Sharpe ratio": 0.0,
    "Profit factor": 0.0,
    "Max drawdown": 0.0
  },
  "rejected_signals_count": 276
}