{
  "pnls": {
    "PnL (total)": -1192.61,
    "PnL% (total)": -1.1926100000000006,
    "Max Winner": 394.89,
    "Avg Winner": 394.5345454545455,
    "Min Winner": 394.31,
    "Min Loser": -106.12,
    "Avg Loser": -106.39403846153846,
    "Max Loser": -106.7,
    "Expectancy": -18.930317460317454,
    "Win Rate": 0.1746031746031746
  },
  "general": {
    "Long Ratio": "0.49",
    "Total trades": 0,
    "Sharpe ratio": 0.0,
    "Profit factor": 0.0,
    "Max drawdown": 0.0
  },
  "rejected_signals_count": 238
}