{
  "pnls": {
    "PnL (total)": -8489.25,
    "PnL% (total)": -8.48925,
    "Max Winner": 744.89,
    "Avg Winner": 744.5259459459459,
    "Min Winner": 744.28,
    "Min Loser": -246.09,
    "Avg Loser": -256.38778225806436,
    "Max Loser": -256.75,
    "Expectancy": -26.364130434782517,
    "Win Rate": 0.22981366459627328
  },
  "general": {
    "Long Ratio": 0.5,
    "Total trades": 322,
    "Sharpe ratio": -0.052,
    "Profit factor": 0.0,
    "Max drawdown": 0.0
  },
  "rejected_signals_count": 333563
}