{
  "pnls": {
    "PnL (total)": 9637.26,
    "PnL% (total)": 9.637259999999994,
    "Max Winner": 494.89,
    "Avg Winner": 462.62891891891894,
    "Min Winner": 8.38,
    "Min Loser": -55.16,
    "Avg Loser": -325.21782608695656,
    "Max Loser": -356.69,
    "Expectancy": 160.62100000000004,
    "Win Rate": 0.6166666666666667
  },
  "general": {
    "Long Ratio": "0.52",
    "Total trades": 0,
    "Sharpe ratio": 0.0,
    "Profit factor": 0.0,
    "Max drawdown": 0.0
  },
  "rejected_signals_count": 271
}