{
  "pnls": {
    "PnL (total)": 9985.75,
    "PnL% (total)": 9.98575,
    "Max Winner": 494.89,
    "Avg Winner": 481.4610810810811,
    "Min Winner": 8.38,
    "Min Loser": -30.54,
    "Avg Loser": -326.17958333333337,
    "Max Loser": -356.69,
    "Expectancy": 163.70081967213116,
    "Win Rate": 0.6065573770491803
  },
  "general": {
    "Long Ratio": "0.49",
    "Total trades": 0,
    "Sharpe ratio": 0.0,
    "Profit factor": 0.0,
    "Max drawdown": 0.0
  },
  "rejected_signals_count": 215
}