{
  "pnls": {
    "PnL (total)": -3303.35,
    "PnL% (total)": -3.303350000000006,
    "Max Winner": 744.88,
    "Avg Winner": 744.4979487179488,
    "Min Winner": 744.29,
    "Min Loser": -6.64,
    "Avg Loser": -254.63598425196838,
    "Max Loser": -285.69,
    "Expectancy": -19.899698795180594,
    "Win Rate": 0.23493975903614459
  },
  "general": {
    "Long Ratio": 0.5,
    "Total trades": 166,
    "Sharpe ratio": -0.035,
    "Profit factor": 0.0,
    "Max drawdown": 0.0
  },
  "rejected_signals_count": 8382
}