{
  "pnls": {
    "PnL (total)": 8240.8,
    "PnL% (total)": 8.240800000000002,
    "Max Winner": 494.89,
    "Avg Winner": 468.59771428571435,
    "Min Winner": 8.38,
    "Min Loser": -101.19,
    "Avg Loser": -340.005,
    "Max Loser": -356.71,
    "Expectancy": 139.67457627118645,
    "Win Rate": 0.5932203389830508
  },
  "general": {
    "Long Ratio": "0.49",
    "Total trades": 0,
    "Sharpe ratio": 0.0,
    "Profit factor": 0.0,
    "Max drawdown": 0.0
  },
  "rejected_signals_count": 289
}