{
  "pnls": {
    "PnL (total)": -6807.61,
    "PnL% (total)": -6.80761,
    "Max Winner": 494.89,
    "Avg Winner": 494.1460000000002,
    "Min Winner": 465.29,
    "Min Loser": -350.63,
    "Avg Loser": -356.456076923077,
    "Max Loser": -356.75,
    "Expectancy": -32.41719047619046,
    "Win Rate": 0.38095238095238093
  },
  "general": {
    "Long Ratio": 0.5,
    "Total trades": 210,
    "Sharpe ratio": -0.066,
    "Profit factor": 0.0,
    "Max drawdown": 0.0
  },
  "rejected_signals_count": 12714
}