{
  "pnls": {
    "PnL (total)": -166.97,
    "PnL% (total)": -0.16697000000000115,
    "Max Winner": 666.43,
    "Avg Winner": 521.2323529411764,
    "Min Winner": 495.33,
    "Min Loser": -50.52,
    "Avg Loser": -214.9504761904762,
    "Max Loser": -255.71,
    "Expectancy": -2.8300000000000125,
    "Win Rate": 0.288135593220339
  },
  "general": {
    "Long Ratio": "0.56"
  },
  "rejected_signals_count": 550
}