{
  "pnls": {
    "PnL (total)": 10760.81,
    "PnL% (total)": 10.760809999999998,
    "Max Winner": 494.89,
    "Avg Winner": 482.4629729729731,
    "Min Winner": 45.46,
    "Min Loser": -5.62,
    "Avg Loser": -322.28727272727275,
    "Max Loser": -356.69,
    "Expectancy": 182.38661016949158,
    "Win Rate": 0.6271186440677966
  },
  "general": {
    "Long Ratio": "0.49",
    "Total trades": 0,
    "Sharpe ratio": 0.0,
    "Profit factor": 0.0,
    "Max drawdown": 0.0
  },
  "rejected_signals_count": 248
}