{
  "pnls": {
    "PnL (total)": 8893.42,
    "PnL% (total)": 8.893419999999997,
    "Max Winner": 494.89,
    "Avg Winner": 494.5991176470588,
    "Min Winner": 494.31,
    "Min Loser": -73.2,
    "Avg Loser": -330.12291666666664,
    "Max Loser": -356.69,
    "Expectancy": 153.33482758620687,
    "Win Rate": 0.5862068965517241
  },
  "general": {
    "Long Ratio": "0.50",
    "Total trades": 0,
    "Sharpe ratio": 0.0,
    "Profit factor": 0.0,
    "Max drawdown": 0.0
  },
  "rejected_signals_count": 256
}