{
  "pnls": {
    "PnL (total)": 9095.79,
    "PnL% (total)": 9.095789999999994,
    "Max Winner": 494.89,
    "Avg Winner": 480.71200000000005,
    "Min Winner": 8.38,
    "Min Loser": -26.16,
    "Avg Loser": -322.0470833333333,
    "Max Loser": -356.71,
    "Expectancy": 154.16593220338987,
    "Win Rate": 0.5932203389830508
  },
  "general": {
    "Long Ratio": "0.49",
    "Total trades": 0,
    "Sharpe ratio": 0.0,
    "Profit factor": 0.0,
    "Max drawdown": 0.0
  },
  "rejected_signals_count": 278
}