{
  "pnls": {
    "PnL (total)": 8338.42,
    "PnL% (total)": 8.338419999999998,
    "Max Winner": 494.89,
    "Avg Winner": 494.6,
    "Min Winner": 494.31,
    "Min Loser": -16.16,
    "Avg Loser": -319.3352,
    "Max Loser": -356.69,
    "Expectancy": 143.76586206896556,
    "Win Rate": 0.5689655172413793
  },
  "general": {
    "Long Ratio": "0.50",
    "Total trades": 0,
    "Sharpe ratio": 0.0,
    "Profit factor": 0.0,
    "Max drawdown": 0.0
  },
  "rejected_signals_count": 261
}