{
  "pnls": {
    "PnL (total)": 10057.31,
    "PnL% (total)": 10.057309999999998,
    "Max Winner": 494.89,
    "Avg Winner": 470.85540540540546,
    "Min Winner": 8.38,
    "Min Loser": -93.52,
    "Avg Loser": -320.188695652174,
    "Max Loser": -356.69,
    "Expectancy": 167.62183333333337,
    "Win Rate": 0.6166666666666667
  },
  "general": {
    "Long Ratio": "0.52",
    "Total trades": 0,
    "Sharpe ratio": 0.0,
    "Profit factor": 0.0,
    "Max drawdown": 0.0
  },
  "rejected_signals_count": 219
}