{
  "pnls": {
    "PnL (total)": -2924.33,
    "PnL% (total)": -2.9243300000000017,
    "Max Winner": 607.49,
    "Avg Winner": 445.1157894736842,
    "Min Winner": 54.84,
    "Min Loser": 0.0,
    "Avg Loser": -199.6759649122807,
    "Max Loser": -255.7,
    "Expectancy": -38.47802631578948,
    "Win Rate": 0.25
  },
  "general": {
    "Long Ratio": "0.53"
  },
  "rejected_signals_count": 1406
}