{
  "pnls": {
    "PnL (total)": 10722.84,
    "PnL% (total)": 10.722839999999996,
    "Max Winner": 494.89,
    "Avg Winner": 481.46162162162165,
    "Min Winner": 8.38,
    "Min Loser": -0.54,
    "Avg Loser": -322.3290909090909,
    "Max Loser": -356.69,
    "Expectancy": 181.74305084745762,
    "Win Rate": 0.6271186440677966
  },
  "general": {
    "Long Ratio": "0.49",
    "Total trades": 0,
    "Sharpe ratio": 0.0,
    "Profit factor": 0.0,
    "Max drawdown": 0.0
  },
  "rejected_signals_count": 202
}