{
  "pnls": {
    "PnL (total)": 6479.83,
    "PnL% (total)": 6.4798300000000015,
    "Max Winner": 494.89,
    "Avg Winner": 494.59322580645164,
    "Min Winner": 494.31,
    "Min Loser": -93.52,
    "Avg Loser": -316.1628571428572,
    "Max Loser": -356.69,
    "Expectancy": 109.8276271186441,
    "Win Rate": 0.5254237288135594
  },
  "general": {
    "Long Ratio": "0.53",
    "Total trades": 0,
    "Sharpe ratio": 0.0,
    "Profit factor": 0.0,
    "Max drawdown": 0.0
  },
  "rejected_signals_count": 307
}