{
  "pnls": {
    "PnL (total)": -7302.61,
    "PnL% (total)": -7.302610000000001,
    "Max Winner": 514.67,
    "Avg Winner": 494.7967826086957,
    "Min Winner": 485.51,
    "Min Loser": -14.64,
    "Avg Loser": -354.71955801104974,
    "Max Loser": -375.65,
    "Expectancy": -24.670979729729755,
    "Win Rate": 0.3885135135135135
  },
  "general": {
    "Long Ratio": 0.5,
    "Total trades": 296,
    "Sharpe ratio": -0.046,
    "Profit factor": 0.0,
    "Max drawdown": 0.0
  },
  "rejected_signals_count": 127645
}