{
  "pnls": {
    "PnL (total)": 9917.82,
    "PnL% (total)": 9.917820000000006,
    "Max Winner": 494.89,
    "Avg Winner": 481.09027777777777,
    "Min Winner": 8.38,
    "Min Loser": -55.16,
    "Avg Loser": -321.80130434782615,
    "Max Loser": -356.69,
    "Expectancy": 168.0986440677966,
    "Win Rate": 0.6101694915254238
  },
  "general": {
    "Long Ratio": "0.49",
    "Total trades": 0,
    "Sharpe ratio": 0.0,
    "Profit factor": 0.0,
    "Max drawdown": 0.0
  },
  "rejected_signals_count": 267
}