{
  "pnls": {
    "PnL (total)": -5302.51,
    "PnL% (total)": -5.302509999999995,
    "Max Winner": 764.67,
    "Avg Winner": 738.6909859154927,
    "Min Winner": 305.35,
    "Min Loser": -346.67,
    "Avg Loser": -356.4788271604938,
    "Max Loser": -362.71,
    "Expectancy": -22.757553648068743,
    "Win Rate": 0.30472103004291845
  },
  "general": {
    "Long Ratio": 0.5,
    "Total trades": 233,
    "Sharpe ratio": -0.035,
    "Profit factor": 0.0,
    "Max drawdown": 0.0
  },
  "rejected_signals_count": 154104
}