{
  "pnls": {
    "PnL (total)": 9871.29,
    "PnL% (total)": 9.871289999999993,
    "Max Winner": 494.89,
    "Avg Winner": 469.9916216216217,
    "Min Winner": 8.38,
    "Min Loser": -71.52,
    "Avg Loser": -326.88695652173914,
    "Max Loser": -356.69,
    "Expectancy": 164.52150000000006,
    "Win Rate": 0.6166666666666667
  },
  "general": {
    "Long Ratio": "0.50",
    "Total trades": 0,
    "Sharpe ratio": 0.0,
    "Profit factor": 0.0,
    "Max drawdown": 0.0
  },
  "rejected_signals_count": 264
}