{
  "pnls": {
    "PnL (total)": 8304.8,
    "PnL% (total)": 8.304800000000002,
    "Max Winner": 494.89,
    "Avg Winner": 481.39352941176475,
    "Min Winner": 45.38,
    "Min Loser": -33.16,
    "Avg Loser": -322.50319999999994,
    "Max Loser": -356.69,
    "Expectancy": 140.75932203389837,
    "Win Rate": 0.576271186440678
  },
  "general": {
    "Long Ratio": "0.49",
    "Total trades": 0,
    "Sharpe ratio": 0.0,
    "Profit factor": 0.0,
    "Max drawdown": 0.0
  },
  "rejected_signals_count": 318
}