{
  "pnls": {
    "PnL (total)": -4007.36,
    "PnL% (total)": -4.007360000000001,
    "Max Winner": 744.89,
    "Avg Winner": 744.5288888888891,
    "Min Winner": 744.29,
    "Min Loser": -6.64,
    "Avg Loser": -255.17795918367355,
    "Max Loser": -285.72,
    "Expectancy": -20.871666666666684,
    "Win Rate": 0.234375
  },
  "general": {
    "Long Ratio": 0.5,
    "Total trades": 192,
    "Sharpe ratio": -0.033,
    "Profit factor": 0.0,
    "Max drawdown": 0.0
  },
  "rejected_signals_count": 9721
}