{
  "pnls": {
    "PnL (total)": 7908.45,
    "PnL% (total)": 7.9084499999999975,
    "Max Winner": 494.89,
    "Avg Winner": 494.5835294117647,
    "Min Winner": 494.31,
    "Min Loser": -30.54,
    "Avg Loser": -342.59192307692314,
    "Max Loser": -396.69,
    "Expectancy": 131.80749999999998,
    "Win Rate": 0.5666666666666667
  },
  "general": {
    "Long Ratio": "0.48",
    "Total trades": 0,
    "Sharpe ratio": 0.0,
    "Profit factor": 0.0,
    "Max drawdown": 0.0
  },
  "rejected_signals_count": 230
}