{
  "pnls": {
    "PnL (total)": 743.22,
    "PnL% (total)": 0.7432200000000012,
    "Max Winner": 154.92,
    "Avg Winner": 138.46296089385476,
    "Min Winner": 0.34,
    "Min Loser": -0.16,
    "Avg Loser": -95.55091976516634,
    "Max Loser": -126.72,
    "Expectancy": 0.8552589182968973,
    "Win Rate": 0.41196777905638665
  },
  "general": {
    "Long Ratio": "0.49",
    "Total trades": 0,
    "Sharpe ratio": 0.0,
    "Profit factor": 0.0,
    "Max drawdown": 0.0
  },
  "rejected_signals_count": 7708
}