{
  "pnls": {
    "PnL (total)": -7298.79,
    "PnL% (total)": -7.298789999999994,
    "Max Winner": 768.33,
    "Avg Winner": 745.1945714285715,
    "Min Winner": 744.29,
    "Min Loser": -6.64,
    "Avg Loser": -254.81374045801513,
    "Max Loser": -285.69,
    "Expectancy": -43.9686144578312,
    "Win Rate": 0.21084337349397592
  },
  "general": {
    "Long Ratio": 0.5,
    "Total trades": 166,
    "Sharpe ratio": -0.095,
    "Profit factor": 0.0,
    "Max drawdown": 0.0
  },
  "rejected_signals_count": 6886
}