{
  "pnls": {
    "PnL (total)": -16925.29,
    "PnL% (total)": -16.925289999999993,
    "Max Winner": 524.55,
    "Avg Winner": 149.2082222222222,
    "Min Winner": 0.28,
    "Min Loser": -0.32,
    "Avg Loser": -80.21850190839679,
    "Max Loser": -160.7,
    "Expectancy": -11.298591455273597,
    "Win Rate": 0.30040053404539385
  },
  "general": {
    "Long Ratio": 0.47,
    "Total trades": 1498,
    "Sharpe ratio": -0.047,
    "Profit factor": 0.0,
    "Max drawdown": 0.0
  },
  "rejected_signals_count": 91327
}