{
  "pnls": {
    "PnL (total)": 8401.8,
    "PnL% (total)": 8.401800000000001,
    "Max Winner": 494.89,
    "Avg Winner": 468.58599999999996,
    "Min Winner": 8.38,
    "Min Loser": -101.19,
    "Avg Loser": -333.27958333333333,
    "Max Loser": -356.71,
    "Expectancy": 142.40338983050844,
    "Win Rate": 0.5932203389830508
  },
  "general": {
    "Long Ratio": "0.51",
    "Total trades": 0,
    "Sharpe ratio": 0.0,
    "Profit factor": 0.0,
    "Max drawdown": 0.0
  },
  "rejected_signals_count": 258
}