{
  "pnls": {
    "PnL (total)": -4535.27,
    "PnL% (total)": -4.535270000000004,
    "Max Winner": 793.6,
    "Avg Winner": 745.479315068493,
    "Min Winner": 743.4,
    "Min Loser": -223.28,
    "Avg Loser": -256.3272173913042,
    "Max Loser": -280.34,
    "Expectancy": -14.967887788778821,
    "Win Rate": 0.24092409240924093
  },
  "general": {
    "Long Ratio": 0.5,
    "Total trades": 303,
    "Sharpe ratio": -0.022,
    "Profit factor": 0.0,
    "Max drawdown": 0.0
  },
  "rejected_signals_count": 129449
}