{
  "pnls": {
    "PnL (total)": 6479.67,
    "PnL% (total)": 6.479669999999999,
    "Max Winner": 494.89,
    "Avg Winner": 494.59193548387105,
    "Min Winner": 494.31,
    "Min Loser": -219.54,
    "Avg Loser": -340.4876923076923,
    "Max Loser": -346.69,
    "Expectancy": 113.67842105263162,
    "Win Rate": 0.543859649122807
  },
  "general": {
    "Long Ratio": "0.49",
    "Total trades": 0,
    "Sharpe ratio": 0.0,
    "Profit factor": 0.0,
    "Max drawdown": 0.0
  },
  "rejected_signals_count": 256
}