{
  "pnls": {
    "PnL (total)": 3292.28,
    "PnL% (total)": 3.292279999999999,
    "Max Winner": 494.89,
    "Avg Winner": 494.6332,
    "Min Winner": 494.35,
    "Min Loser": -80.54,
    "Avg Loser": -245.23108108108107,
    "Max Loser": -256.71,
    "Expectancy": 53.10129032258064,
    "Win Rate": 0.4032258064516129
  },
  "general": {
    "Long Ratio": "0.48",
    "Total trades": 0,
    "Sharpe ratio": 0.0,
    "Profit factor": 0.0,
    "Max drawdown": 0.0
  },
  "rejected_signals_count": 281
}