{
  "pnls": {
    "PnL (total)": 6397.47,
    "PnL% (total)": 6.397470000000001,
    "Max Winner": 494.89,
    "Avg Winner": 494.61875000000003,
    "Min Winner": 494.33,
    "Min Loser": -30.54,
    "Avg Loser": -294.6978125,
    "Max Loser": -316.71,
    "Expectancy": 99.96046875000002,
    "Win Rate": 0.5
  },
  "general": {
    "Long Ratio": "0.48",
    "Total trades": 0,
    "Sharpe ratio": 0.0,
    "Profit factor": 0.0,
    "Max drawdown": 0.0
  },
  "rejected_signals_count": 229
}