{
  "pnls": {
    "PnL (total)": 1089.58,
    "PnL% (total)": 1.0895800000000018,
    "Max Winner": 214.32,
    "Avg Winner": 194.77750000000003,
    "Min Winner": 176.36,
    "Min Loser": -55.68,
    "Avg Loser": -105.36098591549296,
    "Max Loser": -106.74,
    "Expectancy": 9.47460869565219,
    "Win Rate": 0.3826086956521739
  },
  "general": {
    "Long Ratio": 0.5
  },
  "rejected_signals_count": 551
}