{
  "pnls": {
    "PnL (total)": 4910.53,
    "PnL% (total)": 4.910529999999999,
    "Max Winner": 494.89,
    "Avg Winner": 463.2231034482758,
    "Min Winner": 8.38,
    "Min Loser": -96.16,
    "Avg Loser": -250.67470588235295,
    "Max Loser": -256.71,
    "Expectancy": 77.94492063492058,
    "Win Rate": 0.4603174603174603
  },
  "general": {
    "Long Ratio": "0.49",
    "Total trades": 0,
    "Sharpe ratio": 0.0,
    "Profit factor": 0.0,
    "Max drawdown": 0.0
  },
  "rejected_signals_count": 221
}