{
  "pnls": {
    "PnL (total)": -2994.98,
    "PnL% (total)": -2.994979999999996,
    "Max Winner": 606.86,
    "Avg Winner": 486.5251612903226,
    "Min Winner": 7.46,
    "Min Loser": 0.0,
    "Avg Loser": -203.11528089887642,
    "Max Loser": -255.72,
    "Expectancy": -24.95816666666667,
    "Win Rate": 0.25833333333333336
  },
  "general": {
    "Long Ratio": "0.52"
  },
  "rejected_signals_count": 830
}