{
  "pnls": {
    "PnL (total)": -7687.14,
    "PnL% (total)": -7.687139999999999,
    "Max Winner": 793.6,
    "Avg Winner": 745.8327272727274,
    "Min Winner": 743.4,
    "Min Loser": -217.7,
    "Avg Loser": -256.3608108108108,
    "Max Loser": -279.17,
    "Expectancy": -26.691458333333305,
    "Win Rate": 0.22916666666666666
  },
  "general": {
    "Long Ratio": 0.5,
    "Total trades": 288,
    "Sharpe ratio": -0.047,
    "Profit factor": 0.0,
    "Max drawdown": 0.0
  },
  "rejected_signals_count": 123181
}