{
  "pnls": {
    "PnL (total)": 8530.74,
    "PnL% (total)": 8.530740000000005,
    "Max Winner": 494.89,
    "Avg Winner": 468.6333333333333,
    "Min Winner": 8.38,
    "Min Loser": -101.19,
    "Avg Loser": -333.60240000000005,
    "Max Loser": -356.69,
    "Expectancy": 139.84819672131144,
    "Win Rate": 0.5901639344262295
  },
  "general": {
    "Long Ratio": "0.51",
    "Total trades": 0,
    "Sharpe ratio": 0.0,
    "Profit factor": 0.0,
    "Max drawdown": 0.0
  },
  "rejected_signals_count": 172
}