{
  "pnls": {
    "PnL (total)": -637.62,
    "PnL% (total)": -0.6376199999999953,
    "Max Winner": 494.89,
    "Avg Winner": 494.5943809523812,
    "Min Winner": 494.29,
    "Min Loser": -247.57,
    "Avg Loser": -305.63970930232574,
    "Max Loser": -306.72,
    "Expectancy": -2.3018772563176912,
    "Win Rate": 0.37906137184115524
  },
  "general": {
    "Long Ratio": 0.5,
    "Total trades": 277,
    "Sharpe ratio": 0.009,
    "Profit factor": 0.0,
    "Max drawdown": 0.0
  },
  "rejected_signals_count": 182562
}