{
  "pnls": {
    "PnL (total)": 3553.29,
    "PnL% (total)": 3.553289999999994,
    "Max Winner": 744.91,
    "Avg Winner": 744.521875,
    "Min Winner": 744.29,
    "Min Loser": -94.64,
    "Avg Loser": -353.667692307692,
    "Max Loser": -356.75,
    "Expectancy": 25.5632374100722,
    "Win Rate": 0.34532374100719426
  },
  "general": {
    "Long Ratio": 0.5,
    "Total trades": 139,
    "Sharpe ratio": 0.065,
    "Profit factor": 0.0,
    "Max drawdown": 0.0
  },
  "rejected_signals_count": 9755
}