{
  "pnls": {
    "PnL (total)": 282.85,
    "PnL% (total)": 0.2828500000000058,
    "Max Winner": 154.9,
    "Avg Winner": 154.55241379310345,
    "Min Winner": 153.81,
    "Min Loser": -49.54,
    "Avg Loser": -85.69734693877552,
    "Max Loser": -86.7,
    "Expectancy": 3.626282051282054,
    "Win Rate": 0.3717948717948718
  },
  "general": {
    "Long Ratio": "0.49",
    "Total trades": 0,
    "Sharpe ratio": 0.0,
    "Profit factor": 0.0,
    "Max drawdown": 0.0
  },
  "rejected_signals_count": 311
}