{
  "pnls": {
    "PnL (total)": 175.96,
    "PnL% (total)": 0.1759600000000064,
    "Max Winner": 744.9,
    "Avg Winner": 744.521111111111,
    "Min Winner": 744.28,
    "Min Loser": -99.64,
    "Avg Loser": -354.2316814159292,
    "Max Loser": -356.75,
    "Expectancy": 1.0536526946107767,
    "Win Rate": 0.32335329341317365
  },
  "general": {
    "Long Ratio": 0.5,
    "Total trades": 167,
    "Sharpe ratio": 0.014,
    "Profit factor": 0.0,
    "Max drawdown": 0.0
  },
  "rejected_signals_count": 14839
}