{
  "pnls": {
    "PnL (total)": -9789.3,
    "PnL% (total)": -9.789300000000004,
    "Max Winner": 744.89,
    "Avg Winner": 744.553492063492,
    "Min Winner": 744.28,
    "Min Loser": -6.64,
    "Avg Loser": -354.35106250000007,
    "Max Loser": -362.65,
    "Expectancy": -43.89820627802703,
    "Win Rate": 0.2825112107623318
  },
  "general": {
    "Long Ratio": 0.5,
    "Total trades": 223,
    "Sharpe ratio": -0.073,
    "Profit factor": 0.0,
    "Max drawdown": 0.0
  },
  "rejected_signals_count": 19056
}