{
  "pnls": {
    "PnL (total)": -23511.15,
    "PnL% (total)": -23.511149999999994,
    "Max Winner": 84.92,
    "Avg Winner": 77.7365454545452,
    "Min Winner": 0.36,
    "Min Loser": -0.18,
    "Avg Loser": -41.66786491387098,
    "Max Loser": -46.74,
    "Expectancy": -7.618648736228001,
    "Win Rate": 0.2851587815942968
  },
  "general": {
    "Long Ratio": 0.5,
    "Total trades": 3086,
    "Sharpe ratio": -0.057,
    "Profit factor": 0.0,
    "Max drawdown": 0.0
  },
  "rejected_signals_count": 274064
}