{
  "pnls": {
    "PnL (total)": 8240.78,
    "PnL% (total)": 8.240779999999999,
    "Max Winner": 494.89,
    "Avg Winner": 468.5865714285714,
    "Min Winner": 8.38,
    "Min Loser": -101.19,
    "Avg Loser": -339.9895833333333,
    "Max Loser": -356.69,
    "Expectancy": 139.67423728813554,
    "Win Rate": 0.5932203389830508
  },
  "general": {
    "Long Ratio": "0.49",
    "Total trades": 0,
    "Sharpe ratio": 0.0,
    "Profit factor": 0.0,
    "Max drawdown": 0.0
  },
  "rejected_signals_count": 267
}