{
  "pnls": {
    "PnL (total)": 10107.28,
    "PnL% (total)": 10.10728,
    "Max Winner": 494.89,
    "Avg Winner": 470.2608108108108,
    "Min Winner": 43.48,
    "Min Loser": -92.54,
    "Avg Loser": -317.05956521739137,
    "Max Loser": -356.69,
    "Expectancy": 168.45466666666664,
    "Win Rate": 0.6166666666666667
  },
  "general": {
    "Long Ratio": "0.52",
    "Total trades": 0,
    "Sharpe ratio": 0.0,
    "Profit factor": 0.0,
    "Max drawdown": 0.0
  },
  "rejected_signals_count": 250
}