{
  "pnls": {
    "PnL (total)": 6605.77,
    "PnL% (total)": 6.605770000000004,
    "Max Winner": 444.89,
    "Avg Winner": 444.19428571428574,
    "Min Winner": 429.88,
    "Min Loser": -50.54,
    "Avg Loser": -298.03433333333334,
    "Max Loser": -326.69,
    "Expectancy": 101.62723076923075,
    "Win Rate": 0.5384615384615384
  },
  "general": {
    "Long Ratio": "0.48",
    "Total trades": 0,
    "Sharpe ratio": 0.0,
    "Profit factor": 0.0,
    "Max drawdown": 0.0
  },
  "rejected_signals_count": 321
}