{
  "pnls": {
    "PnL (total)": 4087.71,
    "PnL% (total)": 4.087710000000007,
    "Max Winner": 494.89,
    "Avg Winner": 453.239090909091,
    "Min Winner": 8.38,
    "Min Loser": -96.16,
    "Avg Loser": -154.83026315789476,
    "Max Loser": -156.7,
    "Expectancy": 68.12849999999999,
    "Win Rate": 0.36666666666666664
  },
  "general": {
    "Long Ratio": "0.50",
    "Total trades": 0,
    "Sharpe ratio": 0.0,
    "Profit factor": 0.0,
    "Max drawdown": 0.0
  },
  "rejected_signals_count": 241
}