{
  "pnls": {
    "PnL (total)": 4151.27,
    "PnL% (total)": 4.151270000000004,
    "Max Winner": 494.89,
    "Avg Winner": 494.6246153846154,
    "Min Winner": 494.35,
    "Min Loser": -30.48,
    "Avg Loser": -241.91583333333332,
    "Max Loser": -256.71,
    "Expectancy": 66.95596774193552,
    "Win Rate": 0.41935483870967744
  },
  "general": {
    "Long Ratio": "0.48",
    "Total trades": 0,
    "Sharpe ratio": 0.0,
    "Profit factor": 0.0,
    "Max drawdown": 0.0
  },
  "rejected_signals_count": 309
}