{
  "pnls": {
    "PnL (total)": 6303.11,
    "PnL% (total)": 6.30311,
    "Max Winner": 494.89,
    "Avg Winner": 494.56290322580645,
    "Min Winner": 494.31,
    "Min Loser": -138.54,
    "Avg Loser": -334.38296296296306,
    "Max Loser": -346.7,
    "Expectancy": 108.67431034482752,
    "Win Rate": 0.5344827586206896
  },
  "general": {
    "Long Ratio": "0.50",
    "Total trades": 0,
    "Sharpe ratio": 0.0,
    "Profit factor": 0.0,
    "Max drawdown": 0.0
  },
  "rejected_signals_count": 227
}