{
  "pnls": {
    "PnL (total)": 10799.81,
    "PnL% (total)": 10.799809999999997,
    "Max Winner": 494.89,
    "Avg Winner": 470.64526315789476,
    "Min Winner": 8.38,
    "Min Loser": -95.2,
    "Avg Loser": -337.3671428571429,
    "Max Loser": -356.69,
    "Expectancy": 183.04762711864404,
    "Win Rate": 0.6440677966101694
  },
  "general": {
    "Long Ratio": "0.49",
    "Total trades": 0,
    "Sharpe ratio": 0.0,
    "Profit factor": 0.0,
    "Max drawdown": 0.0
  },
  "rejected_signals_count": 239
}