{
  "pnls": {
    "PnL (total)": 6333.37,
    "PnL% (total)": 6.333369999999995,
    "Max Winner": 494.89,
    "Avg Winner": 494.6274193548387,
    "Min Winner": 494.31,
    "Min Loser": -26.16,
    "Avg Loser": -333.33629629629627,
    "Max Loser": -356.71,
    "Expectancy": 109.19603448275862,
    "Win Rate": 0.5344827586206896
  },
  "general": {
    "Long Ratio": "0.50",
    "Total trades": 0,
    "Sharpe ratio": 0.0,
    "Profit factor": 0.0,
    "Max drawdown": 0.0
  },
  "rejected_signals_count": 354
}