{
  "pnls": {
    "PnL (total)": 7298.21,
    "PnL% (total)": 7.298210000000006,
    "Max Winner": 494.89,
    "Avg Winner": 494.580625,
    "Min Winner": 494.31,
    "Min Loser": -95.2,
    "Avg Loser": -355.34874999999994,
    "Max Loser": -396.69,
    "Expectancy": 130.32517857142858,
    "Win Rate": 0.5714285714285714
  },
  "general": {
    "Long Ratio": "0.48",
    "Total trades": 0,
    "Sharpe ratio": 0.0,
    "Profit factor": 0.0,
    "Max drawdown": 0.0
  },
  "rejected_signals_count": 217
}