{
  "pnls": {
    "PnL (total)": 2535.41,
    "PnL% (total)": 2.5354100000000037,
    "Max Winner": 494.89,
    "Avg Winner": 494.6639130434784,
    "Min Winner": 494.35,
    "Min Loser": -122.54,
    "Avg Loser": -252.6245714285714,
    "Max Loser": -256.71,
    "Expectancy": 43.71396551724146,
    "Win Rate": 0.39655172413793105
  },
  "general": {
    "Long Ratio": "0.50",
    "Total trades": 0,
    "Sharpe ratio": 0.0,
    "Profit factor": 0.0,
    "Max drawdown": 0.0
  },
  "rejected_signals_count": 280
}