{
  "pnls": {
    "PnL (total)": -9507.14,
    "PnL% (total)": -9.50714,
    "Max Winner": 744.89,
    "Avg Winner": 744.5142253521126,
    "Min Winner": 744.27,
    "Min Loser": -12.64,
    "Avg Loser": -354.36164772727284,
    "Max Loser": -356.75,
    "Expectancy": -38.49044534412969,
    "Win Rate": 0.2874493927125506
  },
  "general": {
    "Long Ratio": 0.49,
    "Total trades": 247,
    "Sharpe ratio": -0.069,
    "Profit factor": 0.0,
    "Max drawdown": 0.0
  },
  "rejected_signals_count": 431437
}