{
  "pnls": {
    "PnL (total)": -2258.28,
    "PnL% (total)": -2.258279999999999,
    "Max Winner": 779.35,
    "Avg Winner": 745.553125,
    "Min Winner": 739.83,
    "Min Loser": -294.55,
    "Avg Loser": -355.55915887850483,
    "Max Loser": -396.61,
    "Expectancy": -14.569548387096864,
    "Win Rate": 0.3096774193548387
  },
  "general": {
    "Long Ratio": 0.5,
    "Total trades": 155,
    "Sharpe ratio": -0.018,
    "Profit factor": 0.0,
    "Max drawdown": 0.0
  },
  "rejected_signals_count": 16130
}