{
  "pnls": {
    "PnL (total)": 3545.8,
    "PnL% (total)": 3.545800000000003,
    "Max Winner": 494.89,
    "Avg Winner": 494.63000000000005,
    "Min Winner": 494.35,
    "Min Loser": -97.48,
    "Avg Loser": -251.1272093023256,
    "Max Loser": -260.14,
    "Expectancy": 49.247222222222234,
    "Win Rate": 0.4027777777777778
  },
  "general": {
    "Long Ratio": "0.50",
    "Total trades": 0,
    "Sharpe ratio": 0.0,
    "Profit factor": 0.0,
    "Max drawdown": 0.0
  },
  "rejected_signals_count": 283
}