{
  "pnls": {
    "PnL (total)": 9897.58,
    "PnL% (total)": 9.897580000000001,
    "Max Winner": 494.89,
    "Avg Winner": 470.81162162162167,
    "Min Winner": 8.38,
    "Min Loser": -30.52,
    "Avg Loser": -313.4354166666667,
    "Max Loser": -356.69,
    "Expectancy": 162.2554098360656,
    "Win Rate": 0.6065573770491803
  },
  "general": {
    "Long Ratio": "0.49",
    "Total trades": 0,
    "Sharpe ratio": 0.0,
    "Profit factor": 0.0,
    "Max drawdown": 0.0
  },
  "rejected_signals_count": 233
}