{
  "pnls": {
    "PnL (total)": 2222.15,
    "PnL% (total)": 2.2221499999999943,
    "Max Winner": 518.33,
    "Avg Winner": 494.8270270270274,
    "Min Winner": 494.29,
    "Min Loser": -250.63,
    "Avg Loser": -256.6794776119403,
    "Max Loser": -285.69,
    "Expectancy": 10.683413461538615,
    "Win Rate": 0.3557692307692308
  },
  "general": {
    "Long Ratio": 0.5,
    "Total trades": 208,
    "Sharpe ratio": 0.043,
    "Profit factor": 0.0,
    "Max drawdown": 0.0
  },
  "rejected_signals_count": 5217
}