{
  "pnls": {
    "PnL (total)": 2684.21,
    "PnL% (total)": 2.6842100000000064,
    "Max Winner": 494.89,
    "Avg Winner": 494.6466666666667,
    "Min Winner": 494.35,
    "Min Loser": -211.71,
    "Avg Loser": -255.20305555555555,
    "Max Loser": -256.71,
    "Expectancy": 44.73683333333338,
    "Win Rate": 0.4
  },
  "general": {
    "Long Ratio": "0.50",
    "Total trades": 0,
    "Sharpe ratio": 0.0,
    "Profit factor": 0.0,
    "Max drawdown": 0.0
  },
  "rejected_signals_count": 232
}