{
  "pnls": {
    "PnL (total)": 8533.24,
    "PnL% (total)": 8.533240000000006,
    "Max Winner": 494.89,
    "Avg Winner": 474.33714285714285,
    "Min Winner": 8.38,
    "Min Loser": -33.16,
    "Avg Loser": -322.74240000000003,
    "Max Loser": -356.69,
    "Expectancy": 142.22066666666666,
    "Win Rate": 0.5833333333333334
  },
  "general": {
    "Long Ratio": "0.50",
    "Total trades": 0,
    "Sharpe ratio": 0.0,
    "Profit factor": 0.0,
    "Max drawdown": 0.0
  },
  "rejected_signals_count": 303
}