{
  "pnls": {
    "PnL (total)": 0.08,
    "PnL% (total)": 8.000000000174622e-05,
    "Max Winner": 0.16,
    "Avg Winner": 0.16,
    "Min Winner": 0.16,
    "Min Loser": -0.08,
    "Avg Loser": -0.08000000000000002,
    "Max Loser": -0.08,
    "Expectancy": 0.0018181818181818021,
    "Win Rate": 0.3409090909090909
  },
  "general": {
    "Long Ratio": "0.50"
  },
  "rejected_signals_count": 99
}