{
  "pnls": {
    "PnL (total)": -23056.85,
    "PnL% (total)": -23.056850000000008,
    "Max Winner": 84.92,
    "Avg Winner": 77.2014531754572,
    "Min Winner": 0.32,
    "Min Loser": -0.18,
    "Avg Loser": -41.24325500435123,
    "Max Loser": -46.74,
    "Expectancy": -7.144979857452548,
    "Win Rate": 0.28788348311124884
  },
  "general": {
    "Long Ratio": 0.5,
    "Total trades": 3227,
    "Sharpe ratio": -0.048,
    "Profit factor": 0.0,
    "Max drawdown": 0.0
  },
  "rejected_signals_count": 273143
}