{
  "pnls": {
    "PnL (total)": -10384.14,
    "PnL% (total)": -10.38414,
    "Max Winner": 606.86,
    "Avg Winner": 402.7383333333333,
    "Min Winner": 6.66,
    "Min Loser": -32.18,
    "Avg Loser": -210.87050847457633,
    "Max Loser": -255.72,
    "Expectancy": -67.42948051948058,
    "Win Rate": 0.23376623376623376
  },
  "general": {
    "Long Ratio": "0.49"
  },
  "rejected_signals_count": 947
}