{
  "pnls": {
    "PnL (total)": -10619.33,
    "PnL% (total)": -10.619330000000001,
    "Max Winner": 764.67,
    "Avg Winner": 745.0024193548387,
    "Min Winner": 738.49,
    "Min Loser": -46.64,
    "Avg Loser": -355.05925,
    "Max Loser": -398.42,
    "Expectancy": -47.83481981981984,
    "Win Rate": 0.27927927927927926
  },
  "general": {
    "Long Ratio": 0.5,
    "Total trades": 222,
    "Sharpe ratio": -0.087,
    "Profit factor": 0.0,
    "Max drawdown": 0.0
  },
  "rejected_signals_count": 129038
}