{
  "pnls": {
    "PnL (total)": 6317.4,
    "PnL% (total)": 6.317399999999994,
    "Max Winner": 494.91,
    "Avg Winner": 491.50262711864406,
    "Min Winner": 131.42,
    "Min Loser": -354.35,
    "Avg Loser": -356.413172413793,
    "Max Loser": -356.71,
    "Expectancy": 24.0205323193917,
    "Win Rate": 0.44866920152091255
  },
  "general": {
    "Long Ratio": 0.5,
    "Total trades": 263,
    "Sharpe ratio": 0.068,
    "Profit factor": 0.0,
    "Max drawdown": 0.0
  },
  "rejected_signals_count": 177619
}