{
  "pnls": {
    "PnL (total)": -3610.02,
    "PnL% (total)": -3.610020000000004,
    "Max Winner": 600.53,
    "Avg Winner": 469.7403225806452,
    "Min Winner": 30.32,
    "Min Loser": 0.0,
    "Avg Loser": -201.91077777777778,
    "Max Loser": -255.72,
    "Expectancy": -29.83487603305784,
    "Win Rate": 0.256198347107438
  },
  "general": {
    "Long Ratio": "0.50"
  },
  "rejected_signals_count": 848
}