{
  "pnls": {
    "PnL (total)": -8290.38,
    "PnL% (total)": -8.290380000000004,
    "Max Winner": 518.33,
    "Avg Winner": 494.7733663366338,
    "Min Winner": 494.27,
    "Min Loser": -255.71,
    "Avg Loser": -256.66295154185,
    "Max Loser": -285.69,
    "Expectancy": -25.27554878048765,
    "Win Rate": 0.3079268292682927
  },
  "general": {
    "Long Ratio": 0.5,
    "Total trades": 328,
    "Sharpe ratio": -0.062,
    "Profit factor": 0.0,
    "Max drawdown": 0.0
  },
  "rejected_signals_count": 16267
}