{
  "pnls": {
    "PnL (total)": 9065.4,
    "PnL% (total)": 9.065399999999995,
    "Max Winner": 494.89,
    "Avg Winner": 494.6011764705882,
    "Min Winner": 494.31,
    "Min Loser": -48.16,
    "Avg Loser": -322.96,
    "Max Loser": -356.69,
    "Expectancy": 156.29999999999995,
    "Win Rate": 0.5862068965517241
  },
  "general": {
    "Long Ratio": "0.50",
    "Total trades": 0,
    "Sharpe ratio": 0.0,
    "Profit factor": 0.0,
    "Max drawdown": 0.0
  },
  "rejected_signals_count": 306
}