{
  "pnls": {
    "PnL (total)": 7219.39,
    "PnL% (total)": 7.219389999999999,
    "Max Winner": 494.89,
    "Avg Winner": 494.60812500000003,
    "Min Winner": 494.31,
    "Min Loser": -16.16,
    "Avg Loser": -331.07961538461535,
    "Max Loser": -356.69,
    "Expectancy": 124.47224137931036,
    "Win Rate": 0.5517241379310345
  },
  "general": {
    "Long Ratio": "0.50",
    "Total trades": 0,
    "Sharpe ratio": 0.0,
    "Profit factor": 0.0,
    "Max drawdown": 0.0
  },
  "rejected_signals_count": 319
}