{
  "pnls": {
    "PnL (total)": 95.07,
    "PnL% (total)": 0.09507000000000698,
    "Max Winner": 1278.34,
    "Avg Winner": 285.73413793103447,
    "Min Winner": 5.32,
    "Min Loser": -13.66,
    "Avg Loser": -132.11645161290323,
    "Max Loser": -206.74,
    "Expectancy": 1.044725274725252,
    "Win Rate": 0.31868131868131866
  },
  "general": {
    "Long Ratio": "0.38"
  },
  "rejected_signals_count": 3862
}