{
  "pnls": {
    "PnL (total)": -293.29,
    "PnL% (total)": -0.29328999999999356,
    "Max Winner": 494.33,
    "Avg Winner": 148.28892857142858,
    "Min Winner": 0.3,
    "Min Loser": -2.68,
    "Avg Loser": -76.08380530973453,
    "Max Loser": -126.74,
    "Expectancy": -1.7354437869822448,
    "Win Rate": 0.33136094674556216
  },
  "general": {
    "Long Ratio": "0.59"
  },
  "rejected_signals_count": 5873
}