{
  "pnls": {
    "PnL (total)": -431.47,
    "PnL% (total)": -0.43147000000000113,
    "Max Winner": 793.6,
    "Avg Winner": 745.5297297297293,
    "Min Winner": 743.4,
    "Min Loser": -239.41,
    "Avg Loser": -256.2242857142857,
    "Max Loser": -267.64,
    "Expectancy": -1.4827147766324293,
    "Win Rate": 0.2542955326460481
  },
  "general": {
    "Long Ratio": 0.5,
    "Total trades": 291,
    "Sharpe ratio": 0.01,
    "Profit factor": 0.0,
    "Max drawdown": 0.0
  },
  "rejected_signals_count": 139416
}