{
  "pnls": {
    "PnL (total)": 2380.82,
    "PnL% (total)": 2.380820000000007,
    "Max Winner": 532.87,
    "Avg Winner": 500.3457894736842,
    "Min Winner": 495.33,
    "Min Loser": 0.0,
    "Avg Loser": -197.93749999999997,
    "Max Loser": -255.7,
    "Expectancy": 43.28763636363638,
    "Win Rate": 0.34545454545454546
  },
  "general": {
    "Long Ratio": "0.55"
  },
  "rejected_signals_count": 512
}