{
  "pnls": {
    "PnL (total)": 8212.57,
    "PnL% (total)": 8.212570000000007,
    "Max Winner": 494.89,
    "Avg Winner": 480.29029411764714,
    "Min Winner": 8.38,
    "Min Loser": -44.7,
    "Avg Loser": -300.64074074074074,
    "Max Loser": -356.69,
    "Expectancy": 134.63229508196721,
    "Win Rate": 0.5573770491803278
  },
  "general": {
    "Long Ratio": "0.51",
    "Total trades": 0,
    "Sharpe ratio": 0.0,
    "Profit factor": 0.0,
    "Max drawdown": 0.0
  },
  "rejected_signals_count": 238
}