{
  "pnls": {
    "PnL (total)": 9431.23,
    "PnL% (total)": 9.431229999999996,
    "Max Winner": 494.89,
    "Avg Winner": 456.898918918919,
    "Min Winner": 8.38,
    "Min Loser": -55.16,
    "Avg Loser": -324.9578260869566,
    "Max Loser": -356.69,
    "Expectancy": 157.18716666666668,
    "Win Rate": 0.6166666666666667
  },
  "general": {
    "Long Ratio": "0.50",
    "Total trades": 0,
    "Sharpe ratio": 0.0,
    "Profit factor": 0.0,
    "Max drawdown": 0.0
  },
  "rejected_signals_count": 231
}