{
  "pnls": {
    "PnL (total)": 9122.07,
    "PnL% (total)": 9.122070000000008,
    "Max Winner": 494.89,
    "Avg Winner": 494.6106060606061,
    "Min Winner": 494.31,
    "Min Loser": -26.16,
    "Avg Loser": -313.0469565217391,
    "Max Loser": -366.69,
    "Expectancy": 162.8941071428572,
    "Win Rate": 0.5892857142857143
  },
  "general": {
    "Long Ratio": "0.48",
    "Total trades": 0,
    "Sharpe ratio": 0.0,
    "Profit factor": 0.0,
    "Max drawdown": 0.0
  },
  "rejected_signals_count": 298
}