{
  "pnls": {
    "PnL (total)": 9749.84,
    "PnL% (total)": 9.749839999999997,
    "Max Winner": 494.89,
    "Avg Winner": 481.1047222222222,
    "Min Winner": 8.38,
    "Min Loser": -101.19,
    "Avg Loser": -329.12739130434784,
    "Max Loser": -356.71,
    "Expectancy": 165.25152542372885,
    "Win Rate": 0.6101694915254238
  },
  "general": {
    "Long Ratio": "0.49",
    "Total trades": 0,
    "Sharpe ratio": 0.0,
    "Profit factor": 0.0,
    "Max drawdown": 0.0
  },
  "rejected_signals_count": 266
}