{
  "pnls": {
    "PnL (total)": 12453.64,
    "PnL% (total)": 12.45364,
    "Max Winner": 524.31,
    "Avg Winner": 471.4663265306122,
    "Min Winner": 13.34,
    "Min Loser": -29.66,
    "Avg Loser": -273.0310256410257,
    "Max Loser": -356.73,
    "Expectancy": 141.5186363636363,
    "Win Rate": 0.5568181818181818
  },
  "general": {
    "Long Ratio": "0.58",
    "Total trades": 0,
    "Sharpe ratio": 0.0,
    "Profit factor": 0.0,
    "Max drawdown": 0.0
  },
  "rejected_signals_count": 654
}