{
  "pnls": {
    "PnL (total)": 8208.78,
    "PnL% (total)": 8.208779999999999,
    "Max Winner": 494.89,
    "Avg Winner": 480.289705882353,
    "Min Winner": 8.38,
    "Min Loser": -101.19,
    "Avg Loser": -324.8428,
    "Max Loser": -356.69,
    "Expectancy": 139.13186440677973,
    "Win Rate": 0.576271186440678
  },
  "general": {
    "Long Ratio": "0.51",
    "Total trades": 0,
    "Sharpe ratio": 0.0,
    "Profit factor": 0.0,
    "Max drawdown": 0.0
  },
  "rejected_signals_count": 251
}