{
  "pnls": {
    "PnL (total)": -6021.0,
    "PnL% (total)": -6.021,
    "Max Winner": 606.86,
    "Avg Winner": 416.6431578947368,
    "Min Winner": 16.67,
    "Min Loser": -14.36,
    "Avg Loser": -214.24941176470594,
    "Max Loser": -255.71,
    "Expectancy": -43.00714285714294,
    "Win Rate": 0.2714285714285714
  },
  "general": {
    "Long Ratio": "0.51"
  },
  "rejected_signals_count": 1011
}