{
  "pnls": {
    "PnL (total)": -16279.06,
    "PnL% (total)": -16.279059999999998,
    "Max Winner": 579.43,
    "Avg Winner": 495.23162601626007,
    "Min Winner": 494.25,
    "Min Loser": -251.17,
    "Avg Loser": -256.45365448504947,
    "Max Loser": -256.73,
    "Expectancy": -38.39400943396202,
    "Win Rate": 0.29009433962264153
  },
  "general": {
    "Long Ratio": 0.5,
    "Total trades": 424,
    "Sharpe ratio": -0.098,
    "Profit factor": 0.0,
    "Max drawdown": 0.0
  },
  "rejected_signals_count": 352196
}