{
  "pnls": {
    "PnL (total)": 8223.76,
    "PnL% (total)": 8.223759999999995,
    "Max Winner": 494.89,
    "Avg Winner": 480.2891176470589,
    "Min Winner": 8.38,
    "Min Loser": -101.19,
    "Avg Loser": -324.2428,
    "Max Loser": -356.69,
    "Expectancy": 139.3857627118645,
    "Win Rate": 0.576271186440678
  },
  "general": {
    "Long Ratio": "0.51",
    "Total trades": 0,
    "Sharpe ratio": 0.0,
    "Profit factor": 0.0,
    "Max drawdown": 0.0
  },
  "rejected_signals_count": 257
}