{
  "pnls": {
    "PnL (total)": -6238.83,
    "PnL% (total)": -6.238830000000002,
    "Max Winner": 748.32,
    "Avg Winner": 744.6219607843137,
    "Min Winner": 744.28,
    "Min Loser": -6.64,
    "Avg Loser": -353.7163999999999,
    "Max Loser": -356.75,
    "Expectancy": -35.44789772727264,
    "Win Rate": 0.2897727272727273
  },
  "general": {
    "Long Ratio": 0.5,
    "Total trades": 176,
    "Sharpe ratio": -0.055,
    "Profit factor": 0.0,
    "Max drawdown": 0.0
  },
  "rejected_signals_count": 15681
}