{
  "pnls": {
    "PnL (total)": 3032.26,
    "PnL% (total)": 3.0322599999999946,
    "Max Winner": 494.89,
    "Avg Winner": 494.6381481481482,
    "Min Winner": 494.33,
    "Min Loser": -134.71,
    "Avg Loser": -251.779756097561,
    "Max Loser": -260.14,
    "Expectancy": 44.592058823529385,
    "Win Rate": 0.39705882352941174
  },
  "general": {
    "Long Ratio": "0.51",
    "Total trades": 0,
    "Sharpe ratio": 0.0,
    "Profit factor": 0.0,
    "Max drawdown": 0.0
  },
  "rejected_signals_count": 294
}