{
  "pnls": {
    "PnL (total)": 9040.59,
    "PnL% (total)": 9.040589999999996,
    "Max Winner": 494.89,
    "Avg Winner": 469.316388888889,
    "Min Winner": 8.38,
    "Min Loser": -6.52,
    "Avg Loser": -314.192,
    "Max Loser": -356.69,
    "Expectancy": 148.20639344262298,
    "Win Rate": 0.5901639344262295
  },
  "general": {
    "Long Ratio": "0.49",
    "Total trades": 0,
    "Sharpe ratio": 0.0,
    "Profit factor": 0.0,
    "Max drawdown": 0.0
  },
  "rejected_signals_count": 250
}