{
  "pnls": {
    "PnL (total)": -3026.62,
    "PnL% (total)": -3.0266199999999954,
    "Max Winner": 607.49,
    "Avg Winner": 497.1094444444444,
    "Min Winner": 54.84,
    "Min Loser": 0.0,
    "Avg Loser": -202.95915254237292,
    "Max Loser": -255.7,
    "Expectancy": -39.30675324675329,
    "Win Rate": 0.23376623376623376
  },
  "general": {
    "Long Ratio": "0.52",
    "Total trades": 0,
    "Sharpe ratio": 0.0,
    "Profit factor": 0.0,
    "Max drawdown": 0.0
  },
  "rejected_signals_count": 1771
}