{
  "pnls": {
    "PnL (total)": 9284.8,
    "PnL% (total)": 9.284800000000002,
    "Max Winner": 494.89,
    "Avg Winner": 470.2038888888889,
    "Min Winner": 8.38,
    "Min Loser": -101.19,
    "Avg Loser": -332.28434782608696,
    "Max Loser": -356.71,
    "Expectancy": 157.36949152542377,
    "Win Rate": 0.6101694915254238
  },
  "general": {
    "Long Ratio": "0.51",
    "Total trades": 0,
    "Sharpe ratio": 0.0,
    "Profit factor": 0.0,
    "Max drawdown": 0.0
  },
  "rejected_signals_count": 240
}