{
  "pnls": {
    "PnL (total)": 1.59,
    "PnL% (total)": 0.0015899999999965076,
    "Max Winner": 0.16,
    "Avg Winner": 0.15208333333333335,
    "Min Winner": 0.01,
    "Min Loser": -0.01,
    "Avg Loser": -0.07513157894736842,
    "Max Loser": -0.08,
    "Expectancy": 0.012822580645161293,
    "Win Rate": 0.3870967741935484
  },
  "general": {
    "Long Ratio": "0.50"
  },
  "rejected_signals_count": 128
}