{
  "pnls": {
    "PnL (total)": -2561.04,
    "PnL% (total)": -2.5610399999999935,
    "Max Winner": 670.38,
    "Avg Winner": 391.3039130434783,
    "Min Winner": 6.66,
    "Min Loser": 0.0,
    "Avg Loser": -178.79147826086958,
    "Max Loser": -255.7,
    "Expectancy": -15.90708074534163,
    "Win Rate": 0.2857142857142857
  },
  "general": {
    "Long Ratio": "0.40",
    "Total trades": 0,
    "Sharpe ratio": 0.0,
    "Profit factor": 0.0,
    "Max drawdown": 0.0
  },
  "rejected_signals_count": 1917
}