{
  "pnls": {
    "PnL (total)": -693.61,
    "PnL% (total)": -0.6936100000000006,
    "Max Winner": 494.89,
    "Avg Winner": 494.5580000000001,
    "Min Winner": 494.35,
    "Min Loser": -106.12,
    "Avg Loser": -106.39981132075471,
    "Max Loser": -106.7,
    "Expectancy": -11.009682539682515,
    "Win Rate": 0.15873015873015872
  },
  "general": {
    "Long Ratio": "0.49",
    "Total trades": 0,
    "Sharpe ratio": 0.0,
    "Profit factor": 0.0,
    "Max drawdown": 0.0
  },
  "rejected_signals_count": 238
}