{
  "pnls": {
    "PnL (total)": -13642.8,
    "PnL% (total)": -13.642800000000003,
    "Max Winner": 543.59,
    "Avg Winner": 494.16196428571453,
    "Min Winner": 449.47,
    "Min Loser": -239.37,
    "Avg Loser": -256.4644609665427,
    "Max Loser": -279.17,
    "Expectancy": -35.80787401574789,
    "Win Rate": 0.29396325459317585
  },
  "general": {
    "Long Ratio": 0.5,
    "Total trades": 381,
    "Sharpe ratio": -0.091,
    "Profit factor": 0.0,
    "Max drawdown": 0.0
  },
  "rejected_signals_count": 117847
}