{
  "pnls": {
    "PnL (total)": 7912.24,
    "PnL% (total)": 7.912240000000005,
    "Max Winner": 494.89,
    "Avg Winner": 474.38029411764705,
    "Min Winner": 8.38,
    "Min Loser": -33.16,
    "Avg Loser": -316.0265384615384,
    "Max Loser": -356.69,
    "Expectancy": 131.87066666666666,
    "Win Rate": 0.5666666666666667
  },
  "general": {
    "Long Ratio": "0.52",
    "Total trades": 0,
    "Sharpe ratio": 0.0,
    "Profit factor": 0.0,
    "Max drawdown": 0.0
  },
  "rejected_signals_count": 274
}