{
  "pnls": {
    "PnL (total)": 7800.2,
    "PnL% (total)": 7.800199999999998,
    "Max Winner": 494.89,
    "Avg Winner": 494.1741176470589,
    "Min Winner": 479.89,
    "Min Loser": -39.62,
    "Avg Loser": -290.37806451612903,
    "Max Loser": -316.71,
    "Expectancy": 120.00307692307695,
    "Win Rate": 0.5230769230769231
  },
  "general": {
    "Long Ratio": "0.49",
    "Total trades": 0,
    "Sharpe ratio": 0.0,
    "Profit factor": 0.0,
    "Max drawdown": 0.0
  },
  "rejected_signals_count": 252
}