{
  "pnls": {
    "PnL (total)": -6624.29,
    "PnL% (total)": -6.624289999999994,
    "Max Winner": 584.87,
    "Avg Winner": 412.61837837837834,
    "Min Winner": 16.67,
    "Min Loser": -44.36,
    "Avg Loser": -221.12292929292934,
    "Max Loser": -255.72,
    "Expectancy": -48.708014705882434,
    "Win Rate": 0.27205882352941174
  },
  "general": {
    "Long Ratio": "0.49"
  },
  "rejected_signals_count": 981
}