{
  "pnls": {
    "PnL (total)": 199.16,
    "PnL% (total)": 0.19916000000000347,
    "Max Winner": 670.38,
    "Avg Winner": 428.61976190476196,
    "Min Winner": 20.4,
    "Min Loser": 0.0,
    "Avg Loser": -197.8096666666667,
    "Max Loser": -255.7,
    "Expectancy": 1.5087878787878708,
    "Win Rate": 0.3181818181818182
  },
  "general": {
    "Long Ratio": "0.48",
    "Total trades": 0,
    "Sharpe ratio": 0.0,
    "Profit factor": 0.0,
    "Max drawdown": 0.0
  },
  "rejected_signals_count": 2394
}