{
  "pnls": {
    "PnL (total)": 4220.91,
    "PnL% (total)": 4.2209100000000035,
    "Max Winner": 494.89,
    "Avg Winner": 476.9289285714286,
    "Min Winner": 14.38,
    "Min Loser": -75.16,
    "Avg Loser": -246.84054054054056,
    "Max Loser": -256.71,
    "Expectancy": 64.93707692307694,
    "Win Rate": 0.4307692307692308
  },
  "general": {
    "Long Ratio": "0.49",
    "Total trades": 0,
    "Sharpe ratio": 0.0,
    "Profit factor": 0.0,
    "Max drawdown": 0.0
  },
  "rejected_signals_count": 209
}