{
  "pnls": {
    "PnL (total)": 3063.7,
    "PnL% (total)": 3.063699999999997,
    "Max Winner": 494.89,
    "Avg Winner": 494.63076923076926,
    "Min Winner": 494.35,
    "Min Loser": -80.54,
    "Avg Loser": -244.91750000000002,
    "Max Loser": -256.71,
    "Expectancy": 46.41969696969696,
    "Win Rate": 0.3939393939393939
  },
  "general": {
    "Long Ratio": "0.48",
    "Total trades": 0,
    "Sharpe ratio": 0.0,
    "Profit factor": 0.0,
    "Max drawdown": 0.0
  },
  "rejected_signals_count": 286
}