{
  "pnls": {
    "PnL (total)": 9866.26,
    "PnL% (total)": 9.866259999999995,
    "Max Winner": 494.89,
    "Avg Winner": 468.58621621621626,
    "Min Winner": 8.38,
    "Min Loser": -30.54,
    "Avg Loser": -324.84478260869565,
    "Max Loser": -356.69,
    "Expectancy": 164.43766666666673,
    "Win Rate": 0.6166666666666667
  },
  "general": {
    "Long Ratio": "0.48",
    "Total trades": 0,
    "Sharpe ratio": 0.0,
    "Profit factor": 0.0,
    "Max drawdown": 0.0
  },
  "rejected_signals_count": 245
}