{
  "pnls": {
    "PnL (total)": 8481.28,
    "PnL% (total)": 8.48128,
    "Max Winner": 494.89,
    "Avg Winner": 472.9245714285714,
    "Min Winner": 8.38,
    "Min Loser": -101.19,
    "Avg Loser": -322.8432,
    "Max Loser": -356.69,
    "Expectancy": 141.3546666666667,
    "Win Rate": 0.5833333333333334
  },
  "general": {
    "Long Ratio": "0.52",
    "Total trades": 0,
    "Sharpe ratio": 0.0,
    "Profit factor": 0.0,
    "Max drawdown": 0.0
  },
  "rejected_signals_count": 299
}