{
  "pnls": {
    "PnL (total)": -1404.09,
    "PnL% (total)": -1.4040899999999965,
    "Max Winner": 584.87,
    "Avg Winner": 398.01409090909095,
    "Min Winner": 6.46,
    "Min Loser": -13.68,
    "Avg Loser": -183.65737864077673,
    "Max Loser": -255.72,
    "Expectancy": -9.551632653061247,
    "Win Rate": 0.29931972789115646
  },
  "general": {
    "Long Ratio": "0.39",
    "Total trades": 0,
    "Sharpe ratio": 0.0,
    "Profit factor": 0.0,
    "Max drawdown": 0.0
  },
  "rejected_signals_count": 1913
}