{
  "pnls": {
    "PnL (total)": -1358.32,
    "PnL% (total)": -1.3583200000000069,
    "Max Winner": 615.4,
    "Avg Winner": 512.8905882352942,
    "Min Winner": 495.37,
    "Min Loser": 0.0,
    "Avg Loser": -229.0331818181818,
    "Max Loser": -255.71,
    "Expectancy": -22.267540983606523,
    "Win Rate": 0.2786885245901639
  },
  "general": {
    "Long Ratio": "0.52"
  },
  "rejected_signals_count": 655
}