{
  "pnls": {
    "PnL (total)": 2503.52,
    "PnL% (total)": 2.5035200000000044,
    "Max Winner": 394.9,
    "Avg Winner": 394.59925925925927,
    "Min Winner": 393.81,
    "Min Loser": -49.54,
    "Avg Loser": -163.0132,
    "Max Loser": -166.72,
    "Expectancy": 32.51324675324675,
    "Win Rate": 0.35064935064935066
  },
  "general": {
    "Long Ratio": "0.49",
    "Total trades": 0,
    "Sharpe ratio": 0.0,
    "Profit factor": 0.0,
    "Max drawdown": 0.0
  },
  "rejected_signals_count": 312
}