{
  "pnls": {
    "PnL (total)": -2498.26,
    "PnL% (total)": -2.498259999999995,
    "Max Winner": 744.9,
    "Avg Winner": 743.9491836734694,
    "Min Winner": 715.29,
    "Min Loser": -92.64,
    "Avg Loser": -354.107,
    "Max Loser": -356.75,
    "Expectancy": -15.712327044025193,
    "Win Rate": 0.3081761006289308
  },
  "general": {
    "Long Ratio": 0.5,
    "Total trades": 159,
    "Sharpe ratio": -0.017,
    "Profit factor": 0.0,
    "Max drawdown": 0.0
  },
  "rejected_signals_count": 14926
}