{
  "pnls": {
    "PnL (total)": 2870.59,
    "PnL% (total)": 2.8705899999999964,
    "Max Winner": 514.33,
    "Avg Winner": 495.74600000000015,
    "Min Winner": 492.33,
    "Min Loser": -55.68,
    "Avg Loser": -105.81177777777778,
    "Max Loser": -124.65,
    "Expectancy": 24.961652173913063,
    "Win Rate": 0.21739130434782608
  },
  "general": {
    "Long Ratio": 0.5
  },
  "rejected_signals_count": 663
}