{
  "pnls": {
    "PnL (total)": -3606.95,
    "PnL% (total)": -3.6069499999999968,
    "Max Winner": 768.33,
    "Avg Winner": 744.9685714285713,
    "Min Winner": 744.28,
    "Min Loser": -255.71,
    "Avg Loser": -256.54807106598975,
    "Max Loser": -263.7,
    "Expectancy": -13.872884615384566,
    "Win Rate": 0.2423076923076923
  },
  "general": {
    "Long Ratio": 0.5,
    "Total trades": 260,
    "Sharpe ratio": -0.021,
    "Profit factor": 0.0,
    "Max drawdown": 0.0
  },
  "rejected_signals_count": 17716
}