{
  "pnls": {
    "PnL (total)": 968.62,
    "PnL% (total)": 0.9686199999999954,
    "Max Winner": 494.87,
    "Avg Winner": 487.38,
    "Min Winner": 479.89,
    "Min Loser": -6.14,
    "Avg Loser": -6.14,
    "Max Loser": -6.14,
    "Expectancy": 322.8733333333333,
    "Win Rate": 0.6666666666666666
  },
  "general": {
    "Long Ratio": "0.33",
    "Total trades": 0,
    "Sharpe ratio": 0.0,
    "Profit factor": 0.0,
    "Max drawdown": 0.0
  },
  "rejected_signals_count": 14
}