{
  "pnls": {
    "PnL (total)": 9928.81,
    "PnL% (total)": 9.928809999999997,
    "Max Winner": 494.89,
    "Avg Winner": 482.8141666666667,
    "Min Winner": 70.46,
    "Min Loser": -5.62,
    "Avg Loser": -324.02173913043475,
    "Max Loser": -356.69,
    "Expectancy": 168.28491525423738,
    "Win Rate": 0.6101694915254238
  },
  "general": {
    "Long Ratio": "0.49",
    "Total trades": 0,
    "Sharpe ratio": 0.0,
    "Profit factor": 0.0,
    "Max drawdown": 0.0
  },
  "rejected_signals_count": 269
}