{
  "pnls": {
    "PnL (total)": 7143.88,
    "PnL% (total)": 7.143880000000006,
    "Max Winner": 494.89,
    "Avg Winner": 494.58187499999997,
    "Min Winner": 494.31,
    "Min Loser": -97.54,
    "Avg Loser": -333.95153846153846,
    "Max Loser": -346.69,
    "Expectancy": 123.17034482758618,
    "Win Rate": 0.5517241379310345
  },
  "general": {
    "Long Ratio": "0.48",
    "Total trades": 0,
    "Sharpe ratio": 0.0,
    "Profit factor": 0.0,
    "Max drawdown": 0.0
  },
  "rejected_signals_count": 215
}