{
  "pnls": {
    "PnL (total)": 1621.76,
    "PnL% (total)": 1.6217599999999948,
    "Max Winner": 751.87,
    "Avg Winner": 744.6486274509803,
    "Min Winner": 737.87,
    "Min Loser": -332.35,
    "Avg Loser": -356.42470588235295,
    "Max Loser": -394.69,
    "Expectancy": 10.599738562091408,
    "Win Rate": 0.3333333333333333
  },
  "general": {
    "Long Ratio": 0.5,
    "Total trades": 153,
    "Sharpe ratio": 0.032,
    "Profit factor": 0.0,
    "Max drawdown": 0.0
  },
  "rejected_signals_count": 13078
}