{
  "pnls": {
    "PnL (total)": 9179.31,
    "PnL% (total)": 9.179309999999997,
    "Max Winner": 494.89,
    "Avg Winner": 458.99243243243245,
    "Min Winner": 8.38,
    "Min Loser": -101.19,
    "Avg Loser": -339.2786956521739,
    "Max Loser": -356.69,
    "Expectancy": 152.98850000000004,
    "Win Rate": 0.6166666666666667
  },
  "general": {
    "Long Ratio": "0.50",
    "Total trades": 0,
    "Sharpe ratio": 0.0,
    "Profit factor": 0.0,
    "Max drawdown": 0.0
  },
  "rejected_signals_count": 265
}