{
  "pnls": {
    "PnL (total)": 10850.8,
    "PnL% (total)": 10.850800000000003,
    "Max Winner": 494.89,
    "Avg Winner": 494.6019444444446,
    "Min Winner": 494.31,
    "Min Loser": -5.62,
    "Avg Loser": -302.38565217391306,
    "Max Loser": -356.69,
    "Expectancy": 183.91186440677978,
    "Win Rate": 0.6101694915254238
  },
  "general": {
    "Long Ratio": "0.49",
    "Total trades": 0,
    "Sharpe ratio": 0.0,
    "Profit factor": 0.0,
    "Max drawdown": 0.0
  },
  "rejected_signals_count": 263
}