{
  "pnls": {
    "PnL (total)": 2635.59,
    "PnL% (total)": 2.6355899999999965,
    "Max Winner": 594.89,
    "Avg Winner": 539.121,
    "Min Winner": 8.38,
    "Min Loser": -96.16,
    "Avg Loser": -203.67074999999997,
    "Max Loser": -206.71,
    "Expectancy": 43.926500000000004,
    "Win Rate": 0.3333333333333333
  },
  "general": {
    "Long Ratio": "0.50",
    "Total trades": 0,
    "Sharpe ratio": 0.0,
    "Profit factor": 0.0,
    "Max drawdown": 0.0
  },
  "rejected_signals_count": 241
}