{
  "pnls": {
    "PnL (total)": 8047.82,
    "PnL% (total)": 8.047820000000007,
    "Max Winner": 494.89,
    "Avg Winner": 480.30264705882354,
    "Min Winner": 8.38,
    "Min Loser": -101.19,
    "Avg Loser": -331.2988,
    "Max Loser": -356.71,
    "Expectancy": 136.40372881355933,
    "Win Rate": 0.576271186440678
  },
  "general": {
    "Long Ratio": "0.49",
    "Total trades": 0,
    "Sharpe ratio": 0.0,
    "Profit factor": 0.0,
    "Max drawdown": 0.0
  },
  "rejected_signals_count": 304
}