{
  "pnls": {
    "PnL (total)": -13686.29,
    "PnL% (total)": -13.686289999999993,
    "Max Winner": 744.88,
    "Avg Winner": 744.5285714285715,
    "Min Winner": 744.28,
    "Min Loser": -345.69,
    "Avg Loser": -356.4211176470591,
    "Max Loser": -356.75,
    "Expectancy": -58.73944206008598,
    "Win Rate": 0.2703862660944206
  },
  "general": {
    "Long Ratio": 0.5,
    "Total trades": 233,
    "Sharpe ratio": -0.109,
    "Profit factor": 0.0,
    "Max drawdown": 0.0
  },
  "rejected_signals_count": 341248
}