{
  "pnls": {
    "PnL (total)": 8867.59,
    "PnL% (total)": 8.867589999999996,
    "Max Winner": 494.89,
    "Avg Winner": 480.7074285714285,
    "Min Winner": 8.38,
    "Min Loser": -44.54,
    "Avg Loser": -306.045,
    "Max Loser": -356.69,
    "Expectancy": 145.3703278688524,
    "Win Rate": 0.5737704918032787
  },
  "general": {
    "Long Ratio": "0.49",
    "Total trades": 0,
    "Sharpe ratio": 0.0,
    "Profit factor": 0.0,
    "Max drawdown": 0.0
  },
  "rejected_signals_count": 248
}