{
  "pnls": {
    "PnL (total)": 7473.77,
    "PnL% (total)": 7.4737700000000045,
    "Max Winner": 494.89,
    "Avg Winner": 479.85454545454553,
    "Min Winner": 8.38,
    "Min Loser": -92.54,
    "Avg Loser": -321.59346153846155,
    "Max Loser": -356.69,
    "Expectancy": 126.67406779661019,
    "Win Rate": 0.559322033898305
  },
  "general": {
    "Long Ratio": "0.51",
    "Total trades": 0,
    "Sharpe ratio": 0.0,
    "Profit factor": 0.0,
    "Max drawdown": 0.0
  },
  "rejected_signals_count": 268
}