{
  "pnls": {
    "PnL (total)": -13332.93,
    "PnL% (total)": -13.332929999999992,
    "Max Winner": 494.89,
    "Avg Winner": 494.18908045977014,
    "Min Winner": 465.29,
    "Min Loser": -355.71,
    "Avg Loser": -356.5024050632908,
    "Max Loser": -362.65,
    "Expectancy": -54.42012244897934,
    "Win Rate": 0.3551020408163265
  },
  "general": {
    "Long Ratio": 0.5,
    "Total trades": 245,
    "Sharpe ratio": -0.123,
    "Profit factor": 0.0,
    "Max drawdown": 0.0
  },
  "rejected_signals_count": 16804
}