{
  "pnls": {
    "PnL (total)": -6742.26,
    "PnL% (total)": -6.742259999999995,
    "Max Winner": 543.59,
    "Avg Winner": 494.86228571428575,
    "Min Winner": 471.47,
    "Min Loser": -13.64,
    "Avg Loser": -255.9696296296295,
    "Max Loser": -365.17,
    "Expectancy": -15.428512585812241,
    "Win Rate": 0.32036613272311215
  },
  "general": {
    "Long Ratio": 0.5,
    "Total trades": 437,
    "Sharpe ratio": -0.031,
    "Profit factor": 0.0,
    "Max drawdown": 0.0
  },
  "rejected_signals_count": 147876
}