{
  "pnls": {
    "PnL (total)": 8578.35,
    "PnL% (total)": 8.578350000000006,
    "Max Winner": 494.89,
    "Avg Winner": 494.6026470588235,
    "Min Winner": 494.31,
    "Min Loser": -43.12,
    "Avg Loser": -358.18000000000006,
    "Max Loser": -396.69,
    "Expectancy": 150.49736842105256,
    "Win Rate": 0.5964912280701754
  },
  "general": {
    "Long Ratio": "0.47",
    "Total trades": 0,
    "Sharpe ratio": 0.0,
    "Profit factor": 0.0,
    "Max drawdown": 0.0
  },
  "rejected_signals_count": 309
}