{
  "pnls": {
    "PnL (total)": 4852.78,
    "PnL% (total)": 4.852779999999999,
    "Max Winner": 694.89,
    "Avg Winner": 694.1207142857145,
    "Min Winner": 683.34,
    "Min Loser": -151.66,
    "Avg Loser": -156.80215053763447,
    "Max Loser": -185.69,
    "Expectancy": 40.105619834710744,
    "Win Rate": 0.23140495867768596
  },
  "general": {
    "Long Ratio": 0.5
  },
  "rejected_signals_count": 1248
}