{
  "pnls": {
    "PnL (total)": 8035.35,
    "PnL% (total)": 8.035350000000006,
    "Max Winner": 494.89,
    "Avg Winner": 494.61878787878794,
    "Min Winner": 494.31,
    "Min Loser": -26.16,
    "Avg Loser": -331.4828,
    "Max Loser": -356.69,
    "Expectancy": 138.54051724137938,
    "Win Rate": 0.5689655172413793
  },
  "general": {
    "Long Ratio": "0.50",
    "Total trades": 0,
    "Sharpe ratio": 0.0,
    "Profit factor": 0.0,
    "Max drawdown": 0.0
  },
  "rejected_signals_count": 336
}