{
  "pnls": {
    "PnL (total)": -3400.64,
    "PnL% (total)": -3.400639999999999,
    "Max Winner": 494.91,
    "Avg Winner": 494.53985507246375,
    "Min Winner": 494.25,
    "Min Loser": -12.64,
    "Avg Loser": -354.6888118811878,
    "Max Loser": -356.73,
    "Expectancy": -10.001882352940981,
    "Win Rate": 0.40588235294117647
  },
  "general": {
    "Long Ratio": 0.51,
    "Total trades": 340,
    "Sharpe ratio": -0.011,
    "Profit factor": 0.0,
    "Max drawdown": 0.0
  },
  "rejected_signals_count": 406642
}