{
  "pnls": {
    "PnL (total)": -14186.64,
    "PnL% (total)": -14.18664,
    "Max Winner": 744.89,
    "Avg Winner": 744.5402380952382,
    "Min Winner": 744.29,
    "Min Loser": -6.64,
    "Avg Loser": -255.3782584269667,
    "Max Loser": -285.72,
    "Expectancy": -64.48472727272758,
    "Win Rate": 0.19090909090909092
  },
  "general": {
    "Long Ratio": 0.5,
    "Total trades": 220,
    "Sharpe ratio": -0.147,
    "Profit factor": 0.0,
    "Max drawdown": 0.0
  },
  "rejected_signals_count": 13339
}