{
  "pnls": {
    "PnL (total)": 3069.81,
    "PnL% (total)": 3.0698099999999977,
    "Max Winner": 494.91,
    "Avg Winner": 494.4946376811596,
    "Min Winner": 494.29,
    "Min Loser": -239.71,
    "Avg Loser": -256.6142148760329,
    "Max Loser": -285.69,
    "Expectancy": 16.156894736842272,
    "Win Rate": 0.3631578947368421
  },
  "general": {
    "Long Ratio": 0.5,
    "Total trades": 190,
    "Sharpe ratio": 0.058,
    "Profit factor": 0.0,
    "Max drawdown": 0.0
  },
  "rejected_signals_count": 5979
}