{
  "pnls": {
    "PnL (total)": 6311.75,
    "PnL% (total)": 6.311750000000001,
    "Max Winner": 494.89,
    "Avg Winner": 480.57343750000007,
    "Min Winner": 45.38,
    "Min Loser": -127.19,
    "Avg Loser": -335.8,
    "Max Loser": -356.71,
    "Expectancy": 106.97881355932205,
    "Win Rate": 0.5423728813559322
  },
  "general": {
    "Long Ratio": "0.49",
    "Total trades": 0,
    "Sharpe ratio": 0.0,
    "Profit factor": 0.0,
    "Max drawdown": 0.0
  },
  "rejected_signals_count": 309
}