{
  "pnls": {
    "PnL (total)": -6386.71,
    "PnL% (total)": -6.386710000000006,
    "Max Winner": 793.6,
    "Avg Winner": 741.7131999999997,
    "Min Winner": 448.35,
    "Min Loser": -226.12,
    "Avg Loser": -256.2611570247932,
    "Max Loser": -279.55,
    "Expectancy": -20.14735015772863,
    "Win Rate": 0.23659305993690852
  },
  "general": {
    "Long Ratio": 0.5,
    "Total trades": 317,
    "Sharpe ratio": -0.039,
    "Profit factor": 0.0,
    "Max drawdown": 0.0
  },
  "rejected_signals_count": 154650
}