{
  "pnls": {
    "PnL (total)": 8861.79,
    "PnL% (total)": 8.861789999999994,
    "Max Winner": 494.89,
    "Avg Winner": 494.14411764705886,
    "Min Winner": 479.89,
    "Min Loser": -60.62,
    "Avg Loser": -317.5644,
    "Max Loser": -396.69,
    "Expectancy": 150.19983050847463,
    "Win Rate": 0.576271186440678
  },
  "general": {
    "Long Ratio": "0.49",
    "Total trades": 0,
    "Sharpe ratio": 0.0,
    "Profit factor": 0.0,
    "Max drawdown": 0.0
  },
  "rejected_signals_count": 263
}