{
  "pnls": {
    "PnL (total)": 6315.36,
    "PnL% (total)": 6.31536,
    "Max Winner": 494.89,
    "Avg Winner": 494.6109677419355,
    "Min Winner": 494.31,
    "Min Loser": -122.54,
    "Avg Loser": -333.9844444444444,
    "Max Loser": -356.69,
    "Expectancy": 108.88551724137929,
    "Win Rate": 0.5344827586206896
  },
  "general": {
    "Long Ratio": "0.50",
    "Total trades": 0,
    "Sharpe ratio": 0.0,
    "Profit factor": 0.0,
    "Max drawdown": 0.0
  },
  "rejected_signals_count": 300
}