{
  "pnls": {
    "PnL (total)": 8240.82,
    "PnL% (total)": 8.240820000000006,
    "Max Winner": 494.89,
    "Avg Winner": 468.59285714285716,
    "Min Winner": 8.38,
    "Min Loser": -101.19,
    "Avg Loser": -339.99708333333336,
    "Max Loser": -356.71,
    "Expectancy": 139.67491525423725,
    "Win Rate": 0.5932203389830508
  },
  "general": {
    "Long Ratio": "0.49",
    "Total trades": 0,
    "Sharpe ratio": 0.0,
    "Profit factor": 0.0,
    "Max drawdown": 0.0
  },
  "rejected_signals_count": 299
}