{
  "pnls": {
    "PnL (total)": -10643.08,
    "PnL% (total)": -10.643080000000001,
    "Max Winner": 761.85,
    "Avg Winner": 744.9887499999999,
    "Min Winner": 733.33,
    "Min Loser": -12.64,
    "Avg Loser": -353.80033783783813,
    "Max Loser": -394.69,
    "Expectancy": -52.171960784313924,
    "Win Rate": 0.27450980392156865
  },
  "general": {
    "Long Ratio": 0.5,
    "Total trades": 204,
    "Sharpe ratio": -0.091,
    "Profit factor": 0.0,
    "Max drawdown": 0.0
  },
  "rejected_signals_count": 26595
}