{
  "pnls": {
    "PnL (total)": -5589.48,
    "PnL% (total)": -5.589479999999996,
    "Max Winner": 494.37,
    "Avg Winner": 119.32471590909091,
    "Min Winner": 0.28,
    "Min Loser": -0.66,
    "Avg Loser": -78.67050295857987,
    "Max Loser": -256.72,
    "Expectancy": -10.8744747081712,
    "Win Rate": 0.3424124513618677
  },
  "general": {
    "Long Ratio": "0.50"
  },
  "rejected_signals_count": 6349
}