{
  "pnls": {
    "PnL (total)": -1543.66,
    "PnL% (total)": -1.5436600000000034,
    "Max Winner": 609.6,
    "Avg Winner": 142.27578125,
    "Min Winner": 0.3,
    "Min Loser": 0.0,
    "Avg Loser": -44.95422118380062,
    "Max Loser": -229.6,
    "Expectancy": -1.8509112709832038,
    "Win Rate": 0.2302158273381295
  },
  "general": {
    "Long Ratio": "0.49"
  },
  "rejected_signals_count": 3675
}