{
  "pnls": {
    "PnL (total)": 8008.53,
    "PnL% (total)": 8.008529999999999,
    "Max Winner": 494.89,
    "Avg Winner": 481.3967647058824,
    "Min Winner": 45.38,
    "Min Loser": -30.52,
    "Avg Loser": -309.5911111111111,
    "Max Loser": -356.69,
    "Expectancy": 131.2873770491803,
    "Win Rate": 0.5573770491803278
  },
  "general": {
    "Long Ratio": "0.49",
    "Total trades": 0,
    "Sharpe ratio": 0.0,
    "Profit factor": 0.0,
    "Max drawdown": 0.0
  },
  "rejected_signals_count": 286
}