{
  "pnls": {
    "PnL (total)": 7708.84,
    "PnL% (total)": 7.708839999999996,
    "Max Winner": 494.89,
    "Avg Winner": 494.60562500000003,
    "Min Winner": 494.31,
    "Min Loser": -17.52,
    "Avg Loser": -300.68666666666667,
    "Max Loser": -356.69,
    "Expectancy": 130.65830508474576,
    "Win Rate": 0.5423728813559322
  },
  "general": {
    "Long Ratio": "0.53",
    "Total trades": 0,
    "Sharpe ratio": 0.0,
    "Profit factor": 0.0,
    "Max drawdown": 0.0
  },
  "rejected_signals_count": 339
}