{
  "pnls": {
    "PnL (total)": 9252.88,
    "PnL% (total)": 9.252880000000005,
    "Max Winner": 494.89,
    "Avg Winner": 480.73885714285717,
    "Min Winner": 9.48,
    "Min Loser": -44.54,
    "Avg Loser": -315.5408333333333,
    "Max Loser": -356.69,
    "Expectancy": 156.8284745762712,
    "Win Rate": 0.5932203389830508
  },
  "general": {
    "Long Ratio": "0.53",
    "Total trades": 0,
    "Sharpe ratio": 0.0,
    "Profit factor": 0.0,
    "Max drawdown": 0.0
  },
  "rejected_signals_count": 307
}