{
  "pnls": {
    "PnL (total)": -726.94,
    "PnL% (total)": -0.7269400000000024,
    "Max Winner": 234.9,
    "Avg Winner": 234.59121212121212,
    "Min Winner": 233.81,
    "Min Loser": -49.54,
    "Avg Loser": -196.94069767441857,
    "Max Loser": -206.71,
    "Expectancy": -9.564999999999984,
    "Win Rate": 0.4342105263157895
  },
  "general": {
    "Long Ratio": "0.49",
    "Total trades": 0,
    "Sharpe ratio": 0.0,
    "Profit factor": 0.0,
    "Max drawdown": 0.0
  },
  "rejected_signals_count": 313
}