{
  "pnls": {
    "PnL (total)": -4458.02,
    "PnL% (total)": -4.458020000000004,
    "Max Winner": 751.87,
    "Avg Winner": 744.6474468085108,
    "Min Winner": 737.87,
    "Min Loser": -232.36,
    "Avg Loser": -256.21071428571435,
    "Max Loser": -295.54,
    "Expectancy": -22.179203980099526,
    "Win Rate": 0.23383084577114427
  },
  "general": {
    "Long Ratio": 0.5,
    "Total trades": 201,
    "Sharpe ratio": -0.04,
    "Profit factor": 0.0,
    "Max drawdown": 0.0
  },
  "rejected_signals_count": 10776
}