{
  "pnls": {
    "PnL (total)": 8433.77,
    "PnL% (total)": 8.433770000000004,
    "Max Winner": 494.89,
    "Avg Winner": 469.5094285714286,
    "Min Winner": 8.38,
    "Min Loser": -101.19,
    "Avg Loser": -333.2941666666667,
    "Max Loser": -356.71,
    "Expectancy": 142.94525423728808,
    "Win Rate": 0.5932203389830508
  },
  "general": {
    "Long Ratio": "0.51",
    "Total trades": 0,
    "Sharpe ratio": 0.0,
    "Profit factor": 0.0,
    "Max drawdown": 0.0
  },
  "rejected_signals_count": 214
}