{
  "pnls": {
    "PnL (total)": 8853.57,
    "PnL% (total)": 8.853570000000007,
    "Max Winner": 494.89,
    "Avg Winner": 480.7068571428572,
    "Min Winner": 8.38,
    "Min Loser": -30.52,
    "Avg Loser": -306.58346153846156,
    "Max Loser": -356.69,
    "Expectancy": 145.1404918032787,
    "Win Rate": 0.5737704918032787
  },
  "general": {
    "Long Ratio": "0.49",
    "Total trades": 0,
    "Sharpe ratio": 0.0,
    "Profit factor": 0.0,
    "Max drawdown": 0.0
  },
  "rejected_signals_count": 258
}