{
  "pnls": {
    "PnL (total)": 5056.49,
    "PnL% (total)": 5.0564900000000055,
    "Max Winner": 494.89,
    "Avg Winner": 494.61275862068965,
    "Min Winner": 494.31,
    "Min Loser": -48.16,
    "Avg Loser": -331.68857142857144,
    "Max Loser": -356.71,
    "Expectancy": 88.71035087719301,
    "Win Rate": 0.5087719298245614
  },
  "general": {
    "Long Ratio": "0.49",
    "Total trades": 0,
    "Sharpe ratio": 0.0,
    "Profit factor": 0.0,
    "Max drawdown": 0.0
  },
  "rejected_signals_count": 372
}