{
  "pnls": {
    "PnL (total)": 6347.35,
    "PnL% (total)": 6.347350000000006,
    "Max Winner": 494.89,
    "Avg Winner": 494.60064516129034,
    "Min Winner": 494.31,
    "Min Loser": -95.2,
    "Avg Loser": -332.7877777777778,
    "Max Loser": -356.69,
    "Expectancy": 109.4370689655172,
    "Win Rate": 0.5344827586206896
  },
  "general": {
    "Long Ratio": "0.50",
    "Total trades": 0,
    "Sharpe ratio": 0.0,
    "Profit factor": 0.0,
    "Max drawdown": 0.0
  },
  "rejected_signals_count": 333
}