{
  "pnls": {
    "PnL (total)": 8431.25,
    "PnL% (total)": 8.43125,
    "Max Winner": 494.89,
    "Avg Winner": 472.9234285714286,
    "Min Winner": 8.38,
    "Min Loser": -101.19,
    "Avg Loser": -324.8428,
    "Max Loser": -356.69,
    "Expectancy": 140.52083333333334,
    "Win Rate": 0.5833333333333334
  },
  "general": {
    "Long Ratio": "0.52",
    "Total trades": 0,
    "Sharpe ratio": 0.0,
    "Profit factor": 0.0,
    "Max drawdown": 0.0
  },
  "rejected_signals_count": 259
}