{
  "pnls": {
    "PnL (total)": 290.43,
    "PnL% (total)": 0.290429999999993,
    "Max Winner": 607.49,
    "Avg Winner": 469.1764102564103,
    "Min Winner": 6.68,
    "Min Loser": 0.0,
    "Avg Loser": -191.56861702127665,
    "Max Loser": -255.71,
    "Expectancy": 2.183684210526252,
    "Win Rate": 0.2932330827067669
  },
  "general": {
    "Long Ratio": "0.52"
  },
  "rejected_signals_count": 888
}