{
  "pnls": {
    "PnL (total)": -11957.23,
    "PnL% (total)": -11.957229999999996,
    "Max Winner": 579.43,
    "Avg Winner": 495.21510638297883,
    "Min Winner": 494.25,
    "Min Loser": -228.38,
    "Avg Loser": -256.3716614420063,
    "Max Loser": -256.73,
    "Expectancy": -25.993978260869543,
    "Win Rate": 0.3065217391304348
  },
  "general": {
    "Long Ratio": 0.5,
    "Total trades": 460,
    "Sharpe ratio": -0.06,
    "Profit factor": 0.0,
    "Max drawdown": 0.0
  },
  "rejected_signals_count": 329696
}