{
  "pnls": {
    "PnL (total)": 6279.84,
    "PnL% (total)": 6.2798399999999965,
    "Max Winner": 1189.64,
    "Avg Winner": 548.3877272727273,
    "Min Winner": 495.37,
    "Min Loser": -50.52,
    "Avg Loser": -214.24777777777777,
    "Max Loser": -255.54,
    "Expectancy": 128.16000000000003,
    "Win Rate": 0.4489795918367347
  },
  "general": {
    "Long Ratio": "0.55"
  },
  "rejected_signals_count": 543
}