{
  "pnls": {
    "PnL (total)": 6581.76,
    "PnL% (total)": 6.581759999999995,
    "Max Winner": 444.89,
    "Avg Winner": 444.194,
    "Min Winner": 429.88,
    "Min Loser": -50.54,
    "Avg Loser": -298.83433333333335,
    "Max Loser": -326.69,
    "Expectancy": 101.25784615384615,
    "Win Rate": 0.5384615384615384
  },
  "general": {
    "Long Ratio": "0.48",
    "Total trades": 0,
    "Sharpe ratio": 0.0,
    "Profit factor": 0.0,
    "Max drawdown": 0.0
  },
  "rejected_signals_count": 323
}