{
  "pnls": {
    "PnL (total)": 7480.36,
    "PnL% (total)": 7.480360000000001,
    "Max Winner": 494.89,
    "Avg Winner": 494.61125000000004,
    "Min Winner": 494.31,
    "Min Loser": -26.16,
    "Avg Loser": -321.0461538461538,
    "Max Loser": -356.69,
    "Expectancy": 128.97172413793106,
    "Win Rate": 0.5517241379310345
  },
  "general": {
    "Long Ratio": "0.52",
    "Total trades": 0,
    "Sharpe ratio": 0.0,
    "Profit factor": 0.0,
    "Max drawdown": 0.0
  },
  "rejected_signals_count": 311
}