{
  "pnls": {
    "PnL (total)": 10699.31,
    "PnL% (total)": 10.699309999999999,
    "Max Winner": 494.89,
    "Avg Winner": 470.04,
    "Min Winner": 8.38,
    "Min Loser": -71.52,
    "Avg Loser": -325.555,
    "Max Loser": -356.69,
    "Expectancy": 178.32183333333333,
    "Win Rate": 0.6333333333333333
  },
  "general": {
    "Long Ratio": "0.50",
    "Total trades": 0,
    "Sharpe ratio": 0.0,
    "Profit factor": 0.0,
    "Max drawdown": 0.0
  },
  "rejected_signals_count": 180
}