{
  "pnls": {
    "PnL (total)": -1541.76,
    "PnL% (total)": -1.5417599999999947,
    "Max Winner": 514.67,
    "Avg Winner": 494.78142857142865,
    "Min Winner": 481.37,
    "Min Loser": -13.64,
    "Avg Loser": -354.4615263157894,
    "Max Loser": -361.59,
    "Expectancy": -4.773250773993759,
    "Win Rate": 0.4117647058823529
  },
  "general": {
    "Long Ratio": 0.5,
    "Total trades": 323,
    "Sharpe ratio": -0.004,
    "Profit factor": 0.0,
    "Max drawdown": 0.0
  },
  "rejected_signals_count": 145515
}