{
  "pnls": {
    "PnL (total)": 5183.44,
    "PnL% (total)": 5.183440000000003,
    "Max Winner": 494.87,
    "Avg Winner": 494.4772307692311,
    "Min Winner": 494.29,
    "Min Loser": -251.7,
    "Avg Loser": -256.738857142857,
    "Max Loser": -285.69,
    "Expectancy": 30.490823529411944,
    "Win Rate": 0.38235294117647056
  },
  "general": {
    "Long Ratio": 0.5,
    "Total trades": 170,
    "Sharpe ratio": 0.094,
    "Profit factor": 0.0,
    "Max drawdown": 0.0
  },
  "rejected_signals_count": 4017
}