{
  "pnls": {
    "PnL (total)": 6290.39,
    "PnL% (total)": 6.2903899999999995,
    "Max Winner": 494.89,
    "Avg Winner": 494.6274193548387,
    "Min Winner": 494.31,
    "Min Loser": -127.19,
    "Avg Loser": -334.9281481481481,
    "Max Loser": -356.71,
    "Expectancy": 108.45499999999998,
    "Win Rate": 0.5344827586206896
  },
  "general": {
    "Long Ratio": "0.50",
    "Total trades": 0,
    "Sharpe ratio": 0.0,
    "Profit factor": 0.0,
    "Max drawdown": 0.0
  },
  "rejected_signals_count": 315
}