{
  "pnls": {
    "PnL (total)": 5356.13,
    "PnL% (total)": 5.356130000000005,
    "Max Winner": 1189.64,
    "Avg Winner": 550.3190476190476,
    "Min Winner": 495.37,
    "Min Loser": -50.52,
    "Avg Loser": -213.81275862068972,
    "Max Loser": -255.55,
    "Expectancy": 107.12259999999993,
    "Win Rate": 0.42
  },
  "general": {
    "Long Ratio": "0.54"
  },
  "rejected_signals_count": 646
}