{
  "pnls": {
    "PnL (total)": 7831.86,
    "PnL% (total)": 7.83186,
    "Max Winner": 494.89,
    "Avg Winner": 486.9566666666667,
    "Min Winner": 242.47,
    "Min Loser": -33.16,
    "Avg Loser": -316.835,
    "Max Loser": -356.69,
    "Expectancy": 132.7433898305085,
    "Win Rate": 0.559322033898305
  },
  "general": {
    "Long Ratio": "0.53",
    "Total trades": 0,
    "Sharpe ratio": 0.0,
    "Profit factor": 0.0,
    "Max drawdown": 0.0
  },
  "rejected_signals_count": 328
}