{
  "pnls": {
    "PnL (total)": 5579.31,
    "PnL% (total)": 5.579309999999998,
    "Max Winner": 594.89,
    "Avg Winner": 594.0500000000002,
    "Min Winner": 583.33,
    "Min Loser": -131.66,
    "Avg Loser": -156.47283333333337,
    "Max Loser": -185.69,
    "Expectancy": 34.65409937888199,
    "Win Rate": 0.2546583850931677
  },
  "general": {
    "Long Ratio": 0.5
  },
  "rejected_signals_count": 2038
}