{
  "pnls": {
    "PnL (total)": -1610.23,
    "PnL% (total)": -1.6102299999999958,
    "Max Winner": 394.91,
    "Avg Winner": 194.54124463519312,
    "Min Winner": 0.34,
    "Min Loser": -2.16,
    "Avg Loser": -107.65674311926607,
    "Max Loser": -206.7,
    "Expectancy": -2.406920777279538,
    "Win Rate": 0.3482810164424514
  },
  "general": {
    "Long Ratio": "0.55",
    "Total trades": 0,
    "Sharpe ratio": 0.0,
    "Profit factor": 0.0,
    "Max drawdown": 0.0
  },
  "rejected_signals_count": 7908
}