{
  "pnls": {
    "PnL (total)": 9848.92,
    "PnL% (total)": 9.848919999999998,
    "Max Winner": 494.89,
    "Avg Winner": 482.07694444444445,
    "Min Winner": 43.48,
    "Min Loser": -92.54,
    "Avg Loser": -326.3413043478261,
    "Max Loser": -356.69,
    "Expectancy": 166.93084745762712,
    "Win Rate": 0.6101694915254238
  },
  "general": {
    "Long Ratio": "0.51",
    "Total trades": 0,
    "Sharpe ratio": 0.0,
    "Profit factor": 0.0,
    "Max drawdown": 0.0
  },
  "rejected_signals_count": 316
}