{
  "pnls": {
    "PnL (total)": -8937.09,
    "PnL% (total)": -8.937089999999996,
    "Max Winner": 503.29,
    "Avg Winner": 494.26500000000016,
    "Min Winner": 465.29,
    "Min Loser": -350.63,
    "Avg Loser": -356.45801470588253,
    "Max Loser": -356.75,
    "Expectancy": -41.37541666666675,
    "Win Rate": 0.37037037037037035
  },
  "general": {
    "Long Ratio": 0.5,
    "Total trades": 216,
    "Sharpe ratio": -0.088,
    "Profit factor": 0.0,
    "Max drawdown": 0.0
  },
  "rejected_signals_count": 12630
}