{
  "pnls": {
    "PnL (total)": 8536.99,
    "PnL% (total)": 8.536990000000005,
    "Max Winner": 494.89,
    "Avg Winner": 494.6081818181819,
    "Min Winner": 494.31,
    "Min Loser": -5.16,
    "Avg Loser": -288.33629629629627,
    "Max Loser": -316.71,
    "Expectancy": 142.28316666666672,
    "Win Rate": 0.55
  },
  "general": {
    "Long Ratio": "0.48",
    "Total trades": 0,
    "Sharpe ratio": 0.0,
    "Profit factor": 0.0,
    "Max drawdown": 0.0
  },
  "rejected_signals_count": 262
}