{
  "pnls": {
    "PnL (total)": 7110.68,
    "PnL% (total)": 7.110679999999993,
    "Max Winner": 494.89,
    "Avg Winner": 494.5001492537316,
    "Min Winner": 494.29,
    "Min Loser": -351.69,
    "Avg Loser": -356.4497260273971,
    "Max Loser": -356.75,
    "Expectancy": 50.79057142857167,
    "Win Rate": 0.4785714285714286
  },
  "general": {
    "Long Ratio": 0.5,
    "Total trades": 140,
    "Sharpe ratio": 0.132,
    "Profit factor": 0.0,
    "Max drawdown": 0.0
  },
  "rejected_signals_count": 5616
}