{
  "pnls": {
    "PnL (total)": -4186.54,
    "PnL% (total)": -4.186539999999994,
    "Max Winner": 767.87,
    "Avg Winner": 745.3097872340427,
    "Min Winner": 739.83,
    "Min Loser": -186.42,
    "Avg Loser": -254.65000000000003,
    "Max Loser": -272.7,
    "Expectancy": -20.828557213930356,
    "Win Rate": 0.23383084577114427
  },
  "general": {
    "Long Ratio": 0.5,
    "Total trades": 201,
    "Sharpe ratio": -0.037,
    "Profit factor": 0.0,
    "Max drawdown": 0.0
  },
  "rejected_signals_count": 11356
}