{
  "pnls": {
    "PnL (total)": -17427.91,
    "PnL% (total)": -17.427910000000004,
    "Max Winner": 244.92,
    "Avg Winner": 121.11122962962973,
    "Min Winner": 0.28,
    "Min Loser": -0.18,
    "Avg Loser": -63.903344072164565,
    "Max Loser": -106.74,
    "Expectancy": -7.825734171530912,
    "Win Rate": 0.30309833857207
  },
  "general": {
    "Long Ratio": 0.5,
    "Total trades": 2227,
    "Sharpe ratio": -0.031,
    "Profit factor": 0.0,
    "Max drawdown": 0.0
  },
  "rejected_signals_count": 279833
}