{
  "pnls": {
    "PnL (total)": 9340.73,
    "PnL% (total)": 9.340729999999995,
    "Max Winner": 494.89,
    "Avg Winner": 481.0880555555556,
    "Min Winner": 8.38,
    "Min Loser": -0.54,
    "Avg Loser": -319.13759999999996,
    "Max Loser": -356.69,
    "Expectancy": 153.12672131147545,
    "Win Rate": 0.5901639344262295
  },
  "general": {
    "Long Ratio": "0.51",
    "Total trades": 0,
    "Sharpe ratio": 0.0,
    "Profit factor": 0.0,
    "Max drawdown": 0.0
  },
  "rejected_signals_count": 200
}