{
  "pnls": {
    "PnL (total)": 8664.0,
    "PnL% (total)": 8.664,
    "Max Winner": 494.89,
    "Avg Winner": 494.6088571428572,
    "Min Winner": 494.31,
    "Min Loser": -56.12,
    "Avg Loser": -360.3045833333333,
    "Max Loser": -396.69,
    "Expectancy": 146.84745762711864,
    "Win Rate": 0.5932203389830508
  },
  "general": {
    "Long Ratio": "0.47",
    "Total trades": 0,
    "Sharpe ratio": 0.0,
    "Profit factor": 0.0,
    "Max drawdown": 0.0
  },
  "rejected_signals_count": 300
}