{
  "pnls": {
    "PnL (total)": 2207.7,
    "PnL% (total)": 2.2076999999999973,
    "Max Winner": 494.89,
    "Avg Winner": 494.6308,
    "Min Winner": 494.35,
    "Min Loser": -80.54,
    "Avg Loser": -247.75780487804877,
    "Max Loser": -256.71,
    "Expectancy": 33.45000000000002,
    "Win Rate": 0.3787878787878788
  },
  "general": {
    "Long Ratio": "0.48",
    "Total trades": 0,
    "Sharpe ratio": 0.0,
    "Profit factor": 0.0,
    "Max drawdown": 0.0
  },
  "rejected_signals_count": 297
}