{
  "pnls": {
    "PnL (total)": 9220.2,
    "PnL% (total)": 9.220199999999997,
    "Max Winner": 494.89,
    "Avg Winner": 494.6026470588235,
    "Min Winner": 494.31,
    "Min Loser": -43.12,
    "Avg Loser": -316.5120833333333,
    "Max Loser": -346.69,
    "Expectancy": 158.96896551724137,
    "Win Rate": 0.5862068965517241
  },
  "general": {
    "Long Ratio": "0.48",
    "Total trades": 0,
    "Sharpe ratio": 0.0,
    "Profit factor": 0.0,
    "Max drawdown": 0.0
  },
  "rejected_signals_count": 308
}