{
  "pnls": {
    "PnL (total)": 10737.27,
    "PnL% (total)": 10.737270000000004,
    "Max Winner": 494.89,
    "Avg Winner": 469.80315789473684,
    "Min Winner": 8.38,
    "Min Loser": -30.54,
    "Avg Loser": -323.42045454545456,
    "Max Loser": -356.69,
    "Expectancy": 178.95449999999994,
    "Win Rate": 0.6333333333333333
  },
  "general": {
    "Long Ratio": "0.48",
    "Total trades": 0,
    "Sharpe ratio": 0.0,
    "Profit factor": 0.0,
    "Max drawdown": 0.0
  },
  "rejected_signals_count": 236
}