{
  "pnls": {
    "PnL (total)": -781.05,
    "PnL% (total)": -0.7810500000000029,
    "Max Winner": 670.38,
    "Avg Winner": 435.0948837209303,
    "Min Winner": 20.4,
    "Min Loser": 0.0,
    "Avg Loser": -205.1592631578948,
    "Max Loser": -255.7,
    "Expectancy": -5.659782608695679,
    "Win Rate": 0.3115942028985507
  },
  "general": {
    "Long Ratio": "0.51",
    "Total trades": 0,
    "Sharpe ratio": 0.0,
    "Profit factor": 0.0,
    "Max drawdown": 0.0
  },
  "rejected_signals_count": 2612
}