{
  "pnls": {
    "PnL (total)": 1952.57,
    "PnL% (total)": 1.952570000000007,
    "Max Winner": 494.89,
    "Avg Winner": 494.62840000000006,
    "Min Winner": 494.35,
    "Min Loser": -155.48,
    "Avg Loser": -253.9790243902439,
    "Max Loser": -256.71,
    "Expectancy": 29.584393939393948,
    "Win Rate": 0.3787878787878788
  },
  "general": {
    "Long Ratio": "0.48",
    "Total trades": 0,
    "Sharpe ratio": 0.0,
    "Profit factor": 0.0,
    "Max drawdown": 0.0
  },
  "rejected_signals_count": 257
}