{
  "pnls": {
    "PnL (total)": 8179.38,
    "PnL% (total)": 8.179380000000004,
    "Max Winner": 494.89,
    "Avg Winner": 494.60424242424244,
    "Min Winner": 494.31,
    "Min Loser": -26.16,
    "Avg Loser": -325.70239999999995,
    "Max Loser": -356.69,
    "Expectancy": 141.0237931034483,
    "Win Rate": 0.5689655172413793
  },
  "general": {
    "Long Ratio": "0.50",
    "Total trades": 0,
    "Sharpe ratio": 0.0,
    "Profit factor": 0.0,
    "Max drawdown": 0.0
  },
  "rejected_signals_count": 306
}