{
  "pnls": {
    "PnL (total)": 9450.25,
    "PnL% (total)": 9.45025,
    "Max Winner": 494.89,
    "Avg Winner": 473.52250000000004,
    "Min Winner": 8.38,
    "Min Loser": -55.16,
    "Avg Loser": -316.5233333333333,
    "Max Loser": -356.69,
    "Expectancy": 157.50416666666666,
    "Win Rate": 0.6
  },
  "general": {
    "Long Ratio": "0.52",
    "Total trades": 0,
    "Sharpe ratio": 0.0,
    "Profit factor": 0.0,
    "Max drawdown": 0.0
  },
  "rejected_signals_count": 276
}