{
  "pnls": {
    "PnL (total)": 9744.39,
    "PnL% (total)": 9.74439,
    "Max Winner": 494.89,
    "Avg Winner": 494.60457142857143,
    "Min Winner": 494.31,
    "Min Loser": -73.2,
    "Avg Loser": -328.99,
    "Max Loser": -356.69,
    "Expectancy": 168.006724137931,
    "Win Rate": 0.603448275862069
  },
  "general": {
    "Long Ratio": "0.50",
    "Total trades": 0,
    "Sharpe ratio": 0.0,
    "Profit factor": 0.0,
    "Max drawdown": 0.0
  },
  "rejected_signals_count": 259
}