{
  "pnls": {
    "PnL (total)": 6529.73,
    "PnL% (total)": 6.529729999999996,
    "Max Winner": 494.89,
    "Avg Winner": 479.41718750000007,
    "Min Winner": 8.38,
    "Min Loser": -33.16,
    "Avg Loser": -326.35629629629625,
    "Max Loser": -356.71,
    "Expectancy": 110.67338983050851,
    "Win Rate": 0.5423728813559322
  },
  "general": {
    "Long Ratio": "0.49",
    "Total trades": 0,
    "Sharpe ratio": 0.0,
    "Profit factor": 0.0,
    "Max drawdown": 0.0
  },
  "rejected_signals_count": 300
}