{
  "pnls": {
    "PnL (total)": 5428.32,
    "PnL% (total)": 5.428320000000007,
    "Max Winner": 698.33,
    "Avg Winner": 693.9903448275862,
    "Min Winner": 683.34,
    "Min Loser": -147.7,
    "Avg Loser": -156.35531914893622,
    "Max Loser": -156.74,
    "Expectancy": 44.132682926829254,
    "Win Rate": 0.23577235772357724
  },
  "general": {
    "Long Ratio": 0.5
  },
  "rejected_signals_count": 1417
}