{
  "pnls": {
    "PnL (total)": -4319.42,
    "PnL% (total)": -4.319419999999998,
    "Max Winner": 762.73,
    "Avg Winner": 744.6546551724134,
    "Min Winner": 717.86,
    "Min Loser": -25.64,
    "Avg Loser": -354.54768656716436,
    "Max Loser": -414.53,
    "Expectancy": -22.496979166666964,
    "Win Rate": 0.3020833333333333
  },
  "general": {
    "Long Ratio": 0.5,
    "Total trades": 192,
    "Sharpe ratio": -0.032,
    "Profit factor": 0.0,
    "Max drawdown": 0.0
  },
  "rejected_signals_count": 21318
}