{
  "pnls": {
    "PnL (total)": 9889.83,
    "PnL% (total)": 9.889830000000002,
    "Max Winner": 494.89,
    "Avg Winner": 468.4072972972973,
    "Min Winner": 8.38,
    "Min Loser": -95.2,
    "Avg Loser": -338.23818181818183,
    "Max Loser": -356.69,
    "Expectancy": 167.6242372881356,
    "Win Rate": 0.6271186440677966
  },
  "general": {
    "Long Ratio": "0.49",
    "Total trades": 0,
    "Sharpe ratio": 0.0,
    "Profit factor": 0.0,
    "Max drawdown": 0.0
  },
  "rejected_signals_count": 203
}