{
  "pnls": {
    "PnL (total)": -5191.2,
    "PnL% (total)": -5.191199999999998,
    "Max Winner": 494.91,
    "Avg Winner": 494.5057142857145,
    "Min Winner": 494.29,
    "Min Loser": -248.69,
    "Avg Loser": -256.7564835164838,
    "Max Loser": -285.72,
    "Expectancy": -19.515789473684347,
    "Win Rate": 0.3157894736842105
  },
  "general": {
    "Long Ratio": 0.5,
    "Total trades": 266,
    "Sharpe ratio": -0.041,
    "Profit factor": 0.0,
    "Max drawdown": 0.0
  },
  "rejected_signals_count": 10523
}