{
  "pnls": {
    "PnL (total)": 10003.83,
    "PnL% (total)": 10.00383,
    "Max Winner": 494.89,
    "Avg Winner": 481.09027777777777,
    "Min Winner": 8.38,
    "Min Loser": -30.54,
    "Avg Loser": -318.06173913043483,
    "Max Loser": -356.69,
    "Expectancy": 169.55644067796612,
    "Win Rate": 0.6101694915254238
  },
  "general": {
    "Long Ratio": "0.49",
    "Total trades": 0,
    "Sharpe ratio": 0.0,
    "Profit factor": 0.0,
    "Max drawdown": 0.0
  },
  "rejected_signals_count": 249
}