{
  "pnls": {
    "PnL (total)": 9284.81,
    "PnL% (total)": 9.284809999999997,
    "Max Winner": 494.89,
    "Avg Winner": 470.2038888888889,
    "Min Winner": 8.38,
    "Min Loser": -101.19,
    "Avg Loser": -332.28391304347826,
    "Max Loser": -356.71,
    "Expectancy": 157.3696610169492,
    "Win Rate": 0.6101694915254238
  },
  "general": {
    "Long Ratio": "0.51",
    "Total trades": 0,
    "Sharpe ratio": 0.0,
    "Profit factor": 0.0,
    "Max drawdown": 0.0
  },
  "rejected_signals_count": 217
}