{
  "pnls": {
    "PnL (total)": 10643.84,
    "PnL% (total)": 10.643839999999996,
    "Max Winner": 494.89,
    "Avg Winner": 482.46162162162165,
    "Min Winner": 45.38,
    "Min Loser": -95.2,
    "Avg Loser": -327.60181818181815,
    "Max Loser": -356.69,
    "Expectancy": 180.4040677966102,
    "Win Rate": 0.6271186440677966
  },
  "general": {
    "Long Ratio": "0.49",
    "Total trades": 0,
    "Sharpe ratio": 0.0,
    "Profit factor": 0.0,
    "Max drawdown": 0.0
  },
  "rejected_signals_count": 252
}