{
  "pnls": {
    "PnL (total)": -5992.23,
    "PnL% (total)": -5.992229999999996,
    "Max Winner": 606.86,
    "Avg Winner": 468.071724137931,
    "Min Winner": 4.32,
    "Min Loser": 0.0,
    "Avg Loser": -208.1522340425532,
    "Max Loser": -255.72,
    "Expectancy": -48.71731707317072,
    "Win Rate": 0.23577235772357724
  },
  "general": {
    "Long Ratio": "0.52"
  },
  "rejected_signals_count": 976
}