{
  "pnls": {
    "PnL (total)": -3293.19,
    "PnL% (total)": -3.2931900000000023,
    "Max Winner": 607.49,
    "Avg Winner": 457.25825000000003,
    "Min Winner": 16.67,
    "Min Loser": -9.2,
    "Avg Loser": -211.60313725490195,
    "Max Loser": -255.72,
    "Expectancy": -23.19147887323939,
    "Win Rate": 0.28169014084507044
  },
  "general": {
    "Long Ratio": "0.51"
  },
  "rejected_signals_count": 920
}