{
  "pnls": {
    "PnL (total)": 10118.81,
    "PnL% (total)": 10.118809999999998,
    "Max Winner": 494.89,
    "Avg Winner": 469.99,
    "Min Winner": 8.38,
    "Min Loser": -101.19,
    "Avg Loser": -330.4918181818182,
    "Max Loser": -356.69,
    "Expectancy": 171.5052542372881,
    "Win Rate": 0.6271186440677966
  },
  "general": {
    "Long Ratio": "0.51",
    "Total trades": 0,
    "Sharpe ratio": 0.0,
    "Profit factor": 0.0,
    "Max drawdown": 0.0
  },
  "rejected_signals_count": 231
}