{
  "pnls": {
    "PnL (total)": -1366.02,
    "PnL% (total)": -1.366020000000004,
    "Max Winner": 600.53,
    "Avg Winner": 339.97907407407405,
    "Min Winner": 4.64,
    "Min Loser": 0.0,
    "Avg Loser": -168.58880341880345,
    "Max Loser": -255.72,
    "Expectancy": -7.988421052631622,
    "Win Rate": 0.3157894736842105
  },
  "general": {
    "Long Ratio": "0.47",
    "Total trades": 0,
    "Sharpe ratio": 0.0,
    "Profit factor": 0.0,
    "Max drawdown": 0.0
  },
  "rejected_signals_count": 1353
}