{
  "pnls": {
    "PnL (total)": 2248.15,
    "PnL% (total)": 2.248149999999994,
    "Max Winner": 494.89,
    "Avg Winner": 494.6458333333333,
    "Min Winner": 494.35,
    "Min Loser": -134.71,
    "Avg Loser": -253.24605263157895,
    "Max Loser": -256.71,
    "Expectancy": 36.26048387096773,
    "Win Rate": 0.3870967741935484
  },
  "general": {
    "Long Ratio": "0.50",
    "Total trades": 0,
    "Sharpe ratio": 0.0,
    "Profit factor": 0.0,
    "Max drawdown": 0.0
  },
  "rejected_signals_count": 237
}