{
  "pnls": {
    "PnL (total)": 3589.79,
    "PnL% (total)": 3.5897899999999936,
    "Max Winner": 518.33,
    "Avg Winner": 494.827246376812,
    "Min Winner": 494.29,
    "Min Loser": -256.11,
    "Avg Loser": -256.7503361344537,
    "Max Loser": -285.69,
    "Expectancy": 19.094627659574694,
    "Win Rate": 0.3670212765957447
  },
  "general": {
    "Long Ratio": 0.5,
    "Total trades": 188,
    "Sharpe ratio": 0.064,
    "Profit factor": 0.0,
    "Max drawdown": 0.0
  },
  "rejected_signals_count": 4480
}