{
  "pnls": {
    "PnL (total)": -2693.33,
    "PnL% (total)": -2.693330000000002,
    "Max Winner": 630.31,
    "Avg Winner": 130.2875,
    "Min Winner": 0.3,
    "Min Loser": -2.68,
    "Avg Loser": -85.21076190476191,
    "Max Loser": -206.7,
    "Expectancy": -17.603464052287585,
    "Win Rate": 0.3137254901960784
  },
  "general": {
    "Long Ratio": "0.49"
  },
  "rejected_signals_count": 5889
}