{
  "pnls": {
    "PnL (total)": 8563.78,
    "PnL% (total)": 8.563779999999998,
    "Max Winner": 494.89,
    "Avg Winner": 468.58599999999996,
    "Min Winner": 8.38,
    "Min Loser": -55.16,
    "Avg Loser": -326.53041666666667,
    "Max Loser": -356.71,
    "Expectancy": 145.148813559322,
    "Win Rate": 0.5932203389830508
  },
  "general": {
    "Long Ratio": "0.51",
    "Total trades": 0,
    "Sharpe ratio": 0.0,
    "Profit factor": 0.0,
    "Max drawdown": 0.0
  },
  "rejected_signals_count": 281
}