{
  "pnls": {
    "PnL (total)": 2739.12,
    "PnL% (total)": 2.7391199999999953,
    "Max Winner": 494.89,
    "Avg Winner": 494.6436,
    "Min Winner": 494.35,
    "Min Loser": -183.12,
    "Avg Loser": -253.34131578947367,
    "Max Loser": -256.71,
    "Expectancy": 43.47809523809522,
    "Win Rate": 0.3968253968253968
  },
  "general": {
    "Long Ratio": "0.51",
    "Total trades": 0,
    "Sharpe ratio": 0.0,
    "Profit factor": 0.0,
    "Max drawdown": 0.0
  },
  "rejected_signals_count": 352
}