{
  "pnls": {
    "PnL (total)": -4072.57,
    "PnL% (total)": -4.072570000000007,
    "Max Winner": 768.33,
    "Avg Winner": 745.1057500000001,
    "Min Winner": 744.29,
    "Min Loser": -6.64,
    "Avg Loser": -352.88333333333304,
    "Max Loser": -356.75,
    "Expectancy": -29.94536764705857,
    "Win Rate": 0.29411764705882354
  },
  "general": {
    "Long Ratio": 0.5,
    "Total trades": 136,
    "Sharpe ratio": -0.047,
    "Profit factor": 0.0,
    "Max drawdown": 0.0
  },
  "rejected_signals_count": 8214
}