{
  "pnls": {
    "PnL (total)": 1713.54,
    "PnL% (total)": 1.7135399999999936,
    "Max Winner": 494.89,
    "Avg Winner": 494.63560000000007,
    "Min Winner": 494.33,
    "Min Loser": -183.12,
    "Avg Loser": -253.62738095238097,
    "Max Loser": -256.71,
    "Expectancy": 25.575223880597036,
    "Win Rate": 0.373134328358209
  },
  "general": {
    "Long Ratio": "0.51",
    "Total trades": 0,
    "Sharpe ratio": 0.0,
    "Profit factor": 0.0,
    "Max drawdown": 0.0
  },
  "rejected_signals_count": 291
}