{
  "pnls": {
    "PnL (total)": -216.33,
    "PnL% (total)": -0.21633000000000174,
    "Max Winner": 748.32,
    "Avg Winner": 744.6063333333332,
    "Min Winner": 744.29,
    "Min Loser": -256.09,
    "Avg Loser": -256.52977142857145,
    "Max Loser": -263.7,
    "Expectancy": -0.9205531914894678,
    "Win Rate": 0.2553191489361702
  },
  "general": {
    "Long Ratio": 0.5,
    "Total trades": 235,
    "Sharpe ratio": 0.011,
    "Profit factor": 0.0,
    "Max drawdown": 0.0
  },
  "rejected_signals_count": 16748
}