{
  "pnls": {
    "PnL (total)": 8212.44,
    "PnL% (total)": 8.212440000000003,
    "Max Winner": 494.89,
    "Avg Winner": 494.6057575757576,
    "Min Winner": 494.31,
    "Min Loser": -48.16,
    "Avg Loser": -324.382,
    "Max Loser": -356.69,
    "Expectancy": 141.59379310344832,
    "Win Rate": 0.5689655172413793
  },
  "general": {
    "Long Ratio": "0.50",
    "Total trades": 0,
    "Sharpe ratio": 0.0,
    "Profit factor": 0.0,
    "Max drawdown": 0.0
  },
  "rejected_signals_count": 276
}