{
  "pnls": {
    "PnL (total)": -7089.1,
    "PnL% (total)": -7.089100000000006,
    "Max Winner": 751.87,
    "Avg Winner": 743.5204000000001,
    "Min Winner": 716.41,
    "Min Loser": -158.53,
    "Avg Loser": -255.86774566474014,
    "Max Loser": -313.41,
    "Expectancy": -31.789686098654876,
    "Win Rate": 0.2242152466367713
  },
  "general": {
    "Long Ratio": 0.5,
    "Total trades": 223,
    "Sharpe ratio": -0.062,
    "Profit factor": 0.0,
    "Max drawdown": 0.0
  },
  "rejected_signals_count": 14257
}