{
  "pnls": {
    "PnL (total)": 8182.43,
    "PnL% (total)": 8.182429999999993,
    "Max Winner": 494.89,
    "Avg Winner": 494.6051515151515,
    "Min Winner": 494.31,
    "Min Loser": -48.16,
    "Avg Loser": -325.5816,
    "Max Loser": -356.69,
    "Expectancy": 141.0763793103448,
    "Win Rate": 0.5689655172413793
  },
  "general": {
    "Long Ratio": "0.50",
    "Total trades": 0,
    "Sharpe ratio": 0.0,
    "Profit factor": 0.0,
    "Max drawdown": 0.0
  },
  "rejected_signals_count": 286
}