{
  "pnls": {
    "PnL (total)": 1003.07,
    "PnL% (total)": 1.003070000000007,
    "Max Winner": 799.64,
    "Avg Winner": 525.7253333333334,
    "Min Winner": 495.35,
    "Min Loser": 0.0,
    "Avg Loser": -208.57000000000002,
    "Max Loser": -255.64,
    "Expectancy": 20.89729166666666,
    "Win Rate": 0.3125
  },
  "general": {
    "Long Ratio": "0.56"
  },
  "rejected_signals_count": 739
}