{
  "pnls": {
    "PnL (total)": -9053.82,
    "PnL% (total)": -9.053820000000007,
    "Max Winner": 498.33,
    "Avg Winner": 494.5641860465117,
    "Min Winner": 494.29,
    "Min Loser": -250.63,
    "Avg Loser": -256.6484577114428,
    "Max Loser": -285.69,
    "Expectancy": -31.546411149825797,
    "Win Rate": 0.29965156794425085
  },
  "general": {
    "Long Ratio": 0.5,
    "Total trades": 287,
    "Sharpe ratio": -0.077,
    "Profit factor": 0.0,
    "Max drawdown": 0.0
  },
  "rejected_signals_count": 15576
}