{
  "pnls": {
    "PnL (total)": -6424.56,
    "PnL% (total)": -6.424559999999997,
    "Max Winner": 606.86,
    "Avg Winner": 467.4855172413793,
    "Min Winner": 21.82,
    "Min Loser": 0.0,
    "Avg Loser": -203.8942857142857,
    "Max Loser": -255.72,
    "Expectancy": -50.58708661417322,
    "Win Rate": 0.2283464566929134
  },
  "general": {
    "Long Ratio": "0.53"
  },
  "rejected_signals_count": 947
}