{
  "pnls": {
    "PnL (total)": 9302.82,
    "PnL% (total)": 9.302820000000008,
    "Max Winner": 494.89,
    "Avg Winner": 469.31055555555554,
    "Min Winner": 8.38,
    "Min Loser": -101.19,
    "Avg Loser": -330.1026086956521,
    "Max Loser": -356.69,
    "Expectancy": 157.67491525423736,
    "Win Rate": 0.6101694915254238
  },
  "general": {
    "Long Ratio": "0.51",
    "Total trades": 0,
    "Sharpe ratio": 0.0,
    "Profit factor": 0.0,
    "Max drawdown": 0.0
  },
  "rejected_signals_count": 259
}