{
  "pnls": {
    "PnL (total)": -14309.33,
    "PnL% (total)": -14.309330000000001,
    "Max Winner": 744.88,
    "Avg Winner": 744.515606060606,
    "Min Winner": 744.27,
    "Min Loser": -354.35,
    "Avg Loser": -356.4458426966291,
    "Max Loser": -356.75,
    "Expectancy": -58.6447950819671,
    "Win Rate": 0.27049180327868855
  },
  "general": {
    "Long Ratio": 0.5,
    "Total trades": 244,
    "Sharpe ratio": -0.113,
    "Profit factor": 0.0,
    "Max drawdown": 0.0
  },
  "rejected_signals_count": 327290
}