{
  "pnls": {
    "PnL (total)": 10052.82,
    "PnL% (total)": 10.052820000000008,
    "Max Winner": 494.89,
    "Avg Winner": 481.0880555555556,
    "Min Winner": 8.38,
    "Min Loser": -30.54,
    "Avg Loser": -315.9282608695653,
    "Max Loser": -356.69,
    "Expectancy": 170.386779661017,
    "Win Rate": 0.6101694915254238
  },
  "general": {
    "Long Ratio": "0.51",
    "Total trades": 0,
    "Sharpe ratio": 0.0,
    "Profit factor": 0.0,
    "Max drawdown": 0.0
  },
  "rejected_signals_count": 191
}