{
  "pnls": {
    "PnL (total)": 4517.78,
    "PnL% (total)": 4.517779999999999,
    "Max Winner": 494.87,
    "Avg Winner": 494.07206896551725,
    "Min Winner": 479.89,
    "Min Loser": -69.54,
    "Avg Loser": -327.0103333333334,
    "Max Loser": -346.7,
    "Expectancy": 76.57254237288134,
    "Win Rate": 0.4915254237288136
  },
  "general": {
    "Long Ratio": "0.53",
    "Total trades": 0,
    "Sharpe ratio": 0.0,
    "Profit factor": 0.0,
    "Max drawdown": 0.0
  },
  "rejected_signals_count": 218
}