{
  "pnls": {
    "PnL (total)": 10575.83,
    "PnL% (total)": 10.575830000000002,
    "Max Winner": 494.89,
    "Avg Winner": 481.4610810810811,
    "Min Winner": 8.38,
    "Min Loser": -101.19,
    "Avg Loser": -329.01045454545454,
    "Max Loser": -356.69,
    "Expectancy": 179.2513559322034,
    "Win Rate": 0.6271186440677966
  },
  "general": {
    "Long Ratio": "0.49",
    "Total trades": 0,
    "Sharpe ratio": 0.0,
    "Profit factor": 0.0,
    "Max drawdown": 0.0
  },
  "rejected_signals_count": 276
}