{
  "pnls": {
    "PnL (total)": 8662.09,
    "PnL% (total)": 8.662089999999996,
    "Max Winner": 494.89,
    "Avg Winner": 494.60875,
    "Min Winner": 494.31,
    "Min Loser": -5.16,
    "Avg Loser": -298.55791666666664,
    "Max Loser": -346.69,
    "Expectancy": 154.68017857142857,
    "Win Rate": 0.5714285714285714
  },
  "general": {
    "Long Ratio": "0.48",
    "Total trades": 0,
    "Sharpe ratio": 0.0,
    "Profit factor": 0.0,
    "Max drawdown": 0.0
  },
  "rejected_signals_count": 291
}