{
  "pnls": {
    "PnL (total)": 183.59,
    "PnL% (total)": 0.1835899999999965,
    "Max Winner": 666.43,
    "Avg Winner": 524.3661111111111,
    "Min Winner": 495.31,
    "Min Loser": 0.0,
    "Avg Loser": -215.2325581395349,
    "Max Loser": -255.71,
    "Expectancy": 3.009672131147539,
    "Win Rate": 0.29508196721311475
  },
  "general": {
    "Long Ratio": "0.49",
    "Total trades": 0,
    "Sharpe ratio": 0.0,
    "Profit factor": 0.0,
    "Max drawdown": 0.0
  },
  "rejected_signals_count": 435
}