{
  "pnls": {
    "PnL (total)": -889.07,
    "PnL% (total)": -0.8890700000000069,
    "Max Winner": 615.4,
    "Avg Winner": 517.1624999999999,
    "Min Winner": 495.31,
    "Min Loser": 0.0,
    "Avg Loser": -208.0059259259259,
    "Max Loser": -255.69,
    "Expectancy": -12.01445945945946,
    "Win Rate": 0.2702702702702703
  },
  "general": {
    "Long Ratio": "0.51",
    "Total trades": 0,
    "Sharpe ratio": 0.0,
    "Profit factor": 0.0,
    "Max drawdown": 0.0
  },
  "rejected_signals_count": 1042
}