{
  "pnls": {
    "PnL (total)": 9066.81,
    "PnL% (total)": 9.066809999999997,
    "Max Winner": 494.89,
    "Avg Winner": 468.6169444444444,
    "Min Winner": 8.38,
    "Min Loser": -101.19,
    "Avg Loser": -339.2782608695652,
    "Max Loser": -356.69,
    "Expectancy": 153.6747457627119,
    "Win Rate": 0.6101694915254238
  },
  "general": {
    "Long Ratio": "0.49",
    "Total trades": 0,
    "Sharpe ratio": 0.0,
    "Profit factor": 0.0,
    "Max drawdown": 0.0
  },
  "rejected_signals_count": 234
}