{
  "pnls": {
    "PnL (total)": 7331.41,
    "PnL% (total)": 7.3314100000000035,
    "Max Winner": 494.89,
    "Avg Winner": 494.614375,
    "Min Winner": 494.31,
    "Min Loser": -48.16,
    "Avg Loser": -326.77884615384613,
    "Max Loser": -356.71,
    "Expectancy": 126.40362068965518,
    "Win Rate": 0.5517241379310345
  },
  "general": {
    "Long Ratio": "0.50",
    "Total trades": 0,
    "Sharpe ratio": 0.0,
    "Profit factor": 0.0,
    "Max drawdown": 0.0
  },
  "rejected_signals_count": 287
}