{
  "pnls": {
    "PnL (total)": 10090.82,
    "PnL% (total)": 10.090820000000008,
    "Max Winner": 494.89,
    "Avg Winner": 482.8144444444445,
    "Min Winner": 70.46,
    "Min Loser": -5.62,
    "Avg Loser": -316.9782608695652,
    "Max Loser": -356.69,
    "Expectancy": 171.0308474576272,
    "Win Rate": 0.6101694915254238
  },
  "general": {
    "Long Ratio": "0.49",
    "Total trades": 0,
    "Sharpe ratio": 0.0,
    "Profit factor": 0.0,
    "Max drawdown": 0.0
  },
  "rejected_signals_count": 268
}