{
  "pnls": {
    "PnL (total)": 9128.75,
    "PnL% (total)": 9.12875,
    "Max Winner": 494.89,
    "Avg Winner": 481.08972222222224,
    "Min Winner": 8.38,
    "Min Loser": -30.54,
    "Avg Loser": -327.6191999999999,
    "Max Loser": -356.69,
    "Expectancy": 149.65163934426232,
    "Win Rate": 0.5901639344262295
  },
  "general": {
    "Long Ratio": "0.49",
    "Total trades": 0,
    "Sharpe ratio": 0.0,
    "Profit factor": 0.0,
    "Max drawdown": 0.0
  },
  "rejected_signals_count": 230
}