{
  "pnls": {
    "PnL (total)": 7216.75,
    "PnL% (total)": 7.216749999999999,
    "Max Winner": 494.89,
    "Avg Winner": 480.98969696969704,
    "Min Winner": 45.38,
    "Min Loser": -73.2,
    "Avg Loser": -332.9196153846154,
    "Max Loser": -356.69,
    "Expectancy": 122.31779661016947,
    "Win Rate": 0.559322033898305
  },
  "general": {
    "Long Ratio": "0.49",
    "Total trades": 0,
    "Sharpe ratio": 0.0,
    "Profit factor": 0.0,
    "Max drawdown": 0.0
  },
  "rejected_signals_count": 302
}