{
  "pnls": {
    "PnL (total)": 9730.79,
    "PnL% (total)": 9.730789999999994,
    "Max Winner": 494.89,
    "Avg Winner": 481.09888888888895,
    "Min Winner": 8.38,
    "Min Loser": -95.2,
    "Avg Loser": -329.9465217391305,
    "Max Loser": -356.69,
    "Expectancy": 164.92864406779665,
    "Win Rate": 0.6101694915254238
  },
  "general": {
    "Long Ratio": "0.49",
    "Total trades": 0,
    "Sharpe ratio": 0.0,
    "Profit factor": 0.0,
    "Max drawdown": 0.0
  },
  "rejected_signals_count": 255
}