{
  "pnls": {
    "PnL (total)": 2639.85,
    "PnL% (total)": 2.639850000000006,
    "Max Winner": 598.35,
    "Avg Winner": 594.1834090909093,
    "Min Winner": 576.35,
    "Min Loser": -154.64,
    "Avg Loser": -156.69479999999996,
    "Max Loser": -185.69,
    "Expectancy": 13.6074742268042,
    "Win Rate": 0.2268041237113402
  },
  "general": {
    "Long Ratio": 0.5
  },
  "rejected_signals_count": 1865
}