{
  "pnls": {
    "PnL (total)": 5355.31,
    "PnL% (total)": 5.355309999999998,
    "Max Winner": 494.89,
    "Avg Winner": 479.996551724138,
    "Min Winner": 70.46,
    "Min Loser": -5.62,
    "Avg Loser": -244.70257142857147,
    "Max Loser": -256.71,
    "Expectancy": 83.67671874999999,
    "Win Rate": 0.453125
  },
  "general": {
    "Long Ratio": "0.50",
    "Total trades": 0,
    "Sharpe ratio": 0.0,
    "Profit factor": 0.0,
    "Max drawdown": 0.0
  },
  "rejected_signals_count": 243
}