{
  "pnls": {
    "PnL (total)": -1391.08,
    "PnL% (total)": -1.3910800000000019,
    "Max Winner": 615.4,
    "Avg Winner": 518.6764,
    "Min Winner": 495.33,
    "Min Loser": 0.0,
    "Avg Loser": -205.11414285714287,
    "Max Loser": -255.7,
    "Expectancy": -14.64294736842109,
    "Win Rate": 0.2631578947368421
  },
  "general": {
    "Long Ratio": "0.46"
  },
  "rejected_signals_count": 757
}