{
  "pnls": {
    "PnL (total)": -2086.2,
    "PnL% (total)": -2.086199999999997,
    "Max Winner": 594.91,
    "Avg Winner": 594.5756164383563,
    "Min Winner": 594.29,
    "Min Loser": -247.57,
    "Avg Loser": -355.39234374999995,
    "Max Loser": -356.71,
    "Expectancy": -10.379104477611845,
    "Win Rate": 0.36318407960199006
  },
  "general": {
    "Long Ratio": 0.5,
    "Total trades": 201,
    "Sharpe ratio": -0.016,
    "Profit factor": 0.0,
    "Max drawdown": 0.0
  },
  "rejected_signals_count": 193262
}