{
  "pnls": {
    "PnL (total)": 9280.25,
    "PnL% (total)": 9.280249999999999,
    "Max Winner": 494.89,
    "Avg Winner": 470.19777777777784,
    "Min Winner": 8.38,
    "Min Loser": -19.52,
    "Avg Loser": -318.61958333333337,
    "Max Loser": -356.69,
    "Expectancy": 154.67083333333335,
    "Win Rate": 0.6
  },
  "general": {
    "Long Ratio": "0.52",
    "Total trades": 0,
    "Sharpe ratio": 0.0,
    "Profit factor": 0.0,
    "Max drawdown": 0.0
  },
  "rejected_signals_count": 222
}