{
  "pnls": {
    "PnL (total)": 5941.21,
    "PnL% (total)": 5.941210000000006,
    "Max Winner": 494.91,
    "Avg Winner": 493.96698630137024,
    "Min Winner": 465.29,
    "Min Loser": -172.64,
    "Avg Loser": -354.3338823529409,
    "Max Loser": -359.63,
    "Expectancy": 37.602594936709195,
    "Win Rate": 0.4620253164556962
  },
  "general": {
    "Long Ratio": 0.5,
    "Total trades": 158,
    "Sharpe ratio": 0.099,
    "Profit factor": 0.0,
    "Max drawdown": 0.0
  },
  "rejected_signals_count": 5274
}