{
  "pnls": {
    "PnL (total)": 2528.24,
    "PnL% (total)": 2.528240000000005,
    "Max Winner": 508.45,
    "Avg Winner": 494.3948000000003,
    "Min Winner": 477.67,
    "Min Loser": -321.16,
    "Avg Loser": -356.19969072164946,
    "Max Loser": -394.69,
    "Expectancy": 14.699069767442014,
    "Win Rate": 0.436046511627907
  },
  "general": {
    "Long Ratio": 0.5,
    "Total trades": 172,
    "Sharpe ratio": 0.045,
    "Profit factor": 0.0,
    "Max drawdown": 0.0
  },
  "rejected_signals_count": 10270
}