{
  "pnls": {
    "PnL (total)": -2409.52,
    "PnL% (total)": -2.409520000000004,
    "Max Winner": 607.49,
    "Avg Winner": 472.6185714285715,
    "Min Winner": 54.84,
    "Min Loser": 0.0,
    "Avg Loser": -198.9437096774194,
    "Max Loser": -255.7,
    "Expectancy": -29.030361445783157,
    "Win Rate": 0.25301204819277107
  },
  "general": {
    "Long Ratio": "0.53",
    "Total trades": 0,
    "Sharpe ratio": 0.0,
    "Profit factor": 0.0,
    "Max drawdown": 0.0
  },
  "rejected_signals_count": 1337
}