{
  "pnls": {
    "PnL (total)": -7309.22,
    "PnL% (total)": -7.309220000000001,
    "Max Winner": 606.86,
    "Avg Winner": 425.359756097561,
    "Min Winner": 6.66,
    "Min Loser": -9.2,
    "Avg Loser": -211.52965811965814,
    "Max Loser": -255.71,
    "Expectancy": -46.26088607594936,
    "Win Rate": 0.25949367088607594
  },
  "general": {
    "Long Ratio": "0.50"
  },
  "rejected_signals_count": 1042
}