{
  "pnls": {
    "PnL (total)": 6392.74,
    "PnL% (total)": 6.392740000000005,
    "Max Winner": 494.89,
    "Avg Winner": 480.56250000000006,
    "Min Winner": 45.38,
    "Min Loser": -95.2,
    "Avg Loser": -332.78740740740744,
    "Max Loser": -356.69,
    "Expectancy": 108.35152542372884,
    "Win Rate": 0.5423728813559322
  },
  "general": {
    "Long Ratio": "0.49",
    "Total trades": 0,
    "Sharpe ratio": 0.0,
    "Profit factor": 0.0,
    "Max drawdown": 0.0
  },
  "rejected_signals_count": 330
}