{
  "pnls": {
    "PnL (total)": 9536.26,
    "PnL% (total)": 9.536259999999995,
    "Max Winner": 494.89,
    "Avg Winner": 473.52250000000004,
    "Min Winner": 8.38,
    "Min Loser": -30.54,
    "Avg Loser": -312.9395833333333,
    "Max Loser": -356.69,
    "Expectancy": 158.93766666666664,
    "Win Rate": 0.6
  },
  "general": {
    "Long Ratio": "0.52",
    "Total trades": 0,
    "Sharpe ratio": 0.0,
    "Profit factor": 0.0,
    "Max drawdown": 0.0
  },
  "rejected_signals_count": 256
}