{
  "pnls": {
    "PnL (total)": -3411.56,
    "PnL% (total)": -3.4115599999999975,
    "Max Winner": 521.37,
    "Avg Winner": 117.98938271604938,
    "Min Winner": 0.32,
    "Min Loser": -2.66,
    "Avg Loser": -74.96358381502891,
    "Max Loser": -206.74,
    "Expectancy": -13.431338582677178,
    "Win Rate": 0.3188976377952756
  },
  "general": {
    "Long Ratio": "0.46"
  },
  "rejected_signals_count": 5367
}