{
  "pnls": {
    "PnL (total)": 10712.26,
    "PnL% (total)": 10.712259999999993,
    "Max Winner": 494.89,
    "Avg Winner": 469.8028947368422,
    "Min Winner": 8.38,
    "Min Loser": -55.54,
    "Avg Loser": -324.5568181818182,
    "Max Loser": -356.69,
    "Expectancy": 178.53766666666672,
    "Win Rate": 0.6333333333333333
  },
  "general": {
    "Long Ratio": "0.48",
    "Total trades": 0,
    "Sharpe ratio": 0.0,
    "Profit factor": 0.0,
    "Max drawdown": 0.0
  },
  "rejected_signals_count": 239
}