{
  "pnls": {
    "PnL (total)": 7198.34,
    "PnL% (total)": 7.198339999999996,
    "Max Winner": 494.89,
    "Avg Winner": 494.60187500000006,
    "Min Winner": 494.31,
    "Min Loser": -95.2,
    "Avg Loser": -331.88153846153847,
    "Max Loser": -356.69,
    "Expectancy": 124.10931034482758,
    "Win Rate": 0.5517241379310345
  },
  "general": {
    "Long Ratio": "0.50",
    "Total trades": 0,
    "Sharpe ratio": 0.0,
    "Profit factor": 0.0,
    "Max drawdown": 0.0
  },
  "rejected_signals_count": 308
}