{
  "pnls": {
    "PnL (total)": 6655.83,
    "PnL% (total)": 6.655830000000002,
    "Max Winner": 494.89,
    "Avg Winner": 479.65718749999996,
    "Min Winner": 16.48,
    "Min Loser": -16.16,
    "Avg Loser": -321.97037037037035,
    "Max Loser": -356.69,
    "Expectancy": 112.81067796610171,
    "Win Rate": 0.5423728813559322
  },
  "general": {
    "Long Ratio": "0.53",
    "Total trades": 0,
    "Sharpe ratio": 0.0,
    "Profit factor": 0.0,
    "Max drawdown": 0.0
  },
  "rejected_signals_count": 318
}