{
  "pnls": {
    "PnL (total)": -2483.03,
    "PnL% (total)": -2.483029999999999,
    "Max Winner": 607.49,
    "Avg Winner": 469.6035,
    "Min Winner": 54.84,
    "Min Loser": 0.0,
    "Avg Loser": -204.74310344827586,
    "Max Loser": -255.7,
    "Expectancy": -31.833717948717947,
    "Win Rate": 0.2564102564102564
  },
  "general": {
    "Long Ratio": "0.54",
    "Total trades": 0,
    "Sharpe ratio": 0.0,
    "Profit factor": 0.0,
    "Max drawdown": 0.0
  },
  "rejected_signals_count": 1480
}