{
  "pnls": {
    "PnL (total)": 8368.43,
    "PnL% (total)": 8.368429999999993,
    "Max Winner": 494.89,
    "Avg Winner": 494.60030303030305,
    "Min Winner": 494.31,
    "Min Loser": -0.54,
    "Avg Loser": -318.13519999999994,
    "Max Loser": -356.69,
    "Expectancy": 144.28327586206905,
    "Win Rate": 0.5689655172413793
  },
  "general": {
    "Long Ratio": "0.50",
    "Total trades": 0,
    "Sharpe ratio": 0.0,
    "Profit factor": 0.0,
    "Max drawdown": 0.0
  },
  "rejected_signals_count": 249
}