{
  "pnls": {
    "PnL (total)": -4263.64,
    "PnL% (total)": -4.263639999999999,
    "Max Winner": 656.31,
    "Avg Winner": 118.16392156862749,
    "Min Winner": 0.3,
    "Min Loser": -0.66,
    "Avg Loser": -54.20717607973421,
    "Max Loser": -206.7,
    "Expectancy": -10.579751861042173,
    "Win Rate": 0.2531017369727047
  },
  "general": {
    "Long Ratio": "0.53"
  },
  "rejected_signals_count": 25902
}