{
  "pnls": {
    "PnL (total)": -3887.15,
    "PnL% (total)": -3.887149999999994,
    "Max Winner": 600.53,
    "Avg Winner": 480.5210714285714,
    "Min Winner": 4.32,
    "Min Loser": 0.0,
    "Avg Loser": -204.02047058823527,
    "Max Loser": -255.72,
    "Expectancy": -34.399557522123885,
    "Win Rate": 0.24778761061946902
  },
  "general": {
    "Long Ratio": "0.50"
  },
  "rejected_signals_count": 871
}