{
  "pnls": {
    "PnL (total)": 8559.27,
    "PnL% (total)": 8.559270000000003,
    "Max Winner": 494.89,
    "Avg Winner": 474.38114285714283,
    "Min Winner": 8.38,
    "Min Loser": -45.54,
    "Avg Loser": -321.76279999999997,
    "Max Loser": -356.69,
    "Expectancy": 142.6545,
    "Win Rate": 0.5833333333333334
  },
  "general": {
    "Long Ratio": "0.52",
    "Total trades": 0,
    "Sharpe ratio": 0.0,
    "Profit factor": 0.0,
    "Max drawdown": 0.0
  },
  "rejected_signals_count": 248
}