{
  "pnls": {
    "PnL (total)": 6581.73,
    "PnL% (total)": 6.581729999999995,
    "Max Winner": 494.89,
    "Avg Winner": 479.41031250000003,
    "Min Winner": 8.38,
    "Min Loser": -95.2,
    "Avg Loser": -324.4222222222222,
    "Max Loser": -356.71,
    "Expectancy": 111.55474576271192,
    "Win Rate": 0.5423728813559322
  },
  "general": {
    "Long Ratio": "0.51",
    "Total trades": 0,
    "Sharpe ratio": 0.0,
    "Profit factor": 0.0,
    "Max drawdown": 0.0
  },
  "rejected_signals_count": 280
}