{
  "pnls": {
    "PnL (total)": 2230.55,
    "PnL% (total)": 2.230550000000003,
    "Max Winner": 779.35,
    "Avg Winner": 744.5927659574468,
    "Min Winner": 727.66,
    "Min Loser": -321.16,
    "Avg Loser": -356.1446739130434,
    "Max Loser": -394.69,
    "Expectancy": 16.047122302158325,
    "Win Rate": 0.3381294964028777
  },
  "general": {
    "Long Ratio": 0.5,
    "Total trades": 139,
    "Sharpe ratio": 0.043,
    "Profit factor": 0.0,
    "Max drawdown": 0.0
  },
  "rejected_signals_count": 13168
}