{
  "pnls": {
    "PnL (total)": 9972.85,
    "PnL% (total)": 9.972850000000005,
    "Max Winner": 494.89,
    "Avg Winner": 470.812972972973,
    "Min Winner": 8.38,
    "Min Loser": -101.19,
    "Avg Loser": -338.51045454545454,
    "Max Loser": -356.69,
    "Expectancy": 169.03135593220338,
    "Win Rate": 0.6271186440677966
  },
  "general": {
    "Long Ratio": "0.49",
    "Total trades": 0,
    "Sharpe ratio": 0.0,
    "Profit factor": 0.0,
    "Max drawdown": 0.0
  },
  "rejected_signals_count": 261
}