{
  "pnls": {
    "PnL (total)": -9260.12,
    "PnL% (total)": -9.260119999999995,
    "Max Winner": 507.81,
    "Avg Winner": 494.69951612903213,
    "Min Winner": 491.39,
    "Min Loser": -13.64,
    "Avg Loser": -354.7882412060299,
    "Max Loser": -367.64,
    "Expectancy": -28.66910216718258,
    "Win Rate": 0.38390092879256965
  },
  "general": {
    "Long Ratio": 0.5,
    "Total trades": 323,
    "Sharpe ratio": -0.057,
    "Profit factor": 0.0,
    "Max drawdown": 0.0
  },
  "rejected_signals_count": 153458
}