{
  "pnls": {
    "PnL (total)": 10598.46,
    "PnL% (total)": 10.598460000000006,
    "Max Winner": 494.89,
    "Avg Winner": 494.6025000000001,
    "Min Winner": 494.31,
    "Min Loser": -95.2,
    "Avg Loser": -327.60136363636366,
    "Max Loser": -356.69,
    "Expectancy": 182.73206896551727,
    "Win Rate": 0.6206896551724138
  },
  "general": {
    "Long Ratio": "0.50",
    "Total trades": 0,
    "Sharpe ratio": 0.0,
    "Profit factor": 0.0,
    "Max drawdown": 0.0
  },
  "rejected_signals_count": 281
}