{
  "pnls": {
    "PnL (total)": 8242.53,
    "PnL% (total)": 8.242529999999999,
    "Max Winner": 494.89,
    "Avg Winner": 494.178,
    "Min Winner": 479.89,
    "Min Loser": -60.62,
    "Avg Loser": -312.196551724138,
    "Max Loser": -346.69,
    "Expectancy": 128.78953124999998,
    "Win Rate": 0.546875
  },
  "general": {
    "Long Ratio": "0.50",
    "Total trades": 0,
    "Sharpe ratio": 0.0,
    "Profit factor": 0.0,
    "Max drawdown": 0.0
  },
  "rejected_signals_count": 258
}