{
  "pnls": {
    "PnL (total)": 9848.3,
    "PnL% (total)": 9.848300000000004,
    "Max Winner": 494.89,
    "Avg Winner": 469.37000000000006,
    "Min Winner": 8.38,
    "Min Loser": -71.52,
    "Avg Loser": -326.8865217391304,
    "Max Loser": -356.69,
    "Expectancy": 164.13833333333343,
    "Win Rate": 0.6166666666666667
  },
  "general": {
    "Long Ratio": "0.50",
    "Total trades": 0,
    "Sharpe ratio": 0.0,
    "Profit factor": 0.0,
    "Max drawdown": 0.0
  },
  "rejected_signals_count": 198
}