{
  "pnls": {
    "PnL (total)": 8624.26,
    "PnL% (total)": 8.624259999999994,
    "Max Winner": 494.89,
    "Avg Winner": 475.39542857142857,
    "Min Winner": 45.38,
    "Min Loser": -33.16,
    "Avg Loser": -320.5832,
    "Max Loser": -356.69,
    "Expectancy": 143.7376666666667,
    "Win Rate": 0.5833333333333334
  },
  "general": {
    "Long Ratio": "0.50",
    "Total trades": 0,
    "Sharpe ratio": 0.0,
    "Profit factor": 0.0,
    "Max drawdown": 0.0
  },
  "rejected_signals_count": 330
}