{
  "pnls": {
    "PnL (total)": 5264.45,
    "PnL% (total)": 5.2644499999999965,
    "Max Winner": 494.89,
    "Avg Winner": 494.6203448275863,
    "Min Winner": 494.31,
    "Min Loser": -219.54,
    "Avg Loser": -313.0875862068965,
    "Max Loser": -316.71,
    "Expectancy": 90.76637931034489,
    "Win Rate": 0.5
  },
  "general": {
    "Long Ratio": "0.50",
    "Total trades": 0,
    "Sharpe ratio": 0.0,
    "Profit factor": 0.0,
    "Max drawdown": 0.0
  },
  "rejected_signals_count": 255
}