{
  "pnls": {
    "PnL (total)": 10779.81,
    "PnL% (total)": 10.779809999999998,
    "Max Winner": 494.89,
    "Avg Winner": 483.13864864864877,
    "Min Winner": 70.46,
    "Min Loser": -5.62,
    "Avg Loser": -322.56,
    "Max Loser": -356.69,
    "Expectancy": 182.70864406779666,
    "Win Rate": 0.6271186440677966
  },
  "general": {
    "Long Ratio": "0.49",
    "Total trades": 0,
    "Sharpe ratio": 0.0,
    "Profit factor": 0.0,
    "Max drawdown": 0.0
  },
  "rejected_signals_count": 243
}