{
  "pnls": {
    "PnL (total)": -6171.45,
    "PnL% (total)": -6.171449999999997,
    "Max Winner": 543.59,
    "Avg Winner": 494.9240322580647,
    "Min Winner": 479.37,
    "Min Loser": -228.37,
    "Avg Loser": -256.8138022813687,
    "Max Loser": -371.44,
    "Expectancy": -15.946899224806076,
    "Win Rate": 0.32041343669250644
  },
  "general": {
    "Long Ratio": 0.5,
    "Total trades": 387,
    "Sharpe ratio": -0.035,
    "Profit factor": 0.0,
    "Max drawdown": 0.0
  },
  "rejected_signals_count": 131312
}