{
  "pnls": {
    "PnL (total)": 7634.77,
    "PnL% (total)": 7.634770000000005,
    "Max Winner": 494.89,
    "Avg Winner": 480.98424242424244,
    "Min Winner": 45.38,
    "Min Loser": -33.16,
    "Avg Loser": -316.835,
    "Max Loser": -356.69,
    "Expectancy": 129.40288135593218,
    "Win Rate": 0.559322033898305
  },
  "general": {
    "Long Ratio": "0.51",
    "Total trades": 0,
    "Sharpe ratio": 0.0,
    "Profit factor": 0.0,
    "Max drawdown": 0.0
  },
  "rejected_signals_count": 308
}