{
  "pnls": {
    "PnL (total)": 10573.45,
    "PnL% (total)": 10.573449999999998,
    "Max Winner": 494.89,
    "Avg Winner": 494.6022222222222,
    "Min Winner": 494.31,
    "Min Loser": -95.2,
    "Avg Loser": -328.7377272727273,
    "Max Loser": -356.69,
    "Expectancy": 182.3008620689655,
    "Win Rate": 0.6206896551724138
  },
  "general": {
    "Long Ratio": "0.50",
    "Total trades": 0,
    "Sharpe ratio": 0.0,
    "Profit factor": 0.0,
    "Max drawdown": 0.0
  },
  "rejected_signals_count": 290
}