{
  "pnls": {
    "PnL (total)": 1792.54,
    "PnL% (total)": 1.7925399999999936,
    "Max Winner": 494.89,
    "Avg Winner": 494.63560000000007,
    "Min Winner": 494.33,
    "Min Loser": -132.71,
    "Avg Loser": -251.74642857142857,
    "Max Loser": -256.71,
    "Expectancy": 26.754328358208994,
    "Win Rate": 0.373134328358209
  },
  "general": {
    "Long Ratio": "0.51",
    "Total trades": 0,
    "Sharpe ratio": 0.0,
    "Profit factor": 0.0,
    "Max drawdown": 0.0
  },
  "rejected_signals_count": 286
}