{
  "pnls": {
    "PnL (total)": -9620.1,
    "PnL% (total)": -9.620100000000006,
    "Max Winner": 503.33,
    "Avg Winner": 493.9513750000004,
    "Min Winner": 466.4,
    "Min Loser": -158.53,
    "Avg Loser": -255.91776041666685,
    "Max Loser": -313.41,
    "Expectancy": -35.368014705882345,
    "Win Rate": 0.29411764705882354
  },
  "general": {
    "Long Ratio": 0.5,
    "Total trades": 272,
    "Sharpe ratio": -0.091,
    "Profit factor": 0.0,
    "Max drawdown": 0.0
  },
  "rejected_signals_count": 10810
}