{
  "pnls": {
    "PnL (total)": -8188.62,
    "PnL% (total)": -8.188619999999995,
    "Max Winner": 744.88,
    "Avg Winner": 744.5656603773583,
    "Min Winner": 744.33,
    "Min Loser": -247.57,
    "Avg Loser": -355.6014925373134,
    "Max Loser": -356.71,
    "Expectancy": -43.78941176470588,
    "Win Rate": 0.28342245989304815
  },
  "general": {
    "Long Ratio": 0.5,
    "Total trades": 187,
    "Sharpe ratio": -0.081,
    "Profit factor": 0.0,
    "Max drawdown": 0.0
  },
  "rejected_signals_count": 197292
}