{
  "pnls": {
    "PnL (total)": 2076.52,
    "PnL% (total)": 2.076520000000004,
    "Max Winner": 814.34,
    "Avg Winner": 796.4295,
    "Min Winner": 794.29,
    "Min Loser": -105.68,
    "Avg Loser": -155.6412359550562,
    "Max Loser": -156.73,
    "Expectancy": 19.05064220183484,
    "Win Rate": 0.1834862385321101
  },
  "general": {
    "Long Ratio": 0.5
  },
  "rejected_signals_count": 1375
}