{
  "pnls": {
    "PnL (total)": 3213.4,
    "PnL% (total)": 3.213399999999994,
    "Max Winner": 494.89,
    "Avg Winner": 494.6381481481482,
    "Min Winner": 494.33,
    "Min Loser": -183.12,
    "Avg Loser": -253.54575,
    "Max Loser": -256.71,
    "Expectancy": 47.96119402985079,
    "Win Rate": 0.40298507462686567
  },
  "general": {
    "Long Ratio": "0.51",
    "Total trades": 0,
    "Sharpe ratio": 0.0,
    "Profit factor": 0.0,
    "Max drawdown": 0.0
  },
  "rejected_signals_count": 312
}