{
  "pnls": {
    "PnL (total)": 1470.86,
    "PnL% (total)": 1.4708600000000005,
    "Max Winner": 394.9,
    "Avg Winner": 394.5758823529412,
    "Min Winner": 393.81,
    "Min Loser": -49.54,
    "Avg Loser": -85.85131147540984,
    "Max Loser": -86.72,
    "Expectancy": 18.857179487179494,
    "Win Rate": 0.21794871794871795
  },
  "general": {
    "Long Ratio": "0.49",
    "Total trades": 0,
    "Sharpe ratio": 0.0,
    "Profit factor": 0.0,
    "Max drawdown": 0.0
  },
  "rejected_signals_count": 311
}