{
  "pnls": {
    "PnL (total)": 7367.53,
    "PnL% (total)": 7.367529999999999,
    "Max Winner": 494.89,
    "Avg Winner": 480.98848484848486,
    "Min Winner": 45.38,
    "Min Loser": -45.54,
    "Avg Loser": -303.7532142857143,
    "Max Loser": -356.69,
    "Expectancy": 120.77918032786889,
    "Win Rate": 0.5409836065573771
  },
  "general": {
    "Long Ratio": "0.51",
    "Total trades": 0,
    "Sharpe ratio": 0.0,
    "Profit factor": 0.0,
    "Max drawdown": 0.0
  },
  "rejected_signals_count": 266
}