{
  "pnls": {
    "PnL (total)": 8800.18,
    "PnL% (total)": 8.800179999999994,
    "Max Winner": 494.89,
    "Avg Winner": 494.6026470588235,
    "Min Winner": 494.31,
    "Min Loser": -43.12,
    "Avg Loser": -334.0129166666666,
    "Max Loser": -366.69,
    "Expectancy": 151.72724137931033,
    "Win Rate": 0.5862068965517241
  },
  "general": {
    "Long Ratio": "0.48",
    "Total trades": 0,
    "Sharpe ratio": 0.0,
    "Profit factor": 0.0,
    "Max drawdown": 0.0
  },
  "rejected_signals_count": 308
}