{
  "pnls": {
    "PnL (total)": 2984.7,
    "PnL% (total)": 2.984699999999997,
    "Max Winner": 494.89,
    "Avg Winner": 494.63076923076926,
    "Min Winner": 494.35,
    "Min Loser": -80.54,
    "Avg Loser": -246.8925,
    "Max Loser": -256.71,
    "Expectancy": 45.22272727272724,
    "Win Rate": 0.3939393939393939
  },
  "general": {
    "Long Ratio": "0.48",
    "Total trades": 0,
    "Sharpe ratio": 0.0,
    "Profit factor": 0.0,
    "Max drawdown": 0.0
  },
  "rejected_signals_count": 309
}