{
  "pnls": {
    "PnL (total)": 1134.16,
    "PnL% (total)": 1.1341600000000036,
    "Max Winner": 535.8,
    "Avg Winner": 500.7466666666667,
    "Min Winner": 495.41,
    "Min Loser": 0.0,
    "Avg Loser": -199.2825,
    "Max Loser": -255.7,
    "Expectancy": 24.13106382978725,
    "Win Rate": 0.3191489361702128
  },
  "general": {
    "Long Ratio": "0.57"
  },
  "rejected_signals_count": 640
}