{
  "pnls": {
    "PnL (total)": -4024.1,
    "PnL% (total)": -4.024100000000006,
    "Max Winner": 560.44,
    "Avg Winner": 456.5145833333333,
    "Min Winner": 35.69,
    "Min Loser": 0.0,
    "Avg Loser": -202.43851351351353,
    "Max Loser": -255.72,
    "Expectancy": -41.06224489795922,
    "Win Rate": 0.24489795918367346
  },
  "general": {
    "Long Ratio": "0.51"
  },
  "rejected_signals_count": 1232
}