{
  "pnls": {
    "PnL (total)": -6791.01,
    "PnL% (total)": -6.791009999999995,
    "Max Winner": 793.6,
    "Avg Winner": 745.2334782608694,
    "Min Winner": 743.4,
    "Min Loser": -244.65,
    "Avg Loser": -256.4410572687224,
    "Max Loser": -280.34,
    "Expectancy": -22.9426013513513,
    "Win Rate": 0.23310810810810811
  },
  "general": {
    "Long Ratio": 0.5,
    "Total trades": 296,
    "Sharpe ratio": -0.042,
    "Profit factor": 0.0,
    "Max drawdown": 0.0
  },
  "rejected_signals_count": 130419
}