{
  "pnls": {
    "PnL (total)": 4165.99,
    "PnL% (total)": 4.165990000000005,
    "Max Winner": 494.89,
    "Avg Winner": 494.55785714285713,
    "Min Winner": 494.31,
    "Min Loser": -133.62,
    "Avg Loser": -322.7210000000001,
    "Max Loser": -346.7,
    "Expectancy": 71.82741379310343,
    "Win Rate": 0.4827586206896552
  },
  "general": {
    "Long Ratio": "0.50",
    "Total trades": 0,
    "Sharpe ratio": 0.0,
    "Profit factor": 0.0,
    "Max drawdown": 0.0
  },
  "rejected_signals_count": 214
}