{
  "pnls": {
    "PnL (total)": 7510.73,
    "PnL% (total)": 7.510729999999996,
    "Max Winner": 494.89,
    "Avg Winner": 494.598125,
    "Min Winner": 494.31,
    "Min Loser": -97.54,
    "Avg Loser": -308.0151851851852,
    "Max Loser": -316.69,
    "Expectancy": 127.30050847457625,
    "Win Rate": 0.5423728813559322
  },
  "general": {
    "Long Ratio": "0.49",
    "Total trades": 0,
    "Sharpe ratio": 0.0,
    "Profit factor": 0.0,
    "Max drawdown": 0.0
  },
  "rejected_signals_count": 227
}