{
  "pnls": {
    "PnL (total)": 4246.71,
    "PnL% (total)": 4.246710000000006,
    "Max Winner": 394.89,
    "Avg Winner": 371.7106451612903,
    "Min Winner": 8.38,
    "Min Loser": -96.16,
    "Avg Loser": -250.90758620689658,
    "Max Loser": -256.71,
    "Expectancy": 70.7785,
    "Win Rate": 0.5166666666666667
  },
  "general": {
    "Long Ratio": "0.50",
    "Total trades": 0,
    "Sharpe ratio": 0.0,
    "Profit factor": 0.0,
    "Max drawdown": 0.0
  },
  "rejected_signals_count": 241
}