{
  "pnls": {
    "PnL (total)": 8405.77,
    "PnL% (total)": 8.405770000000004,
    "Max Winner": 494.89,
    "Avg Winner": 480.295,
    "Min Winner": 8.38,
    "Min Loser": -26.16,
    "Avg Loser": -316.9704,
    "Max Loser": -356.71,
    "Expectancy": 142.47067796610173,
    "Win Rate": 0.576271186440678
  },
  "general": {
    "Long Ratio": "0.51",
    "Total trades": 0,
    "Sharpe ratio": 0.0,
    "Profit factor": 0.0,
    "Max drawdown": 0.0
  },
  "rejected_signals_count": 265
}