{
  "pnls": {
    "PnL (total)": 9724.82,
    "PnL% (total)": 9.724820000000008,
    "Max Winner": 494.89,
    "Avg Winner": 481.1041666666667,
    "Min Winner": 8.38,
    "Min Loser": -101.19,
    "Avg Loser": -330.21434782608696,
    "Max Loser": -356.71,
    "Expectancy": 164.82745762711872,
    "Win Rate": 0.6101694915254238
  },
  "general": {
    "Long Ratio": "0.49",
    "Total trades": 0,
    "Sharpe ratio": 0.0,
    "Profit factor": 0.0,
    "Max drawdown": 0.0
  },
  "rejected_signals_count": 283
}