{
  "pnls": {
    "PnL (total)": 1306.39,
    "PnL% (total)": 1.3063899999999995,
    "Max Winner": 494.89,
    "Avg Winner": 494.5462411347519,
    "Min Winner": 494.25,
    "Min Loser": -345.65,
    "Avg Loser": -356.3782812499999,
    "Max Loser": -356.73,
    "Expectancy": 3.9230930930932164,
    "Win Rate": 0.42342342342342343
  },
  "general": {
    "Long Ratio": 0.5,
    "Total trades": 333,
    "Sharpe ratio": 0.021,
    "Profit factor": 0.0,
    "Max drawdown": 0.0
  },
  "rejected_signals_count": 407366
}