{
  "pnls": {
    "PnL (total)": -12625.35,
    "PnL% (total)": -12.625350000000005,
    "Max Winner": 498.33,
    "Avg Winner": 494.55843373494,
    "Min Winner": 494.29,
    "Min Loser": -256.1,
    "Avg Loser": -256.81196172248815,
    "Max Loser": -285.72,
    "Expectancy": -43.237499999999976,
    "Win Rate": 0.2842465753424658
  },
  "general": {
    "Long Ratio": 0.5,
    "Total trades": 292,
    "Sharpe ratio": -0.113,
    "Profit factor": 0.0,
    "Max drawdown": 0.0
  },
  "rejected_signals_count": 11207
}