{
  "pnls": {
    "PnL (total)": 8022.44,
    "PnL% (total)": 8.022440000000003,
    "Max Winner": 494.89,
    "Avg Winner": 494.5969696969697,
    "Min Winner": 494.31,
    "Min Loser": -73.2,
    "Avg Loser": -331.9704,
    "Max Loser": -356.69,
    "Expectancy": 138.3179310344828,
    "Win Rate": 0.5689655172413793
  },
  "general": {
    "Long Ratio": "0.50",
    "Total trades": 0,
    "Sharpe ratio": 0.0,
    "Profit factor": 0.0,
    "Max drawdown": 0.0
  },
  "rejected_signals_count": 263
}