{
  "pnls": {
    "PnL (total)": 6618.73,
    "PnL% (total)": 6.618729999999997,
    "Max Winner": 494.89,
    "Avg Winner": 480.5553125,
    "Min Winner": 45.38,
    "Min Loser": -95.2,
    "Avg Loser": -324.4088888888889,
    "Max Loser": -356.69,
    "Expectancy": 112.18186440677968,
    "Win Rate": 0.5423728813559322
  },
  "general": {
    "Long Ratio": "0.51",
    "Total trades": 0,
    "Sharpe ratio": 0.0,
    "Profit factor": 0.0,
    "Max drawdown": 0.0
  },
  "rejected_signals_count": 303
}