{
  "pnls": {
    "PnL (total)": -10117.96,
    "PnL% (total)": -10.117960000000007,
    "Max Winner": 768.61,
    "Avg Winner": 745.2490625,
    "Min Winner": 721.85,
    "Min Loser": -350.65,
    "Avg Loser": -356.87592592592597,
    "Max Loser": -397.53,
    "Expectancy": -44.76973451327437,
    "Win Rate": 0.2831858407079646
  },
  "general": {
    "Long Ratio": 0.5,
    "Total trades": 226,
    "Sharpe ratio": -0.078,
    "Profit factor": 0.0,
    "Max drawdown": 0.0
  },
  "rejected_signals_count": 127709
}