{
  "pnls": {
    "PnL (total)": 5006.97,
    "PnL% (total)": 5.006970000000001,
    "Max Winner": 494.89,
    "Avg Winner": 494.55551724137933,
    "Min Winner": 494.31,
    "Min Loser": -133.62,
    "Avg Loser": -321.90137931034485,
    "Max Loser": -346.7,
    "Expectancy": 86.32706896551724,
    "Win Rate": 0.5
  },
  "general": {
    "Long Ratio": "0.50",
    "Total trades": 0,
    "Sharpe ratio": 0.0,
    "Profit factor": 0.0,
    "Max drawdown": 0.0
  },
  "rejected_signals_count": 208
}