{
  "pnls": {
    "PnL (total)": 8602.61,
    "PnL% (total)": 8.60261,
    "Max Winner": 594.89,
    "Avg Winner": 558.7793548387097,
    "Min Winner": 8.38,
    "Min Loser": -121.32,
    "Avg Loser": -335.36730769230775,
    "Max Loser": -356.69,
    "Expectancy": 150.92298245614035,
    "Win Rate": 0.543859649122807
  },
  "general": {
    "Long Ratio": "0.49",
    "Total trades": 0,
    "Sharpe ratio": 0.0,
    "Profit factor": 0.0,
    "Max drawdown": 0.0
  },
  "rejected_signals_count": 244
}