{
  "pnls": {
    "PnL (total)": 6556.42,
    "PnL% (total)": 6.556419999999999,
    "Max Winner": 494.89,
    "Avg Winner": 494.1524242424243,
    "Min Winner": 479.89,
    "Min Loser": -75.12,
    "Avg Loser": -325.0203333333333,
    "Max Loser": -346.69,
    "Expectancy": 104.0701587301588,
    "Win Rate": 0.5238095238095238
  },
  "general": {
    "Long Ratio": "0.49",
    "Total trades": 0,
    "Sharpe ratio": 0.0,
    "Profit factor": 0.0,
    "Max drawdown": 0.0
  },
  "rejected_signals_count": 313
}