{
  "pnls": {
    "PnL (total)": -11337.51,
    "PnL% (total)": -11.337509999999995,
    "Max Winner": 513.63,
    "Avg Winner": 495.38517647058836,
    "Min Winner": 477.81,
    "Min Loser": -18.64,
    "Avg Loser": -353.94205298013253,
    "Max Loser": -394.69,
    "Expectancy": -48.04029661016954,
    "Win Rate": 0.3601694915254237
  },
  "general": {
    "Long Ratio": 0.5,
    "Total trades": 236,
    "Sharpe ratio": -0.104,
    "Profit factor": 0.0,
    "Max drawdown": 0.0
  },
  "rejected_signals_count": 20356
}