{
  "pnls": {
    "PnL (total)": 2339.54,
    "PnL% (total)": 2.3395399999999933,
    "Max Winner": 394.9,
    "Avg Winner": 394.59521739130435,
    "Min Winner": 393.81,
    "Min Loser": -49.54,
    "Avg Loser": -124.74351851851853,
    "Max Loser": -126.72,
    "Expectancy": 30.383636363636356,
    "Win Rate": 0.2987012987012987
  },
  "general": {
    "Long Ratio": "0.49",
    "Total trades": 0,
    "Sharpe ratio": 0.0,
    "Profit factor": 0.0,
    "Max drawdown": 0.0
  },
  "rejected_signals_count": 312
}