{
  "pnls": {
    "PnL (total)": 8483.75,
    "PnL% (total)": 8.483749999999999,
    "Max Winner": 494.89,
    "Avg Winner": 480.6959999999999,
    "Min Winner": 8.38,
    "Min Loser": -0.54,
    "Avg Loser": -320.79269230769233,
    "Max Loser": -356.69,
    "Expectancy": 139.07786885245892,
    "Win Rate": 0.5737704918032787
  },
  "general": {
    "Long Ratio": "0.51",
    "Total trades": 0,
    "Sharpe ratio": 0.0,
    "Profit factor": 0.0,
    "Max drawdown": 0.0
  },
  "rejected_signals_count": 201
}