{
  "pnls": {
    "PnL (total)": 10052.31,
    "PnL% (total)": 10.052309999999999,
    "Max Winner": 494.89,
    "Avg Winner": 469.3418918918919,
    "Min Winner": 8.38,
    "Min Loser": -42.52,
    "Avg Loser": -317.9713043478261,
    "Max Loser": -356.69,
    "Expectancy": 167.5385,
    "Win Rate": 0.6166666666666667
  },
  "general": {
    "Long Ratio": "0.52",
    "Total trades": 0,
    "Sharpe ratio": 0.0,
    "Profit factor": 0.0,
    "Max drawdown": 0.0
  },
  "rejected_signals_count": 179
}