{
  "pnls": {
    "PnL (total)": 9066.8,
    "PnL% (total)": 9.066800000000002,
    "Max Winner": 494.89,
    "Avg Winner": 480.7125714285715,
    "Min Winner": 8.38,
    "Min Loser": -55.16,
    "Avg Loser": -323.2558333333333,
    "Max Loser": -356.71,
    "Expectancy": 153.67457627118645,
    "Win Rate": 0.5932203389830508
  },
  "general": {
    "Long Ratio": "0.49",
    "Total trades": 0,
    "Sharpe ratio": 0.0,
    "Profit factor": 0.0,
    "Max drawdown": 0.0
  },
  "rejected_signals_count": 268
}