{
  "pnls": {
    "PnL (total)": 13646.64,
    "PnL% (total)": 13.646639999999998,
    "Max Winner": 499.35,
    "Avg Winner": 444.55764705882365,
    "Min Winner": 14.38,
    "Min Loser": -22.66,
    "Avg Loser": -265.4647058823529,
    "Max Loser": -356.73,
    "Expectancy": 160.548705882353,
    "Win Rate": 0.6
  },
  "general": {
    "Long Ratio": 0.52,
    "Total trades": 85,
    "Sharpe ratio": 0.443,
    "Profit factor": 0.0,
    "Max drawdown": 0.0
  },
  "rejected_signals_count": 667
}