{
  "pnls": {
    "PnL (total)": 8868.44,
    "PnL% (total)": 8.868440000000003,
    "Max Winner": 494.89,
    "Avg Winner": 494.6014705882352,
    "Min Winner": 494.31,
    "Min Loser": -122.54,
    "Avg Loser": -331.1670833333333,
    "Max Loser": -356.69,
    "Expectancy": 152.90413793103437,
    "Win Rate": 0.5862068965517241
  },
  "general": {
    "Long Ratio": "0.50",
    "Total trades": 0,
    "Sharpe ratio": 0.0,
    "Profit factor": 0.0,
    "Max drawdown": 0.0
  },
  "rejected_signals_count": 305
}