{
  "pnls": {
    "PnL (total)": 8057.75,
    "PnL% (total)": 8.05775,
    "Max Winner": 494.89,
    "Avg Winner": 480.3032352941177,
    "Min Winner": 8.38,
    "Min Loser": -95.2,
    "Avg Loser": -330.9024,
    "Max Loser": -356.69,
    "Expectancy": 136.5720338983051,
    "Win Rate": 0.576271186440678
  },
  "general": {
    "Long Ratio": "0.49",
    "Total trades": 0,
    "Sharpe ratio": 0.0,
    "Profit factor": 0.0,
    "Max drawdown": 0.0
  },
  "rejected_signals_count": 288
}