{
  "pnls": {
    "PnL (total)": -4758.0,
    "PnL% (total)": -4.758,
    "Max Winner": 560.44,
    "Avg Winner": 438.9904166666667,
    "Min Winner": 21.82,
    "Min Loser": 0.0,
    "Avg Loser": -203.91693333333333,
    "Max Loser": -255.7,
    "Expectancy": -48.06060606060605,
    "Win Rate": 0.24242424242424243
  },
  "general": {
    "Long Ratio": "0.51",
    "Total trades": 0,
    "Sharpe ratio": 0.0,
    "Profit factor": 0.0,
    "Max drawdown": 0.0
  },
  "rejected_signals_count": 1109
}