{
  "pnls": {
    "PnL (total)": -1146.9,
    "PnL% (total)": -1.146899999999994,
    "Max Winner": 544.51,
    "Avg Winner": 486.21157894736854,
    "Min Winner": 96.44,
    "Min Loser": 0.0,
    "Avg Loser": -207.6984,
    "Max Loser": -255.7,
    "Expectancy": -16.621739130434747,
    "Win Rate": 0.2753623188405797
  },
  "general": {
    "Long Ratio": "0.49"
  },
  "rejected_signals_count": 884
}