{
  "pnls": {
    "PnL (total)": -6713.11,
    "PnL% (total)": -6.71311,
    "Max Winner": 494.89,
    "Avg Winner": 494.557424242424,
    "Min Winner": 494.25,
    "Min Loser": -345.65,
    "Avg Loser": -356.4093564356434,
    "Max Loser": -356.73,
    "Expectancy": -20.09913173652694,
    "Win Rate": 0.39520958083832336
  },
  "general": {
    "Long Ratio": 0.5,
    "Total trades": 334,
    "Sharpe ratio": -0.033,
    "Profit factor": 0.0,
    "Max drawdown": 0.0
  },
  "rejected_signals_count": 342576
}