{
  "pnls": {
    "PnL (total)": -333.62,
    "PnL% (total)": -0.3336199999999953,
    "Max Winner": 494.89,
    "Avg Winner": 494.5383211678832,
    "Min Winner": 494.25,
    "Min Loser": -356.09,
    "Avg Loser": -356.4679057591622,
    "Max Loser": -356.73,
    "Expectancy": -1.017134146341396,
    "Win Rate": 0.4176829268292683
  },
  "general": {
    "Long Ratio": 0.5,
    "Total trades": 328,
    "Sharpe ratio": 0.009,
    "Profit factor": 0.0,
    "Max drawdown": 0.0
  },
  "rejected_signals_count": 326812
}