{
  "pnls": {
    "PnL (total)": -8628.89,
    "PnL% (total)": -8.628889999999998,
    "Max Winner": 744.89,
    "Avg Winner": 744.5277777777779,
    "Min Winner": 744.29,
    "Min Loser": -6.64,
    "Avg Loser": -255.34933333333348,
    "Max Loser": -285.72,
    "Expectancy": -41.08995238095246,
    "Win Rate": 0.21428571428571427
  },
  "general": {
    "Long Ratio": 0.5,
    "Total trades": 210,
    "Sharpe ratio": -0.085,
    "Profit factor": 0.0,
    "Max drawdown": 0.0
  },
  "rejected_signals_count": 13500
}