{
  "pnls": {
    "PnL (total)": 8047.76,
    "PnL% (total)": 8.047759999999995,
    "Max Winner": 494.89,
    "Avg Winner": 480.3061764705883,
    "Min Winner": 8.38,
    "Min Loser": -101.19,
    "Avg Loser": -331.306,
    "Max Loser": -356.71,
    "Expectancy": 136.40271186440683,
    "Win Rate": 0.576271186440678
  },
  "general": {
    "Long Ratio": "0.49",
    "Total trades": 0,
    "Sharpe ratio": 0.0,
    "Profit factor": 0.0,
    "Max drawdown": 0.0
  },
  "rejected_signals_count": 265
}