{
  "pnls": {
    "PnL (total)": 9299.81,
    "PnL% (total)": 9.299809999999997,
    "Max Winner": 494.89,
    "Avg Winner": 470.2038888888889,
    "Min Winner": 8.38,
    "Min Loser": -101.19,
    "Avg Loser": -331.6317391304348,
    "Max Loser": -356.71,
    "Expectancy": 157.6238983050848,
    "Win Rate": 0.6101694915254238
  },
  "general": {
    "Long Ratio": "0.51",
    "Total trades": 0,
    "Sharpe ratio": 0.0,
    "Profit factor": 0.0,
    "Max drawdown": 0.0
  },
  "rejected_signals_count": 232
}