{
  "pnls": {
    "PnL (total)": 6706.37,
    "PnL% (total)": 6.706369999999994,
    "Max Winner": 494.89,
    "Avg Winner": 494.60483870967744,
    "Min Winner": 494.31,
    "Min Loser": -48.16,
    "Avg Loser": -319.4955555555556,
    "Max Loser": -356.71,
    "Expectancy": 115.6270689655172,
    "Win Rate": 0.5344827586206896
  },
  "general": {
    "Long Ratio": "0.52",
    "Total trades": 0,
    "Sharpe ratio": 0.0,
    "Profit factor": 0.0,
    "Max drawdown": 0.0
  },
  "rejected_signals_count": 276
}