{
  "pnls": {
    "PnL (total)": 10811.84,
    "PnL% (total)": 10.811839999999997,
    "Max Winner": 494.89,
    "Avg Winner": 484.0040540540541,
    "Min Winner": 102.46,
    "Min Loser": -5.62,
    "Avg Loser": -322.55954545454546,
    "Max Loser": -356.69,
    "Expectancy": 183.25152542372888,
    "Win Rate": 0.6271186440677966
  },
  "general": {
    "Long Ratio": "0.49",
    "Total trades": 0,
    "Sharpe ratio": 0.0,
    "Profit factor": 0.0,
    "Max drawdown": 0.0
  },
  "rejected_signals_count": 225
}