{
  "pnls": {
    "PnL (total)": 5761.0,
    "PnL% (total)": 5.761,
    "Max Winner": 494.89,
    "Avg Winner": 494.576,
    "Min Winner": 494.31,
    "Min Loser": -133.62,
    "Avg Loser": -349.08769230769235,
    "Max Loser": -396.69,
    "Expectancy": 102.87499999999994,
    "Win Rate": 0.5357142857142857
  },
  "general": {
    "Long Ratio": "0.48",
    "Total trades": 0,
    "Sharpe ratio": 0.0,
    "Profit factor": 0.0,
    "Max drawdown": 0.0
  },
  "rejected_signals_count": 223
}