{
  "pnls": {
    "PnL (total)": 9228.3,
    "PnL% (total)": 9.228300000000003,
    "Max Winner": 494.89,
    "Avg Winner": 474.34027777777777,
    "Min Winner": 8.38,
    "Min Loser": -44.54,
    "Avg Loser": -326.99791666666664,
    "Max Loser": -356.69,
    "Expectancy": 153.80499999999998,
    "Win Rate": 0.6
  },
  "general": {
    "Long Ratio": "0.50",
    "Total trades": 0,
    "Sharpe ratio": 0.0,
    "Profit factor": 0.0,
    "Max drawdown": 0.0
  },
  "rejected_signals_count": 302
}