{
  "pnls": {
    "PnL (total)": -7713.82,
    "PnL% (total)": -7.713820000000007,
    "Max Winner": 744.91,
    "Avg Winner": 744.4511428571428,
    "Min Winner": 738.31,
    "Min Loser": -308.32,
    "Avg Loser": -356.1035714285713,
    "Max Loser": -375.65,
    "Expectancy": -32.411008403361215,
    "Win Rate": 0.29411764705882354
  },
  "general": {
    "Long Ratio": 0.5,
    "Total trades": 238,
    "Sharpe ratio": -0.054,
    "Profit factor": 0.0,
    "Max drawdown": 0.0
  },
  "rejected_signals_count": 147757
}