{
  "pnls": {
    "PnL (total)": 9114.74,
    "PnL% (total)": 9.114740000000007,
    "Max Winner": 494.89,
    "Avg Winner": 494.59542857142856,
    "Min Winner": 494.31,
    "Min Loser": -5.62,
    "Avg Loser": -315.2346153846154,
    "Max Loser": -356.69,
    "Expectancy": 149.4219672131147,
    "Win Rate": 0.5737704918032787
  },
  "general": {
    "Long Ratio": "0.49",
    "Total trades": 0,
    "Sharpe ratio": 0.0,
    "Profit factor": 0.0,
    "Max drawdown": 0.0
  },
  "rejected_signals_count": 226
}