{
  "pnls": {
    "PnL (total)": -2.43,
    "PnL% (total)": -0.002429999999993015,
    "Max Winner": 0.3,
    "Avg Winner": 0.10586206896551725,
    "Min Winner": 0.01,
    "Min Loser": 0.0,
    "Avg Loser": -0.0434718826405868,
    "Max Loser": -0.06,
    "Expectancy": -0.004386281588447661,
    "Win Rate": 0.26173285198555957
  },
  "general": {
    "Long Ratio": "0.45"
  },
  "rejected_signals_count": 6428
}