{
  "pnls": {
    "PnL (total)": 0.24,
    "PnL% (total)": 0.00024000000000523868,
    "Max Winner": 0.3,
    "Avg Winner": 0.3,
    "Min Winner": 0.3,
    "Min Loser": 0.0,
    "Avg Loser": -0.029589041095890407,
    "Max Loser": -0.03,
    "Expectancy": 0.002962962962962966,
    "Win Rate": 0.09876543209876543
  },
  "general": {
    "Long Ratio": "0.49"
  },
  "rejected_signals_count": 118
}