{
  "pnls": {
    "PnL (total)": 5952.49,
    "PnL% (total)": 5.952490000000005,
    "Max Winner": 494.89,
    "Avg Winner": 494.6023333333333,
    "Min Winner": 494.31,
    "Min Loser": -48.16,
    "Avg Loser": -329.09555555555556,
    "Max Loser": -356.69,
    "Expectancy": 104.42964912280695,
    "Win Rate": 0.5263157894736842
  },
  "general": {
    "Long Ratio": "0.49",
    "Total trades": 0,
    "Sharpe ratio": 0.0,
    "Profit factor": 0.0,
    "Max drawdown": 0.0
  },
  "rejected_signals_count": 349
}