{
  "pnls": {
    "PnL (total)": -313.98,
    "PnL% (total)": -0.31397999999999593,
    "Max Winner": 694.88,
    "Avg Winner": 694.480769230769,
    "Min Winner": 694.29,
    "Min Loser": -81.7,
    "Avg Loser": -106.16170454545453,
    "Max Loser": -109.64,
    "Expectancy": -3.1087128712871257,
    "Win Rate": 0.12871287128712872
  },
  "general": {
    "Long Ratio": 0.5
  },
  "rejected_signals_count": 778
}