{
  "pnls": {
    "PnL (total)": -3340.0,
    "PnL% (total)": -3.34,
    "Max Winner": 607.49,
    "Avg Winner": 437.08024390243907,
    "Min Winner": 16.67,
    "Min Loser": -9.2,
    "Avg Loser": -210.49792079207924,
    "Max Loser": -255.71,
    "Expectancy": -23.521126760563376,
    "Win Rate": 0.2887323943661972
  },
  "general": {
    "Long Ratio": "0.51"
  },
  "rejected_signals_count": 904
}