{
  "pnls": {
    "PnL (total)": 9174.29,
    "PnL% (total)": 9.174289999999994,
    "Max Winner": 494.89,
    "Avg Winner": 469.30055555555555,
    "Min Winner": 8.38,
    "Min Loser": -93.52,
    "Avg Loser": -321.68875,
    "Max Loser": -356.69,
    "Expectancy": 152.9048333333333,
    "Win Rate": 0.6
  },
  "general": {
    "Long Ratio": "0.52",
    "Total trades": 0,
    "Sharpe ratio": 0.0,
    "Profit factor": 0.0,
    "Max drawdown": 0.0
  },
  "rejected_signals_count": 253
}