{
  "pnls": {
    "PnL (total)": 4089.59,
    "PnL% (total)": 4.089589999999997,
    "Max Winner": 594.89,
    "Avg Winner": 548.375,
    "Min Winner": 8.38,
    "Min Loser": -96.16,
    "Avg Loser": -251.98361111111112,
    "Max Loser": -256.71,
    "Expectancy": 68.15983333333335,
    "Win Rate": 0.4
  },
  "general": {
    "Long Ratio": "0.50",
    "Total trades": 0,
    "Sharpe ratio": 0.0,
    "Profit factor": 0.0,
    "Max drawdown": 0.0
  },
  "rejected_signals_count": 241
}