{
  "pnls": {
    "PnL (total)": 8692.73,
    "PnL% (total)": 8.692729999999996,
    "Max Winner": 494.89,
    "Avg Winner": 468.6333333333333,
    "Min Winner": 8.38,
    "Min Loser": -55.16,
    "Avg Loser": -327.12280000000004,
    "Max Loser": -356.69,
    "Expectancy": 142.50377049180327,
    "Win Rate": 0.5901639344262295
  },
  "general": {
    "Long Ratio": "0.51",
    "Total trades": 0,
    "Sharpe ratio": 0.0,
    "Profit factor": 0.0,
    "Max drawdown": 0.0
  },
  "rejected_signals_count": 188
}