{
  "pnls": {
    "PnL (total)": 10811.82,
    "PnL% (total)": 10.811820000000006,
    "Max Winner": 494.89,
    "Avg Winner": 484.0037837837839,
    "Min Winner": 102.46,
    "Min Loser": -5.62,
    "Avg Loser": -322.56,
    "Max Loser": -356.69,
    "Expectancy": 183.25118644067803,
    "Win Rate": 0.6271186440677966
  },
  "general": {
    "Long Ratio": "0.49",
    "Total trades": 0,
    "Sharpe ratio": 0.0,
    "Profit factor": 0.0,
    "Max drawdown": 0.0
  },
  "rejected_signals_count": 249
}