{
  "pnls": {
    "PnL (total)": 8904.78,
    "PnL% (total)": 8.904779999999999,
    "Max Winner": 494.89,
    "Avg Winner": 480.7214285714286,
    "Min Winner": 8.38,
    "Min Loser": -95.2,
    "Avg Loser": -330.0195833333333,
    "Max Loser": -356.71,
    "Expectancy": 150.92847457627119,
    "Win Rate": 0.5932203389830508
  },
  "general": {
    "Long Ratio": "0.49",
    "Total trades": 0,
    "Sharpe ratio": 0.0,
    "Profit factor": 0.0,
    "Max drawdown": 0.0
  },
  "rejected_signals_count": 249
}