{
  "pnls": {
    "PnL (total)": 9932.28,
    "PnL% (total)": 9.932279999999999,
    "Max Winner": 494.89,
    "Avg Winner": 481.08972222222224,
    "Min Winner": 8.38,
    "Min Loser": -30.54,
    "Avg Loser": -307.7895833333333,
    "Max Loser": -356.69,
    "Expectancy": 165.538,
    "Win Rate": 0.6
  },
  "general": {
    "Long Ratio": "0.50",
    "Total trades": 0,
    "Sharpe ratio": 0.0,
    "Profit factor": 0.0,
    "Max drawdown": 0.0
  },
  "rejected_signals_count": 273
}