{
  "pnls": {
    "PnL (total)": -521.72,
    "PnL% (total)": -0.5217200000000011,
    "Max Winner": 508.45,
    "Avg Winner": 494.83780821917844,
    "Min Winner": 477.67,
    "Min Loser": -221.16,
    "Avg Loser": -256.2579020979021,
    "Max Loser": -279.12,
    "Expectancy": -2.4153703703702325,
    "Win Rate": 0.33796296296296297
  },
  "general": {
    "Long Ratio": 0.5,
    "Total trades": 216,
    "Sharpe ratio": 0.002,
    "Profit factor": 0.0,
    "Max drawdown": 0.0
  },
  "rejected_signals_count": 7901
}