{
  "pnls": {
    "PnL (total)": 3654.53,
    "PnL% (total)": 3.654529999999999,
    "Max Winner": 494.91,
    "Avg Winner": 494.50232876712334,
    "Min Winner": 494.29,
    "Min Loser": -356.11,
    "Avg Loser": -356.5290109890107,
    "Max Loser": -356.75,
    "Expectancy": 22.28371951219528,
    "Win Rate": 0.4451219512195122
  },
  "general": {
    "Long Ratio": 0.5,
    "Total trades": 164,
    "Sharpe ratio": 0.067,
    "Profit factor": 0.0,
    "Max drawdown": 0.0
  },
  "rejected_signals_count": 7518
}