{
  "pnls": {
    "PnL (total)": 632.01,
    "PnL% (total)": 0.6320099999999947,
    "Max Winner": 494.35,
    "Avg Winner": 494.33000000000004,
    "Min Winner": 494.31,
    "Min Loser": -356.65,
    "Avg Loser": -356.65,
    "Max Loser": -356.65,
    "Expectancy": 210.67000000000002,
    "Win Rate": 0.6666666666666666
  },
  "general": {
    "Long Ratio": 0.33,
    "Total trades": 3,
    "Sharpe ratio": 0.437,
    "Profit factor": 0.0,
    "Max drawdown": 0.0
  },
  "rejected_signals_count": 196
}