{
  "pnls": {
    "PnL (total)": -10827.58,
    "PnL% (total)": -10.827580000000001,
    "Max Winner": 579.43,
    "Avg Winner": 495.1698496240606,
    "Min Winner": 494.25,
    "Min Loser": -256.09,
    "Avg Loser": -256.4721404682273,
    "Max Loser": -256.73,
    "Expectancy": -25.063842592592373,
    "Win Rate": 0.30787037037037035
  },
  "general": {
    "Long Ratio": 0.5,
    "Total trades": 432,
    "Sharpe ratio": -0.059,
    "Profit factor": 0.0,
    "Max drawdown": 0.0
  },
  "rejected_signals_count": 303598
}