{
  "pnls": {
    "PnL (total)": 2144.17,
    "PnL% (total)": 2.1441699999999986,
    "Max Winner": 744.88,
    "Avg Winner": 744.5045652173915,
    "Min Winner": 744.29,
    "Min Loser": -6.64,
    "Avg Loser": -254.7860317460316,
    "Max Loser": -285.69,
    "Expectancy": 12.466104651162928,
    "Win Rate": 0.26744186046511625
  },
  "general": {
    "Long Ratio": 0.5,
    "Total trades": 172,
    "Sharpe ratio": 0.043,
    "Profit factor": 0.0,
    "Max drawdown": 0.0
  },
  "rejected_signals_count": 8586
}