{
  "pnls": {
    "PnL (total)": -7387.95,
    "PnL% (total)": -7.387949999999997,
    "Max Winner": 498.33,
    "Avg Winner": 494.53451612903234,
    "Min Winner": 494.27,
    "Min Loser": -255.71,
    "Avg Loser": -256.6329807692306,
    "Max Loser": -285.69,
    "Expectancy": -24.544684385381892,
    "Win Rate": 0.3089700996677741
  },
  "general": {
    "Long Ratio": 0.5,
    "Total trades": 301,
    "Sharpe ratio": -0.063,
    "Profit factor": 0.0,
    "Max drawdown": 0.0
  },
  "rejected_signals_count": 15468
}