{
  "pnls": {
    "PnL (total)": 7286.43,
    "PnL% (total)": 7.286429999999992,
    "Max Winner": 494.89,
    "Avg Winner": 494.6028125,
    "Min Winner": 494.31,
    "Min Loser": -48.16,
    "Avg Loser": -328.4946153846153,
    "Max Loser": -356.69,
    "Expectancy": 125.62810344827591,
    "Win Rate": 0.5517241379310345
  },
  "general": {
    "Long Ratio": "0.50",
    "Total trades": 0,
    "Sharpe ratio": 0.0,
    "Profit factor": 0.0,
    "Max drawdown": 0.0
  },
  "rejected_signals_count": 294
}