{
  "pnls": {
    "PnL (total)": 9942.83,
    "PnL% (total)": 9.94283,
    "Max Winner": 494.89,
    "Avg Winner": 470.00135135135145,
    "Min Winner": 8.38,
    "Min Loser": -101.19,
    "Avg Loser": -338.51,
    "Max Loser": -356.69,
    "Expectancy": 168.52254237288142,
    "Win Rate": 0.6271186440677966
  },
  "general": {
    "Long Ratio": "0.49",
    "Total trades": 0,
    "Sharpe ratio": 0.0,
    "Profit factor": 0.0,
    "Max drawdown": 0.0
  },
  "rejected_signals_count": 226
}