{
  "pnls": {
    "PnL (total)": 4105.3,
    "PnL% (total)": 4.105300000000002,
    "Max Winner": 494.89,
    "Avg Winner": 494.55785714285713,
    "Min Winner": 494.31,
    "Min Loser": -133.62,
    "Avg Loser": -335.94206896551736,
    "Max Loser": -366.7,
    "Expectancy": 72.02280701754376,
    "Win Rate": 0.49122807017543857
  },
  "general": {
    "Long Ratio": "0.51",
    "Total trades": 0,
    "Sharpe ratio": 0.0,
    "Profit factor": 0.0,
    "Max drawdown": 0.0
  },
  "rejected_signals_count": 223
}