{
  "pnls": {
    "PnL (total)": 7077.11,
    "PnL% (total)": 7.07711,
    "Max Winner": 494.89,
    "Avg Winner": 494.57124999999996,
    "Min Winner": 494.31,
    "Min Loser": -138.54,
    "Avg Loser": -364.54875,
    "Max Loser": -396.69,
    "Expectancy": 126.37696428571425,
    "Win Rate": 0.5714285714285714
  },
  "general": {
    "Long Ratio": "0.48",
    "Total trades": 0,
    "Sharpe ratio": 0.0,
    "Profit factor": 0.0,
    "Max drawdown": 0.0
  },
  "rejected_signals_count": 229
}