{
  "pnls": {
    "PnL (total)": -3563.98,
    "PnL% (total)": -3.563979999999996,
    "Max Winner": 606.86,
    "Avg Winner": 378.23333333333335,
    "Min Winner": 4.64,
    "Min Loser": 0.0,
    "Avg Loser": -179.4973553719008,
    "Max Loser": -255.72,
    "Expectancy": -21.08863905325441,
    "Win Rate": 0.28402366863905326
  },
  "general": {
    "Long Ratio": "0.46",
    "Total trades": 0,
    "Sharpe ratio": 0.0,
    "Profit factor": 0.0,
    "Max drawdown": 0.0
  },
  "rejected_signals_count": 1660
}