{
  "pnls": {
    "PnL (total)": -2251.6,
    "PnL% (total)": -2.2516000000000056,
    "Max Winner": 594.47,
    "Avg Winner": 594.4200000000001,
    "Min Winner": 594.37,
    "Min Loser": -56.1,
    "Avg Loser": -56.4006557377049,
    "Max Loser": -56.7,
    "Expectancy": -35.73968253968252,
    "Win Rate": 0.031746031746031744
  },
  "general": {
    "Long Ratio": "0.49",
    "Total trades": 0,
    "Sharpe ratio": 0.0,
    "Profit factor": 0.0,
    "Max drawdown": 0.0
  },
  "rejected_signals_count": 238
}