{
  "pnls": {
    "PnL (total)": -1.36,
    "PnL% (total)": -0.001360000000000582,
    "Max Winner": 0.3,
    "Avg Winner": 0.0912,
    "Min Winner": 0.01,
    "Min Loser": 0.0,
    "Avg Loser": -0.03943661971830986,
    "Max Loser": -0.06,
    "Expectancy": -0.0019512195121951272,
    "Win Rate": 0.28694404591104733
  },
  "general": {
    "Long Ratio": "0.43"
  },
  "rejected_signals_count": 10555
}