{
  "pnls": {
    "PnL (total)": 3695.72,
    "PnL% (total)": 3.695720000000001,
    "Max Winner": 294.89,
    "Avg Winner": 277.59866666666665,
    "Min Winner": 8.38,
    "Min Loser": -96.16,
    "Avg Loser": -154.408,
    "Max Loser": -156.7,
    "Expectancy": 61.59533333333333,
    "Win Rate": 0.5
  },
  "general": {
    "Long Ratio": "0.50",
    "Total trades": 0,
    "Sharpe ratio": 0.0,
    "Profit factor": 0.0,
    "Max drawdown": 0.0
  },
  "rejected_signals_count": 241
}