{
  "pnls": {
    "PnL (total)": -0.1,
    "PnL% (total)": -0.00010000000000582076,
    "Max Winner": 0.1,
    "Avg Winner": 0.10000000000000002,
    "Min Winner": 0.1,
    "Min Loser": -0.05,
    "Avg Loser": -0.05000000000000002,
    "Max Loser": -0.05,
    "Expectancy": -0.0022727272727272804,
    "Win Rate": 0.3181818181818182
  },
  "general": {
    "Long Ratio": "0.50"
  },
  "rejected_signals_count": 99
}