{
  "pnls": {
    "PnL (total)": 1420.13,
    "PnL% (total)": 1.4201300000000048,
    "Max Winner": 494.89,
    "Avg Winner": 494.65608695652185,
    "Min Winner": 494.35,
    "Min Loser": -211.71,
    "Avg Loser": -255.3066666666667,
    "Max Loser": -256.71,
    "Expectancy": 22.90532258064519,
    "Win Rate": 0.3709677419354839
  },
  "general": {
    "Long Ratio": "0.50",
    "Total trades": 0,
    "Sharpe ratio": 0.0,
    "Profit factor": 0.0,
    "Max drawdown": 0.0
  },
  "rejected_signals_count": 202
}