{
  "pnls": {
    "PnL (total)": -13504.09,
    "PnL% (total)": -13.504089999999996,
    "Max Winner": 528.59,
    "Avg Winner": 490.074,
    "Min Winner": 33.43,
    "Min Loser": -200.54,
    "Avg Loser": -206.39560137457028,
    "Max Loser": -206.72,
    "Expectancy": -34.98468911917085,
    "Win Rate": 0.24611398963730569
  },
  "general": {
    "Long Ratio": 0.5,
    "Total trades": 386,
    "Sharpe ratio": -0.102,
    "Profit factor": 0.0,
    "Max drawdown": 0.0
  },
  "rejected_signals_count": 174493
}