{
  "pnls": {
    "PnL (total)": -1328.49,
    "PnL% (total)": -1.3284900000000053,
    "Max Winner": 793.6,
    "Avg Winner": 741.6353947368417,
    "Min Winner": 448.35,
    "Min Loser": -242.54,
    "Avg Loser": -256.41235555555545,
    "Max Loser": -280.34,
    "Expectancy": -4.413588039867132,
    "Win Rate": 0.25249169435215946
  },
  "general": {
    "Long Ratio": 0.5,
    "Total trades": 301,
    "Sharpe ratio": -0.001,
    "Profit factor": 0.0,
    "Max drawdown": 0.0
  },
  "rejected_signals_count": 157711
}