{
  "pnls": {
    "PnL (total)": 8733.25,
    "PnL% (total)": 8.73325,
    "Max Winner": 494.89,
    "Avg Winner": 462.79999999999995,
    "Min Winner": 8.38,
    "Min Loser": -95.2,
    "Avg Loser": -330.3145833333333,
    "Max Loser": -356.69,
    "Expectancy": 145.55416666666662,
    "Win Rate": 0.6
  },
  "general": {
    "Long Ratio": "0.52",
    "Total trades": 0,
    "Sharpe ratio": 0.0,
    "Profit factor": 0.0,
    "Max drawdown": 0.0
  },
  "rejected_signals_count": 241
}