{
  "pnls": {
    "PnL (total)": 980.08,
    "PnL% (total)": 0.9800800000000017,
    "Max Winner": 670.38,
    "Avg Winner": 450.4997674418604,
    "Min Winner": 16.62,
    "Min Loser": 0.0,
    "Avg Loser": -208.99329545454546,
    "Max Loser": -255.7,
    "Expectancy": 7.481526717557216,
    "Win Rate": 0.3282442748091603
  },
  "general": {
    "Long Ratio": "0.46",
    "Total trades": 0,
    "Sharpe ratio": 0.0,
    "Profit factor": 0.0,
    "Max drawdown": 0.0
  },
  "rejected_signals_count": 2684
}