{
  "pnls": {
    "PnL (total)": -8092.34,
    "PnL% (total)": -8.092339999999997,
    "Max Winner": 579.43,
    "Avg Winner": 495.165507246377,
    "Min Winner": 494.25,
    "Min Loser": -256.1,
    "Avg Loser": -256.46033557046985,
    "Max Loser": -256.73,
    "Expectancy": -18.560412844036687,
    "Win Rate": 0.3165137614678899
  },
  "general": {
    "Long Ratio": 0.5,
    "Total trades": 436,
    "Sharpe ratio": -0.039,
    "Profit factor": 0.0,
    "Max drawdown": 0.0
  },
  "rejected_signals_count": 381450
}