{
  "pnls": {
    "PnL (total)": 9180.27,
    "PnL% (total)": 9.180270000000004,
    "Max Winner": 494.89,
    "Avg Winner": 474.33916666666676,
    "Min Winner": 8.38,
    "Min Loser": -92.54,
    "Avg Loser": -328.9975,
    "Max Loser": -356.69,
    "Expectancy": 153.00450000000004,
    "Win Rate": 0.6
  },
  "general": {
    "Long Ratio": "0.50",
    "Total trades": 0,
    "Sharpe ratio": 0.0,
    "Profit factor": 0.0,
    "Max drawdown": 0.0
  },
  "rejected_signals_count": 277
}