{
  "pnls": {
    "PnL (total)": -6728.32,
    "PnL% (total)": -6.728320000000007,
    "Max Winner": 762.73,
    "Avg Winner": 745.0503174603173,
    "Min Winner": 740.48,
    "Min Loser": -239.54,
    "Avg Loser": -256.77746411483264,
    "Max Loser": -314.53,
    "Expectancy": -24.73647058823538,
    "Win Rate": 0.23161764705882354
  },
  "general": {
    "Long Ratio": 0.5,
    "Total trades": 272,
    "Sharpe ratio": -0.045,
    "Profit factor": 0.0,
    "Max drawdown": 0.0
  },
  "rejected_signals_count": 24546
}