{
  "pnls": {
    "PnL (total)": 2817.26,
    "PnL% (total)": 2.8172599999999948,
    "Max Winner": 494.89,
    "Avg Winner": 494.6337037037038,
    "Min Winner": 494.35,
    "Min Loser": -97.48,
    "Avg Loser": -250.9011904761905,
    "Max Loser": -256.71,
    "Expectancy": 40.8298550724638,
    "Win Rate": 0.391304347826087
  },
  "general": {
    "Long Ratio": "0.49",
    "Total trades": 0,
    "Sharpe ratio": 0.0,
    "Profit factor": 0.0,
    "Max drawdown": 0.0
  },
  "rejected_signals_count": 311
}