{
  "pnls": {
    "PnL (total)": -1977.35,
    "PnL% (total)": -1.977350000000006,
    "Max Winner": 606.86,
    "Avg Winner": 368.0703921568627,
    "Min Winner": 4.64,
    "Min Loser": 0.0,
    "Avg Loser": -171.4788429752066,
    "Max Loser": -255.72,
    "Expectancy": -11.496220930232539,
    "Win Rate": 0.29651162790697677
  },
  "general": {
    "Long Ratio": "0.47"
  },
  "rejected_signals_count": 1434
}