{
  "pnls": {
    "PnL (total)": 738.96,
    "PnL% (total)": 0.7389600000000064,
    "Max Winner": 498.37,
    "Avg Winner": 205.24749999999997,
    "Min Winner": 47.36,
    "Min Loser": -9.66,
    "Avg Loser": -78.36409090909093,
    "Max Loser": -206.7,
    "Expectancy": 21.73411764705881,
    "Win Rate": 0.35294117647058826
  },
  "general": {
    "Long Ratio": "0.12"
  },
  "rejected_signals_count": 629
}