{
  "pnls": {
    "PnL (total)": 5419.36,
    "PnL% (total)": 5.419360000000001,
    "Max Winner": 494.89,
    "Avg Winner": 494.6213333333334,
    "Min Winner": 494.31,
    "Min Loser": -127.19,
    "Avg Loser": -336.40285714285716,
    "Max Loser": -356.71,
    "Expectancy": 93.4372413793104,
    "Win Rate": 0.5172413793103449
  },
  "general": {
    "Long Ratio": "0.50",
    "Total trades": 0,
    "Sharpe ratio": 0.0,
    "Profit factor": 0.0,
    "Max drawdown": 0.0
  },
  "rejected_signals_count": 323
}