{
  "pnls": {
    "PnL (total)": 8582.05,
    "PnL% (total)": 8.582050000000004,
    "Max Winner": 494.89,
    "Avg Winner": 494.6106060606061,
    "Min Winner": 494.31,
    "Min Loser": -26.16,
    "Avg Loser": -336.5260869565217,
    "Max Loser": -396.69,
    "Expectancy": 153.2508928571429,
    "Win Rate": 0.5892857142857143
  },
  "general": {
    "Long Ratio": "0.48",
    "Total trades": 0,
    "Sharpe ratio": 0.0,
    "Profit factor": 0.0,
    "Max drawdown": 0.0
  },
  "rejected_signals_count": 298
}