{
  "pnls": {
    "PnL (total)": 1548.89,
    "PnL% (total)": 1.5488899999999994,
    "Max Winner": 763.27,
    "Avg Winner": 236.20000000000002,
    "Min Winner": 11.32,
    "Min Loser": -15.7,
    "Avg Loser": -130.11895833333335,
    "Max Loser": -206.74,
    "Expectancy": 19.122098765432085,
    "Win Rate": 0.4074074074074074
  },
  "general": {
    "Long Ratio": "0.38"
  },
  "rejected_signals_count": 4377
}