{
  "pnls": {
    "PnL (total)": 8353.05,
    "PnL% (total)": 8.353050000000003,
    "Max Winner": 494.89,
    "Avg Winner": 468.63388888888886,
    "Min Winner": 8.38,
    "Min Loser": -101.19,
    "Avg Loser": -327.6065384615385,
    "Max Loser": -356.69,
    "Expectancy": 134.72661290322583,
    "Win Rate": 0.5806451612903226
  },
  "general": {
    "Long Ratio": "0.50",
    "Total trades": 0,
    "Sharpe ratio": 0.0,
    "Profit factor": 0.0,
    "Max drawdown": 0.0
  },
  "rejected_signals_count": 188
}