{
  "pnls": {
    "PnL (total)": -6678.0,
    "PnL% (total)": -6.678000000000001,
    "Max Winner": 514.81,
    "Avg Winner": 495.16733333333354,
    "Min Winner": 471.59,
    "Min Loser": -305.55,
    "Avg Loser": -356.2239837398375,
    "Max Loser": -394.69,
    "Expectancy": -33.72727272727269,
    "Win Rate": 0.3787878787878788
  },
  "general": {
    "Long Ratio": 0.5,
    "Total trades": 198,
    "Sharpe ratio": -0.07,
    "Profit factor": 0.0,
    "Max drawdown": 0.0
  },
  "rejected_signals_count": 13317
}