{
  "pnls": {
    "PnL (total)": 10030.32,
    "PnL% (total)": 10.030320000000007,
    "Max Winner": 494.89,
    "Avg Winner": 459.93552631578956,
    "Min Winner": 8.38,
    "Min Loser": -101.19,
    "Avg Loser": -338.51045454545454,
    "Max Loser": -356.69,
    "Expectancy": 167.17200000000003,
    "Win Rate": 0.6333333333333333
  },
  "general": {
    "Long Ratio": "0.50",
    "Total trades": 0,
    "Sharpe ratio": 0.0,
    "Profit factor": 0.0,
    "Max drawdown": 0.0
  },
  "rejected_signals_count": 253
}