{
  "pnls": {
    "PnL (total)": 3231.11,
    "PnL% (total)": 3.231110000000001,
    "Max Winner": 799.64,
    "Avg Winner": 521.4116666666666,
    "Min Winner": 495.35,
    "Min Loser": 0.0,
    "Avg Loser": -205.14333333333337,
    "Max Loser": -255.68,
    "Expectancy": 67.31479166666662,
    "Win Rate": 0.375
  },
  "general": {
    "Long Ratio": "0.56"
  },
  "rejected_signals_count": 872
}