{
  "pnls": {
    "PnL (total)": -11217.81,
    "PnL% (total)": -11.217809999999998,
    "Max Winner": 764.67,
    "Avg Winner": 738.26953125,
    "Min Winner": 305.35,
    "Min Loser": -342.53,
    "Avg Loser": -356.5064634146342,
    "Max Loser": -366.19,
    "Expectancy": -49.20092105263162,
    "Win Rate": 0.2807017543859649
  },
  "general": {
    "Long Ratio": 0.51,
    "Total trades": 228,
    "Sharpe ratio": -0.086,
    "Profit factor": 0.0,
    "Max drawdown": 0.0
  },
  "rejected_signals_count": 160887
}