{
  "pnls": {
    "PnL (total)": -399.74,
    "PnL% (total)": -0.3997400000000052,
    "Max Winner": 694.89,
    "Avg Winner": 694.1808333333333,
    "Min Winner": 686.33,
    "Min Loser": -132.66,
    "Avg Loser": -156.51449541284418,
    "Max Loser": -185.69,
    "Expectancy": -3.005563909774553,
    "Win Rate": 0.18045112781954886
  },
  "general": {
    "Long Ratio": 0.5
  },
  "rejected_signals_count": 1522
}