{
  "pnls": {
    "PnL (total)": 516.92,
    "PnL% (total)": 0.5169199999999983,
    "Max Winner": 494.89,
    "Avg Winner": 494.49225000000035,
    "Min Winner": 494.29,
    "Min Loser": -250.63,
    "Avg Loser": -256.85828947368447,
    "Max Loser": -285.72,
    "Expectancy": 2.2281034482758364,
    "Win Rate": 0.3448275862068966
  },
  "general": {
    "Long Ratio": 0.5,
    "Total trades": 232,
    "Sharpe ratio": 0.02,
    "Profit factor": 0.0,
    "Max drawdown": 0.0
  },
  "rejected_signals_count": 6688
}