{
  "pnls": {
    "PnL (total)": -1561.66,
    "PnL% (total)": -1.5616600000000034,
    "Max Winner": 547.52,
    "Avg Winner": 509.3623809523809,
    "Min Winner": 495.31,
    "Min Loser": 0.0,
    "Avg Loser": -211.3494827586207,
    "Max Loser": -255.69,
    "Expectancy": -19.767848101265855,
    "Win Rate": 0.26582278481012656
  },
  "general": {
    "Long Ratio": "0.51",
    "Total trades": 0,
    "Sharpe ratio": 0.0,
    "Profit factor": 0.0,
    "Max drawdown": 0.0
  },
  "rejected_signals_count": 919
}