{
  "pnls": {
    "PnL (total)": 0.91,
    "PnL% (total)": 0.0009100000000034924,
    "Max Winner": 0.3,
    "Avg Winner": 0.25399999999999995,
    "Min Winner": 0.02,
    "Min Loser": 0.0,
    "Avg Loser": -0.029366197183098578,
    "Max Loser": -0.03,
    "Expectancy": 0.005617283950617287,
    "Win Rate": 0.12345679012345678
  },
  "general": {
    "Long Ratio": "0.51"
  },
  "rejected_signals_count": 223
}