{
  "pnls": {
    "PnL (total)": -5292.71,
    "PnL% (total)": -5.292710000000007,
    "Max Winner": 560.44,
    "Avg Winner": 446.5437037037037,
    "Min Winner": 21.82,
    "Min Loser": 0.0,
    "Avg Loser": -209.02879518072294,
    "Max Loser": -255.7,
    "Expectancy": -48.11554545454547,
    "Win Rate": 0.24545454545454545
  },
  "general": {
    "Long Ratio": "0.49",
    "Total trades": 0,
    "Sharpe ratio": 0.0,
    "Profit factor": 0.0,
    "Max drawdown": 0.0
  },
  "rejected_signals_count": 927
}