{
  "pnls": {
    "PnL (total)": 8240.76,
    "PnL% (total)": 8.240759999999995,
    "Max Winner": 494.89,
    "Avg Winner": 468.5962857142858,
    "Min Winner": 8.38,
    "Min Loser": -101.19,
    "Avg Loser": -340.0045833333333,
    "Max Loser": -356.71,
    "Expectancy": 139.67389830508478,
    "Win Rate": 0.5932203389830508
  },
  "general": {
    "Long Ratio": "0.49",
    "Total trades": 0,
    "Sharpe ratio": 0.0,
    "Profit factor": 0.0,
    "Max drawdown": 0.0
  },
  "rejected_signals_count": 250
}