{
  "pnls": {
    "PnL (total)": 113.4,
    "PnL% (total)": 0.11339999999999417,
    "Max Winner": 294.89,
    "Avg Winner": 294.55588235294124,
    "Min Winner": 294.31,
    "Min Loser": -106.12,
    "Avg Loser": -106.39239130434781,
    "Max Loser": -106.7,
    "Expectancy": 1.8000000000000256,
    "Win Rate": 0.2698412698412698
  },
  "general": {
    "Long Ratio": "0.49",
    "Total trades": 0,
    "Sharpe ratio": 0.0,
    "Profit factor": 0.0,
    "Max drawdown": 0.0
  },
  "rejected_signals_count": 238
}