{
  "pnls": {
    "PnL (total)": 4101.68,
    "PnL% (total)": 4.101679999999993,
    "Max Winner": 294.89,
    "Avg Winner": 280.4427777777778,
    "Min Winner": 8.38,
    "Min Loser": -96.16,
    "Avg Loser": -249.76083333333335,
    "Max Loser": -256.71,
    "Expectancy": 68.36133333333333,
    "Win Rate": 0.6
  },
  "general": {
    "Long Ratio": "0.50",
    "Total trades": 0,
    "Sharpe ratio": 0.0,
    "Profit factor": 0.0,
    "Max drawdown": 0.0
  },
  "rejected_signals_count": 241
}