{
  "pnls": {
    "PnL (total)": 7988.4,
    "PnL% (total)": 7.988399999999994,
    "Max Winner": 494.89,
    "Avg Winner": 494.60727272727274,
    "Min Winner": 494.31,
    "Min Loser": -127.19,
    "Avg Loser": -333.3456,
    "Max Loser": -356.71,
    "Expectancy": 137.73103448275864,
    "Win Rate": 0.5689655172413793
  },
  "general": {
    "Long Ratio": "0.50",
    "Total trades": 0,
    "Sharpe ratio": 0.0,
    "Profit factor": 0.0,
    "Max drawdown": 0.0
  },
  "rejected_signals_count": 265
}