{
  "pnls": {
    "PnL (total)": 2413.14,
    "PnL% (total)": 2.4131399999999994,
    "Max Winner": 515.45,
    "Avg Winner": 494.7600000000002,
    "Min Winner": 479.37,
    "Min Loser": -13.64,
    "Avg Loser": -354.1636046511628,
    "Max Loser": -364.67,
    "Expectancy": 8.043800000000111,
    "Win Rate": 0.4266666666666667
  },
  "general": {
    "Long Ratio": 0.5,
    "Total trades": 300,
    "Sharpe ratio": 0.027,
    "Profit factor": 0.0,
    "Max drawdown": 0.0
  },
  "rejected_signals_count": 137631
}