{
  "pnls": {
    "PnL (total)": 10708.83,
    "PnL% (total)": 10.70883,
    "Max Winner": 494.89,
    "Avg Winner": 494.60222222222234,
    "Min Winner": 494.31,
    "Min Loser": -0.54,
    "Avg Loser": -308.55869565217387,
    "Max Loser": -356.69,
    "Expectancy": 181.5055932203391,
    "Win Rate": 0.6101694915254238
  },
  "general": {
    "Long Ratio": "0.49",
    "Total trades": 0,
    "Sharpe ratio": 0.0,
    "Profit factor": 0.0,
    "Max drawdown": 0.0
  },
  "rejected_signals_count": 184
}