{
  "pnls": {
    "PnL (total)": 7151.54,
    "PnL% (total)": 7.151539999999994,
    "Max Winner": 494.89,
    "Avg Winner": 480.99545454545455,
    "Min Winner": 45.38,
    "Min Loser": -6.52,
    "Avg Loser": -311.4753571428572,
    "Max Loser": -356.69,
    "Expectancy": 117.23836065573772,
    "Win Rate": 0.5409836065573771
  },
  "general": {
    "Long Ratio": "0.49",
    "Total trades": 0,
    "Sharpe ratio": 0.0,
    "Profit factor": 0.0,
    "Max drawdown": 0.0
  },
  "rejected_signals_count": 303
}