{
  "pnls": {
    "PnL (total)": -2346.23,
    "PnL% (total)": -2.346229999999996,
    "Max Winner": 606.86,
    "Avg Winner": 357.36106382978716,
    "Min Winner": 4.64,
    "Min Loser": -9.2,
    "Avg Loser": -178.8990654205608,
    "Max Loser": -255.71,
    "Expectancy": -15.235259740259792,
    "Win Rate": 0.3051948051948052
  },
  "general": {
    "Long Ratio": "0.40",
    "Total trades": 0,
    "Sharpe ratio": 0.0,
    "Profit factor": 0.0,
    "Max drawdown": 0.0
  },
  "rejected_signals_count": 1670
}