{
  "pnls": {
    "PnL (total)": 9239.78,
    "PnL% (total)": 9.23978,
    "Max Winner": 494.89,
    "Avg Winner": 482.48571428571427,
    "Min Winner": 70.46,
    "Min Loser": -5.62,
    "Avg Loser": -318.63416666666666,
    "Max Loser": -356.71,
    "Expectancy": 156.6064406779661,
    "Win Rate": 0.5932203389830508
  },
  "general": {
    "Long Ratio": "0.49",
    "Total trades": 0,
    "Sharpe ratio": 0.0,
    "Profit factor": 0.0,
    "Max drawdown": 0.0
  },
  "rejected_signals_count": 293
}