{
  "pnls": {
    "PnL (total)": 9120.28,
    "PnL% (total)": 9.12028,
    "Max Winner": 494.89,
    "Avg Winner": 480.6954285714286,
    "Min Winner": 8.38,
    "Min Loser": -30.54,
    "Avg Loser": -308.1624,
    "Max Loser": -356.69,
    "Expectancy": 152.00466666666668,
    "Win Rate": 0.5833333333333334
  },
  "general": {
    "Long Ratio": "0.52",
    "Total trades": 0,
    "Sharpe ratio": 0.0,
    "Profit factor": 0.0,
    "Max drawdown": 0.0
  },
  "rejected_signals_count": 221
}