{
  "pnls": {
    "PnL (total)": 9355.85,
    "PnL% (total)": 9.355850000000006,
    "Max Winner": 494.89,
    "Avg Winner": 494.6088571428572,
    "Min Winner": 494.31,
    "Min Loser": -56.12,
    "Avg Loser": -318.2184,
    "Max Loser": -346.69,
    "Expectancy": 155.93083333333337,
    "Win Rate": 0.5833333333333334
  },
  "general": {
    "Long Ratio": "0.48",
    "Total trades": 0,
    "Sharpe ratio": 0.0,
    "Profit factor": 0.0,
    "Max drawdown": 0.0
  },
  "rejected_signals_count": 299
}