{
  "pnls": {
    "PnL (total)": -1341.58,
    "PnL% (total)": -1.3415800000000018,
    "Max Winner": 767.87,
    "Avg Winner": 745.5484000000002,
    "Min Winner": 739.83,
    "Min Loser": -187.1,
    "Avg Loser": -255.7549668874173,
    "Max Loser": -303.72,
    "Expectancy": -6.674527363184078,
    "Win Rate": 0.24875621890547264
  },
  "general": {
    "Long Ratio": 0.5,
    "Total trades": 201,
    "Sharpe ratio": -0.003,
    "Profit factor": 0.0,
    "Max drawdown": 0.0
  },
  "rejected_signals_count": 12372
}