{
  "pnls": {
    "PnL (total)": -10801.87,
    "PnL% (total)": -10.801869999999996,
    "Max Winner": 494.91,
    "Avg Winner": 494.52655172413813,
    "Min Winner": 494.29,
    "Min Loser": -350.63,
    "Avg Loser": -356.46145695364254,
    "Max Loser": -356.75,
    "Expectancy": -45.38600840336138,
    "Win Rate": 0.36554621848739494
  },
  "general": {
    "Long Ratio": 0.5,
    "Total trades": 238,
    "Sharpe ratio": -0.096,
    "Profit factor": 0.0,
    "Max drawdown": 0.0
  },
  "rejected_signals_count": 16641
}