{
  "pnls": {
    "PnL (total)": 5376.53,
    "PnL% (total)": 5.376529999999999,
    "Max Winner": 614.33,
    "Avg Winner": 595.6667741935483,
    "Min Winner": 592.34,
    "Min Loser": -105.68,
    "Avg Loser": -155.82309523809522,
    "Max Loser": -174.65,
    "Expectancy": 46.7524347826087,
    "Win Rate": 0.26956521739130435
  },
  "general": {
    "Long Ratio": 0.5
  },
  "rejected_signals_count": 871
}