{
  "pnls": {
    "PnL (total)": -1796.64,
    "PnL% (total)": -1.7966399999999993,
    "Max Winner": 594.89,
    "Avg Winner": 594.6014285714285,
    "Min Winner": 594.34,
    "Min Loser": -106.12,
    "Avg Loser": -106.4080357142857,
    "Max Loser": -106.7,
    "Expectancy": -28.518095238095228,
    "Win Rate": 0.1111111111111111
  },
  "general": {
    "Long Ratio": "0.49",
    "Total trades": 0,
    "Sharpe ratio": 0.0,
    "Profit factor": 0.0,
    "Max drawdown": 0.0
  },
  "rejected_signals_count": 238
}