{
  "pnls": {
    "PnL (total)": 222.05,
    "PnL% (total)": 0.22205000000000294,
    "Max Winner": 670.38,
    "Avg Winner": 419.91930232558144,
    "Min Winner": 8.64,
    "Min Loser": 0.0,
    "Avg Loser": -174.84784313725493,
    "Max Loser": -255.69,
    "Expectancy": 1.5313793103447892,
    "Win Rate": 0.296551724137931
  },
  "general": {
    "Long Ratio": "0.45",
    "Total trades": 0,
    "Sharpe ratio": 0.0,
    "Profit factor": 0.0,
    "Max drawdown": 0.0
  },
  "rejected_signals_count": 1686
}