{
  "pnls": {
    "PnL (total)": 10271.29,
    "PnL% (total)": 10.271289999999993,
    "Max Winner": 494.89,
    "Avg Winner": 459.92394736842107,
    "Min Winner": 8.38,
    "Min Loser": -101.19,
    "Avg Loser": -327.53727272727275,
    "Max Loser": -356.69,
    "Expectancy": 171.18816666666663,
    "Win Rate": 0.6333333333333333
  },
  "general": {
    "Long Ratio": "0.52",
    "Total trades": 0,
    "Sharpe ratio": 0.0,
    "Profit factor": 0.0,
    "Max drawdown": 0.0
  },
  "rejected_signals_count": 277
}