{
  "pnls": {
    "PnL (total)": -1518.23,
    "PnL% (total)": -1.518229999999996,
    "Max Winner": 681.63,
    "Avg Winner": 177.58962962962963,
    "Min Winner": 3.66,
    "Min Loser": -9.3,
    "Avg Loser": -119.11603773584905,
    "Max Loser": -206.39,
    "Expectancy": -18.97787499999999,
    "Win Rate": 0.3375
  },
  "general": {
    "Long Ratio": "0.51"
  },
  "rejected_signals_count": 3681
}