{
  "pnls": {
    "PnL (total)": 0.49,
    "PnL% (total)": 0.0004900000000052387,
    "Max Winner": 0.5,
    "Avg Winner": 0.142,
    "Min Winner": 0.01,
    "Min Loser": 0.0,
    "Avg Loser": -0.06833333333333334,
    "Max Loser": -0.25,
    "Expectancy": 0.012564102564102557,
    "Win Rate": 0.38461538461538464
  },
  "general": {
    "Long Ratio": "0.59"
  },
  "rejected_signals_count": 1641
}