{
  "pnls": {
    "PnL (total)": -1708.95,
    "PnL% (total)": -1.7089499999999969,
    "Max Winner": 768.33,
    "Avg Winner": 745.1529729729731,
    "Min Winner": 744.29,
    "Min Loser": -6.64,
    "Avg Loser": -254.605304347826,
    "Max Loser": -285.69,
    "Expectancy": -11.243092105263049,
    "Win Rate": 0.24342105263157895
  },
  "general": {
    "Long Ratio": 0.5,
    "Total trades": 152,
    "Sharpe ratio": -0.012,
    "Profit factor": 0.0,
    "Max drawdown": 0.0
  },
  "rejected_signals_count": 6166
}