{
  "pnls": {
    "PnL (total)": 4768.93,
    "PnL% (total)": 4.768929999999993,
    "Max Winner": 1189.64,
    "Avg Winner": 549.0147058823529,
    "Min Winner": 495.41,
    "Min Loser": -18.32,
    "Avg Loser": -190.17999999999998,
    "Max Loser": -255.55,
    "Expectancy": 116.31536585365852,
    "Win Rate": 0.4146341463414634
  },
  "general": {
    "Long Ratio": "0.54",
    "Total trades": 0,
    "Sharpe ratio": 0.0,
    "Profit factor": 0.0,
    "Max drawdown": 0.0
  },
  "rejected_signals_count": 554
}