{
  "pnls": {
    "PnL (total)": 9730.78,
    "PnL% (total)": 9.73078,
    "Max Winner": 494.89,
    "Avg Winner": 481.09833333333336,
    "Min Winner": 8.38,
    "Min Loser": -95.2,
    "Avg Loser": -329.9460869565218,
    "Max Loser": -356.69,
    "Expectancy": 164.92847457627119,
    "Win Rate": 0.6101694915254238
  },
  "general": {
    "Long Ratio": "0.49",
    "Total trades": 0,
    "Sharpe ratio": 0.0,
    "Profit factor": 0.0,
    "Max drawdown": 0.0
  },
  "rejected_signals_count": 259
}