{
  "pnls": {
    "PnL (total)": 7162.38,
    "PnL% (total)": 7.162380000000004,
    "Max Winner": 494.89,
    "Avg Winner": 494.6021875,
    "Min Winner": 494.31,
    "Min Loser": -122.54,
    "Avg Loser": -333.26500000000004,
    "Max Loser": -356.69,
    "Expectancy": 123.48931034482757,
    "Win Rate": 0.5517241379310345
  },
  "general": {
    "Long Ratio": "0.50",
    "Total trades": 0,
    "Sharpe ratio": 0.0,
    "Profit factor": 0.0,
    "Max drawdown": 0.0
  },
  "rejected_signals_count": 296
}