{
  "pnls": {
    "PnL (total)": -10460.57,
    "PnL% (total)": -10.460570000000006,
    "Max Winner": 499.45,
    "Avg Winner": 489.84218750000014,
    "Min Winner": 33.43,
    "Min Loser": -102.58,
    "Avg Loser": -156.21038043478254,
    "Max Loser": -156.72,
    "Expectancy": -22.544331896551647,
    "Win Rate": 0.20689655172413793
  },
  "general": {
    "Long Ratio": 0.5,
    "Total trades": 464,
    "Sharpe ratio": -0.065,
    "Profit factor": 0.0,
    "Max drawdown": 0.0
  },
  "rejected_signals_count": 165785
}