client_order_id,trader_id,strategy_id,instrument_id,venue_order_id,account_id,trade_id,position_id,order_side,order_type,last_qty,last_px,currency,commission,liquidity_side,event_id,ts_event,ts_init,info,reconciliation
O-20250102-110000-001-V2-1,BACKTESTER-001,MLSignalStrategyV2-V2,EUR/USD.IDEALPRO,IDEALPRO-1-001,IDEALPRO-001,IDEALPRO-1-1320,EUR/USD.IDEALPRO-MLSignalStrategyV2-V2,BUY,MARKET,100000.00,1.03168,USD,2.06 USD,TAKER,7798842c-7068-48e0-9d0a-477c4c2111a8,2025-01-02 11:00:00+00:00,2025-01-02 11:00:00+00:00,{},False
O-20250102-110000-001-V2-3,BACKTESTER-001,MLSignalStrategyV2-V2,EUR/USD.IDEALPRO,IDEALPRO-1-003,IDEALPRO-001,IDEALPRO-1-1333,EUR/USD.IDEALPRO-MLSignalStrategyV2-V2,SELL,LIMIT,100000.00,1.03271,USD,2.07 USD,MAKER,d075ee1a-f351-4ff4-b86c-831fdcfa073a,2025-01-02 11:06:00+00:00,2025-01-02 11:06:00+00:00,{},False
O-20250102-113000-001-V2-4,BACKTESTER-001,MLSignalStrategyV2-V2,EUR/USD.IDEALPRO,IDEALPRO-1-004,IDEALPRO-001,IDEALPRO-1-1382,EUR/USD.IDEALPRO-MLSignalStrategyV2-V2,BUY,MARKET,100000.00,1.03222,USD,2.06 USD,TAKER,89c20bde-e649-4e7d-b114-ae6c81ecf4de,2025-01-02 11:30:00+00:00,2025-01-02 11:30:00+00:00,{},False
O-20250102-113000-001-V2-6,BACKTESTER-001,MLSignalStrategyV2-V2,EUR/USD.IDEALPRO,IDEALPRO-1-006,IDEALPRO-001,IDEALPRO-1-1445,EUR/USD.IDEALPRO-MLSignalStrategyV2-V2,SELL,LIMIT,100000.00,1.03342,USD,2.07 USD,MAKER,36da1d79-30e6-4077-8b1e-031e500dcd56,2025-01-02 12:01:00+00:00,2025-01-02 12:01:00+00:00,{},False
O-20250102-130000-001-V2-7,BACKTESTER-001,MLSignalStrategyV2-V2,EUR/USD.IDEALPRO,IDEALPRO-1-007,IDEALPRO-001,IDEALPRO-1-1564,EUR/USD.IDEALPRO-MLSignalStrategyV2-V2,BUY,MARKET,100000.00,1.03183,USD,2.06 USD,TAKER,668aac47-784f-4b42-9dbf-f0e9961666c1,2025-01-02 13:00:00+00:00,2025-01-02 13:00:00+00:00,{},False
O-20250102-130000-001-V2-9,BACKTESTER-001,MLSignalStrategyV2-V2,EUR/USD.IDEALPRO,IDEALPRO-1-009,IDEALPRO-001,IDEALPRO-1-1637,EUR/USD.IDEALPRO-MLSignalStrategyV2-V2,SELL,LIMIT,100000.00,1.03297,USD,2.07 USD,MAKER,cf9e71d1-00b9-43df-a4bd-a76bea5a7c4a,2025-01-02 13:36:00+00:00,2025-01-02 13:36:00+00:00,{},False
O-20250102-141500-001-V2-10,BACKTESTER-001,MLSignalStrategyV2-V2,EUR/USD.IDEALPRO,IDEALPRO-1-010,IDEALPRO-001,IDEALPRO-1-1716,EUR/USD.IDEALPRO-MLSignalStrategyV2-V2,BUY,MARKET,100000.00,1.03109,USD,2.06 USD,TAKER,f121086f-d79b-4798-b6db-678364bea25c,2025-01-02 14:15:00+00:00,2025-01-02 14:15:00+00:00,{},False
O-20250102-141500-001-V2-12,BACKTESTER-001,MLSignalStrategyV2-V2,EUR/USD.IDEALPRO,IDEALPRO-1-012,IDEALPRO-001,IDEALPRO-1-1751,EUR/USD.IDEALPRO-MLSignalStrategyV2-V2,SELL,LIMIT,100000.00,1.03223,USD,2.06 USD,MAKER,71e841d1-2e9f-4e2c-a123-a9436fd9f4f3,2025-01-02 14:32:00+00:00,2025-01-02 14:32:00+00:00,{},False
O-20250102-153000-001-V2-13,BACKTESTER-001,MLSignalStrategyV2-V2,EUR/USD.IDEALPRO,IDEALPRO-1-013,IDEALPRO-001,IDEALPRO-1-1868,EUR/USD.IDEALPRO-MLSignalStrategyV2-V2,BUY,MARKET,100000.00,1.02857,USD,2.06 USD,TAKER,f3ebdbc6-7a47-47a6-8ec7-4f2191f37f4a,2025-01-02 15:30:00+00:00,2025-01-02 15:30:00+00:00,{},False
O-20250102-153000-001-V2-14,BACKTESTER-001,MLSignalStrategyV2-V2,EUR/USD.IDEALPRO,IDEALPRO-1-014,IDEALPRO-001,IDEALPRO-1-1935,EUR/USD.IDEALPRO-MLSignalStrategyV2-V2,SELL,STOP_MARKET,100000.00,1.02607,USD,2.05 USD,TAKER,901d5317-e020-46d5-a98e-e292d9fb3e67,2025-01-02 16:03:00+00:00,2025-01-02 16:03:00+00:00,{},False
O-20250102-161500-001-V2-16,BACKTESTER-001,MLSignalStrategyV2-V2,EUR/USD.IDEALPRO,IDEALPRO-1-016,IDEALPRO-001,IDEALPRO-1-1960,EUR/USD.IDEALPRO-MLSignalStrategyV2-V2,BUY,MARKET,100000.00,1.02576,USD,2.05 USD,TAKER,170b47b5-0b5f-4d1b-980d-1b70970a06e1,2025-01-02 16:15:00+00:00,2025-01-02 16:15:00+00:00,{},False
O-20250102-161500-001-V2-18,BACKTESTER-001,MLSignalStrategyV2-V2,EUR/USD.IDEALPRO,IDEALPRO-1-018,IDEALPRO-001,IDEALPRO-1-3681,EUR/USD.IDEALPRO-MLSignalStrategyV2-V2,SELL,LIMIT,100000.00,1.02751,USD,2.06 USD,MAKER,299a4b9f-0213-416e-b836-8b39bbd0478e,2025-01-03 06:50:00+00:00,2025-01-03 06:50:00+00:00,{},False
O-20250103-081500-001-V2-19,BACKTESTER-001,MLSignalStrategyV2-V2,EUR/USD.IDEALPRO,IDEALPRO-1-019,IDEALPRO-001,IDEALPRO-1-3852,EUR/USD.IDEALPRO-MLSignalStrategyV2-V2,BUY,MARKET,100000.00,1.02846,USD,2.06 USD,TAKER,62e378c7-8544-4bc0-91d4-ede1e089aae5,2025-01-03 08:15:00+00:00,2025-01-03 08:15:00+00:00,{},False
O-20250103-081500-001-V2-20,BACKTESTER-001,MLSignalStrategyV2-V2,EUR/USD.IDEALPRO,IDEALPRO-1-020,IDEALPRO-001,IDEALPRO-1-3887,EUR/USD.IDEALPRO-MLSignalStrategyV2-V2,SELL,STOP_MARKET,100000.00,1.02780,USD,2.06 USD,TAKER,ce78c608-0e4d-499d-a67f-a4cf350d4319,2025-01-03 08:32:00+00:00,2025-01-03 08:32:00+00:00,{},False
O-20250103-164500-001-V2-22,BACKTESTER-001,MLSignalStrategyV2-V2,EUR/USD.IDEALPRO,IDEALPRO-1-022,IDEALPRO-001,IDEALPRO-1-4875,EUR/USD.IDEALPRO-MLSignalStrategyV2-V2,BUY,MARKET,100000.00,1.02898,USD,2.06 USD,TAKER,dc0cd1c5-98d9-4ce5-a8e8-63d9a96ac3f4,2025-01-03 16:45:00+00:00,2025-01-03 16:45:00+00:00,{},False
O-20250103-164500-001-V2-24,BACKTESTER-001,MLSignalStrategyV2-V2,EUR/USD.IDEALPRO,IDEALPRO-1-024,IDEALPRO-001,IDEALPRO-1-4919,EUR/USD.IDEALPRO-MLSignalStrategyV2-V2,SELL,LIMIT,100000.00,1.02998,USD,2.06 USD,MAKER,d47d3ec1-c07b-4ba3-b448-752047340c78,2025-01-03 17:07:00+00:00,2025-01-03 17:07:00+00:00,{},False
O-20250103-171500-001-V2-25,BACKTESTER-001,MLSignalStrategyV2-V2,EUR/USD.IDEALPRO,IDEALPRO-1-025,IDEALPRO-001,IDEALPRO-1-4936,EUR/USD.IDEALPRO-MLSignalStrategyV2-V2,BUY,MARKET,100000.00,1.03026,USD,2.06 USD,TAKER,7e59608e-0cb6-4355-83f3-5519ef53a33e,2025-01-03 17:15:00+00:00,2025-01-03 17:15:00+00:00,{},False
O-20250103-171500-001-V2-27,BACKTESTER-001,MLSignalStrategyV2-V2,EUR/USD.IDEALPRO,IDEALPRO-1-027,IDEALPRO-001,IDEALPRO-1-5949,EUR/USD.IDEALPRO-MLSignalStrategyV2-V2,SELL,LIMIT,100000.00,1.03135,USD,2.06 USD,MAKER,523560b5-1a4b-42ea-aadb-a425732ff988,2025-01-06 01:56:00+00:00,2025-01-06 01:56:00+00:00,{},False
O-20250106-030000-001-V2-28,BACKTESTER-001,MLSignalStrategyV2-V2,EUR/USD.IDEALPRO,IDEALPRO-1-028,IDEALPRO-001,IDEALPRO-1-6078,EUR/USD.IDEALPRO-MLSignalStrategyV2-V2,SELL,MARKET,100000.00,1.03161,USD,2.06 USD,TAKER,3490a0c1-cc62-48df-9b12-6401d4086682,2025-01-06 03:00:00+00:00,2025-01-06 03:00:00+00:00,{},False
O-20250106-030000-001-V2-30,BACKTESTER-001,MLSignalStrategyV2-V2,EUR/USD.IDEALPRO,IDEALPRO-1-030,IDEALPRO-001,IDEALPRO-1-6431,EUR/USD.IDEALPRO-MLSignalStrategyV2-V2,BUY,LIMIT,100000.00,1.03107,USD,2.06 USD,MAKER,17f60cc7-2507-403f-bb6c-bb71cc1cc0b5,2025-01-06 05:56:00+00:00,2025-01-06 05:56:00+00:00,{},False
O-20250106-081500-001-V2-31,BACKTESTER-001,MLSignalStrategyV2-V2,EUR/USD.IDEALPRO,IDEALPRO-1-031,IDEALPRO-001,IDEALPRO-1-6710,EUR/USD.IDEALPRO-MLSignalStrategyV2-V2,SELL,MARKET,100000.00,1.03372,USD,2.07 USD,TAKER,045fab03-b592-422e-88f9-2bb629dfb420,2025-01-06 08:15:00+00:00,2025-01-06 08:15:00+00:00,{},False
O-20250106-081500-001-V2-32,BACKTESTER-001,MLSignalStrategyV2-V2,EUR/USD.IDEALPRO,IDEALPRO-1-032,IDEALPRO-001,IDEALPRO-1-6793,EUR/USD.IDEALPRO-MLSignalStrategyV2-V2,BUY,STOP_MARKET,100000.00,1.03449,USD,2.07 USD,TAKER,fdb35727-487d-4949-8ccb-3039387216ea,2025-01-06 08:56:00+00:00,2025-01-06 08:56:00+00:00,{},False
O-20250106-090000-001-V2-34,BACKTESTER-001,MLSignalStrategyV2-V2,EUR/USD.IDEALPRO,IDEALPRO-1-034,IDEALPRO-001,IDEALPRO-1-6802,EUR/USD.IDEALPRO-MLSignalStrategyV2-V2,SELL,MARKET,100000.00,1.03502,USD,2.07 USD,TAKER,ad030512-019e-45b1-8213-fc5c8786a30d,2025-01-06 09:00:00+00:00,2025-01-06 09:00:00+00:00,{},False
O-20250106-090000-001-V2-36,BACKTESTER-001,MLSignalStrategyV2-V2,EUR/USD.IDEALPRO,IDEALPRO-1-036,IDEALPRO-001,IDEALPRO-1-6809,EUR/USD.IDEALPRO-MLSignalStrategyV2-V2,BUY,LIMIT,100000.00,1.03405,USD,2.07 USD,MAKER,db892237-acc1-4ade-af9f-c9478f8f9abd,2025-01-06 09:03:00+00:00,2025-01-06 09:03:00+00:00,{},False
O-20250106-093000-001-V2-37,BACKTESTER-001,MLSignalStrategyV2-V2,EUR/USD.IDEALPRO,IDEALPRO-1-037,IDEALPRO-001,IDEALPRO-1-6864,EUR/USD.IDEALPRO-MLSignalStrategyV2-V2,SELL,MARKET,100000.00,1.03584,USD,2.07 USD,TAKER,f038e83d-2e29-46c9-bbad-b1a46edad1dc,2025-01-06 09:30:00+00:00,2025-01-06 09:30:00+00:00,{},False
O-20250106-093000-001-V2-39,BACKTESTER-001,MLSignalStrategyV2-V2,EUR/USD.IDEALPRO,IDEALPRO-1-039,IDEALPRO-001,IDEALPRO-1-6949,EUR/USD.IDEALPRO-MLSignalStrategyV2-V2,BUY,LIMIT,100000.00,1.03469,USD,2.07 USD,MAKER,97b1af21-36d4-4875-bafd-8208ea872852,2025-01-06 10:12:00+00:00,2025-01-06 10:12:00+00:00,{},False
O-20250106-160000-001-V2-40,BACKTESTER-001,MLSignalStrategyV2-V2,EUR/USD.IDEALPRO,IDEALPRO-1-040,IDEALPRO-001,IDEALPRO-1-7646,EUR/USD.IDEALPRO-MLSignalStrategyV2-V2,SELL,MARKET,100000.00,1.03936,USD,2.08 USD,TAKER,6e3eb991-21cc-43bc-99ee-d3ee9f44aa4b,2025-01-06 16:00:00+00:00,2025-01-06 16:00:00+00:00,{},False
O-20250106-160000-001-V2-41,BACKTESTER-001,MLSignalStrategyV2-V2,EUR/USD.IDEALPRO,IDEALPRO-1-041,IDEALPRO-001,IDEALPRO-1-9497,EUR/USD.IDEALPRO-MLSignalStrategyV2-V2,BUY,STOP_MARKET,100000.00,1.04188,USD,2.08 USD,TAKER,06054343-4c63-4437-8ec9-f3e07e80af6d,2025-01-07 07:40:00+00:00,2025-01-07 07:40:00+00:00,{},False
O-20250107-091500-001-V2-43,BACKTESTER-001,MLSignalStrategyV2-V2,EUR/USD.IDEALPRO,IDEALPRO-1-043,IDEALPRO-001,IDEALPRO-1-9688,EUR/USD.IDEALPRO-MLSignalStrategyV2-V2,SELL,MARKET,100000.00,1.04264,USD,2.09 USD,TAKER,d720d109-1cdb-4150-95cf-05df8bf0b4e9,2025-01-07 09:15:00+00:00,2025-01-07 09:15:00+00:00,{},False
O-20250107-091500-001-V2-45,BACKTESTER-001,MLSignalStrategyV2-V2,EUR/USD.IDEALPRO,IDEALPRO-1-045,IDEALPRO-001,IDEALPRO-1-9789,EUR/USD.IDEALPRO-MLSignalStrategyV2-V2,BUY,LIMIT,100000.00,1.04168,USD,2.08 USD,MAKER,a8248525-2b6e-462b-8812-0fc4082ee912,2025-01-07 10:05:00+00:00,2025-01-07 10:05:00+00:00,{},False
O-20250107-121500-001-V2-46,BACKTESTER-001,MLSignalStrategyV2-V2,EUR/USD.IDEALPRO,IDEALPRO-1-046,IDEALPRO-001,IDEALPRO-1-10050,EUR/USD.IDEALPRO-MLSignalStrategyV2-V2,SELL,MARKET,100000.00,1.04099,USD,2.08 USD,TAKER,62fc1c42-164d-460b-aace-dbcbf4f2cd60,2025-01-07 12:15:00+00:00,2025-01-07 12:15:00+00:00,{},False
O-20250107-121500-001-V2-48,BACKTESTER-001,MLSignalStrategyV2-V2,EUR/USD.IDEALPRO,IDEALPRO-1-048,IDEALPRO-001,IDEALPRO-1-10097,EUR/USD.IDEALPRO-MLSignalStrategyV2-V2,BUY,LIMIT,100000.00,1.04008,USD,2.08 USD,MAKER,b8efc8cc-f6e9-4df8-80ee-909a2d68a2c6,2025-01-07 12:38:00+00:00,2025-01-07 12:38:00+00:00,{},False
O-20250107-151500-001-V2-49,BACKTESTER-001,MLSignalStrategyV2-V2,EUR/USD.IDEALPRO,IDEALPRO-1-049,IDEALPRO-001,IDEALPRO-1-10412,EUR/USD.IDEALPRO-MLSignalStrategyV2-V2,BUY,MARKET,100000.00,1.03682,USD,2.07 USD,TAKER,7ea42775-cdbf-4458-99d2-9fa6f2b439d8,2025-01-07 15:15:00+00:00,2025-01-07 15:15:00+00:00,{},False
O-20250107-151500-001-V2-51,BACKTESTER-001,MLSignalStrategyV2-V2,EUR/USD.IDEALPRO,IDEALPRO-1-051,IDEALPRO-001,IDEALPRO-1-10425,EUR/USD.IDEALPRO-MLSignalStrategyV2-V2,SELL,LIMIT,100000.00,1.03792,USD,2.08 USD,MAKER,438a54c3-283d-4a9f-8baa-3671e81c50a3,2025-01-07 15:21:00+00:00,2025-01-07 15:21:00+00:00,{},False
O-20250107-154500-001-V2-52,BACKTESTER-001,MLSignalStrategyV2-V2,EUR/USD.IDEALPRO,IDEALPRO-1-052,IDEALPRO-001,IDEALPRO-1-10474,EUR/USD.IDEALPRO-MLSignalStrategyV2-V2,BUY,MARKET,100000.00,1.03639,USD,2.07 USD,TAKER,a637d4e8-53e8-40f5-960e-3fb7aa3fd925,2025-01-07 15:45:00+00:00,2025-01-07 15:45:00+00:00,{},False
O-20250107-154500-001-V2-54,BACKTESTER-001,MLSignalStrategyV2-V2,EUR/USD.IDEALPRO,IDEALPRO-1-054,IDEALPRO-001,IDEALPRO-1-10569,EUR/USD.IDEALPRO-MLSignalStrategyV2-V2,SELL,LIMIT,100000.00,1.03798,USD,2.08 USD,MAKER,c5160625-c447-41be-a315-1d852db0cc7d,2025-01-07 16:32:00+00:00,2025-01-07 16:32:00+00:00,{},False
O-20250107-170000-001-V2-55,BACKTESTER-001,MLSignalStrategyV2-V2,EUR/USD.IDEALPRO,IDEALPRO-1-055,IDEALPRO-001,IDEALPRO-1-10626,EUR/USD.IDEALPRO-MLSignalStrategyV2-V2,BUY,MARKET,100000.00,1.03683,USD,2.07 USD,TAKER,eeb16757-389c-4a91-8fa5-c76759db04e5,2025-01-07 17:00:00+00:00,2025-01-07 17:00:00+00:00,{},False
O-20250107-170000-001-V2-56,BACKTESTER-001,MLSignalStrategyV2-V2,EUR/USD.IDEALPRO,IDEALPRO-1-056,IDEALPRO-001,IDEALPRO-1-10845,EUR/USD.IDEALPRO-MLSignalStrategyV2-V2,SELL,STOP_MARKET,100000.00,1.03512,USD,2.07 USD,TAKER,03d6d8e4-b505-4e38-a4dc-df337d0c0a68,2025-01-07 18:49:00+00:00,2025-01-07 18:49:00+00:00,{},False
O-20250107-211500-001-V2-58,BACKTESTER-001,MLSignalStrategyV2-V2,EUR/USD.IDEALPRO,IDEALPRO-1-058,IDEALPRO-001,IDEALPRO-1-11139,EUR/USD.IDEALPRO-MLSignalStrategyV2-V2,BUY,MARKET,100000.00,1.03428,USD,2.07 USD,TAKER,19cd7fd0-387c-4e25-b6f4-2644fe1ad3ec,2025-01-07 21:15:00+00:00,2025-01-07 21:15:00+00:00,{},False
O-20250107-211500-001-V2-60,BACKTESTER-001,MLSignalStrategyV2-V2,EUR/USD.IDEALPRO,IDEALPRO-1-060,IDEALPRO-001,IDEALPRO-1-11495,EUR/USD.IDEALPRO-MLSignalStrategyV2-V2,SELL,LIMIT,100000.00,1.03491,USD,2.07 USD,MAKER,e09bd6a5-10b4-4d5f-8f9d-d89fd8410b06,2025-01-08 00:28:00+00:00,2025-01-08 00:28:00+00:00,{},False
O-20250108-003000-001-V2-61,BACKTESTER-001,MLSignalStrategyV2-V2,EUR/USD.IDEALPRO,IDEALPRO-1-061,IDEALPRO-001,IDEALPRO-1-11500,EUR/USD.IDEALPRO-MLSignalStrategyV2-V2,SELL,MARKET,100000.00,1.03491,USD,2.07 USD,TAKER,c2146c42-e2bc-41cc-bc41-b0f106040e43,2025-01-08 00:30:00+00:00,2025-01-08 00:30:00+00:00,{},False
O-20250108-003000-001-V2-63,BACKTESTER-001,MLSignalStrategyV2-V2,EUR/USD.IDEALPRO,IDEALPRO-1-063,IDEALPRO-001,IDEALPRO-1-11509,EUR/USD.IDEALPRO-MLSignalStrategyV2-V2,BUY,LIMIT,100000.00,1.03449,USD,2.07 USD,MAKER,9875d35b-1e8c-4a12-afec-f76bd8d3f6ee,2025-01-08 00:34:00+00:00,2025-01-08 00:34:00+00:00,{},False
O-20250108-033000-001-V2-64,BACKTESTER-001,MLSignalStrategyV2-V2,EUR/USD.IDEALPRO,IDEALPRO-1-064,IDEALPRO-001,IDEALPRO-1-11862,EUR/USD.IDEALPRO-MLSignalStrategyV2-V2,BUY,MARKET,100000.00,1.03504,USD,2.07 USD,TAKER,08342c06-12e5-4d4c-9c25-b6a6908e940d,2025-01-08 03:30:00+00:00,2025-01-08 03:30:00+00:00,{},False
O-20250108-033000-001-V2-65,BACKTESTER-001,MLSignalStrategyV2-V2,EUR/USD.IDEALPRO,IDEALPRO-1-065,IDEALPRO-001,IDEALPRO-1-11889,EUR/USD.IDEALPRO-MLSignalStrategyV2-V2,SELL,STOP_MARKET,100000.00,1.03462,USD,2.07 USD,TAKER,8ffcc4da-c4f9-4aef-a63b-1567672d2314,2025-01-08 03:43:00+00:00,2025-01-08 03:43:00+00:00,{},False
O-20250108-034500-001-V2-67,BACKTESTER-001,MLSignalStrategyV2-V2,EUR/USD.IDEALPRO,IDEALPRO-1-067,IDEALPRO-001,IDEALPRO-1-11894,EUR/USD.IDEALPRO-MLSignalStrategyV2-V2,BUY,MARKET,100000.00,1.03470,USD,2.07 USD,TAKER,8ee90390-24a7-4205-883c-baf8a3c89228,2025-01-08 03:45:00+00:00,2025-01-08 03:45:00+00:00,{},False
O-20250108-034500-001-V2-69,BACKTESTER-001,MLSignalStrategyV2-V2,EUR/USD.IDEALPRO,IDEALPRO-1-069,IDEALPRO-001,IDEALPRO-1-11947,EUR/USD.IDEALPRO-MLSignalStrategyV2-V2,SELL,LIMIT,100000.00,1.03505,USD,2.07 USD,MAKER,31e2569f-323e-4eee-8f64-6f1c16f2b6e9,2025-01-08 04:11:00+00:00,2025-01-08 04:11:00+00:00,{},False
O-20250108-051500-001-V2-70,BACKTESTER-001,MLSignalStrategyV2-V2,EUR/USD.IDEALPRO,IDEALPRO-1-070,IDEALPRO-001,IDEALPRO-1-12076,EUR/USD.IDEALPRO-MLSignalStrategyV2-V2,BUY,MARKET,100000.00,1.03503,USD,2.07 USD,TAKER,3087cb8a-0974-48a9-bfd1-c7b029d53bbc,2025-01-08 05:15:00+00:00,2025-01-08 05:15:00+00:00,{},False
O-20250108-051500-001-V2-72,BACKTESTER-001,MLSignalStrategyV2-V2,EUR/USD.IDEALPRO,IDEALPRO-1-072,IDEALPRO-001,IDEALPRO-1-12097,EUR/USD.IDEALPRO-MLSignalStrategyV2-V2,SELL,LIMIT,100000.00,1.03537,USD,2.07 USD,MAKER,e98dceac-e12f-4d0b-b57b-a64064ce94cb,2025-01-08 05:25:00+00:00,2025-01-08 05:25:00+00:00,{},False
O-20250108-080000-001-V2-73,BACKTESTER-001,MLSignalStrategyV2-V2,EUR/USD.IDEALPRO,IDEALPRO-1-073,IDEALPRO-001,IDEALPRO-1-12408,EUR/USD.IDEALPRO-MLSignalStrategyV2-V2,BUY,MARKET,100000.00,1.03324,USD,2.07 USD,TAKER,b82d6ce9-5967-4200-a55f-1e555b48a252,2025-01-08 08:00:00+00:00,2025-01-08 08:00:00+00:00,{},False
O-20250108-080000-001-V2-74,BACKTESTER-001,MLSignalStrategyV2-V2,EUR/USD.IDEALPRO,IDEALPRO-1-074,IDEALPRO-001,IDEALPRO-1-12427,EUR/USD.IDEALPRO-MLSignalStrategyV2-V2,SELL,STOP_MARKET,100000.00,1.03242,USD,2.06 USD,TAKER,8c001c55-2142-4b0a-8774-44f0b0942689,2025-01-08 08:09:00+00:00,2025-01-08 08:09:00+00:00,{},False
O-20250108-081500-001-V2-76,BACKTESTER-001,MLSignalStrategyV2-V2,EUR/USD.IDEALPRO,IDEALPRO-1-076,IDEALPRO-001,IDEALPRO-1-12440,EUR/USD.IDEALPRO-MLSignalStrategyV2-V2,BUY,MARKET,100000.00,1.03309,USD,2.07 USD,TAKER,2585dd0f-841d-4ffa-9ba6-4757340f2b4b,2025-01-08 08:15:00+00:00,2025-01-08 08:15:00+00:00,{},False
O-20250108-081500-001-V2-78,BACKTESTER-001,MLSignalStrategyV2-V2,EUR/USD.IDEALPRO,IDEALPRO-1-078,IDEALPRO-001,IDEALPRO-1-12449,EUR/USD.IDEALPRO-MLSignalStrategyV2-V2,SELL,LIMIT,100000.00,1.03383,USD,2.07 USD,MAKER,bf4a7a79-3e72-476c-8e4e-77726dcea8b9,2025-01-08 08:19:00+00:00,2025-01-08 08:19:00+00:00,{},False
O-20250108-083000-001-V2-79,BACKTESTER-001,MLSignalStrategyV2-V2,EUR/USD.IDEALPRO,IDEALPRO-1-079,IDEALPRO-001,IDEALPRO-1-12472,EUR/USD.IDEALPRO-MLSignalStrategyV2-V2,BUY,MARKET,100000.00,1.03254,USD,2.07 USD,TAKER,b8adc882-ec3d-4e24-bffe-4649887b1ba0,2025-01-08 08:30:00+00:00,2025-01-08 08:30:00+00:00,{},False
O-20250108-083000-001-V2-80,BACKTESTER-001,MLSignalStrategyV2-V2,EUR/USD.IDEALPRO,IDEALPRO-1-080,IDEALPRO-001,IDEALPRO-1-12585,EUR/USD.IDEALPRO-MLSignalStrategyV2-V2,SELL,STOP_MARKET,100000.00,1.03153,USD,2.06 USD,TAKER,082d52fb-6550-49cd-904d-7a755c1c9a5c,2025-01-08 09:26:00+00:00,2025-01-08 09:26:00+00:00,{},False
O-20250108-093000-001-V2-82,BACKTESTER-001,MLSignalStrategyV2-V2,EUR/USD.IDEALPRO,IDEALPRO-1-082,IDEALPRO-001,IDEALPRO-1-12594,EUR/USD.IDEALPRO-MLSignalStrategyV2-V2,BUY,MARKET,100000.00,1.03208,USD,2.06 USD,TAKER,7012f708-2aeb-4907-97bc-982b0db8f63b,2025-01-08 09:30:00+00:00,2025-01-08 09:30:00+00:00,{},False
O-20250108-093000-001-V2-83,BACKTESTER-001,MLSignalStrategyV2-V2,EUR/USD.IDEALPRO,IDEALPRO-1-083,IDEALPRO-001,IDEALPRO-1-12807,EUR/USD.IDEALPRO-MLSignalStrategyV2-V2,SELL,STOP_MARKET,100000.00,1.03099,USD,2.06 USD,TAKER,e1831266-b454-4d27-bde3-e1ded0223229,2025-01-08 11:16:00+00:00,2025-01-08 11:16:00+00:00,{},False
O-20250108-113000-001-V2-85,BACKTESTER-001,MLSignalStrategyV2-V2,EUR/USD.IDEALPRO,IDEALPRO-1-085,IDEALPRO-001,IDEALPRO-1-12836,EUR/USD.IDEALPRO-MLSignalStrategyV2-V2,BUY,MARKET,100000.00,1.03006,USD,2.06 USD,TAKER,1694d2d4-187a-42f6-8e1b-d5d1ffb5bcfd,2025-01-08 11:30:00+00:00,2025-01-08 11:30:00+00:00,{},False
O-20250108-113000-001-V2-86,BACKTESTER-001,MLSignalStrategyV2-V2,EUR/USD.IDEALPRO,IDEALPRO-1-086,IDEALPRO-001,IDEALPRO-1-12841,EUR/USD.IDEALPRO-MLSignalStrategyV2-V2,SELL,STOP_MARKET,100000.00,1.02888,USD,2.06 USD,TAKER,8c8c1ca5-775e-4f38-9a46-8471a6ca689e,2025-01-08 11:32:00+00:00,2025-01-08 11:32:00+00:00,{},False
O-20250108-114500-001-V2-88,BACKTESTER-001,MLSignalStrategyV2-V2,EUR/USD.IDEALPRO,IDEALPRO-1-088,IDEALPRO-001,IDEALPRO-1-12868,EUR/USD.IDEALPRO-MLSignalStrategyV2-V2,BUY,MARKET,100000.00,1.02849,USD,2.06 USD,TAKER,a2e0c746-8076-433e-a157-30be99855256,2025-01-08 11:45:00+00:00,2025-01-08 11:45:00+00:00,{},False
O-20250108-114500-001-V2-90,BACKTESTER-001,MLSignalStrategyV2-V2,EUR/USD.IDEALPRO,IDEALPRO-1-090,IDEALPRO-001,IDEALPRO-1-12877,EUR/USD.IDEALPRO-MLSignalStrategyV2-V2,SELL,LIMIT,100000.00,1.02947,USD,2.06 USD,MAKER,fc0be6c7-0ffc-4ad5-b5cb-99ac99718230,2025-01-08 11:49:00+00:00,2025-01-08 11:49:00+00:00,{},False
O-20250108-120000-001-V2-91,BACKTESTER-001,MLSignalStrategyV2-V2,EUR/USD.IDEALPRO,IDEALPRO-1-091,IDEALPRO-001,IDEALPRO-1-12900,EUR/USD.IDEALPRO-MLSignalStrategyV2-V2,BUY,MARKET,100000.00,1.02978,USD,2.06 USD,TAKER,dfd0c6cf-babc-443b-b432-57bc55087dda,2025-01-08 12:00:00+00:00,2025-01-08 12:00:00+00:00,{},False
O-20250108-120000-001-V2-92,BACKTESTER-001,MLSignalStrategyV2-V2,EUR/USD.IDEALPRO,IDEALPRO-1-092,IDEALPRO-001,IDEALPRO-1-12967,EUR/USD.IDEALPRO-MLSignalStrategyV2-V2,SELL,STOP_MARKET,100000.00,1.02838,USD,2.06 USD,TAKER,996a7671-f700-4752-9c8a-7b9bed410a6c,2025-01-08 12:33:00+00:00,2025-01-08 12:33:00+00:00,{},False
O-20250109-004500-001-V2-94,BACKTESTER-001,MLSignalStrategyV2-V2,EUR/USD.IDEALPRO,IDEALPRO-1-094,IDEALPRO-001,IDEALPRO-1-14403,EUR/USD.IDEALPRO-MLSignalStrategyV2-V2,BUY,MARKET,100000.00,1.03085,USD,2.06 USD,TAKER,bec57860-80f4-484b-9a4d-cea1e5aa3eb5,2025-01-09 00:45:00+00:00,2025-01-09 00:45:00+00:00,{},False
O-20250109-004500-001-V2-96,BACKTESTER-001,MLSignalStrategyV2-V2,EUR/USD.IDEALPRO,IDEALPRO-1-096,IDEALPRO-001,IDEALPRO-1-14429,EUR/USD.IDEALPRO-MLSignalStrategyV2-V2,SELL,LIMIT,100000.00,1.03122,USD,2.06 USD,MAKER,daf8e08d-5d1f-4806-a061-8eaa429acece,2025-01-09 00:58:00+00:00,2025-01-09 00:58:00+00:00,{},False
O-20250109-010000-001-V2-97,BACKTESTER-001,MLSignalStrategyV2-V2,EUR/USD.IDEALPRO,IDEALPRO-1-097,IDEALPRO-001,IDEALPRO-1-14434,EUR/USD.IDEALPRO-MLSignalStrategyV2-V2,BUY,MARKET,100000.00,1.03132,USD,2.06 USD,TAKER,138a4a71-0708-4058-839a-91e37a6bd7f0,2025-01-09 01:00:00+00:00,2025-01-09 01:00:00+00:00,{},False
O-20250109-010000-001-V2-99,BACKTESTER-001,MLSignalStrategyV2-V2,EUR/USD.IDEALPRO,IDEALPRO-1-099,IDEALPRO-001,IDEALPRO-1-14479,EUR/USD.IDEALPRO-MLSignalStrategyV2-V2,SELL,LIMIT,100000.00,1.03173,USD,2.06 USD,MAKER,964f9e89-49ab-4c92-bdf6-470eed89be42,2025-01-09 01:22:00+00:00,2025-01-09 01:22:00+00:00,{},False
O-20250109-014500-001-V2-100,BACKTESTER-001,MLSignalStrategyV2-V2,EUR/USD.IDEALPRO,IDEALPRO-1-100,IDEALPRO-001,IDEALPRO-1-14526,EUR/USD.IDEALPRO-MLSignalStrategyV2-V2,SELL,MARKET,100000.00,1.03141,USD,2.06 USD,TAKER,63249e5d-7493-473b-856c-0f5e60cb9a73,2025-01-09 01:45:00+00:00,2025-01-09 01:45:00+00:00,{},False
O-20250109-014500-001-V2-101,BACKTESTER-001,MLSignalStrategyV2-V2,EUR/USD.IDEALPRO,IDEALPRO-1-101,IDEALPRO-001,IDEALPRO-1-14599,EUR/USD.IDEALPRO-MLSignalStrategyV2-V2,BUY,STOP_MARKET,100000.00,1.03194,USD,2.06 USD,TAKER,dc2fc12a-36f5-4502-9263-f9d41c6eb82d,2025-01-09 02:21:00+00:00,2025-01-09 02:21:00+00:00,{},False
O-20250109-043000-001-V2-103,BACKTESTER-001,MLSignalStrategyV2-V2,EUR/USD.IDEALPRO,IDEALPRO-1-103,IDEALPRO-001,IDEALPRO-1-14859,EUR/USD.IDEALPRO-MLSignalStrategyV2-V2,SELL,MARKET,100000.00,1.03096,USD,2.06 USD,TAKER,ff2b84e2-a9fc-45ed-8996-6b87974dd461,2025-01-09 04:30:00+00:00,2025-01-09 04:30:00+00:00,{},False
O-20250109-043000-001-V2-105,BACKTESTER-001,MLSignalStrategyV2-V2,EUR/USD.IDEALPRO,IDEALPRO-1-105,IDEALPRO-001,IDEALPRO-1-15045,EUR/USD.IDEALPRO-MLSignalStrategyV2-V2,BUY,LIMIT,100000.00,1.03052,USD,2.06 USD,MAKER,f7f3a965-b6a7-47bd-9fc4-9ddd62ba9cda,2025-01-09 06:03:00+00:00,2025-01-09 06:03:00+00:00,{},False
O-20250109-074500-001-V2-106,BACKTESTER-001,MLSignalStrategyV2-V2,EUR/USD.IDEALPRO,IDEALPRO-1-106,IDEALPRO-001,IDEALPRO-1-15250,EUR/USD.IDEALPRO-MLSignalStrategyV2-V2,SELL,MARKET,100000.00,1.02939,USD,2.06 USD,TAKER,a5c0d08a-5def-4127-9ac6-a406fa603c33,2025-01-09 07:45:00+00:00,2025-01-09 07:45:00+00:00,{},False
O-20250109-074500-001-V2-108,BACKTESTER-001,MLSignalStrategyV2-V2,EUR/USD.IDEALPRO,IDEALPRO-1-108,IDEALPRO-001,IDEALPRO-1-15281,EUR/USD.IDEALPRO-MLSignalStrategyV2-V2,BUY,LIMIT,100000.00,1.02877,USD,2.06 USD,MAKER,79569d61-084f-494a-ab5e-d2e6564343b9,2025-01-09 08:00:00+00:00,2025-01-09 08:00:00+00:00,{},False
O-20250109-143000-001-V2-109,BACKTESTER-001,MLSignalStrategyV2-V2,EUR/USD.IDEALPRO,IDEALPRO-1-109,IDEALPRO-001,IDEALPRO-1-16062,EUR/USD.IDEALPRO-MLSignalStrategyV2-V2,BUY,MARKET,100000.00,1.03101,USD,2.06 USD,TAKER,5b28e255-6d55-42ee-a95a-bcef9b858941,2025-01-09 14:30:00+00:00,2025-01-09 14:30:00+00:00,{},False
O-20250109-143000-001-V2-110,BACKTESTER-001,MLSignalStrategyV2-V2,EUR/USD.IDEALPRO,IDEALPRO-1-110,IDEALPRO-001,IDEALPRO-1-16141,EUR/USD.IDEALPRO-MLSignalStrategyV2-V2,SELL,STOP_MARKET,100000.00,1.03013,USD,2.06 USD,TAKER,9e027061-7439-4726-be3f-2d3073f54c07,2025-01-09 15:09:00+00:00,2025-01-09 15:09:00+00:00,{},False
O-20250109-194500-001-V2-112,BACKTESTER-001,MLSignalStrategyV2-V2,EUR/USD.IDEALPRO,IDEALPRO-1-112,IDEALPRO-001,IDEALPRO-1-16695,EUR/USD.IDEALPRO-MLSignalStrategyV2-V2,BUY,MARKET,100000.00,1.03001,USD,2.06 USD,TAKER,02861c23-c11a-47ca-8956-087cd65ede97,2025-01-09 19:45:00+00:00,2025-01-09 19:45:00+00:00,{},False
O-20250109-194500-001-V2-113,BACKTESTER-001,MLSignalStrategyV2-V2,EUR/USD.IDEALPRO,IDEALPRO-1-113,IDEALPRO-001,IDEALPRO-1-17215,EUR/USD.IDEALPRO-MLSignalStrategyV2-V2,SELL,STOP_MARKET,100000.00,1.02947,USD,2.06 USD,TAKER,185134e1-ed8f-4c8e-9dd4-c21fc76baa07,2025-01-10 00:20:00+00:00,2025-01-10 00:20:00+00:00,{},False
O-20250110-003000-001-V2-115,BACKTESTER-001,MLSignalStrategyV2-V2,EUR/USD.IDEALPRO,IDEALPRO-1-115,IDEALPRO-001,IDEALPRO-1-17237,EUR/USD.IDEALPRO-MLSignalStrategyV2-V2,BUY,MARKET,100000.00,1.02945,USD,2.06 USD,TAKER,7b93c600-de71-439e-964a-7f3290f6242e,2025-01-10 00:30:00+00:00,2025-01-10 00:30:00+00:00,{},False
O-20250110-003000-001-V2-117,BACKTESTER-001,MLSignalStrategyV2-V2,EUR/USD.IDEALPRO,IDEALPRO-1-117,IDEALPRO-001,IDEALPRO-1-17315,EUR/USD.IDEALPRO-MLSignalStrategyV2-V2,SELL,LIMIT,100000.00,1.02985,USD,2.06 USD,MAKER,f007a537-0725-4dee-a2b3-2f7fdefc895a,2025-01-10 01:09:00+00:00,2025-01-10 01:09:00+00:00,{},False
O-20250110-040000-001-V2-118,BACKTESTER-001,MLSignalStrategyV2-V2,EUR/USD.IDEALPRO,IDEALPRO-1-118,IDEALPRO-001,IDEALPRO-1-17659,EUR/USD.IDEALPRO-MLSignalStrategyV2-V2,BUY,MARKET,100000.00,1.02986,USD,2.06 USD,TAKER,e8f27fc1-23a0-49d8-bf08-7cf00c9f176f,2025-01-10 04:00:00+00:00,2025-01-10 04:00:00+00:00,{},False
O-20250110-040000-001-V2-119,BACKTESTER-001,MLSignalStrategyV2-V2,EUR/USD.IDEALPRO,IDEALPRO-1-119,IDEALPRO-001,IDEALPRO-1-17733,EUR/USD.IDEALPRO-MLSignalStrategyV2-V2,SELL,STOP_MARKET,100000.00,1.02938,USD,2.06 USD,TAKER,e19d5d40-4c45-4e84-8d69-918213151685,2025-01-10 04:37:00+00:00,2025-01-10 04:37:00+00:00,{},False
O-20250110-044500-001-V2-121,BACKTESTER-001,MLSignalStrategyV2-V2,EUR/USD.IDEALPRO,IDEALPRO-1-121,IDEALPRO-001,IDEALPRO-1-17750,EUR/USD.IDEALPRO-MLSignalStrategyV2-V2,BUY,MARKET,100000.00,1.02948,USD,2.06 USD,TAKER,3f59cfcc-04b0-4f8b-95a1-b3b4eb5fcdbb,2025-01-10 04:45:00+00:00,2025-01-10 04:45:00+00:00,{},False
O-20250110-044500-001-V2-122,BACKTESTER-001,MLSignalStrategyV2-V2,EUR/USD.IDEALPRO,IDEALPRO-1-122,IDEALPRO-001,IDEALPRO-1-17853,EUR/USD.IDEALPRO-MLSignalStrategyV2-V2,SELL,STOP_MARKET,100000.00,1.02902,USD,2.06 USD,TAKER,04a96ee7-8ee2-40dd-9842-e433c58505ee,2025-01-10 05:36:00+00:00,2025-01-10 05:36:00+00:00,{},False
O-20250110-054500-001-V2-124,BACKTESTER-001,MLSignalStrategyV2-V2,EUR/USD.IDEALPRO,IDEALPRO-1-124,IDEALPRO-001,IDEALPRO-1-17872,EUR/USD.IDEALPRO-MLSignalStrategyV2-V2,BUY,MARKET,100000.00,1.02928,USD,2.06 USD,TAKER,1c0a018c-c985-4a62-89a9-3666ec9a71a4,2025-01-10 05:45:00+00:00,2025-01-10 05:45:00+00:00,{},False
O-20250110-054500-001-V2-125,BACKTESTER-001,MLSignalStrategyV2-V2,EUR/USD.IDEALPRO,IDEALPRO-1-125,IDEALPRO-001,IDEALPRO-1-17899,EUR/USD.IDEALPRO-MLSignalStrategyV2-V2,SELL,STOP_MARKET,100000.00,1.02860,USD,2.06 USD,TAKER,0cc43528-4531-4b84-8b82-f62511cdd785,2025-01-10 05:58:00+00:00,2025-01-10 05:58:00+00:00,{},False
O-20250110-060000-001-V2-127,BACKTESTER-001,MLSignalStrategyV2-V2,EUR/USD.IDEALPRO,IDEALPRO-1-127,IDEALPRO-001,IDEALPRO-1-17904,EUR/USD.IDEALPRO-MLSignalStrategyV2-V2,BUY,MARKET,100000.00,1.02858,USD,2.06 USD,TAKER,e38c0b25-b776-4a4a-9516-0e40a6812f53,2025-01-10 06:00:00+00:00,2025-01-10 06:00:00+00:00,{},False
O-20250110-060000-001-V2-128,BACKTESTER-001,MLSignalStrategyV2-V2,EUR/USD.IDEALPRO,IDEALPRO-1-128,IDEALPRO-001,IDEALPRO-1-18009,EUR/USD.IDEALPRO-MLSignalStrategyV2-V2,SELL,STOP_MARKET,100000.00,1.02813,USD,2.06 USD,TAKER,078c564b-eda4-4191-8d76-d43f08577ffe,2025-01-10 06:52:00+00:00,2025-01-10 06:52:00+00:00,{},False
O-20250110-080000-001-V2-130,BACKTESTER-001,MLSignalStrategyV2-V2,EUR/USD.IDEALPRO,IDEALPRO-1-130,IDEALPRO-001,IDEALPRO-1-18146,EUR/USD.IDEALPRO-MLSignalStrategyV2-V2,BUY,MARKET,100000.00,1.02972,USD,2.06 USD,TAKER,01dc3aa6-8ed2-4622-ab7d-72eb3b71604c,2025-01-10 08:00:00+00:00,2025-01-10 08:00:00+00:00,{},False
O-20250110-080000-001-V2-132,BACKTESTER-001,MLSignalStrategyV2-V2,EUR/USD.IDEALPRO,IDEALPRO-1-132,IDEALPRO-001,IDEALPRO-1-18193,EUR/USD.IDEALPRO-MLSignalStrategyV2-V2,SELL,LIMIT,100000.00,1.03023,USD,2.06 USD,MAKER,635e6ac0-3adf-46ed-b9f3-8b2dcdfdb606,2025-01-10 08:23:00+00:00,2025-01-10 08:23:00+00:00,{},False
O-20250110-140000-001-V2-133,BACKTESTER-001,MLSignalStrategyV2-V2,EUR/USD.IDEALPRO,IDEALPRO-1-133,IDEALPRO-001,IDEALPRO-1-18868,EUR/USD.IDEALPRO-MLSignalStrategyV2-V2,SELL,MARKET,100000.00,1.02565,USD,2.05 USD,TAKER,91fb822e-e30e-4ba6-a877-192a2c6c2851,2025-01-10 14:00:00+00:00,2025-01-10 14:00:00+00:00,{},False
O-20250110-140000-001-V2-135,BACKTESTER-001,MLSignalStrategyV2-V2,EUR/USD.IDEALPRO,IDEALPRO-1-135,IDEALPRO-001,IDEALPRO-1-18993,EUR/USD.IDEALPRO-MLSignalStrategyV2-V2,BUY,LIMIT,100000.00,1.02362,USD,2.05 USD,MAKER,944d6236-e70c-4659-9a5d-32d574096e84,2025-01-10 15:02:00+00:00,2025-01-10 15:02:00+00:00,{},False
O-20250110-173000-001-V2-136,BACKTESTER-001,MLSignalStrategyV2-V2,EUR/USD.IDEALPRO,IDEALPRO-1-136,IDEALPRO-001,IDEALPRO-1-19290,EUR/USD.IDEALPRO-MLSignalStrategyV2-V2,BUY,MARKET,100000.00,1.02392,USD,2.05 USD,TAKER,7998fbb5-9865-407d-94ab-f196644c2ad3,2025-01-10 17:30:00+00:00,2025-01-10 17:30:00+00:00,{},False
O-20250110-173000-001-V2-137,BACKTESTER-001,MLSignalStrategyV2-V2,EUR/USD.IDEALPRO,IDEALPRO-1-137,IDEALPRO-001,IDEALPRO-1-20475,EUR/USD.IDEALPRO-MLSignalStrategyV2-V2,SELL,STOP_MARKET,100000.00,1.02201,USD,2.04 USD,TAKER,4b599c85-1378-4981-af0b-57a08e88932c,2025-01-13 03:37:00+00:00,2025-01-13 03:37:00+00:00,{},False
O-20250113-061500-001-V2-139,BACKTESTER-001,MLSignalStrategyV2-V2,EUR/USD.IDEALPRO,IDEALPRO-1-139,IDEALPRO-001,IDEALPRO-1-20792,EUR/USD.IDEALPRO-MLSignalStrategyV2-V2,SELL,MARKET,100000.00,1.02234,USD,2.04 USD,TAKER,6cd7d08b-dbcc-467b-b006-7f66ebb37c8f,2025-01-13 06:15:00+00:00,2025-01-13 06:15:00+00:00,{},False
O-20250113-061500-001-V2-141,BACKTESTER-001,MLSignalStrategyV2-V2,EUR/USD.IDEALPRO,IDEALPRO-1-141,IDEALPRO-001,IDEALPRO-1-20811,EUR/USD.IDEALPRO-MLSignalStrategyV2-V2,BUY,LIMIT,100000.00,1.02178,USD,2.04 USD,MAKER,d06ae757-8b18-4263-8c7a-cc8dd16b565a,2025-01-13 06:24:00+00:00,2025-01-13 06:24:00+00:00,{},False
O-20250113-093000-001-V2-142,BACKTESTER-001,MLSignalStrategyV2-V2,EUR/USD.IDEALPRO,IDEALPRO-1-142,IDEALPRO-001,IDEALPRO-1-21184,EUR/USD.IDEALPRO-MLSignalStrategyV2-V2,BUY,MARKET,100000.00,1.01867,USD,2.04 USD,TAKER,c8e245a6-6f31-4f0c-917b-31125b0fdd67,2025-01-13 09:30:00+00:00,2025-01-13 09:30:00+00:00,{},False
O-20250113-093000-001-V2-144,BACKTESTER-001,MLSignalStrategyV2-V2,EUR/USD.IDEALPRO,IDEALPRO-1-144,IDEALPRO-001,IDEALPRO-1-21217,EUR/USD.IDEALPRO-MLSignalStrategyV2-V2,SELL,LIMIT,100000.00,1.01980,USD,2.04 USD,MAKER,3608df6c-1b18-4359-844f-6a7a9dc7c237,2025-01-13 09:46:00+00:00,2025-01-13 09:46:00+00:00,{},False
O-20250113-113000-001-V2-145,BACKTESTER-001,MLSignalStrategyV2-V2,EUR/USD.IDEALPRO,IDEALPRO-1-145,IDEALPRO-001,IDEALPRO-1-21426,EUR/USD.IDEALPRO-MLSignalStrategyV2-V2,BUY,MARKET,100000.00,1.01908,USD,2.04 USD,TAKER,e82c95ba-ba38-4342-9139-6f7872e47047,2025-01-13 11:30:00+00:00,2025-01-13 11:30:00+00:00,{},False
O-20250113-113000-001-V2-147,BACKTESTER-001,MLSignalStrategyV2-V2,EUR/USD.IDEALPRO,IDEALPRO-1-147,IDEALPRO-001,IDEALPRO-1-21453,EUR/USD.IDEALPRO-MLSignalStrategyV2-V2,SELL,LIMIT,100000.00,1.02028,USD,2.04 USD,MAKER,52c4e687-c911-43f3-b5e0-f3b574f243ef,2025-01-13 11:43:00+00:00,2025-01-13 11:43:00+00:00,{},False
O-20250113-121500-001-V2-148,BACKTESTER-001,MLSignalStrategyV2-V2,EUR/USD.IDEALPRO,IDEALPRO-1-148,IDEALPRO-001,IDEALPRO-1-21518,EUR/USD.IDEALPRO-MLSignalStrategyV2-V2,BUY,MARKET,100000.00,1.01947,USD,2.04 USD,TAKER,689e58a9-ac7e-497a-99bb-e3acfe0f79aa,2025-01-13 12:15:00+00:00,2025-01-13 12:15:00+00:00,{},False
O-20250113-121500-001-V2-150,BACKTESTER-001,MLSignalStrategyV2-V2,EUR/USD.IDEALPRO,IDEALPRO-1-150,IDEALPRO-001,IDEALPRO-1-21601,EUR/USD.IDEALPRO-MLSignalStrategyV2-V2,SELL,LIMIT,100000.00,1.02065,USD,2.04 USD,MAKER,71ab9b02-2e8d-4bd9-a912-dd307ad2664a,2025-01-13 12:56:00+00:00,2025-01-13 12:56:00+00:00,{},False
O-20250113-181500-001-V2-151,BACKTESTER-001,MLSignalStrategyV2-V2,EUR/USD.IDEALPRO,IDEALPRO-1-151,IDEALPRO-001,IDEALPRO-1-22240,EUR/USD.IDEALPRO-MLSignalStrategyV2-V2,BUY,MARKET,100000.00,1.02164,USD,2.04 USD,TAKER,fa09eec3-420d-4c19-963b-c2c36880d696,2025-01-13 18:15:00+00:00,2025-01-13 18:15:00+00:00,{},False
O-20250113-181500-001-V2-152,BACKTESTER-001,MLSignalStrategyV2-V2,EUR/USD.IDEALPRO,IDEALPRO-1-152,IDEALPRO-001,IDEALPRO-1-22453,EUR/USD.IDEALPRO-MLSignalStrategyV2-V2,SELL,STOP_MARKET,100000.00,1.02068,USD,2.04 USD,TAKER,d31dd57b-4019-474b-945c-1a599b80044e,2025-01-13 20:01:00+00:00,2025-01-13 20:01:00+00:00,{},False
O-20250113-201500-001-V2-154,BACKTESTER-001,MLSignalStrategyV2-V2,EUR/USD.IDEALPRO,IDEALPRO-1-154,IDEALPRO-001,IDEALPRO-1-22483,EUR/USD.IDEALPRO-MLSignalStrategyV2-V2,BUY,MARKET,100000.00,1.02130,USD,2.04 USD,TAKER,3c32a108-f742-4977-9af7-7410c8018334,2025-01-13 20:15:00+00:00,2025-01-13 20:15:00+00:00,{},False
O-20250113-201500-001-V2-156,BACKTESTER-001,MLSignalStrategyV2-V2,EUR/USD.IDEALPRO,IDEALPRO-1-156,IDEALPRO-001,IDEALPRO-1-22585,EUR/USD.IDEALPRO-MLSignalStrategyV2-V2,SELL,LIMIT,100000.00,1.02188,USD,2.04 USD,MAKER,4386d8e5-3150-4309-9f0c-74df97e1f691,2025-01-13 21:06:00+00:00,2025-01-13 21:06:00+00:00,{},False
O-20250113-213000-001-V2-157,BACKTESTER-001,MLSignalStrategyV2-V2,EUR/USD.IDEALPRO,IDEALPRO-1-157,IDEALPRO-001,IDEALPRO-1-22634,EUR/USD.IDEALPRO-MLSignalStrategyV2-V2,BUY,MARKET,100000.00,1.02225,USD,2.04 USD,TAKER,1656a044-7df7-455b-87aa-9deb97e29b33,2025-01-13 21:30:00+00:00,2025-01-13 21:30:00+00:00,{},False
O-20250113-213000-001-V2-159,BACKTESTER-001,MLSignalStrategyV2-V2,EUR/USD.IDEALPRO,IDEALPRO-1-159,IDEALPRO-001,IDEALPRO-1-22663,EUR/USD.IDEALPRO-MLSignalStrategyV2-V2,SELL,LIMIT,100000.00,1.02299,USD,2.05 USD,MAKER,fc2de5c2-adba-4c9b-b82d-68fbf153ef39,2025-01-13 21:44:00+00:00,2025-01-13 21:44:00+00:00,{},False
O-20250113-214500-001-V2-160,BACKTESTER-001,MLSignalStrategyV2-V2,EUR/USD.IDEALPRO,IDEALPRO-1-160,IDEALPRO-001,IDEALPRO-1-22666,EUR/USD.IDEALPRO-MLSignalStrategyV2-V2,BUY,MARKET,100000.00,1.02277,USD,2.05 USD,TAKER,eb9fd3d4-2fab-4e11-8856-e5330d8c1ffe,2025-01-13 21:45:00+00:00,2025-01-13 21:45:00+00:00,{},False
O-20250113-214500-001-V2-162,BACKTESTER-001,MLSignalStrategyV2-V2,EUR/USD.IDEALPRO,IDEALPRO-1-162,IDEALPRO-001,IDEALPRO-1-22675,EUR/USD.IDEALPRO-MLSignalStrategyV2-V2,SELL,LIMIT,100000.00,1.02329,USD,2.05 USD,MAKER,a7975565-3609-47e1-a7a6-73c6432a6bfe,2025-01-13 21:49:00+00:00,2025-01-13 21:49:00+00:00,{},False
O-20250113-230000-001-V2-163,BACKTESTER-001,MLSignalStrategyV2-V2,EUR/USD.IDEALPRO,IDEALPRO-1-163,IDEALPRO-001,IDEALPRO-1-22788,EUR/USD.IDEALPRO-MLSignalStrategyV2-V2,SELL,MARKET,100000.00,1.02600,USD,2.05 USD,TAKER,cbdcc954-50a8-43ed-ae35-c566acc5e56d,2025-01-13 23:00:00+00:00,2025-01-13 23:00:00+00:00,{},False
O-20250113-230000-001-V2-165,BACKTESTER-001,MLSignalStrategyV2-V2,EUR/USD.IDEALPRO,IDEALPRO-1-165,IDEALPRO-001,IDEALPRO-1-22799,EUR/USD.IDEALPRO-MLSignalStrategyV2-V2,BUY,LIMIT,100000.00,1.02511,USD,2.05 USD,MAKER,6642cf00-f182-491a-93bf-059b57680663,2025-01-13 23:05:00+00:00,2025-01-13 23:05:00+00:00,{},False
O-20250113-231500-001-V2-166,BACKTESTER-001,MLSignalStrategyV2-V2,EUR/USD.IDEALPRO,IDEALPRO-1-166,IDEALPRO-001,IDEALPRO-1-22821,EUR/USD.IDEALPRO-MLSignalStrategyV2-V2,SELL,MARKET,100000.00,1.02615,USD,2.05 USD,TAKER,aab46572-12b8-435f-87f6-cdb798dad878,2025-01-13 23:15:00+00:00,2025-01-13 23:15:00+00:00,{},False
O-20250113-231500-001-V2-167,BACKTESTER-001,MLSignalStrategyV2-V2,EUR/USD.IDEALPRO,IDEALPRO-1-167,IDEALPRO-001,IDEALPRO-1-22857,EUR/USD.IDEALPRO-MLSignalStrategyV2-V2,BUY,STOP_MARKET,100000.00,1.02741,USD,2.05 USD,TAKER,36325484-2a1a-47f3-8451-44bb8eb808c9,2025-01-13 23:33:00+00:00,2025-01-13 23:33:00+00:00,{},False
O-20250113-234500-001-V2-169,BACKTESTER-001,MLSignalStrategyV2-V2,EUR/USD.IDEALPRO,IDEALPRO-1-169,IDEALPRO-001,IDEALPRO-1-22882,EUR/USD.IDEALPRO-MLSignalStrategyV2-V2,SELL,MARKET,100000.00,1.02700,USD,2.05 USD,TAKER,96a123f7-a798-4f36-8e8f-10a2f9aa70b8,2025-01-13 23:45:00+00:00,2025-01-13 23:45:00+00:00,{},False
O-20250113-234500-001-V2-171,BACKTESTER-001,MLSignalStrategyV2-V2,EUR/USD.IDEALPRO,IDEALPRO-1-171,IDEALPRO-001,IDEALPRO-1-22917,EUR/USD.IDEALPRO-MLSignalStrategyV2-V2,BUY,LIMIT,100000.00,1.02560,USD,2.05 USD,MAKER,c02e3c17-e1e4-4d4d-8a11-923b2b95b870,2025-01-14 00:02:00+00:00,2025-01-14 00:02:00+00:00,{},False
O-20250114-004500-001-V2-172,BACKTESTER-001,MLSignalStrategyV2-V2,EUR/USD.IDEALPRO,IDEALPRO-1-172,IDEALPRO-001,IDEALPRO-1-23004,EUR/USD.IDEALPRO-MLSignalStrategyV2-V2,BUY,MARKET,100000.00,1.02477,USD,2.05 USD,TAKER,897d6922-bd91-4c05-806b-5e5c925e01a6,2025-01-14 00:45:00+00:00,2025-01-14 00:45:00+00:00,{},False
O-20250114-004500-001-V2-174,BACKTESTER-001,MLSignalStrategyV2-V2,EUR/USD.IDEALPRO,IDEALPRO-1-174,IDEALPRO-001,IDEALPRO-1-23757,EUR/USD.IDEALPRO-MLSignalStrategyV2-V2,SELL,LIMIT,100000.00,1.02588,USD,2.05 USD,MAKER,5470f72c-eb50-4d9d-8db4-8cf344723b38,2025-01-14 07:01:00+00:00,2025-01-14 07:01:00+00:00,{},False
O-20250114-111500-001-V2-175,BACKTESTER-001,MLSignalStrategyV2-V2,EUR/USD.IDEALPRO,IDEALPRO-1-175,IDEALPRO-001,IDEALPRO-1-24266,EUR/USD.IDEALPRO-MLSignalStrategyV2-V2,SELL,MARKET,100000.00,1.02582,USD,2.05 USD,TAKER,f8018bd3-804e-48ff-b22a-3878882ba543,2025-01-14 11:15:00+00:00,2025-01-14 11:15:00+00:00,{},False
O-20250114-111500-001-V2-177,BACKTESTER-001,MLSignalStrategyV2-V2,EUR/USD.IDEALPRO,IDEALPRO-1-177,IDEALPRO-001,IDEALPRO-1-24373,EUR/USD.IDEALPRO-MLSignalStrategyV2-V2,BUY,LIMIT,100000.00,1.02463,USD,2.05 USD,MAKER,58459fa5-cb9a-4b38-a432-4aba52e9a538,2025-01-14 12:08:00+00:00,2025-01-14 12:08:00+00:00,{},False
O-20250114-184500-001-V2-178,BACKTESTER-001,MLSignalStrategyV2-V2,EUR/USD.IDEALPRO,IDEALPRO-1-178,IDEALPRO-001,IDEALPRO-1-25168,EUR/USD.IDEALPRO-MLSignalStrategyV2-V2,BUY,MARKET,100000.00,1.02984,USD,2.06 USD,TAKER,0651e2d5-dbb4-4f3a-91d2-b7cfeb26a9ae,2025-01-14 18:45:00+00:00,2025-01-14 18:45:00+00:00,{},False
O-20250114-184500-001-V2-180,BACKTESTER-001,MLSignalStrategyV2-V2,EUR/USD.IDEALPRO,IDEALPRO-1-180,IDEALPRO-001,IDEALPRO-1-25367,EUR/USD.IDEALPRO-MLSignalStrategyV2-V2,SELL,LIMIT,100000.00,1.03075,USD,2.06 USD,MAKER,fdf95cf4-77bf-4eb1-8279-8dbb414e490f,2025-01-14 20:24:00+00:00,2025-01-14 20:24:00+00:00,{},False
O-20250114-210000-001-V2-181,BACKTESTER-001,MLSignalStrategyV2-V2,EUR/USD.IDEALPRO,IDEALPRO-1-181,IDEALPRO-001,IDEALPRO-1-25440,EUR/USD.IDEALPRO-MLSignalStrategyV2-V2,BUY,MARKET,100000.00,1.03019,USD,2.06 USD,TAKER,3430822f-6f8e-45a5-ac3b-dcc1a4702e68,2025-01-14 21:00:00+00:00,2025-01-14 21:00:00+00:00,{},False
O-20250114-210000-001-V2-183,BACKTESTER-001,MLSignalStrategyV2-V2,EUR/USD.IDEALPRO,IDEALPRO-1-183,IDEALPRO-001,IDEALPRO-1-25555,EUR/USD.IDEALPRO-MLSignalStrategyV2-V2,SELL,LIMIT,100000.00,1.03084,USD,2.06 USD,MAKER,30144337-f4e1-4be4-a1d0-0fd86843a723,2025-01-14 21:57:00+00:00,2025-01-14 21:57:00+00:00,{},False
O-20250115-030000-001-V2-184,BACKTESTER-001,MLSignalStrategyV2-V2,EUR/USD.IDEALPRO,IDEALPRO-1-184,IDEALPRO-001,IDEALPRO-1-26132,EUR/USD.IDEALPRO-MLSignalStrategyV2-V2,SELL,MARKET,100000.00,1.02971,USD,2.06 USD,TAKER,ccbdd28d-b7dd-4738-98bb-088c20d5c662,2025-01-15 03:00:00+00:00,2025-01-15 03:00:00+00:00,{},False
O-20250115-030000-001-V2-185,BACKTESTER-001,MLSignalStrategyV2-V2,EUR/USD.IDEALPRO,IDEALPRO-1-185,IDEALPRO-001,IDEALPRO-1-26161,EUR/USD.IDEALPRO-MLSignalStrategyV2-V2,BUY,STOP_MARKET,100000.00,1.03015,USD,2.06 USD,TAKER,6dbc31ed-1fda-4beb-999f-689966c8b160,2025-01-15 03:14:00+00:00,2025-01-15 03:14:00+00:00,{},False
O-20250115-031500-001-V2-187,BACKTESTER-001,MLSignalStrategyV2-V2,EUR/USD.IDEALPRO,IDEALPRO-1-187,IDEALPRO-001,IDEALPRO-1-26165,EUR/USD.IDEALPRO-MLSignalStrategyV2-V2,SELL,MARKET,100000.00,1.03005,USD,2.06 USD,TAKER,5e456037-6c33-4882-9ba3-3981c0d82ad3,2025-01-15 03:15:00+00:00,2025-01-15 03:15:00+00:00,{},False
O-20250115-031500-001-V2-188,BACKTESTER-001,MLSignalStrategyV2-V2,EUR/USD.IDEALPRO,IDEALPRO-1-188,IDEALPRO-001,IDEALPRO-1-26427,EUR/USD.IDEALPRO-MLSignalStrategyV2-V2,BUY,STOP_MARKET,100000.00,1.03053,USD,2.06 USD,TAKER,cb68e293-ca90-423d-92c4-c69bbabc35ab,2025-01-15 05:26:00+00:00,2025-01-15 05:26:00+00:00,{},False
O-20250115-061500-001-V2-190,BACKTESTER-001,MLSignalStrategyV2-V2,EUR/USD.IDEALPRO,IDEALPRO-1-190,IDEALPRO-001,IDEALPRO-1-26526,EUR/USD.IDEALPRO-MLSignalStrategyV2-V2,BUY,MARKET,100000.00,1.02958,USD,2.06 USD,TAKER,a2066ccc-de6f-4350-b284-f56df0019de3,2025-01-15 06:15:00+00:00,2025-01-15 06:15:00+00:00,{},False
O-20250115-061500-001-V2-191,BACKTESTER-001,MLSignalStrategyV2-V2,EUR/USD.IDEALPRO,IDEALPRO-1-191,IDEALPRO-001,IDEALPRO-1-26631,EUR/USD.IDEALPRO-MLSignalStrategyV2-V2,SELL,STOP_MARKET,100000.00,1.02893,USD,2.06 USD,TAKER,dbec2ced-95e8-4502-bc70-7f6aa514e4b9,2025-01-15 07:07:00+00:00,2025-01-15 07:07:00+00:00,{},False
O-20250115-093000-001-V2-193,BACKTESTER-001,MLSignalStrategyV2-V2,EUR/USD.IDEALPRO,IDEALPRO-1-193,IDEALPRO-001,IDEALPRO-1-26919,EUR/USD.IDEALPRO-MLSignalStrategyV2-V2,SELL,MARKET,100000.00,1.03053,USD,2.06 USD,TAKER,9dd03eac-9123-4c44-b6b1-bc44e46582ca,2025-01-15 09:30:00+00:00,2025-01-15 09:30:00+00:00,{},False
O-20250115-093000-001-V2-195,BACKTESTER-001,MLSignalStrategyV2-V2,EUR/USD.IDEALPRO,IDEALPRO-1-195,IDEALPRO-001,IDEALPRO-1-27317,EUR/USD.IDEALPRO-MLSignalStrategyV2-V2,BUY,LIMIT,100000.00,1.02963,USD,2.06 USD,MAKER,e7063d27-0dfa-4866-8264-4c5167b92f0d,2025-01-15 12:49:00+00:00,2025-01-15 12:49:00+00:00,{},False
O-20250115-154500-001-V2-196,BACKTESTER-001,MLSignalStrategyV2-V2,EUR/USD.IDEALPRO,IDEALPRO-1-196,IDEALPRO-001,IDEALPRO-1-27670,EUR/USD.IDEALPRO-MLSignalStrategyV2-V2,SELL,MARKET,100000.00,1.03147,USD,2.06 USD,TAKER,b56c5be7-7384-40e6-89a7-c231e7ecfbd7,2025-01-15 15:45:00+00:00,2025-01-15 15:45:00+00:00,{},False
O-20250115-154500-001-V2-198,BACKTESTER-001,MLSignalStrategyV2-V2,EUR/USD.IDEALPRO,IDEALPRO-1-198,IDEALPRO-001,IDEALPRO-1-27685,EUR/USD.IDEALPRO-MLSignalStrategyV2-V2,BUY,LIMIT,100000.00,1.02990,USD,2.06 USD,MAKER,a5d828d6-b5e6-456f-b93e-cb4c348dd146,2025-01-15 15:52:00+00:00,2025-01-15 15:52:00+00:00,{},False
O-20250115-171500-001-V2-199,BACKTESTER-001,MLSignalStrategyV2-V2,EUR/USD.IDEALPRO,IDEALPRO-1-199,IDEALPRO-001,IDEALPRO-1-27853,EUR/USD.IDEALPRO-MLSignalStrategyV2-V2,BUY,MARKET,100000.00,1.02859,USD,2.06 USD,TAKER,fe0b7fc3-e204-4e59-8dc1-b226ffeeb9aa,2025-01-15 17:15:00+00:00,2025-01-15 17:15:00+00:00,{},False
O-20250115-171500-001-V2-201,BACKTESTER-001,MLSignalStrategyV2-V2,EUR/USD.IDEALPRO,IDEALPRO-1-201,IDEALPRO-001,IDEALPRO-1-29549,EUR/USD.IDEALPRO-MLSignalStrategyV2-V2,SELL,LIMIT,100000.00,1.03015,USD,2.06 USD,MAKER,8561dafe-bcb4-4887-beb6-285aecec4a19,2025-01-16 07:38:00+00:00,2025-01-16 07:38:00+00:00,{},False
O-20250116-134500-001-V2-202,BACKTESTER-001,MLSignalStrategyV2-V2,EUR/USD.IDEALPRO,IDEALPRO-1-202,IDEALPRO-001,IDEALPRO-1-30284,EUR/USD.IDEALPRO-MLSignalStrategyV2-V2,BUY,MARKET,100000.00,1.02791,USD,2.06 USD,TAKER,8c4a5e6b-fd52-461d-bb0b-50df6187d67e,2025-01-16 13:45:00+00:00,2025-01-16 13:45:00+00:00,{},False
O-20250116-134500-001-V2-203,BACKTESTER-001,MLSignalStrategyV2-V2,EUR/USD.IDEALPRO,IDEALPRO-1-203,IDEALPRO-001,IDEALPRO-1-30381,EUR/USD.IDEALPRO-MLSignalStrategyV2-V2,SELL,STOP_MARKET,100000.00,1.02679,USD,2.05 USD,TAKER,32249f8b-7408-40c6-ae33-9419d6241286,2025-01-16 14:33:00+00:00,2025-01-16 14:33:00+00:00,{},False
O-20250117-001500-001-V2-205,BACKTESTER-001,MLSignalStrategyV2-V2,EUR/USD.IDEALPRO,IDEALPRO-1-205,IDEALPRO-001,IDEALPRO-1-31516,EUR/USD.IDEALPRO-MLSignalStrategyV2-V2,BUY,MARKET,100000.00,1.02992,USD,2.06 USD,TAKER,d74a3e1d-6e0d-4be8-94ee-b84bab997b1a,2025-01-17 00:15:00+00:00,2025-01-17 00:15:00+00:00,{},False
O-20250117-001500-001-V2-207,BACKTESTER-001,MLSignalStrategyV2-V2,EUR/USD.IDEALPRO,IDEALPRO-1-207,IDEALPRO-001,IDEALPRO-1-31549,EUR/USD.IDEALPRO-MLSignalStrategyV2-V2,SELL,LIMIT,100000.00,1.03035,USD,2.06 USD,MAKER,769214f0-276d-43f2-af79-0f0a1eeee02d,2025-01-17 00:31:00+00:00,2025-01-17 00:31:00+00:00,{},False
O-20250117-030000-001-V2-208,BACKTESTER-001,MLSignalStrategyV2-V2,EUR/USD.IDEALPRO,IDEALPRO-1-208,IDEALPRO-001,IDEALPRO-1-31849,EUR/USD.IDEALPRO-MLSignalStrategyV2-V2,SELL,MARKET,100000.00,1.03033,USD,2.06 USD,TAKER,8d168910-5bfb-4eaa-a854-1e8546bf41a6,2025-01-17 03:00:00+00:00,2025-01-17 03:00:00+00:00,{},False
O-20250117-030000-001-V2-210,BACKTESTER-001,MLSignalStrategyV2-V2,EUR/USD.IDEALPRO,IDEALPRO-1-210,IDEALPRO-001,IDEALPRO-1-31977,EUR/USD.IDEALPRO-MLSignalStrategyV2-V2,BUY,LIMIT,100000.00,1.02993,USD,2.06 USD,MAKER,2d26894a-9332-4774-aa81-cbc928ec9840,2025-01-17 04:04:00+00:00,2025-01-17 04:04:00+00:00,{},False
O-20250117-044500-001-V2-211,BACKTESTER-001,MLSignalStrategyV2-V2,EUR/USD.IDEALPRO,IDEALPRO-1-211,IDEALPRO-001,IDEALPRO-1-32060,EUR/USD.IDEALPRO-MLSignalStrategyV2-V2,BUY,MARKET,100000.00,1.02934,USD,2.06 USD,TAKER,0d6fef25-d4d1-4440-98f8-25ce724effa2,2025-01-17 04:45:00+00:00,2025-01-17 04:45:00+00:00,{},False
O-20250117-044500-001-V2-212,BACKTESTER-001,MLSignalStrategyV2-V2,EUR/USD.IDEALPRO,IDEALPRO-1-212,IDEALPRO-001,IDEALPRO-1-32181,EUR/USD.IDEALPRO-MLSignalStrategyV2-V2,SELL,STOP_MARKET,100000.00,1.02894,USD,2.06 USD,TAKER,717f0640-8bc3-46a7-b0bd-ab22d2caff1d,2025-01-17 05:45:00+00:00,2025-01-17 05:45:00+00:00,{},False
O-20250117-054500-001-V2-214,BACKTESTER-001,MLSignalStrategyV2-V2,EUR/USD.IDEALPRO,IDEALPRO-1-214,IDEALPRO-001,IDEALPRO-1-32182,EUR/USD.IDEALPRO-MLSignalStrategyV2-V2,SELL,MARKET,100000.00,1.02895,USD,2.06 USD,TAKER,a4e31228-d255-4c3d-80f5-f8ee3839c25a,2025-01-17 05:45:00+00:00,2025-01-17 05:45:00+00:00,{},False
O-20250117-054500-001-V2-215,BACKTESTER-001,MLSignalStrategyV2-V2,EUR/USD.IDEALPRO,IDEALPRO-1-215,IDEALPRO-001,IDEALPRO-1-32211,EUR/USD.IDEALPRO-MLSignalStrategyV2-V2,BUY,STOP_MARKET,100000.00,1.02937,USD,2.06 USD,TAKER,1cfa7c44-c779-4c42-9de8-d6049e3740d4,2025-01-17 05:59:00+00:00,2025-01-17 05:59:00+00:00,{},False
O-20250117-064500-001-V2-217,BACKTESTER-001,MLSignalStrategyV2-V2,EUR/USD.IDEALPRO,IDEALPRO-1-217,IDEALPRO-001,IDEALPRO-1-32304,EUR/USD.IDEALPRO-MLSignalStrategyV2-V2,SELL,MARKET,100000.00,1.02878,USD,2.06 USD,TAKER,db959298-2879-4ac2-88fb-8e1bea807eda,2025-01-17 06:45:00+00:00,2025-01-17 06:45:00+00:00,{},False
O-20250117-064500-001-V2-219,BACKTESTER-001,MLSignalStrategyV2-V2,EUR/USD.IDEALPRO,IDEALPRO-1-219,IDEALPRO-001,IDEALPRO-1-32363,EUR/USD.IDEALPRO-MLSignalStrategyV2-V2,BUY,LIMIT,100000.00,1.02831,USD,2.06 USD,MAKER,46328091-eeff-4f07-b6bd-f58a4ed8690b,2025-01-17 07:14:00+00:00,2025-01-17 07:14:00+00:00,{},False
O-20250117-080000-001-V2-220,BACKTESTER-001,MLSignalStrategyV2-V2,EUR/USD.IDEALPRO,IDEALPRO-1-220,IDEALPRO-001,IDEALPRO-1-32456,EUR/USD.IDEALPRO-MLSignalStrategyV2-V2,SELL,MARKET,100000.00,1.02845,USD,2.06 USD,TAKER,883ed8b5-6cb3-458e-823e-1bb468f8b054,2025-01-17 08:00:00+00:00,2025-01-17 08:00:00+00:00,{},False
O-20250117-080000-001-V2-221,BACKTESTER-001,MLSignalStrategyV2-V2,EUR/USD.IDEALPRO,IDEALPRO-1-221,IDEALPRO-001,IDEALPRO-1-32469,EUR/USD.IDEALPRO-MLSignalStrategyV2-V2,BUY,STOP_MARKET,100000.00,1.02920,USD,2.06 USD,TAKER,10f16312-be15-47a7-b8a2-ea6086c332f5,2025-01-17 08:06:00+00:00,2025-01-17 08:06:00+00:00,{},False
O-20250119-224500-001-V2-223,BACKTESTER-001,MLSignalStrategyV2-V2,EUR/USD.IDEALPRO,IDEALPRO-1-223,IDEALPRO-001,IDEALPRO-1-34197,EUR/USD.IDEALPRO-MLSignalStrategyV2-V2,BUY,MARKET,100000.00,1.02755,USD,2.06 USD,TAKER,193fb7cd-6297-48f8-a7ef-583f72e60b34,2025-01-19 22:45:00+00:00,2025-01-19 22:45:00+00:00,{},False
O-20250119-224500-001-V2-225,BACKTESTER-001,MLSignalStrategyV2-V2,EUR/USD.IDEALPRO,IDEALPRO-1-225,IDEALPRO-001,IDEALPRO-1-34223,EUR/USD.IDEALPRO-MLSignalStrategyV2-V2,SELL,LIMIT,100000.00,1.02846,USD,2.06 USD,MAKER,15dea80a-4046-4083-b2e9-0b5ef54163c5,2025-01-19 22:57:00+00:00,2025-01-19 22:57:00+00:00,{},False
O-20250119-230000-001-V2-226,BACKTESTER-001,MLSignalStrategyV2-V2,EUR/USD.IDEALPRO,IDEALPRO-1-226,IDEALPRO-001,IDEALPRO-1-34231,EUR/USD.IDEALPRO-MLSignalStrategyV2-V2,BUY,MARKET,100000.00,1.02806,USD,2.06 USD,TAKER,11765067-e6a8-4db5-a18a-9a2a6357b014,2025-01-19 23:00:00+00:00,2025-01-19 23:00:00+00:00,{},False
O-20250119-230000-001-V2-227,BACKTESTER-001,MLSignalStrategyV2-V2,EUR/USD.IDEALPRO,IDEALPRO-1-227,IDEALPRO-001,IDEALPRO-1-34245,EUR/USD.IDEALPRO-MLSignalStrategyV2-V2,SELL,STOP_MARKET,100000.00,1.02734,USD,2.05 USD,TAKER,fbfbf9d1-d979-4557-a8db-524ca8b4c8ed,2025-01-19 23:07:00+00:00,2025-01-19 23:07:00+00:00,{},False
O-20250119-233000-001-V2-229,BACKTESTER-001,MLSignalStrategyV2-V2,EUR/USD.IDEALPRO,IDEALPRO-1-229,IDEALPRO-001,IDEALPRO-1-34292,EUR/USD.IDEALPRO-MLSignalStrategyV2-V2,BUY,MARKET,100000.00,1.02685,USD,2.05 USD,TAKER,55586953-1920-4202-b414-bc012858e7bc,2025-01-19 23:30:00+00:00,2025-01-19 23:30:00+00:00,{},False
O-20250119-233000-001-V2-231,BACKTESTER-001,MLSignalStrategyV2-V2,EUR/USD.IDEALPRO,IDEALPRO-1-231,IDEALPRO-001,IDEALPRO-1-34319,EUR/USD.IDEALPRO-MLSignalStrategyV2-V2,SELL,LIMIT,100000.00,1.02754,USD,2.06 USD,MAKER,fe973a0a-f7c7-4372-bd65-8a9ce5cb3639,2025-01-19 23:43:00+00:00,2025-01-19 23:43:00+00:00,{},False
O-20250119-234500-001-V2-232,BACKTESTER-001,MLSignalStrategyV2-V2,EUR/USD.IDEALPRO,IDEALPRO-1-232,IDEALPRO-001,IDEALPRO-1-34324,EUR/USD.IDEALPRO-MLSignalStrategyV2-V2,BUY,MARKET,100000.00,1.02732,USD,2.05 USD,TAKER,d794c2bc-c03c-4dfc-ad2d-3dc117c05867,2025-01-19 23:45:00+00:00,2025-01-19 23:45:00+00:00,{},False
O-20250119-234500-001-V2-234,BACKTESTER-001,MLSignalStrategyV2-V2,EUR/USD.IDEALPRO,IDEALPRO-1-234,IDEALPRO-001,IDEALPRO-1-34353,EUR/USD.IDEALPRO-MLSignalStrategyV2-V2,SELL,LIMIT,100000.00,1.02795,USD,2.06 USD,MAKER,b1fbafaf-e43a-4de9-8fae-4efdc011d534,2025-01-19 23:59:00+00:00,2025-01-19 23:59:00+00:00,{},False
O-20250120-033000-001-V2-235,BACKTESTER-001,MLSignalStrategyV2-V2,EUR/USD.IDEALPRO,IDEALPRO-1-235,IDEALPRO-001,IDEALPRO-1-34776,EUR/USD.IDEALPRO-MLSignalStrategyV2-V2,SELL,MARKET,100000.00,1.02955,USD,2.06 USD,TAKER,16eaaa31-ecab-4cfd-86bf-e7ac55651ac6,2025-01-20 03:30:00+00:00,2025-01-20 03:30:00+00:00,{},False
O-20250120-033000-001-V2-236,BACKTESTER-001,MLSignalStrategyV2-V2,EUR/USD.IDEALPRO,IDEALPRO-1-236,IDEALPRO-001,IDEALPRO-1-34819,EUR/USD.IDEALPRO-MLSignalStrategyV2-V2,BUY,STOP_MARKET,100000.00,1.03015,USD,2.06 USD,TAKER,c9065425-9b31-4c28-a340-028fdaaabf22,2025-01-20 03:51:00+00:00,2025-01-20 03:51:00+00:00,{},False
O-20250120-073000-001-V2-238,BACKTESTER-001,MLSignalStrategyV2-V2,EUR/USD.IDEALPRO,IDEALPRO-1-238,IDEALPRO-001,IDEALPRO-1-35258,EUR/USD.IDEALPRO-MLSignalStrategyV2-V2,SELL,MARKET,100000.00,1.03104,USD,2.06 USD,TAKER,f646b9ef-292f-48c5-bc20-b6698fcde28a,2025-01-20 07:30:00+00:00,2025-01-20 07:30:00+00:00,{},False
O-20250120-073000-001-V2-239,BACKTESTER-001,MLSignalStrategyV2-V2,EUR/USD.IDEALPRO,IDEALPRO-1-239,IDEALPRO-001,IDEALPRO-1-35289,EUR/USD.IDEALPRO-MLSignalStrategyV2-V2,BUY,STOP_MARKET,100000.00,1.03180,USD,2.06 USD,TAKER,6503e1e9-b174-4ae9-9406-7bfeed5a2c25,2025-01-20 07:45:00+00:00,2025-01-20 07:45:00+00:00,{},False
O-20250120-074500-001-V2-241,BACKTESTER-001,MLSignalStrategyV2-V2,EUR/USD.IDEALPRO,IDEALPRO-1-241,IDEALPRO-001,IDEALPRO-1-35290,EUR/USD.IDEALPRO-MLSignalStrategyV2-V2,SELL,MARKET,100000.00,1.03173,USD,2.06 USD,TAKER,fb99fca7-32cd-459c-8fc3-0163d733f861,2025-01-20 07:45:00+00:00,2025-01-20 07:45:00+00:00,{},False
O-20250120-074500-001-V2-243,BACKTESTER-001,MLSignalStrategyV2-V2,EUR/USD.IDEALPRO,IDEALPRO-1-243,IDEALPRO-001,IDEALPRO-1-35373,EUR/USD.IDEALPRO-MLSignalStrategyV2-V2,BUY,LIMIT,100000.00,1.03103,USD,2.06 USD,MAKER,d59901af-daf0-4ce3-b8f3-61b9d77ca429,2025-01-20 08:26:00+00:00,2025-01-20 08:26:00+00:00,{},False
O-20250120-113000-001-V2-244,BACKTESTER-001,MLSignalStrategyV2-V2,EUR/USD.IDEALPRO,IDEALPRO-1-244,IDEALPRO-001,IDEALPRO-1-35742,EUR/USD.IDEALPRO-MLSignalStrategyV2-V2,BUY,MARKET,100000.00,1.03215,USD,2.06 USD,TAKER,57ff3dfb-8941-4bc2-b2e1-06f7ffdfd817,2025-01-20 11:30:00+00:00,2025-01-20 11:30:00+00:00,{},False
O-20250120-113000-001-V2-245,BACKTESTER-001,MLSignalStrategyV2-V2,EUR/USD.IDEALPRO,IDEALPRO-1-245,IDEALPRO-001,IDEALPRO-1-35967,EUR/USD.IDEALPRO-MLSignalStrategyV2-V2,SELL,STOP_MARKET,100000.00,1.03122,USD,2.06 USD,TAKER,9ffaf2e8-8f08-4b86-8a72-2a4b20236b8e,2025-01-20 13:22:00+00:00,2025-01-20 13:22:00+00:00,{},False
O-20250120-134500-001-V2-247,BACKTESTER-001,MLSignalStrategyV2-V2,EUR/USD.IDEALPRO,IDEALPRO-1-247,IDEALPRO-001,IDEALPRO-1-36014,EUR/USD.IDEALPRO-MLSignalStrategyV2-V2,SELL,MARKET,100000.00,1.03807,USD,2.08 USD,TAKER,0e713f32-144f-4085-bc43-f5e18f69e572,2025-01-20 13:45:00+00:00,2025-01-20 13:45:00+00:00,{},False
O-20250120-134500-001-V2-248,BACKTESTER-001,MLSignalStrategyV2-V2,EUR/USD.IDEALPRO,IDEALPRO-1-248,IDEALPRO-001,IDEALPRO-1-36025,EUR/USD.IDEALPRO-MLSignalStrategyV2-V2,BUY,STOP_MARKET,100000.00,1.03961,USD,2.08 USD,TAKER,91a09b30-ca68-4000-8adb-b5cf30ce1aca,2025-01-20 13:50:00+00:00,2025-01-20 13:50:00+00:00,{},False
O-20250120-141500-001-V2-250,BACKTESTER-001,MLSignalStrategyV2-V2,EUR/USD.IDEALPRO,IDEALPRO-1-250,IDEALPRO-001,IDEALPRO-1-36076,EUR/USD.IDEALPRO-MLSignalStrategyV2-V2,SELL,MARKET,100000.00,1.03900,USD,2.08 USD,TAKER,86b21a06-2182-4b8f-86f4-0e68e4902f29,2025-01-20 14:15:00+00:00,2025-01-20 14:15:00+00:00,{},False
O-20250120-141500-001-V2-251,BACKTESTER-001,MLSignalStrategyV2-V2,EUR/USD.IDEALPRO,IDEALPRO-1-251,IDEALPRO-001,IDEALPRO-1-36131,EUR/USD.IDEALPRO-MLSignalStrategyV2-V2,BUY,STOP_MARKET,100000.00,1.04189,USD,2.08 USD,TAKER,e3ade863-d824-4df8-a6a8-7cad3fc19609,2025-01-20 14:42:00+00:00,2025-01-20 14:42:00+00:00,{},False
O-20250120-153000-001-V2-253,BACKTESTER-001,MLSignalStrategyV2-V2,EUR/USD.IDEALPRO,IDEALPRO-1-253,IDEALPRO-001,IDEALPRO-1-36228,EUR/USD.IDEALPRO-MLSignalStrategyV2-V2,SELL,MARKET,100000.00,1.04034,USD,2.08 USD,TAKER,9ea9fb19-255e-492c-9040-447c568f8731,2025-01-20 15:30:00+00:00,2025-01-20 15:30:00+00:00,{},False
O-20250120-153000-001-V2-255,BACKTESTER-001,MLSignalStrategyV2-V2,EUR/USD.IDEALPRO,IDEALPRO-1-255,IDEALPRO-001,IDEALPRO-1-36435,EUR/USD.IDEALPRO-MLSignalStrategyV2-V2,BUY,LIMIT,100000.00,1.03797,USD,2.08 USD,MAKER,3ffa6da5-1f40-4f57-98f6-881a914c73a8,2025-01-20 17:13:00+00:00,2025-01-20 17:13:00+00:00,{},False
O-20250120-183000-001-V2-256,BACKTESTER-001,MLSignalStrategyV2-V2,EUR/USD.IDEALPRO,IDEALPRO-1-256,IDEALPRO-001,IDEALPRO-1-36590,EUR/USD.IDEALPRO-MLSignalStrategyV2-V2,BUY,MARKET,100000.00,1.03860,USD,2.08 USD,TAKER,77d11a9f-41eb-460b-a33f-702593393e93,2025-01-20 18:30:00+00:00,2025-01-20 18:30:00+00:00,{},False
O-20250120-183000-001-V2-258,BACKTESTER-001,MLSignalStrategyV2-V2,EUR/USD.IDEALPRO,IDEALPRO-1-258,IDEALPRO-001,IDEALPRO-1-36743,EUR/USD.IDEALPRO-MLSignalStrategyV2-V2,SELL,LIMIT,100000.00,1.04068,USD,2.08 USD,MAKER,e02dab34-6390-42a5-b697-68f3be3db6f3,2025-01-20 19:46:00+00:00,2025-01-20 19:46:00+00:00,{},False
O-20250120-210000-001-V2-259,BACKTESTER-001,MLSignalStrategyV2-V2,EUR/USD.IDEALPRO,IDEALPRO-1-259,IDEALPRO-001,IDEALPRO-1-36893,EUR/USD.IDEALPRO-MLSignalStrategyV2-V2,SELL,MARKET,100000.00,1.04161,USD,2.08 USD,TAKER,0037456c-f999-4936-bbed-1edb3df4ae11,2025-01-20 21:00:00+00:00,2025-01-20 21:00:00+00:00,{},False
O-20250120-210000-001-V2-260,BACKTESTER-001,MLSignalStrategyV2-V2,EUR/USD.IDEALPRO,IDEALPRO-1-260,IDEALPRO-001,IDEALPRO-1-37245,EUR/USD.IDEALPRO-MLSignalStrategyV2-V2,BUY,STOP_MARKET,100000.00,1.04343,USD,2.09 USD,TAKER,bdf23393-24ab-4890-b9b3-52f2c774068a,2025-01-21 00:11:00+00:00,2025-01-21 00:11:00+00:00,{},False
O-20250121-010000-001-V2-262,BACKTESTER-001,MLSignalStrategyV2-V2,EUR/USD.IDEALPRO,IDEALPRO-1-262,IDEALPRO-001,IDEALPRO-1-37344,EUR/USD.IDEALPRO-MLSignalStrategyV2-V2,BUY,MARKET,100000.00,1.03622,USD,2.07 USD,TAKER,4ee7d4c5-12be-4e6e-a38d-b2ca70d7e361,2025-01-21 01:00:00+00:00,2025-01-21 01:00:00+00:00,{},False
O-20250121-010000-001-V2-264,BACKTESTER-001,MLSignalStrategyV2-V2,EUR/USD.IDEALPRO,IDEALPRO-1-264,IDEALPRO-001,IDEALPRO-1-37369,EUR/USD.IDEALPRO-MLSignalStrategyV2-V2,SELL,LIMIT,100000.00,1.03808,USD,2.08 USD,MAKER,45c4fb85-5eb1-46d4-9826-a6ceb0634547,2025-01-21 01:12:00+00:00,2025-01-21 01:12:00+00:00,{},False
O-20250121-011500-001-V2-265,BACKTESTER-001,MLSignalStrategyV2-V2,EUR/USD.IDEALPRO,IDEALPRO-1-265,IDEALPRO-001,IDEALPRO-1-37376,EUR/USD.IDEALPRO-MLSignalStrategyV2-V2,BUY,MARKET,100000.00,1.03704,USD,2.07 USD,TAKER,3d96141d-39e4-474a-80ca-0d503073dfc5,2025-01-21 01:15:00+00:00,2025-01-21 01:15:00+00:00,{},False
O-20250121-011500-001-V2-267,BACKTESTER-001,MLSignalStrategyV2-V2,EUR/USD.IDEALPRO,IDEALPRO-1-267,IDEALPRO-001,IDEALPRO-1-37403,EUR/USD.IDEALPRO-MLSignalStrategyV2-V2,SELL,LIMIT,100000.00,1.03977,USD,2.08 USD,MAKER,bb774c58-c209-4ad9-b9f0-57b497b0a181,2025-01-21 01:28:00+00:00,2025-01-21 01:28:00+00:00,{},False
O-20250121-013000-001-V2-268,BACKTESTER-001,MLSignalStrategyV2-V2,EUR/USD.IDEALPRO,IDEALPRO-1-268,IDEALPRO-001,IDEALPRO-1-37408,EUR/USD.IDEALPRO-MLSignalStrategyV2-V2,BUY,MARKET,100000.00,1.03842,USD,2.08 USD,TAKER,caeb46a7-a104-4159-8f57-9c9fb9f1f299,2025-01-21 01:30:00+00:00,2025-01-21 01:30:00+00:00,{},False
O-20250121-013000-001-V2-269,BACKTESTER-001,MLSignalStrategyV2-V2,EUR/USD.IDEALPRO,IDEALPRO-1-269,IDEALPRO-001,IDEALPRO-1-38263,EUR/USD.IDEALPRO-MLSignalStrategyV2-V2,SELL,STOP_MARKET,100000.00,1.03604,USD,2.07 USD,TAKER,a89d29dd-18de-456b-99b7-488cbb58bfcb,2025-01-21 08:37:00+00:00,2025-01-21 08:37:00+00:00,{},False
O-20250121-084500-001-V2-271,BACKTESTER-001,MLSignalStrategyV2-V2,EUR/USD.IDEALPRO,IDEALPRO-1-271,IDEALPRO-001,IDEALPRO-1-38280,EUR/USD.IDEALPRO-MLSignalStrategyV2-V2,BUY,MARKET,100000.00,1.03535,USD,2.07 USD,TAKER,ec7ed53b-994b-4bc9-849e-af7bd30e5906,2025-01-21 08:45:00+00:00,2025-01-21 08:45:00+00:00,{},False
O-20250121-084500-001-V2-273,BACKTESTER-001,MLSignalStrategyV2-V2,EUR/USD.IDEALPRO,IDEALPRO-1-273,IDEALPRO-001,IDEALPRO-1-38289,EUR/USD.IDEALPRO-MLSignalStrategyV2-V2,SELL,LIMIT,100000.00,1.03621,USD,2.07 USD,MAKER,4aebd9c4-5df6-4994-a623-af3771a98eb7,2025-01-21 08:49:00+00:00,2025-01-21 08:49:00+00:00,{},False
O-20250121-090000-001-V2-274,BACKTESTER-001,MLSignalStrategyV2-V2,EUR/USD.IDEALPRO,IDEALPRO-1-274,IDEALPRO-001,IDEALPRO-1-38312,EUR/USD.IDEALPRO-MLSignalStrategyV2-V2,BUY,MARKET,100000.00,1.03608,USD,2.07 USD,TAKER,516ff6d1-5c93-4726-99b5-b361c4bc2eff,2025-01-21 09:00:00+00:00,2025-01-21 09:00:00+00:00,{},False
O-20250121-090000-001-V2-275,BACKTESTER-001,MLSignalStrategyV2-V2,EUR/USD.IDEALPRO,IDEALPRO-1-275,IDEALPRO-001,IDEALPRO-1-38385,EUR/USD.IDEALPRO-MLSignalStrategyV2-V2,SELL,STOP_MARKET,100000.00,1.03493,USD,2.07 USD,TAKER,a6b2a5fa-c958-4061-9680-4287a4334b1d,2025-01-21 09:36:00+00:00,2025-01-21 09:36:00+00:00,{},False
O-20250121-094500-001-V2-277,BACKTESTER-001,MLSignalStrategyV2-V2,EUR/USD.IDEALPRO,IDEALPRO-1-277,IDEALPRO-001,IDEALPRO-1-38404,EUR/USD.IDEALPRO-MLSignalStrategyV2-V2,BUY,MARKET,100000.00,1.03463,USD,2.07 USD,TAKER,c0d0ddfc-5c6f-443e-a546-66a6d37dcdee,2025-01-21 09:45:00+00:00,2025-01-21 09:45:00+00:00,{},False
O-20250121-094500-001-V2-279,BACKTESTER-001,MLSignalStrategyV2-V2,EUR/USD.IDEALPRO,IDEALPRO-1-279,IDEALPRO-001,IDEALPRO-1-38499,EUR/USD.IDEALPRO-MLSignalStrategyV2-V2,SELL,LIMIT,100000.00,1.03567,USD,2.07 USD,MAKER,01309519-05d5-4d4c-9c2b-0ac64aa48803,2025-01-21 10:32:00+00:00,2025-01-21 10:32:00+00:00,{},False
O-20250121-113000-001-V2-280,BACKTESTER-001,MLSignalStrategyV2-V2,EUR/USD.IDEALPRO,IDEALPRO-1-280,IDEALPRO-001,IDEALPRO-1-38616,EUR/USD.IDEALPRO-MLSignalStrategyV2-V2,BUY,MARKET,100000.00,1.03497,USD,2.07 USD,TAKER,1c65452b-12e3-4d7f-a078-5f9d3a247e25,2025-01-21 11:30:00+00:00,2025-01-21 11:30:00+00:00,{},False
O-20250121-113000-001-V2-282,BACKTESTER-001,MLSignalStrategyV2-V2,EUR/USD.IDEALPRO,IDEALPRO-1-282,IDEALPRO-001,IDEALPRO-1-38825,EUR/USD.IDEALPRO-MLSignalStrategyV2-V2,SELL,LIMIT,100000.00,1.03589,USD,2.07 USD,MAKER,fc030c09-15f4-431a-9571-4c917bcd692f,2025-01-21 13:14:00+00:00,2025-01-21 13:14:00+00:00,{},False
O-20250121-211500-001-V2-283,BACKTESTER-001,MLSignalStrategyV2-V2,EUR/USD.IDEALPRO,IDEALPRO-1-283,IDEALPRO-001,IDEALPRO-1-39789,EUR/USD.IDEALPRO-MLSignalStrategyV2-V2,BUY,MARKET,100000.00,1.04238,USD,2.08 USD,TAKER,3afa3009-e734-4448-a6d1-53e12b674ada,2025-01-21 21:15:00+00:00,2025-01-21 21:15:00+00:00,{},False
O-20250121-211500-001-V2-285,BACKTESTER-001,MLSignalStrategyV2-V2,EUR/USD.IDEALPRO,IDEALPRO-1-285,IDEALPRO-001,IDEALPRO-1-39867,EUR/USD.IDEALPRO-MLSignalStrategyV2-V2,SELL,LIMIT,100000.00,1.04298,USD,2.09 USD,MAKER,51ac588e-2318-42f8-9964-6c4ae71e4cfc,2025-01-21 21:54:00+00:00,2025-01-21 21:54:00+00:00,{},False
O-20250122-000000-001-V2-286,BACKTESTER-001,MLSignalStrategyV2-V2,EUR/USD.IDEALPRO,IDEALPRO-1-286,IDEALPRO-001,IDEALPRO-1-40090,EUR/USD.IDEALPRO-MLSignalStrategyV2-V2,BUY,MARKET,100000.00,1.04058,USD,2.08 USD,TAKER,ba73f228-0e73-4bb4-ac51-b46f82a2d175,2025-01-22 00:00:00+00:00,2025-01-22 00:00:00+00:00,{},False
O-20250122-000000-001-V2-288,BACKTESTER-001,MLSignalStrategyV2-V2,EUR/USD.IDEALPRO,IDEALPRO-1-288,IDEALPRO-001,IDEALPRO-1-40109,EUR/USD.IDEALPRO-MLSignalStrategyV2-V2,SELL,LIMIT,100000.00,1.04164,USD,2.08 USD,MAKER,f44c0525-bcbe-43d5-84d7-00c96e26bc2a,2025-01-22 00:09:00+00:00,2025-01-22 00:09:00+00:00,{},False
O-20250122-001500-001-V2-289,BACKTESTER-001,MLSignalStrategyV2-V2,EUR/USD.IDEALPRO,IDEALPRO-1-289,IDEALPRO-001,IDEALPRO-1-40122,EUR/USD.IDEALPRO-MLSignalStrategyV2-V2,BUY,MARKET,100000.00,1.04174,USD,2.08 USD,TAKER,7a7d2a06-26c5-4059-ade0-17e584bc54ca,2025-01-22 00:15:00+00:00,2025-01-22 00:15:00+00:00,{},False
O-20250122-001500-001-V2-290,BACKTESTER-001,MLSignalStrategyV2-V2,EUR/USD.IDEALPRO,IDEALPRO-1-290,IDEALPRO-001,IDEALPRO-1-40853,EUR/USD.IDEALPRO-MLSignalStrategyV2-V2,SELL,STOP_MARKET,100000.00,1.04053,USD,2.08 USD,TAKER,b9cf1209-357e-4d82-a4b2-7db39f894b0a,2025-01-22 06:20:00+00:00,2025-01-22 06:20:00+00:00,{},False
O-20250122-120000-001-V2-292,BACKTESTER-001,MLSignalStrategyV2-V2,EUR/USD.IDEALPRO,IDEALPRO-1-292,IDEALPRO-001,IDEALPRO-1-41534,EUR/USD.IDEALPRO-MLSignalStrategyV2-V2,SELL,MARKET,100000.00,1.04429,USD,2.09 USD,TAKER,c71811f2-edc7-41ea-9345-3da4085c2481,2025-01-22 12:00:00+00:00,2025-01-22 12:00:00+00:00,{},False
O-20250122-120000-001-V2-294,BACKTESTER-001,MLSignalStrategyV2-V2,EUR/USD.IDEALPRO,IDEALPRO-1-294,IDEALPRO-001,IDEALPRO-1-41589,EUR/USD.IDEALPRO-MLSignalStrategyV2-V2,BUY,LIMIT,100000.00,1.04338,USD,2.09 USD,MAKER,52e56e2d-5480-48f3-8cab-9c308daa20b4,2025-01-22 12:27:00+00:00,2025-01-22 12:27:00+00:00,{},False
O-20250122-223000-001-V2-295,BACKTESTER-001,MLSignalStrategyV2-V2,EUR/USD.IDEALPRO,IDEALPRO-1-295,IDEALPRO-001,IDEALPRO-1-42767,EUR/USD.IDEALPRO-MLSignalStrategyV2-V2,BUY,MARKET,100000.00,1.04090,USD,2.08 USD,TAKER,61753a6a-77f9-4a0b-bc89-1a88cfdc4607,2025-01-22 22:30:00+00:00,2025-01-22 22:30:00+00:00,{},False
O-20250122-223000-001-V2-297,BACKTESTER-001,MLSignalStrategyV2-V2,EUR/USD.IDEALPRO,IDEALPRO-1-297,IDEALPRO-001,IDEALPRO-1-43079,EUR/USD.IDEALPRO-MLSignalStrategyV2-V2,SELL,LIMIT,100000.00,1.04127,USD,2.08 USD,MAKER,b3c310a0-e33e-4b4c-b0a4-65088acc5c97,2025-01-23 01:06:00+00:00,2025-01-23 01:06:00+00:00,{},False
O-20250123-071500-001-V2-298,BACKTESTER-001,MLSignalStrategyV2-V2,EUR/USD.IDEALPRO,IDEALPRO-1-298,IDEALPRO-001,IDEALPRO-1-43819,EUR/USD.IDEALPRO-MLSignalStrategyV2-V2,BUY,MARKET,100000.00,1.03963,USD,2.08 USD,TAKER,0c4596eb-baef-4c29-8768-1ce221b23d97,2025-01-23 07:15:00+00:00,2025-01-23 07:15:00+00:00,{},False
O-20250123-071500-001-V2-300,BACKTESTER-001,MLSignalStrategyV2-V2,EUR/USD.IDEALPRO,IDEALPRO-1-300,IDEALPRO-001,IDEALPRO-1-43897,EUR/USD.IDEALPRO-MLSignalStrategyV2-V2,SELL,LIMIT,100000.00,1.04018,USD,2.08 USD,MAKER,ede841fe-3d5c-44be-9995-00d46bfd574f,2025-01-23 07:54:00+00:00,2025-01-23 07:54:00+00:00,{},False
O-20250124-020000-001-V2-301,BACKTESTER-001,MLSignalStrategyV2-V2,EUR/USD.IDEALPRO,IDEALPRO-1-301,IDEALPRO-001,IDEALPRO-1-46041,EUR/USD.IDEALPRO-MLSignalStrategyV2-V2,BUY,MARKET,100000.00,1.04158,USD,2.08 USD,TAKER,b4432d8d-7ac1-477f-81cb-fb10700b7c2b,2025-01-24 02:00:00+00:00,2025-01-24 02:00:00+00:00,{},False
O-20250124-020000-001-V2-303,BACKTESTER-001,MLSignalStrategyV2-V2,EUR/USD.IDEALPRO,IDEALPRO-1-303,IDEALPRO-001,IDEALPRO-1-46067,EUR/USD.IDEALPRO-MLSignalStrategyV2-V2,SELL,LIMIT,100000.00,1.04207,USD,2.08 USD,MAKER,d56adaad-8ab3-44e9-9477-bbfa9f5b53ec,2025-01-24 02:13:00+00:00,2025-01-24 02:13:00+00:00,{},False
O-20250124-021500-001-V2-304,BACKTESTER-001,MLSignalStrategyV2-V2,EUR/USD.IDEALPRO,IDEALPRO-1-304,IDEALPRO-001,IDEALPRO-1-46072,EUR/USD.IDEALPRO-MLSignalStrategyV2-V2,BUY,MARKET,100000.00,1.04311,USD,2.09 USD,TAKER,cfd86085-e0ba-4336-9a82-6728ebf0c463,2025-01-24 02:15:00+00:00,2025-01-24 02:15:00+00:00,{},False
O-20250124-021500-001-V2-305,BACKTESTER-001,MLSignalStrategyV2-V2,EUR/USD.IDEALPRO,IDEALPRO-1-305,IDEALPRO-001,IDEALPRO-1-46074,EUR/USD.IDEALPRO-MLSignalStrategyV2-V2,SELL,STOP_MARKET,100000.00,1.04246,USD,2.08 USD,TAKER,bf728c43-69d9-4892-9c03-09653e136c07,2025-01-24 02:15:00+00:00,2025-01-24 02:15:00+00:00,{},False
O-20250124-030000-001-V2-307,BACKTESTER-001,MLSignalStrategyV2-V2,EUR/USD.IDEALPRO,IDEALPRO-1-307,IDEALPRO-001,IDEALPRO-1-46164,EUR/USD.IDEALPRO-MLSignalStrategyV2-V2,BUY,MARKET,100000.00,1.04487,USD,2.09 USD,TAKER,74015f5c-bd31-492d-b0ec-27f46931966e,2025-01-24 03:00:00+00:00,2025-01-24 03:00:00+00:00,{},False
O-20250124-030000-001-V2-308,BACKTESTER-001,MLSignalStrategyV2-V2,EUR/USD.IDEALPRO,IDEALPRO-1-308,IDEALPRO-001,IDEALPRO-1-46215,EUR/USD.IDEALPRO-MLSignalStrategyV2-V2,SELL,STOP_MARKET,100000.00,1.04367,USD,2.09 USD,TAKER,541bf9f0-91a9-4eba-8b0e-4f37ddb118fc,2025-01-24 03:25:00+00:00,2025-01-24 03:25:00+00:00,{},False
O-20250124-033000-001-V2-310,BACKTESTER-001,MLSignalStrategyV2-V2,EUR/USD.IDEALPRO,IDEALPRO-1-310,IDEALPRO-001,IDEALPRO-1-46226,EUR/USD.IDEALPRO-MLSignalStrategyV2-V2,BUY,MARKET,100000.00,1.04409,USD,2.09 USD,TAKER,6f1dca3f-bf29-4ab8-b450-8b9fd18586f3,2025-01-24 03:30:00+00:00,2025-01-24 03:30:00+00:00,{},False
O-20250124-033000-001-V2-312,BACKTESTER-001,MLSignalStrategyV2-V2,EUR/USD.IDEALPRO,IDEALPRO-1-312,IDEALPRO-001,IDEALPRO-1-46275,EUR/USD.IDEALPRO-MLSignalStrategyV2-V2,SELL,LIMIT,100000.00,1.04499,USD,2.09 USD,MAKER,1ffc4cee-3c73-4cb8-a2d9-8e61ecc9cee9,2025-01-24 03:54:00+00:00,2025-01-24 03:54:00+00:00,{},False
O-20250124-041500-001-V2-313,BACKTESTER-001,MLSignalStrategyV2-V2,EUR/USD.IDEALPRO,IDEALPRO-1-313,IDEALPRO-001,IDEALPRO-1-46318,EUR/USD.IDEALPRO-MLSignalStrategyV2-V2,BUY,MARKET,100000.00,1.04501,USD,2.09 USD,TAKER,4b5a63a2-625e-45ff-a432-7d354904a6e1,2025-01-24 04:15:00+00:00,2025-01-24 04:15:00+00:00,{},False
O-20250124-041500-001-V2-315,BACKTESTER-001,MLSignalStrategyV2-V2,EUR/USD.IDEALPRO,IDEALPRO-1-315,IDEALPRO-001,IDEALPRO-1-46573,EUR/USD.IDEALPRO-MLSignalStrategyV2-V2,SELL,LIMIT,100000.00,1.04582,USD,2.09 USD,MAKER,bf46dd59-8248-470d-8ece-a841bbb5ab32,2025-01-24 06:22:00+00:00,2025-01-24 06:22:00+00:00,{},False
O-20250124-083000-001-V2-316,BACKTESTER-001,MLSignalStrategyV2-V2,EUR/USD.IDEALPRO,IDEALPRO-1-316,IDEALPRO-001,IDEALPRO-1-46830,EUR/USD.IDEALPRO-MLSignalStrategyV2-V2,SELL,MARKET,100000.00,1.04790,USD,2.10 USD,TAKER,a1093a42-2338-46b7-8d90-5d4040f66551,2025-01-24 08:30:00+00:00,2025-01-24 08:30:00+00:00,{},False
O-20250124-083000-001-V2-317,BACKTESTER-001,MLSignalStrategyV2-V2,EUR/USD.IDEALPRO,IDEALPRO-1-317,IDEALPRO-001,IDEALPRO-1-46843,EUR/USD.IDEALPRO-MLSignalStrategyV2-V2,BUY,STOP_MARKET,100000.00,1.04940,USD,2.10 USD,TAKER,a4aeb306-7f82-4792-8309-f0e9d6a8d919,2025-01-24 08:36:00+00:00,2025-01-24 08:36:00+00:00,{},False
O-20250124-084500-001-V2-319,BACKTESTER-001,MLSignalStrategyV2-V2,EUR/USD.IDEALPRO,IDEALPRO-1-319,IDEALPRO-001,IDEALPRO-1-46862,EUR/USD.IDEALPRO-MLSignalStrategyV2-V2,SELL,MARKET,100000.00,1.04898,USD,2.10 USD,TAKER,e7080a9f-3d19-4e94-ab33-e09e3f4d0b0f,2025-01-24 08:45:00+00:00,2025-01-24 08:45:00+00:00,{},False
O-20250124-084500-001-V2-320,BACKTESTER-001,MLSignalStrategyV2-V2,EUR/USD.IDEALPRO,IDEALPRO-1-320,IDEALPRO-001,IDEALPRO-1-46935,EUR/USD.IDEALPRO-MLSignalStrategyV2-V2,BUY,STOP_MARKET,100000.00,1.05087,USD,2.10 USD,TAKER,82c261d6-2b4a-483e-bfcb-3892bbfd173b,2025-01-24 09:21:00+00:00,2025-01-24 09:21:00+00:00,{},False
O-20250124-100000-001-V2-322,BACKTESTER-001,MLSignalStrategyV2-V2,EUR/USD.IDEALPRO,IDEALPRO-1-322,IDEALPRO-001,IDEALPRO-1-47014,EUR/USD.IDEALPRO-MLSignalStrategyV2-V2,SELL,MARKET,100000.00,1.04945,USD,2.10 USD,TAKER,497f7f6a-d9c0-463f-af0c-2cbc4d4fcc20,2025-01-24 10:00:00+00:00,2025-01-24 10:00:00+00:00,{},False
O-20250124-100000-001-V2-324,BACKTESTER-001,MLSignalStrategyV2-V2,EUR/USD.IDEALPRO,IDEALPRO-1-324,IDEALPRO-001,IDEALPRO-1-47205,EUR/USD.IDEALPRO-MLSignalStrategyV2-V2,BUY,LIMIT,100000.00,1.04815,USD,2.10 USD,MAKER,42c40c83-4a70-4b57-a97d-a5f7a90d1025,2025-01-24 11:35:00+00:00,2025-01-24 11:35:00+00:00,{},False
O-20250124-144500-001-V2-325,BACKTESTER-001,MLSignalStrategyV2-V2,EUR/USD.IDEALPRO,IDEALPRO-1-325,IDEALPRO-001,IDEALPRO-1-47587,EUR/USD.IDEALPRO-MLSignalStrategyV2-V2,BUY,MARKET,100000.00,1.04776,USD,2.10 USD,TAKER,ba24f979-1b4c-4bff-8346-e23c85af138d,2025-01-24 14:45:00+00:00,2025-01-24 14:45:00+00:00,{},False
O-20250124-144500-001-V2-327,BACKTESTER-001,MLSignalStrategyV2-V2,EUR/USD.IDEALPRO,IDEALPRO-1-327,IDEALPRO-001,IDEALPRO-1-47589,EUR/USD.IDEALPRO-MLSignalStrategyV2-V2,SELL,LIMIT,100000.00,1.04934,USD,2.10 USD,MAKER,b03891f8-d128-4a97-82fe-72db6bec0e68,2025-01-24 14:46:00+00:00,2025-01-24 14:46:00+00:00,{},False
O-20250126-223000-001-V2-328,BACKTESTER-001,MLSignalStrategyV2-V2,EUR/USD.IDEALPRO,IDEALPRO-1-328,IDEALPRO-001,IDEALPRO-1-48488,EUR/USD.IDEALPRO-MLSignalStrategyV2-V2,BUY,MARKET,100000.00,1.04833,USD,2.10 USD,TAKER,280e30a0-07e8-4421-9dcc-0ba026aa581e,2025-01-26 22:30:00+00:00,2025-01-26 22:30:00+00:00,{},False
O-20250126-223000-001-V2-329,BACKTESTER-001,MLSignalStrategyV2-V2,EUR/USD.IDEALPRO,IDEALPRO-1-329,IDEALPRO-001,IDEALPRO-1-48565,EUR/USD.IDEALPRO-MLSignalStrategyV2-V2,SELL,STOP_MARKET,100000.00,1.04758,USD,2.10 USD,TAKER,6f9210a9-d042-457f-be90-8968c5717550,2025-01-26 23:08:00+00:00,2025-01-26 23:08:00+00:00,{},False
O-20250126-231500-001-V2-331,BACKTESTER-001,MLSignalStrategyV2-V2,EUR/USD.IDEALPRO,IDEALPRO-1-331,IDEALPRO-001,IDEALPRO-1-48580,EUR/USD.IDEALPRO-MLSignalStrategyV2-V2,BUY,MARKET,100000.00,1.04761,USD,2.10 USD,TAKER,fac4ef63-2a62-47bf-8576-bec81cde1dff,2025-01-26 23:15:00+00:00,2025-01-26 23:15:00+00:00,{},False
O-20250126-231500-001-V2-332,BACKTESTER-001,MLSignalStrategyV2-V2,EUR/USD.IDEALPRO,IDEALPRO-1-332,IDEALPRO-001,IDEALPRO-1-48615,EUR/USD.IDEALPRO-MLSignalStrategyV2-V2,SELL,STOP_MARKET,100000.00,1.04688,USD,2.09 USD,TAKER,9d9066e7-f552-40ae-95f1-312cddee04db,2025-01-26 23:32:00+00:00,2025-01-26 23:32:00+00:00,{},False
O-20250126-234500-001-V2-334,BACKTESTER-001,MLSignalStrategyV2-V2,EUR/USD.IDEALPRO,IDEALPRO-1-334,IDEALPRO-001,IDEALPRO-1-48642,EUR/USD.IDEALPRO-MLSignalStrategyV2-V2,BUY,MARKET,100000.00,1.04724,USD,2.09 USD,TAKER,2b76cb5d-c079-4c06-83c6-75da573daa45,2025-01-26 23:45:00+00:00,2025-01-26 23:45:00+00:00,{},False
O-20250126-234500-001-V2-335,BACKTESTER-001,MLSignalStrategyV2-V2,EUR/USD.IDEALPRO,IDEALPRO-1-335,IDEALPRO-001,IDEALPRO-1-48665,EUR/USD.IDEALPRO-MLSignalStrategyV2-V2,SELL,STOP_MARKET,100000.00,1.04651,USD,2.09 USD,TAKER,c07bb9c1-3a9e-49dc-8fd9-043453094b97,2025-01-26 23:56:00+00:00,2025-01-26 23:56:00+00:00,{},False
O-20250127-000000-001-V2-337,BACKTESTER-001,MLSignalStrategyV2-V2,EUR/USD.IDEALPRO,IDEALPRO-1-337,IDEALPRO-001,IDEALPRO-1-48674,EUR/USD.IDEALPRO-MLSignalStrategyV2-V2,BUY,MARKET,100000.00,1.04676,USD,2.09 USD,TAKER,7c60ade2-8547-4602-a0cb-b4a55983c16d,2025-01-27 00:00:00+00:00,2025-01-27 00:00:00+00:00,{},False
O-20250127-000000-001-V2-339,BACKTESTER-001,MLSignalStrategyV2-V2,EUR/USD.IDEALPRO,IDEALPRO-1-339,IDEALPRO-001,IDEALPRO-1-48721,EUR/USD.IDEALPRO-MLSignalStrategyV2-V2,SELL,LIMIT,100000.00,1.04730,USD,2.09 USD,MAKER,521b6829-e119-494b-a3b1-d25a25a4bb97,2025-01-27 00:23:00+00:00,2025-01-27 00:23:00+00:00,{},False
O-20250127-003000-001-V2-340,BACKTESTER-001,MLSignalStrategyV2-V2,EUR/USD.IDEALPRO,IDEALPRO-1-340,IDEALPRO-001,IDEALPRO-1-48736,EUR/USD.IDEALPRO-MLSignalStrategyV2-V2,SELL,MARKET,100000.00,1.04741,USD,2.09 USD,TAKER,0d94b5b3-1a57-451b-a396-03512425787c,2025-01-27 00:30:00+00:00,2025-01-27 00:30:00+00:00,{},False
O-20250127-003000-001-V2-342,BACKTESTER-001,MLSignalStrategyV2-V2,EUR/USD.IDEALPRO,IDEALPRO-1-342,IDEALPRO-001,IDEALPRO-1-48859,EUR/USD.IDEALPRO-MLSignalStrategyV2-V2,BUY,LIMIT,100000.00,1.04680,USD,2.09 USD,MAKER,a3ddeb22-6445-4b47-a4aa-b4166920652a,2025-01-27 01:31:00+00:00,2025-01-27 01:31:00+00:00,{},False
O-20250127-074500-001-V2-343,BACKTESTER-001,MLSignalStrategyV2-V2,EUR/USD.IDEALPRO,IDEALPRO-1-343,IDEALPRO-001,IDEALPRO-1-49609,EUR/USD.IDEALPRO-MLSignalStrategyV2-V2,SELL,MARKET,100000.00,1.04705,USD,2.09 USD,TAKER,3078f804-6652-43e5-a473-87eb77febace,2025-01-27 07:45:00+00:00,2025-01-27 07:45:00+00:00,{},False
O-20250127-074500-001-V2-345,BACKTESTER-001,MLSignalStrategyV2-V2,EUR/USD.IDEALPRO,IDEALPRO-1-345,IDEALPRO-001,IDEALPRO-1-49631,EUR/USD.IDEALPRO-MLSignalStrategyV2-V2,BUY,LIMIT,100000.00,1.04622,USD,2.09 USD,MAKER,788f8f8a-7e49-4ec3-8974-e03ce693c9df,2025-01-27 07:56:00+00:00,2025-01-27 07:56:00+00:00,{},False
O-20250127-081500-001-V2-346,BACKTESTER-001,MLSignalStrategyV2-V2,EUR/USD.IDEALPRO,IDEALPRO-1-346,IDEALPRO-001,IDEALPRO-1-49671,EUR/USD.IDEALPRO-MLSignalStrategyV2-V2,BUY,MARKET,100000.00,1.04717,USD,2.09 USD,TAKER,029df669-c7d1-43f0-986c-5d7ba892d6ee,2025-01-27 08:15:00+00:00,2025-01-27 08:15:00+00:00,{},False
O-20250127-081500-001-V2-348,BACKTESTER-001,MLSignalStrategyV2-V2,EUR/USD.IDEALPRO,IDEALPRO-1-348,IDEALPRO-001,IDEALPRO-1-49735,EUR/USD.IDEALPRO-MLSignalStrategyV2-V2,SELL,LIMIT,100000.00,1.04825,USD,2.10 USD,MAKER,37bee0c7-d5a0-4115-8045-7adefd65dcac,2025-01-27 08:47:00+00:00,2025-01-27 08:47:00+00:00,{},False
O-20250127-121500-001-V2-349,BACKTESTER-001,MLSignalStrategyV2-V2,EUR/USD.IDEALPRO,IDEALPRO-1-349,IDEALPRO-001,IDEALPRO-1-50153,EUR/USD.IDEALPRO-MLSignalStrategyV2-V2,SELL,MARKET,100000.00,1.05105,USD,2.10 USD,TAKER,2832bdcf-ed79-4dc3-8dea-b406fc306d38,2025-01-27 12:15:00+00:00,2025-01-27 12:15:00+00:00,{},False
O-20250127-121500-001-V2-350,BACKTESTER-001,MLSignalStrategyV2-V2,EUR/USD.IDEALPRO,IDEALPRO-1-350,IDEALPRO-001,IDEALPRO-1-50233,EUR/USD.IDEALPRO-MLSignalStrategyV2-V2,BUY,STOP_MARKET,100000.00,1.05282,USD,2.11 USD,TAKER,b52e59b9-3c4a-4b4f-8ccb-67aad769cfee,2025-01-27 12:55:00+00:00,2025-01-27 12:55:00+00:00,{},False
O-20250127-130000-001-V2-352,BACKTESTER-001,MLSignalStrategyV2-V2,EUR/USD.IDEALPRO,IDEALPRO-1-352,IDEALPRO-001,IDEALPRO-1-50244,EUR/USD.IDEALPRO-MLSignalStrategyV2-V2,SELL,MARKET,100000.00,1.05214,USD,2.10 USD,TAKER,a56ac26f-d1f8-4571-be40-a7a6b17652bf,2025-01-27 13:00:00+00:00,2025-01-27 13:00:00+00:00,{},False
O-20250127-130000-001-V2-353,BACKTESTER-001,MLSignalStrategyV2-V2,EUR/USD.IDEALPRO,IDEALPRO-1-353,IDEALPRO-001,IDEALPRO-1-50263,EUR/USD.IDEALPRO-MLSignalStrategyV2-V2,BUY,STOP_MARKET,100000.00,1.05334,USD,2.11 USD,TAKER,7dbbab04-d354-45eb-bb28-dc7f4f6bc188,2025-01-27 13:09:00+00:00,2025-01-27 13:09:00+00:00,{},False
O-20250127-131500-001-V2-355,BACKTESTER-001,MLSignalStrategyV2-V2,EUR/USD.IDEALPRO,IDEALPRO-1-355,IDEALPRO-001,IDEALPRO-1-50277,EUR/USD.IDEALPRO-MLSignalStrategyV2-V2,SELL,MARKET,100000.00,1.05227,USD,2.10 USD,TAKER,30f67a6b-7b55-49b2-89fc-5b850a28faba,2025-01-27 13:15:00+00:00,2025-01-27 13:15:00+00:00,{},False
O-20250127-131500-001-V2-357,BACKTESTER-001,MLSignalStrategyV2-V2,EUR/USD.IDEALPRO,IDEALPRO-1-357,IDEALPRO-001,IDEALPRO-1-50293,EUR/USD.IDEALPRO-MLSignalStrategyV2-V2,BUY,LIMIT,100000.00,1.05124,USD,2.10 USD,MAKER,b03ca6e3-f8a2-43fa-9576-1e84cfb419bf,2025-01-27 13:23:00+00:00,2025-01-27 13:23:00+00:00,{},False
O-20250127-161500-001-V2-358,BACKTESTER-001,MLSignalStrategyV2-V2,EUR/USD.IDEALPRO,IDEALPRO-1-358,IDEALPRO-001,IDEALPRO-1-50639,EUR/USD.IDEALPRO-MLSignalStrategyV2-V2,SELL,MARKET,100000.00,1.05051,USD,2.10 USD,TAKER,a1694a98-4130-44b5-9f17-335558b5adb6,2025-01-27 16:15:00+00:00,2025-01-27 16:15:00+00:00,{},False
O-20250127-161500-001-V2-360,BACKTESTER-001,MLSignalStrategyV2-V2,EUR/USD.IDEALPRO,IDEALPRO-1-360,IDEALPRO-001,IDEALPRO-1-50687,EUR/USD.IDEALPRO-MLSignalStrategyV2-V2,BUY,LIMIT,100000.00,1.04952,USD,2.10 USD,MAKER,b8c049b7-2915-4b18-a7ac-49a24c9932f4,2025-01-27 16:39:00+00:00,2025-01-27 16:39:00+00:00,{},False
O-20250127-183000-001-V2-361,BACKTESTER-001,MLSignalStrategyV2-V2,EUR/USD.IDEALPRO,IDEALPRO-1-361,IDEALPRO-001,IDEALPRO-1-50910,EUR/USD.IDEALPRO-MLSignalStrategyV2-V2,BUY,MARKET,100000.00,1.04847,USD,2.10 USD,TAKER,2a5c1066-c778-4f63-bda4-be09b2f9ded8,2025-01-27 18:30:00+00:00,2025-01-27 18:30:00+00:00,{},False
O-20250127-183000-001-V2-363,BACKTESTER-001,MLSignalStrategyV2-V2,EUR/USD.IDEALPRO,IDEALPRO-1-363,IDEALPRO-001,IDEALPRO-1-51069,EUR/USD.IDEALPRO-MLSignalStrategyV2-V2,SELL,LIMIT,100000.00,1.04928,USD,2.10 USD,MAKER,eda3fa64-bb8b-42b7-afc0-efdd9af4c303,2025-01-27 19:49:00+00:00,2025-01-27 19:49:00+00:00,{},False
O-20250127-200000-001-V2-364,BACKTESTER-001,MLSignalStrategyV2-V2,EUR/USD.IDEALPRO,IDEALPRO-1-364,IDEALPRO-001,IDEALPRO-1-51093,EUR/USD.IDEALPRO-MLSignalStrategyV2-V2,SELL,MARKET,100000.00,1.04927,USD,2.10 USD,TAKER,34ee5f76-650a-434d-b13e-5cea476d8e6d,2025-01-27 20:00:00+00:00,2025-01-27 20:00:00+00:00,{},False
O-20250127-200000-001-V2-366,BACKTESTER-001,MLSignalStrategyV2-V2,EUR/USD.IDEALPRO,IDEALPRO-1-366,IDEALPRO-001,IDEALPRO-1-51217,EUR/USD.IDEALPRO-MLSignalStrategyV2-V2,BUY,LIMIT,100000.00,1.04860,USD,2.10 USD,MAKER,e25ee200-2f1f-47c2-99f1-286ce571766c,2025-01-27 21:02:00+00:00,2025-01-27 21:02:00+00:00,{},False
O-20250127-211500-001-V2-367,BACKTESTER-001,MLSignalStrategyV2-V2,EUR/USD.IDEALPRO,IDEALPRO-1-367,IDEALPRO-001,IDEALPRO-1-51245,EUR/USD.IDEALPRO-MLSignalStrategyV2-V2,SELL,MARKET,100000.00,1.04899,USD,2.10 USD,TAKER,3368ed01-1216-4d6f-ab21-878f1a494c71,2025-01-27 21:15:00+00:00,2025-01-27 21:15:00+00:00,{},False
O-20250127-211500-001-V2-369,BACKTESTER-001,MLSignalStrategyV2-V2,EUR/USD.IDEALPRO,IDEALPRO-1-369,IDEALPRO-001,IDEALPRO-1-51429,EUR/USD.IDEALPRO-MLSignalStrategyV2-V2,BUY,LIMIT,100000.00,1.04835,USD,2.10 USD,MAKER,bf93a4de-7561-43a4-b796-a51bcbcd2e0b,2025-01-27 23:02:00+00:00,2025-01-27 23:02:00+00:00,{},False
O-20250127-233000-001-V2-370,BACKTESTER-001,MLSignalStrategyV2-V2,EUR/USD.IDEALPRO,IDEALPRO-1-370,IDEALPRO-001,IDEALPRO-1-51486,EUR/USD.IDEALPRO-MLSignalStrategyV2-V2,BUY,MARKET,100000.00,1.04458,USD,2.09 USD,TAKER,5d55a90b-67cb-4338-9fe7-7a65fd4c1cee,2025-01-27 23:30:00+00:00,2025-01-27 23:30:00+00:00,{},False
O-20250127-233000-001-V2-371,BACKTESTER-001,MLSignalStrategyV2-V2,EUR/USD.IDEALPRO,IDEALPRO-1-371,IDEALPRO-001,IDEALPRO-1-51495,EUR/USD.IDEALPRO-MLSignalStrategyV2-V2,SELL,STOP_MARKET,100000.00,1.04359,USD,2.09 USD,TAKER,c7bce1a9-1531-4824-ba56-ca327acb0d37,2025-01-27 23:34:00+00:00,2025-01-27 23:34:00+00:00,{},False
O-20250127-234500-001-V2-373,BACKTESTER-001,MLSignalStrategyV2-V2,EUR/USD.IDEALPRO,IDEALPRO-1-373,IDEALPRO-001,IDEALPRO-1-51518,EUR/USD.IDEALPRO-MLSignalStrategyV2-V2,BUY,MARKET,100000.00,1.04408,USD,2.09 USD,TAKER,53793e7c-d012-4696-b458-64f7922caedc,2025-01-27 23:45:00+00:00,2025-01-27 23:45:00+00:00,{},False
O-20250127-234500-001-V2-375,BACKTESTER-001,MLSignalStrategyV2-V2,EUR/USD.IDEALPRO,IDEALPRO-1-375,IDEALPRO-001,IDEALPRO-1-51653,EUR/USD.IDEALPRO-MLSignalStrategyV2-V2,SELL,LIMIT,100000.00,1.04518,USD,2.09 USD,MAKER,fc0eb395-23f2-485b-af24-3306c4416a2e,2025-01-28 00:52:00+00:00,2025-01-28 00:52:00+00:00,{},False
O-20250128-010000-001-V2-376,BACKTESTER-001,MLSignalStrategyV2-V2,EUR/USD.IDEALPRO,IDEALPRO-1-376,IDEALPRO-001,IDEALPRO-1-51670,EUR/USD.IDEALPRO-MLSignalStrategyV2-V2,BUY,MARKET,100000.00,1.04454,USD,2.09 USD,TAKER,7a4b3029-ffca-4478-a70c-86987f65208b,2025-01-28 01:00:00+00:00,2025-01-28 01:00:00+00:00,{},False
O-20250128-010000-001-V2-377,BACKTESTER-001,MLSignalStrategyV2-V2,EUR/USD.IDEALPRO,IDEALPRO-1-377,IDEALPRO-001,IDEALPRO-1-51789,EUR/USD.IDEALPRO-MLSignalStrategyV2-V2,SELL,STOP_MARKET,100000.00,1.04300,USD,2.09 USD,TAKER,cdb3620f-0df4-4fe0-b2f2-044fef7bee23,2025-01-28 01:59:00+00:00,2025-01-28 01:59:00+00:00,{},False
O-20250128-020000-001-V2-379,BACKTESTER-001,MLSignalStrategyV2-V2,EUR/USD.IDEALPRO,IDEALPRO-1-379,IDEALPRO-001,IDEALPRO-1-51792,EUR/USD.IDEALPRO-MLSignalStrategyV2-V2,BUY,MARKET,100000.00,1.04379,USD,2.09 USD,TAKER,cc90b818-d4a6-485e-b3f7-b08591ca474a,2025-01-28 02:00:00+00:00,2025-01-28 02:00:00+00:00,{},False
O-20250128-020000-001-V2-380,BACKTESTER-001,MLSignalStrategyV2-V2,EUR/USD.IDEALPRO,IDEALPRO-1-380,IDEALPRO-001,IDEALPRO-1-51807,EUR/USD.IDEALPRO-MLSignalStrategyV2-V2,SELL,STOP_MARKET,100000.00,1.04244,USD,2.08 USD,TAKER,a44e786b-eb08-40c4-a660-8581ae6bceca,2025-01-28 02:07:00+00:00,2025-01-28 02:07:00+00:00,{},False
O-20250128-021500-001-V2-382,BACKTESTER-001,MLSignalStrategyV2-V2,EUR/USD.IDEALPRO,IDEALPRO-1-382,IDEALPRO-001,IDEALPRO-1-51824,EUR/USD.IDEALPRO-MLSignalStrategyV2-V2,BUY,MARKET,100000.00,1.04298,USD,2.09 USD,TAKER,87f95184-ede1-4d8d-b674-229df5eda2b2,2025-01-28 02:15:00+00:00,2025-01-28 02:15:00+00:00,{},False
O-20250128-021500-001-V2-384,BACKTESTER-001,MLSignalStrategyV2-V2,EUR/USD.IDEALPRO,IDEALPRO-1-384,IDEALPRO-001,IDEALPRO-1-52293,EUR/USD.IDEALPRO-MLSignalStrategyV2-V2,SELL,LIMIT,100000.00,1.04423,USD,2.09 USD,MAKER,8cacd729-a77a-4a1e-9d7e-88d64a25c251,2025-01-28 06:09:00+00:00,2025-01-28 06:09:00+00:00,{},False
O-20250128-083000-001-V2-385,BACKTESTER-001,MLSignalStrategyV2-V2,EUR/USD.IDEALPRO,IDEALPRO-1-385,IDEALPRO-001,IDEALPRO-1-52576,EUR/USD.IDEALPRO-MLSignalStrategyV2-V2,BUY,MARKET,100000.00,1.04283,USD,2.09 USD,TAKER,5d0875af-715c-43b0-9ac0-73c890dc28cc,2025-01-28 08:30:00+00:00,2025-01-28 08:30:00+00:00,{},False
O-20250128-083000-001-V2-386,BACKTESTER-001,MLSignalStrategyV2-V2,EUR/USD.IDEALPRO,IDEALPRO-1-386,IDEALPRO-001,IDEALPRO-1-52629,EUR/USD.IDEALPRO-MLSignalStrategyV2-V2,SELL,STOP_MARKET,100000.00,1.04192,USD,2.08 USD,TAKER,b383c044-99c5-4b25-a535-2b863d393041,2025-01-28 08:56:00+00:00,2025-01-28 08:56:00+00:00,{},False
O-20250128-090000-001-V2-388,BACKTESTER-001,MLSignalStrategyV2-V2,EUR/USD.IDEALPRO,IDEALPRO-1-388,IDEALPRO-001,IDEALPRO-1-52638,EUR/USD.IDEALPRO-MLSignalStrategyV2-V2,BUY,MARKET,100000.00,1.04252,USD,2.09 USD,TAKER,17d4f7b6-0dc3-465e-9b6b-b99705e9aef1,2025-01-28 09:00:00+00:00,2025-01-28 09:00:00+00:00,{},False
O-20250128-090000-001-V2-390,BACKTESTER-001,MLSignalStrategyV2-V2,EUR/USD.IDEALPRO,IDEALPRO-1-390,IDEALPRO-001,IDEALPRO-1-52671,EUR/USD.IDEALPRO-MLSignalStrategyV2-V2,SELL,LIMIT,100000.00,1.04341,USD,2.09 USD,MAKER,5c88ce69-ee91-4a38-a6c8-6f6dd15482f1,2025-01-28 09:16:00+00:00,2025-01-28 09:16:00+00:00,{},False
O-20250128-110000-001-V2-391,BACKTESTER-001,MLSignalStrategyV2-V2,EUR/USD.IDEALPRO,IDEALPRO-1-391,IDEALPRO-001,IDEALPRO-1-52880,EUR/USD.IDEALPRO-MLSignalStrategyV2-V2,BUY,MARKET,100000.00,1.04250,USD,2.09 USD,TAKER,6039939e-4dc8-4bf7-a727-5fc0e0cde31a,2025-01-28 11:00:00+00:00,2025-01-28 11:00:00+00:00,{},False
O-20250128-110000-001-V2-393,BACKTESTER-001,MLSignalStrategyV2-V2,EUR/USD.IDEALPRO,IDEALPRO-1-393,IDEALPRO-001,IDEALPRO-1-52911,EUR/USD.IDEALPRO-MLSignalStrategyV2-V2,SELL,LIMIT,100000.00,1.04326,USD,2.09 USD,MAKER,19214ec5-4997-4312-b138-33f0c4320882,2025-01-28 11:15:00+00:00,2025-01-28 11:15:00+00:00,{},False
O-20250128-113000-001-V2-394,BACKTESTER-001,MLSignalStrategyV2-V2,EUR/USD.IDEALPRO,IDEALPRO-1-394,IDEALPRO-001,IDEALPRO-1-52942,EUR/USD.IDEALPRO-MLSignalStrategyV2-V2,BUY,MARKET,100000.00,1.04279,USD,2.09 USD,TAKER,2740c10e-cf4b-4b6d-932e-2c5d20567808,2025-01-28 11:30:00+00:00,2025-01-28 11:30:00+00:00,{},False
O-20250128-113000-001-V2-395,BACKTESTER-001,MLSignalStrategyV2-V2,EUR/USD.IDEALPRO,IDEALPRO-1-395,IDEALPRO-001,IDEALPRO-1-53013,EUR/USD.IDEALPRO-MLSignalStrategyV2-V2,SELL,STOP_MARKET,100000.00,1.04156,USD,2.08 USD,TAKER,a0df8a28-4e5a-4c08-94c4-a4195961f78a,2025-01-28 12:05:00+00:00,2025-01-28 12:05:00+00:00,{},False
O-20250129-030000-001-V2-397,BACKTESTER-001,MLSignalStrategyV2-V2,EUR/USD.IDEALPRO,IDEALPRO-1-397,IDEALPRO-001,IDEALPRO-1-54774,EUR/USD.IDEALPRO-MLSignalStrategyV2-V2,SELL,MARKET,100000.00,1.04338,USD,2.09 USD,TAKER,28d50539-3db3-49e6-b55c-f8514de801cd,2025-01-29 03:00:00+00:00,2025-01-29 03:00:00+00:00,{},False
O-20250129-030000-001-V2-398,BACKTESTER-001,MLSignalStrategyV2-V2,EUR/USD.IDEALPRO,IDEALPRO-1-398,IDEALPRO-001,IDEALPRO-1-54891,EUR/USD.IDEALPRO-MLSignalStrategyV2-V2,BUY,STOP_MARKET,100000.00,1.04392,USD,2.09 USD,TAKER,462a6a33-53dd-4d5d-91f7-1f637847772b,2025-01-29 03:58:00+00:00,2025-01-29 03:58:00+00:00,{},False
O-20250130-040000-001-V2-400,BACKTESTER-001,MLSignalStrategyV2-V2,EUR/USD.IDEALPRO,IDEALPRO-1-400,IDEALPRO-001,IDEALPRO-1-57747,EUR/USD.IDEALPRO-MLSignalStrategyV2-V2,BUY,MARKET,100000.00,1.04254,USD,2.09 USD,TAKER,ee9b85ee-88cf-4cef-8072-39cea296cbcf,2025-01-30 04:00:00+00:00,2025-01-30 04:00:00+00:00,{},False
O-20250130-040000-001-V2-401,BACKTESTER-001,MLSignalStrategyV2-V2,EUR/USD.IDEALPRO,IDEALPRO-1-401,IDEALPRO-001,IDEALPRO-1-57811,EUR/USD.IDEALPRO-MLSignalStrategyV2-V2,SELL,STOP_MARKET,100000.00,1.04207,USD,2.08 USD,TAKER,3a2d9140-bf28-460b-b4e7-046df99465e0,2025-01-30 04:32:00+00:00,2025-01-30 04:32:00+00:00,{},False
O-20250130-071500-001-V2-403,BACKTESTER-001,MLSignalStrategyV2-V2,EUR/USD.IDEALPRO,IDEALPRO-1-403,IDEALPRO-001,IDEALPRO-1-58138,EUR/USD.IDEALPRO-MLSignalStrategyV2-V2,BUY,MARKET,100000.00,1.04131,USD,2.08 USD,TAKER,be71fe24-7401-4212-b9ea-15063874c030,2025-01-30 07:15:00+00:00,2025-01-30 07:15:00+00:00,{},False
O-20250130-071500-001-V2-405,BACKTESTER-001,MLSignalStrategyV2-V2,EUR/USD.IDEALPRO,IDEALPRO-1-405,IDEALPRO-001,IDEALPRO-1-58193,EUR/USD.IDEALPRO-MLSignalStrategyV2-V2,SELL,LIMIT,100000.00,1.04184,USD,2.08 USD,MAKER,e49870c1-31be-4b2e-a376-d00532378cd3,2025-01-30 07:42:00+00:00,2025-01-30 07:42:00+00:00,{},False
O-20250130-114500-001-V2-406,BACKTESTER-001,MLSignalStrategyV2-V2,EUR/USD.IDEALPRO,IDEALPRO-1-406,IDEALPRO-001,IDEALPRO-1-58680,EUR/USD.IDEALPRO-MLSignalStrategyV2-V2,SELL,MARKET,100000.00,1.03985,USD,2.08 USD,TAKER,4e6978d2-9661-443f-9bdf-7746d3439916,2025-01-30 11:45:00+00:00,2025-01-30 11:45:00+00:00,{},False
O-20250130-114500-001-V2-408,BACKTESTER-001,MLSignalStrategyV2-V2,EUR/USD.IDEALPRO,IDEALPRO-1-408,IDEALPRO-001,IDEALPRO-1-58715,EUR/USD.IDEALPRO-MLSignalStrategyV2-V2,BUY,LIMIT,100000.00,1.03904,USD,2.08 USD,MAKER,e10bba9d-0bb7-4620-b4df-299a553a75a9,2025-01-30 12:02:00+00:00,2025-01-30 12:02:00+00:00,{},False
O-20250130-141500-001-V2-409,BACKTESTER-001,MLSignalStrategyV2-V2,EUR/USD.IDEALPRO,IDEALPRO-1-409,IDEALPRO-001,IDEALPRO-1-58983,EUR/USD.IDEALPRO-MLSignalStrategyV2-V2,SELL,MARKET,100000.00,1.04384,USD,2.09 USD,TAKER,c2a94a8e-b948-4e7c-852d-3e16e453cdd9,2025-01-30 14:15:00+00:00,2025-01-30 14:15:00+00:00,{},False
O-20250130-141500-001-V2-411,BACKTESTER-001,MLSignalStrategyV2-V2,EUR/USD.IDEALPRO,IDEALPRO-1-411,IDEALPRO-001,IDEALPRO-1-59049,EUR/USD.IDEALPRO-MLSignalStrategyV2-V2,BUY,LIMIT,100000.00,1.04194,USD,2.08 USD,MAKER,493345b5-e90d-4e64-b1f2-3ffc59b4b254,2025-01-30 14:48:00+00:00,2025-01-30 14:48:00+00:00,{},False
O-20250130-150000-001-V2-412,BACKTESTER-001,MLSignalStrategyV2-V2,EUR/USD.IDEALPRO,IDEALPRO-1-412,IDEALPRO-001,IDEALPRO-1-59074,EUR/USD.IDEALPRO-MLSignalStrategyV2-V2,SELL,MARKET,100000.00,1.04282,USD,2.09 USD,TAKER,d3cbfa41-c9a6-40ce-af32-1aef887b4923,2025-01-30 15:00:00+00:00,2025-01-30 15:00:00+00:00,{},False
O-20250130-150000-001-V2-414,BACKTESTER-001,MLSignalStrategyV2-V2,EUR/USD.IDEALPRO,IDEALPRO-1-414,IDEALPRO-001,IDEALPRO-1-59341,EUR/USD.IDEALPRO-MLSignalStrategyV2-V2,BUY,LIMIT,100000.00,1.04098,USD,2.08 USD,MAKER,a59ad812-0e0f-4818-9a2b-f724747bd95c,2025-01-30 17:13:00+00:00,2025-01-30 17:13:00+00:00,{},False
O-20250130-200000-001-V2-415,BACKTESTER-001,MLSignalStrategyV2-V2,EUR/USD.IDEALPRO,IDEALPRO-1-415,IDEALPRO-001,IDEALPRO-1-59676,EUR/USD.IDEALPRO-MLSignalStrategyV2-V2,SELL,MARKET,100000.00,1.04279,USD,2.09 USD,TAKER,3dfbe25a-1f8a-4653-b7f4-18a722451bb4,2025-01-30 20:00:00+00:00,2025-01-30 20:00:00+00:00,{},False
O-20250130-200000-001-V2-417,BACKTESTER-001,MLSignalStrategyV2-V2,EUR/USD.IDEALPRO,IDEALPRO-1-417,IDEALPRO-001,IDEALPRO-1-59751,EUR/USD.IDEALPRO-MLSignalStrategyV2-V2,BUY,LIMIT,100000.00,1.04166,USD,2.08 USD,MAKER,1b28fe3f-609f-4bf9-9058-8f2d22d00a75,2025-01-30 20:37:00+00:00,2025-01-30 20:37:00+00:00,{},False
O-20250130-220000-001-V2-418,BACKTESTER-001,MLSignalStrategyV2-V2,EUR/USD.IDEALPRO,IDEALPRO-1-418,IDEALPRO-001,IDEALPRO-1-59918,EUR/USD.IDEALPRO-MLSignalStrategyV2-V2,BUY,MARKET,100000.00,1.03910,USD,2.08 USD,TAKER,9b7fc875-fa21-4867-abde-d4810db7be03,2025-01-30 22:00:00+00:00,2025-01-30 22:00:00+00:00,{},False
O-20250130-220000-001-V2-420,BACKTESTER-001,MLSignalStrategyV2-V2,EUR/USD.IDEALPRO,IDEALPRO-1-420,IDEALPRO-001,IDEALPRO-1-61017,EUR/USD.IDEALPRO-MLSignalStrategyV2-V2,SELL,LIMIT,100000.00,1.04041,USD,2.08 USD,MAKER,b99aef9a-abaf-47d4-a41a-a4fb2d2db1d4,2025-01-31 07:24:00+00:00,2025-01-31 07:24:00+00:00,{},False
O-20250131-100000-001-V2-421,BACKTESTER-001,MLSignalStrategyV2-V2,EUR/USD.IDEALPRO,IDEALPRO-1-421,IDEALPRO-001,IDEALPRO-1-61331,EUR/USD.IDEALPRO-MLSignalStrategyV2-V2,BUY,MARKET,100000.00,1.03838,USD,2.08 USD,TAKER,72e67b14-fdae-4e1a-bf6d-e178327fe160,2025-01-31 10:00:00+00:00,2025-01-31 10:00:00+00:00,{},False
O-20250131-100000-001-V2-423,BACKTESTER-001,MLSignalStrategyV2-V2,EUR/USD.IDEALPRO,IDEALPRO-1-423,IDEALPRO-001,IDEALPRO-1-61713,EUR/USD.IDEALPRO-MLSignalStrategyV2-V2,SELL,LIMIT,100000.00,1.03940,USD,2.08 USD,MAKER,75198048-ba4c-4def-a5de-718abffb052f,2025-01-31 13:11:00+00:00,2025-01-31 13:11:00+00:00,{},False
O-20250131-161500-001-V2-424,BACKTESTER-001,MLSignalStrategyV2-V2,EUR/USD.IDEALPRO,IDEALPRO-1-424,IDEALPRO-001,IDEALPRO-1-62083,EUR/USD.IDEALPRO-MLSignalStrategyV2-V2,BUY,MARKET,100000.00,1.03893,USD,2.08 USD,TAKER,3fa6161d-48a9-4d08-8a82-6e5105db3aaf,2025-01-31 16:15:00+00:00,2025-01-31 16:15:00+00:00,{},False
O-20250131-161500-001-V2-426,BACKTESTER-001,MLSignalStrategyV2-V2,EUR/USD.IDEALPRO,IDEALPRO-1-426,IDEALPRO-001,IDEALPRO-1-62121,EUR/USD.IDEALPRO-MLSignalStrategyV2-V2,SELL,LIMIT,100000.00,1.04031,USD,2.08 USD,MAKER,f4910dcf-7d27-4df4-9076-baf6a92b8760,2025-01-31 16:34:00+00:00,2025-01-31 16:34:00+00:00,{},False
O-20250131-171500-001-V2-427,BACKTESTER-001,MLSignalStrategyV2-V2,EUR/USD.IDEALPRO,IDEALPRO-1-427,IDEALPRO-001,IDEALPRO-1-62204,EUR/USD.IDEALPRO-MLSignalStrategyV2-V2,SELL,MARKET,100000.00,1.04256,USD,2.09 USD,TAKER,726ebb1d-6a1c-4831-ae7f-849776f0010d,2025-01-31 17:15:00+00:00,2025-01-31 17:15:00+00:00,{},False
O-20250131-171500-001-V2-429,BACKTESTER-001,MLSignalStrategyV2-V2,EUR/USD.IDEALPRO,IDEALPRO-1-429,IDEALPRO-001,IDEALPRO-1-62335,EUR/USD.IDEALPRO-MLSignalStrategyV2-V2,BUY,LIMIT,100000.00,1.03933,USD,2.08 USD,MAKER,b651ffec-cd67-46d6-8c03-8b6498c40884,2025-01-31 18:20:00+00:00,2025-01-31 18:20:00+00:00,{},False
O-20250202-223000-001-V2-430,BACKTESTER-001,MLSignalStrategyV2-V2,EUR/USD.IDEALPRO,IDEALPRO-1-430,IDEALPRO-001,IDEALPRO-1-62806,EUR/USD.IDEALPRO-MLSignalStrategyV2-V2,BUY,MARKET,100000.00,1.02510,USD,2.05 USD,TAKER,731fd929-2aa6-41e3-9362-05e234608248,2025-02-02 22:30:00+00:00,2025-02-02 22:30:00+00:00,{},False
O-20250202-223000-001-V2-431,BACKTESTER-001,MLSignalStrategyV2-V2,EUR/USD.IDEALPRO,IDEALPRO-1-431,IDEALPRO-001,IDEALPRO-1-63033,EUR/USD.IDEALPRO-MLSignalStrategyV2-V2,SELL,STOP_MARKET,100000.00,1.02171,USD,2.04 USD,TAKER,238f8606-f31c-472b-80a6-5159626aa64d,2025-02-03 00:23:00+00:00,2025-02-03 00:23:00+00:00,{},False
O-20250203-003000-001-V2-433,BACKTESTER-001,MLSignalStrategyV2-V2,EUR/USD.IDEALPRO,IDEALPRO-1-433,IDEALPRO-001,IDEALPRO-1-63048,EUR/USD.IDEALPRO-MLSignalStrategyV2-V2,BUY,MARKET,100000.00,1.02368,USD,2.05 USD,TAKER,a04f489b-d7ed-47e9-a3fd-e85c900411c4,2025-02-03 00:30:00+00:00,2025-02-03 00:30:00+00:00,{},False
O-20250203-003000-001-V2-435,BACKTESTER-001,MLSignalStrategyV2-V2,EUR/USD.IDEALPRO,IDEALPRO-1-435,IDEALPRO-001,IDEALPRO-1-64471,EUR/USD.IDEALPRO-MLSignalStrategyV2-V2,SELL,LIMIT,100000.00,1.02602,USD,2.05 USD,MAKER,ea338885-c54d-4582-b405-1b05f5ceaa2a,2025-02-03 12:21:00+00:00,2025-02-03 12:21:00+00:00,{},False
O-20250203-154500-001-V2-436,BACKTESTER-001,MLSignalStrategyV2-V2,EUR/USD.IDEALPRO,IDEALPRO-1-436,IDEALPRO-001,IDEALPRO-1-64880,EUR/USD.IDEALPRO-MLSignalStrategyV2-V2,SELL,MARKET,100000.00,1.03278,USD,2.07 USD,TAKER,b6276776-5b4b-4b96-a26c-8da202b55c8e,2025-02-03 15:45:00+00:00,2025-02-03 15:45:00+00:00,{},False
O-20250203-154500-001-V2-438,BACKTESTER-001,MLSignalStrategyV2-V2,EUR/USD.IDEALPRO,IDEALPRO-1-438,IDEALPRO-001,IDEALPRO-1-64919,EUR/USD.IDEALPRO-MLSignalStrategyV2-V2,BUY,LIMIT,100000.00,1.02946,USD,2.06 USD,MAKER,8abd3c17-0ea5-4aff-a646-a51a8a262c78,2025-02-03 16:04:00+00:00,2025-02-03 16:04:00+00:00,{},False
O-20250203-161500-001-V2-439,BACKTESTER-001,MLSignalStrategyV2-V2,EUR/USD.IDEALPRO,IDEALPRO-1-439,IDEALPRO-001,IDEALPRO-1-64942,EUR/USD.IDEALPRO-MLSignalStrategyV2-V2,SELL,MARKET,100000.00,1.03174,USD,2.06 USD,TAKER,a6aca5c1-3330-425f-a8ae-edf8ef02079d,2025-02-03 16:15:00+00:00,2025-02-03 16:15:00+00:00,{},False
O-20250203-161500-001-V2-441,BACKTESTER-001,MLSignalStrategyV2-V2,EUR/USD.IDEALPRO,IDEALPRO-1-441,IDEALPRO-001,IDEALPRO-1-65013,EUR/USD.IDEALPRO-MLSignalStrategyV2-V2,BUY,LIMIT,100000.00,1.02933,USD,2.06 USD,MAKER,e5d5cbac-adc0-4152-9b93-6fa556444f1f,2025-02-03 16:50:00+00:00,2025-02-03 16:50:00+00:00,{},False
O-20250203-181500-001-V2-442,BACKTESTER-001,MLSignalStrategyV2-V2,EUR/USD.IDEALPRO,IDEALPRO-1-442,IDEALPRO-001,IDEALPRO-1-65184,EUR/USD.IDEALPRO-MLSignalStrategyV2-V2,SELL,MARKET,100000.00,1.02828,USD,2.06 USD,TAKER,2057858e-034e-4853-82b7-30d344f4bec0,2025-02-03 18:15:00+00:00,2025-02-03 18:15:00+00:00,{},False
O-20250203-181500-001-V2-443,BACKTESTER-001,MLSignalStrategyV2-V2,EUR/USD.IDEALPRO,IDEALPRO-1-443,IDEALPRO-001,IDEALPRO-1-65557,EUR/USD.IDEALPRO-MLSignalStrategyV2-V2,BUY,STOP_MARKET,100000.00,1.03122,USD,2.06 USD,TAKER,a3eaf084-438f-4591-9570-2e5ddd045458,2025-02-03 21:21:00+00:00,2025-02-03 21:21:00+00:00,{},False
O-20250203-213000-001-V2-445,BACKTESTER-001,MLSignalStrategyV2-V2,EUR/USD.IDEALPRO,IDEALPRO-1-445,IDEALPRO-001,IDEALPRO-1-65576,EUR/USD.IDEALPRO-MLSignalStrategyV2-V2,SELL,MARKET,100000.00,1.03074,USD,2.06 USD,TAKER,6a3b0ef1-6038-4d7d-ac1c-cc7ef140fd08,2025-02-03 21:30:00+00:00,2025-02-03 21:30:00+00:00,{},False
O-20250203-213000-001-V2-446,BACKTESTER-001,MLSignalStrategyV2-V2,EUR/USD.IDEALPRO,IDEALPRO-1-446,IDEALPRO-001,IDEALPRO-1-65591,EUR/USD.IDEALPRO-MLSignalStrategyV2-V2,BUY,STOP_MARKET,100000.00,1.03297,USD,2.07 USD,TAKER,04ee3ad5-f4ea-464f-a978-eb2d15e2ebd8,2025-02-03 21:37:00+00:00,2025-02-03 21:37:00+00:00,{},False
O-20250203-214500-001-V2-448,BACKTESTER-001,MLSignalStrategyV2-V2,EUR/USD.IDEALPRO,IDEALPRO-1-448,IDEALPRO-001,IDEALPRO-1-65608,EUR/USD.IDEALPRO-MLSignalStrategyV2-V2,SELL,MARKET,100000.00,1.03384,USD,2.07 USD,TAKER,9130402c-3c48-4690-809a-946e645c9d51,2025-02-03 21:45:00+00:00,2025-02-03 21:45:00+00:00,{},False
O-20250203-214500-001-V2-450,BACKTESTER-001,MLSignalStrategyV2-V2,EUR/USD.IDEALPRO,IDEALPRO-1-450,IDEALPRO-001,IDEALPRO-1-65857,EUR/USD.IDEALPRO-MLSignalStrategyV2-V2,BUY,LIMIT,100000.00,1.03254,USD,2.07 USD,MAKER,0f56bcb2-03c8-4238-a162-0e0535367cf8,2025-02-04 00:04:00+00:00,2025-02-04 00:04:00+00:00,{},False
O-20250204-011500-001-V2-451,BACKTESTER-001,MLSignalStrategyV2-V2,EUR/USD.IDEALPRO,IDEALPRO-1-451,IDEALPRO-001,IDEALPRO-1-66000,EUR/USD.IDEALPRO-MLSignalStrategyV2-V2,BUY,MARKET,100000.00,1.03120,USD,2.06 USD,TAKER,b18f9028-b35d-4132-af58-ce88914b7844,2025-02-04 01:15:00+00:00,2025-02-04 01:15:00+00:00,{},False
O-20250204-011500-001-V2-453,BACKTESTER-001,MLSignalStrategyV2-V2,EUR/USD.IDEALPRO,IDEALPRO-1-453,IDEALPRO-001,IDEALPRO-1-66077,EUR/USD.IDEALPRO-MLSignalStrategyV2-V2,SELL,LIMIT,100000.00,1.03210,USD,2.06 USD,MAKER,9b979e9c-68a1-4305-9432-f22101e845c0,2025-02-04 01:53:00+00:00,2025-02-04 01:53:00+00:00,{},False
O-20250204-051500-001-V2-454,BACKTESTER-001,MLSignalStrategyV2-V2,EUR/USD.IDEALPRO,IDEALPRO-1-454,IDEALPRO-001,IDEALPRO-1-66482,EUR/USD.IDEALPRO-MLSignalStrategyV2-V2,BUY,MARKET,100000.00,1.02794,USD,2.06 USD,TAKER,23e2bbe1-1194-4302-b902-0e05b29ff112,2025-02-04 05:15:00+00:00,2025-02-04 05:15:00+00:00,{},False
O-20250204-051500-001-V2-456,BACKTESTER-001,MLSignalStrategyV2-V2,EUR/USD.IDEALPRO,IDEALPRO-1-456,IDEALPRO-001,IDEALPRO-1-66511,EUR/USD.IDEALPRO-MLSignalStrategyV2-V2,SELL,LIMIT,100000.00,1.02867,USD,2.06 USD,MAKER,9f16a67d-f85b-4ade-90d5-f1c11feb8f3a,2025-02-04 05:29:00+00:00,2025-02-04 05:29:00+00:00,{},False
O-20250204-053000-001-V2-457,BACKTESTER-001,MLSignalStrategyV2-V2,EUR/USD.IDEALPRO,IDEALPRO-1-457,IDEALPRO-001,IDEALPRO-1-66514,EUR/USD.IDEALPRO-MLSignalStrategyV2-V2,BUY,MARKET,100000.00,1.02863,USD,2.06 USD,TAKER,9aa20a62-95eb-49e9-9f91-528838e127c9,2025-02-04 05:30:00+00:00,2025-02-04 05:30:00+00:00,{},False
O-20250204-053000-001-V2-459,BACKTESTER-001,MLSignalStrategyV2-V2,EUR/USD.IDEALPRO,IDEALPRO-1-459,IDEALPRO-001,IDEALPRO-1-66557,EUR/USD.IDEALPRO-MLSignalStrategyV2-V2,SELL,LIMIT,100000.00,1.02975,USD,2.06 USD,MAKER,911d4104-c6bb-468f-abf9-301b9a50d951,2025-02-04 05:51:00+00:00,2025-02-04 05:51:00+00:00,{},False
O-20250204-083000-001-V2-460,BACKTESTER-001,MLSignalStrategyV2-V2,EUR/USD.IDEALPRO,IDEALPRO-1-460,IDEALPRO-001,IDEALPRO-1-66877,EUR/USD.IDEALPRO-MLSignalStrategyV2-V2,BUY,MARKET,100000.00,1.03319,USD,2.07 USD,TAKER,f22b6c1e-33f7-4104-a8c8-6a15baddea71,2025-02-04 08:30:00+00:00,2025-02-04 08:30:00+00:00,{},False
O-20250204-083000-001-V2-462,BACKTESTER-001,MLSignalStrategyV2-V2,EUR/USD.IDEALPRO,IDEALPRO-1-462,IDEALPRO-001,IDEALPRO-1-66955,EUR/USD.IDEALPRO-MLSignalStrategyV2-V2,SELL,LIMIT,100000.00,1.03412,USD,2.07 USD,MAKER,970358dd-62d6-49cd-a696-594db09c8612,2025-02-04 09:09:00+00:00,2025-02-04 09:09:00+00:00,{},False
O-20250204-091500-001-V2-463,BACKTESTER-001,MLSignalStrategyV2-V2,EUR/USD.IDEALPRO,IDEALPRO-1-463,IDEALPRO-001,IDEALPRO-1-66968,EUR/USD.IDEALPRO-MLSignalStrategyV2-V2,SELL,MARKET,100000.00,1.03420,USD,2.07 USD,TAKER,c5fc8aa9-3248-4302-afe3-6a12ed0b5854,2025-02-04 09:15:00+00:00,2025-02-04 09:15:00+00:00,{},False
O-20250204-091500-001-V2-465,BACKTESTER-001,MLSignalStrategyV2-V2,EUR/USD.IDEALPRO,IDEALPRO-1-465,IDEALPRO-001,IDEALPRO-1-67123,EUR/USD.IDEALPRO-MLSignalStrategyV2-V2,BUY,LIMIT,100000.00,1.03323,USD,2.07 USD,MAKER,66a21ea5-c893-42f6-87fc-21d0359630e1,2025-02-04 10:32:00+00:00,2025-02-04 10:32:00+00:00,{},False
O-20250204-184500-001-V2-466,BACKTESTER-001,MLSignalStrategyV2-V2,EUR/USD.IDEALPRO,IDEALPRO-1-466,IDEALPRO-001,IDEALPRO-1-68111,EUR/USD.IDEALPRO-MLSignalStrategyV2-V2,SELL,MARKET,100000.00,1.03854,USD,2.08 USD,TAKER,a8ad45e5-4d55-4854-9ed2-c8151b0d867c,2025-02-04 18:45:00+00:00,2025-02-04 18:45:00+00:00,{},False
O-20250204-184500-001-V2-468,BACKTESTER-001,MLSignalStrategyV2-V2,EUR/USD.IDEALPRO,IDEALPRO-1-468,IDEALPRO-001,IDEALPRO-1-68551,EUR/USD.IDEALPRO-MLSignalStrategyV2-V2,BUY,LIMIT,100000.00,1.03764,USD,2.08 USD,MAKER,2ef5d61f-a444-4f35-9ba7-42b4c2460569,2025-02-04 22:40:00+00:00,2025-02-04 22:40:00+00:00,{},False
O-20250205-031500-001-V2-469,BACKTESTER-001,MLSignalStrategyV2-V2,EUR/USD.IDEALPRO,IDEALPRO-1-469,IDEALPRO-001,IDEALPRO-1-69102,EUR/USD.IDEALPRO-MLSignalStrategyV2-V2,SELL,MARKET,100000.00,1.03817,USD,2.08 USD,TAKER,6408641e-2717-40ed-8c32-73105831f1d3,2025-02-05 03:15:00+00:00,2025-02-05 03:15:00+00:00,{},False
O-20250205-031500-001-V2-471,BACKTESTER-001,MLSignalStrategyV2-V2,EUR/USD.IDEALPRO,IDEALPRO-1-471,IDEALPRO-001,IDEALPRO-1-69277,EUR/USD.IDEALPRO-MLSignalStrategyV2-V2,BUY,LIMIT,100000.00,1.03764,USD,2.08 USD,MAKER,fc2c5e7d-88f2-40d7-8665-5e3abd5c088e,2025-02-05 04:42:00+00:00,2025-02-05 04:42:00+00:00,{},False
O-20250205-044500-001-V2-472,BACKTESTER-001,MLSignalStrategyV2-V2,EUR/USD.IDEALPRO,IDEALPRO-1-472,IDEALPRO-001,IDEALPRO-1-69284,EUR/USD.IDEALPRO-MLSignalStrategyV2-V2,BUY,MARKET,100000.00,1.03781,USD,2.08 USD,TAKER,1f142e3a-cd83-495c-a7de-7c9c95290052,2025-02-05 04:45:00+00:00,2025-02-05 04:45:00+00:00,{},False
O-20250205-044500-001-V2-474,BACKTESTER-001,MLSignalStrategyV2-V2,EUR/USD.IDEALPRO,IDEALPRO-1-474,IDEALPRO-001,IDEALPRO-1-69469,EUR/USD.IDEALPRO-MLSignalStrategyV2-V2,SELL,LIMIT,100000.00,1.03842,USD,2.08 USD,MAKER,b9d7a253-f81e-4e19-aba1-476c2bf09250,2025-02-05 06:17:00+00:00,2025-02-05 06:17:00+00:00,{},False
O-20250205-123000-001-V2-475,BACKTESTER-001,MLSignalStrategyV2-V2,EUR/USD.IDEALPRO,IDEALPRO-1-475,IDEALPRO-001,IDEALPRO-1-70217,EUR/USD.IDEALPRO-MLSignalStrategyV2-V2,SELL,MARKET,100000.00,1.04154,USD,2.08 USD,TAKER,132c0811-07c6-4ec3-90b3-de38130168c3,2025-02-05 12:30:00+00:00,2025-02-05 12:30:00+00:00,{},False
O-20250205-123000-001-V2-476,BACKTESTER-001,MLSignalStrategyV2-V2,EUR/USD.IDEALPRO,IDEALPRO-1-476,IDEALPRO-001,IDEALPRO-1-70301,EUR/USD.IDEALPRO-MLSignalStrategyV2-V2,BUY,STOP_MARKET,100000.00,1.04251,USD,2.09 USD,TAKER,13bd0618-41a4-48f3-b552-7fe4d150497e,2025-02-05 13:12:00+00:00,2025-02-05 13:12:00+00:00,{},False
O-20250205-154500-001-V2-478,BACKTESTER-001,MLSignalStrategyV2-V2,EUR/USD.IDEALPRO,IDEALPRO-1-478,IDEALPRO-001,IDEALPRO-1-70609,EUR/USD.IDEALPRO-MLSignalStrategyV2-V2,SELL,MARKET,100000.00,1.04177,USD,2.08 USD,TAKER,2c76276e-10b9-4926-a7e7-314b07c90e3a,2025-02-05 15:45:00+00:00,2025-02-05 15:45:00+00:00,{},False
O-20250205-154500-001-V2-480,BACKTESTER-001,MLSignalStrategyV2-V2,EUR/USD.IDEALPRO,IDEALPRO-1-480,IDEALPRO-001,IDEALPRO-1-71087,EUR/USD.IDEALPRO-MLSignalStrategyV2-V2,BUY,LIMIT,100000.00,1.04070,USD,2.08 USD,MAKER,187caab1-dc9b-4977-9edd-31d6b6d7a596,2025-02-05 19:44:00+00:00,2025-02-05 19:44:00+00:00,{},False
O-20250205-223000-001-V2-481,BACKTESTER-001,MLSignalStrategyV2-V2,EUR/USD.IDEALPRO,IDEALPRO-1-481,IDEALPRO-001,IDEALPRO-1-71390,EUR/USD.IDEALPRO-MLSignalStrategyV2-V2,SELL,MARKET,100000.00,1.04041,USD,2.08 USD,TAKER,697a5b26-e5bb-4691-9fc2-c166c2cbf6be,2025-02-05 22:30:00+00:00,2025-02-05 22:30:00+00:00,{},False
O-20250205-223000-001-V2-483,BACKTESTER-001,MLSignalStrategyV2-V2,EUR/USD.IDEALPRO,IDEALPRO-1-483,IDEALPRO-001,IDEALPRO-1-71471,EUR/USD.IDEALPRO-MLSignalStrategyV2-V2,BUY,LIMIT,100000.00,1.03989,USD,2.08 USD,MAKER,4fd701d4-b619-4fba-8f68-b5f2c86a9e24,2025-02-05 23:10:00+00:00,2025-02-05 23:10:00+00:00,{},False
O-20250206-001500-001-V2-484,BACKTESTER-001,MLSignalStrategyV2-V2,EUR/USD.IDEALPRO,IDEALPRO-1-484,IDEALPRO-001,IDEALPRO-1-71602,EUR/USD.IDEALPRO-MLSignalStrategyV2-V2,SELL,MARKET,100000.00,1.04020,USD,2.08 USD,TAKER,dd10c5a8-c7f9-4f99-871b-26ec328117e6,2025-02-06 00:15:00+00:00,2025-02-06 00:15:00+00:00,{},False
O-20250206-001500-001-V2-486,BACKTESTER-001,MLSignalStrategyV2-V2,EUR/USD.IDEALPRO,IDEALPRO-1-486,IDEALPRO-001,IDEALPRO-1-71617,EUR/USD.IDEALPRO-MLSignalStrategyV2-V2,BUY,LIMIT,100000.00,1.03965,USD,2.08 USD,MAKER,b575915e-9925-4299-8e65-b83f4c867609,2025-02-06 00:22:00+00:00,2025-02-06 00:22:00+00:00,{},False
O-20250206-010000-001-V2-487,BACKTESTER-001,MLSignalStrategyV2-V2,EUR/USD.IDEALPRO,IDEALPRO-1-487,IDEALPRO-001,IDEALPRO-1-71695,EUR/USD.IDEALPRO-MLSignalStrategyV2-V2,SELL,MARKET,100000.00,1.03974,USD,2.08 USD,TAKER,874e3ef7-e522-429c-8476-90a9dce1d4ad,2025-02-06 01:00:00+00:00,2025-02-06 01:00:00+00:00,{},False
O-20250206-010000-001-V2-488,BACKTESTER-001,MLSignalStrategyV2-V2,EUR/USD.IDEALPRO,IDEALPRO-1-488,IDEALPRO-001,IDEALPRO-1-71775,EUR/USD.IDEALPRO-MLSignalStrategyV2-V2,BUY,STOP_MARKET,100000.00,1.04035,USD,2.08 USD,TAKER,15ffa49d-37d1-448b-add2-9acb1c90f926,2025-02-06 01:40:00+00:00,2025-02-06 01:40:00+00:00,{},False
O-20250206-041500-001-V2-490,BACKTESTER-001,MLSignalStrategyV2-V2,EUR/USD.IDEALPRO,IDEALPRO-1-490,IDEALPRO-001,IDEALPRO-1-72086,EUR/USD.IDEALPRO-MLSignalStrategyV2-V2,BUY,MARKET,100000.00,1.03922,USD,2.08 USD,TAKER,4acda7a4-44fb-43b4-b968-ee70ad2b032a,2025-02-06 04:15:00+00:00,2025-02-06 04:15:00+00:00,{},False
O-20250206-041500-001-V2-491,BACKTESTER-001,MLSignalStrategyV2-V2,EUR/USD.IDEALPRO,IDEALPRO-1-491,IDEALPRO-001,IDEALPRO-1-72149,EUR/USD.IDEALPRO-MLSignalStrategyV2-V2,SELL,STOP_MARKET,100000.00,1.03869,USD,2.08 USD,TAKER,9c2c1b94-f7ae-44d9-8318-69d3724fb0a8,2025-02-06 04:46:00+00:00,2025-02-06 04:46:00+00:00,{},False
O-20250206-110000-001-V2-493,BACKTESTER-001,MLSignalStrategyV2-V2,EUR/USD.IDEALPRO,IDEALPRO-1-493,IDEALPRO-001,IDEALPRO-1-72898,EUR/USD.IDEALPRO-MLSignalStrategyV2-V2,SELL,MARKET,100000.00,1.03625,USD,2.07 USD,TAKER,e6307bc9-6eb8-4b84-ba14-59b7391a56c0,2025-02-06 11:00:00+00:00,2025-02-06 11:00:00+00:00,{},False
O-20250206-110000-001-V2-495,BACKTESTER-001,MLSignalStrategyV2-V2,EUR/USD.IDEALPRO,IDEALPRO-1-495,IDEALPRO-001,IDEALPRO-1-73041,EUR/USD.IDEALPRO-MLSignalStrategyV2-V2,BUY,LIMIT,100000.00,1.03553,USD,2.07 USD,MAKER,80b96811-eab4-4669-bec9-25bcc701d7a8,2025-02-06 12:11:00+00:00,2025-02-06 12:11:00+00:00,{},False
O-20250206-141500-001-V2-496,BACKTESTER-001,MLSignalStrategyV2-V2,EUR/USD.IDEALPRO,IDEALPRO-1-496,IDEALPRO-001,IDEALPRO-1-73290,EUR/USD.IDEALPRO-MLSignalStrategyV2-V2,SELL,MARKET,100000.00,1.03661,USD,2.07 USD,TAKER,43a81ce1-9bc9-42fb-9ead-ccf9797e91ff,2025-02-06 14:15:00+00:00,2025-02-06 14:15:00+00:00,{},False
O-20250206-141500-001-V2-497,BACKTESTER-001,MLSignalStrategyV2-V2,EUR/USD.IDEALPRO,IDEALPRO-1-497,IDEALPRO-001,IDEALPRO-1-73343,EUR/USD.IDEALPRO-MLSignalStrategyV2-V2,BUY,STOP_MARKET,100000.00,1.03747,USD,2.07 USD,TAKER,9f6bc6c6-eb49-42a8-8876-53517f6d1de3,2025-02-06 14:41:00+00:00,2025-02-06 14:41:00+00:00,{},False
O-20250207-084500-001-V2-499,BACKTESTER-001,MLSignalStrategyV2-V2,EUR/USD.IDEALPRO,IDEALPRO-1-499,IDEALPRO-001,IDEALPRO-1-75482,EUR/USD.IDEALPRO-MLSignalStrategyV2-V2,SELL,MARKET,100000.00,1.03983,USD,2.08 USD,TAKER,cebd22e0-6ba9-4daa-8ad8-66c6a744af21,2025-02-07 08:45:00+00:00,2025-02-07 08:45:00+00:00,{},False
O-20250207-084500-001-V2-501,BACKTESTER-001,MLSignalStrategyV2-V2,EUR/USD.IDEALPRO,IDEALPRO-1-501,IDEALPRO-001,IDEALPRO-1-75537,EUR/USD.IDEALPRO-MLSignalStrategyV2-V2,BUY,LIMIT,100000.00,1.03927,USD,2.08 USD,MAKER,9451070e-cb85-4b11-be44-d3e7fd4d75f6,2025-02-07 09:12:00+00:00,2025-02-07 09:12:00+00:00,{},False
O-20250207-103000-001-V2-502,BACKTESTER-001,MLSignalStrategyV2-V2,EUR/USD.IDEALPRO,IDEALPRO-1-502,IDEALPRO-001,IDEALPRO-1-75695,EUR/USD.IDEALPRO-MLSignalStrategyV2-V2,BUY,MARKET,100000.00,1.03880,USD,2.08 USD,TAKER,3de68b55-416b-48b4-b672-8e3d0a379d74,2025-02-07 10:30:00+00:00,2025-02-07 10:30:00+00:00,{},False
O-20250207-103000-001-V2-503,BACKTESTER-001,MLSignalStrategyV2-V2,EUR/USD.IDEALPRO,IDEALPRO-1-503,IDEALPRO-001,IDEALPRO-1-75729,EUR/USD.IDEALPRO-MLSignalStrategyV2-V2,SELL,STOP_MARKET,100000.00,1.03807,USD,2.08 USD,TAKER,1510e7a9-5891-4fee-a341-a6ba2b86bd18,2025-02-07 10:47:00+00:00,2025-02-07 10:47:00+00:00,{},False
O-20250207-170000-001-V2-505,BACKTESTER-001,MLSignalStrategyV2-V2,EUR/USD.IDEALPRO,IDEALPRO-1-505,IDEALPRO-001,IDEALPRO-1-76476,EUR/USD.IDEALPRO-MLSignalStrategyV2-V2,SELL,MARKET,100000.00,1.03279,USD,2.07 USD,TAKER,52788fa1-e0be-4c95-8a2e-4f0e7803c5ff,2025-02-07 17:00:00+00:00,2025-02-07 17:00:00+00:00,{},False
O-20250207-170000-001-V2-506,BACKTESTER-001,MLSignalStrategyV2-V2,EUR/USD.IDEALPRO,IDEALPRO-1-506,IDEALPRO-001,IDEALPRO-1-76495,EUR/USD.IDEALPRO-MLSignalStrategyV2-V2,BUY,STOP_MARKET,100000.00,1.03609,USD,2.07 USD,TAKER,ffb890bf-9c34-4d59-b11d-f48ca40a7172,2025-02-07 17:09:00+00:00,2025-02-07 17:09:00+00:00,{},False
O-20250207-171500-001-V2-508,BACKTESTER-001,MLSignalStrategyV2-V2,EUR/USD.IDEALPRO,IDEALPRO-1-508,IDEALPRO-001,IDEALPRO-1-76509,EUR/USD.IDEALPRO-MLSignalStrategyV2-V2,BUY,MARKET,100000.00,1.03428,USD,2.07 USD,TAKER,e9b8f972-0b96-4470-819f-8051a64ac8e5,2025-02-07 17:15:00+00:00,2025-02-07 17:15:00+00:00,{},False
O-20250207-171500-001-V2-509,BACKTESTER-001,MLSignalStrategyV2-V2,EUR/USD.IDEALPRO,IDEALPRO-1-509,IDEALPRO-001,IDEALPRO-1-76517,EUR/USD.IDEALPRO-MLSignalStrategyV2-V2,SELL,STOP_MARKET,100000.00,1.03052,USD,2.06 USD,TAKER,888af8e1-e527-464d-8dfd-49388dadf7e8,2025-02-07 17:19:00+00:00,2025-02-07 17:19:00+00:00,{},False
O-20250207-173000-001-V2-511,BACKTESTER-001,MLSignalStrategyV2-V2,EUR/USD.IDEALPRO,IDEALPRO-1-511,IDEALPRO-001,IDEALPRO-1-76540,EUR/USD.IDEALPRO-MLSignalStrategyV2-V2,BUY,MARKET,100000.00,1.03202,USD,2.06 USD,TAKER,bcd4cbdc-3e58-4afc-b2ef-1601b43a07d5,2025-02-07 17:30:00+00:00,2025-02-07 17:30:00+00:00,{},False
O-20250207-173000-001-V2-512,BACKTESTER-001,MLSignalStrategyV2-V2,EUR/USD.IDEALPRO,IDEALPRO-1-512,IDEALPRO-001,IDEALPRO-1-77095,EUR/USD.IDEALPRO-MLSignalStrategyV2-V2,SELL,STOP_MARKET,100000.00,1.02916,USD,2.06 USD,TAKER,0500442c-f3b0-4642-bc9c-ee61e15016f8,2025-02-09 22:22:00+00:00,2025-02-09 22:22:00+00:00,{},False
O-20250209-223000-001-V2-514,BACKTESTER-001,MLSignalStrategyV2-V2,EUR/USD.IDEALPRO,IDEALPRO-1-514,IDEALPRO-001,IDEALPRO-1-77112,EUR/USD.IDEALPRO-MLSignalStrategyV2-V2,BUY,MARKET,100000.00,1.02959,USD,2.06 USD,TAKER,de8a002a-e979-4c9b-8a65-ff8f4e84589a,2025-02-09 22:30:00+00:00,2025-02-09 22:30:00+00:00,{},False
O-20250209-223000-001-V2-516,BACKTESTER-001,MLSignalStrategyV2-V2,EUR/USD.IDEALPRO,IDEALPRO-1-516,IDEALPRO-001,IDEALPRO-1-77181,EUR/USD.IDEALPRO-MLSignalStrategyV2-V2,SELL,LIMIT,100000.00,1.03079,USD,2.06 USD,MAKER,f6ed297c-b779-42d8-9a59-808eb811e35f,2025-02-09 23:04:00+00:00,2025-02-09 23:04:00+00:00,{},False
O-20250209-231500-001-V2-517,BACKTESTER-001,MLSignalStrategyV2-V2,EUR/USD.IDEALPRO,IDEALPRO-1-517,IDEALPRO-001,IDEALPRO-1-77204,EUR/USD.IDEALPRO-MLSignalStrategyV2-V2,BUY,MARKET,100000.00,1.03083,USD,2.06 USD,TAKER,f76f9962-9b7a-43ef-b7e0-ec876ebf20fe,2025-02-09 23:15:00+00:00,2025-02-09 23:15:00+00:00,{},False
O-20250209-231500-001-V2-519,BACKTESTER-001,MLSignalStrategyV2-V2,EUR/USD.IDEALPRO,IDEALPRO-1-519,IDEALPRO-001,IDEALPRO-1-77337,EUR/USD.IDEALPRO-MLSignalStrategyV2-V2,SELL,LIMIT,100000.00,1.03184,USD,2.06 USD,MAKER,0480483e-edf0-4b69-93f7-71630597a6c4,2025-02-10 00:21:00+00:00,2025-02-10 00:21:00+00:00,{},False
O-20250210-063000-001-V2-520,BACKTESTER-001,MLSignalStrategyV2-V2,EUR/USD.IDEALPRO,IDEALPRO-1-520,IDEALPRO-001,IDEALPRO-1-78077,EUR/USD.IDEALPRO-MLSignalStrategyV2-V2,BUY,MARKET,100000.00,1.03145,USD,2.06 USD,TAKER,dcbd8221-46da-43f8-a66f-99706f43224e,2025-02-10 06:30:00+00:00,2025-02-10 06:30:00+00:00,{},False
O-20250210-063000-001-V2-522,BACKTESTER-001,MLSignalStrategyV2-V2,EUR/USD.IDEALPRO,IDEALPRO-1-522,IDEALPRO-001,IDEALPRO-1-78109,EUR/USD.IDEALPRO-MLSignalStrategyV2-V2,SELL,LIMIT,100000.00,1.03184,USD,2.06 USD,MAKER,1a9cd876-bfc5-4627-832f-1128f0f154f6,2025-02-10 06:46:00+00:00,2025-02-10 06:46:00+00:00,{},False
O-20250210-183000-001-V2-523,BACKTESTER-001,MLSignalStrategyV2-V2,EUR/USD.IDEALPRO,IDEALPRO-1-523,IDEALPRO-001,IDEALPRO-1-79519,EUR/USD.IDEALPRO-MLSignalStrategyV2-V2,BUY,MARKET,100000.00,1.03127,USD,2.06 USD,TAKER,d8f51d5e-34d0-468a-912d-84fcdbb74c2c,2025-02-10 18:30:00+00:00,2025-02-10 18:30:00+00:00,{},False
O-20250210-183000-001-V2-524,BACKTESTER-001,MLSignalStrategyV2-V2,EUR/USD.IDEALPRO,IDEALPRO-1-524,IDEALPRO-001,IDEALPRO-1-79571,EUR/USD.IDEALPRO-MLSignalStrategyV2-V2,SELL,STOP_MARKET,100000.00,1.03058,USD,2.06 USD,TAKER,afc03154-6c05-4609-a5d2-7acd63a6493b,2025-02-10 18:56:00+00:00,2025-02-10 18:56:00+00:00,{},False
O-20250210-201500-001-V2-526,BACKTESTER-001,MLSignalStrategyV2-V2,EUR/USD.IDEALPRO,IDEALPRO-1-526,IDEALPRO-001,IDEALPRO-1-79731,EUR/USD.IDEALPRO-MLSignalStrategyV2-V2,BUY,MARKET,100000.00,1.03072,USD,2.06 USD,TAKER,101d7579-6d5c-444e-9ec2-5b14e090d2f4,2025-02-10 20:15:00+00:00,2025-02-10 20:15:00+00:00,{},False
O-20250210-201500-001-V2-527,BACKTESTER-001,MLSignalStrategyV2-V2,EUR/USD.IDEALPRO,IDEALPRO-1-527,IDEALPRO-001,IDEALPRO-1-80063,EUR/USD.IDEALPRO-MLSignalStrategyV2-V2,SELL,STOP_MARKET,100000.00,1.03019,USD,2.06 USD,TAKER,9628eafb-7e24-4ee6-ab6c-6efcdd4b06e9,2025-02-10 23:16:00+00:00,2025-02-10 23:16:00+00:00,{},False
O-20250210-233000-001-V2-529,BACKTESTER-001,MLSignalStrategyV2-V2,EUR/USD.IDEALPRO,IDEALPRO-1-529,IDEALPRO-001,IDEALPRO-1-80092,EUR/USD.IDEALPRO-MLSignalStrategyV2-V2,BUY,MARKET,100000.00,1.03002,USD,2.06 USD,TAKER,3d5284c4-4aa3-4f34-98ea-2b3fa7cfda67,2025-02-10 23:30:00+00:00,2025-02-10 23:30:00+00:00,{},False
O-20250210-233000-001-V2-531,BACKTESTER-001,MLSignalStrategyV2-V2,EUR/USD.IDEALPRO,IDEALPRO-1-531,IDEALPRO-001,IDEALPRO-1-80207,EUR/USD.IDEALPRO-MLSignalStrategyV2-V2,SELL,LIMIT,100000.00,1.03034,USD,2.06 USD,MAKER,b484299d-5e00-4e09-ac0c-27523d9e6086,2025-02-11 00:27:00+00:00,2025-02-11 00:27:00+00:00,{},False
O-20250211-024500-001-V2-532,BACKTESTER-001,MLSignalStrategyV2-V2,EUR/USD.IDEALPRO,IDEALPRO-1-532,IDEALPRO-001,IDEALPRO-1-80484,EUR/USD.IDEALPRO-MLSignalStrategyV2-V2,BUY,MARKET,100000.00,1.02967,USD,2.06 USD,TAKER,3d848fb6-b839-48ce-ad35-04b94d132301,2025-02-11 02:45:00+00:00,2025-02-11 02:45:00+00:00,{},False
O-20250211-024500-001-V2-533,BACKTESTER-001,MLSignalStrategyV2-V2,EUR/USD.IDEALPRO,IDEALPRO-1-533,IDEALPRO-001,IDEALPRO-1-80511,EUR/USD.IDEALPRO-MLSignalStrategyV2-V2,SELL,STOP_MARKET,100000.00,1.02923,USD,2.06 USD,TAKER,ae94484a-e5fa-4665-8f5c-13a61d5410d2,2025-02-11 02:58:00+00:00,2025-02-11 02:58:00+00:00,{},False
O-20250211-031500-001-V2-535,BACKTESTER-001,MLSignalStrategyV2-V2,EUR/USD.IDEALPRO,IDEALPRO-1-535,IDEALPRO-001,IDEALPRO-1-80547,EUR/USD.IDEALPRO-MLSignalStrategyV2-V2,SELL,MARKET,100000.00,1.02933,USD,2.06 USD,TAKER,82f55dad-e947-430a-b53e-6d3b2ea27018,2025-02-11 03:15:00+00:00,2025-02-11 03:15:00+00:00,{},False
O-20250211-031500-001-V2-536,BACKTESTER-001,MLSignalStrategyV2-V2,EUR/USD.IDEALPRO,IDEALPRO-1-536,IDEALPRO-001,IDEALPRO-1-80581,EUR/USD.IDEALPRO-MLSignalStrategyV2-V2,BUY,STOP_MARKET,100000.00,1.02981,USD,2.06 USD,TAKER,92be7941-c5b5-49db-9403-cec9b8bfbed8,2025-02-11 03:32:00+00:00,2025-02-11 03:32:00+00:00,{},False
O-20250211-113000-001-V2-538,BACKTESTER-001,MLSignalStrategyV2-V2,EUR/USD.IDEALPRO,IDEALPRO-1-538,IDEALPRO-001,IDEALPRO-1-81538,EUR/USD.IDEALPRO-MLSignalStrategyV2-V2,SELL,MARKET,100000.00,1.03171,USD,2.06 USD,TAKER,42c1d2f1-662a-466a-b565-e61e1200bb87,2025-02-11 11:30:00+00:00,2025-02-11 11:30:00+00:00,{},False
O-20250211-113000-001-V2-539,BACKTESTER-001,MLSignalStrategyV2-V2,EUR/USD.IDEALPRO,IDEALPRO-1-539,IDEALPRO-001,IDEALPRO-1-81625,EUR/USD.IDEALPRO-MLSignalStrategyV2-V2,BUY,STOP_MARKET,100000.00,1.03243,USD,2.06 USD,TAKER,5f0e9428-0d5b-4a38-be0d-6a36b0dc6f8d,2025-02-11 12:13:00+00:00,2025-02-11 12:13:00+00:00,{},False
O-20250211-171500-001-V2-541,BACKTESTER-001,MLSignalStrategyV2-V2,EUR/USD.IDEALPRO,IDEALPRO-1-541,IDEALPRO-001,IDEALPRO-1-82231,EUR/USD.IDEALPRO-MLSignalStrategyV2-V2,BUY,MARKET,100000.00,1.03453,USD,2.07 USD,TAKER,f874dba8-e8b5-4a60-9e68-4574abca3371,2025-02-11 17:15:00+00:00,2025-02-11 17:15:00+00:00,{},False
O-20250211-171500-001-V2-543,BACKTESTER-001,MLSignalStrategyV2-V2,EUR/USD.IDEALPRO,IDEALPRO-1-543,IDEALPRO-001,IDEALPRO-1-82521,EUR/USD.IDEALPRO-MLSignalStrategyV2-V2,SELL,LIMIT,100000.00,1.03621,USD,2.07 USD,MAKER,d0e3f85a-08fa-4a26-8616-66499d70923c,2025-02-11 19:40:00+00:00,2025-02-11 19:40:00+00:00,{},False
O-20250211-233000-001-V2-544,BACKTESTER-001,MLSignalStrategyV2-V2,EUR/USD.IDEALPRO,IDEALPRO-1-544,IDEALPRO-001,IDEALPRO-1-82952,EUR/USD.IDEALPRO-MLSignalStrategyV2-V2,SELL,MARKET,100000.00,1.03630,USD,2.07 USD,TAKER,c44d7286-2b04-42f4-b2cd-cc821343b59a,2025-02-11 23:30:00+00:00,2025-02-11 23:30:00+00:00,{},False
O-20250211-233000-001-V2-546,BACKTESTER-001,MLSignalStrategyV2-V2,EUR/USD.IDEALPRO,IDEALPRO-1-546,IDEALPRO-001,IDEALPRO-1-83039,EUR/USD.IDEALPRO-MLSignalStrategyV2-V2,BUY,LIMIT,100000.00,1.03581,USD,2.07 USD,MAKER,8ad51932-202f-417d-aab7-bd5c7dcd7986,2025-02-12 00:13:00+00:00,2025-02-12 00:13:00+00:00,{},False
O-20250212-001500-001-V2-547,BACKTESTER-001,MLSignalStrategyV2-V2,EUR/USD.IDEALPRO,IDEALPRO-1-547,IDEALPRO-001,IDEALPRO-1-83044,EUR/USD.IDEALPRO-MLSignalStrategyV2-V2,SELL,MARKET,100000.00,1.03583,USD,2.07 USD,TAKER,dcb0be9f-0898-42c7-9d76-66e370be1f5c,2025-02-12 00:15:00+00:00,2025-02-12 00:15:00+00:00,{},False
O-20250212-001500-001-V2-548,BACKTESTER-001,MLSignalStrategyV2-V2,EUR/USD.IDEALPRO,IDEALPRO-1-548,IDEALPRO-001,IDEALPRO-1-83233,EUR/USD.IDEALPRO-MLSignalStrategyV2-V2,BUY,STOP_MARKET,100000.00,1.03642,USD,2.07 USD,TAKER,c785f5d4-d00d-44f4-a92d-33f667df3957,2025-02-12 01:49:00+00:00,2025-02-12 01:49:00+00:00,{},False
O-20250212-040000-001-V2-550,BACKTESTER-001,MLSignalStrategyV2-V2,EUR/USD.IDEALPRO,IDEALPRO-1-550,IDEALPRO-001,IDEALPRO-1-83497,EUR/USD.IDEALPRO-MLSignalStrategyV2-V2,SELL,MARKET,100000.00,1.03622,USD,2.07 USD,TAKER,84caedda-d7e1-4309-acbf-dc05969926d8,2025-02-12 04:00:00+00:00,2025-02-12 04:00:00+00:00,{},False
O-20250212-040000-001-V2-552,BACKTESTER-001,MLSignalStrategyV2-V2,EUR/USD.IDEALPRO,IDEALPRO-1-552,IDEALPRO-001,IDEALPRO-1-83603,EUR/USD.IDEALPRO-MLSignalStrategyV2-V2,BUY,LIMIT,100000.00,1.03582,USD,2.07 USD,MAKER,e28fbe7b-676f-4c49-93af-13ca5943797d,2025-02-12 04:53:00+00:00,2025-02-12 04:53:00+00:00,{},False
O-20250212-080000-001-V2-553,BACKTESTER-001,MLSignalStrategyV2-V2,EUR/USD.IDEALPRO,IDEALPRO-1-553,IDEALPRO-001,IDEALPRO-1-83979,EUR/USD.IDEALPRO-MLSignalStrategyV2-V2,SELL,MARKET,100000.00,1.03760,USD,2.08 USD,TAKER,b2256842-1623-4687-b15f-f6ec1359f10f,2025-02-12 08:00:00+00:00,2025-02-12 08:00:00+00:00,{},False
O-20250212-080000-001-V2-555,BACKTESTER-001,MLSignalStrategyV2-V2,EUR/USD.IDEALPRO,IDEALPRO-1-555,IDEALPRO-001,IDEALPRO-1-84041,EUR/USD.IDEALPRO-MLSignalStrategyV2-V2,BUY,LIMIT,100000.00,1.03703,USD,2.07 USD,MAKER,13eafbaf-0690-462f-8304-ceff072666f4,2025-02-12 08:31:00+00:00,2025-02-12 08:31:00+00:00,{},False
O-20250212-091500-001-V2-556,BACKTESTER-001,MLSignalStrategyV2-V2,EUR/USD.IDEALPRO,IDEALPRO-1-556,IDEALPRO-001,IDEALPRO-1-84130,EUR/USD.IDEALPRO-MLSignalStrategyV2-V2,BUY,MARKET,100000.00,1.03679,USD,2.07 USD,TAKER,6a91bd8c-afe1-44ab-98dc-d56b1857de71,2025-02-12 09:15:00+00:00,2025-02-12 09:15:00+00:00,{},False
O-20250212-091500-001-V2-558,BACKTESTER-001,MLSignalStrategyV2-V2,EUR/USD.IDEALPRO,IDEALPRO-1-558,IDEALPRO-001,IDEALPRO-1-84223,EUR/USD.IDEALPRO-MLSignalStrategyV2-V2,SELL,LIMIT,100000.00,1.03745,USD,2.07 USD,MAKER,9b6d1aa7-7f34-4cd0-ac86-ed0bc59457b3,2025-02-12 10:01:00+00:00,2025-02-12 10:01:00+00:00,{},False
O-20250212-150000-001-V2-559,BACKTESTER-001,MLSignalStrategyV2-V2,EUR/USD.IDEALPRO,IDEALPRO-1-559,IDEALPRO-001,IDEALPRO-1-84823,EUR/USD.IDEALPRO-MLSignalStrategyV2-V2,BUY,MARKET,100000.00,1.03504,USD,2.07 USD,TAKER,6149039a-cd2f-4f57-bb9e-1e525ed1f584,2025-02-12 15:00:00+00:00,2025-02-12 15:00:00+00:00,{},False
O-20250212-150000-001-V2-561,BACKTESTER-001,MLSignalStrategyV2-V2,EUR/USD.IDEALPRO,IDEALPRO-1-561,IDEALPRO-001,IDEALPRO-1-84873,EUR/USD.IDEALPRO-MLSignalStrategyV2-V2,SELL,LIMIT,100000.00,1.03744,USD,2.07 USD,MAKER,fd7f42b1-394f-4669-a6b8-f88e81186dd1,2025-02-12 15:25:00+00:00,2025-02-12 15:25:00+00:00,{},False
O-20250212-170000-001-V2-562,BACKTESTER-001,MLSignalStrategyV2-V2,EUR/USD.IDEALPRO,IDEALPRO-1-562,IDEALPRO-001,IDEALPRO-1-85064,EUR/USD.IDEALPRO-MLSignalStrategyV2-V2,SELL,MARKET,100000.00,1.03913,USD,2.08 USD,TAKER,e9233c54-f059-4df6-a034-818c7c2880fc,2025-02-12 17:00:00+00:00,2025-02-12 17:00:00+00:00,{},False
O-20250212-170000-001-V2-563,BACKTESTER-001,MLSignalStrategyV2-V2,EUR/USD.IDEALPRO,IDEALPRO-1-563,IDEALPRO-001,IDEALPRO-1-85093,EUR/USD.IDEALPRO-MLSignalStrategyV2-V2,BUY,STOP_MARKET,100000.00,1.04167,USD,2.08 USD,TAKER,098dc2af-3cff-4deb-855c-3439b1aa0e8a,2025-02-12 17:14:00+00:00,2025-02-12 17:14:00+00:00,{},False
O-20250212-171500-001-V2-565,BACKTESTER-001,MLSignalStrategyV2-V2,EUR/USD.IDEALPRO,IDEALPRO-1-565,IDEALPRO-001,IDEALPRO-1-85096,EUR/USD.IDEALPRO-MLSignalStrategyV2-V2,SELL,MARKET,100000.00,1.04111,USD,2.08 USD,TAKER,ac31b44b-4318-466e-970f-06441cdeb967,2025-02-12 17:15:00+00:00,2025-02-12 17:15:00+00:00,{},False
O-20250212-171500-001-V2-567,BACKTESTER-001,MLSignalStrategyV2-V2,EUR/USD.IDEALPRO,IDEALPRO-1-567,IDEALPRO-001,IDEALPRO-1-85297,EUR/USD.IDEALPRO-MLSignalStrategyV2-V2,BUY,LIMIT,100000.00,1.03935,USD,2.08 USD,MAKER,a551cdfe-cea5-47e4-be00-fbde3399b9b3,2025-02-12 18:55:00+00:00,2025-02-12 18:55:00+00:00,{},False
O-20250213-000000-001-V2-568,BACKTESTER-001,MLSignalStrategyV2-V2,EUR/USD.IDEALPRO,IDEALPRO-1-568,IDEALPRO-001,IDEALPRO-1-85878,EUR/USD.IDEALPRO-MLSignalStrategyV2-V2,BUY,MARKET,100000.00,1.03924,USD,2.08 USD,TAKER,ba06d039-63d4-4f0e-84e2-712bfbec056b,2025-02-13 00:00:00+00:00,2025-02-13 00:00:00+00:00,{},False
O-20250213-000000-001-V2-570,BACKTESTER-001,MLSignalStrategyV2-V2,EUR/USD.IDEALPRO,IDEALPRO-1-570,IDEALPRO-001,IDEALPRO-1-85935,EUR/USD.IDEALPRO-MLSignalStrategyV2-V2,SELL,LIMIT,100000.00,1.03980,USD,2.08 USD,MAKER,cbd6d3fa-217d-407e-85a0-baf94adf2dd6,2025-02-13 00:28:00+00:00,2025-02-13 00:28:00+00:00,{},False
O-20250213-011500-001-V2-571,BACKTESTER-001,MLSignalStrategyV2-V2,EUR/USD.IDEALPRO,IDEALPRO-1-571,IDEALPRO-001,IDEALPRO-1-86030,EUR/USD.IDEALPRO-MLSignalStrategyV2-V2,BUY,MARKET,100000.00,1.03926,USD,2.08 USD,TAKER,ea8c0a41-647f-484e-9154-0f0e7cb710f3,2025-02-13 01:15:00+00:00,2025-02-13 01:15:00+00:00,{},False
O-20250213-011500-001-V2-573,BACKTESTER-001,MLSignalStrategyV2-V2,EUR/USD.IDEALPRO,IDEALPRO-1-573,IDEALPRO-001,IDEALPRO-1-86095,EUR/USD.IDEALPRO-MLSignalStrategyV2-V2,SELL,LIMIT,100000.00,1.04000,USD,2.08 USD,MAKER,03a429b1-dce4-4fd9-be3f-f31f2af6625f,2025-02-13 01:47:00+00:00,2025-02-13 01:47:00+00:00,{},False
O-20250213-040000-001-V2-574,BACKTESTER-001,MLSignalStrategyV2-V2,EUR/USD.IDEALPRO,IDEALPRO-1-574,IDEALPRO-001,IDEALPRO-1-86363,EUR/USD.IDEALPRO-MLSignalStrategyV2-V2,BUY,MARKET,100000.00,1.04192,USD,2.08 USD,TAKER,f5aa169b-efa1-4ef1-b2b2-682991c94db6,2025-02-13 04:00:00+00:00,2025-02-13 04:00:00+00:00,{},False
O-20250213-040000-001-V2-576,BACKTESTER-001,MLSignalStrategyV2-V2,EUR/USD.IDEALPRO,IDEALPRO-1-576,IDEALPRO-001,IDEALPRO-1-86373,EUR/USD.IDEALPRO-MLSignalStrategyV2-V2,SELL,LIMIT,100000.00,1.04252,USD,2.09 USD,MAKER,0ba3998f-d2ca-45a1-ad72-7688d2f0540d,2025-02-13 04:05:00+00:00,2025-02-13 04:05:00+00:00,{},False
O-20250213-130000-001-V2-577,BACKTESTER-001,MLSignalStrategyV2-V2,EUR/USD.IDEALPRO,IDEALPRO-1-577,IDEALPRO-001,IDEALPRO-1-87444,EUR/USD.IDEALPRO-MLSignalStrategyV2-V2,BUY,MARKET,100000.00,1.03899,USD,2.08 USD,TAKER,ec60498a-c7e4-4563-b004-d0d98066472a,2025-02-13 13:00:00+00:00,2025-02-13 13:00:00+00:00,{},False
O-20250213-130000-001-V2-578,BACKTESTER-001,MLSignalStrategyV2-V2,EUR/USD.IDEALPRO,IDEALPRO-1-578,IDEALPRO-001,IDEALPRO-1-87507,EUR/USD.IDEALPRO-MLSignalStrategyV2-V2,SELL,STOP_MARKET,100000.00,1.03754,USD,2.08 USD,TAKER,20b805f7-0ace-40f7-ae43-ef50d558f305,2025-02-13 13:31:00+00:00,2025-02-13 13:31:00+00:00,{},False
O-20250213-134500-001-V2-580,BACKTESTER-001,MLSignalStrategyV2-V2,EUR/USD.IDEALPRO,IDEALPRO-1-580,IDEALPRO-001,IDEALPRO-1-87536,EUR/USD.IDEALPRO-MLSignalStrategyV2-V2,BUY,MARKET,100000.00,1.03994,USD,2.08 USD,TAKER,4e5aefd3-b55a-41db-8a0f-6bfa9a19971a,2025-02-13 13:45:00+00:00,2025-02-13 13:45:00+00:00,{},False
O-20250213-134500-001-V2-581,BACKTESTER-001,MLSignalStrategyV2-V2,EUR/USD.IDEALPRO,IDEALPRO-1-581,IDEALPRO-001,IDEALPRO-1-87581,EUR/USD.IDEALPRO-MLSignalStrategyV2-V2,SELL,STOP_MARKET,100000.00,1.03850,USD,2.08 USD,TAKER,44e34bbf-054b-405d-881e-fb5df8ba622d,2025-02-13 14:07:00+00:00,2025-02-13 14:07:00+00:00,{},False
O-20250213-141500-001-V2-583,BACKTESTER-001,MLSignalStrategyV2-V2,EUR/USD.IDEALPRO,IDEALPRO-1-583,IDEALPRO-001,IDEALPRO-1-87598,EUR/USD.IDEALPRO-MLSignalStrategyV2-V2,BUY,MARKET,100000.00,1.03885,USD,2.08 USD,TAKER,6e8d910d-1490-47ef-a9f7-8296f4d5f3bd,2025-02-13 14:15:00+00:00,2025-02-13 14:15:00+00:00,{},False
O-20250213-141500-001-V2-585,BACKTESTER-001,MLSignalStrategyV2-V2,EUR/USD.IDEALPRO,IDEALPRO-1-585,IDEALPRO-001,IDEALPRO-1-87671,EUR/USD.IDEALPRO-MLSignalStrategyV2-V2,SELL,LIMIT,100000.00,1.04015,USD,2.08 USD,MAKER,aa93fa78-a51e-4333-b44a-c629d7df81ab,2025-02-13 14:51:00+00:00,2025-02-13 14:51:00+00:00,{},False
O-20250213-160000-001-V2-586,BACKTESTER-001,MLSignalStrategyV2-V2,EUR/USD.IDEALPRO,IDEALPRO-1-586,IDEALPRO-001,IDEALPRO-1-87810,EUR/USD.IDEALPRO-MLSignalStrategyV2-V2,SELL,MARKET,100000.00,1.04334,USD,2.09 USD,TAKER,9788958c-bf87-4048-87c9-31684a5dba6f,2025-02-13 16:00:00+00:00,2025-02-13 16:00:00+00:00,{},False
O-20250213-160000-001-V2-588,BACKTESTER-001,MLSignalStrategyV2-V2,EUR/USD.IDEALPRO,IDEALPRO-1-588,IDEALPRO-001,IDEALPRO-1-88091,EUR/USD.IDEALPRO-MLSignalStrategyV2-V2,BUY,LIMIT,100000.00,1.04168,USD,2.08 USD,MAKER,f027a88b-028c-4762-8bb5-d0c323654823,2025-02-13 18:20:00+00:00,2025-02-13 18:20:00+00:00,{},False
O-20250213-191500-001-V2-589,BACKTESTER-001,MLSignalStrategyV2-V2,EUR/USD.IDEALPRO,IDEALPRO-1-589,IDEALPRO-001,IDEALPRO-1-88202,EUR/USD.IDEALPRO-MLSignalStrategyV2-V2,BUY,MARKET,100000.00,1.04303,USD,2.09 USD,TAKER,a7620669-af84-40f0-bb2e-e2f5587d6342,2025-02-13 19:15:00+00:00,2025-02-13 19:15:00+00:00,{},False
O-20250213-191500-001-V2-591,BACKTESTER-001,MLSignalStrategyV2-V2,EUR/USD.IDEALPRO,IDEALPRO-1-591,IDEALPRO-001,IDEALPRO-1-88327,EUR/USD.IDEALPRO-MLSignalStrategyV2-V2,SELL,LIMIT,100000.00,1.04506,USD,2.09 USD,MAKER,6352a40c-5e3d-4ef4-abce-1ad54c644d11,2025-02-13 20:17:00+00:00,2025-02-13 20:17:00+00:00,{},False
O-20250214-000000-001-V2-592,BACKTESTER-001,MLSignalStrategyV2-V2,EUR/USD.IDEALPRO,IDEALPRO-1-592,IDEALPRO-001,IDEALPRO-1-88744,EUR/USD.IDEALPRO-MLSignalStrategyV2-V2,BUY,MARKET,100000.00,1.04618,USD,2.09 USD,TAKER,3517ee76-1273-4613-9bca-6c050caff71f,2025-02-14 00:00:00+00:00,2025-02-14 00:00:00+00:00,{},False
O-20250214-000000-001-V2-593,BACKTESTER-001,MLSignalStrategyV2-V2,EUR/USD.IDEALPRO,IDEALPRO-1-593,IDEALPRO-001,IDEALPRO-1-89353,EUR/USD.IDEALPRO-MLSignalStrategyV2-V2,SELL,STOP_MARKET,100000.00,1.04536,USD,2.09 USD,TAKER,eb4912bd-aa66-4969-9221-b8201a90a5f4,2025-02-14 05:04:00+00:00,2025-02-14 05:04:00+00:00,{},False
O-20250214-051500-001-V2-595,BACKTESTER-001,MLSignalStrategyV2-V2,EUR/USD.IDEALPRO,IDEALPRO-1-595,IDEALPRO-001,IDEALPRO-1-89376,EUR/USD.IDEALPRO-MLSignalStrategyV2-V2,BUY,MARKET,100000.00,1.04512,USD,2.09 USD,TAKER,72d4d03f-949b-41dd-8d3e-f9fb5f4cc716,2025-02-14 05:15:00+00:00,2025-02-14 05:15:00+00:00,{},False
O-20250214-051500-001-V2-597,BACKTESTER-001,MLSignalStrategyV2-V2,EUR/USD.IDEALPRO,IDEALPRO-1-597,IDEALPRO-001,IDEALPRO-1-89485,EUR/USD.IDEALPRO-MLSignalStrategyV2-V2,SELL,LIMIT,100000.00,1.04554,USD,2.09 USD,MAKER,99159a4a-b1cd-41d9-8248-47abe4eaf7a9,2025-02-14 06:09:00+00:00,2025-02-14 06:09:00+00:00,{},False
O-20250214-063000-001-V2-598,BACKTESTER-001,MLSignalStrategyV2-V2,EUR/USD.IDEALPRO,IDEALPRO-1-598,IDEALPRO-001,IDEALPRO-1-89528,EUR/USD.IDEALPRO-MLSignalStrategyV2-V2,BUY,MARKET,100000.00,1.04557,USD,2.09 USD,TAKER,0b325f04-d1fb-4e7e-9629-f4c2a75cc2a8,2025-02-14 06:30:00+00:00,2025-02-14 06:30:00+00:00,{},False
O-20250214-063000-001-V2-600,BACKTESTER-001,MLSignalStrategyV2-V2,EUR/USD.IDEALPRO,IDEALPRO-1-600,IDEALPRO-001,IDEALPRO-1-89559,EUR/USD.IDEALPRO-MLSignalStrategyV2-V2,SELL,LIMIT,100000.00,1.04597,USD,2.09 USD,MAKER,24b4e7cc-4a54-4d04-bd9c-f4aed2185744,2025-02-14 06:45:00+00:00,2025-02-14 06:45:00+00:00,{},False
O-20250214-084500-001-V2-601,BACKTESTER-001,MLSignalStrategyV2-V2,EUR/USD.IDEALPRO,IDEALPRO-1-601,IDEALPRO-001,IDEALPRO-1-89800,EUR/USD.IDEALPRO-MLSignalStrategyV2-V2,SELL,MARKET,100000.00,1.04857,USD,2.10 USD,TAKER,9446e3a0-999a-46e9-9a2d-3def90ed718f,2025-02-14 08:45:00+00:00,2025-02-14 08:45:00+00:00,{},False
O-20250214-084500-001-V2-603,BACKTESTER-001,MLSignalStrategyV2-V2,EUR/USD.IDEALPRO,IDEALPRO-1-603,IDEALPRO-001,IDEALPRO-1-89823,EUR/USD.IDEALPRO-MLSignalStrategyV2-V2,BUY,LIMIT,100000.00,1.04793,USD,2.10 USD,MAKER,ce669d07-d336-4c93-9fdb-bef5d6a310b2,2025-02-14 08:56:00+00:00,2025-02-14 08:56:00+00:00,{},False
O-20250214-161500-001-V2-604,BACKTESTER-001,MLSignalStrategyV2-V2,EUR/USD.IDEALPRO,IDEALPRO-1-604,IDEALPRO-001,IDEALPRO-1-90702,EUR/USD.IDEALPRO-MLSignalStrategyV2-V2,SELL,MARKET,100000.00,1.05051,USD,2.10 USD,TAKER,717de853-005f-47c4-8cad-0a7732acb651,2025-02-14 16:15:00+00:00,2025-02-14 16:15:00+00:00,{},False
O-20250214-161500-001-V2-606,BACKTESTER-001,MLSignalStrategyV2-V2,EUR/USD.IDEALPRO,IDEALPRO-1-606,IDEALPRO-001,IDEALPRO-1-90805,EUR/USD.IDEALPRO-MLSignalStrategyV2-V2,BUY,LIMIT,100000.00,1.04942,USD,2.10 USD,MAKER,ac7bebd2-4be6-4b72-b14d-948dd65265fa,2025-02-14 17:06:00+00:00,2025-02-14 17:06:00+00:00,{},False
O-20250214-210000-001-V2-607,BACKTESTER-001,MLSignalStrategyV2-V2,EUR/USD.IDEALPRO,IDEALPRO-1-607,IDEALPRO-001,IDEALPRO-1-91275,EUR/USD.IDEALPRO-MLSignalStrategyV2-V2,BUY,MARKET,100000.00,1.04922,USD,2.10 USD,TAKER,1667f35c-4ce8-4eeb-9ea8-7bcaca368757,2025-02-14 21:00:00+00:00,2025-02-14 21:00:00+00:00,{},False
O-20250214-210000-001-V2-608,BACKTESTER-001,MLSignalStrategyV2-V2,EUR/USD.IDEALPRO,IDEALPRO-1-608,IDEALPRO-001,IDEALPRO-1-91427,EUR/USD.IDEALPRO-MLSignalStrategyV2-V2,SELL,STOP_MARKET,100000.00,1.04864,USD,2.10 USD,TAKER,21471bd6-a4b2-474c-88bf-d6005c9bab50,2025-02-16 22:31:00+00:00,2025-02-16 22:31:00+00:00,{},False
O-20250216-224500-001-V2-610,BACKTESTER-001,MLSignalStrategyV2-V2,EUR/USD.IDEALPRO,IDEALPRO-1-610,IDEALPRO-001,IDEALPRO-1-91455,EUR/USD.IDEALPRO-MLSignalStrategyV2-V2,BUY,MARKET,100000.00,1.04896,USD,2.10 USD,TAKER,5f5584ea-0a64-431e-9c5e-0f1ad294c5e2,2025-02-16 22:45:00+00:00,2025-02-16 22:45:00+00:00,{},False
O-20250216-224500-001-V2-612,BACKTESTER-001,MLSignalStrategyV2-V2,EUR/USD.IDEALPRO,IDEALPRO-1-612,IDEALPRO-001,IDEALPRO-1-91517,EUR/USD.IDEALPRO-MLSignalStrategyV2-V2,SELL,LIMIT,100000.00,1.04937,USD,2.10 USD,MAKER,081dbf27-9fd5-4dab-9a8a-e00ede2854cd,2025-02-16 23:15:00+00:00,2025-02-16 23:15:00+00:00,{},False
O-20250216-231500-001-V2-613,BACKTESTER-001,MLSignalStrategyV2-V2,EUR/USD.IDEALPRO,IDEALPRO-1-613,IDEALPRO-001,IDEALPRO-1-91518,EUR/USD.IDEALPRO-MLSignalStrategyV2-V2,BUY,MARKET,100000.00,1.04924,USD,2.10 USD,TAKER,7097c125-f25f-48e3-a4db-aef6c84d1eba,2025-02-16 23:15:00+00:00,2025-02-16 23:15:00+00:00,{},False
O-20250216-231500-001-V2-614,BACKTESTER-001,MLSignalStrategyV2-V2,EUR/USD.IDEALPRO,IDEALPRO-1-614,IDEALPRO-001,IDEALPRO-1-91535,EUR/USD.IDEALPRO-MLSignalStrategyV2-V2,SELL,STOP_MARKET,100000.00,1.04865,USD,2.10 USD,TAKER,da53eece-1c48-4807-833b-f02cd4d6437c,2025-02-16 23:23:00+00:00,2025-02-16 23:23:00+00:00,{},False
O-20250216-233000-001-V2-616,BACKTESTER-001,MLSignalStrategyV2-V2,EUR/USD.IDEALPRO,IDEALPRO-1-616,IDEALPRO-001,IDEALPRO-1-91550,EUR/USD.IDEALPRO-MLSignalStrategyV2-V2,BUY,MARKET,100000.00,1.04865,USD,2.10 USD,TAKER,844d6742-f33d-4aab-936b-0f438c6045f2,2025-02-16 23:30:00+00:00,2025-02-16 23:30:00+00:00,{},False
O-20250216-233000-001-V2-618,BACKTESTER-001,MLSignalStrategyV2-V2,EUR/USD.IDEALPRO,IDEALPRO-1-618,IDEALPRO-001,IDEALPRO-1-91593,EUR/USD.IDEALPRO-MLSignalStrategyV2-V2,SELL,LIMIT,100000.00,1.04912,USD,2.10 USD,MAKER,e8a850eb-2ea2-4166-a78a-38e276b30ee3,2025-02-16 23:51:00+00:00,2025-02-16 23:51:00+00:00,{},False
O-20250217-003000-001-V2-619,BACKTESTER-001,MLSignalStrategyV2-V2,EUR/USD.IDEALPRO,IDEALPRO-1-619,IDEALPRO-001,IDEALPRO-1-91673,EUR/USD.IDEALPRO-MLSignalStrategyV2-V2,SELL,MARKET,100000.00,1.04870,USD,2.10 USD,TAKER,4dd57498-0148-4b09-9e4c-b5646a9aaf78,2025-02-17 00:30:00+00:00,2025-02-17 00:30:00+00:00,{},False
O-20250217-003000-001-V2-620,BACKTESTER-001,MLSignalStrategyV2-V2,EUR/USD.IDEALPRO,IDEALPRO-1-620,IDEALPRO-001,IDEALPRO-1-91725,EUR/USD.IDEALPRO-MLSignalStrategyV2-V2,BUY,STOP_MARKET,100000.00,1.04933,USD,2.10 USD,TAKER,57546527-ddc1-48b2-90c0-b5c8b972211d,2025-02-17 00:56:00+00:00,2025-02-17 00:56:00+00:00,{},False
O-20250217-030000-001-V2-622,BACKTESTER-001,MLSignalStrategyV2-V2,EUR/USD.IDEALPRO,IDEALPRO-1-622,IDEALPRO-001,IDEALPRO-1-91974,EUR/USD.IDEALPRO-MLSignalStrategyV2-V2,SELL,MARKET,100000.00,1.05013,USD,2.10 USD,TAKER,6e18e132-0b53-4cd3-8e4c-3d3dded8a5a2,2025-02-17 03:00:00+00:00,2025-02-17 03:00:00+00:00,{},False
O-20250217-030000-001-V2-624,BACKTESTER-001,MLSignalStrategyV2-V2,EUR/USD.IDEALPRO,IDEALPRO-1-624,IDEALPRO-001,IDEALPRO-1-92019,EUR/USD.IDEALPRO-MLSignalStrategyV2-V2,BUY,LIMIT,100000.00,1.04967,USD,2.10 USD,MAKER,acea13c1-1f6f-4275-b6e8-74fc1a642dbc,2025-02-17 03:22:00+00:00,2025-02-17 03:22:00+00:00,{},False
O-20250217-033000-001-V2-625,BACKTESTER-001,MLSignalStrategyV2-V2,EUR/USD.IDEALPRO,IDEALPRO-1-625,IDEALPRO-001,IDEALPRO-1-92037,EUR/USD.IDEALPRO-MLSignalStrategyV2-V2,SELL,MARKET,100000.00,1.04958,USD,2.10 USD,TAKER,de36be5a-e6dc-4b72-a348-27127175cc4c,2025-02-17 03:30:00+00:00,2025-02-17 03:30:00+00:00,{},False
O-20250217-033000-001-V2-627,BACKTESTER-001,MLSignalStrategyV2-V2,EUR/USD.IDEALPRO,IDEALPRO-1-627,IDEALPRO-001,IDEALPRO-1-92113,EUR/USD.IDEALPRO-MLSignalStrategyV2-V2,BUY,LIMIT,100000.00,1.04904,USD,2.10 USD,MAKER,8bda7e7a-272e-4ca8-8c5d-3bb4a778fdf3,2025-02-17 04:08:00+00:00,2025-02-17 04:08:00+00:00,{},False
O-20250217-081500-001-V2-628,BACKTESTER-001,MLSignalStrategyV2-V2,EUR/USD.IDEALPRO,IDEALPRO-1-628,IDEALPRO-001,IDEALPRO-1-92608,EUR/USD.IDEALPRO-MLSignalStrategyV2-V2,BUY,MARKET,100000.00,1.04813,USD,2.10 USD,TAKER,f13aecd6-299b-4eed-8354-8e79ea07d417,2025-02-17 08:15:00+00:00,2025-02-17 08:15:00+00:00,{},False
O-20250217-081500-001-V2-629,BACKTESTER-001,MLSignalStrategyV2-V2,EUR/USD.IDEALPRO,IDEALPRO-1-629,IDEALPRO-001,IDEALPRO-1-92635,EUR/USD.IDEALPRO-MLSignalStrategyV2-V2,SELL,STOP_MARKET,100000.00,1.04730,USD,2.09 USD,TAKER,e907397a-1c7a-4e52-82ed-a17345b9523a,2025-02-17 08:28:00+00:00,2025-02-17 08:28:00+00:00,{},False
O-20250217-133000-001-V2-631,BACKTESTER-001,MLSignalStrategyV2-V2,EUR/USD.IDEALPRO,IDEALPRO-1-631,IDEALPRO-001,IDEALPRO-1-93240,EUR/USD.IDEALPRO-MLSignalStrategyV2-V2,SELL,MARKET,100000.00,1.04687,USD,2.09 USD,TAKER,c9787aec-3132-4898-bf8b-f1544ed5dec8,2025-02-17 13:30:00+00:00,2025-02-17 13:30:00+00:00,{},False
O-20250217-133000-001-V2-632,BACKTESTER-001,MLSignalStrategyV2-V2,EUR/USD.IDEALPRO,IDEALPRO-1-632,IDEALPRO-001,IDEALPRO-1-93285,EUR/USD.IDEALPRO-MLSignalStrategyV2-V2,BUY,STOP_MARKET,100000.00,1.04767,USD,2.10 USD,TAKER,b8cc5195-0596-4cbd-ba35-d91896416d2f,2025-02-17 13:52:00+00:00,2025-02-17 13:52:00+00:00,{},False
O-20250217-181500-001-V2-634,BACKTESTER-001,MLSignalStrategyV2-V2,EUR/USD.IDEALPRO,IDEALPRO-1-634,IDEALPRO-001,IDEALPRO-1-93813,EUR/USD.IDEALPRO-MLSignalStrategyV2-V2,BUY,MARKET,100000.00,1.04798,USD,2.10 USD,TAKER,b4528263-8243-4471-b347-8462b5453a78,2025-02-17 18:15:00+00:00,2025-02-17 18:15:00+00:00,{},False
O-20250217-181500-001-V2-636,BACKTESTER-001,MLSignalStrategyV2-V2,EUR/USD.IDEALPRO,IDEALPRO-1-636,IDEALPRO-001,IDEALPRO-1-94145,EUR/USD.IDEALPRO-MLSignalStrategyV2-V2,SELL,LIMIT,100000.00,1.04841,USD,2.10 USD,MAKER,73244eed-0ecb-4e6f-95c5-18b2b1884311,2025-02-17 21:01:00+00:00,2025-02-17 21:01:00+00:00,{},False
O-20250218-021500-001-V2-637,BACKTESTER-001,MLSignalStrategyV2-V2,EUR/USD.IDEALPRO,IDEALPRO-1-637,IDEALPRO-001,IDEALPRO-1-94744,EUR/USD.IDEALPRO-MLSignalStrategyV2-V2,SELL,MARKET,100000.00,1.04684,USD,2.09 USD,TAKER,ab9ab131-573f-4438-bc5a-76566f54249f,2025-02-18 02:15:00+00:00,2025-02-18 02:15:00+00:00,{},False
O-20250218-021500-001-V2-639,BACKTESTER-001,MLSignalStrategyV2-V2,EUR/USD.IDEALPRO,IDEALPRO-1-639,IDEALPRO-001,IDEALPRO-1-94863,EUR/USD.IDEALPRO-MLSignalStrategyV2-V2,BUY,LIMIT,100000.00,1.04639,USD,2.09 USD,MAKER,eb0beba1-3b06-4de7-8a03-5486f646f79d,2025-02-18 03:14:00+00:00,2025-02-18 03:14:00+00:00,{},False
O-20250218-033000-001-V2-640,BACKTESTER-001,MLSignalStrategyV2-V2,EUR/USD.IDEALPRO,IDEALPRO-1-640,IDEALPRO-001,IDEALPRO-1-94896,EUR/USD.IDEALPRO-MLSignalStrategyV2-V2,SELL,MARKET,100000.00,1.04668,USD,2.09 USD,TAKER,85a6048a-09e5-4be1-823b-83cd5dfaf554,2025-02-18 03:30:00+00:00,2025-02-18 03:30:00+00:00,{},False
O-20250218-033000-001-V2-641,BACKTESTER-001,MLSignalStrategyV2-V2,EUR/USD.IDEALPRO,IDEALPRO-1-641,IDEALPRO-001,IDEALPRO-1-94907,EUR/USD.IDEALPRO-MLSignalStrategyV2-V2,BUY,STOP_MARKET,100000.00,1.04725,USD,2.09 USD,TAKER,b9d06dcc-4d98-4667-b227-68f7ccf4bd71,2025-02-18 03:35:00+00:00,2025-02-18 03:35:00+00:00,{},False
O-20250218-053000-001-V2-643,BACKTESTER-001,MLSignalStrategyV2-V2,EUR/USD.IDEALPRO,IDEALPRO-1-643,IDEALPRO-001,IDEALPRO-1-95138,EUR/USD.IDEALPRO-MLSignalStrategyV2-V2,BUY,MARKET,100000.00,1.04547,USD,2.09 USD,TAKER,b77a0ea8-114f-49cf-b5bc-e03f6b9c9a95,2025-02-18 05:30:00+00:00,2025-02-18 05:30:00+00:00,{},False
O-20250218-053000-001-V2-645,BACKTESTER-001,MLSignalStrategyV2-V2,EUR/USD.IDEALPRO,IDEALPRO-1-645,IDEALPRO-001,IDEALPRO-1-95241,EUR/USD.IDEALPRO-MLSignalStrategyV2-V2,SELL,LIMIT,100000.00,1.04594,USD,2.09 USD,MAKER,9eb73cb8-4524-434f-9b35-f01326f0213e,2025-02-18 06:21:00+00:00,2025-02-18 06:21:00+00:00,{},False
O-20250218-123000-001-V2-646,BACKTESTER-001,MLSignalStrategyV2-V2,EUR/USD.IDEALPRO,IDEALPRO-1-646,IDEALPRO-001,IDEALPRO-1-95980,EUR/USD.IDEALPRO-MLSignalStrategyV2-V2,BUY,MARKET,100000.00,1.04541,USD,2.09 USD,TAKER,3873783e-c2a9-4329-a79b-d4fb10d4095e,2025-02-18 12:30:00+00:00,2025-02-18 12:30:00+00:00,{},False
O-20250218-123000-001-V2-648,BACKTESTER-001,MLSignalStrategyV2-V2,EUR/USD.IDEALPRO,IDEALPRO-1-648,IDEALPRO-001,IDEALPRO-1-95991,EUR/USD.IDEALPRO-MLSignalStrategyV2-V2,SELL,LIMIT,100000.00,1.04594,USD,2.09 USD,MAKER,6c2db95b-d91e-4d3d-878d-dae9c68d16cc,2025-02-18 12:35:00+00:00,2025-02-18 12:35:00+00:00,{},False
O-20250218-130000-001-V2-649,BACKTESTER-001,MLSignalStrategyV2-V2,EUR/USD.IDEALPRO,IDEALPRO-1-649,IDEALPRO-001,IDEALPRO-1-96042,EUR/USD.IDEALPRO-MLSignalStrategyV2-V2,BUY,MARKET,100000.00,1.04552,USD,2.09 USD,TAKER,2d87d80a-f997-4eb9-bbbb-c3448e64d8ee,2025-02-18 13:00:00+00:00,2025-02-18 13:00:00+00:00,{},False
O-20250218-130000-001-V2-650,BACKTESTER-001,MLSignalStrategyV2-V2,EUR/USD.IDEALPRO,IDEALPRO-1-650,IDEALPRO-001,IDEALPRO-1-96063,EUR/USD.IDEALPRO-MLSignalStrategyV2-V2,SELL,STOP_MARKET,100000.00,1.04470,USD,2.09 USD,TAKER,8b17b0af-61fe-4853-bbd5-39f44784dabb,2025-02-18 13:10:00+00:00,2025-02-18 13:10:00+00:00,{},False
O-20250218-131500-001-V2-652,BACKTESTER-001,MLSignalStrategyV2-V2,EUR/USD.IDEALPRO,IDEALPRO-1-652,IDEALPRO-001,IDEALPRO-1-96074,EUR/USD.IDEALPRO-MLSignalStrategyV2-V2,BUY,MARKET,100000.00,1.04496,USD,2.09 USD,TAKER,e8924e2c-c7a8-4fd5-9c5e-faaefccc167f,2025-02-18 13:15:00+00:00,2025-02-18 13:15:00+00:00,{},False
O-20250218-131500-001-V2-653,BACKTESTER-001,MLSignalStrategyV2-V2,EUR/USD.IDEALPRO,IDEALPRO-1-653,IDEALPRO-001,IDEALPRO-1-96159,EUR/USD.IDEALPRO-MLSignalStrategyV2-V2,SELL,STOP_MARKET,100000.00,1.04427,USD,2.09 USD,TAKER,2e8758d5-9675-4439-9311-f5aee851717e,2025-02-18 13:57:00+00:00,2025-02-18 13:57:00+00:00,{},False
O-20250218-231500-001-V2-655,BACKTESTER-001,MLSignalStrategyV2-V2,EUR/USD.IDEALPRO,IDEALPRO-1-655,IDEALPRO-001,IDEALPRO-1-97247,EUR/USD.IDEALPRO-MLSignalStrategyV2-V2,BUY,MARKET,100000.00,1.04462,USD,2.09 USD,TAKER,ffcd186b-d3d4-42c0-b454-4d3d661bd62c,2025-02-18 23:15:00+00:00,2025-02-18 23:15:00+00:00,{},False
O-20250218-231500-001-V2-657,BACKTESTER-001,MLSignalStrategyV2-V2,EUR/USD.IDEALPRO,IDEALPRO-1-657,IDEALPRO-001,IDEALPRO-1-97643,EUR/USD.IDEALPRO-MLSignalStrategyV2-V2,SELL,LIMIT,100000.00,1.04512,USD,2.09 USD,MAKER,b533570b-2e0f-458f-8af4-c18f500e7277,2025-02-19 02:33:00+00:00,2025-02-19 02:33:00+00:00,{},False
O-20250219-170000-001-V2-658,BACKTESTER-001,MLSignalStrategyV2-V2,EUR/USD.IDEALPRO,IDEALPRO-1-658,IDEALPRO-001,IDEALPRO-1-99378,EUR/USD.IDEALPRO-MLSignalStrategyV2-V2,BUY,MARKET,100000.00,1.04047,USD,2.08 USD,TAKER,0ddafa54-8e58-4007-a006-190fd8e35d10,2025-02-19 17:00:00+00:00,2025-02-19 17:00:00+00:00,{},False
O-20250219-170000-001-V2-660,BACKTESTER-001,MLSignalStrategyV2-V2,EUR/USD.IDEALPRO,IDEALPRO-1-660,IDEALPRO-001,IDEALPRO-1-99547,EUR/USD.IDEALPRO-MLSignalStrategyV2-V2,SELL,LIMIT,100000.00,1.04135,USD,2.08 USD,MAKER,e4e64b66-d962-46da-9ec7-cec24e860db8,2025-02-19 18:24:00+00:00,2025-02-19 18:24:00+00:00,{},False
O-20250220-040000-001-V2-661,BACKTESTER-001,MLSignalStrategyV2-V2,EUR/USD.IDEALPRO,IDEALPRO-1-661,IDEALPRO-001,IDEALPRO-1-100670,EUR/USD.IDEALPRO-MLSignalStrategyV2-V2,SELL,MARKET,100000.00,1.04313,USD,2.09 USD,TAKER,d9e2057b-51c3-4cb3-b2cc-48b3876ea3cf,2025-02-20 04:00:00+00:00,2025-02-20 04:00:00+00:00,{},False
O-20250220-040000-001-V2-663,BACKTESTER-001,MLSignalStrategyV2-V2,EUR/USD.IDEALPRO,IDEALPRO-1-663,IDEALPRO-001,IDEALPRO-1-100735,EUR/USD.IDEALPRO-MLSignalStrategyV2-V2,BUY,LIMIT,100000.00,1.04244,USD,2.08 USD,MAKER,7882b87a-c486-4b66-ab56-fea4142a12e0,2025-02-20 04:32:00+00:00,2025-02-20 04:32:00+00:00,{},False
O-20250220-133000-001-V2-664,BACKTESTER-001,MLSignalStrategyV2-V2,EUR/USD.IDEALPRO,IDEALPRO-1-664,IDEALPRO-001,IDEALPRO-1-101813,EUR/USD.IDEALPRO-MLSignalStrategyV2-V2,BUY,MARKET,100000.00,1.04510,USD,2.09 USD,TAKER,be820e83-96d4-4386-b221-d586b1788fc7,2025-02-20 13:30:00+00:00,2025-02-20 13:30:00+00:00,{},False
O-20250220-133000-001-V2-665,BACKTESTER-001,MLSignalStrategyV2-V2,EUR/USD.IDEALPRO,IDEALPRO-1-665,IDEALPRO-001,IDEALPRO-1-101879,EUR/USD.IDEALPRO-MLSignalStrategyV2-V2,SELL,STOP_MARKET,100000.00,1.04422,USD,2.09 USD,TAKER,b430be05-d87f-4523-9036-0725a63c2328,2025-02-20 14:03:00+00:00,2025-02-20 14:03:00+00:00,{},False
O-20250220-151500-001-V2-667,BACKTESTER-001,MLSignalStrategyV2-V2,EUR/USD.IDEALPRO,IDEALPRO-1-667,IDEALPRO-001,IDEALPRO-1-102024,EUR/USD.IDEALPRO-MLSignalStrategyV2-V2,BUY,MARKET,100000.00,1.04554,USD,2.09 USD,TAKER,c16b9b08-5e5c-4f2e-84f2-99cf69a4808e,2025-02-20 15:15:00+00:00,2025-02-20 15:15:00+00:00,{},False
O-20250220-151500-001-V2-669,BACKTESTER-001,MLSignalStrategyV2-V2,EUR/USD.IDEALPRO,IDEALPRO-1-669,IDEALPRO-001,IDEALPRO-1-102047,EUR/USD.IDEALPRO-MLSignalStrategyV2-V2,SELL,LIMIT,100000.00,1.04658,USD,2.09 USD,MAKER,88b65341-5e71-44ff-b852-71d3301fcadd,2025-02-20 15:26:00+00:00,2025-02-20 15:26:00+00:00,{},False
O-20250220-200000-001-V2-670,BACKTESTER-001,MLSignalStrategyV2-V2,EUR/USD.IDEALPRO,IDEALPRO-1-670,IDEALPRO-001,IDEALPRO-1-102596,EUR/USD.IDEALPRO-MLSignalStrategyV2-V2,SELL,MARKET,100000.00,1.05015,USD,2.10 USD,TAKER,b9217fba-9767-429e-a6f2-581c837ef683,2025-02-20 20:00:00+00:00,2025-02-20 20:00:00+00:00,{},False
O-20250220-200000-001-V2-672,BACKTESTER-001,MLSignalStrategyV2-V2,EUR/USD.IDEALPRO,IDEALPRO-1-672,IDEALPRO-001,IDEALPRO-1-103095,EUR/USD.IDEALPRO-MLSignalStrategyV2-V2,BUY,LIMIT,100000.00,1.04946,USD,2.10 USD,MAKER,6dafb5e8-fae5-4eb6-8daf-164c79249de1,2025-02-21 00:24:00+00:00,2025-02-21 00:24:00+00:00,{},False
O-20250221-020000-001-V2-673,BACKTESTER-001,MLSignalStrategyV2-V2,EUR/USD.IDEALPRO,IDEALPRO-1-673,IDEALPRO-001,IDEALPRO-1-103288,EUR/USD.IDEALPRO-MLSignalStrategyV2-V2,SELL,MARKET,100000.00,1.04867,USD,2.10 USD,TAKER,469a328e-5599-4166-a194-32b2f2798816,2025-02-21 02:00:00+00:00,2025-02-21 02:00:00+00:00,{},False
O-20250221-020000-001-V2-674,BACKTESTER-001,MLSignalStrategyV2-V2,EUR/USD.IDEALPRO,IDEALPRO-1-674,IDEALPRO-001,IDEALPRO-1-103309,EUR/USD.IDEALPRO-MLSignalStrategyV2-V2,BUY,STOP_MARKET,100000.00,1.04920,USD,2.10 USD,TAKER,f41ae1cf-a5e2-4c3d-a609-a178a1ddd413,2025-02-21 02:10:00+00:00,2025-02-21 02:10:00+00:00,{},False
O-20250221-021500-001-V2-676,BACKTESTER-001,MLSignalStrategyV2-V2,EUR/USD.IDEALPRO,IDEALPRO-1-676,IDEALPRO-001,IDEALPRO-1-103321,EUR/USD.IDEALPRO-MLSignalStrategyV2-V2,BUY,MARKET,100000.00,1.04962,USD,2.10 USD,TAKER,c1d46470-aff2-4c3b-8394-64acb7110575,2025-02-21 02:15:00+00:00,2025-02-21 02:15:00+00:00,{},False
O-20250221-021500-001-V2-678,BACKTESTER-001,MLSignalStrategyV2-V2,EUR/USD.IDEALPRO,IDEALPRO-1-678,IDEALPRO-001,IDEALPRO-1-103393,EUR/USD.IDEALPRO-MLSignalStrategyV2-V2,SELL,LIMIT,100000.00,1.05014,USD,2.10 USD,MAKER,6e04b58c-1715-414e-bf95-5c1d2b531c49,2025-02-21 02:51:00+00:00,2025-02-21 02:51:00+00:00,{},False
O-20250221-053000-001-V2-679,BACKTESTER-001,MLSignalStrategyV2-V2,EUR/USD.IDEALPRO,IDEALPRO-1-679,IDEALPRO-001,IDEALPRO-1-103713,EUR/USD.IDEALPRO-MLSignalStrategyV2-V2,SELL,MARKET,100000.00,1.04966,USD,2.10 USD,TAKER,450d4c43-96ec-466f-9761-afae3be5b4d0,2025-02-21 05:30:00+00:00,2025-02-21 05:30:00+00:00,{},False
O-20250221-053000-001-V2-681,BACKTESTER-001,MLSignalStrategyV2-V2,EUR/USD.IDEALPRO,IDEALPRO-1-681,IDEALPRO-001,IDEALPRO-1-103761,EUR/USD.IDEALPRO-MLSignalStrategyV2-V2,BUY,LIMIT,100000.00,1.04916,USD,2.10 USD,MAKER,b55c6ff0-7219-446b-bf65-e89bb111fbb7,2025-02-21 05:54:00+00:00,2025-02-21 05:54:00+00:00,{},False
O-20250221-060000-001-V2-682,BACKTESTER-001,MLSignalStrategyV2-V2,EUR/USD.IDEALPRO,IDEALPRO-1-682,IDEALPRO-001,IDEALPRO-1-103774,EUR/USD.IDEALPRO-MLSignalStrategyV2-V2,SELL,MARKET,100000.00,1.04928,USD,2.10 USD,TAKER,9ab3e793-6ee1-400c-b0b4-ad5286cb180b,2025-02-21 06:00:00+00:00,2025-02-21 06:00:00+00:00,{},False
O-20250221-060000-001-V2-684,BACKTESTER-001,MLSignalStrategyV2-V2,EUR/USD.IDEALPRO,IDEALPRO-1-684,IDEALPRO-001,IDEALPRO-1-103823,EUR/USD.IDEALPRO-MLSignalStrategyV2-V2,BUY,LIMIT,100000.00,1.04890,USD,2.10 USD,MAKER,25a0dcf3-9609-40e3-9d4a-f51eeaf5ba8c,2025-02-21 06:24:00+00:00,2025-02-21 06:24:00+00:00,{},False
O-20250221-083000-001-V2-685,BACKTESTER-001,MLSignalStrategyV2-V2,EUR/USD.IDEALPRO,IDEALPRO-1-685,IDEALPRO-001,IDEALPRO-1-104077,EUR/USD.IDEALPRO-MLSignalStrategyV2-V2,BUY,MARKET,100000.00,1.04715,USD,2.09 USD,TAKER,bfb752f1-0de2-40e9-8a82-728119bdd6de,2025-02-21 08:30:00+00:00,2025-02-21 08:30:00+00:00,{},False
O-20250221-083000-001-V2-687,BACKTESTER-001,MLSignalStrategyV2-V2,EUR/USD.IDEALPRO,IDEALPRO-1-687,IDEALPRO-001,IDEALPRO-1-104079,EUR/USD.IDEALPRO-MLSignalStrategyV2-V2,SELL,LIMIT,100000.00,1.04845,USD,2.10 USD,MAKER,ddfd36fe-8e1a-48e5-b2e2-ae4b3e2ce148,2025-02-21 08:31:00+00:00,2025-02-21 08:31:00+00:00,{},False
O-20250221-103000-001-V2-688,BACKTESTER-001,MLSignalStrategyV2-V2,EUR/USD.IDEALPRO,IDEALPRO-1-688,IDEALPRO-001,IDEALPRO-1-104318,EUR/USD.IDEALPRO-MLSignalStrategyV2-V2,SELL,MARKET,100000.00,1.04709,USD,2.09 USD,TAKER,fd5557a9-3af1-408b-ac03-9e1c018bd287,2025-02-21 10:30:00+00:00,2025-02-21 10:30:00+00:00,{},False
O-20250221-103000-001-V2-690,BACKTESTER-001,MLSignalStrategyV2-V2,EUR/USD.IDEALPRO,IDEALPRO-1-690,IDEALPRO-001,IDEALPRO-1-104383,EUR/USD.IDEALPRO-MLSignalStrategyV2-V2,BUY,LIMIT,100000.00,1.04635,USD,2.09 USD,MAKER,2274c82f-01d2-4ef8-a485-086d86eedd46,2025-02-21 11:02:00+00:00,2025-02-21 11:02:00+00:00,{},False
O-20250221-111500-001-V2-691,BACKTESTER-001,MLSignalStrategyV2-V2,EUR/USD.IDEALPRO,IDEALPRO-1-691,IDEALPRO-001,IDEALPRO-1-104411,EUR/USD.IDEALPRO-MLSignalStrategyV2-V2,SELL,MARKET,100000.00,1.04673,USD,2.09 USD,TAKER,2d88370e-3cae-4dbb-a6fb-13493a5b0e0a,2025-02-21 11:15:00+00:00,2025-02-21 11:15:00+00:00,{},False
O-20250221-111500-001-V2-693,BACKTESTER-001,MLSignalStrategyV2-V2,EUR/USD.IDEALPRO,IDEALPRO-1-693,IDEALPRO-001,IDEALPRO-1-104531,EUR/USD.IDEALPRO-MLSignalStrategyV2-V2,BUY,LIMIT,100000.00,1.04594,USD,2.09 USD,MAKER,b07061fa-676f-48b0-b297-e1099e4fec28,2025-02-21 12:15:00+00:00,2025-02-21 12:15:00+00:00,{},False
O-20250223-223000-001-V2-694,BACKTESTER-001,MLSignalStrategyV2-V2,EUR/USD.IDEALPRO,IDEALPRO-1-694,IDEALPRO-001,IDEALPRO-1-105732,EUR/USD.IDEALPRO-MLSignalStrategyV2-V2,BUY,MARKET,100000.00,1.04662,USD,2.09 USD,TAKER,6470f89e-18bd-40dc-9c93-ccbcda529824,2025-02-23 22:30:00+00:00,2025-02-23 22:30:00+00:00,{},False
O-20250223-223000-001-V2-696,BACKTESTER-001,MLSignalStrategyV2-V2,EUR/USD.IDEALPRO,IDEALPRO-1-696,IDEALPRO-001,IDEALPRO-1-105753,EUR/USD.IDEALPRO-MLSignalStrategyV2-V2,SELL,LIMIT,100000.00,1.04716,USD,2.09 USD,MAKER,39e87adb-0665-433b-a4d9-4730bc0b5964,2025-02-23 22:40:00+00:00,2025-02-23 22:40:00+00:00,{},False
O-20250223-224500-001-V2-697,BACKTESTER-001,MLSignalStrategyV2-V2,EUR/USD.IDEALPRO,IDEALPRO-1-697,IDEALPRO-001,IDEALPRO-1-105763,EUR/USD.IDEALPRO-MLSignalStrategyV2-V2,BUY,MARKET,100000.00,1.04708,USD,2.09 USD,TAKER,580f29a8-e27e-420a-b6a9-94416122458c,2025-02-23 22:45:00+00:00,2025-02-23 22:45:00+00:00,{},False
O-20250223-224500-001-V2-699,BACKTESTER-001,MLSignalStrategyV2-V2,EUR/USD.IDEALPRO,IDEALPRO-1-699,IDEALPRO-001,IDEALPRO-1-105771,EUR/USD.IDEALPRO-MLSignalStrategyV2-V2,SELL,LIMIT,100000.00,1.04832,USD,2.10 USD,MAKER,8acf5143-d63b-42ad-8d4d-fcf191eee43b,2025-02-23 22:48:00+00:00,2025-02-23 22:48:00+00:00,{},False
O-20250223-230000-001-V2-700,BACKTESTER-001,MLSignalStrategyV2-V2,EUR/USD.IDEALPRO,IDEALPRO-1-700,IDEALPRO-001,IDEALPRO-1-105796,EUR/USD.IDEALPRO-MLSignalStrategyV2-V2,BUY,MARKET,100000.00,1.04747,USD,2.09 USD,TAKER,70b5e195-810e-47a1-baa4-0eb24d58a5e2,2025-02-23 23:00:00+00:00,2025-02-23 23:00:00+00:00,{},False
O-20250223-230000-001-V2-702,BACKTESTER-001,MLSignalStrategyV2-V2,EUR/USD.IDEALPRO,IDEALPRO-1-702,IDEALPRO-001,IDEALPRO-1-105807,EUR/USD.IDEALPRO-MLSignalStrategyV2-V2,SELL,LIMIT,100000.00,1.04824,USD,2.10 USD,MAKER,01e426dd-802c-4f91-a0b3-01dadc82781f,2025-02-23 23:05:00+00:00,2025-02-23 23:05:00+00:00,{},False
O-20250224-030000-001-V2-703,BACKTESTER-001,MLSignalStrategyV2-V2,EUR/USD.IDEALPRO,IDEALPRO-1-703,IDEALPRO-001,IDEALPRO-1-106278,EUR/USD.IDEALPRO-MLSignalStrategyV2-V2,BUY,MARKET,100000.00,1.05228,USD,2.10 USD,TAKER,a541c9ef-d960-40b3-aa85-7e24227d5d3d,2025-02-24 03:00:00+00:00,2025-02-24 03:00:00+00:00,{},False
O-20250224-030000-001-V2-704,BACKTESTER-001,MLSignalStrategyV2-V2,EUR/USD.IDEALPRO,IDEALPRO-1-704,IDEALPRO-001,IDEALPRO-1-106459,EUR/USD.IDEALPRO-MLSignalStrategyV2-V2,SELL,STOP_MARKET,100000.00,1.05124,USD,2.10 USD,TAKER,cb73b5cb-7074-4942-880f-68d6f289f7d6,2025-02-24 04:30:00+00:00,2025-02-24 04:30:00+00:00,{},False
O-20250224-081500-001-V2-706,BACKTESTER-001,MLSignalStrategyV2-V2,EUR/USD.IDEALPRO,IDEALPRO-1-706,IDEALPRO-001,IDEALPRO-1-106910,EUR/USD.IDEALPRO-MLSignalStrategyV2-V2,BUY,MARKET,100000.00,1.04830,USD,2.10 USD,TAKER,8fa9fbda-ef50-4a79-a619-540673cecdfd,2025-02-24 08:15:00+00:00,2025-02-24 08:15:00+00:00,{},False
O-20250224-081500-001-V2-707,BACKTESTER-001,MLSignalStrategyV2-V2,EUR/USD.IDEALPRO,IDEALPRO-1-707,IDEALPRO-001,IDEALPRO-1-106921,EUR/USD.IDEALPRO-MLSignalStrategyV2-V2,SELL,STOP_MARKET,100000.00,1.04697,USD,2.09 USD,TAKER,8c14e74d-b596-4677-b770-b3e740d8a8a6,2025-02-24 08:20:00+00:00,2025-02-24 08:20:00+00:00,{},False
O-20250224-093000-001-V2-709,BACKTESTER-001,MLSignalStrategyV2-V2,EUR/USD.IDEALPRO,IDEALPRO-1-709,IDEALPRO-001,IDEALPRO-1-107062,EUR/USD.IDEALPRO-MLSignalStrategyV2-V2,BUY,MARKET,100000.00,1.04747,USD,2.09 USD,TAKER,99489bb9-3a96-4d95-8d7d-a0cdd00e58af,2025-02-24 09:30:00+00:00,2025-02-24 09:30:00+00:00,{},False
O-20250224-093000-001-V2-710,BACKTESTER-001,MLSignalStrategyV2-V2,EUR/USD.IDEALPRO,IDEALPRO-1-710,IDEALPRO-001,IDEALPRO-1-107309,EUR/USD.IDEALPRO-MLSignalStrategyV2-V2,SELL,STOP_MARKET,100000.00,1.04639,USD,2.09 USD,TAKER,1dcde8bc-3aa4-4732-b311-67cc2ae666c4,2025-02-24 11:33:00+00:00,2025-02-24 11:33:00+00:00,{},False
O-20250224-114500-001-V2-712,BACKTESTER-001,MLSignalStrategyV2-V2,EUR/USD.IDEALPRO,IDEALPRO-1-712,IDEALPRO-001,IDEALPRO-1-107334,EUR/USD.IDEALPRO-MLSignalStrategyV2-V2,SELL,MARKET,100000.00,1.04706,USD,2.09 USD,TAKER,ea27d7a4-fafb-4038-b9cb-071315c43405,2025-02-24 11:45:00+00:00,2025-02-24 11:45:00+00:00,{},False
O-20250224-114500-001-V2-714,BACKTESTER-001,MLSignalStrategyV2-V2,EUR/USD.IDEALPRO,IDEALPRO-1-714,IDEALPRO-001,IDEALPRO-1-107429,EUR/USD.IDEALPRO-MLSignalStrategyV2-V2,BUY,LIMIT,100000.00,1.04616,USD,2.09 USD,MAKER,08657837-dace-49f5-ab69-eada05031594,2025-02-24 12:32:00+00:00,2025-02-24 12:32:00+00:00,{},False
O-20250224-133000-001-V2-715,BACKTESTER-001,MLSignalStrategyV2-V2,EUR/USD.IDEALPRO,IDEALPRO-1-715,IDEALPRO-001,IDEALPRO-1-107546,EUR/USD.IDEALPRO-MLSignalStrategyV2-V2,SELL,MARKET,100000.00,1.04711,USD,2.09 USD,TAKER,ff132639-2a67-4ce8-9e13-b1f38e5dadbf,2025-02-24 13:30:00+00:00,2025-02-24 13:30:00+00:00,{},False
O-20250224-133000-001-V2-717,BACKTESTER-001,MLSignalStrategyV2-V2,EUR/USD.IDEALPRO,IDEALPRO-1-717,IDEALPRO-001,IDEALPRO-1-107637,EUR/USD.IDEALPRO-MLSignalStrategyV2-V2,BUY,LIMIT,100000.00,1.04640,USD,2.09 USD,MAKER,18b95381-992d-41d5-aa2c-7af293a85315,2025-02-24 14:15:00+00:00,2025-02-24 14:15:00+00:00,{},False
O-20250224-213000-001-V2-718,BACKTESTER-001,MLSignalStrategyV2-V2,EUR/USD.IDEALPRO,IDEALPRO-1-718,IDEALPRO-001,IDEALPRO-1-108508,EUR/USD.IDEALPRO-MLSignalStrategyV2-V2,BUY,MARKET,100000.00,1.04642,USD,2.09 USD,TAKER,9e34b421-6a85-48b4-81ba-7f0974e7d409,2025-02-24 21:30:00+00:00,2025-02-24 21:30:00+00:00,{},False
O-20250224-213000-001-V2-720,BACKTESTER-001,MLSignalStrategyV2-V2,EUR/USD.IDEALPRO,IDEALPRO-1-720,IDEALPRO-001,IDEALPRO-1-108659,EUR/USD.IDEALPRO-MLSignalStrategyV2-V2,SELL,LIMIT,100000.00,1.04704,USD,2.09 USD,MAKER,ba71fc1f-2aaa-43d3-9ebb-a3590e098825,2025-02-24 23:00:00+00:00,2025-02-24 23:00:00+00:00,{},False
O-20250224-233000-001-V2-721,BACKTESTER-001,MLSignalStrategyV2-V2,EUR/USD.IDEALPRO,IDEALPRO-1-721,IDEALPRO-001,IDEALPRO-1-108721,EUR/USD.IDEALPRO-MLSignalStrategyV2-V2,BUY,MARKET,100000.00,1.04622,USD,2.09 USD,TAKER,59effbf2-6e46-4488-bd06-66d36b41a9f1,2025-02-24 23:30:00+00:00,2025-02-24 23:30:00+00:00,{},False
O-20250224-233000-001-V2-723,BACKTESTER-001,MLSignalStrategyV2-V2,EUR/USD.IDEALPRO,IDEALPRO-1-723,IDEALPRO-001,IDEALPRO-1-109023,EUR/USD.IDEALPRO-MLSignalStrategyV2-V2,SELL,LIMIT,100000.00,1.04662,USD,2.09 USD,MAKER,af2a1043-27b3-4f91-9351-ae1c949dcd9b,2025-02-25 02:01:00+00:00,2025-02-25 02:01:00+00:00,{},False
O-20250225-083000-001-V2-724,BACKTESTER-001,MLSignalStrategyV2-V2,EUR/USD.IDEALPRO,IDEALPRO-1-724,IDEALPRO-001,IDEALPRO-1-109803,EUR/USD.IDEALPRO-MLSignalStrategyV2-V2,BUY,MARKET,100000.00,1.04676,USD,2.09 USD,TAKER,0ada836e-866e-437c-af2e-e1749f3faa4c,2025-02-25 08:30:00+00:00,2025-02-25 08:30:00+00:00,{},False
O-20250225-083000-001-V2-726,BACKTESTER-001,MLSignalStrategyV2-V2,EUR/USD.IDEALPRO,IDEALPRO-1-726,IDEALPRO-001,IDEALPRO-1-109903,EUR/USD.IDEALPRO-MLSignalStrategyV2-V2,SELL,LIMIT,100000.00,1.04770,USD,2.10 USD,MAKER,d35f2142-1c66-4c44-980f-ef1436682420,2025-02-25 09:20:00+00:00,2025-02-25 09:20:00+00:00,{},False
O-20250225-121500-001-V2-727,BACKTESTER-001,MLSignalStrategyV2-V2,EUR/USD.IDEALPRO,IDEALPRO-1-727,IDEALPRO-001,IDEALPRO-1-110255,EUR/USD.IDEALPRO-MLSignalStrategyV2-V2,BUY,MARKET,100000.00,1.04942,USD,2.10 USD,TAKER,e58353a4-51ef-4530-81a5-b36d30833d22,2025-02-25 12:15:00+00:00,2025-02-25 12:15:00+00:00,{},False
O-20250225-121500-001-V2-729,BACKTESTER-001,MLSignalStrategyV2-V2,EUR/USD.IDEALPRO,IDEALPRO-1-729,IDEALPRO-001,IDEALPRO-1-110407,EUR/USD.IDEALPRO-MLSignalStrategyV2-V2,SELL,LIMIT,100000.00,1.05034,USD,2.10 USD,MAKER,ace3ff7c-8170-420e-a70d-23331238296a,2025-02-25 13:31:00+00:00,2025-02-25 13:31:00+00:00,{},False
O-20250225-184500-001-V2-730,BACKTESTER-001,MLSignalStrategyV2-V2,EUR/USD.IDEALPRO,IDEALPRO-1-730,IDEALPRO-001,IDEALPRO-1-111036,EUR/USD.IDEALPRO-MLSignalStrategyV2-V2,BUY,MARKET,100000.00,1.05148,USD,2.10 USD,TAKER,b577223c-3544-4c59-a812-1c877d3f13ad,2025-02-25 18:45:00+00:00,2025-02-25 18:45:00+00:00,{},False
O-20250225-184500-001-V2-731,BACKTESTER-001,MLSignalStrategyV2-V2,EUR/USD.IDEALPRO,IDEALPRO-1-731,IDEALPRO-001,IDEALPRO-1-111109,EUR/USD.IDEALPRO-MLSignalStrategyV2-V2,SELL,STOP_MARKET,100000.00,1.05045,USD,2.10 USD,TAKER,1d75ee52-c4ad-4b7b-83dd-6de5ceb36106,2025-02-25 19:21:00+00:00,2025-02-25 19:21:00+00:00,{},False
O-20250225-210000-001-V2-733,BACKTESTER-001,MLSignalStrategyV2-V2,EUR/USD.IDEALPRO,IDEALPRO-1-733,IDEALPRO-001,IDEALPRO-1-111308,EUR/USD.IDEALPRO-MLSignalStrategyV2-V2,BUY,MARKET,100000.00,1.05164,USD,2.10 USD,TAKER,2b20cfda-c0f2-48ed-9b82-945505c60dcf,2025-02-25 21:00:00+00:00,2025-02-25 21:00:00+00:00,{},False
O-20250225-210000-001-V2-735,BACKTESTER-001,MLSignalStrategyV2-V2,EUR/USD.IDEALPRO,IDEALPRO-1-735,IDEALPRO-001,IDEALPRO-1-111587,EUR/USD.IDEALPRO-MLSignalStrategyV2-V2,SELL,LIMIT,100000.00,1.05228,USD,2.10 USD,MAKER,931111fe-4887-4a40-bf44-64a4f3d61765,2025-02-25 23:34:00+00:00,2025-02-25 23:34:00+00:00,{},False
O-20250226-031500-001-V2-736,BACKTESTER-001,MLSignalStrategyV2-V2,EUR/USD.IDEALPRO,IDEALPRO-1-736,IDEALPRO-001,IDEALPRO-1-112030,EUR/USD.IDEALPRO-MLSignalStrategyV2-V2,SELL,MARKET,100000.00,1.05056,USD,2.10 USD,TAKER,5c319d1f-0f4e-41f8-8c36-3904c1859a78,2025-02-26 03:15:00+00:00,2025-02-26 03:15:00+00:00,{},False
O-20250226-031500-001-V2-738,BACKTESTER-001,MLSignalStrategyV2-V2,EUR/USD.IDEALPRO,IDEALPRO-1-738,IDEALPRO-001,IDEALPRO-1-112153,EUR/USD.IDEALPRO-MLSignalStrategyV2-V2,BUY,LIMIT,100000.00,1.05010,USD,2.10 USD,MAKER,51a04e83-005c-4099-9204-f57adf691ed4,2025-02-26 04:16:00+00:00,2025-02-26 04:16:00+00:00,{},False
O-20250226-043000-001-V2-739,BACKTESTER-001,MLSignalStrategyV2-V2,EUR/USD.IDEALPRO,IDEALPRO-1-739,IDEALPRO-001,IDEALPRO-1-112182,EUR/USD.IDEALPRO-MLSignalStrategyV2-V2,SELL,MARKET,100000.00,1.05035,USD,2.10 USD,TAKER,43ae794e-cf34-4288-9e83-159affefd195,2025-02-26 04:30:00+00:00,2025-02-26 04:30:00+00:00,{},False
O-20250226-043000-001-V2-741,BACKTESTER-001,MLSignalStrategyV2-V2,EUR/USD.IDEALPRO,IDEALPRO-1-741,IDEALPRO-001,IDEALPRO-1-112217,EUR/USD.IDEALPRO-MLSignalStrategyV2-V2,BUY,LIMIT,100000.00,1.04995,USD,2.10 USD,MAKER,4b91a6d2-aa5a-48c5-9fef-6862b3ff14b9,2025-02-26 04:47:00+00:00,2025-02-26 04:47:00+00:00,{},False
O-20250226-051500-001-V2-742,BACKTESTER-001,MLSignalStrategyV2-V2,EUR/USD.IDEALPRO,IDEALPRO-1-742,IDEALPRO-001,IDEALPRO-1-112274,EUR/USD.IDEALPRO-MLSignalStrategyV2-V2,BUY,MARKET,100000.00,1.04945,USD,2.10 USD,TAKER,218229df-3e9e-4575-b05d-36317701e9f7,2025-02-26 05:15:00+00:00,2025-02-26 05:15:00+00:00,{},False
O-20250226-051500-001-V2-743,BACKTESTER-001,MLSignalStrategyV2-V2,EUR/USD.IDEALPRO,IDEALPRO-1-743,IDEALPRO-001,IDEALPRO-1-112391,EUR/USD.IDEALPRO-MLSignalStrategyV2-V2,SELL,STOP_MARKET,100000.00,1.04892,USD,2.10 USD,TAKER,3eb133c7-8bc8-4129-825e-a6c926f46dc8,2025-02-26 06:13:00+00:00,2025-02-26 06:13:00+00:00,{},False
O-20250226-111500-001-V2-745,BACKTESTER-001,MLSignalStrategyV2-V2,EUR/USD.IDEALPRO,IDEALPRO-1-745,IDEALPRO-001,IDEALPRO-1-112996,EUR/USD.IDEALPRO-MLSignalStrategyV2-V2,BUY,MARKET,100000.00,1.05008,USD,2.10 USD,TAKER,9a1e9ec9-852e-4158-9fa4-dc4bf7b4eb34,2025-02-26 11:15:00+00:00,2025-02-26 11:15:00+00:00,{},False
O-20250226-111500-001-V2-746,BACKTESTER-001,MLSignalStrategyV2-V2,EUR/USD.IDEALPRO,IDEALPRO-1-746,IDEALPRO-001,IDEALPRO-1-113017,EUR/USD.IDEALPRO-MLSignalStrategyV2-V2,SELL,STOP_MARKET,100000.00,1.04928,USD,2.10 USD,TAKER,7a36f1c5-b1d8-4be9-ab26-58bb08d8545e,2025-02-26 11:25:00+00:00,2025-02-26 11:25:00+00:00,{},False
O-20250226-171500-001-V2-748,BACKTESTER-001,MLSignalStrategyV2-V2,EUR/USD.IDEALPRO,IDEALPRO-1-748,IDEALPRO-001,IDEALPRO-1-113718,EUR/USD.IDEALPRO-MLSignalStrategyV2-V2,BUY,MARKET,100000.00,1.05143,USD,2.10 USD,TAKER,d1a2524e-85f0-4da4-8537-6e5c854763c0,2025-02-26 17:15:00+00:00,2025-02-26 17:15:00+00:00,{},False
O-20250226-171500-001-V2-750,BACKTESTER-001,MLSignalStrategyV2-V2,EUR/USD.IDEALPRO,IDEALPRO-1-750,IDEALPRO-001,IDEALPRO-1-113749,EUR/USD.IDEALPRO-MLSignalStrategyV2-V2,SELL,LIMIT,100000.00,1.05245,USD,2.10 USD,MAKER,fbc7ef93-39f6-4970-a175-c9ae93ddf255,2025-02-26 17:30:00+00:00,2025-02-26 17:30:00+00:00,{},False
O-20250226-224500-001-V2-751,BACKTESTER-001,MLSignalStrategyV2-V2,EUR/USD.IDEALPRO,IDEALPRO-1-751,IDEALPRO-001,IDEALPRO-1-114349,EUR/USD.IDEALPRO-MLSignalStrategyV2-V2,SELL,MARKET,100000.00,1.04875,USD,2.10 USD,TAKER,ed2080f6-abcf-441e-80e9-41668d176d74,2025-02-26 22:45:00+00:00,2025-02-26 22:45:00+00:00,{},False
O-20250226-224500-001-V2-753,BACKTESTER-001,MLSignalStrategyV2-V2,EUR/USD.IDEALPRO,IDEALPRO-1-753,IDEALPRO-001,IDEALPRO-1-114517,EUR/USD.IDEALPRO-MLSignalStrategyV2-V2,BUY,LIMIT,100000.00,1.04806,USD,2.10 USD,MAKER,417ccfba-ffaf-4a9c-8793-868b0af55723,2025-02-27 00:08:00+00:00,2025-02-27 00:08:00+00:00,{},False
O-20250227-013000-001-V2-754,BACKTESTER-001,MLSignalStrategyV2-V2,EUR/USD.IDEALPRO,IDEALPRO-1-754,IDEALPRO-001,IDEALPRO-1-114682,EUR/USD.IDEALPRO-MLSignalStrategyV2-V2,BUY,MARKET,100000.00,1.04769,USD,2.10 USD,TAKER,f90867c2-6d36-455d-a465-2bcb2aabd268,2025-02-27 01:30:00+00:00,2025-02-27 01:30:00+00:00,{},False
O-20250227-013000-001-V2-756,BACKTESTER-001,MLSignalStrategyV2-V2,EUR/USD.IDEALPRO,IDEALPRO-1-756,IDEALPRO-001,IDEALPRO-1-114709,EUR/USD.IDEALPRO-MLSignalStrategyV2-V2,SELL,LIMIT,100000.00,1.04815,USD,2.10 USD,MAKER,7a9164ab-0548-4b10-b64e-781f1123181b,2025-02-27 01:43:00+00:00,2025-02-27 01:43:00+00:00,{},False
O-20250227-043000-001-V2-757,BACKTESTER-001,MLSignalStrategyV2-V2,EUR/USD.IDEALPRO,IDEALPRO-1-757,IDEALPRO-001,IDEALPRO-1-115044,EUR/USD.IDEALPRO-MLSignalStrategyV2-V2,SELL,MARKET,100000.00,1.04658,USD,2.09 USD,TAKER,fd4ebf17-15b4-4ecf-bac2-a8c6bea9db87,2025-02-27 04:30:00+00:00,2025-02-27 04:30:00+00:00,{},False
O-20250227-043000-001-V2-759,BACKTESTER-001,MLSignalStrategyV2-V2,EUR/USD.IDEALPRO,IDEALPRO-1-759,IDEALPRO-001,IDEALPRO-1-115059,EUR/USD.IDEALPRO-MLSignalStrategyV2-V2,BUY,LIMIT,100000.00,1.04615,USD,2.09 USD,MAKER,d3b4d83d-e8e4-41c2-9378-22a34130d042,2025-02-27 04:37:00+00:00,2025-02-27 04:37:00+00:00,{},False
O-20250227-044500-001-V2-760,BACKTESTER-001,MLSignalStrategyV2-V2,EUR/USD.IDEALPRO,IDEALPRO-1-760,IDEALPRO-001,IDEALPRO-1-115076,EUR/USD.IDEALPRO-MLSignalStrategyV2-V2,BUY,MARKET,100000.00,1.04630,USD,2.09 USD,TAKER,acaefca8-d276-40cc-afeb-e0bd35795650,2025-02-27 04:45:00+00:00,2025-02-27 04:45:00+00:00,{},False
O-20250227-044500-001-V2-762,BACKTESTER-001,MLSignalStrategyV2-V2,EUR/USD.IDEALPRO,IDEALPRO-1-762,IDEALPRO-001,IDEALPRO-1-115239,EUR/USD.IDEALPRO-MLSignalStrategyV2-V2,SELL,LIMIT,100000.00,1.04680,USD,2.09 USD,MAKER,10ebc577-097c-417a-9743-d307d3fc3631,2025-02-27 06:06:00+00:00,2025-02-27 06:06:00+00:00,{},False
O-20250227-100000-001-V2-763,BACKTESTER-001,MLSignalStrategyV2-V2,EUR/USD.IDEALPRO,IDEALPRO-1-763,IDEALPRO-001,IDEALPRO-1-115708,EUR/USD.IDEALPRO-MLSignalStrategyV2-V2,BUY,MARKET,100000.00,1.04842,USD,2.10 USD,TAKER,6d85b99f-d8ab-4041-b799-5fee5cd08ede,2025-02-27 10:00:00+00:00,2025-02-27 10:00:00+00:00,{},False
O-20250227-100000-001-V2-764,BACKTESTER-001,MLSignalStrategyV2-V2,EUR/USD.IDEALPRO,IDEALPRO-1-764,IDEALPRO-001,IDEALPRO-1-115727,EUR/USD.IDEALPRO-MLSignalStrategyV2-V2,SELL,STOP_MARKET,100000.00,1.04771,USD,2.10 USD,TAKER,6ae9d941-0b6a-4317-a097-049460205480,2025-02-27 10:09:00+00:00,2025-02-27 10:09:00+00:00,{},False
O-20250227-154500-001-V2-766,BACKTESTER-001,MLSignalStrategyV2-V2,EUR/USD.IDEALPRO,IDEALPRO-1-766,IDEALPRO-001,IDEALPRO-1-116400,EUR/USD.IDEALPRO-MLSignalStrategyV2-V2,BUY,MARKET,100000.00,1.04163,USD,2.08 USD,TAKER,59f25e43-d048-439d-b76f-836053157603,2025-02-27 15:45:00+00:00,2025-02-27 15:45:00+00:00,{},False
O-20250227-154500-001-V2-767,BACKTESTER-001,MLSignalStrategyV2-V2,EUR/USD.IDEALPRO,IDEALPRO-1-767,IDEALPRO-001,IDEALPRO-1-117083,EUR/USD.IDEALPRO-MLSignalStrategyV2-V2,SELL,STOP_MARKET,100000.00,1.03981,USD,2.08 USD,TAKER,80fc2402-9eb9-46bb-b803-1820edbbc9c0,2025-02-27 21:26:00+00:00,2025-02-27 21:26:00+00:00,{},False
O-20250227-220000-001-V2-769,BACKTESTER-001,MLSignalStrategyV2-V2,EUR/USD.IDEALPRO,IDEALPRO-1-769,IDEALPRO-001,IDEALPRO-1-117152,EUR/USD.IDEALPRO-MLSignalStrategyV2-V2,BUY,MARKET,100000.00,1.03982,USD,2.08 USD,TAKER,565eb7a4-c9a7-4061-84ae-8f705105b0f7,2025-02-27 22:00:00+00:00,2025-02-27 22:00:00+00:00,{},False
O-20250227-220000-001-V2-770,BACKTESTER-001,MLSignalStrategyV2-V2,EUR/USD.IDEALPRO,IDEALPRO-1-770,IDEALPRO-001,IDEALPRO-1-117233,EUR/USD.IDEALPRO-MLSignalStrategyV2-V2,SELL,STOP_MARKET,100000.00,1.03915,USD,2.08 USD,TAKER,c5c6465a-cecf-4565-803a-1391105f071e,2025-02-27 22:55:00+00:00,2025-02-27 22:55:00+00:00,{},False
O-20250228-000000-001-V2-772,BACKTESTER-001,MLSignalStrategyV2-V2,EUR/USD.IDEALPRO,IDEALPRO-1-772,IDEALPRO-001,IDEALPRO-1-117364,EUR/USD.IDEALPRO-MLSignalStrategyV2-V2,BUY,MARKET,100000.00,1.03940,USD,2.08 USD,TAKER,42f58b70-08ec-4e16-a3b0-ac2e56313932,2025-02-28 00:00:00+00:00,2025-02-28 00:00:00+00:00,{},False
O-20250228-000000-001-V2-774,BACKTESTER-001,MLSignalStrategyV2-V2,EUR/USD.IDEALPRO,IDEALPRO-1-774,IDEALPRO-001,IDEALPRO-1-117401,EUR/USD.IDEALPRO-MLSignalStrategyV2-V2,SELL,LIMIT,100000.00,1.03981,USD,2.08 USD,MAKER,07e65da7-1a98-4a1c-8bd1-e98612707422,2025-02-28 00:18:00+00:00,2025-02-28 00:18:00+00:00,{},False
O-20250228-003000-001-V2-775,BACKTESTER-001,MLSignalStrategyV2-V2,EUR/USD.IDEALPRO,IDEALPRO-1-775,IDEALPRO-001,IDEALPRO-1-117426,EUR/USD.IDEALPRO-MLSignalStrategyV2-V2,SELL,MARKET,100000.00,1.03998,USD,2.08 USD,TAKER,339da108-c785-4426-865e-ae05420f58aa,2025-02-28 00:30:00+00:00,2025-02-28 00:30:00+00:00,{},False
O-20250228-003000-001-V2-777,BACKTESTER-001,MLSignalStrategyV2-V2,EUR/USD.IDEALPRO,IDEALPRO-1-777,IDEALPRO-001,IDEALPRO-1-117549,EUR/USD.IDEALPRO-MLSignalStrategyV2-V2,BUY,LIMIT,100000.00,1.03947,USD,2.08 USD,MAKER,4fff0b79-7769-49fc-98e6-37c1d8bb38cd,2025-02-28 01:31:00+00:00,2025-02-28 01:31:00+00:00,{},False
O-20250228-020000-001-V2-778,BACKTESTER-001,MLSignalStrategyV2-V2,EUR/USD.IDEALPRO,IDEALPRO-1-778,IDEALPRO-001,IDEALPRO-1-117608,EUR/USD.IDEALPRO-MLSignalStrategyV2-V2,BUY,MARKET,100000.00,1.03849,USD,2.08 USD,TAKER,7b7bf73c-d6ed-42c1-a34f-6cd2254c3e57,2025-02-28 02:00:00+00:00,2025-02-28 02:00:00+00:00,{},False
O-20250228-020000-001-V2-780,BACKTESTER-001,MLSignalStrategyV2-V2,EUR/USD.IDEALPRO,IDEALPRO-1-780,IDEALPRO-001,IDEALPRO-1-117619,EUR/USD.IDEALPRO-MLSignalStrategyV2-V2,SELL,LIMIT,100000.00,1.03901,USD,2.08 USD,MAKER,bc883c1b-3f78-4d00-89ea-3b67dfe36a82,2025-02-28 02:05:00+00:00,2025-02-28 02:05:00+00:00,{},False
O-20250228-021500-001-V2-781,BACKTESTER-001,MLSignalStrategyV2-V2,EUR/USD.IDEALPRO,IDEALPRO-1-781,IDEALPRO-001,IDEALPRO-1-117640,EUR/USD.IDEALPRO-MLSignalStrategyV2-V2,BUY,MARKET,100000.00,1.03835,USD,2.08 USD,TAKER,d95114c0-8275-4acd-aa11-ee44f134a032,2025-02-28 02:15:00+00:00,2025-02-28 02:15:00+00:00,{},False
O-20250228-021500-001-V2-783,BACKTESTER-001,MLSignalStrategyV2-V2,EUR/USD.IDEALPRO,IDEALPRO-1-783,IDEALPRO-001,IDEALPRO-1-117663,EUR/USD.IDEALPRO-MLSignalStrategyV2-V2,SELL,LIMIT,100000.00,1.03895,USD,2.08 USD,MAKER,5f10f7db-d3fc-4062-90c3-2d25c1792419,2025-02-28 02:26:00+00:00,2025-02-28 02:26:00+00:00,{},False
O-20250228-031500-001-V2-784,BACKTESTER-001,MLSignalStrategyV2-V2,EUR/USD.IDEALPRO,IDEALPRO-1-784,IDEALPRO-001,IDEALPRO-1-117762,EUR/USD.IDEALPRO-MLSignalStrategyV2-V2,SELL,MARKET,100000.00,1.03860,USD,2.08 USD,TAKER,0a099b0d-cdf7-41b1-a733-15dfad7a60b5,2025-02-28 03:15:00+00:00,2025-02-28 03:15:00+00:00,{},False
O-20250228-031500-001-V2-785,BACKTESTER-001,MLSignalStrategyV2-V2,EUR/USD.IDEALPRO,IDEALPRO-1-785,IDEALPRO-001,IDEALPRO-1-118291,EUR/USD.IDEALPRO-MLSignalStrategyV2-V2,BUY,STOP_MARKET,100000.00,1.03933,USD,2.08 USD,TAKER,c32e8364-3a98-4cdf-be38-7a266151f6cd,2025-02-28 07:39:00+00:00,2025-02-28 07:39:00+00:00,{},False
O-20250228-164500-001-V2-787,BACKTESTER-001,MLSignalStrategyV2-V2,EUR/USD.IDEALPRO,IDEALPRO-1-787,IDEALPRO-001,IDEALPRO-1-119385,EUR/USD.IDEALPRO-MLSignalStrategyV2-V2,SELL,MARKET,100000.00,1.04021,USD,2.08 USD,TAKER,3a4beaa1-b68a-41b4-854c-87617ab11dee,2025-02-28 16:45:00+00:00,2025-02-28 16:45:00+00:00,{},False
O-20250228-164500-001-V2-789,BACKTESTER-001,MLSignalStrategyV2-V2,EUR/USD.IDEALPRO,IDEALPRO-1-789,IDEALPRO-001,IDEALPRO-1-119463,EUR/USD.IDEALPRO-MLSignalStrategyV2-V2,BUY,LIMIT,100000.00,1.03901,USD,2.08 USD,MAKER,555200de-5f6c-4902-ad30-de19d410c992,2025-02-28 17:24:00+00:00,2025-02-28 17:24:00+00:00,{},False
O-20250302-223000-001-V2-790,BACKTESTER-001,MLSignalStrategyV2-V2,EUR/USD.IDEALPRO,IDEALPRO-1-790,IDEALPRO-001,IDEALPRO-1-120046,EUR/USD.IDEALPRO-MLSignalStrategyV2-V2,BUY,MARKET,100000.00,1.04029,USD,2.08 USD,TAKER,8f0c6279-c2fa-4cf0-b4fe-72d826f35cce,2025-03-02 22:30:00+00:00,2025-03-02 22:30:00+00:00,{},False
O-20250302-223000-001-V2-792,BACKTESTER-001,MLSignalStrategyV2-V2,EUR/USD.IDEALPRO,IDEALPRO-1-792,IDEALPRO-001,IDEALPRO-1-120125,EUR/USD.IDEALPRO-MLSignalStrategyV2-V2,SELL,LIMIT,100000.00,1.04136,USD,2.08 USD,MAKER,95bfa449-dd1d-4619-ba76-24b6317aadf0,2025-03-02 23:09:00+00:00,2025-03-02 23:09:00+00:00,{},False
O-20250302-233000-001-V2-793,BACKTESTER-001,MLSignalStrategyV2-V2,EUR/USD.IDEALPRO,IDEALPRO-1-793,IDEALPRO-001,IDEALPRO-1-120168,EUR/USD.IDEALPRO-MLSignalStrategyV2-V2,SELL,MARKET,100000.00,1.04155,USD,2.08 USD,TAKER,c3e318d4-b6d8-44cd-9c16-0b6692594fd5,2025-03-02 23:30:00+00:00,2025-03-02 23:30:00+00:00,{},False
O-20250302-233000-001-V2-795,BACKTESTER-001,MLSignalStrategyV2-V2,EUR/USD.IDEALPRO,IDEALPRO-1-795,IDEALPRO-001,IDEALPRO-1-120237,EUR/USD.IDEALPRO-MLSignalStrategyV2-V2,BUY,LIMIT,100000.00,1.04032,USD,2.08 USD,MAKER,b74fefc7-5897-451e-9d8f-4878373f7a84,2025-03-03 00:04:00+00:00,2025-03-03 00:04:00+00:00,{},False
O-20250303-030000-001-V2-796,BACKTESTER-001,MLSignalStrategyV2-V2,EUR/USD.IDEALPRO,IDEALPRO-1-796,IDEALPRO-001,IDEALPRO-1-120591,EUR/USD.IDEALPRO-MLSignalStrategyV2-V2,BUY,MARKET,100000.00,1.04201,USD,2.08 USD,TAKER,0c28ef3a-d64a-43fc-8fad-975916d6e392,2025-03-03 03:00:00+00:00,2025-03-03 03:00:00+00:00,{},False
O-20250303-030000-001-V2-797,BACKTESTER-001,MLSignalStrategyV2-V2,EUR/USD.IDEALPRO,IDEALPRO-1-797,IDEALPRO-001,IDEALPRO-1-120611,EUR/USD.IDEALPRO-MLSignalStrategyV2-V2,SELL,STOP_MARKET,100000.00,1.04117,USD,2.08 USD,TAKER,4d3c3eec-8b39-4d69-80bb-6820776d3ca2,2025-03-03 03:10:00+00:00,2025-03-03 03:10:00+00:00,{},False
O-20250303-031500-001-V2-799,BACKTESTER-001,MLSignalStrategyV2-V2,EUR/USD.IDEALPRO,IDEALPRO-1-799,IDEALPRO-001,IDEALPRO-1-120622,EUR/USD.IDEALPRO-MLSignalStrategyV2-V2,BUY,MARKET,100000.00,1.04121,USD,2.08 USD,TAKER,e9b4ccb1-eadc-40e4-86d9-8c5107c88580,2025-03-03 03:15:00+00:00,2025-03-03 03:15:00+00:00,{},False
O-20250303-031500-001-V2-801,BACKTESTER-001,MLSignalStrategyV2-V2,EUR/USD.IDEALPRO,IDEALPRO-1-801,IDEALPRO-001,IDEALPRO-1-120729,EUR/USD.IDEALPRO-MLSignalStrategyV2-V2,SELL,LIMIT,100000.00,1.04191,USD,2.08 USD,MAKER,110c2646-e532-48de-a76e-5f57189bddf1,2025-03-03 04:08:00+00:00,2025-03-03 04:08:00+00:00,{},False
O-20250303-121500-001-V2-802,BACKTESTER-001,MLSignalStrategyV2-V2,EUR/USD.IDEALPRO,IDEALPRO-1-802,IDEALPRO-001,IDEALPRO-1-121704,EUR/USD.IDEALPRO-MLSignalStrategyV2-V2,SELL,MARKET,100000.00,1.04641,USD,2.09 USD,TAKER,30283468-4626-4774-bc04-e49a7878a92a,2025-03-03 12:15:00+00:00,2025-03-03 12:15:00+00:00,{},False
O-20250303-121500-001-V2-803,BACKTESTER-001,MLSignalStrategyV2-V2,EUR/USD.IDEALPRO,IDEALPRO-1-803,IDEALPRO-001,IDEALPRO-1-121771,EUR/USD.IDEALPRO-MLSignalStrategyV2-V2,BUY,STOP_MARKET,100000.00,1.04761,USD,2.10 USD,TAKER,ba4199c7-bc55-4789-a899-49daa9fbd709,2025-03-03 12:48:00+00:00,2025-03-03 12:48:00+00:00,{},False
O-20250303-130000-001-V2-805,BACKTESTER-001,MLSignalStrategyV2-V2,EUR/USD.IDEALPRO,IDEALPRO-1-805,IDEALPRO-001,IDEALPRO-1-121796,EUR/USD.IDEALPRO-MLSignalStrategyV2-V2,BUY,MARKET,100000.00,1.04704,USD,2.09 USD,TAKER,6280fb4d-c15d-4d3c-a985-38118fc6bf7e,2025-03-03 13:00:00+00:00,2025-03-03 13:00:00+00:00,{},False
O-20250303-130000-001-V2-807,BACKTESTER-001,MLSignalStrategyV2-V2,EUR/USD.IDEALPRO,IDEALPRO-1-807,IDEALPRO-001,IDEALPRO-1-121961,EUR/USD.IDEALPRO-MLSignalStrategyV2-V2,SELL,LIMIT,100000.00,1.04815,USD,2.10 USD,MAKER,393d9e0a-418d-4f0b-82b3-149aa965ecf3,2025-03-03 14:22:00+00:00,2025-03-03 14:22:00+00:00,{},False
O-20250303-180000-001-V2-808,BACKTESTER-001,MLSignalStrategyV2-V2,EUR/USD.IDEALPRO,IDEALPRO-1-808,IDEALPRO-001,IDEALPRO-1-122398,EUR/USD.IDEALPRO-MLSignalStrategyV2-V2,SELL,MARKET,100000.00,1.04905,USD,2.10 USD,TAKER,9b989f05-1d4f-4f42-bff4-598d054d7590,2025-03-03 18:00:00+00:00,2025-03-03 18:00:00+00:00,{},False
O-20250303-180000-001-V2-809,BACKTESTER-001,MLSignalStrategyV2-V2,EUR/USD.IDEALPRO,IDEALPRO-1-809,IDEALPRO-001,IDEALPRO-1-122497,EUR/USD.IDEALPRO-MLSignalStrategyV2-V2,BUY,STOP_MARKET,100000.00,1.05046,USD,2.10 USD,TAKER,ece0fcb3-070e-4977-b6b1-d231fbcf801a,2025-03-03 18:49:00+00:00,2025-03-03 18:49:00+00:00,{},False
O-20250303-211500-001-V2-811,BACKTESTER-001,MLSignalStrategyV2-V2,EUR/USD.IDEALPRO,IDEALPRO-1-811,IDEALPRO-001,IDEALPRO-1-122790,EUR/USD.IDEALPRO-MLSignalStrategyV2-V2,SELL,MARKET,100000.00,1.04868,USD,2.10 USD,TAKER,0eff3ecd-825e-4b5c-936f-cb87c4c0c9e5,2025-03-03 21:15:00+00:00,2025-03-03 21:15:00+00:00,{},False
O-20250303-211500-001-V2-813,BACKTESTER-001,MLSignalStrategyV2-V2,EUR/USD.IDEALPRO,IDEALPRO-1-813,IDEALPRO-001,IDEALPRO-1-123535,EUR/USD.IDEALPRO-MLSignalStrategyV2-V2,BUY,LIMIT,100000.00,1.04750,USD,2.10 USD,MAKER,8a923fc3-b25a-4c59-9854-52daf6683d26,2025-03-04 03:42:00+00:00,2025-03-04 03:42:00+00:00,{},False
O-20250304-103000-001-V2-814,BACKTESTER-001,MLSignalStrategyV2-V2,EUR/USD.IDEALPRO,IDEALPRO-1-814,IDEALPRO-001,IDEALPRO-1-124352,EUR/USD.IDEALPRO-MLSignalStrategyV2-V2,SELL,MARKET,100000.00,1.05051,USD,2.10 USD,TAKER,11841a76-6bf8-442f-9fd0-19ad87ba7d8c,2025-03-04 10:30:00+00:00,2025-03-04 10:30:00+00:00,{},False
O-20250304-103000-001-V2-815,BACKTESTER-001,MLSignalStrategyV2-V2,EUR/USD.IDEALPRO,IDEALPRO-1-815,IDEALPRO-001,IDEALPRO-1-124387,EUR/USD.IDEALPRO-MLSignalStrategyV2-V2,BUY,STOP_MARKET,100000.00,1.05181,USD,2.10 USD,TAKER,8a4ea538-4258-49c6-be2a-18263974397c,2025-03-04 10:47:00+00:00,2025-03-04 10:47:00+00:00,{},False
O-20250304-124500-001-V2-817,BACKTESTER-001,MLSignalStrategyV2-V2,EUR/USD.IDEALPRO,IDEALPRO-1-817,IDEALPRO-001,IDEALPRO-1-124624,EUR/USD.IDEALPRO-MLSignalStrategyV2-V2,SELL,MARKET,100000.00,1.05495,USD,2.11 USD,TAKER,62152e4a-571d-4911-9854-3cfe4a02d958,2025-03-04 12:45:00+00:00,2025-03-04 12:45:00+00:00,{},False
O-20250304-124500-001-V2-819,BACKTESTER-001,MLSignalStrategyV2-V2,EUR/USD.IDEALPRO,IDEALPRO-1-819,IDEALPRO-001,IDEALPRO-1-124713,EUR/USD.IDEALPRO-MLSignalStrategyV2-V2,BUY,LIMIT,100000.00,1.05377,USD,2.11 USD,MAKER,a9f6bc6f-6a3f-4677-a4db-8c5abc7489f2,2025-03-04 13:29:00+00:00,2025-03-04 13:29:00+00:00,{},False
O-20250304-154500-001-V2-820,BACKTESTER-001,MLSignalStrategyV2-V2,EUR/USD.IDEALPRO,IDEALPRO-1-820,IDEALPRO-001,IDEALPRO-1-124987,EUR/USD.IDEALPRO-MLSignalStrategyV2-V2,SELL,MARKET,100000.00,1.05217,USD,2.10 USD,TAKER,a56da41e-e376-4cb4-88a7-302eddc74896,2025-03-04 15:45:00+00:00,2025-03-04 15:45:00+00:00,{},False
O-20250304-154500-001-V2-821,BACKTESTER-001,MLSignalStrategyV2-V2,EUR/USD.IDEALPRO,IDEALPRO-1-821,IDEALPRO-001,IDEALPRO-1-125063,EUR/USD.IDEALPRO-MLSignalStrategyV2-V2,BUY,STOP_MARKET,100000.00,1.05398,USD,2.11 USD,TAKER,1e7dc007-4592-4754-b027-7d2b22e2e8c9,2025-03-04 16:23:00+00:00,2025-03-04 16:23:00+00:00,{},False
O-20250304-181500-001-V2-823,BACKTESTER-001,MLSignalStrategyV2-V2,EUR/USD.IDEALPRO,IDEALPRO-1-823,IDEALPRO-001,IDEALPRO-1-125288,EUR/USD.IDEALPRO-MLSignalStrategyV2-V2,SELL,MARKET,100000.00,1.05691,USD,2.11 USD,TAKER,fc07ee13-7b60-4a4e-97c2-772d68ad21e1,2025-03-04 18:15:00+00:00,2025-03-04 18:15:00+00:00,{},False
O-20250304-181500-001-V2-824,BACKTESTER-001,MLSignalStrategyV2-V2,EUR/USD.IDEALPRO,IDEALPRO-1-824,IDEALPRO-001,IDEALPRO-1-125365,EUR/USD.IDEALPRO-MLSignalStrategyV2-V2,BUY,STOP_MARKET,100000.00,1.05849,USD,2.12 USD,TAKER,f94777d2-9ddc-495f-bcc4-a927ebd13b33,2025-03-04 18:53:00+00:00,2025-03-04 18:53:00+00:00,{},False
O-20250305-000000-001-V2-826,BACKTESTER-001,MLSignalStrategyV2-V2,EUR/USD.IDEALPRO,IDEALPRO-1-826,IDEALPRO-001,IDEALPRO-1-125950,EUR/USD.IDEALPRO-MLSignalStrategyV2-V2,BUY,MARKET,100000.00,1.06234,USD,2.12 USD,TAKER,e650c50f-ce8b-4337-91e1-33bd31ef62f4,2025-03-05 00:00:00+00:00,2025-03-05 00:00:00+00:00,{},False
O-20250305-000000-001-V2-827,BACKTESTER-001,MLSignalStrategyV2-V2,EUR/USD.IDEALPRO,IDEALPRO-1-827,IDEALPRO-001,IDEALPRO-1-125989,EUR/USD.IDEALPRO-MLSignalStrategyV2-V2,SELL,STOP_MARKET,100000.00,1.06115,USD,2.12 USD,TAKER,bb82359d-6fa5-4a1a-945e-401b48119247,2025-03-05 00:19:00+00:00,2025-03-05 00:19:00+00:00,{},False
O-20250305-003000-001-V2-829,BACKTESTER-001,MLSignalStrategyV2-V2,EUR/USD.IDEALPRO,IDEALPRO-1-829,IDEALPRO-001,IDEALPRO-1-126012,EUR/USD.IDEALPRO-MLSignalStrategyV2-V2,SELL,MARKET,100000.00,1.06164,USD,2.12 USD,TAKER,b146d7dd-0df4-4b89-9fc2-b877663115b7,2025-03-05 00:30:00+00:00,2025-03-05 00:30:00+00:00,{},False
O-20250305-003000-001-V2-830,BACKTESTER-001,MLSignalStrategyV2-V2,EUR/USD.IDEALPRO,IDEALPRO-1-830,IDEALPRO-001,IDEALPRO-1-126063,EUR/USD.IDEALPRO-MLSignalStrategyV2-V2,BUY,STOP_MARKET,100000.00,1.06275,USD,2.13 USD,TAKER,9fabdb89-9ed0-4195-99c1-69e4d80b7592,2025-03-05 00:55:00+00:00,2025-03-05 00:55:00+00:00,{},False
O-20250305-044500-001-V2-832,BACKTESTER-001,MLSignalStrategyV2-V2,EUR/USD.IDEALPRO,IDEALPRO-1-832,IDEALPRO-001,IDEALPRO-1-126524,EUR/USD.IDEALPRO-MLSignalStrategyV2-V2,BUY,MARKET,100000.00,1.06214,USD,2.12 USD,TAKER,14b72f40-599f-4def-8932-0bfb5bad7b7a,2025-03-05 04:45:00+00:00,2025-03-05 04:45:00+00:00,{},False
O-20250305-044500-001-V2-834,BACKTESTER-001,MLSignalStrategyV2-V2,EUR/USD.IDEALPRO,IDEALPRO-1-834,IDEALPRO-001,IDEALPRO-1-126665,EUR/USD.IDEALPRO-MLSignalStrategyV2-V2,SELL,LIMIT,100000.00,1.06303,USD,2.13 USD,MAKER,7ca74b75-424c-4712-825f-e01458d0efe7,2025-03-05 05:55:00+00:00,2025-03-05 05:55:00+00:00,{},False
O-20250305-064500-001-V2-835,BACKTESTER-001,MLSignalStrategyV2-V2,EUR/USD.IDEALPRO,IDEALPRO-1-835,IDEALPRO-001,IDEALPRO-1-126766,EUR/USD.IDEALPRO-MLSignalStrategyV2-V2,BUY,MARKET,100000.00,1.06295,USD,2.13 USD,TAKER,02ff0797-c762-485e-83be-7e890dfb7cbb,2025-03-05 06:45:00+00:00,2025-03-05 06:45:00+00:00,{},False
O-20250305-064500-001-V2-837,BACKTESTER-001,MLSignalStrategyV2-V2,EUR/USD.IDEALPRO,IDEALPRO-1-837,IDEALPRO-001,IDEALPRO-1-126801,EUR/USD.IDEALPRO-MLSignalStrategyV2-V2,SELL,LIMIT,100000.00,1.06427,USD,2.13 USD,MAKER,7c08f51d-a861-4524-ab3f-e98641325de0,2025-03-05 07:02:00+00:00,2025-03-05 07:02:00+00:00,{},False
O-20250305-090000-001-V2-838,BACKTESTER-001,MLSignalStrategyV2-V2,EUR/USD.IDEALPRO,IDEALPRO-1-838,IDEALPRO-001,IDEALPRO-1-127039,EUR/USD.IDEALPRO-MLSignalStrategyV2-V2,BUY,MARKET,100000.00,1.06980,USD,2.14 USD,TAKER,e014e875-4188-43f1-98ab-82875d508dbb,2025-03-05 09:00:00+00:00,2025-03-05 09:00:00+00:00,{},False
O-20250305-090000-001-V2-840,BACKTESTER-001,MLSignalStrategyV2-V2,EUR/USD.IDEALPRO,IDEALPRO-1-840,IDEALPRO-001,IDEALPRO-1-127047,EUR/USD.IDEALPRO-MLSignalStrategyV2-V2,SELL,LIMIT,100000.00,1.07134,USD,2.14 USD,MAKER,9d63d6b3-dba1-4e99-a32b-459a9830b1cf,2025-03-05 09:04:00+00:00,2025-03-05 09:04:00+00:00,{},False
O-20250305-113000-001-V2-841,BACKTESTER-001,MLSignalStrategyV2-V2,EUR/USD.IDEALPRO,IDEALPRO-1-841,IDEALPRO-001,IDEALPRO-1-127340,EUR/USD.IDEALPRO-MLSignalStrategyV2-V2,BUY,MARKET,100000.00,1.06804,USD,2.14 USD,TAKER,8c5175c2-be3d-4c94-9df6-39937a6af482,2025-03-05 11:30:00+00:00,2025-03-05 11:30:00+00:00,{},False
O-20250305-113000-001-V2-843,BACKTESTER-001,MLSignalStrategyV2-V2,EUR/USD.IDEALPRO,IDEALPRO-1-843,IDEALPRO-001,IDEALPRO-1-127419,EUR/USD.IDEALPRO-MLSignalStrategyV2-V2,SELL,LIMIT,100000.00,1.06944,USD,2.14 USD,MAKER,eabf2f3f-014e-4b9f-984e-3489df87d6ea,2025-03-05 12:09:00+00:00,2025-03-05 12:09:00+00:00,{},False
O-20250305-210000-001-V2-844,BACKTESTER-001,MLSignalStrategyV2-V2,EUR/USD.IDEALPRO,IDEALPRO-1-844,IDEALPRO-001,IDEALPRO-1-128482,EUR/USD.IDEALPRO-MLSignalStrategyV2-V2,SELL,MARKET,100000.00,1.07922,USD,2.16 USD,TAKER,cad02d3e-577f-41f3-85dc-ab8c38f8e9ac,2025-03-05 21:00:00+00:00,2025-03-05 21:00:00+00:00,{},False
O-20250305-210000-001-V2-845,BACKTESTER-001,MLSignalStrategyV2-V2,EUR/USD.IDEALPRO,IDEALPRO-1-845,IDEALPRO-001,IDEALPRO-1-128923,EUR/USD.IDEALPRO-MLSignalStrategyV2-V2,BUY,STOP_MARKET,100000.00,1.08030,USD,2.16 USD,TAKER,7733e4dc-2873-4d19-9d74-bf3c583c8fbd,2025-03-06 00:55:00+00:00,2025-03-06 00:55:00+00:00,{},False
O-20250306-040000-001-V2-847,BACKTESTER-001,MLSignalStrategyV2-V2,EUR/USD.IDEALPRO,IDEALPRO-1-847,IDEALPRO-001,IDEALPRO-1-129295,EUR/USD.IDEALPRO-MLSignalStrategyV2-V2,SELL,MARKET,100000.00,1.07896,USD,2.16 USD,TAKER,5492c8ba-da23-4be1-8166-b8215c3a1606,2025-03-06 04:00:00+00:00,2025-03-06 04:00:00+00:00,{},False
O-20250306-040000-001-V2-848,BACKTESTER-001,MLSignalStrategyV2-V2,EUR/USD.IDEALPRO,IDEALPRO-1-848,IDEALPRO-001,IDEALPRO-1-129379,EUR/USD.IDEALPRO-MLSignalStrategyV2-V2,BUY,STOP_MARKET,100000.00,1.07987,USD,2.16 USD,TAKER,3f4f3332-ffab-475f-9d76-5857cebf57ad,2025-03-06 04:42:00+00:00,2025-03-06 04:42:00+00:00,{},False
O-20250306-044500-001-V2-850,BACKTESTER-001,MLSignalStrategyV2-V2,EUR/USD.IDEALPRO,IDEALPRO-1-850,IDEALPRO-001,IDEALPRO-1-129386,EUR/USD.IDEALPRO-MLSignalStrategyV2-V2,BUY,MARKET,100000.00,1.07986,USD,2.16 USD,TAKER,eb81bb68-4d80-4539-930c-b87ef60e2d46,2025-03-06 04:45:00+00:00,2025-03-06 04:45:00+00:00,{},False
O-20250306-044500-001-V2-852,BACKTESTER-001,MLSignalStrategyV2-V2,EUR/USD.IDEALPRO,IDEALPRO-1-852,IDEALPRO-001,IDEALPRO-1-129425,EUR/USD.IDEALPRO-MLSignalStrategyV2-V2,SELL,LIMIT,100000.00,1.08071,USD,2.16 USD,MAKER,3aa474d1-4bdb-4255-8aef-bb30fb603c76,2025-03-06 05:04:00+00:00,2025-03-06 05:04:00+00:00,{},False
O-20250306-053000-001-V2-853,BACKTESTER-001,MLSignalStrategyV2-V2,EUR/USD.IDEALPRO,IDEALPRO-1-853,IDEALPRO-001,IDEALPRO-1-129479,EUR/USD.IDEALPRO-MLSignalStrategyV2-V2,BUY,MARKET,100000.00,1.08033,USD,2.16 USD,TAKER,3d279498-ac04-47c7-b25d-8082b531152f,2025-03-06 05:30:00+00:00,2025-03-06 05:30:00+00:00,{},False
O-20250306-053000-001-V2-855,BACKTESTER-001,MLSignalStrategyV2-V2,EUR/USD.IDEALPRO,IDEALPRO-1-855,IDEALPRO-001,IDEALPRO-1-129533,EUR/USD.IDEALPRO-MLSignalStrategyV2-V2,SELL,LIMIT,100000.00,1.08105,USD,2.16 USD,MAKER,db587c1c-8a56-42e7-9042-02bce7f25e4f,2025-03-06 05:57:00+00:00,2025-03-06 05:57:00+00:00,{},False
O-20250306-070000-001-V2-856,BACKTESTER-001,MLSignalStrategyV2-V2,EUR/USD.IDEALPRO,IDEALPRO-1-856,IDEALPRO-001,IDEALPRO-1-129661,EUR/USD.IDEALPRO-MLSignalStrategyV2-V2,BUY,MARKET,100000.00,1.08029,USD,2.16 USD,TAKER,ff5fe6c5-5f7d-4b77-a7bf-6c385bd332c3,2025-03-06 07:00:00+00:00,2025-03-06 07:00:00+00:00,{},False
O-20250306-070000-001-V2-858,BACKTESTER-001,MLSignalStrategyV2-V2,EUR/USD.IDEALPRO,IDEALPRO-1-858,IDEALPRO-001,IDEALPRO-1-129677,EUR/USD.IDEALPRO-MLSignalStrategyV2-V2,SELL,LIMIT,100000.00,1.08126,USD,2.16 USD,MAKER,78ddbcf9-30d2-437e-96cf-fac56cb83bfc,2025-03-06 07:08:00+00:00,2025-03-06 07:08:00+00:00,{},False
O-20250306-073000-001-V2-859,BACKTESTER-001,MLSignalStrategyV2-V2,EUR/USD.IDEALPRO,IDEALPRO-1-859,IDEALPRO-001,IDEALPRO-1-129722,EUR/USD.IDEALPRO-MLSignalStrategyV2-V2,BUY,MARKET,100000.00,1.08014,USD,2.16 USD,TAKER,0d1e3005-4261-4809-b0a1-5df997509710,2025-03-06 07:30:00+00:00,2025-03-06 07:30:00+00:00,{},False
O-20250306-073000-001-V2-861,BACKTESTER-001,MLSignalStrategyV2-V2,EUR/USD.IDEALPRO,IDEALPRO-1-861,IDEALPRO-001,IDEALPRO-1-129747,EUR/USD.IDEALPRO-MLSignalStrategyV2-V2,SELL,LIMIT,100000.00,1.08172,USD,2.16 USD,MAKER,412eba77-bf2d-448d-80b6-be811adb9836,2025-03-06 07:42:00+00:00,2025-03-06 07:42:00+00:00,{},False
O-20250306-190000-001-V2-862,BACKTESTER-001,MLSignalStrategyV2-V2,EUR/USD.IDEALPRO,IDEALPRO-1-862,IDEALPRO-001,IDEALPRO-1-131104,EUR/USD.IDEALPRO-MLSignalStrategyV2-V2,BUY,MARKET,100000.00,1.07840,USD,2.16 USD,TAKER,d63b7fd9-8874-4d19-8fba-fc7f8da91c0a,2025-03-06 19:00:00+00:00,2025-03-06 19:00:00+00:00,{},False
O-20250306-190000-001-V2-864,BACKTESTER-001,MLSignalStrategyV2-V2,EUR/USD.IDEALPRO,IDEALPRO-1-864,IDEALPRO-001,IDEALPRO-1-131187,EUR/USD.IDEALPRO-MLSignalStrategyV2-V2,SELL,LIMIT,100000.00,1.07994,USD,2.16 USD,MAKER,1473e516-5336-4600-9622-7888382b9ca6,2025-03-06 19:41:00+00:00,2025-03-06 19:41:00+00:00,{},False
O-20250306-194500-001-V2-865,BACKTESTER-001,MLSignalStrategyV2-V2,EUR/USD.IDEALPRO,IDEALPRO-1-865,IDEALPRO-001,IDEALPRO-1-131197,EUR/USD.IDEALPRO-MLSignalStrategyV2-V2,BUY,MARKET,100000.00,1.08023,USD,2.16 USD,TAKER,700f022f-5b7d-431d-977c-d9bc10c953af,2025-03-06 19:45:00+00:00,2025-03-06 19:45:00+00:00,{},False
O-20250306-194500-001-V2-866,BACKTESTER-001,MLSignalStrategyV2-V2,EUR/USD.IDEALPRO,IDEALPRO-1-866,IDEALPRO-001,IDEALPRO-1-131311,EUR/USD.IDEALPRO-MLSignalStrategyV2-V2,SELL,STOP_MARKET,100000.00,1.07858,USD,2.16 USD,TAKER,c5b5c22c-b9f9-4b3f-8e8c-50479b8132ec,2025-03-06 20:42:00+00:00,2025-03-06 20:42:00+00:00,{},False
O-20250307-033000-001-V2-868,BACKTESTER-001,MLSignalStrategyV2-V2,EUR/USD.IDEALPRO,IDEALPRO-1-868,IDEALPRO-001,IDEALPRO-1-132098,EUR/USD.IDEALPRO-MLSignalStrategyV2-V2,BUY,MARKET,100000.00,1.08065,USD,2.16 USD,TAKER,d37d5b88-91cf-415c-b983-346524c57432,2025-03-07 03:30:00+00:00,2025-03-07 03:30:00+00:00,{},False
O-20250307-033000-001-V2-870,BACKTESTER-001,MLSignalStrategyV2-V2,EUR/USD.IDEALPRO,IDEALPRO-1-870,IDEALPRO-001,IDEALPRO-1-132117,EUR/USD.IDEALPRO-MLSignalStrategyV2-V2,SELL,LIMIT,100000.00,1.08139,USD,2.16 USD,MAKER,b08dc118-38fe-423f-b91e-0f85766494ae,2025-03-07 03:39:00+00:00,2025-03-07 03:39:00+00:00,{},False
O-20250307-034500-001-V2-871,BACKTESTER-001,MLSignalStrategyV2-V2,EUR/USD.IDEALPRO,IDEALPRO-1-871,IDEALPRO-001,IDEALPRO-1-132130,EUR/USD.IDEALPRO-MLSignalStrategyV2-V2,BUY,MARKET,100000.00,1.08092,USD,2.16 USD,TAKER,4e6d6b0e-376c-4f9c-a323-ab79e5980523,2025-03-07 03:45:00+00:00,2025-03-07 03:45:00+00:00,{},False
O-20250307-034500-001-V2-873,BACKTESTER-001,MLSignalStrategyV2-V2,EUR/USD.IDEALPRO,IDEALPRO-1-873,IDEALPRO-001,IDEALPRO-1-132373,EUR/USD.IDEALPRO-MLSignalStrategyV2-V2,SELL,LIMIT,100000.00,1.08177,USD,2.16 USD,MAKER,7008f38e-68bd-4009-82ff-3bac5e4a95c5,2025-03-07 05:46:00+00:00,2025-03-07 05:46:00+00:00,{},False
O-20250307-100000-001-V2-874,BACKTESTER-001,MLSignalStrategyV2-V2,EUR/USD.IDEALPRO,IDEALPRO-1-874,IDEALPRO-001,IDEALPRO-1-132882,EUR/USD.IDEALPRO-MLSignalStrategyV2-V2,SELL,MARKET,100000.00,1.08615,USD,2.17 USD,TAKER,6ad1770a-ed92-4d9b-9be9-4d2ab68bbec8,2025-03-07 10:00:00+00:00,2025-03-07 10:00:00+00:00,{},False
O-20250307-100000-001-V2-876,BACKTESTER-001,MLSignalStrategyV2-V2,EUR/USD.IDEALPRO,IDEALPRO-1-876,IDEALPRO-001,IDEALPRO-1-133017,EUR/USD.IDEALPRO-MLSignalStrategyV2-V2,BUY,LIMIT,100000.00,1.08508,USD,2.17 USD,MAKER,af2f0911-ad49-49e2-aebd-85b506e9d4cf,2025-03-07 11:07:00+00:00,2025-03-07 11:07:00+00:00,{},False
O-20250307-140000-001-V2-877,BACKTESTER-001,MLSignalStrategyV2-V2,EUR/USD.IDEALPRO,IDEALPRO-1-877,IDEALPRO-001,IDEALPRO-1-133364,EUR/USD.IDEALPRO-MLSignalStrategyV2-V2,SELL,MARKET,100000.00,1.08448,USD,2.17 USD,TAKER,c972c74e-d0c6-4720-b6b5-b65cbbde4133,2025-03-07 14:00:00+00:00,2025-03-07 14:00:00+00:00,{},False
O-20250307-140000-001-V2-878,BACKTESTER-001,MLSignalStrategyV2-V2,EUR/USD.IDEALPRO,IDEALPRO-1-878,IDEALPRO-001,IDEALPRO-1-133381,EUR/USD.IDEALPRO-MLSignalStrategyV2-V2,BUY,STOP_MARKET,100000.00,1.08642,USD,2.17 USD,TAKER,b7e65f26-cedf-431c-97e5-8ca939cb4e34,2025-03-07 14:08:00+00:00,2025-03-07 14:08:00+00:00,{},False
O-20250307-144500-001-V2-880,BACKTESTER-001,MLSignalStrategyV2-V2,EUR/USD.IDEALPRO,IDEALPRO-1-880,IDEALPRO-001,IDEALPRO-1-133456,EUR/USD.IDEALPRO-MLSignalStrategyV2-V2,SELL,MARKET,100000.00,1.08691,USD,2.17 USD,TAKER,f8bdeda0-7a15-41bc-afde-bf9b27952dd9,2025-03-07 14:45:00+00:00,2025-03-07 14:45:00+00:00,{},False
O-20250307-144500-001-V2-882,BACKTESTER-001,MLSignalStrategyV2-V2,EUR/USD.IDEALPRO,IDEALPRO-1-882,IDEALPRO-001,IDEALPRO-1-133485,EUR/USD.IDEALPRO-MLSignalStrategyV2-V2,BUY,LIMIT,100000.00,1.08502,USD,2.17 USD,MAKER,ed04dd71-e3dd-40bb-929f-7d57bb6ff352,2025-03-07 14:59:00+00:00,2025-03-07 14:59:00+00:00,{},False
O-20250307-160000-001-V2-883,BACKTESTER-001,MLSignalStrategyV2-V2,EUR/USD.IDEALPRO,IDEALPRO-1-883,IDEALPRO-001,IDEALPRO-1-133608,EUR/USD.IDEALPRO-MLSignalStrategyV2-V2,SELL,MARKET,100000.00,1.08702,USD,2.17 USD,TAKER,a17ec573-a31a-4b91-87c1-92bb89648745,2025-03-07 16:00:00+00:00,2025-03-07 16:00:00+00:00,{},False
O-20250307-160000-001-V2-885,BACKTESTER-001,MLSignalStrategyV2-V2,EUR/USD.IDEALPRO,IDEALPRO-1-885,IDEALPRO-001,IDEALPRO-1-133665,EUR/USD.IDEALPRO-MLSignalStrategyV2-V2,BUY,LIMIT,100000.00,1.08510,USD,2.17 USD,MAKER,e6134ea6-d6df-4818-99e1-6448ead9744c,2025-03-07 16:28:00+00:00,2025-03-07 16:28:00+00:00,{},False
O-20250309-213000-001-V2-886,BACKTESTER-001,MLSignalStrategyV2-V2,EUR/USD.IDEALPRO,IDEALPRO-1-886,IDEALPRO-001,IDEALPRO-1-134360,EUR/USD.IDEALPRO-MLSignalStrategyV2-V2,BUY,MARKET,100000.00,1.08317,USD,2.17 USD,TAKER,4c2ab155-096e-4b4c-9fc4-f0d05cd18845,2025-03-09 21:30:00+00:00,2025-03-09 21:30:00+00:00,{},False
O-20250309-213000-001-V2-888,BACKTESTER-001,MLSignalStrategyV2-V2,EUR/USD.IDEALPRO,IDEALPRO-1-888,IDEALPRO-001,IDEALPRO-1-134399,EUR/USD.IDEALPRO-MLSignalStrategyV2-V2,SELL,LIMIT,100000.00,1.08399,USD,2.17 USD,MAKER,f5e5fd59-b3f5-4093-8d4d-54c31537c735,2025-03-09 21:49:00+00:00,2025-03-09 21:49:00+00:00,{},False
O-20250309-220000-001-V2-889,BACKTESTER-001,MLSignalStrategyV2-V2,EUR/USD.IDEALPRO,IDEALPRO-1-889,IDEALPRO-001,IDEALPRO-1-134422,EUR/USD.IDEALPRO-MLSignalStrategyV2-V2,BUY,MARKET,100000.00,1.08400,USD,2.17 USD,TAKER,4a7bbf01-4ee4-46f5-aa33-2d16527c5e4b,2025-03-09 22:00:00+00:00,2025-03-09 22:00:00+00:00,{},False
O-20250309-220000-001-V2-891,BACKTESTER-001,MLSignalStrategyV2-V2,EUR/USD.IDEALPRO,IDEALPRO-1-891,IDEALPRO-001,IDEALPRO-1-134435,EUR/USD.IDEALPRO-MLSignalStrategyV2-V2,SELL,LIMIT,100000.00,1.08492,USD,2.17 USD,MAKER,bed9b8d1-fc0e-43fe-958f-b9377df923cf,2025-03-09 22:06:00+00:00,2025-03-09 22:06:00+00:00,{},False
O-20250309-221500-001-V2-892,BACKTESTER-001,MLSignalStrategyV2-V2,EUR/USD.IDEALPRO,IDEALPRO-1-892,IDEALPRO-001,IDEALPRO-1-134454,EUR/USD.IDEALPRO-MLSignalStrategyV2-V2,BUY,MARKET,100000.00,1.08564,USD,2.17 USD,TAKER,2c95241c-e05e-4c12-ae48-1f70dcbd5f03,2025-03-09 22:15:00+00:00,2025-03-09 22:15:00+00:00,{},False
O-20250309-221500-001-V2-893,BACKTESTER-001,MLSignalStrategyV2-V2,EUR/USD.IDEALPRO,IDEALPRO-1-893,IDEALPRO-001,IDEALPRO-1-134467,EUR/USD.IDEALPRO-MLSignalStrategyV2-V2,SELL,STOP_MARKET,100000.00,1.08445,USD,2.17 USD,TAKER,e1ca0b69-95c3-43b2-a179-86aba8b04cfa,2025-03-09 22:21:00+00:00,2025-03-09 22:21:00+00:00,{},False
O-20250309-223000-001-V2-895,BACKTESTER-001,MLSignalStrategyV2-V2,EUR/USD.IDEALPRO,IDEALPRO-1-895,IDEALPRO-001,IDEALPRO-1-134486,EUR/USD.IDEALPRO-MLSignalStrategyV2-V2,BUY,MARKET,100000.00,1.08492,USD,2.17 USD,TAKER,62cb0747-69d5-46e1-9d30-4bd8160abe1e,2025-03-09 22:30:00+00:00,2025-03-09 22:30:00+00:00,{},False
O-20250309-223000-001-V2-897,BACKTESTER-001,MLSignalStrategyV2-V2,EUR/USD.IDEALPRO,IDEALPRO-1-897,IDEALPRO-001,IDEALPRO-1-134575,EUR/USD.IDEALPRO-MLSignalStrategyV2-V2,SELL,LIMIT,100000.00,1.08591,USD,2.17 USD,MAKER,eb1590fc-5c8f-4fa3-986f-64b53ba538c0,2025-03-09 23:14:00+00:00,2025-03-09 23:14:00+00:00,{},False
O-20250309-231500-001-V2-898,BACKTESTER-001,MLSignalStrategyV2-V2,EUR/USD.IDEALPRO,IDEALPRO-1-898,IDEALPRO-001,IDEALPRO-1-134578,EUR/USD.IDEALPRO-MLSignalStrategyV2-V2,BUY,MARKET,100000.00,1.08613,USD,2.17 USD,TAKER,ca942e89-2046-42db-bd7b-f1fd208cdb04,2025-03-09 23:15:00+00:00,2025-03-09 23:15:00+00:00,{},False
O-20250309-231500-001-V2-900,BACKTESTER-001,MLSignalStrategyV2-V2,EUR/USD.IDEALPRO,IDEALPRO-1-900,IDEALPRO-001,IDEALPRO-1-134795,EUR/USD.IDEALPRO-MLSignalStrategyV2-V2,SELL,LIMIT,100000.00,1.08706,USD,2.17 USD,MAKER,f6ad2f63-11df-460a-a808-892ae24e4749,2025-03-10 01:03:00+00:00,2025-03-10 01:03:00+00:00,{},False
O-20250310-051500-001-V2-901,BACKTESTER-001,MLSignalStrategyV2-V2,EUR/USD.IDEALPRO,IDEALPRO-1-901,IDEALPRO-001,IDEALPRO-1-135300,EUR/USD.IDEALPRO-MLSignalStrategyV2-V2,SELL,MARKET,100000.00,1.08311,USD,2.17 USD,TAKER,899eaf35-6098-4972-a2e7-bc04d85828b6,2025-03-10 05:15:00+00:00,2025-03-10 05:15:00+00:00,{},False
O-20250310-051500-001-V2-902,BACKTESTER-001,MLSignalStrategyV2-V2,EUR/USD.IDEALPRO,IDEALPRO-1-902,IDEALPRO-001,IDEALPRO-1-135405,EUR/USD.IDEALPRO-MLSignalStrategyV2-V2,BUY,STOP_MARKET,100000.00,1.08379,USD,2.17 USD,TAKER,3c3dfe13-fa41-458d-a2ab-bbc0b9981633,2025-03-10 06:07:00+00:00,2025-03-10 06:07:00+00:00,{},False
O-20250310-063000-001-V2-904,BACKTESTER-001,MLSignalStrategyV2-V2,EUR/USD.IDEALPRO,IDEALPRO-1-904,IDEALPRO-001,IDEALPRO-1-135452,EUR/USD.IDEALPRO-MLSignalStrategyV2-V2,SELL,MARKET,100000.00,1.08424,USD,2.17 USD,TAKER,375cc21a-d495-48b1-98a9-c3d401e3c94f,2025-03-10 06:30:00+00:00,2025-03-10 06:30:00+00:00,{},False
O-20250310-063000-001-V2-906,BACKTESTER-001,MLSignalStrategyV2-V2,EUR/USD.IDEALPRO,IDEALPRO-1-906,IDEALPRO-001,IDEALPRO-1-135491,EUR/USD.IDEALPRO-MLSignalStrategyV2-V2,BUY,LIMIT,100000.00,1.08372,USD,2.17 USD,MAKER,3327eec8-91bf-4c32-80d1-fb231b67803d,2025-03-10 06:49:00+00:00,2025-03-10 06:49:00+00:00,{},False
O-20250310-070000-001-V2-907,BACKTESTER-001,MLSignalStrategyV2-V2,EUR/USD.IDEALPRO,IDEALPRO-1-907,IDEALPRO-001,IDEALPRO-1-135514,EUR/USD.IDEALPRO-MLSignalStrategyV2-V2,SELL,MARKET,100000.00,1.08373,USD,2.17 USD,TAKER,fcd09d1a-1574-4118-bfd1-bfb0027241c8,2025-03-10 07:00:00+00:00,2025-03-10 07:00:00+00:00,{},False
O-20250310-070000-001-V2-908,BACKTESTER-001,MLSignalStrategyV2-V2,EUR/USD.IDEALPRO,IDEALPRO-1-908,IDEALPRO-001,IDEALPRO-1-135527,EUR/USD.IDEALPRO-MLSignalStrategyV2-V2,BUY,STOP_MARKET,100000.00,1.08442,USD,2.17 USD,TAKER,e63619ad-d442-4568-81e8-f93d629b6a40,2025-03-10 07:06:00+00:00,2025-03-10 07:06:00+00:00,{},False
O-20250310-071500-001-V2-910,BACKTESTER-001,MLSignalStrategyV2-V2,EUR/USD.IDEALPRO,IDEALPRO-1-910,IDEALPRO-001,IDEALPRO-1-135546,EUR/USD.IDEALPRO-MLSignalStrategyV2-V2,SELL,MARKET,100000.00,1.08370,USD,2.17 USD,TAKER,c42c4b4a-230b-49da-b7a1-0b89111b1a1a,2025-03-10 07:15:00+00:00,2025-03-10 07:15:00+00:00,{},False
O-20250310-071500-001-V2-912,BACKTESTER-001,MLSignalStrategyV2-V2,EUR/USD.IDEALPRO,IDEALPRO-1-912,IDEALPRO-001,IDEALPRO-1-135565,EUR/USD.IDEALPRO-MLSignalStrategyV2-V2,BUY,LIMIT,100000.00,1.08309,USD,2.17 USD,MAKER,7e0ffc69-46e2-4a8e-8b60-28e7cfa83691,2025-03-10 07:24:00+00:00,2025-03-10 07:24:00+00:00,{},False
O-20250310-081500-001-V2-913,BACKTESTER-001,MLSignalStrategyV2-V2,EUR/USD.IDEALPRO,IDEALPRO-1-913,IDEALPRO-001,IDEALPRO-1-135668,EUR/USD.IDEALPRO-MLSignalStrategyV2-V2,BUY,MARKET,100000.00,1.08115,USD,2.16 USD,TAKER,2e485fce-c77a-41c9-acc0-f88cea77b080,2025-03-10 08:15:00+00:00,2025-03-10 08:15:00+00:00,{},False
O-20250310-081500-001-V2-915,BACKTESTER-001,MLSignalStrategyV2-V2,EUR/USD.IDEALPRO,IDEALPRO-1-915,IDEALPRO-001,IDEALPRO-1-135705,EUR/USD.IDEALPRO-MLSignalStrategyV2-V2,SELL,LIMIT,100000.00,1.08219,USD,2.16 USD,MAKER,8e62f386-6b67-4b58-bcfc-03d1e7e538d9,2025-03-10 08:33:00+00:00,2025-03-10 08:33:00+00:00,{},False
O-20250310-084500-001-V2-916,BACKTESTER-001,MLSignalStrategyV2-V2,EUR/USD.IDEALPRO,IDEALPRO-1-916,IDEALPRO-001,IDEALPRO-1-135730,EUR/USD.IDEALPRO-MLSignalStrategyV2-V2,BUY,MARKET,100000.00,1.08177,USD,2.16 USD,TAKER,2040196e-9e3d-4a66-9501-1a083623c2dd,2025-03-10 08:45:00+00:00,2025-03-10 08:45:00+00:00,{},False
O-20250310-084500-001-V2-917,BACKTESTER-001,MLSignalStrategyV2-V2,EUR/USD.IDEALPRO,IDEALPRO-1-917,IDEALPRO-001,IDEALPRO-1-135751,EUR/USD.IDEALPRO-MLSignalStrategyV2-V2,SELL,STOP_MARKET,100000.00,1.08051,USD,2.16 USD,TAKER,fad9816d-3025-4094-8ace-22b3d68551b7,2025-03-10 08:55:00+00:00,2025-03-10 08:55:00+00:00,{},False
O-20250310-173000-001-V2-919,BACKTESTER-001,MLSignalStrategyV2-V2,EUR/USD.IDEALPRO,IDEALPRO-1-919,IDEALPRO-001,IDEALPRO-1-136783,EUR/USD.IDEALPRO-MLSignalStrategyV2-V2,BUY,MARKET,100000.00,1.08368,USD,2.17 USD,TAKER,eb601582-773f-42f0-8388-38b9a0997b10,2025-03-10 17:30:00+00:00,2025-03-10 17:30:00+00:00,{},False
O-20250310-173000-001-V2-920,BACKTESTER-001,MLSignalStrategyV2-V2,EUR/USD.IDEALPRO,IDEALPRO-1-920,IDEALPRO-001,IDEALPRO-1-136851,EUR/USD.IDEALPRO-MLSignalStrategyV2-V2,SELL,STOP_MARKET,100000.00,1.08235,USD,2.16 USD,TAKER,19917907-45ff-4cb7-984e-313a183f127a,2025-03-10 18:04:00+00:00,2025-03-10 18:04:00+00:00,{},False
O-20250310-194500-001-V2-922,BACKTESTER-001,MLSignalStrategyV2-V2,EUR/USD.IDEALPRO,IDEALPRO-1-922,IDEALPRO-001,IDEALPRO-1-137055,EUR/USD.IDEALPRO-MLSignalStrategyV2-V2,BUY,MARKET,100000.00,1.08256,USD,2.17 USD,TAKER,0bf50fa6-dd8b-4951-b049-cda157e14c69,2025-03-10 19:45:00+00:00,2025-03-10 19:45:00+00:00,{},False
O-20250310-194500-001-V2-924,BACKTESTER-001,MLSignalStrategyV2-V2,EUR/USD.IDEALPRO,IDEALPRO-1-924,IDEALPRO-001,IDEALPRO-1-137089,EUR/USD.IDEALPRO-MLSignalStrategyV2-V2,SELL,LIMIT,100000.00,1.08352,USD,2.17 USD,MAKER,fdac9896-727c-45d7-b7df-5044f32f533a,2025-03-10 20:02:00+00:00,2025-03-10 20:02:00+00:00,{},False
O-20250310-230000-001-V2-925,BACKTESTER-001,MLSignalStrategyV2-V2,EUR/USD.IDEALPRO,IDEALPRO-1-925,IDEALPRO-001,IDEALPRO-1-137416,EUR/USD.IDEALPRO-MLSignalStrategyV2-V2,SELL,MARKET,100000.00,1.08348,USD,2.17 USD,TAKER,0d5b8dd2-51d4-4b73-9df5-bb18f5464fd6,2025-03-10 23:00:00+00:00,2025-03-10 23:00:00+00:00,{},False
O-20250310-230000-001-V2-926,BACKTESTER-001,MLSignalStrategyV2-V2,EUR/USD.IDEALPRO,IDEALPRO-1-926,IDEALPRO-001,IDEALPRO-1-137427,EUR/USD.IDEALPRO-MLSignalStrategyV2-V2,BUY,STOP_MARKET,100000.00,1.08414,USD,2.17 USD,TAKER,7ad7406b-0e74-4b43-9ea0-ef51da32e057,2025-03-10 23:05:00+00:00,2025-03-10 23:05:00+00:00,{},False
O-20250311-071500-001-V2-928,BACKTESTER-001,MLSignalStrategyV2-V2,EUR/USD.IDEALPRO,IDEALPRO-1-928,IDEALPRO-001,IDEALPRO-1-138408,EUR/USD.IDEALPRO-MLSignalStrategyV2-V2,BUY,MARKET,100000.00,1.08722,USD,2.17 USD,TAKER,a1aece82-e2c5-4e9b-a177-9a7a9c62f90b,2025-03-11 07:15:00+00:00,2025-03-11 07:15:00+00:00,{},False
O-20250311-071500-001-V2-930,BACKTESTER-001,MLSignalStrategyV2-V2,EUR/USD.IDEALPRO,IDEALPRO-1-930,IDEALPRO-001,IDEALPRO-1-138459,EUR/USD.IDEALPRO-MLSignalStrategyV2-V2,SELL,LIMIT,100000.00,1.08866,USD,2.18 USD,MAKER,7e0a0f77-a897-4907-b8aa-d4cb07b93c66,2025-03-11 07:40:00+00:00,2025-03-11 07:40:00+00:00,{},False
O-20250311-090000-001-V2-931,BACKTESTER-001,MLSignalStrategyV2-V2,EUR/USD.IDEALPRO,IDEALPRO-1-931,IDEALPRO-001,IDEALPRO-1-138620,EUR/USD.IDEALPRO-MLSignalStrategyV2-V2,SELL,MARKET,100000.00,1.09171,USD,2.18 USD,TAKER,3b6c99c8-cf8e-49b8-9002-ab23a8edffb2,2025-03-11 09:00:00+00:00,2025-03-11 09:00:00+00:00,{},False
O-20250311-090000-001-V2-933,BACKTESTER-001,MLSignalStrategyV2-V2,EUR/USD.IDEALPRO,IDEALPRO-1-933,IDEALPRO-001,IDEALPRO-1-138657,EUR/USD.IDEALPRO-MLSignalStrategyV2-V2,BUY,LIMIT,100000.00,1.09034,USD,2.18 USD,MAKER,ae0d0b03-bbf0-4773-a946-dbdc85b7cadd,2025-03-11 09:18:00+00:00,2025-03-11 09:18:00+00:00,{},False
O-20250311-101500-001-V2-934,BACKTESTER-001,MLSignalStrategyV2-V2,EUR/USD.IDEALPRO,IDEALPRO-1-934,IDEALPRO-001,IDEALPRO-1-138772,EUR/USD.IDEALPRO-MLSignalStrategyV2-V2,SELL,MARKET,100000.00,1.08953,USD,2.18 USD,TAKER,723198c4-d99c-4672-970f-27aa1c2f8508,2025-03-11 10:15:00+00:00,2025-03-11 10:15:00+00:00,{},False
O-20250311-101500-001-V2-936,BACKTESTER-001,MLSignalStrategyV2-V2,EUR/USD.IDEALPRO,IDEALPRO-1-936,IDEALPRO-001,IDEALPRO-1-138875,EUR/USD.IDEALPRO-MLSignalStrategyV2-V2,BUY,LIMIT,100000.00,1.08814,USD,2.18 USD,MAKER,d6b0d3e1-914e-443c-878c-75aaf4cbb3c6,2025-03-11 11:06:00+00:00,2025-03-11 11:06:00+00:00,{},False
O-20250311-111500-001-V2-937,BACKTESTER-001,MLSignalStrategyV2-V2,EUR/USD.IDEALPRO,IDEALPRO-1-937,IDEALPRO-001,IDEALPRO-1-138895,EUR/USD.IDEALPRO-MLSignalStrategyV2-V2,BUY,MARKET,100000.00,1.08862,USD,2.18 USD,TAKER,ffd796f2-566f-4b9d-a5ba-9fd4f6001705,2025-03-11 11:15:00+00:00,2025-03-11 11:15:00+00:00,{},False
O-20250311-111500-001-V2-939,BACKTESTER-001,MLSignalStrategyV2-V2,EUR/USD.IDEALPRO,IDEALPRO-1-939,IDEALPRO-001,IDEALPRO-1-138959,EUR/USD.IDEALPRO-MLSignalStrategyV2-V2,SELL,LIMIT,100000.00,1.08996,USD,2.18 USD,MAKER,69f235d2-0287-4825-b627-c0f107c78ee7,2025-03-11 11:47:00+00:00,2025-03-11 11:47:00+00:00,{},False
O-20250311-160000-001-V2-940,BACKTESTER-001,MLSignalStrategyV2-V2,EUR/USD.IDEALPRO,IDEALPRO-1-940,IDEALPRO-001,IDEALPRO-1-139466,EUR/USD.IDEALPRO-MLSignalStrategyV2-V2,BUY,MARKET,100000.00,1.09272,USD,2.19 USD,TAKER,35ead7bf-4340-474e-986e-4c77abbbe1f5,2025-03-11 16:00:00+00:00,2025-03-11 16:00:00+00:00,{},False
O-20250311-160000-001-V2-942,BACKTESTER-001,MLSignalStrategyV2-V2,EUR/USD.IDEALPRO,IDEALPRO-1-942,IDEALPRO-001,IDEALPRO-1-139709,EUR/USD.IDEALPRO-MLSignalStrategyV2-V2,SELL,LIMIT,100000.00,1.09388,USD,2.19 USD,MAKER,9605b130-f3b8-474f-b1cf-41f91ee9ede5,2025-03-11 18:01:00+00:00,2025-03-11 18:01:00+00:00,{},False
O-20250311-223000-001-V2-943,BACKTESTER-001,MLSignalStrategyV2-V2,EUR/USD.IDEALPRO,IDEALPRO-1-943,IDEALPRO-001,IDEALPRO-1-140218,EUR/USD.IDEALPRO-MLSignalStrategyV2-V2,SELL,MARKET,100000.00,1.09153,USD,2.18 USD,TAKER,929727cb-e5df-4b2c-838b-2c8d387d6d08,2025-03-11 22:30:00+00:00,2025-03-11 22:30:00+00:00,{},False
O-20250311-223000-001-V2-945,BACKTESTER-001,MLSignalStrategyV2-V2,EUR/USD.IDEALPRO,IDEALPRO-1-945,IDEALPRO-001,IDEALPRO-1-140477,EUR/USD.IDEALPRO-MLSignalStrategyV2-V2,BUY,LIMIT,100000.00,1.09093,USD,2.18 USD,MAKER,d893a79d-cc9b-4aff-bc3c-200e7ae42729,2025-03-12 00:39:00+00:00,2025-03-12 00:39:00+00:00,{},False
O-20250312-020000-001-V2-946,BACKTESTER-001,MLSignalStrategyV2-V2,EUR/USD.IDEALPRO,IDEALPRO-1-946,IDEALPRO-001,IDEALPRO-1-140640,EUR/USD.IDEALPRO-MLSignalStrategyV2-V2,SELL,MARKET,100000.00,1.09063,USD,2.18 USD,TAKER,2e08be3f-0acc-43f7-868b-0235891cbc5b,2025-03-12 02:00:00+00:00,2025-03-12 02:00:00+00:00,{},False
O-20250312-020000-001-V2-948,BACKTESTER-001,MLSignalStrategyV2-V2,EUR/USD.IDEALPRO,IDEALPRO-1-948,IDEALPRO-001,IDEALPRO-1-140785,EUR/USD.IDEALPRO-MLSignalStrategyV2-V2,BUY,LIMIT,100000.00,1.09018,USD,2.18 USD,MAKER,43b5f9dc-4bbb-4c1d-ac77-79470bd824ea,2025-03-12 03:12:00+00:00,2025-03-12 03:12:00+00:00,{},False
O-20250312-031500-001-V2-949,BACKTESTER-001,MLSignalStrategyV2-V2,EUR/USD.IDEALPRO,IDEALPRO-1-949,IDEALPRO-001,IDEALPRO-1-140793,EUR/USD.IDEALPRO-MLSignalStrategyV2-V2,SELL,MARKET,100000.00,1.09020,USD,2.18 USD,TAKER,dc3722a2-21a7-4d89-8f40-a8ffde3fd8e7,2025-03-12 03:15:00+00:00,2025-03-12 03:15:00+00:00,{},False
O-20250312-031500-001-V2-951,BACKTESTER-001,MLSignalStrategyV2-V2,EUR/USD.IDEALPRO,IDEALPRO-1-951,IDEALPRO-001,IDEALPRO-1-140811,EUR/USD.IDEALPRO-MLSignalStrategyV2-V2,BUY,LIMIT,100000.00,1.08976,USD,2.18 USD,MAKER,212fd74c-9409-47e2-bc00-988206800df2,2025-03-12 03:24:00+00:00,2025-03-12 03:24:00+00:00,{},False
O-20250312-043000-001-V2-952,BACKTESTER-001,MLSignalStrategyV2-V2,EUR/USD.IDEALPRO,IDEALPRO-1-952,IDEALPRO-001,IDEALPRO-1-140945,EUR/USD.IDEALPRO-MLSignalStrategyV2-V2,SELL,MARKET,100000.00,1.09017,USD,2.18 USD,TAKER,a0fcc925-c588-4b29-a0e9-6844c66ae3e3,2025-03-12 04:30:00+00:00,2025-03-12 04:30:00+00:00,{},False
O-20250312-043000-001-V2-954,BACKTESTER-001,MLSignalStrategyV2-V2,EUR/USD.IDEALPRO,IDEALPRO-1-954,IDEALPRO-001,IDEALPRO-1-141005,EUR/USD.IDEALPRO-MLSignalStrategyV2-V2,BUY,LIMIT,100000.00,1.08973,USD,2.18 USD,MAKER,e07e1298-871a-4cda-a8a2-3774750cf175,2025-03-12 05:00:00+00:00,2025-03-12 05:00:00+00:00,{},False
O-20250312-054500-001-V2-955,BACKTESTER-001,MLSignalStrategyV2-V2,EUR/USD.IDEALPRO,IDEALPRO-1-955,IDEALPRO-001,IDEALPRO-1-141096,EUR/USD.IDEALPRO-MLSignalStrategyV2-V2,SELL,MARKET,100000.00,1.09014,USD,2.18 USD,TAKER,c24565bf-648b-48ba-b2c4-4bf7caf59e6d,2025-03-12 05:45:00+00:00,2025-03-12 05:45:00+00:00,{},False
O-20250312-054500-001-V2-956,BACKTESTER-001,MLSignalStrategyV2-V2,EUR/USD.IDEALPRO,IDEALPRO-1-956,IDEALPRO-001,IDEALPRO-1-141145,EUR/USD.IDEALPRO-MLSignalStrategyV2-V2,BUY,STOP_MARKET,100000.00,1.09072,USD,2.18 USD,TAKER,6cfd48d4-a457-42a5-8f77-3c35862427be,2025-03-12 06:09:00+00:00,2025-03-12 06:09:00+00:00,{},False
O-20250312-073000-001-V2-958,BACKTESTER-001,MLSignalStrategyV2-V2,EUR/USD.IDEALPRO,IDEALPRO-1-958,IDEALPRO-001,IDEALPRO-1-141308,EUR/USD.IDEALPRO-MLSignalStrategyV2-V2,BUY,MARKET,100000.00,1.08950,USD,2.18 USD,TAKER,d900729a-8483-4b63-8de6-d389e7b0f6ac,2025-03-12 07:30:00+00:00,2025-03-12 07:30:00+00:00,{},False
O-20250312-073000-001-V2-960,BACKTESTER-001,MLSignalStrategyV2-V2,EUR/USD.IDEALPRO,IDEALPRO-1-960,IDEALPRO-001,IDEALPRO-1-141335,EUR/USD.IDEALPRO-MLSignalStrategyV2-V2,SELL,LIMIT,100000.00,1.09022,USD,2.18 USD,MAKER,2be4158f-ee98-4aa8-a1ae-33253f2d6a11,2025-03-12 07:43:00+00:00,2025-03-12 07:43:00+00:00,{},False
O-20250312-074500-001-V2-961,BACKTESTER-001,MLSignalStrategyV2-V2,EUR/USD.IDEALPRO,IDEALPRO-1-961,IDEALPRO-001,IDEALPRO-1-141340,EUR/USD.IDEALPRO-MLSignalStrategyV2-V2,BUY,MARKET,100000.00,1.08998,USD,2.18 USD,TAKER,f4926f5f-c747-4e9c-8abe-c9415ae082c6,2025-03-12 07:45:00+00:00,2025-03-12 07:45:00+00:00,{},False
O-20250312-074500-001-V2-962,BACKTESTER-001,MLSignalStrategyV2-V2,EUR/USD.IDEALPRO,IDEALPRO-1-962,IDEALPRO-001,IDEALPRO-1-141351,EUR/USD.IDEALPRO-MLSignalStrategyV2-V2,SELL,STOP_MARKET,100000.00,1.08914,USD,2.18 USD,TAKER,7b97e113-8eb5-4e85-ab54-44a0e5cb1358,2025-03-12 07:50:00+00:00,2025-03-12 07:50:00+00:00,{},False
O-20250313-003000-001-V2-964,BACKTESTER-001,MLSignalStrategyV2-V2,EUR/USD.IDEALPRO,IDEALPRO-1-964,IDEALPRO-001,IDEALPRO-1-143323,EUR/USD.IDEALPRO-MLSignalStrategyV2-V2,SELL,MARKET,100000.00,1.08851,USD,2.18 USD,TAKER,6423479c-ab69-4ff1-b180-0b6b0612f531,2025-03-13 00:30:00+00:00,2025-03-13 00:30:00+00:00,{},False
O-20250313-003000-001-V2-965,BACKTESTER-001,MLSignalStrategyV2-V2,EUR/USD.IDEALPRO,IDEALPRO-1-965,IDEALPRO-001,IDEALPRO-1-143365,EUR/USD.IDEALPRO-MLSignalStrategyV2-V2,BUY,STOP_MARKET,100000.00,1.08899,USD,2.18 USD,TAKER,320e0361-322c-43a3-bf42-5e4d32cbed3f,2025-03-13 00:51:00+00:00,2025-03-13 00:51:00+00:00,{},False
O-20250313-031500-001-V2-967,BACKTESTER-001,MLSignalStrategyV2-V2,EUR/USD.IDEALPRO,IDEALPRO-1-967,IDEALPRO-001,IDEALPRO-1-143654,EUR/USD.IDEALPRO-MLSignalStrategyV2-V2,SELL,MARKET,100000.00,1.08889,USD,2.18 USD,TAKER,9ed6a630-0f1f-4782-b313-8ae7e05df3e0,2025-03-13 03:15:00+00:00,2025-03-13 03:15:00+00:00,{},False
O-20250313-031500-001-V2-969,BACKTESTER-001,MLSignalStrategyV2-V2,EUR/USD.IDEALPRO,IDEALPRO-1-969,IDEALPRO-001,IDEALPRO-1-143747,EUR/USD.IDEALPRO-MLSignalStrategyV2-V2,BUY,LIMIT,100000.00,1.08831,USD,2.18 USD,MAKER,878b5294-3aac-44ba-86c4-5332d6e3867d,2025-03-13 04:01:00+00:00,2025-03-13 04:01:00+00:00,{},False
O-20250313-043000-001-V2-970,BACKTESTER-001,MLSignalStrategyV2-V2,EUR/USD.IDEALPRO,IDEALPRO-1-970,IDEALPRO-001,IDEALPRO-1-143806,EUR/USD.IDEALPRO-MLSignalStrategyV2-V2,BUY,MARKET,100000.00,1.08897,USD,2.18 USD,TAKER,29724cc9-b7e7-4125-8417-503943b3d437,2025-03-13 04:30:00+00:00,2025-03-13 04:30:00+00:00,{},False
O-20250313-043000-001-V2-971,BACKTESTER-001,MLSignalStrategyV2-V2,EUR/USD.IDEALPRO,IDEALPRO-1-971,IDEALPRO-001,IDEALPRO-1-143905,EUR/USD.IDEALPRO-MLSignalStrategyV2-V2,SELL,STOP_MARKET,100000.00,1.08819,USD,2.18 USD,TAKER,36bb3bd0-cd4d-498f-bff3-d5f4a0275400,2025-03-13 05:19:00+00:00,2025-03-13 05:19:00+00:00,{},False
O-20250313-090000-001-V2-973,BACKTESTER-001,MLSignalStrategyV2-V2,EUR/USD.IDEALPRO,IDEALPRO-1-973,IDEALPRO-001,IDEALPRO-1-144348,EUR/USD.IDEALPRO-MLSignalStrategyV2-V2,SELL,MARKET,100000.00,1.08734,USD,2.17 USD,TAKER,3165e668-e568-4834-b54a-be423716217b,2025-03-13 09:00:00+00:00,2025-03-13 09:00:00+00:00,{},False
O-20250313-090000-001-V2-975,BACKTESTER-001,MLSignalStrategyV2-V2,EUR/USD.IDEALPRO,IDEALPRO-1-975,IDEALPRO-001,IDEALPRO-1-144585,EUR/USD.IDEALPRO-MLSignalStrategyV2-V2,BUY,LIMIT,100000.00,1.08624,USD,2.17 USD,MAKER,803c6f5f-99b5-49a5-9ab2-199a2500e4cc,2025-03-13 10:58:00+00:00,2025-03-13 10:58:00+00:00,{},False
O-20250313-120000-001-V2-976,BACKTESTER-001,MLSignalStrategyV2-V2,EUR/USD.IDEALPRO,IDEALPRO-1-976,IDEALPRO-001,IDEALPRO-1-144710,EUR/USD.IDEALPRO-MLSignalStrategyV2-V2,BUY,MARKET,100000.00,1.08564,USD,2.17 USD,TAKER,c7a669cd-5a40-47b5-a6e2-b08d38972363,2025-03-13 12:00:00+00:00,2025-03-13 12:00:00+00:00,{},False
O-20250313-120000-001-V2-978,BACKTESTER-001,MLSignalStrategyV2-V2,EUR/USD.IDEALPRO,IDEALPRO-1-978,IDEALPRO-001,IDEALPRO-1-144773,EUR/USD.IDEALPRO-MLSignalStrategyV2-V2,SELL,LIMIT,100000.00,1.08780,USD,2.18 USD,MAKER,84a97303-1846-4b28-974b-422a9a17152b,2025-03-13 12:31:00+00:00,2025-03-13 12:31:00+00:00,{},False
O-20250313-124500-001-V2-979,BACKTESTER-001,MLSignalStrategyV2-V2,EUR/USD.IDEALPRO,IDEALPRO-1-979,IDEALPRO-001,IDEALPRO-1-144802,EUR/USD.IDEALPRO-MLSignalStrategyV2-V2,BUY,MARKET,100000.00,1.08390,USD,2.17 USD,TAKER,b6809b6c-f59c-469d-b266-09dfdcb977df,2025-03-13 12:45:00+00:00,2025-03-13 12:45:00+00:00,{},False
O-20250313-124500-001-V2-980,BACKTESTER-001,MLSignalStrategyV2-V2,EUR/USD.IDEALPRO,IDEALPRO-1-980,IDEALPRO-001,IDEALPRO-1-144869,EUR/USD.IDEALPRO-MLSignalStrategyV2-V2,SELL,STOP_MARKET,100000.00,1.08225,USD,2.16 USD,TAKER,028855d2-7821-4604-b5be-ee6a72d4d391,2025-03-13 13:18:00+00:00,2025-03-13 13:18:00+00:00,{},False
O-20250313-140000-001-V2-982,BACKTESTER-001,MLSignalStrategyV2-V2,EUR/USD.IDEALPRO,IDEALPRO-1-982,IDEALPRO-001,IDEALPRO-1-144954,EUR/USD.IDEALPRO-MLSignalStrategyV2-V2,BUY,MARKET,100000.00,1.08475,USD,2.17 USD,TAKER,fe02f93c-b7e4-48ef-97be-936b339689f7,2025-03-13 14:00:00+00:00,2025-03-13 14:00:00+00:00,{},False
O-20250313-140000-001-V2-984,BACKTESTER-001,MLSignalStrategyV2-V2,EUR/USD.IDEALPRO,IDEALPRO-1-984,IDEALPRO-001,IDEALPRO-1-144983,EUR/USD.IDEALPRO-MLSignalStrategyV2-V2,SELL,LIMIT,100000.00,1.08628,USD,2.17 USD,MAKER,e950576b-09bb-4e4d-883d-26ce10c85595,2025-03-13 14:14:00+00:00,2025-03-13 14:14:00+00:00,{},False
O-20250313-183000-001-V2-985,BACKTESTER-001,MLSignalStrategyV2-V2,EUR/USD.IDEALPRO,IDEALPRO-1-985,IDEALPRO-001,IDEALPRO-1-145496,EUR/USD.IDEALPRO-MLSignalStrategyV2-V2,BUY,MARKET,100000.00,1.08560,USD,2.17 USD,TAKER,2574bca2-d3c4-43ef-b31d-cfa95afb2f08,2025-03-13 18:30:00+00:00,2025-03-13 18:30:00+00:00,{},False
O-20250313-183000-001-V2-986,BACKTESTER-001,MLSignalStrategyV2-V2,EUR/USD.IDEALPRO,IDEALPRO-1-986,IDEALPRO-001,IDEALPRO-1-146261,EUR/USD.IDEALPRO-MLSignalStrategyV2-V2,SELL,STOP_MARKET,100000.00,1.08440,USD,2.17 USD,TAKER,f5018ed7-1c88-4c7b-9e1a-65a010278e58,2025-03-14 01:07:00+00:00,2025-03-14 01:07:00+00:00,{},False
O-20250314-011500-001-V2-988,BACKTESTER-001,MLSignalStrategyV2-V2,EUR/USD.IDEALPRO,IDEALPRO-1-988,IDEALPRO-001,IDEALPRO-1-146278,EUR/USD.IDEALPRO-MLSignalStrategyV2-V2,BUY,MARKET,100000.00,1.08456,USD,2.17 USD,TAKER,d0bf863f-7ff7-4eb6-bcb0-a3a0a264fa79,2025-03-14 01:15:00+00:00,2025-03-14 01:15:00+00:00,{},False
O-20250314-011500-001-V2-989,BACKTESTER-001,MLSignalStrategyV2-V2,EUR/USD.IDEALPRO,IDEALPRO-1-989,IDEALPRO-001,IDEALPRO-1-146405,EUR/USD.IDEALPRO-MLSignalStrategyV2-V2,SELL,STOP_MARKET,100000.00,1.08392,USD,2.17 USD,TAKER,2f62d653-52ba-4316-9783-bfa0a659aa70,2025-03-14 02:18:00+00:00,2025-03-14 02:18:00+00:00,{},False
O-20250314-023000-001-V2-991,BACKTESTER-001,MLSignalStrategyV2-V2,EUR/USD.IDEALPRO,IDEALPRO-1-991,IDEALPRO-001,IDEALPRO-1-146430,EUR/USD.IDEALPRO-MLSignalStrategyV2-V2,SELL,MARKET,100000.00,1.08355,USD,2.17 USD,TAKER,df3c00b6-bc55-4a11-a34b-3b5a83dee5b6,2025-03-14 02:30:00+00:00,2025-03-14 02:30:00+00:00,{},False
O-20250314-023000-001-V2-992,BACKTESTER-001,MLSignalStrategyV2-V2,EUR/USD.IDEALPRO,IDEALPRO-1-992,IDEALPRO-001,IDEALPRO-1-146531,EUR/USD.IDEALPRO-MLSignalStrategyV2-V2,BUY,STOP_MARKET,100000.00,1.08429,USD,2.17 USD,TAKER,c03a31af-fe50-4b20-8715-9bd6c93113b6,2025-03-14 03:20:00+00:00,2025-03-14 03:20:00+00:00,{},False
O-20250314-034500-001-V2-994,BACKTESTER-001,MLSignalStrategyV2-V2,EUR/USD.IDEALPRO,IDEALPRO-1-994,IDEALPRO-001,IDEALPRO-1-146582,EUR/USD.IDEALPRO-MLSignalStrategyV2-V2,SELL,MARKET,100000.00,1.08444,USD,2.17 USD,TAKER,02144686-6b51-4d42-a050-df0879335b3e,2025-03-14 03:45:00+00:00,2025-03-14 03:45:00+00:00,{},False
O-20250314-034500-001-V2-996,BACKTESTER-001,MLSignalStrategyV2-V2,EUR/USD.IDEALPRO,IDEALPRO-1-996,IDEALPRO-001,IDEALPRO-1-146689,EUR/USD.IDEALPRO-MLSignalStrategyV2-V2,BUY,LIMIT,100000.00,1.08396,USD,2.17 USD,MAKER,5c21822a-2d8b-49aa-bd52-9c5f235469ae,2025-03-14 04:38:00+00:00,2025-03-14 04:38:00+00:00,{},False
O-20250314-070000-001-V2-997,BACKTESTER-001,MLSignalStrategyV2-V2,EUR/USD.IDEALPRO,IDEALPRO-1-997,IDEALPRO-001,IDEALPRO-1-146975,EUR/USD.IDEALPRO-MLSignalStrategyV2-V2,BUY,MARKET,100000.00,1.08387,USD,2.17 USD,TAKER,f4116eb4-424d-4ac0-9bc7-f957bea0387a,2025-03-14 07:00:00+00:00,2025-03-14 07:00:00+00:00,{},False
O-20250314-070000-001-V2-999,BACKTESTER-001,MLSignalStrategyV2-V2,EUR/USD.IDEALPRO,IDEALPRO-1-999,IDEALPRO-001,IDEALPRO-1-147003,EUR/USD.IDEALPRO-MLSignalStrategyV2-V2,SELL,LIMIT,100000.00,1.08450,USD,2.17 USD,MAKER,67b34b52-261d-4355-ada4-5a3feb5238b9,2025-03-14 07:14:00+00:00,2025-03-14 07:14:00+00:00,{},False
O-20250314-074500-001-V2-1000,BACKTESTER-001,MLSignalStrategyV2-V2,EUR/USD.IDEALPRO,IDEALPRO-1-1000,IDEALPRO-001,IDEALPRO-1-147066,EUR/USD.IDEALPRO-MLSignalStrategyV2-V2,BUY,MARKET,100000.00,1.08313,USD,2.17 USD,TAKER,dc3c71b7-bdd1-451a-a27d-7698d0559e47,2025-03-14 07:45:00+00:00,2025-03-14 07:45:00+00:00,{},False
O-20250314-074500-001-V2-1002,BACKTESTER-001,MLSignalStrategyV2-V2,EUR/USD.IDEALPRO,IDEALPRO-1-1002,IDEALPRO-001,IDEALPRO-1-147089,EUR/USD.IDEALPRO-MLSignalStrategyV2-V2,SELL,LIMIT,100000.00,1.08397,USD,2.17 USD,MAKER,a041b4e2-396a-42dd-b4e2-1cbd1760ea4e,2025-03-14 07:56:00+00:00,2025-03-14 07:56:00+00:00,{},False
O-20250314-090000-001-V2-1003,BACKTESTER-001,MLSignalStrategyV2-V2,EUR/USD.IDEALPRO,IDEALPRO-1-1003,IDEALPRO-001,IDEALPRO-1-147218,EUR/USD.IDEALPRO-MLSignalStrategyV2-V2,BUY,MARKET,100000.00,1.08540,USD,2.17 USD,TAKER,8ed2d430-7487-40e9-af36-269d9bd50e3f,2025-03-14 09:00:00+00:00,2025-03-14 09:00:00+00:00,{},False
O-20250314-090000-001-V2-1005,BACKTESTER-001,MLSignalStrategyV2-V2,EUR/USD.IDEALPRO,IDEALPRO-1-1005,IDEALPRO-001,IDEALPRO-1-147353,EUR/USD.IDEALPRO-MLSignalStrategyV2-V2,SELL,LIMIT,100000.00,1.08632,USD,2.17 USD,MAKER,f2783234-bb9f-44bf-9fc3-bd799e7c834c,2025-03-14 10:07:00+00:00,2025-03-14 10:07:00+00:00,{},False
O-20250314-101500-001-V2-1006,BACKTESTER-001,MLSignalStrategyV2-V2,EUR/USD.IDEALPRO,IDEALPRO-1-1006,IDEALPRO-001,IDEALPRO-1-147371,EUR/USD.IDEALPRO-MLSignalStrategyV2-V2,BUY,MARKET,100000.00,1.08620,USD,2.17 USD,TAKER,8ee2fc2e-b878-4e7e-8925-4f7e65b422ff,2025-03-14 10:15:00+00:00,2025-03-14 10:15:00+00:00,{},False
O-20250314-101500-001-V2-1008,BACKTESTER-001,MLSignalStrategyV2-V2,EUR/USD.IDEALPRO,IDEALPRO-1-1008,IDEALPRO-001,IDEALPRO-1-147389,EUR/USD.IDEALPRO-MLSignalStrategyV2-V2,SELL,LIMIT,100000.00,1.08735,USD,2.17 USD,MAKER,f4c3e4c4-06e6-4125-9fc1-37e60c885659,2025-03-14 10:24:00+00:00,2025-03-14 10:24:00+00:00,{},False
O-20250314-104500-001-V2-1009,BACKTESTER-001,MLSignalStrategyV2-V2,EUR/USD.IDEALPRO,IDEALPRO-1-1009,IDEALPRO-001,IDEALPRO-1-147432,EUR/USD.IDEALPRO-MLSignalStrategyV2-V2,SELL,MARKET,100000.00,1.08901,USD,2.18 USD,TAKER,478328d8-8253-42b6-a8dd-99c3696e3531,2025-03-14 10:45:00+00:00,2025-03-14 10:45:00+00:00,{},False
O-20250314-104500-001-V2-1010,BACKTESTER-001,MLSignalStrategyV2-V2,EUR/USD.IDEALPRO,IDEALPRO-1-1010,IDEALPRO-001,IDEALPRO-1-147437,EUR/USD.IDEALPRO-MLSignalStrategyV2-V2,BUY,STOP_MARKET,100000.00,1.09089,USD,2.18 USD,TAKER,897d4b45-eb07-4d50-b363-4a9e308d8aea,2025-03-14 10:47:00+00:00,2025-03-14 10:47:00+00:00,{},False
O-20250314-130000-001-V2-1012,BACKTESTER-001,MLSignalStrategyV2-V2,EUR/USD.IDEALPRO,IDEALPRO-1-1012,IDEALPRO-001,IDEALPRO-1-147704,EUR/USD.IDEALPRO-MLSignalStrategyV2-V2,SELL,MARKET,100000.00,1.08947,USD,2.18 USD,TAKER,13d422d1-6ed4-4f3f-ad62-d91c3284dbc7,2025-03-14 13:00:00+00:00,2025-03-14 13:00:00+00:00,{},False
O-20250314-130000-001-V2-1014,BACKTESTER-001,MLSignalStrategyV2-V2,EUR/USD.IDEALPRO,IDEALPRO-1-1014,IDEALPRO-001,IDEALPRO-1-147801,EUR/USD.IDEALPRO-MLSignalStrategyV2-V2,BUY,LIMIT,100000.00,1.08801,USD,2.18 USD,MAKER,84f17baa-0162-4e18-bfff-2a0e31e35a3e,2025-03-14 13:48:00+00:00,2025-03-14 13:48:00+00:00,{},False
O-20250314-161500-001-V2-1015,BACKTESTER-001,MLSignalStrategyV2-V2,EUR/USD.IDEALPRO,IDEALPRO-1-1015,IDEALPRO-001,IDEALPRO-1-148097,EUR/USD.IDEALPRO-MLSignalStrategyV2-V2,SELL,MARKET,100000.00,1.08814,USD,2.18 USD,TAKER,c7bde42c-558c-442b-8d6d-4c5cde977348,2025-03-14 16:15:00+00:00,2025-03-14 16:15:00+00:00,{},False
O-20250314-161500-001-V2-1017,BACKTESTER-001,MLSignalStrategyV2-V2,EUR/USD.IDEALPRO,IDEALPRO-1-1017,IDEALPRO-001,IDEALPRO-1-149905,EUR/USD.IDEALPRO-MLSignalStrategyV2-V2,BUY,LIMIT,100000.00,1.08692,USD,2.17 USD,MAKER,edf13d81-44a3-4168-81ea-84e0fbc97b16,2025-03-17 07:34:00+00:00,2025-03-17 07:34:00+00:00,{},False
O-20250317-081500-001-V2-1018,BACKTESTER-001,MLSignalStrategyV2-V2,EUR/USD.IDEALPRO,IDEALPRO-1-1018,IDEALPRO-001,IDEALPRO-1-149988,EUR/USD.IDEALPRO-MLSignalStrategyV2-V2,BUY,MARKET,100000.00,1.08832,USD,2.18 USD,TAKER,4433021b-ba5f-4668-925e-3b7be578ee28,2025-03-17 08:15:00+00:00,2025-03-17 08:15:00+00:00,{},False
O-20250317-081500-001-V2-1020,BACKTESTER-001,MLSignalStrategyV2-V2,EUR/USD.IDEALPRO,IDEALPRO-1-1020,IDEALPRO-001,IDEALPRO-1-150155,EUR/USD.IDEALPRO-MLSignalStrategyV2-V2,SELL,LIMIT,100000.00,1.08906,USD,2.18 USD,MAKER,5c939ffe-7b93-4f4f-8bd5-412176db4ff5,2025-03-17 09:38:00+00:00,2025-03-17 09:38:00+00:00,{},False
O-20250318-081500-001-V2-1021,BACKTESTER-001,MLSignalStrategyV2-V2,EUR/USD.IDEALPRO,IDEALPRO-1-1021,IDEALPRO-001,IDEALPRO-1-152841,EUR/USD.IDEALPRO-MLSignalStrategyV2-V2,SELL,MARKET,100000.00,1.09472,USD,2.19 USD,TAKER,eb7440cb-2dc1-4f0b-aba0-e6d3e75aef66,2025-03-18 08:15:00+00:00,2025-03-18 08:15:00+00:00,{},False
O-20250318-081500-001-V2-1023,BACKTESTER-001,MLSignalStrategyV2-V2,EUR/USD.IDEALPRO,IDEALPRO-1-1023,IDEALPRO-001,IDEALPRO-1-153103,EUR/USD.IDEALPRO-MLSignalStrategyV2-V2,BUY,LIMIT,100000.00,1.09381,USD,2.19 USD,MAKER,e08b18cd-13ce-41b5-9fd7-e99e4a5d20a0,2025-03-18 10:26:00+00:00,2025-03-18 10:26:00+00:00,{},False
O-20250318-124500-001-V2-1024,BACKTESTER-001,MLSignalStrategyV2-V2,EUR/USD.IDEALPRO,IDEALPRO-1-1024,IDEALPRO-001,IDEALPRO-1-153382,EUR/USD.IDEALPRO-MLSignalStrategyV2-V2,BUY,MARKET,100000.00,1.09064,USD,2.18 USD,TAKER,2ae120b4-f133-44e8-9e3c-be687cc5bd15,2025-03-18 12:45:00+00:00,2025-03-18 12:45:00+00:00,{},False
O-20250318-124500-001-V2-1026,BACKTESTER-001,MLSignalStrategyV2-V2,EUR/USD.IDEALPRO,IDEALPRO-1-1026,IDEALPRO-001,IDEALPRO-1-153421,EUR/USD.IDEALPRO-MLSignalStrategyV2-V2,SELL,LIMIT,100000.00,1.09159,USD,2.18 USD,MAKER,ac476c66-1cfa-4ffb-a813-9f9dcf9f6873,2025-03-18 13:04:00+00:00,2025-03-18 13:04:00+00:00,{},False
O-20250318-223000-001-V2-1027,BACKTESTER-001,MLSignalStrategyV2-V2,EUR/USD.IDEALPRO,IDEALPRO-1-1027,IDEALPRO-001,IDEALPRO-1-154525,EUR/USD.IDEALPRO-MLSignalStrategyV2-V2,BUY,MARKET,100000.00,1.09418,USD,2.19 USD,TAKER,926c3c42-c9c9-4809-8127-797ec653fd04,2025-03-18 22:30:00+00:00,2025-03-18 22:30:00+00:00,{},False
O-20250318-223000-001-V2-1028,BACKTESTER-001,MLSignalStrategyV2-V2,EUR/USD.IDEALPRO,IDEALPRO-1-1028,IDEALPRO-001,IDEALPRO-1-154715,EUR/USD.IDEALPRO-MLSignalStrategyV2-V2,SELL,STOP_MARKET,100000.00,1.09359,USD,2.19 USD,TAKER,8df4d757-82ec-4474-8c38-3b1421568318,2025-03-19 00:05:00+00:00,2025-03-19 00:05:00+00:00,{},False
O-20250319-043000-001-V2-1030,BACKTESTER-001,MLSignalStrategyV2-V2,EUR/USD.IDEALPRO,IDEALPRO-1-1030,IDEALPRO-001,IDEALPRO-1-155247,EUR/USD.IDEALPRO-MLSignalStrategyV2-V2,SELL,MARKET,100000.00,1.09333,USD,2.19 USD,TAKER,2f60f961-50af-420c-ae92-dd199d6f1ba3,2025-03-19 04:30:00+00:00,2025-03-19 04:30:00+00:00,{},False
O-20250319-043000-001-V2-1032,BACKTESTER-001,MLSignalStrategyV2-V2,EUR/USD.IDEALPRO,IDEALPRO-1-1032,IDEALPRO-001,IDEALPRO-1-155295,EUR/USD.IDEALPRO-MLSignalStrategyV2-V2,BUY,LIMIT,100000.00,1.09287,USD,2.19 USD,MAKER,153bdbcf-f7ee-4732-b1f9-5ac368e316ca,2025-03-19 04:54:00+00:00,2025-03-19 04:54:00+00:00,{},False
O-20250319-050000-001-V2-1033,BACKTESTER-001,MLSignalStrategyV2-V2,EUR/USD.IDEALPRO,IDEALPRO-1-1033,IDEALPRO-001,IDEALPRO-1-155308,EUR/USD.IDEALPRO-MLSignalStrategyV2-V2,SELL,MARKET,100000.00,1.09299,USD,2.19 USD,TAKER,a071ed19-2902-43e4-8d6d-645f058596bd,2025-03-19 05:00:00+00:00,2025-03-19 05:00:00+00:00,{},False
O-20250319-050000-001-V2-1034,BACKTESTER-001,MLSignalStrategyV2-V2,EUR/USD.IDEALPRO,IDEALPRO-1-1034,IDEALPRO-001,IDEALPRO-1-155325,EUR/USD.IDEALPRO-MLSignalStrategyV2-V2,BUY,STOP_MARKET,100000.00,1.09349,USD,2.19 USD,TAKER,d3791859-f242-4217-8e97-f31f8c642228,2025-03-19 05:08:00+00:00,2025-03-19 05:08:00+00:00,{},False
O-20250319-051500-001-V2-1036,BACKTESTER-001,MLSignalStrategyV2-V2,EUR/USD.IDEALPRO,IDEALPRO-1-1036,IDEALPRO-001,IDEALPRO-1-155340,EUR/USD.IDEALPRO-MLSignalStrategyV2-V2,SELL,MARKET,100000.00,1.09345,USD,2.19 USD,TAKER,8fa166a9-b37e-4c23-8774-2f52527acadc,2025-03-19 05:15:00+00:00,2025-03-19 05:15:00+00:00,{},False
O-20250319-051500-001-V2-1038,BACKTESTER-001,MLSignalStrategyV2-V2,EUR/USD.IDEALPRO,IDEALPRO-1-1038,IDEALPRO-001,IDEALPRO-1-155427,EUR/USD.IDEALPRO-MLSignalStrategyV2-V2,BUY,LIMIT,100000.00,1.09304,USD,2.19 USD,MAKER,89c189f8-6630-4421-9e94-b8f3412330bd,2025-03-19 05:58:00+00:00,2025-03-19 05:58:00+00:00,{},False
O-20250319-074500-001-V2-1039,BACKTESTER-001,MLSignalStrategyV2-V2,EUR/USD.IDEALPRO,IDEALPRO-1-1039,IDEALPRO-001,IDEALPRO-1-155642,EUR/USD.IDEALPRO-MLSignalStrategyV2-V2,BUY,MARKET,100000.00,1.08826,USD,2.18 USD,TAKER,f99f1d59-d8e6-4add-b00a-517cc4bf2b6a,2025-03-19 07:45:00+00:00,2025-03-19 07:45:00+00:00,{},False
O-20250319-074500-001-V2-1041,BACKTESTER-001,MLSignalStrategyV2-V2,EUR/USD.IDEALPRO,IDEALPRO-1-1041,IDEALPRO-001,IDEALPRO-1-155657,EUR/USD.IDEALPRO-MLSignalStrategyV2-V2,SELL,LIMIT,100000.00,1.08918,USD,2.18 USD,MAKER,ae48ef71-5be8-40e5-af02-04d449fa2d52,2025-03-19 07:52:00+00:00,2025-03-19 07:52:00+00:00,{},False
O-20250319-080000-001-V2-1042,BACKTESTER-001,MLSignalStrategyV2-V2,EUR/USD.IDEALPRO,IDEALPRO-1-1042,IDEALPRO-001,IDEALPRO-1-155674,EUR/USD.IDEALPRO-MLSignalStrategyV2-V2,BUY,MARKET,100000.00,1.08927,USD,2.18 USD,TAKER,5fb8fd7b-6516-4631-8a3a-c378a86b5f7e,2025-03-19 08:00:00+00:00,2025-03-19 08:00:00+00:00,{},False
O-20250319-080000-001-V2-1044,BACKTESTER-001,MLSignalStrategyV2-V2,EUR/USD.IDEALPRO,IDEALPRO-1-1044,IDEALPRO-001,IDEALPRO-1-155681,EUR/USD.IDEALPRO-MLSignalStrategyV2-V2,SELL,LIMIT,100000.00,1.09044,USD,2.18 USD,MAKER,ea959257-8b10-4eb0-b674-0ffbd8db221f,2025-03-19 08:03:00+00:00,2025-03-19 08:03:00+00:00,{},False
O-20250319-081500-001-V2-1045,BACKTESTER-001,MLSignalStrategyV2-V2,EUR/USD.IDEALPRO,IDEALPRO-1-1045,IDEALPRO-001,IDEALPRO-1-155706,EUR/USD.IDEALPRO-MLSignalStrategyV2-V2,BUY,MARKET,100000.00,1.08991,USD,2.18 USD,TAKER,1d339a75-64ec-4124-b9da-d516d5a0ea80,2025-03-19 08:15:00+00:00,2025-03-19 08:15:00+00:00,{},False
O-20250319-081500-001-V2-1047,BACKTESTER-001,MLSignalStrategyV2-V2,EUR/USD.IDEALPRO,IDEALPRO-1-1047,IDEALPRO-001,IDEALPRO-1-156151,EUR/USD.IDEALPRO-MLSignalStrategyV2-V2,SELL,LIMIT,100000.00,1.09133,USD,2.18 USD,MAKER,0b284aa7-4c89-457b-b8d6-0d7555d81c84,2025-03-19 11:57:00+00:00,2025-03-19 11:57:00+00:00,{},False
O-20250319-160000-001-V2-1048,BACKTESTER-001,MLSignalStrategyV2-V2,EUR/USD.IDEALPRO,IDEALPRO-1-1048,IDEALPRO-001,IDEALPRO-1-156638,EUR/USD.IDEALPRO-MLSignalStrategyV2-V2,BUY,MARKET,100000.00,1.08770,USD,2.18 USD,TAKER,45935e00-d61f-4a30-b7f2-fca5e5dae799,2025-03-19 16:00:00+00:00,2025-03-19 16:00:00+00:00,{},False
O-20250319-160000-001-V2-1050,BACKTESTER-001,MLSignalStrategyV2-V2,EUR/USD.IDEALPRO,IDEALPRO-1-1050,IDEALPRO-001,IDEALPRO-1-156671,EUR/USD.IDEALPRO-MLSignalStrategyV2-V2,SELL,LIMIT,100000.00,1.08853,USD,2.18 USD,MAKER,540db9a7-d64d-463f-be50-724c93d311cc,2025-03-19 16:16:00+00:00,2025-03-19 16:16:00+00:00,{},False
O-20250320-003000-001-V2-1051,BACKTESTER-001,MLSignalStrategyV2-V2,EUR/USD.IDEALPRO,IDEALPRO-1-1051,IDEALPRO-001,IDEALPRO-1-157631,EUR/USD.IDEALPRO-MLSignalStrategyV2-V2,BUY,MARKET,100000.00,1.09084,USD,2.18 USD,TAKER,75fcd0b2-e2b9-4b87-8561-ca3e58e82176,2025-03-20 00:30:00+00:00,2025-03-20 00:30:00+00:00,{},False
O-20250320-003000-001-V2-1053,BACKTESTER-001,MLSignalStrategyV2-V2,EUR/USD.IDEALPRO,IDEALPRO-1-1053,IDEALPRO-001,IDEALPRO-1-157641,EUR/USD.IDEALPRO-MLSignalStrategyV2-V2,SELL,LIMIT,100000.00,1.09129,USD,2.18 USD,MAKER,cde68119-a0b5-41c6-a6ba-ef9afb9afa3b,2025-03-20 00:35:00+00:00,2025-03-20 00:35:00+00:00,{},False
O-20250320-004500-001-V2-1054,BACKTESTER-001,MLSignalStrategyV2-V2,EUR/USD.IDEALPRO,IDEALPRO-1-1054,IDEALPRO-001,IDEALPRO-1-157662,EUR/USD.IDEALPRO-MLSignalStrategyV2-V2,BUY,MARKET,100000.00,1.09132,USD,2.18 USD,TAKER,5e3f0ef6-225b-46d7-99ca-e1c6e5861aa8,2025-03-20 00:45:00+00:00,2025-03-20 00:45:00+00:00,{},False
O-20250320-004500-001-V2-1055,BACKTESTER-001,MLSignalStrategyV2-V2,EUR/USD.IDEALPRO,IDEALPRO-1-1055,IDEALPRO-001,IDEALPRO-1-157703,EUR/USD.IDEALPRO-MLSignalStrategyV2-V2,SELL,STOP_MARKET,100000.00,1.09068,USD,2.18 USD,TAKER,ebac3a9d-1929-472a-829c-d64bdc25f785,2025-03-20 01:05:00+00:00,2025-03-20 01:05:00+00:00,{},False
O-20250320-063000-001-V2-1057,BACKTESTER-001,MLSignalStrategyV2-V2,EUR/USD.IDEALPRO,IDEALPRO-1-1057,IDEALPRO-001,IDEALPRO-1-158354,EUR/USD.IDEALPRO-MLSignalStrategyV2-V2,SELL,MARKET,100000.00,1.08938,USD,2.18 USD,TAKER,44a411bc-210c-483c-8d44-64a3c6193e4f,2025-03-20 06:30:00+00:00,2025-03-20 06:30:00+00:00,{},False
O-20250320-063000-001-V2-1059,BACKTESTER-001,MLSignalStrategyV2-V2,EUR/USD.IDEALPRO,IDEALPRO-1-1059,IDEALPRO-001,IDEALPRO-1-158429,EUR/USD.IDEALPRO-MLSignalStrategyV2-V2,BUY,LIMIT,100000.00,1.08886,USD,2.18 USD,MAKER,b900dd48-10de-4126-8e49-670f6ae2b23c,2025-03-20 07:07:00+00:00,2025-03-20 07:07:00+00:00,{},False
O-20250320-093000-001-V2-1060,BACKTESTER-001,MLSignalStrategyV2-V2,EUR/USD.IDEALPRO,IDEALPRO-1-1060,IDEALPRO-001,IDEALPRO-1-158716,EUR/USD.IDEALPRO-MLSignalStrategyV2-V2,BUY,MARKET,100000.00,1.08408,USD,2.17 USD,TAKER,48c33cc9-0f6d-4b07-8c07-304ac4beaae6,2025-03-20 09:30:00+00:00,2025-03-20 09:30:00+00:00,{},False
O-20250320-093000-001-V2-1062,BACKTESTER-001,MLSignalStrategyV2-V2,EUR/USD.IDEALPRO,IDEALPRO-1-1062,IDEALPRO-001,IDEALPRO-1-158737,EUR/USD.IDEALPRO-MLSignalStrategyV2-V2,SELL,LIMIT,100000.00,1.08514,USD,2.17 USD,MAKER,631b95b4-9f25-44fe-85c2-e9876916cad2,2025-03-20 09:40:00+00:00,2025-03-20 09:40:00+00:00,{},False
O-20250320-101500-001-V2-1063,BACKTESTER-001,MLSignalStrategyV2-V2,EUR/USD.IDEALPRO,IDEALPRO-1-1063,IDEALPRO-001,IDEALPRO-1-158808,EUR/USD.IDEALPRO-MLSignalStrategyV2-V2,BUY,MARKET,100000.00,1.08420,USD,2.17 USD,TAKER,2061df1e-85e1-40b3-bac0-d7b1134dc2c5,2025-03-20 10:15:00+00:00,2025-03-20 10:15:00+00:00,{},False
O-20250320-101500-001-V2-1065,BACKTESTER-001,MLSignalStrategyV2-V2,EUR/USD.IDEALPRO,IDEALPRO-1-1065,IDEALPRO-001,IDEALPRO-1-159029,EUR/USD.IDEALPRO-MLSignalStrategyV2-V2,SELL,LIMIT,100000.00,1.08550,USD,2.17 USD,MAKER,8251fb72-1f47-48c5-a7e8-39835aacca4d,2025-03-20 12:05:00+00:00,2025-03-20 12:05:00+00:00,{},False
O-20250320-124500-001-V2-1066,BACKTESTER-001,MLSignalStrategyV2-V2,EUR/USD.IDEALPRO,IDEALPRO-1-1066,IDEALPRO-001,IDEALPRO-1-159110,EUR/USD.IDEALPRO-MLSignalStrategyV2-V2,BUY,MARKET,100000.00,1.08400,USD,2.17 USD,TAKER,365cf894-cc9d-4081-8674-930e7a943987,2025-03-20 12:45:00+00:00,2025-03-20 12:45:00+00:00,{},False
O-20250320-124500-001-V2-1067,BACKTESTER-001,MLSignalStrategyV2-V2,EUR/USD.IDEALPRO,IDEALPRO-1-1067,IDEALPRO-001,IDEALPRO-1-159183,EUR/USD.IDEALPRO-MLSignalStrategyV2-V2,SELL,STOP_MARKET,100000.00,1.08255,USD,2.17 USD,TAKER,637496bc-4158-4c45-8ec6-4deb23a67bb7,2025-03-20 13:21:00+00:00,2025-03-20 13:21:00+00:00,{},False
O-20250320-133000-001-V2-1069,BACKTESTER-001,MLSignalStrategyV2-V2,EUR/USD.IDEALPRO,IDEALPRO-1-1069,IDEALPRO-001,IDEALPRO-1-159202,EUR/USD.IDEALPRO-MLSignalStrategyV2-V2,BUY,MARKET,100000.00,1.08228,USD,2.16 USD,TAKER,36560c48-1736-4580-a74a-4d7144f8be1b,2025-03-20 13:30:00+00:00,2025-03-20 13:30:00+00:00,{},False
O-20250320-133000-001-V2-1071,BACKTESTER-001,MLSignalStrategyV2-V2,EUR/USD.IDEALPRO,IDEALPRO-1-1071,IDEALPRO-001,IDEALPRO-1-159271,EUR/USD.IDEALPRO-MLSignalStrategyV2-V2,SELL,LIMIT,100000.00,1.08335,USD,2.17 USD,MAKER,1b23b813-7b8a-4876-abc1-4b9e2100fef5,2025-03-20 14:04:00+00:00,2025-03-20 14:04:00+00:00,{},False
O-20250320-213000-001-V2-1072,BACKTESTER-001,MLSignalStrategyV2-V2,EUR/USD.IDEALPRO,IDEALPRO-1-1072,IDEALPRO-001,IDEALPRO-1-160134,EUR/USD.IDEALPRO-MLSignalStrategyV2-V2,BUY,MARKET,100000.00,1.08558,USD,2.17 USD,TAKER,2059c72b-6d0b-4e3a-87e2-05e30bd58be9,2025-03-20 21:30:00+00:00,2025-03-20 21:30:00+00:00,{},False
O-20250320-213000-001-V2-1073,BACKTESTER-001,MLSignalStrategyV2-V2,EUR/USD.IDEALPRO,IDEALPRO-1-1073,IDEALPRO-001,IDEALPRO-1-160561,EUR/USD.IDEALPRO-MLSignalStrategyV2-V2,SELL,STOP_MARKET,100000.00,1.08500,USD,2.17 USD,TAKER,c6842262-4f6d-4991-9b2e-b75f65ffaaef,2025-03-21 01:03:00+00:00,2025-03-21 01:03:00+00:00,{},False
O-20250321-011500-001-V2-1075,BACKTESTER-001,MLSignalStrategyV2-V2,EUR/USD.IDEALPRO,IDEALPRO-1-1075,IDEALPRO-001,IDEALPRO-1-160587,EUR/USD.IDEALPRO-MLSignalStrategyV2-V2,BUY,MARKET,100000.00,1.08514,USD,2.17 USD,TAKER,36867056-dc48-4396-aad0-743191945e1a,2025-03-21 01:15:00+00:00,2025-03-21 01:15:00+00:00,{},False
O-20250321-011500-001-V2-1077,BACKTESTER-001,MLSignalStrategyV2-V2,EUR/USD.IDEALPRO,IDEALPRO-1-1077,IDEALPRO-001,IDEALPRO-1-160603,EUR/USD.IDEALPRO-MLSignalStrategyV2-V2,SELL,LIMIT,100000.00,1.08552,USD,2.17 USD,MAKER,2809d324-3acd-4e4d-8494-4f165f10cf78,2025-03-21 01:23:00+00:00,2025-03-21 01:23:00+00:00,{},False
O-20250321-030000-001-V2-1078,BACKTESTER-001,MLSignalStrategyV2-V2,EUR/USD.IDEALPRO,IDEALPRO-1-1078,IDEALPRO-001,IDEALPRO-1-160798,EUR/USD.IDEALPRO-MLSignalStrategyV2-V2,BUY,MARKET,100000.00,1.08443,USD,2.17 USD,TAKER,269ca2d5-5c38-40bf-8e7c-91a63189b2d9,2025-03-21 03:00:00+00:00,2025-03-21 03:00:00+00:00,{},False
O-20250321-030000-001-V2-1079,BACKTESTER-001,MLSignalStrategyV2-V2,EUR/USD.IDEALPRO,IDEALPRO-1-1079,IDEALPRO-001,IDEALPRO-1-160865,EUR/USD.IDEALPRO-MLSignalStrategyV2-V2,SELL,STOP_MARKET,100000.00,1.08378,USD,2.17 USD,TAKER,6aab131f-3105-49c4-ac1d-d272695712f8,2025-03-21 03:33:00+00:00,2025-03-21 03:33:00+00:00,{},False
O-20250321-034500-001-V2-1081,BACKTESTER-001,MLSignalStrategyV2-V2,EUR/USD.IDEALPRO,IDEALPRO-1-1081,IDEALPRO-001,IDEALPRO-1-160890,EUR/USD.IDEALPRO-MLSignalStrategyV2-V2,SELL,MARKET,100000.00,1.08359,USD,2.17 USD,TAKER,2fdecfab-5f6a-41be-92a4-0d0e8bf16e0b,2025-03-21 03:45:00+00:00,2025-03-21 03:45:00+00:00,{},False
O-20250321-034500-001-V2-1083,BACKTESTER-001,MLSignalStrategyV2-V2,EUR/USD.IDEALPRO,IDEALPRO-1-1083,IDEALPRO-001,IDEALPRO-1-160959,EUR/USD.IDEALPRO-MLSignalStrategyV2-V2,BUY,LIMIT,100000.00,1.08309,USD,2.17 USD,MAKER,93518e7b-5155-48bb-b4a3-a5e1655da110,2025-03-21 04:19:00+00:00,2025-03-21 04:19:00+00:00,{},False
O-20250321-050000-001-V2-1084,BACKTESTER-001,MLSignalStrategyV2-V2,EUR/USD.IDEALPRO,IDEALPRO-1-1084,IDEALPRO-001,IDEALPRO-1-161042,EUR/USD.IDEALPRO-MLSignalStrategyV2-V2,BUY,MARKET,100000.00,1.08303,USD,2.17 USD,TAKER,10415dc4-8225-499f-a808-abb47923db4d,2025-03-21 05:00:00+00:00,2025-03-21 05:00:00+00:00,{},False
O-20250321-050000-001-V2-1085,BACKTESTER-001,MLSignalStrategyV2-V2,EUR/USD.IDEALPRO,IDEALPRO-1-1085,IDEALPRO-001,IDEALPRO-1-161101,EUR/USD.IDEALPRO-MLSignalStrategyV2-V2,SELL,STOP_MARKET,100000.00,1.08251,USD,2.17 USD,TAKER,179d9b14-c550-4aaa-be41-5e072c2bf333,2025-03-21 05:29:00+00:00,2025-03-21 05:29:00+00:00,{},False
O-20250321-053000-001-V2-1087,BACKTESTER-001,MLSignalStrategyV2-V2,EUR/USD.IDEALPRO,IDEALPRO-1-1087,IDEALPRO-001,IDEALPRO-1-161104,EUR/USD.IDEALPRO-MLSignalStrategyV2-V2,BUY,MARKET,100000.00,1.08251,USD,2.17 USD,TAKER,c073ac1d-f3f9-4d25-a167-26761f46780e,2025-03-21 05:30:00+00:00,2025-03-21 05:30:00+00:00,{},False
O-20250321-053000-001-V2-1088,BACKTESTER-001,MLSignalStrategyV2-V2,EUR/USD.IDEALPRO,IDEALPRO-1-1088,IDEALPRO-001,IDEALPRO-1-161133,EUR/USD.IDEALPRO-MLSignalStrategyV2-V2,SELL,STOP_MARKET,100000.00,1.08201,USD,2.16 USD,TAKER,0a774f1d-d9ad-4346-8d2b-80aad1efaccd,2025-03-21 05:44:00+00:00,2025-03-21 05:44:00+00:00,{},False
O-20250321-054500-001-V2-1090,BACKTESTER-001,MLSignalStrategyV2-V2,EUR/USD.IDEALPRO,IDEALPRO-1-1090,IDEALPRO-001,IDEALPRO-1-161136,EUR/USD.IDEALPRO-MLSignalStrategyV2-V2,BUY,MARKET,100000.00,1.08203,USD,2.16 USD,TAKER,dae20032-2d64-4217-86b0-390abd64dffe,2025-03-21 05:45:00+00:00,2025-03-21 05:45:00+00:00,{},False
O-20250321-054500-001-V2-1092,BACKTESTER-001,MLSignalStrategyV2-V2,EUR/USD.IDEALPRO,IDEALPRO-1-1092,IDEALPRO-001,IDEALPRO-1-161157,EUR/USD.IDEALPRO-MLSignalStrategyV2-V2,SELL,LIMIT,100000.00,1.08251,USD,2.17 USD,MAKER,528c3a7b-3011-42a6-bb83-2d0e6055a26d,2025-03-21 05:55:00+00:00,2025-03-21 05:55:00+00:00,{},False
O-20250321-201500-001-V2-1093,BACKTESTER-001,MLSignalStrategyV2-V2,EUR/USD.IDEALPRO,IDEALPRO-1-1093,IDEALPRO-001,IDEALPRO-1-162878,EUR/USD.IDEALPRO-MLSignalStrategyV2-V2,BUY,MARKET,100000.00,1.08169,USD,2.16 USD,TAKER,fa661fd3-9895-45cb-a87a-21145babaea4,2025-03-21 20:15:00+00:00,2025-03-21 20:15:00+00:00,{},False
O-20250321-201500-001-V2-1095,BACKTESTER-001,MLSignalStrategyV2-V2,EUR/USD.IDEALPRO,IDEALPRO-1-1095,IDEALPRO-001,IDEALPRO-1-163061,EUR/USD.IDEALPRO-MLSignalStrategyV2-V2,SELL,LIMIT,100000.00,1.08264,USD,2.17 USD,MAKER,5ac1d342-af57-4c32-a3d1-c1d1452d0a48,2025-03-23 22:01:00+00:00,2025-03-23 22:01:00+00:00,{},False
O-20250323-221500-001-V2-1096,BACKTESTER-001,MLSignalStrategyV2-V2,EUR/USD.IDEALPRO,IDEALPRO-1-1096,IDEALPRO-001,IDEALPRO-1-163090,EUR/USD.IDEALPRO-MLSignalStrategyV2-V2,BUY,MARKET,100000.00,1.08179,USD,2.16 USD,TAKER,be595a68-5e6e-43d1-aef1-f89964062102,2025-03-23 22:15:00+00:00,2025-03-23 22:15:00+00:00,{},False
O-20250323-221500-001-V2-1098,BACKTESTER-001,MLSignalStrategyV2-V2,EUR/USD.IDEALPRO,IDEALPRO-1-1098,IDEALPRO-001,IDEALPRO-1-163205,EUR/USD.IDEALPRO-MLSignalStrategyV2-V2,SELL,LIMIT,100000.00,1.08233,USD,2.16 USD,MAKER,2e837b13-18b4-4887-abc3-2685dbd15116,2025-03-23 23:12:00+00:00,2025-03-23 23:12:00+00:00,{},False
O-20250323-233000-001-V2-1099,BACKTESTER-001,MLSignalStrategyV2-V2,EUR/USD.IDEALPRO,IDEALPRO-1-1099,IDEALPRO-001,IDEALPRO-1-163243,EUR/USD.IDEALPRO-MLSignalStrategyV2-V2,BUY,MARKET,100000.00,1.08244,USD,2.16 USD,TAKER,4c040a3e-db6f-4510-8290-a58d16b18dd8,2025-03-23 23:30:00+00:00,2025-03-23 23:30:00+00:00,{},False
O-20250323-233000-001-V2-1101,BACKTESTER-001,MLSignalStrategyV2-V2,EUR/USD.IDEALPRO,IDEALPRO-1-1101,IDEALPRO-001,IDEALPRO-1-163273,EUR/USD.IDEALPRO-MLSignalStrategyV2-V2,SELL,LIMIT,100000.00,1.08294,USD,2.17 USD,MAKER,18acc9b4-d6c8-4a33-95fe-0979bebf0816,2025-03-23 23:45:00+00:00,2025-03-23 23:45:00+00:00,{},False
O-20250323-234500-001-V2-1102,BACKTESTER-001,MLSignalStrategyV2-V2,EUR/USD.IDEALPRO,IDEALPRO-1-1102,IDEALPRO-001,IDEALPRO-1-163274,EUR/USD.IDEALPRO-MLSignalStrategyV2-V2,BUY,MARKET,100000.00,1.08293,USD,2.17 USD,TAKER,97d9c367-dd59-43dc-9393-c7a43430cfe0,2025-03-23 23:45:00+00:00,2025-03-23 23:45:00+00:00,{},False
O-20250323-234500-001-V2-1104,BACKTESTER-001,MLSignalStrategyV2-V2,EUR/USD.IDEALPRO,IDEALPRO-1-1104,IDEALPRO-001,IDEALPRO-1-163295,EUR/USD.IDEALPRO-MLSignalStrategyV2-V2,SELL,LIMIT,100000.00,1.08360,USD,2.17 USD,MAKER,107fce07-9bc6-4210-8406-abe6a002a2ae,2025-03-23 23:55:00+00:00,2025-03-23 23:55:00+00:00,{},False
O-20250324-084500-001-V2-1105,BACKTESTER-001,MLSignalStrategyV2-V2,EUR/USD.IDEALPRO,IDEALPRO-1-1105,IDEALPRO-001,IDEALPRO-1-164356,EUR/USD.IDEALPRO-MLSignalStrategyV2-V2,SELL,MARKET,100000.00,1.08473,USD,2.17 USD,TAKER,c3e204f8-186a-4a3c-8ea0-8f8cfa9ac4eb,2025-03-24 08:45:00+00:00,2025-03-24 08:45:00+00:00,{},False
O-20250324-084500-001-V2-1107,BACKTESTER-001,MLSignalStrategyV2-V2,EUR/USD.IDEALPRO,IDEALPRO-1-1107,IDEALPRO-001,IDEALPRO-1-164397,EUR/USD.IDEALPRO-MLSignalStrategyV2-V2,BUY,LIMIT,100000.00,1.08366,USD,2.17 USD,MAKER,6a555b25-02ab-41b6-abb8-db9f7610f92c,2025-03-24 09:05:00+00:00,2025-03-24 09:05:00+00:00,{},False
O-20250324-100000-001-V2-1108,BACKTESTER-001,MLSignalStrategyV2-V2,EUR/USD.IDEALPRO,IDEALPRO-1-1108,IDEALPRO-001,IDEALPRO-1-164508,EUR/USD.IDEALPRO-MLSignalStrategyV2-V2,SELL,MARKET,100000.00,1.08394,USD,2.17 USD,TAKER,2822ce9b-4b36-40b0-a1f4-727ae045f058,2025-03-24 10:00:00+00:00,2025-03-24 10:00:00+00:00,{},False
O-20250324-100000-001-V2-1109,BACKTESTER-001,MLSignalStrategyV2-V2,EUR/USD.IDEALPRO,IDEALPRO-1-1109,IDEALPRO-001,IDEALPRO-1-164569,EUR/USD.IDEALPRO-MLSignalStrategyV2-V2,BUY,STOP_MARKET,100000.00,1.08523,USD,2.17 USD,TAKER,3cdc2e22-d52d-4a98-a81c-af069fda3611,2025-03-24 10:30:00+00:00,2025-03-24 10:30:00+00:00,{},False
O-20250324-120000-001-V2-1111,BACKTESTER-001,MLSignalStrategyV2-V2,EUR/USD.IDEALPRO,IDEALPRO-1-1111,IDEALPRO-001,IDEALPRO-1-164750,EUR/USD.IDEALPRO-MLSignalStrategyV2-V2,SELL,MARKET,100000.00,1.08325,USD,2.17 USD,TAKER,b1b1500b-079d-4ba1-9c7e-aa40c8b60d71,2025-03-24 12:00:00+00:00,2025-03-24 12:00:00+00:00,{},False
O-20250324-120000-001-V2-1113,BACKTESTER-001,MLSignalStrategyV2-V2,EUR/USD.IDEALPRO,IDEALPRO-1-1113,IDEALPRO-001,IDEALPRO-1-164787,EUR/USD.IDEALPRO-MLSignalStrategyV2-V2,BUY,LIMIT,100000.00,1.08228,USD,2.16 USD,MAKER,f7565732-62c2-472a-87ed-32f80006af21,2025-03-24 12:18:00+00:00,2025-03-24 12:18:00+00:00,{},False
O-20250324-140000-001-V2-1114,BACKTESTER-001,MLSignalStrategyV2-V2,EUR/USD.IDEALPRO,IDEALPRO-1-1114,IDEALPRO-001,IDEALPRO-1-164992,EUR/USD.IDEALPRO-MLSignalStrategyV2-V2,BUY,MARKET,100000.00,1.07934,USD,2.16 USD,TAKER,9034066d-6ea9-4dde-8e09-c0fd2fb24e11,2025-03-24 14:00:00+00:00,2025-03-24 14:00:00+00:00,{},False
O-20250324-140000-001-V2-1116,BACKTESTER-001,MLSignalStrategyV2-V2,EUR/USD.IDEALPRO,IDEALPRO-1-1116,IDEALPRO-001,IDEALPRO-1-165019,EUR/USD.IDEALPRO-MLSignalStrategyV2-V2,SELL,LIMIT,100000.00,1.08054,USD,2.16 USD,MAKER,e23c8378-37eb-461d-a4b7-6ef8d9f97354,2025-03-24 14:13:00+00:00,2025-03-24 14:13:00+00:00,{},False
O-20250324-170000-001-V2-1117,BACKTESTER-001,MLSignalStrategyV2-V2,EUR/USD.IDEALPRO,IDEALPRO-1-1117,IDEALPRO-001,IDEALPRO-1-165354,EUR/USD.IDEALPRO-MLSignalStrategyV2-V2,BUY,MARKET,100000.00,1.07919,USD,2.16 USD,TAKER,f5b90a48-e88e-4b5b-8216-fa2ca01a4963,2025-03-24 17:00:00+00:00,2025-03-24 17:00:00+00:00,{},False
O-20250324-170000-001-V2-1119,BACKTESTER-001,MLSignalStrategyV2-V2,EUR/USD.IDEALPRO,IDEALPRO-1-1119,IDEALPRO-001,IDEALPRO-1-165557,EUR/USD.IDEALPRO-MLSignalStrategyV2-V2,SELL,LIMIT,100000.00,1.08125,USD,2.16 USD,MAKER,14299252-e390-4d93-b32e-42106aa9af84,2025-03-24 18:41:00+00:00,2025-03-24 18:41:00+00:00,{},False
O-20250324-220000-001-V2-1120,BACKTESTER-001,MLSignalStrategyV2-V2,EUR/USD.IDEALPRO,IDEALPRO-1-1120,IDEALPRO-001,IDEALPRO-1-165926,EUR/USD.IDEALPRO-MLSignalStrategyV2-V2,BUY,MARKET,100000.00,1.08007,USD,2.16 USD,TAKER,b6d3af54-0240-4401-b892-90b2f2038bea,2025-03-24 22:00:00+00:00,2025-03-24 22:00:00+00:00,{},False
O-20250324-220000-001-V2-1122,BACKTESTER-001,MLSignalStrategyV2-V2,EUR/USD.IDEALPRO,IDEALPRO-1-1122,IDEALPRO-001,IDEALPRO-1-166321,EUR/USD.IDEALPRO-MLSignalStrategyV2-V2,SELL,LIMIT,100000.00,1.08062,USD,2.16 USD,MAKER,793acc94-5ead-45b1-ba66-e66c5c514086,2025-03-25 01:17:00+00:00,2025-03-25 01:17:00+00:00,{},False
O-20250325-013000-001-V2-1123,BACKTESTER-001,MLSignalStrategyV2-V2,EUR/USD.IDEALPRO,IDEALPRO-1-1123,IDEALPRO-001,IDEALPRO-1-166349,EUR/USD.IDEALPRO-MLSignalStrategyV2-V2,SELL,MARKET,100000.00,1.08044,USD,2.16 USD,TAKER,2aa937ea-9d0a-43fb-9ca8-3b414984261e,2025-03-25 01:30:00+00:00,2025-03-25 01:30:00+00:00,{},False
O-20250325-013000-001-V2-1125,BACKTESTER-001,MLSignalStrategyV2-V2,EUR/USD.IDEALPRO,IDEALPRO-1-1125,IDEALPRO-001,IDEALPRO-1-166455,EUR/USD.IDEALPRO-MLSignalStrategyV2-V2,BUY,LIMIT,100000.00,1.08001,USD,2.16 USD,MAKER,3f216f8f-b232-4907-a57a-9cbbbb6e5223,2025-03-25 02:23:00+00:00,2025-03-25 02:23:00+00:00,{},False
O-20250325-024500-001-V2-1126,BACKTESTER-001,MLSignalStrategyV2-V2,EUR/USD.IDEALPRO,IDEALPRO-1-1126,IDEALPRO-001,IDEALPRO-1-166501,EUR/USD.IDEALPRO-MLSignalStrategyV2-V2,SELL,MARKET,100000.00,1.07991,USD,2.16 USD,TAKER,032ee1d6-61df-4eae-9610-b6d71a310f99,2025-03-25 02:45:00+00:00,2025-03-25 02:45:00+00:00,{},False
O-20250325-024500-001-V2-1128,BACKTESTER-001,MLSignalStrategyV2-V2,EUR/USD.IDEALPRO,IDEALPRO-1-1128,IDEALPRO-001,IDEALPRO-1-166515,EUR/USD.IDEALPRO-MLSignalStrategyV2-V2,BUY,LIMIT,100000.00,1.07943,USD,2.16 USD,MAKER,f9dddcb8-dff5-4bc9-a927-bf585e18ef41,2025-03-25 02:52:00+00:00,2025-03-25 02:52:00+00:00,{},False
O-20250325-041500-001-V2-1129,BACKTESTER-001,MLSignalStrategyV2-V2,EUR/USD.IDEALPRO,IDEALPRO-1-1129,IDEALPRO-001,IDEALPRO-1-166682,EUR/USD.IDEALPRO-MLSignalStrategyV2-V2,SELL,MARKET,100000.00,1.08054,USD,2.16 USD,TAKER,04c5d8b3-ebfd-481c-bd39-0e83ab28a46d,2025-03-25 04:15:00+00:00,2025-03-25 04:15:00+00:00,{},False
O-20250325-041500-001-V2-1131,BACKTESTER-001,MLSignalStrategyV2-V2,EUR/USD.IDEALPRO,IDEALPRO-1-1131,IDEALPRO-001,IDEALPRO-1-166888,EUR/USD.IDEALPRO-MLSignalStrategyV2-V2,BUY,LIMIT,100000.00,1.08013,USD,2.16 USD,MAKER,17b731aa-cff9-460b-878e-33543229ce2f,2025-03-25 05:57:00+00:00,2025-03-25 05:57:00+00:00,{},False
O-20250325-070000-001-V2-1132,BACKTESTER-001,MLSignalStrategyV2-V2,EUR/USD.IDEALPRO,IDEALPRO-1-1132,IDEALPRO-001,IDEALPRO-1-167014,EUR/USD.IDEALPRO-MLSignalStrategyV2-V2,SELL,MARKET,100000.00,1.07946,USD,2.16 USD,TAKER,05bb8f35-d0b0-4cb2-9df3-c1320116d4db,2025-03-25 07:00:00+00:00,2025-03-25 07:00:00+00:00,{},False
O-20250325-070000-001-V2-1133,BACKTESTER-001,MLSignalStrategyV2-V2,EUR/USD.IDEALPRO,IDEALPRO-1-1133,IDEALPRO-001,IDEALPRO-1-167035,EUR/USD.IDEALPRO-MLSignalStrategyV2-V2,BUY,STOP_MARKET,100000.00,1.08004,USD,2.16 USD,TAKER,8e442b7c-cc12-4e54-b06b-de0357a02543,2025-03-25 07:10:00+00:00,2025-03-25 07:10:00+00:00,{},False
O-20250325-080000-001-V2-1135,BACKTESTER-001,MLSignalStrategyV2-V2,EUR/USD.IDEALPRO,IDEALPRO-1-1135,IDEALPRO-001,IDEALPRO-1-167137,EUR/USD.IDEALPRO-MLSignalStrategyV2-V2,BUY,MARKET,100000.00,1.07874,USD,2.16 USD,TAKER,8a615b9e-0845-4c9b-88e3-e921746b8006,2025-03-25 08:00:00+00:00,2025-03-25 08:00:00+00:00,{},False
O-20250325-080000-001-V2-1136,BACKTESTER-001,MLSignalStrategyV2-V2,EUR/USD.IDEALPRO,IDEALPRO-1-1136,IDEALPRO-001,IDEALPRO-1-167169,EUR/USD.IDEALPRO-MLSignalStrategyV2-V2,SELL,STOP_MARKET,100000.00,1.07782,USD,2.16 USD,TAKER,52698f59-f159-40d2-970b-07de8a9caa31,2025-03-25 08:16:00+00:00,2025-03-25 08:16:00+00:00,{},False
O-20250325-103000-001-V2-1138,BACKTESTER-001,MLSignalStrategyV2-V2,EUR/USD.IDEALPRO,IDEALPRO-1-1138,IDEALPRO-001,IDEALPRO-1-167438,EUR/USD.IDEALPRO-MLSignalStrategyV2-V2,BUY,MARKET,100000.00,1.08171,USD,2.16 USD,TAKER,161c706b-e8cc-451d-888b-bc36fc043116,2025-03-25 10:30:00+00:00,2025-03-25 10:30:00+00:00,{},False
O-20250325-103000-001-V2-1140,BACKTESTER-001,MLSignalStrategyV2-V2,EUR/USD.IDEALPRO,IDEALPRO-1-1140,IDEALPRO-001,IDEALPRO-1-167565,EUR/USD.IDEALPRO-MLSignalStrategyV2-V2,SELL,LIMIT,100000.00,1.08254,USD,2.17 USD,MAKER,af597d8d-1c3b-42fc-ac74-19469c91f7c6,2025-03-25 11:33:00+00:00,2025-03-25 11:33:00+00:00,{},False
O-20250325-201500-001-V2-1141,BACKTESTER-001,MLSignalStrategyV2-V2,EUR/USD.IDEALPRO,IDEALPRO-1-1141,IDEALPRO-001,IDEALPRO-1-168610,EUR/USD.IDEALPRO-MLSignalStrategyV2-V2,BUY,MARKET,100000.00,1.07925,USD,2.16 USD,TAKER,68c99ec2-eefe-414c-a96d-ca588c88f44d,2025-03-25 20:15:00+00:00,2025-03-25 20:15:00+00:00,{},False
O-20250325-201500-001-V2-1142,BACKTESTER-001,MLSignalStrategyV2-V2,EUR/USD.IDEALPRO,IDEALPRO-1-1142,IDEALPRO-001,IDEALPRO-1-169129,EUR/USD.IDEALPRO-MLSignalStrategyV2-V2,SELL,STOP_MARKET,100000.00,1.07845,USD,2.16 USD,TAKER,48ecaca9-ebbc-4d57-9d12-df9911d6d2d9,2025-03-26 00:49:00+00:00,2025-03-26 00:49:00+00:00,{},False
O-20250326-044500-001-V2-1144,BACKTESTER-001,MLSignalStrategyV2-V2,EUR/USD.IDEALPRO,IDEALPRO-1-1144,IDEALPRO-001,IDEALPRO-1-169602,EUR/USD.IDEALPRO-MLSignalStrategyV2-V2,BUY,MARKET,100000.00,1.07818,USD,2.16 USD,TAKER,2c81d359-948a-4d4d-be10-b48f1b80dd7f,2025-03-26 04:45:00+00:00,2025-03-26 04:45:00+00:00,{},False
O-20250326-044500-001-V2-1146,BACKTESTER-001,MLSignalStrategyV2-V2,EUR/USD.IDEALPRO,IDEALPRO-1-1146,IDEALPRO-001,IDEALPRO-1-169709,EUR/USD.IDEALPRO-MLSignalStrategyV2-V2,SELL,LIMIT,100000.00,1.07861,USD,2.16 USD,MAKER,9f7e8eac-59eb-415c-bf1f-af6b65bdfd7c,2025-03-26 05:38:00+00:00,2025-03-26 05:38:00+00:00,{},False
O-20250326-143000-001-V2-1147,BACKTESTER-001,MLSignalStrategyV2-V2,EUR/USD.IDEALPRO,IDEALPRO-1-1147,IDEALPRO-001,IDEALPRO-1-170775,EUR/USD.IDEALPRO-MLSignalStrategyV2-V2,BUY,MARKET,100000.00,1.07929,USD,2.16 USD,TAKER,6e4832d1-9e41-470e-a1b6-780e60cc0040,2025-03-26 14:30:00+00:00,2025-03-26 14:30:00+00:00,{},False
O-20250326-143000-001-V2-1148,BACKTESTER-001,MLSignalStrategyV2-V2,EUR/USD.IDEALPRO,IDEALPRO-1-1148,IDEALPRO-001,IDEALPRO-1-170933,EUR/USD.IDEALPRO-MLSignalStrategyV2-V2,SELL,STOP_MARKET,100000.00,1.07812,USD,2.16 USD,TAKER,a9dd13ad-e9dc-461a-aaa5-f07ef3ee59be,2025-03-26 15:49:00+00:00,2025-03-26 15:49:00+00:00,{},False
O-20250326-213000-001-V2-1150,BACKTESTER-001,MLSignalStrategyV2-V2,EUR/USD.IDEALPRO,IDEALPRO-1-1150,IDEALPRO-001,IDEALPRO-1-171586,EUR/USD.IDEALPRO-MLSignalStrategyV2-V2,BUY,MARKET,100000.00,1.07387,USD,2.15 USD,TAKER,a91808eb-d84b-4633-9316-22306d6dbc52,2025-03-26 21:30:00+00:00,2025-03-26 21:30:00+00:00,{},False
O-20250326-213000-001-V2-1152,BACKTESTER-001,MLSignalStrategyV2-V2,EUR/USD.IDEALPRO,IDEALPRO-1-1152,IDEALPRO-001,IDEALPRO-1-171899,EUR/USD.IDEALPRO-MLSignalStrategyV2-V2,SELL,LIMIT,100000.00,1.07466,USD,2.15 USD,MAKER,c4c22d4b-0e03-4a87-9aab-1abbb7c51046,2025-03-27 00:06:00+00:00,2025-03-27 00:06:00+00:00,{},False
O-20250327-004500-001-V2-1153,BACKTESTER-001,MLSignalStrategyV2-V2,EUR/USD.IDEALPRO,IDEALPRO-1-1153,IDEALPRO-001,IDEALPRO-1-171978,EUR/USD.IDEALPRO-MLSignalStrategyV2-V2,BUY,MARKET,100000.00,1.07499,USD,2.15 USD,TAKER,2a65fce2-7f92-48c3-bf07-fdf189672b58,2025-03-27 00:45:00+00:00,2025-03-27 00:45:00+00:00,{},False
O-20250327-004500-001-V2-1155,BACKTESTER-001,MLSignalStrategyV2-V2,EUR/USD.IDEALPRO,IDEALPRO-1-1155,IDEALPRO-001,IDEALPRO-1-171999,EUR/USD.IDEALPRO-MLSignalStrategyV2-V2,SELL,LIMIT,100000.00,1.07559,USD,2.15 USD,MAKER,b7f2f5ac-dc6a-405c-8351-9c6ff1e82626,2025-03-27 00:55:00+00:00,2025-03-27 00:55:00+00:00,{},False
O-20250327-030000-001-V2-1156,BACKTESTER-001,MLSignalStrategyV2-V2,EUR/USD.IDEALPRO,IDEALPRO-1-1156,IDEALPRO-001,IDEALPRO-1-172250,EUR/USD.IDEALPRO-MLSignalStrategyV2-V2,SELL,MARKET,100000.00,1.07760,USD,2.16 USD,TAKER,9609558b-ecde-450e-a3e6-2a6638fe2134,2025-03-27 03:00:00+00:00,2025-03-27 03:00:00+00:00,{},False
O-20250327-030000-001-V2-1157,BACKTESTER-001,MLSignalStrategyV2-V2,EUR/USD.IDEALPRO,IDEALPRO-1-1157,IDEALPRO-001,IDEALPRO-1-172385,EUR/USD.IDEALPRO-MLSignalStrategyV2-V2,BUY,STOP_MARKET,100000.00,1.07845,USD,2.16 USD,TAKER,05abefb8-adb7-425a-9c5c-d28e2bd9b08f,2025-03-27 04:07:00+00:00,2025-03-27 04:07:00+00:00,{},False
O-20250327-043000-001-V2-1159,BACKTESTER-001,MLSignalStrategyV2-V2,EUR/USD.IDEALPRO,IDEALPRO-1-1159,IDEALPRO-001,IDEALPRO-1-172433,EUR/USD.IDEALPRO-MLSignalStrategyV2-V2,SELL,MARKET,100000.00,1.07858,USD,2.16 USD,TAKER,1ffa429d-1c31-4bc0-b79f-d8baef3070b4,2025-03-27 04:30:00+00:00,2025-03-27 04:30:00+00:00,{},False
O-20250327-043000-001-V2-1161,BACKTESTER-001,MLSignalStrategyV2-V2,EUR/USD.IDEALPRO,IDEALPRO-1-1161,IDEALPRO-001,IDEALPRO-1-172465,EUR/USD.IDEALPRO-MLSignalStrategyV2-V2,BUY,LIMIT,100000.00,1.07804,USD,2.16 USD,MAKER,9218b59a-f643-47ae-b0f8-ade02a404202,2025-03-27 04:46:00+00:00,2025-03-27 04:46:00+00:00,{},False
O-20250327-184500-001-V2-1162,BACKTESTER-001,MLSignalStrategyV2-V2,EUR/USD.IDEALPRO,IDEALPRO-1-1162,IDEALPRO-001,IDEALPRO-1-174145,EUR/USD.IDEALPRO-MLSignalStrategyV2-V2,SELL,MARKET,100000.00,1.07947,USD,2.16 USD,TAKER,a6ae51ca-3fe8-46bd-a348-f5f2089fa057,2025-03-27 18:45:00+00:00,2025-03-27 18:45:00+00:00,{},False
O-20250327-184500-001-V2-1164,BACKTESTER-001,MLSignalStrategyV2-V2,EUR/USD.IDEALPRO,IDEALPRO-1-1164,IDEALPRO-001,IDEALPRO-1-175267,EUR/USD.IDEALPRO-MLSignalStrategyV2-V2,BUY,LIMIT,100000.00,1.07863,USD,2.16 USD,MAKER,468598e4-f449-49d1-a9f5-ea9e1bae5c8d,2025-03-28 04:21:00+00:00,2025-03-28 04:21:00+00:00,{},False
O-20250328-043000-001-V2-1165,BACKTESTER-001,MLSignalStrategyV2-V2,EUR/USD.IDEALPRO,IDEALPRO-1-1165,IDEALPRO-001,IDEALPRO-1-175286,EUR/USD.IDEALPRO-MLSignalStrategyV2-V2,BUY,MARKET,100000.00,1.07870,USD,2.16 USD,TAKER,80d4b81e-dbed-4e48-acce-a6662833a3a7,2025-03-28 04:30:00+00:00,2025-03-28 04:30:00+00:00,{},False
O-20250328-043000-001-V2-1167,BACKTESTER-001,MLSignalStrategyV2-V2,EUR/USD.IDEALPRO,IDEALPRO-1-1167,IDEALPRO-001,IDEALPRO-1-175459,EUR/USD.IDEALPRO-MLSignalStrategyV2-V2,SELL,LIMIT,100000.00,1.07913,USD,2.16 USD,MAKER,b3b7509d-9a2f-4eff-9c6d-d1c5890c1303,2025-03-28 05:56:00+00:00,2025-03-28 05:56:00+00:00,{},False
O-20250328-070000-001-V2-1168,BACKTESTER-001,MLSignalStrategyV2-V2,EUR/USD.IDEALPRO,IDEALPRO-1-1168,IDEALPRO-001,IDEALPRO-1-175589,EUR/USD.IDEALPRO-MLSignalStrategyV2-V2,BUY,MARKET,100000.00,1.07851,USD,2.16 USD,TAKER,fd979b3e-d2dd-4763-bdd7-9e4b847b6bfd,2025-03-28 07:00:00+00:00,2025-03-28 07:00:00+00:00,{},False
O-20250328-070000-001-V2-1170,BACKTESTER-001,MLSignalStrategyV2-V2,EUR/USD.IDEALPRO,IDEALPRO-1-1170,IDEALPRO-001,IDEALPRO-1-175615,EUR/USD.IDEALPRO-MLSignalStrategyV2-V2,SELL,LIMIT,100000.00,1.07897,USD,2.16 USD,MAKER,b29db346-3f0d-4b55-920f-3dca8f8b7cea,2025-03-28 07:13:00+00:00,2025-03-28 07:13:00+00:00,{},False
O-20250328-090000-001-V2-1171,BACKTESTER-001,MLSignalStrategyV2-V2,EUR/USD.IDEALPRO,IDEALPRO-1-1171,IDEALPRO-001,IDEALPRO-1-175830,EUR/USD.IDEALPRO-MLSignalStrategyV2-V2,SELL,MARKET,100000.00,1.07783,USD,2.16 USD,TAKER,4608f2d3-e112-4a8f-ad2a-bd01bdda282f,2025-03-28 09:00:00+00:00,2025-03-28 09:00:00+00:00,{},False
O-20250328-090000-001-V2-1173,BACKTESTER-001,MLSignalStrategyV2-V2,EUR/USD.IDEALPRO,IDEALPRO-1-1173,IDEALPRO-001,IDEALPRO-1-175875,EUR/USD.IDEALPRO-MLSignalStrategyV2-V2,BUY,LIMIT,100000.00,1.07701,USD,2.15 USD,MAKER,9ba7958f-313d-4890-bccb-6c3362f9161d,2025-03-28 09:22:00+00:00,2025-03-28 09:22:00+00:00,{},False
O-20250328-100000-001-V2-1174,BACKTESTER-001,MLSignalStrategyV2-V2,EUR/USD.IDEALPRO,IDEALPRO-1-1174,IDEALPRO-001,IDEALPRO-1-175952,EUR/USD.IDEALPRO-MLSignalStrategyV2-V2,BUY,MARKET,100000.00,1.07738,USD,2.15 USD,TAKER,88a82428-ae22-4a9b-80d7-6a19f2eb8f96,2025-03-28 10:00:00+00:00,2025-03-28 10:00:00+00:00,{},False
O-20250328-100000-001-V2-1176,BACKTESTER-001,MLSignalStrategyV2-V2,EUR/USD.IDEALPRO,IDEALPRO-1-1176,IDEALPRO-001,IDEALPRO-1-176285,EUR/USD.IDEALPRO-MLSignalStrategyV2-V2,SELL,LIMIT,100000.00,1.07825,USD,2.16 USD,MAKER,56459005-2790-459c-80c1-bf00a34a60d3,2025-03-28 12:46:00+00:00,2025-03-28 12:46:00+00:00,{},False
O-20250328-150000-001-V2-1177,BACKTESTER-001,MLSignalStrategyV2-V2,EUR/USD.IDEALPRO,IDEALPRO-1-1177,IDEALPRO-001,IDEALPRO-1-176554,EUR/USD.IDEALPRO-MLSignalStrategyV2-V2,SELL,MARKET,100000.00,1.08231,USD,2.16 USD,TAKER,5a5049bf-faf2-43af-9152-8aca1aa0f0aa,2025-03-28 15:00:00+00:00,2025-03-28 15:00:00+00:00,{},False
O-20250328-150000-001-V2-1178,BACKTESTER-001,MLSignalStrategyV2-V2,EUR/USD.IDEALPRO,IDEALPRO-1-1178,IDEALPRO-001,IDEALPRO-1-176597,EUR/USD.IDEALPRO-MLSignalStrategyV2-V2,BUY,STOP_MARKET,100000.00,1.08380,USD,2.17 USD,TAKER,6739cba5-77f8-49b2-b097-3b06a23528ec,2025-03-28 15:21:00+00:00,2025-03-28 15:21:00+00:00,{},False
O-20250328-153000-001-V2-1180,BACKTESTER-001,MLSignalStrategyV2-V2,EUR/USD.IDEALPRO,IDEALPRO-1-1180,IDEALPRO-001,IDEALPRO-1-176616,EUR/USD.IDEALPRO-MLSignalStrategyV2-V2,SELL,MARKET,100000.00,1.08408,USD,2.17 USD,TAKER,273db960-c0d6-4283-9d25-ef1ce1a6ea56,2025-03-28 15:30:00+00:00,2025-03-28 15:30:00+00:00,{},False
O-20250328-153000-001-V2-1182,BACKTESTER-001,MLSignalStrategyV2-V2,EUR/USD.IDEALPRO,IDEALPRO-1-1182,IDEALPRO-001,IDEALPRO-1-176657,EUR/USD.IDEALPRO-MLSignalStrategyV2-V2,BUY,LIMIT,100000.00,1.08279,USD,2.17 USD,MAKER,ac29d9a5-3331-42fc-adf7-4db27c5878a6,2025-03-28 15:50:00+00:00,2025-03-28 15:50:00+00:00,{},False
O-20250328-160000-001-V2-1183,BACKTESTER-001,MLSignalStrategyV2-V2,EUR/USD.IDEALPRO,IDEALPRO-1-1183,IDEALPRO-001,IDEALPRO-1-176678,EUR/USD.IDEALPRO-MLSignalStrategyV2-V2,SELL,MARKET,100000.00,1.08251,USD,2.17 USD,TAKER,79eb0463-118b-4d89-9a43-1ac31f9a379f,2025-03-28 16:00:00+00:00,2025-03-28 16:00:00+00:00,{},False
O-20250328-160000-001-V2-1185,BACKTESTER-001,MLSignalStrategyV2-V2,EUR/USD.IDEALPRO,IDEALPRO-1-1185,IDEALPRO-001,IDEALPRO-1-176843,EUR/USD.IDEALPRO-MLSignalStrategyV2-V2,BUY,LIMIT,100000.00,1.08122,USD,2.16 USD,MAKER,a2f55500-f810-4513-8bb8-5d169fee8f09,2025-03-28 17:22:00+00:00,2025-03-28 17:22:00+00:00,{},False
O-20250328-200000-001-V2-1186,BACKTESTER-001,MLSignalStrategyV2-V2,EUR/USD.IDEALPRO,IDEALPRO-1-1186,IDEALPRO-001,IDEALPRO-1-177160,EUR/USD.IDEALPRO-MLSignalStrategyV2-V2,BUY,MARKET,100000.00,1.08257,USD,2.17 USD,TAKER,f0dd11ca-8844-445b-8e57-0946e07287ab,2025-03-28 20:00:00+00:00,2025-03-28 20:00:00+00:00,{},False
O-20250328-200000-001-V2-1188,BACKTESTER-001,MLSignalStrategyV2-V2,EUR/USD.IDEALPRO,IDEALPRO-1-1188,IDEALPRO-001,IDEALPRO-1-177217,EUR/USD.IDEALPRO-MLSignalStrategyV2-V2,SELL,LIMIT,100000.00,1.08322,USD,2.17 USD,MAKER,cd869a52-59ae-4b18-bb4a-3cd65b7e473a,2025-03-28 20:28:00+00:00,2025-03-28 20:28:00+00:00,{},False
O-20250330-221500-001-V2-1189,BACKTESTER-001,MLSignalStrategyV2-V2,EUR/USD.IDEALPRO,IDEALPRO-1-1189,IDEALPRO-001,IDEALPRO-1-177402,EUR/USD.IDEALPRO-MLSignalStrategyV2-V2,BUY,MARKET,100000.00,1.08092,USD,2.16 USD,TAKER,7c6564ee-bbe0-4574-a230-b137cf90882b,2025-03-30 22:15:00+00:00,2025-03-30 22:15:00+00:00,{},False
O-20250330-221500-001-V2-1191,BACKTESTER-001,MLSignalStrategyV2-V2,EUR/USD.IDEALPRO,IDEALPRO-1-1191,IDEALPRO-001,IDEALPRO-1-177437,EUR/USD.IDEALPRO-MLSignalStrategyV2-V2,SELL,LIMIT,100000.00,1.08162,USD,2.16 USD,MAKER,e63520d3-c074-41b5-9b4a-4dd969b5fa2f,2025-03-30 22:32:00+00:00,2025-03-30 22:32:00+00:00,{},False
O-20250330-224500-001-V2-1192,BACKTESTER-001,MLSignalStrategyV2-V2,EUR/USD.IDEALPRO,IDEALPRO-1-1192,IDEALPRO-001,IDEALPRO-1-177464,EUR/USD.IDEALPRO-MLSignalStrategyV2-V2,BUY,MARKET,100000.00,1.08209,USD,2.16 USD,TAKER,3bfcd1c8-7de2-4719-bb48-b05f6b9c9e79,2025-03-30 22:45:00+00:00,2025-03-30 22:45:00+00:00,{},False
O-20250330-224500-001-V2-1194,BACKTESTER-001,MLSignalStrategyV2-V2,EUR/USD.IDEALPRO,IDEALPRO-1-1194,IDEALPRO-001,IDEALPRO-1-177513,EUR/USD.IDEALPRO-MLSignalStrategyV2-V2,SELL,LIMIT,100000.00,1.08294,USD,2.17 USD,MAKER,4e74828e-e811-4f5f-b799-c86815be8dd2,2025-03-30 23:09:00+00:00,2025-03-30 23:09:00+00:00,{},False
O-20250330-233000-001-V2-1195,BACKTESTER-001,MLSignalStrategyV2-V2,EUR/USD.IDEALPRO,IDEALPRO-1-1195,IDEALPRO-001,IDEALPRO-1-177556,EUR/USD.IDEALPRO-MLSignalStrategyV2-V2,BUY,MARKET,100000.00,1.08123,USD,2.16 USD,TAKER,c815dd4b-fa13-4307-975d-ed959eee68ac,2025-03-30 23:30:00+00:00,2025-03-30 23:30:00+00:00,{},False
O-20250330-233000-001-V2-1197,BACKTESTER-001,MLSignalStrategyV2-V2,EUR/USD.IDEALPRO,IDEALPRO-1-1197,IDEALPRO-001,IDEALPRO-1-177579,EUR/USD.IDEALPRO-MLSignalStrategyV2-V2,SELL,LIMIT,100000.00,1.08201,USD,2.16 USD,MAKER,bc037bf2-74a9-4601-8ec9-59c54733a37a,2025-03-30 23:41:00+00:00,2025-03-30 23:41:00+00:00,{},False
O-20250330-234500-001-V2-1198,BACKTESTER-001,MLSignalStrategyV2-V2,EUR/USD.IDEALPRO,IDEALPRO-1-1198,IDEALPRO-001,IDEALPRO-1-177588,EUR/USD.IDEALPRO-MLSignalStrategyV2-V2,BUY,MARKET,100000.00,1.08227,USD,2.16 USD,TAKER,4d05a7e1-bff9-4143-a0e6-3bf3a020459a,2025-03-30 23:45:00+00:00,2025-03-30 23:45:00+00:00,{},False
O-20250330-234500-001-V2-1200,BACKTESTER-001,MLSignalStrategyV2-V2,EUR/USD.IDEALPRO,IDEALPRO-1-1200,IDEALPRO-001,IDEALPRO-1-177655,EUR/USD.IDEALPRO-MLSignalStrategyV2-V2,SELL,LIMIT,100000.00,1.08315,USD,2.17 USD,MAKER,3160b4a6-cd79-439b-a5df-94085379400c,2025-03-31 00:18:00+00:00,2025-03-31 00:18:00+00:00,{},False
O-20250331-080000-001-V2-1201,BACKTESTER-001,MLSignalStrategyV2-V2,EUR/USD.IDEALPRO,IDEALPRO-1-1201,IDEALPRO-001,IDEALPRO-1-178581,EUR/USD.IDEALPRO-MLSignalStrategyV2-V2,BUY,MARKET,100000.00,1.08320,USD,2.17 USD,TAKER,b21e3cfd-f41b-4132-bd1e-e2693097a3fd,2025-03-31 08:00:00+00:00,2025-03-31 08:00:00+00:00,{},False
O-20250331-080000-001-V2-1202,BACKTESTER-001,MLSignalStrategyV2-V2,EUR/USD.IDEALPRO,IDEALPRO-1-1202,IDEALPRO-001,IDEALPRO-1-178603,EUR/USD.IDEALPRO-MLSignalStrategyV2-V2,SELL,STOP_MARKET,100000.00,1.08194,USD,2.16 USD,TAKER,fa751003-5145-436f-bf00-486d64dd9631,2025-03-31 08:11:00+00:00,2025-03-31 08:11:00+00:00,{},False
O-20250331-100000-001-V2-1204,BACKTESTER-001,MLSignalStrategyV2-V2,EUR/USD.IDEALPRO,IDEALPRO-1-1204,IDEALPRO-001,IDEALPRO-1-178822,EUR/USD.IDEALPRO-MLSignalStrategyV2-V2,BUY,MARKET,100000.00,1.08163,USD,2.16 USD,TAKER,3bf5dc3a-0e80-4f17-917e-8cba32d6b89f,2025-03-31 10:00:00+00:00,2025-03-31 10:00:00+00:00,{},False
O-20250331-100000-001-V2-1205,BACKTESTER-001,MLSignalStrategyV2-V2,EUR/USD.IDEALPRO,IDEALPRO-1-1205,IDEALPRO-001,IDEALPRO-1-178869,EUR/USD.IDEALPRO-MLSignalStrategyV2-V2,SELL,STOP_MARKET,100000.00,1.08055,USD,2.16 USD,TAKER,6069f1d2-150a-4ba4-87b1-1f9e134dd89b,2025-03-31 10:23:00+00:00,2025-03-31 10:23:00+00:00,{},False
O-20250331-104500-001-V2-1207,BACKTESTER-001,MLSignalStrategyV2-V2,EUR/USD.IDEALPRO,IDEALPRO-1-1207,IDEALPRO-001,IDEALPRO-1-178914,EUR/USD.IDEALPRO-MLSignalStrategyV2-V2,BUY,MARKET,100000.00,1.08118,USD,2.16 USD,TAKER,63934623-47a6-4791-9ee1-917ff4ec2182,2025-03-31 10:45:00+00:00,2025-03-31 10:45:00+00:00,{},False
O-20250331-104500-001-V2-1209,BACKTESTER-001,MLSignalStrategyV2-V2,EUR/USD.IDEALPRO,IDEALPRO-1-1209,IDEALPRO-001,IDEALPRO-1-178949,EUR/USD.IDEALPRO-MLSignalStrategyV2-V2,SELL,LIMIT,100000.00,1.08214,USD,2.16 USD,MAKER,9e3c3e59-462a-43ad-bb0c-c9068018fdfa,2025-03-31 11:02:00+00:00,2025-03-31 11:02:00+00:00,{},False
O-20250331-200000-001-V2-1210,BACKTESTER-001,MLSignalStrategyV2-V2,EUR/USD.IDEALPRO,IDEALPRO-1-1210,IDEALPRO-001,IDEALPRO-1-180026,EUR/USD.IDEALPRO-MLSignalStrategyV2-V2,BUY,MARKET,100000.00,1.08142,USD,2.16 USD,TAKER,22f1dcf4-5fbe-4434-b3ba-10a9004053f9,2025-03-31 20:00:00+00:00,2025-03-31 20:00:00+00:00,{},False
O-20250331-200000-001-V2-1212,BACKTESTER-001,MLSignalStrategyV2-V2,EUR/USD.IDEALPRO,IDEALPRO-1-1212,IDEALPRO-001,IDEALPRO-1-180505,EUR/USD.IDEALPRO-MLSignalStrategyV2-V2,SELL,LIMIT,100000.00,1.08236,USD,2.16 USD,MAKER,ac3838bb-62f0-4aaf-af03-3c1c2ac99a8a,2025-04-01 00:14:00+00:00,2025-04-01 00:14:00+00:00,{},False
O-20250401-090000-001-V2-1213,BACKTESTER-001,MLSignalStrategyV2-V2,EUR/USD.IDEALPRO,IDEALPRO-1-1213,IDEALPRO-001,IDEALPRO-1-181559,EUR/USD.IDEALPRO-MLSignalStrategyV2-V2,SELL,MARKET,100000.00,1.08178,USD,2.16 USD,TAKER,c84d3262-e552-4881-985c-0cf6878ceda3,2025-04-01 09:00:00+00:00,2025-04-01 09:00:00+00:00,{},False
O-20250401-090000-001-V2-1214,BACKTESTER-001,MLSignalStrategyV2-V2,EUR/USD.IDEALPRO,IDEALPRO-1-1214,IDEALPRO-001,IDEALPRO-1-181571,EUR/USD.IDEALPRO-MLSignalStrategyV2-V2,BUY,STOP_MARKET,100000.00,1.08292,USD,2.17 USD,TAKER,2047222b-3493-49c2-9669-629333a4e35f,2025-04-01 09:06:00+00:00,2025-04-01 09:06:00+00:00,{},False
O-20250401-113000-001-V2-1216,BACKTESTER-001,MLSignalStrategyV2-V2,EUR/USD.IDEALPRO,IDEALPRO-1-1216,IDEALPRO-001,IDEALPRO-1-181860,EUR/USD.IDEALPRO-MLSignalStrategyV2-V2,BUY,MARKET,100000.00,1.07874,USD,2.16 USD,TAKER,dac23bb3-f579-4c32-9812-cd4729079ca2,2025-04-01 11:30:00+00:00,2025-04-01 11:30:00+00:00,{},False
O-20250401-113000-001-V2-1218,BACKTESTER-001,MLSignalStrategyV2-V2,EUR/USD.IDEALPRO,IDEALPRO-1-1218,IDEALPRO-001,IDEALPRO-1-182165,EUR/USD.IDEALPRO-MLSignalStrategyV2-V2,SELL,LIMIT,100000.00,1.07976,USD,2.16 USD,MAKER,01f739cd-9c50-4f3a-8a21-b6465fb6b1c4,2025-04-01 14:02:00+00:00,2025-04-01 14:02:00+00:00,{},False
O-20250401-200000-001-V2-1219,BACKTESTER-001,MLSignalStrategyV2-V2,EUR/USD.IDEALPRO,IDEALPRO-1-1219,IDEALPRO-001,IDEALPRO-1-182882,EUR/USD.IDEALPRO-MLSignalStrategyV2-V2,BUY,MARKET,100000.00,1.07898,USD,2.16 USD,TAKER,5dfc93b7-2726-426a-95cf-6fe106ffe9d8,2025-04-01 20:00:00+00:00,2025-04-01 20:00:00+00:00,{},False
O-20250401-200000-001-V2-1221,BACKTESTER-001,MLSignalStrategyV2-V2,EUR/USD.IDEALPRO,IDEALPRO-1-1221,IDEALPRO-001,IDEALPRO-1-182979,EUR/USD.IDEALPRO-MLSignalStrategyV2-V2,SELL,LIMIT,100000.00,1.08023,USD,2.16 USD,MAKER,dcf7fef0-52a0-4b1b-9e5c-aeccc017e309,2025-04-01 20:48:00+00:00,2025-04-01 20:48:00+00:00,{},False
O-20250401-223000-001-V2-1222,BACKTESTER-001,MLSignalStrategyV2-V2,EUR/USD.IDEALPRO,IDEALPRO-1-1222,IDEALPRO-001,IDEALPRO-1-183154,EUR/USD.IDEALPRO-MLSignalStrategyV2-V2,BUY,MARKET,100000.00,1.08067,USD,2.16 USD,TAKER,9ce7ff41-601c-4352-9a36-7e865d8ebe89,2025-04-01 22:30:00+00:00,2025-04-01 22:30:00+00:00,{},False
O-20250401-223000-001-V2-1223,BACKTESTER-001,MLSignalStrategyV2-V2,EUR/USD.IDEALPRO,IDEALPRO-1-1223,IDEALPRO-001,IDEALPRO-1-183205,EUR/USD.IDEALPRO-MLSignalStrategyV2-V2,SELL,STOP_MARKET,100000.00,1.07998,USD,2.16 USD,TAKER,b1f893a4-942e-4f73-b4f7-b43dd7f992a3,2025-04-01 22:55:00+00:00,2025-04-01 22:55:00+00:00,{},False
O-20250402-031500-001-V2-1225,BACKTESTER-001,MLSignalStrategyV2-V2,EUR/USD.IDEALPRO,IDEALPRO-1-1225,IDEALPRO-001,IDEALPRO-1-183726,EUR/USD.IDEALPRO-MLSignalStrategyV2-V2,SELL,MARKET,100000.00,1.07991,USD,2.16 USD,TAKER,4273301f-4c14-4198-b933-e9e57135bd9d,2025-04-02 03:15:00+00:00,2025-04-02 03:15:00+00:00,{},False
O-20250402-031500-001-V2-1227,BACKTESTER-001,MLSignalStrategyV2-V2,EUR/USD.IDEALPRO,IDEALPRO-1-1227,IDEALPRO-001,IDEALPRO-1-183839,EUR/USD.IDEALPRO-MLSignalStrategyV2-V2,BUY,LIMIT,100000.00,1.07946,USD,2.16 USD,MAKER,0d020d25-a302-40fe-9c36-9fa4500726e9,2025-04-02 04:11:00+00:00,2025-04-02 04:11:00+00:00,{},False
O-20250402-074500-001-V2-1228,BACKTESTER-001,MLSignalStrategyV2-V2,EUR/USD.IDEALPRO,IDEALPRO-1-1228,IDEALPRO-001,IDEALPRO-1-184268,EUR/USD.IDEALPRO-MLSignalStrategyV2-V2,BUY,MARKET,100000.00,1.07866,USD,2.16 USD,TAKER,e9014d77-8ea5-4dae-abae-688233fae226,2025-04-02 07:45:00+00:00,2025-04-02 07:45:00+00:00,{},False
O-20250402-074500-001-V2-1230,BACKTESTER-001,MLSignalStrategyV2-V2,EUR/USD.IDEALPRO,IDEALPRO-1-1230,IDEALPRO-001,IDEALPRO-1-184297,EUR/USD.IDEALPRO-MLSignalStrategyV2-V2,SELL,LIMIT,100000.00,1.07928,USD,2.16 USD,MAKER,34dcabcc-e6bc-43e1-b1a9-238e67bfec4f,2025-04-02 07:59:00+00:00,2025-04-02 07:59:00+00:00,{},False
O-20250402-080000-001-V2-1231,BACKTESTER-001,MLSignalStrategyV2-V2,EUR/USD.IDEALPRO,IDEALPRO-1-1231,IDEALPRO-001,IDEALPRO-1-184300,EUR/USD.IDEALPRO-MLSignalStrategyV2-V2,BUY,MARKET,100000.00,1.07919,USD,2.16 USD,TAKER,749f21ca-3b21-425e-a41d-973f710626cf,2025-04-02 08:00:00+00:00,2025-04-02 08:00:00+00:00,{},False
O-20250402-080000-001-V2-1233,BACKTESTER-001,MLSignalStrategyV2-V2,EUR/USD.IDEALPRO,IDEALPRO-1-1233,IDEALPRO-001,IDEALPRO-1-184335,EUR/USD.IDEALPRO-MLSignalStrategyV2-V2,SELL,LIMIT,100000.00,1.07985,USD,2.16 USD,MAKER,4b8b921c-b009-42f0-93cd-877c8e0f4397,2025-04-02 08:17:00+00:00,2025-04-02 08:17:00+00:00,{},False
O-20250402-203000-001-V2-1234,BACKTESTER-001,MLSignalStrategyV2-V2,EUR/USD.IDEALPRO,IDEALPRO-1-1234,IDEALPRO-001,IDEALPRO-1-185802,EUR/USD.IDEALPRO-MLSignalStrategyV2-V2,SELL,MARKET,100000.00,1.08533,USD,2.17 USD,TAKER,0323183d-d472-4206-82c5-d38fe33809ec,2025-04-02 20:30:00+00:00,2025-04-02 20:30:00+00:00,{},False
O-20250402-203000-001-V2-1236,BACKTESTER-001,MLSignalStrategyV2-V2,EUR/USD.IDEALPRO,IDEALPRO-1-1236,IDEALPRO-001,IDEALPRO-1-185805,EUR/USD.IDEALPRO-MLSignalStrategyV2-V2,BUY,LIMIT,100000.00,1.08299,USD,2.17 USD,MAKER,c3685070-96cd-4f96-9ef7-60eabea7ee5f,2025-04-02 20:31:00+00:00,2025-04-02 20:31:00+00:00,{},False
O-20250402-204500-001-V2-1237,BACKTESTER-001,MLSignalStrategyV2-V2,EUR/USD.IDEALPRO,IDEALPRO-1-1237,IDEALPRO-001,IDEALPRO-1-185834,EUR/USD.IDEALPRO-MLSignalStrategyV2-V2,SELL,MARKET,100000.00,1.08183,USD,2.16 USD,TAKER,acc8eee3-c1b8-4856-8067-6762b93e65cb,2025-04-02 20:45:00+00:00,2025-04-02 20:45:00+00:00,{},False
O-20250402-204500-001-V2-1238,BACKTESTER-001,MLSignalStrategyV2-V2,EUR/USD.IDEALPRO,IDEALPRO-1-1238,IDEALPRO-001,IDEALPRO-1-185857,EUR/USD.IDEALPRO-MLSignalStrategyV2-V2,BUY,STOP_MARKET,100000.00,1.08564,USD,2.17 USD,TAKER,0795aaf9-7d05-4f94-b063-3f3f8e8d83bb,2025-04-02 20:56:00+00:00,2025-04-02 20:56:00+00:00,{},False
O-20250402-223000-001-V2-1240,BACKTESTER-001,MLSignalStrategyV2-V2,EUR/USD.IDEALPRO,IDEALPRO-1-1240,IDEALPRO-001,IDEALPRO-1-186016,EUR/USD.IDEALPRO-MLSignalStrategyV2-V2,BUY,MARKET,100000.00,1.08220,USD,2.16 USD,TAKER,ec2f323e-ff7a-4bdf-a6d3-af3e1b20648e,2025-04-02 22:30:00+00:00,2025-04-02 22:30:00+00:00,{},False
O-20250402-223000-001-V2-1242,BACKTESTER-001,MLSignalStrategyV2-V2,EUR/USD.IDEALPRO,IDEALPRO-1-1242,IDEALPRO-001,IDEALPRO-1-186103,EUR/USD.IDEALPRO-MLSignalStrategyV2-V2,SELL,LIMIT,100000.00,1.08523,USD,2.17 USD,MAKER,18c8db31-1874-41d7-b21b-b92c25b2f6f8,2025-04-02 23:13:00+00:00,2025-04-02 23:13:00+00:00,{},False
O-20250403-030000-001-V2-1243,BACKTESTER-001,MLSignalStrategyV2-V2,EUR/USD.IDEALPRO,IDEALPRO-1-1243,IDEALPRO-001,IDEALPRO-1-186558,EUR/USD.IDEALPRO-MLSignalStrategyV2-V2,BUY,MARKET,100000.00,1.09122,USD,2.18 USD,TAKER,09a67102-ec21-454d-b229-ffce18c86134,2025-04-03 03:00:00+00:00,2025-04-03 03:00:00+00:00,{},False
O-20250403-030000-001-V2-1245,BACKTESTER-001,MLSignalStrategyV2-V2,EUR/USD.IDEALPRO,IDEALPRO-1-1245,IDEALPRO-001,IDEALPRO-1-186847,EUR/USD.IDEALPRO-MLSignalStrategyV2-V2,SELL,LIMIT,100000.00,1.09342,USD,2.19 USD,MAKER,aad907bd-adee-41ee-b556-96b20a8e21d2,2025-04-03 05:24:00+00:00,2025-04-03 05:24:00+00:00,{},False
O-20250403-061500-001-V2-1246,BACKTESTER-001,MLSignalStrategyV2-V2,EUR/USD.IDEALPRO,IDEALPRO-1-1246,IDEALPRO-001,IDEALPRO-1-186951,EUR/USD.IDEALPRO-MLSignalStrategyV2-V2,BUY,MARKET,100000.00,1.09459,USD,2.19 USD,TAKER,0ed000ca-dbe2-458a-9b93-6500a6d7e35d,2025-04-03 06:15:00+00:00,2025-04-03 06:15:00+00:00,{},False
O-20250403-061500-001-V2-1248,BACKTESTER-001,MLSignalStrategyV2-V2,EUR/USD.IDEALPRO,IDEALPRO-1-1248,IDEALPRO-001,IDEALPRO-1-186991,EUR/USD.IDEALPRO-MLSignalStrategyV2-V2,SELL,LIMIT,100000.00,1.09660,USD,2.19 USD,MAKER,38a6dfdf-8cfc-440c-998e-133966876b51,2025-04-03 06:35:00+00:00,2025-04-03 06:35:00+00:00,{},False
O-20250403-064500-001-V2-1249,BACKTESTER-001,MLSignalStrategyV2-V2,EUR/USD.IDEALPRO,IDEALPRO-1-1249,IDEALPRO-001,IDEALPRO-1-187012,EUR/USD.IDEALPRO-MLSignalStrategyV2-V2,BUY,MARKET,100000.00,1.09778,USD,2.20 USD,TAKER,9bc9318e-d4ef-42d5-8842-30826c41be8d,2025-04-03 06:45:00+00:00,2025-04-03 06:45:00+00:00,{},False
O-20250403-064500-001-V2-1250,BACKTESTER-001,MLSignalStrategyV2-V2,EUR/USD.IDEALPRO,IDEALPRO-1-1250,IDEALPRO-001,IDEALPRO-1-187091,EUR/USD.IDEALPRO-MLSignalStrategyV2-V2,SELL,STOP_MARKET,100000.00,1.09597,USD,2.19 USD,TAKER,427d1c41-ef23-475b-aa2b-65f85c8a71cb,2025-04-03 07:24:00+00:00,2025-04-03 07:24:00+00:00,{},False
O-20250403-104500-001-V2-1252,BACKTESTER-001,MLSignalStrategyV2-V2,EUR/USD.IDEALPRO,IDEALPRO-1-1252,IDEALPRO-001,IDEALPRO-1-187494,EUR/USD.IDEALPRO-MLSignalStrategyV2-V2,SELL,MARKET,100000.00,1.10698,USD,2.21 USD,TAKER,4e52ad4e-798e-40cc-ab76-d9cf61c7e39e,2025-04-03 10:45:00+00:00,2025-04-03 10:45:00+00:00,{},False
O-20250403-104500-001-V2-1253,BACKTESTER-001,MLSignalStrategyV2-V2,EUR/USD.IDEALPRO,IDEALPRO-1-1253,IDEALPRO-001,IDEALPRO-1-187659,EUR/USD.IDEALPRO-MLSignalStrategyV2-V2,BUY,STOP_MARKET,100000.00,1.11096,USD,2.22 USD,TAKER,bfc67de5-da79-4bbf-8850-d2293d146918,2025-04-03 12:07:00+00:00,2025-04-03 12:07:00+00:00,{},False
O-20250403-121500-001-V2-1255,BACKTESTER-001,MLSignalStrategyV2-V2,EUR/USD.IDEALPRO,IDEALPRO-1-1255,IDEALPRO-001,IDEALPRO-1-187676,EUR/USD.IDEALPRO-MLSignalStrategyV2-V2,SELL,MARKET,100000.00,1.10868,USD,2.22 USD,TAKER,a99920f8-9a04-4573-aba5-6f457be959c4,2025-04-03 12:15:00+00:00,2025-04-03 12:15:00+00:00,{},False
O-20250403-121500-001-V2-1256,BACKTESTER-001,MLSignalStrategyV2-V2,EUR/USD.IDEALPRO,IDEALPRO-1-1256,IDEALPRO-001,IDEALPRO-1-187799,EUR/USD.IDEALPRO-MLSignalStrategyV2-V2,BUY,STOP_MARKET,100000.00,1.11201,USD,2.22 USD,TAKER,9afe3288-1080-4394-83e5-b5af989a30b5,2025-04-03 13:16:00+00:00,2025-04-03 13:16:00+00:00,{},False
O-20250403-133000-001-V2-1258,BACKTESTER-001,MLSignalStrategyV2-V2,EUR/USD.IDEALPRO,IDEALPRO-1-1258,IDEALPRO-001,IDEALPRO-1-187828,EUR/USD.IDEALPRO-MLSignalStrategyV2-V2,SELL,MARKET,100000.00,1.10944,USD,2.22 USD,TAKER,358b95c1-a835-45eb-863f-04a011fe269d,2025-04-03 13:30:00+00:00,2025-04-03 13:30:00+00:00,{},False
O-20250403-133000-001-V2-1259,BACKTESTER-001,MLSignalStrategyV2-V2,EUR/USD.IDEALPRO,IDEALPRO-1-1259,IDEALPRO-001,IDEALPRO-1-187985,EUR/USD.IDEALPRO-MLSignalStrategyV2-V2,BUY,STOP_MARKET,100000.00,1.11276,USD,2.23 USD,TAKER,ebbf5b8c-9d47-46f6-81f3-bf122763499b,2025-04-03 14:48:00+00:00,2025-04-03 14:48:00+00:00,{},False
O-20250403-150000-001-V2-1261,BACKTESTER-001,MLSignalStrategyV2-V2,EUR/USD.IDEALPRO,IDEALPRO-1-1261,IDEALPRO-001,IDEALPRO-1-188010,EUR/USD.IDEALPRO-MLSignalStrategyV2-V2,SELL,MARKET,100000.00,1.11182,USD,2.22 USD,TAKER,620509c0-b7e0-436b-86ce-d26cf93ed867,2025-04-03 15:00:00+00:00,2025-04-03 15:00:00+00:00,{},False
O-20250403-150000-001-V2-1263,BACKTESTER-001,MLSignalStrategyV2-V2,EUR/USD.IDEALPRO,IDEALPRO-1-1263,IDEALPRO-001,IDEALPRO-1-188041,EUR/USD.IDEALPRO-MLSignalStrategyV2-V2,BUY,LIMIT,100000.00,1.10916,USD,2.22 USD,MAKER,bd79657e-ae73-4955-94e8-d29985491317,2025-04-03 15:15:00+00:00,2025-04-03 15:15:00+00:00,{},False
O-20250403-151500-001-V2-1264,BACKTESTER-001,MLSignalStrategyV2-V2,EUR/USD.IDEALPRO,IDEALPRO-1-1264,IDEALPRO-001,IDEALPRO-1-188042,EUR/USD.IDEALPRO-MLSignalStrategyV2-V2,SELL,MARKET,100000.00,1.10923,USD,2.22 USD,TAKER,3d70acb4-bb4d-4ddd-a360-7ae89b7603d0,2025-04-03 15:15:00+00:00,2025-04-03 15:15:00+00:00,{},False
O-20250403-151500-001-V2-1266,BACKTESTER-001,MLSignalStrategyV2-V2,EUR/USD.IDEALPRO,IDEALPRO-1-1266,IDEALPRO-001,IDEALPRO-1-188065,EUR/USD.IDEALPRO-MLSignalStrategyV2-V2,BUY,LIMIT,100000.00,1.10664,USD,2.21 USD,MAKER,1ff24264-bde4-49a5-b0b3-82f8c7cf84fb,2025-04-03 15:26:00+00:00,2025-04-03 15:26:00+00:00,{},False
O-20250403-154500-001-V2-1267,BACKTESTER-001,MLSignalStrategyV2-V2,EUR/USD.IDEALPRO,IDEALPRO-1-1267,IDEALPRO-001,IDEALPRO-1-188104,EUR/USD.IDEALPRO-MLSignalStrategyV2-V2,BUY,MARKET,100000.00,1.10451,USD,2.21 USD,TAKER,8ee46219-ec4d-4f8c-ac24-9170e49faf2e,2025-04-03 15:45:00+00:00,2025-04-03 15:45:00+00:00,{},False
O-20250403-154500-001-V2-1269,BACKTESTER-001,MLSignalStrategyV2-V2,EUR/USD.IDEALPRO,IDEALPRO-1-1269,IDEALPRO-001,IDEALPRO-1-188903,EUR/USD.IDEALPRO-MLSignalStrategyV2-V2,SELL,LIMIT,100000.00,1.10713,USD,2.21 USD,MAKER,3107e894-1259-4e7b-94cc-9c2755d50a87,2025-04-03 22:39:00+00:00,2025-04-03 22:39:00+00:00,{},False
O-20250403-234500-001-V2-1270,BACKTESTER-001,MLSignalStrategyV2-V2,EUR/USD.IDEALPRO,IDEALPRO-1-1270,IDEALPRO-001,IDEALPRO-1-189037,EUR/USD.IDEALPRO-MLSignalStrategyV2-V2,SELL,MARKET,100000.00,1.10467,USD,2.21 USD,TAKER,c4043b88-2f76-49eb-92b3-60db7d4f2a1d,2025-04-03 23:45:00+00:00,2025-04-03 23:45:00+00:00,{},False
O-20250403-234500-001-V2-1272,BACKTESTER-001,MLSignalStrategyV2-V2,EUR/USD.IDEALPRO,IDEALPRO-1-1272,IDEALPRO-001,IDEALPRO-1-189107,EUR/USD.IDEALPRO-MLSignalStrategyV2-V2,BUY,LIMIT,100000.00,1.10368,USD,2.21 USD,MAKER,c6e59c43-9f29-40f9-ac91-b7f04f118c36,2025-04-04 00:20:00+00:00,2025-04-04 00:20:00+00:00,{},False
O-20250404-013000-001-V2-1273,BACKTESTER-001,MLSignalStrategyV2-V2,EUR/USD.IDEALPRO,IDEALPRO-1-1273,IDEALPRO-001,IDEALPRO-1-189248,EUR/USD.IDEALPRO-MLSignalStrategyV2-V2,BUY,MARKET,100000.00,1.10612,USD,2.21 USD,TAKER,4b12a696-f3c0-40c6-84b9-6d1170613456,2025-04-04 01:30:00+00:00,2025-04-04 01:30:00+00:00,{},False
O-20250404-013000-001-V2-1275,BACKTESTER-001,MLSignalStrategyV2-V2,EUR/USD.IDEALPRO,IDEALPRO-1-1275,IDEALPRO-001,IDEALPRO-1-189293,EUR/USD.IDEALPRO-MLSignalStrategyV2-V2,SELL,LIMIT,100000.00,1.10714,USD,2.21 USD,MAKER,7f7814c3-bbc9-4af8-a7b6-af11ab3457c6,2025-04-04 01:52:00+00:00,2025-04-04 01:52:00+00:00,{},False
O-20250404-024500-001-V2-1276,BACKTESTER-001,MLSignalStrategyV2-V2,EUR/USD.IDEALPRO,IDEALPRO-1-1276,IDEALPRO-001,IDEALPRO-1-189400,EUR/USD.IDEALPRO-MLSignalStrategyV2-V2,BUY,MARKET,100000.00,1.10670,USD,2.21 USD,TAKER,f3f2e7f2-8f1a-421e-9ef1-72cb9186030b,2025-04-04 02:45:00+00:00,2025-04-04 02:45:00+00:00,{},False
O-20250404-024500-001-V2-1278,BACKTESTER-001,MLSignalStrategyV2-V2,EUR/USD.IDEALPRO,IDEALPRO-1-1278,IDEALPRO-001,IDEALPRO-1-189479,EUR/USD.IDEALPRO-MLSignalStrategyV2-V2,SELL,LIMIT,100000.00,1.10789,USD,2.22 USD,MAKER,97d71cb9-c614-429f-a91d-e6e97d965ffd,2025-04-04 03:24:00+00:00,2025-04-04 03:24:00+00:00,{},False
O-20250404-053000-001-V2-1279,BACKTESTER-001,MLSignalStrategyV2-V2,EUR/USD.IDEALPRO,IDEALPRO-1-1279,IDEALPRO-001,IDEALPRO-1-189732,EUR/USD.IDEALPRO-MLSignalStrategyV2-V2,SELL,MARKET,100000.00,1.11056,USD,2.22 USD,TAKER,a77adfc4-359b-43ef-8bfc-79892ede22ae,2025-04-04 05:30:00+00:00,2025-04-04 05:30:00+00:00,{},False
O-20250404-053000-001-V2-1281,BACKTESTER-001,MLSignalStrategyV2-V2,EUR/USD.IDEALPRO,IDEALPRO-1-1281,IDEALPRO-001,IDEALPRO-1-189739,EUR/USD.IDEALPRO-MLSignalStrategyV2-V2,BUY,LIMIT,100000.00,1.10908,USD,2.22 USD,MAKER,77712029-9e6d-40b0-a9da-20b17490a047,2025-04-04 05:33:00+00:00,2025-04-04 05:33:00+00:00,{},False
O-20250404-070000-001-V2-1282,BACKTESTER-001,MLSignalStrategyV2-V2,EUR/USD.IDEALPRO,IDEALPRO-1-1282,IDEALPRO-001,IDEALPRO-1-189914,EUR/USD.IDEALPRO-MLSignalStrategyV2-V2,BUY,MARKET,100000.00,1.10508,USD,2.21 USD,TAKER,c7cfaffe-4d0c-415f-bc3e-c48730cb15c8,2025-04-04 07:00:00+00:00,2025-04-04 07:00:00+00:00,{},False
O-20250404-070000-001-V2-1284,BACKTESTER-001,MLSignalStrategyV2-V2,EUR/USD.IDEALPRO,IDEALPRO-1-1284,IDEALPRO-001,IDEALPRO-1-189937,EUR/USD.IDEALPRO-MLSignalStrategyV2-V2,SELL,LIMIT,100000.00,1.10643,USD,2.21 USD,MAKER,2d00e34b-9838-44a3-9481-3d4f2d7bdd44,2025-04-04 07:11:00+00:00,2025-04-04 07:11:00+00:00,{},False
O-20250404-074500-001-V2-1285,BACKTESTER-001,MLSignalStrategyV2-V2,EUR/USD.IDEALPRO,IDEALPRO-1-1285,IDEALPRO-001,IDEALPRO-1-190006,EUR/USD.IDEALPRO-MLSignalStrategyV2-V2,BUY,MARKET,100000.00,1.10225,USD,2.20 USD,TAKER,5703a3eb-db56-4fd5-b4ba-de9208871c99,2025-04-04 07:45:00+00:00,2025-04-04 07:45:00+00:00,{},False
O-20250404-074500-001-V2-1286,BACKTESTER-001,MLSignalStrategyV2-V2,EUR/USD.IDEALPRO,IDEALPRO-1-1286,IDEALPRO-001,IDEALPRO-1-190033,EUR/USD.IDEALPRO-MLSignalStrategyV2-V2,SELL,STOP_MARKET,100000.00,1.10011,USD,2.20 USD,TAKER,88f1f6bc-54a8-46a8-b48c-d579c0dc072d,2025-04-04 07:58:00+00:00,2025-04-04 07:58:00+00:00,{},False
O-20250404-090000-001-V2-1288,BACKTESTER-001,MLSignalStrategyV2-V2,EUR/USD.IDEALPRO,IDEALPRO-1-1288,IDEALPRO-001,IDEALPRO-1-190159,EUR/USD.IDEALPRO-MLSignalStrategyV2-V2,BUY,MARKET,100000.00,1.09965,USD,2.20 USD,TAKER,d813ff57-a973-4a28-85cb-f6ddd5066135,2025-04-04 09:00:00+00:00,2025-04-04 09:00:00+00:00,{},False
O-20250404-090000-001-V2-1289,BACKTESTER-001,MLSignalStrategyV2-V2,EUR/USD.IDEALPRO,IDEALPRO-1-1289,IDEALPRO-001,IDEALPRO-1-190173,EUR/USD.IDEALPRO-MLSignalStrategyV2-V2,SELL,STOP_MARKET,100000.00,1.09739,USD,2.19 USD,TAKER,b1103a1c-a04b-4305-aa6b-24b194f2bae7,2025-04-04 09:07:00+00:00,2025-04-04 09:07:00+00:00,{},False
O-20250404-091500-001-V2-1291,BACKTESTER-001,MLSignalStrategyV2-V2,EUR/USD.IDEALPRO,IDEALPRO-1-1291,IDEALPRO-001,IDEALPRO-1-190190,EUR/USD.IDEALPRO-MLSignalStrategyV2-V2,BUY,MARKET,100000.00,1.09788,USD,2.20 USD,TAKER,a3c501b8-1b17-4bf8-bde0-18362e3ecd20,2025-04-04 09:15:00+00:00,2025-04-04 09:15:00+00:00,{},False
O-20250404-091500-001-V2-1293,BACKTESTER-001,MLSignalStrategyV2-V2,EUR/USD.IDEALPRO,IDEALPRO-1-1293,IDEALPRO-001,IDEALPRO-1-190319,EUR/USD.IDEALPRO-MLSignalStrategyV2-V2,SELL,LIMIT,100000.00,1.09983,USD,2.20 USD,MAKER,ad23656b-ac7f-45c3-b693-473660e7290f,2025-04-04 10:19:00+00:00,2025-04-04 10:19:00+00:00,{},False
O-20250404-130000-001-V2-1294,BACKTESTER-001,MLSignalStrategyV2-V2,EUR/USD.IDEALPRO,IDEALPRO-1-1294,IDEALPRO-001,IDEALPRO-1-190642,EUR/USD.IDEALPRO-MLSignalStrategyV2-V2,SELL,MARKET,100000.00,1.10197,USD,2.20 USD,TAKER,5f648dac-cd7d-4cc8-9a6d-c0209cd51312,2025-04-04 13:00:00+00:00,2025-04-04 13:00:00+00:00,{},False
O-20250404-130000-001-V2-1296,BACKTESTER-001,MLSignalStrategyV2-V2,EUR/USD.IDEALPRO,IDEALPRO-1-1296,IDEALPRO-001,IDEALPRO-1-190813,EUR/USD.IDEALPRO-MLSignalStrategyV2-V2,BUY,LIMIT,100000.00,1.09864,USD,2.20 USD,MAKER,cddcbd6d-67d8-45fd-a15b-99e95e689f14,2025-04-04 14:25:00+00:00,2025-04-04 14:25:00+00:00,{},False
O-20250404-151500-001-V2-1297,BACKTESTER-001,MLSignalStrategyV2-V2,EUR/USD.IDEALPRO,IDEALPRO-1-1297,IDEALPRO-001,IDEALPRO-1-190915,EUR/USD.IDEALPRO-MLSignalStrategyV2-V2,SELL,MARKET,100000.00,1.09969,USD,2.20 USD,TAKER,9b391c6e-8f6a-4aee-8153-63487b39f880,2025-04-04 15:15:00+00:00,2025-04-04 15:15:00+00:00,{},False
O-20250404-151500-001-V2-1299,BACKTESTER-001,MLSignalStrategyV2-V2,EUR/USD.IDEALPRO,IDEALPRO-1-1299,IDEALPRO-001,IDEALPRO-1-190937,EUR/USD.IDEALPRO-MLSignalStrategyV2-V2,BUY,LIMIT,100000.00,1.09668,USD,2.19 USD,MAKER,46e9e8a1-c85a-4647-8a08-67e189da8a2e,2025-04-04 15:26:00+00:00,2025-04-04 15:26:00+00:00,{},False
O-20250404-154500-001-V2-1300,BACKTESTER-001,MLSignalStrategyV2-V2,EUR/USD.IDEALPRO,IDEALPRO-1-1300,IDEALPRO-001,IDEALPRO-1-190976,EUR/USD.IDEALPRO-MLSignalStrategyV2-V2,SELL,MARKET,100000.00,1.09993,USD,2.20 USD,TAKER,a5859af8-e4a0-4410-8762-b0a67cd42580,2025-04-04 15:45:00+00:00,2025-04-04 15:45:00+00:00,{},False
O-20250404-154500-001-V2-1302,BACKTESTER-001,MLSignalStrategyV2-V2,EUR/USD.IDEALPRO,IDEALPRO-1-1302,IDEALPRO-001,IDEALPRO-1-191095,EUR/USD.IDEALPRO-MLSignalStrategyV2-V2,BUY,LIMIT,100000.00,1.09698,USD,2.19 USD,MAKER,d96b6be5-c3f2-4496-943e-b6d02b849ede,2025-04-04 16:44:00+00:00,2025-04-04 16:44:00+00:00,{},False
O-20250404-201500-001-V2-1303,BACKTESTER-001,MLSignalStrategyV2-V2,EUR/USD.IDEALPRO,IDEALPRO-1-1303,IDEALPRO-001,IDEALPRO-1-191519,EUR/USD.IDEALPRO-MLSignalStrategyV2-V2,SELL,MARKET,100000.00,1.09501,USD,2.19 USD,TAKER,5f103876-18af-40c9-a825-59c11ff84c99,2025-04-04 20:15:00+00:00,2025-04-04 20:15:00+00:00,{},False
O-20250404-201500-001-V2-1305,BACKTESTER-001,MLSignalStrategyV2-V2,EUR/USD.IDEALPRO,IDEALPRO-1-1305,IDEALPRO-001,IDEALPRO-1-191611,EUR/USD.IDEALPRO-MLSignalStrategyV2-V2,BUY,LIMIT,100000.00,1.08835,USD,2.18 USD,MAKER,ec0d6e48-306e-4f3c-ae4f-250583684800,2025-04-06 21:16:00+00:00,2025-04-06 21:16:00+00:00,{},False
O-20250406-213000-001-V2-1306,BACKTESTER-001,MLSignalStrategyV2-V2,EUR/USD.IDEALPRO,IDEALPRO-1-1306,IDEALPRO-001,IDEALPRO-1-191640,EUR/USD.IDEALPRO-MLSignalStrategyV2-V2,BUY,MARKET,100000.00,1.08917,USD,2.18 USD,TAKER,75fa7786-d170-4ab7-93a0-11236b806132,2025-04-06 21:30:00+00:00,2025-04-06 21:30:00+00:00,{},False
O-20250406-213000-001-V2-1308,BACKTESTER-001,MLSignalStrategyV2-V2,EUR/USD.IDEALPRO,IDEALPRO-1-1308,IDEALPRO-001,IDEALPRO-1-191669,EUR/USD.IDEALPRO-MLSignalStrategyV2-V2,SELL,LIMIT,100000.00,1.09151,USD,2.18 USD,MAKER,b098edf6-4afa-48f8-9699-fa514f7b18c4,2025-04-06 21:44:00+00:00,2025-04-06 21:44:00+00:00,{},False
O-20250406-214500-001-V2-1309,BACKTESTER-001,MLSignalStrategyV2-V2,EUR/USD.IDEALPRO,IDEALPRO-1-1309,IDEALPRO-001,IDEALPRO-1-191671,EUR/USD.IDEALPRO-MLSignalStrategyV2-V2,BUY,MARKET,100000.00,1.09076,USD,2.18 USD,TAKER,9b5cfedf-faa9-4646-a558-5787c64bfbe6,2025-04-06 21:45:00+00:00,2025-04-06 21:45:00+00:00,{},False
O-20250406-214500-001-V2-1311,BACKTESTER-001,MLSignalStrategyV2-V2,EUR/USD.IDEALPRO,IDEALPRO-1-1311,IDEALPRO-001,IDEALPRO-1-191715,EUR/USD.IDEALPRO-MLSignalStrategyV2-V2,SELL,LIMIT,100000.00,1.09349,USD,2.19 USD,MAKER,9c217eec-116c-4d6a-b648-4e6a158cb431,2025-04-06 22:06:00+00:00,2025-04-06 22:06:00+00:00,{},False
O-20250406-221500-001-V2-1312,BACKTESTER-001,MLSignalStrategyV2-V2,EUR/USD.IDEALPRO,IDEALPRO-1-1312,IDEALPRO-001,IDEALPRO-1-191734,EUR/USD.IDEALPRO-MLSignalStrategyV2-V2,BUY,MARKET,100000.00,1.09535,USD,2.19 USD,TAKER,b35bcdb9-0bce-4478-a647-316033572ff8,2025-04-06 22:15:00+00:00,2025-04-06 22:15:00+00:00,{},False
O-20250406-221500-001-V2-1314,BACKTESTER-001,MLSignalStrategyV2-V2,EUR/USD.IDEALPRO,IDEALPRO-1-1314,IDEALPRO-001,IDEALPRO-1-191749,EUR/USD.IDEALPRO-MLSignalStrategyV2-V2,SELL,LIMIT,100000.00,1.09801,USD,2.20 USD,MAKER,3f2a47c0-16ed-40e4-85b2-708a2c7bdfc0,2025-04-06 22:22:00+00:00,2025-04-06 22:22:00+00:00,{},False
O-20250406-223000-001-V2-1315,BACKTESTER-001,MLSignalStrategyV2-V2,EUR/USD.IDEALPRO,IDEALPRO-1-1315,IDEALPRO-001,IDEALPRO-1-191766,EUR/USD.IDEALPRO-MLSignalStrategyV2-V2,BUY,MARKET,100000.00,1.09837,USD,2.20 USD,TAKER,ab357e70-4972-4706-bbfe-1fc49a243c1a,2025-04-06 22:30:00+00:00,2025-04-06 22:30:00+00:00,{},False
O-20250406-223000-001-V2-1316,BACKTESTER-001,MLSignalStrategyV2-V2,EUR/USD.IDEALPRO,IDEALPRO-1-1316,IDEALPRO-001,IDEALPRO-1-191973,EUR/USD.IDEALPRO-MLSignalStrategyV2-V2,SELL,STOP_MARKET,100000.00,1.09533,USD,2.19 USD,TAKER,8eca84ae-2df4-4c92-b234-d8718aaaacc4,2025-04-07 00:13:00+00:00,2025-04-07 00:13:00+00:00,{},False
O-20250407-020000-001-V2-1318,BACKTESTER-001,MLSignalStrategyV2-V2,EUR/USD.IDEALPRO,IDEALPRO-1-1318,IDEALPRO-001,IDEALPRO-1-192188,EUR/USD.IDEALPRO-MLSignalStrategyV2-V2,SELL,MARKET,100000.00,1.09679,USD,2.19 USD,TAKER,ce7284c1-327d-440d-aace-ad9aacb73bf2,2025-04-07 02:00:00+00:00,2025-04-07 02:00:00+00:00,{},False
O-20250407-020000-001-V2-1320,BACKTESTER-001,MLSignalStrategyV2-V2,EUR/USD.IDEALPRO,IDEALPRO-1-1320,IDEALPRO-001,IDEALPRO-1-192235,EUR/USD.IDEALPRO-MLSignalStrategyV2-V2,BUY,LIMIT,100000.00,1.09486,USD,2.19 USD,MAKER,60fecff2-30f3-487a-93ba-cb16148c5686,2025-04-07 02:23:00+00:00,2025-04-07 02:23:00+00:00,{},False
O-20250407-023000-001-V2-1321,BACKTESTER-001,MLSignalStrategyV2-V2,EUR/USD.IDEALPRO,IDEALPRO-1-1321,IDEALPRO-001,IDEALPRO-1-192250,EUR/USD.IDEALPRO-MLSignalStrategyV2-V2,BUY,MARKET,100000.00,1.09367,USD,2.19 USD,TAKER,03cdb5b0-95fc-482f-888e-abe120c3069c,2025-04-07 02:30:00+00:00,2025-04-07 02:30:00+00:00,{},False
O-20250407-023000-001-V2-1323,BACKTESTER-001,MLSignalStrategyV2-V2,EUR/USD.IDEALPRO,IDEALPRO-1-1323,IDEALPRO-001,IDEALPRO-1-192453,EUR/USD.IDEALPRO-MLSignalStrategyV2-V2,SELL,LIMIT,100000.00,1.09553,USD,2.19 USD,MAKER,c9cc8cf5-4f8e-41f6-84d5-7daf7901b668,2025-04-07 04:11:00+00:00,2025-04-07 04:11:00+00:00,{},False
O-20250407-053000-001-V2-1324,BACKTESTER-001,MLSignalStrategyV2-V2,EUR/USD.IDEALPRO,IDEALPRO-1-1324,IDEALPRO-001,IDEALPRO-1-192612,EUR/USD.IDEALPRO-MLSignalStrategyV2-V2,BUY,MARKET,100000.00,1.09940,USD,2.20 USD,TAKER,588fa88e-bd00-4307-8d91-9c085a804509,2025-04-07 05:30:00+00:00,2025-04-07 05:30:00+00:00,{},False
O-20250407-053000-001-V2-1326,BACKTESTER-001,MLSignalStrategyV2-V2,EUR/USD.IDEALPRO,IDEALPRO-1-1326,IDEALPRO-001,IDEALPRO-1-192663,EUR/USD.IDEALPRO-MLSignalStrategyV2-V2,SELL,LIMIT,100000.00,1.10078,USD,2.20 USD,MAKER,e528ddf2-a783-4640-be56-6f7f5eafc72e,2025-04-07 05:55:00+00:00,2025-04-07 05:55:00+00:00,{},False
O-20250407-071500-001-V2-1327,BACKTESTER-001,MLSignalStrategyV2-V2,EUR/USD.IDEALPRO,IDEALPRO-1-1327,IDEALPRO-001,IDEALPRO-1-192824,EUR/USD.IDEALPRO-MLSignalStrategyV2-V2,SELL,MARKET,100000.00,1.10398,USD,2.21 USD,TAKER,cb956acb-d582-4b5f-ab59-b15043e91ff5,2025-04-07 07:15:00+00:00,2025-04-07 07:15:00+00:00,{},False
O-20250407-071500-001-V2-1329,BACKTESTER-001,MLSignalStrategyV2-V2,EUR/USD.IDEALPRO,IDEALPRO-1-1329,IDEALPRO-001,IDEALPRO-1-192865,EUR/USD.IDEALPRO-MLSignalStrategyV2-V2,BUY,LIMIT,100000.00,1.10162,USD,2.20 USD,MAKER,30d22e36-2c78-467f-b2c5-009e56a786de,2025-04-07 07:35:00+00:00,2025-04-07 07:35:00+00:00,{},False
O-20250407-074500-001-V2-1330,BACKTESTER-001,MLSignalStrategyV2-V2,EUR/USD.IDEALPRO,IDEALPRO-1-1330,IDEALPRO-001,IDEALPRO-1-192886,EUR/USD.IDEALPRO-MLSignalStrategyV2-V2,SELL,MARKET,100000.00,1.10230,USD,2.20 USD,TAKER,990588b1-8ab0-460c-bbf4-f4fac166599d,2025-04-07 07:45:00+00:00,2025-04-07 07:45:00+00:00,{},False
O-20250407-074500-001-V2-1332,BACKTESTER-001,MLSignalStrategyV2-V2,EUR/USD.IDEALPRO,IDEALPRO-1-1332,IDEALPRO-001,IDEALPRO-1-192909,EUR/USD.IDEALPRO-MLSignalStrategyV2-V2,BUY,LIMIT,100000.00,1.10011,USD,2.20 USD,MAKER,cd86591e-032f-47f4-9b6d-9544f1411412,2025-04-07 07:56:00+00:00,2025-04-07 07:56:00+00:00,{},False
O-20250407-080000-001-V2-1333,BACKTESTER-001,MLSignalStrategyV2-V2,EUR/USD.IDEALPRO,IDEALPRO-1-1333,IDEALPRO-001,IDEALPRO-1-192918,EUR/USD.IDEALPRO-MLSignalStrategyV2-V2,SELL,MARKET,100000.00,1.10007,USD,2.20 USD,TAKER,f72ca458-8f19-41d5-bfc6-cc74bd56863b,2025-04-07 08:00:00+00:00,2025-04-07 08:00:00+00:00,{},False
O-20250407-080000-001-V2-1335,BACKTESTER-001,MLSignalStrategyV2-V2,EUR/USD.IDEALPRO,IDEALPRO-1-1335,IDEALPRO-001,IDEALPRO-1-192967,EUR/USD.IDEALPRO-MLSignalStrategyV2-V2,BUY,LIMIT,100000.00,1.09798,USD,2.20 USD,MAKER,25ec5149-9962-4c28-96d3-93088ac126c9,2025-04-07 08:24:00+00:00,2025-04-07 08:24:00+00:00,{},False
O-20250407-103000-001-V2-1336,BACKTESTER-001,MLSignalStrategyV2-V2,EUR/USD.IDEALPRO,IDEALPRO-1-1336,IDEALPRO-001,IDEALPRO-1-193220,EUR/USD.IDEALPRO-MLSignalStrategyV2-V2,SELL,MARKET,100000.00,1.09853,USD,2.20 USD,TAKER,4c50086c-ec25-4948-839b-c062f396c231,2025-04-07 10:30:00+00:00,2025-04-07 10:30:00+00:00,{},False
O-20250407-103000-001-V2-1338,BACKTESTER-001,MLSignalStrategyV2-V2,EUR/USD.IDEALPRO,IDEALPRO-1-1338,IDEALPRO-001,IDEALPRO-1-193269,EUR/USD.IDEALPRO-MLSignalStrategyV2-V2,BUY,LIMIT,100000.00,1.09652,USD,2.19 USD,MAKER,d3be8854-1c64-4e04-835a-cff0fe75fe64,2025-04-07 10:54:00+00:00,2025-04-07 10:54:00+00:00,{},False
O-20250407-110000-001-V2-1339,BACKTESTER-001,MLSignalStrategyV2-V2,EUR/USD.IDEALPRO,IDEALPRO-1-1339,IDEALPRO-001,IDEALPRO-1-193283,EUR/USD.IDEALPRO-MLSignalStrategyV2-V2,SELL,MARKET,100000.00,1.09588,USD,2.19 USD,TAKER,4d682d65-27db-46c7-a4ce-20eb886bb331,2025-04-07 11:00:00+00:00,2025-04-07 11:00:00+00:00,{},False
O-20250407-110000-001-V2-1341,BACKTESTER-001,MLSignalStrategyV2-V2,EUR/USD.IDEALPRO,IDEALPRO-1-1341,IDEALPRO-001,IDEALPRO-1-193329,EUR/USD.IDEALPRO-MLSignalStrategyV2-V2,BUY,LIMIT,100000.00,1.09353,USD,2.19 USD,MAKER,688b5ce4-3c5b-4f0d-adea-16d4fd602356,2025-04-07 11:23:00+00:00,2025-04-07 11:23:00+00:00,{},False
O-20250407-113000-001-V2-1342,BACKTESTER-001,MLSignalStrategyV2-V2,EUR/USD.IDEALPRO,IDEALPRO-1-1342,IDEALPRO-001,IDEALPRO-1-193344,EUR/USD.IDEALPRO-MLSignalStrategyV2-V2,BUY,MARKET,100000.00,1.09441,USD,2.19 USD,TAKER,a71313dd-b927-4c2e-abc1-1eae672cb7a7,2025-04-07 11:30:00+00:00,2025-04-07 11:30:00+00:00,{},False
O-20250407-113000-001-V2-1344,BACKTESTER-001,MLSignalStrategyV2-V2,EUR/USD.IDEALPRO,IDEALPRO-1-1344,IDEALPRO-001,IDEALPRO-1-193389,EUR/USD.IDEALPRO-MLSignalStrategyV2-V2,SELL,LIMIT,100000.00,1.09631,USD,2.19 USD,MAKER,ecbc3a36-6965-4b6f-afe5-5cb9bcfd4930,2025-04-07 11:52:00+00:00,2025-04-07 11:52:00+00:00,{},False
O-20250407-124500-001-V2-1345,BACKTESTER-001,MLSignalStrategyV2-V2,EUR/USD.IDEALPRO,IDEALPRO-1-1345,IDEALPRO-001,IDEALPRO-1-193496,EUR/USD.IDEALPRO-MLSignalStrategyV2-V2,SELL,MARKET,100000.00,1.09719,USD,2.19 USD,TAKER,7879012d-a82e-416f-bb4c-655ff1669ad6,2025-04-07 12:45:00+00:00,2025-04-07 12:45:00+00:00,{},False
O-20250407-124500-001-V2-1347,BACKTESTER-001,MLSignalStrategyV2-V2,EUR/USD.IDEALPRO,IDEALPRO-1-1347,IDEALPRO-001,IDEALPRO-1-193621,EUR/USD.IDEALPRO-MLSignalStrategyV2-V2,BUY,LIMIT,100000.00,1.09485,USD,2.19 USD,MAKER,3714c291-61f3-4633-8206-d9c54faffbfb,2025-04-07 13:47:00+00:00,2025-04-07 13:47:00+00:00,{},False
O-20250407-140000-001-V2-1348,BACKTESTER-001,MLSignalStrategyV2-V2,EUR/USD.IDEALPRO,IDEALPRO-1-1348,IDEALPRO-001,IDEALPRO-1-193648,EUR/USD.IDEALPRO-MLSignalStrategyV2-V2,SELL,MARKET,100000.00,1.09415,USD,2.19 USD,TAKER,5741e888-e5bd-4dca-ae94-1f8eae1434e0,2025-04-07 14:00:00+00:00,2025-04-07 14:00:00+00:00,{},False
O-20250407-140000-001-V2-1349,BACKTESTER-001,MLSignalStrategyV2-V2,EUR/USD.IDEALPRO,IDEALPRO-1-1349,IDEALPRO-001,IDEALPRO-1-193671,EUR/USD.IDEALPRO-MLSignalStrategyV2-V2,BUY,STOP_MARKET,100000.00,1.09727,USD,2.19 USD,TAKER,508a5c70-287b-44e0-acd5-868c362a9d3c,2025-04-07 14:11:00+00:00,2025-04-07 14:11:00+00:00,{},False
O-20250407-141500-001-V2-1351,BACKTESTER-001,MLSignalStrategyV2-V2,EUR/USD.IDEALPRO,IDEALPRO-1-1351,IDEALPRO-001,IDEALPRO-1-193680,EUR/USD.IDEALPRO-MLSignalStrategyV2-V2,SELL,MARKET,100000.00,1.09643,USD,2.19 USD,TAKER,6b367b63-2ae2-441d-8328-58a62ca58ec0,2025-04-07 14:15:00+00:00,2025-04-07 14:15:00+00:00,{},False
O-20250407-141500-001-V2-1353,BACKTESTER-001,MLSignalStrategyV2-V2,EUR/USD.IDEALPRO,IDEALPRO-1-1353,IDEALPRO-001,IDEALPRO-1-193703,EUR/USD.IDEALPRO-MLSignalStrategyV2-V2,BUY,LIMIT,100000.00,1.09367,USD,2.19 USD,MAKER,09456d3f-052c-43a0-90ff-366a828f52c7,2025-04-07 14:26:00+00:00,2025-04-07 14:26:00+00:00,{},False
O-20250407-171500-001-V2-1354,BACKTESTER-001,MLSignalStrategyV2-V2,EUR/USD.IDEALPRO,IDEALPRO-1-1354,IDEALPRO-001,IDEALPRO-1-194042,EUR/USD.IDEALPRO-MLSignalStrategyV2-V2,SELL,MARKET,100000.00,1.09366,USD,2.19 USD,TAKER,dc37b58e-e9f4-4e66-aa18-7b9fcb21640d,2025-04-07 17:15:00+00:00,2025-04-07 17:15:00+00:00,{},False
O-20250407-171500-001-V2-1356,BACKTESTER-001,MLSignalStrategyV2-V2,EUR/USD.IDEALPRO,IDEALPRO-1-1356,IDEALPRO-001,IDEALPRO-1-194373,EUR/USD.IDEALPRO-MLSignalStrategyV2-V2,BUY,LIMIT,100000.00,1.09137,USD,2.18 USD,MAKER,6c0eccc8-1eb7-4261-a153-746e6fe48963,2025-04-07 20:00:00+00:00,2025-04-07 20:00:00+00:00,{},False
O-20250407-204500-001-V2-1357,BACKTESTER-001,MLSignalStrategyV2-V2,EUR/USD.IDEALPRO,IDEALPRO-1-1357,IDEALPRO-001,IDEALPRO-1-194464,EUR/USD.IDEALPRO-MLSignalStrategyV2-V2,BUY,MARKET,100000.00,1.09058,USD,2.18 USD,TAKER,15d4ab8f-682a-4577-bbe8-e11e475c97fb,2025-04-07 20:45:00+00:00,2025-04-07 20:45:00+00:00,{},False
O-20250407-204500-001-V2-1359,BACKTESTER-001,MLSignalStrategyV2-V2,EUR/USD.IDEALPRO,IDEALPRO-1-1359,IDEALPRO-001,IDEALPRO-1-194591,EUR/USD.IDEALPRO-MLSignalStrategyV2-V2,SELL,LIMIT,100000.00,1.09210,USD,2.18 USD,MAKER,9152d20d-7fdc-4200-ae09-017067994005,2025-04-07 22:03:00+00:00,2025-04-07 22:03:00+00:00,{},False
O-20250407-221500-001-V2-1360,BACKTESTER-001,MLSignalStrategyV2-V2,EUR/USD.IDEALPRO,IDEALPRO-1-1360,IDEALPRO-001,IDEALPRO-1-194617,EUR/USD.IDEALPRO-MLSignalStrategyV2-V2,BUY,MARKET,100000.00,1.09136,USD,2.18 USD,TAKER,5dd2d9da-faf5-472a-8a63-22fe22beebd2,2025-04-07 22:15:00+00:00,2025-04-07 22:15:00+00:00,{},False
O-20250407-221500-001-V2-1362,BACKTESTER-001,MLSignalStrategyV2-V2,EUR/USD.IDEALPRO,IDEALPRO-1-1362,IDEALPRO-001,IDEALPRO-1-194835,EUR/USD.IDEALPRO-MLSignalStrategyV2-V2,SELL,LIMIT,100000.00,1.09253,USD,2.19 USD,MAKER,2e9fd7ad-fbbe-48c0-b206-c78a5197d9cd,2025-04-08 00:04:00+00:00,2025-04-08 00:04:00+00:00,{},False
O-20250408-001500-001-V2-1363,BACKTESTER-001,MLSignalStrategyV2-V2,EUR/USD.IDEALPRO,IDEALPRO-1-1363,IDEALPRO-001,IDEALPRO-1-194858,EUR/USD.IDEALPRO-MLSignalStrategyV2-V2,BUY,MARKET,100000.00,1.09257,USD,2.19 USD,TAKER,36e51174-b9df-45f4-b08e-fd09fb56a35f,2025-04-08 00:15:00+00:00,2025-04-08 00:15:00+00:00,{},False
O-20250408-001500-001-V2-1365,BACKTESTER-001,MLSignalStrategyV2-V2,EUR/USD.IDEALPRO,IDEALPRO-1-1365,IDEALPRO-001,IDEALPRO-1-194887,EUR/USD.IDEALPRO-MLSignalStrategyV2-V2,SELL,LIMIT,100000.00,1.09341,USD,2.19 USD,MAKER,ce13ee32-8912-4291-840a-f01cdd39046a,2025-04-08 00:29:00+00:00,2025-04-08 00:29:00+00:00,{},False
O-20250408-003000-001-V2-1366,BACKTESTER-001,MLSignalStrategyV2-V2,EUR/USD.IDEALPRO,IDEALPRO-1-1366,IDEALPRO-001,IDEALPRO-1-194890,EUR/USD.IDEALPRO-MLSignalStrategyV2-V2,BUY,MARKET,100000.00,1.09352,USD,2.19 USD,TAKER,28f15147-1aa2-4e33-9fbf-0f8f86f95020,2025-04-08 00:30:00+00:00,2025-04-08 00:30:00+00:00,{},False
O-20250408-003000-001-V2-1368,BACKTESTER-001,MLSignalStrategyV2-V2,EUR/USD.IDEALPRO,IDEALPRO-1-1368,IDEALPRO-001,IDEALPRO-1-194913,EUR/USD.IDEALPRO-MLSignalStrategyV2-V2,SELL,LIMIT,100000.00,1.09445,USD,2.19 USD,MAKER,3c38ff62-0f4e-47f9-9a1d-09f19ee425ae,2025-04-08 00:41:00+00:00,2025-04-08 00:41:00+00:00,{},False
O-20250408-004500-001-V2-1369,BACKTESTER-001,MLSignalStrategyV2-V2,EUR/USD.IDEALPRO,IDEALPRO-1-1369,IDEALPRO-001,IDEALPRO-1-194922,EUR/USD.IDEALPRO-MLSignalStrategyV2-V2,BUY,MARKET,100000.00,1.09421,USD,2.19 USD,TAKER,94a0ec19-61f6-40b3-945c-374772284aa2,2025-04-08 00:45:00+00:00,2025-04-08 00:45:00+00:00,{},False
O-20250408-004500-001-V2-1371,BACKTESTER-001,MLSignalStrategyV2-V2,EUR/USD.IDEALPRO,IDEALPRO-1-1371,IDEALPRO-001,IDEALPRO-1-194961,EUR/USD.IDEALPRO-MLSignalStrategyV2-V2,SELL,LIMIT,100000.00,1.09527,USD,2.19 USD,MAKER,f82573b2-505f-4ca9-8456-1c2533a72cc9,2025-04-08 01:04:00+00:00,2025-04-08 01:04:00+00:00,{},False
O-20250408-011500-001-V2-1372,BACKTESTER-001,MLSignalStrategyV2-V2,EUR/USD.IDEALPRO,IDEALPRO-1-1372,IDEALPRO-001,IDEALPRO-1-194984,EUR/USD.IDEALPRO-MLSignalStrategyV2-V2,BUY,MARKET,100000.00,1.09464,USD,2.19 USD,TAKER,78f118d4-0fb8-42e7-8e75-c31c4bb7d9c5,2025-04-08 01:15:00+00:00,2025-04-08 01:15:00+00:00,{},False
O-20250408-011500-001-V2-1374,BACKTESTER-001,MLSignalStrategyV2-V2,EUR/USD.IDEALPRO,IDEALPRO-1-1374,IDEALPRO-001,IDEALPRO-1-195023,EUR/USD.IDEALPRO-MLSignalStrategyV2-V2,SELL,LIMIT,100000.00,1.09572,USD,2.19 USD,MAKER,3edab0ce-185a-45ee-bde5-41f10a0152d8,2025-04-08 01:34:00+00:00,2025-04-08 01:34:00+00:00,{},False
O-20250408-014500-001-V2-1375,BACKTESTER-001,MLSignalStrategyV2-V2,EUR/USD.IDEALPRO,IDEALPRO-1-1375,IDEALPRO-001,IDEALPRO-1-195046,EUR/USD.IDEALPRO-MLSignalStrategyV2-V2,BUY,MARKET,100000.00,1.09597,USD,2.19 USD,TAKER,d9fc3716-72ff-472c-a1fc-3556e1caf693,2025-04-08 01:45:00+00:00,2025-04-08 01:45:00+00:00,{},False
O-20250408-014500-001-V2-1377,BACKTESTER-001,MLSignalStrategyV2-V2,EUR/USD.IDEALPRO,IDEALPRO-1-1377,IDEALPRO-001,IDEALPRO-1-195153,EUR/USD.IDEALPRO-MLSignalStrategyV2-V2,SELL,LIMIT,100000.00,1.09728,USD,2.19 USD,MAKER,a3a65f7e-9b42-460d-aec5-0763b3745296,2025-04-08 02:38:00+00:00,2025-04-08 02:38:00+00:00,{},False
O-20250408-081500-001-V2-1378,BACKTESTER-001,MLSignalStrategyV2-V2,EUR/USD.IDEALPRO,IDEALPRO-1-1378,IDEALPRO-001,IDEALPRO-1-195828,EUR/USD.IDEALPRO-MLSignalStrategyV2-V2,SELL,MARKET,100000.00,1.09404,USD,2.19 USD,TAKER,acc21900-e2a9-443f-a0d2-4c7a1279a32b,2025-04-08 08:15:00+00:00,2025-04-08 08:15:00+00:00,{},False
O-20250408-081500-001-V2-1380,BACKTESTER-001,MLSignalStrategyV2-V2,EUR/USD.IDEALPRO,IDEALPRO-1-1380,IDEALPRO-001,IDEALPRO-1-195941,EUR/USD.IDEALPRO-MLSignalStrategyV2-V2,BUY,LIMIT,100000.00,1.09227,USD,2.18 USD,MAKER,79af93f9-f6fa-4e72-a2a2-5d8c4f731a61,2025-04-08 09:11:00+00:00,2025-04-08 09:11:00+00:00,{},False
O-20250408-091500-001-V2-1381,BACKTESTER-001,MLSignalStrategyV2-V2,EUR/USD.IDEALPRO,IDEALPRO-1-1381,IDEALPRO-001,IDEALPRO-1-195950,EUR/USD.IDEALPRO-MLSignalStrategyV2-V2,BUY,MARKET,100000.00,1.09279,USD,2.19 USD,TAKER,1d35a2fb-6915-4ca0-a05d-9153818bc588,2025-04-08 09:15:00+00:00,2025-04-08 09:15:00+00:00,{},False
O-20250408-091500-001-V2-1383,BACKTESTER-001,MLSignalStrategyV2-V2,EUR/USD.IDEALPRO,IDEALPRO-1-1383,IDEALPRO-001,IDEALPRO-1-196205,EUR/USD.IDEALPRO-MLSignalStrategyV2-V2,SELL,LIMIT,100000.00,1.09438,USD,2.19 USD,MAKER,095b23b5-68da-4768-be83-b1402c3f8264,2025-04-08 11:22:00+00:00,2025-04-08 11:22:00+00:00,{},False
O-20250408-144500-001-V2-1384,BACKTESTER-001,MLSignalStrategyV2-V2,EUR/USD.IDEALPRO,IDEALPRO-1-1384,IDEALPRO-001,IDEALPRO-1-196613,EUR/USD.IDEALPRO-MLSignalStrategyV2-V2,BUY,MARKET,100000.00,1.08953,USD,2.18 USD,TAKER,98fec5f0-c657-4954-91e6-e75fb8999f5a,2025-04-08 14:45:00+00:00,2025-04-08 14:45:00+00:00,{},False
O-20250408-144500-001-V2-1386,BACKTESTER-001,MLSignalStrategyV2-V2,EUR/USD.IDEALPRO,IDEALPRO-1-1386,IDEALPRO-001,IDEALPRO-1-196635,EUR/USD.IDEALPRO-MLSignalStrategyV2-V2,SELL,LIMIT,100000.00,1.09158,USD,2.18 USD,MAKER,dd166eb7-c201-4d6b-99b8-d931f9b3f2fa,2025-04-08 14:56:00+00:00,2025-04-08 14:56:00+00:00,{},False
O-20250408-161500-001-V2-1387,BACKTESTER-001,MLSignalStrategyV2-V2,EUR/USD.IDEALPRO,IDEALPRO-1-1387,IDEALPRO-001,IDEALPRO-1-196794,EUR/USD.IDEALPRO-MLSignalStrategyV2-V2,BUY,MARKET,100000.00,1.09074,USD,2.18 USD,TAKER,0025bb17-5fac-486d-9404-33f7e05f42f4,2025-04-08 16:15:00+00:00,2025-04-08 16:15:00+00:00,{},False
O-20250408-161500-001-V2-1389,BACKTESTER-001,MLSignalStrategyV2-V2,EUR/USD.IDEALPRO,IDEALPRO-1-1389,IDEALPRO-001,IDEALPRO-1-196857,EUR/USD.IDEALPRO-MLSignalStrategyV2-V2,SELL,LIMIT,100000.00,1.09258,USD,2.19 USD,MAKER,52142ee1-edf5-4f58-8a58-873631010a3a,2025-04-08 16:46:00+00:00,2025-04-08 16:46:00+00:00,{},False
O-20250408-203000-001-V2-1390,BACKTESTER-001,MLSignalStrategyV2-V2,EUR/USD.IDEALPRO,IDEALPRO-1-1390,IDEALPRO-001,IDEALPRO-1-197307,EUR/USD.IDEALPRO-MLSignalStrategyV2-V2,BUY,MARKET,100000.00,1.09419,USD,2.19 USD,TAKER,a607d477-254b-486c-9087-3e8b859008bb,2025-04-08 20:30:00+00:00,2025-04-08 20:30:00+00:00,{},False
O-20250408-203000-001-V2-1392,BACKTESTER-001,MLSignalStrategyV2-V2,EUR/USD.IDEALPRO,IDEALPRO-1-1392,IDEALPRO-001,IDEALPRO-1-197353,EUR/USD.IDEALPRO-MLSignalStrategyV2-V2,SELL,LIMIT,100000.00,1.09567,USD,2.19 USD,MAKER,5bdedcb7-cb09-4f7e-8f51-4de95a623063,2025-04-08 20:53:00+00:00,2025-04-08 20:53:00+00:00,{},False
O-20250408-221500-001-V2-1393,BACKTESTER-001,MLSignalStrategyV2-V2,EUR/USD.IDEALPRO,IDEALPRO-1-1393,IDEALPRO-001,IDEALPRO-1-197489,EUR/USD.IDEALPRO-MLSignalStrategyV2-V2,BUY,MARKET,100000.00,1.09677,USD,2.19 USD,TAKER,133991a3-7498-4dc5-9338-9281ca19e140,2025-04-08 22:15:00+00:00,2025-04-08 22:15:00+00:00,{},False
O-20250408-221500-001-V2-1395,BACKTESTER-001,MLSignalStrategyV2-V2,EUR/USD.IDEALPRO,IDEALPRO-1-1395,IDEALPRO-001,IDEALPRO-1-197591,EUR/USD.IDEALPRO-MLSignalStrategyV2-V2,SELL,LIMIT,100000.00,1.09784,USD,2.20 USD,MAKER,ced3bfd2-9f0e-441f-b33e-75a02d1f4131,2025-04-08 23:06:00+00:00,2025-04-08 23:06:00+00:00,{},False
O-20250408-233000-001-V2-1396,BACKTESTER-001,MLSignalStrategyV2-V2,EUR/USD.IDEALPRO,IDEALPRO-1-1396,IDEALPRO-001,IDEALPRO-1-197641,EUR/USD.IDEALPRO-MLSignalStrategyV2-V2,BUY,MARKET,100000.00,1.09791,USD,2.20 USD,TAKER,41c140d3-b844-4252-8d53-5089c42f8090,2025-04-08 23:30:00+00:00,2025-04-08 23:30:00+00:00,{},False
O-20250408-233000-001-V2-1398,BACKTESTER-001,MLSignalStrategyV2-V2,EUR/USD.IDEALPRO,IDEALPRO-1-1398,IDEALPRO-001,IDEALPRO-1-197751,EUR/USD.IDEALPRO-MLSignalStrategyV2-V2,SELL,LIMIT,100000.00,1.09902,USD,2.20 USD,MAKER,c52b7ba6-f1ba-404a-9179-36a825360584,2025-04-09 00:25:00+00:00,2025-04-09 00:25:00+00:00,{},False
O-20250409-020000-001-V2-1399,BACKTESTER-001,MLSignalStrategyV2-V2,EUR/USD.IDEALPRO,IDEALPRO-1-1399,IDEALPRO-001,IDEALPRO-1-197942,EUR/USD.IDEALPRO-MLSignalStrategyV2-V2,BUY,MARKET,100000.00,1.10203,USD,2.20 USD,TAKER,fe9c30a1-cd03-4f26-a04e-29053f30bbd2,2025-04-09 02:00:00+00:00,2025-04-09 02:00:00+00:00,{},False
O-20250409-020000-001-V2-1401,BACKTESTER-001,MLSignalStrategyV2-V2,EUR/USD.IDEALPRO,IDEALPRO-1-1401,IDEALPRO-001,IDEALPRO-1-198121,EUR/USD.IDEALPRO-MLSignalStrategyV2-V2,SELL,LIMIT,100000.00,1.10353,USD,2.21 USD,MAKER,87bafee0-1e44-4724-ba9e-47a61f375731,2025-04-09 03:29:00+00:00,2025-04-09 03:29:00+00:00,{},False
O-20250409-033000-001-V2-1402,BACKTESTER-001,MLSignalStrategyV2-V2,EUR/USD.IDEALPRO,IDEALPRO-1-1402,IDEALPRO-001,IDEALPRO-1-198125,EUR/USD.IDEALPRO-MLSignalStrategyV2-V2,BUY,MARKET,100000.00,1.10346,USD,2.21 USD,TAKER,87adf73a-92a4-40c8-a10d-5c39e46db472,2025-04-09 03:30:00+00:00,2025-04-09 03:30:00+00:00,{},False
O-20250409-033000-001-V2-1403,BACKTESTER-001,MLSignalStrategyV2-V2,EUR/USD.IDEALPRO,IDEALPRO-1-1403,IDEALPRO-001,IDEALPRO-1-198155,EUR/USD.IDEALPRO-MLSignalStrategyV2-V2,SELL,STOP_MARKET,100000.00,1.10156,USD,2.20 USD,TAKER,391208e8-333b-4b90-ad35-5259f59f82ab,2025-04-09 03:45:00+00:00,2025-04-09 03:45:00+00:00,{},False
O-20250409-034500-001-V2-1405,BACKTESTER-001,MLSignalStrategyV2-V2,EUR/USD.IDEALPRO,IDEALPRO-1-1405,IDEALPRO-001,IDEALPRO-1-198156,EUR/USD.IDEALPRO-MLSignalStrategyV2-V2,BUY,MARKET,100000.00,1.10186,USD,2.20 USD,TAKER,a585e727-3876-4a20-80a9-efe02f15b3c9,2025-04-09 03:45:00+00:00,2025-04-09 03:45:00+00:00,{},False
O-20250409-034500-001-V2-1407,BACKTESTER-001,MLSignalStrategyV2-V2,EUR/USD.IDEALPRO,IDEALPRO-1-1407,IDEALPRO-001,IDEALPRO-1-198203,EUR/USD.IDEALPRO-MLSignalStrategyV2-V2,SELL,LIMIT,100000.00,1.10349,USD,2.21 USD,MAKER,b954d52d-8dec-418f-8719-0111c04fb74d,2025-04-09 04:08:00+00:00,2025-04-09 04:08:00+00:00,{},False
O-20250409-041500-001-V2-1408,BACKTESTER-001,MLSignalStrategyV2-V2,EUR/USD.IDEALPRO,IDEALPRO-1-1408,IDEALPRO-001,IDEALPRO-1-198218,EUR/USD.IDEALPRO-MLSignalStrategyV2-V2,BUY,MARKET,100000.00,1.10386,USD,2.21 USD,TAKER,f1f86af5-56e1-4747-a722-9bac8240b15c,2025-04-09 04:15:00+00:00,2025-04-09 04:15:00+00:00,{},False
O-20250409-041500-001-V2-1410,BACKTESTER-001,MLSignalStrategyV2-V2,EUR/USD.IDEALPRO,IDEALPRO-1-1410,IDEALPRO-001,IDEALPRO-1-198243,EUR/USD.IDEALPRO-MLSignalStrategyV2-V2,SELL,LIMIT,100000.00,1.10572,USD,2.21 USD,MAKER,4a642a0b-0eb9-41d7-a3cb-af74aba12012,2025-04-09 04:27:00+00:00,2025-04-09 04:27:00+00:00,{},False
O-20250409-054500-001-V2-1411,BACKTESTER-001,MLSignalStrategyV2-V2,EUR/USD.IDEALPRO,IDEALPRO-1-1411,IDEALPRO-001,IDEALPRO-1-198400,EUR/USD.IDEALPRO-MLSignalStrategyV2-V2,BUY,MARKET,100000.00,1.10456,USD,2.21 USD,TAKER,71bf04cb-b107-4916-92c3-e7b2f5910e36,2025-04-09 05:45:00+00:00,2025-04-09 05:45:00+00:00,{},False
O-20250409-054500-001-V2-1413,BACKTESTER-001,MLSignalStrategyV2-V2,EUR/USD.IDEALPRO,IDEALPRO-1-1413,IDEALPRO-001,IDEALPRO-1-198435,EUR/USD.IDEALPRO-MLSignalStrategyV2-V2,SELL,LIMIT,100000.00,1.10637,USD,2.21 USD,MAKER,8cf3b329-c70b-41e4-b1d8-8f0ceab1a00b,2025-04-09 06:02:00+00:00,2025-04-09 06:02:00+00:00,{},False
O-20250409-080000-001-V2-1414,BACKTESTER-001,MLSignalStrategyV2-V2,EUR/USD.IDEALPRO,IDEALPRO-1-1414,IDEALPRO-001,IDEALPRO-1-198672,EUR/USD.IDEALPRO-MLSignalStrategyV2-V2,BUY,MARKET,100000.00,1.10154,USD,2.20 USD,TAKER,7ef31533-0f8e-4742-bb9f-7c2d0421344f,2025-04-09 08:00:00+00:00,2025-04-09 08:00:00+00:00,{},False
O-20250409-080000-001-V2-1416,BACKTESTER-001,MLSignalStrategyV2-V2,EUR/USD.IDEALPRO,IDEALPRO-1-1416,IDEALPRO-001,IDEALPRO-1-198875,EUR/USD.IDEALPRO-MLSignalStrategyV2-V2,SELL,LIMIT,100000.00,1.10371,USD,2.21 USD,MAKER,cf73cb05-1861-4b3d-b74e-da75693b2b74,2025-04-09 09:41:00+00:00,2025-04-09 09:41:00+00:00,{},False
O-20250409-143000-001-V2-1417,BACKTESTER-001,MLSignalStrategyV2-V2,EUR/USD.IDEALPRO,IDEALPRO-1-1417,IDEALPRO-001,IDEALPRO-1-199454,EUR/USD.IDEALPRO-MLSignalStrategyV2-V2,SELL,MARKET,100000.00,1.10434,USD,2.21 USD,TAKER,48585ade-20a2-465b-a924-bd7ea3c45a3c,2025-04-09 14:30:00+00:00,2025-04-09 14:30:00+00:00,{},False
O-20250409-143000-001-V2-1418,BACKTESTER-001,MLSignalStrategyV2-V2,EUR/USD.IDEALPRO,IDEALPRO-1-1418,IDEALPRO-001,IDEALPRO-1-199591,EUR/USD.IDEALPRO-MLSignalStrategyV2-V2,BUY,STOP_MARKET,100000.00,1.10695,USD,2.21 USD,TAKER,af4d54f0-b2ba-48ae-892d-b8b582820d72,2025-04-09 15:38:00+00:00,2025-04-09 15:38:00+00:00,{},False
O-20250409-160000-001-V2-1420,BACKTESTER-001,MLSignalStrategyV2-V2,EUR/USD.IDEALPRO,IDEALPRO-1-1420,IDEALPRO-001,IDEALPRO-1-199636,EUR/USD.IDEALPRO-MLSignalStrategyV2-V2,SELL,MARKET,100000.00,1.10383,USD,2.21 USD,TAKER,f04a6cbb-0589-46fa-964f-21f67f91ce60,2025-04-09 16:00:00+00:00,2025-04-09 16:00:00+00:00,{},False
O-20250409-160000-001-V2-1422,BACKTESTER-001,MLSignalStrategyV2-V2,EUR/USD.IDEALPRO,IDEALPRO-1-1422,IDEALPRO-001,IDEALPRO-1-199749,EUR/USD.IDEALPRO-MLSignalStrategyV2-V2,BUY,LIMIT,100000.00,1.10192,USD,2.20 USD,MAKER,91ed6fe8-dda6-4515-b62a-07d891362e27,2025-04-09 16:56:00+00:00,2025-04-09 16:56:00+00:00,{},False
O-20250409-200000-001-V2-1423,BACKTESTER-001,MLSignalStrategyV2-V2,EUR/USD.IDEALPRO,IDEALPRO-1-1423,IDEALPRO-001,IDEALPRO-1-200118,EUR/USD.IDEALPRO-MLSignalStrategyV2-V2,BUY,MARKET,100000.00,1.09356,USD,2.19 USD,TAKER,145181e6-9826-47a3-b8f0-ab0a35e0d35e,2025-04-09 20:00:00+00:00,2025-04-09 20:00:00+00:00,{},False
O-20250409-200000-001-V2-1425,BACKTESTER-001,MLSignalStrategyV2-V2,EUR/USD.IDEALPRO,IDEALPRO-1-1425,IDEALPRO-001,IDEALPRO-1-200627,EUR/USD.IDEALPRO-MLSignalStrategyV2-V2,SELL,LIMIT,100000.00,1.09721,USD,2.19 USD,MAKER,5ab0b35c-cb6e-4b97-9a70-f19b0f4090f4,2025-04-10 00:29:00+00:00,2025-04-10 00:29:00+00:00,{},False
O-20250410-003000-001-V2-1426,BACKTESTER-001,MLSignalStrategyV2-V2,EUR/USD.IDEALPRO,IDEALPRO-1-1426,IDEALPRO-001,IDEALPRO-1-200630,EUR/USD.IDEALPRO-MLSignalStrategyV2-V2,BUY,MARKET,100000.00,1.09679,USD,2.19 USD,TAKER,9635334b-535e-4a34-b471-7c9c45174b48,2025-04-10 00:30:00+00:00,2025-04-10 00:30:00+00:00,{},False
O-20250410-003000-001-V2-1428,BACKTESTER-001,MLSignalStrategyV2-V2,EUR/USD.IDEALPRO,IDEALPRO-1-1428,IDEALPRO-001,IDEALPRO-1-200677,EUR/USD.IDEALPRO-MLSignalStrategyV2-V2,SELL,LIMIT,100000.00,1.09802,USD,2.20 USD,MAKER,10007865-0c82-43fa-b931-de6f49fe5a7c,2025-04-10 00:53:00+00:00,2025-04-10 00:53:00+00:00,{},False
O-20250410-030000-001-V2-1429,BACKTESTER-001,MLSignalStrategyV2-V2,EUR/USD.IDEALPRO,IDEALPRO-1-1429,IDEALPRO-001,IDEALPRO-1-200932,EUR/USD.IDEALPRO-MLSignalStrategyV2-V2,BUY,MARKET,100000.00,1.09719,USD,2.19 USD,TAKER,33b2c074-fb4c-4aa7-a34b-80c826771243,2025-04-10 03:00:00+00:00,2025-04-10 03:00:00+00:00,{},False
O-20250410-030000-001-V2-1431,BACKTESTER-001,MLSignalStrategyV2-V2,EUR/USD.IDEALPRO,IDEALPRO-1-1431,IDEALPRO-001,IDEALPRO-1-200953,EUR/USD.IDEALPRO-MLSignalStrategyV2-V2,SELL,LIMIT,100000.00,1.09824,USD,2.20 USD,MAKER,3a7390c9-8f28-4a18-bac8-4b4d35de2804,2025-04-10 03:10:00+00:00,2025-04-10 03:10:00+00:00,{},False
O-20250410-063000-001-V2-1432,BACKTESTER-001,MLSignalStrategyV2-V2,EUR/USD.IDEALPRO,IDEALPRO-1-1432,IDEALPRO-001,IDEALPRO-1-201354,EUR/USD.IDEALPRO-MLSignalStrategyV2-V2,BUY,MARKET,100000.00,1.09803,USD,2.20 USD,TAKER,03cff9ab-18d0-452e-b71e-1d0a078dc88f,2025-04-10 06:30:00+00:00,2025-04-10 06:30:00+00:00,{},False
O-20250410-063000-001-V2-1433,BACKTESTER-001,MLSignalStrategyV2-V2,EUR/USD.IDEALPRO,IDEALPRO-1-1433,IDEALPRO-001,IDEALPRO-1-201371,EUR/USD.IDEALPRO-MLSignalStrategyV2-V2,SELL,STOP_MARKET,100000.00,1.09668,USD,2.19 USD,TAKER,1a48ec77-ef73-4d2d-9c48-2554a964ecdc,2025-04-10 06:38:00+00:00,2025-04-10 06:38:00+00:00,{},False
O-20250410-064500-001-V2-1435,BACKTESTER-001,MLSignalStrategyV2-V2,EUR/USD.IDEALPRO,IDEALPRO-1-1435,IDEALPRO-001,IDEALPRO-1-201386,EUR/USD.IDEALPRO-MLSignalStrategyV2-V2,BUY,MARKET,100000.00,1.09782,USD,2.20 USD,TAKER,b01b9fab-8dac-4d96-a4f5-ba8e65d28de3,2025-04-10 06:45:00+00:00,2025-04-10 06:45:00+00:00,{},False
O-20250410-064500-001-V2-1436,BACKTESTER-001,MLSignalStrategyV2-V2,EUR/USD.IDEALPRO,IDEALPRO-1-1436,IDEALPRO-001,IDEALPRO-1-201407,EUR/USD.IDEALPRO-MLSignalStrategyV2-V2,SELL,STOP_MARKET,100000.00,1.09635,USD,2.19 USD,TAKER,cd3e76a1-ba5b-4f61-8ec4-28f026b3cb30,2025-04-10 06:55:00+00:00,2025-04-10 06:55:00+00:00,{},False
O-20250410-090000-001-V2-1438,BACKTESTER-001,MLSignalStrategyV2-V2,EUR/USD.IDEALPRO,IDEALPRO-1-1438,IDEALPRO-001,IDEALPRO-1-201658,EUR/USD.IDEALPRO-MLSignalStrategyV2-V2,SELL,MARKET,100000.00,1.10376,USD,2.21 USD,TAKER,3ec0ffc6-5310-4ad4-a298-ca672a965690,2025-04-10 09:00:00+00:00,2025-04-10 09:00:00+00:00,{},False
O-20250410-090000-001-V2-1439,BACKTESTER-001,MLSignalStrategyV2-V2,EUR/USD.IDEALPRO,IDEALPRO-1-1439,IDEALPRO-001,IDEALPRO-1-201781,EUR/USD.IDEALPRO-MLSignalStrategyV2-V2,BUY,STOP_MARKET,100000.00,1.10642,USD,2.21 USD,TAKER,21637f65-ac83-4c41-9fe7-35a2615c03f6,2025-04-10 10:01:00+00:00,2025-04-10 10:01:00+00:00,{},False
O-20250410-104500-001-V2-1441,BACKTESTER-001,MLSignalStrategyV2-V2,EUR/USD.IDEALPRO,IDEALPRO-1-1441,IDEALPRO-001,IDEALPRO-1-201870,EUR/USD.IDEALPRO-MLSignalStrategyV2-V2,BUY,MARKET,100000.00,1.10713,USD,2.21 USD,TAKER,1b0e3557-9978-4fa9-b417-e3d94114b594,2025-04-10 10:45:00+00:00,2025-04-10 10:45:00+00:00,{},False
O-20250410-104500-001-V2-1443,BACKTESTER-001,MLSignalStrategyV2-V2,EUR/USD.IDEALPRO,IDEALPRO-1-1443,IDEALPRO-001,IDEALPRO-1-201915,EUR/USD.IDEALPRO-MLSignalStrategyV2-V2,SELL,LIMIT,100000.00,1.10886,USD,2.22 USD,MAKER,2f556d7d-756d-4431-8025-7807cd483a22,2025-04-10 11:07:00+00:00,2025-04-10 11:07:00+00:00,{},False
O-20250410-121500-001-V2-1444,BACKTESTER-001,MLSignalStrategyV2-V2,EUR/USD.IDEALPRO,IDEALPRO-1-1444,IDEALPRO-001,IDEALPRO-1-202052,EUR/USD.IDEALPRO-MLSignalStrategyV2-V2,BUY,MARKET,100000.00,1.10914,USD,2.22 USD,TAKER,a696d7e4-df53-4535-8d28-0f23618ab590,2025-04-10 12:15:00+00:00,2025-04-10 12:15:00+00:00,{},False
O-20250410-121500-001-V2-1446,BACKTESTER-001,MLSignalStrategyV2-V2,EUR/USD.IDEALPRO,IDEALPRO-1-1446,IDEALPRO-001,IDEALPRO-1-202081,EUR/USD.IDEALPRO-MLSignalStrategyV2-V2,SELL,LIMIT,100000.00,1.11073,USD,2.22 USD,MAKER,51f43f64-f1fa-4c6a-a4fd-42c3a16e2dca,2025-04-10 12:29:00+00:00,2025-04-10 12:29:00+00:00,{},False
O-20250410-141500-001-V2-1447,BACKTESTER-001,MLSignalStrategyV2-V2,EUR/USD.IDEALPRO,IDEALPRO-1-1447,IDEALPRO-001,IDEALPRO-1-202295,EUR/USD.IDEALPRO-MLSignalStrategyV2-V2,BUY,MARKET,100000.00,1.11288,USD,2.23 USD,TAKER,b804d380-4102-4120-acb3-bf2969064e15,2025-04-10 14:15:00+00:00,2025-04-10 14:15:00+00:00,{},False
O-20250410-141500-001-V2-1449,BACKTESTER-001,MLSignalStrategyV2-V2,EUR/USD.IDEALPRO,IDEALPRO-1-1449,IDEALPRO-001,IDEALPRO-1-202343,EUR/USD.IDEALPRO-MLSignalStrategyV2-V2,SELL,LIMIT,100000.00,1.11488,USD,2.23 USD,MAKER,51177338-bf4e-45f4-a0fd-45b2c3bed019,2025-04-10 14:39:00+00:00,2025-04-10 14:39:00+00:00,{},False
O-20250410-180000-001-V2-1450,BACKTESTER-001,MLSignalStrategyV2-V2,EUR/USD.IDEALPRO,IDEALPRO-1-1450,IDEALPRO-001,IDEALPRO-1-202746,EUR/USD.IDEALPRO-MLSignalStrategyV2-V2,SELL,MARKET,100000.00,1.12101,USD,2.24 USD,TAKER,1ee8cc47-143e-40b4-94c1-84cad34c2be0,2025-04-10 18:00:00+00:00,2025-04-10 18:00:00+00:00,{},False
O-20250410-180000-001-V2-1451,BACKTESTER-001,MLSignalStrategyV2-V2,EUR/USD.IDEALPRO,IDEALPRO-1-1451,IDEALPRO-001,IDEALPRO-1-202797,EUR/USD.IDEALPRO-MLSignalStrategyV2-V2,BUY,STOP_MARKET,100000.00,1.12394,USD,2.25 USD,TAKER,5d83da43-06b4-4c1a-b48d-07e7770d2258,2025-04-10 18:25:00+00:00,2025-04-10 18:25:00+00:00,{},False
O-20250410-183000-001-V2-1453,BACKTESTER-001,MLSignalStrategyV2-V2,EUR/USD.IDEALPRO,IDEALPRO-1-1453,IDEALPRO-001,IDEALPRO-1-202808,EUR/USD.IDEALPRO-MLSignalStrategyV2-V2,SELL,MARKET,100000.00,1.12371,USD,2.25 USD,TAKER,33a0d12d-bd92-4438-93d8-6646a84c471c,2025-04-10 18:30:00+00:00,2025-04-10 18:30:00+00:00,{},False
O-20250410-183000-001-V2-1455,BACKTESTER-001,MLSignalStrategyV2-V2,EUR/USD.IDEALPRO,IDEALPRO-1-1455,IDEALPRO-001,IDEALPRO-1-202855,EUR/USD.IDEALPRO-MLSignalStrategyV2-V2,BUY,LIMIT,100000.00,1.12147,USD,2.24 USD,MAKER,bb0b92e9-0110-4e50-ac5d-7af7ea8d4503,2025-04-10 18:53:00+00:00,2025-04-10 18:53:00+00:00,{},False
O-20250410-190000-001-V2-1456,BACKTESTER-001,MLSignalStrategyV2-V2,EUR/USD.IDEALPRO,IDEALPRO-1-1456,IDEALPRO-001,IDEALPRO-1-202870,EUR/USD.IDEALPRO-MLSignalStrategyV2-V2,SELL,MARKET,100000.00,1.12155,USD,2.24 USD,TAKER,d68f0d35-b005-444d-933c-d3732bfe7da2,2025-04-10 19:00:00+00:00,2025-04-10 19:00:00+00:00,{},False
O-20250410-190000-001-V2-1458,BACKTESTER-001,MLSignalStrategyV2-V2,EUR/USD.IDEALPRO,IDEALPRO-1-1458,IDEALPRO-001,IDEALPRO-1-202887,EUR/USD.IDEALPRO-MLSignalStrategyV2-V2,BUY,LIMIT,100000.00,1.11900,USD,2.24 USD,MAKER,b9ac5ad1-147f-40da-a188-0e3d7456430f,2025-04-10 19:08:00+00:00,2025-04-10 19:08:00+00:00,{},False
O-20250410-191500-001-V2-1459,BACKTESTER-001,MLSignalStrategyV2-V2,EUR/USD.IDEALPRO,IDEALPRO-1-1459,IDEALPRO-001,IDEALPRO-1-202902,EUR/USD.IDEALPRO-MLSignalStrategyV2-V2,SELL,MARKET,100000.00,1.11866,USD,2.24 USD,TAKER,dc4ae3c4-84d6-48e9-9869-e9483424a948,2025-04-10 19:15:00+00:00,2025-04-10 19:15:00+00:00,{},False
O-20250410-191500-001-V2-1461,BACKTESTER-001,MLSignalStrategyV2-V2,EUR/USD.IDEALPRO,IDEALPRO-1-1461,IDEALPRO-001,IDEALPRO-1-202917,EUR/USD.IDEALPRO-MLSignalStrategyV2-V2,BUY,LIMIT,100000.00,1.11638,USD,2.23 USD,MAKER,e7f1fb93-adbd-4f4d-b783-213df7bf2aac,2025-04-10 19:22:00+00:00,2025-04-10 19:22:00+00:00,{},False
O-20250411-011500-001-V2-1462,BACKTESTER-001,MLSignalStrategyV2-V2,EUR/USD.IDEALPRO,IDEALPRO-1-1462,IDEALPRO-001,IDEALPRO-1-203595,EUR/USD.IDEALPRO-MLSignalStrategyV2-V2,SELL,MARKET,100000.00,1.12901,USD,2.26 USD,TAKER,aff8a443-a247-4f42-99d0-d72db137b3ae,2025-04-11 01:15:00+00:00,2025-04-11 01:15:00+00:00,{},False
O-20250411-011500-001-V2-1463,BACKTESTER-001,MLSignalStrategyV2-V2,EUR/USD.IDEALPRO,IDEALPRO-1-1463,IDEALPRO-001,IDEALPRO-1-203861,EUR/USD.IDEALPRO-MLSignalStrategyV2-V2,BUY,STOP_MARKET,100000.00,1.13320,USD,2.27 USD,TAKER,76bf483c-f9e7-4c86-9796-1f517a630a59,2025-04-11 03:28:00+00:00,2025-04-11 03:28:00+00:00,{},False
O-20250411-041500-001-V2-1465,BACKTESTER-001,MLSignalStrategyV2-V2,EUR/USD.IDEALPRO,IDEALPRO-1-1465,IDEALPRO-001,IDEALPRO-1-203956,EUR/USD.IDEALPRO-MLSignalStrategyV2-V2,SELL,MARKET,100000.00,1.13253,USD,2.27 USD,TAKER,47c96961-46e8-4f45-9f37-b20ae1c2a6c7,2025-04-11 04:15:00+00:00,2025-04-11 04:15:00+00:00,{},False
O-20250411-041500-001-V2-1467,BACKTESTER-001,MLSignalStrategyV2-V2,EUR/USD.IDEALPRO,IDEALPRO-1-1467,IDEALPRO-001,IDEALPRO-1-204053,EUR/USD.IDEALPRO-MLSignalStrategyV2-V2,BUY,LIMIT,100000.00,1.13032,USD,2.26 USD,MAKER,aad3e7c3-916b-4bee-8dcd-33beefbc4c15,2025-04-11 05:03:00+00:00,2025-04-11 05:03:00+00:00,{},False
O-20250411-053000-001-V2-1468,BACKTESTER-001,MLSignalStrategyV2-V2,EUR/USD.IDEALPRO,IDEALPRO-1-1468,IDEALPRO-001,IDEALPRO-1-204108,EUR/USD.IDEALPRO-MLSignalStrategyV2-V2,BUY,MARKET,100000.00,1.13005,USD,2.26 USD,TAKER,da8f8757-11eb-49c6-8e52-cdcbbcae1e87,2025-04-11 05:30:00+00:00,2025-04-11 05:30:00+00:00,{},False
O-20250411-053000-001-V2-1469,BACKTESTER-001,MLSignalStrategyV2-V2,EUR/USD.IDEALPRO,IDEALPRO-1-1469,IDEALPRO-001,IDEALPRO-1-204133,EUR/USD.IDEALPRO-MLSignalStrategyV2-V2,SELL,STOP_MARKET,100000.00,1.12757,USD,2.26 USD,TAKER,eccbe3ae-d0f4-4502-92c3-2e8d693b1550,2025-04-11 05:42:00+00:00,2025-04-11 05:42:00+00:00,{},False
O-20250411-054500-001-V2-1471,BACKTESTER-001,MLSignalStrategyV2-V2,EUR/USD.IDEALPRO,IDEALPRO-1-1471,IDEALPRO-001,IDEALPRO-1-204140,EUR/USD.IDEALPRO-MLSignalStrategyV2-V2,BUY,MARKET,100000.00,1.12753,USD,2.26 USD,TAKER,9614313a-19bf-460e-a2db-342554b3d4da,2025-04-11 05:45:00+00:00,2025-04-11 05:45:00+00:00,{},False
O-20250411-054500-001-V2-1472,BACKTESTER-001,MLSignalStrategyV2-V2,EUR/USD.IDEALPRO,IDEALPRO-1-1472,IDEALPRO-001,IDEALPRO-1-204225,EUR/USD.IDEALPRO-MLSignalStrategyV2-V2,SELL,STOP_MARKET,100000.00,1.12526,USD,2.25 USD,TAKER,788eeb7f-1399-476f-a1da-68c8d04462df,2025-04-11 06:27:00+00:00,2025-04-11 06:27:00+00:00,{},False
O-20250411-070000-001-V2-1474,BACKTESTER-001,MLSignalStrategyV2-V2,EUR/USD.IDEALPRO,IDEALPRO-1-1474,IDEALPRO-001,IDEALPRO-1-204292,EUR/USD.IDEALPRO-MLSignalStrategyV2-V2,BUY,MARKET,100000.00,1.12869,USD,2.26 USD,TAKER,aa534d80-7eb1-4d16-9497-3ece4c7ccd7c,2025-04-11 07:00:00+00:00,2025-04-11 07:00:00+00:00,{},False
O-20250411-070000-001-V2-1476,BACKTESTER-001,MLSignalStrategyV2-V2,EUR/USD.IDEALPRO,IDEALPRO-1-1476,IDEALPRO-001,IDEALPRO-1-204301,EUR/USD.IDEALPRO-MLSignalStrategyV2-V2,SELL,LIMIT,100000.00,1.13119,USD,2.26 USD,MAKER,20d513c4-d535-407f-a49b-66d6e48584e0,2025-04-11 07:04:00+00:00,2025-04-11 07:04:00+00:00,{},False
O-20250411-071500-001-V2-1477,BACKTESTER-001,MLSignalStrategyV2-V2,EUR/USD.IDEALPRO,IDEALPRO-1-1477,IDEALPRO-001,IDEALPRO-1-204324,EUR/USD.IDEALPRO-MLSignalStrategyV2-V2,SELL,MARKET,100000.00,1.13346,USD,2.27 USD,TAKER,0569ca6c-8c01-4eef-8bdd-12a00587799e,2025-04-11 07:15:00+00:00,2025-04-11 07:15:00+00:00,{},False
O-20250411-071500-001-V2-1478,BACKTESTER-001,MLSignalStrategyV2-V2,EUR/USD.IDEALPRO,IDEALPRO-1-1478,IDEALPRO-001,IDEALPRO-1-204407,EUR/USD.IDEALPRO-MLSignalStrategyV2-V2,BUY,STOP_MARKET,100000.00,1.13689,USD,2.27 USD,TAKER,f8c680c2-508f-4ba8-85f0-5a5de9b9cd5f,2025-04-11 07:56:00+00:00,2025-04-11 07:56:00+00:00,{},False
O-20250411-090000-001-V2-1480,BACKTESTER-001,MLSignalStrategyV2-V2,EUR/USD.IDEALPRO,IDEALPRO-1-1480,IDEALPRO-001,IDEALPRO-1-204536,EUR/USD.IDEALPRO-MLSignalStrategyV2-V2,SELL,MARKET,100000.00,1.14272,USD,2.29 USD,TAKER,a941fa85-1c5c-40bf-a652-cfca78c0bf58,2025-04-11 09:00:00+00:00,2025-04-11 09:00:00+00:00,{},False
O-20250411-090000-001-V2-1482,BACKTESTER-001,MLSignalStrategyV2-V2,EUR/USD.IDEALPRO,IDEALPRO-1-1482,IDEALPRO-001,IDEALPRO-1-204559,EUR/USD.IDEALPRO-MLSignalStrategyV2-V2,BUY,LIMIT,100000.00,1.13852,USD,2.28 USD,MAKER,45a956c9-e5b2-4137-8a95-0ff950fbd96d,2025-04-11 09:11:00+00:00,2025-04-11 09:11:00+00:00,{},False
O-20250411-091500-001-V2-1483,BACKTESTER-001,MLSignalStrategyV2-V2,EUR/USD.IDEALPRO,IDEALPRO-1-1483,IDEALPRO-001,IDEALPRO-1-204568,EUR/USD.IDEALPRO-MLSignalStrategyV2-V2,SELL,MARKET,100000.00,1.13996,USD,2.28 USD,TAKER,66605bbb-bdc9-4ab6-bb1d-b870175640f0,2025-04-11 09:15:00+00:00,2025-04-11 09:15:00+00:00,{},False
O-20250411-091500-001-V2-1485,BACKTESTER-001,MLSignalStrategyV2-V2,EUR/USD.IDEALPRO,IDEALPRO-1-1485,IDEALPRO-001,IDEALPRO-1-204663,EUR/USD.IDEALPRO-MLSignalStrategyV2-V2,BUY,LIMIT,100000.00,1.13587,USD,2.27 USD,MAKER,039cb36e-dac5-465e-8c92-0042960b06a6,2025-04-11 10:02:00+00:00,2025-04-11 10:02:00+00:00,{},False
O-20250411-103000-001-V2-1486,BACKTESTER-001,MLSignalStrategyV2-V2,EUR/USD.IDEALPRO,IDEALPRO-1-1486,IDEALPRO-001,IDEALPRO-1-204720,EUR/USD.IDEALPRO-MLSignalStrategyV2-V2,BUY,MARKET,100000.00,1.13618,USD,2.27 USD,TAKER,34643646-dfd2-45e6-99d2-c2d69eaa84f6,2025-04-11 10:30:00+00:00,2025-04-11 10:30:00+00:00,{},False
O-20250411-103000-001-V2-1488,BACKTESTER-001,MLSignalStrategyV2-V2,EUR/USD.IDEALPRO,IDEALPRO-1-1488,IDEALPRO-001,IDEALPRO-1-205015,EUR/USD.IDEALPRO-MLSignalStrategyV2-V2,SELL,LIMIT,100000.00,1.13975,USD,2.28 USD,MAKER,daef3cae-6e94-4d65-b291-be5a75ee740a,2025-04-11 12:57:00+00:00,2025-04-11 12:57:00+00:00,{},False
O-20250411-130000-001-V2-1489,BACKTESTER-001,MLSignalStrategyV2-V2,EUR/USD.IDEALPRO,IDEALPRO-1-1489,IDEALPRO-001,IDEALPRO-1-205022,EUR/USD.IDEALPRO-MLSignalStrategyV2-V2,SELL,MARKET,100000.00,1.13955,USD,2.28 USD,TAKER,bcbbf154-faae-4fd4-9b59-f5133416eaf0,2025-04-11 13:00:00+00:00,2025-04-11 13:00:00+00:00,{},False
O-20250411-130000-001-V2-1491,BACKTESTER-001,MLSignalStrategyV2-V2,EUR/USD.IDEALPRO,IDEALPRO-1-1491,IDEALPRO-001,IDEALPRO-1-205101,EUR/USD.IDEALPRO-MLSignalStrategyV2-V2,BUY,LIMIT,100000.00,1.13569,USD,2.27 USD,MAKER,7dd498e9-931d-4629-9cae-fc4fd6bdd6f2,2025-04-11 13:39:00+00:00,2025-04-11 13:39:00+00:00,{},False
O-20250411-134500-001-V2-1492,BACKTESTER-001,MLSignalStrategyV2-V2,EUR/USD.IDEALPRO,IDEALPRO-1-1492,IDEALPRO-001,IDEALPRO-1-205114,EUR/USD.IDEALPRO-MLSignalStrategyV2-V2,SELL,MARKET,100000.00,1.13813,USD,2.28 USD,TAKER,4582e529-6d90-4e09-aba7-502a0ed714fe,2025-04-11 13:45:00+00:00,2025-04-11 13:45:00+00:00,{},False
O-20250411-134500-001-V2-1494,BACKTESTER-001,MLSignalStrategyV2-V2,EUR/USD.IDEALPRO,IDEALPRO-1-1494,IDEALPRO-001,IDEALPRO-1-205121,EUR/USD.IDEALPRO-MLSignalStrategyV2-V2,BUY,LIMIT,100000.00,1.13355,USD,2.27 USD,MAKER,fef56d48-abc5-4f47-876b-2e9641705677,2025-04-11 13:48:00+00:00,2025-04-11 13:48:00+00:00,{},False
O-20250411-151500-001-V2-1495,BACKTESTER-001,MLSignalStrategyV2-V2,EUR/USD.IDEALPRO,IDEALPRO-1-1495,IDEALPRO-001,IDEALPRO-1-205296,EUR/USD.IDEALPRO-MLSignalStrategyV2-V2,BUY,MARKET,100000.00,1.13278,USD,2.27 USD,TAKER,c608cfae-366f-4437-885c-a6e7db81b3a1,2025-04-11 15:15:00+00:00,2025-04-11 15:15:00+00:00,{},False
O-20250411-151500-001-V2-1496,BACKTESTER-001,MLSignalStrategyV2-V2,EUR/USD.IDEALPRO,IDEALPRO-1-1496,IDEALPRO-001,IDEALPRO-1-205431,EUR/USD.IDEALPRO-MLSignalStrategyV2-V2,SELL,STOP_MARKET,100000.00,1.12826,USD,2.26 USD,TAKER,f2d3cd27-fce8-4aae-9d89-a56499bf7478,2025-04-11 16:22:00+00:00,2025-04-11 16:22:00+00:00,{},False
O-20250411-163000-001-V2-1498,BACKTESTER-001,MLSignalStrategyV2-V2,EUR/USD.IDEALPRO,IDEALPRO-1-1498,IDEALPRO-001,IDEALPRO-1-205448,EUR/USD.IDEALPRO-MLSignalStrategyV2-V2,BUY,MARKET,100000.00,1.12899,USD,2.26 USD,TAKER,1737405e-119a-4eaf-90ad-991f3c4c5247,2025-04-11 16:30:00+00:00,2025-04-11 16:30:00+00:00,{},False
O-20250411-163000-001-V2-1500,BACKTESTER-001,MLSignalStrategyV2-V2,EUR/USD.IDEALPRO,IDEALPRO-1-1500,IDEALPRO-001,IDEALPRO-1-205587,EUR/USD.IDEALPRO-MLSignalStrategyV2-V2,SELL,LIMIT,100000.00,1.13199,USD,2.26 USD,MAKER,543ad7ac-3ae9-4886-b558-27ba2cee6662,2025-04-11 17:39:00+00:00,2025-04-11 17:39:00+00:00,{},False
O-20250411-200000-001-V2-1501,BACKTESTER-001,MLSignalStrategyV2-V2,EUR/USD.IDEALPRO,IDEALPRO-1-1501,IDEALPRO-001,IDEALPRO-1-205870,EUR/USD.IDEALPRO-MLSignalStrategyV2-V2,SELL,MARKET,100000.00,1.13417,USD,2.27 USD,TAKER,f3a593db-8a94-4797-a036-8a10d2c63d1e,2025-04-11 20:00:00+00:00,2025-04-11 20:00:00+00:00,{},False
O-20250411-200000-001-V2-1503,BACKTESTER-001,MLSignalStrategyV2-V2,EUR/USD.IDEALPRO,IDEALPRO-1-1503,IDEALPRO-001,IDEALPRO-1-205993,EUR/USD.IDEALPRO-MLSignalStrategyV2-V2,BUY,LIMIT,100000.00,1.13185,USD,2.26 USD,MAKER,14e91b84-ef8e-4b79-8632-0919d305d54d,2025-04-13 21:16:00+00:00,2025-04-13 21:16:00+00:00,{},False
O-20250413-213000-001-V2-1504,BACKTESTER-001,MLSignalStrategyV2-V2,EUR/USD.IDEALPRO,IDEALPRO-1-1504,IDEALPRO-001,IDEALPRO-1-206022,EUR/USD.IDEALPRO-MLSignalStrategyV2-V2,BUY,MARKET,100000.00,1.13194,USD,2.26 USD,TAKER,b57cc38d-5668-4321-9b23-f44973a50201,2025-04-13 21:30:00+00:00,2025-04-13 21:30:00+00:00,{},False
O-20250413-213000-001-V2-1506,BACKTESTER-001,MLSignalStrategyV2-V2,EUR/USD.IDEALPRO,IDEALPRO-1-1506,IDEALPRO-001,IDEALPRO-1-206121,EUR/USD.IDEALPRO-MLSignalStrategyV2-V2,SELL,LIMIT,100000.00,1.13415,USD,2.27 USD,MAKER,9369d3f6-b6c9-4790-a187-08d0f18fb498,2025-04-13 22:19:00+00:00,2025-04-13 22:19:00+00:00,{},False
O-20250413-223000-001-V2-1507,BACKTESTER-001,MLSignalStrategyV2-V2,EUR/USD.IDEALPRO,IDEALPRO-1-1507,IDEALPRO-001,IDEALPRO-1-206144,EUR/USD.IDEALPRO-MLSignalStrategyV2-V2,BUY,MARKET,100000.00,1.13438,USD,2.27 USD,TAKER,d321b85b-36f4-48b5-b207-08bdc1d40512,2025-04-13 22:30:00+00:00,2025-04-13 22:30:00+00:00,{},False
O-20250413-223000-001-V2-1508,BACKTESTER-001,MLSignalStrategyV2-V2,EUR/USD.IDEALPRO,IDEALPRO-1-1508,IDEALPRO-001,IDEALPRO-1-206261,EUR/USD.IDEALPRO-MLSignalStrategyV2-V2,SELL,STOP_MARKET,100000.00,1.13266,USD,2.27 USD,TAKER,002d3cf4-a18d-414a-88ee-8a95c6127558,2025-04-13 23:28:00+00:00,2025-04-13 23:28:00+00:00,{},False
O-20250413-233000-001-V2-1510,BACKTESTER-001,MLSignalStrategyV2-V2,EUR/USD.IDEALPRO,IDEALPRO-1-1510,IDEALPRO-001,IDEALPRO-1-206266,EUR/USD.IDEALPRO-MLSignalStrategyV2-V2,BUY,MARKET,100000.00,1.13289,USD,2.27 USD,TAKER,be0cb8a9-e37a-4ff4-bf03-c90fe56bc0e6,2025-04-13 23:30:00+00:00,2025-04-13 23:30:00+00:00,{},False
O-20250413-233000-001-V2-1512,BACKTESTER-001,MLSignalStrategyV2-V2,EUR/USD.IDEALPRO,IDEALPRO-1-1512,IDEALPRO-001,IDEALPRO-1-206303,EUR/USD.IDEALPRO-MLSignalStrategyV2-V2,SELL,LIMIT,100000.00,1.13494,USD,2.27 USD,MAKER,f632d5d7-b1ca-4833-a3f5-e9f3fa11d745,2025-04-13 23:48:00+00:00,2025-04-13 23:48:00+00:00,{},False
O-20250414-023000-001-V2-1513,BACKTESTER-001,MLSignalStrategyV2-V2,EUR/USD.IDEALPRO,IDEALPRO-1-1513,IDEALPRO-001,IDEALPRO-1-206629,EUR/USD.IDEALPRO-MLSignalStrategyV2-V2,BUY,MARKET,100000.00,1.13895,USD,2.28 USD,TAKER,35dd3a32-b732-409d-acd2-39963d2ccecf,2025-04-14 02:30:00+00:00,2025-04-14 02:30:00+00:00,{},False
O-20250414-023000-001-V2-1514,BACKTESTER-001,MLSignalStrategyV2-V2,EUR/USD.IDEALPRO,IDEALPRO-1-1514,IDEALPRO-001,IDEALPRO-1-206737,EUR/USD.IDEALPRO-MLSignalStrategyV2-V2,SELL,STOP_MARKET,100000.00,1.13641,USD,2.27 USD,TAKER,4d8e82c6-5a20-4bd4-b03e-0744e9ff8436,2025-04-14 03:24:00+00:00,2025-04-14 03:24:00+00:00,{},False
O-20250414-073000-001-V2-1516,BACKTESTER-001,MLSignalStrategyV2-V2,EUR/USD.IDEALPRO,IDEALPRO-1-1516,IDEALPRO-001,IDEALPRO-1-207231,EUR/USD.IDEALPRO-MLSignalStrategyV2-V2,SELL,MARKET,100000.00,1.13994,USD,2.28 USD,TAKER,c7ac9ca1-6dc7-4961-8fac-3c6288cf87f2,2025-04-14 07:30:00+00:00,2025-04-14 07:30:00+00:00,{},False
O-20250414-073000-001-V2-1518,BACKTESTER-001,MLSignalStrategyV2-V2,EUR/USD.IDEALPRO,IDEALPRO-1-1518,IDEALPRO-001,IDEALPRO-1-207373,EUR/USD.IDEALPRO-MLSignalStrategyV2-V2,BUY,LIMIT,100000.00,1.13784,USD,2.28 USD,MAKER,d4f3c57a-31da-4d3a-b664-aa2441672a9f,2025-04-14 08:41:00+00:00,2025-04-14 08:41:00+00:00,{},False
O-20250414-123000-001-V2-1519,BACKTESTER-001,MLSignalStrategyV2-V2,EUR/USD.IDEALPRO,IDEALPRO-1-1519,IDEALPRO-001,IDEALPRO-1-207832,EUR/USD.IDEALPRO-MLSignalStrategyV2-V2,BUY,MARKET,100000.00,1.13542,USD,2.27 USD,TAKER,c779c310-572e-4854-9dfc-901181c7de93,2025-04-14 12:30:00+00:00,2025-04-14 12:30:00+00:00,{},False
O-20250414-123000-001-V2-1521,BACKTESTER-001,MLSignalStrategyV2-V2,EUR/USD.IDEALPRO,IDEALPRO-1-1521,IDEALPRO-001,IDEALPRO-1-207847,EUR/USD.IDEALPRO-MLSignalStrategyV2-V2,SELL,LIMIT,100000.00,1.13714,USD,2.27 USD,MAKER,3e5b4555-41c0-4100-88a8-c569745b823b,2025-04-14 12:37:00+00:00,2025-04-14 12:37:00+00:00,{},False
O-20250414-133000-001-V2-1522,BACKTESTER-001,MLSignalStrategyV2-V2,EUR/USD.IDEALPRO,IDEALPRO-1-1522,IDEALPRO-001,IDEALPRO-1-207954,EUR/USD.IDEALPRO-MLSignalStrategyV2-V2,BUY,MARKET,100000.00,1.13064,USD,2.26 USD,TAKER,976d330e-e277-4d52-bb37-ce71cc273a86,2025-04-14 13:30:00+00:00,2025-04-14 13:30:00+00:00,{},False
O-20250414-133000-001-V2-1524,BACKTESTER-001,MLSignalStrategyV2-V2,EUR/USD.IDEALPRO,IDEALPRO-1-1524,IDEALPRO-001,IDEALPRO-1-207987,EUR/USD.IDEALPRO-MLSignalStrategyV2-V2,SELL,LIMIT,100000.00,1.13319,USD,2.27 USD,MAKER,f5cebb6b-1bc5-46a6-bef9-059db04ce444,2025-04-14 13:46:00+00:00,2025-04-14 13:46:00+00:00,{},False
O-20250414-153000-001-V2-1525,BACKTESTER-001,MLSignalStrategyV2-V2,EUR/USD.IDEALPRO,IDEALPRO-1-1525,IDEALPRO-001,IDEALPRO-1-208196,EUR/USD.IDEALPRO-MLSignalStrategyV2-V2,SELL,MARKET,100000.00,1.13718,USD,2.27 USD,TAKER,5ecf1f38-37b6-4fe7-a43d-f6af9d157fa2,2025-04-14 15:30:00+00:00,2025-04-14 15:30:00+00:00,{},False
O-20250414-153000-001-V2-1527,BACKTESTER-001,MLSignalStrategyV2-V2,EUR/USD.IDEALPRO,IDEALPRO-1-1527,IDEALPRO-001,IDEALPRO-1-208299,EUR/USD.IDEALPRO-MLSignalStrategyV2-V2,BUY,LIMIT,100000.00,1.13480,USD,2.27 USD,MAKER,ae26059b-512f-4ce0-b13e-170c8299cef3,2025-04-14 16:21:00+00:00,2025-04-14 16:21:00+00:00,{},False
O-20250414-190000-001-V2-1528,BACKTESTER-001,MLSignalStrategyV2-V2,EUR/USD.IDEALPRO,IDEALPRO-1-1528,IDEALPRO-001,IDEALPRO-1-208618,EUR/USD.IDEALPRO-MLSignalStrategyV2-V2,SELL,MARKET,100000.00,1.13545,USD,2.27 USD,TAKER,cd60edc6-aebe-4cb4-a3ed-d0e70b5100c0,2025-04-14 19:00:00+00:00,2025-04-14 19:00:00+00:00,{},False
O-20250414-190000-001-V2-1530,BACKTESTER-001,MLSignalStrategyV2-V2,EUR/USD.IDEALPRO,IDEALPRO-1-1530,IDEALPRO-001,IDEALPRO-1-209101,EUR/USD.IDEALPRO-MLSignalStrategyV2-V2,BUY,LIMIT,100000.00,1.13405,USD,2.27 USD,MAKER,424e91ed-c4f0-48f6-8cf6-2d5e96f2ff7c,2025-04-14 23:16:00+00:00,2025-04-14 23:16:00+00:00,{},False
O-20250414-233000-001-V2-1531,BACKTESTER-001,MLSignalStrategyV2-V2,EUR/USD.IDEALPRO,IDEALPRO-1-1531,IDEALPRO-001,IDEALPRO-1-209130,EUR/USD.IDEALPRO-MLSignalStrategyV2-V2,SELL,MARKET,100000.00,1.13429,USD,2.27 USD,TAKER,ab1c3b0a-b113-4c11-b504-008a59f2715f,2025-04-14 23:30:00+00:00,2025-04-14 23:30:00+00:00,{},False
O-20250414-233000-001-V2-1533,BACKTESTER-001,MLSignalStrategyV2-V2,EUR/USD.IDEALPRO,IDEALPRO-1-1533,IDEALPRO-001,IDEALPRO-1-209173,EUR/USD.IDEALPRO-MLSignalStrategyV2-V2,BUY,LIMIT,100000.00,1.13339,USD,2.27 USD,MAKER,cc320cdb-3bb2-4e24-93a8-ec57de7fa0f7,2025-04-14 23:51:00+00:00,2025-04-14 23:51:00+00:00,{},False
O-20250415-000000-001-V2-1534,BACKTESTER-001,MLSignalStrategyV2-V2,EUR/USD.IDEALPRO,IDEALPRO-1-1534,IDEALPRO-001,IDEALPRO-1-209193,EUR/USD.IDEALPRO-MLSignalStrategyV2-V2,BUY,MARKET,100000.00,1.13364,USD,2.27 USD,TAKER,72c303e5-49d5-4321-83e0-21a7863eca67,2025-04-15 00:00:00+00:00,2025-04-15 00:00:00+00:00,{},False
O-20250415-000000-001-V2-1535,BACKTESTER-001,MLSignalStrategyV2-V2,EUR/USD.IDEALPRO,IDEALPRO-1-1535,IDEALPRO-001,IDEALPRO-1-209249,EUR/USD.IDEALPRO-MLSignalStrategyV2-V2,SELL,STOP_MARKET,100000.00,1.13258,USD,2.27 USD,TAKER,d050269f-a2d3-44d2-a866-77e2f0f24bf3,2025-04-15 00:28:00+00:00,2025-04-15 00:28:00+00:00,{},False
O-20250415-003000-001-V2-1537,BACKTESTER-001,MLSignalStrategyV2-V2,EUR/USD.IDEALPRO,IDEALPRO-1-1537,IDEALPRO-001,IDEALPRO-1-209254,EUR/USD.IDEALPRO-MLSignalStrategyV2-V2,BUY,MARKET,100000.00,1.13266,USD,2.27 USD,TAKER,7ff48382-b9fa-43a3-99b9-14b2c54624e9,2025-04-15 00:30:00+00:00,2025-04-15 00:30:00+00:00,{},False
O-20250415-003000-001-V2-1538,BACKTESTER-001,MLSignalStrategyV2-V2,EUR/USD.IDEALPRO,IDEALPRO-1-1538,IDEALPRO-001,IDEALPRO-1-209397,EUR/USD.IDEALPRO-MLSignalStrategyV2-V2,SELL,STOP_MARKET,100000.00,1.13161,USD,2.26 USD,TAKER,74b3d4b3-0043-4197-879a-0a727e19c676,2025-04-15 01:41:00+00:00,2025-04-15 01:41:00+00:00,{},False
O-20250415-014500-001-V2-1540,BACKTESTER-001,MLSignalStrategyV2-V2,EUR/USD.IDEALPRO,IDEALPRO-1-1540,IDEALPRO-001,IDEALPRO-1-209406,EUR/USD.IDEALPRO-MLSignalStrategyV2-V2,BUY,MARKET,100000.00,1.13179,USD,2.26 USD,TAKER,5a1224b6-36f2-44e6-aa2c-f2d7704973c4,2025-04-15 01:45:00+00:00,2025-04-15 01:45:00+00:00,{},False
O-20250415-014500-001-V2-1542,BACKTESTER-001,MLSignalStrategyV2-V2,EUR/USD.IDEALPRO,IDEALPRO-1-1542,IDEALPRO-001,IDEALPRO-1-209441,EUR/USD.IDEALPRO-MLSignalStrategyV2-V2,SELL,LIMIT,100000.00,1.13271,USD,2.27 USD,MAKER,886500c6-a443-4f97-b3e2-c4f66dacae6e,2025-04-15 02:02:00+00:00,2025-04-15 02:02:00+00:00,{},False
O-20250415-021500-001-V2-1543,BACKTESTER-001,MLSignalStrategyV2-V2,EUR/USD.IDEALPRO,IDEALPRO-1-1543,IDEALPRO-001,IDEALPRO-1-209468,EUR/USD.IDEALPRO-MLSignalStrategyV2-V2,BUY,MARKET,100000.00,1.13355,USD,2.27 USD,TAKER,3fe3d3f1-ea77-4213-aecb-40ce46432e9a,2025-04-15 02:15:00+00:00,2025-04-15 02:15:00+00:00,{},False
O-20250415-021500-001-V2-1545,BACKTESTER-001,MLSignalStrategyV2-V2,EUR/USD.IDEALPRO,IDEALPRO-1-1545,IDEALPRO-001,IDEALPRO-1-209521,EUR/USD.IDEALPRO-MLSignalStrategyV2-V2,SELL,LIMIT,100000.00,1.13464,USD,2.27 USD,MAKER,d5777403-4afa-402c-9e93-0121258ff400,2025-04-15 02:41:00+00:00,2025-04-15 02:41:00+00:00,{},False
O-20250415-024500-001-V2-1546,BACKTESTER-001,MLSignalStrategyV2-V2,EUR/USD.IDEALPRO,IDEALPRO-1-1546,IDEALPRO-001,IDEALPRO-1-209530,EUR/USD.IDEALPRO-MLSignalStrategyV2-V2,BUY,MARKET,100000.00,1.13448,USD,2.27 USD,TAKER,1a484035-3e3e-4754-bf53-e70037d678ca,2025-04-15 02:45:00+00:00,2025-04-15 02:45:00+00:00,{},False
O-20250415-024500-001-V2-1548,BACKTESTER-001,MLSignalStrategyV2-V2,EUR/USD.IDEALPRO,IDEALPRO-1-1548,IDEALPRO-001,IDEALPRO-1-209731,EUR/USD.IDEALPRO-MLSignalStrategyV2-V2,SELL,LIMIT,100000.00,1.13542,USD,2.27 USD,MAKER,b50c2314-f167-4cb3-8762-e043d7822e18,2025-04-15 04:25:00+00:00,2025-04-15 04:25:00+00:00,{},False
O-20250415-044500-001-V2-1549,BACKTESTER-001,MLSignalStrategyV2-V2,EUR/USD.IDEALPRO,IDEALPRO-1-1549,IDEALPRO-001,IDEALPRO-1-209772,EUR/USD.IDEALPRO-MLSignalStrategyV2-V2,BUY,MARKET,100000.00,1.13590,USD,2.27 USD,TAKER,a4516d08-ad25-4e9b-b772-8369ba64aa7c,2025-04-15 04:45:00+00:00,2025-04-15 04:45:00+00:00,{},False
O-20250415-044500-001-V2-1551,BACKTESTER-001,MLSignalStrategyV2-V2,EUR/USD.IDEALPRO,IDEALPRO-1-1551,IDEALPRO-001,IDEALPRO-1-209851,EUR/USD.IDEALPRO-MLSignalStrategyV2-V2,SELL,LIMIT,100000.00,1.13680,USD,2.27 USD,MAKER,633c3e4d-dfa2-4a9f-af27-4868151193d6,2025-04-15 05:24:00+00:00,2025-04-15 05:24:00+00:00,{},False
O-20250415-070000-001-V2-1552,BACKTESTER-001,MLSignalStrategyV2-V2,EUR/USD.IDEALPRO,IDEALPRO-1-1552,IDEALPRO-001,IDEALPRO-1-210044,EUR/USD.IDEALPRO-MLSignalStrategyV2-V2,BUY,MARKET,100000.00,1.13322,USD,2.27 USD,TAKER,388f0698-af9c-4dd3-b96a-77656000deed,2025-04-15 07:00:00+00:00,2025-04-15 07:00:00+00:00,{},False
O-20250415-070000-001-V2-1554,BACKTESTER-001,MLSignalStrategyV2-V2,EUR/USD.IDEALPRO,IDEALPRO-1-1554,IDEALPRO-001,IDEALPRO-1-210079,EUR/USD.IDEALPRO-MLSignalStrategyV2-V2,SELL,LIMIT,100000.00,1.13448,USD,2.27 USD,MAKER,02bedb92-87c7-4ea0-a58c-56f249a579e7,2025-04-15 07:17:00+00:00,2025-04-15 07:17:00+00:00,{},False
O-20250415-114500-001-V2-1555,BACKTESTER-001,MLSignalStrategyV2-V2,EUR/USD.IDEALPRO,IDEALPRO-1-1555,IDEALPRO-001,IDEALPRO-1-210617,EUR/USD.IDEALPRO-MLSignalStrategyV2-V2,BUY,MARKET,100000.00,1.13213,USD,2.26 USD,TAKER,eafe9a5c-d547-44ae-862b-849a5b5b0d0f,2025-04-15 11:45:00+00:00,2025-04-15 11:45:00+00:00,{},False
O-20250415-114500-001-V2-1557,BACKTESTER-001,MLSignalStrategyV2-V2,EUR/USD.IDEALPRO,IDEALPRO-1-1557,IDEALPRO-001,IDEALPRO-1-210673,EUR/USD.IDEALPRO-MLSignalStrategyV2-V2,SELL,LIMIT,100000.00,1.13353,USD,2.27 USD,MAKER,79a5538c-c7cc-4cfc-aa55-fb0866ca85e9,2025-04-15 12:13:00+00:00,2025-04-15 12:13:00+00:00,{},False
O-20250415-141500-001-V2-1558,BACKTESTER-001,MLSignalStrategyV2-V2,EUR/USD.IDEALPRO,IDEALPRO-1-1558,IDEALPRO-001,IDEALPRO-1-210919,EUR/USD.IDEALPRO-MLSignalStrategyV2-V2,BUY,MARKET,100000.00,1.12901,USD,2.26 USD,TAKER,3d2dc97e-d620-4344-8ceb-af0f49cbea90,2025-04-15 14:15:00+00:00,2025-04-15 14:15:00+00:00,{},False
O-20250415-141500-001-V2-1560,BACKTESTER-001,MLSignalStrategyV2-V2,EUR/USD.IDEALPRO,IDEALPRO-1-1560,IDEALPRO-001,IDEALPRO-1-210937,EUR/USD.IDEALPRO-MLSignalStrategyV2-V2,SELL,LIMIT,100000.00,1.13096,USD,2.26 USD,MAKER,fddd1950-b0f5-4fd3-86ed-faec14774985,2025-04-15 14:24:00+00:00,2025-04-15 14:24:00+00:00,{},False
O-20250415-160000-001-V2-1561,BACKTESTER-001,MLSignalStrategyV2-V2,EUR/USD.IDEALPRO,IDEALPRO-1-1561,IDEALPRO-001,IDEALPRO-1-211130,EUR/USD.IDEALPRO-MLSignalStrategyV2-V2,BUY,MARKET,100000.00,1.12890,USD,2.26 USD,TAKER,29788e95-6e0e-456d-bda8-78eb5c742482,2025-04-15 16:00:00+00:00,2025-04-15 16:00:00+00:00,{},False
O-20250415-160000-001-V2-1562,BACKTESTER-001,MLSignalStrategyV2-V2,EUR/USD.IDEALPRO,IDEALPRO-1-1562,IDEALPRO-001,IDEALPRO-1-211201,EUR/USD.IDEALPRO-MLSignalStrategyV2-V2,SELL,STOP_MARKET,100000.00,1.12678,USD,2.25 USD,TAKER,350fc630-059f-4e92-96a3-c820dae0cd8e,2025-04-15 16:35:00+00:00,2025-04-15 16:35:00+00:00,{},False
O-20250415-164500-001-V2-1564,BACKTESTER-001,MLSignalStrategyV2-V2,EUR/USD.IDEALPRO,IDEALPRO-1-1564,IDEALPRO-001,IDEALPRO-1-211222,EUR/USD.IDEALPRO-MLSignalStrategyV2-V2,BUY,MARKET,100000.00,1.12705,USD,2.25 USD,TAKER,18b8c96d-0d9c-4f90-8b6e-6c49d2fb2436,2025-04-15 16:45:00+00:00,2025-04-15 16:45:00+00:00,{},False
O-20250415-164500-001-V2-1566,BACKTESTER-001,MLSignalStrategyV2-V2,EUR/USD.IDEALPRO,IDEALPRO-1-1566,IDEALPRO-001,IDEALPRO-1-211539,EUR/USD.IDEALPRO-MLSignalStrategyV2-V2,SELL,LIMIT,100000.00,1.12862,USD,2.26 USD,MAKER,3789b226-6bc7-418c-9a9c-4ef9fcb5d28c,2025-04-15 19:23:00+00:00,2025-04-15 19:23:00+00:00,{},False
O-20250415-201500-001-V2-1567,BACKTESTER-001,MLSignalStrategyV2-V2,EUR/USD.IDEALPRO,IDEALPRO-1-1567,IDEALPRO-001,IDEALPRO-1-211645,EUR/USD.IDEALPRO-MLSignalStrategyV2-V2,BUY,MARKET,100000.00,1.12819,USD,2.26 USD,TAKER,d6577c25-1c2f-4bd8-bc4d-179ab252c66c,2025-04-15 20:15:00+00:00,2025-04-15 20:15:00+00:00,{},False
O-20250415-201500-001-V2-1569,BACKTESTER-001,MLSignalStrategyV2-V2,EUR/USD.IDEALPRO,IDEALPRO-1-1569,IDEALPRO-001,IDEALPRO-1-211841,EUR/USD.IDEALPRO-MLSignalStrategyV2-V2,SELL,LIMIT,100000.00,1.12904,USD,2.26 USD,MAKER,90fe0fa3-5394-4a1c-aeb8-24727a11a0ea,2025-04-15 22:08:00+00:00,2025-04-15 22:08:00+00:00,{},False
O-20250416-024500-001-V2-1570,BACKTESTER-001,MLSignalStrategyV2-V2,EUR/USD.IDEALPRO,IDEALPRO-1-1570,IDEALPRO-001,IDEALPRO-1-212397,EUR/USD.IDEALPRO-MLSignalStrategyV2-V2,BUY,MARKET,100000.00,1.13302,USD,2.27 USD,TAKER,8b27e1a4-b777-4824-9ea9-bf0ee3c663d5,2025-04-16 02:45:00+00:00,2025-04-16 02:45:00+00:00,{},False
O-20250416-024500-001-V2-1572,BACKTESTER-001,MLSignalStrategyV2-V2,EUR/USD.IDEALPRO,IDEALPRO-1-1572,IDEALPRO-001,IDEALPRO-1-212517,EUR/USD.IDEALPRO-MLSignalStrategyV2-V2,SELL,LIMIT,100000.00,1.13399,USD,2.27 USD,MAKER,dcfeef3c-05eb-453a-a619-cb3c2304b321,2025-04-16 03:45:00+00:00,2025-04-16 03:45:00+00:00,{},False
O-20250416-040000-001-V2-1573,BACKTESTER-001,MLSignalStrategyV2-V2,EUR/USD.IDEALPRO,IDEALPRO-1-1573,IDEALPRO-001,IDEALPRO-1-212549,EUR/USD.IDEALPRO-MLSignalStrategyV2-V2,BUY,MARKET,100000.00,1.13435,USD,2.27 USD,TAKER,29e2f574-8a9a-4a1f-a12a-2def2ac1c022,2025-04-16 04:00:00+00:00,2025-04-16 04:00:00+00:00,{},False
O-20250416-040000-001-V2-1574,BACKTESTER-001,MLSignalStrategyV2-V2,EUR/USD.IDEALPRO,IDEALPRO-1-1574,IDEALPRO-001,IDEALPRO-1-212603,EUR/USD.IDEALPRO-MLSignalStrategyV2-V2,SELL,STOP_MARKET,100000.00,1.13332,USD,2.27 USD,TAKER,305cc488-d687-4c43-adff-3ab1bde32184,2025-04-16 04:27:00+00:00,2025-04-16 04:27:00+00:00,{},False
O-20250416-070000-001-V2-1576,BACKTESTER-001,MLSignalStrategyV2-V2,EUR/USD.IDEALPRO,IDEALPRO-1-1576,IDEALPRO-001,IDEALPRO-1-212910,EUR/USD.IDEALPRO-MLSignalStrategyV2-V2,SELL,MARKET,100000.00,1.13609,USD,2.27 USD,TAKER,80f12ca6-5d44-4045-a854-06f9e86ff2c5,2025-04-16 07:00:00+00:00,2025-04-16 07:00:00+00:00,{},False
O-20250416-070000-001-V2-1577,BACKTESTER-001,MLSignalStrategyV2-V2,EUR/USD.IDEALPRO,IDEALPRO-1-1577,IDEALPRO-001,IDEALPRO-1-212927,EUR/USD.IDEALPRO-MLSignalStrategyV2-V2,BUY,STOP_MARKET,100000.00,1.13763,USD,2.28 USD,TAKER,4f4a4835-60a2-480b-939e-97fcaada104e,2025-04-16 07:08:00+00:00,2025-04-16 07:08:00+00:00,{},False
O-20250416-234500-001-V2-1579,BACKTESTER-001,MLSignalStrategyV2-V2,EUR/USD.IDEALPRO,IDEALPRO-1-1579,IDEALPRO-001,IDEALPRO-1-214892,EUR/USD.IDEALPRO-MLSignalStrategyV2-V2,BUY,MARKET,100000.00,1.14057,USD,2.28 USD,TAKER,35d706bb-136e-40d1-b9d7-b1a348e67d40,2025-04-16 23:45:00+00:00,2025-04-16 23:45:00+00:00,{},False
O-20250416-234500-001-V2-1580,BACKTESTER-001,MLSignalStrategyV2-V2,EUR/USD.IDEALPRO,IDEALPRO-1-1580,IDEALPRO-001,IDEALPRO-1-214917,EUR/USD.IDEALPRO-MLSignalStrategyV2-V2,SELL,STOP_MARKET,100000.00,1.13973,USD,2.28 USD,TAKER,15b903b3-de3f-4b13-a38d-473843c2c06b,2025-04-16 23:57:00+00:00,2025-04-16 23:57:00+00:00,{},False
O-20250417-004500-001-V2-1582,BACKTESTER-001,MLSignalStrategyV2-V2,EUR/USD.IDEALPRO,IDEALPRO-1-1582,IDEALPRO-001,IDEALPRO-1-215014,EUR/USD.IDEALPRO-MLSignalStrategyV2-V2,BUY,MARKET,100000.00,1.13730,USD,2.27 USD,TAKER,108ccafb-a984-4cfa-b136-d882705cde46,2025-04-17 00:45:00+00:00,2025-04-17 00:45:00+00:00,{},False
O-20250417-004500-001-V2-1583,BACKTESTER-001,MLSignalStrategyV2-V2,EUR/USD.IDEALPRO,IDEALPRO-1-1583,IDEALPRO-001,IDEALPRO-1-215053,EUR/USD.IDEALPRO-MLSignalStrategyV2-V2,SELL,STOP_MARKET,100000.00,1.13572,USD,2.27 USD,TAKER,7409a2ff-972d-4c9f-9e86-09c36d0d13cc,2025-04-17 01:04:00+00:00,2025-04-17 01:04:00+00:00,{},False
O-20250417-040000-001-V2-1585,BACKTESTER-001,MLSignalStrategyV2-V2,EUR/USD.IDEALPRO,IDEALPRO-1-1585,IDEALPRO-001,IDEALPRO-1-215406,EUR/USD.IDEALPRO-MLSignalStrategyV2-V2,BUY,MARKET,100000.00,1.13644,USD,2.27 USD,TAKER,6801674a-e013-4f28-a636-f13da133c463,2025-04-17 04:00:00+00:00,2025-04-17 04:00:00+00:00,{},False
O-20250417-040000-001-V2-1586,BACKTESTER-001,MLSignalStrategyV2-V2,EUR/USD.IDEALPRO,IDEALPRO-1-1586,IDEALPRO-001,IDEALPRO-1-215601,EUR/USD.IDEALPRO-MLSignalStrategyV2-V2,SELL,STOP_MARKET,100000.00,1.13543,USD,2.27 USD,TAKER,9dd7e7b7-32f9-4ee8-a31d-50c5026174cc,2025-04-17 05:37:00+00:00,2025-04-17 05:37:00+00:00,{},False
O-20250417-060000-001-V2-1588,BACKTESTER-001,MLSignalStrategyV2-V2,EUR/USD.IDEALPRO,IDEALPRO-1-1588,IDEALPRO-001,IDEALPRO-1-215648,EUR/USD.IDEALPRO-MLSignalStrategyV2-V2,BUY,MARKET,100000.00,1.13523,USD,2.27 USD,TAKER,157e7341-4b29-421b-8551-daa2301e83ff,2025-04-17 06:00:00+00:00,2025-04-17 06:00:00+00:00,{},False
O-20250417-060000-001-V2-1590,BACKTESTER-001,MLSignalStrategyV2-V2,EUR/USD.IDEALPRO,IDEALPRO-1-1590,IDEALPRO-001,IDEALPRO-1-215717,EUR/USD.IDEALPRO-MLSignalStrategyV2-V2,SELL,LIMIT,100000.00,1.13620,USD,2.27 USD,MAKER,98faf8ea-7643-4eca-8c88-aa76b33433e3,2025-04-17 06:34:00+00:00,2025-04-17 06:34:00+00:00,{},False
O-20250417-093000-001-V2-1591,BACKTESTER-001,MLSignalStrategyV2-V2,EUR/USD.IDEALPRO,IDEALPRO-1-1591,IDEALPRO-001,IDEALPRO-1-216071,EUR/USD.IDEALPRO-MLSignalStrategyV2-V2,SELL,MARKET,100000.00,1.13715,USD,2.27 USD,TAKER,5f8dc264-7ebb-4bdf-b137-4bdc8fd47c92,2025-04-17 09:30:00+00:00,2025-04-17 09:30:00+00:00,{},False
O-20250417-093000-001-V2-1593,BACKTESTER-001,MLSignalStrategyV2-V2,EUR/USD.IDEALPRO,IDEALPRO-1-1593,IDEALPRO-001,IDEALPRO-1-216157,EUR/USD.IDEALPRO-MLSignalStrategyV2-V2,BUY,LIMIT,100000.00,1.13603,USD,2.27 USD,MAKER,75849733-4661-486b-892a-6c950530b382,2025-04-17 10:13:00+00:00,2025-04-17 10:13:00+00:00,{},False
O-20250417-120000-001-V2-1594,BACKTESTER-001,MLSignalStrategyV2-V2,EUR/USD.IDEALPRO,IDEALPRO-1-1594,IDEALPRO-001,IDEALPRO-1-216372,EUR/USD.IDEALPRO-MLSignalStrategyV2-V2,BUY,MARKET,100000.00,1.13566,USD,2.27 USD,TAKER,e4510c91-b295-4fd1-8289-1dcbd007f19d,2025-04-17 12:00:00+00:00,2025-04-17 12:00:00+00:00,{},False
O-20250417-120000-001-V2-1596,BACKTESTER-001,MLSignalStrategyV2-V2,EUR/USD.IDEALPRO,IDEALPRO-1-1596,IDEALPRO-001,IDEALPRO-1-216385,EUR/USD.IDEALPRO-MLSignalStrategyV2-V2,SELL,LIMIT,100000.00,1.13668,USD,2.27 USD,MAKER,4593175e-465a-4942-bd8f-d595b18e289a,2025-04-17 12:06:00+00:00,2025-04-17 12:06:00+00:00,{},False
O-20250417-123000-001-V2-1597,BACKTESTER-001,MLSignalStrategyV2-V2,EUR/USD.IDEALPRO,IDEALPRO-1-1597,IDEALPRO-001,IDEALPRO-1-216434,EUR/USD.IDEALPRO-MLSignalStrategyV2-V2,BUY,MARKET,100000.00,1.13454,USD,2.27 USD,TAKER,f70580db-484c-4b5a-832b-e4007f7c9777,2025-04-17 12:30:00+00:00,2025-04-17 12:30:00+00:00,{},False
O-20250417-123000-001-V2-1599,BACKTESTER-001,MLSignalStrategyV2-V2,EUR/USD.IDEALPRO,IDEALPRO-1-1599,IDEALPRO-001,IDEALPRO-1-216463,EUR/USD.IDEALPRO-MLSignalStrategyV2-V2,SELL,LIMIT,100000.00,1.13586,USD,2.27 USD,MAKER,d3681870-4497-47a8-8b5b-09dd57f93a0e,2025-04-17 12:44:00+00:00,2025-04-17 12:44:00+00:00,{},False
O-20250417-124500-001-V2-1600,BACKTESTER-001,MLSignalStrategyV2-V2,EUR/USD.IDEALPRO,IDEALPRO-1-1600,IDEALPRO-001,IDEALPRO-1-216466,EUR/USD.IDEALPRO-MLSignalStrategyV2-V2,BUY,MARKET,100000.00,1.13557,USD,2.27 USD,TAKER,04741725-c371-4835-b53e-381b25d45f9f,2025-04-17 12:45:00+00:00,2025-04-17 12:45:00+00:00,{},False
O-20250417-124500-001-V2-1602,BACKTESTER-001,MLSignalStrategyV2-V2,EUR/USD.IDEALPRO,IDEALPRO-1-1602,IDEALPRO-001,IDEALPRO-1-216505,EUR/USD.IDEALPRO-MLSignalStrategyV2-V2,SELL,LIMIT,100000.00,1.13694,USD,2.27 USD,MAKER,2126de87-98d8-45b5-a383-10eca04dd873,2025-04-17 13:04:00+00:00,2025-04-17 13:04:00+00:00,{},False
O-20250417-131500-001-V2-1603,BACKTESTER-001,MLSignalStrategyV2-V2,EUR/USD.IDEALPRO,IDEALPRO-1-1603,IDEALPRO-001,IDEALPRO-1-216529,EUR/USD.IDEALPRO-MLSignalStrategyV2-V2,SELL,MARKET,100000.00,1.13553,USD,2.27 USD,TAKER,f57a9667-23dd-45e2-8178-4a60c0d474e7,2025-04-17 13:15:00+00:00,2025-04-17 13:15:00+00:00,{},False
O-20250417-131500-001-V2-1604,BACKTESTER-001,MLSignalStrategyV2-V2,EUR/USD.IDEALPRO,IDEALPRO-1-1604,IDEALPRO-001,IDEALPRO-1-216659,EUR/USD.IDEALPRO-MLSignalStrategyV2-V2,BUY,STOP_MARKET,100000.00,1.13784,USD,2.28 USD,TAKER,4fc53db0-5ec5-46b8-ab0f-6a43546330bb,2025-04-17 14:20:00+00:00,2025-04-17 14:20:00+00:00,{},False
O-20250418-054500-001-V2-1606,BACKTESTER-001,MLSignalStrategyV2-V2,EUR/USD.IDEALPRO,IDEALPRO-1-1606,IDEALPRO-001,IDEALPRO-1-218480,EUR/USD.IDEALPRO-MLSignalStrategyV2-V2,BUY,MARKET,100000.00,1.13698,USD,2.27 USD,TAKER,98570499-ea87-4a94-990e-dab03553fe73,2025-04-18 05:45:00+00:00,2025-04-18 05:45:00+00:00,{},False
O-20250418-054500-001-V2-1608,BACKTESTER-001,MLSignalStrategyV2-V2,EUR/USD.IDEALPRO,IDEALPRO-1-1608,IDEALPRO-001,IDEALPRO-1-218539,EUR/USD.IDEALPRO-MLSignalStrategyV2-V2,SELL,LIMIT,100000.00,1.13756,USD,2.28 USD,MAKER,28f5d08b-4850-4ff7-a389-9dae7b0586f3,2025-04-18 06:14:00+00:00,2025-04-18 06:14:00+00:00,{},False
O-20250418-090000-001-V2-1609,BACKTESTER-001,MLSignalStrategyV2-V2,EUR/USD.IDEALPRO,IDEALPRO-1-1609,IDEALPRO-001,IDEALPRO-1-218872,EUR/USD.IDEALPRO-MLSignalStrategyV2-V2,BUY,MARKET,100000.00,1.13710,USD,2.27 USD,TAKER,48ca853f-ecb1-474d-bce9-b929ec74e92d,2025-04-18 09:00:00+00:00,2025-04-18 09:00:00+00:00,{},False
O-20250418-090000-001-V2-1611,BACKTESTER-001,MLSignalStrategyV2-V2,EUR/USD.IDEALPRO,IDEALPRO-1-1611,IDEALPRO-001,IDEALPRO-1-219119,EUR/USD.IDEALPRO-MLSignalStrategyV2-V2,SELL,LIMIT,100000.00,1.13773,USD,2.28 USD,MAKER,4a69bbac-d24c-4455-840d-89af6627d811,2025-04-18 11:03:00+00:00,2025-04-18 11:03:00+00:00,{},False
O-20250418-154500-001-V2-1612,BACKTESTER-001,MLSignalStrategyV2-V2,EUR/USD.IDEALPRO,IDEALPRO-1-1612,IDEALPRO-001,IDEALPRO-1-219684,EUR/USD.IDEALPRO-MLSignalStrategyV2-V2,BUY,MARKET,100000.00,1.13929,USD,2.28 USD,TAKER,c5a73aba-a205-4bb2-a3b1-513bd48a08b9,2025-04-18 15:45:00+00:00,2025-04-18 15:45:00+00:00,{},False
O-20250418-154500-001-V2-1614,BACKTESTER-001,MLSignalStrategyV2-V2,EUR/USD.IDEALPRO,IDEALPRO-1-1614,IDEALPRO-001,IDEALPRO-1-220317,EUR/USD.IDEALPRO-MLSignalStrategyV2-V2,SELL,LIMIT,100000.00,1.14491,USD,2.29 USD,MAKER,63d69183-2220-4407-84f9-b74ae081526c,2025-04-21 00:01:00+00:00,2025-04-21 00:01:00+00:00,{},False
O-20250421-070000-001-V2-1615,BACKTESTER-001,MLSignalStrategyV2-V2,EUR/USD.IDEALPRO,IDEALPRO-1-1615,IDEALPRO-001,IDEALPRO-1-221156,EUR/USD.IDEALPRO-MLSignalStrategyV2-V2,SELL,MARKET,100000.00,1.15154,USD,2.30 USD,TAKER,3237e237-7af7-4a95-8369-93c54becce66,2025-04-21 07:00:00+00:00,2025-04-21 07:00:00+00:00,{},False
O-20250421-070000-001-V2-1616,BACKTESTER-001,MLSignalStrategyV2-V2,EUR/USD.IDEALPRO,IDEALPRO-1-1616,IDEALPRO-001,IDEALPRO-1-221221,EUR/USD.IDEALPRO-MLSignalStrategyV2-V2,BUY,STOP_MARKET,100000.00,1.15349,USD,2.31 USD,TAKER,597d8d51-2036-4a26-ad98-ec1203954387,2025-04-21 07:32:00+00:00,2025-04-21 07:32:00+00:00,{},False
O-20250421-080000-001-V2-1618,BACKTESTER-001,MLSignalStrategyV2-V2,EUR/USD.IDEALPRO,IDEALPRO-1-1618,IDEALPRO-001,IDEALPRO-1-221278,EUR/USD.IDEALPRO-MLSignalStrategyV2-V2,SELL,MARKET,100000.00,1.15555,USD,2.31 USD,TAKER,14589aa9-c029-41bf-8f83-63199231a980,2025-04-21 08:00:00+00:00,2025-04-21 08:00:00+00:00,{},False
O-20250421-080000-001-V2-1620,BACKTESTER-001,MLSignalStrategyV2-V2,EUR/USD.IDEALPRO,IDEALPRO-1-1620,IDEALPRO-001,IDEALPRO-1-221311,EUR/USD.IDEALPRO-MLSignalStrategyV2-V2,BUY,LIMIT,100000.00,1.15408,USD,2.31 USD,MAKER,fbf5ac36-46d2-4037-b1b2-699c927fa2ad,2025-04-21 08:16:00+00:00,2025-04-21 08:16:00+00:00,{},False
O-20250421-083000-001-V2-1621,BACKTESTER-001,MLSignalStrategyV2-V2,EUR/USD.IDEALPRO,IDEALPRO-1-1621,IDEALPRO-001,IDEALPRO-1-221340,EUR/USD.IDEALPRO-MLSignalStrategyV2-V2,SELL,MARKET,100000.00,1.15438,USD,2.31 USD,TAKER,9f381bbb-c10d-45ed-8eb6-3fbe48f48181,2025-04-21 08:30:00+00:00,2025-04-21 08:30:00+00:00,{},False
O-20250421-083000-001-V2-1622,BACKTESTER-001,MLSignalStrategyV2-V2,EUR/USD.IDEALPRO,IDEALPRO-1-1622,IDEALPRO-001,IDEALPRO-1-221379,EUR/USD.IDEALPRO-MLSignalStrategyV2-V2,BUY,STOP_MARKET,100000.00,1.15638,USD,2.31 USD,TAKER,1d4ba725-4337-45ae-8150-41f2e5edc191,2025-04-21 08:49:00+00:00,2025-04-21 08:49:00+00:00,{},False
O-20250421-100000-001-V2-1624,BACKTESTER-001,MLSignalStrategyV2-V2,EUR/USD.IDEALPRO,IDEALPRO-1-1624,IDEALPRO-001,IDEALPRO-1-221522,EUR/USD.IDEALPRO-MLSignalStrategyV2-V2,SELL,MARKET,100000.00,1.15471,USD,2.31 USD,TAKER,275045ed-d5d2-41ee-9692-b5f37a31a26f,2025-04-21 10:00:00+00:00,2025-04-21 10:00:00+00:00,{},False
O-20250421-100000-001-V2-1626,BACKTESTER-001,MLSignalStrategyV2-V2,EUR/USD.IDEALPRO,IDEALPRO-1-1626,IDEALPRO-001,IDEALPRO-1-221585,EUR/USD.IDEALPRO-MLSignalStrategyV2-V2,BUY,LIMIT,100000.00,1.15303,USD,2.31 USD,MAKER,1e32a234-24bf-442b-bb8f-a17e5b414dc9,2025-04-21 10:31:00+00:00,2025-04-21 10:31:00+00:00,{},False
O-20250421-120000-001-V2-1627,BACKTESTER-001,MLSignalStrategyV2-V2,EUR/USD.IDEALPRO,IDEALPRO-1-1627,IDEALPRO-001,IDEALPRO-1-221764,EUR/USD.IDEALPRO-MLSignalStrategyV2-V2,SELL,MARKET,100000.00,1.15430,USD,2.31 USD,TAKER,f1182385-00ec-4940-ab67-6bb1fe1cba26,2025-04-21 12:00:00+00:00,2025-04-21 12:00:00+00:00,{},False
O-20250421-120000-001-V2-1629,BACKTESTER-001,MLSignalStrategyV2-V2,EUR/USD.IDEALPRO,IDEALPRO-1-1629,IDEALPRO-001,IDEALPRO-1-221827,EUR/USD.IDEALPRO-MLSignalStrategyV2-V2,BUY,LIMIT,100000.00,1.15284,USD,2.31 USD,MAKER,ca23a113-6761-4d8f-abb0-27678a4e48f1,2025-04-21 12:31:00+00:00,2025-04-21 12:31:00+00:00,{},False
O-20250421-141500-001-V2-1630,BACKTESTER-001,MLSignalStrategyV2-V2,EUR/USD.IDEALPRO,IDEALPRO-1-1630,IDEALPRO-001,IDEALPRO-1-222037,EUR/USD.IDEALPRO-MLSignalStrategyV2-V2,SELL,MARKET,100000.00,1.15083,USD,2.30 USD,TAKER,4bc4edb9-51b7-4684-883f-7ad5b0e48340,2025-04-21 14:15:00+00:00,2025-04-21 14:15:00+00:00,{},False
O-20250421-141500-001-V2-1632,BACKTESTER-001,MLSignalStrategyV2-V2,EUR/USD.IDEALPRO,IDEALPRO-1-1632,IDEALPRO-001,IDEALPRO-1-222101,EUR/USD.IDEALPRO-MLSignalStrategyV2-V2,BUY,LIMIT,100000.00,1.14898,USD,2.30 USD,MAKER,c3719ff5-58d8-464b-9935-a8f994b139ae,2025-04-21 14:47:00+00:00,2025-04-21 14:47:00+00:00,{},False
O-20250421-151500-001-V2-1633,BACKTESTER-001,MLSignalStrategyV2-V2,EUR/USD.IDEALPRO,IDEALPRO-1-1633,IDEALPRO-001,IDEALPRO-1-222158,EUR/USD.IDEALPRO-MLSignalStrategyV2-V2,BUY,MARKET,100000.00,1.14821,USD,2.30 USD,TAKER,c0ec0f91-afdc-4f3c-963e-12e165f5038e,2025-04-21 15:15:00+00:00,2025-04-21 15:15:00+00:00,{},False
O-20250421-151500-001-V2-1635,BACKTESTER-001,MLSignalStrategyV2-V2,EUR/USD.IDEALPRO,IDEALPRO-1-1635,IDEALPRO-001,IDEALPRO-1-222185,EUR/USD.IDEALPRO-MLSignalStrategyV2-V2,SELL,LIMIT,100000.00,1.14969,USD,2.30 USD,MAKER,e1b9c33c-71c0-42e3-bc31-7cbea8350b46,2025-04-21 15:28:00+00:00,2025-04-21 15:28:00+00:00,{},False
O-20250421-204500-001-V2-1636,BACKTESTER-001,MLSignalStrategyV2-V2,EUR/USD.IDEALPRO,IDEALPRO-1-1636,IDEALPRO-001,IDEALPRO-1-222820,EUR/USD.IDEALPRO-MLSignalStrategyV2-V2,BUY,MARKET,100000.00,1.15058,USD,2.30 USD,TAKER,700e6abd-06db-4561-a7ae-74979dcadc80,2025-04-21 20:45:00+00:00,2025-04-21 20:45:00+00:00,{},False
O-20250421-204500-001-V2-1638,BACKTESTER-001,MLSignalStrategyV2-V2,EUR/USD.IDEALPRO,IDEALPRO-1-1638,IDEALPRO-001,IDEALPRO-1-222843,EUR/USD.IDEALPRO-MLSignalStrategyV2-V2,SELL,LIMIT,100000.00,1.15135,USD,2.30 USD,MAKER,a776bdc0-4435-4995-9da4-768477cf8e1b,2025-04-21 20:56:00+00:00,2025-04-21 20:56:00+00:00,{},False
O-20250422-003000-001-V2-1639,BACKTESTER-001,MLSignalStrategyV2-V2,EUR/USD.IDEALPRO,IDEALPRO-1-1639,IDEALPRO-001,IDEALPRO-1-223243,EUR/USD.IDEALPRO-MLSignalStrategyV2-V2,BUY,MARKET,100000.00,1.14966,USD,2.30 USD,TAKER,4b5d6748-1f0f-4c4d-a3e2-ab5e5a051697,2025-04-22 00:30:00+00:00,2025-04-22 00:30:00+00:00,{},False
O-20250422-003000-001-V2-1640,BACKTESTER-001,MLSignalStrategyV2-V2,EUR/USD.IDEALPRO,IDEALPRO-1-1640,IDEALPRO-001,IDEALPRO-1-223255,EUR/USD.IDEALPRO-MLSignalStrategyV2-V2,SELL,STOP_MARKET,100000.00,1.14852,USD,2.30 USD,TAKER,52910512-b03e-4c89-84a8-628f09c237bd,2025-04-22 00:36:00+00:00,2025-04-22 00:36:00+00:00,{},False
O-20250422-004500-001-V2-1642,BACKTESTER-001,MLSignalStrategyV2-V2,EUR/USD.IDEALPRO,IDEALPRO-1-1642,IDEALPRO-001,IDEALPRO-1-223274,EUR/USD.IDEALPRO-MLSignalStrategyV2-V2,BUY,MARKET,100000.00,1.14885,USD,2.30 USD,TAKER,c17ff2d9-ec6e-44c5-afe6-7e8f2d26e573,2025-04-22 00:45:00+00:00,2025-04-22 00:45:00+00:00,{},False
O-20250422-004500-001-V2-1644,BACKTESTER-001,MLSignalStrategyV2-V2,EUR/USD.IDEALPRO,IDEALPRO-1-1644,IDEALPRO-001,IDEALPRO-1-223315,EUR/USD.IDEALPRO-MLSignalStrategyV2-V2,SELL,LIMIT,100000.00,1.14975,USD,2.30 USD,MAKER,a39dd972-c980-4e1f-84ec-104ca57e22c6,2025-04-22 01:05:00+00:00,2025-04-22 01:05:00+00:00,{},False
O-20250422-013000-001-V2-1645,BACKTESTER-001,MLSignalStrategyV2-V2,EUR/USD.IDEALPRO,IDEALPRO-1-1645,IDEALPRO-001,IDEALPRO-1-223367,EUR/USD.IDEALPRO-MLSignalStrategyV2-V2,BUY,MARKET,100000.00,1.14900,USD,2.30 USD,TAKER,8b58ecbb-9f68-4b85-8210-447b3bedf6a4,2025-04-22 01:30:00+00:00,2025-04-22 01:30:00+00:00,{},False
O-20250422-013000-001-V2-1647,BACKTESTER-001,MLSignalStrategyV2-V2,EUR/USD.IDEALPRO,IDEALPRO-1-1647,IDEALPRO-001,IDEALPRO-1-223451,EUR/USD.IDEALPRO-MLSignalStrategyV2-V2,SELL,LIMIT,100000.00,1.15045,USD,2.30 USD,MAKER,09f95ddb-9312-42c0-b6be-9f5392bcd0d2,2025-04-22 02:12:00+00:00,2025-04-22 02:12:00+00:00,{},False
O-20250422-023000-001-V2-1648,BACKTESTER-001,MLSignalStrategyV2-V2,EUR/USD.IDEALPRO,IDEALPRO-1-1648,IDEALPRO-001,IDEALPRO-1-223488,EUR/USD.IDEALPRO-MLSignalStrategyV2-V2,BUY,MARKET,100000.00,1.15116,USD,2.30 USD,TAKER,514a5b02-f485-4788-913f-4541db3430ee,2025-04-22 02:30:00+00:00,2025-04-22 02:30:00+00:00,{},False
O-20250422-023000-001-V2-1650,BACKTESTER-001,MLSignalStrategyV2-V2,EUR/USD.IDEALPRO,IDEALPRO-1-1650,IDEALPRO-001,IDEALPRO-1-223551,EUR/USD.IDEALPRO-MLSignalStrategyV2-V2,SELL,LIMIT,100000.00,1.15216,USD,2.30 USD,MAKER,3dff2efb-e4a6-40c3-b64d-fafca53a4f24,2025-04-22 03:01:00+00:00,2025-04-22 03:01:00+00:00,{},False
O-20250422-070000-001-V2-1651,BACKTESTER-001,MLSignalStrategyV2-V2,EUR/USD.IDEALPRO,IDEALPRO-1-1651,IDEALPRO-001,IDEALPRO-1-224031,EUR/USD.IDEALPRO-MLSignalStrategyV2-V2,BUY,MARKET,100000.00,1.15009,USD,2.30 USD,TAKER,042c955a-a567-438e-9d49-30ee7a68df42,2025-04-22 07:00:00+00:00,2025-04-22 07:00:00+00:00,{},False
O-20250422-070000-001-V2-1652,BACKTESTER-001,MLSignalStrategyV2-V2,EUR/USD.IDEALPRO,IDEALPRO-1-1652,IDEALPRO-001,IDEALPRO-1-224635,EUR/USD.IDEALPRO-MLSignalStrategyV2-V2,SELL,STOP_MARKET,100000.00,1.14742,USD,2.29 USD,TAKER,51d8d5b0-e4db-4e74-bbac-efc6d6bb8ea7,2025-04-22 12:02:00+00:00,2025-04-22 12:02:00+00:00,{},False
O-20250422-123000-001-V2-1654,BACKTESTER-001,MLSignalStrategyV2-V2,EUR/USD.IDEALPRO,IDEALPRO-1-1654,IDEALPRO-001,IDEALPRO-1-224692,EUR/USD.IDEALPRO-MLSignalStrategyV2-V2,BUY,MARKET,100000.00,1.14699,USD,2.29 USD,TAKER,14c787e8-1329-41f3-b3cf-df3cc282517e,2025-04-22 12:30:00+00:00,2025-04-22 12:30:00+00:00,{},False
O-20250422-123000-001-V2-1656,BACKTESTER-001,MLSignalStrategyV2-V2,EUR/USD.IDEALPRO,IDEALPRO-1-1656,IDEALPRO-001,IDEALPRO-1-224859,EUR/USD.IDEALPRO-MLSignalStrategyV2-V2,SELL,LIMIT,100000.00,1.14830,USD,2.30 USD,MAKER,a98410e0-e2b0-41c3-86a0-ad487a37c6e8,2025-04-22 13:53:00+00:00,2025-04-22 13:53:00+00:00,{},False
O-20250422-170000-001-V2-1657,BACKTESTER-001,MLSignalStrategyV2-V2,EUR/USD.IDEALPRO,IDEALPRO-1-1657,IDEALPRO-001,IDEALPRO-1-225234,EUR/USD.IDEALPRO-MLSignalStrategyV2-V2,BUY,MARKET,100000.00,1.14341,USD,2.29 USD,TAKER,7ba9ec94-5915-4638-a7b4-f30b5a14f87a,2025-04-22 17:00:00+00:00,2025-04-22 17:00:00+00:00,{},False
O-20250422-170000-001-V2-1659,BACKTESTER-001,MLSignalStrategyV2-V2,EUR/USD.IDEALPRO,IDEALPRO-1-1659,IDEALPRO-001,IDEALPRO-1-225281,EUR/USD.IDEALPRO-MLSignalStrategyV2-V2,SELL,LIMIT,100000.00,1.14488,USD,2.29 USD,MAKER,bd1b150f-5604-484b-a37e-8899e2f230ef,2025-04-22 17:23:00+00:00,2025-04-22 17:23:00+00:00,{},False
O-20250422-174500-001-V2-1660,BACKTESTER-001,MLSignalStrategyV2-V2,EUR/USD.IDEALPRO,IDEALPRO-1-1660,IDEALPRO-001,IDEALPRO-1-225327,EUR/USD.IDEALPRO-MLSignalStrategyV2-V2,BUY,MARKET,100000.00,1.14333,USD,2.29 USD,TAKER,83ac427c-35bb-4ca0-a091-52ad5b0acd08,2025-04-22 17:45:00+00:00,2025-04-22 17:45:00+00:00,{},False
O-20250422-174500-001-V2-1662,BACKTESTER-001,MLSignalStrategyV2-V2,EUR/USD.IDEALPRO,IDEALPRO-1-1662,IDEALPRO-001,IDEALPRO-1-225343,EUR/USD.IDEALPRO-MLSignalStrategyV2-V2,SELL,LIMIT,100000.00,1.14478,USD,2.29 USD,MAKER,896c9277-6ffd-421b-b41b-0e2418a5c88b,2025-04-22 17:53:00+00:00,2025-04-22 17:53:00+00:00,{},False
O-20250422-200000-001-V2-1663,BACKTESTER-001,MLSignalStrategyV2-V2,EUR/USD.IDEALPRO,IDEALPRO-1-1663,IDEALPRO-001,IDEALPRO-1-225598,EUR/USD.IDEALPRO-MLSignalStrategyV2-V2,BUY,MARKET,100000.00,1.14210,USD,2.28 USD,TAKER,e6a8567b-b9b3-4cd6-b51a-645f509a7479,2025-04-22 20:00:00+00:00,2025-04-22 20:00:00+00:00,{},False
O-20250422-200000-001-V2-1664,BACKTESTER-001,MLSignalStrategyV2-V2,EUR/USD.IDEALPRO,IDEALPRO-1-1664,IDEALPRO-001,IDEALPRO-1-225751,EUR/USD.IDEALPRO-MLSignalStrategyV2-V2,SELL,STOP_MARKET,100000.00,1.14044,USD,2.28 USD,TAKER,189f2df1-8fce-46a6-8cae-f0322a26ad6b,2025-04-22 21:31:00+00:00,2025-04-22 21:31:00+00:00,{},False
O-20250422-220000-001-V2-1666,BACKTESTER-001,MLSignalStrategyV2-V2,EUR/USD.IDEALPRO,IDEALPRO-1-1666,IDEALPRO-001,IDEALPRO-1-225810,EUR/USD.IDEALPRO-MLSignalStrategyV2-V2,BUY,MARKET,100000.00,1.13641,USD,2.27 USD,TAKER,b397c3d6-191c-456b-969e-2774131b1ab6,2025-04-22 22:00:00+00:00,2025-04-22 22:00:00+00:00,{},False
O-20250422-220000-001-V2-1667,BACKTESTER-001,MLSignalStrategyV2-V2,EUR/USD.IDEALPRO,IDEALPRO-1-1667,IDEALPRO-001,IDEALPRO-1-225821,EUR/USD.IDEALPRO-MLSignalStrategyV2-V2,SELL,STOP_MARKET,100000.00,1.13401,USD,2.27 USD,TAKER,736718ef-ce7e-431b-8662-4037cd544ae1,2025-04-22 22:05:00+00:00,2025-04-22 22:05:00+00:00,{},False
O-20250422-221500-001-V2-1669,BACKTESTER-001,MLSignalStrategyV2-V2,EUR/USD.IDEALPRO,IDEALPRO-1-1669,IDEALPRO-001,IDEALPRO-1-225842,EUR/USD.IDEALPRO-MLSignalStrategyV2-V2,BUY,MARKET,100000.00,1.13586,USD,2.27 USD,TAKER,e2359ef7-8060-4247-9b4d-72d647707d65,2025-04-22 22:15:00+00:00,2025-04-22 22:15:00+00:00,{},False
O-20250422-221500-001-V2-1670,BACKTESTER-001,MLSignalStrategyV2-V2,EUR/USD.IDEALPRO,IDEALPRO-1-1670,IDEALPRO-001,IDEALPRO-1-225857,EUR/USD.IDEALPRO-MLSignalStrategyV2-V2,SELL,STOP_MARKET,100000.00,1.13382,USD,2.27 USD,TAKER,cfd7a23f-6194-4e81-9961-89ead55460e5,2025-04-22 22:22:00+00:00,2025-04-22 22:22:00+00:00,{},False
O-20250422-223000-001-V2-1672,BACKTESTER-001,MLSignalStrategyV2-V2,EUR/USD.IDEALPRO,IDEALPRO-1-1672,IDEALPRO-001,IDEALPRO-1-225874,EUR/USD.IDEALPRO-MLSignalStrategyV2-V2,BUY,MARKET,100000.00,1.13177,USD,2.26 USD,TAKER,8549302d-71f9-4d85-b5c6-d12def43af87,2025-04-22 22:30:00+00:00,2025-04-22 22:30:00+00:00,{},False
O-20250422-223000-001-V2-1674,BACKTESTER-001,MLSignalStrategyV2-V2,EUR/USD.IDEALPRO,IDEALPRO-1-1674,IDEALPRO-001,IDEALPRO-1-225905,EUR/USD.IDEALPRO-MLSignalStrategyV2-V2,SELL,LIMIT,100000.00,1.13375,USD,2.27 USD,MAKER,166d2b95-8484-41af-b446-2b1eecb64cdc,2025-04-22 22:45:00+00:00,2025-04-22 22:45:00+00:00,{},False
O-20250422-224500-001-V2-1675,BACKTESTER-001,MLSignalStrategyV2-V2,EUR/USD.IDEALPRO,IDEALPRO-1-1675,IDEALPRO-001,IDEALPRO-1-225906,EUR/USD.IDEALPRO-MLSignalStrategyV2-V2,BUY,MARKET,100000.00,1.13347,USD,2.27 USD,TAKER,2b30329e-d070-4dc9-bf28-b1e64c9f7caa,2025-04-22 22:45:00+00:00,2025-04-22 22:45:00+00:00,{},False
O-20250422-224500-001-V2-1677,BACKTESTER-001,MLSignalStrategyV2-V2,EUR/USD.IDEALPRO,IDEALPRO-1-1677,IDEALPRO-001,IDEALPRO-1-225959,EUR/USD.IDEALPRO-MLSignalStrategyV2-V2,SELL,LIMIT,100000.00,1.13575,USD,2.27 USD,MAKER,8d2ce9d6-389c-4fe8-9184-3c6740109f1f,2025-04-22 23:11:00+00:00,2025-04-22 23:11:00+00:00,{},False
O-20250422-231500-001-V2-1678,BACKTESTER-001,MLSignalStrategyV2-V2,EUR/USD.IDEALPRO,IDEALPRO-1-1678,IDEALPRO-001,IDEALPRO-1-225968,EUR/USD.IDEALPRO-MLSignalStrategyV2-V2,BUY,MARKET,100000.00,1.13540,USD,2.27 USD,TAKER,741ed436-3c32-4260-8632-8c6d79f751cb,2025-04-22 23:15:00+00:00,2025-04-22 23:15:00+00:00,{},False
O-20250422-231500-001-V2-1680,BACKTESTER-001,MLSignalStrategyV2-V2,EUR/USD.IDEALPRO,IDEALPRO-1-1680,IDEALPRO-001,IDEALPRO-1-226121,EUR/USD.IDEALPRO-MLSignalStrategyV2-V2,SELL,LIMIT,100000.00,1.13759,USD,2.28 USD,MAKER,6b9fbb3b-ebe3-4d66-bb8b-906d23614ecc,2025-04-23 00:31:00+00:00,2025-04-23 00:31:00+00:00,{},False
O-20250423-033000-001-V2-1681,BACKTESTER-001,MLSignalStrategyV2-V2,EUR/USD.IDEALPRO,IDEALPRO-1-1681,IDEALPRO-001,IDEALPRO-1-226480,EUR/USD.IDEALPRO-MLSignalStrategyV2-V2,BUY,MARKET,100000.00,1.13837,USD,2.28 USD,TAKER,fd5e22e4-5f1b-4cbc-a9e5-69bcf55d99a8,2025-04-23 03:30:00+00:00,2025-04-23 03:30:00+00:00,{},False
O-20250423-033000-001-V2-1683,BACKTESTER-001,MLSignalStrategyV2-V2,EUR/USD.IDEALPRO,IDEALPRO-1-1683,IDEALPRO-001,IDEALPRO-1-226703,EUR/USD.IDEALPRO-MLSignalStrategyV2-V2,SELL,LIMIT,100000.00,1.13975,USD,2.28 USD,MAKER,ba67809c-668f-488f-99d5-dd5c905826e6,2025-04-23 05:21:00+00:00,2025-04-23 05:21:00+00:00,{},False
O-20250423-110000-001-V2-1684,BACKTESTER-001,MLSignalStrategyV2-V2,EUR/USD.IDEALPRO,IDEALPRO-1-1684,IDEALPRO-001,IDEALPRO-1-227382,EUR/USD.IDEALPRO-MLSignalStrategyV2-V2,SELL,MARKET,100000.00,1.14020,USD,2.28 USD,TAKER,0de52e38-8453-4e15-9b39-0798547592c2,2025-04-23 11:00:00+00:00,2025-04-23 11:00:00+00:00,{},False
O-20250423-110000-001-V2-1686,BACKTESTER-001,MLSignalStrategyV2-V2,EUR/USD.IDEALPRO,IDEALPRO-1-1686,IDEALPRO-001,IDEALPRO-1-227403,EUR/USD.IDEALPRO-MLSignalStrategyV2-V2,BUY,LIMIT,100000.00,1.13871,USD,2.28 USD,MAKER,07f4ee74-69bf-4586-904f-33670f3d7ecc,2025-04-23 11:10:00+00:00,2025-04-23 11:10:00+00:00,{},False
O-20250423-111500-001-V2-1687,BACKTESTER-001,MLSignalStrategyV2-V2,EUR/USD.IDEALPRO,IDEALPRO-1-1687,IDEALPRO-001,IDEALPRO-1-227414,EUR/USD.IDEALPRO-MLSignalStrategyV2-V2,SELL,MARKET,100000.00,1.13996,USD,2.28 USD,TAKER,f0839461-d8c7-4896-8604-75ce33d092e0,2025-04-23 11:15:00+00:00,2025-04-23 11:15:00+00:00,{},False
O-20250423-111500-001-V2-1688,BACKTESTER-001,MLSignalStrategyV2-V2,EUR/USD.IDEALPRO,IDEALPRO-1-1688,IDEALPRO-001,IDEALPRO-1-227485,EUR/USD.IDEALPRO-MLSignalStrategyV2-V2,BUY,STOP_MARKET,100000.00,1.14162,USD,2.28 USD,TAKER,49fe7d1f-3069-4299-b9c9-fccb7321c177,2025-04-23 11:50:00+00:00,2025-04-23 11:50:00+00:00,{},False
O-20250423-201500-001-V2-1690,BACKTESTER-001,MLSignalStrategyV2-V2,EUR/USD.IDEALPRO,IDEALPRO-1-1690,IDEALPRO-001,IDEALPRO-1-228496,EUR/USD.IDEALPRO-MLSignalStrategyV2-V2,BUY,MARKET,100000.00,1.13232,USD,2.26 USD,TAKER,e9bd8bef-562d-46c6-8f09-2fbce358b956,2025-04-23 20:15:00+00:00,2025-04-23 20:15:00+00:00,{},False
O-20250423-201500-001-V2-1692,BACKTESTER-001,MLSignalStrategyV2-V2,EUR/USD.IDEALPRO,IDEALPRO-1-1692,IDEALPRO-001,IDEALPRO-1-228693,EUR/USD.IDEALPRO-MLSignalStrategyV2-V2,SELL,LIMIT,100000.00,1.13397,USD,2.27 USD,MAKER,07c3732f-f35f-4e5c-9595-8c1c401f044e,2025-04-23 22:08:00+00:00,2025-04-23 22:08:00+00:00,{},False
O-20250423-233000-001-V2-1693,BACKTESTER-001,MLSignalStrategyV2-V2,EUR/USD.IDEALPRO,IDEALPRO-1-1693,IDEALPRO-001,IDEALPRO-1-228859,EUR/USD.IDEALPRO-MLSignalStrategyV2-V2,BUY,MARKET,100000.00,1.13302,USD,2.27 USD,TAKER,a91ba37e-603b-4156-8ccf-6b61d12b2d8b,2025-04-23 23:30:00+00:00,2025-04-23 23:30:00+00:00,{},False
O-20250423-233000-001-V2-1695,BACKTESTER-001,MLSignalStrategyV2-V2,EUR/USD.IDEALPRO,IDEALPRO-1-1695,IDEALPRO-001,IDEALPRO-1-228973,EUR/USD.IDEALPRO-MLSignalStrategyV2-V2,SELL,LIMIT,100000.00,1.13399,USD,2.27 USD,MAKER,dd191eb4-71b3-44f8-aec4-272a5ce9944b,2025-04-24 00:27:00+00:00,2025-04-24 00:27:00+00:00,{},False
O-20250424-003000-001-V2-1696,BACKTESTER-001,MLSignalStrategyV2-V2,EUR/USD.IDEALPRO,IDEALPRO-1-1696,IDEALPRO-001,IDEALPRO-1-228980,EUR/USD.IDEALPRO-MLSignalStrategyV2-V2,BUY,MARKET,100000.00,1.13397,USD,2.27 USD,TAKER,af92629f-b024-4282-80de-8aba32afe5ee,2025-04-24 00:30:00+00:00,2025-04-24 00:30:00+00:00,{},False
O-20250424-003000-001-V2-1698,BACKTESTER-001,MLSignalStrategyV2-V2,EUR/USD.IDEALPRO,IDEALPRO-1-1698,IDEALPRO-001,IDEALPRO-1-229043,EUR/USD.IDEALPRO-MLSignalStrategyV2-V2,SELL,LIMIT,100000.00,1.13491,USD,2.27 USD,MAKER,0374209f-87a8-4fd3-801b-5c71e301e6c3,2025-04-24 01:01:00+00:00,2025-04-24 01:01:00+00:00,{},False
O-20250424-034500-001-V2-1699,BACKTESTER-001,MLSignalStrategyV2-V2,EUR/USD.IDEALPRO,IDEALPRO-1-1699,IDEALPRO-001,IDEALPRO-1-229373,EUR/USD.IDEALPRO-MLSignalStrategyV2-V2,SELL,MARKET,100000.00,1.13390,USD,2.27 USD,TAKER,8e10e171-7001-4179-8696-59b98f8d70ec,2025-04-24 03:45:00+00:00,2025-04-24 03:45:00+00:00,{},False
O-20250424-034500-001-V2-1700,BACKTESTER-001,MLSignalStrategyV2-V2,EUR/USD.IDEALPRO,IDEALPRO-1-1700,IDEALPRO-001,IDEALPRO-1-229667,EUR/USD.IDEALPRO-MLSignalStrategyV2-V2,BUY,STOP_MARKET,100000.00,1.13503,USD,2.27 USD,TAKER,e6456584-6378-4fa4-8275-33976ed0a394,2025-04-24 06:12:00+00:00,2025-04-24 06:12:00+00:00,{},False
O-20250424-061500-001-V2-1702,BACKTESTER-001,MLSignalStrategyV2-V2,EUR/USD.IDEALPRO,IDEALPRO-1-1702,IDEALPRO-001,IDEALPRO-1-229675,EUR/USD.IDEALPRO-MLSignalStrategyV2-V2,BUY,MARKET,100000.00,1.13490,USD,2.27 USD,TAKER,0400bb8c-f9a1-499a-8db1-b45022586024,2025-04-24 06:15:00+00:00,2025-04-24 06:15:00+00:00,{},False
O-20250424-061500-001-V2-1704,BACKTESTER-001,MLSignalStrategyV2-V2,EUR/USD.IDEALPRO,IDEALPRO-1-1704,IDEALPRO-001,IDEALPRO-1-229767,EUR/USD.IDEALPRO-MLSignalStrategyV2-V2,SELL,LIMIT,100000.00,1.13595,USD,2.27 USD,MAKER,df6e5949-0a37-4e89-8cd8-1c9e299446b8,2025-04-24 07:01:00+00:00,2025-04-24 07:01:00+00:00,{},False
O-20250424-090000-001-V2-1705,BACKTESTER-001,MLSignalStrategyV2-V2,EUR/USD.IDEALPRO,IDEALPRO-1-1705,IDEALPRO-001,IDEALPRO-1-230006,EUR/USD.IDEALPRO-MLSignalStrategyV2-V2,SELL,MARKET,100000.00,1.13806,USD,2.28 USD,TAKER,0951e8e7-b4ad-4306-bb0a-72506a110b5d,2025-04-24 09:00:00+00:00,2025-04-24 09:00:00+00:00,{},False
O-20250424-090000-001-V2-1706,BACKTESTER-001,MLSignalStrategyV2-V2,EUR/USD.IDEALPRO,IDEALPRO-1-1706,IDEALPRO-001,IDEALPRO-1-230147,EUR/USD.IDEALPRO-MLSignalStrategyV2-V2,BUY,STOP_MARKET,100000.00,1.13950,USD,2.28 USD,TAKER,691c7561-6bf6-492c-97a3-e3e75b1e9450,2025-04-24 10:10:00+00:00,2025-04-24 10:10:00+00:00,{},False
O-20250424-234500-001-V2-1708,BACKTESTER-001,MLSignalStrategyV2-V2,EUR/USD.IDEALPRO,IDEALPRO-1-1708,IDEALPRO-001,IDEALPRO-1-231748,EUR/USD.IDEALPRO-MLSignalStrategyV2-V2,SELL,MARKET,100000.00,1.13736,USD,2.27 USD,TAKER,c31385e1-2343-41aa-8dde-b7e81c3e585e,2025-04-24 23:45:00+00:00,2025-04-24 23:45:00+00:00,{},False
O-20250424-234500-001-V2-1710,BACKTESTER-001,MLSignalStrategyV2-V2,EUR/USD.IDEALPRO,IDEALPRO-1-1710,IDEALPRO-001,IDEALPRO-1-231783,EUR/USD.IDEALPRO-MLSignalStrategyV2-V2,BUY,LIMIT,100000.00,1.13650,USD,2.27 USD,MAKER,8fbbb171-31d4-4e90-80ab-8ece97d03903,2025-04-25 00:02:00+00:00,2025-04-25 00:02:00+00:00,{},False
O-20250425-010000-001-V2-1711,BACKTESTER-001,MLSignalStrategyV2-V2,EUR/USD.IDEALPRO,IDEALPRO-1-1711,IDEALPRO-001,IDEALPRO-1-231900,EUR/USD.IDEALPRO-MLSignalStrategyV2-V2,BUY,MARKET,100000.00,1.13473,USD,2.27 USD,TAKER,afa7496e-ac18-437c-a522-0ecc062a2543,2025-04-25 01:00:00+00:00,2025-04-25 01:00:00+00:00,{},False
O-20250425-010000-001-V2-1713,BACKTESTER-001,MLSignalStrategyV2-V2,EUR/USD.IDEALPRO,IDEALPRO-1-1713,IDEALPRO-001,IDEALPRO-1-231929,EUR/USD.IDEALPRO-MLSignalStrategyV2-V2,SELL,LIMIT,100000.00,1.13551,USD,2.27 USD,MAKER,d09603d1-474a-4ca2-abcb-42cd3137d58c,2025-04-25 01:14:00+00:00,2025-04-25 01:14:00+00:00,{},False
O-20250425-030000-001-V2-1714,BACKTESTER-001,MLSignalStrategyV2-V2,EUR/USD.IDEALPRO,IDEALPRO-1-1714,IDEALPRO-001,IDEALPRO-1-232142,EUR/USD.IDEALPRO-MLSignalStrategyV2-V2,SELL,MARKET,100000.00,1.13480,USD,2.27 USD,TAKER,8de16fac-cf9e-4333-beae-d7a27e6e81e8,2025-04-25 03:00:00+00:00,2025-04-25 03:00:00+00:00,{},False
O-20250425-030000-001-V2-1715,BACKTESTER-001,MLSignalStrategyV2-V2,EUR/USD.IDEALPRO,IDEALPRO-1-1715,IDEALPRO-001,IDEALPRO-1-232187,EUR/USD.IDEALPRO-MLSignalStrategyV2-V2,BUY,STOP_MARKET,100000.00,1.13582,USD,2.27 USD,TAKER,3c58dfb4-3fb8-41fe-9cd1-80c75d2f8544,2025-04-25 03:22:00+00:00,2025-04-25 03:22:00+00:00,{},False
O-20250425-034500-001-V2-1717,BACKTESTER-001,MLSignalStrategyV2-V2,EUR/USD.IDEALPRO,IDEALPRO-1-1717,IDEALPRO-001,IDEALPRO-1-232234,EUR/USD.IDEALPRO-MLSignalStrategyV2-V2,BUY,MARKET,100000.00,1.13331,USD,2.27 USD,TAKER,af44a405-1d27-488d-a3bb-8738d0c7db94,2025-04-25 03:45:00+00:00,2025-04-25 03:45:00+00:00,{},False
O-20250425-034500-001-V2-1718,BACKTESTER-001,MLSignalStrategyV2-V2,EUR/USD.IDEALPRO,IDEALPRO-1-1718,IDEALPRO-001,IDEALPRO-1-232267,EUR/USD.IDEALPRO-MLSignalStrategyV2-V2,SELL,STOP_MARKET,100000.00,1.13218,USD,2.26 USD,TAKER,18f2958a-6095-4799-a37b-4fe0ec15c57d,2025-04-25 04:01:00+00:00,2025-04-25 04:01:00+00:00,{},False
O-20250425-041500-001-V2-1720,BACKTESTER-001,MLSignalStrategyV2-V2,EUR/USD.IDEALPRO,IDEALPRO-1-1720,IDEALPRO-001,IDEALPRO-1-232296,EUR/USD.IDEALPRO-MLSignalStrategyV2-V2,BUY,MARKET,100000.00,1.13266,USD,2.27 USD,TAKER,cc3a5818-d970-41a8-aca0-c84522d95b6f,2025-04-25 04:15:00+00:00,2025-04-25 04:15:00+00:00,{},False
O-20250425-041500-001-V2-1722,BACKTESTER-001,MLSignalStrategyV2-V2,EUR/USD.IDEALPRO,IDEALPRO-1-1722,IDEALPRO-001,IDEALPRO-1-232385,EUR/USD.IDEALPRO-MLSignalStrategyV2-V2,SELL,LIMIT,100000.00,1.13363,USD,2.27 USD,MAKER,d6c9a2ff-4a85-4162-b8d8-b336c12c6cc9,2025-04-25 04:59:00+00:00,2025-04-25 04:59:00+00:00,{},False
O-20250425-050000-001-V2-1723,BACKTESTER-001,MLSignalStrategyV2-V2,EUR/USD.IDEALPRO,IDEALPRO-1-1723,IDEALPRO-001,IDEALPRO-1-232388,EUR/USD.IDEALPRO-MLSignalStrategyV2-V2,BUY,MARKET,100000.00,1.13353,USD,2.27 USD,TAKER,600d306a-5f0e-4b95-a90f-990aca2aa628,2025-04-25 05:00:00+00:00,2025-04-25 05:00:00+00:00,{},False
O-20250425-050000-001-V2-1724,BACKTESTER-001,MLSignalStrategyV2-V2,EUR/USD.IDEALPRO,IDEALPRO-1-1724,IDEALPRO-001,IDEALPRO-1-232523,EUR/USD.IDEALPRO-MLSignalStrategyV2-V2,SELL,STOP_MARKET,100000.00,1.13226,USD,2.26 USD,TAKER,9f33f894-940c-4b6c-8c6e-ba610ba3adbf,2025-04-25 06:07:00+00:00,2025-04-25 06:07:00+00:00,{},False
O-20250425-093000-001-V2-1726,BACKTESTER-001,MLSignalStrategyV2-V2,EUR/USD.IDEALPRO,IDEALPRO-1-1726,IDEALPRO-001,IDEALPRO-1-232930,EUR/USD.IDEALPRO-MLSignalStrategyV2-V2,SELL,MARKET,100000.00,1.13543,USD,2.27 USD,TAKER,cae77059-5999-45df-a90f-54f80130ff8d,2025-04-25 09:30:00+00:00,2025-04-25 09:30:00+00:00,{},False
O-20250425-093000-001-V2-1728,BACKTESTER-001,MLSignalStrategyV2-V2,EUR/USD.IDEALPRO,IDEALPRO-1-1728,IDEALPRO-001,IDEALPRO-1-233031,EUR/USD.IDEALPRO-MLSignalStrategyV2-V2,BUY,LIMIT,100000.00,1.13426,USD,2.27 USD,MAKER,ca03fae5-e129-4296-a119-e29860a8ce9d,2025-04-25 10:20:00+00:00,2025-04-25 10:20:00+00:00,{},False
O-20250425-103000-001-V2-1729,BACKTESTER-001,MLSignalStrategyV2-V2,EUR/USD.IDEALPRO,IDEALPRO-1-1729,IDEALPRO-001,IDEALPRO-1-233052,EUR/USD.IDEALPRO-MLSignalStrategyV2-V2,BUY,MARKET,100000.00,1.13431,USD,2.27 USD,TAKER,8ab47c15-5243-4330-8de0-a36f16028110,2025-04-25 10:30:00+00:00,2025-04-25 10:30:00+00:00,{},False
O-20250425-103000-001-V2-1731,BACKTESTER-001,MLSignalStrategyV2-V2,EUR/USD.IDEALPRO,IDEALPRO-1-1731,IDEALPRO-001,IDEALPRO-1-233065,EUR/USD.IDEALPRO-MLSignalStrategyV2-V2,SELL,LIMIT,100000.00,1.13548,USD,2.27 USD,MAKER,337a05e5-7421-4d72-8a89-6da8c6d653a5,2025-04-25 10:36:00+00:00,2025-04-25 10:36:00+00:00,{},False
O-20250425-134500-001-V2-1732,BACKTESTER-001,MLSignalStrategyV2-V2,EUR/USD.IDEALPRO,IDEALPRO-1-1732,IDEALPRO-001,IDEALPRO-1-233445,EUR/USD.IDEALPRO-MLSignalStrategyV2-V2,BUY,MARKET,100000.00,1.13406,USD,2.27 USD,TAKER,386e95b6-821a-45d1-804d-885c70458879,2025-04-25 13:45:00+00:00,2025-04-25 13:45:00+00:00,{},False
O-20250425-134500-001-V2-1734,BACKTESTER-001,MLSignalStrategyV2-V2,EUR/USD.IDEALPRO,IDEALPRO-1-1734,IDEALPRO-001,IDEALPRO-1-233467,EUR/USD.IDEALPRO-MLSignalStrategyV2-V2,SELL,LIMIT,100000.00,1.13531,USD,2.27 USD,MAKER,b5cbbc6c-b169-4eb3-b3cf-29f2d10607bc,2025-04-25 13:56:00+00:00,2025-04-25 13:56:00+00:00,{},False
O-20250427-213000-001-V2-1735,BACKTESTER-001,MLSignalStrategyV2-V2,EUR/USD.IDEALPRO,IDEALPRO-1-1735,IDEALPRO-001,IDEALPRO-1-234346,EUR/USD.IDEALPRO-MLSignalStrategyV2-V2,BUY,MARKET,100000.00,1.13649,USD,2.27 USD,TAKER,e30b0a0f-86e5-415f-8adc-2be32f9257eb,2025-04-27 21:30:00+00:00,2025-04-27 21:30:00+00:00,{},False
O-20250427-213000-001-V2-1736,BACKTESTER-001,MLSignalStrategyV2-V2,EUR/USD.IDEALPRO,IDEALPRO-1-1736,IDEALPRO-001,IDEALPRO-1-234439,EUR/USD.IDEALPRO-MLSignalStrategyV2-V2,SELL,STOP_MARKET,100000.00,1.13549,USD,2.27 USD,TAKER,31bf1585-68c7-495c-8dee-c7a2fcd3a117,2025-04-27 22:16:00+00:00,2025-04-27 22:16:00+00:00,{},False
O-20250427-223000-001-V2-1738,BACKTESTER-001,MLSignalStrategyV2-V2,EUR/USD.IDEALPRO,IDEALPRO-1-1738,IDEALPRO-001,IDEALPRO-1-234468,EUR/USD.IDEALPRO-MLSignalStrategyV2-V2,BUY,MARKET,100000.00,1.13499,USD,2.27 USD,TAKER,8efff4bf-5fa6-4186-9403-6632cbf346d8,2025-04-27 22:30:00+00:00,2025-04-27 22:30:00+00:00,{},False
O-20250427-223000-001-V2-1739,BACKTESTER-001,MLSignalStrategyV2-V2,EUR/USD.IDEALPRO,IDEALPRO-1-1739,IDEALPRO-001,IDEALPRO-1-234471,EUR/USD.IDEALPRO-MLSignalStrategyV2-V2,SELL,STOP_MARKET,100000.00,1.13399,USD,2.27 USD,TAKER,f68532d2-0e20-41bb-b881-453373e934bd,2025-04-27 22:31:00+00:00,2025-04-27 22:31:00+00:00,{},False
O-20250427-224500-001-V2-1741,BACKTESTER-001,MLSignalStrategyV2-V2,EUR/USD.IDEALPRO,IDEALPRO-1-1741,IDEALPRO-001,IDEALPRO-1-234500,EUR/USD.IDEALPRO-MLSignalStrategyV2-V2,BUY,MARKET,100000.00,1.13499,USD,2.27 USD,TAKER,a4114e9c-4124-41c4-9607-fef977bb0a89,2025-04-27 22:45:00+00:00,2025-04-27 22:45:00+00:00,{},False
O-20250427-224500-001-V2-1742,BACKTESTER-001,MLSignalStrategyV2-V2,EUR/USD.IDEALPRO,IDEALPRO-1-1742,IDEALPRO-001,IDEALPRO-1-234649,EUR/USD.IDEALPRO-MLSignalStrategyV2-V2,SELL,STOP_MARKET,100000.00,1.13412,USD,2.27 USD,TAKER,9a99a967-1e65-4927-82bf-7e2cbdbd6b50,2025-04-27 23:59:00+00:00,2025-04-27 23:59:00+00:00,{},False
O-20250428-020000-001-V2-1744,BACKTESTER-001,MLSignalStrategyV2-V2,EUR/USD.IDEALPRO,IDEALPRO-1-1744,IDEALPRO-001,IDEALPRO-1-234892,EUR/USD.IDEALPRO-MLSignalStrategyV2-V2,BUY,MARKET,100000.00,1.13513,USD,2.27 USD,TAKER,fc1faf51-4704-4686-90f5-bd2bd7a3876d,2025-04-28 02:00:00+00:00,2025-04-28 02:00:00+00:00,{},False
O-20250428-020000-001-V2-1746,BACKTESTER-001,MLSignalStrategyV2-V2,EUR/USD.IDEALPRO,IDEALPRO-1-1746,IDEALPRO-001,IDEALPRO-1-235053,EUR/USD.IDEALPRO-MLSignalStrategyV2-V2,SELL,LIMIT,100000.00,1.13600,USD,2.27 USD,MAKER,3dfb8de8-ca9a-4baf-9caf-8704b256eae7,2025-04-28 03:20:00+00:00,2025-04-28 03:20:00+00:00,{},False
O-20250428-070000-001-V2-1747,BACKTESTER-001,MLSignalStrategyV2-V2,EUR/USD.IDEALPRO,IDEALPRO-1-1747,IDEALPRO-001,IDEALPRO-1-235494,EUR/USD.IDEALPRO-MLSignalStrategyV2-V2,BUY,MARKET,100000.00,1.13316,USD,2.27 USD,TAKER,9b452f5e-42d6-4b88-acd2-aa2fe8ee79b4,2025-04-28 07:00:00+00:00,2025-04-28 07:00:00+00:00,{},False
O-20250428-070000-001-V2-1749,BACKTESTER-001,MLSignalStrategyV2-V2,EUR/USD.IDEALPRO,IDEALPRO-1-1749,IDEALPRO-001,IDEALPRO-1-235509,EUR/USD.IDEALPRO-MLSignalStrategyV2-V2,SELL,LIMIT,100000.00,1.13415,USD,2.27 USD,MAKER,c2eb004e-9a04-4aa1-ad38-5bd9673fa756,2025-04-28 07:07:00+00:00,2025-04-28 07:07:00+00:00,{},False
O-20250428-071500-001-V2-1750,BACKTESTER-001,MLSignalStrategyV2-V2,EUR/USD.IDEALPRO,IDEALPRO-1-1750,IDEALPRO-001,IDEALPRO-1-235526,EUR/USD.IDEALPRO-MLSignalStrategyV2-V2,BUY,MARKET,100000.00,1.13427,USD,2.27 USD,TAKER,853661d3-18d1-4357-96d6-06f2c34367d6,2025-04-28 07:15:00+00:00,2025-04-28 07:15:00+00:00,{},False
O-20250428-071500-001-V2-1752,BACKTESTER-001,MLSignalStrategyV2-V2,EUR/USD.IDEALPRO,IDEALPRO-1-1752,IDEALPRO-001,IDEALPRO-1-235573,EUR/USD.IDEALPRO-MLSignalStrategyV2-V2,SELL,LIMIT,100000.00,1.13536,USD,2.27 USD,MAKER,fc101809-1bdc-4ac2-a153-3a9d1467c5b8,2025-04-28 07:38:00+00:00,2025-04-28 07:38:00+00:00,{},False
O-20250428-081500-001-V2-1753,BACKTESTER-001,MLSignalStrategyV2-V2,EUR/USD.IDEALPRO,IDEALPRO-1-1753,IDEALPRO-001,IDEALPRO-1-235648,EUR/USD.IDEALPRO-MLSignalStrategyV2-V2,BUY,MARKET,100000.00,1.13439,USD,2.27 USD,TAKER,dcce4c9c-7f24-4989-80b3-c08b76a814eb,2025-04-28 08:15:00+00:00,2025-04-28 08:15:00+00:00,{},False
O-20250428-081500-001-V2-1755,BACKTESTER-001,MLSignalStrategyV2-V2,EUR/USD.IDEALPRO,IDEALPRO-1-1755,IDEALPRO-001,IDEALPRO-1-235803,EUR/USD.IDEALPRO-MLSignalStrategyV2-V2,SELL,LIMIT,100000.00,1.13568,USD,2.27 USD,MAKER,b7f8d308-6f2f-4eba-b69c-7f248858ebdd,2025-04-28 09:32:00+00:00,2025-04-28 09:32:00+00:00,{},False
O-20250428-144500-001-V2-1756,BACKTESTER-001,MLSignalStrategyV2-V2,EUR/USD.IDEALPRO,IDEALPRO-1-1756,IDEALPRO-001,IDEALPRO-1-236430,EUR/USD.IDEALPRO-MLSignalStrategyV2-V2,SELL,MARKET,100000.00,1.13991,USD,2.28 USD,TAKER,8eebd7bc-3889-458f-8fc0-0dcf9400bfc6,2025-04-28 14:45:00+00:00,2025-04-28 14:45:00+00:00,{},False
O-20250428-144500-001-V2-1758,BACKTESTER-001,MLSignalStrategyV2-V2,EUR/USD.IDEALPRO,IDEALPRO-1-1758,IDEALPRO-001,IDEALPRO-1-236453,EUR/USD.IDEALPRO-MLSignalStrategyV2-V2,BUY,LIMIT,100000.00,1.13797,USD,2.28 USD,MAKER,5d6f9266-da24-4c06-a30c-280eb4bc00fe,2025-04-28 14:56:00+00:00,2025-04-28 14:56:00+00:00,{},False
O-20250428-151500-001-V2-1759,BACKTESTER-001,MLSignalStrategyV2-V2,EUR/USD.IDEALPRO,IDEALPRO-1-1759,IDEALPRO-001,IDEALPRO-1-236493,EUR/USD.IDEALPRO-MLSignalStrategyV2-V2,SELL,MARKET,100000.00,1.13730,USD,2.27 USD,TAKER,3544d81c-5f2e-4a7a-af20-e37893caa3d6,2025-04-28 15:15:00+00:00,2025-04-28 15:15:00+00:00,{},False
O-20250428-151500-001-V2-1760,BACKTESTER-001,MLSignalStrategyV2-V2,EUR/USD.IDEALPRO,IDEALPRO-1-1760,IDEALPRO-001,IDEALPRO-1-236595,EUR/USD.IDEALPRO-MLSignalStrategyV2-V2,BUY,STOP_MARKET,100000.00,1.13963,USD,2.28 USD,TAKER,63617b63-9def-42cc-862b-30f38ed67466,2025-04-28 16:06:00+00:00,2025-04-28 16:06:00+00:00,{},False
O-20250428-170000-001-V2-1762,BACKTESTER-001,MLSignalStrategyV2-V2,EUR/USD.IDEALPRO,IDEALPRO-1-1762,IDEALPRO-001,IDEALPRO-1-236704,EUR/USD.IDEALPRO-MLSignalStrategyV2-V2,SELL,MARKET,100000.00,1.14115,USD,2.28 USD,TAKER,55c9c85d-a8a0-4273-b886-b6f7f558c146,2025-04-28 17:00:00+00:00,2025-04-28 17:00:00+00:00,{},False
O-20250428-170000-001-V2-1764,BACKTESTER-001,MLSignalStrategyV2-V2,EUR/USD.IDEALPRO,IDEALPRO-1-1764,IDEALPRO-001,IDEALPRO-1-237731,EUR/USD.IDEALPRO-MLSignalStrategyV2-V2,BUY,LIMIT,100000.00,1.13943,USD,2.28 USD,MAKER,88a88ffd-45c7-47ad-b99f-c9c69fb8bfcc,2025-04-29 01:48:00+00:00,2025-04-29 01:48:00+00:00,{},False
O-20250429-020000-001-V2-1765,BACKTESTER-001,MLSignalStrategyV2-V2,EUR/USD.IDEALPRO,IDEALPRO-1-1765,IDEALPRO-001,IDEALPRO-1-237757,EUR/USD.IDEALPRO-MLSignalStrategyV2-V2,BUY,MARKET,100000.00,1.13925,USD,2.28 USD,TAKER,4f5d324f-9df9-4e8e-ae3d-be2f4353c56d,2025-04-29 02:00:00+00:00,2025-04-29 02:00:00+00:00,{},False
O-20250429-020000-001-V2-1767,BACKTESTER-001,MLSignalStrategyV2-V2,EUR/USD.IDEALPRO,IDEALPRO-1-1767,IDEALPRO-001,IDEALPRO-1-237771,EUR/USD.IDEALPRO-MLSignalStrategyV2-V2,SELL,LIMIT,100000.00,1.14002,USD,2.28 USD,MAKER,79f90fd9-7786-4f67-97f6-a62e614d8f71,2025-04-29 02:07:00+00:00,2025-04-29 02:07:00+00:00,{},False
O-20250429-021500-001-V2-1768,BACKTESTER-001,MLSignalStrategyV2-V2,EUR/USD.IDEALPRO,IDEALPRO-1-1768,IDEALPRO-001,IDEALPRO-1-237788,EUR/USD.IDEALPRO-MLSignalStrategyV2-V2,BUY,MARKET,100000.00,1.14194,USD,2.28 USD,TAKER,a7fb7e8b-83f9-4cfc-a8d2-05ff577f3a8e,2025-04-29 02:15:00+00:00,2025-04-29 02:15:00+00:00,{},False
O-20250429-021500-001-V2-1769,BACKTESTER-001,MLSignalStrategyV2-V2,EUR/USD.IDEALPRO,IDEALPRO-1-1769,IDEALPRO-001,IDEALPRO-1-237807,EUR/USD.IDEALPRO-MLSignalStrategyV2-V2,SELL,STOP_MARKET,100000.00,1.14083,USD,2.28 USD,TAKER,e16b11bd-0d9b-4652-afb2-7dc280867c71,2025-04-29 02:24:00+00:00,2025-04-29 02:24:00+00:00,{},False
O-20250429-100000-001-V2-1771,BACKTESTER-001,MLSignalStrategyV2-V2,EUR/USD.IDEALPRO,IDEALPRO-1-1771,IDEALPRO-001,IDEALPRO-1-238720,EUR/USD.IDEALPRO-MLSignalStrategyV2-V2,BUY,MARKET,100000.00,1.13806,USD,2.28 USD,TAKER,a4566815-0adc-4e50-bf89-0e72ef622cbd,2025-04-29 10:00:00+00:00,2025-04-29 10:00:00+00:00,{},False
O-20250429-100000-001-V2-1773,BACKTESTER-001,MLSignalStrategyV2-V2,EUR/USD.IDEALPRO,IDEALPRO-1-1773,IDEALPRO-001,IDEALPRO-1-239045,EUR/USD.IDEALPRO-MLSignalStrategyV2-V2,SELL,LIMIT,100000.00,1.13924,USD,2.28 USD,MAKER,28584a27-8ab8-4f8f-9b84-3f56289d0552,2025-04-29 12:42:00+00:00,2025-04-29 12:42:00+00:00,{},False
O-20250429-230000-001-V2-1774,BACKTESTER-001,MLSignalStrategyV2-V2,EUR/USD.IDEALPRO,IDEALPRO-1-1774,IDEALPRO-001,IDEALPRO-1-240252,EUR/USD.IDEALPRO-MLSignalStrategyV2-V2,SELL,MARKET,100000.00,1.13915,USD,2.28 USD,TAKER,5ee8b844-d04b-47e6-b856-6a033db044aa,2025-04-29 23:00:00+00:00,2025-04-29 23:00:00+00:00,{},False
O-20250429-230000-001-V2-1776,BACKTESTER-001,MLSignalStrategyV2-V2,EUR/USD.IDEALPRO,IDEALPRO-1-1776,IDEALPRO-001,IDEALPRO-1-240475,EUR/USD.IDEALPRO-MLSignalStrategyV2-V2,BUY,LIMIT,100000.00,1.13811,USD,2.28 USD,MAKER,3a060f22-fbeb-457c-85a6-7275d7eead30,2025-04-30 00:51:00+00:00,2025-04-30 00:51:00+00:00,{},False
O-20250430-020000-001-V2-1777,BACKTESTER-001,MLSignalStrategyV2-V2,EUR/USD.IDEALPRO,IDEALPRO-1-1777,IDEALPRO-001,IDEALPRO-1-240614,EUR/USD.IDEALPRO-MLSignalStrategyV2-V2,BUY,MARKET,100000.00,1.13587,USD,2.27 USD,TAKER,a92b503b-e82a-4858-b2c6-a022b2c526a4,2025-04-30 02:00:00+00:00,2025-04-30 02:00:00+00:00,{},False
O-20250430-020000-001-V2-1779,BACKTESTER-001,MLSignalStrategyV2-V2,EUR/USD.IDEALPRO,IDEALPRO-1-1779,IDEALPRO-001,IDEALPRO-1-240637,EUR/USD.IDEALPRO-MLSignalStrategyV2-V2,SELL,LIMIT,100000.00,1.13670,USD,2.27 USD,MAKER,08767151-ac68-48c3-ab1a-853bf0de0fe0,2025-04-30 02:11:00+00:00,2025-04-30 02:11:00+00:00,{},False
O-20250430-021500-001-V2-1780,BACKTESTER-001,MLSignalStrategyV2-V2,EUR/USD.IDEALPRO,IDEALPRO-1-1780,IDEALPRO-001,IDEALPRO-1-240646,EUR/USD.IDEALPRO-MLSignalStrategyV2-V2,BUY,MARKET,100000.00,1.13650,USD,2.27 USD,TAKER,f65cc483-fcdd-4f13-949f-ce6f56d9c00f,2025-04-30 02:15:00+00:00,2025-04-30 02:15:00+00:00,{},False
O-20250430-021500-001-V2-1782,BACKTESTER-001,MLSignalStrategyV2-V2,EUR/USD.IDEALPRO,IDEALPRO-1-1782,IDEALPRO-001,IDEALPRO-1-240745,EUR/USD.IDEALPRO-MLSignalStrategyV2-V2,SELL,LIMIT,100000.00,1.13748,USD,2.27 USD,MAKER,ea3017a8-9e46-4e22-bd87-25f0c45a6ca3,2025-04-30 03:04:00+00:00,2025-04-30 03:04:00+00:00,{},False
O-20250430-031500-001-V2-1783,BACKTESTER-001,MLSignalStrategyV2-V2,EUR/USD.IDEALPRO,IDEALPRO-1-1783,IDEALPRO-001,IDEALPRO-1-240768,EUR/USD.IDEALPRO-MLSignalStrategyV2-V2,BUY,MARKET,100000.00,1.13749,USD,2.27 USD,TAKER,39bc76d3-afd7-4ee8-a83c-d21dbd95d752,2025-04-30 03:15:00+00:00,2025-04-30 03:15:00+00:00,{},False
O-20250430-031500-001-V2-1785,BACKTESTER-001,MLSignalStrategyV2-V2,EUR/USD.IDEALPRO,IDEALPRO-1-1785,IDEALPRO-001,IDEALPRO-1-241091,EUR/USD.IDEALPRO-MLSignalStrategyV2-V2,SELL,LIMIT,100000.00,1.13844,USD,2.28 USD,MAKER,bea0767c-a992-42a5-9221-5ef7b5d04249,2025-04-30 05:56:00+00:00,2025-04-30 05:56:00+00:00,{},False
O-20250430-073000-001-V2-1786,BACKTESTER-001,MLSignalStrategyV2-V2,EUR/USD.IDEALPRO,IDEALPRO-1-1786,IDEALPRO-001,IDEALPRO-1-241280,EUR/USD.IDEALPRO-MLSignalStrategyV2-V2,BUY,MARKET,100000.00,1.13805,USD,2.28 USD,TAKER,353b855f-0cc1-4110-8ed3-49db95867334,2025-04-30 07:30:00+00:00,2025-04-30 07:30:00+00:00,{},False
O-20250430-073000-001-V2-1787,BACKTESTER-001,MLSignalStrategyV2-V2,EUR/USD.IDEALPRO,IDEALPRO-1-1787,IDEALPRO-001,IDEALPRO-1-241387,EUR/USD.IDEALPRO-MLSignalStrategyV2-V2,SELL,STOP_MARKET,100000.00,1.13677,USD,2.27 USD,TAKER,0d098d01-3c27-4b24-a4fb-7f80c086f92b,2025-04-30 08:23:00+00:00,2025-04-30 08:23:00+00:00,{},False
O-20250430-100000-001-V2-1789,BACKTESTER-001,MLSignalStrategyV2-V2,EUR/USD.IDEALPRO,IDEALPRO-1-1789,IDEALPRO-001,IDEALPRO-1-241583,EUR/USD.IDEALPRO-MLSignalStrategyV2-V2,BUY,MARKET,100000.00,1.13624,USD,2.27 USD,TAKER,6177d113-9278-4e64-9572-06a826180ca6,2025-04-30 10:00:00+00:00,2025-04-30 10:00:00+00:00,{},False
O-20250430-100000-001-V2-1791,BACKTESTER-001,MLSignalStrategyV2-V2,EUR/USD.IDEALPRO,IDEALPRO-1-1791,IDEALPRO-001,IDEALPRO-1-241757,EUR/USD.IDEALPRO-MLSignalStrategyV2-V2,SELL,LIMIT,100000.00,1.13725,USD,2.27 USD,MAKER,d5f9d46d-db0c-4647-a26b-eed2d7921f65,2025-04-30 11:27:00+00:00,2025-04-30 11:27:00+00:00,{},False
O-20250430-200000-001-V2-1792,BACKTESTER-001,MLSignalStrategyV2-V2,EUR/USD.IDEALPRO,IDEALPRO-1-1792,IDEALPRO-001,IDEALPRO-1-242784,EUR/USD.IDEALPRO-MLSignalStrategyV2-V2,BUY,MARKET,100000.00,1.13299,USD,2.27 USD,TAKER,14f4167b-e1b0-4d49-a028-abd135e95469,2025-04-30 20:00:00+00:00,2025-04-30 20:00:00+00:00,{},False
O-20250430-200000-001-V2-1793,BACKTESTER-001,MLSignalStrategyV2-V2,EUR/USD.IDEALPRO,IDEALPRO-1-1793,IDEALPRO-001,IDEALPRO-1-242839,EUR/USD.IDEALPRO-MLSignalStrategyV2-V2,SELL,STOP_MARKET,100000.00,1.13172,USD,2.26 USD,TAKER,222624a1-c718-4a00-a65a-3545053bba6d,2025-04-30 20:27:00+00:00,2025-04-30 20:27:00+00:00,{},False
O-20250430-203000-001-V2-1795,BACKTESTER-001,MLSignalStrategyV2-V2,EUR/USD.IDEALPRO,IDEALPRO-1-1795,IDEALPRO-001,IDEALPRO-1-242846,EUR/USD.IDEALPRO-MLSignalStrategyV2-V2,BUY,MARKET,100000.00,1.13243,USD,2.26 USD,TAKER,0f56e867-9515-49b0-b0b5-573203ee33bb,2025-04-30 20:30:00+00:00,2025-04-30 20:30:00+00:00,{},False
O-20250430-203000-001-V2-1796,BACKTESTER-001,MLSignalStrategyV2-V2,EUR/USD.IDEALPRO,IDEALPRO-1-1796,IDEALPRO-001,IDEALPRO-1-243387,EUR/USD.IDEALPRO-MLSignalStrategyV2-V2,SELL,STOP_MARKET,100000.00,1.13118,USD,2.26 USD,TAKER,1b94b67e-2d24-46be-aaaa-8b9c2fcbabcd,2025-05-01 01:15:00+00:00,2025-05-01 01:15:00+00:00,{},False
O-20250501-034500-001-V2-1798,BACKTESTER-001,MLSignalStrategyV2-V2,EUR/USD.IDEALPRO,IDEALPRO-1-1798,IDEALPRO-001,IDEALPRO-1-243688,EUR/USD.IDEALPRO-MLSignalStrategyV2-V2,BUY,MARKET,100000.00,1.13017,USD,2.26 USD,TAKER,14de7e9b-de59-4d3d-956a-852b6b108977,2025-05-01 03:45:00+00:00,2025-05-01 03:45:00+00:00,{},False
O-20250501-034500-001-V2-1800,BACKTESTER-001,MLSignalStrategyV2-V2,EUR/USD.IDEALPRO,IDEALPRO-1-1800,IDEALPRO-001,IDEALPRO-1-243697,EUR/USD.IDEALPRO-MLSignalStrategyV2-V2,SELL,LIMIT,100000.00,1.13086,USD,2.26 USD,MAKER,c2870270-838b-4e9a-a69c-16873ff65439,2025-05-01 03:49:00+00:00,2025-05-01 03:49:00+00:00,{},False
O-20250501-091500-001-V2-1801,BACKTESTER-001,MLSignalStrategyV2-V2,EUR/USD.IDEALPRO,IDEALPRO-1-1801,IDEALPRO-001,IDEALPRO-1-244350,EUR/USD.IDEALPRO-MLSignalStrategyV2-V2,BUY,MARKET,100000.00,1.13169,USD,2.26 USD,TAKER,f1a14266-1d45-4fa1-ae83-3d60e02cd038,2025-05-01 09:15:00+00:00,2025-05-01 09:15:00+00:00,{},False
O-20250501-091500-001-V2-1803,BACKTESTER-001,MLSignalStrategyV2-V2,EUR/USD.IDEALPRO,IDEALPRO-1-1803,IDEALPRO-001,IDEALPRO-1-244475,EUR/USD.IDEALPRO-MLSignalStrategyV2-V2,SELL,LIMIT,100000.00,1.13267,USD,2.27 USD,MAKER,a0a76b60-1338-461b-9a7a-01ff34370f03,2025-05-01 10:17:00+00:00,2025-05-01 10:17:00+00:00,{},False
O-20250501-124500-001-V2-1804,BACKTESTER-001,MLSignalStrategyV2-V2,EUR/USD.IDEALPRO,IDEALPRO-1-1804,IDEALPRO-001,IDEALPRO-1-244773,EUR/USD.IDEALPRO-MLSignalStrategyV2-V2,SELL,MARKET,100000.00,1.13171,USD,2.26 USD,TAKER,e1fb6e2f-0611-4ca8-88e3-7bb344645642,2025-05-01 12:45:00+00:00,2025-05-01 12:45:00+00:00,{},False
O-20250501-124500-001-V2-1806,BACKTESTER-001,MLSignalStrategyV2-V2,EUR/USD.IDEALPRO,IDEALPRO-1-1806,IDEALPRO-001,IDEALPRO-1-244925,EUR/USD.IDEALPRO-MLSignalStrategyV2-V2,BUY,LIMIT,100000.00,1.12981,USD,2.26 USD,MAKER,341321e1-c990-4ecb-b3f5-8345c5f92610,2025-05-01 14:01:00+00:00,2025-05-01 14:01:00+00:00,{},False
O-20250501-150000-001-V2-1807,BACKTESTER-001,MLSignalStrategyV2-V2,EUR/USD.IDEALPRO,IDEALPRO-1-1807,IDEALPRO-001,IDEALPRO-1-245044,EUR/USD.IDEALPRO-MLSignalStrategyV2-V2,BUY,MARKET,100000.00,1.12817,USD,2.26 USD,TAKER,5d769ac2-f251-43c0-846f-591e69c033be,2025-05-01 15:00:00+00:00,2025-05-01 15:00:00+00:00,{},False
O-20250501-150000-001-V2-1809,BACKTESTER-001,MLSignalStrategyV2-V2,EUR/USD.IDEALPRO,IDEALPRO-1-1809,IDEALPRO-001,IDEALPRO-1-245907,EUR/USD.IDEALPRO-MLSignalStrategyV2-V2,SELL,LIMIT,100000.00,1.12949,USD,2.26 USD,MAKER,d0973284-1440-4702-83a7-734a758c524e,2025-05-01 22:26:00+00:00,2025-05-01 22:26:00+00:00,{},False
O-20250501-230000-001-V2-1810,BACKTESTER-001,MLSignalStrategyV2-V2,EUR/USD.IDEALPRO,IDEALPRO-1-1810,IDEALPRO-001,IDEALPRO-1-245976,EUR/USD.IDEALPRO-MLSignalStrategyV2-V2,BUY,MARKET,100000.00,1.12953,USD,2.26 USD,TAKER,53a97c1c-ed78-4eab-9903-689d003469c1,2025-05-01 23:00:00+00:00,2025-05-01 23:00:00+00:00,{},False
O-20250501-230000-001-V2-1811,BACKTESTER-001,MLSignalStrategyV2-V2,EUR/USD.IDEALPRO,IDEALPRO-1-1811,IDEALPRO-001,IDEALPRO-1-246129,EUR/USD.IDEALPRO-MLSignalStrategyV2-V2,SELL,STOP_MARKET,100000.00,1.12884,USD,2.26 USD,TAKER,f260a8e3-043a-4325-9600-c85daa1913d0,2025-05-02 00:16:00+00:00,2025-05-02 00:16:00+00:00,{},False
O-20250502-011500-001-V2-1813,BACKTESTER-001,MLSignalStrategyV2-V2,EUR/USD.IDEALPRO,IDEALPRO-1-1813,IDEALPRO-001,IDEALPRO-1-246248,EUR/USD.IDEALPRO-MLSignalStrategyV2-V2,BUY,MARKET,100000.00,1.12867,USD,2.26 USD,TAKER,629a133b-0a14-4f12-ba43-2fe7625c0150,2025-05-02 01:15:00+00:00,2025-05-02 01:15:00+00:00,{},False
O-20250502-011500-001-V2-1815,BACKTESTER-001,MLSignalStrategyV2-V2,EUR/USD.IDEALPRO,IDEALPRO-1-1815,IDEALPRO-001,IDEALPRO-1-246327,EUR/USD.IDEALPRO-MLSignalStrategyV2-V2,SELL,LIMIT,100000.00,1.12944,USD,2.26 USD,MAKER,fa00701a-0852-4e20-b3d9-d6e4215be3d8,2025-05-02 01:54:00+00:00,2025-05-02 01:54:00+00:00,{},False
O-20250502-033000-001-V2-1816,BACKTESTER-001,MLSignalStrategyV2-V2,EUR/USD.IDEALPRO,IDEALPRO-1-1816,IDEALPRO-001,IDEALPRO-1-246520,EUR/USD.IDEALPRO-MLSignalStrategyV2-V2,BUY,MARKET,100000.00,1.13081,USD,2.26 USD,TAKER,107cc5f1-6fad-49ec-ba7f-be8785e18b91,2025-05-02 03:30:00+00:00,2025-05-02 03:30:00+00:00,{},False
O-20250502-033000-001-V2-1818,BACKTESTER-001,MLSignalStrategyV2-V2,EUR/USD.IDEALPRO,IDEALPRO-1-1818,IDEALPRO-001,IDEALPRO-1-246577,EUR/USD.IDEALPRO-MLSignalStrategyV2-V2,SELL,LIMIT,100000.00,1.13157,USD,2.26 USD,MAKER,c4b52663-ce82-44fd-99a5-0e0834ff246f,2025-05-02 03:58:00+00:00,2025-05-02 03:58:00+00:00,{},False
O-20250502-040000-001-V2-1819,BACKTESTER-001,MLSignalStrategyV2-V2,EUR/USD.IDEALPRO,IDEALPRO-1-1819,IDEALPRO-001,IDEALPRO-1-246582,EUR/USD.IDEALPRO-MLSignalStrategyV2-V2,BUY,MARKET,100000.00,1.13129,USD,2.26 USD,TAKER,87eaf238-827e-4c56-b00b-5bf9635d0d44,2025-05-02 04:00:00+00:00,2025-05-02 04:00:00+00:00,{},False
O-20250502-040000-001-V2-1820,BACKTESTER-001,MLSignalStrategyV2-V2,EUR/USD.IDEALPRO,IDEALPRO-1-1820,IDEALPRO-001,IDEALPRO-1-246673,EUR/USD.IDEALPRO-MLSignalStrategyV2-V2,SELL,STOP_MARKET,100000.00,1.13035,USD,2.26 USD,TAKER,0dd3f697-002b-4ce5-8275-e2ef528e7060,2025-05-02 04:45:00+00:00,2025-05-02 04:45:00+00:00,{},False
O-20250502-054500-001-V2-1822,BACKTESTER-001,MLSignalStrategyV2-V2,EUR/USD.IDEALPRO,IDEALPRO-1-1822,IDEALPRO-001,IDEALPRO-1-246794,EUR/USD.IDEALPRO-MLSignalStrategyV2-V2,BUY,MARKET,100000.00,1.13098,USD,2.26 USD,TAKER,5683f90b-bd56-473e-9089-a5c4388092ca,2025-05-02 05:45:00+00:00,2025-05-02 05:45:00+00:00,{},False
O-20250502-054500-001-V2-1824,BACKTESTER-001,MLSignalStrategyV2-V2,EUR/USD.IDEALPRO,IDEALPRO-1-1824,IDEALPRO-001,IDEALPRO-1-246837,EUR/USD.IDEALPRO-MLSignalStrategyV2-V2,SELL,LIMIT,100000.00,1.13167,USD,2.26 USD,MAKER,75ac69a3-de47-4bfe-88a9-1435db4e7f8a,2025-05-02 06:06:00+00:00,2025-05-02 06:06:00+00:00,{},False
O-20250502-073000-001-V2-1825,BACKTESTER-001,MLSignalStrategyV2-V2,EUR/USD.IDEALPRO,IDEALPRO-1-1825,IDEALPRO-001,IDEALPRO-1-247007,EUR/USD.IDEALPRO-MLSignalStrategyV2-V2,BUY,MARKET,100000.00,1.13211,USD,2.26 USD,TAKER,cae90e17-4f55-4e31-8492-eded8dd95c42,2025-05-02 07:30:00+00:00,2025-05-02 07:30:00+00:00,{},False
O-20250502-073000-001-V2-1827,BACKTESTER-001,MLSignalStrategyV2-V2,EUR/USD.IDEALPRO,IDEALPRO-1-1827,IDEALPRO-001,IDEALPRO-1-247049,EUR/USD.IDEALPRO-MLSignalStrategyV2-V2,SELL,LIMIT,100000.00,1.13311,USD,2.27 USD,MAKER,626aa137-4bd2-451b-b3c5-0f071e39eb11,2025-05-02 07:51:00+00:00,2025-05-02 07:51:00+00:00,{},False
O-20250502-134500-001-V2-1828,BACKTESTER-001,MLSignalStrategyV2-V2,EUR/USD.IDEALPRO,IDEALPRO-1-1828,IDEALPRO-001,IDEALPRO-1-247758,EUR/USD.IDEALPRO-MLSignalStrategyV2-V2,SELL,MARKET,100000.00,1.13677,USD,2.27 USD,TAKER,2074a392-7c09-4747-8d30-fc40edf2ce25,2025-05-02 13:45:00+00:00,2025-05-02 13:45:00+00:00,{},False
O-20250502-134500-001-V2-1830,BACKTESTER-001,MLSignalStrategyV2-V2,EUR/USD.IDEALPRO,IDEALPRO-1-1830,IDEALPRO-001,IDEALPRO-1-247953,EUR/USD.IDEALPRO-MLSignalStrategyV2-V2,BUY,LIMIT,100000.00,1.13466,USD,2.27 USD,MAKER,21bdb01d-f75c-4428-b2d0-d53063924fcb,2025-05-02 15:22:00+00:00,2025-05-02 15:22:00+00:00,{},False
O-20250502-161500-001-V2-1831,BACKTESTER-001,MLSignalStrategyV2-V2,EUR/USD.IDEALPRO,IDEALPRO-1-1831,IDEALPRO-001,IDEALPRO-1-248060,EUR/USD.IDEALPRO-MLSignalStrategyV2-V2,SELL,MARKET,100000.00,1.13373,USD,2.27 USD,TAKER,c54f9f7c-48b9-4cbc-9d5e-cc2d99b5d375,2025-05-02 16:15:00+00:00,2025-05-02 16:15:00+00:00,{},False
O-20250502-161500-001-V2-1833,BACKTESTER-001,MLSignalStrategyV2-V2,EUR/USD.IDEALPRO,IDEALPRO-1-1833,IDEALPRO-001,IDEALPRO-1-248131,EUR/USD.IDEALPRO-MLSignalStrategyV2-V2,BUY,LIMIT,100000.00,1.13199,USD,2.26 USD,MAKER,ec55e600-f0c5-4cb1-aa17-5c448a51afda,2025-05-02 16:50:00+00:00,2025-05-02 16:50:00+00:00,{},False
O-20250504-213000-001-V2-1834,BACKTESTER-001,MLSignalStrategyV2-V2,EUR/USD.IDEALPRO,IDEALPRO-1-1834,IDEALPRO-001,IDEALPRO-1-248663,EUR/USD.IDEALPRO-MLSignalStrategyV2-V2,BUY,MARKET,100000.00,1.13031,USD,2.26 USD,TAKER,e228510a-7f7d-48b8-b6cb-d876d5df9f51,2025-05-04 21:30:00+00:00,2025-05-04 21:30:00+00:00,{},False
O-20250504-213000-001-V2-1836,BACKTESTER-001,MLSignalStrategyV2-V2,EUR/USD.IDEALPRO,IDEALPRO-1-1836,IDEALPRO-001,IDEALPRO-1-248803,EUR/USD.IDEALPRO-MLSignalStrategyV2-V2,SELL,LIMIT,100000.00,1.13124,USD,2.26 USD,MAKER,be4711b6-95da-4ac2-9559-a761f04afce7,2025-05-04 22:40:00+00:00,2025-05-04 22:40:00+00:00,{},False
O-20250504-224500-001-V2-1837,BACKTESTER-001,MLSignalStrategyV2-V2,EUR/USD.IDEALPRO,IDEALPRO-1-1837,IDEALPRO-001,IDEALPRO-1-248814,EUR/USD.IDEALPRO-MLSignalStrategyV2-V2,BUY,MARKET,100000.00,1.13135,USD,2.26 USD,TAKER,d5cc9971-ad5c-4c38-8fe0-d56dd58a4992,2025-05-04 22:45:00+00:00,2025-05-04 22:45:00+00:00,{},False
O-20250504-224500-001-V2-1838,BACKTESTER-001,MLSignalStrategyV2-V2,EUR/USD.IDEALPRO,IDEALPRO-1-1838,IDEALPRO-001,IDEALPRO-1-248849,EUR/USD.IDEALPRO-MLSignalStrategyV2-V2,SELL,STOP_MARKET,100000.00,1.13033,USD,2.26 USD,TAKER,a9ad7ae0-af85-4a6c-aa8d-d659da9552e3,2025-05-04 23:02:00+00:00,2025-05-04 23:02:00+00:00,{},False
O-20250504-231500-001-V2-1840,BACKTESTER-001,MLSignalStrategyV2-V2,EUR/USD.IDEALPRO,IDEALPRO-1-1840,IDEALPRO-001,IDEALPRO-1-248876,EUR/USD.IDEALPRO-MLSignalStrategyV2-V2,BUY,MARKET,100000.00,1.13034,USD,2.26 USD,TAKER,c6fd63d3-69b0-4d5b-b97d-cac9b9f4457c,2025-05-04 23:15:00+00:00,2025-05-04 23:15:00+00:00,{},False
O-20250504-231500-001-V2-1842,BACKTESTER-001,MLSignalStrategyV2-V2,EUR/USD.IDEALPRO,IDEALPRO-1-1842,IDEALPRO-001,IDEALPRO-1-248893,EUR/USD.IDEALPRO-MLSignalStrategyV2-V2,SELL,LIMIT,100000.00,1.13119,USD,2.26 USD,MAKER,0778ae99-5803-4922-a633-d4100878b9aa,2025-05-04 23:23:00+00:00,2025-05-04 23:23:00+00:00,{},False
O-20250504-233000-001-V2-1843,BACKTESTER-001,MLSignalStrategyV2-V2,EUR/USD.IDEALPRO,IDEALPRO-1-1843,IDEALPRO-001,IDEALPRO-1-248908,EUR/USD.IDEALPRO-MLSignalStrategyV2-V2,BUY,MARKET,100000.00,1.13121,USD,2.26 USD,TAKER,075fdc53-185d-4570-92df-5cff008ecc35,2025-05-04 23:30:00+00:00,2025-05-04 23:30:00+00:00,{},False
O-20250504-233000-001-V2-1845,BACKTESTER-001,MLSignalStrategyV2-V2,EUR/USD.IDEALPRO,IDEALPRO-1-1845,IDEALPRO-001,IDEALPRO-1-248935,EUR/USD.IDEALPRO-MLSignalStrategyV2-V2,SELL,LIMIT,100000.00,1.13209,USD,2.26 USD,MAKER,fe08e4b4-7493-4a04-9301-40f829f5cd86,2025-05-04 23:43:00+00:00,2025-05-04 23:43:00+00:00,{},False
O-20250504-234500-001-V2-1846,BACKTESTER-001,MLSignalStrategyV2-V2,EUR/USD.IDEALPRO,IDEALPRO-1-1846,IDEALPRO-001,IDEALPRO-1-248940,EUR/USD.IDEALPRO-MLSignalStrategyV2-V2,BUY,MARKET,100000.00,1.13205,USD,2.26 USD,TAKER,91957f11-c3a9-4461-a528-b183fbfea6df,2025-05-04 23:45:00+00:00,2025-05-04 23:45:00+00:00,{},False
O-20250504-234500-001-V2-1848,BACKTESTER-001,MLSignalStrategyV2-V2,EUR/USD.IDEALPRO,IDEALPRO-1-1848,IDEALPRO-001,IDEALPRO-1-249103,EUR/USD.IDEALPRO-MLSignalStrategyV2-V2,SELL,LIMIT,100000.00,1.13286,USD,2.27 USD,MAKER,6b11456b-61e8-4af6-911e-5e32db22e7d9,2025-05-05 01:06:00+00:00,2025-05-05 01:06:00+00:00,{},False
O-20250505-023000-001-V2-1849,BACKTESTER-001,MLSignalStrategyV2-V2,EUR/USD.IDEALPRO,IDEALPRO-1-1849,IDEALPRO-001,IDEALPRO-1-249273,EUR/USD.IDEALPRO-MLSignalStrategyV2-V2,BUY,MARKET,100000.00,1.13397,USD,2.27 USD,TAKER,96903d26-df3d-49fa-839a-c2857c40bb24,2025-05-05 02:30:00+00:00,2025-05-05 02:30:00+00:00,{},False
O-20250505-023000-001-V2-1850,BACKTESTER-001,MLSignalStrategyV2-V2,EUR/USD.IDEALPRO,IDEALPRO-1-1850,IDEALPRO-001,IDEALPRO-1-249417,EUR/USD.IDEALPRO-MLSignalStrategyV2-V2,SELL,STOP_MARKET,100000.00,1.13285,USD,2.27 USD,TAKER,c1b18349-d991-4138-b05b-0687b32b3047,2025-05-05 03:42:00+00:00,2025-05-05 03:42:00+00:00,{},False
O-20250505-080000-001-V2-1852,BACKTESTER-001,MLSignalStrategyV2-V2,EUR/USD.IDEALPRO,IDEALPRO-1-1852,IDEALPRO-001,IDEALPRO-1-249934,EUR/USD.IDEALPRO-MLSignalStrategyV2-V2,BUY,MARKET,100000.00,1.13132,USD,2.26 USD,TAKER,b851d34e-0ee6-4665-ac05-a712078c58a0,2025-05-05 08:00:00+00:00,2025-05-05 08:00:00+00:00,{},False
O-20250505-080000-001-V2-1854,BACKTESTER-001,MLSignalStrategyV2-V2,EUR/USD.IDEALPRO,IDEALPRO-1-1854,IDEALPRO-001,IDEALPRO-1-249957,EUR/USD.IDEALPRO-MLSignalStrategyV2-V2,SELL,LIMIT,100000.00,1.13226,USD,2.26 USD,MAKER,8a6e5589-c16d-406f-850b-c8b70ce04655,2025-05-05 08:11:00+00:00,2025-05-05 08:11:00+00:00,{},False
O-20250505-081500-001-V2-1855,BACKTESTER-001,MLSignalStrategyV2-V2,EUR/USD.IDEALPRO,IDEALPRO-1-1855,IDEALPRO-001,IDEALPRO-1-249966,EUR/USD.IDEALPRO-MLSignalStrategyV2-V2,BUY,MARKET,100000.00,1.13255,USD,2.27 USD,TAKER,c5e25162-2680-462a-93e8-622536fa41df,2025-05-05 08:15:00+00:00,2025-05-05 08:15:00+00:00,{},False
O-20250505-081500-001-V2-1857,BACKTESTER-001,MLSignalStrategyV2-V2,EUR/USD.IDEALPRO,IDEALPRO-1-1857,IDEALPRO-001,IDEALPRO-1-250069,EUR/USD.IDEALPRO-MLSignalStrategyV2-V2,SELL,LIMIT,100000.00,1.13364,USD,2.27 USD,MAKER,59ee3beb-bc14-4cb5-acd8-00b9da1913e7,2025-05-05 09:06:00+00:00,2025-05-05 09:06:00+00:00,{},False
O-20250505-124500-001-V2-1858,BACKTESTER-001,MLSignalStrategyV2-V2,EUR/USD.IDEALPRO,IDEALPRO-1-1858,IDEALPRO-001,IDEALPRO-1-250509,EUR/USD.IDEALPRO-MLSignalStrategyV2-V2,SELL,MARKET,100000.00,1.13502,USD,2.27 USD,TAKER,990d0bee-1bea-4729-8d5e-aaf1ba998580,2025-05-05 12:45:00+00:00,2025-05-05 12:45:00+00:00,{},False
O-20250505-124500-001-V2-1859,BACKTESTER-001,MLSignalStrategyV2-V2,EUR/USD.IDEALPRO,IDEALPRO-1-1859,IDEALPRO-001,IDEALPRO-1-250535,EUR/USD.IDEALPRO-MLSignalStrategyV2-V2,BUY,STOP_MARKET,100000.00,1.13634,USD,2.27 USD,TAKER,d25fdb04-5c64-4970-96aa-66be62e3aba2,2025-05-05 12:58:00+00:00,2025-05-05 12:58:00+00:00,{},False
O-20250505-150000-001-V2-1861,BACKTESTER-001,MLSignalStrategyV2-V2,EUR/USD.IDEALPRO,IDEALPRO-1-1861,IDEALPRO-001,IDEALPRO-1-250780,EUR/USD.IDEALPRO-MLSignalStrategyV2-V2,SELL,MARKET,100000.00,1.13386,USD,2.27 USD,TAKER,3998d256-2a48-4582-9e58-580c726ae90b,2025-05-05 15:00:00+00:00,2025-05-05 15:00:00+00:00,{},False
O-20250505-150000-001-V2-1863,BACKTESTER-001,MLSignalStrategyV2-V2,EUR/USD.IDEALPRO,IDEALPRO-1-1863,IDEALPRO-001,IDEALPRO-1-250849,EUR/USD.IDEALPRO-MLSignalStrategyV2-V2,BUY,LIMIT,100000.00,1.13241,USD,2.26 USD,MAKER,1cb5640b-4b9a-4655-bf2b-482f7957c5f4,2025-05-05 15:34:00+00:00,2025-05-05 15:34:00+00:00,{},False
O-20250505-170000-001-V2-1864,BACKTESTER-001,MLSignalStrategyV2-V2,EUR/USD.IDEALPRO,IDEALPRO-1-1864,IDEALPRO-001,IDEALPRO-1-251022,EUR/USD.IDEALPRO-MLSignalStrategyV2-V2,BUY,MARKET,100000.00,1.13024,USD,2.26 USD,TAKER,8e789af4-2943-4563-91bd-3b5c2e87764d,2025-05-05 17:00:00+00:00,2025-05-05 17:00:00+00:00,{},False
O-20250505-170000-001-V2-1866,BACKTESTER-001,MLSignalStrategyV2-V2,EUR/USD.IDEALPRO,IDEALPRO-1-1866,IDEALPRO-001,IDEALPRO-1-251253,EUR/USD.IDEALPRO-MLSignalStrategyV2-V2,SELL,LIMIT,100000.00,1.13129,USD,2.26 USD,MAKER,2d50b95b-8e1a-4135-9476-9dacc17adb00,2025-05-05 18:55:00+00:00,2025-05-05 18:55:00+00:00,{},False
O-20250505-190000-001-V2-1867,BACKTESTER-001,MLSignalStrategyV2-V2,EUR/USD.IDEALPRO,IDEALPRO-1-1867,IDEALPRO-001,IDEALPRO-1-251265,EUR/USD.IDEALPRO-MLSignalStrategyV2-V2,BUY,MARKET,100000.00,1.13133,USD,2.26 USD,TAKER,1bca1ae3-2bb7-4c32-963b-a46c10bc7357,2025-05-05 19:00:00+00:00,2025-05-05 19:00:00+00:00,{},False
O-20250505-190000-001-V2-1869,BACKTESTER-001,MLSignalStrategyV2-V2,EUR/USD.IDEALPRO,IDEALPRO-1-1869,IDEALPRO-001,IDEALPRO-1-251321,EUR/USD.IDEALPRO-MLSignalStrategyV2-V2,SELL,LIMIT,100000.00,1.13211,USD,2.26 USD,MAKER,906c60ea-dd84-4208-8cb3-946038f81de1,2025-05-05 19:28:00+00:00,2025-05-05 19:28:00+00:00,{},False
O-20250505-221500-001-V2-1870,BACKTESTER-001,MLSignalStrategyV2-V2,EUR/USD.IDEALPRO,IDEALPRO-1-1870,IDEALPRO-001,IDEALPRO-1-251627,EUR/USD.IDEALPRO-MLSignalStrategyV2-V2,BUY,MARKET,100000.00,1.13197,USD,2.26 USD,TAKER,16dbf011-7cd2-4e30-9734-3f0173f78e51,2025-05-05 22:15:00+00:00,2025-05-05 22:15:00+00:00,{},False
O-20250505-221500-001-V2-1871,BACKTESTER-001,MLSignalStrategyV2-V2,EUR/USD.IDEALPRO,IDEALPRO-1-1871,IDEALPRO-001,IDEALPRO-1-251683,EUR/USD.IDEALPRO-MLSignalStrategyV2-V2,SELL,STOP_MARKET,100000.00,1.13136,USD,2.26 USD,TAKER,05c27969-ccd6-45dc-91b1-6a747290ac75,2025-05-05 22:43:00+00:00,2025-05-05 22:43:00+00:00,{},False
O-20250505-234500-001-V2-1873,BACKTESTER-001,MLSignalStrategyV2-V2,EUR/USD.IDEALPRO,IDEALPRO-1-1873,IDEALPRO-001,IDEALPRO-1-251809,EUR/USD.IDEALPRO-MLSignalStrategyV2-V2,BUY,MARKET,100000.00,1.13163,USD,2.26 USD,TAKER,bfb250d6-856e-4f28-917b-ebb1d1e2d0df,2025-05-05 23:45:00+00:00,2025-05-05 23:45:00+00:00,{},False
O-20250505-234500-001-V2-1874,BACKTESTER-001,MLSignalStrategyV2-V2,EUR/USD.IDEALPRO,IDEALPRO-1-1874,IDEALPRO-001,IDEALPRO-1-251841,EUR/USD.IDEALPRO-MLSignalStrategyV2-V2,SELL,STOP_MARKET,100000.00,1.13105,USD,2.26 USD,TAKER,04893e7b-e401-45be-809a-22f612a92d7c,2025-05-06 00:01:00+00:00,2025-05-06 00:01:00+00:00,{},False
O-20250506-001500-001-V2-1876,BACKTESTER-001,MLSignalStrategyV2-V2,EUR/USD.IDEALPRO,IDEALPRO-1-1876,IDEALPRO-001,IDEALPRO-1-251870,EUR/USD.IDEALPRO-MLSignalStrategyV2-V2,BUY,MARKET,100000.00,1.12989,USD,2.26 USD,TAKER,5a6a45ab-979c-4bd3-a5a4-6205d17246e5,2025-05-06 00:15:00+00:00,2025-05-06 00:15:00+00:00,{},False
O-20250506-001500-001-V2-1877,BACKTESTER-001,MLSignalStrategyV2-V2,EUR/USD.IDEALPRO,IDEALPRO-1-1877,IDEALPRO-001,IDEALPRO-1-251881,EUR/USD.IDEALPRO-MLSignalStrategyV2-V2,SELL,STOP_MARKET,100000.00,1.12897,USD,2.26 USD,TAKER,e921cc02-6a11-4538-ae01-3b8a193637ad,2025-05-06 00:20:00+00:00,2025-05-06 00:20:00+00:00,{},False
O-20250506-003000-001-V2-1879,BACKTESTER-001,MLSignalStrategyV2-V2,EUR/USD.IDEALPRO,IDEALPRO-1-1879,IDEALPRO-001,IDEALPRO-1-251902,EUR/USD.IDEALPRO-MLSignalStrategyV2-V2,BUY,MARKET,100000.00,1.12869,USD,2.26 USD,TAKER,50d188f8-d014-4efa-9b68-a62d7fdd76c0,2025-05-06 00:30:00+00:00,2025-05-06 00:30:00+00:00,{},False
O-20250506-003000-001-V2-1881,BACKTESTER-001,MLSignalStrategyV2-V2,EUR/USD.IDEALPRO,IDEALPRO-1-1881,IDEALPRO-001,IDEALPRO-1-251913,EUR/USD.IDEALPRO-MLSignalStrategyV2-V2,SELL,LIMIT,100000.00,1.12936,USD,2.26 USD,MAKER,c3577439-be77-4a80-a56d-3f5a9fb5ac38,2025-05-06 00:35:00+00:00,2025-05-06 00:35:00+00:00,{},False
O-20250506-004500-001-V2-1882,BACKTESTER-001,MLSignalStrategyV2-V2,EUR/USD.IDEALPRO,IDEALPRO-1-1882,IDEALPRO-001,IDEALPRO-1-251934,EUR/USD.IDEALPRO-MLSignalStrategyV2-V2,BUY,MARKET,100000.00,1.12870,USD,2.26 USD,TAKER,a7ec4f06-f347-4292-89ac-04f6cbc34369,2025-05-06 00:45:00+00:00,2025-05-06 00:45:00+00:00,{},False
O-20250506-004500-001-V2-1884,BACKTESTER-001,MLSignalStrategyV2-V2,EUR/USD.IDEALPRO,IDEALPRO-1-1884,IDEALPRO-001,IDEALPRO-1-252069,EUR/USD.IDEALPRO-MLSignalStrategyV2-V2,SELL,LIMIT,100000.00,1.12946,USD,2.26 USD,MAKER,b893da2d-257a-4c09-8bb6-de357b078248,2025-05-06 01:52:00+00:00,2025-05-06 01:52:00+00:00,{},False
O-20250506-020000-001-V2-1885,BACKTESTER-001,MLSignalStrategyV2-V2,EUR/USD.IDEALPRO,IDEALPRO-1-1885,IDEALPRO-001,IDEALPRO-1-252086,EUR/USD.IDEALPRO-MLSignalStrategyV2-V2,BUY,MARKET,100000.00,1.12936,USD,2.26 USD,TAKER,4b63ed6a-e7ff-4508-81f7-2c7c2d042efc,2025-05-06 02:00:00+00:00,2025-05-06 02:00:00+00:00,{},False
O-20250506-020000-001-V2-1887,BACKTESTER-001,MLSignalStrategyV2-V2,EUR/USD.IDEALPRO,IDEALPRO-1-1887,IDEALPRO-001,IDEALPRO-1-252101,EUR/USD.IDEALPRO-MLSignalStrategyV2-V2,SELL,LIMIT,100000.00,1.13027,USD,2.26 USD,MAKER,95184f72-1ba3-404e-abb9-8f61d2281711,2025-05-06 02:07:00+00:00,2025-05-06 02:07:00+00:00,{},False
O-20250506-041500-001-V2-1888,BACKTESTER-001,MLSignalStrategyV2-V2,EUR/USD.IDEALPRO,IDEALPRO-1-1888,IDEALPRO-001,IDEALPRO-1-252358,EUR/USD.IDEALPRO-MLSignalStrategyV2-V2,BUY,MARKET,100000.00,1.13188,USD,2.26 USD,TAKER,cf73a249-7ede-432d-829b-91616a7decc9,2025-05-06 04:15:00+00:00,2025-05-06 04:15:00+00:00,{},False
O-20250506-041500-001-V2-1890,BACKTESTER-001,MLSignalStrategyV2-V2,EUR/USD.IDEALPRO,IDEALPRO-1-1890,IDEALPRO-001,IDEALPRO-1-252421,EUR/USD.IDEALPRO-MLSignalStrategyV2-V2,SELL,LIMIT,100000.00,1.13270,USD,2.27 USD,MAKER,81784ddf-4515-4555-aa54-c52d325c8177,2025-05-06 04:46:00+00:00,2025-05-06 04:46:00+00:00,{},False
O-20250506-084500-001-V2-1891,BACKTESTER-001,MLSignalStrategyV2-V2,EUR/USD.IDEALPRO,IDEALPRO-1-1891,IDEALPRO-001,IDEALPRO-1-252900,EUR/USD.IDEALPRO-MLSignalStrategyV2-V2,BUY,MARKET,100000.00,1.13357,USD,2.27 USD,TAKER,febc8f21-c53b-43f2-b68d-818ffbb992b5,2025-05-06 08:45:00+00:00,2025-05-06 08:45:00+00:00,{},False
O-20250506-084500-001-V2-1892,BACKTESTER-001,MLSignalStrategyV2-V2,EUR/USD.IDEALPRO,IDEALPRO-1-1892,IDEALPRO-001,IDEALPRO-1-252947,EUR/USD.IDEALPRO-MLSignalStrategyV2-V2,SELL,STOP_MARKET,100000.00,1.13212,USD,2.26 USD,TAKER,0a42abe0-f3c6-45e3-92c0-9b62c364b21a,2025-05-06 09:08:00+00:00,2025-05-06 09:08:00+00:00,{},False
O-20250506-201500-001-V2-1894,BACKTESTER-001,MLSignalStrategyV2-V2,EUR/USD.IDEALPRO,IDEALPRO-1-1894,IDEALPRO-001,IDEALPRO-1-254282,EUR/USD.IDEALPRO-MLSignalStrategyV2-V2,BUY,MARKET,100000.00,1.13780,USD,2.28 USD,TAKER,94e7d629-510a-47f5-8ec9-1517d18ffd5b,2025-05-06 20:15:00+00:00,2025-05-06 20:15:00+00:00,{},False
O-20250506-201500-001-V2-1895,BACKTESTER-001,MLSignalStrategyV2-V2,EUR/USD.IDEALPRO,IDEALPRO-1-1895,IDEALPRO-001,IDEALPRO-1-254319,EUR/USD.IDEALPRO-MLSignalStrategyV2-V2,SELL,STOP_MARKET,100000.00,1.13658,USD,2.27 USD,TAKER,308b072e-83ad-4c04-a677-805c0e3cf45d,2025-05-06 20:33:00+00:00,2025-05-06 20:33:00+00:00,{},False
O-20250506-223000-001-V2-1897,BACKTESTER-001,MLSignalStrategyV2-V2,EUR/USD.IDEALPRO,IDEALPRO-1-1897,IDEALPRO-001,IDEALPRO-1-254524,EUR/USD.IDEALPRO-MLSignalStrategyV2-V2,BUY,MARKET,100000.00,1.13296,USD,2.27 USD,TAKER,0d76c165-e482-4fdb-ade5-8774a3d18ded,2025-05-06 22:30:00+00:00,2025-05-06 22:30:00+00:00,{},False
O-20250506-223000-001-V2-1899,BACKTESTER-001,MLSignalStrategyV2-V2,EUR/USD.IDEALPRO,IDEALPRO-1-1899,IDEALPRO-001,IDEALPRO-1-254535,EUR/USD.IDEALPRO-MLSignalStrategyV2-V2,SELL,LIMIT,100000.00,1.13449,USD,2.27 USD,MAKER,dca2ba19-8d87-4687-9ad8-c6ce6b9662e9,2025-05-06 22:35:00+00:00,2025-05-06 22:35:00+00:00,{},False
O-20250506-230000-001-V2-1900,BACKTESTER-001,MLSignalStrategyV2-V2,EUR/USD.IDEALPRO,IDEALPRO-1-1900,IDEALPRO-001,IDEALPRO-1-254586,EUR/USD.IDEALPRO-MLSignalStrategyV2-V2,BUY,MARKET,100000.00,1.13426,USD,2.27 USD,TAKER,72dc1f71-093a-4f9e-9975-5974cd9fb6ca,2025-05-06 23:00:00+00:00,2025-05-06 23:00:00+00:00,{},False
O-20250506-230000-001-V2-1901,BACKTESTER-001,MLSignalStrategyV2-V2,EUR/USD.IDEALPRO,IDEALPRO-1-1901,IDEALPRO-001,IDEALPRO-1-254755,EUR/USD.IDEALPRO-MLSignalStrategyV2-V2,SELL,STOP_MARKET,100000.00,1.13255,USD,2.27 USD,TAKER,0ad8200c-e213-4691-8153-db361032a903,2025-05-07 00:24:00+00:00,2025-05-07 00:24:00+00:00,{},False
O-20250507-023000-001-V2-1903,BACKTESTER-001,MLSignalStrategyV2-V2,EUR/USD.IDEALPRO,IDEALPRO-1-1903,IDEALPRO-001,IDEALPRO-1-255008,EUR/USD.IDEALPRO-MLSignalStrategyV2-V2,BUY,MARKET,100000.00,1.13433,USD,2.27 USD,TAKER,8943288e-0ec3-4393-812a-912ce5427a52,2025-05-07 02:30:00+00:00,2025-05-07 02:30:00+00:00,{},False
O-20250507-023000-001-V2-1905,BACKTESTER-001,MLSignalStrategyV2-V2,EUR/USD.IDEALPRO,IDEALPRO-1-1905,IDEALPRO-001,IDEALPRO-1-255351,EUR/USD.IDEALPRO-MLSignalStrategyV2-V2,SELL,LIMIT,100000.00,1.13578,USD,2.27 USD,MAKER,8b3904a4-7c71-4d2e-87bc-aa4c55b837c2,2025-05-07 05:21:00+00:00,2025-05-07 05:21:00+00:00,{},False
O-20250507-053000-001-V2-1906,BACKTESTER-001,MLSignalStrategyV2-V2,EUR/USD.IDEALPRO,IDEALPRO-1-1906,IDEALPRO-001,IDEALPRO-1-255370,EUR/USD.IDEALPRO-MLSignalStrategyV2-V2,BUY,MARKET,100000.00,1.13554,USD,2.27 USD,TAKER,5f761dc2-99b3-4ee8-883e-af825a2b9fa2,2025-05-07 05:30:00+00:00,2025-05-07 05:30:00+00:00,{},False
O-20250507-053000-001-V2-1908,BACKTESTER-001,MLSignalStrategyV2-V2,EUR/USD.IDEALPRO,IDEALPRO-1-1908,IDEALPRO-001,IDEALPRO-1-255415,EUR/USD.IDEALPRO-MLSignalStrategyV2-V2,SELL,LIMIT,100000.00,1.13633,USD,2.27 USD,MAKER,79766c99-c008-4997-93eb-c226fac5eb16,2025-05-07 05:52:00+00:00,2025-05-07 05:52:00+00:00,{},False
O-20250507-140000-001-V2-1909,BACKTESTER-001,MLSignalStrategyV2-V2,EUR/USD.IDEALPRO,IDEALPRO-1-1909,IDEALPRO-001,IDEALPRO-1-256393,EUR/USD.IDEALPRO-MLSignalStrategyV2-V2,BUY,MARKET,100000.00,1.13670,USD,2.27 USD,TAKER,32bf9d60-2777-4dc0-ad51-9acd40b06c60,2025-05-07 14:00:00+00:00,2025-05-07 14:00:00+00:00,{},False
O-20250507-140000-001-V2-1910,BACKTESTER-001,MLSignalStrategyV2-V2,EUR/USD.IDEALPRO,IDEALPRO-1-1910,IDEALPRO-001,IDEALPRO-1-256413,EUR/USD.IDEALPRO-MLSignalStrategyV2-V2,SELL,STOP_MARKET,100000.00,1.13553,USD,2.27 USD,TAKER,70c0d9f3-c648-4ad6-96cf-bd825df1e714,2025-05-07 14:10:00+00:00,2025-05-07 14:10:00+00:00,{},False
O-20250507-143000-001-V2-1912,BACKTESTER-001,MLSignalStrategyV2-V2,EUR/USD.IDEALPRO,IDEALPRO-1-1912,IDEALPRO-001,IDEALPRO-1-256454,EUR/USD.IDEALPRO-MLSignalStrategyV2-V2,BUY,MARKET,100000.00,1.13618,USD,2.27 USD,TAKER,d2a8cde0-909f-428c-b9d3-60d120c96b16,2025-05-07 14:30:00+00:00,2025-05-07 14:30:00+00:00,{},False
O-20250507-143000-001-V2-1913,BACKTESTER-001,MLSignalStrategyV2-V2,EUR/USD.IDEALPRO,IDEALPRO-1-1913,IDEALPRO-001,IDEALPRO-1-256559,EUR/USD.IDEALPRO-MLSignalStrategyV2-V2,SELL,STOP_MARKET,100000.00,1.13497,USD,2.27 USD,TAKER,dcb58f8a-3895-4db5-b888-6367d49329e1,2025-05-07 15:22:00+00:00,2025-05-07 15:22:00+00:00,{},False
O-20250507-201500-001-V2-1915,BACKTESTER-001,MLSignalStrategyV2-V2,EUR/USD.IDEALPRO,IDEALPRO-1-1915,IDEALPRO-001,IDEALPRO-1-257146,EUR/USD.IDEALPRO-MLSignalStrategyV2-V2,BUY,MARKET,100000.00,1.12952,USD,2.26 USD,TAKER,7bc6c85d-97f8-42f1-8720-4f6860de06ec,2025-05-07 20:15:00+00:00,2025-05-07 20:15:00+00:00,{},False
O-20250507-201500-001-V2-1917,BACKTESTER-001,MLSignalStrategyV2-V2,EUR/USD.IDEALPRO,IDEALPRO-1-1917,IDEALPRO-001,IDEALPRO-1-257239,EUR/USD.IDEALPRO-MLSignalStrategyV2-V2,SELL,LIMIT,100000.00,1.13127,USD,2.26 USD,MAKER,9375b240-54e0-48d4-a7e0-7ab9445515a6,2025-05-07 21:16:00+00:00,2025-05-07 21:16:00+00:00,{},False
O-20250507-214500-001-V2-1918,BACKTESTER-001,MLSignalStrategyV2-V2,EUR/USD.IDEALPRO,IDEALPRO-1-1918,IDEALPRO-001,IDEALPRO-1-257297,EUR/USD.IDEALPRO-MLSignalStrategyV2-V2,BUY,MARKET,100000.00,1.13112,USD,2.26 USD,TAKER,26be689e-e178-4fb9-8a5c-ce64e6bec9a5,2025-05-07 21:45:00+00:00,2025-05-07 21:45:00+00:00,{},False
O-20250507-214500-001-V2-1920,BACKTESTER-001,MLSignalStrategyV2-V2,EUR/USD.IDEALPRO,IDEALPRO-1-1920,IDEALPRO-001,IDEALPRO-1-257793,EUR/USD.IDEALPRO-MLSignalStrategyV2-V2,SELL,LIMIT,100000.00,1.13321,USD,2.27 USD,MAKER,e6eef24a-204d-48a0-920f-37d8ce939f5a,2025-05-08 01:52:00+00:00,2025-05-08 01:52:00+00:00,{},False
O-20250508-060000-001-V2-1921,BACKTESTER-001,MLSignalStrategyV2-V2,EUR/USD.IDEALPRO,IDEALPRO-1-1921,IDEALPRO-001,IDEALPRO-1-258290,EUR/USD.IDEALPRO-MLSignalStrategyV2-V2,BUY,MARKET,100000.00,1.13039,USD,2.26 USD,TAKER,627b1ebf-e803-4d8f-86a1-9c252dc54413,2025-05-08 06:00:00+00:00,2025-05-08 06:00:00+00:00,{},False
O-20250508-060000-001-V2-1922,BACKTESTER-001,MLSignalStrategyV2-V2,EUR/USD.IDEALPRO,IDEALPRO-1-1922,IDEALPRO-001,IDEALPRO-1-258325,EUR/USD.IDEALPRO-MLSignalStrategyV2-V2,SELL,STOP_MARKET,100000.00,1.12902,USD,2.26 USD,TAKER,d2f3fa66-c2ea-4952-ab59-d3c21d1e03af,2025-05-08 06:17:00+00:00,2025-05-08 06:17:00+00:00,{},False
O-20250508-063000-001-V2-1924,BACKTESTER-001,MLSignalStrategyV2-V2,EUR/USD.IDEALPRO,IDEALPRO-1-1924,IDEALPRO-001,IDEALPRO-1-258353,EUR/USD.IDEALPRO-MLSignalStrategyV2-V2,BUY,MARKET,100000.00,1.12858,USD,2.26 USD,TAKER,22a28ddf-9227-4af9-9509-c07ebd4f9fe6,2025-05-08 06:30:00+00:00,2025-05-08 06:30:00+00:00,{},False
O-20250508-063000-001-V2-1925,BACKTESTER-001,MLSignalStrategyV2-V2,EUR/USD.IDEALPRO,IDEALPRO-1-1925,IDEALPRO-001,IDEALPRO-1-258419,EUR/USD.IDEALPRO-MLSignalStrategyV2-V2,SELL,STOP_MARKET,100000.00,1.12704,USD,2.25 USD,TAKER,c47f7983-0389-455a-aacc-668a7e7d0f85,2025-05-08 07:03:00+00:00,2025-05-08 07:03:00+00:00,{},False
O-20250508-101500-001-V2-1927,BACKTESTER-001,MLSignalStrategyV2-V2,EUR/USD.IDEALPRO,IDEALPRO-1-1927,IDEALPRO-001,IDEALPRO-1-258804,EUR/USD.IDEALPRO-MLSignalStrategyV2-V2,BUY,MARKET,100000.00,1.12793,USD,2.26 USD,TAKER,1229703d-39dc-458d-856f-b801586135c3,2025-05-08 10:15:00+00:00,2025-05-08 10:15:00+00:00,{},False
O-20250508-101500-001-V2-1929,BACKTESTER-001,MLSignalStrategyV2-V2,EUR/USD.IDEALPRO,IDEALPRO-1-1929,IDEALPRO-001,IDEALPRO-1-258829,EUR/USD.IDEALPRO-MLSignalStrategyV2-V2,SELL,LIMIT,100000.00,1.12899,USD,2.26 USD,MAKER,a9cde81d-9479-425a-8ee1-e46d364e07a6,2025-05-08 10:27:00+00:00,2025-05-08 10:27:00+00:00,{},False
O-20250508-151500-001-V2-1930,BACKTESTER-001,MLSignalStrategyV2-V2,EUR/USD.IDEALPRO,IDEALPRO-1-1930,IDEALPRO-001,IDEALPRO-1-259406,EUR/USD.IDEALPRO-MLSignalStrategyV2-V2,SELL,MARKET,100000.00,1.12872,USD,2.26 USD,TAKER,db9482eb-a82d-4505-b8d6-cb4774d15ac0,2025-05-08 15:15:00+00:00,2025-05-08 15:15:00+00:00,{},False
O-20250508-151500-001-V2-1932,BACKTESTER-001,MLSignalStrategyV2-V2,EUR/USD.IDEALPRO,IDEALPRO-1-1932,IDEALPRO-001,IDEALPRO-1-259421,EUR/USD.IDEALPRO-MLSignalStrategyV2-V2,BUY,LIMIT,100000.00,1.12708,USD,2.25 USD,MAKER,a4199666-e4bd-410b-9f96-57a78275bf17,2025-05-08 15:22:00+00:00,2025-05-08 15:22:00+00:00,{},False
O-20250508-180000-001-V2-1933,BACKTESTER-001,MLSignalStrategyV2-V2,EUR/USD.IDEALPRO,IDEALPRO-1-1933,IDEALPRO-001,IDEALPRO-1-259738,EUR/USD.IDEALPRO-MLSignalStrategyV2-V2,BUY,MARKET,100000.00,1.12269,USD,2.25 USD,TAKER,2db8aafb-0caf-4e27-b0d0-071cea215d7e,2025-05-08 18:00:00+00:00,2025-05-08 18:00:00+00:00,{},False
O-20250508-180000-001-V2-1934,BACKTESTER-001,MLSignalStrategyV2-V2,EUR/USD.IDEALPRO,IDEALPRO-1-1934,IDEALPRO-001,IDEALPRO-1-260673,EUR/USD.IDEALPRO-MLSignalStrategyV2-V2,SELL,STOP_MARKET,100000.00,1.12092,USD,2.24 USD,TAKER,4991d432-9d5d-4242-84c3-c7a54090db90,2025-05-09 02:02:00+00:00,2025-05-09 02:02:00+00:00,{},False
O-20250509-021500-001-V2-1936,BACKTESTER-001,MLSignalStrategyV2-V2,EUR/USD.IDEALPRO,IDEALPRO-1-1936,IDEALPRO-001,IDEALPRO-1-260700,EUR/USD.IDEALPRO-MLSignalStrategyV2-V2,BUY,MARKET,100000.00,1.12000,USD,2.24 USD,TAKER,503d1f0b-daff-4a81-953a-f945de8d0e61,2025-05-09 02:15:00+00:00,2025-05-09 02:15:00+00:00,{},False
O-20250509-021500-001-V2-1938,BACKTESTER-001,MLSignalStrategyV2-V2,EUR/USD.IDEALPRO,IDEALPRO-1-1938,IDEALPRO-001,IDEALPRO-1-260727,EUR/USD.IDEALPRO-MLSignalStrategyV2-V2,SELL,LIMIT,100000.00,1.12085,USD,2.24 USD,MAKER,571dabce-a18b-4cb5-a380-3e541467dbff,2025-05-09 02:28:00+00:00,2025-05-09 02:28:00+00:00,{},False
O-20250509-023000-001-V2-1939,BACKTESTER-001,MLSignalStrategyV2-V2,EUR/USD.IDEALPRO,IDEALPRO-1-1939,IDEALPRO-001,IDEALPRO-1-260732,EUR/USD.IDEALPRO-MLSignalStrategyV2-V2,BUY,MARKET,100000.00,1.12065,USD,2.24 USD,TAKER,03ff0630-6672-45b4-935b-17c6e19fddf6,2025-05-09 02:30:00+00:00,2025-05-09 02:30:00+00:00,{},False
O-20250509-023000-001-V2-1941,BACKTESTER-001,MLSignalStrategyV2-V2,EUR/USD.IDEALPRO,IDEALPRO-1-1941,IDEALPRO-001,IDEALPRO-1-260779,EUR/USD.IDEALPRO-MLSignalStrategyV2-V2,SELL,LIMIT,100000.00,1.12154,USD,2.24 USD,MAKER,abea4d92-0104-4d0d-b280-d27d20b5df1d,2025-05-09 02:53:00+00:00,2025-05-09 02:53:00+00:00,{},False
O-20250509-030000-001-V2-1942,BACKTESTER-001,MLSignalStrategyV2-V2,EUR/USD.IDEALPRO,IDEALPRO-1-1942,IDEALPRO-001,IDEALPRO-1-260794,EUR/USD.IDEALPRO-MLSignalStrategyV2-V2,BUY,MARKET,100000.00,1.12183,USD,2.24 USD,TAKER,4ce522a6-4f41-4405-bf76-ecc629938fad,2025-05-09 03:00:00+00:00,2025-05-09 03:00:00+00:00,{},False
O-20250509-030000-001-V2-1944,BACKTESTER-001,MLSignalStrategyV2-V2,EUR/USD.IDEALPRO,IDEALPRO-1-1944,IDEALPRO-001,IDEALPRO-1-260799,EUR/USD.IDEALPRO-MLSignalStrategyV2-V2,SELL,LIMIT,100000.00,1.12275,USD,2.25 USD,MAKER,0cc71835-b8ba-4cab-a20b-a6f0ad578786,2025-05-09 03:02:00+00:00,2025-05-09 03:02:00+00:00,{},False
O-20250509-041500-001-V2-1945,BACKTESTER-001,MLSignalStrategyV2-V2,EUR/USD.IDEALPRO,IDEALPRO-1-1945,IDEALPRO-001,IDEALPRO-1-260946,EUR/USD.IDEALPRO-MLSignalStrategyV2-V2,BUY,MARKET,100000.00,1.12278,USD,2.25 USD,TAKER,eddd7147-1d21-4935-8513-d81dcdc8c00b,2025-05-09 04:15:00+00:00,2025-05-09 04:15:00+00:00,{},False
O-20250509-041500-001-V2-1947,BACKTESTER-001,MLSignalStrategyV2-V2,EUR/USD.IDEALPRO,IDEALPRO-1-1947,IDEALPRO-001,IDEALPRO-1-261153,EUR/USD.IDEALPRO-MLSignalStrategyV2-V2,SELL,LIMIT,100000.00,1.12354,USD,2.25 USD,MAKER,ab1d2977-a252-4e54-a601-ba9fe59d0c53,2025-05-09 05:58:00+00:00,2025-05-09 05:58:00+00:00,{},False
O-20250509-070000-001-V2-1948,BACKTESTER-001,MLSignalStrategyV2-V2,EUR/USD.IDEALPRO,IDEALPRO-1-1948,IDEALPRO-001,IDEALPRO-1-261279,EUR/USD.IDEALPRO-MLSignalStrategyV2-V2,BUY,MARKET,100000.00,1.12404,USD,2.25 USD,TAKER,390cb5d5-4901-4745-b6bf-78db735fa419,2025-05-09 07:00:00+00:00,2025-05-09 07:00:00+00:00,{},False
O-20250509-070000-001-V2-1950,BACKTESTER-001,MLSignalStrategyV2-V2,EUR/USD.IDEALPRO,IDEALPRO-1-1950,IDEALPRO-001,IDEALPRO-1-261345,EUR/USD.IDEALPRO-MLSignalStrategyV2-V2,SELL,LIMIT,100000.00,1.12498,USD,2.25 USD,MAKER,9a032b23-9d60-4bc6-bf86-d5dfe3d8832a,2025-05-09 07:33:00+00:00,2025-05-09 07:33:00+00:00,{},False
O-20250509-150000-001-V2-1951,BACKTESTER-001,MLSignalStrategyV2-V2,EUR/USD.IDEALPRO,IDEALPRO-1-1951,IDEALPRO-001,IDEALPRO-1-262240,EUR/USD.IDEALPRO-MLSignalStrategyV2-V2,SELL,MARKET,100000.00,1.12677,USD,2.25 USD,TAKER,f492c0cb-2af6-417f-a620-143d4dddc98b,2025-05-09 15:00:00+00:00,2025-05-09 15:00:00+00:00,{},False
O-20250509-150000-001-V2-1953,BACKTESTER-001,MLSignalStrategyV2-V2,EUR/USD.IDEALPRO,IDEALPRO-1-1953,IDEALPRO-001,IDEALPRO-1-262503,EUR/USD.IDEALPRO-MLSignalStrategyV2-V2,BUY,LIMIT,100000.00,1.12541,USD,2.25 USD,MAKER,80c47fd5-d469-4ac1-b6b0-26ef725df168,2025-05-09 17:11:00+00:00,2025-05-09 17:11:00+00:00,{},False
O-20250511-213000-001-V2-1954,BACKTESTER-001,MLSignalStrategyV2-V2,EUR/USD.IDEALPRO,IDEALPRO-1-1954,IDEALPRO-001,IDEALPRO-1-262992,EUR/USD.IDEALPRO-MLSignalStrategyV2-V2,BUY,MARKET,100000.00,1.12130,USD,2.24 USD,TAKER,d1408296-b545-455b-853b-8bd2fb4f6ec4,2025-05-11 21:30:00+00:00,2025-05-11 21:30:00+00:00,{},False
O-20250511-213000-001-V2-1956,BACKTESTER-001,MLSignalStrategyV2-V2,EUR/USD.IDEALPRO,IDEALPRO-1-1956,IDEALPRO-001,IDEALPRO-1-263057,EUR/USD.IDEALPRO-MLSignalStrategyV2-V2,SELL,LIMIT,100000.00,1.12217,USD,2.24 USD,MAKER,5ddf8be3-742a-4de4-9e47-ac0bd8058d50,2025-05-11 22:02:00+00:00,2025-05-11 22:02:00+00:00,{},False
O-20250511-221500-001-V2-1957,BACKTESTER-001,MLSignalStrategyV2-V2,EUR/USD.IDEALPRO,IDEALPRO-1-1957,IDEALPRO-001,IDEALPRO-1-263084,EUR/USD.IDEALPRO-MLSignalStrategyV2-V2,BUY,MARKET,100000.00,1.12252,USD,2.25 USD,TAKER,63ee8abe-310a-4b23-8f88-af7353a7a7e4,2025-05-11 22:15:00+00:00,2025-05-11 22:15:00+00:00,{},False
O-20250511-221500-001-V2-1959,BACKTESTER-001,MLSignalStrategyV2-V2,EUR/USD.IDEALPRO,IDEALPRO-1-1959,IDEALPRO-001,IDEALPRO-1-263205,EUR/USD.IDEALPRO-MLSignalStrategyV2-V2,SELL,LIMIT,100000.00,1.12351,USD,2.25 USD,MAKER,fe14982e-8638-49cc-85af-d1b5d00f09c7,2025-05-11 23:15:00+00:00,2025-05-11 23:15:00+00:00,{},False
O-20250511-231500-001-V2-1960,BACKTESTER-001,MLSignalStrategyV2-V2,EUR/USD.IDEALPRO,IDEALPRO-1-1960,IDEALPRO-001,IDEALPRO-1-263206,EUR/USD.IDEALPRO-MLSignalStrategyV2-V2,BUY,MARKET,100000.00,1.12338,USD,2.25 USD,TAKER,c3b99955-42b0-40f5-8228-5eec3f7e60c8,2025-05-11 23:15:00+00:00,2025-05-11 23:15:00+00:00,{},False
O-20250511-231500-001-V2-1962,BACKTESTER-001,MLSignalStrategyV2-V2,EUR/USD.IDEALPRO,IDEALPRO-1-1962,IDEALPRO-001,IDEALPRO-1-263432,EUR/USD.IDEALPRO-MLSignalStrategyV2-V2,SELL,LIMIT,100000.00,1.12427,USD,2.25 USD,MAKER,bb25ac5a-732b-4782-aea9-9252b361d077,2025-05-12 01:07:00+00:00,2025-05-12 01:07:00+00:00,{},False
O-20250512-051500-001-V2-1963,BACKTESTER-001,MLSignalStrategyV2-V2,EUR/USD.IDEALPRO,IDEALPRO-1-1963,IDEALPRO-001,IDEALPRO-1-263928,EUR/USD.IDEALPRO-MLSignalStrategyV2-V2,BUY,MARKET,100000.00,1.12244,USD,2.24 USD,TAKER,19a358a5-2b40-4202-a91f-79c3400e1ef5,2025-05-12 05:15:00+00:00,2025-05-12 05:15:00+00:00,{},False
O-20250512-051500-001-V2-1964,BACKTESTER-001,MLSignalStrategyV2-V2,EUR/USD.IDEALPRO,IDEALPRO-1-1964,IDEALPRO-001,IDEALPRO-1-263995,EUR/USD.IDEALPRO-MLSignalStrategyV2-V2,SELL,STOP_MARKET,100000.00,1.12152,USD,2.24 USD,TAKER,4e9791ca-a303-4835-a06f-0987b27befbd,2025-05-12 05:48:00+00:00,2025-05-12 05:48:00+00:00,{},False
O-20250512-071500-001-V2-1966,BACKTESTER-001,MLSignalStrategyV2-V2,EUR/USD.IDEALPRO,IDEALPRO-1-1966,IDEALPRO-001,IDEALPRO-1-264170,EUR/USD.IDEALPRO-MLSignalStrategyV2-V2,BUY,MARKET,100000.00,1.11594,USD,2.23 USD,TAKER,c49cd681-1c5e-496c-84d0-6e0404d1b49f,2025-05-12 07:15:00+00:00,2025-05-12 07:15:00+00:00,{},False
O-20250512-071500-001-V2-1967,BACKTESTER-001,MLSignalStrategyV2-V2,EUR/USD.IDEALPRO,IDEALPRO-1-1967,IDEALPRO-001,IDEALPRO-1-264187,EUR/USD.IDEALPRO-MLSignalStrategyV2-V2,SELL,STOP_MARKET,100000.00,1.11406,USD,2.23 USD,TAKER,358930fc-48f1-4555-8027-b1faf12246d2,2025-05-12 07:23:00+00:00,2025-05-12 07:23:00+00:00,{},False
O-20250512-073000-001-V2-1969,BACKTESTER-001,MLSignalStrategyV2-V2,EUR/USD.IDEALPRO,IDEALPRO-1-1969,IDEALPRO-001,IDEALPRO-1-264202,EUR/USD.IDEALPRO-MLSignalStrategyV2-V2,BUY,MARKET,100000.00,1.11156,USD,2.22 USD,TAKER,9d99ebbd-f548-468a-a2da-9a6f25c32b5c,2025-05-12 07:30:00+00:00,2025-05-12 07:30:00+00:00,{},False
O-20250512-073000-001-V2-1970,BACKTESTER-001,MLSignalStrategyV2-V2,EUR/USD.IDEALPRO,IDEALPRO-1-1970,IDEALPRO-001,IDEALPRO-1-264293,EUR/USD.IDEALPRO-MLSignalStrategyV2-V2,SELL,STOP_MARKET,100000.00,1.10819,USD,2.22 USD,TAKER,abcc3253-ab00-439c-aec4-7334f3f5f7d4,2025-05-12 08:15:00+00:00,2025-05-12 08:15:00+00:00,{},False
O-20250512-081500-001-V2-1972,BACKTESTER-001,MLSignalStrategyV2-V2,EUR/USD.IDEALPRO,IDEALPRO-1-1972,IDEALPRO-001,IDEALPRO-1-264294,EUR/USD.IDEALPRO-MLSignalStrategyV2-V2,BUY,MARKET,100000.00,1.10937,USD,2.22 USD,TAKER,57a0084a-5e11-4ad7-b4a6-06d0cb050ff7,2025-05-12 08:15:00+00:00,2025-05-12 08:15:00+00:00,{},False
O-20250512-081500-001-V2-1974,BACKTESTER-001,MLSignalStrategyV2-V2,EUR/USD.IDEALPRO,IDEALPRO-1-1974,IDEALPRO-001,IDEALPRO-1-264331,EUR/USD.IDEALPRO-MLSignalStrategyV2-V2,SELL,LIMIT,100000.00,1.11166,USD,2.22 USD,MAKER,02d8f18a-5620-4380-a970-bea29a36a032,2025-05-12 08:33:00+00:00,2025-05-12 08:33:00+00:00,{},False
O-20250512-100000-001-V2-1975,BACKTESTER-001,MLSignalStrategyV2-V2,EUR/USD.IDEALPRO,IDEALPRO-1-1975,IDEALPRO-001,IDEALPRO-1-264506,EUR/USD.IDEALPRO-MLSignalStrategyV2-V2,BUY,MARKET,100000.00,1.11187,USD,2.22 USD,TAKER,7c0473eb-59e8-481f-89a8-8acea976cc5d,2025-05-12 10:00:00+00:00,2025-05-12 10:00:00+00:00,{},False
O-20250512-100000-001-V2-1976,BACKTESTER-001,MLSignalStrategyV2-V2,EUR/USD.IDEALPRO,IDEALPRO-1-1976,IDEALPRO-001,IDEALPRO-1-264543,EUR/USD.IDEALPRO-MLSignalStrategyV2-V2,SELL,STOP_MARKET,100000.00,1.10939,USD,2.22 USD,TAKER,773b4fa1-6ebb-492a-a4ba-50c0b08e3c2e,2025-05-12 10:18:00+00:00,2025-05-12 10:18:00+00:00,{},False
O-20250512-103000-001-V2-1978,BACKTESTER-001,MLSignalStrategyV2-V2,EUR/USD.IDEALPRO,IDEALPRO-1-1978,IDEALPRO-001,IDEALPRO-1-264568,EUR/USD.IDEALPRO-MLSignalStrategyV2-V2,BUY,MARKET,100000.00,1.10907,USD,2.22 USD,TAKER,e4f99c64-d127-4979-8d70-7925db39f3b2,2025-05-12 10:30:00+00:00,2025-05-12 10:30:00+00:00,{},False
O-20250512-103000-001-V2-1980,BACKTESTER-001,MLSignalStrategyV2-V2,EUR/USD.IDEALPRO,IDEALPRO-1-1980,IDEALPRO-001,IDEALPRO-1-264731,EUR/USD.IDEALPRO-MLSignalStrategyV2-V2,SELL,LIMIT,100000.00,1.11152,USD,2.22 USD,MAKER,677a5a7f-e21e-4d5c-b051-8b41ed9973f0,2025-05-12 11:51:00+00:00,2025-05-12 11:51:00+00:00,{},False
O-20250512-170000-001-V2-1981,BACKTESTER-001,MLSignalStrategyV2-V2,EUR/USD.IDEALPRO,IDEALPRO-1-1981,IDEALPRO-001,IDEALPRO-1-265350,EUR/USD.IDEALPRO-MLSignalStrategyV2-V2,BUY,MARKET,100000.00,1.10847,USD,2.22 USD,TAKER,cd9e2e6b-a137-4fc6-8b83-8b0d23e9ae16,2025-05-12 17:00:00+00:00,2025-05-12 17:00:00+00:00,{},False
O-20250512-170000-001-V2-1982,BACKTESTER-001,MLSignalStrategyV2-V2,EUR/USD.IDEALPRO,IDEALPRO-1-1982,IDEALPRO-001,IDEALPRO-1-265491,EUR/USD.IDEALPRO-MLSignalStrategyV2-V2,SELL,STOP_MARKET,100000.00,1.10692,USD,2.21 USD,TAKER,a1036ddf-0441-43bc-ad19-ff47c1f64974,2025-05-12 18:10:00+00:00,2025-05-12 18:10:00+00:00,{},False
O-20250513-103000-001-V2-1984,BACKTESTER-001,MLSignalStrategyV2-V2,EUR/USD.IDEALPRO,IDEALPRO-1-1984,IDEALPRO-001,IDEALPRO-1-267422,EUR/USD.IDEALPRO-MLSignalStrategyV2-V2,BUY,MARKET,100000.00,1.11094,USD,2.22 USD,TAKER,27896eae-d1e5-4845-9da4-4054168e07ba,2025-05-13 10:30:00+00:00,2025-05-13 10:30:00+00:00,{},False
O-20250513-103000-001-V2-1986,BACKTESTER-001,MLSignalStrategyV2-V2,EUR/USD.IDEALPRO,IDEALPRO-1-1986,IDEALPRO-001,IDEALPRO-1-267665,EUR/USD.IDEALPRO-MLSignalStrategyV2-V2,SELL,LIMIT,100000.00,1.11300,USD,2.23 USD,MAKER,572e68db-4b52-458d-a339-417c3ef9c0b8,2025-05-13 12:31:00+00:00,2025-05-13 12:31:00+00:00,{},False
O-20250513-201500-001-V2-1987,BACKTESTER-001,MLSignalStrategyV2-V2,EUR/USD.IDEALPRO,IDEALPRO-1-1987,IDEALPRO-001,IDEALPRO-1-268594,EUR/USD.IDEALPRO-MLSignalStrategyV2-V2,BUY,MARKET,100000.00,1.11888,USD,2.24 USD,TAKER,7db7c16b-70de-4031-aaa6-d8eea329d450,2025-05-13 20:15:00+00:00,2025-05-13 20:15:00+00:00,{},False
O-20250513-201500-001-V2-1989,BACKTESTER-001,MLSignalStrategyV2-V2,EUR/USD.IDEALPRO,IDEALPRO-1-1989,IDEALPRO-001,IDEALPRO-1-268881,EUR/USD.IDEALPRO-MLSignalStrategyV2-V2,SELL,LIMIT,100000.00,1.11961,USD,2.24 USD,MAKER,9f42d3a8-9c91-427a-8ced-72c7fe92f200,2025-05-13 22:53:00+00:00,2025-05-13 22:53:00+00:00,{},False
O-20250513-230000-001-V2-1990,BACKTESTER-001,MLSignalStrategyV2-V2,EUR/USD.IDEALPRO,IDEALPRO-1-1990,IDEALPRO-001,IDEALPRO-1-268897,EUR/USD.IDEALPRO-MLSignalStrategyV2-V2,BUY,MARKET,100000.00,1.11974,USD,2.24 USD,TAKER,59238a66-15c4-4ce2-a7c0-a52bf3d3faf4,2025-05-13 23:00:00+00:00,2025-05-13 23:00:00+00:00,{},False
O-20250513-230000-001-V2-1991,BACKTESTER-001,MLSignalStrategyV2-V2,EUR/USD.IDEALPRO,IDEALPRO-1-1991,IDEALPRO-001,IDEALPRO-1-268909,EUR/USD.IDEALPRO-MLSignalStrategyV2-V2,SELL,STOP_MARKET,100000.00,1.11905,USD,2.24 USD,TAKER,04945c92-a1b0-44a5-831c-dd4812b9eafd,2025-05-13 23:06:00+00:00,2025-05-13 23:06:00+00:00,{},False
O-20250514-024500-001-V2-1993,BACKTESTER-001,MLSignalStrategyV2-V2,EUR/USD.IDEALPRO,IDEALPRO-1-1993,IDEALPRO-001,IDEALPRO-1-269349,EUR/USD.IDEALPRO-MLSignalStrategyV2-V2,SELL,MARKET,100000.00,1.11851,USD,2.24 USD,TAKER,a9e45f44-4967-438e-9cc6-9bca082b0a2b,2025-05-14 02:45:00+00:00,2025-05-14 02:45:00+00:00,{},False
O-20250514-024500-001-V2-1994,BACKTESTER-001,MLSignalStrategyV2-V2,EUR/USD.IDEALPRO,IDEALPRO-1-1994,IDEALPRO-001,IDEALPRO-1-269499,EUR/USD.IDEALPRO-MLSignalStrategyV2-V2,BUY,STOP_MARKET,100000.00,1.11963,USD,2.24 USD,TAKER,f28177ba-3466-461b-88d6-7a3ea36bbb7b,2025-05-14 04:00:00+00:00,2025-05-14 04:00:00+00:00,{},False
O-20250514-043000-001-V2-1996,BACKTESTER-001,MLSignalStrategyV2-V2,EUR/USD.IDEALPRO,IDEALPRO-1-1996,IDEALPRO-001,IDEALPRO-1-269560,EUR/USD.IDEALPRO-MLSignalStrategyV2-V2,BUY,MARKET,100000.00,1.11953,USD,2.24 USD,TAKER,c5f95515-10e0-44ca-a321-cfbbd056efe3,2025-05-14 04:30:00+00:00,2025-05-14 04:30:00+00:00,{},False
O-20250514-043000-001-V2-1997,BACKTESTER-001,MLSignalStrategyV2-V2,EUR/USD.IDEALPRO,IDEALPRO-1-1997,IDEALPRO-001,IDEALPRO-1-269661,EUR/USD.IDEALPRO-MLSignalStrategyV2-V2,SELL,STOP_MARKET,100000.00,1.11860,USD,2.24 USD,TAKER,72edebc5-d09c-4b78-945b-5c53dbed4d1e,2025-05-14 05:20:00+00:00,2025-05-14 05:20:00+00:00,{},False
O-20250514-074500-001-V2-1999,BACKTESTER-001,MLSignalStrategyV2-V2,EUR/USD.IDEALPRO,IDEALPRO-1-1999,IDEALPRO-001,IDEALPRO-1-269952,EUR/USD.IDEALPRO-MLSignalStrategyV2-V2,BUY,MARKET,100000.00,1.12047,USD,2.24 USD,TAKER,8bd77ed6-eb09-4cb9-8194-0d9f34d6e250,2025-05-14 07:45:00+00:00,2025-05-14 07:45:00+00:00,{},False
O-20250514-074500-001-V2-2001,BACKTESTER-001,MLSignalStrategyV2-V2,EUR/USD.IDEALPRO,IDEALPRO-1-2001,IDEALPRO-001,IDEALPRO-1-269981,EUR/USD.IDEALPRO-MLSignalStrategyV2-V2,SELL,LIMIT,100000.00,1.12167,USD,2.24 USD,MAKER,409a264a-c563-4d80-a755-fe5563e74f7a,2025-05-14 07:59:00+00:00,2025-05-14 07:59:00+00:00,{},False
O-20250514-101500-001-V2-2002,BACKTESTER-001,MLSignalStrategyV2-V2,EUR/USD.IDEALPRO,IDEALPRO-1-2002,IDEALPRO-001,IDEALPRO-1-270255,EUR/USD.IDEALPRO-MLSignalStrategyV2-V2,SELL,MARKET,100000.00,1.12448,USD,2.25 USD,TAKER,c33be732-9458-418d-bc05-090b41f32b92,2025-05-14 10:15:00+00:00,2025-05-14 10:15:00+00:00,{},False
O-20250514-101500-001-V2-2004,BACKTESTER-001,MLSignalStrategyV2-V2,EUR/USD.IDEALPRO,IDEALPRO-1-2004,IDEALPRO-001,IDEALPRO-1-270325,EUR/USD.IDEALPRO-MLSignalStrategyV2-V2,BUY,LIMIT,100000.00,1.12275,USD,2.25 USD,MAKER,f0301865-2861-402c-8c63-3c2b92f9572b,2025-05-14 10:50:00+00:00,2025-05-14 10:50:00+00:00,{},False
O-20250514-110000-001-V2-2005,BACKTESTER-001,MLSignalStrategyV2-V2,EUR/USD.IDEALPRO,IDEALPRO-1-2005,IDEALPRO-001,IDEALPRO-1-270346,EUR/USD.IDEALPRO-MLSignalStrategyV2-V2,SELL,MARKET,100000.00,1.12309,USD,2.25 USD,TAKER,8dda6471-df4c-4fdb-8e0f-6b4cfb121ade,2025-05-14 11:00:00+00:00,2025-05-14 11:00:00+00:00,{},False
O-20250514-110000-001-V2-2007,BACKTESTER-001,MLSignalStrategyV2-V2,EUR/USD.IDEALPRO,IDEALPRO-1-2007,IDEALPRO-001,IDEALPRO-1-270387,EUR/USD.IDEALPRO-MLSignalStrategyV2-V2,BUY,LIMIT,100000.00,1.12158,USD,2.24 USD,MAKER,a9485d0f-9289-422d-b309-2c7b6759d41f,2025-05-14 11:20:00+00:00,2025-05-14 11:20:00+00:00,{},False
O-20250514-164500-001-V2-2008,BACKTESTER-001,MLSignalStrategyV2-V2,EUR/USD.IDEALPRO,IDEALPRO-1-2008,IDEALPRO-001,IDEALPRO-1-271038,EUR/USD.IDEALPRO-MLSignalStrategyV2-V2,BUY,MARKET,100000.00,1.11860,USD,2.24 USD,TAKER,da870360-0906-40ca-8990-891816f2a6e1,2025-05-14 16:45:00+00:00,2025-05-14 16:45:00+00:00,{},False
O-20250514-164500-001-V2-2009,BACKTESTER-001,MLSignalStrategyV2-V2,EUR/USD.IDEALPRO,IDEALPRO-1-2009,IDEALPRO-001,IDEALPRO-1-271319,EUR/USD.IDEALPRO-MLSignalStrategyV2-V2,SELL,STOP_MARKET,100000.00,1.11678,USD,2.23 USD,TAKER,81f68f0a-534c-46f9-80f9-2faf0168ef96,2025-05-14 19:05:00+00:00,2025-05-14 19:05:00+00:00,{},False
O-20250514-200000-001-V2-2011,BACKTESTER-001,MLSignalStrategyV2-V2,EUR/USD.IDEALPRO,IDEALPRO-1-2011,IDEALPRO-001,IDEALPRO-1-271430,EUR/USD.IDEALPRO-MLSignalStrategyV2-V2,BUY,MARKET,100000.00,1.11675,USD,2.23 USD,TAKER,c6e35057-6192-471f-91b6-109d587429f3,2025-05-14 20:00:00+00:00,2025-05-14 20:00:00+00:00,{},False
O-20250514-200000-001-V2-2013,BACKTESTER-001,MLSignalStrategyV2-V2,EUR/USD.IDEALPRO,IDEALPRO-1-2013,IDEALPRO-001,IDEALPRO-1-271557,EUR/USD.IDEALPRO-MLSignalStrategyV2-V2,SELL,LIMIT,100000.00,1.11765,USD,2.24 USD,MAKER,42c3d720-79f2-4977-90ee-f75f03e431aa,2025-05-14 21:18:00+00:00,2025-05-14 21:18:00+00:00,{},False
O-20250514-213000-001-V2-2014,BACKTESTER-001,MLSignalStrategyV2-V2,EUR/USD.IDEALPRO,IDEALPRO-1-2014,IDEALPRO-001,IDEALPRO-1-271583,EUR/USD.IDEALPRO-MLSignalStrategyV2-V2,BUY,MARKET,100000.00,1.11765,USD,2.24 USD,TAKER,3c474207-81c8-4478-9a2d-b9600285305a,2025-05-14 21:30:00+00:00,2025-05-14 21:30:00+00:00,{},False
O-20250514-213000-001-V2-2016,BACKTESTER-001,MLSignalStrategyV2-V2,EUR/USD.IDEALPRO,IDEALPRO-1-2016,IDEALPRO-001,IDEALPRO-1-271655,EUR/USD.IDEALPRO-MLSignalStrategyV2-V2,SELL,LIMIT,100000.00,1.11827,USD,2.24 USD,MAKER,ced50a50-2e73-4a60-a315-831820d9ed57,2025-05-14 22:06:00+00:00,2025-05-14 22:06:00+00:00,{},False
O-20250515-003000-001-V2-2017,BACKTESTER-001,MLSignalStrategyV2-V2,EUR/USD.IDEALPRO,IDEALPRO-1-2017,IDEALPRO-001,IDEALPRO-1-271945,EUR/USD.IDEALPRO-MLSignalStrategyV2-V2,BUY,MARKET,100000.00,1.11886,USD,2.24 USD,TAKER,589a46b7-a195-40fe-aea7-cc65685ddc52,2025-05-15 00:30:00+00:00,2025-05-15 00:30:00+00:00,{},False
O-20250515-003000-001-V2-2019,BACKTESTER-001,MLSignalStrategyV2-V2,EUR/USD.IDEALPRO,IDEALPRO-1-2019,IDEALPRO-001,IDEALPRO-1-271953,EUR/USD.IDEALPRO-MLSignalStrategyV2-V2,SELL,LIMIT,100000.00,1.11946,USD,2.24 USD,MAKER,da06405e-f8d8-42c0-8757-5139efde5ccf,2025-05-15 00:34:00+00:00,2025-05-15 00:34:00+00:00,{},False
O-20250515-100000-001-V2-2020,BACKTESTER-001,MLSignalStrategyV2-V2,EUR/USD.IDEALPRO,IDEALPRO-1-2020,IDEALPRO-001,IDEALPRO-1-273086,EUR/USD.IDEALPRO-MLSignalStrategyV2-V2,SELL,MARKET,100000.00,1.12025,USD,2.24 USD,TAKER,31754c38-ac7e-46b6-a861-5e1c945c2f38,2025-05-15 10:00:00+00:00,2025-05-15 10:00:00+00:00,{},False
O-20250515-100000-001-V2-2022,BACKTESTER-001,MLSignalStrategyV2-V2,EUR/USD.IDEALPRO,IDEALPRO-1-2022,IDEALPRO-001,IDEALPRO-1-273219,EUR/USD.IDEALPRO-MLSignalStrategyV2-V2,BUY,LIMIT,100000.00,1.11929,USD,2.24 USD,MAKER,0d9a5022-ce14-403d-9355-500c3328cb51,2025-05-15 11:06:00+00:00,2025-05-15 11:06:00+00:00,{},False
O-20250515-120000-001-V2-2023,BACKTESTER-001,MLSignalStrategyV2-V2,EUR/USD.IDEALPRO,IDEALPRO-1-2023,IDEALPRO-001,IDEALPRO-1-273328,EUR/USD.IDEALPRO-MLSignalStrategyV2-V2,BUY,MARKET,100000.00,1.11831,USD,2.24 USD,TAKER,0e93a9f1-9e96-45d0-b8b6-3f2fed584db4,2025-05-15 12:00:00+00:00,2025-05-15 12:00:00+00:00,{},False
O-20250515-120000-001-V2-2025,BACKTESTER-001,MLSignalStrategyV2-V2,EUR/USD.IDEALPRO,IDEALPRO-1-2025,IDEALPRO-001,IDEALPRO-1-273371,EUR/USD.IDEALPRO-MLSignalStrategyV2-V2,SELL,LIMIT,100000.00,1.11927,USD,2.24 USD,MAKER,6fbeb3e2-e603-448f-881c-0756839b9749,2025-05-15 12:21:00+00:00,2025-05-15 12:21:00+00:00,{},False
O-20250515-180000-001-V2-2026,BACKTESTER-001,MLSignalStrategyV2-V2,EUR/USD.IDEALPRO,IDEALPRO-1-2026,IDEALPRO-001,IDEALPRO-1-274050,EUR/USD.IDEALPRO-MLSignalStrategyV2-V2,BUY,MARKET,100000.00,1.11713,USD,2.23 USD,TAKER,d010d3ad-fd49-40bd-aab1-d17eb3da8b3b,2025-05-15 18:00:00+00:00,2025-05-15 18:00:00+00:00,{},False
O-20250515-180000-001-V2-2028,BACKTESTER-001,MLSignalStrategyV2-V2,EUR/USD.IDEALPRO,IDEALPRO-1-2028,IDEALPRO-001,IDEALPRO-1-274231,EUR/USD.IDEALPRO-MLSignalStrategyV2-V2,SELL,LIMIT,100000.00,1.11813,USD,2.24 USD,MAKER,791eb25d-c2e3-4dc6-9cb0-a1103b6c47e4,2025-05-15 19:30:00+00:00,2025-05-15 19:30:00+00:00,{},False
O-20250515-210000-001-V2-2029,BACKTESTER-001,MLSignalStrategyV2-V2,EUR/USD.IDEALPRO,IDEALPRO-1-2029,IDEALPRO-001,IDEALPRO-1-274412,EUR/USD.IDEALPRO-MLSignalStrategyV2-V2,BUY,MARKET,100000.00,1.11876,USD,2.24 USD,TAKER,11ff8aef-0a71-4b1f-b6b7-0bccc54923d3,2025-05-15 21:00:00+00:00,2025-05-15 21:00:00+00:00,{},False
O-20250515-210000-001-V2-2031,BACKTESTER-001,MLSignalStrategyV2-V2,EUR/USD.IDEALPRO,IDEALPRO-1-2031,IDEALPRO-001,IDEALPRO-1-274625,EUR/USD.IDEALPRO-MLSignalStrategyV2-V2,SELL,LIMIT,100000.00,1.11934,USD,2.24 USD,MAKER,194359dc-cef1-47e3-ab98-4cd62d60b043,2025-05-15 23:01:00+00:00,2025-05-15 23:01:00+00:00,{},False
O-20250516-093000-001-V2-2032,BACKTESTER-001,MLSignalStrategyV2-V2,EUR/USD.IDEALPRO,IDEALPRO-1-2032,IDEALPRO-001,IDEALPRO-1-275884,EUR/USD.IDEALPRO-MLSignalStrategyV2-V2,BUY,MARKET,100000.00,1.12077,USD,2.24 USD,TAKER,4cf2e9b0-c737-4617-9b9a-7863d336ff59,2025-05-16 09:30:00+00:00,2025-05-16 09:30:00+00:00,{},False
O-20250516-093000-001-V2-2033,BACKTESTER-001,MLSignalStrategyV2-V2,EUR/USD.IDEALPRO,IDEALPRO-1-2033,IDEALPRO-001,IDEALPRO-1-275925,EUR/USD.IDEALPRO-MLSignalStrategyV2-V2,SELL,STOP_MARKET,100000.00,1.11980,USD,2.24 USD,TAKER,e9f8caa3-4adb-4343-bd12-4988d4bc430f,2025-05-16 09:50:00+00:00,2025-05-16 09:50:00+00:00,{},False
O-20250516-100000-001-V2-2035,BACKTESTER-001,MLSignalStrategyV2-V2,EUR/USD.IDEALPRO,IDEALPRO-1-2035,IDEALPRO-001,IDEALPRO-1-275946,EUR/USD.IDEALPRO-MLSignalStrategyV2-V2,BUY,MARKET,100000.00,1.11946,USD,2.24 USD,TAKER,fd9cbf54-ad8a-497e-8aee-6441dc58ddf0,2025-05-16 10:00:00+00:00,2025-05-16 10:00:00+00:00,{},False
O-20250516-100000-001-V2-2037,BACKTESTER-001,MLSignalStrategyV2-V2,EUR/USD.IDEALPRO,IDEALPRO-1-2037,IDEALPRO-001,IDEALPRO-1-276077,EUR/USD.IDEALPRO-MLSignalStrategyV2-V2,SELL,LIMIT,100000.00,1.12033,USD,2.24 USD,MAKER,29b81616-d0c2-4ee5-bc32-fcfd07761958,2025-05-16 11:05:00+00:00,2025-05-16 11:05:00+00:00,{},False
O-20250516-153000-001-V2-2038,BACKTESTER-001,MLSignalStrategyV2-V2,EUR/USD.IDEALPRO,IDEALPRO-1-2038,IDEALPRO-001,IDEALPRO-1-276608,EUR/USD.IDEALPRO-MLSignalStrategyV2-V2,BUY,MARKET,100000.00,1.11435,USD,2.23 USD,TAKER,ea4a2bb4-f9d3-4544-80ba-dfc9ffd94cb2,2025-05-16 15:30:00+00:00,2025-05-16 15:30:00+00:00,{},False
O-20250516-153000-001-V2-2040,BACKTESTER-001,MLSignalStrategyV2-V2,EUR/USD.IDEALPRO,IDEALPRO-1-2040,IDEALPRO-001,IDEALPRO-1-277033,EUR/USD.IDEALPRO-MLSignalStrategyV2-V2,SELL,LIMIT,100000.00,1.11557,USD,2.23 USD,MAKER,c0158a19-e488-4669-9d79-f0824ded5e4a,2025-05-16 19:02:00+00:00,2025-05-16 19:02:00+00:00,{},False
O-20250518-213000-001-V2-2041,BACKTESTER-001,MLSignalStrategyV2-V2,EUR/USD.IDEALPRO,IDEALPRO-1-2041,IDEALPRO-001,IDEALPRO-1-277300,EUR/USD.IDEALPRO-MLSignalStrategyV2-V2,BUY,MARKET,100000.00,1.11818,USD,2.24 USD,TAKER,3daecb5f-c35b-4b1f-9a63-13e5904b1449,2025-05-18 21:30:00+00:00,2025-05-18 21:30:00+00:00,{},False
O-20250518-213000-001-V2-2043,BACKTESTER-001,MLSignalStrategyV2-V2,EUR/USD.IDEALPRO,IDEALPRO-1-2043,IDEALPRO-001,IDEALPRO-1-277423,EUR/USD.IDEALPRO-MLSignalStrategyV2-V2,SELL,LIMIT,100000.00,1.11902,USD,2.24 USD,MAKER,97f7268a-9946-413f-9063-f2cf153595b5,2025-05-18 22:31:00+00:00,2025-05-18 22:31:00+00:00,{},False
O-20250518-230000-001-V2-2044,BACKTESTER-001,MLSignalStrategyV2-V2,EUR/USD.IDEALPRO,IDEALPRO-1-2044,IDEALPRO-001,IDEALPRO-1-277483,EUR/USD.IDEALPRO-MLSignalStrategyV2-V2,SELL,MARKET,100000.00,1.11902,USD,2.24 USD,TAKER,b6e2cd05-f83a-474e-b8c5-3378ac940b08,2025-05-18 23:00:00+00:00,2025-05-18 23:00:00+00:00,{},False
O-20250518-230000-001-V2-2046,BACKTESTER-001,MLSignalStrategyV2-V2,EUR/USD.IDEALPRO,IDEALPRO-1-2046,IDEALPRO-001,IDEALPRO-1-277571,EUR/USD.IDEALPRO-MLSignalStrategyV2-V2,BUY,LIMIT,100000.00,1.11821,USD,2.24 USD,MAKER,ac6711de-3c50-474d-a3c9-6820dc958919,2025-05-18 23:44:00+00:00,2025-05-18 23:44:00+00:00,{},False
O-20250519-081500-001-V2-2047,BACKTESTER-001,MLSignalStrategyV2-V2,EUR/USD.IDEALPRO,IDEALPRO-1-2047,IDEALPRO-001,IDEALPRO-1-278594,EUR/USD.IDEALPRO-MLSignalStrategyV2-V2,SELL,MARKET,100000.00,1.12482,USD,2.25 USD,TAKER,2b048d72-f205-423b-b23a-c09066a7764c,2025-05-19 08:15:00+00:00,2025-05-19 08:15:00+00:00,{},False
O-20250519-081500-001-V2-2048,BACKTESTER-001,MLSignalStrategyV2-V2,EUR/USD.IDEALPRO,IDEALPRO-1-2048,IDEALPRO-001,IDEALPRO-1-278691,EUR/USD.IDEALPRO-MLSignalStrategyV2-V2,BUY,STOP_MARKET,100000.00,1.12615,USD,2.25 USD,TAKER,854f63dc-40c4-4a11-8501-0c1eb2229d96,2025-05-19 09:03:00+00:00,2025-05-19 09:03:00+00:00,{},False
O-20250519-123000-001-V2-2050,BACKTESTER-001,MLSignalStrategyV2-V2,EUR/USD.IDEALPRO,IDEALPRO-1-2050,IDEALPRO-001,IDEALPRO-1-279106,EUR/USD.IDEALPRO-MLSignalStrategyV2-V2,SELL,MARKET,100000.00,1.12641,USD,2.25 USD,TAKER,6637c363-4a9c-4ebe-af46-7b77e3e03708,2025-05-19 12:30:00+00:00,2025-05-19 12:30:00+00:00,{},False
O-20250519-123000-001-V2-2052,BACKTESTER-001,MLSignalStrategyV2-V2,EUR/USD.IDEALPRO,IDEALPRO-1-2052,IDEALPRO-001,IDEALPRO-1-279173,EUR/USD.IDEALPRO-MLSignalStrategyV2-V2,BUY,LIMIT,100000.00,1.12517,USD,2.25 USD,MAKER,6dd5759c-18c5-43b2-a89d-9aad25e248dd,2025-05-19 13:03:00+00:00,2025-05-19 13:03:00+00:00,{},False
O-20250519-131500-001-V2-2053,BACKTESTER-001,MLSignalStrategyV2-V2,EUR/USD.IDEALPRO,IDEALPRO-1-2053,IDEALPRO-001,IDEALPRO-1-279198,EUR/USD.IDEALPRO-MLSignalStrategyV2-V2,SELL,MARKET,100000.00,1.12603,USD,2.25 USD,TAKER,a029015b-7a5d-4097-a098-2700141fbe8a,2025-05-19 13:15:00+00:00,2025-05-19 13:15:00+00:00,{},False
O-20250519-131500-001-V2-2055,BACKTESTER-001,MLSignalStrategyV2-V2,EUR/USD.IDEALPRO,IDEALPRO-1-2055,IDEALPRO-001,IDEALPRO-1-279271,EUR/USD.IDEALPRO-MLSignalStrategyV2-V2,BUY,LIMIT,100000.00,1.12472,USD,2.25 USD,MAKER,41a68889-94e6-4c09-9ed4-8e0c8c32feb3,2025-05-19 13:51:00+00:00,2025-05-19 13:51:00+00:00,{},False
O-20250519-170000-001-V2-2056,BACKTESTER-001,MLSignalStrategyV2-V2,EUR/USD.IDEALPRO,IDEALPRO-1-2056,IDEALPRO-001,IDEALPRO-1-279650,EUR/USD.IDEALPRO-MLSignalStrategyV2-V2,BUY,MARKET,100000.00,1.12353,USD,2.25 USD,TAKER,2102e152-3b66-4d06-a643-e90d838cf7a7,2025-05-19 17:00:00+00:00,2025-05-19 17:00:00+00:00,{},False
O-20250519-170000-001-V2-2057,BACKTESTER-001,MLSignalStrategyV2-V2,EUR/USD.IDEALPRO,IDEALPRO-1-2057,IDEALPRO-001,IDEALPRO-1-279705,EUR/USD.IDEALPRO-MLSignalStrategyV2-V2,SELL,STOP_MARKET,100000.00,1.12243,USD,2.24 USD,TAKER,72c6c157-9a72-4a7a-8ce1-2b2dd8ae5ba5,2025-05-19 17:27:00+00:00,2025-05-19 17:27:00+00:00,{},False
O-20250519-173000-001-V2-2059,BACKTESTER-001,MLSignalStrategyV2-V2,EUR/USD.IDEALPRO,IDEALPRO-1-2059,IDEALPRO-001,IDEALPRO-1-279712,EUR/USD.IDEALPRO-MLSignalStrategyV2-V2,BUY,MARKET,100000.00,1.12282,USD,2.25 USD,TAKER,6f38d409-a7b2-4e8a-a28c-612a756d1ab6,2025-05-19 17:30:00+00:00,2025-05-19 17:30:00+00:00,{},False
O-20250519-173000-001-V2-2061,BACKTESTER-001,MLSignalStrategyV2-V2,EUR/USD.IDEALPRO,IDEALPRO-1-2061,IDEALPRO-001,IDEALPRO-1-279919,EUR/USD.IDEALPRO-MLSignalStrategyV2-V2,SELL,LIMIT,100000.00,1.12372,USD,2.25 USD,MAKER,7d8de175-1fe1-4797-adf1-8b5862dc996e,2025-05-19 19:13:00+00:00,2025-05-19 19:13:00+00:00,{},False
O-20250519-220000-001-V2-2062,BACKTESTER-001,MLSignalStrategyV2-V2,EUR/USD.IDEALPRO,IDEALPRO-1-2062,IDEALPRO-001,IDEALPRO-1-280225,EUR/USD.IDEALPRO-MLSignalStrategyV2-V2,BUY,MARKET,100000.00,1.12434,USD,2.25 USD,TAKER,118a40a5-8553-48db-abfc-101524bf1d44,2025-05-19 22:00:00+00:00,2025-05-19 22:00:00+00:00,{},False
O-20250519-220000-001-V2-2063,BACKTESTER-001,MLSignalStrategyV2-V2,EUR/USD.IDEALPRO,IDEALPRO-1-2063,IDEALPRO-001,IDEALPRO-1-280267,EUR/USD.IDEALPRO-MLSignalStrategyV2-V2,SELL,STOP_MARKET,100000.00,1.12383,USD,2.25 USD,TAKER,ed2df007-32b7-4f00-a699-7ac509c5132a,2025-05-19 22:21:00+00:00,2025-05-19 22:21:00+00:00,{},False
O-20250519-223000-001-V2-2065,BACKTESTER-001,MLSignalStrategyV2-V2,EUR/USD.IDEALPRO,IDEALPRO-1-2065,IDEALPRO-001,IDEALPRO-1-280286,EUR/USD.IDEALPRO-MLSignalStrategyV2-V2,BUY,MARKET,100000.00,1.12407,USD,2.25 USD,TAKER,65ae328c-18d7-498a-8f66-db7d94246d6d,2025-05-19 22:30:00+00:00,2025-05-19 22:30:00+00:00,{},False
O-20250519-223000-001-V2-2066,BACKTESTER-001,MLSignalStrategyV2-V2,EUR/USD.IDEALPRO,IDEALPRO-1-2066,IDEALPRO-001,IDEALPRO-1-280343,EUR/USD.IDEALPRO-MLSignalStrategyV2-V2,SELL,STOP_MARKET,100000.00,1.12351,USD,2.25 USD,TAKER,b43dd566-2f12-4a08-aa22-3583a6d6cd48,2025-05-19 22:58:00+00:00,2025-05-19 22:58:00+00:00,{},False
O-20250519-230000-001-V2-2068,BACKTESTER-001,MLSignalStrategyV2-V2,EUR/USD.IDEALPRO,IDEALPRO-1-2068,IDEALPRO-001,IDEALPRO-1-280348,EUR/USD.IDEALPRO-MLSignalStrategyV2-V2,BUY,MARKET,100000.00,1.12355,USD,2.25 USD,TAKER,1a3a6b81-369b-488e-9968-cf30588f2324,2025-05-19 23:00:00+00:00,2025-05-19 23:00:00+00:00,{},False
O-20250519-230000-001-V2-2069,BACKTESTER-001,MLSignalStrategyV2-V2,EUR/USD.IDEALPRO,IDEALPRO-1-2069,IDEALPRO-001,IDEALPRO-1-280473,EUR/USD.IDEALPRO-MLSignalStrategyV2-V2,SELL,STOP_MARKET,100000.00,1.12304,USD,2.25 USD,TAKER,0cd15267-93f0-4239-9ffa-424495481639,2025-05-20 00:02:00+00:00,2025-05-20 00:02:00+00:00,{},False
O-20250520-001500-001-V2-2071,BACKTESTER-001,MLSignalStrategyV2-V2,EUR/USD.IDEALPRO,IDEALPRO-1-2071,IDEALPRO-001,IDEALPRO-1-280500,EUR/USD.IDEALPRO-MLSignalStrategyV2-V2,BUY,MARKET,100000.00,1.12276,USD,2.25 USD,TAKER,9fe45d1f-4674-4efb-9940-c060cec97fd9,2025-05-20 00:15:00+00:00,2025-05-20 00:15:00+00:00,{},False
O-20250520-001500-001-V2-2072,BACKTESTER-001,MLSignalStrategyV2-V2,EUR/USD.IDEALPRO,IDEALPRO-1-2072,IDEALPRO-001,IDEALPRO-1-280523,EUR/USD.IDEALPRO-MLSignalStrategyV2-V2,SELL,STOP_MARKET,100000.00,1.12219,USD,2.24 USD,TAKER,7c698518-6826-44a6-ac27-b4903d3e0519,2025-05-20 00:26:00+00:00,2025-05-20 00:26:00+00:00,{},False
O-20250520-003000-001-V2-2074,BACKTESTER-001,MLSignalStrategyV2-V2,EUR/USD.IDEALPRO,IDEALPRO-1-2074,IDEALPRO-001,IDEALPRO-1-280532,EUR/USD.IDEALPRO-MLSignalStrategyV2-V2,BUY,MARKET,100000.00,1.12217,USD,2.24 USD,TAKER,f16e8a55-c143-4fc5-8260-fa06981e3dee,2025-05-20 00:30:00+00:00,2025-05-20 00:30:00+00:00,{},False
O-20250520-003000-001-V2-2076,BACKTESTER-001,MLSignalStrategyV2-V2,EUR/USD.IDEALPRO,IDEALPRO-1-2076,IDEALPRO-001,IDEALPRO-1-280583,EUR/USD.IDEALPRO-MLSignalStrategyV2-V2,SELL,LIMIT,100000.00,1.12260,USD,2.25 USD,MAKER,5e0a61b7-a0c4-4c24-b4d3-d73a2f753759,2025-05-20 00:55:00+00:00,2025-05-20 00:55:00+00:00,{},False
O-20250520-020000-001-V2-2077,BACKTESTER-001,MLSignalStrategyV2-V2,EUR/USD.IDEALPRO,IDEALPRO-1-2077,IDEALPRO-001,IDEALPRO-1-280714,EUR/USD.IDEALPRO-MLSignalStrategyV2-V2,SELL,MARKET,100000.00,1.12385,USD,2.25 USD,TAKER,5de94def-e601-4bb9-b396-0465fef077f5,2025-05-20 02:00:00+00:00,2025-05-20 02:00:00+00:00,{},False
O-20250520-020000-001-V2-2078,BACKTESTER-001,MLSignalStrategyV2-V2,EUR/USD.IDEALPRO,IDEALPRO-1-2078,IDEALPRO-001,IDEALPRO-1-280771,EUR/USD.IDEALPRO-MLSignalStrategyV2-V2,BUY,STOP_MARKET,100000.00,1.12465,USD,2.25 USD,TAKER,652f9c85-5387-4ae6-8ca8-4b619000e3bd,2025-05-20 02:28:00+00:00,2025-05-20 02:28:00+00:00,{},False
O-20250520-070000-001-V2-2080,BACKTESTER-001,MLSignalStrategyV2-V2,EUR/USD.IDEALPRO,IDEALPRO-1-2080,IDEALPRO-001,IDEALPRO-1-281316,EUR/USD.IDEALPRO-MLSignalStrategyV2-V2,BUY,MARKET,100000.00,1.12577,USD,2.25 USD,TAKER,b9885eec-e2ac-48f1-8599-18a05f7c6440,2025-05-20 07:00:00+00:00,2025-05-20 07:00:00+00:00,{},False
O-20250520-070000-001-V2-2082,BACKTESTER-001,MLSignalStrategyV2-V2,EUR/USD.IDEALPRO,IDEALPRO-1-2082,IDEALPRO-001,IDEALPRO-1-281339,EUR/USD.IDEALPRO-MLSignalStrategyV2-V2,SELL,LIMIT,100000.00,1.12662,USD,2.25 USD,MAKER,a9070444-8e8a-479e-b2c7-b9fe5645a0e4,2025-05-20 07:11:00+00:00,2025-05-20 07:11:00+00:00,{},False
O-20250520-110000-001-V2-2083,BACKTESTER-001,MLSignalStrategyV2-V2,EUR/USD.IDEALPRO,IDEALPRO-1-2083,IDEALPRO-001,IDEALPRO-1-281798,EUR/USD.IDEALPRO-MLSignalStrategyV2-V2,BUY,MARKET,100000.00,1.12445,USD,2.25 USD,TAKER,5bb60579-626a-409f-8ecb-35f6a1324cf5,2025-05-20 11:00:00+00:00,2025-05-20 11:00:00+00:00,{},False
O-20250520-110000-001-V2-2084,BACKTESTER-001,MLSignalStrategyV2-V2,EUR/USD.IDEALPRO,IDEALPRO-1-2084,IDEALPRO-001,IDEALPRO-1-281957,EUR/USD.IDEALPRO-MLSignalStrategyV2-V2,SELL,STOP_MARKET,100000.00,1.12294,USD,2.25 USD,TAKER,68eff161-6ca8-455e-87dd-775a08174c9e,2025-05-20 12:19:00+00:00,2025-05-20 12:19:00+00:00,{},False
O-20250520-123000-001-V2-2086,BACKTESTER-001,MLSignalStrategyV2-V2,EUR/USD.IDEALPRO,IDEALPRO-1-2086,IDEALPRO-001,IDEALPRO-1-281980,EUR/USD.IDEALPRO-MLSignalStrategyV2-V2,BUY,MARKET,100000.00,1.12279,USD,2.25 USD,TAKER,c4f2779b-4481-42d0-96c5-c9f4e6953ebe,2025-05-20 12:30:00+00:00,2025-05-20 12:30:00+00:00,{},False
O-20250520-123000-001-V2-2088,BACKTESTER-001,MLSignalStrategyV2-V2,EUR/USD.IDEALPRO,IDEALPRO-1-2088,IDEALPRO-001,IDEALPRO-1-281991,EUR/USD.IDEALPRO-MLSignalStrategyV2-V2,SELL,LIMIT,100000.00,1.12362,USD,2.25 USD,MAKER,04dec163-7716-43e3-b953-e1870804e79a,2025-05-20 12:35:00+00:00,2025-05-20 12:35:00+00:00,{},False
O-20250520-200000-001-V2-2089,BACKTESTER-001,MLSignalStrategyV2-V2,EUR/USD.IDEALPRO,IDEALPRO-1-2089,IDEALPRO-001,IDEALPRO-1-282883,EUR/USD.IDEALPRO-MLSignalStrategyV2-V2,BUY,MARKET,100000.00,1.12806,USD,2.26 USD,TAKER,e0d18560-8ae1-45fd-8402-9cedfaa52b38,2025-05-20 20:00:00+00:00,2025-05-20 20:00:00+00:00,{},False
O-20250520-200000-001-V2-2091,BACKTESTER-001,MLSignalStrategyV2-V2,EUR/USD.IDEALPRO,IDEALPRO-1-2091,IDEALPRO-001,IDEALPRO-1-283119,EUR/USD.IDEALPRO-MLSignalStrategyV2-V2,SELL,LIMIT,100000.00,1.12875,USD,2.26 USD,MAKER,8d6401a3-a981-42f0-af21-59f20ec9f5ae,2025-05-20 22:13:00+00:00,2025-05-20 22:13:00+00:00,{},False
O-20250521-024500-001-V2-2092,BACKTESTER-001,MLSignalStrategyV2-V2,EUR/USD.IDEALPRO,IDEALPRO-1-2092,IDEALPRO-001,IDEALPRO-1-283664,EUR/USD.IDEALPRO-MLSignalStrategyV2-V2,BUY,MARKET,100000.00,1.13218,USD,2.26 USD,TAKER,0f1469f5-d792-4925-9667-cffad5cc9618,2025-05-21 02:45:00+00:00,2025-05-21 02:45:00+00:00,{},False
O-20250521-024500-001-V2-2094,BACKTESTER-001,MLSignalStrategyV2-V2,EUR/USD.IDEALPRO,IDEALPRO-1-2094,IDEALPRO-001,IDEALPRO-1-283771,EUR/USD.IDEALPRO-MLSignalStrategyV2-V2,SELL,LIMIT,100000.00,1.13308,USD,2.27 USD,MAKER,6ec6c9b8-3238-415b-b477-3ee1ac5602e9,2025-05-21 03:38:00+00:00,2025-05-21 03:38:00+00:00,{},False
O-20250521-203000-001-V2-2095,BACKTESTER-001,MLSignalStrategyV2-V2,EUR/USD.IDEALPRO,IDEALPRO-1-2095,IDEALPRO-001,IDEALPRO-1-285797,EUR/USD.IDEALPRO-MLSignalStrategyV2-V2,BUY,MARKET,100000.00,1.13276,USD,2.27 USD,TAKER,25576d29-5468-449f-9d00-0151772809a2,2025-05-21 20:30:00+00:00,2025-05-21 20:30:00+00:00,{},False
O-20250521-203000-001-V2-2096,BACKTESTER-001,MLSignalStrategyV2-V2,EUR/USD.IDEALPRO,IDEALPRO-1-2096,IDEALPRO-001,IDEALPRO-1-285983,EUR/USD.IDEALPRO-MLSignalStrategyV2-V2,SELL,STOP_MARKET,100000.00,1.13157,USD,2.26 USD,TAKER,5a6ae4ce-f2aa-49e1-b97c-979311f7055f,2025-05-21 22:18:00+00:00,2025-05-21 22:18:00+00:00,{},False
O-20250521-234500-001-V2-2098,BACKTESTER-001,MLSignalStrategyV2-V2,EUR/USD.IDEALPRO,IDEALPRO-1-2098,IDEALPRO-001,IDEALPRO-1-286158,EUR/USD.IDEALPRO-MLSignalStrategyV2-V2,SELL,MARKET,100000.00,1.13268,USD,2.27 USD,TAKER,881f89d7-1fd3-49c6-91a1-692f2c643eda,2025-05-21 23:45:00+00:00,2025-05-21 23:45:00+00:00,{},False
O-20250521-234500-001-V2-2099,BACKTESTER-001,MLSignalStrategyV2-V2,EUR/USD.IDEALPRO,IDEALPRO-1-2099,IDEALPRO-001,IDEALPRO-1-286205,EUR/USD.IDEALPRO-MLSignalStrategyV2-V2,BUY,STOP_MARKET,100000.00,1.13354,USD,2.27 USD,TAKER,5afa0368-3843-4c41-abf6-7fe711983a60,2025-05-22 00:08:00+00:00,2025-05-22 00:08:00+00:00,{},False
O-20250522-030000-001-V2-2101,BACKTESTER-001,MLSignalStrategyV2-V2,EUR/USD.IDEALPRO,IDEALPRO-1-2101,IDEALPRO-001,IDEALPRO-1-286551,EUR/USD.IDEALPRO-MLSignalStrategyV2-V2,BUY,MARKET,100000.00,1.13390,USD,2.27 USD,TAKER,324368a5-a823-46c7-a9b4-449b8ce95e4b,2025-05-22 03:00:00+00:00,2025-05-22 03:00:00+00:00,{},False
O-20250522-030000-001-V2-2102,BACKTESTER-001,MLSignalStrategyV2-V2,EUR/USD.IDEALPRO,IDEALPRO-1-2102,IDEALPRO-001,IDEALPRO-1-286721,EUR/USD.IDEALPRO-MLSignalStrategyV2-V2,SELL,STOP_MARKET,100000.00,1.13278,USD,2.27 USD,TAKER,d19a9666-f567-47d7-a9b4-f4915b137f90,2025-05-22 04:25:00+00:00,2025-05-22 04:25:00+00:00,{},False
O-20250522-044500-001-V2-2104,BACKTESTER-001,MLSignalStrategyV2-V2,EUR/USD.IDEALPRO,IDEALPRO-1-2104,IDEALPRO-001,IDEALPRO-1-286762,EUR/USD.IDEALPRO-MLSignalStrategyV2-V2,BUY,MARKET,100000.00,1.13305,USD,2.27 USD,TAKER,4e978ab1-cca9-4caa-82fa-f65a02bc4f41,2025-05-22 04:45:00+00:00,2025-05-22 04:45:00+00:00,{},False
O-20250522-044500-001-V2-2106,BACKTESTER-001,MLSignalStrategyV2-V2,EUR/USD.IDEALPRO,IDEALPRO-1-2106,IDEALPRO-001,IDEALPRO-1-286919,EUR/USD.IDEALPRO-MLSignalStrategyV2-V2,SELL,LIMIT,100000.00,1.13369,USD,2.27 USD,MAKER,d578d4e9-dc17-4fed-aad9-19a96972676e,2025-05-22 06:03:00+00:00,2025-05-22 06:03:00+00:00,{},False
O-20250522-093000-001-V2-2107,BACKTESTER-001,MLSignalStrategyV2-V2,EUR/USD.IDEALPRO,IDEALPRO-1-2107,IDEALPRO-001,IDEALPRO-1-287334,EUR/USD.IDEALPRO-MLSignalStrategyV2-V2,BUY,MARKET,100000.00,1.12941,USD,2.26 USD,TAKER,7a8bae91-bd0c-4780-8e75-e4f58f0804e8,2025-05-22 09:30:00+00:00,2025-05-22 09:30:00+00:00,{},False
O-20250522-093000-001-V2-2109,BACKTESTER-001,MLSignalStrategyV2-V2,EUR/USD.IDEALPRO,IDEALPRO-1-2109,IDEALPRO-001,IDEALPRO-1-287573,EUR/USD.IDEALPRO-MLSignalStrategyV2-V2,SELL,LIMIT,100000.00,1.13069,USD,2.26 USD,MAKER,6bec2ac7-81cc-4aeb-be41-5c60a37aad04,2025-05-22 11:29:00+00:00,2025-05-22 11:29:00+00:00,{},False
O-20250522-151500-001-V2-2110,BACKTESTER-001,MLSignalStrategyV2-V2,EUR/USD.IDEALPRO,IDEALPRO-1-2110,IDEALPRO-001,IDEALPRO-1-288026,EUR/USD.IDEALPRO-MLSignalStrategyV2-V2,BUY,MARKET,100000.00,1.12733,USD,2.25 USD,TAKER,1051fa3f-d3b0-40f3-a669-b5705cd4cb81,2025-05-22 15:15:00+00:00,2025-05-22 15:15:00+00:00,{},False
O-20250522-151500-001-V2-2112,BACKTESTER-001,MLSignalStrategyV2-V2,EUR/USD.IDEALPRO,IDEALPRO-1-2112,IDEALPRO-001,IDEALPRO-1-288053,EUR/USD.IDEALPRO-MLSignalStrategyV2-V2,SELL,LIMIT,100000.00,1.12870,USD,2.26 USD,MAKER,0812522d-2f91-40f6-8fc6-64643a5b7f25,2025-05-22 15:28:00+00:00,2025-05-22 15:28:00+00:00,{},False
O-20250522-180000-001-V2-2113,BACKTESTER-001,MLSignalStrategyV2-V2,EUR/USD.IDEALPRO,IDEALPRO-1-2113,IDEALPRO-001,IDEALPRO-1-288359,EUR/USD.IDEALPRO-MLSignalStrategyV2-V2,BUY,MARKET,100000.00,1.12681,USD,2.25 USD,TAKER,e39fa87c-855d-4b08-bbd3-16655461a978,2025-05-22 18:00:00+00:00,2025-05-22 18:00:00+00:00,{},False
O-20250522-180000-001-V2-2115,BACKTESTER-001,MLSignalStrategyV2-V2,EUR/USD.IDEALPRO,IDEALPRO-1-2115,IDEALPRO-001,IDEALPRO-1-288453,EUR/USD.IDEALPRO-MLSignalStrategyV2-V2,SELL,LIMIT,100000.00,1.12787,USD,2.26 USD,MAKER,ff1373ab-41ce-454c-93d2-0555b98d3d94,2025-05-22 18:47:00+00:00,2025-05-22 18:47:00+00:00,{},False
O-20250523-053000-001-V2-2116,BACKTESTER-001,MLSignalStrategyV2-V2,EUR/USD.IDEALPRO,IDEALPRO-1-2116,IDEALPRO-001,IDEALPRO-1-289711,EUR/USD.IDEALPRO-MLSignalStrategyV2-V2,BUY,MARKET,100000.00,1.13210,USD,2.26 USD,TAKER,5c8fb59c-4ff9-4230-957b-4117dd31b2c5,2025-05-23 05:30:00+00:00,2025-05-23 05:30:00+00:00,{},False
O-20250523-053000-001-V2-2117,BACKTESTER-001,MLSignalStrategyV2-V2,EUR/USD.IDEALPRO,IDEALPRO-1-2117,IDEALPRO-001,IDEALPRO-1-289721,EUR/USD.IDEALPRO-MLSignalStrategyV2-V2,SELL,STOP_MARKET,100000.00,1.13149,USD,2.26 USD,TAKER,9de9b950-4d75-4fc2-b311-03bbcb98429b,2025-05-23 05:35:00+00:00,2025-05-23 05:35:00+00:00,{},False
O-20250523-074500-001-V2-2119,BACKTESTER-001,MLSignalStrategyV2-V2,EUR/USD.IDEALPRO,IDEALPRO-1-2119,IDEALPRO-001,IDEALPRO-1-289982,EUR/USD.IDEALPRO-MLSignalStrategyV2-V2,BUY,MARKET,100000.00,1.13359,USD,2.27 USD,TAKER,6629eb47-bad4-4ed3-85e7-bdf31d61639c,2025-05-23 07:45:00+00:00,2025-05-23 07:45:00+00:00,{},False
O-20250523-074500-001-V2-2121,BACKTESTER-001,MLSignalStrategyV2-V2,EUR/USD.IDEALPRO,IDEALPRO-1-2121,IDEALPRO-001,IDEALPRO-1-290141,EUR/USD.IDEALPRO-MLSignalStrategyV2-V2,SELL,LIMIT,100000.00,1.13466,USD,2.27 USD,MAKER,afae9961-60c1-45f9-9d23-4f8ac49582e3,2025-05-23 09:04:00+00:00,2025-05-23 09:04:00+00:00,{},False
O-20250523-200000-001-V2-2122,BACKTESTER-001,MLSignalStrategyV2-V2,EUR/USD.IDEALPRO,IDEALPRO-1-2122,IDEALPRO-001,IDEALPRO-1-291454,EUR/USD.IDEALPRO-MLSignalStrategyV2-V2,BUY,MARKET,100000.00,1.13638,USD,2.27 USD,TAKER,05cc1367-458b-45e3-8bbb-11800f928219,2025-05-23 20:00:00+00:00,2025-05-23 20:00:00+00:00,{},False
O-20250523-200000-001-V2-2124,BACKTESTER-001,MLSignalStrategyV2-V2,EUR/USD.IDEALPRO,IDEALPRO-1-2124,IDEALPRO-001,IDEALPRO-1-291687,EUR/USD.IDEALPRO-MLSignalStrategyV2-V2,SELL,LIMIT,100000.00,1.13794,USD,2.28 USD,MAKER,c758e830-e41e-4573-b775-fd3b973602cb,2025-05-25 22:11:00+00:00,2025-05-25 22:11:00+00:00,{},False
O-20250525-224500-001-V2-2125,BACKTESTER-001,MLSignalStrategyV2-V2,EUR/USD.IDEALPRO,IDEALPRO-1-2125,IDEALPRO-001,IDEALPRO-1-291757,EUR/USD.IDEALPRO-MLSignalStrategyV2-V2,SELL,MARKET,100000.00,1.13745,USD,2.27 USD,TAKER,31042959-5f9b-45c4-9fb7-a4f3456e36ed,2025-05-25 22:45:00+00:00,2025-05-25 22:45:00+00:00,{},False
O-20250525-224500-001-V2-2126,BACKTESTER-001,MLSignalStrategyV2-V2,EUR/USD.IDEALPRO,IDEALPRO-1-2126,IDEALPRO-001,IDEALPRO-1-291947,EUR/USD.IDEALPRO-MLSignalStrategyV2-V2,BUY,STOP_MARKET,100000.00,1.13855,USD,2.28 USD,TAKER,0f8aa4c6-954e-4e12-bc2f-dce070d7d7d5,2025-05-26 00:20:00+00:00,2025-05-26 00:20:00+00:00,{},False
O-20250526-101500-001-V2-2128,BACKTESTER-001,MLSignalStrategyV2-V2,EUR/USD.IDEALPRO,IDEALPRO-1-2128,IDEALPRO-001,IDEALPRO-1-293138,EUR/USD.IDEALPRO-MLSignalStrategyV2-V2,SELL,MARKET,100000.00,1.13829,USD,2.28 USD,TAKER,3315140e-b5e4-4f2e-b2b3-c86cb8d6a6da,2025-05-26 10:15:00+00:00,2025-05-26 10:15:00+00:00,{},False
O-20250526-101500-001-V2-2130,BACKTESTER-001,MLSignalStrategyV2-V2,EUR/USD.IDEALPRO,IDEALPRO-1-2130,IDEALPRO-001,IDEALPRO-1-293319,EUR/USD.IDEALPRO-MLSignalStrategyV2-V2,BUY,LIMIT,100000.00,1.13743,USD,2.27 USD,MAKER,30688440-5293-4c91-a207-67e0d4405358,2025-05-26 11:45:00+00:00,2025-05-26 11:45:00+00:00,{},False
O-20250526-120000-001-V2-2131,BACKTESTER-001,MLSignalStrategyV2-V2,EUR/USD.IDEALPRO,IDEALPRO-1-2131,IDEALPRO-001,IDEALPRO-1-293350,EUR/USD.IDEALPRO-MLSignalStrategyV2-V2,SELL,MARKET,100000.00,1.13772,USD,2.28 USD,TAKER,5bc565d9-ca79-43ab-9df0-40869cf55d02,2025-05-26 12:00:00+00:00,2025-05-26 12:00:00+00:00,{},False
O-20250526-120000-001-V2-2133,BACKTESTER-001,MLSignalStrategyV2-V2,EUR/USD.IDEALPRO,IDEALPRO-1-2133,IDEALPRO-001,IDEALPRO-1-293401,EUR/USD.IDEALPRO-MLSignalStrategyV2-V2,BUY,LIMIT,100000.00,1.13701,USD,2.27 USD,MAKER,cc1411dd-9798-4847-aae9-c547ec96a891,2025-05-26 12:25:00+00:00,2025-05-26 12:25:00+00:00,{},False
O-20250526-124500-001-V2-2134,BACKTESTER-001,MLSignalStrategyV2-V2,EUR/USD.IDEALPRO,IDEALPRO-1-2134,IDEALPRO-001,IDEALPRO-1-293443,EUR/USD.IDEALPRO-MLSignalStrategyV2-V2,SELL,MARKET,100000.00,1.13750,USD,2.28 USD,TAKER,bd68d4fc-de6f-4f49-ad26-dbd66458ab5d,2025-05-26 12:45:00+00:00,2025-05-26 12:45:00+00:00,{},False
O-20250526-124500-001-V2-2135,BACKTESTER-001,MLSignalStrategyV2-V2,EUR/USD.IDEALPRO,IDEALPRO-1-2135,IDEALPRO-001,IDEALPRO-1-293591,EUR/USD.IDEALPRO-MLSignalStrategyV2-V2,BUY,STOP_MARKET,100000.00,1.13836,USD,2.28 USD,TAKER,19cff4d3-97c9-4fcd-937d-dc36a8dd1639,2025-05-26 13:59:00+00:00,2025-05-26 13:59:00+00:00,{},False
O-20250526-141500-001-V2-2137,BACKTESTER-001,MLSignalStrategyV2-V2,EUR/USD.IDEALPRO,IDEALPRO-1-2137,IDEALPRO-001,IDEALPRO-1-293624,EUR/USD.IDEALPRO-MLSignalStrategyV2-V2,SELL,MARKET,100000.00,1.13796,USD,2.28 USD,TAKER,d22ef274-48af-40d2-97a6-45a694ef2bfa,2025-05-26 14:15:00+00:00,2025-05-26 14:15:00+00:00,{},False
O-20250526-141500-001-V2-2138,BACKTESTER-001,MLSignalStrategyV2-V2,EUR/USD.IDEALPRO,IDEALPRO-1-2138,IDEALPRO-001,IDEALPRO-1-294407,EUR/USD.IDEALPRO-MLSignalStrategyV2-V2,BUY,STOP_MARKET,100000.00,1.13881,USD,2.28 USD,TAKER,ae7ee2aa-06e5-4185-a7ca-d284cd04312d,2025-05-26 20:46:00+00:00,2025-05-26 20:46:00+00:00,{},False
O-20250527-011500-001-V2-2140,BACKTESTER-001,MLSignalStrategyV2-V2,EUR/USD.IDEALPRO,IDEALPRO-1-2140,IDEALPRO-001,IDEALPRO-1-294916,EUR/USD.IDEALPRO-MLSignalStrategyV2-V2,SELL,MARKET,100000.00,1.14064,USD,2.28 USD,TAKER,a8cad965-c7f8-48cf-9d23-892031fb33e5,2025-05-27 01:15:00+00:00,2025-05-27 01:15:00+00:00,{},False
O-20250527-011500-001-V2-2142,BACKTESTER-001,MLSignalStrategyV2-V2,EUR/USD.IDEALPRO,IDEALPRO-1-2142,IDEALPRO-001,IDEALPRO-1-294967,EUR/USD.IDEALPRO-MLSignalStrategyV2-V2,BUY,LIMIT,100000.00,1.14007,USD,2.28 USD,MAKER,bf372383-7761-49b0-8dfd-dfd44b1fa1c5,2025-05-27 01:40:00+00:00,2025-05-27 01:40:00+00:00,{},False
O-20250527-014500-001-V2-2143,BACKTESTER-001,MLSignalStrategyV2-V2,EUR/USD.IDEALPRO,IDEALPRO-1-2143,IDEALPRO-001,IDEALPRO-1-294978,EUR/USD.IDEALPRO-MLSignalStrategyV2-V2,SELL,MARKET,100000.00,1.13960,USD,2.28 USD,TAKER,c6f86288-e701-4376-8456-4414d49739c0,2025-05-27 01:45:00+00:00,2025-05-27 01:45:00+00:00,{},False
O-20250527-014500-001-V2-2144,BACKTESTER-001,MLSignalStrategyV2-V2,EUR/USD.IDEALPRO,IDEALPRO-1-2144,IDEALPRO-001,IDEALPRO-1-295047,EUR/USD.IDEALPRO-MLSignalStrategyV2-V2,BUY,STOP_MARKET,100000.00,1.14033,USD,2.28 USD,TAKER,711b9071-fac5-4710-bfaa-41d70f711a01,2025-05-27 02:19:00+00:00,2025-05-27 02:19:00+00:00,{},False
O-20250527-073000-001-V2-2146,BACKTESTER-001,MLSignalStrategyV2-V2,EUR/USD.IDEALPRO,IDEALPRO-1-2146,IDEALPRO-001,IDEALPRO-1-295670,EUR/USD.IDEALPRO-MLSignalStrategyV2-V2,BUY,MARKET,100000.00,1.13471,USD,2.27 USD,TAKER,5e684a2f-15e0-4286-8677-a5466ee5688f,2025-05-27 07:30:00+00:00,2025-05-27 07:30:00+00:00,{},False
O-20250527-073000-001-V2-2148,BACKTESTER-001,MLSignalStrategyV2-V2,EUR/USD.IDEALPRO,IDEALPRO-1-2148,IDEALPRO-001,IDEALPRO-1-295825,EUR/USD.IDEALPRO-MLSignalStrategyV2-V2,SELL,LIMIT,100000.00,1.13575,USD,2.27 USD,MAKER,33efe53a-7ce9-40f2-903e-a52af1aba203,2025-05-27 08:47:00+00:00,2025-05-27 08:47:00+00:00,{},False
O-20250527-090000-001-V2-2149,BACKTESTER-001,MLSignalStrategyV2-V2,EUR/USD.IDEALPRO,IDEALPRO-1-2149,IDEALPRO-001,IDEALPRO-1-295852,EUR/USD.IDEALPRO-MLSignalStrategyV2-V2,BUY,MARKET,100000.00,1.13487,USD,2.27 USD,TAKER,1b2c473a-3df0-46d9-a77e-b70c42098259,2025-05-27 09:00:00+00:00,2025-05-27 09:00:00+00:00,{},False
O-20250527-090000-001-V2-2151,BACKTESTER-001,MLSignalStrategyV2-V2,EUR/USD.IDEALPRO,IDEALPRO-1-2151,IDEALPRO-001,IDEALPRO-1-296259,EUR/USD.IDEALPRO-MLSignalStrategyV2-V2,SELL,LIMIT,100000.00,1.13596,USD,2.27 USD,MAKER,d1078b74-7207-4ece-9b32-f5d4b9e9c577,2025-05-27 12:23:00+00:00,2025-05-27 12:23:00+00:00,{},False
O-20250527-164500-001-V2-2152,BACKTESTER-001,MLSignalStrategyV2-V2,EUR/USD.IDEALPRO,IDEALPRO-1-2152,IDEALPRO-001,IDEALPRO-1-296784,EUR/USD.IDEALPRO-MLSignalStrategyV2-V2,BUY,MARKET,100000.00,1.13334,USD,2.27 USD,TAKER,9c5e69da-b65b-4764-afa7-9a895954db4b,2025-05-27 16:45:00+00:00,2025-05-27 16:45:00+00:00,{},False
O-20250527-164500-001-V2-2154,BACKTESTER-001,MLSignalStrategyV2-V2,EUR/USD.IDEALPRO,IDEALPRO-1-2154,IDEALPRO-001,IDEALPRO-1-297677,EUR/USD.IDEALPRO-MLSignalStrategyV2-V2,SELL,LIMIT,100000.00,1.13439,USD,2.27 USD,MAKER,609a4551-650c-41f1-a0df-87b67b481b0b,2025-05-28 00:26:00+00:00,2025-05-28 00:26:00+00:00,{},False
O-20250528-020000-001-V2-2155,BACKTESTER-001,MLSignalStrategyV2-V2,EUR/USD.IDEALPRO,IDEALPRO-1-2155,IDEALPRO-001,IDEALPRO-1-297866,EUR/USD.IDEALPRO-MLSignalStrategyV2-V2,BUY,MARKET,100000.00,1.13177,USD,2.26 USD,TAKER,f754ebc7-15f3-42ca-8a46-6b615e8eae00,2025-05-28 02:00:00+00:00,2025-05-28 02:00:00+00:00,{},False
O-20250528-020000-001-V2-2156,BACKTESTER-001,MLSignalStrategyV2-V2,EUR/USD.IDEALPRO,IDEALPRO-1-2156,IDEALPRO-001,IDEALPRO-1-297971,EUR/USD.IDEALPRO-MLSignalStrategyV2-V2,SELL,STOP_MARKET,100000.00,1.13054,USD,2.26 USD,TAKER,f1568ba7-c76f-4796-8552-e80301abd017,2025-05-28 02:52:00+00:00,2025-05-28 02:52:00+00:00,{},False
O-20250528-030000-001-V2-2158,BACKTESTER-001,MLSignalStrategyV2-V2,EUR/USD.IDEALPRO,IDEALPRO-1-2158,IDEALPRO-001,IDEALPRO-1-297988,EUR/USD.IDEALPRO-MLSignalStrategyV2-V2,BUY,MARKET,100000.00,1.13055,USD,2.26 USD,TAKER,8da8893a-da2d-4bba-916a-f24c6e94c4d6,2025-05-28 03:00:00+00:00,2025-05-28 03:00:00+00:00,{},False
O-20250528-030000-001-V2-2160,BACKTESTER-001,MLSignalStrategyV2-V2,EUR/USD.IDEALPRO,IDEALPRO-1-2160,IDEALPRO-001,IDEALPRO-1-298409,EUR/USD.IDEALPRO-MLSignalStrategyV2-V2,SELL,LIMIT,100000.00,1.13168,USD,2.26 USD,MAKER,5aac0990-f25a-4a3a-859f-e0fa32e9e3f9,2025-05-28 06:30:00+00:00,2025-05-28 06:30:00+00:00,{},False
O-20250528-074500-001-V2-2161,BACKTESTER-001,MLSignalStrategyV2-V2,EUR/USD.IDEALPRO,IDEALPRO-1-2161,IDEALPRO-001,IDEALPRO-1-298560,EUR/USD.IDEALPRO-MLSignalStrategyV2-V2,BUY,MARKET,100000.00,1.13253,USD,2.27 USD,TAKER,b6442e41-5b3e-4511-8fa7-4885abbf6a38,2025-05-28 07:45:00+00:00,2025-05-28 07:45:00+00:00,{},False
O-20250528-074500-001-V2-2163,BACKTESTER-001,MLSignalStrategyV2-V2,EUR/USD.IDEALPRO,IDEALPRO-1-2163,IDEALPRO-001,IDEALPRO-1-298601,EUR/USD.IDEALPRO-MLSignalStrategyV2-V2,SELL,LIMIT,100000.00,1.13343,USD,2.27 USD,MAKER,748c5b8c-9581-4ac3-a93a-25e832561253,2025-05-28 08:05:00+00:00,2025-05-28 08:05:00+00:00,{},False
O-20250528-160000-001-V2-2164,BACKTESTER-001,MLSignalStrategyV2-V2,EUR/USD.IDEALPRO,IDEALPRO-1-2164,IDEALPRO-001,IDEALPRO-1-299552,EUR/USD.IDEALPRO-MLSignalStrategyV2-V2,BUY,MARKET,100000.00,1.12847,USD,2.26 USD,TAKER,21a9e792-03c4-415d-9a87-3e1a2797fa1a,2025-05-28 16:00:00+00:00,2025-05-28 16:00:00+00:00,{},False
O-20250528-160000-001-V2-2166,BACKTESTER-001,MLSignalStrategyV2-V2,EUR/USD.IDEALPRO,IDEALPRO-1-2166,IDEALPRO-001,IDEALPRO-1-299593,EUR/USD.IDEALPRO-MLSignalStrategyV2-V2,SELL,LIMIT,100000.00,1.12967,USD,2.26 USD,MAKER,1f93a3ae-f24b-4f72-8b75-65d1cc722686,2025-05-28 16:20:00+00:00,2025-05-28 16:20:00+00:00,{},False
O-20250528-203000-001-V2-2167,BACKTESTER-001,MLSignalStrategyV2-V2,EUR/USD.IDEALPRO,IDEALPRO-1-2167,IDEALPRO-001,IDEALPRO-1-300094,EUR/USD.IDEALPRO-MLSignalStrategyV2-V2,SELL,MARKET,100000.00,1.12952,USD,2.26 USD,TAKER,04a2948e-32a4-4938-8be8-97933ae618af,2025-05-28 20:30:00+00:00,2025-05-28 20:30:00+00:00,{},False
O-20250528-203000-001-V2-2169,BACKTESTER-001,MLSignalStrategyV2-V2,EUR/USD.IDEALPRO,IDEALPRO-1-2169,IDEALPRO-001,IDEALPRO-1-300371,EUR/USD.IDEALPRO-MLSignalStrategyV2-V2,BUY,LIMIT,100000.00,1.12883,USD,2.26 USD,MAKER,903bfd7d-6d9a-4c24-96b1-5403b791191e,2025-05-28 23:03:00+00:00,2025-05-28 23:03:00+00:00,{},False
O-20250528-231500-001-V2-2170,BACKTESTER-001,MLSignalStrategyV2-V2,EUR/USD.IDEALPRO,IDEALPRO-1-2170,IDEALPRO-001,IDEALPRO-1-300396,EUR/USD.IDEALPRO-MLSignalStrategyV2-V2,BUY,MARKET,100000.00,1.12786,USD,2.26 USD,TAKER,31fc6041-9bbd-44a6-ae02-afcd7042424e,2025-05-28 23:15:00+00:00,2025-05-28 23:15:00+00:00,{},False
O-20250528-231500-001-V2-2171,BACKTESTER-001,MLSignalStrategyV2-V2,EUR/USD.IDEALPRO,IDEALPRO-1-2171,IDEALPRO-001,IDEALPRO-1-300401,EUR/USD.IDEALPRO-MLSignalStrategyV2-V2,SELL,STOP_MARKET,100000.00,1.12705,USD,2.25 USD,TAKER,07d924fb-0809-47ae-99ea-c851c557500f,2025-05-28 23:17:00+00:00,2025-05-28 23:17:00+00:00,{},False
O-20250528-233000-001-V2-2173,BACKTESTER-001,MLSignalStrategyV2-V2,EUR/USD.IDEALPRO,IDEALPRO-1-2173,IDEALPRO-001,IDEALPRO-1-300428,EUR/USD.IDEALPRO-MLSignalStrategyV2-V2,BUY,MARKET,100000.00,1.12700,USD,2.25 USD,TAKER,6fb985ea-a9d1-418c-9b76-8ae176a9e9a5,2025-05-28 23:30:00+00:00,2025-05-28 23:30:00+00:00,{},False
O-20250528-233000-001-V2-2174,BACKTESTER-001,MLSignalStrategyV2-V2,EUR/USD.IDEALPRO,IDEALPRO-1-2174,IDEALPRO-001,IDEALPRO-1-300435,EUR/USD.IDEALPRO-MLSignalStrategyV2-V2,SELL,STOP_MARKET,100000.00,1.12621,USD,2.25 USD,TAKER,651847d9-4abb-4df8-92e8-00a12d68d50a,2025-05-28 23:33:00+00:00,2025-05-28 23:33:00+00:00,{},False
O-20250528-234500-001-V2-2176,BACKTESTER-001,MLSignalStrategyV2-V2,EUR/USD.IDEALPRO,IDEALPRO-1-2176,IDEALPRO-001,IDEALPRO-1-300460,EUR/USD.IDEALPRO-MLSignalStrategyV2-V2,BUY,MARKET,100000.00,1.12108,USD,2.24 USD,TAKER,18849497-18a6-456f-8464-6d737d76fe19,2025-05-28 23:45:00+00:00,2025-05-28 23:45:00+00:00,{},False
O-20250528-234500-001-V2-2178,BACKTESTER-001,MLSignalStrategyV2-V2,EUR/USD.IDEALPRO,IDEALPRO-1-2178,IDEALPRO-001,IDEALPRO-1-300463,EUR/USD.IDEALPRO-MLSignalStrategyV2-V2,SELL,LIMIT,100000.00,1.12231,USD,2.24 USD,MAKER,7e13d01c-0269-4d37-a8de-4ce91b415fb6,2025-05-28 23:46:00+00:00,2025-05-28 23:46:00+00:00,{},False
O-20250529-000000-001-V2-2179,BACKTESTER-001,MLSignalStrategyV2-V2,EUR/USD.IDEALPRO,IDEALPRO-1-2179,IDEALPRO-001,IDEALPRO-1-300492,EUR/USD.IDEALPRO-MLSignalStrategyV2-V2,BUY,MARKET,100000.00,1.12298,USD,2.25 USD,TAKER,d07c6369-e31a-4d36-a44c-8f6973ff572a,2025-05-29 00:00:00+00:00,2025-05-29 00:00:00+00:00,{},False
O-20250529-000000-001-V2-2181,BACKTESTER-001,MLSignalStrategyV2-V2,EUR/USD.IDEALPRO,IDEALPRO-1-2181,IDEALPRO-001,IDEALPRO-1-300509,EUR/USD.IDEALPRO-MLSignalStrategyV2-V2,SELL,LIMIT,100000.00,1.12471,USD,2.25 USD,MAKER,e69a1b79-d6ab-4a24-b6d2-1f1acfe17c10,2025-05-29 00:08:00+00:00,2025-05-29 00:08:00+00:00,{},False
O-20250529-001500-001-V2-2182,BACKTESTER-001,MLSignalStrategyV2-V2,EUR/USD.IDEALPRO,IDEALPRO-1-2182,IDEALPRO-001,IDEALPRO-1-300524,EUR/USD.IDEALPRO-MLSignalStrategyV2-V2,BUY,MARKET,100000.00,1.12392,USD,2.25 USD,TAKER,4d8fc1f0-299e-469d-aaad-109453772d44,2025-05-29 00:15:00+00:00,2025-05-29 00:15:00+00:00,{},False
O-20250529-001500-001-V2-2184,BACKTESTER-001,MLSignalStrategyV2-V2,EUR/USD.IDEALPRO,IDEALPRO-1-2184,IDEALPRO-001,IDEALPRO-1-300831,EUR/USD.IDEALPRO-MLSignalStrategyV2-V2,SELL,LIMIT,100000.00,1.12563,USD,2.25 USD,MAKER,4268589f-b795-49b4-8716-5feb287ef0b5,2025-05-29 02:48:00+00:00,2025-05-29 02:48:00+00:00,{},False
O-20250529-060000-001-V2-2185,BACKTESTER-001,MLSignalStrategyV2-V2,EUR/USD.IDEALPRO,IDEALPRO-1-2185,IDEALPRO-001,IDEALPRO-1-301216,EUR/USD.IDEALPRO-MLSignalStrategyV2-V2,BUY,MARKET,100000.00,1.12437,USD,2.25 USD,TAKER,5ea8064e-be8b-4f3b-8ac7-00ceaf475f0a,2025-05-29 06:00:00+00:00,2025-05-29 06:00:00+00:00,{},False
O-20250529-060000-001-V2-2187,BACKTESTER-001,MLSignalStrategyV2-V2,EUR/USD.IDEALPRO,IDEALPRO-1-2187,IDEALPRO-001,IDEALPRO-1-301245,EUR/USD.IDEALPRO-MLSignalStrategyV2-V2,SELL,LIMIT,100000.00,1.12544,USD,2.25 USD,MAKER,98943c23-329b-4245-98ba-665c6d56fb97,2025-05-29 06:14:00+00:00,2025-05-29 06:14:00+00:00,{},False
O-20250529-061500-001-V2-2188,BACKTESTER-001,MLSignalStrategyV2-V2,EUR/USD.IDEALPRO,IDEALPRO-1-2188,IDEALPRO-001,IDEALPRO-1-301248,EUR/USD.IDEALPRO-MLSignalStrategyV2-V2,BUY,MARKET,100000.00,1.12542,USD,2.25 USD,TAKER,5f59cf61-d6af-450b-92c2-bb4b793fae9d,2025-05-29 06:15:00+00:00,2025-05-29 06:15:00+00:00,{},False
O-20250529-061500-001-V2-2190,BACKTESTER-001,MLSignalStrategyV2-V2,EUR/USD.IDEALPRO,IDEALPRO-1-2190,IDEALPRO-001,IDEALPRO-1-301265,EUR/USD.IDEALPRO-MLSignalStrategyV2-V2,SELL,LIMIT,100000.00,1.12652,USD,2.25 USD,MAKER,6308caf2-7c31-44ee-80ad-2200a05a10bf,2025-05-29 06:23:00+00:00,2025-05-29 06:23:00+00:00,{},False
O-20250529-124500-001-V2-2191,BACKTESTER-001,MLSignalStrategyV2-V2,EUR/USD.IDEALPRO,IDEALPRO-1-2191,IDEALPRO-001,IDEALPRO-1-302030,EUR/USD.IDEALPRO-MLSignalStrategyV2-V2,SELL,MARKET,100000.00,1.13266,USD,2.27 USD,TAKER,0a4afe3d-a5fc-4a67-8885-20637de2c6c7,2025-05-29 12:45:00+00:00,2025-05-29 12:45:00+00:00,{},False
O-20250529-124500-001-V2-2192,BACKTESTER-001,MLSignalStrategyV2-V2,EUR/USD.IDEALPRO,IDEALPRO-1-2192,IDEALPRO-001,IDEALPRO-1-302057,EUR/USD.IDEALPRO-MLSignalStrategyV2-V2,BUY,STOP_MARKET,100000.00,1.13480,USD,2.27 USD,TAKER,7214c644-2d0d-42f9-a921-a84b25213017,2025-05-29 12:58:00+00:00,2025-05-29 12:58:00+00:00,{},False
O-20250529-131500-001-V2-2194,BACKTESTER-001,MLSignalStrategyV2-V2,EUR/USD.IDEALPRO,IDEALPRO-1-2194,IDEALPRO-001,IDEALPRO-1-302092,EUR/USD.IDEALPRO-MLSignalStrategyV2-V2,SELL,MARKET,100000.00,1.13451,USD,2.27 USD,TAKER,8c972f78-1304-41f9-916a-b1cf54dd67b3,2025-05-29 13:15:00+00:00,2025-05-29 13:15:00+00:00,{},False
O-20250529-131500-001-V2-2195,BACKTESTER-001,MLSignalStrategyV2-V2,EUR/USD.IDEALPRO,IDEALPRO-1-2195,IDEALPRO-001,IDEALPRO-1-302229,EUR/USD.IDEALPRO-MLSignalStrategyV2-V2,BUY,STOP_MARKET,100000.00,1.13697,USD,2.27 USD,TAKER,3b5eb0b4-569f-4d6e-9c34-fab48c36f425,2025-05-29 14:23:00+00:00,2025-05-29 14:23:00+00:00,{},False
O-20250529-191500-001-V2-2197,BACKTESTER-001,MLSignalStrategyV2-V2,EUR/USD.IDEALPRO,IDEALPRO-1-2197,IDEALPRO-001,IDEALPRO-1-302814,EUR/USD.IDEALPRO-MLSignalStrategyV2-V2,SELL,MARKET,100000.00,1.13753,USD,2.28 USD,TAKER,fa8e6656-6f54-4fd4-8a37-dcb4b71a6a84,2025-05-29 19:15:00+00:00,2025-05-29 19:15:00+00:00,{},False
O-20250529-191500-001-V2-2199,BACKTESTER-001,MLSignalStrategyV2-V2,EUR/USD.IDEALPRO,IDEALPRO-1-2199,IDEALPRO-001,IDEALPRO-1-302889,EUR/USD.IDEALPRO-MLSignalStrategyV2-V2,BUY,LIMIT,100000.00,1.13664,USD,2.27 USD,MAKER,8441d62a-48e9-47a6-9a6f-56ef51948183,2025-05-29 19:52:00+00:00,2025-05-29 19:52:00+00:00,{},False
O-20250529-233000-001-V2-2200,BACKTESTER-001,MLSignalStrategyV2-V2,EUR/USD.IDEALPRO,IDEALPRO-1-2200,IDEALPRO-001,IDEALPRO-1-303297,EUR/USD.IDEALPRO-MLSignalStrategyV2-V2,BUY,MARKET,100000.00,1.13760,USD,2.28 USD,TAKER,21bface4-29d6-42af-9290-232231c36ec1,2025-05-29 23:30:00+00:00,2025-05-29 23:30:00+00:00,{},False
O-20250529-233000-001-V2-2202,BACKTESTER-001,MLSignalStrategyV2-V2,EUR/USD.IDEALPRO,IDEALPRO-1-2202,IDEALPRO-001,IDEALPRO-1-303363,EUR/USD.IDEALPRO-MLSignalStrategyV2-V2,SELL,LIMIT,100000.00,1.13811,USD,2.28 USD,MAKER,78d60330-96a9-4bea-a915-7da2847826db,2025-05-30 00:03:00+00:00,2025-05-30 00:03:00+00:00,{},False
O-20250530-020000-001-V2-2203,BACKTESTER-001,MLSignalStrategyV2-V2,EUR/USD.IDEALPRO,IDEALPRO-1-2203,IDEALPRO-001,IDEALPRO-1-303599,EUR/USD.IDEALPRO-MLSignalStrategyV2-V2,BUY,MARKET,100000.00,1.13549,USD,2.27 USD,TAKER,dde61d58-9aa0-4398-94b6-61c0a036b90e,2025-05-30 02:00:00+00:00,2025-05-30 02:00:00+00:00,{},False
O-20250530-020000-001-V2-2204,BACKTESTER-001,MLSignalStrategyV2-V2,EUR/USD.IDEALPRO,IDEALPRO-1-2204,IDEALPRO-001,IDEALPRO-1-304091,EUR/USD.IDEALPRO-MLSignalStrategyV2-V2,SELL,STOP_MARKET,100000.00,1.13414,USD,2.27 USD,TAKER,89112b93-141e-41d1-8b0e-b3d169f995db,2025-05-30 06:06:00+00:00,2025-05-30 06:06:00+00:00,{},False
O-20250530-070000-001-V2-2206,BACKTESTER-001,MLSignalStrategyV2-V2,EUR/USD.IDEALPRO,IDEALPRO-1-2206,IDEALPRO-001,IDEALPRO-1-304200,EUR/USD.IDEALPRO-MLSignalStrategyV2-V2,SELL,MARKET,100000.00,1.13465,USD,2.27 USD,TAKER,aa36de18-b6c3-44c0-8b5f-ba974552d0db,2025-05-30 07:00:00+00:00,2025-05-30 07:00:00+00:00,{},False
O-20250530-070000-001-V2-2208,BACKTESTER-001,MLSignalStrategyV2-V2,EUR/USD.IDEALPRO,IDEALPRO-1-2208,IDEALPRO-001,IDEALPRO-1-304205,EUR/USD.IDEALPRO-MLSignalStrategyV2-V2,BUY,LIMIT,100000.00,1.13374,USD,2.27 USD,MAKER,2193e8ba-cba9-486b-8b2b-bfba014f4e3f,2025-05-30 07:02:00+00:00,2025-05-30 07:02:00+00:00,{},False
O-20250530-093000-001-V2-2209,BACKTESTER-001,MLSignalStrategyV2-V2,EUR/USD.IDEALPRO,IDEALPRO-1-2209,IDEALPRO-001,IDEALPRO-1-304502,EUR/USD.IDEALPRO-MLSignalStrategyV2-V2,BUY,MARKET,100000.00,1.13288,USD,2.27 USD,TAKER,0ee8b1fb-4fe1-4917-bdd8-07346e8b6bf3,2025-05-30 09:30:00+00:00,2025-05-30 09:30:00+00:00,{},False
O-20250530-093000-001-V2-2211,BACKTESTER-001,MLSignalStrategyV2-V2,EUR/USD.IDEALPRO,IDEALPRO-1-2211,IDEALPRO-001,IDEALPRO-1-304805,EUR/USD.IDEALPRO-MLSignalStrategyV2-V2,SELL,LIMIT,100000.00,1.13395,USD,2.27 USD,MAKER,0967daeb-f895-4244-9e21-e834b8098434,2025-05-30 12:01:00+00:00,2025-05-30 12:01:00+00:00,{},False
O-20250530-204500-001-V2-2212,BACKTESTER-001,MLSignalStrategyV2-V2,EUR/USD.IDEALPRO,IDEALPRO-1-2212,IDEALPRO-001,IDEALPRO-1-305855,EUR/USD.IDEALPRO-MLSignalStrategyV2-V2,BUY,MARKET,100000.00,1.13462,USD,2.27 USD,TAKER,754c529f-292f-42c6-9d0d-2683be6f3dbc,2025-05-30 20:45:00+00:00,2025-05-30 20:45:00+00:00,{},False
O-20250530-204500-001-V2-2214,BACKTESTER-001,MLSignalStrategyV2-V2,EUR/USD.IDEALPRO,IDEALPRO-1-2214,IDEALPRO-001,IDEALPRO-1-305967,EUR/USD.IDEALPRO-MLSignalStrategyV2-V2,SELL,LIMIT,100000.00,1.13528,USD,2.27 USD,MAKER,5dd3d459-2580-4a25-8340-ddc53f0f7695,2025-06-01 21:56:00+00:00,2025-06-01 21:56:00+00:00,{},False
O-20250601-220000-001-V2-2215,BACKTESTER-001,MLSignalStrategyV2-V2,EUR/USD.IDEALPRO,IDEALPRO-1-2215,IDEALPRO-001,IDEALPRO-1-305976,EUR/USD.IDEALPRO-MLSignalStrategyV2-V2,BUY,MARKET,100000.00,1.13507,USD,2.27 USD,TAKER,3c5d82cb-8901-4f8e-9e8b-f11ca67632ee,2025-06-01 22:00:00+00:00,2025-06-01 22:00:00+00:00,{},False
O-20250601-220000-001-V2-2217,BACKTESTER-001,MLSignalStrategyV2-V2,EUR/USD.IDEALPRO,IDEALPRO-1-2217,IDEALPRO-001,IDEALPRO-1-305993,EUR/USD.IDEALPRO-MLSignalStrategyV2-V2,SELL,LIMIT,100000.00,1.13575,USD,2.27 USD,MAKER,ba971047-9a56-4012-a947-4cd7dc12b17d,2025-06-01 22:08:00+00:00,2025-06-01 22:08:00+00:00,{},False
O-20250601-221500-001-V2-2218,BACKTESTER-001,MLSignalStrategyV2-V2,EUR/USD.IDEALPRO,IDEALPRO-1-2218,IDEALPRO-001,IDEALPRO-1-306008,EUR/USD.IDEALPRO-MLSignalStrategyV2-V2,BUY,MARKET,100000.00,1.13563,USD,2.27 USD,TAKER,c3f90afc-7406-4812-bbaf-1284ba77ca81,2025-06-01 22:15:00+00:00,2025-06-01 22:15:00+00:00,{},False
O-20250601-221500-001-V2-2219,BACKTESTER-001,MLSignalStrategyV2-V2,EUR/USD.IDEALPRO,IDEALPRO-1-2219,IDEALPRO-001,IDEALPRO-1-306041,EUR/USD.IDEALPRO-MLSignalStrategyV2-V2,SELL,STOP_MARKET,100000.00,1.13482,USD,2.27 USD,TAKER,b7b9b9c1-119e-44d5-90d3-56bbca314a16,2025-06-01 22:31:00+00:00,2025-06-01 22:31:00+00:00,{},False
O-20250601-224500-001-V2-2221,BACKTESTER-001,MLSignalStrategyV2-V2,EUR/USD.IDEALPRO,IDEALPRO-1-2221,IDEALPRO-001,IDEALPRO-1-306070,EUR/USD.IDEALPRO-MLSignalStrategyV2-V2,BUY,MARKET,100000.00,1.13501,USD,2.27 USD,TAKER,76a529d8-cb5f-4993-b82c-e849aaec9d6e,2025-06-01 22:45:00+00:00,2025-06-01 22:45:00+00:00,{},False
O-20250601-224500-001-V2-2223,BACKTESTER-001,MLSignalStrategyV2-V2,EUR/USD.IDEALPRO,IDEALPRO-1-2223,IDEALPRO-001,IDEALPRO-1-306087,EUR/USD.IDEALPRO-MLSignalStrategyV2-V2,SELL,LIMIT,100000.00,1.13564,USD,2.27 USD,MAKER,9c1fc399-ddaf-4dfe-b6c4-191757e3d104,2025-06-01 22:53:00+00:00,2025-06-01 22:53:00+00:00,{},False
O-20250601-230000-001-V2-2224,BACKTESTER-001,MLSignalStrategyV2-V2,EUR/USD.IDEALPRO,IDEALPRO-1-2224,IDEALPRO-001,IDEALPRO-1-306102,EUR/USD.IDEALPRO-MLSignalStrategyV2-V2,BUY,MARKET,100000.00,1.13552,USD,2.27 USD,TAKER,cb08df7d-b5c0-441a-a838-5f0e5e406fdd,2025-06-01 23:00:00+00:00,2025-06-01 23:00:00+00:00,{},False
O-20250601-230000-001-V2-2226,BACKTESTER-001,MLSignalStrategyV2-V2,EUR/USD.IDEALPRO,IDEALPRO-1-2226,IDEALPRO-001,IDEALPRO-1-306229,EUR/USD.IDEALPRO-MLSignalStrategyV2-V2,SELL,LIMIT,100000.00,1.13607,USD,2.27 USD,MAKER,455b792d-abd7-4929-8f53-ab9ceb492ca0,2025-06-02 00:03:00+00:00,2025-06-02 00:03:00+00:00,{},False
O-20250602-063000-001-V2-2227,BACKTESTER-001,MLSignalStrategyV2-V2,EUR/USD.IDEALPRO,IDEALPRO-1-2227,IDEALPRO-001,IDEALPRO-1-307004,EUR/USD.IDEALPRO-MLSignalStrategyV2-V2,SELL,MARKET,100000.00,1.13908,USD,2.28 USD,TAKER,fe397867-e336-4f62-807e-baad03a655bd,2025-06-02 06:30:00+00:00,2025-06-02 06:30:00+00:00,{},False
O-20250602-063000-001-V2-2228,BACKTESTER-001,MLSignalStrategyV2-V2,EUR/USD.IDEALPRO,IDEALPRO-1-2228,IDEALPRO-001,IDEALPRO-1-307015,EUR/USD.IDEALPRO-MLSignalStrategyV2-V2,BUY,STOP_MARKET,100000.00,1.13976,USD,2.28 USD,TAKER,c1195938-a158-4bf8-8f7d-021dabb3c48e,2025-06-02 06:35:00+00:00,2025-06-02 06:35:00+00:00,{},False
O-20250602-064500-001-V2-2230,BACKTESTER-001,MLSignalStrategyV2-V2,EUR/USD.IDEALPRO,IDEALPRO-1-2230,IDEALPRO-001,IDEALPRO-1-307036,EUR/USD.IDEALPRO-MLSignalStrategyV2-V2,SELL,MARKET,100000.00,1.14051,USD,2.28 USD,TAKER,08c8ba29-76fe-4545-8a7b-911e9cced4eb,2025-06-02 06:45:00+00:00,2025-06-02 06:45:00+00:00,{},False
O-20250602-064500-001-V2-2231,BACKTESTER-001,MLSignalStrategyV2-V2,EUR/USD.IDEALPRO,IDEALPRO-1-2231,IDEALPRO-001,IDEALPRO-1-307097,EUR/USD.IDEALPRO-MLSignalStrategyV2-V2,BUY,STOP_MARKET,100000.00,1.14133,USD,2.28 USD,TAKER,83f6c632-7ffa-4db9-8a75-58d1d9036e6d,2025-06-02 07:15:00+00:00,2025-06-02 07:15:00+00:00,{},False
O-20250602-100000-001-V2-2233,BACKTESTER-001,MLSignalStrategyV2-V2,EUR/USD.IDEALPRO,IDEALPRO-1-2233,IDEALPRO-001,IDEALPRO-1-307428,EUR/USD.IDEALPRO-MLSignalStrategyV2-V2,SELL,MARKET,100000.00,1.14233,USD,2.28 USD,TAKER,6df2e8db-6a8c-4258-8e56-073f5523591c,2025-06-02 10:00:00+00:00,2025-06-02 10:00:00+00:00,{},False
O-20250602-100000-001-V2-2235,BACKTESTER-001,MLSignalStrategyV2-V2,EUR/USD.IDEALPRO,IDEALPRO-1-2235,IDEALPRO-001,IDEALPRO-1-307507,EUR/USD.IDEALPRO-MLSignalStrategyV2-V2,BUY,LIMIT,100000.00,1.14132,USD,2.28 USD,MAKER,e5b81691-a292-4c27-84c3-19d588686880,2025-06-02 10:39:00+00:00,2025-06-02 10:39:00+00:00,{},False
O-20250602-104500-001-V2-2236,BACKTESTER-001,MLSignalStrategyV2-V2,EUR/USD.IDEALPRO,IDEALPRO-1-2236,IDEALPRO-001,IDEALPRO-1-307521,EUR/USD.IDEALPRO-MLSignalStrategyV2-V2,SELL,MARKET,100000.00,1.14190,USD,2.28 USD,TAKER,1b2fe65a-df6a-41ef-9818-de3ecfaeae31,2025-06-02 10:45:00+00:00,2025-06-02 10:45:00+00:00,{},False
O-20250602-104500-001-V2-2238,BACKTESTER-001,MLSignalStrategyV2-V2,EUR/USD.IDEALPRO,IDEALPRO-1-2238,IDEALPRO-001,IDEALPRO-1-307657,EUR/USD.IDEALPRO-MLSignalStrategyV2-V2,BUY,LIMIT,100000.00,1.14094,USD,2.28 USD,MAKER,d7bc5f19-b373-4017-9149-a76f0342b212,2025-06-02 11:53:00+00:00,2025-06-02 11:53:00+00:00,{},False
O-20250602-121500-001-V2-2239,BACKTESTER-001,MLSignalStrategyV2-V2,EUR/USD.IDEALPRO,IDEALPRO-1-2239,IDEALPRO-001,IDEALPRO-1-307702,EUR/USD.IDEALPRO-MLSignalStrategyV2-V2,SELL,MARKET,100000.00,1.14149,USD,2.28 USD,TAKER,52d40820-7061-4368-8c03-ee5702a3bd4d,2025-06-02 12:15:00+00:00,2025-06-02 12:15:00+00:00,{},False
O-20250602-121500-001-V2-2240,BACKTESTER-001,MLSignalStrategyV2-V2,EUR/USD.IDEALPRO,IDEALPRO-1-2240,IDEALPRO-001,IDEALPRO-1-307743,EUR/USD.IDEALPRO-MLSignalStrategyV2-V2,BUY,STOP_MARKET,100000.00,1.14267,USD,2.29 USD,TAKER,00de03db-b77a-4246-a095-c2614d31f516,2025-06-02 12:35:00+00:00,2025-06-02 12:35:00+00:00,{},False
O-20250602-141500-001-V2-2242,BACKTESTER-001,MLSignalStrategyV2-V2,EUR/USD.IDEALPRO,IDEALPRO-1-2242,IDEALPRO-001,IDEALPRO-1-307944,EUR/USD.IDEALPRO-MLSignalStrategyV2-V2,SELL,MARKET,100000.00,1.14417,USD,2.29 USD,TAKER,9c966c1a-1d5c-41b3-8d52-bc04433e659d,2025-06-02 14:15:00+00:00,2025-06-02 14:15:00+00:00,{},False
O-20250602-141500-001-V2-2244,BACKTESTER-001,MLSignalStrategyV2-V2,EUR/USD.IDEALPRO,IDEALPRO-1-2244,IDEALPRO-001,IDEALPRO-1-308049,EUR/USD.IDEALPRO-MLSignalStrategyV2-V2,BUY,LIMIT,100000.00,1.14304,USD,2.29 USD,MAKER,d7761289-2254-4ce7-a040-0556127f5c64,2025-06-02 15:07:00+00:00,2025-06-02 15:07:00+00:00,{},False
O-20250602-153000-001-V2-2245,BACKTESTER-001,MLSignalStrategyV2-V2,EUR/USD.IDEALPRO,IDEALPRO-1-2245,IDEALPRO-001,IDEALPRO-1-308096,EUR/USD.IDEALPRO-MLSignalStrategyV2-V2,SELL,MARKET,100000.00,1.14332,USD,2.29 USD,TAKER,6b2f2dd4-48f8-42bb-acaa-9afbf7aa57e9,2025-06-02 15:30:00+00:00,2025-06-02 15:30:00+00:00,{},False
O-20250602-153000-001-V2-2247,BACKTESTER-001,MLSignalStrategyV2-V2,EUR/USD.IDEALPRO,IDEALPRO-1-2247,IDEALPRO-001,IDEALPRO-1-308175,EUR/USD.IDEALPRO-MLSignalStrategyV2-V2,BUY,LIMIT,100000.00,1.14224,USD,2.28 USD,MAKER,a989c873-b43b-4d0d-80a0-d73fb17f7132,2025-06-02 16:09:00+00:00,2025-06-02 16:09:00+00:00,{},False
O-20250602-204500-001-V2-2248,BACKTESTER-001,MLSignalStrategyV2-V2,EUR/USD.IDEALPRO,IDEALPRO-1-2248,IDEALPRO-001,IDEALPRO-1-308728,EUR/USD.IDEALPRO-MLSignalStrategyV2-V2,BUY,MARKET,100000.00,1.14408,USD,2.29 USD,TAKER,d9053d57-292c-454c-afe7-521d1ae5d0e6,2025-06-02 20:45:00+00:00,2025-06-02 20:45:00+00:00,{},False
O-20250602-204500-001-V2-2250,BACKTESTER-001,MLSignalStrategyV2-V2,EUR/USD.IDEALPRO,IDEALPRO-1-2250,IDEALPRO-001,IDEALPRO-1-308971,EUR/USD.IDEALPRO-MLSignalStrategyV2-V2,SELL,LIMIT,100000.00,1.14477,USD,2.29 USD,MAKER,ed4861dd-0c3b-4b53-a7ce-2569e3f0eca7,2025-06-02 23:01:00+00:00,2025-06-02 23:01:00+00:00,{},False
O-20250603-020000-001-V2-2251,BACKTESTER-001,MLSignalStrategyV2-V2,EUR/USD.IDEALPRO,IDEALPRO-1-2251,IDEALPRO-001,IDEALPRO-1-309330,EUR/USD.IDEALPRO-MLSignalStrategyV2-V2,BUY,MARKET,100000.00,1.14280,USD,2.29 USD,TAKER,cd616c82-e8a0-41e2-add8-cb770157c713,2025-06-03 02:00:00+00:00,2025-06-03 02:00:00+00:00,{},False
O-20250603-020000-001-V2-2252,BACKTESTER-001,MLSignalStrategyV2-V2,EUR/USD.IDEALPRO,IDEALPRO-1-2252,IDEALPRO-001,IDEALPRO-1-309413,EUR/USD.IDEALPRO-MLSignalStrategyV2-V2,SELL,STOP_MARKET,100000.00,1.14191,USD,2.28 USD,TAKER,8804fa6a-8e7e-48aa-9696-07afc86a222f,2025-06-03 02:41:00+00:00,2025-06-03 02:41:00+00:00,{},False
O-20250603-040000-001-V2-2254,BACKTESTER-001,MLSignalStrategyV2-V2,EUR/USD.IDEALPRO,IDEALPRO-1-2254,IDEALPRO-001,IDEALPRO-1-309573,EUR/USD.IDEALPRO-MLSignalStrategyV2-V2,SELL,MARKET,100000.00,1.14199,USD,2.28 USD,TAKER,8ed7a6d4-9208-4315-b383-2368e0d4676e,2025-06-03 04:00:00+00:00,2025-06-03 04:00:00+00:00,{},False
O-20250603-040000-001-V2-2255,BACKTESTER-001,MLSignalStrategyV2-V2,EUR/USD.IDEALPRO,IDEALPRO-1-2255,IDEALPRO-001,IDEALPRO-1-309699,EUR/USD.IDEALPRO-MLSignalStrategyV2-V2,BUY,STOP_MARKET,100000.00,1.14278,USD,2.29 USD,TAKER,05eb575c-afb4-47be-96e8-40449be619a9,2025-06-03 05:03:00+00:00,2025-06-03 05:03:00+00:00,{},False
O-20250603-091500-001-V2-2257,BACKTESTER-001,MLSignalStrategyV2-V2,EUR/USD.IDEALPRO,IDEALPRO-1-2257,IDEALPRO-001,IDEALPRO-1-310204,EUR/USD.IDEALPRO-MLSignalStrategyV2-V2,BUY,MARKET,100000.00,1.14125,USD,2.28 USD,TAKER,b62b7a2d-db0d-49f7-8ffc-a076bd291bbf,2025-06-03 09:15:00+00:00,2025-06-03 09:15:00+00:00,{},False
O-20250603-091500-001-V2-2258,BACKTESTER-001,MLSignalStrategyV2-V2,EUR/USD.IDEALPRO,IDEALPRO-1-2258,IDEALPRO-001,IDEALPRO-1-310345,EUR/USD.IDEALPRO-MLSignalStrategyV2-V2,SELL,STOP_MARKET,100000.00,1.14012,USD,2.28 USD,TAKER,fe08f353-13d5-4420-917e-23acc23b40cd,2025-06-03 10:25:00+00:00,2025-06-03 10:25:00+00:00,{},False
O-20250603-113000-001-V2-2260,BACKTESTER-001,MLSignalStrategyV2-V2,EUR/USD.IDEALPRO,IDEALPRO-1-2260,IDEALPRO-001,IDEALPRO-1-310476,EUR/USD.IDEALPRO-MLSignalStrategyV2-V2,BUY,MARKET,100000.00,1.13871,USD,2.28 USD,TAKER,da138bcc-66eb-48ab-adee-7a286c0a23cd,2025-06-03 11:30:00+00:00,2025-06-03 11:30:00+00:00,{},False
O-20250603-113000-001-V2-2261,BACKTESTER-001,MLSignalStrategyV2-V2,EUR/USD.IDEALPRO,IDEALPRO-1-2261,IDEALPRO-001,IDEALPRO-1-310779,EUR/USD.IDEALPRO-MLSignalStrategyV2-V2,SELL,STOP_MARKET,100000.00,1.13730,USD,2.27 USD,TAKER,875a1fd8-80d0-41b4-b17d-3087f423284a,2025-06-03 14:01:00+00:00,2025-06-03 14:01:00+00:00,{},False
O-20250603-141500-001-V2-2263,BACKTESTER-001,MLSignalStrategyV2-V2,EUR/USD.IDEALPRO,IDEALPRO-1-2263,IDEALPRO-001,IDEALPRO-1-310808,EUR/USD.IDEALPRO-MLSignalStrategyV2-V2,BUY,MARKET,100000.00,1.13784,USD,2.28 USD,TAKER,429477aa-42f0-4e1c-af85-d9a84a4b6160,2025-06-03 14:15:00+00:00,2025-06-03 14:15:00+00:00,{},False
O-20250603-141500-001-V2-2265,BACKTESTER-001,MLSignalStrategyV2-V2,EUR/USD.IDEALPRO,IDEALPRO-1-2265,IDEALPRO-001,IDEALPRO-1-310823,EUR/USD.IDEALPRO-MLSignalStrategyV2-V2,SELL,LIMIT,100000.00,1.13898,USD,2.28 USD,MAKER,2419bb01-cb48-4c5b-ac9f-81ed993e4998,2025-06-03 14:22:00+00:00,2025-06-03 14:22:00+00:00,{},False
O-20250603-160000-001-V2-2266,BACKTESTER-001,MLSignalStrategyV2-V2,EUR/USD.IDEALPRO,IDEALPRO-1-2266,IDEALPRO-001,IDEALPRO-1-311020,EUR/USD.IDEALPRO-MLSignalStrategyV2-V2,BUY,MARKET,100000.00,1.13722,USD,2.27 USD,TAKER,23a4cdc3-defd-488b-8732-c096961994d4,2025-06-03 16:00:00+00:00,2025-06-03 16:00:00+00:00,{},False
O-20250603-160000-001-V2-2268,BACKTESTER-001,MLSignalStrategyV2-V2,EUR/USD.IDEALPRO,IDEALPRO-1-2268,IDEALPRO-001,IDEALPRO-1-311043,EUR/USD.IDEALPRO-MLSignalStrategyV2-V2,SELL,LIMIT,100000.00,1.13832,USD,2.28 USD,MAKER,a168c0e6-06d1-4b7b-b3a6-e8cfea6a99fc,2025-06-03 16:11:00+00:00,2025-06-03 16:11:00+00:00,{},False
O-20250603-164500-001-V2-2269,BACKTESTER-001,MLSignalStrategyV2-V2,EUR/USD.IDEALPRO,IDEALPRO-1-2269,IDEALPRO-001,IDEALPRO-1-311112,EUR/USD.IDEALPRO-MLSignalStrategyV2-V2,BUY,MARKET,100000.00,1.13702,USD,2.27 USD,TAKER,70ea4b52-dc5b-4c94-a3ca-4b959315020a,2025-06-03 16:45:00+00:00,2025-06-03 16:45:00+00:00,{},False
O-20250603-164500-001-V2-2271,BACKTESTER-001,MLSignalStrategyV2-V2,EUR/USD.IDEALPRO,IDEALPRO-1-2271,IDEALPRO-001,IDEALPRO-1-311171,EUR/USD.IDEALPRO-MLSignalStrategyV2-V2,SELL,LIMIT,100000.00,1.13805,USD,2.28 USD,MAKER,2edccc24-df85-45fb-8e50-2ca7d8cf7b64,2025-06-03 17:14:00+00:00,2025-06-03 17:14:00+00:00,{},False
O-20250603-173000-001-V2-2272,BACKTESTER-001,MLSignalStrategyV2-V2,EUR/USD.IDEALPRO,IDEALPRO-1-2272,IDEALPRO-001,IDEALPRO-1-311204,EUR/USD.IDEALPRO-MLSignalStrategyV2-V2,BUY,MARKET,100000.00,1.13780,USD,2.28 USD,TAKER,ee2b6e11-2c06-40f0-88d3-57b4f411e240,2025-06-03 17:30:00+00:00,2025-06-03 17:30:00+00:00,{},False
O-20250603-173000-001-V2-2274,BACKTESTER-001,MLSignalStrategyV2-V2,EUR/USD.IDEALPRO,IDEALPRO-1-2274,IDEALPRO-001,IDEALPRO-1-311959,EUR/USD.IDEALPRO-MLSignalStrategyV2-V2,SELL,LIMIT,100000.00,1.13892,USD,2.28 USD,MAKER,901650ed-74d6-47b6-a601-e08d1ca921a7,2025-06-04 00:02:00+00:00,2025-06-04 00:02:00+00:00,{},False
O-20250604-050000-001-V2-2275,BACKTESTER-001,MLSignalStrategyV2-V2,EUR/USD.IDEALPRO,IDEALPRO-1-2275,IDEALPRO-001,IDEALPRO-1-312556,EUR/USD.IDEALPRO-MLSignalStrategyV2-V2,BUY,MARKET,100000.00,1.13668,USD,2.27 USD,TAKER,60062f6f-4c10-40f5-a921-81a7211eb088,2025-06-04 05:00:00+00:00,2025-06-04 05:00:00+00:00,{},False
O-20250604-050000-001-V2-2276,BACKTESTER-001,MLSignalStrategyV2-V2,EUR/USD.IDEALPRO,IDEALPRO-1-2276,IDEALPRO-001,IDEALPRO-1-312627,EUR/USD.IDEALPRO-MLSignalStrategyV2-V2,SELL,STOP_MARKET,100000.00,1.13572,USD,2.27 USD,TAKER,2072b74f-a862-433f-907a-a2df61725245,2025-06-04 05:35:00+00:00,2025-06-04 05:35:00+00:00,{},False
O-20250604-081500-001-V2-2278,BACKTESTER-001,MLSignalStrategyV2-V2,EUR/USD.IDEALPRO,IDEALPRO-1-2278,IDEALPRO-001,IDEALPRO-1-312948,EUR/USD.IDEALPRO-MLSignalStrategyV2-V2,BUY,MARKET,100000.00,1.13875,USD,2.28 USD,TAKER,ccfeba87-0730-4ef8-b779-af90365d00e2,2025-06-04 08:15:00+00:00,2025-06-04 08:15:00+00:00,{},False
O-20250604-081500-001-V2-2280,BACKTESTER-001,MLSignalStrategyV2-V2,EUR/USD.IDEALPRO,IDEALPRO-1-2280,IDEALPRO-001,IDEALPRO-1-312985,EUR/USD.IDEALPRO-MLSignalStrategyV2-V2,SELL,LIMIT,100000.00,1.13966,USD,2.28 USD,MAKER,5b6f9223-c4ea-44a8-9694-81180ff648f4,2025-06-04 08:33:00+00:00,2025-06-04 08:33:00+00:00,{},False
O-20250604-200000-001-V2-2281,BACKTESTER-001,MLSignalStrategyV2-V2,EUR/USD.IDEALPRO,IDEALPRO-1-2281,IDEALPRO-001,IDEALPRO-1-314361,EUR/USD.IDEALPRO-MLSignalStrategyV2-V2,BUY,MARKET,100000.00,1.14123,USD,2.28 USD,TAKER,2c563a6d-0fcb-4a6f-82a0-09d48a60e172,2025-06-04 20:00:00+00:00,2025-06-04 20:00:00+00:00,{},False
O-20250604-200000-001-V2-2283,BACKTESTER-001,MLSignalStrategyV2-V2,EUR/USD.IDEALPRO,IDEALPRO-1-2283,IDEALPRO-001,IDEALPRO-1-314419,EUR/USD.IDEALPRO-MLSignalStrategyV2-V2,SELL,LIMIT,100000.00,1.14182,USD,2.28 USD,MAKER,5da2e830-cffb-4957-ae7e-31868b144629,2025-06-04 20:29:00+00:00,2025-06-04 20:29:00+00:00,{},False
O-20250604-223000-001-V2-2284,BACKTESTER-001,MLSignalStrategyV2-V2,EUR/USD.IDEALPRO,IDEALPRO-1-2284,IDEALPRO-001,IDEALPRO-1-314633,EUR/USD.IDEALPRO-MLSignalStrategyV2-V2,BUY,MARKET,100000.00,1.14203,USD,2.28 USD,TAKER,efb0991e-8527-4f9b-90b4-d125a15cfc8e,2025-06-04 22:30:00+00:00,2025-06-04 22:30:00+00:00,{},False
O-20250604-223000-001-V2-2286,BACKTESTER-001,MLSignalStrategyV2-V2,EUR/USD.IDEALPRO,IDEALPRO-1-2286,IDEALPRO-001,IDEALPRO-1-314727,EUR/USD.IDEALPRO-MLSignalStrategyV2-V2,SELL,LIMIT,100000.00,1.14240,USD,2.28 USD,MAKER,a9281a13-db98-47ec-97f6-2ae9984710ad,2025-06-04 23:17:00+00:00,2025-06-04 23:17:00+00:00,{},False
O-20250605-093000-001-V2-2287,BACKTESTER-001,MLSignalStrategyV2-V2,EUR/USD.IDEALPRO,IDEALPRO-1-2287,IDEALPRO-001,IDEALPRO-1-315955,EUR/USD.IDEALPRO-MLSignalStrategyV2-V2,BUY,MARKET,100000.00,1.14193,USD,2.28 USD,TAKER,43b87893-0120-4572-aece-210fbe61585c,2025-06-05 09:30:00+00:00,2025-06-05 09:30:00+00:00,{},False
O-20250605-093000-001-V2-2289,BACKTESTER-001,MLSignalStrategyV2-V2,EUR/USD.IDEALPRO,IDEALPRO-1-2289,IDEALPRO-001,IDEALPRO-1-316047,EUR/USD.IDEALPRO-MLSignalStrategyV2-V2,SELL,LIMIT,100000.00,1.14272,USD,2.29 USD,MAKER,b55f25f3-8d8b-44d0-a9d8-4837ecc74478,2025-06-05 10:16:00+00:00,2025-06-05 10:16:00+00:00,{},False
O-20250605-133000-001-V2-2290,BACKTESTER-001,MLSignalStrategyV2-V2,EUR/USD.IDEALPRO,IDEALPRO-1-2290,IDEALPRO-001,IDEALPRO-1-316436,EUR/USD.IDEALPRO-MLSignalStrategyV2-V2,SELL,MARKET,100000.00,1.14911,USD,2.30 USD,TAKER,ee2ecb28-4478-41d7-bb1a-3fd8d809fec4,2025-06-05 13:30:00+00:00,2025-06-05 13:30:00+00:00,{},False
O-20250605-133000-001-V2-2292,BACKTESTER-001,MLSignalStrategyV2-V2,EUR/USD.IDEALPRO,IDEALPRO-1-2292,IDEALPRO-001,IDEALPRO-1-316507,EUR/USD.IDEALPRO-MLSignalStrategyV2-V2,BUY,LIMIT,100000.00,1.14702,USD,2.29 USD,MAKER,afdcd382-af9d-4611-b4c4-81662e822eea,2025-06-05 14:05:00+00:00,2025-06-05 14:05:00+00:00,{},False
O-20250605-141500-001-V2-2293,BACKTESTER-001,MLSignalStrategyV2-V2,EUR/USD.IDEALPRO,IDEALPRO-1-2293,IDEALPRO-001,IDEALPRO-1-316528,EUR/USD.IDEALPRO-MLSignalStrategyV2-V2,SELL,MARKET,100000.00,1.14765,USD,2.30 USD,TAKER,f009caec-0433-4f60-a63c-bbb8774639a8,2025-06-05 14:15:00+00:00,2025-06-05 14:15:00+00:00,{},False
O-20250605-141500-001-V2-2295,BACKTESTER-001,MLSignalStrategyV2-V2,EUR/USD.IDEALPRO,IDEALPRO-1-2295,IDEALPRO-001,IDEALPRO-1-316597,EUR/USD.IDEALPRO-MLSignalStrategyV2-V2,BUY,LIMIT,100000.00,1.14567,USD,2.29 USD,MAKER,1bf6cbff-2c59-4124-9319-9f6aeae63903,2025-06-05 14:49:00+00:00,2025-06-05 14:49:00+00:00,{},False
O-20250605-190000-001-V2-2296,BACKTESTER-001,MLSignalStrategyV2-V2,EUR/USD.IDEALPRO,IDEALPRO-1-2296,IDEALPRO-001,IDEALPRO-1-317100,EUR/USD.IDEALPRO-MLSignalStrategyV2-V2,BUY,MARKET,100000.00,1.14423,USD,2.29 USD,TAKER,082e0f6f-c01a-4b3e-a4b5-6cce1319859f,2025-06-05 19:00:00+00:00,2025-06-05 19:00:00+00:00,{},False
O-20250605-190000-001-V2-2298,BACKTESTER-001,MLSignalStrategyV2-V2,EUR/USD.IDEALPRO,IDEALPRO-1-2298,IDEALPRO-001,IDEALPRO-1-317549,EUR/USD.IDEALPRO-MLSignalStrategyV2-V2,SELL,LIMIT,100000.00,1.14517,USD,2.29 USD,MAKER,16d29ce2-313c-43ec-bd7b-b61b0dd17182,2025-06-05 22:59:00+00:00,2025-06-05 22:59:00+00:00,{},False
O-20250605-230000-001-V2-2299,BACKTESTER-001,MLSignalStrategyV2-V2,EUR/USD.IDEALPRO,IDEALPRO-1-2299,IDEALPRO-001,IDEALPRO-1-317552,EUR/USD.IDEALPRO-MLSignalStrategyV2-V2,BUY,MARKET,100000.00,1.14518,USD,2.29 USD,TAKER,0677fecb-087f-4670-ac15-72c3a552989a,2025-06-05 23:00:00+00:00,2025-06-05 23:00:00+00:00,{},False
O-20250605-230000-001-V2-2301,BACKTESTER-001,MLSignalStrategyV2-V2,EUR/USD.IDEALPRO,IDEALPRO-1-2301,IDEALPRO-001,IDEALPRO-1-317685,EUR/USD.IDEALPRO-MLSignalStrategyV2-V2,SELL,LIMIT,100000.00,1.14571,USD,2.29 USD,MAKER,4af609fd-20bc-481a-af07-1e1edcdaaa58,2025-06-06 00:06:00+00:00,2025-06-06 00:06:00+00:00,{},False
O-20250606-014500-001-V2-2302,BACKTESTER-001,MLSignalStrategyV2-V2,EUR/USD.IDEALPRO,IDEALPRO-1-2302,IDEALPRO-001,IDEALPRO-1-317884,EUR/USD.IDEALPRO-MLSignalStrategyV2-V2,SELL,MARKET,100000.00,1.14460,USD,2.29 USD,TAKER,8b902e17-634a-439f-b6b7-0d8827cc7c2b,2025-06-06 01:45:00+00:00,2025-06-06 01:45:00+00:00,{},False
O-20250606-014500-001-V2-2304,BACKTESTER-001,MLSignalStrategyV2-V2,EUR/USD.IDEALPRO,IDEALPRO-1-2304,IDEALPRO-001,IDEALPRO-1-317921,EUR/USD.IDEALPRO-MLSignalStrategyV2-V2,BUY,LIMIT,100000.00,1.14396,USD,2.29 USD,MAKER,ad8b5afd-d15d-49a9-89f1-6c5007583f7c,2025-06-06 02:03:00+00:00,2025-06-06 02:03:00+00:00,{},False
O-20250606-021500-001-V2-2305,BACKTESTER-001,MLSignalStrategyV2-V2,EUR/USD.IDEALPRO,IDEALPRO-1-2305,IDEALPRO-001,IDEALPRO-1-317946,EUR/USD.IDEALPRO-MLSignalStrategyV2-V2,BUY,MARKET,100000.00,1.14383,USD,2.29 USD,TAKER,51078fdd-00aa-4626-9e17-dbc5642fabb3,2025-06-06 02:15:00+00:00,2025-06-06 02:15:00+00:00,{},False
O-20250606-021500-001-V2-2307,BACKTESTER-001,MLSignalStrategyV2-V2,EUR/USD.IDEALPRO,IDEALPRO-1-2307,IDEALPRO-001,IDEALPRO-1-318139,EUR/USD.IDEALPRO-MLSignalStrategyV2-V2,SELL,LIMIT,100000.00,1.14436,USD,2.29 USD,MAKER,28faa32f-608b-434e-a947-51929f256d70,2025-06-06 03:51:00+00:00,2025-06-06 03:51:00+00:00,{},False
O-20250606-093000-001-V2-2308,BACKTESTER-001,MLSignalStrategyV2-V2,EUR/USD.IDEALPRO,IDEALPRO-1-2308,IDEALPRO-001,IDEALPRO-1-318818,EUR/USD.IDEALPRO-MLSignalStrategyV2-V2,SELL,MARKET,100000.00,1.14142,USD,2.28 USD,TAKER,59e42912-16b7-49d3-9e6e-d0ce7ecf13c8,2025-06-06 09:30:00+00:00,2025-06-06 09:30:00+00:00,{},False
O-20250606-093000-001-V2-2309,BACKTESTER-001,MLSignalStrategyV2-V2,EUR/USD.IDEALPRO,IDEALPRO-1-2309,IDEALPRO-001,IDEALPRO-1-318939,EUR/USD.IDEALPRO-MLSignalStrategyV2-V2,BUY,STOP_MARKET,100000.00,1.14223,USD,2.28 USD,TAKER,9a9c7871-df4e-408a-bd13-9fc6c4e86c89,2025-06-06 10:30:00+00:00,2025-06-06 10:30:00+00:00,{},False
O-20250606-104500-001-V2-2311,BACKTESTER-001,MLSignalStrategyV2-V2,EUR/USD.IDEALPRO,IDEALPRO-1-2311,IDEALPRO-001,IDEALPRO-1-318970,EUR/USD.IDEALPRO-MLSignalStrategyV2-V2,SELL,MARKET,100000.00,1.14211,USD,2.28 USD,TAKER,d7c64bae-d0a8-4004-b40a-bfff2aa919da,2025-06-06 10:45:00+00:00,2025-06-06 10:45:00+00:00,{},False
O-20250606-104500-001-V2-2312,BACKTESTER-001,MLSignalStrategyV2-V2,EUR/USD.IDEALPRO,IDEALPRO-1-2312,IDEALPRO-001,IDEALPRO-1-319071,EUR/USD.IDEALPRO-MLSignalStrategyV2-V2,BUY,STOP_MARKET,100000.00,1.14286,USD,2.29 USD,TAKER,296c74a2-42fc-4d17-a48b-1aa975c75a2e,2025-06-06 11:35:00+00:00,2025-06-06 11:35:00+00:00,{},False
O-20250606-131500-001-V2-2314,BACKTESTER-001,MLSignalStrategyV2-V2,EUR/USD.IDEALPRO,IDEALPRO-1-2314,IDEALPRO-001,IDEALPRO-1-319272,EUR/USD.IDEALPRO-MLSignalStrategyV2-V2,BUY,MARKET,100000.00,1.13942,USD,2.28 USD,TAKER,6e2cfc71-0bc0-4afc-87f0-d287617ef2dc,2025-06-06 13:15:00+00:00,2025-06-06 13:15:00+00:00,{},False
O-20250606-131500-001-V2-2315,BACKTESTER-001,MLSignalStrategyV2-V2,EUR/USD.IDEALPRO,IDEALPRO-1-2315,IDEALPRO-001,IDEALPRO-1-319293,EUR/USD.IDEALPRO-MLSignalStrategyV2-V2,SELL,STOP_MARKET,100000.00,1.13742,USD,2.27 USD,TAKER,5f3dc041-5170-441b-985a-b553ad4ea05d,2025-06-06 13:25:00+00:00,2025-06-06 13:25:00+00:00,{},False
O-20250606-133000-001-V2-2317,BACKTESTER-001,MLSignalStrategyV2-V2,EUR/USD.IDEALPRO,IDEALPRO-1-2317,IDEALPRO-001,IDEALPRO-1-319304,EUR/USD.IDEALPRO-MLSignalStrategyV2-V2,BUY,MARKET,100000.00,1.13770,USD,2.28 USD,TAKER,f7250917-e437-491e-80bd-b5568c949a10,2025-06-06 13:30:00+00:00,2025-06-06 13:30:00+00:00,{},False
O-20250606-133000-001-V2-2319,BACKTESTER-001,MLSignalStrategyV2-V2,EUR/USD.IDEALPRO,IDEALPRO-1-2319,IDEALPRO-001,IDEALPRO-1-319331,EUR/USD.IDEALPRO-MLSignalStrategyV2-V2,SELL,LIMIT,100000.00,1.13944,USD,2.28 USD,MAKER,d8ca9a9e-70e8-44ec-8f20-6aee07336d80,2025-06-06 13:43:00+00:00,2025-06-06 13:43:00+00:00,{},False
O-20250606-154500-001-V2-2320,BACKTESTER-001,MLSignalStrategyV2-V2,EUR/USD.IDEALPRO,IDEALPRO-1-2320,IDEALPRO-001,IDEALPRO-1-319577,EUR/USD.IDEALPRO-MLSignalStrategyV2-V2,SELL,MARKET,100000.00,1.14016,USD,2.28 USD,TAKER,4eba6f89-5a9d-42a0-8fc0-fc28864a2b13,2025-06-06 15:45:00+00:00,2025-06-06 15:45:00+00:00,{},False
O-20250606-154500-001-V2-2322,BACKTESTER-001,MLSignalStrategyV2-V2,EUR/USD.IDEALPRO,IDEALPRO-1-2322,IDEALPRO-001,IDEALPRO-1-319721,EUR/USD.IDEALPRO-MLSignalStrategyV2-V2,BUY,LIMIT,100000.00,1.13861,USD,2.28 USD,MAKER,dde3759b-1c00-4810-8724-e8aaa22ae7d0,2025-06-06 16:57:00+00:00,2025-06-06 16:57:00+00:00,{},False
O-20250606-204500-001-V2-2323,BACKTESTER-001,MLSignalStrategyV2-V2,EUR/USD.IDEALPRO,IDEALPRO-1-2323,IDEALPRO-001,IDEALPRO-1-320179,EUR/USD.IDEALPRO-MLSignalStrategyV2-V2,BUY,MARKET,100000.00,1.13937,USD,2.28 USD,TAKER,3dde5ee6-0d19-48a3-90f5-4c9ebd2b5749,2025-06-06 20:45:00+00:00,2025-06-06 20:45:00+00:00,{},False
O-20250606-204500-001-V2-2325,BACKTESTER-001,MLSignalStrategyV2-V2,EUR/USD.IDEALPRO,IDEALPRO-1-2325,IDEALPRO-001,IDEALPRO-1-320311,EUR/USD.IDEALPRO-MLSignalStrategyV2-V2,SELL,LIMIT,100000.00,1.13994,USD,2.28 USD,MAKER,be63ca71-7b23-41fe-b313-f379ea788198,2025-06-08 22:06:00+00:00,2025-06-08 22:06:00+00:00,{},False
O-20250608-221500-001-V2-2326,BACKTESTER-001,MLSignalStrategyV2-V2,EUR/USD.IDEALPRO,IDEALPRO-1-2326,IDEALPRO-001,IDEALPRO-1-320330,EUR/USD.IDEALPRO-MLSignalStrategyV2-V2,BUY,MARKET,100000.00,1.14028,USD,2.28 USD,TAKER,f04656c6-29f7-44b9-bd36-832cd82bcb97,2025-06-08 22:15:00+00:00,2025-06-08 22:15:00+00:00,{},False
O-20250608-221500-001-V2-2328,BACKTESTER-001,MLSignalStrategyV2-V2,EUR/USD.IDEALPRO,IDEALPRO-1-2328,IDEALPRO-001,IDEALPRO-1-320423,EUR/USD.IDEALPRO-MLSignalStrategyV2-V2,SELL,LIMIT,100000.00,1.14085,USD,2.28 USD,MAKER,52fdeeb1-6c2c-4578-837d-d256e45d181b,2025-06-08 23:01:00+00:00,2025-06-08 23:01:00+00:00,{},False
O-20250608-234500-001-V2-2329,BACKTESTER-001,MLSignalStrategyV2-V2,EUR/USD.IDEALPRO,IDEALPRO-1-2329,IDEALPRO-001,IDEALPRO-1-320512,EUR/USD.IDEALPRO-MLSignalStrategyV2-V2,BUY,MARKET,100000.00,1.14045,USD,2.28 USD,TAKER,5cf72639-3282-46fb-a1c0-9ecd19474b3e,2025-06-08 23:45:00+00:00,2025-06-08 23:45:00+00:00,{},False
O-20250608-234500-001-V2-2331,BACKTESTER-001,MLSignalStrategyV2-V2,EUR/USD.IDEALPRO,IDEALPRO-1-2331,IDEALPRO-001,IDEALPRO-1-320533,EUR/USD.IDEALPRO-MLSignalStrategyV2-V2,SELL,LIMIT,100000.00,1.14088,USD,2.28 USD,MAKER,6b6fb28d-d01c-49f1-9d74-bef88c0daa7e,2025-06-08 23:55:00+00:00,2025-06-08 23:55:00+00:00,{},False
O-20250609-021500-001-V2-2332,BACKTESTER-001,MLSignalStrategyV2-V2,EUR/USD.IDEALPRO,IDEALPRO-1-2332,IDEALPRO-001,IDEALPRO-1-320815,EUR/USD.IDEALPRO-MLSignalStrategyV2-V2,SELL,MARKET,100000.00,1.14223,USD,2.28 USD,TAKER,91f0a99a-1d1a-48e6-9214-977ca1fcfbac,2025-06-09 02:15:00+00:00,2025-06-09 02:15:00+00:00,{},False
O-20250609-021500-001-V2-2334,BACKTESTER-001,MLSignalStrategyV2-V2,EUR/USD.IDEALPRO,IDEALPRO-1-2334,IDEALPRO-001,IDEALPRO-1-320959,EUR/USD.IDEALPRO-MLSignalStrategyV2-V2,BUY,LIMIT,100000.00,1.14153,USD,2.28 USD,MAKER,7edae4a9-16f5-40fd-9874-7bdd4f094089,2025-06-09 03:27:00+00:00,2025-06-09 03:27:00+00:00,{},False
O-20250609-104500-001-V2-2335,BACKTESTER-001,MLSignalStrategyV2-V2,EUR/USD.IDEALPRO,IDEALPRO-1-2335,IDEALPRO-001,IDEALPRO-1-321837,EUR/USD.IDEALPRO-MLSignalStrategyV2-V2,SELL,MARKET,100000.00,1.14181,USD,2.28 USD,TAKER,440a0970-88bd-4421-bc47-d07e7f411896,2025-06-09 10:45:00+00:00,2025-06-09 10:45:00+00:00,{},False
O-20250609-104500-001-V2-2337,BACKTESTER-001,MLSignalStrategyV2-V2,EUR/USD.IDEALPRO,IDEALPRO-1-2337,IDEALPRO-001,IDEALPRO-1-321935,EUR/USD.IDEALPRO-MLSignalStrategyV2-V2,BUY,LIMIT,100000.00,1.14080,USD,2.28 USD,MAKER,95d8fa49-f5a8-4890-9152-9c32b3f1a94b,2025-06-09 11:34:00+00:00,2025-06-09 11:34:00+00:00,{},False
O-20250609-150000-001-V2-2338,BACKTESTER-001,MLSignalStrategyV2-V2,EUR/USD.IDEALPRO,IDEALPRO-1-2338,IDEALPRO-001,IDEALPRO-1-322348,EUR/USD.IDEALPRO-MLSignalStrategyV2-V2,SELL,MARKET,100000.00,1.14078,USD,2.28 USD,TAKER,64fffd85-038a-4614-a34d-2bda65edfe5b,2025-06-09 15:00:00+00:00,2025-06-09 15:00:00+00:00,{},False
O-20250609-150000-001-V2-2339,BACKTESTER-001,MLSignalStrategyV2-V2,EUR/USD.IDEALPRO,IDEALPRO-1-2339,IDEALPRO-001,IDEALPRO-1-322391,EUR/USD.IDEALPRO-MLSignalStrategyV2-V2,BUY,STOP_MARKET,100000.00,1.14193,USD,2.28 USD,TAKER,f2358e50-0078-4fbe-ba49-29d8d95a4bf8,2025-06-09 15:21:00+00:00,2025-06-09 15:21:00+00:00,{},False
O-20250609-191500-001-V2-2341,BACKTESTER-001,MLSignalStrategyV2-V2,EUR/USD.IDEALPRO,IDEALPRO-1-2341,IDEALPRO-001,IDEALPRO-1-322861,EUR/USD.IDEALPRO-MLSignalStrategyV2-V2,BUY,MARKET,100000.00,1.14284,USD,2.29 USD,TAKER,c52d5ee7-2c05-4fb3-aee5-b70f3946a63c,2025-06-09 19:15:00+00:00,2025-06-09 19:15:00+00:00,{},False
O-20250609-191500-001-V2-2342,BACKTESTER-001,MLSignalStrategyV2-V2,EUR/USD.IDEALPRO,IDEALPRO-1-2342,IDEALPRO-001,IDEALPRO-1-323003,EUR/USD.IDEALPRO-MLSignalStrategyV2-V2,SELL,STOP_MARKET,100000.00,1.14220,USD,2.28 USD,TAKER,c8ab3f32-7b3b-479f-bd7d-ed1c213fc42a,2025-06-09 20:26:00+00:00,2025-06-09 20:26:00+00:00,{},False
O-20250610-024500-001-V2-2344,BACKTESTER-001,MLSignalStrategyV2-V2,EUR/USD.IDEALPRO,IDEALPRO-1-2344,IDEALPRO-001,IDEALPRO-1-323733,EUR/USD.IDEALPRO-MLSignalStrategyV2-V2,BUY,MARKET,100000.00,1.13941,USD,2.28 USD,TAKER,ec7577c5-b8aa-4bae-8704-8db616a02339,2025-06-10 02:45:00+00:00,2025-06-10 02:45:00+00:00,{},False
O-20250610-024500-001-V2-2346,BACKTESTER-001,MLSignalStrategyV2-V2,EUR/USD.IDEALPRO,IDEALPRO-1-2346,IDEALPRO-001,IDEALPRO-1-323803,EUR/USD.IDEALPRO-MLSignalStrategyV2-V2,SELL,LIMIT,100000.00,1.14024,USD,2.28 USD,MAKER,1f3fb67c-6f66-47a2-a010-df2e6c01f274,2025-06-10 03:20:00+00:00,2025-06-10 03:20:00+00:00,{},False
O-20250610-073000-001-V2-2347,BACKTESTER-001,MLSignalStrategyV2-V2,EUR/USD.IDEALPRO,IDEALPRO-1-2347,IDEALPRO-001,IDEALPRO-1-324304,EUR/USD.IDEALPRO-MLSignalStrategyV2-V2,BUY,MARKET,100000.00,1.13913,USD,2.28 USD,TAKER,dc32ab85-22e9-4406-a8bd-eec8e5df05e6,2025-06-10 07:30:00+00:00,2025-06-10 07:30:00+00:00,{},False
O-20250610-073000-001-V2-2349,BACKTESTER-001,MLSignalStrategyV2-V2,EUR/USD.IDEALPRO,IDEALPRO-1-2349,IDEALPRO-001,IDEALPRO-1-324387,EUR/USD.IDEALPRO-MLSignalStrategyV2-V2,SELL,LIMIT,100000.00,1.14037,USD,2.28 USD,MAKER,599d68db-2916-4da9-86e8-6e582d2b73a1,2025-06-10 08:11:00+00:00,2025-06-10 08:11:00+00:00,{},False
O-20250610-101500-001-V2-2350,BACKTESTER-001,MLSignalStrategyV2-V2,EUR/USD.IDEALPRO,IDEALPRO-1-2350,IDEALPRO-001,IDEALPRO-1-324636,EUR/USD.IDEALPRO-MLSignalStrategyV2-V2,BUY,MARKET,100000.00,1.14130,USD,2.28 USD,TAKER,e40c313f-1444-4ed4-a2b0-28e66225e688,2025-06-10 10:15:00+00:00,2025-06-10 10:15:00+00:00,{},False
O-20250610-101500-001-V2-2352,BACKTESTER-001,MLSignalStrategyV2-V2,EUR/USD.IDEALPRO,IDEALPRO-1-2352,IDEALPRO-001,IDEALPRO-1-324660,EUR/USD.IDEALPRO-MLSignalStrategyV2-V2,SELL,LIMIT,100000.00,1.14221,USD,2.28 USD,MAKER,550ef94d-35a2-4cda-8163-6e8e1f8fc384,2025-06-10 10:26:00+00:00,2025-06-10 10:26:00+00:00,{},False
O-20250610-141500-001-V2-2353,BACKTESTER-001,MLSignalStrategyV2-V2,EUR/USD.IDEALPRO,IDEALPRO-1-2353,IDEALPRO-001,IDEALPRO-1-325119,EUR/USD.IDEALPRO-MLSignalStrategyV2-V2,BUY,MARKET,100000.00,1.14322,USD,2.29 USD,TAKER,c5a240a7-24a7-49e0-820f-0bb28403bd78,2025-06-10 14:15:00+00:00,2025-06-10 14:15:00+00:00,{},False
O-20250610-141500-001-V2-2354,BACKTESTER-001,MLSignalStrategyV2-V2,EUR/USD.IDEALPRO,IDEALPRO-1-2354,IDEALPRO-001,IDEALPRO-1-325189,EUR/USD.IDEALPRO-MLSignalStrategyV2-V2,SELL,STOP_MARKET,100000.00,1.14209,USD,2.28 USD,TAKER,b0a16545-5128-400b-a6ee-8f4c77b30363,2025-06-10 14:50:00+00:00,2025-06-10 14:50:00+00:00,{},False
O-20250610-160000-001-V2-2356,BACKTESTER-001,MLSignalStrategyV2-V2,EUR/USD.IDEALPRO,IDEALPRO-1-2356,IDEALPRO-001,IDEALPRO-1-325330,EUR/USD.IDEALPRO-MLSignalStrategyV2-V2,SELL,MARKET,100000.00,1.14224,USD,2.28 USD,TAKER,82bc2427-cdd2-47e9-8463-3a5fc03cb2f4,2025-06-10 16:00:00+00:00,2025-06-10 16:00:00+00:00,{},False
O-20250610-160000-001-V2-2357,BACKTESTER-001,MLSignalStrategyV2-V2,EUR/USD.IDEALPRO,IDEALPRO-1-2357,IDEALPRO-001,IDEALPRO-1-325737,EUR/USD.IDEALPRO-MLSignalStrategyV2-V2,BUY,STOP_MARKET,100000.00,1.14323,USD,2.29 USD,TAKER,7cf3d29b-25df-4c0d-8eb6-b0fc8e4ba76b,2025-06-10 19:23:00+00:00,2025-06-10 19:23:00+00:00,{},False
O-20250610-220000-001-V2-2359,BACKTESTER-001,MLSignalStrategyV2-V2,EUR/USD.IDEALPRO,IDEALPRO-1-2359,IDEALPRO-001,IDEALPRO-1-326022,EUR/USD.IDEALPRO-MLSignalStrategyV2-V2,BUY,MARKET,100000.00,1.14248,USD,2.28 USD,TAKER,005f49d3-7764-4356-9d6b-0b58a43e6ba3,2025-06-10 22:00:00+00:00,2025-06-10 22:00:00+00:00,{},False
O-20250610-220000-001-V2-2361,BACKTESTER-001,MLSignalStrategyV2-V2,EUR/USD.IDEALPRO,IDEALPRO-1-2361,IDEALPRO-001,IDEALPRO-1-326157,EUR/USD.IDEALPRO-MLSignalStrategyV2-V2,SELL,LIMIT,100000.00,1.14308,USD,2.29 USD,MAKER,3815d721-1660-4f4c-b7ce-ab90e86e6fdc,2025-06-10 23:07:00+00:00,2025-06-10 23:07:00+00:00,{},False
O-20250611-020000-001-V2-2362,BACKTESTER-001,MLSignalStrategyV2-V2,EUR/USD.IDEALPRO,IDEALPRO-1-2362,IDEALPRO-001,IDEALPRO-1-326505,EUR/USD.IDEALPRO-MLSignalStrategyV2-V2,BUY,MARKET,100000.00,1.14086,USD,2.28 USD,TAKER,b797f199-776b-4945-a647-57eccf4708db,2025-06-11 02:00:00+00:00,2025-06-11 02:00:00+00:00,{},False
O-20250611-020000-001-V2-2364,BACKTESTER-001,MLSignalStrategyV2-V2,EUR/USD.IDEALPRO,IDEALPRO-1-2364,IDEALPRO-001,IDEALPRO-1-326583,EUR/USD.IDEALPRO-MLSignalStrategyV2-V2,SELL,LIMIT,100000.00,1.14161,USD,2.28 USD,MAKER,323ac87f-dfbc-423e-a885-7f7d1a0e0f67,2025-06-11 02:39:00+00:00,2025-06-11 02:39:00+00:00,{},False
O-20250611-024500-001-V2-2365,BACKTESTER-001,MLSignalStrategyV2-V2,EUR/USD.IDEALPRO,IDEALPRO-1-2365,IDEALPRO-001,IDEALPRO-1-326596,EUR/USD.IDEALPRO-MLSignalStrategyV2-V2,BUY,MARKET,100000.00,1.14167,USD,2.28 USD,TAKER,f4d51b11-8545-4134-ad92-03bcd6c884fb,2025-06-11 02:45:00+00:00,2025-06-11 02:45:00+00:00,{},False
O-20250611-024500-001-V2-2367,BACKTESTER-001,MLSignalStrategyV2-V2,EUR/USD.IDEALPRO,IDEALPRO-1-2367,IDEALPRO-001,IDEALPRO-1-326989,EUR/USD.IDEALPRO-MLSignalStrategyV2-V2,SELL,LIMIT,100000.00,1.14236,USD,2.28 USD,MAKER,5528cf0f-c87d-4568-9de3-d4cf6511db75,2025-06-11 06:01:00+00:00,2025-06-11 06:01:00+00:00,{},False
O-20250611-070000-001-V2-2368,BACKTESTER-001,MLSignalStrategyV2-V2,EUR/USD.IDEALPRO,IDEALPRO-1-2368,IDEALPRO-001,IDEALPRO-1-327108,EUR/USD.IDEALPRO-MLSignalStrategyV2-V2,BUY,MARKET,100000.00,1.14101,USD,2.28 USD,TAKER,6dc38ea6-2b36-41f8-8d76-7b1c99ade4e2,2025-06-11 07:00:00+00:00,2025-06-11 07:00:00+00:00,{},False
O-20250611-070000-001-V2-2370,BACKTESTER-001,MLSignalStrategyV2-V2,EUR/USD.IDEALPRO,IDEALPRO-1-2370,IDEALPRO-001,IDEALPRO-1-327201,EUR/USD.IDEALPRO-MLSignalStrategyV2-V2,SELL,LIMIT,100000.00,1.14175,USD,2.28 USD,MAKER,6f7221c2-1d84-4019-b631-1f2356c3b5ff,2025-06-11 07:46:00+00:00,2025-06-11 07:46:00+00:00,{},False
O-20250611-081500-001-V2-2371,BACKTESTER-001,MLSignalStrategyV2-V2,EUR/USD.IDEALPRO,IDEALPRO-1-2371,IDEALPRO-001,IDEALPRO-1-327260,EUR/USD.IDEALPRO-MLSignalStrategyV2-V2,BUY,MARKET,100000.00,1.14227,USD,2.28 USD,TAKER,660307fc-5c9a-4ee1-8262-ffaf0eda6f4e,2025-06-11 08:15:00+00:00,2025-06-11 08:15:00+00:00,{},False
O-20250611-081500-001-V2-2373,BACKTESTER-001,MLSignalStrategyV2-V2,EUR/USD.IDEALPRO,IDEALPRO-1-2373,IDEALPRO-001,IDEALPRO-1-327303,EUR/USD.IDEALPRO-MLSignalStrategyV2-V2,SELL,LIMIT,100000.00,1.14308,USD,2.29 USD,MAKER,9f67f92a-53fa-4517-80cb-361ac7796b23,2025-06-11 08:36:00+00:00,2025-06-11 08:36:00+00:00,{},False
O-20250611-160000-001-V2-2374,BACKTESTER-001,MLSignalStrategyV2-V2,EUR/USD.IDEALPRO,IDEALPRO-1-2374,IDEALPRO-001,IDEALPRO-1-328192,EUR/USD.IDEALPRO-MLSignalStrategyV2-V2,SELL,MARKET,100000.00,1.14894,USD,2.30 USD,TAKER,1f2b676d-e83c-444e-959c-1014619dda00,2025-06-11 16:00:00+00:00,2025-06-11 16:00:00+00:00,{},False
O-20250611-160000-001-V2-2375,BACKTESTER-001,MLSignalStrategyV2-V2,EUR/USD.IDEALPRO,IDEALPRO-1-2375,IDEALPRO-001,IDEALPRO-1-328999,EUR/USD.IDEALPRO-MLSignalStrategyV2-V2,BUY,STOP_MARKET,100000.00,1.15037,USD,2.30 USD,TAKER,b9651606-14e8-4aee-8375-0ac721ebbf09,2025-06-11 22:58:00+00:00,2025-06-11 22:58:00+00:00,{},False
O-20250611-230000-001-V2-2377,BACKTESTER-001,MLSignalStrategyV2-V2,EUR/USD.IDEALPRO,IDEALPRO-1-2377,IDEALPRO-001,IDEALPRO-1-329005,EUR/USD.IDEALPRO-MLSignalStrategyV2-V2,BUY,MARKET,100000.00,1.15060,USD,2.30 USD,TAKER,9e5a4b00-eac3-4258-9c08-f9bb82c3beff,2025-06-11 23:00:00+00:00,2025-06-11 23:00:00+00:00,{},False
O-20250611-230000-001-V2-2379,BACKTESTER-001,MLSignalStrategyV2-V2,EUR/USD.IDEALPRO,IDEALPRO-1-2379,IDEALPRO-001,IDEALPRO-1-329013,EUR/USD.IDEALPRO-MLSignalStrategyV2-V2,SELL,LIMIT,100000.00,1.15131,USD,2.30 USD,MAKER,46c1bff6-9899-4a12-bc4b-d969897e0f00,2025-06-11 23:04:00+00:00,2025-06-11 23:04:00+00:00,{},False
O-20250611-233000-001-V2-2380,BACKTESTER-001,MLSignalStrategyV2-V2,EUR/USD.IDEALPRO,IDEALPRO-1-2380,IDEALPRO-001,IDEALPRO-1-329067,EUR/USD.IDEALPRO-MLSignalStrategyV2-V2,BUY,MARKET,100000.00,1.15055,USD,2.30 USD,TAKER,c1c77e9e-995d-43cd-927e-e852d49ee626,2025-06-11 23:30:00+00:00,2025-06-11 23:30:00+00:00,{},False
O-20250611-233000-001-V2-2382,BACKTESTER-001,MLSignalStrategyV2-V2,EUR/USD.IDEALPRO,IDEALPRO-1-2382,IDEALPRO-001,IDEALPRO-1-329129,EUR/USD.IDEALPRO-MLSignalStrategyV2-V2,SELL,LIMIT,100000.00,1.15124,USD,2.30 USD,MAKER,4ba3e302-ae2b-47c7-927e-6ced6635aba5,2025-06-12 00:01:00+00:00,2025-06-12 00:01:00+00:00,{},False
O-20250612-003000-001-V2-2383,BACKTESTER-001,MLSignalStrategyV2-V2,EUR/USD.IDEALPRO,IDEALPRO-1-2383,IDEALPRO-001,IDEALPRO-1-329189,EUR/USD.IDEALPRO-MLSignalStrategyV2-V2,SELL,MARKET,100000.00,1.15121,USD,2.30 USD,TAKER,66decd2c-22a8-439e-9b60-8c356dd6e34b,2025-06-12 00:30:00+00:00,2025-06-12 00:30:00+00:00,{},False
O-20250612-003000-001-V2-2385,BACKTESTER-001,MLSignalStrategyV2-V2,EUR/USD.IDEALPRO,IDEALPRO-1-2385,IDEALPRO-001,IDEALPRO-1-329199,EUR/USD.IDEALPRO-MLSignalStrategyV2-V2,BUY,LIMIT,100000.00,1.15053,USD,2.30 USD,MAKER,1123c449-e665-4eac-9a0e-81d1cce7b616,2025-06-12 00:35:00+00:00,2025-06-12 00:35:00+00:00,{},False
O-20250612-061500-001-V2-2386,BACKTESTER-001,MLSignalStrategyV2-V2,EUR/USD.IDEALPRO,IDEALPRO-1-2386,IDEALPRO-001,IDEALPRO-1-329880,EUR/USD.IDEALPRO-MLSignalStrategyV2-V2,SELL,MARKET,100000.00,1.15193,USD,2.30 USD,TAKER,17ba95dc-0881-4338-975b-f1368bb94346,2025-06-12 06:15:00+00:00,2025-06-12 06:15:00+00:00,{},False
O-20250612-061500-001-V2-2388,BACKTESTER-001,MLSignalStrategyV2-V2,EUR/USD.IDEALPRO,IDEALPRO-1-2388,IDEALPRO-001,IDEALPRO-1-329891,EUR/USD.IDEALPRO-MLSignalStrategyV2-V2,BUY,LIMIT,100000.00,1.15125,USD,2.30 USD,MAKER,eaba0fbd-8fd1-4bdd-a720-9c32efa0f15d,2025-06-12 06:20:00+00:00,2025-06-12 06:20:00+00:00,{},False
O-20250612-093000-001-V2-2389,BACKTESTER-001,MLSignalStrategyV2-V2,EUR/USD.IDEALPRO,IDEALPRO-1-2389,IDEALPRO-001,IDEALPRO-1-330272,EUR/USD.IDEALPRO-MLSignalStrategyV2-V2,SELL,MARKET,100000.00,1.15576,USD,2.31 USD,TAKER,daf0c520-8df2-4d90-8f8c-3640898b0ae2,2025-06-12 09:30:00+00:00,2025-06-12 09:30:00+00:00,{},False
O-20250612-093000-001-V2-2390,BACKTESTER-001,MLSignalStrategyV2-V2,EUR/USD.IDEALPRO,IDEALPRO-1-2390,IDEALPRO-001,IDEALPRO-1-330321,EUR/USD.IDEALPRO-MLSignalStrategyV2-V2,BUY,STOP_MARKET,100000.00,1.15859,USD,2.32 USD,TAKER,cae4f29c-d4c3-4e7b-b6ce-07ddad485ea9,2025-06-12 09:54:00+00:00,2025-06-12 09:54:00+00:00,{},False
O-20250612-100000-001-V2-2392,BACKTESTER-001,MLSignalStrategyV2-V2,EUR/USD.IDEALPRO,IDEALPRO-1-2392,IDEALPRO-001,IDEALPRO-1-330334,EUR/USD.IDEALPRO-MLSignalStrategyV2-V2,SELL,MARKET,100000.00,1.15721,USD,2.31 USD,TAKER,546ad230-d225-49f2-896e-7a25b290558a,2025-06-12 10:00:00+00:00,2025-06-12 10:00:00+00:00,{},False
O-20250612-100000-001-V2-2393,BACKTESTER-001,MLSignalStrategyV2-V2,EUR/USD.IDEALPRO,IDEALPRO-1-2393,IDEALPRO-001,IDEALPRO-1-330377,EUR/USD.IDEALPRO-MLSignalStrategyV2-V2,BUY,STOP_MARKET,100000.00,1.15874,USD,2.32 USD,TAKER,71b0de58-d283-4948-a5f1-e51626bc4e5f,2025-06-12 10:21:00+00:00,2025-06-12 10:21:00+00:00,{},False
O-20250612-103000-001-V2-2395,BACKTESTER-001,MLSignalStrategyV2-V2,EUR/USD.IDEALPRO,IDEALPRO-1-2395,IDEALPRO-001,IDEALPRO-1-330396,EUR/USD.IDEALPRO-MLSignalStrategyV2-V2,SELL,MARKET,100000.00,1.15902,USD,2.32 USD,TAKER,a751ba94-f0dd-46b7-a2c7-d94e3da03d54,2025-06-12 10:30:00+00:00,2025-06-12 10:30:00+00:00,{},False
O-20250612-103000-001-V2-2396,BACKTESTER-001,MLSignalStrategyV2-V2,EUR/USD.IDEALPRO,IDEALPRO-1-2396,IDEALPRO-001,IDEALPRO-1-330441,EUR/USD.IDEALPRO-MLSignalStrategyV2-V2,BUY,STOP_MARKET,100000.00,1.16108,USD,2.32 USD,TAKER,c3c084aa-21a4-4ecc-8f1f-e00dd0dd9efc,2025-06-12 10:52:00+00:00,2025-06-12 10:52:00+00:00,{},False
O-20250612-121500-001-V2-2398,BACKTESTER-001,MLSignalStrategyV2-V2,EUR/USD.IDEALPRO,IDEALPRO-1-2398,IDEALPRO-001,IDEALPRO-1-330608,EUR/USD.IDEALPRO-MLSignalStrategyV2-V2,BUY,MARKET,100000.00,1.15963,USD,2.32 USD,TAKER,4027b9c5-6a58-452f-bb8d-5eb6a5dca431,2025-06-12 12:15:00+00:00,2025-06-12 12:15:00+00:00,{},False
O-20250612-121500-001-V2-2400,BACKTESTER-001,MLSignalStrategyV2-V2,EUR/USD.IDEALPRO,IDEALPRO-1-2400,IDEALPRO-001,IDEALPRO-1-330641,EUR/USD.IDEALPRO-MLSignalStrategyV2-V2,SELL,LIMIT,100000.00,1.16319,USD,2.33 USD,MAKER,b1479392-9d1e-4630-b262-454fd4d5c328,2025-06-12 12:31:00+00:00,2025-06-12 12:31:00+00:00,{},False
O-20250612-140000-001-V2-2401,BACKTESTER-001,MLSignalStrategyV2-V2,EUR/USD.IDEALPRO,IDEALPRO-1-2401,IDEALPRO-001,IDEALPRO-1-330820,EUR/USD.IDEALPRO-MLSignalStrategyV2-V2,BUY,MARKET,100000.00,1.15851,USD,2.32 USD,TAKER,32cdf743-c153-4dda-903c-2ba69fec637a,2025-06-12 14:00:00+00:00,2025-06-12 14:00:00+00:00,{},False
O-20250612-140000-001-V2-2402,BACKTESTER-001,MLSignalStrategyV2-V2,EUR/USD.IDEALPRO,IDEALPRO-1-2402,IDEALPRO-001,IDEALPRO-1-331223,EUR/USD.IDEALPRO-MLSignalStrategyV2-V2,SELL,STOP_MARKET,100000.00,1.15637,USD,2.31 USD,TAKER,275683c7-0f35-4956-971c-f628018b769c,2025-06-12 17:21:00+00:00,2025-06-12 17:21:00+00:00,{},False
O-20250612-184500-001-V2-2404,BACKTESTER-001,MLSignalStrategyV2-V2,EUR/USD.IDEALPRO,IDEALPRO-1-2404,IDEALPRO-001,IDEALPRO-1-331393,EUR/USD.IDEALPRO-MLSignalStrategyV2-V2,BUY,MARKET,100000.00,1.15748,USD,2.31 USD,TAKER,0e50067c-802a-4a32-b87b-8e32249da60f,2025-06-12 18:45:00+00:00,2025-06-12 18:45:00+00:00,{},False
O-20250612-184500-001-V2-2406,BACKTESTER-001,MLSignalStrategyV2-V2,EUR/USD.IDEALPRO,IDEALPRO-1-2406,IDEALPRO-001,IDEALPRO-1-331615,EUR/USD.IDEALPRO-MLSignalStrategyV2-V2,SELL,LIMIT,100000.00,1.15833,USD,2.32 USD,MAKER,879eb536-79c3-4fb9-96b4-10efca4d21e4,2025-06-12 20:36:00+00:00,2025-06-12 20:36:00+00:00,{},False
O-20250612-213000-001-V2-2407,BACKTESTER-001,MLSignalStrategyV2-V2,EUR/USD.IDEALPRO,IDEALPRO-1-2407,IDEALPRO-001,IDEALPRO-1-331695,EUR/USD.IDEALPRO-MLSignalStrategyV2-V2,BUY,MARKET,100000.00,1.15878,USD,2.32 USD,TAKER,ebc44aa9-a18d-48e3-8324-2c7698c57196,2025-06-12 21:30:00+00:00,2025-06-12 21:30:00+00:00,{},False
O-20250612-213000-001-V2-2409,BACKTESTER-001,MLSignalStrategyV2-V2,EUR/USD.IDEALPRO,IDEALPRO-1-2409,IDEALPRO-001,IDEALPRO-1-331909,EUR/USD.IDEALPRO-MLSignalStrategyV2-V2,SELL,LIMIT,100000.00,1.15931,USD,2.32 USD,MAKER,5aafc24b-57df-46ea-a336-1c2c8540dfee,2025-06-12 23:17:00+00:00,2025-06-12 23:17:00+00:00,{},False
O-20250613-014500-001-V2-2410,BACKTESTER-001,MLSignalStrategyV2-V2,EUR/USD.IDEALPRO,IDEALPRO-1-2410,IDEALPRO-001,IDEALPRO-1-332206,EUR/USD.IDEALPRO-MLSignalStrategyV2-V2,BUY,MARKET,100000.00,1.15449,USD,2.31 USD,TAKER,32a7a9a2-fd26-45ce-9723-4a4b135f851c,2025-06-13 01:45:00+00:00,2025-06-13 01:45:00+00:00,{},False
O-20250613-014500-001-V2-2411,BACKTESTER-001,MLSignalStrategyV2-V2,EUR/USD.IDEALPRO,IDEALPRO-1-2411,IDEALPRO-001,IDEALPRO-1-332519,EUR/USD.IDEALPRO-MLSignalStrategyV2-V2,SELL,STOP_MARKET,100000.00,1.15234,USD,2.30 USD,TAKER,4d5a0e69-8176-4928-9538-27236d458d07,2025-06-13 04:21:00+00:00,2025-06-13 04:21:00+00:00,{},False
O-20250613-043000-001-V2-2413,BACKTESTER-001,MLSignalStrategyV2-V2,EUR/USD.IDEALPRO,IDEALPRO-1-2413,IDEALPRO-001,IDEALPRO-1-332538,EUR/USD.IDEALPRO-MLSignalStrategyV2-V2,BUY,MARKET,100000.00,1.15212,USD,2.30 USD,TAKER,19420923-39a4-472d-9ea5-c0fc100fd77e,2025-06-13 04:30:00+00:00,2025-06-13 04:30:00+00:00,{},False
O-20250613-043000-001-V2-2415,BACKTESTER-001,MLSignalStrategyV2-V2,EUR/USD.IDEALPRO,IDEALPRO-1-2415,IDEALPRO-001,IDEALPRO-1-332613,EUR/USD.IDEALPRO-MLSignalStrategyV2-V2,SELL,LIMIT,100000.00,1.15362,USD,2.31 USD,MAKER,027f2ff0-57be-4b51-953f-247b3c260bf5,2025-06-13 05:07:00+00:00,2025-06-13 05:07:00+00:00,{},False
O-20250613-054500-001-V2-2416,BACKTESTER-001,MLSignalStrategyV2-V2,EUR/USD.IDEALPRO,IDEALPRO-1-2416,IDEALPRO-001,IDEALPRO-1-332690,EUR/USD.IDEALPRO-MLSignalStrategyV2-V2,BUY,MARKET,100000.00,1.15252,USD,2.31 USD,TAKER,82b5d69f-b1c2-43c5-80f0-c61e3334f74f,2025-06-13 05:45:00+00:00,2025-06-13 05:45:00+00:00,{},False
O-20250613-054500-001-V2-2418,BACKTESTER-001,MLSignalStrategyV2-V2,EUR/USD.IDEALPRO,IDEALPRO-1-2418,IDEALPRO-001,IDEALPRO-1-332731,EUR/USD.IDEALPRO-MLSignalStrategyV2-V2,SELL,LIMIT,100000.00,1.15394,USD,2.31 USD,MAKER,f8f015c8-d7a7-4fe4-9dc5-6c75d9a6723f,2025-06-13 06:05:00+00:00,2025-06-13 06:05:00+00:00,{},False
O-20250613-090000-001-V2-2419,BACKTESTER-001,MLSignalStrategyV2-V2,EUR/USD.IDEALPRO,IDEALPRO-1-2419,IDEALPRO-001,IDEALPRO-1-333082,EUR/USD.IDEALPRO-MLSignalStrategyV2-V2,BUY,MARKET,100000.00,1.15287,USD,2.31 USD,TAKER,b4e7a292-dd1d-4d37-b0c4-1a721cc70589,2025-06-13 09:00:00+00:00,2025-06-13 09:00:00+00:00,{},False
O-20250613-090000-001-V2-2420,BACKTESTER-001,MLSignalStrategyV2-V2,EUR/USD.IDEALPRO,IDEALPRO-1-2420,IDEALPRO-001,IDEALPRO-1-333277,EUR/USD.IDEALPRO-MLSignalStrategyV2-V2,SELL,STOP_MARKET,100000.00,1.15108,USD,2.30 USD,TAKER,fc86a65a-f131-4fdd-b94f-f94fa997832d,2025-06-13 10:37:00+00:00,2025-06-13 10:37:00+00:00,{},False
O-20250613-104500-001-V2-2422,BACKTESTER-001,MLSignalStrategyV2-V2,EUR/USD.IDEALPRO,IDEALPRO-1-2422,IDEALPRO-001,IDEALPRO-1-333294,EUR/USD.IDEALPRO-MLSignalStrategyV2-V2,BUY,MARKET,100000.00,1.15123,USD,2.30 USD,TAKER,70305502-6fee-4a09-8753-d6dd1111a23f,2025-06-13 10:45:00+00:00,2025-06-13 10:45:00+00:00,{},False
O-20250613-104500-001-V2-2423,BACKTESTER-001,MLSignalStrategyV2-V2,EUR/USD.IDEALPRO,IDEALPRO-1-2423,IDEALPRO-001,IDEALPRO-1-333303,EUR/USD.IDEALPRO-MLSignalStrategyV2-V2,SELL,STOP_MARKET,100000.00,1.14938,USD,2.30 USD,TAKER,56265e4c-76f1-4e1d-aaff-24cb8f990d2c,2025-06-13 10:49:00+00:00,2025-06-13 10:49:00+00:00,{},False
O-20250613-154500-001-V2-2425,BACKTESTER-001,MLSignalStrategyV2-V2,EUR/USD.IDEALPRO,IDEALPRO-1-2425,IDEALPRO-001,IDEALPRO-1-333897,EUR/USD.IDEALPRO-MLSignalStrategyV2-V2,SELL,MARKET,100000.00,1.15629,USD,2.31 USD,TAKER,e0b7bdb5-1976-4039-9eee-0f8a8249c4ac,2025-06-13 15:45:00+00:00,2025-06-13 15:45:00+00:00,{},False
O-20250613-154500-001-V2-2427,BACKTESTER-001,MLSignalStrategyV2-V2,EUR/USD.IDEALPRO,IDEALPRO-1-2427,IDEALPRO-001,IDEALPRO-1-334053,EUR/USD.IDEALPRO-MLSignalStrategyV2-V2,BUY,LIMIT,100000.00,1.15507,USD,2.31 USD,MAKER,cfed4f07-377d-45af-bf66-8e9a0f93c06f,2025-06-13 17:03:00+00:00,2025-06-13 17:03:00+00:00,{},False
O-20250615-213000-001-V2-2428,BACKTESTER-001,MLSignalStrategyV2-V2,EUR/USD.IDEALPRO,IDEALPRO-1-2428,IDEALPRO-001,IDEALPRO-1-334558,EUR/USD.IDEALPRO-MLSignalStrategyV2-V2,BUY,MARKET,100000.00,1.15326,USD,2.31 USD,TAKER,678d99b1-4f77-4923-8296-67c219626813,2025-06-15 21:30:00+00:00,2025-06-15 21:30:00+00:00,{},False
O-20250615-213000-001-V2-2430,BACKTESTER-001,MLSignalStrategyV2-V2,EUR/USD.IDEALPRO,IDEALPRO-1-2430,IDEALPRO-001,IDEALPRO-1-334707,EUR/USD.IDEALPRO-MLSignalStrategyV2-V2,SELL,LIMIT,100000.00,1.15430,USD,2.31 USD,MAKER,8e7fb7f2-e31f-445e-9143-74c50c2e72fb,2025-06-15 22:44:00+00:00,2025-06-15 22:44:00+00:00,{},False
O-20250615-224500-001-V2-2431,BACKTESTER-001,MLSignalStrategyV2-V2,EUR/USD.IDEALPRO,IDEALPRO-1-2431,IDEALPRO-001,IDEALPRO-1-334710,EUR/USD.IDEALPRO-MLSignalStrategyV2-V2,BUY,MARKET,100000.00,1.15394,USD,2.31 USD,TAKER,35018e95-7ce3-454f-8229-ef6588b64038,2025-06-15 22:45:00+00:00,2025-06-15 22:45:00+00:00,{},False
O-20250615-224500-001-V2-2432,BACKTESTER-001,MLSignalStrategyV2-V2,EUR/USD.IDEALPRO,IDEALPRO-1-2432,IDEALPRO-001,IDEALPRO-1-334773,EUR/USD.IDEALPRO-MLSignalStrategyV2-V2,SELL,STOP_MARKET,100000.00,1.15277,USD,2.31 USD,TAKER,5a0eee2b-7df3-4db2-bfb8-43eefbceb89d,2025-06-15 23:16:00+00:00,2025-06-15 23:16:00+00:00,{},False
O-20250615-233000-001-V2-2434,BACKTESTER-001,MLSignalStrategyV2-V2,EUR/USD.IDEALPRO,IDEALPRO-1-2434,IDEALPRO-001,IDEALPRO-1-334802,EUR/USD.IDEALPRO-MLSignalStrategyV2-V2,BUY,MARKET,100000.00,1.15336,USD,2.31 USD,TAKER,f5c404c2-1067-436e-9bc9-f0d38513b34c,2025-06-15 23:30:00+00:00,2025-06-15 23:30:00+00:00,{},False
O-20250615-233000-001-V2-2436,BACKTESTER-001,MLSignalStrategyV2-V2,EUR/USD.IDEALPRO,IDEALPRO-1-2436,IDEALPRO-001,IDEALPRO-1-334887,EUR/USD.IDEALPRO-MLSignalStrategyV2-V2,SELL,LIMIT,100000.00,1.15429,USD,2.31 USD,MAKER,f0699a92-c644-4cc8-8cab-46f21e952a10,2025-06-16 00:12:00+00:00,2025-06-16 00:12:00+00:00,{},False
O-20250616-023000-001-V2-2437,BACKTESTER-001,MLSignalStrategyV2-V2,EUR/USD.IDEALPRO,IDEALPRO-1-2437,IDEALPRO-001,IDEALPRO-1-335164,EUR/USD.IDEALPRO-MLSignalStrategyV2-V2,SELL,MARKET,100000.00,1.15321,USD,2.31 USD,TAKER,aa5554d2-bb81-4bd2-9c30-95dc2a44f237,2025-06-16 02:30:00+00:00,2025-06-16 02:30:00+00:00,{},False
O-20250616-023000-001-V2-2439,BACKTESTER-001,MLSignalStrategyV2-V2,EUR/USD.IDEALPRO,IDEALPRO-1-2439,IDEALPRO-001,IDEALPRO-1-335267,EUR/USD.IDEALPRO-MLSignalStrategyV2-V2,BUY,LIMIT,100000.00,1.15237,USD,2.30 USD,MAKER,284aa4cd-29a1-4b72-b019-01d7028686fa,2025-06-16 03:21:00+00:00,2025-06-16 03:21:00+00:00,{},False
O-20250616-051500-001-V2-2440,BACKTESTER-001,MLSignalStrategyV2-V2,EUR/USD.IDEALPRO,IDEALPRO-1-2440,IDEALPRO-001,IDEALPRO-1-335497,EUR/USD.IDEALPRO-MLSignalStrategyV2-V2,BUY,MARKET,100000.00,1.15464,USD,2.31 USD,TAKER,e67e03af-c7f6-4d84-9ec4-464a5b7f891a,2025-06-16 05:15:00+00:00,2025-06-16 05:15:00+00:00,{},False
O-20250616-051500-001-V2-2442,BACKTESTER-001,MLSignalStrategyV2-V2,EUR/USD.IDEALPRO,IDEALPRO-1-2442,IDEALPRO-001,IDEALPRO-1-335515,EUR/USD.IDEALPRO-MLSignalStrategyV2-V2,SELL,LIMIT,100000.00,1.15538,USD,2.31 USD,MAKER,35c9cee5-9bfb-4ee6-b2f8-1d2a2134922a,2025-06-16 05:24:00+00:00,2025-06-16 05:24:00+00:00,{},False
O-20250616-073000-001-V2-2443,BACKTESTER-001,MLSignalStrategyV2-V2,EUR/USD.IDEALPRO,IDEALPRO-1-2443,IDEALPRO-001,IDEALPRO-1-335768,EUR/USD.IDEALPRO-MLSignalStrategyV2-V2,SELL,MARKET,100000.00,1.15818,USD,2.32 USD,TAKER,e9d143e2-d441-493e-b235-6824ca4b8b0e,2025-06-16 07:30:00+00:00,2025-06-16 07:30:00+00:00,{},False
O-20250616-073000-001-V2-2445,BACKTESTER-001,MLSignalStrategyV2-V2,EUR/USD.IDEALPRO,IDEALPRO-1-2445,IDEALPRO-001,IDEALPRO-1-336273,EUR/USD.IDEALPRO-MLSignalStrategyV2-V2,BUY,LIMIT,100000.00,1.15700,USD,2.31 USD,MAKER,a4f0fc26-63ec-47ea-844c-a4e5369ec061,2025-06-16 11:42:00+00:00,2025-06-16 11:42:00+00:00,{},False
O-20250616-141500-001-V2-2446,BACKTESTER-001,MLSignalStrategyV2-V2,EUR/USD.IDEALPRO,IDEALPRO-1-2446,IDEALPRO-001,IDEALPRO-1-336580,EUR/USD.IDEALPRO-MLSignalStrategyV2-V2,SELL,MARKET,100000.00,1.16095,USD,2.32 USD,TAKER,d9b4e885-38b5-41e5-9981-718de8ea22cf,2025-06-16 14:15:00+00:00,2025-06-16 14:15:00+00:00,{},False
O-20250616-141500-001-V2-2448,BACKTESTER-001,MLSignalStrategyV2-V2,EUR/USD.IDEALPRO,IDEALPRO-1-2448,IDEALPRO-001,IDEALPRO-1-336637,EUR/USD.IDEALPRO-MLSignalStrategyV2-V2,BUY,LIMIT,100000.00,1.15970,USD,2.32 USD,MAKER,559e2523-038f-49b0-aa3d-66de91c25d98,2025-06-16 14:43:00+00:00,2025-06-16 14:43:00+00:00,{},False
O-20250616-150000-001-V2-2449,BACKTESTER-001,MLSignalStrategyV2-V2,EUR/USD.IDEALPRO,IDEALPRO-1-2449,IDEALPRO-001,IDEALPRO-1-336672,EUR/USD.IDEALPRO-MLSignalStrategyV2-V2,SELL,MARKET,100000.00,1.15915,USD,2.32 USD,TAKER,07d9fadf-a909-41fa-83d9-a48ef1ac1ba7,2025-06-16 15:00:00+00:00,2025-06-16 15:00:00+00:00,{},False
O-20250616-150000-001-V2-2451,BACKTESTER-001,MLSignalStrategyV2-V2,EUR/USD.IDEALPRO,IDEALPRO-1-2451,IDEALPRO-001,IDEALPRO-1-336777,EUR/USD.IDEALPRO-MLSignalStrategyV2-V2,BUY,LIMIT,100000.00,1.15797,USD,2.32 USD,MAKER,dec7d518-331e-481b-a981-c713c505c5d7,2025-06-16 15:52:00+00:00,2025-06-16 15:52:00+00:00,{},False
O-20250616-200000-001-V2-2452,BACKTESTER-001,MLSignalStrategyV2-V2,EUR/USD.IDEALPRO,IDEALPRO-1-2452,IDEALPRO-001,IDEALPRO-1-337274,EUR/USD.IDEALPRO-MLSignalStrategyV2-V2,BUY,MARKET,100000.00,1.15556,USD,2.31 USD,TAKER,a79bd052-ecc7-4b98-a379-fb26b2fd87c7,2025-06-16 20:00:00+00:00,2025-06-16 20:00:00+00:00,{},False
O-20250616-200000-001-V2-2454,BACKTESTER-001,MLSignalStrategyV2-V2,EUR/USD.IDEALPRO,IDEALPRO-1-2454,IDEALPRO-001,IDEALPRO-1-337287,EUR/USD.IDEALPRO-MLSignalStrategyV2-V2,SELL,LIMIT,100000.00,1.15633,USD,2.31 USD,MAKER,62c094a7-d2bc-420d-8704-f30135f9e15a,2025-06-16 20:06:00+00:00,2025-06-16 20:06:00+00:00,{},False
O-20250616-224500-001-V2-2455,BACKTESTER-001,MLSignalStrategyV2-V2,EUR/USD.IDEALPRO,IDEALPRO-1-2455,IDEALPRO-001,IDEALPRO-1-337576,EUR/USD.IDEALPRO-MLSignalStrategyV2-V2,BUY,MARKET,100000.00,1.15570,USD,2.31 USD,TAKER,53ad8b82-6061-4ee2-add0-ae118fa96dc5,2025-06-16 22:45:00+00:00,2025-06-16 22:45:00+00:00,{},False
O-20250616-224500-001-V2-2456,BACKTESTER-001,MLSignalStrategyV2-V2,EUR/USD.IDEALPRO,IDEALPRO-1-2456,IDEALPRO-001,IDEALPRO-1-337723,EUR/USD.IDEALPRO-MLSignalStrategyV2-V2,SELL,STOP_MARKET,100000.00,1.15492,USD,2.31 USD,TAKER,4919e6ba-29d4-47ab-aa71-ef6458ccacb6,2025-06-16 23:58:00+00:00,2025-06-16 23:58:00+00:00,{},False
O-20250617-010000-001-V2-2458,BACKTESTER-001,MLSignalStrategyV2-V2,EUR/USD.IDEALPRO,IDEALPRO-1-2458,IDEALPRO-001,IDEALPRO-1-337848,EUR/USD.IDEALPRO-MLSignalStrategyV2-V2,SELL,MARKET,100000.00,1.15499,USD,2.31 USD,TAKER,14ad6421-4389-4540-850a-225c9b3bdf2f,2025-06-17 01:00:00+00:00,2025-06-17 01:00:00+00:00,{},False
O-20250617-010000-001-V2-2459,BACKTESTER-001,MLSignalStrategyV2-V2,EUR/USD.IDEALPRO,IDEALPRO-1-2459,IDEALPRO-001,IDEALPRO-1-337949,EUR/USD.IDEALPRO-MLSignalStrategyV2-V2,BUY,STOP_MARKET,100000.00,1.15576,USD,2.31 USD,TAKER,3428aa57-e707-4381-8b1c-a777b30a9858,2025-06-17 01:50:00+00:00,2025-06-17 01:50:00+00:00,{},False
O-20250617-021500-001-V2-2461,BACKTESTER-001,MLSignalStrategyV2-V2,EUR/USD.IDEALPRO,IDEALPRO-1-2461,IDEALPRO-001,IDEALPRO-1-338000,EUR/USD.IDEALPRO-MLSignalStrategyV2-V2,SELL,MARKET,100000.00,1.15501,USD,2.31 USD,TAKER,c37804e0-1440-46a0-8721-26bdead36faf,2025-06-17 02:15:00+00:00,2025-06-17 02:15:00+00:00,{},False
O-20250617-021500-001-V2-2462,BACKTESTER-001,MLSignalStrategyV2-V2,EUR/USD.IDEALPRO,IDEALPRO-1-2462,IDEALPRO-001,IDEALPRO-1-338079,EUR/USD.IDEALPRO-MLSignalStrategyV2-V2,BUY,STOP_MARKET,100000.00,1.15609,USD,2.31 USD,TAKER,5bf69187-6c74-4e7f-81c6-c2ec7e669f53,2025-06-17 02:54:00+00:00,2025-06-17 02:54:00+00:00,{},False
O-20250617-094500-001-V2-2464,BACKTESTER-001,MLSignalStrategyV2-V2,EUR/USD.IDEALPRO,IDEALPRO-1-2464,IDEALPRO-001,IDEALPRO-1-338903,EUR/USD.IDEALPRO-MLSignalStrategyV2-V2,BUY,MARKET,100000.00,1.15579,USD,2.31 USD,TAKER,dde158a8-325e-4d89-aa46-f6f180bc8218,2025-06-17 09:45:00+00:00,2025-06-17 09:45:00+00:00,{},False
O-20250617-094500-001-V2-2466,BACKTESTER-001,MLSignalStrategyV2-V2,EUR/USD.IDEALPRO,IDEALPRO-1-2466,IDEALPRO-001,IDEALPRO-1-339009,EUR/USD.IDEALPRO-MLSignalStrategyV2-V2,SELL,LIMIT,100000.00,1.15659,USD,2.31 USD,MAKER,ea2527bd-5747-44ed-90f0-632dc20d9920,2025-06-17 10:38:00+00:00,2025-06-17 10:38:00+00:00,{},False
O-20250617-163000-001-V2-2467,BACKTESTER-001,MLSignalStrategyV2-V2,EUR/USD.IDEALPRO,IDEALPRO-1-2467,IDEALPRO-001,IDEALPRO-1-339714,EUR/USD.IDEALPRO-MLSignalStrategyV2-V2,BUY,MARKET,100000.00,1.15239,USD,2.30 USD,TAKER,0f965baf-fb62-43b3-9a72-d1405942af1d,2025-06-17 16:30:00+00:00,2025-06-17 16:30:00+00:00,{},False
O-20250617-163000-001-V2-2468,BACKTESTER-001,MLSignalStrategyV2-V2,EUR/USD.IDEALPRO,IDEALPRO-1-2468,IDEALPRO-001,IDEALPRO-1-339755,EUR/USD.IDEALPRO-MLSignalStrategyV2-V2,SELL,STOP_MARKET,100000.00,1.15062,USD,2.30 USD,TAKER,d9f86fa2-b252-4036-af0f-9d1ae5c9c1c8,2025-06-17 16:50:00+00:00,2025-06-17 16:50:00+00:00,{},False
O-20250617-171500-001-V2-2470,BACKTESTER-001,MLSignalStrategyV2-V2,EUR/USD.IDEALPRO,IDEALPRO-1-2470,IDEALPRO-001,IDEALPRO-1-339807,EUR/USD.IDEALPRO-MLSignalStrategyV2-V2,BUY,MARKET,100000.00,1.14975,USD,2.30 USD,TAKER,51f2da8f-24c6-4665-b624-0cc8e3901084,2025-06-17 17:15:00+00:00,2025-06-17 17:15:00+00:00,{},False
O-20250617-171500-001-V2-2471,BACKTESTER-001,MLSignalStrategyV2-V2,EUR/USD.IDEALPRO,IDEALPRO-1-2471,IDEALPRO-001,IDEALPRO-1-339871,EUR/USD.IDEALPRO-MLSignalStrategyV2-V2,SELL,STOP_MARKET,100000.00,1.14785,USD,2.30 USD,TAKER,9f0b482b-e749-459e-9f8b-29aac51d35f3,2025-06-17 17:47:00+00:00,2025-06-17 17:47:00+00:00,{},False
O-20250617-200000-001-V2-2473,BACKTESTER-001,MLSignalStrategyV2-V2,EUR/USD.IDEALPRO,IDEALPRO-1-2473,IDEALPRO-001,IDEALPRO-1-340138,EUR/USD.IDEALPRO-MLSignalStrategyV2-V2,BUY,MARKET,100000.00,1.14848,USD,2.30 USD,TAKER,519e8311-ae5b-472b-884c-2a658cc5a243,2025-06-17 20:00:00+00:00,2025-06-17 20:00:00+00:00,{},False
O-20250617-200000-001-V2-2475,BACKTESTER-001,MLSignalStrategyV2-V2,EUR/USD.IDEALPRO,IDEALPRO-1-2475,IDEALPRO-001,IDEALPRO-1-340679,EUR/USD.IDEALPRO-MLSignalStrategyV2-V2,SELL,LIMIT,100000.00,1.14945,USD,2.30 USD,MAKER,a06a7239-a4e5-4532-abaf-77093e5eee8c,2025-06-18 00:45:00+00:00,2025-06-18 00:45:00+00:00,{},False
O-20250618-041500-001-V2-2476,BACKTESTER-001,MLSignalStrategyV2-V2,EUR/USD.IDEALPRO,IDEALPRO-1-2476,IDEALPRO-001,IDEALPRO-1-341100,EUR/USD.IDEALPRO-MLSignalStrategyV2-V2,BUY,MARKET,100000.00,1.15000,USD,2.30 USD,TAKER,440be9ca-b60a-4dba-8f10-0cc487adaf58,2025-06-18 04:15:00+00:00,2025-06-18 04:15:00+00:00,{},False
O-20250618-041500-001-V2-2478,BACKTESTER-001,MLSignalStrategyV2-V2,EUR/USD.IDEALPRO,IDEALPRO-1-2478,IDEALPRO-001,IDEALPRO-1-341147,EUR/USD.IDEALPRO-MLSignalStrategyV2-V2,SELL,LIMIT,100000.00,1.15056,USD,2.30 USD,MAKER,d988195e-7ffe-4ecb-b390-0977c71e02bb,2025-06-18 04:38:00+00:00,2025-06-18 04:38:00+00:00,{},False
O-20250618-101500-001-V2-2479,BACKTESTER-001,MLSignalStrategyV2-V2,EUR/USD.IDEALPRO,IDEALPRO-1-2479,IDEALPRO-001,IDEALPRO-1-341823,EUR/USD.IDEALPRO-MLSignalStrategyV2-V2,BUY,MARKET,100000.00,1.15065,USD,2.30 USD,TAKER,0c326d31-6f3d-44fe-af24-41403a5e61af,2025-06-18 10:15:00+00:00,2025-06-18 10:15:00+00:00,{},False
O-20250618-101500-001-V2-2480,BACKTESTER-001,MLSignalStrategyV2-V2,EUR/USD.IDEALPRO,IDEALPRO-1-2480,IDEALPRO-001,IDEALPRO-1-341903,EUR/USD.IDEALPRO-MLSignalStrategyV2-V2,SELL,STOP_MARKET,100000.00,1.14951,USD,2.30 USD,TAKER,73b9ca56-ade4-4883-89e5-038f97d5338f,2025-06-18 10:55:00+00:00,2025-06-18 10:55:00+00:00,{},False
O-20250618-203000-001-V2-2482,BACKTESTER-001,MLSignalStrategyV2-V2,EUR/USD.IDEALPRO,IDEALPRO-1-2482,IDEALPRO-001,IDEALPRO-1-343054,EUR/USD.IDEALPRO-MLSignalStrategyV2-V2,BUY,MARKET,100000.00,1.14785,USD,2.30 USD,TAKER,08f7cefd-1167-409f-bf1e-87f0dd9a2adf,2025-06-18 20:30:00+00:00,2025-06-18 20:30:00+00:00,{},False
O-20250618-203000-001-V2-2483,BACKTESTER-001,MLSignalStrategyV2-V2,EUR/USD.IDEALPRO,IDEALPRO-1-2483,IDEALPRO-001,IDEALPRO-1-343681,EUR/USD.IDEALPRO-MLSignalStrategyV2-V2,SELL,STOP_MARKET,100000.00,1.14539,USD,2.29 USD,TAKER,64c0da41-873c-4cac-8e68-5a3366001460,2025-06-19 01:58:00+00:00,2025-06-19 01:58:00+00:00,{},False
O-20250619-040000-001-V2-2485,BACKTESTER-001,MLSignalStrategyV2-V2,EUR/USD.IDEALPRO,IDEALPRO-1-2485,IDEALPRO-001,IDEALPRO-1-343927,EUR/USD.IDEALPRO-MLSignalStrategyV2-V2,SELL,MARKET,100000.00,1.14658,USD,2.29 USD,TAKER,d9091e7b-3b98-47b4-b560-b714bff8668a,2025-06-19 04:00:00+00:00,2025-06-19 04:00:00+00:00,{},False
O-20250619-040000-001-V2-2487,BACKTESTER-001,MLSignalStrategyV2-V2,EUR/USD.IDEALPRO,IDEALPRO-1-2487,IDEALPRO-001,IDEALPRO-1-344141,EUR/USD.IDEALPRO-MLSignalStrategyV2-V2,BUY,LIMIT,100000.00,1.14589,USD,2.29 USD,MAKER,6dfadcad-0609-4f62-b1ea-5f8916ec3db4,2025-06-19 05:47:00+00:00,2025-06-19 05:47:00+00:00,{},False
O-20250619-060000-001-V2-2488,BACKTESTER-001,MLSignalStrategyV2-V2,EUR/USD.IDEALPRO,IDEALPRO-1-2488,IDEALPRO-001,IDEALPRO-1-344168,EUR/USD.IDEALPRO-MLSignalStrategyV2-V2,BUY,MARKET,100000.00,1.14567,USD,2.29 USD,TAKER,58a4ac70-6904-4121-a48a-5469bc5e9fec,2025-06-19 06:00:00+00:00,2025-06-19 06:00:00+00:00,{},False
O-20250619-060000-001-V2-2489,BACKTESTER-001,MLSignalStrategyV2-V2,EUR/USD.IDEALPRO,IDEALPRO-1-2489,IDEALPRO-001,IDEALPRO-1-344235,EUR/USD.IDEALPRO-MLSignalStrategyV2-V2,SELL,STOP_MARKET,100000.00,1.14464,USD,2.29 USD,TAKER,9c0daadf-9351-442a-80a0-583c9649560c,2025-06-19 06:33:00+00:00,2025-06-19 06:33:00+00:00,{},False
O-20250619-064500-001-V2-2491,BACKTESTER-001,MLSignalStrategyV2-V2,EUR/USD.IDEALPRO,IDEALPRO-1-2491,IDEALPRO-001,IDEALPRO-1-344260,EUR/USD.IDEALPRO-MLSignalStrategyV2-V2,BUY,MARKET,100000.00,1.14569,USD,2.29 USD,TAKER,63d7624f-4a3e-4e37-868e-3efd26eeee6c,2025-06-19 06:45:00+00:00,2025-06-19 06:45:00+00:00,{},False
O-20250619-064500-001-V2-2493,BACKTESTER-001,MLSignalStrategyV2-V2,EUR/USD.IDEALPRO,IDEALPRO-1-2493,IDEALPRO-001,IDEALPRO-1-344271,EUR/USD.IDEALPRO-MLSignalStrategyV2-V2,SELL,LIMIT,100000.00,1.14642,USD,2.29 USD,MAKER,842d0790-8b73-45ee-9b43-c48b3adc3fbe,2025-06-19 06:50:00+00:00,2025-06-19 06:50:00+00:00,{},False
O-20250619-133000-001-V2-2494,BACKTESTER-001,MLSignalStrategyV2-V2,EUR/USD.IDEALPRO,IDEALPRO-1-2494,IDEALPRO-001,IDEALPRO-1-345072,EUR/USD.IDEALPRO-MLSignalStrategyV2-V2,BUY,MARKET,100000.00,1.14799,USD,2.30 USD,TAKER,ebb9b573-fa5f-454b-aded-4c5302bcb4b4,2025-06-19 13:30:00+00:00,2025-06-19 13:30:00+00:00,{},False
O-20250619-133000-001-V2-2495,BACKTESTER-001,MLSignalStrategyV2-V2,EUR/USD.IDEALPRO,IDEALPRO-1-2495,IDEALPRO-001,IDEALPRO-1-345191,EUR/USD.IDEALPRO-MLSignalStrategyV2-V2,SELL,STOP_MARKET,100000.00,1.14684,USD,2.29 USD,TAKER,cc11f307-4a09-4e8f-89fe-b110d0079917,2025-06-19 14:29:00+00:00,2025-06-19 14:29:00+00:00,{},False
O-20250619-180000-001-V2-2497,BACKTESTER-001,MLSignalStrategyV2-V2,EUR/USD.IDEALPRO,IDEALPRO-1-2497,IDEALPRO-001,IDEALPRO-1-345614,EUR/USD.IDEALPRO-MLSignalStrategyV2-V2,BUY,MARKET,100000.00,1.14790,USD,2.30 USD,TAKER,f7e9d665-2162-4ae1-8262-7a9ba4af95b1,2025-06-19 18:00:00+00:00,2025-06-19 18:00:00+00:00,{},False
O-20250619-180000-001-V2-2499,BACKTESTER-001,MLSignalStrategyV2-V2,EUR/USD.IDEALPRO,IDEALPRO-1-2499,IDEALPRO-001,IDEALPRO-1-345681,EUR/USD.IDEALPRO-MLSignalStrategyV2-V2,SELL,LIMIT,100000.00,1.14866,USD,2.30 USD,MAKER,ff3af16e-f3d9-4b42-b05d-afff9b2db2be,2025-06-19 18:33:00+00:00,2025-06-19 18:33:00+00:00,{},False
O-20250620-030000-001-V2-2500,BACKTESTER-001,MLSignalStrategyV2-V2,EUR/USD.IDEALPRO,IDEALPRO-1-2500,IDEALPRO-001,IDEALPRO-1-346666,EUR/USD.IDEALPRO-MLSignalStrategyV2-V2,BUY,MARKET,100000.00,1.15182,USD,2.30 USD,TAKER,d25db6b8-09a5-4104-b457-34e4fc149f40,2025-06-20 03:00:00+00:00,2025-06-20 03:00:00+00:00,{},False
O-20250620-030000-001-V2-2502,BACKTESTER-001,MLSignalStrategyV2-V2,EUR/USD.IDEALPRO,IDEALPRO-1-2502,IDEALPRO-001,IDEALPRO-1-346705,EUR/USD.IDEALPRO-MLSignalStrategyV2-V2,SELL,LIMIT,100000.00,1.15261,USD,2.31 USD,MAKER,56c43254-ea95-4670-b7d2-3cd0a6b2da51,2025-06-20 03:19:00+00:00,2025-06-20 03:19:00+00:00,{},False
O-20250620-160000-001-V2-2503,BACKTESTER-001,MLSignalStrategyV2-V2,EUR/USD.IDEALPRO,IDEALPRO-1-2503,IDEALPRO-001,IDEALPRO-1-348228,EUR/USD.IDEALPRO-MLSignalStrategyV2-V2,BUY,MARKET,100000.00,1.15197,USD,2.30 USD,TAKER,d60cfe17-380d-4a94-8423-5359b386a585,2025-06-20 16:00:00+00:00,2025-06-20 16:00:00+00:00,{},False
O-20250620-160000-001-V2-2505,BACKTESTER-001,MLSignalStrategyV2-V2,EUR/USD.IDEALPRO,IDEALPRO-1-2505,IDEALPRO-001,IDEALPRO-1-348271,EUR/USD.IDEALPRO-MLSignalStrategyV2-V2,SELL,LIMIT,100000.00,1.15305,USD,2.31 USD,MAKER,ff66e06e-a289-4205-a414-66481bd91fb5,2025-06-20 16:21:00+00:00,2025-06-20 16:21:00+00:00,{},False
O-20250622-213000-001-V2-2506,BACKTESTER-001,MLSignalStrategyV2-V2,EUR/USD.IDEALPRO,IDEALPRO-1-2506,IDEALPRO-001,IDEALPRO-1-348860,EUR/USD.IDEALPRO-MLSignalStrategyV2-V2,BUY,MARKET,100000.00,1.14720,USD,2.29 USD,TAKER,9ed7aec2-f95e-4345-b927-64f443eda4b7,2025-06-22 21:30:00+00:00,2025-06-22 21:30:00+00:00,{},False
O-20250622-213000-001-V2-2508,BACKTESTER-001,MLSignalStrategyV2-V2,EUR/USD.IDEALPRO,IDEALPRO-1-2508,IDEALPRO-001,IDEALPRO-1-348925,EUR/USD.IDEALPRO-MLSignalStrategyV2-V2,SELL,LIMIT,100000.00,1.14890,USD,2.30 USD,MAKER,21010a25-3b53-4f7b-be91-4c32d5ddf4c3,2025-06-22 22:02:00+00:00,2025-06-22 22:02:00+00:00,{},False
O-20250622-221500-001-V2-2509,BACKTESTER-001,MLSignalStrategyV2-V2,EUR/USD.IDEALPRO,IDEALPRO-1-2509,IDEALPRO-001,IDEALPRO-1-348952,EUR/USD.IDEALPRO-MLSignalStrategyV2-V2,BUY,MARKET,100000.00,1.14869,USD,2.30 USD,TAKER,abae4650-7476-4a9b-bb8e-9a611d3adee5,2025-06-22 22:15:00+00:00,2025-06-22 22:15:00+00:00,{},False
O-20250622-221500-001-V2-2511,BACKTESTER-001,MLSignalStrategyV2-V2,EUR/USD.IDEALPRO,IDEALPRO-1-2511,IDEALPRO-001,IDEALPRO-1-349079,EUR/USD.IDEALPRO-MLSignalStrategyV2-V2,SELL,LIMIT,100000.00,1.14966,USD,2.30 USD,MAKER,7cb0661d-c5c0-47b7-9d68-e711a0081500,2025-06-22 23:18:00+00:00,2025-06-22 23:18:00+00:00,{},False
O-20250622-233000-001-V2-2512,BACKTESTER-001,MLSignalStrategyV2-V2,EUR/USD.IDEALPRO,IDEALPRO-1-2512,IDEALPRO-001,IDEALPRO-1-349104,EUR/USD.IDEALPRO-MLSignalStrategyV2-V2,BUY,MARKET,100000.00,1.14985,USD,2.30 USD,TAKER,fba01fec-6d08-460d-844b-60bea03d421c,2025-06-22 23:30:00+00:00,2025-06-22 23:30:00+00:00,{},False
O-20250622-233000-001-V2-2513,BACKTESTER-001,MLSignalStrategyV2-V2,EUR/USD.IDEALPRO,IDEALPRO-1-2513,IDEALPRO-001,IDEALPRO-1-349205,EUR/USD.IDEALPRO-MLSignalStrategyV2-V2,SELL,STOP_MARKET,100000.00,1.14857,USD,2.30 USD,TAKER,df24da4c-00b3-47af-9684-b6fa492d99b4,2025-06-23 00:20:00+00:00,2025-06-23 00:20:00+00:00,{},False
O-20250623-050000-001-V2-2515,BACKTESTER-001,MLSignalStrategyV2-V2,EUR/USD.IDEALPRO,IDEALPRO-1-2515,IDEALPRO-001,IDEALPRO-1-349766,EUR/USD.IDEALPRO-MLSignalStrategyV2-V2,BUY,MARKET,100000.00,1.14908,USD,2.30 USD,TAKER,a495a371-cddd-4341-9c06-29199c173da4,2025-06-23 05:00:00+00:00,2025-06-23 05:00:00+00:00,{},False
O-20250623-050000-001-V2-2517,BACKTESTER-001,MLSignalStrategyV2-V2,EUR/USD.IDEALPRO,IDEALPRO-1-2517,IDEALPRO-001,IDEALPRO-1-349791,EUR/USD.IDEALPRO-MLSignalStrategyV2-V2,SELL,LIMIT,100000.00,1.14987,USD,2.30 USD,MAKER,a3757fdb-d6bc-4e9b-9732-77e58ea5e973,2025-06-23 05:12:00+00:00,2025-06-23 05:12:00+00:00,{},False
O-20250623-051500-001-V2-2518,BACKTESTER-001,MLSignalStrategyV2-V2,EUR/USD.IDEALPRO,IDEALPRO-1-2518,IDEALPRO-001,IDEALPRO-1-349798,EUR/USD.IDEALPRO-MLSignalStrategyV2-V2,BUY,MARKET,100000.00,1.14958,USD,2.30 USD,TAKER,b8bd360e-5853-420b-989a-a9a566b8b8b7,2025-06-23 05:15:00+00:00,2025-06-23 05:15:00+00:00,{},False
O-20250623-051500-001-V2-2520,BACKTESTER-001,MLSignalStrategyV2-V2,EUR/USD.IDEALPRO,IDEALPRO-1-2520,IDEALPRO-001,IDEALPRO-1-349831,EUR/USD.IDEALPRO-MLSignalStrategyV2-V2,SELL,LIMIT,100000.00,1.15036,USD,2.30 USD,MAKER,25e20fd8-8a32-4d0a-9f64-31e0a00d4f17,2025-06-23 05:31:00+00:00,2025-06-23 05:31:00+00:00,{},False
O-20250623-070000-001-V2-2521,BACKTESTER-001,MLSignalStrategyV2-V2,EUR/USD.IDEALPRO,IDEALPRO-1-2521,IDEALPRO-001,IDEALPRO-1-350011,EUR/USD.IDEALPRO-MLSignalStrategyV2-V2,SELL,MARKET,100000.00,1.15070,USD,2.30 USD,TAKER,7b01558c-bb7c-4397-b37f-c7ff18bedc56,2025-06-23 07:00:00+00:00,2025-06-23 07:00:00+00:00,{},False
O-20250623-070000-001-V2-2523,BACKTESTER-001,MLSignalStrategyV2-V2,EUR/USD.IDEALPRO,IDEALPRO-1-2523,IDEALPRO-001,IDEALPRO-1-350041,EUR/USD.IDEALPRO-MLSignalStrategyV2-V2,BUY,LIMIT,100000.00,1.14990,USD,2.30 USD,MAKER,adefae85-f2c9-4962-ae6d-2dd4ddadc2d4,2025-06-23 07:15:00+00:00,2025-06-23 07:15:00+00:00,{},False
O-20250623-084500-001-V2-2524,BACKTESTER-001,MLSignalStrategyV2-V2,EUR/USD.IDEALPRO,IDEALPRO-1-2524,IDEALPRO-001,IDEALPRO-1-350222,EUR/USD.IDEALPRO-MLSignalStrategyV2-V2,BUY,MARKET,100000.00,1.14875,USD,2.30 USD,TAKER,fecb0cc6-597a-4f2d-97e5-08c354d12398,2025-06-23 08:45:00+00:00,2025-06-23 08:45:00+00:00,{},False
O-20250623-084500-001-V2-2525,BACKTESTER-001,MLSignalStrategyV2-V2,EUR/USD.IDEALPRO,IDEALPRO-1-2525,IDEALPRO-001,IDEALPRO-1-350261,EUR/USD.IDEALPRO-MLSignalStrategyV2-V2,SELL,STOP_MARKET,100000.00,1.14753,USD,2.30 USD,TAKER,141a58a1-50f8-47d0-9bbd-81ad4c373e86,2025-06-23 09:04:00+00:00,2025-06-23 09:04:00+00:00,{},False
O-20250623-103000-001-V2-2527,BACKTESTER-001,MLSignalStrategyV2-V2,EUR/USD.IDEALPRO,IDEALPRO-1-2527,IDEALPRO-001,IDEALPRO-1-350434,EUR/USD.IDEALPRO-MLSignalStrategyV2-V2,BUY,MARKET,100000.00,1.14678,USD,2.29 USD,TAKER,55445840-8337-4341-a167-ef08f3e7cd3c,2025-06-23 10:30:00+00:00,2025-06-23 10:30:00+00:00,{},False
O-20250623-103000-001-V2-2529,BACKTESTER-001,MLSignalStrategyV2-V2,EUR/USD.IDEALPRO,IDEALPRO-1-2529,IDEALPRO-001,IDEALPRO-1-350815,EUR/USD.IDEALPRO-MLSignalStrategyV2-V2,SELL,LIMIT,100000.00,1.14857,USD,2.30 USD,MAKER,80fa2be8-9f3a-481c-9e24-ed6c35f5541f,2025-06-23 13:40:00+00:00,2025-06-23 13:40:00+00:00,{},False
O-20250623-143000-001-V2-2530,BACKTESTER-001,MLSignalStrategyV2-V2,EUR/USD.IDEALPRO,IDEALPRO-1-2530,IDEALPRO-001,IDEALPRO-1-350916,EUR/USD.IDEALPRO-MLSignalStrategyV2-V2,SELL,MARKET,100000.00,1.15300,USD,2.31 USD,TAKER,455587bc-5d38-4be3-bb65-e4027d441f85,2025-06-23 14:30:00+00:00,2025-06-23 14:30:00+00:00,{},False
O-20250623-143000-001-V2-2531,BACKTESTER-001,MLSignalStrategyV2-V2,EUR/USD.IDEALPRO,IDEALPRO-1-2531,IDEALPRO-001,IDEALPRO-1-351031,EUR/USD.IDEALPRO-MLSignalStrategyV2-V2,BUY,STOP_MARKET,100000.00,1.15488,USD,2.31 USD,TAKER,93cd6acd-a68b-48a3-bad6-6f182d9a33d2,2025-06-23 15:27:00+00:00,2025-06-23 15:27:00+00:00,{},False
O-20250623-191500-001-V2-2533,BACKTESTER-001,MLSignalStrategyV2-V2,EUR/USD.IDEALPRO,IDEALPRO-1-2533,IDEALPRO-001,IDEALPRO-1-351489,EUR/USD.IDEALPRO-MLSignalStrategyV2-V2,BUY,MARKET,100000.00,1.15768,USD,2.32 USD,TAKER,35f76533-e16b-42a0-9aee-626573b378c0,2025-06-23 19:15:00+00:00,2025-06-23 19:15:00+00:00,{},False
O-20250623-191500-001-V2-2535,BACKTESTER-001,MLSignalStrategyV2-V2,EUR/USD.IDEALPRO,IDEALPRO-1-2535,IDEALPRO-001,IDEALPRO-1-351801,EUR/USD.IDEALPRO-MLSignalStrategyV2-V2,SELL,LIMIT,100000.00,1.15893,USD,2.32 USD,MAKER,76360ffe-cc8c-4e51-8fae-db3e44ca9407,2025-06-23 22:06:00+00:00,2025-06-23 22:06:00+00:00,{},False
O-20250624-004500-001-V2-2536,BACKTESTER-001,MLSignalStrategyV2-V2,EUR/USD.IDEALPRO,IDEALPRO-1-2536,IDEALPRO-001,IDEALPRO-1-352120,EUR/USD.IDEALPRO-MLSignalStrategyV2-V2,BUY,MARKET,100000.00,1.16041,USD,2.32 USD,TAKER,eefc1f6e-da99-4ef5-b8be-bed39161bfa0,2025-06-24 00:45:00+00:00,2025-06-24 00:45:00+00:00,{},False
O-20250624-004500-001-V2-2537,BACKTESTER-001,MLSignalStrategyV2-V2,EUR/USD.IDEALPRO,IDEALPRO-1-2537,IDEALPRO-001,IDEALPRO-1-352133,EUR/USD.IDEALPRO-MLSignalStrategyV2-V2,SELL,STOP_MARKET,100000.00,1.15896,USD,2.32 USD,TAKER,34e71b48-c3b3-42e8-9dcf-ec88a39d1e9a,2025-06-24 00:51:00+00:00,2025-06-24 00:51:00+00:00,{},False
O-20250624-010000-001-V2-2539,BACKTESTER-001,MLSignalStrategyV2-V2,EUR/USD.IDEALPRO,IDEALPRO-1-2539,IDEALPRO-001,IDEALPRO-1-352152,EUR/USD.IDEALPRO-MLSignalStrategyV2-V2,BUY,MARKET,100000.00,1.15994,USD,2.32 USD,TAKER,b91bdb47-ab09-42f1-9509-27beaa358124,2025-06-24 01:00:00+00:00,2025-06-24 01:00:00+00:00,{},False
O-20250624-010000-001-V2-2540,BACKTESTER-001,MLSignalStrategyV2-V2,EUR/USD.IDEALPRO,IDEALPRO-1-2540,IDEALPRO-001,IDEALPRO-1-352293,EUR/USD.IDEALPRO-MLSignalStrategyV2-V2,SELL,STOP_MARKET,100000.00,1.15867,USD,2.32 USD,TAKER,55b079a3-17e0-41ae-a00e-98bd14cb30bd,2025-06-24 02:10:00+00:00,2025-06-24 02:10:00+00:00,{},False
O-20250624-041500-001-V2-2542,BACKTESTER-001,MLSignalStrategyV2-V2,EUR/USD.IDEALPRO,IDEALPRO-1-2542,IDEALPRO-001,IDEALPRO-1-352545,EUR/USD.IDEALPRO-MLSignalStrategyV2-V2,BUY,MARKET,100000.00,1.16041,USD,2.32 USD,TAKER,1a514446-193b-4170-a68e-e0e793adb04e,2025-06-24 04:15:00+00:00,2025-06-24 04:15:00+00:00,{},False
O-20250624-041500-001-V2-2544,BACKTESTER-001,MLSignalStrategyV2-V2,EUR/USD.IDEALPRO,IDEALPRO-1-2544,IDEALPRO-001,IDEALPRO-1-352609,EUR/USD.IDEALPRO-MLSignalStrategyV2-V2,SELL,LIMIT,100000.00,1.16131,USD,2.32 USD,MAKER,60d5c98d-3b24-4260-a64d-3865069b7b2a,2025-06-24 04:47:00+00:00,2025-06-24 04:47:00+00:00,{},False
O-20250624-080000-001-V2-2545,BACKTESTER-001,MLSignalStrategyV2-V2,EUR/USD.IDEALPRO,IDEALPRO-1-2545,IDEALPRO-001,IDEALPRO-1-352996,EUR/USD.IDEALPRO-MLSignalStrategyV2-V2,BUY,MARKET,100000.00,1.15917,USD,2.32 USD,TAKER,8915c800-7110-4276-b555-fe54c77f3d7e,2025-06-24 08:00:00+00:00,2025-06-24 08:00:00+00:00,{},False
O-20250624-080000-001-V2-2547,BACKTESTER-001,MLSignalStrategyV2-V2,EUR/USD.IDEALPRO,IDEALPRO-1-2547,IDEALPRO-001,IDEALPRO-1-353157,EUR/USD.IDEALPRO-MLSignalStrategyV2-V2,SELL,LIMIT,100000.00,1.16081,USD,2.32 USD,MAKER,7330a497-b880-41cb-8a69-7d4f24872c24,2025-06-24 09:20:00+00:00,2025-06-24 09:20:00+00:00,{},False
O-20250624-171500-001-V2-2548,BACKTESTER-001,MLSignalStrategyV2-V2,EUR/USD.IDEALPRO,IDEALPRO-1-2548,IDEALPRO-001,IDEALPRO-1-354108,EUR/USD.IDEALPRO-MLSignalStrategyV2-V2,SELL,MARKET,100000.00,1.16253,USD,2.33 USD,TAKER,dd504818-0a68-4cc4-a2cf-a85f288d7c4e,2025-06-24 17:15:00+00:00,2025-06-24 17:15:00+00:00,{},False
O-20250624-171500-001-V2-2550,BACKTESTER-001,MLSignalStrategyV2-V2,EUR/USD.IDEALPRO,IDEALPRO-1-2550,IDEALPRO-001,IDEALPRO-1-354431,EUR/USD.IDEALPRO-MLSignalStrategyV2-V2,BUY,LIMIT,100000.00,1.16143,USD,2.32 USD,MAKER,e9d93cc5-097f-41b6-8664-38cfda18753a,2025-06-24 19:56:00+00:00,2025-06-24 19:56:00+00:00,{},False
O-20250624-220000-001-V2-2551,BACKTESTER-001,MLSignalStrategyV2-V2,EUR/USD.IDEALPRO,IDEALPRO-1-2551,IDEALPRO-001,IDEALPRO-1-354650,EUR/USD.IDEALPRO-MLSignalStrategyV2-V2,SELL,MARKET,100000.00,1.16104,USD,2.32 USD,TAKER,6df7245e-7dd9-42eb-9961-ac6cf52ae51e,2025-06-24 22:00:00+00:00,2025-06-24 22:00:00+00:00,{},False
O-20250624-220000-001-V2-2552,BACKTESTER-001,MLSignalStrategyV2-V2,EUR/USD.IDEALPRO,IDEALPRO-1-2552,IDEALPRO-001,IDEALPRO-1-354897,EUR/USD.IDEALPRO-MLSignalStrategyV2-V2,BUY,STOP_MARKET,100000.00,1.16187,USD,2.32 USD,TAKER,3b4e1088-f9ed-4c2e-afe0-f209a4faafcc,2025-06-25 00:03:00+00:00,2025-06-25 00:03:00+00:00,{},False
O-20250625-023000-001-V2-2554,BACKTESTER-001,MLSignalStrategyV2-V2,EUR/USD.IDEALPRO,IDEALPRO-1-2554,IDEALPRO-001,IDEALPRO-1-355192,EUR/USD.IDEALPRO-MLSignalStrategyV2-V2,SELL,MARKET,100000.00,1.16247,USD,2.32 USD,TAKER,60bbaba8-226e-487d-b549-2d49fa11dd95,2025-06-25 02:30:00+00:00,2025-06-25 02:30:00+00:00,{},False
O-20250625-023000-001-V2-2556,BACKTESTER-001,MLSignalStrategyV2-V2,EUR/USD.IDEALPRO,IDEALPRO-1-2556,IDEALPRO-001,IDEALPRO-1-355241,EUR/USD.IDEALPRO-MLSignalStrategyV2-V2,BUY,LIMIT,100000.00,1.16178,USD,2.32 USD,MAKER,38751117-5931-4ec5-a081-1f0dc46fa9f7,2025-06-25 02:54:00+00:00,2025-06-25 02:54:00+00:00,{},False
O-20250625-030000-001-V2-2557,BACKTESTER-001,MLSignalStrategyV2-V2,EUR/USD.IDEALPRO,IDEALPRO-1-2557,IDEALPRO-001,IDEALPRO-1-355254,EUR/USD.IDEALPRO-MLSignalStrategyV2-V2,SELL,MARKET,100000.00,1.16206,USD,2.32 USD,TAKER,1bddbd4f-1a64-47a2-9483-a0ef9e11daf1,2025-06-25 03:00:00+00:00,2025-06-25 03:00:00+00:00,{},False
O-20250625-030000-001-V2-2559,BACKTESTER-001,MLSignalStrategyV2-V2,EUR/USD.IDEALPRO,IDEALPRO-1-2559,IDEALPRO-001,IDEALPRO-1-355359,EUR/USD.IDEALPRO-MLSignalStrategyV2-V2,BUY,LIMIT,100000.00,1.16142,USD,2.32 USD,MAKER,31b4630c-91c3-478b-bca2-93013743830a,2025-06-25 03:52:00+00:00,2025-06-25 03:52:00+00:00,{},False
O-20250625-044500-001-V2-2560,BACKTESTER-001,MLSignalStrategyV2-V2,EUR/USD.IDEALPRO,IDEALPRO-1-2560,IDEALPRO-001,IDEALPRO-1-355467,EUR/USD.IDEALPRO-MLSignalStrategyV2-V2,SELL,MARKET,100000.00,1.16137,USD,2.32 USD,TAKER,07cb7da5-f808-480a-8752-06818ebc90a6,2025-06-25 04:45:00+00:00,2025-06-25 04:45:00+00:00,{},False
O-20250625-044500-001-V2-2561,BACKTESTER-001,MLSignalStrategyV2-V2,EUR/USD.IDEALPRO,IDEALPRO-1-2561,IDEALPRO-001,IDEALPRO-1-355617,EUR/USD.IDEALPRO-MLSignalStrategyV2-V2,BUY,STOP_MARKET,100000.00,1.16204,USD,2.32 USD,TAKER,aab1c4c8-e8c6-494d-8339-b21c99b2e57d,2025-06-25 06:00:00+00:00,2025-06-25 06:00:00+00:00,{},False
O-20250625-074500-001-V2-2563,BACKTESTER-001,MLSignalStrategyV2-V2,EUR/USD.IDEALPRO,IDEALPRO-1-2563,IDEALPRO-001,IDEALPRO-1-355828,EUR/USD.IDEALPRO-MLSignalStrategyV2-V2,BUY,MARKET,100000.00,1.16078,USD,2.32 USD,TAKER,28ea913a-7a37-4a57-a4da-5ef54d97f5fc,2025-06-25 07:45:00+00:00,2025-06-25 07:45:00+00:00,{},False
O-20250625-074500-001-V2-2564,BACKTESTER-001,MLSignalStrategyV2-V2,EUR/USD.IDEALPRO,IDEALPRO-1-2564,IDEALPRO-001,IDEALPRO-1-355843,EUR/USD.IDEALPRO-MLSignalStrategyV2-V2,SELL,STOP_MARKET,100000.00,1.15975,USD,2.32 USD,TAKER,6881f345-b867-40a6-bd88-ca1251381d5d,2025-06-25 07:52:00+00:00,2025-06-25 07:52:00+00:00,{},False
O-20250625-080000-001-V2-2566,BACKTESTER-001,MLSignalStrategyV2-V2,EUR/USD.IDEALPRO,IDEALPRO-1-2566,IDEALPRO-001,IDEALPRO-1-355860,EUR/USD.IDEALPRO-MLSignalStrategyV2-V2,BUY,MARKET,100000.00,1.15991,USD,2.32 USD,TAKER,bd3d15c7-54ba-4528-8429-ea37c9fab99c,2025-06-25 08:00:00+00:00,2025-06-25 08:00:00+00:00,{},False
O-20250625-080000-001-V2-2568,BACKTESTER-001,MLSignalStrategyV2-V2,EUR/USD.IDEALPRO,IDEALPRO-1-2568,IDEALPRO-001,IDEALPRO-1-355951,EUR/USD.IDEALPRO-MLSignalStrategyV2-V2,SELL,LIMIT,100000.00,1.16073,USD,2.32 USD,MAKER,d7dccad1-2e2c-4f22-81e6-7bb854322d1a,2025-06-25 08:45:00+00:00,2025-06-25 08:45:00+00:00,{},False
O-20250625-213000-001-V2-2569,BACKTESTER-001,MLSignalStrategyV2-V2,EUR/USD.IDEALPRO,IDEALPRO-1-2569,IDEALPRO-001,IDEALPRO-1-357453,EUR/USD.IDEALPRO-MLSignalStrategyV2-V2,BUY,MARKET,100000.00,1.16553,USD,2.33 USD,TAKER,ccb3d1f8-7d3f-427f-8e1b-af06f84a590d,2025-06-25 21:30:00+00:00,2025-06-25 21:30:00+00:00,{},False
O-20250625-213000-001-V2-2571,BACKTESTER-001,MLSignalStrategyV2-V2,EUR/USD.IDEALPRO,IDEALPRO-1-2571,IDEALPRO-001,IDEALPRO-1-357635,EUR/USD.IDEALPRO-MLSignalStrategyV2-V2,SELL,LIMIT,100000.00,1.16647,USD,2.33 USD,MAKER,ee42a225-3854-47c9-919f-209666d3df2f,2025-06-25 23:01:00+00:00,2025-06-25 23:01:00+00:00,{},False
O-20250625-234500-001-V2-2572,BACKTESTER-001,MLSignalStrategyV2-V2,EUR/USD.IDEALPRO,IDEALPRO-1-2572,IDEALPRO-001,IDEALPRO-1-357725,EUR/USD.IDEALPRO-MLSignalStrategyV2-V2,SELL,MARKET,100000.00,1.16771,USD,2.34 USD,TAKER,8a9e5141-3a09-4781-a383-661b7be606f5,2025-06-25 23:45:00+00:00,2025-06-25 23:45:00+00:00,{},False
O-20250625-234500-001-V2-2573,BACKTESTER-001,MLSignalStrategyV2-V2,EUR/USD.IDEALPRO,IDEALPRO-1-2573,IDEALPRO-001,IDEALPRO-1-357749,EUR/USD.IDEALPRO-MLSignalStrategyV2-V2,BUY,STOP_MARKET,100000.00,1.16848,USD,2.34 USD,TAKER,f42cc341-48a3-42c0-acf7-68fc2aa5bf64,2025-06-25 23:57:00+00:00,2025-06-25 23:57:00+00:00,{},False
O-20250626-000000-001-V2-2575,BACKTESTER-001,MLSignalStrategyV2-V2,EUR/USD.IDEALPRO,IDEALPRO-1-2575,IDEALPRO-001,IDEALPRO-1-357756,EUR/USD.IDEALPRO-MLSignalStrategyV2-V2,SELL,MARKET,100000.00,1.16834,USD,2.34 USD,TAKER,f18dcfe1-f348-4012-86a2-7a3f46965609,2025-06-26 00:00:00+00:00,2025-06-26 00:00:00+00:00,{},False
O-20250626-000000-001-V2-2577,BACKTESTER-001,MLSignalStrategyV2-V2,EUR/USD.IDEALPRO,IDEALPRO-1-2577,IDEALPRO-001,IDEALPRO-1-357907,EUR/USD.IDEALPRO-MLSignalStrategyV2-V2,BUY,LIMIT,100000.00,1.16759,USD,2.34 USD,MAKER,1ebdc79d-bba1-424d-b45b-2059736cd8fa,2025-06-26 01:15:00+00:00,2025-06-26 01:15:00+00:00,{},False
O-20250626-033000-001-V2-2578,BACKTESTER-001,MLSignalStrategyV2-V2,EUR/USD.IDEALPRO,IDEALPRO-1-2578,IDEALPRO-001,IDEALPRO-1-358178,EUR/USD.IDEALPRO-MLSignalStrategyV2-V2,SELL,MARKET,100000.00,1.16949,USD,2.34 USD,TAKER,ee11b2a9-8616-4d01-8c1c-3db901f907d6,2025-06-26 03:30:00+00:00,2025-06-26 03:30:00+00:00,{},False
O-20250626-033000-001-V2-2580,BACKTESTER-001,MLSignalStrategyV2-V2,EUR/USD.IDEALPRO,IDEALPRO-1-2580,IDEALPRO-001,IDEALPRO-1-358263,EUR/USD.IDEALPRO-MLSignalStrategyV2-V2,BUY,LIMIT,100000.00,1.16847,USD,2.34 USD,MAKER,efb0505a-ad0b-43a5-8d8e-282f5ea61030,2025-06-26 04:12:00+00:00,2025-06-26 04:12:00+00:00,{},False
O-20250626-063000-001-V2-2581,BACKTESTER-001,MLSignalStrategyV2-V2,EUR/USD.IDEALPRO,IDEALPRO-1-2581,IDEALPRO-001,IDEALPRO-1-358541,EUR/USD.IDEALPRO-MLSignalStrategyV2-V2,SELL,MARKET,100000.00,1.16776,USD,2.34 USD,TAKER,c2e42340-49f4-4f1a-a605-255430e88ddf,2025-06-26 06:30:00+00:00,2025-06-26 06:30:00+00:00,{},False
O-20250626-063000-001-V2-2582,BACKTESTER-001,MLSignalStrategyV2-V2,EUR/USD.IDEALPRO,IDEALPRO-1-2582,IDEALPRO-001,IDEALPRO-1-358575,EUR/USD.IDEALPRO-MLSignalStrategyV2-V2,BUY,STOP_MARKET,100000.00,1.16886,USD,2.34 USD,TAKER,96b3de89-7b51-4fdc-95b8-0565e5c4a6e0,2025-06-26 06:47:00+00:00,2025-06-26 06:47:00+00:00,{},False
O-20250626-090000-001-V2-2584,BACKTESTER-001,MLSignalStrategyV2-V2,EUR/USD.IDEALPRO,IDEALPRO-1-2584,IDEALPRO-001,IDEALPRO-1-358843,EUR/USD.IDEALPRO-MLSignalStrategyV2-V2,SELL,MARKET,100000.00,1.17278,USD,2.35 USD,TAKER,e9e0b46a-0a3a-4c4a-9dd4-f35faf55d161,2025-06-26 09:00:00+00:00,2025-06-26 09:00:00+00:00,{},False
O-20250626-090000-001-V2-2586,BACKTESTER-001,MLSignalStrategyV2-V2,EUR/USD.IDEALPRO,IDEALPRO-1-2586,IDEALPRO-001,IDEALPRO-1-358895,EUR/USD.IDEALPRO-MLSignalStrategyV2-V2,BUY,LIMIT,100000.00,1.17143,USD,2.34 USD,MAKER,7c8f4786-e498-40fc-bfc1-d4794bc62b73,2025-06-26 09:26:00+00:00,2025-06-26 09:26:00+00:00,{},False
O-20250626-093000-001-V2-2587,BACKTESTER-001,MLSignalStrategyV2-V2,EUR/USD.IDEALPRO,IDEALPRO-1-2587,IDEALPRO-001,IDEALPRO-1-358904,EUR/USD.IDEALPRO-MLSignalStrategyV2-V2,SELL,MARKET,100000.00,1.17193,USD,2.34 USD,TAKER,3e7bf4d2-34c1-4197-9ce9-a3c07141e8de,2025-06-26 09:30:00+00:00,2025-06-26 09:30:00+00:00,{},False
O-20250626-093000-001-V2-2589,BACKTESTER-001,MLSignalStrategyV2-V2,EUR/USD.IDEALPRO,IDEALPRO-1-2589,IDEALPRO-001,IDEALPRO-1-359103,EUR/USD.IDEALPRO-MLSignalStrategyV2-V2,BUY,LIMIT,100000.00,1.17066,USD,2.34 USD,MAKER,a6754ee3-027a-4e14-866c-e894047466e8,2025-06-26 11:09:00+00:00,2025-06-26 11:09:00+00:00,{},False
O-20250626-181500-001-V2-2590,BACKTESTER-001,MLSignalStrategyV2-V2,EUR/USD.IDEALPRO,IDEALPRO-1-2590,IDEALPRO-001,IDEALPRO-1-359957,EUR/USD.IDEALPRO-MLSignalStrategyV2-V2,BUY,MARKET,100000.00,1.17271,USD,2.35 USD,TAKER,3bca8ef8-0e2a-4631-af16-f0f9ab78028a,2025-06-26 18:15:00+00:00,2025-06-26 18:15:00+00:00,{},False
O-20250626-181500-001-V2-2591,BACKTESTER-001,MLSignalStrategyV2-V2,EUR/USD.IDEALPRO,IDEALPRO-1-2591,IDEALPRO-001,IDEALPRO-1-360059,EUR/USD.IDEALPRO-MLSignalStrategyV2-V2,SELL,STOP_MARKET,100000.00,1.17163,USD,2.34 USD,TAKER,8eabaa72-972f-4780-b4ba-b285a0ca1654,2025-06-26 19:06:00+00:00,2025-06-26 19:06:00+00:00,{},False
O-20250626-213000-001-V2-2593,BACKTESTER-001,MLSignalStrategyV2-V2,EUR/USD.IDEALPRO,IDEALPRO-1-2593,IDEALPRO-001,IDEALPRO-1-360318,EUR/USD.IDEALPRO-MLSignalStrategyV2-V2,BUY,MARKET,100000.00,1.16970,USD,2.34 USD,TAKER,7510e144-0155-4300-98a1-5c77967e2edf,2025-06-26 21:30:00+00:00,2025-06-26 21:30:00+00:00,{},False
O-20250626-213000-001-V2-2594,BACKTESTER-001,MLSignalStrategyV2-V2,EUR/USD.IDEALPRO,IDEALPRO-1-2594,IDEALPRO-001,IDEALPRO-1-360455,EUR/USD.IDEALPRO-MLSignalStrategyV2-V2,SELL,STOP_MARKET,100000.00,1.16833,USD,2.34 USD,TAKER,3677ec42-a6a0-4f98-9f9f-628df9653bf7,2025-06-26 22:38:00+00:00,2025-06-26 22:38:00+00:00,{},False
O-20250626-230000-001-V2-2596,BACKTESTER-001,MLSignalStrategyV2-V2,EUR/USD.IDEALPRO,IDEALPRO-1-2596,IDEALPRO-001,IDEALPRO-1-360500,EUR/USD.IDEALPRO-MLSignalStrategyV2-V2,BUY,MARKET,100000.00,1.16831,USD,2.34 USD,TAKER,bee06132-a692-477b-a99d-aafe693f1470,2025-06-26 23:00:00+00:00,2025-06-26 23:00:00+00:00,{},False
O-20250626-230000-001-V2-2598,BACKTESTER-001,MLSignalStrategyV2-V2,EUR/USD.IDEALPRO,IDEALPRO-1-2598,IDEALPRO-001,IDEALPRO-1-360509,EUR/USD.IDEALPRO-MLSignalStrategyV2-V2,SELL,LIMIT,100000.00,1.16914,USD,2.34 USD,MAKER,4e6775b4-7135-4157-8028-04fb4ccedbf2,2025-06-26 23:04:00+00:00,2025-06-26 23:04:00+00:00,{},False
O-20250626-231500-001-V2-2599,BACKTESTER-001,MLSignalStrategyV2-V2,EUR/USD.IDEALPRO,IDEALPRO-1-2599,IDEALPRO-001,IDEALPRO-1-360532,EUR/USD.IDEALPRO-MLSignalStrategyV2-V2,BUY,MARKET,100000.00,1.16925,USD,2.34 USD,TAKER,fcabd3f5-6b51-4439-8c5f-4f8ba185146e,2025-06-26 23:15:00+00:00,2025-06-26 23:15:00+00:00,{},False
O-20250626-231500-001-V2-2601,BACKTESTER-001,MLSignalStrategyV2-V2,EUR/USD.IDEALPRO,IDEALPRO-1-2601,IDEALPRO-001,IDEALPRO-1-360847,EUR/USD.IDEALPRO-MLSignalStrategyV2-V2,SELL,LIMIT,100000.00,1.17021,USD,2.34 USD,MAKER,e04449fe-c5ad-4eeb-86ff-b09a61db1c69,2025-06-27 01:52:00+00:00,2025-06-27 01:52:00+00:00,{},False
O-20250627-034500-001-V2-2602,BACKTESTER-001,MLSignalStrategyV2-V2,EUR/USD.IDEALPRO,IDEALPRO-1-2602,IDEALPRO-001,IDEALPRO-1-361074,EUR/USD.IDEALPRO-MLSignalStrategyV2-V2,SELL,MARKET,100000.00,1.17051,USD,2.34 USD,TAKER,dcab5f62-67e7-4f01-9952-3ebc82c73684,2025-06-27 03:45:00+00:00,2025-06-27 03:45:00+00:00,{},False
O-20250627-034500-001-V2-2604,BACKTESTER-001,MLSignalStrategyV2-V2,EUR/USD.IDEALPRO,IDEALPRO-1-2604,IDEALPRO-001,IDEALPRO-1-361091,EUR/USD.IDEALPRO-MLSignalStrategyV2-V2,BUY,LIMIT,100000.00,1.16962,USD,2.34 USD,MAKER,4a694b3e-166e-4ca8-8b0c-53ca008793c8,2025-06-27 03:53:00+00:00,2025-06-27 03:53:00+00:00,{},False
O-20250627-040000-001-V2-2605,BACKTESTER-001,MLSignalStrategyV2-V2,EUR/USD.IDEALPRO,IDEALPRO-1-2605,IDEALPRO-001,IDEALPRO-1-361106,EUR/USD.IDEALPRO-MLSignalStrategyV2-V2,BUY,MARKET,100000.00,1.16958,USD,2.34 USD,TAKER,8bdbb11c-3cf1-4ef9-aa7e-8cb2bc15b790,2025-06-27 04:00:00+00:00,2025-06-27 04:00:00+00:00,{},False
O-20250627-040000-001-V2-2606,BACKTESTER-001,MLSignalStrategyV2-V2,EUR/USD.IDEALPRO,IDEALPRO-1-2606,IDEALPRO-001,IDEALPRO-1-361223,EUR/USD.IDEALPRO-MLSignalStrategyV2-V2,SELL,STOP_MARKET,100000.00,1.16866,USD,2.34 USD,TAKER,71dd8601-a2a4-490f-b138-72f0f8bf9885,2025-06-27 04:58:00+00:00,2025-06-27 04:58:00+00:00,{},False
O-20250627-050000-001-V2-2608,BACKTESTER-001,MLSignalStrategyV2-V2,EUR/USD.IDEALPRO,IDEALPRO-1-2608,IDEALPRO-001,IDEALPRO-1-361229,EUR/USD.IDEALPRO-MLSignalStrategyV2-V2,BUY,MARKET,100000.00,1.16851,USD,2.34 USD,TAKER,a15555f4-3d78-494f-84a1-3f8331f1b6a9,2025-06-27 05:00:00+00:00,2025-06-27 05:00:00+00:00,{},False
O-20250627-050000-001-V2-2610,BACKTESTER-001,MLSignalStrategyV2-V2,EUR/USD.IDEALPRO,IDEALPRO-1-2610,IDEALPRO-001,IDEALPRO-1-361293,EUR/USD.IDEALPRO-MLSignalStrategyV2-V2,SELL,LIMIT,100000.00,1.16916,USD,2.34 USD,MAKER,afafc9ee-ef18-4d27-b78c-23a65457b209,2025-06-27 05:32:00+00:00,2025-06-27 05:32:00+00:00,{},False
O-20250627-073000-001-V2-2611,BACKTESTER-001,MLSignalStrategyV2-V2,EUR/USD.IDEALPRO,IDEALPRO-1-2611,IDEALPRO-001,IDEALPRO-1-361530,EUR/USD.IDEALPRO-MLSignalStrategyV2-V2,BUY,MARKET,100000.00,1.17125,USD,2.34 USD,TAKER,1b09b8bb-0dbe-4617-af0b-af41823af7a4,2025-06-27 07:30:00+00:00,2025-06-27 07:30:00+00:00,{},False
O-20250627-073000-001-V2-2613,BACKTESTER-001,MLSignalStrategyV2-V2,EUR/USD.IDEALPRO,IDEALPRO-1-2613,IDEALPRO-001,IDEALPRO-1-361607,EUR/USD.IDEALPRO-MLSignalStrategyV2-V2,SELL,LIMIT,100000.00,1.17237,USD,2.34 USD,MAKER,773c7c17-3e30-4795-9b40-05a084ac8a1c,2025-06-27 08:08:00+00:00,2025-06-27 08:08:00+00:00,{},False
O-20250627-133000-001-V2-2614,BACKTESTER-001,MLSignalStrategyV2-V2,EUR/USD.IDEALPRO,IDEALPRO-1-2614,IDEALPRO-001,IDEALPRO-1-362252,EUR/USD.IDEALPRO-MLSignalStrategyV2-V2,SELL,MARKET,100000.00,1.17239,USD,2.34 USD,TAKER,fade26e3-02a9-4e75-818d-023afe9acddc,2025-06-27 13:30:00+00:00,2025-06-27 13:30:00+00:00,{},False
O-20250627-133000-001-V2-2616,BACKTESTER-001,MLSignalStrategyV2-V2,EUR/USD.IDEALPRO,IDEALPRO-1-2616,IDEALPRO-001,IDEALPRO-1-362407,EUR/USD.IDEALPRO-MLSignalStrategyV2-V2,BUY,LIMIT,100000.00,1.17079,USD,2.34 USD,MAKER,80f06abc-3012-416c-8709-da3f5fda122f,2025-06-27 14:47:00+00:00,2025-06-27 14:47:00+00:00,{},False
O-20250627-160000-001-V2-2617,BACKTESTER-001,MLSignalStrategyV2-V2,EUR/USD.IDEALPRO,IDEALPRO-1-2617,IDEALPRO-001,IDEALPRO-1-362554,EUR/USD.IDEALPRO-MLSignalStrategyV2-V2,SELL,MARKET,100000.00,1.17236,USD,2.34 USD,TAKER,2fe08538-d6a0-4acf-9d3c-157776b25987,2025-06-27 16:00:00+00:00,2025-06-27 16:00:00+00:00,{},False
O-20250627-160000-001-V2-2619,BACKTESTER-001,MLSignalStrategyV2-V2,EUR/USD.IDEALPRO,IDEALPRO-1-2619,IDEALPRO-001,IDEALPRO-1-362725,EUR/USD.IDEALPRO-MLSignalStrategyV2-V2,BUY,LIMIT,100000.00,1.17094,USD,2.34 USD,MAKER,685f5998-3bf1-4ea7-a55e-b1a6c5930870,2025-06-27 17:25:00+00:00,2025-06-27 17:25:00+00:00,{},False
O-20250627-201500-001-V2-2620,BACKTESTER-001,MLSignalStrategyV2-V2,EUR/USD.IDEALPRO,IDEALPRO-1-2620,IDEALPRO-001,IDEALPRO-1-363066,EUR/USD.IDEALPRO-MLSignalStrategyV2-V2,BUY,MARKET,100000.00,1.17116,USD,2.34 USD,TAKER,c89b6d19-41d4-441a-83b1-a5ddd26dd979,2025-06-27 20:15:00+00:00,2025-06-27 20:15:00+00:00,{},False
O-20250627-201500-001-V2-2622,BACKTESTER-001,MLSignalStrategyV2-V2,EUR/USD.IDEALPRO,IDEALPRO-1-2622,IDEALPRO-001,IDEALPRO-1-363141,EUR/USD.IDEALPRO-MLSignalStrategyV2-V2,SELL,LIMIT,100000.00,1.17195,USD,2.34 USD,MAKER,2a8d6930-b019-4484-9d73-cdd4d69123f6,2025-06-27 20:52:00+00:00,2025-06-27 20:52:00+00:00,{},False
O-20250629-213000-001-V2-2623,BACKTESTER-001,MLSignalStrategyV2-V2,EUR/USD.IDEALPRO,IDEALPRO-1-2623,IDEALPRO-001,IDEALPRO-1-363188,EUR/USD.IDEALPRO-MLSignalStrategyV2-V2,BUY,MARKET,100000.00,1.17258,USD,2.35 USD,TAKER,65f650e4-a651-4b21-9617-68a61ae786cb,2025-06-29 21:30:00+00:00,2025-06-29 21:30:00+00:00,{},False
O-20250629-213000-001-V2-2625,BACKTESTER-001,MLSignalStrategyV2-V2,EUR/USD.IDEALPRO,IDEALPRO-1-2625,IDEALPRO-001,IDEALPRO-1-363375,EUR/USD.IDEALPRO-MLSignalStrategyV2-V2,SELL,LIMIT,100000.00,1.17353,USD,2.35 USD,MAKER,6c0dbb22-e487-47bf-adbb-29d983e98cfa,2025-06-29 23:03:00+00:00,2025-06-29 23:03:00+00:00,{},False
O-20250629-231500-001-V2-2626,BACKTESTER-001,MLSignalStrategyV2-V2,EUR/USD.IDEALPRO,IDEALPRO-1-2626,IDEALPRO-001,IDEALPRO-1-363400,EUR/USD.IDEALPRO-MLSignalStrategyV2-V2,SELL,MARKET,100000.00,1.17367,USD,2.35 USD,TAKER,31a865f7-663e-4503-9942-0b0bc208f8c4,2025-06-29 23:15:00+00:00,2025-06-29 23:15:00+00:00,{},False
O-20250629-231500-001-V2-2628,BACKTESTER-001,MLSignalStrategyV2-V2,EUR/USD.IDEALPRO,IDEALPRO-1-2628,IDEALPRO-001,IDEALPRO-1-363473,EUR/USD.IDEALPRO-MLSignalStrategyV2-V2,BUY,LIMIT,100000.00,1.17284,USD,2.35 USD,MAKER,c86718a5-7673-4a16-8ad6-61f02fd52714,2025-06-29 23:51:00+00:00,2025-06-29 23:51:00+00:00,{},False
O-20250630-050000-001-V2-2629,BACKTESTER-001,MLSignalStrategyV2-V2,EUR/USD.IDEALPRO,IDEALPRO-1-2629,IDEALPRO-001,IDEALPRO-1-364093,EUR/USD.IDEALPRO-MLSignalStrategyV2-V2,BUY,MARKET,100000.00,1.17304,USD,2.35 USD,TAKER,c73407a8-edcc-4956-81f7-3c00f4886dc7,2025-06-30 05:00:00+00:00,2025-06-30 05:00:00+00:00,{},False
O-20250630-050000-001-V2-2631,BACKTESTER-001,MLSignalStrategyV2-V2,EUR/USD.IDEALPRO,IDEALPRO-1-2631,IDEALPRO-001,IDEALPRO-1-364133,EUR/USD.IDEALPRO-MLSignalStrategyV2-V2,SELL,LIMIT,100000.00,1.17385,USD,2.35 USD,MAKER,2efe0a69-5a8a-4157-9b6d-c1febe20fd0e,2025-06-30 05:20:00+00:00,2025-06-30 05:20:00+00:00,{},False
O-20250630-071500-001-V2-2632,BACKTESTER-001,MLSignalStrategyV2-V2,EUR/USD.IDEALPRO,IDEALPRO-1-2632,IDEALPRO-001,IDEALPRO-1-364364,EUR/USD.IDEALPRO-MLSignalStrategyV2-V2,SELL,MARKET,100000.00,1.17381,USD,2.35 USD,TAKER,bee51156-d3a7-450b-844e-4365dc6371de,2025-06-30 07:15:00+00:00,2025-06-30 07:15:00+00:00,{},False
O-20250630-071500-001-V2-2634,BACKTESTER-001,MLSignalStrategyV2-V2,EUR/USD.IDEALPRO,IDEALPRO-1-2634,IDEALPRO-001,IDEALPRO-1-364395,EUR/USD.IDEALPRO-MLSignalStrategyV2-V2,BUY,LIMIT,100000.00,1.17281,USD,2.35 USD,MAKER,12e13b83-751e-4eba-94ed-87aa4b133145,2025-06-30 07:30:00+00:00,2025-06-30 07:30:00+00:00,{},False
O-20250630-104500-001-V2-2635,BACKTESTER-001,MLSignalStrategyV2-V2,EUR/USD.IDEALPRO,IDEALPRO-1-2635,IDEALPRO-001,IDEALPRO-1-364787,EUR/USD.IDEALPRO-MLSignalStrategyV2-V2,SELL,MARKET,100000.00,1.17178,USD,2.34 USD,TAKER,d543b81e-9d58-4d19-878d-43746ec9e0f0,2025-06-30 10:45:00+00:00,2025-06-30 10:45:00+00:00,{},False
O-20250630-104500-001-V2-2636,BACKTESTER-001,MLSignalStrategyV2-V2,EUR/USD.IDEALPRO,IDEALPRO-1-2636,IDEALPRO-001,IDEALPRO-1-364821,EUR/USD.IDEALPRO-MLSignalStrategyV2-V2,BUY,STOP_MARKET,100000.00,1.17274,USD,2.35 USD,TAKER,d02ef957-9033-4c66-98f8-5169f85a8505,2025-06-30 11:02:00+00:00,2025-06-30 11:02:00+00:00,{},False
O-20250630-124500-001-V2-2638,BACKTESTER-001,MLSignalStrategyV2-V2,EUR/USD.IDEALPRO,IDEALPRO-1-2638,IDEALPRO-001,IDEALPRO-1-365029,EUR/USD.IDEALPRO-MLSignalStrategyV2-V2,BUY,MARKET,100000.00,1.17123,USD,2.34 USD,TAKER,7612e357-b105-4351-b37f-de5c23b2264f,2025-06-30 12:45:00+00:00,2025-06-30 12:45:00+00:00,{},False
O-20250630-124500-001-V2-2640,BACKTESTER-001,MLSignalStrategyV2-V2,EUR/USD.IDEALPRO,IDEALPRO-1-2640,IDEALPRO-001,IDEALPRO-1-365103,EUR/USD.IDEALPRO-MLSignalStrategyV2-V2,SELL,LIMIT,100000.00,1.17199,USD,2.34 USD,MAKER,25623ba1-3ed2-49ad-a206-97d8f8515173,2025-06-30 13:22:00+00:00,2025-06-30 13:22:00+00:00,{},False
O-20250630-133000-001-V2-2641,BACKTESTER-001,MLSignalStrategyV2-V2,EUR/USD.IDEALPRO,IDEALPRO-1-2641,IDEALPRO-001,IDEALPRO-1-365120,EUR/USD.IDEALPRO-MLSignalStrategyV2-V2,SELL,MARKET,100000.00,1.17178,USD,2.34 USD,TAKER,4dc3c4bc-cdd1-4c17-9272-ee33e5d079f4,2025-06-30 13:30:00+00:00,2025-06-30 13:30:00+00:00,{},False
O-20250630-133000-001-V2-2643,BACKTESTER-001,MLSignalStrategyV2-V2,EUR/USD.IDEALPRO,IDEALPRO-1-2643,IDEALPRO-001,IDEALPRO-1-365189,EUR/USD.IDEALPRO-MLSignalStrategyV2-V2,BUY,LIMIT,100000.00,1.17108,USD,2.34 USD,MAKER,b83bc944-1522-4c71-a3a1-71a965872493,2025-06-30 14:04:00+00:00,2025-06-30 14:04:00+00:00,{},False
O-20250630-170000-001-V2-2644,BACKTESTER-001,MLSignalStrategyV2-V2,EUR/USD.IDEALPRO,IDEALPRO-1-2644,IDEALPRO-001,IDEALPRO-1-365542,EUR/USD.IDEALPRO-MLSignalStrategyV2-V2,SELL,MARKET,100000.00,1.17626,USD,2.35 USD,TAKER,7e0bea25-9383-4157-a7c5-1667e7233045,2025-06-30 17:00:00+00:00,2025-06-30 17:00:00+00:00,{},False
O-20250630-170000-001-V2-2645,BACKTESTER-001,MLSignalStrategyV2-V2,EUR/USD.IDEALPRO,IDEALPRO-1-2645,IDEALPRO-001,IDEALPRO-1-365699,EUR/USD.IDEALPRO-MLSignalStrategyV2-V2,BUY,STOP_MARKET,100000.00,1.17776,USD,2.36 USD,TAKER,c005e89f-f7c8-49d6-9b37-c318e3897fdd,2025-06-30 18:18:00+00:00,2025-06-30 18:18:00+00:00,{},False
O-20250630-190000-001-V2-2647,BACKTESTER-001,MLSignalStrategyV2-V2,EUR/USD.IDEALPRO,IDEALPRO-1-2647,IDEALPRO-001,IDEALPRO-1-365784,EUR/USD.IDEALPRO-MLSignalStrategyV2-V2,SELL,MARKET,100000.00,1.17759,USD,2.36 USD,TAKER,ba46769a-45dc-4728-a386-3c1edca073af,2025-06-30 19:00:00+00:00,2025-06-30 19:00:00+00:00,{},False
O-20250630-190000-001-V2-2648,BACKTESTER-001,MLSignalStrategyV2-V2,EUR/USD.IDEALPRO,IDEALPRO-1-2648,IDEALPRO-001,IDEALPRO-1-365969,EUR/USD.IDEALPRO-MLSignalStrategyV2-V2,BUY,STOP_MARKET,100000.00,1.17867,USD,2.36 USD,TAKER,147bc11f-795f-4e1b-9969-d20900f28a39,2025-06-30 20:32:00+00:00,2025-06-30 20:32:00+00:00,{},False
O-20250630-220000-001-V2-2650,BACKTESTER-001,MLSignalStrategyV2-V2,EUR/USD.IDEALPRO,IDEALPRO-1-2650,IDEALPRO-001,IDEALPRO-1-366116,EUR/USD.IDEALPRO-MLSignalStrategyV2-V2,BUY,MARKET,100000.00,1.17821,USD,2.36 USD,TAKER,a8aad282-56e7-45c4-8993-6bca4805ad19,2025-06-30 22:00:00+00:00,2025-06-30 22:00:00+00:00,{},False
O-20250630-220000-001-V2-2652,BACKTESTER-001,MLSignalStrategyV2-V2,EUR/USD.IDEALPRO,IDEALPRO-1-2652,IDEALPRO-001,IDEALPRO-1-366157,EUR/USD.IDEALPRO-MLSignalStrategyV2-V2,SELL,LIMIT,100000.00,1.17880,USD,2.36 USD,MAKER,2c7d0a9d-8599-4aae-8b98-9ade60c29250,2025-06-30 22:20:00+00:00,2025-06-30 22:20:00+00:00,{},False
O-20250630-224500-001-V2-2653,BACKTESTER-001,MLSignalStrategyV2-V2,EUR/USD.IDEALPRO,IDEALPRO-1-2653,IDEALPRO-001,IDEALPRO-1-366208,EUR/USD.IDEALPRO-MLSignalStrategyV2-V2,BUY,MARKET,100000.00,1.17870,USD,2.36 USD,TAKER,0f58d5c1-3b47-44b5-b715-e16e481eb7ee,2025-06-30 22:45:00+00:00,2025-06-30 22:45:00+00:00,{},False
O-20250630-224500-001-V2-2655,BACKTESTER-001,MLSignalStrategyV2-V2,EUR/USD.IDEALPRO,IDEALPRO-1-2655,IDEALPRO-001,IDEALPRO-1-366387,EUR/USD.IDEALPRO-MLSignalStrategyV2-V2,SELL,LIMIT,100000.00,1.17930,USD,2.36 USD,MAKER,b4715201-ee01-4499-b0dd-e809f4c40821,2025-07-01 00:14:00+00:00,2025-07-01 00:14:00+00:00,{},False
O-20250701-014500-001-V2-2656,BACKTESTER-001,MLSignalStrategyV2-V2,EUR/USD.IDEALPRO,IDEALPRO-1-2656,IDEALPRO-001,IDEALPRO-1-366570,EUR/USD.IDEALPRO-MLSignalStrategyV2-V2,SELL,MARKET,100000.00,1.17880,USD,2.36 USD,TAKER,3f3d03fd-9b39-4796-ac54-b93e46fd4def,2025-07-01 01:45:00+00:00,2025-07-01 01:45:00+00:00,{},False
O-20250701-014500-001-V2-2658,BACKTESTER-001,MLSignalStrategyV2-V2,EUR/USD.IDEALPRO,IDEALPRO-1-2658,IDEALPRO-001,IDEALPRO-1-366591,EUR/USD.IDEALPRO-MLSignalStrategyV2-V2,BUY,LIMIT,100000.00,1.17797,USD,2.36 USD,MAKER,0c7f3f3c-8889-484f-a953-ca6594a48e07,2025-07-01 01:55:00+00:00,2025-07-01 01:55:00+00:00,{},False
O-20250701-020000-001-V2-2659,BACKTESTER-001,MLSignalStrategyV2-V2,EUR/USD.IDEALPRO,IDEALPRO-1-2659,IDEALPRO-001,IDEALPRO-1-366603,EUR/USD.IDEALPRO-MLSignalStrategyV2-V2,SELL,MARKET,100000.00,1.17805,USD,2.36 USD,TAKER,d093d30f-525b-4cc0-8352-f085df59e396,2025-07-01 02:00:00+00:00,2025-07-01 02:00:00+00:00,{},False
O-20250701-020000-001-V2-2660,BACKTESTER-001,MLSignalStrategyV2-V2,EUR/USD.IDEALPRO,IDEALPRO-1-2660,IDEALPRO-001,IDEALPRO-1-366719,EUR/USD.IDEALPRO-MLSignalStrategyV2-V2,BUY,STOP_MARKET,100000.00,1.17896,USD,2.36 USD,TAKER,ed3ffa0e-fd51-4a15-b27c-10de5486f07f,2025-07-01 02:58:00+00:00,2025-07-01 02:58:00+00:00,{},False
O-20250701-043000-001-V2-2662,BACKTESTER-001,MLSignalStrategyV2-V2,EUR/USD.IDEALPRO,IDEALPRO-1-2662,IDEALPRO-001,IDEALPRO-1-366904,EUR/USD.IDEALPRO-MLSignalStrategyV2-V2,SELL,MARKET,100000.00,1.17906,USD,2.36 USD,TAKER,cd2f12ed-e803-4eef-a5e6-7f7e8930d2ac,2025-07-01 04:30:00+00:00,2025-07-01 04:30:00+00:00,{},False
O-20250701-043000-001-V2-2664,BACKTESTER-001,MLSignalStrategyV2-V2,EUR/USD.IDEALPRO,IDEALPRO-1-2664,IDEALPRO-001,IDEALPRO-1-366937,EUR/USD.IDEALPRO-MLSignalStrategyV2-V2,BUY,LIMIT,100000.00,1.17848,USD,2.36 USD,MAKER,a39e2c48-41a5-43d2-8d93-a09b30f66273,2025-07-01 04:46:00+00:00,2025-07-01 04:46:00+00:00,{},False
O-20250701-070000-001-V2-2665,BACKTESTER-001,MLSignalStrategyV2-V2,EUR/USD.IDEALPRO,IDEALPRO-1-2665,IDEALPRO-001,IDEALPRO-1-367206,EUR/USD.IDEALPRO-MLSignalStrategyV2-V2,SELL,MARKET,100000.00,1.17794,USD,2.36 USD,TAKER,d6e8badb-a554-4bbf-955e-f60fb24dcd7a,2025-07-01 07:00:00+00:00,2025-07-01 07:00:00+00:00,{},False
O-20250701-070000-001-V2-2667,BACKTESTER-001,MLSignalStrategyV2-V2,EUR/USD.IDEALPRO,IDEALPRO-1-2667,IDEALPRO-001,IDEALPRO-1-367213,EUR/USD.IDEALPRO-MLSignalStrategyV2-V2,BUY,LIMIT,100000.00,1.17692,USD,2.35 USD,MAKER,ec53a390-92b9-46a0-8388-ce4dc8db6cea,2025-07-01 07:03:00+00:00,2025-07-01 07:03:00+00:00,{},False
O-20250701-111500-001-V2-2668,BACKTESTER-001,MLSignalStrategyV2-V2,EUR/USD.IDEALPRO,IDEALPRO-1-2668,IDEALPRO-001,IDEALPRO-1-367718,EUR/USD.IDEALPRO-MLSignalStrategyV2-V2,BUY,MARKET,100000.00,1.18103,USD,2.36 USD,TAKER,153458ef-cb93-4fd4-bc5c-f4fb63411600,2025-07-01 11:15:00+00:00,2025-07-01 11:15:00+00:00,{},False
O-20250701-111500-001-V2-2669,BACKTESTER-001,MLSignalStrategyV2-V2,EUR/USD.IDEALPRO,IDEALPRO-1-2669,IDEALPRO-001,IDEALPRO-1-367979,EUR/USD.IDEALPRO-MLSignalStrategyV2-V2,SELL,STOP_MARKET,100000.00,1.17962,USD,2.36 USD,TAKER,3cc137d3-260a-44f1-8b65-58d833544a95,2025-07-01 13:25:00+00:00,2025-07-01 13:25:00+00:00,{},False
O-20250701-161500-001-V2-2671,BACKTESTER-001,MLSignalStrategyV2-V2,EUR/USD.IDEALPRO,IDEALPRO-1-2671,IDEALPRO-001,IDEALPRO-1-368320,EUR/USD.IDEALPRO-MLSignalStrategyV2-V2,BUY,MARKET,100000.00,1.17704,USD,2.35 USD,TAKER,4d60fe8a-63da-4258-a579-329b8db22668,2025-07-01 16:15:00+00:00,2025-07-01 16:15:00+00:00,{},False
O-20250701-161500-001-V2-2673,BACKTESTER-001,MLSignalStrategyV2-V2,EUR/USD.IDEALPRO,IDEALPRO-1-2673,IDEALPRO-001,IDEALPRO-1-368475,EUR/USD.IDEALPRO-MLSignalStrategyV2-V2,SELL,LIMIT,100000.00,1.17816,USD,2.36 USD,MAKER,dcfc360d-c616-4e6d-a6c7-1aa11a04f00c,2025-07-01 17:32:00+00:00,2025-07-01 17:32:00+00:00,{},False
O-20250701-204500-001-V2-2674,BACKTESTER-001,MLSignalStrategyV2-V2,EUR/USD.IDEALPRO,IDEALPRO-1-2674,IDEALPRO-001,IDEALPRO-1-368863,EUR/USD.IDEALPRO-MLSignalStrategyV2-V2,SELL,MARKET,100000.00,1.18043,USD,2.36 USD,TAKER,4872f705-673d-4964-9185-71e1688d2551,2025-07-01 20:45:00+00:00,2025-07-01 20:45:00+00:00,{},False
O-20250701-204500-001-V2-2676,BACKTESTER-001,MLSignalStrategyV2-V2,EUR/USD.IDEALPRO,IDEALPRO-1-2676,IDEALPRO-001,IDEALPRO-1-369445,EUR/USD.IDEALPRO-MLSignalStrategyV2-V2,BUY,LIMIT,100000.00,1.17942,USD,2.36 USD,MAKER,675f148a-92e5-44fa-a045-eacf3a55612b,2025-07-02 01:51:00+00:00,2025-07-02 01:51:00+00:00,{},False
O-20250702-030000-001-V2-2677,BACKTESTER-001,MLSignalStrategyV2-V2,EUR/USD.IDEALPRO,IDEALPRO-1-2677,IDEALPRO-001,IDEALPRO-1-369584,EUR/USD.IDEALPRO-MLSignalStrategyV2-V2,SELL,MARKET,100000.00,1.18003,USD,2.36 USD,TAKER,0a715b0c-4368-4102-86fd-6a8fa85ef61a,2025-07-02 03:00:00+00:00,2025-07-02 03:00:00+00:00,{},False
O-20250702-030000-001-V2-2679,BACKTESTER-001,MLSignalStrategyV2-V2,EUR/USD.IDEALPRO,IDEALPRO-1-2679,IDEALPRO-001,IDEALPRO-1-369841,EUR/USD.IDEALPRO-MLSignalStrategyV2-V2,BUY,LIMIT,100000.00,1.17928,USD,2.36 USD,MAKER,dce5029e-e708-4bfd-812a-45b569f67b2b,2025-07-02 05:08:00+00:00,2025-07-02 05:08:00+00:00,{},False
O-20250702-073000-001-V2-2680,BACKTESTER-001,MLSignalStrategyV2-V2,EUR/USD.IDEALPRO,IDEALPRO-1-2680,IDEALPRO-001,IDEALPRO-1-370127,EUR/USD.IDEALPRO-MLSignalStrategyV2-V2,BUY,MARKET,100000.00,1.17777,USD,2.36 USD,TAKER,61116d89-831f-4ba6-9f8d-047bc056c963,2025-07-02 07:30:00+00:00,2025-07-02 07:30:00+00:00,{},False
O-20250702-073000-001-V2-2681,BACKTESTER-001,MLSignalStrategyV2-V2,EUR/USD.IDEALPRO,IDEALPRO-1-2681,IDEALPRO-001,IDEALPRO-1-370359,EUR/USD.IDEALPRO-MLSignalStrategyV2-V2,SELL,STOP_MARKET,100000.00,1.17686,USD,2.35 USD,TAKER,603f85ea-eef6-4f40-bcbc-4bebc88e8fed,2025-07-02 09:26:00+00:00,2025-07-02 09:26:00+00:00,{},False
O-20250702-101500-001-V2-2683,BACKTESTER-001,MLSignalStrategyV2-V2,EUR/USD.IDEALPRO,IDEALPRO-1-2683,IDEALPRO-001,IDEALPRO-1-370458,EUR/USD.IDEALPRO-MLSignalStrategyV2-V2,SELL,MARKET,100000.00,1.17798,USD,2.36 USD,TAKER,f84ee2c8-04be-4c2a-a2c3-a53327660713,2025-07-02 10:15:00+00:00,2025-07-02 10:15:00+00:00,{},False
O-20250702-101500-001-V2-2685,BACKTESTER-001,MLSignalStrategyV2-V2,EUR/USD.IDEALPRO,IDEALPRO-1-2685,IDEALPRO-001,IDEALPRO-1-370491,EUR/USD.IDEALPRO-MLSignalStrategyV2-V2,BUY,LIMIT,100000.00,1.17714,USD,2.35 USD,MAKER,509fe652-38cc-4872-99fe-00b45729fa6a,2025-07-02 10:31:00+00:00,2025-07-02 10:31:00+00:00,{},False
O-20250702-104500-001-V2-2686,BACKTESTER-001,MLSignalStrategyV2-V2,EUR/USD.IDEALPRO,IDEALPRO-1-2686,IDEALPRO-001,IDEALPRO-1-370520,EUR/USD.IDEALPRO-MLSignalStrategyV2-V2,SELL,MARKET,100000.00,1.17754,USD,2.36 USD,TAKER,f1c8f7a4-2569-4eee-af7f-064806c39afb,2025-07-02 10:45:00+00:00,2025-07-02 10:45:00+00:00,{},False
O-20250702-104500-001-V2-2688,BACKTESTER-001,MLSignalStrategyV2-V2,EUR/USD.IDEALPRO,IDEALPRO-1-2688,IDEALPRO-001,IDEALPRO-1-370533,EUR/USD.IDEALPRO-MLSignalStrategyV2-V2,BUY,LIMIT,100000.00,1.17676,USD,2.35 USD,MAKER,652db05a-e8dd-4a40-8f2e-389169ceb979,2025-07-02 10:51:00+00:00,2025-07-02 10:51:00+00:00,{},False
O-20250702-114500-001-V2-2689,BACKTESTER-001,MLSignalStrategyV2-V2,EUR/USD.IDEALPRO,IDEALPRO-1-2689,IDEALPRO-001,IDEALPRO-1-370642,EUR/USD.IDEALPRO-MLSignalStrategyV2-V2,BUY,MARKET,100000.00,1.17572,USD,2.35 USD,TAKER,10d3000b-0f15-48e0-b96c-85b32a82de4e,2025-07-02 11:45:00+00:00,2025-07-02 11:45:00+00:00,{},False
O-20250702-114500-001-V2-2690,BACKTESTER-001,MLSignalStrategyV2-V2,EUR/USD.IDEALPRO,IDEALPRO-1-2690,IDEALPRO-001,IDEALPRO-1-370669,EUR/USD.IDEALPRO-MLSignalStrategyV2-V2,SELL,STOP_MARKET,100000.00,1.17477,USD,2.35 USD,TAKER,3517be11-5ad1-44ab-906d-163acf4657d8,2025-07-02 11:58:00+00:00,2025-07-02 11:58:00+00:00,{},False
O-20250702-143000-001-V2-2692,BACKTESTER-001,MLSignalStrategyV2-V2,EUR/USD.IDEALPRO,IDEALPRO-1-2692,IDEALPRO-001,IDEALPRO-1-370975,EUR/USD.IDEALPRO-MLSignalStrategyV2-V2,SELL,MARKET,100000.00,1.17628,USD,2.35 USD,TAKER,4539e72f-b1cf-4820-b04b-ef7f97f5c718,2025-07-02 14:30:00+00:00,2025-07-02 14:30:00+00:00,{},False
O-20250702-143000-001-V2-2693,BACKTESTER-001,MLSignalStrategyV2-V2,EUR/USD.IDEALPRO,IDEALPRO-1-2693,IDEALPRO-001,IDEALPRO-1-371067,EUR/USD.IDEALPRO-MLSignalStrategyV2-V2,BUY,STOP_MARKET,100000.00,1.17816,USD,2.36 USD,TAKER,6e7fb8e5-763a-4825-968f-afcb7932c8df,2025-07-02 15:16:00+00:00,2025-07-02 15:16:00+00:00,{},False
O-20250702-221500-001-V2-2695,BACKTESTER-001,MLSignalStrategyV2-V2,EUR/USD.IDEALPRO,IDEALPRO-1-2695,IDEALPRO-001,IDEALPRO-1-371876,EUR/USD.IDEALPRO-MLSignalStrategyV2-V2,BUY,MARKET,100000.00,1.18001,USD,2.36 USD,TAKER,328d3e4a-59c3-4096-9505-e8a68d4cdfce,2025-07-02 22:15:00+00:00,2025-07-02 22:15:00+00:00,{},False
O-20250702-221500-001-V2-2697,BACKTESTER-001,MLSignalStrategyV2-V2,EUR/USD.IDEALPRO,IDEALPRO-1-2697,IDEALPRO-001,IDEALPRO-1-372121,EUR/USD.IDEALPRO-MLSignalStrategyV2-V2,SELL,LIMIT,100000.00,1.18069,USD,2.36 USD,MAKER,ac5932c1-36bf-4daf-8436-99bda4740d7e,2025-07-03 00:17:00+00:00,2025-07-03 00:17:00+00:00,{},False
O-20250703-030000-001-V2-2698,BACKTESTER-001,MLSignalStrategyV2-V2,EUR/USD.IDEALPRO,IDEALPRO-1-2698,IDEALPRO-001,IDEALPRO-1-372449,EUR/USD.IDEALPRO-MLSignalStrategyV2-V2,SELL,MARKET,100000.00,1.17979,USD,2.36 USD,TAKER,87a89410-71a4-482c-b0c7-327074d57444,2025-07-03 03:00:00+00:00,2025-07-03 03:00:00+00:00,{},False
O-20250703-030000-001-V2-2700,BACKTESTER-001,MLSignalStrategyV2-V2,EUR/USD.IDEALPRO,IDEALPRO-1-2700,IDEALPRO-001,IDEALPRO-1-372529,EUR/USD.IDEALPRO-MLSignalStrategyV2-V2,BUY,LIMIT,100000.00,1.17931,USD,2.36 USD,MAKER,ba926e8d-1487-4902-8957-657a6e31f2db,2025-07-03 03:40:00+00:00,2025-07-03 03:40:00+00:00,{},False
O-20250703-043000-001-V2-2701,BACKTESTER-001,MLSignalStrategyV2-V2,EUR/USD.IDEALPRO,IDEALPRO-1-2701,IDEALPRO-001,IDEALPRO-1-372630,EUR/USD.IDEALPRO-MLSignalStrategyV2-V2,SELL,MARKET,100000.00,1.17899,USD,2.36 USD,TAKER,890b18f1-3468-4534-b6dd-3301bf8ca554,2025-07-03 04:30:00+00:00,2025-07-03 04:30:00+00:00,{},False
O-20250703-043000-001-V2-2702,BACKTESTER-001,MLSignalStrategyV2-V2,EUR/USD.IDEALPRO,IDEALPRO-1-2702,IDEALPRO-001,IDEALPRO-1-372803,EUR/USD.IDEALPRO-MLSignalStrategyV2-V2,BUY,STOP_MARKET,100000.00,1.17957,USD,2.36 USD,TAKER,ff14f7f7-39e0-4629-92a0-e528bef5bb9e,2025-07-03 05:56:00+00:00,2025-07-03 05:56:00+00:00,{},False
O-20250703-121500-001-V2-2704,BACKTESTER-001,MLSignalStrategyV2-V2,EUR/USD.IDEALPRO,IDEALPRO-1-2704,IDEALPRO-001,IDEALPRO-1-373563,EUR/USD.IDEALPRO-MLSignalStrategyV2-V2,SELL,MARKET,100000.00,1.17832,USD,2.36 USD,TAKER,83ebbc58-00dc-42a3-9b4f-66e20fd6296d,2025-07-03 12:15:00+00:00,2025-07-03 12:15:00+00:00,{},False
O-20250703-121500-001-V2-2706,BACKTESTER-001,MLSignalStrategyV2-V2,EUR/USD.IDEALPRO,IDEALPRO-1-2706,IDEALPRO-001,IDEALPRO-1-373595,EUR/USD.IDEALPRO-MLSignalStrategyV2-V2,BUY,LIMIT,100000.00,1.17256,USD,2.35 USD,MAKER,d307825f-fd2b-4ce5-aea4-d8d797b95a6e,2025-07-03 12:31:00+00:00,2025-07-03 12:31:00+00:00,{},False
O-20250703-124500-001-V2-2707,BACKTESTER-001,MLSignalStrategyV2-V2,EUR/USD.IDEALPRO,IDEALPRO-1-2707,IDEALPRO-001,IDEALPRO-1-373624,EUR/USD.IDEALPRO-MLSignalStrategyV2-V2,BUY,MARKET,100000.00,1.17351,USD,2.35 USD,TAKER,af29b0b9-4d97-431f-a6e8-a0d8976c45cf,2025-07-03 12:45:00+00:00,2025-07-03 12:45:00+00:00,{},False
O-20250703-124500-001-V2-2708,BACKTESTER-001,MLSignalStrategyV2-V2,EUR/USD.IDEALPRO,IDEALPRO-1-2708,IDEALPRO-001,IDEALPRO-1-373637,EUR/USD.IDEALPRO-MLSignalStrategyV2-V2,SELL,STOP_MARKET,100000.00,1.17191,USD,2.34 USD,TAKER,2b8e9bff-2d93-4aca-9a1b-e38821adf0a9,2025-07-03 12:51:00+00:00,2025-07-03 12:51:00+00:00,{},False
O-20250703-130000-001-V2-2710,BACKTESTER-001,MLSignalStrategyV2-V2,EUR/USD.IDEALPRO,IDEALPRO-1-2710,IDEALPRO-001,IDEALPRO-1-373656,EUR/USD.IDEALPRO-MLSignalStrategyV2-V2,BUY,MARKET,100000.00,1.17386,USD,2.35 USD,TAKER,dc8a71f1-9c1f-43ad-b6b9-fe910d41807f,2025-07-03 13:00:00+00:00,2025-07-03 13:00:00+00:00,{},False
O-20250703-130000-001-V2-2712,BACKTESTER-001,MLSignalStrategyV2-V2,EUR/USD.IDEALPRO,IDEALPRO-1-2712,IDEALPRO-001,IDEALPRO-1-373689,EUR/USD.IDEALPRO-MLSignalStrategyV2-V2,SELL,LIMIT,100000.00,1.17564,USD,2.35 USD,MAKER,2c520592-a71c-4924-9a78-82a016760597,2025-07-03 13:16:00+00:00,2025-07-03 13:16:00+00:00,{},False
O-20250703-133000-001-V2-2713,BACKTESTER-001,MLSignalStrategyV2-V2,EUR/USD.IDEALPRO,IDEALPRO-1-2713,IDEALPRO-001,IDEALPRO-1-373718,EUR/USD.IDEALPRO-MLSignalStrategyV2-V2,BUY,MARKET,100000.00,1.17645,USD,2.35 USD,TAKER,9eef629c-1575-431f-ab25-531126869a18,2025-07-03 13:30:00+00:00,2025-07-03 13:30:00+00:00,{},False
O-20250703-133000-001-V2-2715,BACKTESTER-001,MLSignalStrategyV2-V2,EUR/USD.IDEALPRO,IDEALPRO-1-2715,IDEALPRO-001,IDEALPRO-1-373781,EUR/USD.IDEALPRO-MLSignalStrategyV2-V2,SELL,LIMIT,100000.00,1.17898,USD,2.36 USD,MAKER,8b8dc76a-9a04-44ac-8290-0b42592f3374,2025-07-03 14:01:00+00:00,2025-07-03 14:01:00+00:00,{},False
O-20250703-191500-001-V2-2716,BACKTESTER-001,MLSignalStrategyV2-V2,EUR/USD.IDEALPRO,IDEALPRO-1-2716,IDEALPRO-001,IDEALPRO-1-374411,EUR/USD.IDEALPRO-MLSignalStrategyV2-V2,BUY,MARKET,100000.00,1.17467,USD,2.35 USD,TAKER,83d0d68f-4cb0-458d-9b2c-86ae3b4289de,2025-07-03 19:15:00+00:00,2025-07-03 19:15:00+00:00,{},False
O-20250703-191500-001-V2-2718,BACKTESTER-001,MLSignalStrategyV2-V2,EUR/USD.IDEALPRO,IDEALPRO-1-2718,IDEALPRO-001,IDEALPRO-1-374553,EUR/USD.IDEALPRO-MLSignalStrategyV2-V2,SELL,LIMIT,100000.00,1.17534,USD,2.35 USD,MAKER,3b79e283-a61b-4700-97fc-2a0f69db30cf,2025-07-03 20:26:00+00:00,2025-07-03 20:26:00+00:00,{},False
O-20250703-213000-001-V2-2719,BACKTESTER-001,MLSignalStrategyV2-V2,EUR/USD.IDEALPRO,IDEALPRO-1-2719,IDEALPRO-001,IDEALPRO-1-374652,EUR/USD.IDEALPRO-MLSignalStrategyV2-V2,BUY,MARKET,100000.00,1.17535,USD,2.35 USD,TAKER,3432924d-ad63-4850-8953-23e4f4317bc6,2025-07-03 21:30:00+00:00,2025-07-03 21:30:00+00:00,{},False
O-20250703-213000-001-V2-2721,BACKTESTER-001,MLSignalStrategyV2-V2,EUR/USD.IDEALPRO,IDEALPRO-1-2721,IDEALPRO-001,IDEALPRO-1-374827,EUR/USD.IDEALPRO-MLSignalStrategyV2-V2,SELL,LIMIT,100000.00,1.17587,USD,2.35 USD,MAKER,cae4d0a4-972e-4e4e-acae-8134e8bc7a1e,2025-07-03 22:57:00+00:00,2025-07-03 22:57:00+00:00,{},False
O-20250703-230000-001-V2-2722,BACKTESTER-001,MLSignalStrategyV2-V2,EUR/USD.IDEALPRO,IDEALPRO-1-2722,IDEALPRO-001,IDEALPRO-1-374834,EUR/USD.IDEALPRO-MLSignalStrategyV2-V2,BUY,MARKET,100000.00,1.17596,USD,2.35 USD,TAKER,4393f495-e6d7-4f24-8e4a-19d214753d42,2025-07-03 23:00:00+00:00,2025-07-03 23:00:00+00:00,{},False
O-20250703-230000-001-V2-2724,BACKTESTER-001,MLSignalStrategyV2-V2,EUR/USD.IDEALPRO,IDEALPRO-1-2724,IDEALPRO-001,IDEALPRO-1-374897,EUR/USD.IDEALPRO-MLSignalStrategyV2-V2,SELL,LIMIT,100000.00,1.17642,USD,2.35 USD,MAKER,c4721862-6a43-4ef7-b9ac-fda55fa10356,2025-07-03 23:31:00+00:00,2025-07-03 23:31:00+00:00,{},False
O-20250704-020000-001-V2-2725,BACKTESTER-001,MLSignalStrategyV2-V2,EUR/USD.IDEALPRO,IDEALPRO-1-2725,IDEALPRO-001,IDEALPRO-1-375196,EUR/USD.IDEALPRO-MLSignalStrategyV2-V2,SELL,MARKET,100000.00,1.17595,USD,2.35 USD,TAKER,9d837383-a3cf-409f-bdee-5822cb11f4d2,2025-07-04 02:00:00+00:00,2025-07-04 02:00:00+00:00,{},False
O-20250704-020000-001-V2-2726,BACKTESTER-001,MLSignalStrategyV2-V2,EUR/USD.IDEALPRO,IDEALPRO-1-2726,IDEALPRO-001,IDEALPRO-1-375237,EUR/USD.IDEALPRO-MLSignalStrategyV2-V2,BUY,STOP_MARKET,100000.00,1.17665,USD,2.35 USD,TAKER,2ef1e063-8bb1-45cc-98a9-3b975598bfad,2025-07-04 02:20:00+00:00,2025-07-04 02:20:00+00:00,{},False
O-20250704-074500-001-V2-2728,BACKTESTER-001,MLSignalStrategyV2-V2,EUR/USD.IDEALPRO,IDEALPRO-1-2728,IDEALPRO-001,IDEALPRO-1-375888,EUR/USD.IDEALPRO-MLSignalStrategyV2-V2,BUY,MARKET,100000.00,1.17716,USD,2.35 USD,TAKER,ca7f0cc1-1129-4de3-b27c-d1c17e82abe2,2025-07-04 07:45:00+00:00,2025-07-04 07:45:00+00:00,{},False
O-20250704-074500-001-V2-2730,BACKTESTER-001,MLSignalStrategyV2-V2,EUR/USD.IDEALPRO,IDEALPRO-1-2730,IDEALPRO-001,IDEALPRO-1-375899,EUR/USD.IDEALPRO-MLSignalStrategyV2-V2,SELL,LIMIT,100000.00,1.17776,USD,2.36 USD,MAKER,aaab6c71-3f21-411d-8279-fe3c9d3bd0b4,2025-07-04 07:50:00+00:00,2025-07-04 07:50:00+00:00,{},False
O-20250704-134500-001-V2-2731,BACKTESTER-001,MLSignalStrategyV2-V2,EUR/USD.IDEALPRO,IDEALPRO-1-2731,IDEALPRO-001,IDEALPRO-1-376610,EUR/USD.IDEALPRO-MLSignalStrategyV2-V2,BUY,MARKET,100000.00,1.17766,USD,2.36 USD,TAKER,87f572f7-afc8-4abd-8186-d4cbe37d4d1e,2025-07-04 13:45:00+00:00,2025-07-04 13:45:00+00:00,{},False
O-20250704-134500-001-V2-2733,BACKTESTER-001,MLSignalStrategyV2-V2,EUR/USD.IDEALPRO,IDEALPRO-1-2733,IDEALPRO-001,IDEALPRO-1-376645,EUR/USD.IDEALPRO-MLSignalStrategyV2-V2,SELL,LIMIT,100000.00,1.17823,USD,2.36 USD,MAKER,7ba480bf-4af4-4d5e-8ad7-bc25ec354001,2025-07-04 14:02:00+00:00,2025-07-04 14:02:00+00:00,{},False
O-20250704-163000-001-V2-2734,BACKTESTER-001,MLSignalStrategyV2-V2,EUR/USD.IDEALPRO,IDEALPRO-1-2734,IDEALPRO-001,IDEALPRO-1-376942,EUR/USD.IDEALPRO-MLSignalStrategyV2-V2,BUY,MARKET,100000.00,1.17817,USD,2.36 USD,TAKER,087af5e9-7395-469b-8ebb-a65627c66b9f,2025-07-04 16:30:00+00:00,2025-07-04 16:30:00+00:00,{},False
O-20250704-163000-001-V2-2735,BACKTESTER-001,MLSignalStrategyV2-V2,EUR/USD.IDEALPRO,IDEALPRO-1-2735,IDEALPRO-001,IDEALPRO-1-376983,EUR/USD.IDEALPRO-MLSignalStrategyV2-V2,SELL,STOP_MARKET,100000.00,1.17751,USD,2.36 USD,TAKER,aac44911-1780-43c5-8db2-36fa3b8a3297,2025-07-04 16:50:00+00:00,2025-07-04 16:50:00+00:00,{},False
O-20250706-213000-001-V2-2737,BACKTESTER-001,MLSignalStrategyV2-V2,EUR/USD.IDEALPRO,IDEALPRO-1-2737,IDEALPRO-001,IDEALPRO-1-377514,EUR/USD.IDEALPRO-MLSignalStrategyV2-V2,BUY,MARKET,100000.00,1.17809,USD,2.36 USD,TAKER,c0566253-2ff7-4aee-91d8-346cc7a186ff,2025-07-06 21:30:00+00:00,2025-07-06 21:30:00+00:00,{},False
O-20250706-213000-001-V2-2738,BACKTESTER-001,MLSignalStrategyV2-V2,EUR/USD.IDEALPRO,IDEALPRO-1-2738,IDEALPRO-001,IDEALPRO-1-377591,EUR/USD.IDEALPRO-MLSignalStrategyV2-V2,SELL,STOP_MARKET,100000.00,1.17734,USD,2.35 USD,TAKER,6a461304-e5b6-46db-a45b-a061b75225e5,2025-07-06 22:08:00+00:00,2025-07-06 22:08:00+00:00,{},False
O-20250706-221500-001-V2-2740,BACKTESTER-001,MLSignalStrategyV2-V2,EUR/USD.IDEALPRO,IDEALPRO-1-2740,IDEALPRO-001,IDEALPRO-1-377606,EUR/USD.IDEALPRO-MLSignalStrategyV2-V2,BUY,MARKET,100000.00,1.17773,USD,2.36 USD,TAKER,77be36a7-9160-484e-b496-e497e3d0728c,2025-07-06 22:15:00+00:00,2025-07-06 22:15:00+00:00,{},False
O-20250706-221500-001-V2-2742,BACKTESTER-001,MLSignalStrategyV2-V2,EUR/USD.IDEALPRO,IDEALPRO-1-2742,IDEALPRO-001,IDEALPRO-1-377701,EUR/USD.IDEALPRO-MLSignalStrategyV2-V2,SELL,LIMIT,100000.00,1.17821,USD,2.36 USD,MAKER,d3da9dfb-4965-404b-957d-3305da6955f5,2025-07-06 23:02:00+00:00,2025-07-06 23:02:00+00:00,{},False
O-20250706-231500-001-V2-2743,BACKTESTER-001,MLSignalStrategyV2-V2,EUR/USD.IDEALPRO,IDEALPRO-1-2743,IDEALPRO-001,IDEALPRO-1-377728,EUR/USD.IDEALPRO-MLSignalStrategyV2-V2,BUY,MARKET,100000.00,1.17800,USD,2.36 USD,TAKER,1bf54031-5339-49a0-bc1b-a5bf703affce,2025-07-06 23:15:00+00:00,2025-07-06 23:15:00+00:00,{},False
O-20250706-231500-001-V2-2745,BACKTESTER-001,MLSignalStrategyV2-V2,EUR/USD.IDEALPRO,IDEALPRO-1-2745,IDEALPRO-001,IDEALPRO-1-377825,EUR/USD.IDEALPRO-MLSignalStrategyV2-V2,SELL,LIMIT,100000.00,1.17851,USD,2.36 USD,MAKER,6e9ef208-1a70-4b4f-872b-5002cfafc664,2025-07-07 00:03:00+00:00,2025-07-07 00:03:00+00:00,{},False
O-20250707-020000-001-V2-2746,BACKTESTER-001,MLSignalStrategyV2-V2,EUR/USD.IDEALPRO,IDEALPRO-1-2746,IDEALPRO-001,IDEALPRO-1-378060,EUR/USD.IDEALPRO-MLSignalStrategyV2-V2,SELL,MARKET,100000.00,1.17720,USD,2.35 USD,TAKER,1589dfcf-daf5-4ea5-9e12-33d1c6146be2,2025-07-07 02:00:00+00:00,2025-07-07 02:00:00+00:00,{},False
O-20250707-020000-001-V2-2748,BACKTESTER-001,MLSignalStrategyV2-V2,EUR/USD.IDEALPRO,IDEALPRO-1-2748,IDEALPRO-001,IDEALPRO-1-378125,EUR/USD.IDEALPRO-MLSignalStrategyV2-V2,BUY,LIMIT,100000.00,1.17659,USD,2.35 USD,MAKER,1895ca1f-e0fa-4efe-98c5-6c7dcdf03b80,2025-07-07 02:32:00+00:00,2025-07-07 02:32:00+00:00,{},False
O-20250707-053000-001-V2-2749,BACKTESTER-001,MLSignalStrategyV2-V2,EUR/USD.IDEALPRO,IDEALPRO-1-2749,IDEALPRO-001,IDEALPRO-1-378482,EUR/USD.IDEALPRO-MLSignalStrategyV2-V2,BUY,MARKET,100000.00,1.17647,USD,2.35 USD,TAKER,acbc80fc-16b2-491b-9999-88f3bfcdd19f,2025-07-07 05:30:00+00:00,2025-07-07 05:30:00+00:00,{},False
O-20250707-053000-001-V2-2751,BACKTESTER-001,MLSignalStrategyV2-V2,EUR/USD.IDEALPRO,IDEALPRO-1-2751,IDEALPRO-001,IDEALPRO-1-378509,EUR/USD.IDEALPRO-MLSignalStrategyV2-V2,SELL,LIMIT,100000.00,1.17699,USD,2.35 USD,MAKER,03950266-96d3-4a85-b058-8e44f8e94db1,2025-07-07 05:43:00+00:00,2025-07-07 05:43:00+00:00,{},False
O-20250707-054500-001-V2-2752,BACKTESTER-001,MLSignalStrategyV2-V2,EUR/USD.IDEALPRO,IDEALPRO-1-2752,IDEALPRO-001,IDEALPRO-1-378514,EUR/USD.IDEALPRO-MLSignalStrategyV2-V2,SELL,MARKET,100000.00,1.17696,USD,2.35 USD,TAKER,a8c11c1d-7f27-46f8-b989-b9fcaa46b97c,2025-07-07 05:45:00+00:00,2025-07-07 05:45:00+00:00,{},False
O-20250707-054500-001-V2-2754,BACKTESTER-001,MLSignalStrategyV2-V2,EUR/USD.IDEALPRO,IDEALPRO-1-2754,IDEALPRO-001,IDEALPRO-1-378561,EUR/USD.IDEALPRO-MLSignalStrategyV2-V2,BUY,LIMIT,100000.00,1.17640,USD,2.35 USD,MAKER,6b38398f-57c2-43c0-bf9e-eaba0e83a1ce,2025-07-07 06:08:00+00:00,2025-07-07 06:08:00+00:00,{},False
O-20250707-070000-001-V2-2755,BACKTESTER-001,MLSignalStrategyV2-V2,EUR/USD.IDEALPRO,IDEALPRO-1-2755,IDEALPRO-001,IDEALPRO-1-378667,EUR/USD.IDEALPRO-MLSignalStrategyV2-V2,SELL,MARKET,100000.00,1.17558,USD,2.35 USD,TAKER,7826263e-c71e-4f49-8a15-1820fd1ac0ce,2025-07-07 07:00:00+00:00,2025-07-07 07:00:00+00:00,{},False
O-20250707-070000-001-V2-2757,BACKTESTER-001,MLSignalStrategyV2-V2,EUR/USD.IDEALPRO,IDEALPRO-1-2757,IDEALPRO-001,IDEALPRO-1-378687,EUR/USD.IDEALPRO-MLSignalStrategyV2-V2,BUY,LIMIT,100000.00,1.17483,USD,2.35 USD,MAKER,8afb2e4a-b838-403e-9f55-023deacf5b69,2025-07-07 07:10:00+00:00,2025-07-07 07:10:00+00:00,{},False
O-20250707-084500-001-V2-2758,BACKTESTER-001,MLSignalStrategyV2-V2,EUR/USD.IDEALPRO,IDEALPRO-1-2758,IDEALPRO-001,IDEALPRO-1-378878,EUR/USD.IDEALPRO-MLSignalStrategyV2-V2,BUY,MARKET,100000.00,1.17331,USD,2.35 USD,TAKER,dac47ecc-12e2-4c7b-814c-f85a9375ca28,2025-07-07 08:45:00+00:00,2025-07-07 08:45:00+00:00,{},False
O-20250707-084500-001-V2-2759,BACKTESTER-001,MLSignalStrategyV2-V2,EUR/USD.IDEALPRO,IDEALPRO-1-2759,IDEALPRO-001,IDEALPRO-1-378909,EUR/USD.IDEALPRO-MLSignalStrategyV2-V2,SELL,STOP_MARKET,100000.00,1.17233,USD,2.34 USD,TAKER,f1c97ae3-9803-4b15-86f8-4a1306efd713,2025-07-07 09:00:00+00:00,2025-07-07 09:00:00+00:00,{},False
O-20250707-110000-001-V2-2761,BACKTESTER-001,MLSignalStrategyV2-V2,EUR/USD.IDEALPRO,IDEALPRO-1-2761,IDEALPRO-001,IDEALPRO-1-379150,EUR/USD.IDEALPRO-MLSignalStrategyV2-V2,SELL,MARKET,100000.00,1.17276,USD,2.35 USD,TAKER,c050cc75-c9ba-4b60-81ae-fb781e0e3751,2025-07-07 11:00:00+00:00,2025-07-07 11:00:00+00:00,{},False
O-20250707-110000-001-V2-2763,BACKTESTER-001,MLSignalStrategyV2-V2,EUR/USD.IDEALPRO,IDEALPRO-1-2763,IDEALPRO-001,IDEALPRO-1-379327,EUR/USD.IDEALPRO-MLSignalStrategyV2-V2,BUY,LIMIT,100000.00,1.17199,USD,2.34 USD,MAKER,f0d19839-7829-46f5-8608-dc1cfbcc4337,2025-07-07 12:28:00+00:00,2025-07-07 12:28:00+00:00,{},False
O-20250707-124500-001-V2-2764,BACKTESTER-001,MLSignalStrategyV2-V2,EUR/USD.IDEALPRO,IDEALPRO-1-2764,IDEALPRO-001,IDEALPRO-1-379363,EUR/USD.IDEALPRO-MLSignalStrategyV2-V2,SELL,MARKET,100000.00,1.17228,USD,2.34 USD,TAKER,6c9e3295-c28d-468d-a2d1-2a67ca5dfa29,2025-07-07 12:45:00+00:00,2025-07-07 12:45:00+00:00,{},False
O-20250707-124500-001-V2-2765,BACKTESTER-001,MLSignalStrategyV2-V2,EUR/USD.IDEALPRO,IDEALPRO-1-2765,IDEALPRO-001,IDEALPRO-1-379429,EUR/USD.IDEALPRO-MLSignalStrategyV2-V2,BUY,STOP_MARKET,100000.00,1.17313,USD,2.35 USD,TAKER,ff3bd98f-0c98-44f0-ac5f-ecf12591e878,2025-07-07 13:18:00+00:00,2025-07-07 13:18:00+00:00,{},False
O-20250707-133000-001-V2-2767,BACKTESTER-001,MLSignalStrategyV2-V2,EUR/USD.IDEALPRO,IDEALPRO-1-2767,IDEALPRO-001,IDEALPRO-1-379454,EUR/USD.IDEALPRO-MLSignalStrategyV2-V2,SELL,MARKET,100000.00,1.17369,USD,2.35 USD,TAKER,312307d0-dbc6-4f69-b32e-f7afb3bf46c4,2025-07-07 13:30:00+00:00,2025-07-07 13:30:00+00:00,{},False
O-20250707-133000-001-V2-2768,BACKTESTER-001,MLSignalStrategyV2-V2,EUR/USD.IDEALPRO,IDEALPRO-1-2768,IDEALPRO-001,IDEALPRO-1-379609,EUR/USD.IDEALPRO-MLSignalStrategyV2-V2,BUY,STOP_MARKET,100000.00,1.17456,USD,2.35 USD,TAKER,90bff401-74db-456b-ae8b-39bcfd571df5,2025-07-07 14:47:00+00:00,2025-07-07 14:47:00+00:00,{},False
O-20250707-170000-001-V2-2770,BACKTESTER-001,MLSignalStrategyV2-V2,EUR/USD.IDEALPRO,IDEALPRO-1-2770,IDEALPRO-001,IDEALPRO-1-379876,EUR/USD.IDEALPRO-MLSignalStrategyV2-V2,BUY,MARKET,100000.00,1.16943,USD,2.34 USD,TAKER,ba0e6efb-d95d-4581-a82f-f2987fc97031,2025-07-07 17:00:00+00:00,2025-07-07 17:00:00+00:00,{},False
O-20250707-170000-001-V2-2772,BACKTESTER-001,MLSignalStrategyV2-V2,EUR/USD.IDEALPRO,IDEALPRO-1-2772,IDEALPRO-001,IDEALPRO-1-379939,EUR/USD.IDEALPRO-MLSignalStrategyV2-V2,SELL,LIMIT,100000.00,1.17088,USD,2.34 USD,MAKER,eabff047-77d6-4e6d-8e5a-02972671443c,2025-07-07 17:31:00+00:00,2025-07-07 17:31:00+00:00,{},False
O-20250707-230000-001-V2-2773,BACKTESTER-001,MLSignalStrategyV2-V2,EUR/USD.IDEALPRO,IDEALPRO-1-2773,IDEALPRO-001,IDEALPRO-1-380568,EUR/USD.IDEALPRO-MLSignalStrategyV2-V2,BUY,MARKET,100000.00,1.17356,USD,2.35 USD,TAKER,79fff290-0bcb-405a-9e22-dafa15336d48,2025-07-07 23:00:00+00:00,2025-07-07 23:00:00+00:00,{},False
O-20250707-230000-001-V2-2775,BACKTESTER-001,MLSignalStrategyV2-V2,EUR/USD.IDEALPRO,IDEALPRO-1-2775,IDEALPRO-001,IDEALPRO-1-380703,EUR/USD.IDEALPRO-MLSignalStrategyV2-V2,SELL,LIMIT,100000.00,1.17432,USD,2.35 USD,MAKER,e744dc06-ebdf-4bcd-b96f-0a5803785dfa,2025-07-08 00:07:00+00:00,2025-07-08 00:07:00+00:00,{},False
O-20250708-001500-001-V2-2776,BACKTESTER-001,MLSignalStrategyV2-V2,EUR/USD.IDEALPRO,IDEALPRO-1-2776,IDEALPRO-001,IDEALPRO-1-380720,EUR/USD.IDEALPRO-MLSignalStrategyV2-V2,SELL,MARKET,100000.00,1.17467,USD,2.35 USD,TAKER,c3b877ec-b125-4ded-a7a0-df145242c8d5,2025-07-08 00:15:00+00:00,2025-07-08 00:15:00+00:00,{},False
O-20250708-001500-001-V2-2778,BACKTESTER-001,MLSignalStrategyV2-V2,EUR/USD.IDEALPRO,IDEALPRO-1-2778,IDEALPRO-001,IDEALPRO-1-380747,EUR/USD.IDEALPRO-MLSignalStrategyV2-V2,BUY,LIMIT,100000.00,1.17403,USD,2.35 USD,MAKER,ebf63341-2558-48e8-a1aa-9de248f59ae1,2025-07-08 00:28:00+00:00,2025-07-08 00:28:00+00:00,{},False
O-20250708-004500-001-V2-2779,BACKTESTER-001,MLSignalStrategyV2-V2,EUR/USD.IDEALPRO,IDEALPRO-1-2779,IDEALPRO-001,IDEALPRO-1-380782,EUR/USD.IDEALPRO-MLSignalStrategyV2-V2,BUY,MARKET,100000.00,1.17461,USD,2.35 USD,TAKER,f4f082c3-1692-4149-9f06-6542b82e5f20,2025-07-08 00:45:00+00:00,2025-07-08 00:45:00+00:00,{},False
O-20250708-004500-001-V2-2780,BACKTESTER-001,MLSignalStrategyV2-V2,EUR/USD.IDEALPRO,IDEALPRO-1-2780,IDEALPRO-001,IDEALPRO-1-380837,EUR/USD.IDEALPRO-MLSignalStrategyV2-V2,SELL,STOP_MARKET,100000.00,1.17352,USD,2.35 USD,TAKER,5957a4ed-25b5-4fa8-b840-6375191e345e,2025-07-08 01:12:00+00:00,2025-07-08 01:12:00+00:00,{},False
O-20250708-011500-001-V2-2782,BACKTESTER-001,MLSignalStrategyV2-V2,EUR/USD.IDEALPRO,IDEALPRO-1-2782,IDEALPRO-001,IDEALPRO-1-380844,EUR/USD.IDEALPRO-MLSignalStrategyV2-V2,BUY,MARKET,100000.00,1.17352,USD,2.35 USD,TAKER,c7f8b178-2629-4ede-81d9-4969ae9dc1e5,2025-07-08 01:15:00+00:00,2025-07-08 01:15:00+00:00,{},False
O-20250708-011500-001-V2-2784,BACKTESTER-001,MLSignalStrategyV2-V2,EUR/USD.IDEALPRO,IDEALPRO-1-2784,IDEALPRO-001,IDEALPRO-1-380893,EUR/USD.IDEALPRO-MLSignalStrategyV2-V2,SELL,LIMIT,100000.00,1.17435,USD,2.35 USD,MAKER,61825d8b-fed1-4706-815c-536cc45939e0,2025-07-08 01:39:00+00:00,2025-07-08 01:39:00+00:00,{},False
O-20250708-024500-001-V2-2785,BACKTESTER-001,MLSignalStrategyV2-V2,EUR/USD.IDEALPRO,IDEALPRO-1-2785,IDEALPRO-001,IDEALPRO-1-381026,EUR/USD.IDEALPRO-MLSignalStrategyV2-V2,BUY,MARKET,100000.00,1.17420,USD,2.35 USD,TAKER,919e5219-f8fc-4fcf-a38e-647201a38b3e,2025-07-08 02:45:00+00:00,2025-07-08 02:45:00+00:00,{},False
O-20250708-024500-001-V2-2787,BACKTESTER-001,MLSignalStrategyV2-V2,EUR/USD.IDEALPRO,IDEALPRO-1-2787,IDEALPRO-001,IDEALPRO-1-381191,EUR/USD.IDEALPRO-MLSignalStrategyV2-V2,SELL,LIMIT,100000.00,1.17495,USD,2.35 USD,MAKER,f5bc4a1b-057a-4042-ba79-f67b0b6f442b,2025-07-08 04:07:00+00:00,2025-07-08 04:07:00+00:00,{},False
O-20250708-093000-001-V2-2788,BACKTESTER-001,MLSignalStrategyV2-V2,EUR/USD.IDEALPRO,IDEALPRO-1-2788,IDEALPRO-001,IDEALPRO-1-381839,EUR/USD.IDEALPRO-MLSignalStrategyV2-V2,SELL,MARKET,100000.00,1.17488,USD,2.35 USD,TAKER,620aa2d1-2316-4003-8659-d6864f4cb59f,2025-07-08 09:30:00+00:00,2025-07-08 09:30:00+00:00,{},False
O-20250708-093000-001-V2-2790,BACKTESTER-001,MLSignalStrategyV2-V2,EUR/USD.IDEALPRO,IDEALPRO-1-2790,IDEALPRO-001,IDEALPRO-1-381869,EUR/USD.IDEALPRO-MLSignalStrategyV2-V2,BUY,LIMIT,100000.00,1.17412,USD,2.35 USD,MAKER,27cb0d39-55c6-477f-9d69-86a40f883a4b,2025-07-08 09:45:00+00:00,2025-07-08 09:45:00+00:00,{},False
O-20250708-101500-001-V2-2791,BACKTESTER-001,MLSignalStrategyV2-V2,EUR/USD.IDEALPRO,IDEALPRO-1-2791,IDEALPRO-001,IDEALPRO-1-381931,EUR/USD.IDEALPRO-MLSignalStrategyV2-V2,SELL,MARKET,100000.00,1.17379,USD,2.35 USD,TAKER,75ee5726-5bf1-4248-ad7a-5ac0e5256cf1,2025-07-08 10:15:00+00:00,2025-07-08 10:15:00+00:00,{},False
O-20250708-101500-001-V2-2793,BACKTESTER-001,MLSignalStrategyV2-V2,EUR/USD.IDEALPRO,IDEALPRO-1-2793,IDEALPRO-001,IDEALPRO-1-381961,EUR/USD.IDEALPRO-MLSignalStrategyV2-V2,BUY,LIMIT,100000.00,1.17306,USD,2.35 USD,MAKER,fcb4c361-6c70-4966-b675-6ec30f910254,2025-07-08 10:30:00+00:00,2025-07-08 10:30:00+00:00,{},False
O-20250708-103000-001-V2-2794,BACKTESTER-001,MLSignalStrategyV2-V2,EUR/USD.IDEALPRO,IDEALPRO-1-2794,IDEALPRO-001,IDEALPRO-1-381962,EUR/USD.IDEALPRO-MLSignalStrategyV2-V2,SELL,MARKET,100000.00,1.17311,USD,2.35 USD,TAKER,7d4c208f-8b76-4230-87b0-a9b89e8b2197,2025-07-08 10:30:00+00:00,2025-07-08 10:30:00+00:00,{},False
O-20250708-103000-001-V2-2796,BACKTESTER-001,MLSignalStrategyV2-V2,EUR/USD.IDEALPRO,IDEALPRO-1-2796,IDEALPRO-001,IDEALPRO-1-381999,EUR/USD.IDEALPRO-MLSignalStrategyV2-V2,BUY,LIMIT,100000.00,1.17233,USD,2.34 USD,MAKER,a1e3c429-13c0-4ccc-8738-ed924f7d3745,2025-07-08 10:48:00+00:00,2025-07-08 10:48:00+00:00,{},False
O-20250708-114500-001-V2-2797,BACKTESTER-001,MLSignalStrategyV2-V2,EUR/USD.IDEALPRO,IDEALPRO-1-2797,IDEALPRO-001,IDEALPRO-1-382115,EUR/USD.IDEALPRO-MLSignalStrategyV2-V2,SELL,MARKET,100000.00,1.17301,USD,2.35 USD,TAKER,3db74a08-9051-4a23-9931-379094bda8e7,2025-07-08 11:45:00+00:00,2025-07-08 11:45:00+00:00,{},False
O-20250708-114500-001-V2-2799,BACKTESTER-001,MLSignalStrategyV2-V2,EUR/USD.IDEALPRO,IDEALPRO-1-2799,IDEALPRO-001,IDEALPRO-1-382135,EUR/USD.IDEALPRO-MLSignalStrategyV2-V2,BUY,LIMIT,100000.00,1.17240,USD,2.34 USD,MAKER,090c1500-f0ca-4c71-8782-4c08f6c2a3cd,2025-07-08 11:55:00+00:00,2025-07-08 11:55:00+00:00,{},False
O-20250708-141500-001-V2-2800,BACKTESTER-001,MLSignalStrategyV2-V2,EUR/USD.IDEALPRO,IDEALPRO-1-2800,IDEALPRO-001,IDEALPRO-1-382416,EUR/USD.IDEALPRO-MLSignalStrategyV2-V2,BUY,MARKET,100000.00,1.16894,USD,2.34 USD,TAKER,ea49f42a-7d9b-4f6a-b868-2d217a00c97b,2025-07-08 14:15:00+00:00,2025-07-08 14:15:00+00:00,{},False
O-20250708-141500-001-V2-2802,BACKTESTER-001,MLSignalStrategyV2-V2,EUR/USD.IDEALPRO,IDEALPRO-1-2802,IDEALPRO-001,IDEALPRO-1-382483,EUR/USD.IDEALPRO-MLSignalStrategyV2-V2,SELL,LIMIT,100000.00,1.17007,USD,2.34 USD,MAKER,0502524d-da9c-4325-aaed-078aee8398af,2025-07-08 14:48:00+00:00,2025-07-08 14:48:00+00:00,{},False
O-20250708-161500-001-V2-2803,BACKTESTER-001,MLSignalStrategyV2-V2,EUR/USD.IDEALPRO,IDEALPRO-1-2803,IDEALPRO-001,IDEALPRO-1-382659,EUR/USD.IDEALPRO-MLSignalStrategyV2-V2,BUY,MARKET,100000.00,1.17096,USD,2.34 USD,TAKER,1c00c2e4-b7b5-4ad3-8088-53402508a6d0,2025-07-08 16:15:00+00:00,2025-07-08 16:15:00+00:00,{},False
O-20250708-161500-001-V2-2804,BACKTESTER-001,MLSignalStrategyV2-V2,EUR/USD.IDEALPRO,IDEALPRO-1-2804,IDEALPRO-001,IDEALPRO-1-382701,EUR/USD.IDEALPRO-MLSignalStrategyV2-V2,SELL,STOP_MARKET,100000.00,1.16981,USD,2.34 USD,TAKER,ae7e7a47-b2c0-493b-a137-5efb94b844d3,2025-07-08 16:36:00+00:00,2025-07-08 16:36:00+00:00,{},False
O-20250708-164500-001-V2-2806,BACKTESTER-001,MLSignalStrategyV2-V2,EUR/USD.IDEALPRO,IDEALPRO-1-2806,IDEALPRO-001,IDEALPRO-1-382720,EUR/USD.IDEALPRO-MLSignalStrategyV2-V2,BUY,MARKET,100000.00,1.17028,USD,2.34 USD,TAKER,9c8c9dc8-df93-4c1a-a5e1-750352196573,2025-07-08 16:45:00+00:00,2025-07-08 16:45:00+00:00,{},False
O-20250708-164500-001-V2-2808,BACKTESTER-001,MLSignalStrategyV2-V2,EUR/USD.IDEALPRO,IDEALPRO-1-2808,IDEALPRO-001,IDEALPRO-1-382757,EUR/USD.IDEALPRO-MLSignalStrategyV2-V2,SELL,LIMIT,100000.00,1.17135,USD,2.34 USD,MAKER,f0ce93e0-a7a9-45f7-b63a-d79fbd13d18d,2025-07-08 17:03:00+00:00,2025-07-08 17:03:00+00:00,{},False
O-20250709-024500-001-V2-2809,BACKTESTER-001,MLSignalStrategyV2-V2,EUR/USD.IDEALPRO,IDEALPRO-1-2809,IDEALPRO-001,IDEALPRO-1-383892,EUR/USD.IDEALPRO-MLSignalStrategyV2-V2,BUY,MARKET,100000.00,1.17071,USD,2.34 USD,TAKER,e858f43d-c0cb-464b-97eb-e5c05cf1b2b0,2025-07-09 02:45:00+00:00,2025-07-09 02:45:00+00:00,{},False
O-20250709-024500-001-V2-2811,BACKTESTER-001,MLSignalStrategyV2-V2,EUR/USD.IDEALPRO,IDEALPRO-1-2811,IDEALPRO-001,IDEALPRO-1-384151,EUR/USD.IDEALPRO-MLSignalStrategyV2-V2,SELL,LIMIT,100000.00,1.17130,USD,2.34 USD,MAKER,643decd5-4b12-476a-9937-8de1f2d3d4e4,2025-07-09 04:54:00+00:00,2025-07-09 04:54:00+00:00,{},False
O-20250709-114500-001-V2-2812,BACKTESTER-001,MLSignalStrategyV2-V2,EUR/USD.IDEALPRO,IDEALPRO-1-2812,IDEALPRO-001,IDEALPRO-1-384974,EUR/USD.IDEALPRO-MLSignalStrategyV2-V2,SELL,MARKET,100000.00,1.17048,USD,2.34 USD,TAKER,893998f9-641d-486b-9b99-916550b1740e,2025-07-09 11:45:00+00:00,2025-07-09 11:45:00+00:00,{},False
O-20250709-114500-001-V2-2814,BACKTESTER-001,MLSignalStrategyV2-V2,EUR/USD.IDEALPRO,IDEALPRO-1-2814,IDEALPRO-001,IDEALPRO-1-384993,EUR/USD.IDEALPRO-MLSignalStrategyV2-V2,BUY,LIMIT,100000.00,1.16975,USD,2.34 USD,MAKER,7c580e3d-4631-40a3-964b-3220555a7caa,2025-07-09 11:54:00+00:00,2025-07-09 11:54:00+00:00,{},False
O-20250709-204500-001-V2-2815,BACKTESTER-001,MLSignalStrategyV2-V2,EUR/USD.IDEALPRO,IDEALPRO-1-2815,IDEALPRO-001,IDEALPRO-1-386057,EUR/USD.IDEALPRO-MLSignalStrategyV2-V2,BUY,MARKET,100000.00,1.17173,USD,2.34 USD,TAKER,87759869-06b3-4e4e-9dbf-2b81639869e4,2025-07-09 20:45:00+00:00,2025-07-09 20:45:00+00:00,{},False
O-20250709-204500-001-V2-2817,BACKTESTER-001,MLSignalStrategyV2-V2,EUR/USD.IDEALPRO,IDEALPRO-1-2817,IDEALPRO-001,IDEALPRO-1-386079,EUR/USD.IDEALPRO-MLSignalStrategyV2-V2,SELL,LIMIT,100000.00,1.17234,USD,2.34 USD,MAKER,d0deec17-af4e-4442-9118-1b691212aabe,2025-07-09 20:56:00+00:00,2025-07-09 20:56:00+00:00,{},False
O-20250709-210000-001-V2-2818,BACKTESTER-001,MLSignalStrategyV2-V2,EUR/USD.IDEALPRO,IDEALPRO-1-2818,IDEALPRO-001,IDEALPRO-1-386088,EUR/USD.IDEALPRO-MLSignalStrategyV2-V2,BUY,MARKET,100000.00,1.17205,USD,2.34 USD,TAKER,208925b1-8128-421e-aad9-46fee98ed301,2025-07-09 21:00:00+00:00,2025-07-09 21:00:00+00:00,{},False
O-20250709-210000-001-V2-2820,BACKTESTER-001,MLSignalStrategyV2-V2,EUR/USD.IDEALPRO,IDEALPRO-1-2820,IDEALPRO-001,IDEALPRO-1-386345,EUR/USD.IDEALPRO-MLSignalStrategyV2-V2,SELL,LIMIT,100000.00,1.17271,USD,2.35 USD,MAKER,a3b32806-5304-4682-ad88-c070c7e762e9,2025-07-09 23:23:00+00:00,2025-07-09 23:23:00+00:00,{},False
O-20250710-000000-001-V2-2821,BACKTESTER-001,MLSignalStrategyV2-V2,EUR/USD.IDEALPRO,IDEALPRO-1-2821,IDEALPRO-001,IDEALPRO-1-386420,EUR/USD.IDEALPRO-MLSignalStrategyV2-V2,SELL,MARKET,100000.00,1.17381,USD,2.35 USD,TAKER,d6d0f6a7-a3c2-410e-93da-505d8edaea84,2025-07-10 00:00:00+00:00,2025-07-10 00:00:00+00:00,{},False
O-20250710-000000-001-V2-2822,BACKTESTER-001,MLSignalStrategyV2-V2,EUR/USD.IDEALPRO,IDEALPRO-1-2822,IDEALPRO-001,IDEALPRO-1-386437,EUR/USD.IDEALPRO-MLSignalStrategyV2-V2,BUY,STOP_MARKET,100000.00,1.17434,USD,2.35 USD,TAKER,a519118d-3056-4eab-b752-3b2f9720903b,2025-07-10 00:08:00+00:00,2025-07-10 00:08:00+00:00,{},False
O-20250710-003000-001-V2-2824,BACKTESTER-001,MLSignalStrategyV2-V2,EUR/USD.IDEALPRO,IDEALPRO-1-2824,IDEALPRO-001,IDEALPRO-1-386483,EUR/USD.IDEALPRO-MLSignalStrategyV2-V2,SELL,MARKET,100000.00,1.17458,USD,2.35 USD,TAKER,52f04ee1-e841-4b8c-be38-a61fda8d22a8,2025-07-10 00:30:00+00:00,2025-07-10 00:30:00+00:00,{},False
O-20250710-003000-001-V2-2826,BACKTESTER-001,MLSignalStrategyV2-V2,EUR/USD.IDEALPRO,IDEALPRO-1-2826,IDEALPRO-001,IDEALPRO-1-386571,EUR/USD.IDEALPRO-MLSignalStrategyV2-V2,BUY,LIMIT,100000.00,1.17389,USD,2.35 USD,MAKER,a6e886fa-123e-4eb9-8839-b4f2bf833057,2025-07-10 01:14:00+00:00,2025-07-10 01:14:00+00:00,{},False
O-20250710-120000-001-V2-2827,BACKTESTER-001,MLSignalStrategyV2-V2,EUR/USD.IDEALPRO,IDEALPRO-1-2827,IDEALPRO-001,IDEALPRO-1-387864,EUR/USD.IDEALPRO-MLSignalStrategyV2-V2,SELL,MARKET,100000.00,1.17119,USD,2.34 USD,TAKER,dadfa840-1b46-46aa-85bb-f79a9910316c,2025-07-10 12:00:00+00:00,2025-07-10 12:00:00+00:00,{},False
O-20250710-120000-001-V2-2829,BACKTESTER-001,MLSignalStrategyV2-V2,EUR/USD.IDEALPRO,IDEALPRO-1-2829,IDEALPRO-001,IDEALPRO-1-387925,EUR/USD.IDEALPRO-MLSignalStrategyV2-V2,BUY,LIMIT,100000.00,1.17054,USD,2.34 USD,MAKER,a7fb8f03-5be1-4a32-ab52-c83cd075ea30,2025-07-10 12:30:00+00:00,2025-07-10 12:30:00+00:00,{},False
O-20250710-124500-001-V2-2830,BACKTESTER-001,MLSignalStrategyV2-V2,EUR/USD.IDEALPRO,IDEALPRO-1-2830,IDEALPRO-001,IDEALPRO-1-387957,EUR/USD.IDEALPRO-MLSignalStrategyV2-V2,BUY,MARKET,100000.00,1.17042,USD,2.34 USD,TAKER,56e42bac-f6fd-4b9a-8eb4-1a10f667b78d,2025-07-10 12:45:00+00:00,2025-07-10 12:45:00+00:00,{},False
O-20250710-124500-001-V2-2832,BACKTESTER-001,MLSignalStrategyV2-V2,EUR/USD.IDEALPRO,IDEALPRO-1-2832,IDEALPRO-001,IDEALPRO-1-387991,EUR/USD.IDEALPRO-MLSignalStrategyV2-V2,SELL,LIMIT,100000.00,1.17107,USD,2.34 USD,MAKER,a57e6529-8925-422b-99a2-c9ff6717473d,2025-07-10 13:02:00+00:00,2025-07-10 13:02:00+00:00,{},False
O-20250710-131500-001-V2-2833,BACKTESTER-001,MLSignalStrategyV2-V2,EUR/USD.IDEALPRO,IDEALPRO-1-2833,IDEALPRO-001,IDEALPRO-1-388018,EUR/USD.IDEALPRO-MLSignalStrategyV2-V2,SELL,MARKET,100000.00,1.17100,USD,2.34 USD,TAKER,9111c266-9a20-4b78-b982-9cada6b656e6,2025-07-10 13:15:00+00:00,2025-07-10 13:15:00+00:00,{},False
O-20250710-131500-001-V2-2835,BACKTESTER-001,MLSignalStrategyV2-V2,EUR/USD.IDEALPRO,IDEALPRO-1-2835,IDEALPRO-001,IDEALPRO-1-388039,EUR/USD.IDEALPRO-MLSignalStrategyV2-V2,BUY,LIMIT,100000.00,1.17036,USD,2.34 USD,MAKER,35261f2b-4e14-403c-b571-c5a34b788ecf,2025-07-10 13:25:00+00:00,2025-07-10 13:25:00+00:00,{},False
O-20250710-143000-001-V2-2836,BACKTESTER-001,MLSignalStrategyV2-V2,EUR/USD.IDEALPRO,IDEALPRO-1-2836,IDEALPRO-001,IDEALPRO-1-388170,EUR/USD.IDEALPRO-MLSignalStrategyV2-V2,BUY,MARKET,100000.00,1.16680,USD,2.33 USD,TAKER,5ba90be8-eb2f-4e50-8a86-4277d0ff4815,2025-07-10 14:30:00+00:00,2025-07-10 14:30:00+00:00,{},False
O-20250710-143000-001-V2-2838,BACKTESTER-001,MLSignalStrategyV2-V2,EUR/USD.IDEALPRO,IDEALPRO-1-2838,IDEALPRO-001,IDEALPRO-1-388209,EUR/USD.IDEALPRO-MLSignalStrategyV2-V2,SELL,LIMIT,100000.00,1.16798,USD,2.34 USD,MAKER,8329ef7e-0472-46f2-bbd2-32811ece79b7,2025-07-10 14:49:00+00:00,2025-07-10 14:49:00+00:00,{},False
O-20250710-150000-001-V2-2839,BACKTESTER-001,MLSignalStrategyV2-V2,EUR/USD.IDEALPRO,IDEALPRO-1-2839,IDEALPRO-001,IDEALPRO-1-388232,EUR/USD.IDEALPRO-MLSignalStrategyV2-V2,BUY,MARKET,100000.00,1.16800,USD,2.34 USD,TAKER,f157cd99-2dca-4d42-8469-fab6178da51d,2025-07-10 15:00:00+00:00,2025-07-10 15:00:00+00:00,{},False
O-20250710-150000-001-V2-2841,BACKTESTER-001,MLSignalStrategyV2-V2,EUR/USD.IDEALPRO,IDEALPRO-1-2841,IDEALPRO-001,IDEALPRO-1-388577,EUR/USD.IDEALPRO-MLSignalStrategyV2-V2,SELL,LIMIT,100000.00,1.16914,USD,2.34 USD,MAKER,c408f8ae-2003-4396-95ad-801ac78bef2a,2025-07-10 17:52:00+00:00,2025-07-10 17:52:00+00:00,{},False
O-20250710-183000-001-V2-2842,BACKTESTER-001,MLSignalStrategyV2-V2,EUR/USD.IDEALPRO,IDEALPRO-1-2842,IDEALPRO-001,IDEALPRO-1-388654,EUR/USD.IDEALPRO-MLSignalStrategyV2-V2,BUY,MARKET,100000.00,1.16923,USD,2.34 USD,TAKER,afed4b24-82b8-49d9-bfd0-dcad8cc72730,2025-07-10 18:30:00+00:00,2025-07-10 18:30:00+00:00,{},False
O-20250710-183000-001-V2-2844,BACKTESTER-001,MLSignalStrategyV2-V2,EUR/USD.IDEALPRO,IDEALPRO-1-2844,IDEALPRO-001,IDEALPRO-1-388817,EUR/USD.IDEALPRO-MLSignalStrategyV2-V2,SELL,LIMIT,100000.00,1.16991,USD,2.34 USD,MAKER,3e5b7cd4-69fb-4447-ac05-f21a9f9e023b,2025-07-10 19:51:00+00:00,2025-07-10 19:51:00+00:00,{},False
O-20250710-213000-001-V2-2845,BACKTESTER-001,MLSignalStrategyV2-V2,EUR/USD.IDEALPRO,IDEALPRO-1-2845,IDEALPRO-001,IDEALPRO-1-388986,EUR/USD.IDEALPRO-MLSignalStrategyV2-V2,BUY,MARKET,100000.00,1.16996,USD,2.34 USD,TAKER,96ff20ad-f68f-4549-9963-d6c7fd3e6473,2025-07-10 21:30:00+00:00,2025-07-10 21:30:00+00:00,{},False
O-20250710-213000-001-V2-2847,BACKTESTER-001,MLSignalStrategyV2-V2,EUR/USD.IDEALPRO,IDEALPRO-1-2847,IDEALPRO-001,IDEALPRO-1-389049,EUR/USD.IDEALPRO-MLSignalStrategyV2-V2,SELL,LIMIT,100000.00,1.17038,USD,2.34 USD,MAKER,947c657b-e69f-41a8-baf8-f542b5e71380,2025-07-10 22:01:00+00:00,2025-07-10 22:01:00+00:00,{},False
O-20250711-010000-001-V2-2848,BACKTESTER-001,MLSignalStrategyV2-V2,EUR/USD.IDEALPRO,IDEALPRO-1-2848,IDEALPRO-001,IDEALPRO-1-389408,EUR/USD.IDEALPRO-MLSignalStrategyV2-V2,BUY,MARKET,100000.00,1.16750,USD,2.34 USD,TAKER,3b3ccd4e-6da4-4819-9af2-7964da1c2701,2025-07-11 01:00:00+00:00,2025-07-11 01:00:00+00:00,{},False
O-20250711-010000-001-V2-2850,BACKTESTER-001,MLSignalStrategyV2-V2,EUR/USD.IDEALPRO,IDEALPRO-1-2850,IDEALPRO-001,IDEALPRO-1-389493,EUR/USD.IDEALPRO-MLSignalStrategyV2-V2,SELL,LIMIT,100000.00,1.16838,USD,2.34 USD,MAKER,6de2443d-8611-4b0d-9f95-f771f0e15a4a,2025-07-11 01:42:00+00:00,2025-07-11 01:42:00+00:00,{},False
O-20250711-014500-001-V2-2851,BACKTESTER-001,MLSignalStrategyV2-V2,EUR/USD.IDEALPRO,IDEALPRO-1-2851,IDEALPRO-001,IDEALPRO-1-389500,EUR/USD.IDEALPRO-MLSignalStrategyV2-V2,BUY,MARKET,100000.00,1.16833,USD,2.34 USD,TAKER,05713c80-a9b4-41ea-92e6-68b62d0f93a5,2025-07-11 01:45:00+00:00,2025-07-11 01:45:00+00:00,{},False
O-20250711-014500-001-V2-2852,BACKTESTER-001,MLSignalStrategyV2-V2,EUR/USD.IDEALPRO,IDEALPRO-1-2852,IDEALPRO-001,IDEALPRO-1-389629,EUR/USD.IDEALPRO-MLSignalStrategyV2-V2,SELL,STOP_MARKET,100000.00,1.16726,USD,2.33 USD,TAKER,7eed7893-6595-4e3c-a5cf-ba0af61d02f7,2025-07-11 02:49:00+00:00,2025-07-11 02:49:00+00:00,{},False
O-20250711-030000-001-V2-2854,BACKTESTER-001,MLSignalStrategyV2-V2,EUR/USD.IDEALPRO,IDEALPRO-1-2854,IDEALPRO-001,IDEALPRO-1-389652,EUR/USD.IDEALPRO-MLSignalStrategyV2-V2,BUY,MARKET,100000.00,1.16711,USD,2.33 USD,TAKER,9a0e509a-787b-4e82-8d08-1c8f8aed4742,2025-07-11 03:00:00+00:00,2025-07-11 03:00:00+00:00,{},False
O-20250711-030000-001-V2-2856,BACKTESTER-001,MLSignalStrategyV2-V2,EUR/USD.IDEALPRO,IDEALPRO-1-2856,IDEALPRO-001,IDEALPRO-1-389695,EUR/USD.IDEALPRO-MLSignalStrategyV2-V2,SELL,LIMIT,100000.00,1.16784,USD,2.34 USD,MAKER,77275593-edad-4f4c-a5c9-36d2d2295d47,2025-07-11 03:21:00+00:00,2025-07-11 03:21:00+00:00,{},False
O-20250711-100000-001-V2-2857,BACKTESTER-001,MLSignalStrategyV2-V2,EUR/USD.IDEALPRO,IDEALPRO-1-2857,IDEALPRO-001,IDEALPRO-1-390494,EUR/USD.IDEALPRO-MLSignalStrategyV2-V2,BUY,MARKET,100000.00,1.16951,USD,2.34 USD,TAKER,febcb40e-91b1-48fc-9b08-0df7c9f78204,2025-07-11 10:00:00+00:00,2025-07-11 10:00:00+00:00,{},False
O-20250711-100000-001-V2-2858,BACKTESTER-001,MLSignalStrategyV2-V2,EUR/USD.IDEALPRO,IDEALPRO-1-2858,IDEALPRO-001,IDEALPRO-1-390753,EUR/USD.IDEALPRO-MLSignalStrategyV2-V2,SELL,STOP_MARKET,100000.00,1.16852,USD,2.34 USD,TAKER,a5fd0ab5-fc92-454e-8eeb-f35616623d09,2025-07-11 12:09:00+00:00,2025-07-11 12:09:00+00:00,{},False
O-20250711-160000-001-V2-2860,BACKTESTER-001,MLSignalStrategyV2-V2,EUR/USD.IDEALPRO,IDEALPRO-1-2860,IDEALPRO-001,IDEALPRO-1-391217,EUR/USD.IDEALPRO-MLSignalStrategyV2-V2,BUY,MARKET,100000.00,1.16962,USD,2.34 USD,TAKER,bff5e540-86e6-4635-a14e-5ff1849c18d3,2025-07-11 16:00:00+00:00,2025-07-11 16:00:00+00:00,{},False
O-20250711-160000-001-V2-2861,BACKTESTER-001,MLSignalStrategyV2-V2,EUR/USD.IDEALPRO,IDEALPRO-1-2861,IDEALPRO-001,IDEALPRO-1-391739,EUR/USD.IDEALPRO-MLSignalStrategyV2-V2,SELL,STOP_MARKET,100000.00,1.16848,USD,2.34 USD,TAKER,d4a84623-2fb4-4b62-8523-fbd5f08e572c,2025-07-11 20:21:00+00:00,2025-07-11 20:21:00+00:00,{},False
O-20250711-204500-001-V2-2863,BACKTESTER-001,MLSignalStrategyV2-V2,EUR/USD.IDEALPRO,IDEALPRO-1-2863,IDEALPRO-001,IDEALPRO-1-391789,EUR/USD.IDEALPRO-MLSignalStrategyV2-V2,BUY,MARKET,100000.00,1.16872,USD,2.34 USD,TAKER,efa88228-05a4-4277-9783-9f4779355077,2025-07-11 20:45:00+00:00,2025-07-11 20:45:00+00:00,{},False
O-20250711-204500-001-V2-2865,BACKTESTER-001,MLSignalStrategyV2-V2,EUR/USD.IDEALPRO,IDEALPRO-1-2865,IDEALPRO-001,IDEALPRO-1-391807,EUR/USD.IDEALPRO-MLSignalStrategyV2-V2,SELL,LIMIT,100000.00,1.16944,USD,2.34 USD,MAKER,c50acec9-08cb-45e2-ac1e-b9cf877d14b8,2025-07-11 20:54:00+00:00,2025-07-11 20:54:00+00:00,{},False
O-20250713-213000-001-V2-2866,BACKTESTER-001,MLSignalStrategyV2-V2,EUR/USD.IDEALPRO,IDEALPRO-1-2866,IDEALPRO-001,IDEALPRO-1-391850,EUR/USD.IDEALPRO-MLSignalStrategyV2-V2,BUY,MARKET,100000.00,1.16660,USD,2.33 USD,TAKER,555df63c-99df-4579-b5bf-2ef7cac708fb,2025-07-13 21:30:00+00:00,2025-07-13 21:30:00+00:00,{},False
O-20250713-213000-001-V2-2868,BACKTESTER-001,MLSignalStrategyV2-V2,EUR/USD.IDEALPRO,IDEALPRO-1-2868,IDEALPRO-001,IDEALPRO-1-391895,EUR/USD.IDEALPRO-MLSignalStrategyV2-V2,SELL,LIMIT,100000.00,1.16735,USD,2.33 USD,MAKER,86bb49a8-da76-4731-bfd4-31f98c874910,2025-07-13 21:52:00+00:00,2025-07-13 21:52:00+00:00,{},False
O-20250713-220000-001-V2-2869,BACKTESTER-001,MLSignalStrategyV2-V2,EUR/USD.IDEALPRO,IDEALPRO-1-2869,IDEALPRO-001,IDEALPRO-1-391912,EUR/USD.IDEALPRO-MLSignalStrategyV2-V2,BUY,MARKET,100000.00,1.16696,USD,2.33 USD,TAKER,d73715db-c5c8-4415-9195-ba1d455f4745,2025-07-13 22:00:00+00:00,2025-07-13 22:00:00+00:00,{},False
O-20250713-220000-001-V2-2871,BACKTESTER-001,MLSignalStrategyV2-V2,EUR/USD.IDEALPRO,IDEALPRO-1-2871,IDEALPRO-001,IDEALPRO-1-391919,EUR/USD.IDEALPRO-MLSignalStrategyV2-V2,SELL,LIMIT,100000.00,1.16795,USD,2.34 USD,MAKER,dbf476aa-3463-459c-ad03-ad6a161101ba,2025-07-13 22:03:00+00:00,2025-07-13 22:03:00+00:00,{},False
O-20250713-221500-001-V2-2872,BACKTESTER-001,MLSignalStrategyV2-V2,EUR/USD.IDEALPRO,IDEALPRO-1-2872,IDEALPRO-001,IDEALPRO-1-391944,EUR/USD.IDEALPRO-MLSignalStrategyV2-V2,BUY,MARKET,100000.00,1.16705,USD,2.33 USD,TAKER,75ee207a-9edd-4148-9aa2-0e3a4f56cd13,2025-07-13 22:15:00+00:00,2025-07-13 22:15:00+00:00,{},False
O-20250713-221500-001-V2-2874,BACKTESTER-001,MLSignalStrategyV2-V2,EUR/USD.IDEALPRO,IDEALPRO-1-2874,IDEALPRO-001,IDEALPRO-1-392103,EUR/USD.IDEALPRO-MLSignalStrategyV2-V2,SELL,LIMIT,100000.00,1.16795,USD,2.34 USD,MAKER,db0383a6-00d1-46e3-83d6-86e2e0538e99,2025-07-13 23:34:00+00:00,2025-07-13 23:34:00+00:00,{},False
O-20250713-234500-001-V2-2875,BACKTESTER-001,MLSignalStrategyV2-V2,EUR/USD.IDEALPRO,IDEALPRO-1-2875,IDEALPRO-001,IDEALPRO-1-392126,EUR/USD.IDEALPRO-MLSignalStrategyV2-V2,BUY,MARKET,100000.00,1.16791,USD,2.34 USD,TAKER,7699bcad-79ea-48ff-8acf-54bbad3aacac,2025-07-13 23:45:00+00:00,2025-07-13 23:45:00+00:00,{},False
O-20250713-234500-001-V2-2877,BACKTESTER-001,MLSignalStrategyV2-V2,EUR/USD.IDEALPRO,IDEALPRO-1-2877,IDEALPRO-001,IDEALPRO-1-392169,EUR/USD.IDEALPRO-MLSignalStrategyV2-V2,SELL,LIMIT,100000.00,1.16875,USD,2.34 USD,MAKER,4738c2e1-6083-4d5e-a6ca-de1ecfaf4b42,2025-07-14 00:06:00+00:00,2025-07-14 00:06:00+00:00,{},False
O-20250714-064500-001-V2-2878,BACKTESTER-001,MLSignalStrategyV2-V2,EUR/USD.IDEALPRO,IDEALPRO-1-2878,IDEALPRO-001,IDEALPRO-1-392968,EUR/USD.IDEALPRO-MLSignalStrategyV2-V2,SELL,MARKET,100000.00,1.16642,USD,2.33 USD,TAKER,76055538-7f1f-40de-a089-10fd82e59e7a,2025-07-14 06:45:00+00:00,2025-07-14 06:45:00+00:00,{},False
O-20250714-064500-001-V2-2879,BACKTESTER-001,MLSignalStrategyV2-V2,EUR/USD.IDEALPRO,IDEALPRO-1-2879,IDEALPRO-001,IDEALPRO-1-393023,EUR/USD.IDEALPRO-MLSignalStrategyV2-V2,BUY,STOP_MARKET,100000.00,1.16739,USD,2.33 USD,TAKER,e6238546-e771-4ca5-a4b8-0c8ceccd6499,2025-07-14 07:12:00+00:00,2025-07-14 07:12:00+00:00,{},False
O-20250714-071500-001-V2-2881,BACKTESTER-001,MLSignalStrategyV2-V2,EUR/USD.IDEALPRO,IDEALPRO-1-2881,IDEALPRO-001,IDEALPRO-1-393030,EUR/USD.IDEALPRO-MLSignalStrategyV2-V2,SELL,MARKET,100000.00,1.16725,USD,2.33 USD,TAKER,0e3187f8-b14e-4942-a508-ba13680fa524,2025-07-14 07:15:00+00:00,2025-07-14 07:15:00+00:00,{},False
O-20250714-071500-001-V2-2882,BACKTESTER-001,MLSignalStrategyV2-V2,EUR/USD.IDEALPRO,IDEALPRO-1-2882,IDEALPRO-001,IDEALPRO-1-393077,EUR/USD.IDEALPRO-MLSignalStrategyV2-V2,BUY,STOP_MARKET,100000.00,1.16813,USD,2.34 USD,TAKER,3dff8447-500d-4625-9a86-0c0e6e41276c,2025-07-14 07:38:00+00:00,2025-07-14 07:38:00+00:00,{},False
O-20250714-131500-001-V2-2884,BACKTESTER-001,MLSignalStrategyV2-V2,EUR/USD.IDEALPRO,IDEALPRO-1-2884,IDEALPRO-001,IDEALPRO-1-393753,EUR/USD.IDEALPRO-MLSignalStrategyV2-V2,BUY,MARKET,100000.00,1.16801,USD,2.34 USD,TAKER,a752b305-eec0-45ef-9759-c3c2b805ad9c,2025-07-14 13:15:00+00:00,2025-07-14 13:15:00+00:00,{},False
O-20250714-131500-001-V2-2886,BACKTESTER-001,MLSignalStrategyV2-V2,EUR/USD.IDEALPRO,IDEALPRO-1-2886,IDEALPRO-001,IDEALPRO-1-393879,EUR/USD.IDEALPRO-MLSignalStrategyV2-V2,SELL,LIMIT,100000.00,1.16871,USD,2.34 USD,MAKER,81614157-6be7-4047-93e4-f0b96e175bf6,2025-07-14 14:18:00+00:00,2025-07-14 14:18:00+00:00,{},False
O-20250714-191500-001-V2-2887,BACKTESTER-001,MLSignalStrategyV2-V2,EUR/USD.IDEALPRO,IDEALPRO-1-2887,IDEALPRO-001,IDEALPRO-1-394474,EUR/USD.IDEALPRO-MLSignalStrategyV2-V2,SELL,MARKET,100000.00,1.16697,USD,2.33 USD,TAKER,1d8b962c-097d-41d6-9ffe-ab0c361dbc60,2025-07-14 19:15:00+00:00,2025-07-14 19:15:00+00:00,{},False
O-20250714-191500-001-V2-2889,BACKTESTER-001,MLSignalStrategyV2-V2,EUR/USD.IDEALPRO,IDEALPRO-1-2889,IDEALPRO-001,IDEALPRO-1-394667,EUR/USD.IDEALPRO-MLSignalStrategyV2-V2,BUY,LIMIT,100000.00,1.16637,USD,2.33 USD,MAKER,d68d801e-9412-4530-aa69-ebc66685358d,2025-07-14 20:51:00+00:00,2025-07-14 20:51:00+00:00,{},False
O-20250715-070000-001-V2-2890,BACKTESTER-001,MLSignalStrategyV2-V2,EUR/USD.IDEALPRO,IDEALPRO-1-2890,IDEALPRO-001,IDEALPRO-1-395856,EUR/USD.IDEALPRO-MLSignalStrategyV2-V2,SELL,MARKET,100000.00,1.16778,USD,2.34 USD,TAKER,de001f66-fc68-47db-89b2-9f2be728c3e7,2025-07-15 07:00:00+00:00,2025-07-15 07:00:00+00:00,{},False
O-20250715-070000-001-V2-2892,BACKTESTER-001,MLSignalStrategyV2-V2,EUR/USD.IDEALPRO,IDEALPRO-1-2892,IDEALPRO-001,IDEALPRO-1-395869,EUR/USD.IDEALPRO-MLSignalStrategyV2-V2,BUY,LIMIT,100000.00,1.16723,USD,2.33 USD,MAKER,75fcc01b-a8b1-413d-87c1-b69f4ba0ca98,2025-07-15 07:06:00+00:00,2025-07-15 07:06:00+00:00,{},False
O-20250715-084500-001-V2-2893,BACKTESTER-001,MLSignalStrategyV2-V2,EUR/USD.IDEALPRO,IDEALPRO-1-2893,IDEALPRO-001,IDEALPRO-1-396069,EUR/USD.IDEALPRO-MLSignalStrategyV2-V2,BUY,MARKET,100000.00,1.16841,USD,2.34 USD,TAKER,7a63481b-1f79-4964-8cab-7df965077676,2025-07-15 08:45:00+00:00,2025-07-15 08:45:00+00:00,{},False
O-20250715-084500-001-V2-2895,BACKTESTER-001,MLSignalStrategyV2-V2,EUR/USD.IDEALPRO,IDEALPRO-1-2895,IDEALPRO-001,IDEALPRO-1-396115,EUR/USD.IDEALPRO-MLSignalStrategyV2-V2,SELL,LIMIT,100000.00,1.16909,USD,2.34 USD,MAKER,d9e18632-b42e-4b6e-b567-0f3b3f999ff5,2025-07-15 09:08:00+00:00,2025-07-15 09:08:00+00:00,{},False
O-20250715-111500-001-V2-2896,BACKTESTER-001,MLSignalStrategyV2-V2,EUR/USD.IDEALPRO,IDEALPRO-1-2896,IDEALPRO-001,IDEALPRO-1-396371,EUR/USD.IDEALPRO-MLSignalStrategyV2-V2,BUY,MARKET,100000.00,1.16776,USD,2.34 USD,TAKER,720a8d45-9a29-47dd-9784-45d1d060382b,2025-07-15 11:15:00+00:00,2025-07-15 11:15:00+00:00,{},False
O-20250715-111500-001-V2-2897,BACKTESTER-001,MLSignalStrategyV2-V2,EUR/USD.IDEALPRO,IDEALPRO-1-2897,IDEALPRO-001,IDEALPRO-1-396405,EUR/USD.IDEALPRO-MLSignalStrategyV2-V2,SELL,STOP_MARKET,100000.00,1.16701,USD,2.33 USD,TAKER,e58afa1f-b474-4432-a361-c517eb39d0ef,2025-07-15 11:32:00+00:00,2025-07-15 11:32:00+00:00,{},False
O-20250715-114500-001-V2-2899,BACKTESTER-001,MLSignalStrategyV2-V2,EUR/USD.IDEALPRO,IDEALPRO-1-2899,IDEALPRO-001,IDEALPRO-1-396432,EUR/USD.IDEALPRO-MLSignalStrategyV2-V2,BUY,MARKET,100000.00,1.16687,USD,2.33 USD,TAKER,e223cc39-7883-4801-ba89-fbed2c2a96ff,2025-07-15 11:45:00+00:00,2025-07-15 11:45:00+00:00,{},False
O-20250715-114500-001-V2-2901,BACKTESTER-001,MLSignalStrategyV2-V2,EUR/USD.IDEALPRO,IDEALPRO-1-2901,IDEALPRO-001,IDEALPRO-1-396525,EUR/USD.IDEALPRO-MLSignalStrategyV2-V2,SELL,LIMIT,100000.00,1.16863,USD,2.34 USD,MAKER,abc33ba6-3132-4dce-abe1-d3ba77f7af6d,2025-07-15 12:31:00+00:00,2025-07-15 12:31:00+00:00,{},False
O-20250715-124500-001-V2-2902,BACKTESTER-001,MLSignalStrategyV2-V2,EUR/USD.IDEALPRO,IDEALPRO-1-2902,IDEALPRO-001,IDEALPRO-1-396554,EUR/USD.IDEALPRO-MLSignalStrategyV2-V2,SELL,MARKET,100000.00,1.16695,USD,2.33 USD,TAKER,bffccb17-e38a-4866-a306-bd4ec97e5fe2,2025-07-15 12:45:00+00:00,2025-07-15 12:45:00+00:00,{},False
O-20250715-124500-001-V2-2903,BACKTESTER-001,MLSignalStrategyV2-V2,EUR/USD.IDEALPRO,IDEALPRO-1-2903,IDEALPRO-001,IDEALPRO-1-396575,EUR/USD.IDEALPRO-MLSignalStrategyV2-V2,BUY,STOP_MARKET,100000.00,1.16806,USD,2.34 USD,TAKER,1da58d3a-25e7-4566-bab3-f423f60a7e32,2025-07-15 12:55:00+00:00,2025-07-15 12:55:00+00:00,{},False
O-20250715-140000-001-V2-2905,BACKTESTER-001,MLSignalStrategyV2-V2,EUR/USD.IDEALPRO,IDEALPRO-1-2905,IDEALPRO-001,IDEALPRO-1-396706,EUR/USD.IDEALPRO-MLSignalStrategyV2-V2,BUY,MARKET,100000.00,1.16432,USD,2.33 USD,TAKER,742f4334-dbe7-4178-9b18-9b4912880aa4,2025-07-15 14:00:00+00:00,2025-07-15 14:00:00+00:00,{},False
O-20250715-140000-001-V2-2906,BACKTESTER-001,MLSignalStrategyV2-V2,EUR/USD.IDEALPRO,IDEALPRO-1-2906,IDEALPRO-001,IDEALPRO-1-396713,EUR/USD.IDEALPRO-MLSignalStrategyV2-V2,SELL,STOP_MARKET,100000.00,1.16276,USD,2.33 USD,TAKER,3e94443f-669d-4fb7-904b-5ad325e5c786,2025-07-15 14:03:00+00:00,2025-07-15 14:03:00+00:00,{},False
O-20250715-141500-001-V2-2908,BACKTESTER-001,MLSignalStrategyV2-V2,EUR/USD.IDEALPRO,IDEALPRO-1-2908,IDEALPRO-001,IDEALPRO-1-396738,EUR/USD.IDEALPRO-MLSignalStrategyV2-V2,BUY,MARKET,100000.00,1.16359,USD,2.33 USD,TAKER,ec7c60e4-7b07-44db-8b7f-ed8ceffa4072,2025-07-15 14:15:00+00:00,2025-07-15 14:15:00+00:00,{},False
O-20250715-141500-001-V2-2909,BACKTESTER-001,MLSignalStrategyV2-V2,EUR/USD.IDEALPRO,IDEALPRO-1-2909,IDEALPRO-001,IDEALPRO-1-396773,EUR/USD.IDEALPRO-MLSignalStrategyV2-V2,SELL,STOP_MARKET,100000.00,1.16202,USD,2.32 USD,TAKER,090c1075-2572-461b-a513-2f6adcb4c8bd,2025-07-15 14:32:00+00:00,2025-07-15 14:32:00+00:00,{},False
O-20250715-160000-001-V2-2911,BACKTESTER-001,MLSignalStrategyV2-V2,EUR/USD.IDEALPRO,IDEALPRO-1-2911,IDEALPRO-001,IDEALPRO-1-396950,EUR/USD.IDEALPRO-MLSignalStrategyV2-V2,BUY,MARKET,100000.00,1.16179,USD,2.32 USD,TAKER,580ad078-8aef-44ca-9a44-eec364e84e50,2025-07-15 16:00:00+00:00,2025-07-15 16:00:00+00:00,{},False
O-20250715-160000-001-V2-2912,BACKTESTER-001,MLSignalStrategyV2-V2,EUR/USD.IDEALPRO,IDEALPRO-1-2912,IDEALPRO-001,IDEALPRO-1-396999,EUR/USD.IDEALPRO-MLSignalStrategyV2-V2,SELL,STOP_MARKET,100000.00,1.16054,USD,2.32 USD,TAKER,822c180e-1997-43e0-8b8a-a5be3f7bcdb3,2025-07-15 16:24:00+00:00,2025-07-15 16:24:00+00:00,{},False
O-20250715-163000-001-V2-2914,BACKTESTER-001,MLSignalStrategyV2-V2,EUR/USD.IDEALPRO,IDEALPRO-1-2914,IDEALPRO-001,IDEALPRO-1-397012,EUR/USD.IDEALPRO-MLSignalStrategyV2-V2,BUY,MARKET,100000.00,1.16033,USD,2.32 USD,TAKER,501335dd-1086-4b7f-b07e-8e5d8484e063,2025-07-15 16:30:00+00:00,2025-07-15 16:30:00+00:00,{},False
O-20250715-163000-001-V2-2916,BACKTESTER-001,MLSignalStrategyV2-V2,EUR/USD.IDEALPRO,IDEALPRO-1-2916,IDEALPRO-001,IDEALPRO-1-398049,EUR/USD.IDEALPRO-MLSignalStrategyV2-V2,SELL,LIMIT,100000.00,1.16150,USD,2.32 USD,MAKER,a63e7bbd-ed0f-448a-84d2-10996d85b2e5,2025-07-16 01:23:00+00:00,2025-07-16 01:23:00+00:00,{},False
O-20250716-050000-001-V2-2917,BACKTESTER-001,MLSignalStrategyV2-V2,EUR/USD.IDEALPRO,IDEALPRO-1-2917,IDEALPRO-001,IDEALPRO-1-398484,EUR/USD.IDEALPRO-MLSignalStrategyV2-V2,BUY,MARKET,100000.00,1.16196,USD,2.32 USD,TAKER,df29aa3b-3342-430a-a36f-f04805514cd9,2025-07-16 05:00:00+00:00,2025-07-16 05:00:00+00:00,{},False
O-20250716-050000-001-V2-2918,BACKTESTER-001,MLSignalStrategyV2-V2,EUR/USD.IDEALPRO,IDEALPRO-1-2918,IDEALPRO-001,IDEALPRO-1-398565,EUR/USD.IDEALPRO-MLSignalStrategyV2-V2,SELL,STOP_MARKET,100000.00,1.16146,USD,2.32 USD,TAKER,05cf03df-6f00-42d5-ab59-dab98857d97f,2025-07-16 05:40:00+00:00,2025-07-16 05:40:00+00:00,{},False
O-20250716-140000-001-V2-2920,BACKTESTER-001,MLSignalStrategyV2-V2,EUR/USD.IDEALPRO,IDEALPRO-1-2920,IDEALPRO-001,IDEALPRO-1-399566,EUR/USD.IDEALPRO-MLSignalStrategyV2-V2,BUY,MARKET,100000.00,1.15725,USD,2.31 USD,TAKER,ba912ebf-c9ab-47da-9e86-fb97b259a110,2025-07-16 14:00:00+00:00,2025-07-16 14:00:00+00:00,{},False
O-20250716-140000-001-V2-2922,BACKTESTER-001,MLSignalStrategyV2-V2,EUR/USD.IDEALPRO,IDEALPRO-1-2922,IDEALPRO-001,IDEALPRO-1-399677,EUR/USD.IDEALPRO-MLSignalStrategyV2-V2,SELL,LIMIT,100000.00,1.15982,USD,2.32 USD,MAKER,8d9618df-4605-4da1-ab42-b5cc5cb26f59,2025-07-16 14:55:00+00:00,2025-07-16 14:55:00+00:00,{},False
O-20250716-160000-001-V2-2923,BACKTESTER-001,MLSignalStrategyV2-V2,EUR/USD.IDEALPRO,IDEALPRO-1-2923,IDEALPRO-001,IDEALPRO-1-399808,EUR/USD.IDEALPRO-MLSignalStrategyV2-V2,SELL,MARKET,100000.00,1.16288,USD,2.33 USD,TAKER,531cf1dc-583c-4e3f-bb5d-7a31c6fafaff,2025-07-16 16:00:00+00:00,2025-07-16 16:00:00+00:00,{},False
O-20250716-160000-001-V2-2925,BACKTESTER-001,MLSignalStrategyV2-V2,EUR/USD.IDEALPRO,IDEALPRO-1-2925,IDEALPRO-001,IDEALPRO-1-401501,EUR/USD.IDEALPRO-MLSignalStrategyV2-V2,BUY,LIMIT,100000.00,1.15947,USD,2.32 USD,MAKER,f2fd9f5d-c05f-4a8e-a40b-9fd7853a7f04,2025-07-17 06:21:00+00:00,2025-07-17 06:21:00+00:00,{},False
O-20250717-063000-001-V2-2926,BACKTESTER-001,MLSignalStrategyV2-V2,EUR/USD.IDEALPRO,IDEALPRO-1-2926,IDEALPRO-001,IDEALPRO-1-401520,EUR/USD.IDEALPRO-MLSignalStrategyV2-V2,BUY,MARKET,100000.00,1.15831,USD,2.32 USD,TAKER,8cb7caf0-169c-41fb-a03a-d6b6a448e38c,2025-07-17 06:30:00+00:00,2025-07-17 06:30:00+00:00,{},False
O-20250717-063000-001-V2-2927,BACKTESTER-001,MLSignalStrategyV2-V2,EUR/USD.IDEALPRO,IDEALPRO-1-2927,IDEALPRO-001,IDEALPRO-1-401535,EUR/USD.IDEALPRO-MLSignalStrategyV2-V2,SELL,STOP_MARKET,100000.00,1.15733,USD,2.31 USD,TAKER,6aadac79-2c54-4a45-85b6-f2313916ab28,2025-07-17 06:37:00+00:00,2025-07-17 06:37:00+00:00,{},False
O-20250717-064500-001-V2-2929,BACKTESTER-001,MLSignalStrategyV2-V2,EUR/USD.IDEALPRO,IDEALPRO-1-2929,IDEALPRO-001,IDEALPRO-1-401552,EUR/USD.IDEALPRO-MLSignalStrategyV2-V2,BUY,MARKET,100000.00,1.15784,USD,2.32 USD,TAKER,1acfefd4-91e3-4b36-9900-f6017a98aeb8,2025-07-17 06:45:00+00:00,2025-07-17 06:45:00+00:00,{},False
O-20250717-064500-001-V2-2931,BACKTESTER-001,MLSignalStrategyV2-V2,EUR/USD.IDEALPRO,IDEALPRO-1-2931,IDEALPRO-001,IDEALPRO-1-401607,EUR/USD.IDEALPRO-MLSignalStrategyV2-V2,SELL,LIMIT,100000.00,1.15874,USD,2.32 USD,MAKER,2119068f-bc0b-4eaf-98b7-8170e7284950,2025-07-17 07:12:00+00:00,2025-07-17 07:12:00+00:00,{},False
O-20250717-124500-001-V2-2932,BACKTESTER-001,MLSignalStrategyV2-V2,EUR/USD.IDEALPRO,IDEALPRO-1-2932,IDEALPRO-001,IDEALPRO-1-402274,EUR/USD.IDEALPRO-MLSignalStrategyV2-V2,BUY,MARKET,100000.00,1.15812,USD,2.32 USD,TAKER,ec1eced0-0c03-481c-ae36-7b8be70a7113,2025-07-17 12:45:00+00:00,2025-07-17 12:45:00+00:00,{},False
O-20250717-124500-001-V2-2934,BACKTESTER-001,MLSignalStrategyV2-V2,EUR/USD.IDEALPRO,IDEALPRO-1-2934,IDEALPRO-001,IDEALPRO-1-402283,EUR/USD.IDEALPRO-MLSignalStrategyV2-V2,SELL,LIMIT,100000.00,1.15899,USD,2.32 USD,MAKER,b92e7635-fe5d-4afd-bbe1-d2aa094bd846,2025-07-17 12:49:00+00:00,2025-07-17 12:49:00+00:00,{},False
O-20250717-183000-001-V2-2935,BACKTESTER-001,MLSignalStrategyV2-V2,EUR/USD.IDEALPRO,IDEALPRO-1-2935,IDEALPRO-001,IDEALPRO-1-402966,EUR/USD.IDEALPRO-MLSignalStrategyV2-V2,BUY,MARKET,100000.00,1.15836,USD,2.32 USD,TAKER,e9597d06-1cf6-44f0-a52b-208f4e4f5cac,2025-07-17 18:30:00+00:00,2025-07-17 18:30:00+00:00,{},False
O-20250717-183000-001-V2-2937,BACKTESTER-001,MLSignalStrategyV2-V2,EUR/USD.IDEALPRO,IDEALPRO-1-2937,IDEALPRO-001,IDEALPRO-1-403043,EUR/USD.IDEALPRO-MLSignalStrategyV2-V2,SELL,LIMIT,100000.00,1.15905,USD,2.32 USD,MAKER,e4b86789-e199-40ea-a4b2-6dd61813abf3,2025-07-17 19:08:00+00:00,2025-07-17 19:08:00+00:00,{},False
O-20250717-191500-001-V2-2938,BACKTESTER-001,MLSignalStrategyV2-V2,EUR/USD.IDEALPRO,IDEALPRO-1-2938,IDEALPRO-001,IDEALPRO-1-403058,EUR/USD.IDEALPRO-MLSignalStrategyV2-V2,BUY,MARKET,100000.00,1.15919,USD,2.32 USD,TAKER,eaad0305-9e2e-4fa7-859e-1659273955e7,2025-07-17 19:15:00+00:00,2025-07-17 19:15:00+00:00,{},False
O-20250717-191500-001-V2-2940,BACKTESTER-001,MLSignalStrategyV2-V2,EUR/USD.IDEALPRO,IDEALPRO-1-2940,IDEALPRO-001,IDEALPRO-1-403103,EUR/USD.IDEALPRO-MLSignalStrategyV2-V2,SELL,LIMIT,100000.00,1.15986,USD,2.32 USD,MAKER,7555da9c-23c9-4e7f-83d0-637d371cdd2e,2025-07-17 19:37:00+00:00,2025-07-17 19:37:00+00:00,{},False
O-20250718-160000-001-V2-2941,BACKTESTER-001,MLSignalStrategyV2-V2,EUR/USD.IDEALPRO,IDEALPRO-1-2941,IDEALPRO-001,IDEALPRO-1-405520,EUR/USD.IDEALPRO-MLSignalStrategyV2-V2,SELL,MARKET,100000.00,1.16447,USD,2.33 USD,TAKER,fb6657fa-4846-41b6-af2f-c30d14e91634,2025-07-18 16:00:00+00:00,2025-07-18 16:00:00+00:00,{},False
O-20250718-160000-001-V2-2943,BACKTESTER-001,MLSignalStrategyV2-V2,EUR/USD.IDEALPRO,IDEALPRO-1-2943,IDEALPRO-001,IDEALPRO-1-405569,EUR/USD.IDEALPRO-MLSignalStrategyV2-V2,BUY,LIMIT,100000.00,1.16323,USD,2.33 USD,MAKER,e3f66c9d-1e93-4dc8-8253-45944b7eefc3,2025-07-18 16:24:00+00:00,2025-07-18 16:24:00+00:00,{},False
O-20250720-220000-001-V2-2944,BACKTESTER-001,MLSignalStrategyV2-V2,EUR/USD.IDEALPRO,IDEALPRO-1-2944,IDEALPRO-001,IDEALPRO-1-406212,EUR/USD.IDEALPRO-MLSignalStrategyV2-V2,BUY,MARKET,100000.00,1.16346,USD,2.33 USD,TAKER,f7c6589a-e26b-429c-862e-46c2c5213f47,2025-07-20 22:00:00+00:00,2025-07-20 22:00:00+00:00,{},False
O-20250720-220000-001-V2-2945,BACKTESTER-001,MLSignalStrategyV2-V2,EUR/USD.IDEALPRO,IDEALPRO-1-2945,IDEALPRO-001,IDEALPRO-1-406223,EUR/USD.IDEALPRO-MLSignalStrategyV2-V2,SELL,STOP_MARKET,100000.00,1.16249,USD,2.32 USD,TAKER,b28fa5ab-6209-4d43-9335-15e373797f38,2025-07-20 22:05:00+00:00,2025-07-20 22:05:00+00:00,{},False
O-20250720-221500-001-V2-2947,BACKTESTER-001,MLSignalStrategyV2-V2,EUR/USD.IDEALPRO,IDEALPRO-1-2947,IDEALPRO-001,IDEALPRO-1-406244,EUR/USD.IDEALPRO-MLSignalStrategyV2-V2,BUY,MARKET,100000.00,1.16311,USD,2.33 USD,TAKER,ae4b0969-310d-464d-80d1-05f3f18728b9,2025-07-20 22:15:00+00:00,2025-07-20 22:15:00+00:00,{},False
O-20250720-221500-001-V2-2948,BACKTESTER-001,MLSignalStrategyV2-V2,EUR/USD.IDEALPRO,IDEALPRO-1-2948,IDEALPRO-001,IDEALPRO-1-406303,EUR/USD.IDEALPRO-MLSignalStrategyV2-V2,SELL,STOP_MARKET,100000.00,1.16229,USD,2.32 USD,TAKER,0c82adaa-6827-4710-bf4a-d7af336ef50a,2025-07-20 22:44:00+00:00,2025-07-20 22:44:00+00:00,{},False
O-20250720-224500-001-V2-2950,BACKTESTER-001,MLSignalStrategyV2-V2,EUR/USD.IDEALPRO,IDEALPRO-1-2950,IDEALPRO-001,IDEALPRO-1-406306,EUR/USD.IDEALPRO-MLSignalStrategyV2-V2,BUY,MARKET,100000.00,1.16252,USD,2.33 USD,TAKER,4f7d3b37-73f6-4665-9773-c192aa27fdcc,2025-07-20 22:45:00+00:00,2025-07-20 22:45:00+00:00,{},False
O-20250720-224500-001-V2-2952,BACKTESTER-001,MLSignalStrategyV2-V2,EUR/USD.IDEALPRO,IDEALPRO-1-2952,IDEALPRO-001,IDEALPRO-1-406393,EUR/USD.IDEALPRO-MLSignalStrategyV2-V2,SELL,LIMIT,100000.00,1.16312,USD,2.33 USD,MAKER,4699a46d-7fcd-40df-a992-2f29e984f076,2025-07-20 23:28:00+00:00,2025-07-20 23:28:00+00:00,{},False
O-20250720-233000-001-V2-2953,BACKTESTER-001,MLSignalStrategyV2-V2,EUR/USD.IDEALPRO,IDEALPRO-1-2953,IDEALPRO-001,IDEALPRO-1-406399,EUR/USD.IDEALPRO-MLSignalStrategyV2-V2,BUY,MARKET,100000.00,1.16304,USD,2.33 USD,TAKER,a8ef0abd-6cba-4a03-a3e7-d06723810f39,2025-07-20 23:30:00+00:00,2025-07-20 23:30:00+00:00,{},False
O-20250720-233000-001-V2-2955,BACKTESTER-001,MLSignalStrategyV2-V2,EUR/USD.IDEALPRO,IDEALPRO-1-2955,IDEALPRO-001,IDEALPRO-1-406489,EUR/USD.IDEALPRO-MLSignalStrategyV2-V2,SELL,LIMIT,100000.00,1.16361,USD,2.33 USD,MAKER,a7d26595-bd58-46c1-b54c-13f6e94d6a84,2025-07-21 00:15:00+00:00,2025-07-21 00:15:00+00:00,{},False
O-20250721-023000-001-V2-2956,BACKTESTER-001,MLSignalStrategyV2-V2,EUR/USD.IDEALPRO,IDEALPRO-1-2956,IDEALPRO-001,IDEALPRO-1-406761,EUR/USD.IDEALPRO-MLSignalStrategyV2-V2,BUY,MARKET,100000.00,1.16217,USD,2.32 USD,TAKER,d940d6f7-9358-421b-b0be-50076d4f01eb,2025-07-21 02:30:00+00:00,2025-07-21 02:30:00+00:00,{},False
O-20250721-023000-001-V2-2958,BACKTESTER-001,MLSignalStrategyV2-V2,EUR/USD.IDEALPRO,IDEALPRO-1-2958,IDEALPRO-001,IDEALPRO-1-406959,EUR/USD.IDEALPRO-MLSignalStrategyV2-V2,SELL,LIMIT,100000.00,1.16274,USD,2.33 USD,MAKER,27c41d49-bcdc-4ae8-bd69-e8ba972605c8,2025-07-21 04:09:00+00:00,2025-07-21 04:09:00+00:00,{},False
O-20250721-121500-001-V2-2959,BACKTESTER-001,MLSignalStrategyV2-V2,EUR/USD.IDEALPRO,IDEALPRO-1-2959,IDEALPRO-001,IDEALPRO-1-407932,EUR/USD.IDEALPRO-MLSignalStrategyV2-V2,SELL,MARKET,100000.00,1.16686,USD,2.33 USD,TAKER,031b40d6-4c07-4d56-8a68-95c69da05668,2025-07-21 12:15:00+00:00,2025-07-21 12:15:00+00:00,{},False
O-20250721-121500-001-V2-2961,BACKTESTER-001,MLSignalStrategyV2-V2,EUR/USD.IDEALPRO,IDEALPRO-1-2961,IDEALPRO-001,IDEALPRO-1-408035,EUR/USD.IDEALPRO-MLSignalStrategyV2-V2,BUY,LIMIT,100000.00,1.16591,USD,2.33 USD,MAKER,082c1ad5-f970-44cc-888c-cca7a7d700a5,2025-07-21 13:06:00+00:00,2025-07-21 13:06:00+00:00,{},False
O-20250721-144500-001-V2-2962,BACKTESTER-001,MLSignalStrategyV2-V2,EUR/USD.IDEALPRO,IDEALPRO-1-2962,IDEALPRO-001,IDEALPRO-1-408235,EUR/USD.IDEALPRO-MLSignalStrategyV2-V2,SELL,MARKET,100000.00,1.16884,USD,2.34 USD,TAKER,989aed55-49c3-411d-806d-49a0ad11ac25,2025-07-21 14:45:00+00:00,2025-07-21 14:45:00+00:00,{},False
O-20250721-144500-001-V2-2963,BACKTESTER-001,MLSignalStrategyV2-V2,EUR/USD.IDEALPRO,IDEALPRO-1-2963,IDEALPRO-001,IDEALPRO-1-408265,EUR/USD.IDEALPRO-MLSignalStrategyV2-V2,BUY,STOP_MARKET,100000.00,1.16986,USD,2.34 USD,TAKER,d07b412c-471d-47e5-b8d2-e6537e8cb9b2,2025-07-21 15:00:00+00:00,2025-07-21 15:00:00+00:00,{},False
O-20250721-150000-001-V2-2965,BACKTESTER-001,MLSignalStrategyV2-V2,EUR/USD.IDEALPRO,IDEALPRO-1-2965,IDEALPRO-001,IDEALPRO-1-408266,EUR/USD.IDEALPRO-MLSignalStrategyV2-V2,SELL,MARKET,100000.00,1.16967,USD,2.34 USD,TAKER,a3a39138-4cd9-4ca6-9689-890b96f03186,2025-07-21 15:00:00+00:00,2025-07-21 15:00:00+00:00,{},False
O-20250721-150000-001-V2-2966,BACKTESTER-001,MLSignalStrategyV2-V2,EUR/USD.IDEALPRO,IDEALPRO-1-2966,IDEALPRO-001,IDEALPRO-1-408297,EUR/USD.IDEALPRO-MLSignalStrategyV2-V2,BUY,STOP_MARKET,100000.00,1.17077,USD,2.34 USD,TAKER,31bb2603-5f54-4cf1-917d-e7e22ef70c6e,2025-07-21 15:15:00+00:00,2025-07-21 15:15:00+00:00,{},False
O-20250721-151500-001-V2-2968,BACKTESTER-001,MLSignalStrategyV2-V2,EUR/USD.IDEALPRO,IDEALPRO-1-2968,IDEALPRO-001,IDEALPRO-1-408298,EUR/USD.IDEALPRO-MLSignalStrategyV2-V2,SELL,MARKET,100000.00,1.17055,USD,2.34 USD,TAKER,56c37af6-498e-427f-8ba9-e889df809cfb,2025-07-21 15:15:00+00:00,2025-07-21 15:15:00+00:00,{},False
O-20250721-151500-001-V2-2969,BACKTESTER-001,MLSignalStrategyV2-V2,EUR/USD.IDEALPRO,IDEALPRO-1-2969,IDEALPRO-001,IDEALPRO-1-408317,EUR/USD.IDEALPRO-MLSignalStrategyV2-V2,BUY,STOP_MARKET,100000.00,1.17169,USD,2.34 USD,TAKER,906a2766-e939-46a0-bffc-23de8497f068,2025-07-21 15:24:00+00:00,2025-07-21 15:24:00+00:00,{},False
O-20250721-153000-001-V2-2971,BACKTESTER-001,MLSignalStrategyV2-V2,EUR/USD.IDEALPRO,IDEALPRO-1-2971,IDEALPRO-001,IDEALPRO-1-408330,EUR/USD.IDEALPRO-MLSignalStrategyV2-V2,SELL,MARKET,100000.00,1.17134,USD,2.34 USD,TAKER,492de24b-d31f-4e49-a9d0-fb75d11d536f,2025-07-21 15:30:00+00:00,2025-07-21 15:30:00+00:00,{},False
O-20250721-153000-001-V2-2973,BACKTESTER-001,MLSignalStrategyV2-V2,EUR/USD.IDEALPRO,IDEALPRO-1-2973,IDEALPRO-001,IDEALPRO-1-408381,EUR/USD.IDEALPRO-MLSignalStrategyV2-V2,BUY,LIMIT,100000.00,1.17030,USD,2.34 USD,MAKER,e9d859d1-27fe-4c95-83c2-135147d968e2,2025-07-21 15:55:00+00:00,2025-07-21 15:55:00+00:00,{},False
O-20250721-170000-001-V2-2974,BACKTESTER-001,MLSignalStrategyV2-V2,EUR/USD.IDEALPRO,IDEALPRO-1-2974,IDEALPRO-001,IDEALPRO-1-408512,EUR/USD.IDEALPRO-MLSignalStrategyV2-V2,SELL,MARKET,100000.00,1.17002,USD,2.34 USD,TAKER,3f6fde4e-0349-4b5d-9821-752d0d2af3d1,2025-07-21 17:00:00+00:00,2025-07-21 17:00:00+00:00,{},False
O-20250721-170000-001-V2-2976,BACKTESTER-001,MLSignalStrategyV2-V2,EUR/USD.IDEALPRO,IDEALPRO-1-2976,IDEALPRO-001,IDEALPRO-1-408528,EUR/USD.IDEALPRO-MLSignalStrategyV2-V2,BUY,LIMIT,100000.00,1.16921,USD,2.34 USD,MAKER,2f2ed9bf-f194-470f-a5c4-4b2192e01d17,2025-07-21 17:07:00+00:00,2025-07-21 17:07:00+00:00,{},False
O-20250721-171500-001-V2-2977,BACKTESTER-001,MLSignalStrategyV2-V2,EUR/USD.IDEALPRO,IDEALPRO-1-2977,IDEALPRO-001,IDEALPRO-1-408544,EUR/USD.IDEALPRO-MLSignalStrategyV2-V2,SELL,MARKET,100000.00,1.16944,USD,2.34 USD,TAKER,8591b821-8f8c-4e48-bbd6-dc88395e31f5,2025-07-21 17:15:00+00:00,2025-07-21 17:15:00+00:00,{},False
O-20250721-171500-001-V2-2979,BACKTESTER-001,MLSignalStrategyV2-V2,EUR/USD.IDEALPRO,IDEALPRO-1-2979,IDEALPRO-001,IDEALPRO-1-408581,EUR/USD.IDEALPRO-MLSignalStrategyV2-V2,BUY,LIMIT,100000.00,1.16861,USD,2.34 USD,MAKER,302d4a08-eff9-4227-9fd4-07736dbfd716,2025-07-21 17:33:00+00:00,2025-07-21 17:33:00+00:00,{},False
O-20250721-174500-001-V2-2980,BACKTESTER-001,MLSignalStrategyV2-V2,EUR/USD.IDEALPRO,IDEALPRO-1-2980,IDEALPRO-001,IDEALPRO-1-408606,EUR/USD.IDEALPRO-MLSignalStrategyV2-V2,SELL,MARKET,100000.00,1.16935,USD,2.34 USD,TAKER,f7ba616a-651c-4e20-a1b7-d583272c0d93,2025-07-21 17:45:00+00:00,2025-07-21 17:45:00+00:00,{},False
O-20250721-174500-001-V2-2982,BACKTESTER-001,MLSignalStrategyV2-V2,EUR/USD.IDEALPRO,IDEALPRO-1-2982,IDEALPRO-001,IDEALPRO-1-409351,EUR/USD.IDEALPRO-MLSignalStrategyV2-V2,BUY,LIMIT,100000.00,1.16848,USD,2.34 USD,MAKER,8384cd82-6422-426c-87b4-d1b6e5a440c3,2025-07-22 00:12:00+00:00,2025-07-22 00:12:00+00:00,{},False
O-20250722-001500-001-V2-2983,BACKTESTER-001,MLSignalStrategyV2-V2,EUR/USD.IDEALPRO,IDEALPRO-1-2983,IDEALPRO-001,IDEALPRO-1-409358,EUR/USD.IDEALPRO-MLSignalStrategyV2-V2,SELL,MARKET,100000.00,1.16842,USD,2.34 USD,TAKER,1dc6e1b5-f2b5-4411-88e6-39af17a7a0c5,2025-07-22 00:15:00+00:00,2025-07-22 00:15:00+00:00,{},False
O-20250722-001500-001-V2-2984,BACKTESTER-001,MLSignalStrategyV2-V2,EUR/USD.IDEALPRO,IDEALPRO-1-2984,IDEALPRO-001,IDEALPRO-1-409387,EUR/USD.IDEALPRO-MLSignalStrategyV2-V2,BUY,STOP_MARKET,100000.00,1.16888,USD,2.34 USD,TAKER,603c9670-2003-4430-8025-8c04e4ff8848,2025-07-22 00:29:00+00:00,2025-07-22 00:29:00+00:00,{},False
O-20250722-040000-001-V2-2986,BACKTESTER-001,MLSignalStrategyV2-V2,EUR/USD.IDEALPRO,IDEALPRO-1-2986,IDEALPRO-001,IDEALPRO-1-409811,EUR/USD.IDEALPRO-MLSignalStrategyV2-V2,BUY,MARKET,100000.00,1.16873,USD,2.34 USD,TAKER,65273d5b-0345-4463-8237-cd7913ba0f35,2025-07-22 04:00:00+00:00,2025-07-22 04:00:00+00:00,{},False
O-20250722-040000-001-V2-2988,BACKTESTER-001,MLSignalStrategyV2-V2,EUR/USD.IDEALPRO,IDEALPRO-1-2988,IDEALPRO-001,IDEALPRO-1-409859,EUR/USD.IDEALPRO-MLSignalStrategyV2-V2,SELL,LIMIT,100000.00,1.16918,USD,2.34 USD,MAKER,0ff967e6-01ba-4296-95a2-dfefbc8b9ac5,2025-07-22 04:24:00+00:00,2025-07-22 04:24:00+00:00,{},False
O-20250722-071500-001-V2-2989,BACKTESTER-001,MLSignalStrategyV2-V2,EUR/USD.IDEALPRO,IDEALPRO-1-2989,IDEALPRO-001,IDEALPRO-1-410203,EUR/USD.IDEALPRO-MLSignalStrategyV2-V2,BUY,MARKET,100000.00,1.16863,USD,2.34 USD,TAKER,cfef8279-89be-498a-86d4-4e5624d6ee78,2025-07-22 07:15:00+00:00,2025-07-22 07:15:00+00:00,{},False
O-20250722-071500-001-V2-2991,BACKTESTER-001,MLSignalStrategyV2-V2,EUR/USD.IDEALPRO,IDEALPRO-1-2991,IDEALPRO-001,IDEALPRO-1-410305,EUR/USD.IDEALPRO-MLSignalStrategyV2-V2,SELL,LIMIT,100000.00,1.16941,USD,2.34 USD,MAKER,4f6e939f-678e-428f-b9fe-5273fbe6e51f,2025-07-22 08:06:00+00:00,2025-07-22 08:06:00+00:00,{},False
O-20250722-161500-001-V2-2992,BACKTESTER-001,MLSignalStrategyV2-V2,EUR/USD.IDEALPRO,IDEALPRO-1-2992,IDEALPRO-001,IDEALPRO-1-411284,EUR/USD.IDEALPRO-MLSignalStrategyV2-V2,SELL,MARKET,100000.00,1.17551,USD,2.35 USD,TAKER,961d86bc-ea33-404c-a5b9-45f7fd20c37e,2025-07-22 16:15:00+00:00,2025-07-22 16:15:00+00:00,{},False
O-20250722-161500-001-V2-2994,BACKTESTER-001,MLSignalStrategyV2-V2,EUR/USD.IDEALPRO,IDEALPRO-1-2994,IDEALPRO-001,IDEALPRO-1-411509,EUR/USD.IDEALPRO-MLSignalStrategyV2-V2,BUY,LIMIT,100000.00,1.17420,USD,2.35 USD,MAKER,814e8bd6-6523-4388-9d7b-dbf136cfac54,2025-07-22 18:07:00+00:00,2025-07-22 18:07:00+00:00,{},False
O-20250722-234500-001-V2-2995,BACKTESTER-001,MLSignalStrategyV2-V2,EUR/USD.IDEALPRO,IDEALPRO-1-2995,IDEALPRO-001,IDEALPRO-1-412156,EUR/USD.IDEALPRO-MLSignalStrategyV2-V2,BUY,MARKET,100000.00,1.17395,USD,2.35 USD,TAKER,6858ebc6-8586-4921-9665-ca86cd45f4dd,2025-07-22 23:45:00+00:00,2025-07-22 23:45:00+00:00,{},False
O-20250722-234500-001-V2-2997,BACKTESTER-001,MLSignalStrategyV2-V2,EUR/USD.IDEALPRO,IDEALPRO-1-2997,IDEALPRO-001,IDEALPRO-1-412297,EUR/USD.IDEALPRO-MLSignalStrategyV2-V2,SELL,LIMIT,100000.00,1.17459,USD,2.35 USD,MAKER,a8e5dfc4-5d6e-4415-9f6e-e86e7fa5d8fa,2025-07-23 00:55:00+00:00,2025-07-23 00:55:00+00:00,{},False
O-20250723-030000-001-V2-2998,BACKTESTER-001,MLSignalStrategyV2-V2,EUR/USD.IDEALPRO,IDEALPRO-1-2998,IDEALPRO-001,IDEALPRO-1-412548,EUR/USD.IDEALPRO-MLSignalStrategyV2-V2,SELL,MARKET,100000.00,1.17349,USD,2.35 USD,TAKER,6c475080-aa69-4f54-afc4-044452ab3de3,2025-07-23 03:00:00+00:00,2025-07-23 03:00:00+00:00,{},False
O-20250723-030000-001-V2-2999,BACKTESTER-001,MLSignalStrategyV2-V2,EUR/USD.IDEALPRO,IDEALPRO-1-2999,IDEALPRO-001,IDEALPRO-1-412607,EUR/USD.IDEALPRO-MLSignalStrategyV2-V2,BUY,STOP_MARKET,100000.00,1.17430,USD,2.35 USD,TAKER,33662c16-518d-443a-a00d-7148251d7363,2025-07-23 03:29:00+00:00,2025-07-23 03:29:00+00:00,{},False
O-20250723-043000-001-V2-3001,BACKTESTER-001,MLSignalStrategyV2-V2,EUR/USD.IDEALPRO,IDEALPRO-1-3001,IDEALPRO-001,IDEALPRO-1-412730,EUR/USD.IDEALPRO-MLSignalStrategyV2-V2,SELL,MARKET,100000.00,1.17359,USD,2.35 USD,TAKER,0d27cd03-0626-45e0-8bf2-933ddb63e4f5,2025-07-23 04:30:00+00:00,2025-07-23 04:30:00+00:00,{},False
O-20250723-043000-001-V2-3003,BACKTESTER-001,MLSignalStrategyV2-V2,EUR/USD.IDEALPRO,IDEALPRO-1-3003,IDEALPRO-001,IDEALPRO-1-412877,EUR/USD.IDEALPRO-MLSignalStrategyV2-V2,BUY,LIMIT,100000.00,1.17281,USD,2.35 USD,MAKER,c60e0076-b6a4-4c5d-a697-0e4577e15bd2,2025-07-23 05:43:00+00:00,2025-07-23 05:43:00+00:00,{},False
O-20250723-144500-001-V2-3004,BACKTESTER-001,MLSignalStrategyV2-V2,EUR/USD.IDEALPRO,IDEALPRO-1-3004,IDEALPRO-001,IDEALPRO-1-413963,EUR/USD.IDEALPRO-MLSignalStrategyV2-V2,SELL,MARKET,100000.00,1.17337,USD,2.35 USD,TAKER,8809e915-9ba0-4868-b8af-01b374d07def,2025-07-23 14:45:00+00:00,2025-07-23 14:45:00+00:00,{},False
O-20250723-144500-001-V2-3006,BACKTESTER-001,MLSignalStrategyV2-V2,EUR/USD.IDEALPRO,IDEALPRO-1-3006,IDEALPRO-001,IDEALPRO-1-414063,EUR/USD.IDEALPRO-MLSignalStrategyV2-V2,BUY,LIMIT,100000.00,1.17237,USD,2.34 USD,MAKER,85c714ad-1a7b-4505-87e1-7f3e9608f269,2025-07-23 15:35:00+00:00,2025-07-23 15:35:00+00:00,{},False
O-20250723-203000-001-V2-3007,BACKTESTER-001,MLSignalStrategyV2-V2,EUR/USD.IDEALPRO,IDEALPRO-1-3007,IDEALPRO-001,IDEALPRO-1-414654,EUR/USD.IDEALPRO-MLSignalStrategyV2-V2,BUY,MARKET,100000.00,1.17732,USD,2.35 USD,TAKER,04b861b2-9c60-4cb2-8fc6-d331bca007bd,2025-07-23 20:30:00+00:00,2025-07-23 20:30:00+00:00,{},False
O-20250723-203000-001-V2-3008,BACKTESTER-001,MLSignalStrategyV2-V2,EUR/USD.IDEALPRO,IDEALPRO-1-3008,IDEALPRO-001,IDEALPRO-1-415109,EUR/USD.IDEALPRO-MLSignalStrategyV2-V2,SELL,STOP_MARKET,100000.00,1.17656,USD,2.35 USD,TAKER,eaaff8a3-7c5f-4591-b29d-85cbbbe5e36d,2025-07-24 00:32:00+00:00,2025-07-24 00:32:00+00:00,{},False
O-20250724-004500-001-V2-3010,BACKTESTER-001,MLSignalStrategyV2-V2,EUR/USD.IDEALPRO,IDEALPRO-1-3010,IDEALPRO-001,IDEALPRO-1-415136,EUR/USD.IDEALPRO-MLSignalStrategyV2-V2,BUY,MARKET,100000.00,1.17641,USD,2.35 USD,TAKER,24783577-6992-46db-b9ed-6dacdb7f9ea4,2025-07-24 00:45:00+00:00,2025-07-24 00:45:00+00:00,{},False
O-20250724-004500-001-V2-3012,BACKTESTER-001,MLSignalStrategyV2-V2,EUR/USD.IDEALPRO,IDEALPRO-1-3012,IDEALPRO-001,IDEALPRO-1-415157,EUR/USD.IDEALPRO-MLSignalStrategyV2-V2,SELL,LIMIT,100000.00,1.17700,USD,2.35 USD,MAKER,e3fabe46-213e-44f0-8b9c-1210781bf4d0,2025-07-24 00:55:00+00:00,2025-07-24 00:55:00+00:00,{},False
O-20250724-060000-001-V2-3013,BACKTESTER-001,MLSignalStrategyV2-V2,EUR/USD.IDEALPRO,IDEALPRO-1-3013,IDEALPRO-001,IDEALPRO-1-415769,EUR/USD.IDEALPRO-MLSignalStrategyV2-V2,BUY,MARKET,100000.00,1.17711,USD,2.35 USD,TAKER,a4352f67-f0e7-42b6-8547-62c536032c8a,2025-07-24 06:00:00+00:00,2025-07-24 06:00:00+00:00,{},False
O-20250724-060000-001-V2-3014,BACKTESTER-001,MLSignalStrategyV2-V2,EUR/USD.IDEALPRO,IDEALPRO-1-3014,IDEALPRO-001,IDEALPRO-1-415801,EUR/USD.IDEALPRO-MLSignalStrategyV2-V2,SELL,STOP_MARKET,100000.00,1.17657,USD,2.35 USD,TAKER,8d719323-2464-47ad-a610-0b3a40ae8150,2025-07-24 06:16:00+00:00,2025-07-24 06:16:00+00:00,{},False
O-20250724-063000-001-V2-3016,BACKTESTER-001,MLSignalStrategyV2-V2,EUR/USD.IDEALPRO,IDEALPRO-1-3016,IDEALPRO-001,IDEALPRO-1-415830,EUR/USD.IDEALPRO-MLSignalStrategyV2-V2,BUY,MARKET,100000.00,1.17667,USD,2.35 USD,TAKER,3883203b-8463-4df1-b739-c81b42ac08e4,2025-07-24 06:30:00+00:00,2025-07-24 06:30:00+00:00,{},False
O-20250724-063000-001-V2-3017,BACKTESTER-001,MLSignalStrategyV2-V2,EUR/USD.IDEALPRO,IDEALPRO-1-3017,IDEALPRO-001,IDEALPRO-1-415879,EUR/USD.IDEALPRO-MLSignalStrategyV2-V2,SELL,STOP_MARKET,100000.00,1.17605,USD,2.35 USD,TAKER,ab2656b3-fff9-45d9-8d83-d8de269546a2,2025-07-24 06:54:00+00:00,2025-07-24 06:54:00+00:00,{},False
O-20250724-124500-001-V2-3019,BACKTESTER-001,MLSignalStrategyV2-V2,EUR/USD.IDEALPRO,IDEALPRO-1-3019,IDEALPRO-001,IDEALPRO-1-416582,EUR/USD.IDEALPRO-MLSignalStrategyV2-V2,BUY,MARKET,100000.00,1.17378,USD,2.35 USD,TAKER,f71413c5-7fed-4721-8726-c28b869f63f0,2025-07-24 12:45:00+00:00,2025-07-24 12:45:00+00:00,{},False
O-20250724-124500-001-V2-3021,BACKTESTER-001,MLSignalStrategyV2-V2,EUR/USD.IDEALPRO,IDEALPRO-1-3021,IDEALPRO-001,IDEALPRO-1-416625,EUR/USD.IDEALPRO-MLSignalStrategyV2-V2,SELL,LIMIT,100000.00,1.17470,USD,2.35 USD,MAKER,78fe3e9f-cc73-4862-a421-3d1964079dde,2025-07-24 13:06:00+00:00,2025-07-24 13:06:00+00:00,{},False
O-20250724-194500-001-V2-3022,BACKTESTER-001,MLSignalStrategyV2-V2,EUR/USD.IDEALPRO,IDEALPRO-1-3022,IDEALPRO-001,IDEALPRO-1-417425,EUR/USD.IDEALPRO-MLSignalStrategyV2-V2,BUY,MARKET,100000.00,1.17668,USD,2.35 USD,TAKER,cfba4132-ab35-4b34-806e-f56b39b7241d,2025-07-24 19:45:00+00:00,2025-07-24 19:45:00+00:00,{},False
O-20250724-194500-001-V2-3023,BACKTESTER-001,MLSignalStrategyV2-V2,EUR/USD.IDEALPRO,IDEALPRO-1-3023,IDEALPRO-001,IDEALPRO-1-417453,EUR/USD.IDEALPRO-MLSignalStrategyV2-V2,SELL,STOP_MARKET,100000.00,1.17585,USD,2.35 USD,TAKER,ec03df51-5b01-428b-b7ed-12ccba61b07c,2025-07-24 19:59:00+00:00,2025-07-24 19:59:00+00:00,{},False
O-20250724-210000-001-V2-3025,BACKTESTER-001,MLSignalStrategyV2-V2,EUR/USD.IDEALPRO,IDEALPRO-1-3025,IDEALPRO-001,IDEALPRO-1-417576,EUR/USD.IDEALPRO-MLSignalStrategyV2-V2,BUY,MARKET,100000.00,1.17479,USD,2.35 USD,TAKER,dbdc0db2-236c-4e20-9052-a9f28134416f,2025-07-24 21:00:00+00:00,2025-07-24 21:00:00+00:00,{},False
O-20250724-210000-001-V2-3027,BACKTESTER-001,MLSignalStrategyV2-V2,EUR/USD.IDEALPRO,IDEALPRO-1-3027,IDEALPRO-001,IDEALPRO-1-417793,EUR/USD.IDEALPRO-MLSignalStrategyV2-V2,SELL,LIMIT,100000.00,1.17542,USD,2.35 USD,MAKER,2c0d2a1d-503a-46d3-bfe0-54959ff2c276,2025-07-24 23:03:00+00:00,2025-07-24 23:03:00+00:00,{},False
O-20250724-231500-001-V2-3028,BACKTESTER-001,MLSignalStrategyV2-V2,EUR/USD.IDEALPRO,IDEALPRO-1-3028,IDEALPRO-001,IDEALPRO-1-417818,EUR/USD.IDEALPRO-MLSignalStrategyV2-V2,SELL,MARKET,100000.00,1.17542,USD,2.35 USD,TAKER,e562c351-5476-4015-9cce-36c8db8fa19d,2025-07-24 23:15:00+00:00,2025-07-24 23:15:00+00:00,{},False
O-20250724-231500-001-V2-3030,BACKTESTER-001,MLSignalStrategyV2-V2,EUR/USD.IDEALPRO,IDEALPRO-1-3030,IDEALPRO-001,IDEALPRO-1-417857,EUR/USD.IDEALPRO-MLSignalStrategyV2-V2,BUY,LIMIT,100000.00,1.17501,USD,2.35 USD,MAKER,f000a5ff-b34f-431d-81b9-ea11c0945ad8,2025-07-24 23:34:00+00:00,2025-07-24 23:34:00+00:00,{},False
O-20250724-234500-001-V2-3031,BACKTESTER-001,MLSignalStrategyV2-V2,EUR/USD.IDEALPRO,IDEALPRO-1-3031,IDEALPRO-001,IDEALPRO-1-417880,EUR/USD.IDEALPRO-MLSignalStrategyV2-V2,SELL,MARKET,100000.00,1.17550,USD,2.35 USD,TAKER,a706cb79-5b17-4810-8aad-dee6958c713a,2025-07-24 23:45:00+00:00,2025-07-24 23:45:00+00:00,{},False
O-20250724-234500-001-V2-3033,BACKTESTER-001,MLSignalStrategyV2-V2,EUR/USD.IDEALPRO,IDEALPRO-1-3033,IDEALPRO-001,IDEALPRO-1-417925,EUR/USD.IDEALPRO-MLSignalStrategyV2-V2,BUY,LIMIT,100000.00,1.17507,USD,2.35 USD,MAKER,57135a80-2158-487b-89c2-f8ece2bc1624,2025-07-25 00:07:00+00:00,2025-07-25 00:07:00+00:00,{},False
O-20250725-013000-001-V2-3034,BACKTESTER-001,MLSignalStrategyV2-V2,EUR/USD.IDEALPRO,IDEALPRO-1-3034,IDEALPRO-001,IDEALPRO-1-418092,EUR/USD.IDEALPRO-MLSignalStrategyV2-V2,SELL,MARKET,100000.00,1.17441,USD,2.35 USD,TAKER,c448dc12-e39f-48fe-8873-929e7b5c0ea8,2025-07-25 01:30:00+00:00,2025-07-25 01:30:00+00:00,{},False
O-20250725-013000-001-V2-3036,BACKTESTER-001,MLSignalStrategyV2-V2,EUR/USD.IDEALPRO,IDEALPRO-1-3036,IDEALPRO-001,IDEALPRO-1-418239,EUR/USD.IDEALPRO-MLSignalStrategyV2-V2,BUY,LIMIT,100000.00,1.17376,USD,2.35 USD,MAKER,ff3999a2-ae14-4785-9d44-ad79986c1bc7,2025-07-25 02:43:00+00:00,2025-07-25 02:43:00+00:00,{},False
O-20250725-073000-001-V2-3037,BACKTESTER-001,MLSignalStrategyV2-V2,EUR/USD.IDEALPRO,IDEALPRO-1-3037,IDEALPRO-001,IDEALPRO-1-418815,EUR/USD.IDEALPRO-MLSignalStrategyV2-V2,BUY,MARKET,100000.00,1.17526,USD,2.35 USD,TAKER,1088e9c0-4919-4014-bd0f-96117bac40ff,2025-07-25 07:30:00+00:00,2025-07-25 07:30:00+00:00,{},False
O-20250725-073000-001-V2-3038,BACKTESTER-001,MLSignalStrategyV2-V2,EUR/USD.IDEALPRO,IDEALPRO-1-3038,IDEALPRO-001,IDEALPRO-1-418905,EUR/USD.IDEALPRO-MLSignalStrategyV2-V2,SELL,STOP_MARKET,100000.00,1.17419,USD,2.35 USD,TAKER,7c2cbc6f-2929-4065-a7cf-ea56a8b6f8ac,2025-07-25 08:15:00+00:00,2025-07-25 08:15:00+00:00,{},False
O-20250725-093000-001-V2-3040,BACKTESTER-001,MLSignalStrategyV2-V2,EUR/USD.IDEALPRO,IDEALPRO-1-3040,IDEALPRO-001,IDEALPRO-1-419057,EUR/USD.IDEALPRO-MLSignalStrategyV2-V2,BUY,MARKET,100000.00,1.17369,USD,2.35 USD,TAKER,8439416b-3942-49ee-beff-35206da4c914,2025-07-25 09:30:00+00:00,2025-07-25 09:30:00+00:00,{},False
O-20250725-093000-001-V2-3041,BACKTESTER-001,MLSignalStrategyV2-V2,EUR/USD.IDEALPRO,IDEALPRO-1-3041,IDEALPRO-001,IDEALPRO-1-419219,EUR/USD.IDEALPRO-MLSignalStrategyV2-V2,SELL,STOP_MARKET,100000.00,1.17261,USD,2.35 USD,TAKER,d2af7bbd-3a37-473b-a924-6cf329cb2365,2025-07-25 10:51:00+00:00,2025-07-25 10:51:00+00:00,{},False
O-20250725-201500-001-V2-3043,BACKTESTER-001,MLSignalStrategyV2-V2,EUR/USD.IDEALPRO,IDEALPRO-1-3043,IDEALPRO-001,IDEALPRO-1-420348,EUR/USD.IDEALPRO-MLSignalStrategyV2-V2,BUY,MARKET,100000.00,1.17399,USD,2.35 USD,TAKER,fd3dae7e-5101-40c8-ac59-7b73c2185412,2025-07-25 20:15:00+00:00,2025-07-25 20:15:00+00:00,{},False
O-20250725-201500-001-V2-3045,BACKTESTER-001,MLSignalStrategyV2-V2,EUR/USD.IDEALPRO,IDEALPRO-1-3045,IDEALPRO-001,IDEALPRO-1-420441,EUR/USD.IDEALPRO-MLSignalStrategyV2-V2,SELL,LIMIT,100000.00,1.17566,USD,2.35 USD,MAKER,0f542f6d-515b-4879-96de-daf3096bc994,2025-07-27 21:16:00+00:00,2025-07-27 21:16:00+00:00,{},False
O-20250728-050000-001-V2-3046,BACKTESTER-001,MLSignalStrategyV2-V2,EUR/USD.IDEALPRO,IDEALPRO-1-3046,IDEALPRO-001,IDEALPRO-1-421371,EUR/USD.IDEALPRO-MLSignalStrategyV2-V2,SELL,MARKET,100000.00,1.17473,USD,2.35 USD,TAKER,9755712a-194f-41bb-9249-b9057501cee9,2025-07-28 05:00:00+00:00,2025-07-28 05:00:00+00:00,{},False
O-20250728-050000-001-V2-3048,BACKTESTER-001,MLSignalStrategyV2-V2,EUR/USD.IDEALPRO,IDEALPRO-1-3048,IDEALPRO-001,IDEALPRO-1-421407,EUR/USD.IDEALPRO-MLSignalStrategyV2-V2,BUY,LIMIT,100000.00,1.17415,USD,2.35 USD,MAKER,4d8deaea-e2fe-4427-85aa-3f04564e16e6,2025-07-28 05:18:00+00:00,2025-07-28 05:18:00+00:00,{},False
O-20250728-054500-001-V2-3049,BACKTESTER-001,MLSignalStrategyV2-V2,EUR/USD.IDEALPRO,IDEALPRO-1-3049,IDEALPRO-001,IDEALPRO-1-421462,EUR/USD.IDEALPRO-MLSignalStrategyV2-V2,SELL,MARKET,100000.00,1.17420,USD,2.35 USD,TAKER,c2b7d3c7-f43f-4e18-8e83-97272be30577,2025-07-28 05:45:00+00:00,2025-07-28 05:45:00+00:00,{},False
O-20250728-054500-001-V2-3051,BACKTESTER-001,MLSignalStrategyV2-V2,EUR/USD.IDEALPRO,IDEALPRO-1-3051,IDEALPRO-001,IDEALPRO-1-421515,EUR/USD.IDEALPRO-MLSignalStrategyV2-V2,BUY,LIMIT,100000.00,1.17353,USD,2.35 USD,MAKER,7ca33edf-8230-449e-bf6f-930844357238,2025-07-28 06:11:00+00:00,2025-07-28 06:11:00+00:00,{},False
O-20250728-074500-001-V2-3052,BACKTESTER-001,MLSignalStrategyV2-V2,EUR/USD.IDEALPRO,IDEALPRO-1-3052,IDEALPRO-001,IDEALPRO-1-421704,EUR/USD.IDEALPRO-MLSignalStrategyV2-V2,BUY,MARKET,100000.00,1.16914,USD,2.34 USD,TAKER,adfb67cd-6d75-4ee8-a124-362f1bd36359,2025-07-28 07:45:00+00:00,2025-07-28 07:45:00+00:00,{},False
O-20250728-074500-001-V2-3053,BACKTESTER-001,MLSignalStrategyV2-V2,EUR/USD.IDEALPRO,IDEALPRO-1-3053,IDEALPRO-001,IDEALPRO-1-421731,EUR/USD.IDEALPRO-MLSignalStrategyV2-V2,SELL,STOP_MARKET,100000.00,1.16760,USD,2.34 USD,TAKER,8ad988ca-0a63-4be7-89d0-0f4cba3a5e24,2025-07-28 07:58:00+00:00,2025-07-28 07:58:00+00:00,{},False
O-20250728-080000-001-V2-3055,BACKTESTER-001,MLSignalStrategyV2-V2,EUR/USD.IDEALPRO,IDEALPRO-1-3055,IDEALPRO-001,IDEALPRO-1-421736,EUR/USD.IDEALPRO-MLSignalStrategyV2-V2,BUY,MARKET,100000.00,1.16749,USD,2.33 USD,TAKER,d443f7ba-2342-40c8-815e-1d9f4a27be12,2025-07-28 08:00:00+00:00,2025-07-28 08:00:00+00:00,{},False
O-20250728-080000-001-V2-3057,BACKTESTER-001,MLSignalStrategyV2-V2,EUR/USD.IDEALPRO,IDEALPRO-1-3057,IDEALPRO-001,IDEALPRO-1-421781,EUR/USD.IDEALPRO-MLSignalStrategyV2-V2,SELL,LIMIT,100000.00,1.16867,USD,2.34 USD,MAKER,c41212d5-077d-4236-b371-f45fd9238575,2025-07-28 08:22:00+00:00,2025-07-28 08:22:00+00:00,{},False
O-20250728-084500-001-V2-3058,BACKTESTER-001,MLSignalStrategyV2-V2,EUR/USD.IDEALPRO,IDEALPRO-1-3058,IDEALPRO-001,IDEALPRO-1-421828,EUR/USD.IDEALPRO-MLSignalStrategyV2-V2,BUY,MARKET,100000.00,1.16786,USD,2.34 USD,TAKER,a6c27feb-bb74-4af6-a47e-efde4e069d4d,2025-07-28 08:45:00+00:00,2025-07-28 08:45:00+00:00,{},False
O-20250728-084500-001-V2-3059,BACKTESTER-001,MLSignalStrategyV2-V2,EUR/USD.IDEALPRO,IDEALPRO-1-3059,IDEALPRO-001,IDEALPRO-1-421931,EUR/USD.IDEALPRO-MLSignalStrategyV2-V2,SELL,STOP_MARKET,100000.00,1.16633,USD,2.33 USD,TAKER,cd4cf807-63b9-4c9d-89be-cbb34ca64d5a,2025-07-28 09:36:00+00:00,2025-07-28 09:36:00+00:00,{},False
O-20250728-100000-001-V2-3061,BACKTESTER-001,MLSignalStrategyV2-V2,EUR/USD.IDEALPRO,IDEALPRO-1-3061,IDEALPRO-001,IDEALPRO-1-421980,EUR/USD.IDEALPRO-MLSignalStrategyV2-V2,BUY,MARKET,100000.00,1.16670,USD,2.33 USD,TAKER,4ef34daf-1914-47ab-8204-48373368d70d,2025-07-28 10:00:00+00:00,2025-07-28 10:00:00+00:00,{},False
O-20250728-100000-001-V2-3062,BACKTESTER-001,MLSignalStrategyV2-V2,EUR/USD.IDEALPRO,IDEALPRO-1-3062,IDEALPRO-001,IDEALPRO-1-422107,EUR/USD.IDEALPRO-MLSignalStrategyV2-V2,SELL,STOP_MARKET,100000.00,1.16529,USD,2.33 USD,TAKER,850bde48-650a-41df-816c-dc1e1199420b,2025-07-28 11:03:00+00:00,2025-07-28 11:03:00+00:00,{},False
O-20250728-111500-001-V2-3064,BACKTESTER-001,MLSignalStrategyV2-V2,EUR/USD.IDEALPRO,IDEALPRO-1-3064,IDEALPRO-001,IDEALPRO-1-422132,EUR/USD.IDEALPRO-MLSignalStrategyV2-V2,BUY,MARKET,100000.00,1.16555,USD,2.33 USD,TAKER,78161d27-062c-459a-9ce2-ccd0dc41fe80,2025-07-28 11:15:00+00:00,2025-07-28 11:15:00+00:00,{},False
O-20250728-111500-001-V2-3065,BACKTESTER-001,MLSignalStrategyV2-V2,EUR/USD.IDEALPRO,IDEALPRO-1-3065,IDEALPRO-001,IDEALPRO-1-422387,EUR/USD.IDEALPRO-MLSignalStrategyV2-V2,SELL,STOP_MARKET,100000.00,1.16381,USD,2.33 USD,TAKER,b1966a0b-903b-4b43-98fb-19b9476af930,2025-07-28 13:22:00+00:00,2025-07-28 13:22:00+00:00,{},False
O-20250728-134500-001-V2-3067,BACKTESTER-001,MLSignalStrategyV2-V2,EUR/USD.IDEALPRO,IDEALPRO-1-3067,IDEALPRO-001,IDEALPRO-1-422434,EUR/USD.IDEALPRO-MLSignalStrategyV2-V2,BUY,MARKET,100000.00,1.16336,USD,2.33 USD,TAKER,2c42c9fe-d74a-4be7-bd89-ad8440e09d96,2025-07-28 13:45:00+00:00,2025-07-28 13:45:00+00:00,{},False
O-20250728-134500-001-V2-3069,BACKTESTER-001,MLSignalStrategyV2-V2,EUR/USD.IDEALPRO,IDEALPRO-1-3069,IDEALPRO-001,IDEALPRO-1-422535,EUR/USD.IDEALPRO-MLSignalStrategyV2-V2,SELL,LIMIT,100000.00,1.16456,USD,2.33 USD,MAKER,c49f1383-19fe-4658-a0ea-53b876308bdf,2025-07-28 14:35:00+00:00,2025-07-28 14:35:00+00:00,{},False
O-20250728-150000-001-V2-3070,BACKTESTER-001,MLSignalStrategyV2-V2,EUR/USD.IDEALPRO,IDEALPRO-1-3070,IDEALPRO-001,IDEALPRO-1-422586,EUR/USD.IDEALPRO-MLSignalStrategyV2-V2,BUY,MARKET,100000.00,1.16372,USD,2.33 USD,TAKER,fddcea90-0ea8-435b-8f92-389437a94199,2025-07-28 15:00:00+00:00,2025-07-28 15:00:00+00:00,{},False
O-20250728-150000-001-V2-3071,BACKTESTER-001,MLSignalStrategyV2-V2,EUR/USD.IDEALPRO,IDEALPRO-1-3071,IDEALPRO-001,IDEALPRO-1-422625,EUR/USD.IDEALPRO-MLSignalStrategyV2-V2,SELL,STOP_MARKET,100000.00,1.16238,USD,2.32 USD,TAKER,13de70c8-c96a-4ab3-8881-e965c7b3d0ed,2025-07-28 15:19:00+00:00,2025-07-28 15:19:00+00:00,{},False
O-20250728-153000-001-V2-3073,BACKTESTER-001,MLSignalStrategyV2-V2,EUR/USD.IDEALPRO,IDEALPRO-1-3073,IDEALPRO-001,IDEALPRO-1-422648,EUR/USD.IDEALPRO-MLSignalStrategyV2-V2,BUY,MARKET,100000.00,1.16221,USD,2.32 USD,TAKER,0dd9d1d9-e216-4c7a-a8b6-b73d256d90cc,2025-07-28 15:30:00+00:00,2025-07-28 15:30:00+00:00,{},False
O-20250728-153000-001-V2-3074,BACKTESTER-001,MLSignalStrategyV2-V2,EUR/USD.IDEALPRO,IDEALPRO-1-3074,IDEALPRO-001,IDEALPRO-1-422705,EUR/USD.IDEALPRO-MLSignalStrategyV2-V2,SELL,STOP_MARKET,100000.00,1.16081,USD,2.32 USD,TAKER,1463d540-6189-4375-953f-02b4d67905d7,2025-07-28 15:58:00+00:00,2025-07-28 15:58:00+00:00,{},False
O-20250728-170000-001-V2-3076,BACKTESTER-001,MLSignalStrategyV2-V2,EUR/USD.IDEALPRO,IDEALPRO-1-3076,IDEALPRO-001,IDEALPRO-1-422830,EUR/USD.IDEALPRO-MLSignalStrategyV2-V2,BUY,MARKET,100000.00,1.15993,USD,2.32 USD,TAKER,dbc52dbc-b9b9-438d-b55b-fded547463b3,2025-07-28 17:00:00+00:00,2025-07-28 17:00:00+00:00,{},False
O-20250728-170000-001-V2-3077,BACKTESTER-001,MLSignalStrategyV2-V2,EUR/USD.IDEALPRO,IDEALPRO-1-3077,IDEALPRO-001,IDEALPRO-1-422961,EUR/USD.IDEALPRO-MLSignalStrategyV2-V2,SELL,STOP_MARKET,100000.00,1.15882,USD,2.32 USD,TAKER,d532cc0d-98d6-4a45-ab81-fdbba1c7b598,2025-07-28 18:05:00+00:00,2025-07-28 18:05:00+00:00,{},False
O-20250728-191500-001-V2-3079,BACKTESTER-001,MLSignalStrategyV2-V2,EUR/USD.IDEALPRO,IDEALPRO-1-3079,IDEALPRO-001,IDEALPRO-1-423103,EUR/USD.IDEALPRO-MLSignalStrategyV2-V2,BUY,MARKET,100000.00,1.15916,USD,2.32 USD,TAKER,1dcb3040-d499-4ace-befc-c918dfeffa28,2025-07-28 19:15:00+00:00,2025-07-28 19:15:00+00:00,{},False
O-20250728-191500-001-V2-3081,BACKTESTER-001,MLSignalStrategyV2-V2,EUR/USD.IDEALPRO,IDEALPRO-1-3081,IDEALPRO-001,IDEALPRO-1-423851,EUR/USD.IDEALPRO-MLSignalStrategyV2-V2,SELL,LIMIT,100000.00,1.15981,USD,2.32 USD,MAKER,bc1ebd09-4952-4e08-9b6f-054854554ca9,2025-07-29 01:44:00+00:00,2025-07-29 01:44:00+00:00,{},False
O-20250729-040000-001-V2-3082,BACKTESTER-001,MLSignalStrategyV2-V2,EUR/USD.IDEALPRO,IDEALPRO-1-3082,IDEALPRO-001,IDEALPRO-1-424124,EUR/USD.IDEALPRO-MLSignalStrategyV2-V2,BUY,MARKET,100000.00,1.15831,USD,2.32 USD,TAKER,7d492f57-9895-454b-9d00-12834c2b4d37,2025-07-29 04:00:00+00:00,2025-07-29 04:00:00+00:00,{},False
O-20250729-040000-001-V2-3083,BACKTESTER-001,MLSignalStrategyV2-V2,EUR/USD.IDEALPRO,IDEALPRO-1-3083,IDEALPRO-001,IDEALPRO-1-424161,EUR/USD.IDEALPRO-MLSignalStrategyV2-V2,SELL,STOP_MARKET,100000.00,1.15762,USD,2.32 USD,TAKER,094a7060-4dbd-4adc-bb5e-74ff60673f64,2025-07-29 04:18:00+00:00,2025-07-29 04:18:00+00:00,{},False
O-20250729-070000-001-V2-3085,BACKTESTER-001,MLSignalStrategyV2-V2,EUR/USD.IDEALPRO,IDEALPRO-1-3085,IDEALPRO-001,IDEALPRO-1-424486,EUR/USD.IDEALPRO-MLSignalStrategyV2-V2,BUY,MARKET,100000.00,1.15339,USD,2.31 USD,TAKER,05a6fd1b-3552-4a3f-aa67-8e93ff2dda89,2025-07-29 07:00:00+00:00,2025-07-29 07:00:00+00:00,{},False
O-20250729-070000-001-V2-3087,BACKTESTER-001,MLSignalStrategyV2-V2,EUR/USD.IDEALPRO,IDEALPRO-1-3087,IDEALPRO-001,IDEALPRO-1-424489,EUR/USD.IDEALPRO-MLSignalStrategyV2-V2,SELL,LIMIT,100000.00,1.15451,USD,2.31 USD,MAKER,1a9f61c3-dd96-4afe-91a5-78d2f9958dc1,2025-07-29 07:01:00+00:00,2025-07-29 07:01:00+00:00,{},False
O-20250729-071500-001-V2-3088,BACKTESTER-001,MLSignalStrategyV2-V2,EUR/USD.IDEALPRO,IDEALPRO-1-3088,IDEALPRO-001,IDEALPRO-1-424518,EUR/USD.IDEALPRO-MLSignalStrategyV2-V2,BUY,MARKET,100000.00,1.15308,USD,2.31 USD,TAKER,5b9e382e-316c-49bb-8817-6af4bbf7c726,2025-07-29 07:15:00+00:00,2025-07-29 07:15:00+00:00,{},False
O-20250729-071500-001-V2-3090,BACKTESTER-001,MLSignalStrategyV2-V2,EUR/USD.IDEALPRO,IDEALPRO-1-3090,IDEALPRO-001,IDEALPRO-1-424537,EUR/USD.IDEALPRO-MLSignalStrategyV2-V2,SELL,LIMIT,100000.00,1.15447,USD,2.31 USD,MAKER,1b534524-9797-4f70-b536-ab1a78c55e6c,2025-07-29 07:24:00+00:00,2025-07-29 07:24:00+00:00,{},False
O-20250729-073000-001-V2-3091,BACKTESTER-001,MLSignalStrategyV2-V2,EUR/USD.IDEALPRO,IDEALPRO-1-3091,IDEALPRO-001,IDEALPRO-1-424550,EUR/USD.IDEALPRO-MLSignalStrategyV2-V2,BUY,MARKET,100000.00,1.15365,USD,2.31 USD,TAKER,8ab043f8-5b61-45c0-bc16-a6540f73e218,2025-07-29 07:30:00+00:00,2025-07-29 07:30:00+00:00,{},False
O-20250729-073000-001-V2-3093,BACKTESTER-001,MLSignalStrategyV2-V2,EUR/USD.IDEALPRO,IDEALPRO-1-3093,IDEALPRO-001,IDEALPRO-1-424601,EUR/USD.IDEALPRO-MLSignalStrategyV2-V2,SELL,LIMIT,100000.00,1.15514,USD,2.31 USD,MAKER,01f35618-2350-4520-bfd4-7d60eca43980,2025-07-29 07:55:00+00:00,2025-07-29 07:55:00+00:00,{},False
O-20250729-080000-001-V2-3094,BACKTESTER-001,MLSignalStrategyV2-V2,EUR/USD.IDEALPRO,IDEALPRO-1-3094,IDEALPRO-001,IDEALPRO-1-424612,EUR/USD.IDEALPRO-MLSignalStrategyV2-V2,BUY,MARKET,100000.00,1.15549,USD,2.31 USD,TAKER,c98b6cc7-8db1-47e3-8786-53bb880938c1,2025-07-29 08:00:00+00:00,2025-07-29 08:00:00+00:00,{},False
O-20250729-080000-001-V2-3096,BACKTESTER-001,MLSignalStrategyV2-V2,EUR/USD.IDEALPRO,IDEALPRO-1-3096,IDEALPRO-001,IDEALPRO-1-424647,EUR/USD.IDEALPRO-MLSignalStrategyV2-V2,SELL,LIMIT,100000.00,1.15682,USD,2.31 USD,MAKER,8ac9e401-34e4-4b75-85eb-d9722a9c8460,2025-07-29 08:17:00+00:00,2025-07-29 08:17:00+00:00,{},False
O-20250729-084500-001-V2-3097,BACKTESTER-001,MLSignalStrategyV2-V2,EUR/USD.IDEALPRO,IDEALPRO-1-3097,IDEALPRO-001,IDEALPRO-1-424705,EUR/USD.IDEALPRO-MLSignalStrategyV2-V2,BUY,MARKET,100000.00,1.15656,USD,2.31 USD,TAKER,6d319059-5073-4cda-916f-c1b96abd335b,2025-07-29 08:45:00+00:00,2025-07-29 08:45:00+00:00,{},False
O-20250729-084500-001-V2-3099,BACKTESTER-001,MLSignalStrategyV2-V2,EUR/USD.IDEALPRO,IDEALPRO-1-3099,IDEALPRO-001,IDEALPRO-1-424779,EUR/USD.IDEALPRO-MLSignalStrategyV2-V2,SELL,LIMIT,100000.00,1.15775,USD,2.32 USD,MAKER,b3d10b06-7530-4813-9fbd-c34946a185cd,2025-07-29 09:22:00+00:00,2025-07-29 09:22:00+00:00,{},False
O-20250729-100000-001-V2-3100,BACKTESTER-001,MLSignalStrategyV2-V2,EUR/USD.IDEALPRO,IDEALPRO-1-3100,IDEALPRO-001,IDEALPRO-1-424857,EUR/USD.IDEALPRO-MLSignalStrategyV2-V2,SELL,MARKET,100000.00,1.15768,USD,2.32 USD,TAKER,a81afebd-e806-4cf6-aa35-e7fb947c3344,2025-07-29 10:00:00+00:00,2025-07-29 10:00:00+00:00,{},False
O-20250729-100000-001-V2-3102,BACKTESTER-001,MLSignalStrategyV2-V2,EUR/USD.IDEALPRO,IDEALPRO-1-3102,IDEALPRO-001,IDEALPRO-1-424995,EUR/USD.IDEALPRO-MLSignalStrategyV2-V2,BUY,LIMIT,100000.00,1.15654,USD,2.31 USD,MAKER,52f958eb-a7ff-4b38-81bc-c92807e618ad,2025-07-29 11:09:00+00:00,2025-07-29 11:09:00+00:00,{},False
O-20250729-114500-001-V2-3103,BACKTESTER-001,MLSignalStrategyV2-V2,EUR/USD.IDEALPRO,IDEALPRO-1-3103,IDEALPRO-001,IDEALPRO-1-425068,EUR/USD.IDEALPRO-MLSignalStrategyV2-V2,BUY,MARKET,100000.00,1.15450,USD,2.31 USD,TAKER,7cdc39f2-ed1e-4ce3-b86f-d9985b5aab3b,2025-07-29 11:45:00+00:00,2025-07-29 11:45:00+00:00,{},False
O-20250729-114500-001-V2-3104,BACKTESTER-001,MLSignalStrategyV2-V2,EUR/USD.IDEALPRO,IDEALPRO-1-3104,IDEALPRO-001,IDEALPRO-1-425141,EUR/USD.IDEALPRO-MLSignalStrategyV2-V2,SELL,STOP_MARKET,100000.00,1.15300,USD,2.31 USD,TAKER,daf9a4ca-f532-4d5c-8ad2-510952f92067,2025-07-29 12:21:00+00:00,2025-07-29 12:21:00+00:00,{},False
O-20250729-124500-001-V2-3106,BACKTESTER-001,MLSignalStrategyV2-V2,EUR/USD.IDEALPRO,IDEALPRO-1-3106,IDEALPRO-001,IDEALPRO-1-425190,EUR/USD.IDEALPRO-MLSignalStrategyV2-V2,BUY,MARKET,100000.00,1.15313,USD,2.31 USD,TAKER,f1bbf792-a987-470a-8d4a-8ec7e8385337,2025-07-29 12:45:00+00:00,2025-07-29 12:45:00+00:00,{},False
O-20250729-124500-001-V2-3108,BACKTESTER-001,MLSignalStrategyV2-V2,EUR/USD.IDEALPRO,IDEALPRO-1-3108,IDEALPRO-001,IDEALPRO-1-425335,EUR/USD.IDEALPRO-MLSignalStrategyV2-V2,SELL,LIMIT,100000.00,1.15452,USD,2.31 USD,MAKER,27358e7c-20da-473e-9589-280351469f9f,2025-07-29 13:57:00+00:00,2025-07-29 13:57:00+00:00,{},False
O-20250729-201500-001-V2-3109,BACKTESTER-001,MLSignalStrategyV2-V2,EUR/USD.IDEALPRO,IDEALPRO-1-3109,IDEALPRO-001,IDEALPRO-1-426093,EUR/USD.IDEALPRO-MLSignalStrategyV2-V2,BUY,MARKET,100000.00,1.15515,USD,2.31 USD,TAKER,9b6ac9af-dec5-4b22-92c2-1d207b70ef06,2025-07-29 20:15:00+00:00,2025-07-29 20:15:00+00:00,{},False
O-20250729-201500-001-V2-3110,BACKTESTER-001,MLSignalStrategyV2-V2,EUR/USD.IDEALPRO,IDEALPRO-1-3110,IDEALPRO-001,IDEALPRO-1-426179,EUR/USD.IDEALPRO-MLSignalStrategyV2-V2,SELL,STOP_MARKET,100000.00,1.15444,USD,2.31 USD,TAKER,aff2a0ff-8bea-4317-b042-db935f758549,2025-07-29 20:58:00+00:00,2025-07-29 20:58:00+00:00,{},False
O-20250730-023000-001-V2-3112,BACKTESTER-001,MLSignalStrategyV2-V2,EUR/USD.IDEALPRO,IDEALPRO-1-3112,IDEALPRO-001,IDEALPRO-1-426814,EUR/USD.IDEALPRO-MLSignalStrategyV2-V2,SELL,MARKET,100000.00,1.15647,USD,2.31 USD,TAKER,305897e9-8c97-476f-b860-bd1b07acc20e,2025-07-30 02:30:00+00:00,2025-07-30 02:30:00+00:00,{},False
O-20250730-023000-001-V2-3114,BACKTESTER-001,MLSignalStrategyV2-V2,EUR/USD.IDEALPRO,IDEALPRO-1-3114,IDEALPRO-001,IDEALPRO-1-426951,EUR/USD.IDEALPRO-MLSignalStrategyV2-V2,BUY,LIMIT,100000.00,1.15582,USD,2.31 USD,MAKER,bada551c-171c-4995-84c8-2a6d97a0e5e2,2025-07-30 03:38:00+00:00,2025-07-30 03:38:00+00:00,{},False
O-20250730-040000-001-V2-3115,BACKTESTER-001,MLSignalStrategyV2-V2,EUR/USD.IDEALPRO,IDEALPRO-1-3115,IDEALPRO-001,IDEALPRO-1-426996,EUR/USD.IDEALPRO-MLSignalStrategyV2-V2,SELL,MARKET,100000.00,1.15616,USD,2.31 USD,TAKER,36d2ca86-a0cb-4a28-a52f-f706663c0b8f,2025-07-30 04:00:00+00:00,2025-07-30 04:00:00+00:00,{},False
O-20250730-040000-001-V2-3117,BACKTESTER-001,MLSignalStrategyV2-V2,EUR/USD.IDEALPRO,IDEALPRO-1-3117,IDEALPRO-001,IDEALPRO-1-427005,EUR/USD.IDEALPRO-MLSignalStrategyV2-V2,BUY,LIMIT,100000.00,1.15533,USD,2.31 USD,MAKER,1ae1e2b2-f248-473c-b038-b1295e1d0cdf,2025-07-30 04:04:00+00:00,2025-07-30 04:04:00+00:00,{},False
O-20250730-053000-001-V2-3118,BACKTESTER-001,MLSignalStrategyV2-V2,EUR/USD.IDEALPRO,IDEALPRO-1-3118,IDEALPRO-001,IDEALPRO-1-427179,EUR/USD.IDEALPRO-MLSignalStrategyV2-V2,SELL,MARKET,100000.00,1.15541,USD,2.31 USD,TAKER,091a0135-2f31-439c-ad3d-9c2cf21e65bf,2025-07-30 05:30:00+00:00,2025-07-30 05:30:00+00:00,{},False
O-20250730-053000-001-V2-3120,BACKTESTER-001,MLSignalStrategyV2-V2,EUR/USD.IDEALPRO,IDEALPRO-1-3120,IDEALPRO-001,IDEALPRO-1-427235,EUR/USD.IDEALPRO-MLSignalStrategyV2-V2,BUY,LIMIT,100000.00,1.15486,USD,2.31 USD,MAKER,92bdc205-a504-4caa-bf92-db19d3f09ba9,2025-07-30 05:58:00+00:00,2025-07-30 05:58:00+00:00,{},False
O-20250730-083000-001-V2-3121,BACKTESTER-001,MLSignalStrategyV2-V2,EUR/USD.IDEALPRO,IDEALPRO-1-3121,IDEALPRO-001,IDEALPRO-1-427540,EUR/USD.IDEALPRO-MLSignalStrategyV2-V2,BUY,MARKET,100000.00,1.15552,USD,2.31 USD,TAKER,ce744c32-1e8c-43a8-a7fd-1c78dd87f153,2025-07-30 08:30:00+00:00,2025-07-30 08:30:00+00:00,{},False
O-20250730-083000-001-V2-3122,BACKTESTER-001,MLSignalStrategyV2-V2,EUR/USD.IDEALPRO,IDEALPRO-1-3122,IDEALPRO-001,IDEALPRO-1-427703,EUR/USD.IDEALPRO-MLSignalStrategyV2-V2,SELL,STOP_MARKET,100000.00,1.15454,USD,2.31 USD,TAKER,70d36ae9-2343-497d-bbcf-9f5d5dadc82e,2025-07-30 09:51:00+00:00,2025-07-30 09:51:00+00:00,{},False
O-20250730-103000-001-V2-3124,BACKTESTER-001,MLSignalStrategyV2-V2,EUR/USD.IDEALPRO,IDEALPRO-1-3124,IDEALPRO-001,IDEALPRO-1-427782,EUR/USD.IDEALPRO-MLSignalStrategyV2-V2,BUY,MARKET,100000.00,1.15421,USD,2.31 USD,TAKER,c7a09c1c-9fc8-4069-90d0-254a6c40cf06,2025-07-30 10:30:00+00:00,2025-07-30 10:30:00+00:00,{},False
O-20250730-103000-001-V2-3125,BACKTESTER-001,MLSignalStrategyV2-V2,EUR/USD.IDEALPRO,IDEALPRO-1-3125,IDEALPRO-001,IDEALPRO-1-427801,EUR/USD.IDEALPRO-MLSignalStrategyV2-V2,SELL,STOP_MARKET,100000.00,1.15335,USD,2.31 USD,TAKER,cdece9c1-9c45-4ff0-af30-7b5eb3b7528f,2025-07-30 10:39:00+00:00,2025-07-30 10:39:00+00:00,{},False
O-20250730-104500-001-V2-3127,BACKTESTER-001,MLSignalStrategyV2-V2,EUR/USD.IDEALPRO,IDEALPRO-1-3127,IDEALPRO-001,IDEALPRO-1-427814,EUR/USD.IDEALPRO-MLSignalStrategyV2-V2,BUY,MARKET,100000.00,1.15396,USD,2.31 USD,TAKER,dec1c50e-b908-4456-a839-d6e95f40f994,2025-07-30 10:45:00+00:00,2025-07-30 10:45:00+00:00,{},False
O-20250730-104500-001-V2-3128,BACKTESTER-001,MLSignalStrategyV2-V2,EUR/USD.IDEALPRO,IDEALPRO-1-3128,IDEALPRO-001,IDEALPRO-1-427863,EUR/USD.IDEALPRO-MLSignalStrategyV2-V2,SELL,STOP_MARKET,100000.00,1.15305,USD,2.31 USD,TAKER,c550c015-359c-4f97-a741-4c19b44d3e31,2025-07-30 11:09:00+00:00,2025-07-30 11:09:00+00:00,{},False
O-20250730-144500-001-V2-3130,BACKTESTER-001,MLSignalStrategyV2-V2,EUR/USD.IDEALPRO,IDEALPRO-1-3130,IDEALPRO-001,IDEALPRO-1-428296,EUR/USD.IDEALPRO-MLSignalStrategyV2-V2,BUY,MARKET,100000.00,1.14770,USD,2.30 USD,TAKER,6db40465-beea-48e9-afbe-55fdc611a922,2025-07-30 14:45:00+00:00,2025-07-30 14:45:00+00:00,{},False
O-20250730-144500-001-V2-3132,BACKTESTER-001,MLSignalStrategyV2-V2,EUR/USD.IDEALPRO,IDEALPRO-1-3132,IDEALPRO-001,IDEALPRO-1-428689,EUR/USD.IDEALPRO-MLSignalStrategyV2-V2,SELL,LIMIT,100000.00,1.14913,USD,2.30 USD,MAKER,7c2a08d4-7bdb-462b-bce0-6d36d7884a6a,2025-07-30 18:01:00+00:00,2025-07-30 18:01:00+00:00,{},False
O-20250730-200000-001-V2-3133,BACKTESTER-001,MLSignalStrategyV2-V2,EUR/USD.IDEALPRO,IDEALPRO-1-3133,IDEALPRO-001,IDEALPRO-1-428928,EUR/USD.IDEALPRO-MLSignalStrategyV2-V2,BUY,MARKET,100000.00,1.14241,USD,2.28 USD,TAKER,4251bb7a-9f84-423a-81d0-b22c7daf63cb,2025-07-30 20:00:00+00:00,2025-07-30 20:00:00+00:00,{},False
O-20250730-200000-001-V2-3134,BACKTESTER-001,MLSignalStrategyV2-V2,EUR/USD.IDEALPRO,IDEALPRO-1-3134,IDEALPRO-001,IDEALPRO-1-428977,EUR/USD.IDEALPRO-MLSignalStrategyV2-V2,SELL,STOP_MARKET,100000.00,1.14022,USD,2.28 USD,TAKER,74a0d371-622c-4b4a-9713-d28a8c99918f,2025-07-30 20:24:00+00:00,2025-07-30 20:24:00+00:00,{},False
O-20250730-203000-001-V2-3136,BACKTESTER-001,MLSignalStrategyV2-V2,EUR/USD.IDEALPRO,IDEALPRO-1-3136,IDEALPRO-001,IDEALPRO-1-428990,EUR/USD.IDEALPRO-MLSignalStrategyV2-V2,BUY,MARKET,100000.00,1.14060,USD,2.28 USD,TAKER,9f1a01a5-b693-44fc-975a-de1e296d9cd2,2025-07-30 20:30:00+00:00,2025-07-30 20:30:00+00:00,{},False
O-20250730-203000-001-V2-3138,BACKTESTER-001,MLSignalStrategyV2-V2,EUR/USD.IDEALPRO,IDEALPRO-1-3138,IDEALPRO-001,IDEALPRO-1-429215,EUR/USD.IDEALPRO-MLSignalStrategyV2-V2,SELL,LIMIT,100000.00,1.14215,USD,2.28 USD,MAKER,9306b2a6-1964-4f36-9366-3e44e9881232,2025-07-30 22:37:00+00:00,2025-07-30 22:37:00+00:00,{},False
O-20250730-230000-001-V2-3139,BACKTESTER-001,MLSignalStrategyV2-V2,EUR/USD.IDEALPRO,IDEALPRO-1-3139,IDEALPRO-001,IDEALPRO-1-429262,EUR/USD.IDEALPRO-MLSignalStrategyV2-V2,BUY,MARKET,100000.00,1.14230,USD,2.28 USD,TAKER,084df084-b606-4934-b134-7e656a969f21,2025-07-30 23:00:00+00:00,2025-07-30 23:00:00+00:00,{},False
O-20250730-230000-001-V2-3141,BACKTESTER-001,MLSignalStrategyV2-V2,EUR/USD.IDEALPRO,IDEALPRO-1-3141,IDEALPRO-001,IDEALPRO-1-429385,EUR/USD.IDEALPRO-MLSignalStrategyV2-V2,SELL,LIMIT,100000.00,1.14334,USD,2.29 USD,MAKER,9500ccf8-b66c-4d8a-86a7-9b10e55cffc0,2025-07-31 00:01:00+00:00,2025-07-31 00:01:00+00:00,{},False
O-20250731-001500-001-V2-3142,BACKTESTER-001,MLSignalStrategyV2-V2,EUR/USD.IDEALPRO,IDEALPRO-1-3142,IDEALPRO-001,IDEALPRO-1-429414,EUR/USD.IDEALPRO-MLSignalStrategyV2-V2,BUY,MARKET,100000.00,1.14347,USD,2.29 USD,TAKER,24a71f49-5e63-4864-8e2e-73a83fd295c7,2025-07-31 00:15:00+00:00,2025-07-31 00:15:00+00:00,{},False
O-20250731-001500-001-V2-3143,BACKTESTER-001,MLSignalStrategyV2-V2,EUR/USD.IDEALPRO,IDEALPRO-1-3143,IDEALPRO-001,IDEALPRO-1-429521,EUR/USD.IDEALPRO-MLSignalStrategyV2-V2,SELL,STOP_MARKET,100000.00,1.14264,USD,2.29 USD,TAKER,318ad11f-a905-43a0-a598-3fd21159c886,2025-07-31 01:08:00+00:00,2025-07-31 01:08:00+00:00,{},False
O-20250731-034500-001-V2-3145,BACKTESTER-001,MLSignalStrategyV2-V2,EUR/USD.IDEALPRO,IDEALPRO-1-3145,IDEALPRO-001,IDEALPRO-1-429836,EUR/USD.IDEALPRO-MLSignalStrategyV2-V2,BUY,MARKET,100000.00,1.14206,USD,2.28 USD,TAKER,ed3dd468-7a77-47b2-9200-806f4b96884a,2025-07-31 03:45:00+00:00,2025-07-31 03:45:00+00:00,{},False
O-20250731-034500-001-V2-3147,BACKTESTER-001,MLSignalStrategyV2-V2,EUR/USD.IDEALPRO,IDEALPRO-1-3147,IDEALPRO-001,IDEALPRO-1-429975,EUR/USD.IDEALPRO-MLSignalStrategyV2-V2,SELL,LIMIT,100000.00,1.14305,USD,2.29 USD,MAKER,84d75022-1870-49a8-b8f9-e750091bf86d,2025-07-31 04:54:00+00:00,2025-07-31 04:54:00+00:00,{},False
O-20250731-131500-001-V2-3148,BACKTESTER-001,MLSignalStrategyV2-V2,EUR/USD.IDEALPRO,IDEALPRO-1-3148,IDEALPRO-001,IDEALPRO-1-430978,EUR/USD.IDEALPRO-MLSignalStrategyV2-V2,BUY,MARKET,100000.00,1.14170,USD,2.28 USD,TAKER,c1ae4219-07d5-43d2-b38f-ed2edfadc0e5,2025-07-31 13:15:00+00:00,2025-07-31 13:15:00+00:00,{},False
O-20250731-131500-001-V2-3150,BACKTESTER-001,MLSignalStrategyV2-V2,EUR/USD.IDEALPRO,IDEALPRO-1-3150,IDEALPRO-001,IDEALPRO-1-431131,EUR/USD.IDEALPRO-MLSignalStrategyV2-V2,SELL,LIMIT,100000.00,1.14326,USD,2.29 USD,MAKER,5aa0d768-e385-4787-9348-7d81f5ccc687,2025-07-31 14:31:00+00:00,2025-07-31 14:31:00+00:00,{},False
O-20250731-184500-001-V2-3151,BACKTESTER-001,MLSignalStrategyV2-V2,EUR/USD.IDEALPRO,IDEALPRO-1-3151,IDEALPRO-001,IDEALPRO-1-431641,EUR/USD.IDEALPRO-MLSignalStrategyV2-V2,BUY,MARKET,100000.00,1.14293,USD,2.29 USD,TAKER,6a7e7fb9-a636-4978-8d7a-cab86b74f50f,2025-07-31 18:45:00+00:00,2025-07-31 18:45:00+00:00,{},False
O-20250731-184500-001-V2-3152,BACKTESTER-001,MLSignalStrategyV2-V2,EUR/USD.IDEALPRO,IDEALPRO-1-3152,IDEALPRO-001,IDEALPRO-1-431781,EUR/USD.IDEALPRO-MLSignalStrategyV2-V2,SELL,STOP_MARKET,100000.00,1.14183,USD,2.28 USD,TAKER,b49188cd-28ee-41a8-9349-b1e26dfd56a0,2025-07-31 19:55:00+00:00,2025-07-31 19:55:00+00:00,{},False
O-20250731-210000-001-V2-3154,BACKTESTER-001,MLSignalStrategyV2-V2,EUR/USD.IDEALPRO,IDEALPRO-1-3154,IDEALPRO-001,IDEALPRO-1-431912,EUR/USD.IDEALPRO-MLSignalStrategyV2-V2,SELL,MARKET,100000.00,1.14151,USD,2.28 USD,TAKER,bf5387b0-716f-404f-9528-6fe1a7df33fc,2025-07-31 21:00:00+00:00,2025-07-31 21:00:00+00:00,{},False
O-20250731-210000-001-V2-3155,BACKTESTER-001,MLSignalStrategyV2-V2,EUR/USD.IDEALPRO,IDEALPRO-1-3155,IDEALPRO-001,IDEALPRO-1-432145,EUR/USD.IDEALPRO-MLSignalStrategyV2-V2,BUY,STOP_MARKET,100000.00,1.14241,USD,2.28 USD,TAKER,39be6f90-7c97-4f06-953d-39c2a3941112,2025-07-31 23:11:00+00:00,2025-07-31 23:11:00+00:00,{},False
O-20250801-020000-001-V2-3157,BACKTESTER-001,MLSignalStrategyV2-V2,EUR/USD.IDEALPRO,IDEALPRO-1-3157,IDEALPRO-001,IDEALPRO-1-432484,EUR/USD.IDEALPRO-MLSignalStrategyV2-V2,BUY,MARKET,100000.00,1.14071,USD,2.28 USD,TAKER,94e3fb0a-bf1e-4aa5-8e3e-91df94585e40,2025-08-01 02:00:00+00:00,2025-08-01 02:00:00+00:00,{},False
O-20250801-020000-001-V2-3159,BACKTESTER-001,MLSignalStrategyV2-V2,EUR/USD.IDEALPRO,IDEALPRO-1-3159,IDEALPRO-001,IDEALPRO-1-432611,EUR/USD.IDEALPRO-MLSignalStrategyV2-V2,SELL,LIMIT,100000.00,1.14152,USD,2.28 USD,MAKER,1658cf1c-bdb8-4764-8247-c70b86b9a2e3,2025-08-01 03:03:00+00:00,2025-08-01 03:03:00+00:00,{},False
O-20250801-131500-001-V2-3160,BACKTESTER-001,MLSignalStrategyV2-V2,EUR/USD.IDEALPRO,IDEALPRO-1-3160,IDEALPRO-001,IDEALPRO-1-433836,EUR/USD.IDEALPRO-MLSignalStrategyV2-V2,SELL,MARKET,100000.00,1.15647,USD,2.31 USD,TAKER,d7c5642b-875a-4624-8f5a-9320009556dd,2025-08-01 13:15:00+00:00,2025-08-01 13:15:00+00:00,{},False
O-20250801-131500-001-V2-3162,BACKTESTER-001,MLSignalStrategyV2-V2,EUR/USD.IDEALPRO,IDEALPRO-1-3162,IDEALPRO-001,IDEALPRO-1-434105,EUR/USD.IDEALPRO-MLSignalStrategyV2-V2,BUY,LIMIT,100000.00,1.15371,USD,2.31 USD,MAKER,a400da76-e187-456e-8efa-aa1657a9aab2,2025-08-01 15:29:00+00:00,2025-08-01 15:29:00+00:00,{},False
O-20250801-160000-001-V2-3163,BACKTESTER-001,MLSignalStrategyV2-V2,EUR/USD.IDEALPRO,IDEALPRO-1-3163,IDEALPRO-001,IDEALPRO-1-434168,EUR/USD.IDEALPRO-MLSignalStrategyV2-V2,SELL,MARKET,100000.00,1.15544,USD,2.31 USD,TAKER,11b201c5-527e-48eb-9d24-094643a6fb88,2025-08-01 16:00:00+00:00,2025-08-01 16:00:00+00:00,{},False
O-20250801-160000-001-V2-3165,BACKTESTER-001,MLSignalStrategyV2-V2,EUR/USD.IDEALPRO,IDEALPRO-1-3165,IDEALPRO-001,IDEALPRO-1-434297,EUR/USD.IDEALPRO-MLSignalStrategyV2-V2,BUY,LIMIT,100000.00,1.15319,USD,2.31 USD,MAKER,afbab875-3e66-42eb-9d72-744742770732,2025-08-01 17:04:00+00:00,2025-08-01 17:04:00+00:00,{},False
O-20250801-200000-001-V2-3166,BACKTESTER-001,MLSignalStrategyV2-V2,EUR/USD.IDEALPRO,IDEALPRO-1-3166,IDEALPRO-001,IDEALPRO-1-434650,EUR/USD.IDEALPRO-MLSignalStrategyV2-V2,SELL,MARKET,100000.00,1.15691,USD,2.31 USD,TAKER,1a73a1db-ba94-4f86-bcc7-41d42c4aa9e7,2025-08-01 20:00:00+00:00,2025-08-01 20:00:00+00:00,{},False
O-20250801-200000-001-V2-3167,BACKTESTER-001,MLSignalStrategyV2-V2,EUR/USD.IDEALPRO,IDEALPRO-1-3167,IDEALPRO-001,IDEALPRO-1-434711,EUR/USD.IDEALPRO-MLSignalStrategyV2-V2,BUY,STOP_MARKET,100000.00,1.15900,USD,2.32 USD,TAKER,982ff9f8-d2c5-4fa1-b8ca-99cf5f0ff284,2025-08-01 20:30:00+00:00,2025-08-01 20:30:00+00:00,{},False
O-20250801-203000-001-V2-3169,BACKTESTER-001,MLSignalStrategyV2-V2,EUR/USD.IDEALPRO,IDEALPRO-1-3169,IDEALPRO-001,IDEALPRO-1-434712,EUR/USD.IDEALPRO-MLSignalStrategyV2-V2,SELL,MARKET,100000.00,1.15892,USD,2.32 USD,TAKER,5da5c353-e9d5-4c1a-86ce-6b85b1663f70,2025-08-01 20:30:00+00:00,2025-08-01 20:30:00+00:00,{},False
O-20250801-203000-001-V2-3171,BACKTESTER-001,MLSignalStrategyV2-V2,EUR/USD.IDEALPRO,IDEALPRO-1-3171,IDEALPRO-001,IDEALPRO-1-435131,EUR/USD.IDEALPRO-MLSignalStrategyV2-V2,BUY,LIMIT,100000.00,1.15732,USD,2.31 USD,MAKER,2b902b98-03c7-4e60-be83-44cfe0c61d45,2025-08-04 00:14:00+00:00,2025-08-04 00:14:00+00:00,{},False
O-20250804-020000-001-V2-3172,BACKTESTER-001,MLSignalStrategyV2-V2,EUR/USD.IDEALPRO,IDEALPRO-1-3172,IDEALPRO-001,IDEALPRO-1-435344,EUR/USD.IDEALPRO-MLSignalStrategyV2-V2,BUY,MARKET,100000.00,1.15712,USD,2.31 USD,TAKER,79ac692f-bfa2-4253-8e7f-3aabb770d9e4,2025-08-04 02:00:00+00:00,2025-08-04 02:00:00+00:00,{},False
O-20250804-020000-001-V2-3174,BACKTESTER-001,MLSignalStrategyV2-V2,EUR/USD.IDEALPRO,IDEALPRO-1-3174,IDEALPRO-001,IDEALPRO-1-435469,EUR/USD.IDEALPRO-MLSignalStrategyV2-V2,SELL,LIMIT,100000.00,1.15826,USD,2.32 USD,MAKER,645c1daf-abdf-47c9-8e4d-2ead04be87ae,2025-08-04 03:02:00+00:00,2025-08-04 03:02:00+00:00,{},False
O-20250804-080000-001-V2-3175,BACKTESTER-001,MLSignalStrategyV2-V2,EUR/USD.IDEALPRO,IDEALPRO-1-3175,IDEALPRO-001,IDEALPRO-1-436067,EUR/USD.IDEALPRO-MLSignalStrategyV2-V2,BUY,MARKET,100000.00,1.15638,USD,2.31 USD,TAKER,074591e1-0dc5-4dac-8201-eb70fc578296,2025-08-04 08:00:00+00:00,2025-08-04 08:00:00+00:00,{},False
O-20250804-080000-001-V2-3176,BACKTESTER-001,MLSignalStrategyV2-V2,EUR/USD.IDEALPRO,IDEALPRO-1-3176,IDEALPRO-001,IDEALPRO-1-436143,EUR/USD.IDEALPRO-MLSignalStrategyV2-V2,SELL,STOP_MARKET,100000.00,1.15497,USD,2.31 USD,TAKER,3cdc5347-be2b-44e4-bb9e-d7796ac195fc,2025-08-04 08:38:00+00:00,2025-08-04 08:38:00+00:00,{},False
O-20250804-110000-001-V2-3178,BACKTESTER-001,MLSignalStrategyV2-V2,EUR/USD.IDEALPRO,IDEALPRO-1-3178,IDEALPRO-001,IDEALPRO-1-436429,EUR/USD.IDEALPRO-MLSignalStrategyV2-V2,SELL,MARKET,100000.00,1.15738,USD,2.31 USD,TAKER,440e5ea5-599e-49c5-93f0-9083f5847aba,2025-08-04 11:00:00+00:00,2025-08-04 11:00:00+00:00,{},False
O-20250804-110000-001-V2-3179,BACKTESTER-001,MLSignalStrategyV2-V2,EUR/USD.IDEALPRO,IDEALPRO-1-3179,IDEALPRO-001,IDEALPRO-1-436467,EUR/USD.IDEALPRO-MLSignalStrategyV2-V2,BUY,STOP_MARKET,100000.00,1.15864,USD,2.32 USD,TAKER,ca330320-59cf-4cef-97f9-77a9deba14bd,2025-08-04 11:19:00+00:00,2025-08-04 11:19:00+00:00,{},False
O-20250804-144500-001-V2-3181,BACKTESTER-001,MLSignalStrategyV2-V2,EUR/USD.IDEALPRO,IDEALPRO-1-3181,IDEALPRO-001,IDEALPRO-1-436881,EUR/USD.IDEALPRO-MLSignalStrategyV2-V2,SELL,MARKET,100000.00,1.15745,USD,2.31 USD,TAKER,ab90fcba-0ac8-42dc-b927-1a4c466dace0,2025-08-04 14:45:00+00:00,2025-08-04 14:45:00+00:00,{},False
O-20250804-144500-001-V2-3183,BACKTESTER-001,MLSignalStrategyV2-V2,EUR/USD.IDEALPRO,IDEALPRO-1-3183,IDEALPRO-001,IDEALPRO-1-436901,EUR/USD.IDEALPRO-MLSignalStrategyV2-V2,BUY,LIMIT,100000.00,1.15591,USD,2.31 USD,MAKER,9f2afeb0-551e-464c-a8a3-3cca8a945061,2025-08-04 14:55:00+00:00,2025-08-04 14:55:00+00:00,{},False
O-20250804-190000-001-V2-3184,BACKTESTER-001,MLSignalStrategyV2-V2,EUR/USD.IDEALPRO,IDEALPRO-1-3184,IDEALPRO-001,IDEALPRO-1-437393,EUR/USD.IDEALPRO-MLSignalStrategyV2-V2,BUY,MARKET,100000.00,1.15654,USD,2.31 USD,TAKER,e2638330-8623-4d8a-a8c0-8d25d01c6433,2025-08-04 19:00:00+00:00,2025-08-04 19:00:00+00:00,{},False
O-20250804-190000-001-V2-3186,BACKTESTER-001,MLSignalStrategyV2-V2,EUR/USD.IDEALPRO,IDEALPRO-1-3186,IDEALPRO-001,IDEALPRO-1-437545,EUR/USD.IDEALPRO-MLSignalStrategyV2-V2,SELL,LIMIT,100000.00,1.15745,USD,2.31 USD,MAKER,36b62d64-b87a-4291-b205-b6935b5c34e1,2025-08-04 20:16:00+00:00,2025-08-04 20:16:00+00:00,{},False
O-20250804-204500-001-V2-3187,BACKTESTER-001,MLSignalStrategyV2-V2,EUR/USD.IDEALPRO,IDEALPRO-1-3187,IDEALPRO-001,IDEALPRO-1-437605,EUR/USD.IDEALPRO-MLSignalStrategyV2-V2,BUY,MARKET,100000.00,1.15724,USD,2.31 USD,TAKER,ae45a7d7-1bdb-43be-9a20-a94bd7740b3d,2025-08-04 20:45:00+00:00,2025-08-04 20:45:00+00:00,{},False
O-20250804-204500-001-V2-3189,BACKTESTER-001,MLSignalStrategyV2-V2,EUR/USD.IDEALPRO,IDEALPRO-1-3189,IDEALPRO-001,IDEALPRO-1-437779,EUR/USD.IDEALPRO-MLSignalStrategyV2-V2,SELL,LIMIT,100000.00,1.15786,USD,2.32 USD,MAKER,739a8a9f-9a36-4fb1-ab5b-64247cc010de,2025-08-04 22:27:00+00:00,2025-08-04 22:27:00+00:00,{},False
O-20250804-233000-001-V2-3190,BACKTESTER-001,MLSignalStrategyV2-V2,EUR/USD.IDEALPRO,IDEALPRO-1-3190,IDEALPRO-001,IDEALPRO-1-437906,EUR/USD.IDEALPRO-MLSignalStrategyV2-V2,SELL,MARKET,100000.00,1.15847,USD,2.32 USD,TAKER,401ef66e-c47b-4042-93ed-8af829bf711d,2025-08-04 23:30:00+00:00,2025-08-04 23:30:00+00:00,{},False
O-20250804-233000-001-V2-3192,BACKTESTER-001,MLSignalStrategyV2-V2,EUR/USD.IDEALPRO,IDEALPRO-1-3192,IDEALPRO-001,IDEALPRO-1-438021,EUR/USD.IDEALPRO-MLSignalStrategyV2-V2,BUY,LIMIT,100000.00,1.15789,USD,2.32 USD,MAKER,e4482faa-d3ce-40bf-a183-6ca39b0e45a4,2025-08-05 00:27:00+00:00,2025-08-05 00:27:00+00:00,{},False
O-20250805-004500-001-V2-3193,BACKTESTER-001,MLSignalStrategyV2-V2,EUR/USD.IDEALPRO,IDEALPRO-1-3193,IDEALPRO-001,IDEALPRO-1-438058,EUR/USD.IDEALPRO-MLSignalStrategyV2-V2,SELL,MARKET,100000.00,1.15756,USD,2.32 USD,TAKER,53c65bf1-5b64-4920-ae03-d3eaedf416b8,2025-08-05 00:45:00+00:00,2025-08-05 00:45:00+00:00,{},False
O-20250805-004500-001-V2-3195,BACKTESTER-001,MLSignalStrategyV2-V2,EUR/USD.IDEALPRO,IDEALPRO-1-3195,IDEALPRO-001,IDEALPRO-1-438095,EUR/USD.IDEALPRO-MLSignalStrategyV2-V2,BUY,LIMIT,100000.00,1.15705,USD,2.31 USD,MAKER,ddc351de-e64e-40b8-9ad0-1c6fc5a60274,2025-08-05 01:03:00+00:00,2025-08-05 01:03:00+00:00,{},False
O-20250805-013000-001-V2-3196,BACKTESTER-001,MLSignalStrategyV2-V2,EUR/USD.IDEALPRO,IDEALPRO-1-3196,IDEALPRO-001,IDEALPRO-1-438150,EUR/USD.IDEALPRO-MLSignalStrategyV2-V2,BUY,MARKET,100000.00,1.15674,USD,2.31 USD,TAKER,98ec912c-db01-450e-abd9-2ac3d4d14042,2025-08-05 01:30:00+00:00,2025-08-05 01:30:00+00:00,{},False
O-20250805-013000-001-V2-3197,BACKTESTER-001,MLSignalStrategyV2-V2,EUR/USD.IDEALPRO,IDEALPRO-1-3197,IDEALPRO-001,IDEALPRO-1-438219,EUR/USD.IDEALPRO-MLSignalStrategyV2-V2,SELL,STOP_MARKET,100000.00,1.15572,USD,2.31 USD,TAKER,a5c62675-2e8f-4e9e-bf27-b133a7b45c05,2025-08-05 02:04:00+00:00,2025-08-05 02:04:00+00:00,{},False
O-20250805-023000-001-V2-3199,BACKTESTER-001,MLSignalStrategyV2-V2,EUR/USD.IDEALPRO,IDEALPRO-1-3199,IDEALPRO-001,IDEALPRO-1-438272,EUR/USD.IDEALPRO-MLSignalStrategyV2-V2,BUY,MARKET,100000.00,1.15598,USD,2.31 USD,TAKER,7f3b1ede-e50a-444d-96cc-3c6e0593d802,2025-08-05 02:30:00+00:00,2025-08-05 02:30:00+00:00,{},False
O-20250805-023000-001-V2-3200,BACKTESTER-001,MLSignalStrategyV2-V2,EUR/USD.IDEALPRO,IDEALPRO-1-3200,IDEALPRO-001,IDEALPRO-1-438643,EUR/USD.IDEALPRO-MLSignalStrategyV2-V2,SELL,STOP_MARKET,100000.00,1.15496,USD,2.31 USD,TAKER,bf433279-3d7c-4430-a1a4-f153a20a6fca,2025-08-05 05:35:00+00:00,2025-08-05 05:35:00+00:00,{},False
O-20250805-070000-001-V2-3202,BACKTESTER-001,MLSignalStrategyV2-V2,EUR/USD.IDEALPRO,IDEALPRO-1-3202,IDEALPRO-001,IDEALPRO-1-438814,EUR/USD.IDEALPRO-MLSignalStrategyV2-V2,SELL,MARKET,100000.00,1.15508,USD,2.31 USD,TAKER,de160a46-6ac9-4733-a211-c99befe98971,2025-08-05 07:00:00+00:00,2025-08-05 07:00:00+00:00,{},False
O-20250805-070000-001-V2-3203,BACKTESTER-001,MLSignalStrategyV2-V2,EUR/USD.IDEALPRO,IDEALPRO-1-3203,IDEALPRO-001,IDEALPRO-1-438847,EUR/USD.IDEALPRO-MLSignalStrategyV2-V2,BUY,STOP_MARKET,100000.00,1.15595,USD,2.31 USD,TAKER,16e41609-5296-429d-b56d-1dbbbf9ecce9,2025-08-05 07:16:00+00:00,2025-08-05 07:16:00+00:00,{},False
O-20250805-080000-001-V2-3205,BACKTESTER-001,MLSignalStrategyV2-V2,EUR/USD.IDEALPRO,IDEALPRO-1-3205,IDEALPRO-001,IDEALPRO-1-438936,EUR/USD.IDEALPRO-MLSignalStrategyV2-V2,BUY,MARKET,100000.00,1.15462,USD,2.31 USD,TAKER,e1a23fef-ae05-443a-a7df-35477c18a94e,2025-08-05 08:00:00+00:00,2025-08-05 08:00:00+00:00,{},False
O-20250805-080000-001-V2-3206,BACKTESTER-001,MLSignalStrategyV2-V2,EUR/USD.IDEALPRO,IDEALPRO-1-3206,IDEALPRO-001,IDEALPRO-1-439023,EUR/USD.IDEALPRO-MLSignalStrategyV2-V2,SELL,STOP_MARKET,100000.00,1.15362,USD,2.31 USD,TAKER,7f24aae2-3947-4a0c-9531-3c6f04c2d9e3,2025-08-05 08:43:00+00:00,2025-08-05 08:43:00+00:00,{},False
O-20250806-020000-001-V2-3208,BACKTESTER-001,MLSignalStrategyV2-V2,EUR/USD.IDEALPRO,IDEALPRO-1-3208,IDEALPRO-001,IDEALPRO-1-441068,EUR/USD.IDEALPRO-MLSignalStrategyV2-V2,SELL,MARKET,100000.00,1.15671,USD,2.31 USD,TAKER,2674ebb1-5edd-4c6e-abf3-689c9cce83f8,2025-08-06 02:00:00+00:00,2025-08-06 02:00:00+00:00,{},False
O-20250806-020000-001-V2-3209,BACKTESTER-001,MLSignalStrategyV2-V2,EUR/USD.IDEALPRO,IDEALPRO-1-3209,IDEALPRO-001,IDEALPRO-1-441201,EUR/USD.IDEALPRO-MLSignalStrategyV2-V2,BUY,STOP_MARKET,100000.00,1.15727,USD,2.31 USD,TAKER,f82b9c10-d9cd-4b2a-8f57-a7ddf936ea75,2025-08-06 03:06:00+00:00,2025-08-06 03:06:00+00:00,{},False
O-20250806-031500-001-V2-3211,BACKTESTER-001,MLSignalStrategyV2-V2,EUR/USD.IDEALPRO,IDEALPRO-1-3211,IDEALPRO-001,IDEALPRO-1-441220,EUR/USD.IDEALPRO-MLSignalStrategyV2-V2,SELL,MARKET,100000.00,1.15739,USD,2.31 USD,TAKER,bd6a10b4-066e-4cac-92e7-b66a80bbb8f3,2025-08-06 03:15:00+00:00,2025-08-06 03:15:00+00:00,{},False
O-20250806-031500-001-V2-3212,BACKTESTER-001,MLSignalStrategyV2-V2,EUR/USD.IDEALPRO,IDEALPRO-1-3212,IDEALPRO-001,IDEALPRO-1-441251,EUR/USD.IDEALPRO-MLSignalStrategyV2-V2,BUY,STOP_MARKET,100000.00,1.15790,USD,2.32 USD,TAKER,97488d48-bd0a-43cd-96d3-2bdc96059ea9,2025-08-06 03:30:00+00:00,2025-08-06 03:30:00+00:00,{},False
O-20250806-104500-001-V2-3214,BACKTESTER-001,MLSignalStrategyV2-V2,EUR/USD.IDEALPRO,IDEALPRO-1-3214,IDEALPRO-001,IDEALPRO-1-442123,EUR/USD.IDEALPRO-MLSignalStrategyV2-V2,BUY,MARKET,100000.00,1.16020,USD,2.32 USD,TAKER,e91a8b88-a7ba-4a44-92c2-7349f2a6630a,2025-08-06 10:45:00+00:00,2025-08-06 10:45:00+00:00,{},False
O-20250806-104500-001-V2-3216,BACKTESTER-001,MLSignalStrategyV2-V2,EUR/USD.IDEALPRO,IDEALPRO-1-3216,IDEALPRO-001,IDEALPRO-1-442201,EUR/USD.IDEALPRO-MLSignalStrategyV2-V2,SELL,LIMIT,100000.00,1.16124,USD,2.32 USD,MAKER,30899042-02c5-4d23-aeeb-d438d98322e5,2025-08-06 11:24:00+00:00,2025-08-06 11:24:00+00:00,{},False
O-20250806-214500-001-V2-3217,BACKTESTER-001,MLSignalStrategyV2-V2,EUR/USD.IDEALPRO,IDEALPRO-1-3217,IDEALPRO-001,IDEALPRO-1-443473,EUR/USD.IDEALPRO-MLSignalStrategyV2-V2,SELL,MARKET,100000.00,1.16552,USD,2.33 USD,TAKER,afc8fd52-b92d-4896-a21b-64347b5cbf61,2025-08-06 21:45:00+00:00,2025-08-06 21:45:00+00:00,{},False
O-20250806-214500-001-V2-3218,BACKTESTER-001,MLSignalStrategyV2-V2,EUR/USD.IDEALPRO,IDEALPRO-1-3218,IDEALPRO-001,IDEALPRO-1-443537,EUR/USD.IDEALPRO-MLSignalStrategyV2-V2,BUY,STOP_MARKET,100000.00,1.16624,USD,2.33 USD,TAKER,cd3e5b89-442d-4d7f-8e3d-8282fe1caed1,2025-08-06 22:01:00+00:00,2025-08-06 22:01:00+00:00,{},False
O-20250806-221500-001-V2-3220,BACKTESTER-001,MLSignalStrategyV2-V2,EUR/USD.IDEALPRO,IDEALPRO-1-3220,IDEALPRO-001,IDEALPRO-1-443595,EUR/USD.IDEALPRO-MLSignalStrategyV2-V2,BUY,MARKET,100000.00,1.16648,USD,2.33 USD,TAKER,67ce5dd2-6819-4faf-aab5-60c09e0ca10f,2025-08-06 22:15:00+00:00,2025-08-06 22:15:00+00:00,{},False
O-20250806-221500-001-V2-3221,BACKTESTER-001,MLSignalStrategyV2-V2,EUR/USD.IDEALPRO,IDEALPRO-1-3221,IDEALPRO-001,IDEALPRO-1-444027,EUR/USD.IDEALPRO-MLSignalStrategyV2-V2,SELL,STOP_MARKET,100000.00,1.16582,USD,2.33 USD,TAKER,d911a916-3763-4cf9-8461-477ee4b14ef2,2025-08-07 00:03:00+00:00,2025-08-07 00:03:00+00:00,{},False
O-20251010-153000-001-V2-3223,BACKTESTER-001,MLSignalStrategyV2-V2,EUR/USD.IDEALPRO,IDEALPRO-1-3223,IDEALPRO-001,IDEALPRO-1-748458,EUR/USD.IDEALPRO-MLSignalStrategyV2-V2,SELL,MARKET,100000.00,1.16273,USD,2.33 USD,TAKER,205d9f8b-aad0-4471-81f1-3c3112ae90f2,2025-10-10 15:30:00+00:00,2025-10-10 15:30:00+00:00,{},False
O-20251010-153000-001-V2-3225,BACKTESTER-001,MLSignalStrategyV2-V2,EUR/USD.IDEALPRO,IDEALPRO-1-3225,IDEALPRO-001,IDEALPRO-1-748495,EUR/USD.IDEALPRO-MLSignalStrategyV2-V2,BUY,LIMIT,100000.00,1.16123,USD,2.32 USD,MAKER,00b6acb0-84e9-4cc5-835e-a3076c7158df,2025-10-10 15:48:00+00:00,2025-10-10 15:48:00+00:00,{},False
O-20251010-161500-001-V2-3226,BACKTESTER-001,MLSignalStrategyV2-V2,EUR/USD.IDEALPRO,IDEALPRO-1-3226,IDEALPRO-001,IDEALPRO-1-748550,EUR/USD.IDEALPRO-MLSignalStrategyV2-V2,SELL,MARKET,100000.00,1.16211,USD,2.32 USD,TAKER,66a0e7a1-0933-4cb0-aec6-1990f3039a0f,2025-10-10 16:15:00+00:00,2025-10-10 16:15:00+00:00,{},False
O-20251010-161500-001-V2-3228,BACKTESTER-001,MLSignalStrategyV2-V2,EUR/USD.IDEALPRO,IDEALPRO-1-3228,IDEALPRO-001,IDEALPRO-1-748607,EUR/USD.IDEALPRO-MLSignalStrategyV2-V2,BUY,LIMIT,100000.00,1.16066,USD,2.32 USD,MAKER,423c04ac-851e-4ab1-82ee-a2b044015ad2,2025-10-10 16:43:00+00:00,2025-10-10 16:43:00+00:00,{},False
O-20251010-164500-001-V2-3229,BACKTESTER-001,MLSignalStrategyV2-V2,EUR/USD.IDEALPRO,IDEALPRO-1-3229,IDEALPRO-001,IDEALPRO-1-748613,EUR/USD.IDEALPRO-MLSignalStrategyV2-V2,SELL,MARKET,100000.00,1.16091,USD,2.32 USD,TAKER,452e7ae9-c567-48fc-8199-f7c41c2a604b,2025-10-10 16:45:00+00:00,2025-10-10 16:45:00+00:00,{},False
O-20251010-164500-001-V2-3230,BACKTESTER-001,MLSignalStrategyV2-V2,EUR/USD.IDEALPRO,IDEALPRO-1-3230,IDEALPRO-001,IDEALPRO-1-749113,EUR/USD.IDEALPRO-MLSignalStrategyV2-V2,BUY,STOP_MARKET,100000.00,1.16254,USD,2.33 USD,TAKER,339644af-542e-4e0f-84c0-f775485c55de,2025-10-10 20:55:00+00:00,2025-10-10 20:55:00+00:00,{},False
O-20251012-213000-001-V2-3232,BACKTESTER-001,MLSignalStrategyV2-V2,EUR/USD.IDEALPRO,IDEALPRO-1-3232,IDEALPRO-001,IDEALPRO-1-749154,EUR/USD.IDEALPRO-MLSignalStrategyV2-V2,BUY,MARKET,100000.00,1.16105,USD,2.32 USD,TAKER,60c3dfa9-7d72-4fab-9ee4-7b68a8826dbc,2025-10-12 21:30:00+00:00,2025-10-12 21:30:00+00:00,{},False
O-20251012-213000-001-V2-3233,BACKTESTER-001,MLSignalStrategyV2-V2,EUR/USD.IDEALPRO,IDEALPRO-1-3233,IDEALPRO-001,IDEALPRO-1-749235,EUR/USD.IDEALPRO-MLSignalStrategyV2-V2,SELL,STOP_MARKET,100000.00,1.15953,USD,2.32 USD,TAKER,72cd0de5-3e22-4b65-96d6-2675acd8f209,2025-10-12 22:10:00+00:00,2025-10-12 22:10:00+00:00,{},False
O-20251012-223000-001-V2-3235,BACKTESTER-001,MLSignalStrategyV2-V2,EUR/USD.IDEALPRO,IDEALPRO-1-3235,IDEALPRO-001,IDEALPRO-1-749277,EUR/USD.IDEALPRO-MLSignalStrategyV2-V2,BUY,MARKET,100000.00,1.15958,USD,2.32 USD,TAKER,e7677b40-44d9-4d13-b7b1-257c69516617,2025-10-12 22:30:00+00:00,2025-10-12 22:30:00+00:00,{},False
O-20251012-223000-001-V2-3237,BACKTESTER-001,MLSignalStrategyV2-V2,EUR/USD.IDEALPRO,IDEALPRO-1-3237,IDEALPRO-001,IDEALPRO-1-749345,EUR/USD.IDEALPRO-MLSignalStrategyV2-V2,SELL,LIMIT,100000.00,1.16084,USD,2.32 USD,MAKER,0a655ab2-fed3-499a-8615-7d171aac0250,2025-10-12 23:04:00+00:00,2025-10-12 23:04:00+00:00,{},False
O-20251012-231500-001-V2-3238,BACKTESTER-001,MLSignalStrategyV2-V2,EUR/USD.IDEALPRO,IDEALPRO-1-3238,IDEALPRO-001,IDEALPRO-1-749367,EUR/USD.IDEALPRO-MLSignalStrategyV2-V2,BUY,MARKET,100000.00,1.16045,USD,2.32 USD,TAKER,974f1f3e-402f-4f0c-bf3d-185cf77650e5,2025-10-12 23:15:00+00:00,2025-10-12 23:15:00+00:00,{},False
O-20251012-231500-001-V2-3240,BACKTESTER-001,MLSignalStrategyV2-V2,EUR/USD.IDEALPRO,IDEALPRO-1-3240,IDEALPRO-001,IDEALPRO-1-749555,EUR/USD.IDEALPRO-MLSignalStrategyV2-V2,SELL,LIMIT,100000.00,1.16123,USD,2.32 USD,MAKER,7660882c-e2cc-4e2d-801a-58783eb51411,2025-10-13 00:48:00+00:00,2025-10-13 00:48:00+00:00,{},False
O-20251013-080000-001-V2-3241,BACKTESTER-001,MLSignalStrategyV2-V2,EUR/USD.IDEALPRO,IDEALPRO-1-3241,IDEALPRO-001,IDEALPRO-1-750420,EUR/USD.IDEALPRO-MLSignalStrategyV2-V2,SELL,MARKET,100000.00,1.15998,USD,2.32 USD,TAKER,ab2906d2-176d-47e8-95de-d8ddf445c791,2025-10-13 08:00:00+00:00,2025-10-13 08:00:00+00:00,{},False
O-20251013-080000-001-V2-3243,BACKTESTER-001,MLSignalStrategyV2-V2,EUR/USD.IDEALPRO,IDEALPRO-1-3243,IDEALPRO-001,IDEALPRO-1-750477,EUR/USD.IDEALPRO-MLSignalStrategyV2-V2,BUY,LIMIT,100000.00,1.15902,USD,2.32 USD,MAKER,86c9d5ab-164f-4c97-bcd0-555695129db5,2025-10-13 08:28:00+00:00,2025-10-13 08:28:00+00:00,{},False
O-20251013-123000-001-V2-3244,BACKTESTER-001,MLSignalStrategyV2-V2,EUR/USD.IDEALPRO,IDEALPRO-1-3244,IDEALPRO-001,IDEALPRO-1-750962,EUR/USD.IDEALPRO-MLSignalStrategyV2-V2,BUY,MARKET,100000.00,1.15662,USD,2.31 USD,TAKER,8bfb5e95-1f24-4bbd-bb13-c2f5962c6085,2025-10-13 12:30:00+00:00,2025-10-13 12:30:00+00:00,{},False
O-20251013-123000-001-V2-3246,BACKTESTER-001,MLSignalStrategyV2-V2,EUR/USD.IDEALPRO,IDEALPRO-1-3246,IDEALPRO-001,IDEALPRO-1-751127,EUR/USD.IDEALPRO-MLSignalStrategyV2-V2,SELL,LIMIT,100000.00,1.15775,USD,2.32 USD,MAKER,34acb4b5-e7d6-47bb-b386-f7018a012c1f,2025-10-13 13:52:00+00:00,2025-10-13 13:52:00+00:00,{},False
O-20251013-140000-001-V2-3247,BACKTESTER-001,MLSignalStrategyV2-V2,EUR/USD.IDEALPRO,IDEALPRO-1-3247,IDEALPRO-001,IDEALPRO-1-751144,EUR/USD.IDEALPRO-MLSignalStrategyV2-V2,SELL,MARKET,100000.00,1.15752,USD,2.32 USD,TAKER,5246e58b-2f38-4c7a-8dc2-2292df56802c,2025-10-13 14:00:00+00:00,2025-10-13 14:00:00+00:00,{},False
O-20251013-140000-001-V2-3249,BACKTESTER-001,MLSignalStrategyV2-V2,EUR/USD.IDEALPRO,IDEALPRO-1-3249,IDEALPRO-001,IDEALPRO-1-751171,EUR/USD.IDEALPRO-MLSignalStrategyV2-V2,BUY,LIMIT,100000.00,1.15661,USD,2.31 USD,MAKER,2a765e40-2a5a-4c4d-a614-18c94d6a702e,2025-10-13 14:13:00+00:00,2025-10-13 14:13:00+00:00,{},False
O-20251013-144500-001-V2-3250,BACKTESTER-001,MLSignalStrategyV2-V2,EUR/USD.IDEALPRO,IDEALPRO-1-3250,IDEALPRO-001,IDEALPRO-1-751235,EUR/USD.IDEALPRO-MLSignalStrategyV2-V2,SELL,MARKET,100000.00,1.15640,USD,2.31 USD,TAKER,f6b954c8-9561-437b-834a-b222ab667a97,2025-10-13 14:45:00+00:00,2025-10-13 14:45:00+00:00,{},False
O-20251013-144500-001-V2-3251,BACKTESTER-001,MLSignalStrategyV2-V2,EUR/USD.IDEALPRO,IDEALPRO-1-3251,IDEALPRO-001,IDEALPRO-1-751379,EUR/USD.IDEALPRO-MLSignalStrategyV2-V2,BUY,STOP_MARKET,100000.00,1.15749,USD,2.31 USD,TAKER,014775c3-dd51-4985-ace9-d6d467969ff5,2025-10-13 15:56:00+00:00,2025-10-13 15:56:00+00:00,{},False
O-20251013-190000-001-V2-3253,BACKTESTER-001,MLSignalStrategyV2-V2,EUR/USD.IDEALPRO,IDEALPRO-1-3253,IDEALPRO-001,IDEALPRO-1-751748,EUR/USD.IDEALPRO-MLSignalStrategyV2-V2,BUY,MARKET,100000.00,1.15686,USD,2.31 USD,TAKER,7ec264c6-4035-419c-b4a7-1b54c094458a,2025-10-13 19:00:00+00:00,2025-10-13 19:00:00+00:00,{},False
O-20251013-190000-001-V2-3255,BACKTESTER-001,MLSignalStrategyV2-V2,EUR/USD.IDEALPRO,IDEALPRO-1-3255,IDEALPRO-001,IDEALPRO-1-751793,EUR/USD.IDEALPRO-MLSignalStrategyV2-V2,SELL,LIMIT,100000.00,1.15736,USD,2.31 USD,MAKER,1ac411e9-39ba-43ce-ba80-44fb06bd0ee6,2025-10-13 19:22:00+00:00,2025-10-13 19:22:00+00:00,{},False
O-20251013-193000-001-V2-3256,BACKTESTER-001,MLSignalStrategyV2-V2,EUR/USD.IDEALPRO,IDEALPRO-1-3256,IDEALPRO-001,IDEALPRO-1-751810,EUR/USD.IDEALPRO-MLSignalStrategyV2-V2,BUY,MARKET,100000.00,1.15720,USD,2.31 USD,TAKER,5634ba49-34b0-4bfd-be42-e40124cc5945,2025-10-13 19:30:00+00:00,2025-10-13 19:30:00+00:00,{},False
O-20251013-193000-001-V2-3257,BACKTESTER-001,MLSignalStrategyV2-V2,EUR/USD.IDEALPRO,IDEALPRO-1-3257,IDEALPRO-001,IDEALPRO-1-751873,EUR/USD.IDEALPRO-MLSignalStrategyV2-V2,SELL,STOP_MARKET,100000.00,1.15657,USD,2.31 USD,TAKER,38b2ed4f-a6ed-40bb-993a-bf0817c2af84,2025-10-13 20:01:00+00:00,2025-10-13 20:01:00+00:00,{},False
O-20251013-201500-001-V2-3259,BACKTESTER-001,MLSignalStrategyV2-V2,EUR/USD.IDEALPRO,IDEALPRO-1-3259,IDEALPRO-001,IDEALPRO-1-751901,EUR/USD.IDEALPRO-MLSignalStrategyV2-V2,BUY,MARKET,100000.00,1.15685,USD,2.31 USD,TAKER,cc437482-4487-4cee-964c-f6030ee22fcd,2025-10-13 20:15:00+00:00,2025-10-13 20:15:00+00:00,{},False
O-20251013-201500-001-V2-3261,BACKTESTER-001,MLSignalStrategyV2-V2,EUR/USD.IDEALPRO,IDEALPRO-1-3261,IDEALPRO-001,IDEALPRO-1-752023,EUR/USD.IDEALPRO-MLSignalStrategyV2-V2,SELL,LIMIT,100000.00,1.15737,USD,2.31 USD,MAKER,e315d062-55a9-4787-a4c9-0287b5fdcea5,2025-10-13 21:30:00+00:00,2025-10-13 21:30:00+00:00,{},False
O-20251013-220000-001-V2-3262,BACKTESTER-001,MLSignalStrategyV2-V2,EUR/USD.IDEALPRO,IDEALPRO-1-3262,IDEALPRO-001,IDEALPRO-1-752084,EUR/USD.IDEALPRO-MLSignalStrategyV2-V2,BUY,MARKET,100000.00,1.15720,USD,2.31 USD,TAKER,72d8b4f0-28c4-4d35-b869-8ec68cf76f40,2025-10-13 22:00:00+00:00,2025-10-13 22:00:00+00:00,{},False
O-20251013-220000-001-V2-3263,BACKTESTER-001,MLSignalStrategyV2-V2,EUR/USD.IDEALPRO,IDEALPRO-1-3263,IDEALPRO-001,IDEALPRO-1-752209,EUR/USD.IDEALPRO-MLSignalStrategyV2-V2,SELL,STOP_MARKET,100000.00,1.15673,USD,2.31 USD,TAKER,1295a01e-95ea-4d39-8c59-d3f619579193,2025-10-13 23:02:00+00:00,2025-10-13 23:02:00+00:00,{},False
O-20251014-001500-001-V2-3265,BACKTESTER-001,MLSignalStrategyV2-V2,EUR/USD.IDEALPRO,IDEALPRO-1-3265,IDEALPRO-001,IDEALPRO-1-752356,EUR/USD.IDEALPRO-MLSignalStrategyV2-V2,BUY,MARKET,100000.00,1.15591,USD,2.31 USD,TAKER,758fd26e-ae00-46eb-9559-ae8a0558bcda,2025-10-14 00:15:00+00:00,2025-10-14 00:15:00+00:00,{},False
O-20251014-001500-001-V2-3267,BACKTESTER-001,MLSignalStrategyV2-V2,EUR/USD.IDEALPRO,IDEALPRO-1-3267,IDEALPRO-001,IDEALPRO-1-752449,EUR/USD.IDEALPRO-MLSignalStrategyV2-V2,SELL,LIMIT,100000.00,1.15634,USD,2.31 USD,MAKER,8ee69147-ff3c-4b78-bd1e-3ed36cb4cfd1,2025-10-14 01:01:00+00:00,2025-10-14 01:01:00+00:00,{},False
O-20251014-011500-001-V2-3268,BACKTESTER-001,MLSignalStrategyV2-V2,EUR/USD.IDEALPRO,IDEALPRO-1-3268,IDEALPRO-001,IDEALPRO-1-752478,EUR/USD.IDEALPRO-MLSignalStrategyV2-V2,SELL,MARKET,100000.00,1.15680,USD,2.31 USD,TAKER,5be75591-8d7c-4cda-ab80-4990bb7bb854,2025-10-14 01:15:00+00:00,2025-10-14 01:15:00+00:00,{},False
O-20251014-011500-001-V2-3269,BACKTESTER-001,MLSignalStrategyV2-V2,EUR/USD.IDEALPRO,IDEALPRO-1-3269,IDEALPRO-001,IDEALPRO-1-752677,EUR/USD.IDEALPRO-MLSignalStrategyV2-V2,BUY,STOP_MARKET,100000.00,1.15744,USD,2.31 USD,TAKER,73310e5e-010c-4755-b3ef-ca39d8698af4,2025-10-14 02:54:00+00:00,2025-10-14 02:54:00+00:00,{},False
O-20251014-074500-001-V2-3271,BACKTESTER-001,MLSignalStrategyV2-V2,EUR/USD.IDEALPRO,IDEALPRO-1-3271,IDEALPRO-001,IDEALPRO-1-753260,EUR/USD.IDEALPRO-MLSignalStrategyV2-V2,BUY,MARKET,100000.00,1.15442,USD,2.31 USD,TAKER,04be09df-24c6-43dd-82f2-020bda11779b,2025-10-14 07:45:00+00:00,2025-10-14 07:45:00+00:00,{},False
O-20251014-074500-001-V2-3273,BACKTESTER-001,MLSignalStrategyV2-V2,EUR/USD.IDEALPRO,IDEALPRO-1-3273,IDEALPRO-001,IDEALPRO-1-753279,EUR/USD.IDEALPRO-MLSignalStrategyV2-V2,SELL,LIMIT,100000.00,1.15537,USD,2.31 USD,MAKER,ae7103a8-d8f6-4fdc-8fac-3f3ee58d4fef,2025-10-14 07:54:00+00:00,2025-10-14 07:54:00+00:00,{},False
O-20251014-121500-001-V2-3274,BACKTESTER-001,MLSignalStrategyV2-V2,EUR/USD.IDEALPRO,IDEALPRO-1-3274,IDEALPRO-001,IDEALPRO-1-753802,EUR/USD.IDEALPRO-MLSignalStrategyV2-V2,SELL,MARKET,100000.00,1.15592,USD,2.31 USD,TAKER,dc7bfaed-41f0-42b2-be18-e15a2c08b105,2025-10-14 12:15:00+00:00,2025-10-14 12:15:00+00:00,{},False
O-20251014-121500-001-V2-3276,BACKTESTER-001,MLSignalStrategyV2-V2,EUR/USD.IDEALPRO,IDEALPRO-1-3276,IDEALPRO-001,IDEALPRO-1-753855,EUR/USD.IDEALPRO-MLSignalStrategyV2-V2,BUY,LIMIT,100000.00,1.15505,USD,2.31 USD,MAKER,09778821-c4a7-4b7e-a769-75d421770d65,2025-10-14 12:41:00+00:00,2025-10-14 12:41:00+00:00,{},False
O-20251014-143000-001-V2-3277,BACKTESTER-001,MLSignalStrategyV2-V2,EUR/USD.IDEALPRO,IDEALPRO-1-3277,IDEALPRO-001,IDEALPRO-1-754074,EUR/USD.IDEALPRO-MLSignalStrategyV2-V2,BUY,MARKET,100000.00,1.15806,USD,2.32 USD,TAKER,d1b956f3-ad68-4583-9bf0-c1c21c19e3bf,2025-10-14 14:30:00+00:00,2025-10-14 14:30:00+00:00,{},False
O-20251014-143000-001-V2-3279,BACKTESTER-001,MLSignalStrategyV2-V2,EUR/USD.IDEALPRO,IDEALPRO-1-3279,IDEALPRO-001,IDEALPRO-1-754091,EUR/USD.IDEALPRO-MLSignalStrategyV2-V2,SELL,LIMIT,100000.00,1.15907,USD,2.32 USD,MAKER,babcfa37-0c00-4e72-b0c8-0be92747314f,2025-10-14 14:38:00+00:00,2025-10-14 14:38:00+00:00,{},False
O-20251014-144500-001-V2-3280,BACKTESTER-001,MLSignalStrategyV2-V2,EUR/USD.IDEALPRO,IDEALPRO-1-3280,IDEALPRO-001,IDEALPRO-1-754106,EUR/USD.IDEALPRO-MLSignalStrategyV2-V2,BUY,MARKET,100000.00,1.15891,USD,2.32 USD,TAKER,ae3f971c-cfb7-499f-9984-9c4b8824f4f3,2025-10-14 14:45:00+00:00,2025-10-14 14:45:00+00:00,{},False
O-20251014-144500-001-V2-3282,BACKTESTER-001,MLSignalStrategyV2-V2,EUR/USD.IDEALPRO,IDEALPRO-1-3282,IDEALPRO-001,IDEALPRO-1-754241,EUR/USD.IDEALPRO-MLSignalStrategyV2-V2,SELL,LIMIT,100000.00,1.16014,USD,2.32 USD,MAKER,893f0292-7e71-40e9-9502-9e06ac5922e3,2025-10-14 15:52:00+00:00,2025-10-14 15:52:00+00:00,{},False
O-20251014-163000-001-V2-3283,BACKTESTER-001,MLSignalStrategyV2-V2,EUR/USD.IDEALPRO,IDEALPRO-1-3283,IDEALPRO-001,IDEALPRO-1-754318,EUR/USD.IDEALPRO-MLSignalStrategyV2-V2,SELL,MARKET,100000.00,1.16085,USD,2.32 USD,TAKER,4653fb89-b77c-4d96-ae8a-e73d217726a8,2025-10-14 16:30:00+00:00,2025-10-14 16:30:00+00:00,{},False
O-20251014-163000-001-V2-3284,BACKTESTER-001,MLSignalStrategyV2-V2,EUR/USD.IDEALPRO,IDEALPRO-1-3284,IDEALPRO-001,IDEALPRO-1-755353,EUR/USD.IDEALPRO-MLSignalStrategyV2-V2,BUY,STOP_MARKET,100000.00,1.16228,USD,2.32 USD,TAKER,daefbf82-7057-48b0-95d5-31ebdf1cc3b9,2025-10-15 01:22:00+00:00,2025-10-15 01:22:00+00:00,{},False
O-20251015-020000-001-V2-3286,BACKTESTER-001,MLSignalStrategyV2-V2,EUR/USD.IDEALPRO,IDEALPRO-1-3286,IDEALPRO-001,IDEALPRO-1-755430,EUR/USD.IDEALPRO-MLSignalStrategyV2-V2,SELL,MARKET,100000.00,1.16192,USD,2.32 USD,TAKER,567fe9d0-6564-4bdc-800e-f6fe5d77153c,2025-10-15 02:00:00+00:00,2025-10-15 02:00:00+00:00,{},False
O-20251015-020000-001-V2-3287,BACKTESTER-001,MLSignalStrategyV2-V2,EUR/USD.IDEALPRO,IDEALPRO-1-3287,IDEALPRO-001,IDEALPRO-1-755539,EUR/USD.IDEALPRO-MLSignalStrategyV2-V2,BUY,STOP_MARKET,100000.00,1.16258,USD,2.33 USD,TAKER,173b7f6f-9a75-4e1b-8972-5cca3509c1eb,2025-10-15 02:54:00+00:00,2025-10-15 02:54:00+00:00,{},False
O-20251015-033000-001-V2-3289,BACKTESTER-001,MLSignalStrategyV2-V2,EUR/USD.IDEALPRO,IDEALPRO-1-3289,IDEALPRO-001,IDEALPRO-1-755612,EUR/USD.IDEALPRO-MLSignalStrategyV2-V2,SELL,MARKET,100000.00,1.16206,USD,2.32 USD,TAKER,800ca533-e22e-4a79-8cfd-e11201d883de,2025-10-15 03:30:00+00:00,2025-10-15 03:30:00+00:00,{},False
O-20251015-033000-001-V2-3290,BACKTESTER-001,MLSignalStrategyV2-V2,EUR/USD.IDEALPRO,IDEALPRO-1-3290,IDEALPRO-001,IDEALPRO-1-755865,EUR/USD.IDEALPRO-MLSignalStrategyV2-V2,BUY,STOP_MARKET,100000.00,1.16268,USD,2.33 USD,TAKER,7f3f7a02-dd49-459a-b2d8-3eaac238ad2a,2025-10-15 05:36:00+00:00,2025-10-15 05:36:00+00:00,{},False
O-20251015-080000-001-V2-3292,BACKTESTER-001,MLSignalStrategyV2-V2,EUR/USD.IDEALPRO,IDEALPRO-1-3292,IDEALPRO-001,IDEALPRO-1-756155,EUR/USD.IDEALPRO-MLSignalStrategyV2-V2,BUY,MARKET,100000.00,1.16357,USD,2.33 USD,TAKER,032153ac-496f-451d-91a0-4667eb746689,2025-10-15 08:00:00+00:00,2025-10-15 08:00:00+00:00,{},False
O-20251015-080000-001-V2-3294,BACKTESTER-001,MLSignalStrategyV2-V2,EUR/USD.IDEALPRO,IDEALPRO-1-3294,IDEALPRO-001,IDEALPRO-1-756257,EUR/USD.IDEALPRO-MLSignalStrategyV2-V2,SELL,LIMIT,100000.00,1.16455,USD,2.33 USD,MAKER,2040e80d-f575-414c-981e-55ae95e56e35,2025-10-15 08:51:00+00:00,2025-10-15 08:51:00+00:00,{},False
O-20251015-161500-001-V2-3295,BACKTESTER-001,MLSignalStrategyV2-V2,EUR/USD.IDEALPRO,IDEALPRO-1-3295,IDEALPRO-001,IDEALPRO-1-757146,EUR/USD.IDEALPRO-MLSignalStrategyV2-V2,BUY,MARKET,100000.00,1.16311,USD,2.33 USD,TAKER,36dcd10a-15ea-407e-bf9f-5d2f5a5d3814,2025-10-15 16:15:00+00:00,2025-10-15 16:15:00+00:00,{},False
O-20251015-161500-001-V2-3297,BACKTESTER-001,MLSignalStrategyV2-V2,EUR/USD.IDEALPRO,IDEALPRO-1-3297,IDEALPRO-001,IDEALPRO-1-757232,EUR/USD.IDEALPRO-MLSignalStrategyV2-V2,SELL,LIMIT,100000.00,1.16405,USD,2.33 USD,MAKER,14087c87-c7f0-47c9-bd1a-844fb0f2da9f,2025-10-15 16:57:00+00:00,2025-10-15 16:57:00+00:00,{},False
O-20251016-033000-001-V2-3298,BACKTESTER-001,MLSignalStrategyV2-V2,EUR/USD.IDEALPRO,IDEALPRO-1-3298,IDEALPRO-001,IDEALPRO-1-758469,EUR/USD.IDEALPRO-MLSignalStrategyV2-V2,SELL,MARKET,100000.00,1.16634,USD,2.33 USD,TAKER,3afcc43e-fe5d-455d-877e-0959ecd8f9c5,2025-10-16 03:30:00+00:00,2025-10-16 03:30:00+00:00,{},False
O-20251016-033000-001-V2-3300,BACKTESTER-001,MLSignalStrategyV2-V2,EUR/USD.IDEALPRO,IDEALPRO-1-3300,IDEALPRO-001,IDEALPRO-1-758585,EUR/USD.IDEALPRO-MLSignalStrategyV2-V2,BUY,LIMIT,100000.00,1.16582,USD,2.33 USD,MAKER,b69054bc-c45f-4812-8b8e-76ebb9ac6be1,2025-10-16 04:28:00+00:00,2025-10-16 04:28:00+00:00,{},False
O-20251016-121500-001-V2-3301,BACKTESTER-001,MLSignalStrategyV2-V2,EUR/USD.IDEALPRO,IDEALPRO-1-3301,IDEALPRO-001,IDEALPRO-1-759521,EUR/USD.IDEALPRO-MLSignalStrategyV2-V2,SELL,MARKET,100000.00,1.16516,USD,2.33 USD,TAKER,6dc70dab-075c-442c-8ba4-25a32ca954e1,2025-10-16 12:15:00+00:00,2025-10-16 12:15:00+00:00,{},False
O-20251016-121500-001-V2-3302,BACKTESTER-001,MLSignalStrategyV2-V2,EUR/USD.IDEALPRO,IDEALPRO-1-3302,IDEALPRO-001,IDEALPRO-1-759599,EUR/USD.IDEALPRO-MLSignalStrategyV2-V2,BUY,STOP_MARKET,100000.00,1.16598,USD,2.33 USD,TAKER,587f0e15-a200-440a-b23d-1d49aa5605c1,2025-10-16 12:54:00+00:00,2025-10-16 12:54:00+00:00,{},False
O-20251016-143000-001-V2-3304,BACKTESTER-001,MLSignalStrategyV2-V2,EUR/USD.IDEALPRO,IDEALPRO-1-3304,IDEALPRO-001,IDEALPRO-1-759792,EUR/USD.IDEALPRO-MLSignalStrategyV2-V2,BUY,MARKET,100000.00,1.16709,USD,2.33 USD,TAKER,75c30652-950a-4d44-ab89-0503c9d04cad,2025-10-16 14:30:00+00:00,2025-10-16 14:30:00+00:00,{},False
O-20251016-143000-001-V2-3305,BACKTESTER-001,MLSignalStrategyV2-V2,EUR/USD.IDEALPRO,IDEALPRO-1-3305,IDEALPRO-001,IDEALPRO-1-759959,EUR/USD.IDEALPRO-MLSignalStrategyV2-V2,SELL,STOP_MARKET,100000.00,1.16611,USD,2.33 USD,TAKER,202122b5-47c4-4ee3-9ea2-b9667dbb5e39,2025-10-16 15:53:00+00:00,2025-10-16 15:53:00+00:00,{},False
O-20251016-184500-001-V2-3307,BACKTESTER-001,MLSignalStrategyV2-V2,EUR/USD.IDEALPRO,IDEALPRO-1-3307,IDEALPRO-001,IDEALPRO-1-760305,EUR/USD.IDEALPRO-MLSignalStrategyV2-V2,BUY,MARKET,100000.00,1.16870,USD,2.34 USD,TAKER,c136bb6c-cca3-4540-b2b3-b6b94a12fa00,2025-10-16 18:45:00+00:00,2025-10-16 18:45:00+00:00,{},False
O-20251016-184500-001-V2-3309,BACKTESTER-001,MLSignalStrategyV2-V2,EUR/USD.IDEALPRO,IDEALPRO-1-3309,IDEALPRO-001,IDEALPRO-1-760761,EUR/USD.IDEALPRO-MLSignalStrategyV2-V2,SELL,LIMIT,100000.00,1.16957,USD,2.34 USD,MAKER,77a72d0c-eca3-41dc-a0e5-64e03ecf11ab,2025-10-16 22:48:00+00:00,2025-10-16 22:48:00+00:00,{},False
O-20251016-230000-001-V2-3310,BACKTESTER-001,MLSignalStrategyV2-V2,EUR/USD.IDEALPRO,IDEALPRO-1-3310,IDEALPRO-001,IDEALPRO-1-760786,EUR/USD.IDEALPRO-MLSignalStrategyV2-V2,BUY,MARKET,100000.00,1.16945,USD,2.34 USD,TAKER,ce5d1f75-036d-4a31-bcf9-674eaac89f0b,2025-10-16 23:00:00+00:00,2025-10-16 23:00:00+00:00,{},False
O-20251016-230000-001-V2-3312,BACKTESTER-001,MLSignalStrategyV2-V2,EUR/USD.IDEALPRO,IDEALPRO-1-3312,IDEALPRO-001,IDEALPRO-1-760857,EUR/USD.IDEALPRO-MLSignalStrategyV2-V2,SELL,LIMIT,100000.00,1.16985,USD,2.34 USD,MAKER,8b106570-e355-4b6e-9334-4d23c49630b6,2025-10-16 23:35:00+00:00,2025-10-16 23:35:00+00:00,{},False
O-20251017-020000-001-V2-3313,BACKTESTER-001,MLSignalStrategyV2-V2,EUR/USD.IDEALPRO,IDEALPRO-1-3313,IDEALPRO-001,IDEALPRO-1-761149,EUR/USD.IDEALPRO-MLSignalStrategyV2-V2,SELL,MARKET,100000.00,1.17010,USD,2.34 USD,TAKER,adf2a98b-4a13-457d-805a-fdd56c1924e8,2025-10-17 02:00:00+00:00,2025-10-17 02:00:00+00:00,{},False
O-20251017-020000-001-V2-3315,BACKTESTER-001,MLSignalStrategyV2-V2,EUR/USD.IDEALPRO,IDEALPRO-1-3315,IDEALPRO-001,IDEALPRO-1-761165,EUR/USD.IDEALPRO-MLSignalStrategyV2-V2,BUY,LIMIT,100000.00,1.16953,USD,2.34 USD,MAKER,624d5cac-f3f9-46eb-99f7-569b3e9ed174,2025-10-17 02:08:00+00:00,2025-10-17 02:08:00+00:00,{},False
O-20251017-090000-001-V2-3316,BACKTESTER-001,MLSignalStrategyV2-V2,EUR/USD.IDEALPRO,IDEALPRO-1-3316,IDEALPRO-001,IDEALPRO-1-761991,EUR/USD.IDEALPRO-MLSignalStrategyV2-V2,BUY,MARKET,100000.00,1.16973,USD,2.34 USD,TAKER,a066accf-79d5-442e-ad54-bd1d8158d3be,2025-10-17 09:00:00+00:00,2025-10-17 09:00:00+00:00,{},False
O-20251017-090000-001-V2-3318,BACKTESTER-001,MLSignalStrategyV2-V2,EUR/USD.IDEALPRO,IDEALPRO-1-3318,IDEALPRO-001,IDEALPRO-1-762033,EUR/USD.IDEALPRO-MLSignalStrategyV2-V2,SELL,LIMIT,100000.00,1.17077,USD,2.34 USD,MAKER,80efe99c-5916-4005-bc3f-c9ee2827eb0c,2025-10-17 09:21:00+00:00,2025-10-17 09:21:00+00:00,{},False
O-20251017-101500-001-V2-3319,BACKTESTER-001,MLSignalStrategyV2-V2,EUR/USD.IDEALPRO,IDEALPRO-1-3319,IDEALPRO-001,IDEALPRO-1-762142,EUR/USD.IDEALPRO-MLSignalStrategyV2-V2,BUY,MARKET,100000.00,1.16963,USD,2.34 USD,TAKER,df86f81f-ff0d-48b0-9da5-808dd353a770,2025-10-17 10:15:00+00:00,2025-10-17 10:15:00+00:00,{},False
O-20251017-101500-001-V2-3320,BACKTESTER-001,MLSignalStrategyV2-V2,EUR/USD.IDEALPRO,IDEALPRO-1-3320,IDEALPRO-001,IDEALPRO-1-762261,EUR/USD.IDEALPRO-MLSignalStrategyV2-V2,SELL,STOP_MARKET,100000.00,1.16803,USD,2.34 USD,TAKER,f54d3c6c-0c61-4517-80b4-5f4a088b9913,2025-10-17 11:14:00+00:00,2025-10-17 11:14:00+00:00,{},False
O-20251017-160000-001-V2-3322,BACKTESTER-001,MLSignalStrategyV2-V2,EUR/USD.IDEALPRO,IDEALPRO-1-3322,IDEALPRO-001,IDEALPRO-1-762834,EUR/USD.IDEALPRO-MLSignalStrategyV2-V2,SELL,MARKET,100000.00,1.16735,USD,2.33 USD,TAKER,5ee5d2a0-c492-4eeb-922a-83f17dfee937,2025-10-17 16:00:00+00:00,2025-10-17 16:00:00+00:00,{},False
O-20251017-160000-001-V2-3324,BACKTESTER-001,MLSignalStrategyV2-V2,EUR/USD.IDEALPRO,IDEALPRO-1-3324,IDEALPRO-001,IDEALPRO-1-763077,EUR/USD.IDEALPRO-MLSignalStrategyV2-V2,BUY,LIMIT,100000.00,1.16639,USD,2.33 USD,MAKER,c5e2ed03-5a49-457d-82a8-1c0a449ed7b1,2025-10-17 18:01:00+00:00,2025-10-17 18:01:00+00:00,{},False
O-20251017-200000-001-V2-3325,BACKTESTER-001,MLSignalStrategyV2-V2,EUR/USD.IDEALPRO,IDEALPRO-1-3325,IDEALPRO-001,IDEALPRO-1-763316,EUR/USD.IDEALPRO-MLSignalStrategyV2-V2,BUY,MARKET,100000.00,1.16707,USD,2.33 USD,TAKER,36fb1073-44ef-458b-aae6-f2af72c85683,2025-10-17 20:00:00+00:00,2025-10-17 20:00:00+00:00,{},False
O-20251017-200000-001-V2-3326,BACKTESTER-001,MLSignalStrategyV2-V2,EUR/USD.IDEALPRO,IDEALPRO-1-3326,IDEALPRO-001,IDEALPRO-1-763343,EUR/USD.IDEALPRO-MLSignalStrategyV2-V2,SELL,STOP_MARKET,100000.00,1.16610,USD,2.33 USD,TAKER,1b738cec-b469-453a-a844-bf1cd7411630,2025-10-17 20:13:00+00:00,2025-10-17 20:13:00+00:00,{},False
O-20251017-201500-001-V2-3328,BACKTESTER-001,MLSignalStrategyV2-V2,EUR/USD.IDEALPRO,IDEALPRO-1-3328,IDEALPRO-001,IDEALPRO-1-763349,EUR/USD.IDEALPRO-MLSignalStrategyV2-V2,BUY,MARKET,100000.00,1.16666,USD,2.33 USD,TAKER,d673c576-1a8f-4af0-9d69-66dd4fd7d31f,2025-10-17 20:15:00+00:00,2025-10-17 20:15:00+00:00,{},False
O-20251017-201500-001-V2-3329,BACKTESTER-001,MLSignalStrategyV2-V2,EUR/USD.IDEALPRO,IDEALPRO-1-3329,IDEALPRO-001,IDEALPRO-1-763393,EUR/USD.IDEALPRO-MLSignalStrategyV2-V2,SELL,STOP_MARKET,100000.00,1.16599,USD,2.33 USD,TAKER,f546c348-d6fb-44a4-a6ee-d723ccff8745,2025-10-17 20:37:00+00:00,2025-10-17 20:37:00+00:00,{},False
O-20251017-204500-001-V2-3331,BACKTESTER-001,MLSignalStrategyV2-V2,EUR/USD.IDEALPRO,IDEALPRO-1-3331,IDEALPRO-001,IDEALPRO-1-763410,EUR/USD.IDEALPRO-MLSignalStrategyV2-V2,BUY,MARKET,100000.00,1.16590,USD,2.33 USD,TAKER,a3a7c42b-b644-4c2f-9047-5c08e773aef3,2025-10-17 20:45:00+00:00,2025-10-17 20:45:00+00:00,{},False
O-20251017-204500-001-V2-3332,BACKTESTER-001,MLSignalStrategyV2-V2,EUR/USD.IDEALPRO,IDEALPRO-1-3332,IDEALPRO-001,IDEALPRO-1-763425,EUR/USD.IDEALPRO-MLSignalStrategyV2-V2,SELL,STOP_MARKET,100000.00,1.16507,USD,2.33 USD,TAKER,1acf2c7a-25d9-4ca9-a052-9433c43aad14,2025-10-17 20:52:00+00:00,2025-10-17 20:52:00+00:00,{},False
O-20251019-213000-001-V2-3334,BACKTESTER-001,MLSignalStrategyV2-V2,EUR/USD.IDEALPRO,IDEALPRO-1-3334,IDEALPRO-001,IDEALPRO-1-763472,EUR/USD.IDEALPRO-MLSignalStrategyV2-V2,BUY,MARKET,100000.00,1.16622,USD,2.33 USD,TAKER,d593549f-545e-4b1a-97e3-77012792c44b,2025-10-19 21:30:00+00:00,2025-10-19 21:30:00+00:00,{},False
O-20251019-213000-001-V2-3335,BACKTESTER-001,MLSignalStrategyV2-V2,EUR/USD.IDEALPRO,IDEALPRO-1-3335,IDEALPRO-001,IDEALPRO-1-763553,EUR/USD.IDEALPRO-MLSignalStrategyV2-V2,SELL,STOP_MARKET,100000.00,1.16539,USD,2.33 USD,TAKER,c7a35593-1864-4043-8ecf-88e65cb6a7b7,2025-10-19 22:10:00+00:00,2025-10-19 22:10:00+00:00,{},False
O-20251019-221500-001-V2-3337,BACKTESTER-001,MLSignalStrategyV2-V2,EUR/USD.IDEALPRO,IDEALPRO-1-3337,IDEALPRO-001,IDEALPRO-1-763563,EUR/USD.IDEALPRO-MLSignalStrategyV2-V2,BUY,MARKET,100000.00,1.16543,USD,2.33 USD,TAKER,d5601d8b-53dc-4594-b717-3c89621d5502,2025-10-19 22:15:00+00:00,2025-10-19 22:15:00+00:00,{},False
O-20251019-221500-001-V2-3339,BACKTESTER-001,MLSignalStrategyV2-V2,EUR/USD.IDEALPRO,IDEALPRO-1-3339,IDEALPRO-001,IDEALPRO-1-763732,EUR/USD.IDEALPRO-MLSignalStrategyV2-V2,SELL,LIMIT,100000.00,1.16599,USD,2.33 USD,MAKER,04feab09-3ffa-4fda-a160-8a5589e71656,2025-10-19 23:38:00+00:00,2025-10-19 23:38:00+00:00,{},False
O-20251019-234500-001-V2-3340,BACKTESTER-001,MLSignalStrategyV2-V2,EUR/USD.IDEALPRO,IDEALPRO-1-3340,IDEALPRO-001,IDEALPRO-1-763745,EUR/USD.IDEALPRO-MLSignalStrategyV2-V2,BUY,MARKET,100000.00,1.16596,USD,2.33 USD,TAKER,03baebee-db92-4d29-bceb-c538c5375e86,2025-10-19 23:45:00+00:00,2025-10-19 23:45:00+00:00,{},False
O-20251019-234500-001-V2-3342,BACKTESTER-001,MLSignalStrategyV2-V2,EUR/USD.IDEALPRO,IDEALPRO-1-3342,IDEALPRO-001,IDEALPRO-1-763895,EUR/USD.IDEALPRO-MLSignalStrategyV2-V2,SELL,LIMIT,100000.00,1.16660,USD,2.33 USD,MAKER,26954276-f55c-485f-a42e-08806e0e1299,2025-10-20 00:59:00+00:00,2025-10-20 00:59:00+00:00,{},False
O-20251020-020000-001-V2-3343,BACKTESTER-001,MLSignalStrategyV2-V2,EUR/USD.IDEALPRO,IDEALPRO-1-3343,IDEALPRO-001,IDEALPRO-1-764018,EUR/USD.IDEALPRO-MLSignalStrategyV2-V2,SELL,MARKET,100000.00,1.16601,USD,2.33 USD,TAKER,375bd598-1c1c-421c-ac33-0702daf819fd,2025-10-20 02:00:00+00:00,2025-10-20 02:00:00+00:00,{},False
O-20251020-020000-001-V2-3344,BACKTESTER-001,MLSignalStrategyV2-V2,EUR/USD.IDEALPRO,IDEALPRO-1-3344,IDEALPRO-001,IDEALPRO-1-764033,EUR/USD.IDEALPRO-MLSignalStrategyV2-V2,BUY,STOP_MARKET,100000.00,1.16665,USD,2.33 USD,TAKER,e5cb29c1-8d24-4c4a-92e1-d92fa6e92761,2025-10-20 02:07:00+00:00,2025-10-20 02:07:00+00:00,{},False
O-20251020-080000-001-V2-3346,BACKTESTER-001,MLSignalStrategyV2-V2,EUR/USD.IDEALPRO,IDEALPRO-1-3346,IDEALPRO-001,IDEALPRO-1-764741,EUR/USD.IDEALPRO-MLSignalStrategyV2-V2,BUY,MARKET,100000.00,1.16625,USD,2.33 USD,TAKER,cfd92d2e-00fc-42bd-9afc-39ea9daa5ad5,2025-10-20 08:00:00+00:00,2025-10-20 08:00:00+00:00,{},False
O-20251020-080000-001-V2-3347,BACKTESTER-001,MLSignalStrategyV2-V2,EUR/USD.IDEALPRO,IDEALPRO-1-3347,IDEALPRO-001,IDEALPRO-1-765005,EUR/USD.IDEALPRO-MLSignalStrategyV2-V2,SELL,STOP_MARKET,100000.00,1.16541,USD,2.33 USD,TAKER,c0158d01-eab9-4fdc-a524-c70f5b71f8c4,2025-10-20 10:12:00+00:00,2025-10-20 10:12:00+00:00,{},False
O-20251020-103000-001-V2-3349,BACKTESTER-001,MLSignalStrategyV2-V2,EUR/USD.IDEALPRO,IDEALPRO-1-3349,IDEALPRO-001,IDEALPRO-1-765042,EUR/USD.IDEALPRO-MLSignalStrategyV2-V2,BUY,MARKET,100000.00,1.16541,USD,2.33 USD,TAKER,bcb030e1-4d2f-4120-8b5d-1296421110b7,2025-10-20 10:30:00+00:00,2025-10-20 10:30:00+00:00,{},False
O-20251020-103000-001-V2-3350,BACKTESTER-001,MLSignalStrategyV2-V2,EUR/USD.IDEALPRO,IDEALPRO-1-3350,IDEALPRO-001,IDEALPRO-1-765171,EUR/USD.IDEALPRO-MLSignalStrategyV2-V2,SELL,STOP_MARKET,100000.00,1.16459,USD,2.33 USD,TAKER,1c4b4851-7b73-4d0e-a68f-e1643de9ef3c,2025-10-20 11:34:00+00:00,2025-10-20 11:34:00+00:00,{},False
O-20251020-121500-001-V2-3352,BACKTESTER-001,MLSignalStrategyV2-V2,EUR/USD.IDEALPRO,IDEALPRO-1-3352,IDEALPRO-001,IDEALPRO-1-765254,EUR/USD.IDEALPRO-MLSignalStrategyV2-V2,SELL,MARKET,100000.00,1.16582,USD,2.33 USD,TAKER,79216679-9b93-4482-b5aa-e23257da3328,2025-10-20 12:15:00+00:00,2025-10-20 12:15:00+00:00,{},False
O-20251020-121500-001-V2-3354,BACKTESTER-001,MLSignalStrategyV2-V2,EUR/USD.IDEALPRO,IDEALPRO-1-3354,IDEALPRO-001,IDEALPRO-1-765337,EUR/USD.IDEALPRO-MLSignalStrategyV2-V2,BUY,LIMIT,100000.00,1.16520,USD,2.33 USD,MAKER,87daac35-c985-4be7-9401-0326fdc290a3,2025-10-20 12:56:00+00:00,2025-10-20 12:56:00+00:00,{},False
O-20251020-174500-001-V2-3355,BACKTESTER-001,MLSignalStrategyV2-V2,EUR/USD.IDEALPRO,IDEALPRO-1-3355,IDEALPRO-001,IDEALPRO-1-765916,EUR/USD.IDEALPRO-MLSignalStrategyV2-V2,BUY,MARKET,100000.00,1.16431,USD,2.33 USD,TAKER,3c07afa1-66f5-462a-bfd6-6848d7e9808b,2025-10-20 17:45:00+00:00,2025-10-20 17:45:00+00:00,{},False
O-20251020-174500-001-V2-3357,BACKTESTER-001,MLSignalStrategyV2-V2,EUR/USD.IDEALPRO,IDEALPRO-1-3357,IDEALPRO-001,IDEALPRO-1-766081,EUR/USD.IDEALPRO-MLSignalStrategyV2-V2,SELL,LIMIT,100000.00,1.16488,USD,2.33 USD,MAKER,86186def-5c92-458c-a117-1d28ee41b770,2025-10-20 19:07:00+00:00,2025-10-20 19:07:00+00:00,{},False
O-20251020-194500-001-V2-3358,BACKTESTER-001,MLSignalStrategyV2-V2,EUR/USD.IDEALPRO,IDEALPRO-1-3358,IDEALPRO-001,IDEALPRO-1-766158,EUR/USD.IDEALPRO-MLSignalStrategyV2-V2,BUY,MARKET,100000.00,1.16440,USD,2.33 USD,TAKER,5ae06a58-fb0c-4b50-8fc8-5b98b43ffa94,2025-10-20 19:45:00+00:00,2025-10-20 19:45:00+00:00,{},False
O-20251020-194500-001-V2-3360,BACKTESTER-001,MLSignalStrategyV2-V2,EUR/USD.IDEALPRO,IDEALPRO-1-3360,IDEALPRO-001,IDEALPRO-1-766645,EUR/USD.IDEALPRO-MLSignalStrategyV2-V2,SELL,LIMIT,100000.00,1.16484,USD,2.33 USD,MAKER,eda61be5-64fd-4824-931e-959a5d6412be,2025-10-21 00:03:00+00:00,2025-10-21 00:03:00+00:00,{},False
O-20251021-013000-001-V2-3361,BACKTESTER-001,MLSignalStrategyV2-V2,EUR/USD.IDEALPRO,IDEALPRO-1-3361,IDEALPRO-001,IDEALPRO-1-766821,EUR/USD.IDEALPRO-MLSignalStrategyV2-V2,SELL,MARKET,100000.00,1.16468,USD,2.33 USD,TAKER,07b5e51c-05c4-4f6f-9741-8f5023e4ebe8,2025-10-21 01:30:00+00:00,2025-10-21 01:30:00+00:00,{},False
O-20251021-013000-001-V2-3363,BACKTESTER-001,MLSignalStrategyV2-V2,EUR/USD.IDEALPRO,IDEALPRO-1-3363,IDEALPRO-001,IDEALPRO-1-766851,EUR/USD.IDEALPRO-MLSignalStrategyV2-V2,BUY,LIMIT,100000.00,1.16421,USD,2.33 USD,MAKER,4aa23bf0-e7e2-480a-b07c-e8b3835840c9,2025-10-21 01:45:00+00:00,2025-10-21 01:45:00+00:00,{},False
O-20251021-023000-001-V2-3364,BACKTESTER-001,MLSignalStrategyV2-V2,EUR/USD.IDEALPRO,IDEALPRO-1-3364,IDEALPRO-001,IDEALPRO-1-766943,EUR/USD.IDEALPRO-MLSignalStrategyV2-V2,SELL,MARKET,100000.00,1.16431,USD,2.33 USD,TAKER,35cd812d-8a48-4b06-b33e-4b76861511fd,2025-10-21 02:30:00+00:00,2025-10-21 02:30:00+00:00,{},False
O-20251021-023000-001-V2-3366,BACKTESTER-001,MLSignalStrategyV2-V2,EUR/USD.IDEALPRO,IDEALPRO-1-3366,IDEALPRO-001,IDEALPRO-1-766959,EUR/USD.IDEALPRO-MLSignalStrategyV2-V2,BUY,LIMIT,100000.00,1.16389,USD,2.33 USD,MAKER,110d8816-a7f4-4579-aa57-6fc48d428008,2025-10-21 02:38:00+00:00,2025-10-21 02:38:00+00:00,{},False
O-20251021-024500-001-V2-3367,BACKTESTER-001,MLSignalStrategyV2-V2,EUR/USD.IDEALPRO,IDEALPRO-1-3367,IDEALPRO-001,IDEALPRO-1-766974,EUR/USD.IDEALPRO-MLSignalStrategyV2-V2,SELL,MARKET,100000.00,1.16361,USD,2.33 USD,TAKER,1c44e435-a4c1-4272-9270-de1934e306ef,2025-10-21 02:45:00+00:00,2025-10-21 02:45:00+00:00,{},False
O-20251021-024500-001-V2-3369,BACKTESTER-001,MLSignalStrategyV2-V2,EUR/USD.IDEALPRO,IDEALPRO-1-3369,IDEALPRO-001,IDEALPRO-1-767283,EUR/USD.IDEALPRO-MLSignalStrategyV2-V2,BUY,LIMIT,100000.00,1.16317,USD,2.33 USD,MAKER,8d7171c1-eac7-44eb-bbe0-d646a337b798,2025-10-21 05:19:00+00:00,2025-10-21 05:19:00+00:00,{},False
O-20251021-104500-001-V2-3370,BACKTESTER-001,MLSignalStrategyV2-V2,EUR/USD.IDEALPRO,IDEALPRO-1-3370,IDEALPRO-001,IDEALPRO-1-767936,EUR/USD.IDEALPRO-MLSignalStrategyV2-V2,BUY,MARKET,100000.00,1.16092,USD,2.32 USD,TAKER,3d0dba17-fefe-42a0-acbd-fdde8510eb74,2025-10-21 10:45:00+00:00,2025-10-21 10:45:00+00:00,{},False
O-20251021-104500-001-V2-3372,BACKTESTER-001,MLSignalStrategyV2-V2,EUR/USD.IDEALPRO,IDEALPRO-1-3372,IDEALPRO-001,IDEALPRO-1-767961,EUR/USD.IDEALPRO-MLSignalStrategyV2-V2,SELL,LIMIT,100000.00,1.16176,USD,2.32 USD,MAKER,c16e1119-9d1e-4d10-a710-f612cd7d0d7f,2025-10-21 10:57:00+00:00,2025-10-21 10:57:00+00:00,{},False
O-20251021-161500-001-V2-3373,BACKTESTER-001,MLSignalStrategyV2-V2,EUR/USD.IDEALPRO,IDEALPRO-1-3373,IDEALPRO-001,IDEALPRO-1-768598,EUR/USD.IDEALPRO-MLSignalStrategyV2-V2,BUY,MARKET,100000.00,1.16176,USD,2.32 USD,TAKER,4e75067b-9d74-4a45-988f-9f6ae4a65bf1,2025-10-21 16:15:00+00:00,2025-10-21 16:15:00+00:00,{},False
O-20251021-161500-001-V2-3374,BACKTESTER-001,MLSignalStrategyV2-V2,EUR/USD.IDEALPRO,IDEALPRO-1-3374,IDEALPRO-001,IDEALPRO-1-768691,EUR/USD.IDEALPRO-MLSignalStrategyV2-V2,SELL,STOP_MARKET,100000.00,1.16075,USD,2.32 USD,TAKER,aacd0928-9526-4649-a0a5-10fa93a77c66,2025-10-21 17:01:00+00:00,2025-10-21 17:01:00+00:00,{},False
O-20251021-200000-001-V2-3376,BACKTESTER-001,MLSignalStrategyV2-V2,EUR/USD.IDEALPRO,IDEALPRO-1-3376,IDEALPRO-001,IDEALPRO-1-769051,EUR/USD.IDEALPRO-MLSignalStrategyV2-V2,BUY,MARKET,100000.00,1.16006,USD,2.32 USD,TAKER,d3c440b9-0451-4a0e-8a1a-6c216cec6f17,2025-10-21 20:00:00+00:00,2025-10-21 20:00:00+00:00,{},False
O-20251021-200000-001-V2-3378,BACKTESTER-001,MLSignalStrategyV2-V2,EUR/USD.IDEALPRO,IDEALPRO-1-3378,IDEALPRO-001,IDEALPRO-1-769259,EUR/USD.IDEALPRO-MLSignalStrategyV2-V2,SELL,LIMIT,100000.00,1.16055,USD,2.32 USD,MAKER,3b0ce832-abb3-41eb-8722-55f996f34de8,2025-10-21 21:59:00+00:00,2025-10-21 21:59:00+00:00,{},False
O-20251022-081500-001-V2-3379,BACKTESTER-001,MLSignalStrategyV2-V2,EUR/USD.IDEALPRO,IDEALPRO-1-3379,IDEALPRO-001,IDEALPRO-1-770492,EUR/USD.IDEALPRO-MLSignalStrategyV2-V2,BUY,MARKET,100000.00,1.15916,USD,2.32 USD,TAKER,d8fcf44d-eb9f-4959-a0f2-2ebb36388ec9,2025-10-22 08:15:00+00:00,2025-10-22 08:15:00+00:00,{},False
O-20251022-081500-001-V2-3381,BACKTESTER-001,MLSignalStrategyV2-V2,EUR/USD.IDEALPRO,IDEALPRO-1-3381,IDEALPRO-001,IDEALPRO-1-770511,EUR/USD.IDEALPRO-MLSignalStrategyV2-V2,SELL,LIMIT,100000.00,1.15980,USD,2.32 USD,MAKER,bdf4ae09-ce55-4e0e-b3c7-66767ed1e368,2025-10-22 08:24:00+00:00,2025-10-22 08:24:00+00:00,{},False
O-20251022-101500-001-V2-3382,BACKTESTER-001,MLSignalStrategyV2-V2,EUR/USD.IDEALPRO,IDEALPRO-1-3382,IDEALPRO-001,IDEALPRO-1-770734,EUR/USD.IDEALPRO-MLSignalStrategyV2-V2,BUY,MARKET,100000.00,1.15915,USD,2.32 USD,TAKER,aedcc2ee-5938-466f-b376-e222ccffcd9f,2025-10-22 10:15:00+00:00,2025-10-22 10:15:00+00:00,{},False
O-20251022-101500-001-V2-3383,BACKTESTER-001,MLSignalStrategyV2-V2,EUR/USD.IDEALPRO,IDEALPRO-1-3383,IDEALPRO-001,IDEALPRO-1-770779,EUR/USD.IDEALPRO-MLSignalStrategyV2-V2,SELL,STOP_MARKET,100000.00,1.15840,USD,2.32 USD,TAKER,502ff732-c61e-4c27-aa30-ac977d02607d,2025-10-22 10:37:00+00:00,2025-10-22 10:37:00+00:00,{},False
O-20251022-111500-001-V2-3385,BACKTESTER-001,MLSignalStrategyV2-V2,EUR/USD.IDEALPRO,IDEALPRO-1-3385,IDEALPRO-001,IDEALPRO-1-770856,EUR/USD.IDEALPRO-MLSignalStrategyV2-V2,SELL,MARKET,100000.00,1.15870,USD,2.32 USD,TAKER,0f68ca3d-4374-4dcc-8e3d-936c9408767e,2025-10-22 11:15:00+00:00,2025-10-22 11:15:00+00:00,{},False
O-20251022-111500-001-V2-3387,BACKTESTER-001,MLSignalStrategyV2-V2,EUR/USD.IDEALPRO,IDEALPRO-1-3387,IDEALPRO-001,IDEALPRO-1-770997,EUR/USD.IDEALPRO-MLSignalStrategyV2-V2,BUY,LIMIT,100000.00,1.15817,USD,2.32 USD,MAKER,c89139ac-8c45-4967-90a9-80424dac10eb,2025-10-22 12:25:00+00:00,2025-10-22 12:25:00+00:00,{},False
O-20251022-200000-001-V2-3388,BACKTESTER-001,MLSignalStrategyV2-V2,EUR/USD.IDEALPRO,IDEALPRO-1-3388,IDEALPRO-001,IDEALPRO-1-771909,EUR/USD.IDEALPRO-MLSignalStrategyV2-V2,BUY,MARKET,100000.00,1.16060,USD,2.32 USD,TAKER,0474ab64-2db9-4612-8a39-a419aec07c44,2025-10-22 20:00:00+00:00,2025-10-22 20:00:00+00:00,{},False
O-20251022-200000-001-V2-3390,BACKTESTER-001,MLSignalStrategyV2-V2,EUR/USD.IDEALPRO,IDEALPRO-1-3390,IDEALPRO-001,IDEALPRO-1-771921,EUR/USD.IDEALPRO-MLSignalStrategyV2-V2,SELL,LIMIT,100000.00,1.16104,USD,2.32 USD,MAKER,09e2b6c2-a49a-4620-82fd-27342d442c70,2025-10-22 20:06:00+00:00,2025-10-22 20:06:00+00:00,{},False
O-20251022-201500-001-V2-3391,BACKTESTER-001,MLSignalStrategyV2-V2,EUR/USD.IDEALPRO,IDEALPRO-1-3391,IDEALPRO-001,IDEALPRO-1-771940,EUR/USD.IDEALPRO-MLSignalStrategyV2-V2,BUY,MARKET,100000.00,1.16104,USD,2.32 USD,TAKER,bbef1830-4779-4297-9d78-d3c2c3b41563,2025-10-22 20:15:00+00:00,2025-10-22 20:15:00+00:00,{},False
O-20251022-201500-001-V2-3393,BACKTESTER-001,MLSignalStrategyV2-V2,EUR/USD.IDEALPRO,IDEALPRO-1-3393,IDEALPRO-001,IDEALPRO-1-772153,EUR/USD.IDEALPRO-MLSignalStrategyV2-V2,SELL,LIMIT,100000.00,1.16143,USD,2.32 USD,MAKER,ed08ec12-836e-4a8e-af74-a369a593e112,2025-10-22 22:16:00+00:00,2025-10-22 22:16:00+00:00,{},False
O-20251023-184500-001-V2-3394,BACKTESTER-001,MLSignalStrategyV2-V2,EUR/USD.IDEALPRO,IDEALPRO-1-3394,IDEALPRO-001,IDEALPRO-1-774612,EUR/USD.IDEALPRO-MLSignalStrategyV2-V2,BUY,MARKET,100000.00,1.16174,USD,2.32 USD,TAKER,bb6615ab-b064-42f5-94e4-6504bb00688c,2025-10-23 18:45:00+00:00,2025-10-23 18:45:00+00:00,{},False
O-20251023-184500-001-V2-3396,BACKTESTER-001,MLSignalStrategyV2-V2,EUR/USD.IDEALPRO,IDEALPRO-1-3396,IDEALPRO-001,IDEALPRO-1-775281,EUR/USD.IDEALPRO-MLSignalStrategyV2-V2,SELL,LIMIT,100000.00,1.16217,USD,2.32 USD,MAKER,7dcc2376-0a1b-49fe-adac-55ce25698943,2025-10-24 00:34:00+00:00,2025-10-24 00:34:00+00:00,{},False
O-20251024-133000-001-V2-3397,BACKTESTER-001,MLSignalStrategyV2-V2,EUR/USD.IDEALPRO,IDEALPRO-1-3397,IDEALPRO-001,IDEALPRO-1-776834,EUR/USD.IDEALPRO-MLSignalStrategyV2-V2,SELL,MARKET,100000.00,1.16333,USD,2.33 USD,TAKER,f361b86f-3458-42cc-a733-27e1db8404c3,2025-10-24 13:30:00+00:00,2025-10-24 13:30:00+00:00,{},False
O-20251024-133000-001-V2-3399,BACKTESTER-001,MLSignalStrategyV2-V2,EUR/USD.IDEALPRO,IDEALPRO-1-3399,IDEALPRO-001,IDEALPRO-1-776873,EUR/USD.IDEALPRO-MLSignalStrategyV2-V2,BUY,LIMIT,100000.00,1.16216,USD,2.32 USD,MAKER,597deecd-d531-456c-b1d8-4c199f26b079,2025-10-24 13:49:00+00:00,2025-10-24 13:49:00+00:00,{},False
O-20251026-213000-001-V2-3400,BACKTESTER-001,MLSignalStrategyV2-V2,EUR/USD.IDEALPRO,IDEALPRO-1-3400,IDEALPRO-001,IDEALPRO-1-777794,EUR/USD.IDEALPRO-MLSignalStrategyV2-V2,BUY,MARKET,100000.00,1.16353,USD,2.33 USD,TAKER,b9beaa39-eec5-4866-92d3-6c8cc4dc31a3,2025-10-26 21:30:00+00:00,2025-10-26 21:30:00+00:00,{},False
O-20251026-213000-001-V2-3401,BACKTESTER-001,MLSignalStrategyV2-V2,EUR/USD.IDEALPRO,IDEALPRO-1-3401,IDEALPRO-001,IDEALPRO-1-777895,EUR/USD.IDEALPRO-MLSignalStrategyV2-V2,SELL,STOP_MARKET,100000.00,1.16273,USD,2.33 USD,TAKER,3e319b3b-3094-4d57-bed8-8404f047e78f,2025-10-26 21:55:00+00:00,2025-10-26 21:55:00+00:00,{},False
O-20251026-220000-001-V2-3403,BACKTESTER-001,MLSignalStrategyV2-V2,EUR/USD.IDEALPRO,IDEALPRO-1-3403,IDEALPRO-001,IDEALPRO-1-777916,EUR/USD.IDEALPRO-MLSignalStrategyV2-V2,BUY,MARKET,100000.00,1.16321,USD,2.33 USD,TAKER,978a603d-797f-4e3a-97fb-2af052858454,2025-10-26 22:00:00+00:00,2025-10-26 22:00:00+00:00,{},False
O-20251026-220000-001-V2-3404,BACKTESTER-001,MLSignalStrategyV2-V2,EUR/USD.IDEALPRO,IDEALPRO-1-3404,IDEALPRO-001,IDEALPRO-1-777925,EUR/USD.IDEALPRO-MLSignalStrategyV2-V2,SELL,STOP_MARKET,100000.00,1.16257,USD,2.33 USD,TAKER,a64b2a24-2ced-4564-8153-2693ddd486fc,2025-10-26 22:02:00+00:00,2025-10-26 22:02:00+00:00,{},False
O-20251026-221500-001-V2-3406,BACKTESTER-001,MLSignalStrategyV2-V2,EUR/USD.IDEALPRO,IDEALPRO-1-3406,IDEALPRO-001,IDEALPRO-1-777978,EUR/USD.IDEALPRO-MLSignalStrategyV2-V2,BUY,MARKET,100000.00,1.16285,USD,2.33 USD,TAKER,7741ae9a-287e-4379-8e09-a34472596211,2025-10-26 22:15:00+00:00,2025-10-26 22:15:00+00:00,{},False
O-20251026-221500-001-V2-3408,BACKTESTER-001,MLSignalStrategyV2-V2,EUR/USD.IDEALPRO,IDEALPRO-1-3408,IDEALPRO-001,IDEALPRO-1-778023,EUR/USD.IDEALPRO-MLSignalStrategyV2-V2,SELL,LIMIT,100000.00,1.16355,USD,2.33 USD,MAKER,ce1012f6-fac5-4812-acd1-0c1530f4d5ea,2025-10-26 22:26:00+00:00,2025-10-26 22:26:00+00:00,{},False
O-20251026-223000-001-V2-3409,BACKTESTER-001,MLSignalStrategyV2-V2,EUR/USD.IDEALPRO,IDEALPRO-1-3409,IDEALPRO-001,IDEALPRO-1-778041,EUR/USD.IDEALPRO-MLSignalStrategyV2-V2,BUY,MARKET,100000.00,1.16302,USD,2.33 USD,TAKER,e77aa8c2-80ac-4c6f-8af1-5ef7ad85311a,2025-10-26 22:30:00+00:00,2025-10-26 22:30:00+00:00,{},False
O-20251026-223000-001-V2-3411,BACKTESTER-001,MLSignalStrategyV2-V2,EUR/USD.IDEALPRO,IDEALPRO-1-3411,IDEALPRO-001,IDEALPRO-1-778609,EUR/USD.IDEALPRO-MLSignalStrategyV2-V2,SELL,LIMIT,100000.00,1.16375,USD,2.33 USD,MAKER,04d34562-647d-40a6-8f7a-353eeac36936,2025-10-27 00:52:00+00:00,2025-10-27 00:52:00+00:00,{},False
O-20251106-191500-001-V2-3412,BACKTESTER-001,MLSignalStrategyV2-V2,EUR/USD.IDEALPRO,IDEALPRO-1-3412,IDEALPRO-001,IDEALPRO-1-821580,EUR/USD.IDEALPRO-MLSignalStrategyV2-V2,BUY,MARKET,100000.00,1.15495,USD,2.31 USD,TAKER,e06c87f4-9a7f-4370-9950-0d602cac5ffd,2025-11-06 19:15:00+00:00,2025-11-06 19:15:00+00:00,{},False
O-20251106-191500-001-V2-3413,BACKTESTER-001,MLSignalStrategyV2-V2,EUR/USD.IDEALPRO,IDEALPRO-1-3413,IDEALPRO-001,IDEALPRO-1-821657,EUR/USD.IDEALPRO-MLSignalStrategyV2-V2,SELL,STOP_MARKET,100000.00,1.15419,USD,2.31 USD,TAKER,866d1492-78ff-4665-8833-fd472a48536d,2025-11-06 19:53:00+00:00,2025-11-06 19:53:00+00:00,{},False
O-20251106-220000-001-V2-3415,BACKTESTER-001,MLSignalStrategyV2-V2,EUR/USD.IDEALPRO,IDEALPRO-1-3415,IDEALPRO-001,IDEALPRO-1-821913,EUR/USD.IDEALPRO-MLSignalStrategyV2-V2,BUY,MARKET,100000.00,1.15472,USD,2.31 USD,TAKER,9bb2d825-5c0a-489c-aeba-0f4ee83be657,2025-11-06 22:00:00+00:00,2025-11-06 22:00:00+00:00,{},False
O-20251106-220000-001-V2-3417,BACKTESTER-001,MLSignalStrategyV2-V2,EUR/USD.IDEALPRO,IDEALPRO-1-3417,IDEALPRO-001,IDEALPRO-1-822045,EUR/USD.IDEALPRO-MLSignalStrategyV2-V2,SELL,LIMIT,100000.00,1.15512,USD,2.31 USD,MAKER,15ef0571-a6de-49cc-b077-97dc0894daba,2025-11-06 23:21:00+00:00,2025-11-06 23:21:00+00:00,{},False
O-20251107-020000-001-V2-3418,BACKTESTER-001,MLSignalStrategyV2-V2,EUR/USD.IDEALPRO,IDEALPRO-1-3418,IDEALPRO-001,IDEALPRO-1-822364,EUR/USD.IDEALPRO-MLSignalStrategyV2-V2,SELL,MARKET,100000.00,1.15379,USD,2.31 USD,TAKER,e639dc49-e352-44a2-90f9-8906ade7b2e9,2025-11-07 02:00:00+00:00,2025-11-07 02:00:00+00:00,{},False
O-20251107-020000-001-V2-3419,BACKTESTER-001,MLSignalStrategyV2-V2,EUR/USD.IDEALPRO,IDEALPRO-1-3419,IDEALPRO-001,IDEALPRO-1-822385,EUR/USD.IDEALPRO-MLSignalStrategyV2-V2,BUY,STOP_MARKET,100000.00,1.15428,USD,2.31 USD,TAKER,0c4e219e-2d00-4c45-b782-153f315a11ae,2025-11-07 02:10:00+00:00,2025-11-07 02:10:00+00:00,{},False
O-20251107-081500-001-V2-3421,BACKTESTER-001,MLSignalStrategyV2-V2,EUR/USD.IDEALPRO,IDEALPRO-1-3421,IDEALPRO-001,IDEALPRO-1-823116,EUR/USD.IDEALPRO-MLSignalStrategyV2-V2,BUY,MARKET,100000.00,1.15384,USD,2.31 USD,TAKER,744c16a1-0be4-4370-8cb6-6f4a8403b9c9,2025-11-07 08:15:00+00:00,2025-11-07 08:15:00+00:00,{},False
O-20251107-081500-001-V2-3422,BACKTESTER-001,MLSignalStrategyV2-V2,EUR/USD.IDEALPRO,IDEALPRO-1-3422,IDEALPRO-001,IDEALPRO-1-823179,EUR/USD.IDEALPRO-MLSignalStrategyV2-V2,SELL,STOP_MARKET,100000.00,1.15335,USD,2.31 USD,TAKER,6af21822-b367-425f-9a19-22b53a2f3ea6,2025-11-07 08:46:00+00:00,2025-11-07 08:46:00+00:00,{},False
O-20251107-101500-001-V2-3424,BACKTESTER-001,MLSignalStrategyV2-V2,EUR/USD.IDEALPRO,IDEALPRO-1-3424,IDEALPRO-001,IDEALPRO-1-823359,EUR/USD.IDEALPRO-MLSignalStrategyV2-V2,BUY,MARKET,100000.00,1.15438,USD,2.31 USD,TAKER,0d9737c6-798a-4dc2-979b-4f0526d79f0b,2025-11-07 10:15:00+00:00,2025-11-07 10:15:00+00:00,{},False
O-20251107-101500-001-V2-3426,BACKTESTER-001,MLSignalStrategyV2-V2,EUR/USD.IDEALPRO,IDEALPRO-1-3426,IDEALPRO-001,IDEALPRO-1-823391,EUR/USD.IDEALPRO-MLSignalStrategyV2-V2,SELL,LIMIT,100000.00,1.15486,USD,2.31 USD,MAKER,a51310cd-e4be-4868-ae98-f1048ef2654f,2025-11-07 10:31:00+00:00,2025-11-07 10:31:00+00:00,{},False
O-20251107-113000-001-V2-3427,BACKTESTER-001,MLSignalStrategyV2-V2,EUR/USD.IDEALPRO,IDEALPRO-1-3427,IDEALPRO-001,IDEALPRO-1-823510,EUR/USD.IDEALPRO-MLSignalStrategyV2-V2,SELL,MARKET,100000.00,1.15576,USD,2.31 USD,TAKER,aba56eca-6ef6-4ddf-ba25-e7b465d1af24,2025-11-07 11:30:00+00:00,2025-11-07 11:30:00+00:00,{},False
O-20251107-113000-001-V2-3428,BACKTESTER-001,MLSignalStrategyV2-V2,EUR/USD.IDEALPRO,IDEALPRO-1-3428,IDEALPRO-001,IDEALPRO-1-823601,EUR/USD.IDEALPRO-MLSignalStrategyV2-V2,BUY,STOP_MARKET,100000.00,1.15643,USD,2.31 USD,TAKER,7843c59c-31dc-42f0-826b-db8c67da90f5,2025-11-07 12:15:00+00:00,2025-11-07 12:15:00+00:00,{},False
O-20251109-223000-001-V2-3430,BACKTESTER-001,MLSignalStrategyV2-V2,EUR/USD.IDEALPRO,IDEALPRO-1-3430,IDEALPRO-001,IDEALPRO-1-824803,EUR/USD.IDEALPRO-MLSignalStrategyV2-V2,BUY,MARKET,100000.00,1.15570,USD,2.31 USD,TAKER,1c34e877-022a-45b1-94a6-d3ec420109ab,2025-11-09 22:30:00+00:00,2025-11-09 22:30:00+00:00,{},False
O-20251109-223000-001-V2-3431,BACKTESTER-001,MLSignalStrategyV2-V2,EUR/USD.IDEALPRO,IDEALPRO-1-3431,IDEALPRO-001,IDEALPRO-1-824875,EUR/USD.IDEALPRO-MLSignalStrategyV2-V2,SELL,STOP_MARKET,100000.00,1.15484,USD,2.31 USD,TAKER,aa4b9634-0682-480a-8898-afa69a8f5b79,2025-11-09 23:06:00+00:00,2025-11-09 23:06:00+00:00,{},False
O-20251109-231500-001-V2-3433,BACKTESTER-001,MLSignalStrategyV2-V2,EUR/USD.IDEALPRO,IDEALPRO-1-3433,IDEALPRO-001,IDEALPRO-1-824894,EUR/USD.IDEALPRO-MLSignalStrategyV2-V2,BUY,MARKET,100000.00,1.15492,USD,2.31 USD,TAKER,87ae7402-8f54-48fb-98b3-ba41551e36ed,2025-11-09 23:15:00+00:00,2025-11-09 23:15:00+00:00,{},False
O-20251109-231500-001-V2-3434,BACKTESTER-001,MLSignalStrategyV2-V2,EUR/USD.IDEALPRO,IDEALPRO-1-3434,IDEALPRO-001,IDEALPRO-1-824957,EUR/USD.IDEALPRO-MLSignalStrategyV2-V2,SELL,STOP_MARKET,100000.00,1.15425,USD,2.31 USD,TAKER,d071b21b-5471-4f6e-976f-d5c2a004acf0,2025-11-09 23:46:00+00:00,2025-11-09 23:46:00+00:00,{},False
O-20251110-000000-001-V2-3436,BACKTESTER-001,MLSignalStrategyV2-V2,EUR/USD.IDEALPRO,IDEALPRO-1-3436,IDEALPRO-001,IDEALPRO-1-824986,EUR/USD.IDEALPRO-MLSignalStrategyV2-V2,BUY,MARKET,100000.00,1.15433,USD,2.31 USD,TAKER,f4b06d02-9dd6-460c-80d3-b941ac87758f,2025-11-10 00:00:00+00:00,2025-11-10 00:00:00+00:00,{},False
O-20251110-000000-001-V2-3438,BACKTESTER-001,MLSignalStrategyV2-V2,EUR/USD.IDEALPRO,IDEALPRO-1-3438,IDEALPRO-001,IDEALPRO-1-824989,EUR/USD.IDEALPRO-MLSignalStrategyV2-V2,SELL,LIMIT,100000.00,1.15599,USD,2.31 USD,MAKER,daf3f6a4-d13c-478f-a6e9-79b25dff93e4,2025-11-10 00:01:00+00:00,2025-11-10 00:01:00+00:00,{},False
O-20251110-003000-001-V2-3439,BACKTESTER-001,MLSignalStrategyV2-V2,EUR/USD.IDEALPRO,IDEALPRO-1-3439,IDEALPRO-001,IDEALPRO-1-825049,EUR/USD.IDEALPRO-MLSignalStrategyV2-V2,SELL,MARKET,100000.00,1.15522,USD,2.31 USD,TAKER,b7deeabc-eeb7-4deb-9dfb-4b912ea97821,2025-11-10 00:30:00+00:00,2025-11-10 00:30:00+00:00,{},False
O-20251110-003000-001-V2-3440,BACKTESTER-001,MLSignalStrategyV2-V2,EUR/USD.IDEALPRO,IDEALPRO-1-3440,IDEALPRO-001,IDEALPRO-1-825209,EUR/USD.IDEALPRO-MLSignalStrategyV2-V2,BUY,STOP_MARKET,100000.00,1.15605,USD,2.31 USD,TAKER,810abe38-590d-4d03-90e3-1fd085765482,2025-11-10 01:50:00+00:00,2025-11-10 01:50:00+00:00,{},False
O-20251110-033000-001-V2-3442,BACKTESTER-001,MLSignalStrategyV2-V2,EUR/USD.IDEALPRO,IDEALPRO-1-3442,IDEALPRO-001,IDEALPRO-1-825410,EUR/USD.IDEALPRO-MLSignalStrategyV2-V2,SELL,MARKET,100000.00,1.15545,USD,2.31 USD,TAKER,5eab5c9f-1c2b-4b36-8688-75cb65a07bfd,2025-11-10 03:30:00+00:00,2025-11-10 03:30:00+00:00,{},False
O-20251110-033000-001-V2-3443,BACKTESTER-001,MLSignalStrategyV2-V2,EUR/USD.IDEALPRO,IDEALPRO-1-3443,IDEALPRO-001,IDEALPRO-1-825537,EUR/USD.IDEALPRO-MLSignalStrategyV2-V2,BUY,STOP_MARKET,100000.00,1.15606,USD,2.31 USD,TAKER,847eddea-a919-4e2f-b5a8-8f3c6c30964d,2025-11-10 04:33:00+00:00,2025-11-10 04:33:00+00:00,{},False
O-20251110-084500-001-V2-3445,BACKTESTER-001,MLSignalStrategyV2-V2,EUR/USD.IDEALPRO,IDEALPRO-1-3445,IDEALPRO-001,IDEALPRO-1-826042,EUR/USD.IDEALPRO-MLSignalStrategyV2-V2,SELL,MARKET,100000.00,1.15784,USD,2.32 USD,TAKER,d7fef439-def8-4bf8-a321-07c191ddffed,2025-11-10 08:45:00+00:00,2025-11-10 08:45:00+00:00,{},False
O-20251110-084500-001-V2-3447,BACKTESTER-001,MLSignalStrategyV2-V2,EUR/USD.IDEALPRO,IDEALPRO-1-3447,IDEALPRO-001,IDEALPRO-1-826073,EUR/USD.IDEALPRO-MLSignalStrategyV2-V2,BUY,LIMIT,100000.00,1.15717,USD,2.31 USD,MAKER,b717c2ff-50dc-43e1-bc02-51b3dc15bae0,2025-11-10 09:00:00+00:00,2025-11-10 09:00:00+00:00,{},False
O-20251110-201500-001-V2-3448,BACKTESTER-001,MLSignalStrategyV2-V2,EUR/USD.IDEALPRO,IDEALPRO-1-3448,IDEALPRO-001,IDEALPRO-1-827425,EUR/USD.IDEALPRO-MLSignalStrategyV2-V2,SELL,MARKET,100000.00,1.15626,USD,2.31 USD,TAKER,06ea8143-b65a-472c-a4cc-082aff5cb8cc,2025-11-10 20:15:00+00:00,2025-11-10 20:15:00+00:00,{},False
O-20251110-201500-001-V2-3450,BACKTESTER-001,MLSignalStrategyV2-V2,EUR/USD.IDEALPRO,IDEALPRO-1-3450,IDEALPRO-001,IDEALPRO-1-827587,EUR/USD.IDEALPRO-MLSignalStrategyV2-V2,BUY,LIMIT,100000.00,1.15582,USD,2.31 USD,MAKER,738236cd-f6f9-4253-bee7-0086c518c98e,2025-11-10 21:36:00+00:00,2025-11-10 21:36:00+00:00,{},False
O-20251111-013000-001-V2-3451,BACKTESTER-001,MLSignalStrategyV2-V2,EUR/USD.IDEALPRO,IDEALPRO-1-3451,IDEALPRO-001,IDEALPRO-1-828027,EUR/USD.IDEALPRO-MLSignalStrategyV2-V2,SELL,MARKET,100000.00,1.15495,USD,2.31 USD,TAKER,37b3c699-cc2c-428b-9137-d58b1883ae26,2025-11-11 01:30:00+00:00,2025-11-11 01:30:00+00:00,{},False
O-20251111-013000-001-V2-3452,BACKTESTER-001,MLSignalStrategyV2-V2,EUR/USD.IDEALPRO,IDEALPRO-1-3452,IDEALPRO-001,IDEALPRO-1-828039,EUR/USD.IDEALPRO-MLSignalStrategyV2-V2,BUY,STOP_MARKET,100000.00,1.15541,USD,2.31 USD,TAKER,fb658bdd-d5c5-415f-b8bb-5714cc9ce732,2025-11-11 01:36:00+00:00,2025-11-11 01:36:00+00:00,{},False
O-20251111-210000-001-V2-3454,BACKTESTER-001,MLSignalStrategyV2-V2,EUR/USD.IDEALPRO,IDEALPRO-1-3454,IDEALPRO-001,IDEALPRO-1-830368,EUR/USD.IDEALPRO-MLSignalStrategyV2-V2,BUY,MARKET,100000.00,1.15835,USD,2.32 USD,TAKER,cd026948-67c1-4735-bf64-ff18f20a41f8,2025-11-11 21:00:00+00:00,2025-11-11 21:00:00+00:00,{},False
O-20251111-210000-001-V2-3455,BACKTESTER-001,MLSignalStrategyV2-V2,EUR/USD.IDEALPRO,IDEALPRO-1-3455,IDEALPRO-001,IDEALPRO-1-830865,EUR/USD.IDEALPRO-MLSignalStrategyV2-V2,SELL,STOP_MARKET,100000.00,1.15783,USD,2.32 USD,TAKER,511f2261-3f31-4cb5-bd01-cd3feda6c3c2,2025-11-12 01:23:00+00:00,2025-11-12 01:23:00+00:00,{},False
O-20251112-111500-001-V2-3457,BACKTESTER-001,MLSignalStrategyV2-V2,EUR/USD.IDEALPRO,IDEALPRO-1-3457,IDEALPRO-001,IDEALPRO-1-832051,EUR/USD.IDEALPRO-MLSignalStrategyV2-V2,BUY,MARKET,100000.00,1.15692,USD,2.31 USD,TAKER,d720717d-6e0e-482e-8ee4-f998b534e4bd,2025-11-12 11:15:00+00:00,2025-11-12 11:15:00+00:00,{},False
O-20251112-111500-001-V2-3459,BACKTESTER-001,MLSignalStrategyV2-V2,EUR/USD.IDEALPRO,IDEALPRO-1-3459,IDEALPRO-001,IDEALPRO-1-832125,EUR/USD.IDEALPRO-MLSignalStrategyV2-V2,SELL,LIMIT,100000.00,1.15749,USD,2.31 USD,MAKER,52c87ac2-7ff5-4ef0-9d18-68816fa177ca,2025-11-12 11:52:00+00:00,2025-11-12 11:52:00+00:00,{},False
O-20251112-154500-001-V2-3460,BACKTESTER-001,MLSignalStrategyV2-V2,EUR/USD.IDEALPRO,IDEALPRO-1-3460,IDEALPRO-001,IDEALPRO-1-832593,EUR/USD.IDEALPRO-MLSignalStrategyV2-V2,BUY,MARKET,100000.00,1.15844,USD,2.32 USD,TAKER,b48ef55f-ad52-4175-ac76-91aeb422b753,2025-11-12 15:45:00+00:00,2025-11-12 15:45:00+00:00,{},False
O-20251112-154500-001-V2-3462,BACKTESTER-001,MLSignalStrategyV2-V2,EUR/USD.IDEALPRO,IDEALPRO-1-3462,IDEALPRO-001,IDEALPRO-1-832615,EUR/USD.IDEALPRO-MLSignalStrategyV2-V2,SELL,LIMIT,100000.00,1.15925,USD,2.32 USD,MAKER,223930c8-7dce-4f35-9787-ebabfb929908,2025-11-12 15:56:00+00:00,2025-11-12 15:56:00+00:00,{},False
O-20251112-220000-001-V2-3463,BACKTESTER-001,MLSignalStrategyV2-V2,EUR/USD.IDEALPRO,IDEALPRO-1-3463,IDEALPRO-001,IDEALPRO-1-833344,EUR/USD.IDEALPRO-MLSignalStrategyV2-V2,BUY,MARKET,100000.00,1.15933,USD,2.32 USD,TAKER,e0988245-eb09-45be-abc3-e4219a81890d,2025-11-12 22:00:00+00:00,2025-11-12 22:00:00+00:00,{},False
O-20251112-220000-001-V2-3464,BACKTESTER-001,MLSignalStrategyV2-V2,EUR/USD.IDEALPRO,IDEALPRO-1-3464,IDEALPRO-001,IDEALPRO-1-833565,EUR/USD.IDEALPRO-MLSignalStrategyV2-V2,SELL,STOP_MARKET,100000.00,1.15889,USD,2.32 USD,TAKER,2ec09a78-fa4b-48b2-bbb6-28464aac86d5,2025-11-13 00:05:00+00:00,2025-11-13 00:05:00+00:00,{},False
O-20251113-004500-001-V2-3466,BACKTESTER-001,MLSignalStrategyV2-V2,EUR/USD.IDEALPRO,IDEALPRO-1-3466,IDEALPRO-001,IDEALPRO-1-833647,EUR/USD.IDEALPRO-MLSignalStrategyV2-V2,BUY,MARKET,100000.00,1.15824,USD,2.32 USD,TAKER,d7ee4e29-c1bb-434f-aa71-9603bea89c08,2025-11-13 00:45:00+00:00,2025-11-13 00:45:00+00:00,{},False
O-20251113-004500-001-V2-3468,BACKTESTER-001,MLSignalStrategyV2-V2,EUR/USD.IDEALPRO,IDEALPRO-1-3468,IDEALPRO-001,IDEALPRO-1-833759,EUR/USD.IDEALPRO-MLSignalStrategyV2-V2,SELL,LIMIT,100000.00,1.15861,USD,2.32 USD,MAKER,fd3abe0a-ed40-47fe-b5f4-25e8b361c982,2025-11-13 01:41:00+00:00,2025-11-13 01:41:00+00:00,{},False
O-20251113-101500-001-V2-3469,BACKTESTER-001,MLSignalStrategyV2-V2,EUR/USD.IDEALPRO,IDEALPRO-1-3469,IDEALPRO-001,IDEALPRO-1-834788,EUR/USD.IDEALPRO-MLSignalStrategyV2-V2,SELL,MARKET,100000.00,1.16160,USD,2.32 USD,TAKER,2c8c7da6-3ad0-4e8e-b877-e1c9307e873d,2025-11-13 10:15:00+00:00,2025-11-13 10:15:00+00:00,{},False
O-20251113-101500-001-V2-3471,BACKTESTER-001,MLSignalStrategyV2-V2,EUR/USD.IDEALPRO,IDEALPRO-1-3471,IDEALPRO-001,IDEALPRO-1-834981,EUR/USD.IDEALPRO-MLSignalStrategyV2-V2,BUY,LIMIT,100000.00,1.16059,USD,2.32 USD,MAKER,ea57460c-ae8a-46c2-b6f5-98b34d85c383,2025-11-13 11:51:00+00:00,2025-11-13 11:51:00+00:00,{},False
O-20251113-153000-001-V2-3472,BACKTESTER-001,MLSignalStrategyV2-V2,EUR/USD.IDEALPRO,IDEALPRO-1-3472,IDEALPRO-001,IDEALPRO-1-835420,EUR/USD.IDEALPRO-MLSignalStrategyV2-V2,BUY,MARKET,100000.00,1.16309,USD,2.33 USD,TAKER,174cfc42-5bc7-4c2c-8cf0-5dc0e6065a28,2025-11-13 15:30:00+00:00,2025-11-13 15:30:00+00:00,{},False
O-20251113-153000-001-V2-3474,BACKTESTER-001,MLSignalStrategyV2-V2,EUR/USD.IDEALPRO,IDEALPRO-1-3474,IDEALPRO-001,IDEALPRO-1-835435,EUR/USD.IDEALPRO-MLSignalStrategyV2-V2,SELL,LIMIT,100000.00,1.16381,USD,2.33 USD,MAKER,e1275557-1997-493b-bb99-f93ff0c46f57,2025-11-13 15:37:00+00:00,2025-11-13 15:37:00+00:00,{},False
O-20251113-163000-001-V2-3475,BACKTESTER-001,MLSignalStrategyV2-V2,EUR/USD.IDEALPRO,IDEALPRO-1-3475,IDEALPRO-001,IDEALPRO-1-835543,EUR/USD.IDEALPRO-MLSignalStrategyV2-V2,BUY,MARKET,100000.00,1.16440,USD,2.33 USD,TAKER,44136e46-64ab-4685-be55-bb9f42c7419b,2025-11-13 16:30:00+00:00,2025-11-13 16:30:00+00:00,{},False
O-20251113-163000-001-V2-3477,BACKTESTER-001,MLSignalStrategyV2-V2,EUR/USD.IDEALPRO,IDEALPRO-1-3477,IDEALPRO-001,IDEALPRO-1-835639,EUR/USD.IDEALPRO-MLSignalStrategyV2-V2,SELL,LIMIT,100000.00,1.16510,USD,2.33 USD,MAKER,17eba55c-438b-4567-af04-42149e878a8b,2025-11-13 17:18:00+00:00,2025-11-13 17:18:00+00:00,{},False
O-20251113-200000-001-V2-3478,BACKTESTER-001,MLSignalStrategyV2-V2,EUR/USD.IDEALPRO,IDEALPRO-1-3478,IDEALPRO-001,IDEALPRO-1-835964,EUR/USD.IDEALPRO-MLSignalStrategyV2-V2,SELL,MARKET,100000.00,1.16356,USD,2.33 USD,TAKER,4ef76a54-1720-4c84-9430-6095116f5515,2025-11-13 20:00:00+00:00,2025-11-13 20:00:00+00:00,{},False
O-20251113-200000-001-V2-3480,BACKTESTER-001,MLSignalStrategyV2-V2,EUR/USD.IDEALPRO,IDEALPRO-1-3480,IDEALPRO-001,IDEALPRO-1-836301,EUR/USD.IDEALPRO-MLSignalStrategyV2-V2,BUY,LIMIT,100000.00,1.16296,USD,2.33 USD,MAKER,53149094-dca8-4e29-8483-a4240ba699cc,2025-11-13 23:03:00+00:00,2025-11-13 23:03:00+00:00,{},False
O-20251114-114500-001-V2-3481,BACKTESTER-001,MLSignalStrategyV2-V2,EUR/USD.IDEALPRO,IDEALPRO-1-3481,IDEALPRO-001,IDEALPRO-1-837826,EUR/USD.IDEALPRO-MLSignalStrategyV2-V2,SELL,MARKET,100000.00,1.16144,USD,2.32 USD,TAKER,4681da42-5b14-4115-87dd-0acb4e3b1678,2025-11-14 11:45:00+00:00,2025-11-14 11:45:00+00:00,{},False
O-20251114-114500-001-V2-3482,BACKTESTER-001,MLSignalStrategyV2-V2,EUR/USD.IDEALPRO,IDEALPRO-1-3482,IDEALPRO-001,IDEALPRO-1-837871,EUR/USD.IDEALPRO-MLSignalStrategyV2-V2,BUY,STOP_MARKET,100000.00,1.16237,USD,2.32 USD,TAKER,85a47178-8749-482f-aaf1-9845195d1eea,2025-11-14 12:07:00+00:00,2025-11-14 12:07:00+00:00,{},False
O-20251116-223000-001-V2-3484,BACKTESTER-001,MLSignalStrategyV2-V2,EUR/USD.IDEALPRO,IDEALPRO-1-3484,IDEALPRO-001,IDEALPRO-1-839088,EUR/USD.IDEALPRO-MLSignalStrategyV2-V2,BUY,MARKET,100000.00,1.16244,USD,2.32 USD,TAKER,085b71eb-fae3-46de-9bbf-88088947ef6a,2025-11-16 22:30:00+00:00,2025-11-16 22:30:00+00:00,{},False
O-20251116-223000-001-V2-3485,BACKTESTER-001,MLSignalStrategyV2-V2,EUR/USD.IDEALPRO,IDEALPRO-1-3485,IDEALPRO-001,IDEALPRO-1-839153,EUR/USD.IDEALPRO-MLSignalStrategyV2-V2,SELL,STOP_MARKET,100000.00,1.16194,USD,2.32 USD,TAKER,60e81b2f-971e-4646-9fb5-6f98049a7a88,2025-11-16 23:02:00+00:00,2025-11-16 23:02:00+00:00,{},False
O-20251116-231500-001-V2-3487,BACKTESTER-001,MLSignalStrategyV2-V2,EUR/USD.IDEALPRO,IDEALPRO-1-3487,IDEALPRO-001,IDEALPRO-1-839180,EUR/USD.IDEALPRO-MLSignalStrategyV2-V2,BUY,MARKET,100000.00,1.16217,USD,2.32 USD,TAKER,bec80d21-3381-43fc-adf6-f147a04bc936,2025-11-16 23:15:00+00:00,2025-11-16 23:15:00+00:00,{},False
O-20251116-231500-001-V2-3488,BACKTESTER-001,MLSignalStrategyV2-V2,EUR/USD.IDEALPRO,IDEALPRO-1-3488,IDEALPRO-001,IDEALPRO-1-839249,EUR/USD.IDEALPRO-MLSignalStrategyV2-V2,SELL,STOP_MARKET,100000.00,1.16167,USD,2.32 USD,TAKER,7a3e8259-fa29-44f7-8b09-5e2b9d37a2d3,2025-11-16 23:49:00+00:00,2025-11-16 23:49:00+00:00,{},False
O-20251117-090000-001-V2-3490,BACKTESTER-001,MLSignalStrategyV2-V2,EUR/USD.IDEALPRO,IDEALPRO-1-3490,IDEALPRO-001,IDEALPRO-1-840353,EUR/USD.IDEALPRO-MLSignalStrategyV2-V2,SELL,MARKET,100000.00,1.16033,USD,2.32 USD,TAKER,0a1501c9-6ce7-48b3-91fa-5f4363aa5190,2025-11-17 09:00:00+00:00,2025-11-17 09:00:00+00:00,{},False
O-20251117-090000-001-V2-3492,BACKTESTER-001,MLSignalStrategyV2-V2,EUR/USD.IDEALPRO,IDEALPRO-1-3492,IDEALPRO-001,IDEALPRO-1-840363,EUR/USD.IDEALPRO-MLSignalStrategyV2-V2,BUY,LIMIT,100000.00,1.15981,USD,2.32 USD,MAKER,8424e5ef-da26-4540-852e-4f6406a1eab5,2025-11-17 09:05:00+00:00,2025-11-17 09:05:00+00:00,{},False
O-20251117-093000-001-V2-3493,BACKTESTER-001,MLSignalStrategyV2-V2,EUR/USD.IDEALPRO,IDEALPRO-1-3493,IDEALPRO-001,IDEALPRO-1-840414,EUR/USD.IDEALPRO-MLSignalStrategyV2-V2,SELL,MARKET,100000.00,1.15982,USD,2.32 USD,TAKER,0690d5ba-67a1-42f1-b883-5eeca5a9bc2c,2025-11-17 09:30:00+00:00,2025-11-17 09:30:00+00:00,{},False
O-20251117-093000-001-V2-3494,BACKTESTER-001,MLSignalStrategyV2-V2,EUR/USD.IDEALPRO,IDEALPRO-1-3494,IDEALPRO-001,IDEALPRO-1-840425,EUR/USD.IDEALPRO-MLSignalStrategyV2-V2,BUY,STOP_MARKET,100000.00,1.16047,USD,2.32 USD,TAKER,94aaa4fe-ba87-4eac-a84b-af69bdbe4c66,2025-11-17 09:35:00+00:00,2025-11-17 09:35:00+00:00,{},False
O-20251117-141500-001-V2-3496,BACKTESTER-001,MLSignalStrategyV2-V2,EUR/USD.IDEALPRO,IDEALPRO-1-3496,IDEALPRO-001,IDEALPRO-1-840987,EUR/USD.IDEALPRO-MLSignalStrategyV2-V2,SELL,MARKET,100000.00,1.15937,USD,2.32 USD,TAKER,fcb139ee-e2ea-4191-8eab-e7f4449895f0,2025-11-17 14:15:00+00:00,2025-11-17 14:15:00+00:00,{},False
O-20251117-141500-001-V2-3498,BACKTESTER-001,MLSignalStrategyV2-V2,EUR/USD.IDEALPRO,IDEALPRO-1-3498,IDEALPRO-001,IDEALPRO-1-841033,EUR/USD.IDEALPRO-MLSignalStrategyV2-V2,BUY,LIMIT,100000.00,1.15884,USD,2.32 USD,MAKER,079101bc-a544-48de-9e2d-a00e7f918931,2025-11-17 14:38:00+00:00,2025-11-17 14:38:00+00:00,{},False
O-20251117-160000-001-V2-3499,BACKTESTER-001,MLSignalStrategyV2-V2,EUR/USD.IDEALPRO,IDEALPRO-1-3499,IDEALPRO-001,IDEALPRO-1-841198,EUR/USD.IDEALPRO-MLSignalStrategyV2-V2,SELL,MARKET,100000.00,1.15976,USD,2.32 USD,TAKER,975295f0-87d0-434f-8f11-459a49df4c4d,2025-11-17 16:00:00+00:00,2025-11-17 16:00:00+00:00,{},False
O-20251117-160000-001-V2-3501,BACKTESTER-001,MLSignalStrategyV2-V2,EUR/USD.IDEALPRO,IDEALPRO-1-3501,IDEALPRO-001,IDEALPRO-1-841417,EUR/USD.IDEALPRO-MLSignalStrategyV2-V2,BUY,LIMIT,100000.00,1.15916,USD,2.32 USD,MAKER,4c175a91-6970-465f-a5c7-3b3730f6825f,2025-11-17 17:49:00+00:00,2025-11-17 17:49:00+00:00,{},False
O-20251118-184500-001-V2-3502,BACKTESTER-001,MLSignalStrategyV2-V2,EUR/USD.IDEALPRO,IDEALPRO-1-3502,IDEALPRO-001,IDEALPRO-1-844381,EUR/USD.IDEALPRO-MLSignalStrategyV2-V2,SELL,MARKET,100000.00,1.15850,USD,2.32 USD,TAKER,a909fe5f-61f3-442a-81da-188eacc19151,2025-11-18 18:45:00+00:00,2025-11-18 18:45:00+00:00,{},False
O-20251118-184500-001-V2-3504,BACKTESTER-001,MLSignalStrategyV2-V2,EUR/USD.IDEALPRO,IDEALPRO-1-3504,IDEALPRO-001,IDEALPRO-1-844637,EUR/USD.IDEALPRO-MLSignalStrategyV2-V2,BUY,LIMIT,100000.00,1.15788,USD,2.32 USD,MAKER,333e270c-cbfb-401d-915a-f77241c97c29,2025-11-18 20:53:00+00:00,2025-11-18 20:53:00+00:00,{},False
O-20251118-231500-001-V2-3505,BACKTESTER-001,MLSignalStrategyV2-V2,EUR/USD.IDEALPRO,IDEALPRO-1-3505,IDEALPRO-001,IDEALPRO-1-844893,EUR/USD.IDEALPRO-MLSignalStrategyV2-V2,BUY,MARKET,100000.00,1.15787,USD,2.32 USD,TAKER,8f86aae2-aac9-48af-91b5-9c5105f6739a,2025-11-18 23:15:00+00:00,2025-11-18 23:15:00+00:00,{},False
O-20251118-231500-001-V2-3507,BACKTESTER-001,MLSignalStrategyV2-V2,EUR/USD.IDEALPRO,IDEALPRO-1-3507,IDEALPRO-001,IDEALPRO-1-844993,EUR/USD.IDEALPRO-MLSignalStrategyV2-V2,SELL,LIMIT,100000.00,1.15822,USD,2.32 USD,MAKER,7a40b3c2-ba00-4b24-b28e-0c7324bba6e7,2025-11-19 00:05:00+00:00,2025-11-19 00:05:00+00:00,{},False
O-20251119-093000-001-V2-3508,BACKTESTER-001,MLSignalStrategyV2-V2,EUR/USD.IDEALPRO,IDEALPRO-1-3508,IDEALPRO-001,IDEALPRO-1-846125,EUR/USD.IDEALPRO-MLSignalStrategyV2-V2,BUY,MARKET,100000.00,1.15757,USD,2.32 USD,TAKER,853b7529-e5e7-4f61-8d98-358414ee28b8,2025-11-19 09:30:00+00:00,2025-11-19 09:30:00+00:00,{},False
O-20251119-093000-001-V2-3509,BACKTESTER-001,MLSignalStrategyV2-V2,EUR/USD.IDEALPRO,IDEALPRO-1-3509,IDEALPRO-001,IDEALPRO-1-846163,EUR/USD.IDEALPRO-MLSignalStrategyV2-V2,SELL,STOP_MARKET,100000.00,1.15664,USD,2.31 USD,TAKER,43e77449-9102-496c-907b-54beb6db56d7,2025-11-19 09:49:00+00:00,2025-11-19 09:49:00+00:00,{},False
O-20251119-173000-001-V2-3511,BACKTESTER-001,MLSignalStrategyV2-V2,EUR/USD.IDEALPRO,IDEALPRO-1-3511,IDEALPRO-001,IDEALPRO-1-847086,EUR/USD.IDEALPRO-MLSignalStrategyV2-V2,BUY,MARKET,100000.00,1.15295,USD,2.31 USD,TAKER,0720d9d2-ee76-406e-b823-7c3976e1e509,2025-11-19 17:30:00+00:00,2025-11-19 17:30:00+00:00,{},False
O-20251119-173000-001-V2-3513,BACKTESTER-001,MLSignalStrategyV2-V2,EUR/USD.IDEALPRO,IDEALPRO-1-3513,IDEALPRO-001,IDEALPRO-1-847243,EUR/USD.IDEALPRO-MLSignalStrategyV2-V2,SELL,LIMIT,100000.00,1.15373,USD,2.31 USD,MAKER,58977015-4e59-402b-85cc-b35f60b44996,2025-11-19 18:48:00+00:00,2025-11-19 18:48:00+00:00,{},False
O-20251119-210000-001-V2-3514,BACKTESTER-001,MLSignalStrategyV2-V2,EUR/USD.IDEALPRO,IDEALPRO-1-3514,IDEALPRO-001,IDEALPRO-1-847508,EUR/USD.IDEALPRO-MLSignalStrategyV2-V2,BUY,MARKET,100000.00,1.15263,USD,2.31 USD,TAKER,dd957f4a-cc90-4d25-a659-01fceab737c9,2025-11-19 21:00:00+00:00,2025-11-19 21:00:00+00:00,{},False
O-20251119-210000-001-V2-3516,BACKTESTER-001,MLSignalStrategyV2-V2,EUR/USD.IDEALPRO,IDEALPRO-1-3516,IDEALPRO-001,IDEALPRO-1-847575,EUR/USD.IDEALPRO-MLSignalStrategyV2-V2,SELL,LIMIT,100000.00,1.15319,USD,2.31 USD,MAKER,5c24b721-3bea-4b0c-9a32-d31d56cf769b,2025-11-19 21:33:00+00:00,2025-11-19 21:33:00+00:00,{},False
O-20251120-000000-001-V2-3517,BACKTESTER-001,MLSignalStrategyV2-V2,EUR/USD.IDEALPRO,IDEALPRO-1-3517,IDEALPRO-001,IDEALPRO-1-847840,EUR/USD.IDEALPRO-MLSignalStrategyV2-V2,SELL,MARKET,100000.00,1.15393,USD,2.31 USD,TAKER,205ff3ea-c605-49da-ba52-8ee9335bc594,2025-11-20 00:00:00+00:00,2025-11-20 00:00:00+00:00,{},False
O-20251120-000000-001-V2-3519,BACKTESTER-001,MLSignalStrategyV2-V2,EUR/USD.IDEALPRO,IDEALPRO-1-3519,IDEALPRO-001,IDEALPRO-1-847845,EUR/USD.IDEALPRO-MLSignalStrategyV2-V2,BUY,LIMIT,100000.00,1.15350,USD,2.31 USD,MAKER,182b30aa-01e1-444f-ada2-8f7ff20fa7ca,2025-11-20 00:02:00+00:00,2025-11-20 00:02:00+00:00,{},False
O-20251120-003000-001-V2-3520,BACKTESTER-001,MLSignalStrategyV2-V2,EUR/USD.IDEALPRO,IDEALPRO-1-3520,IDEALPRO-001,IDEALPRO-1-847903,EUR/USD.IDEALPRO-MLSignalStrategyV2-V2,BUY,MARKET,100000.00,1.15314,USD,2.31 USD,TAKER,9e6a7cc1-30c5-4e23-9ce7-345a62698665,2025-11-20 00:30:00+00:00,2025-11-20 00:30:00+00:00,{},False
O-20251120-003000-001-V2-3522,BACKTESTER-001,MLSignalStrategyV2-V2,EUR/USD.IDEALPRO,IDEALPRO-1-3522,IDEALPRO-001,IDEALPRO-1-847965,EUR/USD.IDEALPRO-MLSignalStrategyV2-V2,SELL,LIMIT,100000.00,1.15354,USD,2.31 USD,MAKER,8f411aea-c3d2-411b-a7a7-725adb7f9e75,2025-11-20 01:01:00+00:00,2025-11-20 01:01:00+00:00,{},False
O-20251120-011500-001-V2-3523,BACKTESTER-001,MLSignalStrategyV2-V2,EUR/USD.IDEALPRO,IDEALPRO-1-3523,IDEALPRO-001,IDEALPRO-1-847994,EUR/USD.IDEALPRO-MLSignalStrategyV2-V2,BUY,MARKET,100000.00,1.15300,USD,2.31 USD,TAKER,1a905147-3857-4220-9d17-e968b2e0e07e,2025-11-20 01:15:00+00:00,2025-11-20 01:15:00+00:00,{},False
O-20251120-011500-001-V2-3524,BACKTESTER-001,MLSignalStrategyV2-V2,EUR/USD.IDEALPRO,IDEALPRO-1-3524,IDEALPRO-001,IDEALPRO-1-848071,EUR/USD.IDEALPRO-MLSignalStrategyV2-V2,SELL,STOP_MARKET,100000.00,1.15236,USD,2.30 USD,TAKER,2a09bb02-2da3-4c31-99d1-9fb3eec3cf23,2025-11-20 01:53:00+00:00,2025-11-20 01:53:00+00:00,{},False
O-20251120-044500-001-V2-3526,BACKTESTER-001,MLSignalStrategyV2-V2,EUR/USD.IDEALPRO,IDEALPRO-1-3526,IDEALPRO-001,IDEALPRO-1-848416,EUR/USD.IDEALPRO-MLSignalStrategyV2-V2,SELL,MARKET,100000.00,1.15199,USD,2.30 USD,TAKER,60b52ae2-9728-46eb-80e7-9caf449b74fc,2025-11-20 04:45:00+00:00,2025-11-20 04:45:00+00:00,{},False
O-20251120-044500-001-V2-3528,BACKTESTER-001,MLSignalStrategyV2-V2,EUR/USD.IDEALPRO,IDEALPRO-1-3528,IDEALPRO-001,IDEALPRO-1-848467,EUR/USD.IDEALPRO-MLSignalStrategyV2-V2,BUY,LIMIT,100000.00,1.15157,USD,2.30 USD,MAKER,451e4597-af83-4af8-9ec6-7f1dddc36af0,2025-11-20 05:10:00+00:00,2025-11-20 05:10:00+00:00,{},False
O-20251120-194500-001-V2-3529,BACKTESTER-001,MLSignalStrategyV2-V2,EUR/USD.IDEALPRO,IDEALPRO-1-3529,IDEALPRO-001,IDEALPRO-1-850219,EUR/USD.IDEALPRO-MLSignalStrategyV2-V2,BUY,MARKET,100000.00,1.15366,USD,2.31 USD,TAKER,6a66cf26-e645-43cf-a239-e742a5cd72f2,2025-11-20 19:45:00+00:00,2025-11-20 19:45:00+00:00,{},False
O-20251120-194500-001-V2-3530,BACKTESTER-001,MLSignalStrategyV2-V2,EUR/USD.IDEALPRO,IDEALPRO-1-3530,IDEALPRO-001,IDEALPRO-1-850295,EUR/USD.IDEALPRO-MLSignalStrategyV2-V2,SELL,STOP_MARKET,100000.00,1.15295,USD,2.31 USD,TAKER,a120218e-0033-4248-9fa2-0c578c84b486,2025-11-20 20:23:00+00:00,2025-11-20 20:23:00+00:00,{},False
O-20251121-081500-001-V2-3532,BACKTESTER-001,MLSignalStrategyV2-V2,EUR/USD.IDEALPRO,IDEALPRO-1-3532,IDEALPRO-001,IDEALPRO-1-851690,EUR/USD.IDEALPRO-MLSignalStrategyV2-V2,BUY,MARKET,100000.00,1.15457,USD,2.31 USD,TAKER,a798c66e-ab16-462b-8a3f-f0ab7480dc8f,2025-11-21 08:15:00+00:00,2025-11-21 08:15:00+00:00,{},False
O-20251121-081500-001-V2-3534,BACKTESTER-001,MLSignalStrategyV2-V2,EUR/USD.IDEALPRO,IDEALPRO-1-3534,IDEALPRO-001,IDEALPRO-1-851697,EUR/USD.IDEALPRO-MLSignalStrategyV2-V2,SELL,LIMIT,100000.00,1.15522,USD,2.31 USD,MAKER,c830400a-a0e4-49ab-86fa-1bcd78a4dec8,2025-11-21 08:18:00+00:00,2025-11-21 08:18:00+00:00,{},False
O-20251121-101500-001-V2-3535,BACKTESTER-001,MLSignalStrategyV2-V2,EUR/USD.IDEALPRO,IDEALPRO-1-3535,IDEALPRO-001,IDEALPRO-1-851932,EUR/USD.IDEALPRO-MLSignalStrategyV2-V2,BUY,MARKET,100000.00,1.15173,USD,2.30 USD,TAKER,d4ed4152-42f0-4828-8342-eb31d22f2b3e,2025-11-21 10:15:00+00:00,2025-11-21 10:15:00+00:00,{},False
O-20251121-101500-001-V2-3536,BACKTESTER-001,MLSignalStrategyV2-V2,EUR/USD.IDEALPRO,IDEALPRO-1-3536,IDEALPRO-001,IDEALPRO-1-852131,EUR/USD.IDEALPRO-MLSignalStrategyV2-V2,SELL,STOP_MARKET,100000.00,1.15053,USD,2.30 USD,TAKER,aaba5692-6d3a-4194-8404-af2549eb9d02,2025-11-21 11:54:00+00:00,2025-11-21 11:54:00+00:00,{},False
O-20251121-141500-001-V2-3538,BACKTESTER-001,MLSignalStrategyV2-V2,EUR/USD.IDEALPRO,IDEALPRO-1-3538,IDEALPRO-001,IDEALPRO-1-852414,EUR/USD.IDEALPRO-MLSignalStrategyV2-V2,SELL,MARKET,100000.00,1.15126,USD,2.30 USD,TAKER,4589a267-ecce-4161-9651-42258ed471d9,2025-11-21 14:15:00+00:00,2025-11-21 14:15:00+00:00,{},False
O-20251121-141500-001-V2-3539,BACKTESTER-001,MLSignalStrategyV2-V2,EUR/USD.IDEALPRO,IDEALPRO-1-3539,IDEALPRO-001,IDEALPRO-1-852509,EUR/USD.IDEALPRO-MLSignalStrategyV2-V2,BUY,STOP_MARKET,100000.00,1.15232,USD,2.30 USD,TAKER,ccad174a-b9ff-4173-8ed0-74cfb338278e,2025-11-21 15:02:00+00:00,2025-11-21 15:02:00+00:00,{},False
O-20251121-161500-001-V2-3541,BACKTESTER-001,MLSignalStrategyV2-V2,EUR/USD.IDEALPRO,IDEALPRO-1-3541,IDEALPRO-001,IDEALPRO-1-852657,EUR/USD.IDEALPRO-MLSignalStrategyV2-V2,BUY,MARKET,100000.00,1.14976,USD,2.30 USD,TAKER,4dffc806-2130-4fae-b0fd-70aece9b2c13,2025-11-21 16:15:00+00:00,2025-11-21 16:15:00+00:00,{},False
O-20251121-161500-001-V2-3543,BACKTESTER-001,MLSignalStrategyV2-V2,EUR/USD.IDEALPRO,IDEALPRO-1-3543,IDEALPRO-001,IDEALPRO-1-852749,EUR/USD.IDEALPRO-MLSignalStrategyV2-V2,SELL,LIMIT,100000.00,1.15086,USD,2.30 USD,MAKER,286013dd-73f1-471a-a8c6-28187e38fd9e,2025-11-21 17:01:00+00:00,2025-11-21 17:01:00+00:00,{},False
O-20251123-223000-001-V2-3544,BACKTESTER-001,MLSignalStrategyV2-V2,EUR/USD.IDEALPRO,IDEALPRO-1-3544,IDEALPRO-001,IDEALPRO-1-853378,EUR/USD.IDEALPRO-MLSignalStrategyV2-V2,BUY,MARKET,100000.00,1.15134,USD,2.30 USD,TAKER,d5f5ed5c-08f8-42ea-83f0-9a3e4adba6ec,2025-11-23 22:30:00+00:00,2025-11-23 22:30:00+00:00,{},False
O-20251123-223000-001-V2-3545,BACKTESTER-001,MLSignalStrategyV2-V2,EUR/USD.IDEALPRO,IDEALPRO-1-3545,IDEALPRO-001,IDEALPRO-1-853493,EUR/USD.IDEALPRO-MLSignalStrategyV2-V2,SELL,STOP_MARKET,100000.00,1.15061,USD,2.30 USD,TAKER,76904374-fdc7-4aa6-9b51-6ca352c619ec,2025-11-23 23:27:00+00:00,2025-11-23 23:27:00+00:00,{},False
O-20251123-233000-001-V2-3547,BACKTESTER-001,MLSignalStrategyV2-V2,EUR/USD.IDEALPRO,IDEALPRO-1-3547,IDEALPRO-001,IDEALPRO-1-853500,EUR/USD.IDEALPRO-MLSignalStrategyV2-V2,BUY,MARKET,100000.00,1.15087,USD,2.30 USD,TAKER,33a27c72-693e-43cc-82d4-88f0a8141b5e,2025-11-23 23:30:00+00:00,2025-11-23 23:30:00+00:00,{},False
O-20251123-233000-001-V2-3548,BACKTESTER-001,MLSignalStrategyV2-V2,EUR/USD.IDEALPRO,IDEALPRO-1-3548,IDEALPRO-001,IDEALPRO-1-853599,EUR/USD.IDEALPRO-MLSignalStrategyV2-V2,SELL,STOP_MARKET,100000.00,1.15034,USD,2.30 USD,TAKER,d5590f24-8cd6-4def-be3a-ec69ffca3f82,2025-11-24 00:19:00+00:00,2025-11-24 00:19:00+00:00,{},False
O-20251124-030000-001-V2-3550,BACKTESTER-001,MLSignalStrategyV2-V2,EUR/USD.IDEALPRO,IDEALPRO-1-3550,IDEALPRO-001,IDEALPRO-1-853923,EUR/USD.IDEALPRO-MLSignalStrategyV2-V2,SELL,MARKET,100000.00,1.15158,USD,2.30 USD,TAKER,190a8a20-8c29-412d-972e-901438fa4d62,2025-11-24 03:00:00+00:00,2025-11-24 03:00:00+00:00,{},False
O-20251124-030000-001-V2-3551,BACKTESTER-001,MLSignalStrategyV2-V2,EUR/USD.IDEALPRO,IDEALPRO-1-3551,IDEALPRO-001,IDEALPRO-1-854155,EUR/USD.IDEALPRO-MLSignalStrategyV2-V2,BUY,STOP_MARKET,100000.00,1.15211,USD,2.30 USD,TAKER,6202b1bc-1b70-424c-addf-019a387ae633,2025-11-24 04:56:00+00:00,2025-11-24 04:56:00+00:00,{},False
O-20251124-153000-001-V2-3553,BACKTESTER-001,MLSignalStrategyV2-V2,EUR/USD.IDEALPRO,IDEALPRO-1-3553,IDEALPRO-001,IDEALPRO-1-855425,EUR/USD.IDEALPRO-MLSignalStrategyV2-V2,SELL,MARKET,100000.00,1.15216,USD,2.30 USD,TAKER,566f22b8-fc05-45bb-ae27-49b5c9615cdc,2025-11-24 15:30:00+00:00,2025-11-24 15:30:00+00:00,{},False
O-20251124-153000-001-V2-3554,BACKTESTER-001,MLSignalStrategyV2-V2,EUR/USD.IDEALPRO,IDEALPRO-1-3554,IDEALPRO-001,IDEALPRO-1-855447,EUR/USD.IDEALPRO-MLSignalStrategyV2-V2,BUY,STOP_MARKET,100000.00,1.15302,USD,2.31 USD,TAKER,2f1445aa-f1f4-4679-b49d-f6d76ad4eb87,2025-11-24 15:41:00+00:00,2025-11-24 15:41:00+00:00,{},False
O-20251124-184500-001-V2-3556,BACKTESTER-001,MLSignalStrategyV2-V2,EUR/USD.IDEALPRO,IDEALPRO-1-3556,IDEALPRO-001,IDEALPRO-1-855816,EUR/USD.IDEALPRO-MLSignalStrategyV2-V2,SELL,MARKET,100000.00,1.15234,USD,2.30 USD,TAKER,c994cac5-ee1f-4d98-90b2-188ea7503f0e,2025-11-24 18:45:00+00:00,2025-11-24 18:45:00+00:00,{},False
O-20251124-184500-001-V2-3557,BACKTESTER-001,MLSignalStrategyV2-V2,EUR/USD.IDEALPRO,IDEALPRO-1-3557,IDEALPRO-001,IDEALPRO-1-856611,EUR/USD.IDEALPRO-MLSignalStrategyV2-V2,BUY,STOP_MARKET,100000.00,1.15301,USD,2.31 USD,TAKER,ff4d5390-e24c-40bd-bcab-4c0f982a48e3,2025-11-25 01:37:00+00:00,2025-11-25 01:37:00+00:00,{},False
O-20251125-124500-001-V2-3559,BACKTESTER-001,MLSignalStrategyV2-V2,EUR/USD.IDEALPRO,IDEALPRO-1-3559,IDEALPRO-001,IDEALPRO-1-857948,EUR/USD.IDEALPRO-MLSignalStrategyV2-V2,SELL,MARKET,100000.00,1.15446,USD,2.31 USD,TAKER,f4307b1d-9886-4401-bc5a-059cc1ea229a,2025-11-25 12:45:00+00:00,2025-11-25 12:45:00+00:00,{},False
O-20251125-124500-001-V2-3560,BACKTESTER-001,MLSignalStrategyV2-V2,EUR/USD.IDEALPRO,IDEALPRO-1-3560,IDEALPRO-001,IDEALPRO-1-857950,EUR/USD.IDEALPRO-MLSignalStrategyV2-V2,BUY,STOP_MARKET,100000.00,1.15558,USD,2.31 USD,TAKER,b4ecfcc6-8730-47a1-ba16-6c01c46b2225,2025-11-25 12:45:00+00:00,2025-11-25 12:45:00+00:00,{},False
O-20251125-124500-001-V2-3562,BACKTESTER-001,MLSignalStrategyV2-V2,EUR/USD.IDEALPRO,IDEALPRO-1-3562,IDEALPRO-001,IDEALPRO-1-857951,EUR/USD.IDEALPRO-MLSignalStrategyV2-V2,SELL,MARKET,100000.00,1.15447,USD,2.31 USD,TAKER,75aa386b-60ed-45d4-985a-94930ce81138,2025-11-25 12:45:00+00:00,2025-11-25 12:45:00+00:00,{},False
O-20251125-124500-001-V2-3564,BACKTESTER-001,MLSignalStrategyV2-V2,EUR/USD.IDEALPRO,IDEALPRO-1-3564,IDEALPRO-001,IDEALPRO-1-857957,EUR/USD.IDEALPRO-MLSignalStrategyV2-V2,BUY,LIMIT,100000.00,1.15359,USD,2.31 USD,MAKER,84b72a52-38fd-4c5a-a228-2ea599e2a22c,2025-11-25 12:48:00+00:00,2025-11-25 12:48:00+00:00,{},False
O-20251125-134500-001-V2-3565,BACKTESTER-001,MLSignalStrategyV2-V2,EUR/USD.IDEALPRO,IDEALPRO-1-3565,IDEALPRO-001,IDEALPRO-1-858072,EUR/USD.IDEALPRO-MLSignalStrategyV2-V2,SELL,MARKET,100000.00,1.15466,USD,2.31 USD,TAKER,bef88f42-0b7f-498e-a5b8-55a680d73b8d,2025-11-25 13:45:00+00:00,2025-11-25 13:45:00+00:00,{},False
O-20251125-134500-001-V2-3566,BACKTESTER-001,MLSignalStrategyV2-V2,EUR/USD.IDEALPRO,IDEALPRO-1-3566,IDEALPRO-001,IDEALPRO-1-858105,EUR/USD.IDEALPRO-MLSignalStrategyV2-V2,BUY,STOP_MARKET,100000.00,1.15607,USD,2.31 USD,TAKER,c7220229-8e2c-45b0-ae18-b6628c9d44ee,2025-11-25 14:01:00+00:00,2025-11-25 14:01:00+00:00,{},False
O-20251126-003000-001-V2-3568,BACKTESTER-001,MLSignalStrategyV2-V2,EUR/USD.IDEALPRO,IDEALPRO-1-3568,IDEALPRO-001,IDEALPRO-1-859335,EUR/USD.IDEALPRO-MLSignalStrategyV2-V2,SELL,MARKET,100000.00,1.15704,USD,2.31 USD,TAKER,b47393b8-ae6b-4e75-b266-540f568a6dec,2025-11-26 00:30:00+00:00,2025-11-26 00:30:00+00:00,{},False
O-20251126-003000-001-V2-3570,BACKTESTER-001,MLSignalStrategyV2-V2,EUR/USD.IDEALPRO,IDEALPRO-1-3570,IDEALPRO-001,IDEALPRO-1-859361,EUR/USD.IDEALPRO-MLSignalStrategyV2-V2,BUY,LIMIT,100000.00,1.15665,USD,2.31 USD,MAKER,57073f3b-fe85-4994-b8a5-b728163526cd,2025-11-26 00:43:00+00:00,2025-11-26 00:43:00+00:00,{},False
O-20251126-004500-001-V2-3571,BACKTESTER-001,MLSignalStrategyV2-V2,EUR/USD.IDEALPRO,IDEALPRO-1-3571,IDEALPRO-001,IDEALPRO-1-859366,EUR/USD.IDEALPRO-MLSignalStrategyV2-V2,SELL,MARKET,100000.00,1.15673,USD,2.31 USD,TAKER,c55bc24d-55f6-4fa9-b795-a219d74507e4,2025-11-26 00:45:00+00:00,2025-11-26 00:45:00+00:00,{},False
O-20251126-004500-001-V2-3572,BACKTESTER-001,MLSignalStrategyV2-V2,EUR/USD.IDEALPRO,IDEALPRO-1-3572,IDEALPRO-001,IDEALPRO-1-859455,EUR/USD.IDEALPRO-MLSignalStrategyV2-V2,BUY,STOP_MARKET,100000.00,1.15728,USD,2.31 USD,TAKER,17eec5db-3d62-4128-8cde-2497325b5911,2025-11-26 01:29:00+00:00,2025-11-26 01:29:00+00:00,{},False
O-20251126-040000-001-V2-3574,BACKTESTER-001,MLSignalStrategyV2-V2,EUR/USD.IDEALPRO,IDEALPRO-1-3574,IDEALPRO-001,IDEALPRO-1-859758,EUR/USD.IDEALPRO-MLSignalStrategyV2-V2,SELL,MARKET,100000.00,1.15907,USD,2.32 USD,TAKER,5c15746e-8c64-46ea-adfa-8a9bb3b67856,2025-11-26 04:00:00+00:00,2025-11-26 04:00:00+00:00,{},False
O-20251126-040000-001-V2-3576,BACKTESTER-001,MLSignalStrategyV2-V2,EUR/USD.IDEALPRO,IDEALPRO-1-3576,IDEALPRO-001,IDEALPRO-1-859791,EUR/USD.IDEALPRO-MLSignalStrategyV2-V2,BUY,LIMIT,100000.00,1.15858,USD,2.32 USD,MAKER,0ba00c91-5689-4d5e-b45c-0643ad19e309,2025-11-26 04:16:00+00:00,2025-11-26 04:16:00+00:00,{},False
O-20251126-080000-001-V2-3577,BACKTESTER-001,MLSignalStrategyV2-V2,EUR/USD.IDEALPRO,IDEALPRO-1-3577,IDEALPRO-001,IDEALPRO-1-860240,EUR/USD.IDEALPRO-MLSignalStrategyV2-V2,BUY,MARKET,100000.00,1.15794,USD,2.32 USD,TAKER,744cc619-da29-420f-b452-7c12efaca463,2025-11-26 08:00:00+00:00,2025-11-26 08:00:00+00:00,{},False
O-20251126-080000-001-V2-3578,BACKTESTER-001,MLSignalStrategyV2-V2,EUR/USD.IDEALPRO,IDEALPRO-1-3578,IDEALPRO-001,IDEALPRO-1-860311,EUR/USD.IDEALPRO-MLSignalStrategyV2-V2,SELL,STOP_MARKET,100000.00,1.15717,USD,2.31 USD,TAKER,c23b17a8-e2bc-4e42-83a5-f52492db2da1,2025-11-26 08:35:00+00:00,2025-11-26 08:35:00+00:00,{},False
O-20251126-154500-001-V2-3580,BACKTESTER-001,MLSignalStrategyV2-V2,EUR/USD.IDEALPRO,IDEALPRO-1-3580,IDEALPRO-001,IDEALPRO-1-861172,EUR/USD.IDEALPRO-MLSignalStrategyV2-V2,BUY,MARKET,100000.00,1.15858,USD,2.32 USD,TAKER,2fccabe4-3b32-4d7c-909b-b0c7c594312a,2025-11-26 15:45:00+00:00,2025-11-26 15:45:00+00:00,{},False
O-20251126-154500-001-V2-3582,BACKTESTER-001,MLSignalStrategyV2-V2,EUR/USD.IDEALPRO,IDEALPRO-1-3582,IDEALPRO-001,IDEALPRO-1-861213,EUR/USD.IDEALPRO-MLSignalStrategyV2-V2,SELL,LIMIT,100000.00,1.15962,USD,2.32 USD,MAKER,a1db7008-a282-4341-a656-d98eea9b9bc1,2025-11-26 16:05:00+00:00,2025-11-26 16:05:00+00:00,{},False
O-20251126-213000-001-V2-3583,BACKTESTER-001,MLSignalStrategyV2-V2,EUR/USD.IDEALPRO,IDEALPRO-1-3583,IDEALPRO-001,IDEALPRO-1-861865,EUR/USD.IDEALPRO-MLSignalStrategyV2-V2,BUY,MARKET,100000.00,1.15949,USD,2.32 USD,TAKER,a4da56c3-978a-4cf6-808f-9e24246f1163,2025-11-26 21:30:00+00:00,2025-11-26 21:30:00+00:00,{},False
O-20251126-213000-001-V2-3585,BACKTESTER-001,MLSignalStrategyV2-V2,EUR/USD.IDEALPRO,IDEALPRO-1-3585,IDEALPRO-001,IDEALPRO-1-862227,EUR/USD.IDEALPRO-MLSignalStrategyV2-V2,SELL,LIMIT,100000.00,1.15997,USD,2.32 USD,MAKER,3b29d153-4a61-4753-9524-3ed47c20eb80,2025-11-26 23:31:00+00:00,2025-11-26 23:31:00+00:00,{},False
O-20251128-160000-001-V2-3586,BACKTESTER-001,MLSignalStrategyV2-V2,EUR/USD.IDEALPRO,IDEALPRO-1-3586,IDEALPRO-001,IDEALPRO-1-870567,EUR/USD.IDEALPRO-MLSignalStrategyV2-V2,SELL,MARKET,100000.00,1.16074,USD,2.32 USD,TAKER,abc4cd0e-c130-4112-828b-d96503cabbc5,2025-11-28 16:00:00+00:00,2025-11-28 16:00:00+00:00,{},False
O-20251128-160000-001-V2-3588,BACKTESTER-001,MLSignalStrategyV2-V2,EUR/USD.IDEALPRO,IDEALPRO-1-3588,IDEALPRO-001,IDEALPRO-1-870585,EUR/USD.IDEALPRO-MLSignalStrategyV2-V2,BUY,LIMIT,100000.00,1.15979,USD,2.32 USD,MAKER,1d855de8-d2b8-4aff-b2f3-d3d84b1f809b,2025-11-28 16:09:00+00:00,2025-11-28 16:09:00+00:00,{},False
O-20251130-223000-001-V2-3589,BACKTESTER-001,MLSignalStrategyV2-V2,EUR/USD.IDEALPRO,IDEALPRO-1-3589,IDEALPRO-001,IDEALPRO-1-871319,EUR/USD.IDEALPRO-MLSignalStrategyV2-V2,BUY,MARKET,100000.00,1.15963,USD,2.32 USD,TAKER,727aac89-8139-4e99-906b-048c5291bcf7,2025-11-30 22:30:00+00:00,2025-11-30 22:30:00+00:00,{},False
O-20251130-223000-001-V2-3591,BACKTESTER-001,MLSignalStrategyV2-V2,EUR/USD.IDEALPRO,IDEALPRO-1-3591,IDEALPRO-001,IDEALPRO-1-871379,EUR/USD.IDEALPRO-MLSignalStrategyV2-V2,SELL,LIMIT,100000.00,1.16005,USD,2.32 USD,MAKER,5a865a9c-56f8-4a75-ac02-5325f54322e7,2025-11-30 23:00:00+00:00,2025-11-30 23:00:00+00:00,{},False
O-20251130-231500-001-V2-3592,BACKTESTER-001,MLSignalStrategyV2-V2,EUR/USD.IDEALPRO,IDEALPRO-1-3592,IDEALPRO-001,IDEALPRO-1-871410,EUR/USD.IDEALPRO-MLSignalStrategyV2-V2,BUY,MARKET,100000.00,1.16074,USD,2.32 USD,TAKER,1b7e720a-38cf-42c9-bc7f-edbf38df1b44,2025-11-30 23:15:00+00:00,2025-11-30 23:15:00+00:00,{},False
O-20251130-231500-001-V2-3593,BACKTESTER-001,MLSignalStrategyV2-V2,EUR/USD.IDEALPRO,IDEALPRO-1-3593,IDEALPRO-001,IDEALPRO-1-871429,EUR/USD.IDEALPRO-MLSignalStrategyV2-V2,SELL,STOP_MARKET,100000.00,1.16026,USD,2.32 USD,TAKER,b013193a-3e24-49c0-aee4-b3cc313ec796,2025-11-30 23:24:00+00:00,2025-11-30 23:24:00+00:00,{},False
O-20251130-233000-001-V2-3595,BACKTESTER-001,MLSignalStrategyV2-V2,EUR/USD.IDEALPRO,IDEALPRO-1-3595,IDEALPRO-001,IDEALPRO-1-871442,EUR/USD.IDEALPRO-MLSignalStrategyV2-V2,BUY,MARKET,100000.00,1.15993,USD,2.32 USD,TAKER,fae654bf-882b-4860-9f6a-95f96219430b,2025-11-30 23:30:00+00:00,2025-11-30 23:30:00+00:00,{},False
O-20251130-233000-001-V2-3597,BACKTESTER-001,MLSignalStrategyV2-V2,EUR/USD.IDEALPRO,IDEALPRO-1-3597,IDEALPRO-001,IDEALPRO-1-871569,EUR/USD.IDEALPRO-MLSignalStrategyV2-V2,SELL,LIMIT,100000.00,1.16039,USD,2.32 USD,MAKER,02673cf6-5b6f-4517-b4d7-4eaba072c826,2025-12-01 00:33:00+00:00,2025-12-01 00:33:00+00:00,{},False
O-20251201-031500-001-V2-3598,BACKTESTER-001,MLSignalStrategyV2-V2,EUR/USD.IDEALPRO,IDEALPRO-1-3598,IDEALPRO-001,IDEALPRO-1-871895,EUR/USD.IDEALPRO-MLSignalStrategyV2-V2,SELL,MARKET,100000.00,1.15915,USD,2.32 USD,TAKER,d0bd054f-94d5-41c3-9bc2-842cd0d9bd45,2025-12-01 03:15:00+00:00,2025-12-01 03:15:00+00:00,{},False
O-20251201-031500-001-V2-3599,BACKTESTER-001,MLSignalStrategyV2-V2,EUR/USD.IDEALPRO,IDEALPRO-1-3599,IDEALPRO-001,IDEALPRO-1-871987,EUR/USD.IDEALPRO-MLSignalStrategyV2-V2,BUY,STOP_MARKET,100000.00,1.15981,USD,2.32 USD,TAKER,d9788b4a-de93-417e-bea9-cf1ed9fc49c0,2025-12-01 04:01:00+00:00,2025-12-01 04:01:00+00:00,{},False
O-20251201-081500-001-V2-3601,BACKTESTER-001,MLSignalStrategyV2-V2,EUR/USD.IDEALPRO,IDEALPRO-1-3601,IDEALPRO-001,IDEALPRO-1-872497,EUR/USD.IDEALPRO-MLSignalStrategyV2-V2,SELL,MARKET,100000.00,1.16155,USD,2.32 USD,TAKER,9babc525-32a4-4d2f-9bbc-04e69d495448,2025-12-01 08:15:00+00:00,2025-12-01 08:15:00+00:00,{},False
O-20251201-081500-001-V2-3603,BACKTESTER-001,MLSignalStrategyV2-V2,EUR/USD.IDEALPRO,IDEALPRO-1-3603,IDEALPRO-001,IDEALPRO-1-872551,EUR/USD.IDEALPRO-MLSignalStrategyV2-V2,BUY,LIMIT,100000.00,1.16084,USD,2.32 USD,MAKER,66f6e628-f9fb-4bae-bf3e-5a3c27b89ecf,2025-12-01 08:42:00+00:00,2025-12-01 08:42:00+00:00,{},False
O-20251201-130000-001-V2-3604,BACKTESTER-001,MLSignalStrategyV2-V2,EUR/USD.IDEALPRO,IDEALPRO-1-3604,IDEALPRO-001,IDEALPRO-1-873068,EUR/USD.IDEALPRO-MLSignalStrategyV2-V2,SELL,MARKET,100000.00,1.16488,USD,2.33 USD,TAKER,1fdc6fbb-a9bd-4e39-a36c-eef9b60f8f35,2025-12-01 13:00:00+00:00,2025-12-01 13:00:00+00:00,{},False
O-20251201-130000-001-V2-3606,BACKTESTER-001,MLSignalStrategyV2-V2,EUR/USD.IDEALPRO,IDEALPRO-1-3606,IDEALPRO-001,IDEALPRO-1-873103,EUR/USD.IDEALPRO-MLSignalStrategyV2-V2,BUY,LIMIT,100000.00,1.16420,USD,2.33 USD,MAKER,19e27399-490e-4a20-9a69-d9cd7d14de14,2025-12-01 13:17:00+00:00,2025-12-01 13:17:00+00:00,{},False
O-20251201-200000-001-V2-3607,BACKTESTER-001,MLSignalStrategyV2-V2,EUR/USD.IDEALPRO,IDEALPRO-1-3607,IDEALPRO-001,IDEALPRO-1-873910,EUR/USD.IDEALPRO-MLSignalStrategyV2-V2,BUY,MARKET,100000.00,1.16084,USD,2.32 USD,TAKER,aa367b2e-3fb1-497d-825a-cf67a33d070d,2025-12-01 20:00:00+00:00,2025-12-01 20:00:00+00:00,{},False
O-20251201-200000-001-V2-3609,BACKTESTER-001,MLSignalStrategyV2-V2,EUR/USD.IDEALPRO,IDEALPRO-1-3609,IDEALPRO-001,IDEALPRO-1-874847,EUR/USD.IDEALPRO-MLSignalStrategyV2-V2,SELL,LIMIT,100000.00,1.16129,USD,2.32 USD,MAKER,1a6c6a7e-2eaa-448e-99f4-443b8b876c45,2025-12-02 04:03:00+00:00,2025-12-02 04:03:00+00:00,{},False
O-20251202-211500-001-V2-3610,BACKTESTER-001,MLSignalStrategyV2-V2,EUR/USD.IDEALPRO,IDEALPRO-1-3610,IDEALPRO-001,IDEALPRO-1-876913,EUR/USD.IDEALPRO-MLSignalStrategyV2-V2,BUY,MARKET,100000.00,1.16226,USD,2.32 USD,TAKER,f8c4ecac-de2f-48e6-837f-614ef2532dae,2025-12-02 21:15:00+00:00,2025-12-02 21:15:00+00:00,{},False
O-20251202-211500-001-V2-3612,BACKTESTER-001,MLSignalStrategyV2-V2,EUR/USD.IDEALPRO,IDEALPRO-1-3612,IDEALPRO-001,IDEALPRO-1-877163,EUR/USD.IDEALPRO-MLSignalStrategyV2-V2,SELL,LIMIT,100000.00,1.16276,USD,2.33 USD,MAKER,b9fd73d4-4e53-473d-bbdb-8cb7eb056044,2025-12-02 23:35:00+00:00,2025-12-02 23:35:00+00:00,{},False
O-20251203-080000-001-V2-3613,BACKTESTER-001,MLSignalStrategyV2-V2,EUR/USD.IDEALPRO,IDEALPRO-1-3613,IDEALPRO-001,IDEALPRO-1-878175,EUR/USD.IDEALPRO-MLSignalStrategyV2-V2,SELL,MARKET,100000.00,1.16414,USD,2.33 USD,TAKER,80a0fa81-8d98-423d-ac4a-091a5b2507a4,2025-12-03 08:00:00+00:00,2025-12-03 08:00:00+00:00,{},False
O-20251203-080000-001-V2-3615,BACKTESTER-001,MLSignalStrategyV2-V2,EUR/USD.IDEALPRO,IDEALPRO-1-3615,IDEALPRO-001,IDEALPRO-1-878253,EUR/USD.IDEALPRO-MLSignalStrategyV2-V2,BUY,LIMIT,100000.00,1.16369,USD,2.33 USD,MAKER,2b312077-69b6-4260-8718-a67e90bbaa67,2025-12-03 08:39:00+00:00,2025-12-03 08:39:00+00:00,{},False
O-20251204-004500-001-V2-3616,BACKTESTER-001,MLSignalStrategyV2-V2,EUR/USD.IDEALPRO,IDEALPRO-1-3616,IDEALPRO-001,IDEALPRO-1-880157,EUR/USD.IDEALPRO-MLSignalStrategyV2-V2,BUY,MARKET,100000.00,1.16637,USD,2.33 USD,TAKER,d6b1f140-39cf-4287-85ec-1dd9964340b9,2025-12-04 00:45:00+00:00,2025-12-04 00:45:00+00:00,{},False
O-20251204-004500-001-V2-3617,BACKTESTER-001,MLSignalStrategyV2-V2,EUR/USD.IDEALPRO,IDEALPRO-1-3617,IDEALPRO-001,IDEALPRO-1-880237,EUR/USD.IDEALPRO-MLSignalStrategyV2-V2,SELL,STOP_MARKET,100000.00,1.16589,USD,2.33 USD,TAKER,69a29458-dcaf-4993-aaa3-f7e1266f73ba,2025-12-04 01:25:00+00:00,2025-12-04 01:25:00+00:00,{},False
O-20251204-013000-001-V2-3619,BACKTESTER-001,MLSignalStrategyV2-V2,EUR/USD.IDEALPRO,IDEALPRO-1-3619,IDEALPRO-001,IDEALPRO-1-880249,EUR/USD.IDEALPRO-MLSignalStrategyV2-V2,SELL,MARKET,100000.00,1.16607,USD,2.33 USD,TAKER,cefc7680-8249-4b70-b443-e3d4956f0645,2025-12-04 01:30:00+00:00,2025-12-04 01:30:00+00:00,{},False
O-20251204-013000-001-V2-3621,BACKTESTER-001,MLSignalStrategyV2-V2,EUR/USD.IDEALPRO,IDEALPRO-1-3621,IDEALPRO-001,IDEALPRO-1-880453,EUR/USD.IDEALPRO-MLSignalStrategyV2-V2,BUY,LIMIT,100000.00,1.16566,USD,2.33 USD,MAKER,850c7eb2-9170-43eb-b5fc-32ff80f9db25,2025-12-04 03:12:00+00:00,2025-12-04 03:12:00+00:00,{},False
O-20251204-200000-001-V2-3622,BACKTESTER-001,MLSignalStrategyV2-V2,EUR/USD.IDEALPRO,IDEALPRO-1-3622,IDEALPRO-001,IDEALPRO-1-882470,EUR/USD.IDEALPRO-MLSignalStrategyV2-V2,SELL,MARKET,100000.00,1.16527,USD,2.33 USD,TAKER,f3ed42cd-3420-40af-9982-8a774b6e50c8,2025-12-04 20:00:00+00:00,2025-12-04 20:00:00+00:00,{},False
O-20251204-200000-001-V2-3624,BACKTESTER-001,MLSignalStrategyV2-V2,EUR/USD.IDEALPRO,IDEALPRO-1-3624,IDEALPRO-001,IDEALPRO-1-882509,EUR/USD.IDEALPRO-MLSignalStrategyV2-V2,BUY,LIMIT,100000.00,1.16481,USD,2.33 USD,MAKER,2328ff04-bdb6-4d9b-a446-45c0eccfbeca,2025-12-04 20:19:00+00:00,2025-12-04 20:19:00+00:00,{},False
O-20251207-223000-001-V2-3625,BACKTESTER-001,MLSignalStrategyV2-V2,EUR/USD.IDEALPRO,IDEALPRO-1-3625,IDEALPRO-001,IDEALPRO-1-885592,EUR/USD.IDEALPRO-MLSignalStrategyV2-V2,BUY,MARKET,100000.00,1.16403,USD,2.33 USD,TAKER,fb3230ad-022e-4c9f-94d1-c600abc834cc,2025-12-07 22:30:00+00:00,2025-12-07 22:30:00+00:00,{},False
O-20251207-223000-001-V2-3627,BACKTESTER-001,MLSignalStrategyV2-V2,EUR/USD.IDEALPRO,IDEALPRO-1-3627,IDEALPRO-001,IDEALPRO-1-885643,EUR/USD.IDEALPRO-MLSignalStrategyV2-V2,SELL,LIMIT,100000.00,1.16462,USD,2.33 USD,MAKER,0c105eb3-c61d-4cca-9ebc-f6d00098eb29,2025-12-07 22:55:00+00:00,2025-12-07 22:55:00+00:00,{},False
O-20251207-230000-001-V2-3628,BACKTESTER-001,MLSignalStrategyV2-V2,EUR/USD.IDEALPRO,IDEALPRO-1-3628,IDEALPRO-001,IDEALPRO-1-885654,EUR/USD.IDEALPRO-MLSignalStrategyV2-V2,BUY,MARKET,100000.00,1.16463,USD,2.33 USD,TAKER,7082ab14-97ab-477f-aa35-0b5634d20927,2025-12-07 23:00:00+00:00,2025-12-07 23:00:00+00:00,{},False
O-20251207-230000-001-V2-3629,BACKTESTER-001,MLSignalStrategyV2-V2,EUR/USD.IDEALPRO,IDEALPRO-1-3629,IDEALPRO-001,IDEALPRO-1-885661,EUR/USD.IDEALPRO-MLSignalStrategyV2-V2,SELL,STOP_MARKET,100000.00,1.16405,USD,2.33 USD,TAKER,dbc7b8cb-2346-449a-a17f-fd6397f12bb5,2025-12-07 23:03:00+00:00,2025-12-07 23:03:00+00:00,{},False
O-20251207-231500-001-V2-3631,BACKTESTER-001,MLSignalStrategyV2-V2,EUR/USD.IDEALPRO,IDEALPRO-1-3631,IDEALPRO-001,IDEALPRO-1-885686,EUR/USD.IDEALPRO-MLSignalStrategyV2-V2,BUY,MARKET,100000.00,1.16428,USD,2.33 USD,TAKER,abf161a7-77d4-436b-aa19-7572fb0c8350,2025-12-07 23:15:00+00:00,2025-12-07 23:15:00+00:00,{},False
O-20251207-231500-001-V2-3633,BACKTESTER-001,MLSignalStrategyV2-V2,EUR/USD.IDEALPRO,IDEALPRO-1-3633,IDEALPRO-001,IDEALPRO-1-885833,EUR/USD.IDEALPRO-MLSignalStrategyV2-V2,SELL,LIMIT,100000.00,1.16469,USD,2.33 USD,MAKER,b94c6268-4384-440b-8d7c-ddfce40d0c1d,2025-12-08 00:28:00+00:00,2025-12-08 00:28:00+00:00,{},False
O-20251208-061500-001-V2-3634,BACKTESTER-001,MLSignalStrategyV2-V2,EUR/USD.IDEALPRO,IDEALPRO-1-3634,IDEALPRO-001,IDEALPRO-1-886529,EUR/USD.IDEALPRO-MLSignalStrategyV2-V2,SELL,MARKET,100000.00,1.16646,USD,2.33 USD,TAKER,e63a33e2-7839-4990-8c61-592aaba60bcd,2025-12-08 06:15:00+00:00,2025-12-08 06:15:00+00:00,{},False
O-20251208-061500-001-V2-3636,BACKTESTER-001,MLSignalStrategyV2-V2,EUR/USD.IDEALPRO,IDEALPRO-1-3636,IDEALPRO-001,IDEALPRO-1-886599,EUR/USD.IDEALPRO-MLSignalStrategyV2-V2,BUY,LIMIT,100000.00,1.16604,USD,2.33 USD,MAKER,3866afb0-cb14-44d6-b526-449332cbea7b,2025-12-08 06:50:00+00:00,2025-12-08 06:50:00+00:00,{},False
O-20251208-083000-001-V2-3637,BACKTESTER-001,MLSignalStrategyV2-V2,EUR/USD.IDEALPRO,IDEALPRO-1-3637,IDEALPRO-001,IDEALPRO-1-886800,EUR/USD.IDEALPRO-MLSignalStrategyV2-V2,SELL,MARKET,100000.00,1.16504,USD,2.33 USD,TAKER,b79542a8-79d5-4972-965b-283d61ad63f7,2025-12-08 08:30:00+00:00,2025-12-08 08:30:00+00:00,{},False
O-20251208-083000-001-V2-3638,BACKTESTER-001,MLSignalStrategyV2-V2,EUR/USD.IDEALPRO,IDEALPRO-1-3638,IDEALPRO-001,IDEALPRO-1-886863,EUR/USD.IDEALPRO-MLSignalStrategyV2-V2,BUY,STOP_MARKET,100000.00,1.16576,USD,2.33 USD,TAKER,8b40a5b9-4bea-4502-8b28-50931a6c6fce,2025-12-08 09:01:00+00:00,2025-12-08 09:01:00+00:00,{},False
O-20251208-093000-001-V2-3640,BACKTESTER-001,MLSignalStrategyV2-V2,EUR/USD.IDEALPRO,IDEALPRO-1-3640,IDEALPRO-001,IDEALPRO-1-886922,EUR/USD.IDEALPRO-MLSignalStrategyV2-V2,SELL,MARKET,100000.00,1.16519,USD,2.33 USD,TAKER,3df5ff2c-8fd3-433d-ad84-fd50a0c510b5,2025-12-08 09:30:00+00:00,2025-12-08 09:30:00+00:00,{},False
O-20251208-093000-001-V2-3642,BACKTESTER-001,MLSignalStrategyV2-V2,EUR/USD.IDEALPRO,IDEALPRO-1-3642,IDEALPRO-001,IDEALPRO-1-887427,EUR/USD.IDEALPRO-MLSignalStrategyV2-V2,BUY,LIMIT,100000.00,1.16458,USD,2.33 USD,MAKER,7f6489a5-1e30-4444-8368-6c154a2d2c94,2025-12-08 13:42:00+00:00,2025-12-08 13:42:00+00:00,{},False
O-20251208-184500-001-V2-3643,BACKTESTER-001,MLSignalStrategyV2-V2,EUR/USD.IDEALPRO,IDEALPRO-1-3643,IDEALPRO-001,IDEALPRO-1-888034,EUR/USD.IDEALPRO-MLSignalStrategyV2-V2,BUY,MARKET,100000.00,1.16407,USD,2.33 USD,TAKER,c0bea877-6f50-4816-bcc6-052ee4bfbc6e,2025-12-08 18:45:00+00:00,2025-12-08 18:45:00+00:00,{},False
O-20251208-184500-001-V2-3645,BACKTESTER-001,MLSignalStrategyV2-V2,EUR/USD.IDEALPRO,IDEALPRO-1-3645,IDEALPRO-001,IDEALPRO-1-888867,EUR/USD.IDEALPRO-MLSignalStrategyV2-V2,SELL,LIMIT,100000.00,1.16470,USD,2.33 USD,MAKER,00490fc0-11b0-4b85-995d-5e50eb0259f3,2025-12-09 01:56:00+00:00,2025-12-09 01:56:00+00:00,{},False
O-20251209-103000-001-V2-3646,BACKTESTER-001,MLSignalStrategyV2-V2,EUR/USD.IDEALPRO,IDEALPRO-1-3646,IDEALPRO-001,IDEALPRO-1-889896,EUR/USD.IDEALPRO-MLSignalStrategyV2-V2,SELL,MARKET,100000.00,1.16448,USD,2.33 USD,TAKER,75c44697-d0ed-4577-95a7-8834833e3cf3,2025-12-09 10:30:00+00:00,2025-12-09 10:30:00+00:00,{},False
O-20251209-103000-001-V2-3648,BACKTESTER-001,MLSignalStrategyV2-V2,EUR/USD.IDEALPRO,IDEALPRO-1-3648,IDEALPRO-001,IDEALPRO-1-889967,EUR/USD.IDEALPRO-MLSignalStrategyV2-V2,BUY,LIMIT,100000.00,1.16392,USD,2.33 USD,MAKER,084ca0ae-ab11-4234-886f-493c83a292b0,2025-12-09 11:05:00+00:00,2025-12-09 11:05:00+00:00,{},False
O-20251209-111500-001-V2-3649,BACKTESTER-001,MLSignalStrategyV2-V2,EUR/USD.IDEALPRO,IDEALPRO-1-3649,IDEALPRO-001,IDEALPRO-1-889989,EUR/USD.IDEALPRO-MLSignalStrategyV2-V2,SELL,MARKET,100000.00,1.16389,USD,2.33 USD,TAKER,b86f76f9-d487-4305-9481-4e69cf1e67e7,2025-12-09 11:15:00+00:00,2025-12-09 11:15:00+00:00,{},False
O-20251209-111500-001-V2-3650,BACKTESTER-001,MLSignalStrategyV2-V2,EUR/USD.IDEALPRO,IDEALPRO-1-3650,IDEALPRO-001,IDEALPRO-1-890069,EUR/USD.IDEALPRO-MLSignalStrategyV2-V2,BUY,STOP_MARKET,100000.00,1.16476,USD,2.33 USD,TAKER,d1494efd-e642-45a2-8ce4-c693d288777c,2025-12-09 11:55:00+00:00,2025-12-09 11:55:00+00:00,{},False
O-20251209-174500-001-V2-3652,BACKTESTER-001,MLSignalStrategyV2-V2,EUR/USD.IDEALPRO,IDEALPRO-1-3652,IDEALPRO-001,IDEALPRO-1-890771,EUR/USD.IDEALPRO-MLSignalStrategyV2-V2,BUY,MARKET,100000.00,1.16253,USD,2.33 USD,TAKER,3bf1776b-6a29-4954-b23d-9ae31b05a234,2025-12-09 17:45:00+00:00,2025-12-09 17:45:00+00:00,{},False
O-20251209-174500-001-V2-3653,BACKTESTER-001,MLSignalStrategyV2-V2,EUR/USD.IDEALPRO,IDEALPRO-1-3653,IDEALPRO-001,IDEALPRO-1-890843,EUR/USD.IDEALPRO-MLSignalStrategyV2-V2,SELL,STOP_MARKET,100000.00,1.16168,USD,2.32 USD,TAKER,33848a14-ce67-4290-825e-5ee3eb76a8d1,2025-12-09 18:21:00+00:00,2025-12-09 18:21:00+00:00,{},False
O-20251209-184500-001-V2-3655,BACKTESTER-001,MLSignalStrategyV2-V2,EUR/USD.IDEALPRO,IDEALPRO-1-3655,IDEALPRO-001,IDEALPRO-1-890892,EUR/USD.IDEALPRO-MLSignalStrategyV2-V2,BUY,MARKET,100000.00,1.16220,USD,2.32 USD,TAKER,38154dc0-af3d-4855-9280-e803f9157090,2025-12-09 18:45:00+00:00,2025-12-09 18:45:00+00:00,{},False
O-20251209-184500-001-V2-3657,BACKTESTER-001,MLSignalStrategyV2-V2,EUR/USD.IDEALPRO,IDEALPRO-1-3657,IDEALPRO-001,IDEALPRO-1-890983,EUR/USD.IDEALPRO-MLSignalStrategyV2-V2,SELL,LIMIT,100000.00,1.16284,USD,2.33 USD,MAKER,8dc6ac24-eed6-41be-8100-8fc44b8f3304,2025-12-09 19:30:00+00:00,2025-12-09 19:30:00+00:00,{},False
O-20251209-210000-001-V2-3658,BACKTESTER-001,MLSignalStrategyV2-V2,EUR/USD.IDEALPRO,IDEALPRO-1-3658,IDEALPRO-001,IDEALPRO-1-891164,EUR/USD.IDEALPRO-MLSignalStrategyV2-V2,BUY,MARKET,100000.00,1.16268,USD,2.33 USD,TAKER,0b075a07-2efa-4eb1-8f33-490e4f412520,2025-12-09 21:00:00+00:00,2025-12-09 21:00:00+00:00,{},False
O-20251209-210000-001-V2-3659,BACKTESTER-001,MLSignalStrategyV2-V2,EUR/USD.IDEALPRO,IDEALPRO-1-3659,IDEALPRO-001,IDEALPRO-1-892447,EUR/USD.IDEALPRO-MLSignalStrategyV2-V2,SELL,STOP_MARKET,100000.00,1.16218,USD,2.32 USD,TAKER,406b49de-2726-4b4c-8ddf-056dcb7f540c,2025-12-10 03:06:00+00:00,2025-12-10 03:06:00+00:00,{},False
O-20251211-000000-001-V2-3661,BACKTESTER-001,MLSignalStrategyV2-V2,EUR/USD.IDEALPRO,IDEALPRO-1-3661,IDEALPRO-001,IDEALPRO-1-895365,EUR/USD.IDEALPRO-MLSignalStrategyV2-V2,BUY,MARKET,100000.00,1.17016,USD,2.34 USD,TAKER,6532b94b-c52e-4c05-bec2-e75d92af93c5,2025-12-11 00:00:00+00:00,2025-12-11 00:00:00+00:00,{},False
O-20251211-000000-001-V2-3663,BACKTESTER-001,MLSignalStrategyV2-V2,EUR/USD.IDEALPRO,IDEALPRO-1-3663,IDEALPRO-001,IDEALPRO-1-895617,EUR/USD.IDEALPRO-MLSignalStrategyV2-V2,SELL,LIMIT,100000.00,1.17062,USD,2.34 USD,MAKER,9ae837fe-21c2-483b-a278-ae6720747d81,2025-12-11 01:03:00+00:00,2025-12-11 01:03:00+00:00,{},False
O-20251211-144500-001-V2-3664,BACKTESTER-001,MLSignalStrategyV2-V2,EUR/USD.IDEALPRO,IDEALPRO-1-3664,IDEALPRO-001,IDEALPRO-1-897738,EUR/USD.IDEALPRO-MLSignalStrategyV2-V2,SELL,MARKET,100000.00,1.17434,USD,2.35 USD,TAKER,cef65e77-7033-4807-8815-a8dc99bfad06,2025-12-11 14:45:00+00:00,2025-12-11 14:45:00+00:00,{},False
O-20251211-144500-001-V2-3666,BACKTESTER-001,MLSignalStrategyV2-V2,EUR/USD.IDEALPRO,IDEALPRO-1-3666,IDEALPRO-001,IDEALPRO-1-897763,EUR/USD.IDEALPRO-MLSignalStrategyV2-V2,BUY,LIMIT,100000.00,1.17353,USD,2.35 USD,MAKER,83c833bf-08b4-4c67-9065-a4569d6fb74c,2025-12-11 14:57:00+00:00,2025-12-11 14:57:00+00:00,{},False
O-20251211-163000-001-V2-3667,BACKTESTER-001,MLSignalStrategyV2-V2,EUR/USD.IDEALPRO,IDEALPRO-1-3667,IDEALPRO-001,IDEALPRO-1-897951,EUR/USD.IDEALPRO-MLSignalStrategyV2-V2,SELL,MARKET,100000.00,1.17470,USD,2.35 USD,TAKER,1a127724-02ec-4da1-a8b1-da772c618c4c,2025-12-11 16:30:00+00:00,2025-12-11 16:30:00+00:00,{},False
O-20251211-163000-001-V2-3668,BACKTESTER-001,MLSignalStrategyV2-V2,EUR/USD.IDEALPRO,IDEALPRO-1-3668,IDEALPRO-001,IDEALPRO-1-898017,EUR/USD.IDEALPRO-MLSignalStrategyV2-V2,BUY,STOP_MARKET,100000.00,1.17580,USD,2.35 USD,TAKER,d20fbff7-b7cb-446c-9cc9-d0a9448397fe,2025-12-11 17:03:00+00:00,2025-12-11 17:03:00+00:00,{},False
O-20251212-214500-001-V2-3670,BACKTESTER-001,MLSignalStrategyV2-V2,EUR/USD.IDEALPRO,IDEALPRO-1-3670,IDEALPRO-001,IDEALPRO-1-902243,EUR/USD.IDEALPRO-MLSignalStrategyV2-V2,BUY,MARKET,100000.00,1.17417,USD,2.35 USD,TAKER,33127940-a69d-4af4-947d-bed1162a9c58,2025-12-12 21:45:00+00:00,2025-12-12 21:45:00+00:00,{},False
O-20251212-214500-001-V2-3671,BACKTESTER-001,MLSignalStrategyV2-V2,EUR/USD.IDEALPRO,IDEALPRO-1-3671,IDEALPRO-001,IDEALPRO-1-902371,EUR/USD.IDEALPRO-MLSignalStrategyV2-V2,SELL,STOP_MARKET,100000.00,1.17357,USD,2.35 USD,TAKER,4c3de847-6587-45eb-ba9d-ca9bceaac515,2025-12-14 23:04:00+00:00,2025-12-14 23:04:00+00:00,{},False
O-20251214-231500-001-V2-3673,BACKTESTER-001,MLSignalStrategyV2-V2,EUR/USD.IDEALPRO,IDEALPRO-1-3673,IDEALPRO-001,IDEALPRO-1-902393,EUR/USD.IDEALPRO-MLSignalStrategyV2-V2,BUY,MARKET,100000.00,1.17394,USD,2.35 USD,TAKER,baf52e9d-62ab-47c3-98c8-451458d2aae3,2025-12-14 23:15:00+00:00,2025-12-14 23:15:00+00:00,{},False
O-20251214-231500-001-V2-3674,BACKTESTER-001,MLSignalStrategyV2-V2,EUR/USD.IDEALPRO,IDEALPRO-1-3674,IDEALPRO-001,IDEALPRO-1-902499,EUR/USD.IDEALPRO-MLSignalStrategyV2-V2,SELL,STOP_MARKET,100000.00,1.17342,USD,2.35 USD,TAKER,0bcfdb50-b88f-4a3b-92b7-2488b41093f2,2025-12-15 00:07:00+00:00,2025-12-15 00:07:00+00:00,{},False
O-20251215-234500-001-V2-3676,BACKTESTER-001,MLSignalStrategyV2-V2,EUR/USD.IDEALPRO,IDEALPRO-1-3676,IDEALPRO-001,IDEALPRO-1-903266,EUR/USD.IDEALPRO-MLSignalStrategyV2-V2,SELL,MARKET,100000.00,1.17539,USD,2.35 USD,TAKER,0fb5557a-7883-4537-83ba-eb195fa3e5b6,2025-12-15 23:45:00+00:00,2025-12-15 23:45:00+00:00,{},False
O-20251215-234500-001-V2-3678,BACKTESTER-001,MLSignalStrategyV2-V2,EUR/USD.IDEALPRO,IDEALPRO-1-3678,IDEALPRO-001,IDEALPRO-1-903403,EUR/USD.IDEALPRO-MLSignalStrategyV2-V2,BUY,LIMIT,100000.00,1.17502,USD,2.35 USD,MAKER,f04de361-3d45-4731-b7f9-737f1628c2c6,2025-12-16 00:53:00+00:00,2025-12-16 00:53:00+00:00,{},False
O-20251216-020000-001-V2-3679,BACKTESTER-001,MLSignalStrategyV2-V2,EUR/USD.IDEALPRO,IDEALPRO-1-3679,IDEALPRO-001,IDEALPRO-1-903538,EUR/USD.IDEALPRO-MLSignalStrategyV2-V2,BUY,MARKET,100000.00,1.17520,USD,2.35 USD,TAKER,3fa604f4-b37f-4d76-94e1-336bb17c5854,2025-12-16 02:00:00+00:00,2025-12-16 02:00:00+00:00,{},False
O-20251216-020000-001-V2-3681,BACKTESTER-001,MLSignalStrategyV2-V2,EUR/USD.IDEALPRO,IDEALPRO-1-3681,IDEALPRO-001,IDEALPRO-1-903623,EUR/USD.IDEALPRO-MLSignalStrategyV2-V2,SELL,LIMIT,100000.00,1.17560,USD,2.35 USD,MAKER,cea77b32-bf71-42e6-8465-6b874ff3ccbc,2025-12-16 02:42:00+00:00,2025-12-16 02:42:00+00:00,{},False
O-20251216-134500-001-V2-3682,BACKTESTER-001,MLSignalStrategyV2-V2,EUR/USD.IDEALPRO,IDEALPRO-1-3682,IDEALPRO-001,IDEALPRO-1-904950,EUR/USD.IDEALPRO-MLSignalStrategyV2-V2,SELL,MARKET,100000.00,1.17637,USD,2.35 USD,TAKER,55a7ad1c-282d-46df-b816-2b80f633d075,2025-12-16 13:45:00+00:00,2025-12-16 13:45:00+00:00,{},False
O-20251216-134500-001-V2-3683,BACKTESTER-001,MLSignalStrategyV2-V2,EUR/USD.IDEALPRO,IDEALPRO-1-3683,IDEALPRO-001,IDEALPRO-1-904979,EUR/USD.IDEALPRO-MLSignalStrategyV2-V2,BUY,STOP_MARKET,100000.00,1.17745,USD,2.35 USD,TAKER,56278fcd-09b5-4f83-921f-e066b4af68c4,2025-12-16 13:59:00+00:00,2025-12-16 13:59:00+00:00,{},False
O-20251216-173000-001-V2-3685,BACKTESTER-001,MLSignalStrategyV2-V2,EUR/USD.IDEALPRO,IDEALPRO-1-3685,IDEALPRO-001,IDEALPRO-1-905402,EUR/USD.IDEALPRO-MLSignalStrategyV2-V2,SELL,MARKET,100000.00,1.17736,USD,2.35 USD,TAKER,e91f2ed0-a003-45e1-bba1-ca854b28f9b7,2025-12-16 17:30:00+00:00,2025-12-16 17:30:00+00:00,{},False
O-20251216-173000-001-V2-3687,BACKTESTER-001,MLSignalStrategyV2-V2,EUR/USD.IDEALPRO,IDEALPRO-1-3687,IDEALPRO-001,IDEALPRO-1-905459,EUR/USD.IDEALPRO-MLSignalStrategyV2-V2,BUY,LIMIT,100000.00,1.17631,USD,2.35 USD,MAKER,2e45914c-24f7-4aae-bdaa-6bd2dd577e38,2025-12-16 17:58:00+00:00,2025-12-16 17:58:00+00:00,{},False
O-20251216-210000-001-V2-3688,BACKTESTER-001,MLSignalStrategyV2-V2,EUR/USD.IDEALPRO,IDEALPRO-1-3688,IDEALPRO-001,IDEALPRO-1-905824,EUR/USD.IDEALPRO-MLSignalStrategyV2-V2,BUY,MARKET,100000.00,1.17478,USD,2.35 USD,TAKER,71194038-85a0-4375-8ccd-1288416f792e,2025-12-16 21:00:00+00:00,2025-12-16 21:00:00+00:00,{},False
