{
  "pnls": {
    "PnL (total)": 9748.3,
    "PnL% (total)": 9.748300000000002,
    "Max Winner": 494.89,
    "Avg Winner": 481.09472222222223,
    "Min Winner": 8.38,
    "Min Loser": -30.54,
    "Avg Loser": -315.4629166666667,
    "Max Loser": -356.69,
    "Expectancy": 162.47166666666666,
    "Win Rate": 0.6
  },
  "general": {
    "Long Ratio": "0.50",
    "Total trades": 0,
    "Sharpe ratio": 0.0,
    "Profit factor": 0.0,
    "Max drawdown": 0.0
  },
  "rejected_signals_count": 228
}