{
  "pnls": {
    "PnL (total)": -4458.28,
    "PnL% (total)": -4.4582799999999985,
    "Max Winner": 606.86,
    "Avg Winner": 472.5309677419355,
    "Min Winner": 4.32,
    "Min Loser": 0.0,
    "Avg Loser": -209.96417582417584,
    "Max Loser": -255.72,
    "Expectancy": -36.543278688524595,
    "Win Rate": 0.2540983606557377
  },
  "general": {
    "Long Ratio": "0.52"
  },
  "rejected_signals_count": 981
}