{
  "pnls": {
    "PnL (total)": 8509.31,
    "PnL% (total)": 8.509309999999997,
    "Max Winner": 494.89,
    "Avg Winner": 470.782,
    "Min Winner": 8.38,
    "Min Loser": -19.52,
    "Avg Loser": -318.7224,
    "Max Loser": -356.69,
    "Expectancy": 141.82183333333336,
    "Win Rate": 0.5833333333333334
  },
  "general": {
    "Long Ratio": "0.52",
    "Total trades": 0,
    "Sharpe ratio": 0.0,
    "Profit factor": 0.0,
    "Max drawdown": 0.0
  },
  "rejected_signals_count": 247
}