{
  "pnls": {
    "PnL (total)": -8696.39,
    "PnL% (total)": -8.69639,
    "Max Winner": 606.86,
    "Avg Winner": 413.4285,
    "Min Winner": 6.66,
    "Min Loser": -9.2,
    "Avg Loser": -210.27941666666666,
    "Max Loser": -255.72,
    "Expectancy": -54.35243750000001,
    "Win Rate": 0.25
  },
  "general": {
    "Long Ratio": "0.48"
  },
  "rejected_signals_count": 974
}