{
  "pnls": {
    "PnL (total)": -11352.02,
    "PnL% (total)": -11.352020000000005,
    "Max Winner": 545.35,
    "Avg Winner": 495.0496226415095,
    "Min Winner": 471.85,
    "Min Loser": -16.64,
    "Avg Loser": -354.5959999999998,
    "Max Loser": -375.65,
    "Expectancy": -39.69237762237747,
    "Win Rate": 0.3706293706293706
  },
  "general": {
    "Long Ratio": 0.5,
    "Total trades": 286,
    "Sharpe ratio": -0.086,
    "Profit factor": 0.0,
    "Max drawdown": 0.0
  },
  "rejected_signals_count": 122801
}