{
  "pnls": {
    "PnL (total)": 7876.24,
    "PnL% (total)": 7.8762400000000055,
    "Max Winner": 494.89,
    "Avg Winner": 472.88029411764705,
    "Min Winner": 8.38,
    "Min Loser": -33.16,
    "Avg Loser": -315.44961538461536,
    "Max Loser": -356.69,
    "Expectancy": 131.27066666666664,
    "Win Rate": 0.5666666666666667
  },
  "general": {
    "Long Ratio": "0.52",
    "Total trades": 0,
    "Sharpe ratio": 0.0,
    "Profit factor": 0.0,
    "Max drawdown": 0.0
  },
  "rejected_signals_count": 287
}