{
  "pnls": {
    "PnL (total)": -3412.93,
    "PnL% (total)": -3.412929999999993,
    "Max Winner": 615.47,
    "Avg Winner": 519.8068421052632,
    "Min Winner": 495.45,
    "Min Loser": 0.0,
    "Avg Loser": -204.45015384615382,
    "Max Loser": -255.69,
    "Expectancy": -40.63011904761905,
    "Win Rate": 0.2261904761904762
  },
  "general": {
    "Long Ratio": "0.51"
  },
  "rejected_signals_count": 688
}