{
  "pnls": {
    "PnL (total)": -112.97,
    "PnL% (total)": -0.11297000000000117,
    "Max Winner": 494.31,
    "Avg Winner": 81.46076923076922,
    "Min Winner": 5.3,
    "Min Loser": -6.7,
    "Avg Loser": -35.5139393939394,
    "Max Loser": -105.7,
    "Expectancy": -2.4558695652174087,
    "Win Rate": 0.2826086956521739
  },
  "general": {
    "Long Ratio": "0.50"
  },
  "rejected_signals_count": 0
}