{
  "pnls": {
    "PnL (total)": -12892.76,
    "PnL% (total)": -12.892759999999996,
    "Max Winner": 762.73,
    "Avg Winner": 744.1704081632653,
    "Min Winner": 716.41,
    "Min Loser": -182.55,
    "Avg Loser": -255.7363212435234,
    "Max Loser": -293.33,
    "Expectancy": -53.27586776859512,
    "Win Rate": 0.2024793388429752
  },
  "general": {
    "Long Ratio": 0.5,
    "Total trades": 242,
    "Sharpe ratio": -0.115,
    "Profit factor": 0.0,
    "Max drawdown": 0.0
  },
  "rejected_signals_count": 19443
}