{
  "pnls": {
    "PnL (total)": 2776.29,
    "PnL% (total)": 2.7762899999999937,
    "Max Winner": 494.89,
    "Avg Winner": 494.63518518518526,
    "Min Winner": 494.35,
    "Min Loser": -138.48,
    "Avg Loser": -251.8776190476191,
    "Max Loser": -256.71,
    "Expectancy": 40.236086956521746,
    "Win Rate": 0.391304347826087
  },
  "general": {
    "Long Ratio": "0.49",
    "Total trades": 0,
    "Sharpe ratio": 0.0,
    "Profit factor": 0.0,
    "Max drawdown": 0.0
  },
  "rejected_signals_count": 323
}