{
  "pnls": {
    "PnL (total)": 9077.79,
    "PnL% (total)": 9.077789999999993,
    "Max Winner": 494.89,
    "Avg Winner": 482.4854285714286,
    "Min Winner": 70.46,
    "Min Loser": -5.62,
    "Avg Loser": -325.38333333333327,
    "Max Loser": -356.71,
    "Expectancy": 153.86084745762716,
    "Win Rate": 0.5932203389830508
  },
  "general": {
    "Long Ratio": "0.49",
    "Total trades": 0,
    "Sharpe ratio": 0.0,
    "Profit factor": 0.0,
    "Max drawdown": 0.0
  },
  "rejected_signals_count": 254
}