{
  "pnls": {
    "PnL (total)": -4860.98,
    "PnL% (total)": -4.860979999999996,
    "Max Winner": 560.44,
    "Avg Winner": 446.2474074074074,
    "Min Winner": 21.82,
    "Min Loser": 0.0,
    "Avg Loser": -208.76123456790123,
    "Max Loser": -255.7,
    "Expectancy": -45.00907407407405,
    "Win Rate": 0.25
  },
  "general": {
    "Long Ratio": "0.49",
    "Total trades": 0,
    "Sharpe ratio": 0.0,
    "Profit factor": 0.0,
    "Max drawdown": 0.0
  },
  "rejected_signals_count": 965
}