{
  "pnls": {
    "PnL (total)": -3540.65,
    "PnL% (total)": -3.5406499999999945,
    "Max Winner": 793.6,
    "Avg Winner": 741.8132876712326,
    "Min Winner": 448.35,
    "Min Loser": -244.65,
    "Avg Loser": -256.41342222222204,
    "Max Loser": -279.55,
    "Expectancy": -11.881375838926083,
    "Win Rate": 0.24496644295302014
  },
  "general": {
    "Long Ratio": 0.5,
    "Total trades": 298,
    "Sharpe ratio": -0.018,
    "Profit factor": 0.0,
    "Max drawdown": 0.0
  },
  "rejected_signals_count": 140812
}