{
  "pnls": {
    "PnL (total)": 7355.54,
    "PnL% (total)": 7.355539999999994,
    "Max Winner": 494.89,
    "Avg Winner": 479.86242424242425,
    "Min Winner": 8.38,
    "Min Loser": -45.54,
    "Avg Loser": -302.8542857142857,
    "Max Loser": -356.69,
    "Expectancy": 120.58262295081974,
    "Win Rate": 0.5409836065573771
  },
  "general": {
    "Long Ratio": "0.51",
    "Total trades": 0,
    "Sharpe ratio": 0.0,
    "Profit factor": 0.0,
    "Max drawdown": 0.0
  },
  "rejected_signals_count": 252
}