{
  "pnls": {
    "PnL (total)": 6331.74,
    "PnL% (total)": 6.331740000000005,
    "Max Winner": 494.89,
    "Avg Winner": 480.573125,
    "Min Winner": 45.38,
    "Min Loser": -127.19,
    "Avg Loser": -335.05925925925925,
    "Max Loser": -356.71,
    "Expectancy": 107.31762711864405,
    "Win Rate": 0.5423728813559322
  },
  "general": {
    "Long Ratio": "0.49",
    "Total trades": 0,
    "Sharpe ratio": 0.0,
    "Profit factor": 0.0,
    "Max drawdown": 0.0
  },
  "rejected_signals_count": 303
}