{
  "pnls": {
    "PnL (total)": 5340.01,
    "PnL% (total)": 5.340009999999995,
    "Max Winner": 494.89,
    "Avg Winner": 494.6003448275862,
    "Min Winner": 494.31,
    "Min Loser": -26.54,
    "Avg Loser": -346.28461538461545,
    "Max Loser": -396.69,
    "Expectancy": 97.09109090909084,
    "Win Rate": 0.5272727272727272
  },
  "general": {
    "Long Ratio": "0.49",
    "Total trades": 0,
    "Sharpe ratio": 0.0,
    "Profit factor": 0.0,
    "Max drawdown": 0.0
  },
  "rejected_signals_count": 236
}