{
  "pnls": {
    "PnL (total)": -2035.27,
    "PnL% (total)": -2.035270000000004,
    "Max Winner": 560.83,
    "Avg Winner": 509.79904761904754,
    "Min Winner": 495.31,
    "Min Loser": 0.0,
    "Avg Loser": -202.23888888888885,
    "Max Loser": -255.69,
    "Expectancy": -24.22940476190476,
    "Win Rate": 0.25
  },
  "general": {
    "Long Ratio": "0.51",
    "Total trades": 0,
    "Sharpe ratio": 0.0,
    "Profit factor": 0.0,
    "Max drawdown": 0.0
  },
  "rejected_signals_count": 804
}