{
  "pnls": {
    "PnL (total)": 3748.7,
    "PnL% (total)": 3.7486999999999973,
    "Max Winner": 294.89,
    "Avg Winner": 279.1518181818182,
    "Min Winner": 8.38,
    "Min Loser": -96.16,
    "Avg Loser": -202.34481481481478,
    "Max Loser": -206.71,
    "Expectancy": 62.478333333333396,
    "Win Rate": 0.55
  },
  "general": {
    "Long Ratio": "0.50",
    "Total trades": 0,
    "Sharpe ratio": 0.0,
    "Profit factor": 0.0,
    "Max drawdown": 0.0
  },
  "rejected_signals_count": 241
}