{
  "pnls": {
    "PnL (total)": -3810.09,
    "PnL% (total)": -3.8100899999999966,
    "Max Winner": 544.51,
    "Avg Winner": 467.6338461538462,
    "Min Winner": 14.82,
    "Min Loser": 0.0,
    "Avg Loser": -210.41127659574465,
    "Max Loser": -255.71,
    "Expectancy": -63.501499999999965,
    "Win Rate": 0.21666666666666667
  },
  "general": {
    "Long Ratio": "0.47"
  },
  "rejected_signals_count": 912
}