{
  "pnls": {
    "PnL (total)": 6502.38,
    "PnL% (total)": 6.502380000000005,
    "Max Winner": 494.89,
    "Avg Winner": 494.6061290322581,
    "Min Winner": 494.31,
    "Min Loser": -26.16,
    "Avg Loser": -327.0522222222222,
    "Max Loser": -356.69,
    "Expectancy": 112.10999999999996,
    "Win Rate": 0.5344827586206896
  },
  "general": {
    "Long Ratio": "0.50",
    "Total trades": 0,
    "Sharpe ratio": 0.0,
    "Profit factor": 0.0,
    "Max drawdown": 0.0
  },
  "rejected_signals_count": 372
}