{
  "pnls": {
    "PnL (total)": 7491.37,
    "PnL% (total)": 7.491369999999995,
    "Max Winner": 494.89,
    "Avg Winner": 494.61125000000004,
    "Min Winner": 494.31,
    "Min Loser": -73.2,
    "Avg Loser": -320.62269230769226,
    "Max Loser": -356.69,
    "Expectancy": 129.16155172413795,
    "Win Rate": 0.5517241379310345
  },
  "general": {
    "Long Ratio": "0.52",
    "Total trades": 0,
    "Sharpe ratio": 0.0,
    "Profit factor": 0.0,
    "Max drawdown": 0.0
  },
  "rejected_signals_count": 270
}