{
  "pnls": {
    "PnL (total)": 7209.4,
    "PnL% (total)": 7.209399999999993,
    "Max Winner": 494.89,
    "Avg Winner": 494.60812500000003,
    "Min Winner": 494.31,
    "Min Loser": -26.16,
    "Avg Loser": -331.46384615384613,
    "Max Loser": -356.69,
    "Expectancy": 124.30000000000001,
    "Win Rate": 0.5517241379310345
  },
  "general": {
    "Long Ratio": "0.50",
    "Total trades": 0,
    "Sharpe ratio": 0.0,
    "Profit factor": 0.0,
    "Max drawdown": 0.0
  },
  "rejected_signals_count": 338
}