{
  "pnls": {
    "PnL (total)": 8022.55,
    "PnL% (total)": 8.022550000000003,
    "Max Winner": 494.89,
    "Avg Winner": 481.3973529411765,
    "Min Winner": 45.38,
    "Min Loser": -44.54,
    "Avg Loser": -309.07259259259257,
    "Max Loser": -356.69,
    "Expectancy": 131.5172131147541,
    "Win Rate": 0.5573770491803278
  },
  "general": {
    "Long Ratio": "0.49",
    "Total trades": 0,
    "Sharpe ratio": 0.0,
    "Profit factor": 0.0,
    "Max drawdown": 0.0
  },
  "rejected_signals_count": 276
}