{
  "pnls": {
    "PnL (total)": -2204.65,
    "PnL% (total)": -2.2046499999999942,
    "Max Winner": 679.43,
    "Avg Winner": 595.574235294118,
    "Min Winner": 594.29,
    "Min Loser": -12.58,
    "Avg Loser": -255.2099516908211,
    "Max Loser": -256.72,
    "Expectancy": -7.550171232876513,
    "Win Rate": 0.2910958904109589
  },
  "general": {
    "Long Ratio": 0.5,
    "Total trades": 292,
    "Sharpe ratio": -0.008,
    "Profit factor": 0.0,
    "Max drawdown": 0.0
  },
  "rejected_signals_count": 181767
}