{
  "pnls": {
    "PnL (total)": 3606.41,
    "PnL% (total)": 3.6064100000000034,
    "Max Winner": 494.89,
    "Avg Winner": 494.6292857142858,
    "Min Winner": 494.35,
    "Min Loser": -30.48,
    "Avg Loser": -238.2141860465116,
    "Max Loser": -260.14,
    "Expectancy": 50.79450704225354,
    "Win Rate": 0.39436619718309857
  },
  "general": {
    "Long Ratio": "0.52",
    "Total trades": 0,
    "Sharpe ratio": 0.0,
    "Profit factor": 0.0,
    "Max drawdown": 0.0
  },
  "rejected_signals_count": 259
}