{
  "pnls": {
    "PnL (total)": -12613.34,
    "PnL% (total)": -12.613339999999997,
    "Max Winner": 524.55,
    "Avg Winner": 139.36907514450863,
    "Min Winner": 0.32,
    "Min Loser": -0.12,
    "Avg Loser": -70.55306478405299,
    "Max Loser": -165.4,
    "Expectancy": -7.3205687753916555,
    "Win Rate": 0.3012188044109112
  },
  "general": {
    "Long Ratio": 0.48,
    "Total trades": 1723,
    "Sharpe ratio": -0.02,
    "Profit factor": 0.0,
    "Max drawdown": 0.0
  },
  "rejected_signals_count": 84516
}