{
  "pnls": {
    "PnL (total)": -1177.75,
    "PnL% (total)": -1.17775,
    "Max Winner": 606.86,
    "Avg Winner": 473.6208823529412,
    "Min Winner": 7.46,
    "Min Loser": 0.0,
    "Avg Loser": -187.83543478260867,
    "Max Loser": -255.71,
    "Expectancy": -9.347222222222229,
    "Win Rate": 0.2698412698412698
  },
  "general": {
    "Long Ratio": "0.51"
  },
  "rejected_signals_count": 858
}