{
  "pnls": {
    "PnL (total)": 9881.31,
    "PnL% (total)": 9.881309999999997,
    "Max Winner": 494.89,
    "Avg Winner": 470.8613513513514,
    "Min Winner": 8.38,
    "Min Loser": -93.52,
    "Avg Loser": -327.8504347826087,
    "Max Loser": -356.69,
    "Expectancy": 164.68850000000003,
    "Win Rate": 0.6166666666666667
  },
  "general": {
    "Long Ratio": "0.50",
    "Total trades": 0,
    "Sharpe ratio": 0.0,
    "Profit factor": 0.0,
    "Max drawdown": 0.0
  },
  "rejected_signals_count": 244
}