{
  "pnls": {
    "PnL (total)": 5826.48,
    "PnL% (total)": 5.826479999999996,
    "Max Winner": 744.89,
    "Avg Winner": 744.5684615384613,
    "Min Winner": 744.29,
    "Min Loser": -12.58,
    "Avg Loser": -254.9129940119758,
    "Max Loser": -256.72,
    "Expectancy": 25.114137931034573,
    "Win Rate": 0.2801724137931034
  },
  "general": {
    "Long Ratio": 0.5,
    "Total trades": 232,
    "Sharpe ratio": 0.065,
    "Profit factor": 0.0,
    "Max drawdown": 0.0
  },
  "rejected_signals_count": 186172
}