{
  "pnls": {
    "PnL (total)": -2529.54,
    "PnL% (total)": -2.5295399999999937,
    "Max Winner": 44.38,
    "Avg Winner": 43.29295238095239,
    "Min Winner": 0.38,
    "Min Loser": -1.66,
    "Avg Loser": -26.499250936329588,
    "Max Loser": -26.74,
    "Expectancy": -6.799838709677415,
    "Win Rate": 0.28225806451612906
  },
  "general": {
    "Long Ratio": "0.50"
  },
  "rejected_signals_count": 5891
}