{
  "pnls": {
    "PnL (total)": -12265.42,
    "PnL% (total)": -12.265419999999997,
    "Max Winner": 543.59,
    "Avg Winner": 494.7285840707962,
    "Min Winner": 470.65,
    "Min Loser": -13.64,
    "Avg Loser": -255.31741573033702,
    "Max Loser": -270.7,
    "Expectancy": -32.27742105263164,
    "Win Rate": 0.29736842105263156
  },
  "general": {
    "Long Ratio": 0.51,
    "Total trades": 380,
    "Sharpe ratio": -0.083,
    "Profit factor": 0.0,
    "Max drawdown": 0.0
  },
  "rejected_signals_count": 141731
}