{
  "pnls": {
    "PnL (total)": 10722.87,
    "PnL% (total)": 10.722869999999995,
    "Max Winner": 494.89,
    "Avg Winner": 481.461891891892,
    "Min Winner": 8.38,
    "Min Loser": -0.54,
    "Avg Loser": -322.3281818181818,
    "Max Loser": -356.69,
    "Expectancy": 181.74355932203395,
    "Win Rate": 0.6271186440677966
  },
  "general": {
    "Long Ratio": "0.49",
    "Total trades": 0,
    "Sharpe ratio": 0.0,
    "Profit factor": 0.0,
    "Max drawdown": 0.0
  },
  "rejected_signals_count": 203
}