{
  "pnls": {
    "PnL (total)": -1789.51,
    "PnL% (total)": -1.7895099999999948,
    "Max Winner": 666.43,
    "Avg Winner": 521.0675,
    "Min Winner": 495.33,
    "Min Loser": -50.52,
    "Avg Loser": -215.45936170212767,
    "Max Loser": -255.71,
    "Expectancy": -28.40492063492067,
    "Win Rate": 0.25396825396825395
  },
  "general": {
    "Long Ratio": "0.54"
  },
  "rejected_signals_count": 403
}