{
  "pnls": {
    "PnL (total)": 770.71,
    "PnL% (total)": 0.7707100000000064,
    "Max Winner": 494.83,
    "Avg Winner": 494.49666666666667,
    "Min Winner": 494.31,
    "Min Loser": -356.12,
    "Avg Loser": -356.39,
    "Max Loser": -356.66,
    "Expectancy": 154.14199999999997,
    "Win Rate": 0.6
  },
  "general": {
    "Long Ratio": 0.4,
    "Total trades": 5,
    "Sharpe ratio": 0.328,
    "Profit factor": 0.0,
    "Max drawdown": 0.0
  },
  "rejected_signals_count": 193
}