{
  "pnls": {
    "PnL (total)": 2004.59,
    "PnL% (total)": 2.0045899999999963,
    "Max Winner": 494.89,
    "Avg Winner": 494.63916666666665,
    "Min Winner": 494.35,
    "Min Loser": -80.54,
    "Avg Loser": -246.66875,
    "Max Loser": -256.71,
    "Expectancy": 31.321718750000002,
    "Win Rate": 0.375
  },
  "general": {
    "Long Ratio": "0.48",
    "Total trades": 0,
    "Sharpe ratio": 0.0,
    "Profit factor": 0.0,
    "Max drawdown": 0.0
  },
  "rejected_signals_count": 298
}