{
  "pnls": {
    "PnL (total)": 8495.25,
    "PnL% (total)": 8.49525,
    "Max Winner": 494.89,
    "Avg Winner": 494.6082857142857,
    "Min Winner": 494.31,
    "Min Loser": -59.12,
    "Avg Loser": -352.64160000000004,
    "Max Loser": -396.69,
    "Expectancy": 141.5875,
    "Win Rate": 0.5833333333333334
  },
  "general": {
    "Long Ratio": "0.47",
    "Total trades": 0,
    "Sharpe ratio": 0.0,
    "Profit factor": 0.0,
    "Max drawdown": 0.0
  },
  "rejected_signals_count": 311
}