{
  "pnls": {
    "PnL (total)": 6063.36,
    "PnL% (total)": 6.06336,
    "Max Winner": 494.87,
    "Avg Winner": 494.0977419354839,
    "Min Winner": 479.89,
    "Min Loser": -69.54,
    "Avg Loser": -330.4882142857144,
    "Max Loser": -366.69,
    "Expectancy": 102.76881355932204,
    "Win Rate": 0.5254237288135594
  },
  "general": {
    "Long Ratio": "0.53",
    "Total trades": 0,
    "Sharpe ratio": 0.0,
    "Profit factor": 0.0,
    "Max drawdown": 0.0
  },
  "rejected_signals_count": 218
}