{
  "pnls": {
    "PnL (total)": 9835.93,
    "PnL% (total)": 9.835929999999992,
    "Max Winner": 494.91,
    "Avg Winner": 494.5901834862387,
    "Min Winner": 494.29,
    "Min Loser": -247.57,
    "Avg Loser": -355.43870967741935,
    "Max Loser": -356.71,
    "Expectancy": 42.21429184549365,
    "Win Rate": 0.4678111587982833
  },
  "general": {
    "Long Ratio": 0.5,
    "Total trades": 233,
    "Sharpe ratio": 0.113,
    "Profit factor": 0.0,
    "Max drawdown": 0.0
  },
  "rejected_signals_count": 181786
}