{
  "pnls": {
    "PnL (total)": 2.68,
    "PnL% (total)": 0.0026799999999930152,
    "Max Winner": 0.2,
    "Avg Winner": 0.18666666666666665,
    "Min Winner": 0.01,
    "Min Loser": -0.01,
    "Avg Loser": -0.08971428571428569,
    "Max Loser": -0.1,
    "Expectancy": 0.02271186440677967,
    "Win Rate": 0.4067796610169492
  },
  "general": {
    "Long Ratio": "0.50"
  },
  "rejected_signals_count": 134
}