{
  "pnls": {
    "PnL (total)": -1536.11,
    "PnL% (total)": -1.5361100000000005,
    "Max Winner": 547.52,
    "Avg Winner": 480.83500000000004,
    "Min Winner": 54.67,
    "Min Loser": 0.0,
    "Avg Loser": -203.8228,
    "Max Loser": -255.71,
    "Expectancy": -22.58985294117646,
    "Win Rate": 0.2647058823529412
  },
  "general": {
    "Long Ratio": "0.46"
  },
  "rejected_signals_count": 684
}