{
  "pnls": {
    "PnL (total)": 9353.23,
    "PnL% (total)": 9.353229999999996,
    "Max Winner": 494.89,
    "Avg Winner": 468.2722222222222,
    "Min Winner": 8.38,
    "Min Loser": -30.54,
    "Avg Loser": -312.69041666666664,
    "Max Loser": -356.69,
    "Expectancy": 155.88716666666664,
    "Win Rate": 0.6
  },
  "general": {
    "Long Ratio": "0.50",
    "Total trades": 0,
    "Sharpe ratio": 0.0,
    "Profit factor": 0.0,
    "Max drawdown": 0.0
  },
  "rejected_signals_count": 239
}