{
  "pnls": {
    "PnL (total)": 9755.82,
    "PnL% (total)": 9.755820000000007,
    "Max Winner": 494.89,
    "Avg Winner": 481.0997222222222,
    "Min Winner": 8.38,
    "Min Loser": -95.2,
    "Avg Loser": -328.8595652173914,
    "Max Loser": -356.69,
    "Expectancy": 165.3528813559322,
    "Win Rate": 0.6101694915254238
  },
  "general": {
    "Long Ratio": "0.49",
    "Total trades": 0,
    "Sharpe ratio": 0.0,
    "Profit factor": 0.0,
    "Max drawdown": 0.0
  },
  "rejected_signals_count": 226
}