{
  "pnls": {
    "PnL (total)": -5706.04,
    "PnL% (total)": -5.706039999999994,
    "Max Winner": 759.9,
    "Avg Winner": 742.9284615384615,
    "Min Winner": 714.58,
    "Min Loser": -187.1,
    "Avg Loser": -256.2908670520233,
    "Max Loser": -314.53,
    "Expectancy": -25.360177777777963,
    "Win Rate": 0.2311111111111111
  },
  "general": {
    "Long Ratio": 0.5,
    "Total trades": 225,
    "Sharpe ratio": -0.046,
    "Profit factor": 0.0,
    "Max drawdown": 0.0
  },
  "rejected_signals_count": 15020
}