{
  "pnls": {
    "PnL (total)": 7007.2,
    "PnL% (total)": 7.0071999999999965,
    "Max Winner": 494.89,
    "Avg Winner": 494.5725806451613,
    "Min Winner": 494.31,
    "Min Loser": -95.2,
    "Avg Loser": -332.98199999999997,
    "Max Loser": -366.69,
    "Expectancy": 125.12857142857146,
    "Win Rate": 0.5535714285714286
  },
  "general": {
    "Long Ratio": "0.48",
    "Total trades": 0,
    "Sharpe ratio": 0.0,
    "Profit factor": 0.0,
    "Max drawdown": 0.0
  },
  "rejected_signals_count": 217
}