{
  "pnls": {
    "PnL (total)": 10443.91,
    "PnL% (total)": 10.443910000000004,
    "Max Winner": 494.89,
    "Avg Winner": 460.4621276595747,
    "Min Winner": 14.38,
    "Min Loser": -10.66,
    "Avg Loser": -273.11731707317074,
    "Max Loser": -356.73,
    "Expectancy": 118.68079545454556,
    "Win Rate": 0.5340909090909091
  },
  "general": {
    "Long Ratio": 0.56,
    "Total trades": 88,
    "Sharpe ratio": 0.323,
    "Profit factor": 0.0,
    "Max drawdown": 0.0
  },
  "rejected_signals_count": 489
}