{
  "pnls": {
    "PnL (total)": -17169.28,
    "PnL% (total)": -17.169279999999997,
    "Max Winner": 579.43,
    "Avg Winner": 495.25900763358794,
    "Min Winner": 494.25,
    "Min Loser": -237.09,
    "Avg Loser": -256.4006562499997,
    "Max Loser": -256.73,
    "Expectancy": -38.069356984478674,
    "Win Rate": 0.29046563192904656
  },
  "general": {
    "Long Ratio": 0.5,
    "Total trades": 451,
    "Sharpe ratio": -0.097,
    "Profit factor": 0.0,
    "Max drawdown": 0.0
  },
  "rejected_signals_count": 319763
}