{
  "pnls": {
    "PnL (total)": -3221.26,
    "PnL% (total)": -3.2212599999999947,
    "Max Winner": 494.91,
    "Avg Winner": 494.1185333333335,
    "Min Winner": 465.29,
    "Min Loser": -350.63,
    "Avg Loser": -356.46150442477875,
    "Max Loser": -356.75,
    "Expectancy": -17.13436170212759,
    "Win Rate": 0.39893617021276595
  },
  "general": {
    "Long Ratio": 0.5,
    "Total trades": 188,
    "Sharpe ratio": -0.028,
    "Profit factor": 0.0,
    "Max drawdown": 0.0
  },
  "rejected_signals_count": 8269
}