{
  "pnls": {
    "PnL (total)": 3189.73,
    "PnL% (total)": 3.1897299999999964,
    "Max Winner": 394.89,
    "Avg Winner": 365.01666666666665,
    "Min Winner": 8.38,
    "Min Loser": -96.16,
    "Avg Loser": -154.74083333333334,
    "Max Loser": -156.7,
    "Expectancy": 53.162166666666664,
    "Win Rate": 0.4
  },
  "general": {
    "Long Ratio": "0.50",
    "Total trades": 0,
    "Sharpe ratio": 0.0,
    "Profit factor": 0.0,
    "Max drawdown": 0.0
  },
  "rejected_signals_count": 241
}