{
  "pnls": {
    "PnL (total)": -6147.91,
    "PnL% (total)": -6.147910000000004,
    "Max Winner": 584.87,
    "Avg Winner": 440.44060606060606,
    "Min Winner": 4.32,
    "Min Loser": -15.34,
    "Avg Loser": -220.02606382978723,
    "Max Loser": -255.72,
    "Expectancy": -48.408740157480324,
    "Win Rate": 0.25984251968503935
  },
  "general": {
    "Long Ratio": "0.49"
  },
  "rejected_signals_count": 879
}