{
  "pnls": {
    "PnL (total)": 8371.41,
    "PnL% (total)": 8.371410000000004,
    "Max Winner": 494.89,
    "Avg Winner": 494.59060606060604,
    "Min Winner": 494.31,
    "Min Loser": -44.54,
    "Avg Loser": -318.00319999999994,
    "Max Loser": -356.69,
    "Expectancy": 144.3346551724138,
    "Win Rate": 0.5689655172413793
  },
  "general": {
    "Long Ratio": "0.52",
    "Total trades": 0,
    "Sharpe ratio": 0.0,
    "Profit factor": 0.0,
    "Max drawdown": 0.0
  },
  "rejected_signals_count": 227
}