{
  "pnls": {
    "PnL (total)": 9146.05,
    "PnL% (total)": 9.146050000000002,
    "Max Winner": 494.89,
    "Avg Winner": 494.6106060606061,
    "Min Winner": 494.31,
    "Min Loser": -5.16,
    "Avg Loser": -312.0043478260869,
    "Max Loser": -366.69,
    "Expectancy": 163.32232142857148,
    "Win Rate": 0.5892857142857143
  },
  "general": {
    "Long Ratio": "0.48",
    "Total trades": 0,
    "Sharpe ratio": 0.0,
    "Profit factor": 0.0,
    "Max drawdown": 0.0
  },
  "rejected_signals_count": 288
}