{
  "pnls": {
    "PnL (total)": 8600.74,
    "PnL% (total)": 8.600740000000005,
    "Max Winner": 494.89,
    "Avg Winner": 480.6959999999999,
    "Min Winner": 8.38,
    "Min Loser": -30.54,
    "Avg Loser": -316.29307692307697,
    "Max Loser": -356.69,
    "Expectancy": 140.99573770491793,
    "Win Rate": 0.5737704918032787
  },
  "general": {
    "Long Ratio": "0.51",
    "Total trades": 0,
    "Sharpe ratio": 0.0,
    "Profit factor": 0.0,
    "Max drawdown": 0.0
  },
  "rejected_signals_count": 242
}