{
  "pnls": {
    "PnL (total)": 9946.74,
    "PnL% (total)": 9.946740000000005,
    "Max Winner": 494.89,
    "Avg Winner": 494.6019444444446,
    "Min Winner": 494.31,
    "Min Loser": -5.62,
    "Avg Loser": -314.3572,
    "Max Loser": -356.69,
    "Expectancy": 163.06131147540995,
    "Win Rate": 0.5901639344262295
  },
  "general": {
    "Long Ratio": "0.49",
    "Total trades": 0,
    "Sharpe ratio": 0.0,
    "Profit factor": 0.0,
    "Max drawdown": 0.0
  },
  "rejected_signals_count": 223
}