{
  "pnls": {
    "PnL (total)": -4443.83,
    "PnL% (total)": -4.443830000000002,
    "Max Winner": 514.81,
    "Avg Winner": 494.65370370370385,
    "Min Winner": 477.81,
    "Min Loser": -258.53,
    "Avg Loser": -356.0862400000003,
    "Max Loser": -413.41,
    "Expectancy": -21.571990291262242,
    "Win Rate": 0.3932038834951456
  },
  "general": {
    "Long Ratio": 0.5,
    "Total trades": 206,
    "Sharpe ratio": -0.041,
    "Profit factor": 0.0,
    "Max drawdown": 0.0
  },
  "rejected_signals_count": 13978
}