{
  "pnls": {
    "PnL (total)": 7522.0,
    "PnL% (total)": 7.521999999999999,
    "Max Winner": 494.89,
    "Avg Winner": 494.59588235294126,
    "Min Winner": 494.31,
    "Min Loser": -30.54,
    "Avg Loser": -331.93785714285724,
    "Max Loser": -366.69,
    "Expectancy": 121.32258064516125,
    "Win Rate": 0.5483870967741935
  },
  "general": {
    "Long Ratio": "0.48",
    "Total trades": 0,
    "Sharpe ratio": 0.0,
    "Profit factor": 0.0,
    "Max drawdown": 0.0
  },
  "rejected_signals_count": 228
}