{
  "pnls": {
    "PnL (total)": 7043.19,
    "PnL% (total)": 7.043190000000002,
    "Max Winner": 494.89,
    "Avg Winner": 494.48946666666694,
    "Min Winner": 494.29,
    "Min Loser": -256.11,
    "Avg Loser": -256.7822222222221,
    "Max Loser": -285.69,
    "Expectancy": 36.68328125000017,
    "Win Rate": 0.390625
  },
  "general": {
    "Long Ratio": 0.5,
    "Total trades": 192,
    "Sharpe ratio": 0.115,
    "Profit factor": 0.0,
    "Max drawdown": 0.0
  },
  "rejected_signals_count": 5958
}