{
  "pnls": {
    "PnL (total)": 7268.19,
    "PnL% (total)": 7.268190000000002,
    "Max Winner": 494.89,
    "Avg Winner": 494.1729411764706,
    "Min Winner": 479.89,
    "Min Loser": -75.12,
    "Avg Loser": -353.0996296296296,
    "Max Loser": -396.69,
    "Expectancy": 119.15065573770491,
    "Win Rate": 0.5573770491803278
  },
  "general": {
    "Long Ratio": "0.46",
    "Total trades": 0,
    "Sharpe ratio": 0.0,
    "Profit factor": 0.0,
    "Max drawdown": 0.0
  },
  "rejected_signals_count": 315
}