{
  "pnls": {
    "PnL (total)": 3703.71,
    "PnL% (total)": 3.7037100000000067,
    "Max Winner": 494.89,
    "Avg Winner": 477.4632142857143,
    "Min Winner": 14.38,
    "Min Loser": -75.16,
    "Avg Loser": -247.8271794871795,
    "Max Loser": -256.71,
    "Expectancy": 55.27925373134326,
    "Win Rate": 0.417910447761194
  },
  "general": {
    "Long Ratio": "0.49",
    "Total trades": 0,
    "Sharpe ratio": 0.0,
    "Profit factor": 0.0,
    "Max drawdown": 0.0
  },
  "rejected_signals_count": 238
}