{
  "pnls": {
    "PnL (total)": 3694.41,
    "PnL% (total)": 3.6944100000000035,
    "Max Winner": 494.89,
    "Avg Winner": 494.0942857142858,
    "Min Winner": 479.89,
    "Min Loser": -138.48,
    "Avg Loser": -253.50574999999998,
    "Max Loser": -256.71,
    "Expectancy": 54.329558823529425,
    "Win Rate": 0.4117647058823529
  },
  "general": {
    "Long Ratio": "0.49",
    "Total trades": 0,
    "Sharpe ratio": 0.0,
    "Profit factor": 0.0,
    "Max drawdown": 0.0
  },
  "rejected_signals_count": 282
}