{
  "pnls": {
    "PnL (total)": 9056.78,
    "PnL% (total)": 9.05678,
    "Max Winner": 494.89,
    "Avg Winner": 494.6038235294117,
    "Min Winner": 494.31,
    "Min Loser": -5.62,
    "Avg Loser": -310.39,
    "Max Loser": -356.71,
    "Expectancy": 153.50474576271185,
    "Win Rate": 0.576271186440678
  },
  "general": {
    "Long Ratio": "0.49",
    "Total trades": 0,
    "Sharpe ratio": 0.0,
    "Profit factor": 0.0,
    "Max drawdown": 0.0
  },
  "rejected_signals_count": 284
}