{
  "pnls": {
    "PnL (total)": 5565.88,
    "PnL% (total)": 5.565880000000005,
    "Max Winner": 518.33,
    "Avg Winner": 494.85636363636377,
    "Min Winner": 494.29,
    "Min Loser": -356.13,
    "Avg Loser": -356.50842105263143,
    "Max Loser": -356.75,
    "Expectancy": 39.19633802816916,
    "Win Rate": 0.4647887323943662
  },
  "general": {
    "Long Ratio": 0.5,
    "Total trades": 142,
    "Sharpe ratio": 0.103,
    "Profit factor": 0.0,
    "Max drawdown": 0.0
  },
  "rejected_signals_count": 5933
}