{
  "pnls": {
    "PnL (total)": 7615.77,
    "PnL% (total)": 7.615770000000004,
    "Max Winner": 494.89,
    "Avg Winner": 467.8235294117647,
    "Min Winner": 8.38,
    "Min Loser": -101.19,
    "Avg Loser": -331.6092,
    "Max Loser": -356.71,
    "Expectancy": 129.0808474576271,
    "Win Rate": 0.576271186440678
  },
  "general": {
    "Long Ratio": "0.51",
    "Total trades": 0,
    "Sharpe ratio": 0.0,
    "Profit factor": 0.0,
    "Max drawdown": 0.0
  },
  "rejected_signals_count": 224
}