{
  "pnls": {
    "PnL (total)": 8391.78,
    "PnL% (total)": 8.391779999999999,
    "Max Winner": 494.89,
    "Avg Winner": 480.2955882352941,
    "Min Winner": 8.38,
    "Min Loser": -55.16,
    "Avg Loser": -317.5308,
    "Max Loser": -356.71,
    "Expectancy": 142.2335593220339,
    "Win Rate": 0.576271186440678
  },
  "general": {
    "Long Ratio": "0.51",
    "Total trades": 0,
    "Sharpe ratio": 0.0,
    "Profit factor": 0.0,
    "Max drawdown": 0.0
  },
  "rejected_signals_count": 261
}