{
  "pnls": {
    "PnL (total)": 2267.14,
    "PnL% (total)": 2.2671399999999995,
    "Max Winner": 194.9,
    "Avg Winner": 189.14382352941178,
    "Min Winner": 8.38,
    "Min Loser": -96.16,
    "Avg Loser": -154.21296296296296,
    "Max Loser": -156.7,
    "Expectancy": 37.16622950819672,
    "Win Rate": 0.5573770491803278
  },
  "general": {
    "Long Ratio": "0.49",
    "Total trades": 0,
    "Sharpe ratio": 0.0,
    "Profit factor": 0.0,
    "Max drawdown": 0.0
  },
  "rejected_signals_count": 240
}