{
  "pnls": {
    "PnL (total)": 8544.8,
    "PnL% (total)": 8.544800000000002,
    "Max Winner": 494.89,
    "Avg Winner": 470.8094285714285,
    "Min Winner": 8.38,
    "Min Loser": -101.19,
    "Avg Loser": -330.56375,
    "Max Loser": -356.69,
    "Expectancy": 144.82711864406772,
    "Win Rate": 0.5932203389830508
  },
  "general": {
    "Long Ratio": "0.51",
    "Total trades": 0,
    "Sharpe ratio": 0.0,
    "Profit factor": 0.0,
    "Max drawdown": 0.0
  },
  "rejected_signals_count": 205
}