{
  "pnls": {
    "PnL (total)": 7162.77,
    "PnL% (total)": 7.1627700000000045,
    "Max Winner": 494.89,
    "Avg Winner": 480.98969696969704,
    "Min Winner": 45.38,
    "Min Loser": -127.19,
    "Avg Loser": -334.99576923076927,
    "Max Loser": -356.69,
    "Expectancy": 121.40288135593215,
    "Win Rate": 0.559322033898305
  },
  "general": {
    "Long Ratio": "0.49",
    "Total trades": 0,
    "Sharpe ratio": 0.0,
    "Profit factor": 0.0,
    "Max drawdown": 0.0
  },
  "rejected_signals_count": 308
}