{
  "pnls": {
    "PnL (total)": 7589.68,
    "PnL% (total)": 7.589679999999993,
    "Max Winner": 494.89,
    "Avg Winner": 494.60593750000004,
    "Min Winner": 494.31,
    "Min Loser": -97.54,
    "Avg Loser": -305.1003703703704,
    "Max Loser": -316.69,
    "Expectancy": 128.63864406779663,
    "Win Rate": 0.5423728813559322
  },
  "general": {
    "Long Ratio": "0.49",
    "Total trades": 0,
    "Sharpe ratio": 0.0,
    "Profit factor": 0.0,
    "Max drawdown": 0.0
  },
  "rejected_signals_count": 227
}