{
  "pnls": {
    "PnL (total)": 10599.32,
    "PnL% (total)": 10.599320000000006,
    "Max Winner": 494.89,
    "Avg Winner": 481.46162162162165,
    "Min Winner": 8.38,
    "Min Loser": -30.54,
    "Avg Loser": -313.6852173913044,
    "Max Loser": -356.69,
    "Expectancy": 176.65533333333337,
    "Win Rate": 0.6166666666666667
  },
  "general": {
    "Long Ratio": "0.50",
    "Total trades": 0,
    "Sharpe ratio": 0.0,
    "Profit factor": 0.0,
    "Max drawdown": 0.0
  },
  "rejected_signals_count": 208
}