{
  "pnls": {
    "PnL (total)": -6429.31,
    "PnL% (total)": -6.429309999999997,
    "Max Winner": 762.73,
    "Avg Winner": 745.070172413793,
    "Min Winner": 740.48,
    "Min Loser": -182.55,
    "Avg Loser": -255.89371134020635,
    "Max Loser": -285.48,
    "Expectancy": -25.513134920635082,
    "Win Rate": 0.23015873015873015
  },
  "general": {
    "Long Ratio": 0.5,
    "Total trades": 252,
    "Sharpe ratio": -0.042,
    "Profit factor": 0.0,
    "Max drawdown": 0.0
  },
  "rejected_signals_count": 20481
}