{
  "pnls": {
    "PnL (total)": -2866.77,
    "PnL% (total)": -2.8667700000000043,
    "Max Winner": 656.31,
    "Avg Winner": 104.6125,
    "Min Winner": 2.32,
    "Min Loser": -0.68,
    "Avg Loser": -58.95317567567567,
    "Max Loser": -206.69,
    "Expectancy": -14.052794117647053,
    "Win Rate": 0.27450980392156865
  },
  "general": {
    "Long Ratio": "0.49"
  },
  "rejected_signals_count": 7325
}