{
  "pnls": {
    "PnL (total)": 8446.23,
    "PnL% (total)": 8.446229999999996,
    "Max Winner": 494.89,
    "Avg Winner": 472.92285714285714,
    "Min Winner": 8.38,
    "Min Loser": -101.19,
    "Avg Loser": -324.2428,
    "Max Loser": -356.69,
    "Expectancy": 140.77050000000003,
    "Win Rate": 0.5833333333333334
  },
  "general": {
    "Long Ratio": "0.52",
    "Total trades": 0,
    "Sharpe ratio": 0.0,
    "Profit factor": 0.0,
    "Max drawdown": 0.0
  },
  "rejected_signals_count": 279
}