{
  "pnls": {
    "PnL (total)": 12600.24,
    "PnL% (total)": 12.600240000000005,
    "Max Winner": 494.91,
    "Avg Winner": 494.529020979021,
    "Min Winner": 494.25,
    "Min Loser": -13.64,
    "Avg Loser": -354.37445121951225,
    "Max Loser": -356.73,
    "Expectancy": 41.0431270358306,
    "Win Rate": 0.46579804560260585
  },
  "general": {
    "Long Ratio": 0.5,
    "Total trades": 307,
    "Sharpe ratio": 0.107,
    "Profit factor": 0.0,
    "Max drawdown": 0.0
  },
  "rejected_signals_count": 310617
}