{
  "pnls": {
    "PnL (total)": 1514.6,
    "PnL% (total)": 1.514600000000006,
    "Max Winner": 744.89,
    "Avg Winner": 632.5205555555556,
    "Min Winner": 8.38,
    "Min Loser": -30.6,
    "Avg Loser": -246.76925,
    "Max Loser": -256.71,
    "Expectancy": 26.113793103448273,
    "Win Rate": 0.3103448275862069
  },
  "general": {
    "Long Ratio": "0.50",
    "Total trades": 0,
    "Sharpe ratio": 0.0,
    "Profit factor": 0.0,
    "Max drawdown": 0.0
  },
  "rejected_signals_count": 243
}