{
  "pnls": {
    "PnL (total)": -4679.52,
    "PnL% (total)": -4.679520000000005,
    "Max Winner": 763.85,
    "Avg Winner": 745.1095384615384,
    "Min Winner": 740.48,
    "Min Loser": -236.61,
    "Avg Loser": -256.57797101449296,
    "Max Loser": -296.61,
    "Expectancy": -17.204117647058997,
    "Win Rate": 0.23897058823529413
  },
  "general": {
    "Long Ratio": 0.5,
    "Total trades": 272,
    "Sharpe ratio": -0.023,
    "Profit factor": 0.0,
    "Max drawdown": 0.0
  },
  "rejected_signals_count": 25504
}