{
  "pnls": {
    "PnL (total)": -1836.19,
    "PnL% (total)": -1.8361900000000024,
    "Max Winner": 949.66,
    "Avg Winner": 120.56175675675678,
    "Min Winner": 0.64,
    "Min Loser": -1.34,
    "Avg Loser": -57.83741935483872,
    "Max Loser": -206.37,
    "Expectancy": -7.062269230769239,
    "Win Rate": 0.2846153846153846
  },
  "general": {
    "Long Ratio": "0.00"
  },
  "rejected_signals_count": 11787
}