{
  "pnls": {
    "PnL (total)": -4957.88,
    "PnL% (total)": -4.957880000000005,
    "Max Winner": 545.35,
    "Avg Winner": 495.2545528455286,
    "Min Winner": 479.37,
    "Min Loser": -228.38,
    "Avg Loser": -256.31980544747097,
    "Max Loser": -267.64,
    "Expectancy": -13.047052631579005,
    "Win Rate": 0.3236842105263158
  },
  "general": {
    "Long Ratio": 0.5,
    "Total trades": 380,
    "Sharpe ratio": -0.022,
    "Profit factor": 0.0,
    "Max drawdown": 0.0
  },
  "rejected_signals_count": 122285
}