{
  "pnls": {
    "PnL (total)": -9054.77,
    "PnL% (total)": -9.054770000000003,
    "Max Winner": 628.59,
    "Avg Winner": 587.8229487179487,
    "Min Winner": 33.43,
    "Min Loser": -200.54,
    "Avg Loser": -206.40962406015024,
    "Max Loser": -206.72,
    "Expectancy": -26.322005813953403,
    "Win Rate": 0.22674418604651161
  },
  "general": {
    "Long Ratio": 0.5,
    "Total trades": 344,
    "Sharpe ratio": -0.064,
    "Profit factor": 0.0,
    "Max drawdown": 0.0
  },
  "rejected_signals_count": 176769
}