{
  "pnls": {
    "PnL (total)": 5339.45,
    "PnL% (total)": 5.339449999999997,
    "Max Winner": 494.89,
    "Avg Winner": 494.6203448275863,
    "Min Winner": 494.31,
    "Min Loser": -144.54,
    "Avg Loser": -310.5013793103448,
    "Max Loser": -316.71,
    "Expectancy": 92.05948275862073,
    "Win Rate": 0.5
  },
  "general": {
    "Long Ratio": "0.50",
    "Total trades": 0,
    "Sharpe ratio": 0.0,
    "Profit factor": 0.0,
    "Max drawdown": 0.0
  },
  "rejected_signals_count": 254
}