{
  "pnls": {
    "PnL (total)": 2905.04,
    "PnL% (total)": 2.9050399999999934,
    "Max Winner": 394.89,
    "Avg Winner": 205.09428571428572,
    "Min Winner": 0.34,
    "Min Loser": -0.16,
    "Avg Loser": -74.88972267536704,
    "Max Loser": -86.72,
    "Expectancy": 3.4136780258519437,
    "Win Rate": 0.2796709753231492
  },
  "general": {
    "Long Ratio": "0.51",
    "Total trades": 0,
    "Sharpe ratio": 0.0,
    "Profit factor": 0.0,
    "Max drawdown": 0.0
  },
  "rejected_signals_count": 7726
}