{
  "pnls": {
    "PnL (total)": 4118.27,
    "PnL% (total)": 4.118270000000003,
    "Max Winner": 494.89,
    "Avg Winner": 478.3288461538462,
    "Min Winner": 70.46,
    "Min Loser": -112.16,
    "Avg Loser": -252.06909090909087,
    "Max Loser": -256.71,
    "Expectancy": 69.80118644067798,
    "Win Rate": 0.4406779661016949
  },
  "general": {
    "Long Ratio": "0.51",
    "Total trades": 0,
    "Sharpe ratio": 0.0,
    "Profit factor": 0.0,
    "Max drawdown": 0.0
  },
  "rejected_signals_count": 272
}