{
  "pnls": {
    "PnL (total)": -6541.04,
    "PnL% (total)": -6.5410399999999935,
    "Max Winner": 594.89,
    "Avg Winner": 594.5712820512823,
    "Min Winner": 594.29,
    "Min Loser": -247.57,
    "Avg Loser": -305.8820809248553,
    "Max Loser": -306.72,
    "Expectancy": -26.059920318724895,
    "Win Rate": 0.3107569721115538
  },
  "general": {
    "Long Ratio": 0.5,
    "Total trades": 251,
    "Sharpe ratio": -0.053,
    "Profit factor": 0.0,
    "Max drawdown": 0.0
  },
  "rejected_signals_count": 187791
}