{
  "pnls": {
    "PnL (total)": 7431.31,
    "PnL% (total)": 7.431309999999998,
    "Max Winner": 444.89,
    "Avg Winner": 444.2002777777778,
    "Min Winner": 429.88,
    "Min Loser": -47.12,
    "Avg Loser": -305.7107142857143,
    "Max Loser": -326.69,
    "Expectancy": 116.11421875000002,
    "Win Rate": 0.5625
  },
  "general": {
    "Long Ratio": "0.48",
    "Total trades": 0,
    "Sharpe ratio": 0.0,
    "Profit factor": 0.0,
    "Max drawdown": 0.0
  },
  "rejected_signals_count": 306
}