{
  "pnls": {
    "PnL (total)": -792.61,
    "PnL% (total)": -0.7926100000000005,
    "Max Winner": 194.88,
    "Avg Winner": 194.5490909090909,
    "Min Winner": 194.35,
    "Min Loser": -56.1,
    "Avg Loser": -56.397115384615375,
    "Max Loser": -56.7,
    "Expectancy": -12.581111111111106,
    "Win Rate": 0.1746031746031746
  },
  "general": {
    "Long Ratio": "0.49",
    "Total trades": 0,
    "Sharpe ratio": 0.0,
    "Profit factor": 0.0,
    "Max drawdown": 0.0
  },
  "rejected_signals_count": 238
}