{
  "pnls": {
    "PnL (total)": -9295.57,
    "PnL% (total)": -9.295570000000007,
    "Max Winner": 508.45,
    "Avg Winner": 494.5846666666669,
    "Min Winner": 471.59,
    "Min Loser": -221.67,
    "Avg Loser": -256.2951381215471,
    "Max Loser": -280.33,
    "Expectancy": -36.310820312500034,
    "Win Rate": 0.29296875
  },
  "general": {
    "Long Ratio": 0.5,
    "Total trades": 256,
    "Sharpe ratio": -0.094,
    "Profit factor": 0.0,
    "Max drawdown": 0.0
  },
  "rejected_signals_count": 10369
}