{
  "pnls": {
    "PnL (total)": -4834.69,
    "PnL% (total)": -4.834690000000003,
    "Max Winner": 768.33,
    "Avg Winner": 745.1435897435899,
    "Min Winner": 744.29,
    "Min Loser": -6.64,
    "Avg Loser": -254.85180451127815,
    "Max Loser": -285.69,
    "Expectancy": -28.108662790697622,
    "Win Rate": 0.22674418604651161
  },
  "general": {
    "Long Ratio": 0.5,
    "Total trades": 172,
    "Sharpe ratio": -0.052,
    "Profit factor": 0.0,
    "Max drawdown": 0.0
  },
  "rejected_signals_count": 7847
}