{
  "pnls": {
    "PnL (total)": 2899.55,
    "PnL% (total)": 2.8995500000000027,
    "Max Winner": 569.33,
    "Avg Winner": 508.8073333333334,
    "Min Winner": 60.33,
    "Min Loser": -62.66,
    "Avg Loser": -196.2646031746032,
    "Max Loser": -206.73,
    "Expectancy": 31.17795698924732,
    "Win Rate": 0.3225806451612903
  },
  "general": {
    "Long Ratio": 0.47
  },
  "rejected_signals_count": 617
}