{
  "pnls": {
    "PnL (total)": -10331.27,
    "PnL% (total)": -10.331270000000004,
    "Max Winner": 606.86,
    "Avg Winner": 397.5368571428571,
    "Min Winner": 6.66,
    "Min Loser": -32.18,
    "Avg Loser": -210.8266086956522,
    "Max Loser": -255.72,
    "Expectancy": -68.87513333333334,
    "Win Rate": 0.23333333333333334
  },
  "general": {
    "Long Ratio": "0.49"
  },
  "rejected_signals_count": 1006
}