{
  "pnls": {
    "PnL (total)": 4416.6,
    "PnL% (total)": 4.416600000000006,
    "Max Winner": 518.33,
    "Avg Winner": 494.85352941176495,
    "Min Winner": 494.29,
    "Min Loser": -356.11,
    "Avg Loser": -356.50536585365836,
    "Max Loser": -356.75,
    "Expectancy": 29.444000000000212,
    "Win Rate": 0.4533333333333333
  },
  "general": {
    "Long Ratio": 0.5,
    "Total trades": 150,
    "Sharpe ratio": 0.08,
    "Profit factor": 0.0,
    "Max drawdown": 0.0
  },
  "rejected_signals_count": 6399
}