{
  "pnls": {
    "PnL (total)": 9267.82,
    "PnL% (total)": 9.267820000000007,
    "Max Winner": 494.89,
    "Avg Winner": 469.30055555555555,
    "Min Winner": 8.38,
    "Min Loser": -101.19,
    "Avg Loser": -331.60869565217394,
    "Max Loser": -356.69,
    "Expectancy": 157.08169491525425,
    "Win Rate": 0.6101694915254238
  },
  "general": {
    "Long Ratio": "0.51",
    "Total trades": 0,
    "Sharpe ratio": 0.0,
    "Profit factor": 0.0,
    "Max drawdown": 0.0
  },
  "rejected_signals_count": 240
}