{
  "pnls": {
    "PnL (total)": -804.91,
    "PnL% (total)": -0.8049100000000035,
    "Max Winner": 615.4,
    "Avg Winner": 510.53222222222223,
    "Min Winner": 495.33,
    "Min Loser": 0.0,
    "Avg Loser": -217.27152173913043,
    "Max Loser": -255.71,
    "Expectancy": -12.576718749999998,
    "Win Rate": 0.28125
  },
  "general": {
    "Long Ratio": "0.53"
  },
  "rejected_signals_count": 670
}