{
  "pnls": {
    "PnL (total)": -3129.65,
    "PnL% (total)": -3.129649999999994,
    "Max Winner": 615.4,
    "Avg Winner": 516.0935294117647,
    "Min Winner": 495.57,
    "Min Loser": -54.12,
    "Avg Loser": -216.42254545454537,
    "Max Loser": -255.71,
    "Expectancy": -43.46736111111103,
    "Win Rate": 0.2361111111111111
  },
  "general": {
    "Long Ratio": "0.46"
  },
  "rejected_signals_count": 618
}