{
  "pnls": {
    "PnL (total)": 8934.83,
    "PnL% (total)": 8.934830000000002,
    "Max Winner": 494.89,
    "Avg Winner": 480.70799999999997,
    "Min Winner": 8.38,
    "Min Loser": -92.54,
    "Avg Loser": -328.74791666666664,
    "Max Loser": -356.69,
    "Expectancy": 151.43779661016947,
    "Win Rate": 0.5932203389830508
  },
  "general": {
    "Long Ratio": "0.49",
    "Total trades": 0,
    "Sharpe ratio": 0.0,
    "Profit factor": 0.0,
    "Max drawdown": 0.0
  },
  "rejected_signals_count": 227
}