{
  "pnls": {
    "PnL (total)": 9414.8,
    "PnL% (total)": 9.414800000000003,
    "Max Winner": 494.89,
    "Avg Winner": 469.30055555555555,
    "Min Winner": 8.38,
    "Min Loser": -55.16,
    "Avg Loser": -325.21826086956526,
    "Max Loser": -356.69,
    "Expectancy": 159.5728813559322,
    "Win Rate": 0.6101694915254238
  },
  "general": {
    "Long Ratio": "0.51",
    "Total trades": 0,
    "Sharpe ratio": 0.0,
    "Profit factor": 0.0,
    "Max drawdown": 0.0
  },
  "rejected_signals_count": 280
}