{
  "pnls": {
    "PnL (total)": 6862.72,
    "PnL% (total)": 6.862720000000001,
    "Max Winner": 494.89,
    "Avg Winner": 494.11064516129034,
    "Min Winner": 479.89,
    "Min Loser": -30.54,
    "Avg Loser": -325.1811538461538,
    "Max Loser": -366.69,
    "Expectancy": 120.39859649122815,
    "Win Rate": 0.543859649122807
  },
  "general": {
    "Long Ratio": "0.46",
    "Total trades": 0,
    "Sharpe ratio": 0.0,
    "Profit factor": 0.0,
    "Max drawdown": 0.0
  },
  "rejected_signals_count": 261
}