{
  "pnls": {
    "PnL (total)": 9942.81,
    "PnL% (total)": 9.942809999999998,
    "Max Winner": 494.89,
    "Avg Winner": 470.00567567567566,
    "Min Winner": 8.38,
    "Min Loser": -101.19,
    "Avg Loser": -338.51818181818186,
    "Max Loser": -356.71,
    "Expectancy": 168.52220338983048,
    "Win Rate": 0.6271186440677966
  },
  "general": {
    "Long Ratio": "0.49",
    "Total trades": 0,
    "Sharpe ratio": 0.0,
    "Profit factor": 0.0,
    "Max drawdown": 0.0
  },
  "rejected_signals_count": 241
}