{
  "pnls": {
    "PnL (total)": -3088.96,
    "PnL% (total)": -3.0889600000000064,
    "Max Winner": 744.89,
    "Avg Winner": 744.5339726027395,
    "Min Winner": 744.28,
    "Min Loser": -248.19,
    "Avg Loser": -256.42830357142844,
    "Max Loser": -256.75,
    "Expectancy": -10.400538720538695,
    "Win Rate": 0.24579124579124578
  },
  "general": {
    "Long Ratio": 0.5,
    "Total trades": 297,
    "Sharpe ratio": -0.014,
    "Profit factor": 0.0,
    "Max drawdown": 0.0
  },
  "rejected_signals_count": 315240
}