{
  "pnls": {
    "PnL (total)": 5233.19,
    "PnL% (total)": 5.233190000000002,
    "Max Winner": 494.87,
    "Avg Winner": 494.0973333333333,
    "Min Winner": 479.89,
    "Min Loser": -69.54,
    "Avg Loser": -299.6790625,
    "Max Loser": -316.7,
    "Expectancy": 84.40629032258067,
    "Win Rate": 0.4838709677419355
  },
  "general": {
    "Long Ratio": "0.52",
    "Total trades": 0,
    "Sharpe ratio": 0.0,
    "Profit factor": 0.0,
    "Max drawdown": 0.0
  },
  "rejected_signals_count": 215
}