{
  "pnls": {
    "PnL (total)": -3067.91,
    "PnL% (total)": -3.0679100000000035,
    "Max Winner": 606.86,
    "Avg Winner": 373.964,
    "Min Winner": 4.64,
    "Min Loser": 0.0,
    "Avg Loser": -174.12888000000004,
    "Max Loser": -255.72,
    "Expectancy": -17.53091428571433,
    "Win Rate": 0.2857142857142857
  },
  "general": {
    "Long Ratio": "0.46"
  },
  "rejected_signals_count": 1581
}