{
  "pnls": {
    "PnL (total)": -6496.53,
    "PnL% (total)": -6.496529999999999,
    "Max Winner": 751.87,
    "Avg Winner": 743.8745833333334,
    "Min Winner": 721.59,
    "Min Loser": -197.32,
    "Avg Loser": -255.7727878787881,
    "Max Loser": -280.33,
    "Expectancy": -30.500140845070586,
    "Win Rate": 0.22535211267605634
  },
  "general": {
    "Long Ratio": 0.5,
    "Total trades": 213,
    "Sharpe ratio": -0.058,
    "Profit factor": 0.0,
    "Max drawdown": 0.0
  },
  "rejected_signals_count": 13078
}