{
  "pnls": {
    "PnL (total)": -8512.19,
    "PnL% (total)": -8.512190000000002,
    "Max Winner": 764.67,
    "Avg Winner": 744.5714084507041,
    "Min Winner": 735.35,
    "Min Loser": -13.64,
    "Avg Loser": -354.7789595375722,
    "Max Loser": -380.41,
    "Expectancy": -34.88602459016395,
    "Win Rate": 0.29098360655737704
  },
  "general": {
    "Long Ratio": 0.51,
    "Total trades": 244,
    "Sharpe ratio": -0.06,
    "Profit factor": 0.0,
    "Max drawdown": 0.0
  },
  "rejected_signals_count": 158750
}