{
  "pnls": {
    "PnL (total)": 8017.42,
    "PnL% (total)": 8.01742,
    "Max Winner": 494.89,
    "Avg Winner": 494.610303030303,
    "Min Winner": 494.31,
    "Min Loser": -122.54,
    "Avg Loser": -332.18879999999996,
    "Max Loser": -356.71,
    "Expectancy": 138.23137931034486,
    "Win Rate": 0.5689655172413793
  },
  "general": {
    "Long Ratio": "0.50",
    "Total trades": 0,
    "Sharpe ratio": 0.0,
    "Profit factor": 0.0,
    "Max drawdown": 0.0
  },
  "rejected_signals_count": 305
}