{
  "pnls": {
    "PnL (total)": 6701.63,
    "PnL% (total)": 6.701630000000004,
    "Max Winner": 494.89,
    "Avg Winner": 494.56290322580645,
    "Min Winner": 494.31,
    "Min Loser": -138.54,
    "Avg Loser": -331.9161538461539,
    "Max Loser": -346.7,
    "Expectancy": 117.57245614035085,
    "Win Rate": 0.543859649122807
  },
  "general": {
    "Long Ratio": "0.51",
    "Total trades": 0,
    "Sharpe ratio": 0.0,
    "Profit factor": 0.0,
    "Max drawdown": 0.0
  },
  "rejected_signals_count": 224
}