{
  "pnls": {
    "PnL (total)": -9332.04,
    "PnL% (total)": -9.332039999999994,
    "Max Winner": 599.83,
    "Avg Winner": 587.5898734177216,
    "Min Winner": 33.43,
    "Min Loser": -102.58,
    "Avg Loser": -156.1670588235293,
    "Max Loser": -156.72,
    "Expectancy": -21.40376146788979,
    "Win Rate": 0.1811926605504587
  },
  "general": {
    "Long Ratio": 0.5,
    "Total trades": 436,
    "Sharpe ratio": -0.058,
    "Profit factor": 0.0,
    "Max drawdown": 0.0
  },
  "rejected_signals_count": 167106
}