{
  "pnls": {
    "PnL (total)": 9357.29,
    "PnL% (total)": 9.357289999999994,
    "Max Winner": 494.89,
    "Avg Winner": 472.3377777777778,
    "Min Winner": 8.38,
    "Min Loser": -19.52,
    "Avg Loser": -318.61958333333337,
    "Max Loser": -356.69,
    "Expectancy": 155.95483333333334,
    "Win Rate": 0.6
  },
  "general": {
    "Long Ratio": "0.52",
    "Total trades": 0,
    "Sharpe ratio": 0.0,
    "Profit factor": 0.0,
    "Max drawdown": 0.0
  },
  "rejected_signals_count": 202
}