{
  "pnls": {
    "PnL (total)": 10621.3,
    "PnL% (total)": 10.621300000000003,
    "Max Winner": 494.89,
    "Avg Winner": 481.4610810810811,
    "Min Winner": 8.38,
    "Min Loser": -30.54,
    "Avg Loser": -312.72869565217394,
    "Max Loser": -356.69,
    "Expectancy": 177.02166666666668,
    "Win Rate": 0.6166666666666667
  },
  "general": {
    "Long Ratio": "0.50",
    "Total trades": 0,
    "Sharpe ratio": 0.0,
    "Profit factor": 0.0,
    "Max drawdown": 0.0
  },
  "rejected_signals_count": 233
}