{
  "pnls": {
    "PnL (total)": 511.87,
    "PnL% (total)": 0.5118699999999954,
    "Max Winner": 314.9,
    "Avg Winner": 314.56999999999994,
    "Min Winner": 313.81,
    "Min Loser": -49.54,
    "Avg Loser": -85.83983333333335,
    "Max Loser": -86.72,
    "Expectancy": 6.562435897435876,
    "Win Rate": 0.23076923076923078
  },
  "general": {
    "Long Ratio": "0.49",
    "Total trades": 0,
    "Sharpe ratio": 0.0,
    "Profit factor": 0.0,
    "Max drawdown": 0.0
  },
  "rejected_signals_count": 311
}