{
  "pnls": {
    "PnL (total)": 6728.95,
    "PnL% (total)": 6.7289499999999975,
    "Max Winner": 494.89,
    "Avg Winner": 494.57516129032257,
    "Min Winner": 494.31,
    "Min Loser": -138.54,
    "Avg Loser": -307.24571428571426,
    "Max Loser": -316.7,
    "Expectancy": 114.05000000000004,
    "Win Rate": 0.5254237288135594
  },
  "general": {
    "Long Ratio": "0.49",
    "Total trades": 0,
    "Sharpe ratio": 0.0,
    "Profit factor": 0.0,
    "Max drawdown": 0.0
  },
  "rejected_signals_count": 226
}