{
  "pnls": {
    "PnL (total)": 7372.74,
    "PnL% (total)": 7.372740000000006,
    "Max Winner": 494.89,
    "Avg Winner": 479.86424242424243,
    "Min Winner": 8.38,
    "Min Loser": -101.19,
    "Avg Loser": -325.4915384615385,
    "Max Loser": -356.71,
    "Expectancy": 124.96169491525416,
    "Win Rate": 0.559322033898305
  },
  "general": {
    "Long Ratio": "0.51",
    "Total trades": 0,
    "Sharpe ratio": 0.0,
    "Profit factor": 0.0,
    "Max drawdown": 0.0
  },
  "rejected_signals_count": 258
}