{
  "pnls": {
    "PnL (total)": -11333.57,
    "PnL% (total)": -11.333570000000007,
    "Max Winner": 793.6,
    "Avg Winner": 744.6128787878788,
    "Min Winner": 710.84,
    "Min Loser": -217.7,
    "Avg Loser": -256.2627966101694,
    "Max Loser": -279.17,
    "Expectancy": -37.52837748344364,
    "Win Rate": 0.2185430463576159
  },
  "general": {
    "Long Ratio": 0.5,
    "Total trades": 302,
    "Sharpe ratio": -0.075,
    "Profit factor": 0.0,
    "Max drawdown": 0.0
  },
  "rejected_signals_count": 125566
}