{
  "pnls": {
    "PnL (total)": 5651.38,
    "PnL% (total)": 5.651380000000004,
    "Max Winner": 494.89,
    "Avg Winner": 494.61666666666673,
    "Min Winner": 494.31,
    "Min Loser": -26.16,
    "Avg Loser": -328.1114285714286,
    "Max Loser": -356.71,
    "Expectancy": 97.43758620689661,
    "Win Rate": 0.5172413793103449
  },
  "general": {
    "Long Ratio": "0.50",
    "Total trades": 0,
    "Sharpe ratio": 0.0,
    "Profit factor": 0.0,
    "Max drawdown": 0.0
  },
  "rejected_signals_count": 378
}