{
  "pnls": {
    "PnL (total)": 4248.68,
    "PnL% (total)": 4.248679999999993,
    "Max Winner": 394.89,
    "Avg Winner": 373.08787878787876,
    "Min Winner": 8.38,
    "Min Loser": -96.16,
    "Avg Loser": -298.6377777777777,
    "Max Loser": -306.71,
    "Expectancy": 70.81133333333335,
    "Win Rate": 0.55
  },
  "general": {
    "Long Ratio": "0.50",
    "Total trades": 0,
    "Sharpe ratio": 0.0,
    "Profit factor": 0.0,
    "Max drawdown": 0.0
  },
  "rejected_signals_count": 241
}