{
  "pnls": {
    "PnL (total)": -1780.96,
    "PnL% (total)": -1.7809600000000065,
    "Max Winner": 607.49,
    "Avg Winner": 452.50162790697675,
    "Min Winner": 15.84,
    "Min Loser": -4.32,
    "Avg Loser": -191.33810810810812,
    "Max Loser": -255.71,
    "Expectancy": -11.56467532467532,
    "Win Rate": 0.2792207792207792
  },
  "general": {
    "Long Ratio": "0.49"
  },
  "rejected_signals_count": 934
}