{
  "pnls": {
    "PnL (total)": 6789.11,
    "PnL% (total)": 6.789110000000001,
    "Max Winner": 494.89,
    "Avg Winner": 494.56290322580645,
    "Min Winner": 494.31,
    "Min Loser": -138.54,
    "Avg Loser": -341.6936,
    "Max Loser": -366.69,
    "Expectancy": 121.23410714285717,
    "Win Rate": 0.5535714285714286
  },
  "general": {
    "Long Ratio": "0.50",
    "Total trades": 0,
    "Sharpe ratio": 0.0,
    "Profit factor": 0.0,
    "Max drawdown": 0.0
  },
  "rejected_signals_count": 229
}