{
  "pnls": {
    "PnL (total)": -6643.12,
    "PnL% (total)": -6.643119999999995,
    "Max Winner": 511.89,
    "Avg Winner": 494.6585600000001,
    "Min Winner": 494.25,
    "Min Loser": -13.64,
    "Avg Loser": -354.7950259067357,
    "Max Loser": -382.71,
    "Expectancy": -20.890314465408736,
    "Win Rate": 0.39308176100628933
  },
  "general": {
    "Long Ratio": 0.5,
    "Total trades": 318,
    "Sharpe ratio": -0.041,
    "Profit factor": 0.0,
    "Max drawdown": 0.0
  },
  "rejected_signals_count": 150675
}