{
  "pnls": {
    "PnL (total)": 7243.73,
    "PnL% (total)": 7.243729999999996,
    "Max Winner": 494.89,
    "Avg Winner": 480.9890909090909,
    "Min Winner": 45.38,
    "Min Loser": -95.2,
    "Avg Loser": -331.88115384615384,
    "Max Loser": -356.69,
    "Expectancy": 122.77508474576271,
    "Win Rate": 0.559322033898305
  },
  "general": {
    "Long Ratio": "0.49",
    "Total trades": 0,
    "Sharpe ratio": 0.0,
    "Profit factor": 0.0,
    "Max drawdown": 0.0
  },
  "rejected_signals_count": 312
}