{
  "pnls": {
    "PnL (total)": 8053.8,
    "PnL% (total)": 8.053800000000003,
    "Max Winner": 494.89,
    "Avg Winner": 480.2967647058824,
    "Min Winner": 8.38,
    "Min Loser": -95.2,
    "Avg Loser": -331.0516,
    "Max Loser": -356.69,
    "Expectancy": 136.5050847457628,
    "Win Rate": 0.576271186440678
  },
  "general": {
    "Long Ratio": "0.49",
    "Total trades": 0,
    "Sharpe ratio": 0.0,
    "Profit factor": 0.0,
    "Max drawdown": 0.0
  },
  "rejected_signals_count": 278
}