{
  "pnls": {
    "PnL (total)": 9317.79,
    "PnL% (total)": 9.317789999999993,
    "Max Winner": 494.89,
    "Avg Winner": 469.3094444444444,
    "Min Winner": 8.38,
    "Min Loser": -101.19,
    "Avg Loser": -329.45,
    "Max Loser": -356.69,
    "Expectancy": 157.92864406779665,
    "Win Rate": 0.6101694915254238
  },
  "general": {
    "Long Ratio": "0.51",
    "Total trades": 0,
    "Sharpe ratio": 0.0,
    "Profit factor": 0.0,
    "Max drawdown": 0.0
  },
  "rejected_signals_count": 230
}