{
  "pnls": {
    "PnL (total)": -212.47,
    "PnL% (total)": -0.21247000000000116,
    "Max Winner": 234.9,
    "Avg Winner": 234.5935483870968,
    "Min Winner": 233.81,
    "Min Loser": -49.54,
    "Avg Loser": -162.7145652173913,
    "Max Loser": -166.72,
    "Expectancy": -2.759350649350637,
    "Win Rate": 0.4025974025974026
  },
  "general": {
    "Long Ratio": "0.49",
    "Total trades": 0,
    "Sharpe ratio": 0.0,
    "Profit factor": 0.0,
    "Max drawdown": 0.0
  },
  "rejected_signals_count": 312
}