{
  "pnls": {
    "PnL (total)": -9615.21,
    "PnL% (total)": -9.615210000000006,
    "Max Winner": 744.89,
    "Avg Winner": 744.5663157894735,
    "Min Winner": 744.28,
    "Min Loser": -6.64,
    "Avg Loser": -354.1189795918367,
    "Max Loser": -356.75,
    "Expectancy": -47.13338235294121,
    "Win Rate": 0.27941176470588236
  },
  "general": {
    "Long Ratio": 0.5,
    "Total trades": 204,
    "Sharpe ratio": -0.078,
    "Profit factor": 0.0,
    "Max drawdown": 0.0
  },
  "rejected_signals_count": 19463
}