{
  "pnls": {
    "PnL (total)": -1331.69,
    "PnL% (total)": -1.3316900000000025,
    "Max Winner": 606.86,
    "Avg Winner": 474.8181578947368,
    "Min Winner": 21.82,
    "Min Loser": 0.0,
    "Avg Loser": -203.94505263157896,
    "Max Loser": -255.72,
    "Expectancy": -10.012706766917319,
    "Win Rate": 0.2857142857142857
  },
  "general": {
    "Long Ratio": "0.51"
  },
  "rejected_signals_count": 960
}