{
  "pnls": {
    "PnL (total)": -939.4,
    "PnL% (total)": -0.9393999999999942,
    "Max Winner": 234.91,
    "Avg Winner": 173.38102836879435,
    "Min Winner": 0.34,
    "Min Loser": -0.16,
    "Avg Loser": -94.38039772727274,
    "Max Loser": -126.72,
    "Expectancy": -1.1597530864197552,
    "Win Rate": 0.34814814814814815
  },
  "general": {
    "Long Ratio": "0.51",
    "Total trades": 0,
    "Sharpe ratio": 0.0,
    "Profit factor": 0.0,
    "Max drawdown": 0.0
  },
  "rejected_signals_count": 7767
}