{
  "pnls": {
    "PnL (total)": 2975.72,
    "PnL% (total)": 2.9757200000000013,
    "Max Winner": 494.89,
    "Avg Winner": 494.6315384615385,
    "Min Winner": 494.35,
    "Min Loser": -80.54,
    "Avg Loser": -247.1175,
    "Max Loser": -256.71,
    "Expectancy": 45.08666666666667,
    "Win Rate": 0.3939393939393939
  },
  "general": {
    "Long Ratio": "0.48",
    "Total trades": 0,
    "Sharpe ratio": 0.0,
    "Profit factor": 0.0,
    "Max drawdown": 0.0
  },
  "rejected_signals_count": 323
}