{
  "pnls": {
    "PnL (total)": 6942.82,
    "PnL% (total)": 6.942820000000006,
    "Max Winner": 494.89,
    "Avg Winner": 494.594375,
    "Min Winner": 494.31,
    "Min Loser": -95.2,
    "Avg Loser": -370.175,
    "Max Loser": -396.69,
    "Expectancy": 123.97892857142853,
    "Win Rate": 0.5714285714285714
  },
  "general": {
    "Long Ratio": "0.50",
    "Total trades": 0,
    "Sharpe ratio": 0.0,
    "Profit factor": 0.0,
    "Max drawdown": 0.0
  },
  "rejected_signals_count": 256
}