{
  "pnls": {
    "PnL (total)": -1473.51,
    "PnL% (total)": -1.4735099999999948,
    "Max Winner": 630.31,
    "Avg Winner": 155.82042553191494,
    "Min Winner": 0.3,
    "Min Loser": -2.68,
    "Avg Loser": -74.5514406779661,
    "Max Loser": -126.74,
    "Expectancy": -8.930363636363616,
    "Win Rate": 0.28484848484848485
  },
  "general": {
    "Long Ratio": "0.42"
  },
  "rejected_signals_count": 5877
}