{
  "pnls": {
    "PnL (total)": -8607.4,
    "PnL% (total)": -8.607399999999995,
    "Max Winner": 744.89,
    "Avg Winner": 744.5235897435896,
    "Min Winner": 744.28,
    "Min Loser": -256.1,
    "Avg Loser": -256.4624615384615,
    "Max Loser": -256.75,
    "Expectancy": -25.46568047337279,
    "Win Rate": 0.23076923076923078
  },
  "general": {
    "Long Ratio": 0.5,
    "Total trades": 338,
    "Sharpe ratio": -0.051,
    "Profit factor": 0.0,
    "Max drawdown": 0.0
  },
  "rejected_signals_count": 401633
}