{
  "pnls": {
    "PnL (total)": -170.97,
    "PnL% (total)": -0.17097000000000118,
    "Max Winner": 310.33,
    "Avg Winner": 73.1746153846154,
    "Min Winner": 0.36,
    "Min Loser": -9.62,
    "Avg Loser": -62.34666666666668,
    "Max Loser": -142.66,
    "Expectancy": -5.5151612903225775,
    "Win Rate": 0.41935483870967744
  },
  "general": {
    "Long Ratio": "1.00"
  },
  "rejected_signals_count": 1500
}