{
  "pnls": {
    "PnL (total)": 7385.38,
    "PnL% (total)": 7.385380000000005,
    "Max Winner": 494.89,
    "Avg Winner": 494.60843750000004,
    "Min Winner": 494.31,
    "Min Loser": -26.16,
    "Avg Loser": -324.69576923076926,
    "Max Loser": -356.71,
    "Expectancy": 127.33413793103449,
    "Win Rate": 0.5517241379310345
  },
  "general": {
    "Long Ratio": "0.50",
    "Total trades": 0,
    "Sharpe ratio": 0.0,
    "Profit factor": 0.0,
    "Max drawdown": 0.0
  },
  "rejected_signals_count": 284
}