{
  "pnls": {
    "PnL (total)": 2391.61,
    "PnL% (total)": 2.3916100000000005,
    "Max Winner": 748.43,
    "Avg Winner": 733.5257812499999,
    "Min Winner": 33.43,
    "Min Loser": -172.42,
    "Avg Loser": -206.26870370370364,
    "Max Loser": -206.72,
    "Expectancy": 8.541464285714317,
    "Win Rate": 0.22857142857142856
  },
  "general": {
    "Long Ratio": 0.5,
    "Total trades": 280,
    "Sharpe ratio": 0.033,
    "Profit factor": 0.0,
    "Max drawdown": 0.0
  },
  "rejected_signals_count": 177590
}