{
  "pnls": {
    "PnL (total)": -12010.26,
    "PnL% (total)": -12.010259999999995,
    "Max Winner": 795.36,
    "Avg Winner": 745.7110144927537,
    "Min Winner": 744.28,
    "Min Loser": -345.49,
    "Avg Loser": -356.54112359550555,
    "Max Loser": -367.64,
    "Expectancy": -48.624534412955335,
    "Win Rate": 0.2793522267206478
  },
  "general": {
    "Long Ratio": 0.5,
    "Total trades": 247,
    "Sharpe ratio": -0.086,
    "Profit factor": 0.0,
    "Max drawdown": 0.0
  },
  "rejected_signals_count": 145478
}