{
  "pnls": {
    "PnL (total)": -382.63,
    "PnL% (total)": -0.3826300000000047,
    "Max Winner": 194.9,
    "Avg Winner": 194.58619047619047,
    "Min Winner": 194.31,
    "Min Loser": -106.12,
    "Avg Loser": -106.40333333333332,
    "Max Loser": -106.7,
    "Expectancy": -6.073492063492068,
    "Win Rate": 0.3333333333333333
  },
  "general": {
    "Long Ratio": "0.49",
    "Total trades": 0,
    "Sharpe ratio": 0.0,
    "Profit factor": 0.0,
    "Max drawdown": 0.0
  },
  "rejected_signals_count": 238
}