{
  "pnls": {
    "PnL (total)": 1184.33,
    "PnL% (total)": 1.1843300000000017,
    "Max Winner": 494.83,
    "Avg Winner": 494.56333333333333,
    "Min Winner": 494.31,
    "Min Loser": -356.49,
    "Avg Loser": -356.61,
    "Max Loser": -356.68,
    "Expectancy": 107.66636363636358,
    "Win Rate": 0.5454545454545454
  },
  "general": {
    "Long Ratio": 0.45,
    "Total trades": 11,
    "Sharpe ratio": 0.27,
    "Profit factor": 0.0,
    "Max drawdown": 0.0
  },
  "rejected_signals_count": 226
}