{
  "pnls": {
    "PnL (total)": -7393.6,
    "PnL% (total)": -7.3936000000000055,
    "Max Winner": 564.59,
    "Avg Winner": 495.38010752688194,
    "Min Winner": 472.89,
    "Min Loser": -182.55,
    "Avg Loser": -255.80837320574165,
    "Max Loser": -277.63,
    "Expectancy": -24.482119205297934,
    "Win Rate": 0.3079470198675497
  },
  "general": {
    "Long Ratio": 0.5,
    "Total trades": 302,
    "Sharpe ratio": -0.059,
    "Profit factor": 0.0,
    "Max drawdown": 0.0
  },
  "rejected_signals_count": 17811
}