{
  "pnls": {
    "PnL (total)": 8864.42,
    "PnL% (total)": 8.864419999999997,
    "Max Winner": 494.89,
    "Avg Winner": 494.61411764705883,
    "Min Winner": 494.31,
    "Min Loser": -122.54,
    "Avg Loser": -331.3525,
    "Max Loser": -356.71,
    "Expectancy": 152.83482758620684,
    "Win Rate": 0.5862068965517241
  },
  "general": {
    "Long Ratio": "0.50",
    "Total trades": 0,
    "Sharpe ratio": 0.0,
    "Profit factor": 0.0,
    "Max drawdown": 0.0
  },
  "rejected_signals_count": 258
}