{
  "pnls": {
    "PnL (total)": 2963.9,
    "PnL% (total)": 2.9638999999999944,
    "Max Winner": 514.67,
    "Avg Winner": 493.70424000000037,
    "Min Winner": 379.57,
    "Min Loser": -13.64,
    "Avg Loser": -353.91042168674704,
    "Max Loser": -359.73,
    "Expectancy": 10.18522336769771,
    "Win Rate": 0.42955326460481097
  },
  "general": {
    "Long Ratio": 0.5,
    "Total trades": 291,
    "Sharpe ratio": 0.033,
    "Profit factor": 0.0,
    "Max drawdown": 0.0
  },
  "rejected_signals_count": 134760
}