{
  "pnls": {
    "PnL (total)": -8633.46,
    "PnL% (total)": -8.633460000000007,
    "Max Winner": 512.73,
    "Avg Winner": 494.5444230769232,
    "Min Winner": 472.89,
    "Min Loser": -239.54,
    "Avg Loser": -256.6926495726496,
    "Max Loser": -314.53,
    "Expectancy": -25.54278106508872,
    "Win Rate": 0.3076923076923077
  },
  "general": {
    "Long Ratio": 0.5,
    "Total trades": 338,
    "Sharpe ratio": -0.063,
    "Profit factor": 0.0,
    "Max drawdown": 0.0
  },
  "rejected_signals_count": 23245
}