{
  "pnls": {
    "PnL (total)": 8030.54,
    "PnL% (total)": 8.030539999999993,
    "Max Winner": 494.89,
    "Avg Winner": 494.6125806451613,
    "Min Winner": 494.31,
    "Min Loser": -26.16,
    "Avg Loser": -280.8634615384615,
    "Max Loser": -316.71,
    "Expectancy": 140.88666666666668,
    "Win Rate": 0.543859649122807
  },
  "general": {
    "Long Ratio": "0.47",
    "Total trades": 0,
    "Sharpe ratio": 0.0,
    "Profit factor": 0.0,
    "Max drawdown": 0.0
  },
  "rejected_signals_count": 297
}