{
  "pnls": {
    "PnL (total)": 7382.77,
    "PnL% (total)": 7.382770000000003,
    "Max Winner": 444.89,
    "Avg Winner": 444.2002777777778,
    "Min Winner": 429.88,
    "Min Loser": -47.12,
    "Avg Loser": -296.84275862068966,
    "Max Loser": -326.69,
    "Expectancy": 113.58107692307695,
    "Win Rate": 0.5538461538461539
  },
  "general": {
    "Long Ratio": "0.48",
    "Total trades": 0,
    "Sharpe ratio": 0.0,
    "Profit factor": 0.0,
    "Max drawdown": 0.0
  },
  "rejected_signals_count": 304
}