{
  "pnls": {
    "PnL (total)": -18308.59,
    "PnL% (total)": -18.308589999999995,
    "Max Winner": 774.84,
    "Avg Winner": 745.4621818181819,
    "Min Winner": 733.33,
    "Min Loser": -12.64,
    "Avg Loser": -355.14377245509,
    "Max Loser": -413.41,
    "Expectancy": -82.47112612612628,
    "Win Rate": 0.24774774774774774
  },
  "general": {
    "Long Ratio": 0.5,
    "Total trades": 222,
    "Sharpe ratio": -0.158,
    "Profit factor": 0.0,
    "Max drawdown": 0.0
  },
  "rejected_signals_count": 28473
}