{
  "pnls": {
    "PnL (total)": 6477.93,
    "PnL% (total)": 6.477929999999993,
    "Max Winner": 789.63,
    "Avg Winner": 745.2998148148149,
    "Min Winner": 697.3,
    "Min Loser": -305.55,
    "Avg Loser": -355.4553684210525,
    "Max Loser": -394.69,
    "Expectancy": 43.47604026845643,
    "Win Rate": 0.3624161073825503
  },
  "general": {
    "Long Ratio": 0.5,
    "Total trades": 149,
    "Sharpe ratio": 0.094,
    "Profit factor": 0.0,
    "Max drawdown": 0.0
  },
  "rejected_signals_count": 14179
}