{
  "pnls": {
    "PnL (total)": 7417.18,
    "PnL% (total)": 7.417179999999993,
    "Max Winner": 494.89,
    "Avg Winner": 494.6161290322581,
    "Min Winner": 494.31,
    "Min Loser": -43.12,
    "Avg Loser": -293.1822222222222,
    "Max Loser": -316.71,
    "Expectancy": 127.88241379310341,
    "Win Rate": 0.5344827586206896
  },
  "general": {
    "Long Ratio": "0.48",
    "Total trades": 0,
    "Sharpe ratio": 0.0,
    "Profit factor": 0.0,
    "Max drawdown": 0.0
  },
  "rejected_signals_count": 308
}