{
  "pnls": {
    "PnL (total)": 7407.39,
    "PnL% (total)": 7.4073899999999995,
    "Max Winner": 494.89,
    "Avg Winner": 494.61343750000003,
    "Min Winner": 494.31,
    "Min Loser": -26.16,
    "Avg Loser": -323.8553846153846,
    "Max Loser": -356.69,
    "Expectancy": 127.71362068965516,
    "Win Rate": 0.5517241379310345
  },
  "general": {
    "Long Ratio": "0.50",
    "Total trades": 0,
    "Sharpe ratio": 0.0,
    "Profit factor": 0.0,
    "Max drawdown": 0.0
  },
  "rejected_signals_count": 366
}