{
  "pnls": {
    "PnL (total)": -4401.11,
    "PnL% (total)": -4.40111,
    "Max Winner": 744.89,
    "Avg Winner": 744.5229333333331,
    "Min Winner": 744.28,
    "Min Loser": -237.09,
    "Avg Loser": -256.34182978723396,
    "Max Loser": -256.75,
    "Expectancy": -14.197129032258072,
    "Win Rate": 0.24193548387096775
  },
  "general": {
    "Long Ratio": 0.5,
    "Total trades": 310,
    "Sharpe ratio": -0.024,
    "Profit factor": 0.0,
    "Max drawdown": 0.0
  },
  "rejected_signals_count": 322437
}