{
  "pnls": {
    "PnL (total)": 7811.82,
    "PnL% (total)": 7.811820000000007,
    "Max Winner": 494.89,
    "Avg Winner": 494.6005882352942,
    "Min Winner": 494.31,
    "Min Loser": -75.12,
    "Avg Loser": -310.50344827586207,
    "Max Loser": -346.69,
    "Expectancy": 123.99714285714285,
    "Win Rate": 0.5396825396825397
  },
  "general": {
    "Long Ratio": "0.49",
    "Total trades": 0,
    "Sharpe ratio": 0.0,
    "Profit factor": 0.0,
    "Max drawdown": 0.0
  },
  "rejected_signals_count": 313
}