{
  "pnls": {
    "PnL (total)": 10090.8,
    "PnL% (total)": 10.090800000000003,
    "Max Winner": 494.89,
    "Avg Winner": 482.8141666666667,
    "Min Winner": 70.46,
    "Min Loser": -5.62,
    "Avg Loser": -316.9786956521739,
    "Max Loser": -356.69,
    "Expectancy": 171.03050847457638,
    "Win Rate": 0.6101694915254238
  },
  "general": {
    "Long Ratio": "0.49",
    "Total trades": 0,
    "Sharpe ratio": 0.0,
    "Profit factor": 0.0,
    "Max drawdown": 0.0
  },
  "rejected_signals_count": 290
}