{
  "pnls": {
    "PnL (total)": 10692.86,
    "PnL% (total)": 10.692860000000001,
    "Max Winner": 494.89,
    "Avg Winner": 481.46162162162165,
    "Min Winner": 8.38,
    "Min Loser": -30.54,
    "Avg Loser": -323.6918181818182,
    "Max Loser": -356.69,
    "Expectancy": 181.23491525423728,
    "Win Rate": 0.6271186440677966
  },
  "general": {
    "Long Ratio": "0.49",
    "Total trades": 0,
    "Sharpe ratio": 0.0,
    "Profit factor": 0.0,
    "Max drawdown": 0.0
  },
  "rejected_signals_count": 205
}