{
  "pnls": {
    "PnL (total)": 9690.41,
    "PnL% (total)": 9.690410000000004,
    "Max Winner": 494.89,
    "Avg Winner": 494.60457142857143,
    "Min Winner": 494.31,
    "Min Loser": -127.19,
    "Avg Loser": -331.3369565217392,
    "Max Loser": -356.69,
    "Expectancy": 167.07603448275856,
    "Win Rate": 0.603448275862069
  },
  "general": {
    "Long Ratio": "0.50",
    "Total trades": 0,
    "Sharpe ratio": 0.0,
    "Profit factor": 0.0,
    "Max drawdown": 0.0
  },
  "rejected_signals_count": 272
}