{
  "pnls": {
    "PnL (total)": -534.76,
    "PnL% (total)": -0.5347599999999947,
    "Max Winner": 681.63,
    "Avg Winner": 203.65954545454545,
    "Min Winner": 3.68,
    "Min Loser": -9.3,
    "Avg Loser": -111.71505882352945,
    "Max Loser": -206.39,
    "Expectancy": -4.145426356589169,
    "Win Rate": 0.34108527131782945
  },
  "general": {
    "Long Ratio": "0.44"
  },
  "rejected_signals_count": 8363
}