{
  "pnls": {
    "PnL (total)": -1610.43,
    "PnL% (total)": -1.610429999999993,
    "Max Winner": 759.9,
    "Avg Winner": 743.8311320754719,
    "Min Winner": 714.58,
    "Min Loser": -70.64,
    "Avg Loser": -353.73689655172444,
    "Max Loser": -414.53,
    "Expectancy": -9.529171597633248,
    "Win Rate": 0.3136094674556213
  },
  "general": {
    "Long Ratio": 0.5,
    "Total trades": 169,
    "Sharpe ratio": -0.007,
    "Profit factor": 0.0,
    "Max drawdown": 0.0
  },
  "rejected_signals_count": 17123
}