{
  "pnls": {
    "PnL (total)": -5661.91,
    "PnL% (total)": -5.661910000000003,
    "Max Winner": 494.37,
    "Avg Winner": 111.66295774647887,
    "Min Winner": 0.3,
    "Min Loser": -0.64,
    "Avg Loser": -62.122616033755264,
    "Max Loser": -256.68,
    "Expectancy": -8.241499272197963,
    "Win Rate": 0.31004366812227074
  },
  "general": {
    "Long Ratio": "0.50"
  },
  "rejected_signals_count": 0
}