{
  "pnls": {
    "PnL (total)": 3916.71,
    "PnL% (total)": 3.9167100000000064,
    "Max Winner": 494.89,
    "Avg Winner": 494.6292857142858,
    "Min Winner": 494.35,
    "Min Loser": -30.48,
    "Avg Loser": -242.2660975609756,
    "Max Loser": -256.72,
    "Expectancy": 56.76391304347834,
    "Win Rate": 0.4057971014492754
  },
  "general": {
    "Long Ratio": "0.51",
    "Total trades": 0,
    "Sharpe ratio": 0.0,
    "Profit factor": 0.0,
    "Max drawdown": 0.0
  },
  "rejected_signals_count": 277
}