{
  "pnls": {
    "PnL (total)": 9084.53,
    "PnL% (total)": 9.084529999999999,
    "Max Winner": 494.89,
    "Avg Winner": 494.5988235294118,
    "Min Winner": 494.31,
    "Min Loser": -5.16,
    "Avg Loser": -309.2732,
    "Max Loser": -346.69,
    "Expectancy": 153.97508474576273,
    "Win Rate": 0.576271186440678
  },
  "general": {
    "Long Ratio": "0.49",
    "Total trades": 0,
    "Sharpe ratio": 0.0,
    "Profit factor": 0.0,
    "Max drawdown": 0.0
  },
  "rejected_signals_count": 270
}