{
  "pnls": {
    "PnL (total)": 9143.06,
    "PnL% (total)": 9.143059999999997,
    "Max Winner": 494.89,
    "Avg Winner": 494.6106060606061,
    "Min Winner": 494.31,
    "Min Loser": -5.16,
    "Avg Loser": -312.1343478260869,
    "Max Loser": -366.69,
    "Expectancy": 163.2689285714286,
    "Win Rate": 0.5892857142857143
  },
  "general": {
    "Long Ratio": "0.48",
    "Total trades": 0,
    "Sharpe ratio": 0.0,
    "Profit factor": 0.0,
    "Max drawdown": 0.0
  },
  "rejected_signals_count": 291
}