{
  "pnls": {
    "PnL (total)": 3207.86,
    "PnL% (total)": 3.2078600000000006,
    "Max Winner": 494.91,
    "Avg Winner": 457.8910769230772,
    "Min Winner": 27.44,
    "Min Loser": -45.48,
    "Avg Loser": -273.76350515463895,
    "Max Loser": -359.63,
    "Expectancy": 19.801604938271865,
    "Win Rate": 0.4012345679012346
  },
  "general": {
    "Long Ratio": 0.48,
    "Total trades": 162,
    "Sharpe ratio": 0.064,
    "Profit factor": 0.0,
    "Max drawdown": 0.0
  },
  "rejected_signals_count": 1635
}