{
  "pnls": {
    "PnL (total)": -8549.42,
    "PnL% (total)": -8.549419999999998,
    "Max Winner": 744.88,
    "Avg Winner": 744.5254761904763,
    "Min Winner": 744.29,
    "Min Loser": -6.64,
    "Avg Loser": -255.2531410256411,
    "Max Loser": -285.72,
    "Expectancy": -43.17888888888893,
    "Win Rate": 0.21212121212121213
  },
  "general": {
    "Long Ratio": 0.5,
    "Total trades": 198,
    "Sharpe ratio": -0.089,
    "Profit factor": 0.0,
    "Max drawdown": 0.0
  },
  "rejected_signals_count": 8702
}