{
  "pnls": {
    "PnL (total)": 5053.2,
    "PnL% (total)": 5.053199999999998,
    "Max Winner": 1189.64,
    "Avg Winner": 549.1700000000001,
    "Min Winner": 495.41,
    "Min Loser": -18.32,
    "Avg Loser": -193.2744,
    "Max Loser": -255.54,
    "Expectancy": 117.5162790697675,
    "Win Rate": 0.4186046511627907
  },
  "general": {
    "Long Ratio": "0.56",
    "Total trades": 0,
    "Sharpe ratio": 0.0,
    "Profit factor": 0.0,
    "Max drawdown": 0.0
  },
  "rejected_signals_count": 452
}