{
  "pnls": {
    "PnL (total)": 10673.81,
    "PnL% (total)": 10.673809999999998,
    "Max Winner": 494.89,
    "Avg Winner": 481.46081081081087,
    "Min Winner": 8.38,
    "Min Loser": -55.54,
    "Avg Loser": -324.55636363636364,
    "Max Loser": -356.69,
    "Expectancy": 180.91203389830508,
    "Win Rate": 0.6271186440677966
  },
  "general": {
    "Long Ratio": "0.49",
    "Total trades": 0,
    "Sharpe ratio": 0.0,
    "Profit factor": 0.0,
    "Max drawdown": 0.0
  },
  "rejected_signals_count": 241
}