{
  "pnls": {
    "PnL (total)": 10825.83,
    "PnL% (total)": 10.825830000000002,
    "Max Winner": 494.89,
    "Avg Winner": 471.4873684210526,
    "Min Winner": 8.38,
    "Min Loser": -101.19,
    "Avg Loser": -337.6519047619048,
    "Max Loser": -356.69,
    "Expectancy": 183.48864406779654,
    "Win Rate": 0.6440677966101694
  },
  "general": {
    "Long Ratio": "0.49",
    "Total trades": 0,
    "Sharpe ratio": 0.0,
    "Profit factor": 0.0,
    "Max drawdown": 0.0
  },
  "rejected_signals_count": 224
}