{
  "pnls": {
    "PnL (total)": -12995.45,
    "PnL% (total)": -12.995449999999998,
    "Max Winner": 744.88,
    "Avg Winner": 744.5255555555556,
    "Min Winner": 744.28,
    "Min Loser": -13.64,
    "Avg Loser": -354.4411834319528,
    "Max Loser": -356.75,
    "Expectancy": -56.01487068965528,
    "Win Rate": 0.27155172413793105
  },
  "general": {
    "Long Ratio": 0.5,
    "Total trades": 232,
    "Sharpe ratio": -0.106,
    "Profit factor": 0.0,
    "Max drawdown": 0.0
  },
  "rejected_signals_count": 337177
}