{
  "pnls": {
    "PnL (total)": 1441.24,
    "PnL% (total)": 1.4412400000000052,
    "Max Winner": 494.89,
    "Avg Winner": 494.63560000000007,
    "Min Winner": 494.33,
    "Min Loser": -91.16,
    "Avg Loser": -248.28750000000002,
    "Max Loser": -260.14,
    "Expectancy": 20.8875362318841,
    "Win Rate": 0.36231884057971014
  },
  "general": {
    "Long Ratio": "0.52",
    "Total trades": 0,
    "Sharpe ratio": 0.0,
    "Profit factor": 0.0,
    "Max drawdown": 0.0
  },
  "rejected_signals_count": 266
}