{
  "pnls": {
    "PnL (total)": -18668.43,
    "PnL% (total)": -18.668429999999994,
    "Max Winner": 494.87,
    "Avg Winner": 138.47866533864533,
    "Min Winner": 0.28,
    "Min Loser": -0.18,
    "Avg Loser": -71.8701874490625,
    "Max Loser": -156.74,
    "Expectancy": -10.7972411798726,
    "Win Rate": 0.29034123770965875
  },
  "general": {
    "Long Ratio": 0.5,
    "Total trades": 1729,
    "Sharpe ratio": -0.047,
    "Profit factor": 0.0,
    "Max drawdown": 0.0
  },
  "rejected_signals_count": 171372
}