{
  "pnls": {
    "PnL (total)": 8272.77,
    "PnL% (total)": 8.272770000000005,
    "Max Winner": 494.89,
    "Avg Winner": 469.51571428571424,
    "Min Winner": 8.38,
    "Min Loser": -101.19,
    "Avg Loser": -340.0116666666667,
    "Max Loser": -356.71,
    "Expectancy": 140.21644067796603,
    "Win Rate": 0.5932203389830508
  },
  "general": {
    "Long Ratio": "0.49",
    "Total trades": 0,
    "Sharpe ratio": 0.0,
    "Profit factor": 0.0,
    "Max drawdown": 0.0
  },
  "rejected_signals_count": 238
}