{
  "pnls": {
    "PnL (total)": -1891.94,
    "PnL% (total)": -1.8919400000000024,
    "Max Winner": 615.47,
    "Avg Winner": 444.73730769230764,
    "Min Winner": 8.7,
    "Min Loser": 0.0,
    "Avg Loser": -203.86530303030304,
    "Max Loser": -255.71,
    "Expectancy": -20.564565217391362,
    "Win Rate": 0.2826086956521739
  },
  "general": {
    "Long Ratio": "0.48",
    "Total trades": 0,
    "Sharpe ratio": 0.0,
    "Profit factor": 0.0,
    "Max drawdown": 0.0
  },
  "rejected_signals_count": 1200
}