{
  "pnls": {
    "PnL (total)": -5180.66,
    "PnL% (total)": -5.180660000000003,
    "Max Winner": 479.43,
    "Avg Winner": 395.18556338028196,
    "Min Winner": 394.29,
    "Min Loser": -12.58,
    "Avg Loser": -255.4042083333334,
    "Max Loser": -256.72,
    "Expectancy": -13.56193717277482,
    "Win Rate": 0.3717277486910995
  },
  "general": {
    "Long Ratio": 0.5,
    "Total trades": 382,
    "Sharpe ratio": -0.028,
    "Profit factor": 0.0,
    "Max drawdown": 0.0
  },
  "rejected_signals_count": 172243
}