timestamp,open,high,low,close,volume
2026-02-05T17:20:00-05:00,1.3529,1.35325,1.35282,1.35295,0
2026-02-05T17:25:00-05:00,1.35295,1.35296,1.35282,1.35288,0
2026-02-05T17:30:00-05:00,1.35288,1.35328,1.35282,1.35323,0
2026-02-05T17:35:00-05:00,1.35323,1.35326,1.35309,1.35312,0
2026-02-05T17:40:00-05:00,1.35312,1.35339,1.35309,1.35318,0
2026-02-05T17:45:00-05:00,1.35318,1.3534,1.35315,1.35339,0
2026-02-05T17:50:00-05:00,1.35339,1.35366,1.35339,1.35362,0
2026-02-05T17:55:00-05:00,1.35362,1.3537,1.3536,1.35363,0
2026-02-05T18:00:00-05:00,1.35363,1.35367,1.35333,1.35342,0
2026-02-05T18:05:00-05:00,1.35342,1.35364,1.35292,1.35327,0
2026-02-05T18:10:00-05:00,1.35327,1.35329,1.35305,1.35309,0
2026-02-05T18:15:00-05:00,1.35309,1.3531,1.35258,1.35264,0
2026-02-05T18:20:00-05:00,1.35264,1.35268,1.35221,1.3523,0
2026-02-05T18:25:00-05:00,1.3523,1.35235,1.35218,1.35221,0
2026-02-05T18:30:00-05:00,1.35221,1.3523,1.35208,1.35227,0
2026-02-05T18:35:00-05:00,1.35227,1.35248,1.35221,1.35246,0
2026-02-05T18:40:00-05:00,1.35246,1.35248,1.35213,1.35221,0
2026-02-05T18:45:00-05:00,1.35221,1.35264,1.35219,1.35254,0
2026-02-05T18:50:00-05:00,1.35254,1.35264,1.3524,1.3524,0
2026-02-05T18:55:00-05:00,1.3524,1.35252,1.3523,1.35252,0
2026-02-05T19:00:00-05:00,1.35252,1.35263,1.35207,1.35211,0
2026-02-05T19:05:00-05:00,1.35211,1.35248,1.35181,1.35184,0
2026-02-05T19:10:00-05:00,1.35184,1.35193,1.35152,1.35152,0
2026-02-05T19:15:00-05:00,1.35152,1.35173,1.35137,1.35137,0
2026-02-05T19:20:00-05:00,1.35137,1.35137,1.35086,1.35122,0
2026-02-05T19:25:00-05:00,1.35122,1.35186,1.3512,1.35186,0
2026-02-05T19:30:00-05:00,1.35186,1.35203,1.3518,1.352,0
2026-02-05T19:35:00-05:00,1.352,1.35213,1.3518,1.3521,0
2026-02-05T19:40:00-05:00,1.3521,1.35247,1.35206,1.35246,0
2026-02-05T19:45:00-05:00,1.35246,1.35255,1.3524,1.35247,0
2026-02-05T19:50:00-05:00,1.35247,1.35264,1.35241,1.35264,0
2026-02-05T19:55:00-05:00,1.35264,1.3527,1.35242,1.35242,0
2026-02-05T20:00:00-05:00,1.35242,1.35309,1.35239,1.35302,0
2026-02-05T20:05:00-05:00,1.35302,1.35313,1.35262,1.35278,0
2026-02-05T20:10:00-05:00,1.35278,1.35319,1.35269,1.35306,0
2026-02-05T20:15:00-05:00,1.35306,1.35328,1.35293,1.35316,0
2026-02-05T20:20:00-05:00,1.35316,1.35319,1.35251,1.3527,0
2026-02-05T20:25:00-05:00,1.3527,1.35298,1.35265,1.35287,0
2026-02-05T20:30:00-05:00,1.35287,1.35302,1.35274,1.35302,0
2026-02-05T20:35:00-05:00,1.35302,1.35322,1.35282,1.35319,0
2026-02-05T20:40:00-05:00,1.35319,1.35342,1.3531,1.35341,0
2026-02-05T20:45:00-05:00,1.35341,1.3537,1.3534,1.35349,0
2026-02-05T20:50:00-05:00,1.35349,1.354,1.35346,1.35389,0
2026-02-05T20:55:00-05:00,1.35389,1.35427,1.35389,1.35423,0
2026-02-05T21:00:00-05:00,1.35423,1.35424,1.35378,1.35404,0
2026-02-05T21:05:00-05:00,1.35404,1.35452,1.35398,1.35443,0
2026-02-05T21:10:00-05:00,1.35443,1.35458,1.35406,1.3544,0
2026-02-05T21:15:00-05:00,1.3544,1.35452,1.35427,1.35442,0
2026-02-05T21:20:00-05:00,1.35442,1.35453,1.35414,1.35442,0
2026-02-05T21:25:00-05:00,1.35442,1.35459,1.35431,1.35441,0
2026-02-05T21:30:00-05:00,1.35441,1.35491,1.35438,1.35481,0
2026-02-05T21:35:00-05:00,1.35481,1.35494,1.3546,1.35483,0
2026-02-05T21:40:00-05:00,1.35483,1.35502,1.35474,1.35475,0
2026-02-05T21:45:00-05:00,1.35475,1.35485,1.3546,1.35462,0
2026-02-05T21:50:00-05:00,1.35462,1.35471,1.35434,1.35468,0
2026-02-05T21:55:00-05:00,1.35468,1.35484,1.35465,1.35478,0
2026-02-05T22:00:00-05:00,1.35478,1.35478,1.35452,1.35458,0
2026-02-05T22:05:00-05:00,1.35458,1.35479,1.35454,1.35476,0
2026-02-05T22:10:00-05:00,1.35476,1.35484,1.35458,1.35461,0
2026-02-05T22:15:00-05:00,1.35461,1.35481,1.35458,1.35471,0
2026-02-05T22:20:00-05:00,1.35471,1.35492,1.3547,1.35474,0
2026-02-05T22:25:00-05:00,1.35474,1.35478,1.35447,1.35448,0
2026-02-05T22:30:00-05:00,1.35448,1.35475,1.35445,1.3547,0
2026-02-05T22:35:00-05:00,1.3547,1.35487,1.35464,1.35471,0
2026-02-05T22:40:00-05:00,1.35471,1.35475,1.35451,1.35451,0
2026-02-05T22:45:00-05:00,1.35451,1.35458,1.35439,1.35455,0
2026-02-05T22:50:00-05:00,1.35455,1.35475,1.35455,1.35464,0
2026-02-05T22:55:00-05:00,1.35464,1.35468,1.35451,1.35457,0
2026-02-05T23:00:00-05:00,1.35457,1.3548,1.35457,1.35465,0
2026-02-05T23:05:00-05:00,1.35465,1.35494,1.35454,1.35486,0
2026-02-05T23:10:00-05:00,1.35486,1.35509,1.35481,1.35505,0
2026-02-05T23:15:00-05:00,1.35505,1.35532,1.35502,1.35529,0
2026-02-05T23:20:00-05:00,1.35529,1.35539,1.3552,1.35521,0
2026-02-05T23:25:00-05:00,1.35521,1.35522,1.35492,1.35501,0
2026-02-05T23:30:00-05:00,1.35501,1.35521,1.35489,1.35519,0
2026-02-05T23:35:00-05:00,1.35519,1.35532,1.35509,1.35519,0
2026-02-05T23:40:00-05:00,1.35519,1.35554,1.35507,1.35551,0
2026-02-05T23:45:00-05:00,1.35551,1.35596,1.35551,1.35583,0
2026-02-05T23:50:00-05:00,1.35583,1.35599,1.35571,1.35595,0
2026-02-05T23:55:00-05:00,1.35595,1.35598,1.3556,1.35564,0
2026-02-06T00:00:00-05:00,1.35564,1.35598,1.35553,1.35596,0
2026-02-06T00:05:00-05:00,1.35596,1.35615,1.35586,1.356,0
2026-02-06T00:10:00-05:00,1.356,1.35615,1.35591,1.35615,0
2026-02-06T00:15:00-05:00,1.35615,1.35632,1.35608,1.3563,0
2026-02-06T00:20:00-05:00,1.3563,1.35654,1.35623,1.35638,0
2026-02-06T00:25:00-05:00,1.35638,1.35645,1.35627,1.35642,0
2026-02-06T00:30:00-05:00,1.35642,1.35652,1.3563,1.35642,0
2026-02-06T00:35:00-05:00,1.35642,1.35644,1.35621,1.35642,0
2026-02-06T00:40:00-05:00,1.35642,1.35651,1.3563,1.35648,0
2026-02-06T00:45:00-05:00,1.35648,1.35655,1.35627,1.35637,0
2026-02-06T00:50:00-05:00,1.35637,1.35662,1.35635,1.35659,0
2026-02-06T00:55:00-05:00,1.35659,1.35681,1.35654,1.35671,0
2026-02-06T01:00:00-05:00,1.35671,1.35701,1.35663,1.35698,0
2026-02-06T01:05:00-05:00,1.35698,1.35709,1.35685,1.35701,0
2026-02-06T01:10:00-05:00,1.35701,1.35716,1.35684,1.35698,0
2026-02-06T01:15:00-05:00,1.35698,1.35778,1.3569,1.35748,0
2026-02-06T01:20:00-05:00,1.35748,1.35764,1.35734,1.35741,0
2026-02-06T01:25:00-05:00,1.35741,1.35755,1.35737,1.35744,0
2026-02-06T01:30:00-05:00,1.35744,1.35774,1.35739,1.3576,0
2026-02-06T01:35:00-05:00,1.3576,1.35785,1.35749,1.35762,0
2026-02-06T01:40:00-05:00,1.35762,1.35764,1.35713,1.35717,0
2026-02-06T01:45:00-05:00,1.35717,1.3574,1.35705,1.35736,0
2026-02-06T01:50:00-05:00,1.35736,1.35737,1.35712,1.35715,0
2026-02-06T01:55:00-05:00,1.35715,1.35725,1.35676,1.35723,0
2026-02-06T02:00:00-05:00,1.35723,1.35731,1.35709,1.35717,0
2026-02-06T02:05:00-05:00,1.35717,1.3574,1.35685,1.35702,0
2026-02-06T02:10:00-05:00,1.35702,1.35732,1.35668,1.35668,0
2026-02-06T02:15:00-05:00,1.35668,1.35678,1.35635,1.35641,0
2026-02-06T02:20:00-05:00,1.35641,1.35684,1.3564,1.35658,0
2026-02-06T02:25:00-05:00,1.35658,1.35742,1.35652,1.3574,0
2026-02-06T02:30:00-05:00,1.3574,1.35766,1.35736,1.35736,0
2026-02-06T02:35:00-05:00,1.35736,1.35755,1.35722,1.35755,0
2026-02-06T02:40:00-05:00,1.35755,1.3579,1.35719,1.35722,0
2026-02-06T02:45:00-05:00,1.35722,1.35729,1.35659,1.35682,0
2026-02-06T02:50:00-05:00,1.35682,1.35688,1.3565,1.35664,0
2026-02-06T02:55:00-05:00,1.35664,1.35682,1.35647,1.35673,0
2026-02-06T03:00:00-05:00,1.35673,1.35685,1.35655,1.35665,0
2026-02-06T03:05:00-05:00,1.35665,1.35666,1.35607,1.35623,0
2026-02-06T03:10:00-05:00,1.35623,1.35662,1.35621,1.35657,0
2026-02-06T03:15:00-05:00,1.35657,1.35705,1.35637,1.3567,0
2026-02-06T03:20:00-05:00,1.3567,1.35686,1.35635,1.35658,0
2026-02-06T03:25:00-05:00,1.35658,1.35715,1.35657,1.35692,0
2026-02-06T03:30:00-05:00,1.35692,1.35708,1.35627,1.35637,0
2026-02-06T03:35:00-05:00,1.35637,1.35685,1.35634,1.35659,0
2026-02-06T03:40:00-05:00,1.35659,1.35685,1.35641,1.35652,0
2026-02-06T03:45:00-05:00,1.35652,1.35652,1.35621,1.35625,0
2026-02-06T03:50:00-05:00,1.35625,1.35658,1.35597,1.35611,0
2026-02-06T03:55:00-05:00,1.35611,1.35694,1.35583,1.35677,0
2026-02-06T04:00:00-05:00,1.35677,1.35723,1.35671,1.35681,0
2026-02-06T04:05:00-05:00,1.35681,1.35732,1.35674,1.35703,0
2026-02-06T04:10:00-05:00,1.35703,1.35704,1.35669,1.35702,0
2026-02-06T04:15:00-05:00,1.35702,1.35703,1.35659,1.35672,0
2026-02-06T04:20:00-05:00,1.35672,1.35721,1.35661,1.35709,0
2026-02-06T04:25:00-05:00,1.35709,1.35755,1.35704,1.35728,0
2026-02-06T04:30:00-05:00,1.35728,1.35762,1.35719,1.35762,0
2026-02-06T04:35:00-05:00,1.35762,1.35807,1.35761,1.3579,0
2026-02-06T04:40:00-05:00,1.3579,1.35812,1.35769,1.35773,0
2026-02-06T04:45:00-05:00,1.35773,1.35807,1.35759,1.35806,0
2026-02-06T04:50:00-05:00,1.35806,1.35813,1.35769,1.3579,0
2026-02-06T04:55:00-05:00,1.3579,1.35824,1.35788,1.35819,0
2026-02-06T05:00:00-05:00,1.35819,1.35819,1.35767,1.35771,0
2026-02-06T05:05:00-05:00,1.35771,1.3582,1.35768,1.35818,0
2026-02-06T05:10:00-05:00,1.35818,1.3584,1.358,1.35814,0
2026-02-06T05:15:00-05:00,1.35814,1.35827,1.3579,1.35811,0
2026-02-06T05:20:00-05:00,1.35811,1.35821,1.35793,1.35796,0
2026-02-06T05:25:00-05:00,1.35796,1.35796,1.35753,1.35775,0
2026-02-06T05:30:00-05:00,1.35775,1.35775,1.35726,1.35727,0
2026-02-06T05:35:00-05:00,1.35727,1.35752,1.35719,1.35747,0
2026-02-06T05:40:00-05:00,1.35747,1.35774,1.35736,1.35768,0
2026-02-06T05:45:00-05:00,1.35768,1.35782,1.35751,1.3577,0
2026-02-06T05:50:00-05:00,1.3577,1.3577,1.3573,1.35755,0
2026-02-06T05:55:00-05:00,1.35755,1.35764,1.35733,1.35758,0
2026-02-06T06:00:00-05:00,1.35758,1.358,1.35755,1.35767,0
2026-02-06T06:05:00-05:00,1.35767,1.35811,1.3576,1.35782,0
2026-02-06T06:10:00-05:00,1.35782,1.35794,1.3576,1.35794,0
2026-02-06T06:15:00-05:00,1.35794,1.35828,1.35783,1.35824,0
2026-02-06T06:20:00-05:00,1.35824,1.35824,1.35772,1.35794,0
2026-02-06T06:25:00-05:00,1.35794,1.35891,1.35788,1.35877,0
2026-02-06T06:30:00-05:00,1.35877,1.35923,1.35873,1.35895,0
2026-02-06T06:35:00-05:00,1.35895,1.35922,1.35882,1.35892,0
2026-02-06T06:40:00-05:00,1.35892,1.35895,1.35853,1.35858,0
2026-02-06T06:45:00-05:00,1.35858,1.35875,1.35854,1.35871,0
2026-02-06T06:50:00-05:00,1.35871,1.35912,1.35856,1.35893,0
2026-02-06T06:55:00-05:00,1.35893,1.35903,1.35882,1.35895,0
2026-02-06T07:00:00-05:00,1.35895,1.35901,1.35828,1.35842,0
2026-02-06T07:05:00-05:00,1.35842,1.35882,1.35833,1.35882,0
2026-02-06T07:10:00-05:00,1.35882,1.35929,1.35868,1.35913,0
2026-02-06T07:15:00-05:00,1.35913,1.35915,1.35869,1.35888,0
2026-02-06T07:20:00-05:00,1.35888,1.35894,1.35877,1.35888,0
2026-02-06T07:25:00-05:00,1.35888,1.35915,1.35888,1.35912,0
2026-02-06T07:30:00-05:00,1.35912,1.35912,1.35884,1.35909,0
2026-02-06T07:35:00-05:00,1.35909,1.35922,1.35895,1.35902,0
2026-02-06T07:40:00-05:00,1.35902,1.35935,1.35892,1.35927,0
2026-02-06T07:45:00-05:00,1.35927,1.35947,1.35892,1.35896,0
2026-02-06T07:50:00-05:00,1.35896,1.35949,1.35894,1.35939,0
2026-02-06T07:55:00-05:00,1.35939,1.3594,1.3588,1.35902,0
2026-02-06T08:00:00-05:00,1.35902,1.35915,1.35882,1.35891,0
2026-02-06T08:05:00-05:00,1.35891,1.35905,1.35847,1.3588,0
2026-02-06T08:10:00-05:00,1.3588,1.35903,1.35861,1.35892,0
2026-02-06T08:15:00-05:00,1.35892,1.35923,1.35868,1.35918,0
2026-02-06T08:20:00-05:00,1.35918,1.35926,1.35858,1.35864,0
2026-02-06T08:25:00-05:00,1.35864,1.35938,1.35858,1.35936,0
2026-02-06T08:30:00-05:00,1.35936,1.35946,1.35919,1.35929,0
2026-02-06T08:35:00-05:00,1.35929,1.35964,1.35928,1.35949,0
2026-02-06T08:40:00-05:00,1.35949,1.35962,1.35851,1.35858,0
2026-02-06T08:45:00-05:00,1.35858,1.35865,1.35824,1.35846,0
2026-02-06T08:50:00-05:00,1.35846,1.35854,1.35823,1.35832,0
2026-02-06T08:55:00-05:00,1.35832,1.35871,1.35819,1.35841,0
2026-02-06T09:00:00-05:00,1.35841,1.35889,1.35831,1.35888,0
2026-02-06T09:05:00-05:00,1.35888,1.3596,1.35884,1.35943,0
2026-02-06T09:10:00-05:00,1.35943,1.35981,1.3588,1.35898,0
2026-02-06T09:15:00-05:00,1.35898,1.35953,1.35875,1.35923,0
2026-02-06T09:20:00-05:00,1.35923,1.35967,1.35923,1.35955,0
2026-02-06T09:25:00-05:00,1.35955,1.35963,1.35909,1.35928,0
2026-02-06T09:30:00-05:00,1.35928,1.35943,1.35901,1.35943,0
2026-02-06T09:35:00-05:00,1.35943,1.36018,1.35913,1.35999,0
2026-02-06T09:40:00-05:00,1.35999,1.36069,1.3599,1.36033,0
2026-02-06T09:45:00-05:00,1.36033,1.36075,1.36002,1.36054,0
2026-02-06T09:50:00-05:00,1.36054,1.36072,1.36031,1.36061,0
2026-02-06T09:55:00-05:00,1.36061,1.36098,1.36047,1.36053,0
2026-02-06T10:00:00-05:00,1.36053,1.36095,1.36041,1.36092,0
2026-02-06T10:05:00-05:00,1.36092,1.36124,1.36073,1.36079,0
2026-02-06T10:10:00-05:00,1.36079,1.36142,1.36067,1.36109,0
2026-02-06T10:15:00-05:00,1.36109,1.36118,1.36058,1.36061,0
2026-02-06T10:20:00-05:00,1.36061,1.36075,1.36008,1.36034,0
2026-02-06T10:25:00-05:00,1.36034,1.36058,1.3598,1.35982,0
2026-02-06T10:30:00-05:00,1.35982,1.36006,1.35961,1.35963,0
2026-02-06T10:35:00-05:00,1.35963,1.35993,1.35938,1.35983,0
2026-02-06T10:40:00-05:00,1.35983,1.36033,1.3597,1.36001,0
2026-02-06T10:45:00-05:00,1.36001,1.36058,1.35991,1.36031,0
2026-02-06T10:50:00-05:00,1.36031,1.3605,1.36011,1.36018,0
2026-02-06T10:55:00-05:00,1.36018,1.36122,1.3601,1.3608,0
2026-02-06T11:00:00-05:00,1.3608,1.36155,1.36071,1.36145,0
2026-02-06T11:05:00-05:00,1.36145,1.36156,1.36096,1.36115,0
2026-02-06T11:10:00-05:00,1.36115,1.3612,1.36041,1.36041,0
2026-02-06T11:15:00-05:00,1.36041,1.36139,1.36041,1.36091,0
2026-02-06T11:20:00-05:00,1.36091,1.36099,1.36018,1.36044,0
2026-02-06T11:25:00-05:00,1.36044,1.36084,1.36024,1.36082,0
2026-02-06T11:30:00-05:00,1.36082,1.36095,1.3605,1.36095,0
2026-02-06T11:35:00-05:00,1.36095,1.36129,1.36076,1.36119,0
2026-02-06T11:40:00-05:00,1.36119,1.36143,1.36107,1.36126,0
2026-02-06T11:45:00-05:00,1.36126,1.36135,1.361,1.36132,0
2026-02-06T11:50:00-05:00,1.36132,1.36165,1.36122,1.36139,0
2026-02-06T11:55:00-05:00,1.36139,1.36146,1.36079,1.36099,0
2026-02-06T12:00:00-05:00,1.36099,1.36102,1.3603,1.36042,0
2026-02-06T12:05:00-05:00,1.36042,1.36051,1.36017,1.3605,0
2026-02-06T12:10:00-05:00,1.3605,1.36105,1.36049,1.36091,0
2026-02-06T12:15:00-05:00,1.36091,1.36102,1.36059,1.36061,0
2026-02-06T12:20:00-05:00,1.36061,1.36105,1.36061,1.36104,0
2026-02-06T12:25:00-05:00,1.36104,1.36106,1.36064,1.36067,0
2026-02-06T12:30:00-05:00,1.36067,1.36095,1.36045,1.3606,0
2026-02-06T12:35:00-05:00,1.3606,1.36088,1.36055,1.36082,0
2026-02-06T12:40:00-05:00,1.36082,1.36179,1.36071,1.36163,0
2026-02-06T12:45:00-05:00,1.36163,1.36194,1.36163,1.36172,0
2026-02-06T12:50:00-05:00,1.36172,1.36183,1.36147,1.36183,0
2026-02-06T12:55:00-05:00,1.36183,1.36237,1.36173,1.36221,0
2026-02-06T13:00:00-05:00,1.36221,1.36222,1.36179,1.36183,0
2026-02-06T13:05:00-05:00,1.36183,1.36224,1.3618,1.36214,0
2026-02-06T13:10:00-05:00,1.36214,1.36223,1.36139,1.36149,0
2026-02-06T13:15:00-05:00,1.36149,1.36202,1.36147,1.36194,0
2026-02-06T13:20:00-05:00,1.36194,1.36207,1.3619,1.36196,0
2026-02-06T13:25:00-05:00,1.36196,1.36216,1.36153,1.36153,0
2026-02-06T13:30:00-05:00,1.36153,1.36162,1.36133,1.36154,0
2026-02-06T13:35:00-05:00,1.36154,1.36178,1.36141,1.3616,0
2026-02-06T13:40:00-05:00,1.3616,1.36202,1.36156,1.36201,0
2026-02-06T13:45:00-05:00,1.36201,1.3622,1.36186,1.36219,0
2026-02-06T13:50:00-05:00,1.36219,1.36231,1.36181,1.36208,0
2026-02-06T13:55:00-05:00,1.36208,1.36213,1.36159,1.36163,0
2026-02-06T14:00:00-05:00,1.36163,1.36183,1.36136,1.36142,0
2026-02-06T14:05:00-05:00,1.36142,1.36164,1.36138,1.3616,0
2026-02-06T14:10:00-05:00,1.3616,1.36183,1.36149,1.3616,0
2026-02-06T14:15:00-05:00,1.3616,1.36169,1.36143,1.3616,0
2026-02-06T14:20:00-05:00,1.3616,1.36162,1.36145,1.36153,0
2026-02-06T14:25:00-05:00,1.36153,1.36165,1.36151,1.36162,0
2026-02-06T14:30:00-05:00,1.36162,1.36166,1.36126,1.36129,0
2026-02-06T14:35:00-05:00,1.36129,1.36152,1.36124,1.36139,0
2026-02-06T14:40:00-05:00,1.36139,1.36143,1.36129,1.36143,0
2026-02-06T14:45:00-05:00,1.36143,1.36172,1.3614,1.36162,0
2026-02-06T14:50:00-05:00,1.36162,1.36193,1.36152,1.3619,0
2026-02-06T14:55:00-05:00,1.3619,1.36209,1.36162,1.36169,0
2026-02-06T15:00:00-05:00,1.36169,1.36171,1.36138,1.36163,0
2026-02-06T15:05:00-05:00,1.36163,1.36176,1.36128,1.36136,0
2026-02-06T15:10:00-05:00,1.36136,1.3616,1.36131,1.36156,0
2026-02-06T15:15:00-05:00,1.36156,1.36169,1.36146,1.36156,0
2026-02-06T15:20:00-05:00,1.36156,1.36164,1.36147,1.36155,0
2026-02-06T15:25:00-05:00,1.36155,1.36176,1.36155,1.36166,0
2026-02-06T15:30:00-05:00,1.36166,1.36167,1.36152,1.36155,0
2026-02-06T15:35:00-05:00,1.36155,1.36156,1.3614,1.36143,0
2026-02-06T15:40:00-05:00,1.36143,1.36158,1.36132,1.36158,0
2026-02-06T15:45:00-05:00,1.36158,1.36162,1.36149,1.36154,0
2026-02-06T15:50:00-05:00,1.36154,1.36173,1.36144,1.36165,0
2026-02-06T15:55:00-05:00,1.36165,1.36187,1.3616,1.36185,0
2026-02-06T16:00:00-05:00,1.36185,1.362,1.36176,1.36189,0
2026-02-06T16:05:00-05:00,1.36189,1.362,1.36175,1.3619,0
2026-02-06T16:10:00-05:00,1.3619,1.36204,1.3619,1.36199,0
2026-02-06T16:15:00-05:00,1.36199,1.36224,1.36194,1.36197,0
2026-02-06T16:20:00-05:00,1.36197,1.362,1.36178,1.36181,0
2026-02-06T16:25:00-05:00,1.36181,1.36193,1.36172,1.36193,0
2026-02-06T16:30:00-05:00,1.36193,1.36213,1.3617,1.36172,0
2026-02-06T16:35:00-05:00,1.36172,1.36184,1.36164,1.36173,0
2026-02-06T16:40:00-05:00,1.36173,1.36182,1.36163,1.3618,0
2026-02-06T16:45:00-05:00,1.3618,1.3618,1.36148,1.36156,0
2026-02-06T16:50:00-05:00,1.36156,1.36159,1.36092,1.36093,0
2026-02-06T16:55:00-05:00,1.36093,1.36112,1.36085,1.36094,0
2026-02-06T17:00:00-05:00,1.36094,1.36118,1.36079,1.36089,0
2026-02-08T17:20:00-05:00,1.36023,1.36046,1.3602,1.36035,0
2026-02-08T17:25:00-05:00,1.36035,1.36047,1.36013,1.36044,0
2026-02-08T17:30:00-05:00,1.36044,1.36045,1.36029,1.36037,0
2026-02-08T17:35:00-05:00,1.36037,1.3605,1.36028,1.36044,0
2026-02-08T17:40:00-05:00,1.36044,1.36044,1.36031,1.36034,0
2026-02-08T17:45:00-05:00,1.36034,1.36038,1.36027,1.36028,0
2026-02-08T17:50:00-05:00,1.36028,1.36034,1.36028,1.36033,0
2026-02-08T17:55:00-05:00,1.36033,1.36036,1.36031,1.36035,0
2026-02-08T18:00:00-05:00,1.36035,1.36045,1.36025,1.36039,0
2026-02-08T18:05:00-05:00,1.36039,1.36108,1.36031,1.36066,0
2026-02-08T18:10:00-05:00,1.36066,1.36066,1.3599,1.3599,0
2026-02-08T18:15:00-05:00,1.3599,1.35996,1.35907,1.35915,0
2026-02-08T18:20:00-05:00,1.35915,1.35946,1.35911,1.35933,0
2026-02-08T18:25:00-05:00,1.35933,1.35937,1.35882,1.35884,0
2026-02-08T18:30:00-05:00,1.35884,1.35917,1.35882,1.35915,0
2026-02-08T18:35:00-05:00,1.35915,1.3599,1.35899,1.35973,0
2026-02-08T18:40:00-05:00,1.35973,1.36025,1.35973,1.36014,0
2026-02-08T18:45:00-05:00,1.36014,1.36072,1.3599,1.36071,0
2026-02-08T18:50:00-05:00,1.36071,1.36118,1.36041,1.36084,0
2026-02-08T18:55:00-05:00,1.36084,1.36105,1.3606,1.36067,0
2026-02-08T19:00:00-05:00,1.36067,1.36113,1.36059,1.36098,0
2026-02-08T19:05:00-05:00,1.36098,1.36166,1.36058,1.36119,0
2026-02-08T19:10:00-05:00,1.36119,1.36181,1.36108,1.3618,0
2026-02-08T19:15:00-05:00,1.3618,1.36207,1.36151,1.36165,0
2026-02-08T19:20:00-05:00,1.36165,1.36167,1.36098,1.36099,0
2026-02-08T19:25:00-05:00,1.36099,1.3613,1.36071,1.36118,0
2026-02-08T19:30:00-05:00,1.36118,1.36135,1.36078,1.36134,0
2026-02-08T19:35:00-05:00,1.36134,1.36146,1.36078,1.36122,0
2026-02-08T19:40:00-05:00,1.36122,1.36122,1.36075,1.36085,0
2026-02-08T19:45:00-05:00,1.36085,1.36103,1.36066,1.36098,0
2026-02-08T19:50:00-05:00,1.36098,1.36102,1.3607,1.36071,0
2026-02-08T19:55:00-05:00,1.36071,1.36103,1.36061,1.36095,0
2026-02-08T20:00:00-05:00,1.36095,1.36129,1.36071,1.36116,0
2026-02-08T20:05:00-05:00,1.36116,1.36129,1.36081,1.36088,0
2026-02-08T20:10:00-05:00,1.36088,1.36088,1.36034,1.36067,0
2026-02-08T20:15:00-05:00,1.36067,1.36101,1.36051,1.36052,0
2026-02-08T20:20:00-05:00,1.36052,1.36089,1.36049,1.36068,0
2026-02-08T20:25:00-05:00,1.36068,1.36082,1.36055,1.36057,0
2026-02-08T20:30:00-05:00,1.36057,1.36058,1.36017,1.36045,0
2026-02-08T20:35:00-05:00,1.36045,1.36124,1.36045,1.36101,0
2026-02-08T20:40:00-05:00,1.36101,1.36129,1.36008,1.36009,0
2026-02-08T20:45:00-05:00,1.36009,1.36056,1.35999,1.3605,0
2026-02-08T20:50:00-05:00,1.3605,1.3605,1.36013,1.36043,0
2026-02-08T20:55:00-05:00,1.36043,1.36049,1.35986,1.35999,0
2026-02-08T21:00:00-05:00,1.35999,1.3602,1.35985,1.36014,0
2026-02-08T21:05:00-05:00,1.36014,1.3602,1.35968,1.35971,0
2026-02-08T21:10:00-05:00,1.35971,1.35988,1.35908,1.35918,0
2026-02-08T21:15:00-05:00,1.35918,1.35966,1.35916,1.35961,0
2026-02-08T21:20:00-05:00,1.35961,1.3598,1.35938,1.35972,0
2026-02-08T21:25:00-05:00,1.35972,1.3601,1.35964,1.36004,0
2026-02-08T21:30:00-05:00,1.36004,1.36035,1.36001,1.36031,0
2026-02-08T21:35:00-05:00,1.36031,1.36073,1.36023,1.36066,0
2026-02-08T21:40:00-05:00,1.36066,1.36092,1.36066,1.36088,0
2026-02-08T21:45:00-05:00,1.36088,1.3609,1.36051,1.36081,0
2026-02-08T21:50:00-05:00,1.36081,1.36091,1.36054,1.36059,0
2026-02-08T21:55:00-05:00,1.36059,1.36071,1.36043,1.36058,0
2026-02-08T22:00:00-05:00,1.36058,1.36065,1.36031,1.36044,0
2026-02-08T22:05:00-05:00,1.36044,1.36068,1.36038,1.36058,0
2026-02-08T22:10:00-05:00,1.36058,1.36058,1.36051,1.36055,0
2026-02-08T22:15:00-05:00,1.36055,1.36061,1.36039,1.36052,0
2026-02-08T22:20:00-05:00,1.36052,1.36069,1.36039,1.36054,0
2026-02-08T22:25:00-05:00,1.36054,1.36069,1.36041,1.36059,0
2026-02-08T22:30:00-05:00,1.36059,1.36078,1.36054,1.36064,0
2026-02-08T22:35:00-05:00,1.36064,1.36065,1.3603,1.36035,0
2026-02-08T22:40:00-05:00,1.36035,1.36061,1.36028,1.36059,0
2026-02-08T22:45:00-05:00,1.36059,1.3606,1.36029,1.36051,0
2026-02-08T22:50:00-05:00,1.36051,1.36055,1.36041,1.36051,0
2026-02-08T22:55:00-05:00,1.36051,1.36054,1.36032,1.3605,0
2026-02-08T23:00:00-05:00,1.3605,1.3605,1.3599,1.35991,0
2026-02-08T23:05:00-05:00,1.35991,1.36034,1.35991,1.3603,0
2026-02-08T23:10:00-05:00,1.3603,1.36058,1.3603,1.36046,0
2026-02-08T23:15:00-05:00,1.36046,1.36055,1.36037,1.36041,0
2026-02-08T23:20:00-05:00,1.36041,1.36054,1.3603,1.36051,0
2026-02-08T23:25:00-05:00,1.36051,1.36051,1.36035,1.36037,0
2026-02-08T23:30:00-05:00,1.36037,1.3605,1.36018,1.36023,0
2026-02-08T23:35:00-05:00,1.36023,1.36025,1.36002,1.36021,0
2026-02-08T23:40:00-05:00,1.36021,1.36026,1.36016,1.36021,0
2026-02-08T23:45:00-05:00,1.36021,1.36022,1.35997,1.36,0
2026-02-08T23:50:00-05:00,1.36,1.3604,1.36,1.36038,0
2026-02-08T23:55:00-05:00,1.36038,1.36038,1.36024,1.36034,0
2026-02-09T00:00:00-05:00,1.36034,1.36047,1.36028,1.36045,0
2026-02-09T00:05:00-05:00,1.36045,1.36049,1.36034,1.36045,0
2026-02-09T00:10:00-05:00,1.36045,1.3607,1.36044,1.36069,0
2026-02-09T00:15:00-05:00,1.36069,1.36113,1.36063,1.36094,0
2026-02-09T00:20:00-05:00,1.36094,1.36128,1.36094,1.36127,0
2026-02-09T00:25:00-05:00,1.36127,1.36129,1.36102,1.36108,0
2026-02-09T00:30:00-05:00,1.36108,1.36138,1.36099,1.36136,0
2026-02-09T00:35:00-05:00,1.36136,1.36152,1.36136,1.36141,0
2026-02-09T00:40:00-05:00,1.36141,1.36171,1.3614,1.36159,0
2026-02-09T00:45:00-05:00,1.36159,1.36163,1.36145,1.36157,0
2026-02-09T00:50:00-05:00,1.36157,1.36157,1.36129,1.36143,0
2026-02-09T00:55:00-05:00,1.36143,1.36146,1.36132,1.36145,0
2026-02-09T01:00:00-05:00,1.36145,1.36156,1.36133,1.36141,0
2026-02-09T01:05:00-05:00,1.36141,1.36285,1.36133,1.36275,0
2026-02-09T01:10:00-05:00,1.36275,1.36289,1.36178,1.3618,0
2026-02-09T01:15:00-05:00,1.3618,1.36211,1.36161,1.36176,0
2026-02-09T01:20:00-05:00,1.36176,1.3618,1.36118,1.36129,0
2026-02-09T01:25:00-05:00,1.36129,1.36132,1.36054,1.36064,0
2026-02-09T01:30:00-05:00,1.36064,1.36103,1.36061,1.36102,0
2026-02-09T01:35:00-05:00,1.36102,1.3617,1.3609,1.36162,0
2026-02-09T01:40:00-05:00,1.36162,1.36176,1.36132,1.36159,0
2026-02-09T01:45:00-05:00,1.36159,1.36218,1.36143,1.3621,0
2026-02-09T01:50:00-05:00,1.3621,1.36239,1.3617,1.36238,0
2026-02-09T01:55:00-05:00,1.36238,1.36238,1.36183,1.36187,0
2026-02-09T02:00:00-05:00,1.36187,1.36207,1.36158,1.36159,0
2026-02-09T02:05:00-05:00,1.36159,1.3616,1.36085,1.36096,0
2026-02-09T02:10:00-05:00,1.36096,1.36109,1.36058,1.36104,0
2026-02-09T02:15:00-05:00,1.36104,1.36124,1.36027,1.3603,0
2026-02-09T02:20:00-05:00,1.3603,1.36041,1.35948,1.3598,0
2026-02-09T02:25:00-05:00,1.3598,1.36023,1.35921,1.35928,0
2026-02-09T02:30:00-05:00,1.35928,1.3594,1.35884,1.35899,0
2026-02-09T02:35:00-05:00,1.35899,1.35997,1.35898,1.35976,0
2026-02-09T02:40:00-05:00,1.35976,1.3603,1.35976,1.36028,0
2026-02-09T02:45:00-05:00,1.36028,1.36067,1.3601,1.36027,0
2026-02-09T02:50:00-05:00,1.36027,1.36034,1.35969,1.36031,0
2026-02-09T02:55:00-05:00,1.36031,1.36031,1.35943,1.3595,0
2026-02-09T03:00:00-05:00,1.3595,1.3606,1.35938,1.36044,0
2026-02-09T03:05:00-05:00,1.36044,1.36075,1.35954,1.36039,0
2026-02-09T03:10:00-05:00,1.36039,1.36076,1.35985,1.36052,0
2026-02-09T03:15:00-05:00,1.36052,1.36108,1.3601,1.36019,0
2026-02-09T03:20:00-05:00,1.36019,1.36075,1.35993,1.36014,0
2026-02-09T03:25:00-05:00,1.36014,1.36048,1.35994,1.36029,0
2026-02-09T03:30:00-05:00,1.36029,1.36029,1.3592,1.35925,0
2026-02-09T03:35:00-05:00,1.35925,1.35942,1.35865,1.35915,0
2026-02-09T03:40:00-05:00,1.35915,1.35922,1.35873,1.35908,0
2026-02-09T03:45:00-05:00,1.35908,1.35959,1.35866,1.35949,0
2026-02-09T03:50:00-05:00,1.35949,1.36034,1.35943,1.36017,0
2026-02-09T03:55:00-05:00,1.36017,1.36042,1.35993,1.36002,0
2026-02-09T04:00:00-05:00,1.36002,1.36018,1.3597,1.36017,0
2026-02-09T04:05:00-05:00,1.36017,1.36113,1.36006,1.36095,0
2026-02-09T04:10:00-05:00,1.36095,1.36124,1.3606,1.36067,0
2026-02-09T04:15:00-05:00,1.36067,1.36098,1.36061,1.36063,0
2026-02-09T04:20:00-05:00,1.36063,1.36072,1.3604,1.36064,0
2026-02-09T04:25:00-05:00,1.36064,1.36081,1.36044,1.36075,0
2026-02-09T04:30:00-05:00,1.36075,1.36089,1.36041,1.36054,0
2026-02-09T04:35:00-05:00,1.36054,1.36086,1.36031,1.36051,0
2026-02-09T04:40:00-05:00,1.36051,1.36071,1.3601,1.36045,0
2026-02-09T04:45:00-05:00,1.36045,1.36045,1.35984,1.36018,0
2026-02-09T04:50:00-05:00,1.36018,1.36018,1.35974,1.35994,0
2026-02-09T04:55:00-05:00,1.35994,1.36004,1.35963,1.35986,0
2026-02-09T05:00:00-05:00,1.35986,1.36017,1.35974,1.36008,0
2026-02-09T05:05:00-05:00,1.36008,1.36018,1.35985,1.35999,0
2026-02-09T05:10:00-05:00,1.35999,1.36102,1.35999,1.36072,0
2026-02-09T05:15:00-05:00,1.36072,1.36115,1.36067,1.3608,0
2026-02-09T05:20:00-05:00,1.3608,1.36103,1.36077,1.36091,0
2026-02-09T05:25:00-05:00,1.36091,1.36112,1.36069,1.36082,0
2026-02-09T05:30:00-05:00,1.36082,1.36098,1.36048,1.36052,0
2026-02-09T05:35:00-05:00,1.36052,1.36052,1.35952,1.35972,0
2026-02-09T05:40:00-05:00,1.35972,1.36025,1.35939,1.3601,0
2026-02-09T05:45:00-05:00,1.3601,1.3605,1.36002,1.36037,0
2026-02-09T05:50:00-05:00,1.36037,1.36105,1.36031,1.36071,0
2026-02-09T05:55:00-05:00,1.36071,1.36113,1.36062,1.36103,0
2026-02-09T06:00:00-05:00,1.36103,1.36143,1.36089,1.36089,0
2026-02-09T06:05:00-05:00,1.36089,1.36095,1.35932,1.36025,0
2026-02-09T06:10:00-05:00,1.36025,1.36092,1.36023,1.36073,0
2026-02-09T06:15:00-05:00,1.36073,1.36224,1.36051,1.3622,0
2026-02-09T06:20:00-05:00,1.3622,1.36231,1.36129,1.3613,0
2026-02-09T06:25:00-05:00,1.3613,1.36136,1.36102,1.36112,0
2026-02-09T06:30:00-05:00,1.36112,1.36158,1.36103,1.3615,0
2026-02-09T06:35:00-05:00,1.3615,1.36226,1.36145,1.36224,0
2026-02-09T06:40:00-05:00,1.36224,1.36294,1.36224,1.36262,0
2026-02-09T06:45:00-05:00,1.36262,1.36345,1.36251,1.36339,0
2026-02-09T06:50:00-05:00,1.36339,1.36396,1.36308,1.36321,0
2026-02-09T06:55:00-05:00,1.36321,1.36435,1.36318,1.36414,0
2026-02-09T07:00:00-05:00,1.36414,1.36455,1.36366,1.36374,0
2026-02-09T07:05:00-05:00,1.36374,1.36434,1.36374,1.36396,0
2026-02-09T07:10:00-05:00,1.36396,1.3642,1.36388,1.36404,0
2026-02-09T07:15:00-05:00,1.36404,1.36443,1.36399,1.36421,0
2026-02-09T07:20:00-05:00,1.36421,1.36472,1.36421,1.36468,0
2026-02-09T07:25:00-05:00,1.36468,1.36505,1.36451,1.36492,0
2026-02-09T07:30:00-05:00,1.36492,1.36495,1.36451,1.36475,0
2026-02-09T07:35:00-05:00,1.36475,1.36485,1.36438,1.36445,0
2026-02-09T07:40:00-05:00,1.36445,1.36492,1.36442,1.36486,0
2026-02-09T07:45:00-05:00,1.36486,1.36497,1.36478,1.36496,0
2026-02-09T07:50:00-05:00,1.36496,1.36541,1.36495,1.36528,0
2026-02-09T07:55:00-05:00,1.36528,1.36621,1.36512,1.36608,0
2026-02-09T08:00:00-05:00,1.36608,1.36618,1.36537,1.36606,0
2026-02-09T08:05:00-05:00,1.36606,1.36623,1.36583,1.3661,0
2026-02-09T08:10:00-05:00,1.3661,1.36702,1.36563,1.36604,0
2026-02-09T08:15:00-05:00,1.36604,1.36646,1.36563,1.36568,0
2026-02-09T08:20:00-05:00,1.36568,1.36568,1.36493,1.36543,0
2026-02-09T08:25:00-05:00,1.36543,1.36631,1.36515,1.3661,0
2026-02-09T08:30:00-05:00,1.3661,1.36632,1.36543,1.36557,0
2026-02-09T08:35:00-05:00,1.36557,1.36641,1.36547,1.36569,0
2026-02-09T08:40:00-05:00,1.36569,1.3658,1.36474,1.3649,0
2026-02-09T08:45:00-05:00,1.3649,1.36505,1.36454,1.36455,0
2026-02-09T08:50:00-05:00,1.36455,1.36486,1.36431,1.36453,0
2026-02-09T08:55:00-05:00,1.36453,1.36541,1.36439,1.36508,0
2026-02-09T09:00:00-05:00,1.36508,1.36529,1.36484,1.36511,0
2026-02-09T09:05:00-05:00,1.36511,1.36528,1.36362,1.36368,0
2026-02-09T09:10:00-05:00,1.36368,1.36377,1.36216,1.3634,0
2026-02-09T09:15:00-05:00,1.3634,1.36353,1.36242,1.36291,0
2026-02-09T09:20:00-05:00,1.36291,1.36387,1.36271,1.36347,0
2026-02-09T09:25:00-05:00,1.36347,1.3653,1.36274,1.36489,0
2026-02-09T09:30:00-05:00,1.36489,1.36516,1.36405,1.36494,0
2026-02-09T09:35:00-05:00,1.36494,1.36508,1.36304,1.36313,0
2026-02-09T09:40:00-05:00,1.36313,1.36401,1.36253,1.36401,0
2026-02-09T09:45:00-05:00,1.36401,1.36439,1.36376,1.36401,0
2026-02-09T09:50:00-05:00,1.36401,1.36404,1.36343,1.36357,0
2026-02-09T09:55:00-05:00,1.36357,1.36404,1.36307,1.364,0
2026-02-09T10:00:00-05:00,1.364,1.36454,1.36388,1.36442,0
2026-02-09T10:05:00-05:00,1.36442,1.36604,1.3644,1.36588,0
2026-02-09T10:10:00-05:00,1.36588,1.36603,1.36536,1.36553,0
2026-02-09T10:15:00-05:00,1.36553,1.36644,1.36548,1.36607,0
2026-02-09T10:20:00-05:00,1.36607,1.36693,1.36597,1.36661,0
2026-02-09T10:25:00-05:00,1.36661,1.36692,1.3659,1.36634,0
2026-02-09T10:30:00-05:00,1.36634,1.36661,1.3658,1.36637,0
2026-02-09T10:35:00-05:00,1.36637,1.36675,1.36628,1.36651,0
2026-02-09T10:40:00-05:00,1.36651,1.36843,1.36641,1.36843,0
2026-02-09T10:45:00-05:00,1.36843,1.36877,1.36731,1.36752,0
2026-02-09T10:50:00-05:00,1.36752,1.36857,1.36696,1.36783,0
2026-02-09T10:55:00-05:00,1.36783,1.36844,1.36757,1.36808,0
2026-02-09T11:00:00-05:00,1.36808,1.3683,1.36774,1.36778,0
2026-02-09T11:05:00-05:00,1.36778,1.36878,1.36778,1.36862,0
2026-02-09T11:10:00-05:00,1.36862,1.36862,1.36759,1.36798,0
2026-02-09T11:15:00-05:00,1.36798,1.36912,1.36794,1.36874,0
2026-02-09T11:20:00-05:00,1.36874,1.36884,1.36747,1.36752,0
2026-02-09T11:25:00-05:00,1.36752,1.36771,1.36698,1.36713,0
2026-02-09T11:30:00-05:00,1.36713,1.36725,1.36688,1.36693,0
2026-02-09T11:35:00-05:00,1.36693,1.36698,1.36647,1.36679,0
2026-02-09T11:40:00-05:00,1.36679,1.36693,1.36644,1.36668,0
2026-02-09T11:45:00-05:00,1.36668,1.36728,1.36664,1.36685,0
2026-02-09T11:50:00-05:00,1.36685,1.36701,1.36635,1.36652,0
2026-02-09T11:55:00-05:00,1.36652,1.36661,1.36628,1.36631,0
2026-02-09T12:00:00-05:00,1.36631,1.36684,1.36624,1.3666,0
2026-02-09T12:05:00-05:00,1.3666,1.3668,1.36637,1.36672,0
2026-02-09T12:10:00-05:00,1.36672,1.36692,1.36648,1.36654,0
2026-02-09T12:15:00-05:00,1.36654,1.36684,1.3665,1.3668,0
2026-02-09T12:20:00-05:00,1.3668,1.36712,1.36644,1.3666,0
2026-02-09T12:25:00-05:00,1.3666,1.36681,1.36649,1.36681,0
2026-02-09T12:30:00-05:00,1.36681,1.36681,1.36637,1.36678,0
2026-02-09T12:35:00-05:00,1.36678,1.36697,1.36658,1.36667,0
2026-02-09T12:40:00-05:00,1.36667,1.36713,1.36651,1.36692,0
2026-02-09T12:45:00-05:00,1.36692,1.3671,1.36686,1.36709,0
2026-02-09T12:50:00-05:00,1.36709,1.36729,1.36707,1.36729,0
2026-02-09T12:55:00-05:00,1.36729,1.36733,1.36712,1.36729,0
2026-02-09T13:00:00-05:00,1.36729,1.36759,1.36715,1.36718,0
2026-02-09T13:05:00-05:00,1.36718,1.36739,1.36689,1.36734,0
2026-02-09T13:10:00-05:00,1.36734,1.3676,1.36716,1.36729,0
2026-02-09T13:15:00-05:00,1.36729,1.36749,1.36728,1.36742,0
2026-02-09T13:20:00-05:00,1.36742,1.36761,1.36725,1.36726,0
2026-02-09T13:25:00-05:00,1.36726,1.36744,1.36644,1.36695,0
2026-02-09T13:30:00-05:00,1.36695,1.36777,1.36691,1.36773,0
2026-02-09T13:35:00-05:00,1.36773,1.36789,1.36747,1.36772,0
2026-02-09T13:40:00-05:00,1.36772,1.36793,1.36769,1.36793,0
2026-02-09T13:45:00-05:00,1.36793,1.36817,1.36781,1.3681,0
2026-02-09T13:50:00-05:00,1.3681,1.36833,1.36793,1.36824,0
2026-02-09T13:55:00-05:00,1.36824,1.36843,1.36804,1.36814,0
2026-02-09T14:00:00-05:00,1.36814,1.36913,1.36808,1.36899,0
2026-02-09T14:05:00-05:00,1.36899,1.36908,1.36844,1.36863,0
2026-02-09T14:10:00-05:00,1.36863,1.36871,1.36846,1.36849,0
2026-02-09T14:15:00-05:00,1.36849,1.36912,1.36848,1.36896,0
2026-02-09T14:20:00-05:00,1.36896,1.36918,1.36888,1.36901,0
2026-02-09T14:25:00-05:00,1.36901,1.36908,1.36869,1.369,0
2026-02-09T14:30:00-05:00,1.369,1.36926,1.369,1.36924,0
2026-02-09T14:35:00-05:00,1.36924,1.36944,1.36909,1.36941,0
2026-02-09T14:40:00-05:00,1.36941,1.36984,1.36932,1.36971,0
2026-02-09T14:45:00-05:00,1.36971,1.37005,1.36956,1.36983,0
2026-02-09T14:50:00-05:00,1.36983,1.3699,1.3696,1.36963,0
2026-02-09T14:55:00-05:00,1.36963,1.36965,1.36939,1.36963,0
2026-02-09T15:00:00-05:00,1.36963,1.36977,1.36949,1.36973,0
2026-02-09T15:05:00-05:00,1.36973,1.36981,1.36959,1.3696,0
2026-02-09T15:10:00-05:00,1.3696,1.36974,1.36953,1.3696,0
2026-02-09T15:15:00-05:00,1.3696,1.36963,1.36941,1.36951,0
2026-02-09T15:20:00-05:00,1.36951,1.3696,1.36921,1.36935,0
2026-02-09T15:25:00-05:00,1.36935,1.36942,1.36921,1.36932,0
2026-02-09T15:30:00-05:00,1.36932,1.36943,1.36925,1.36943,0
2026-02-09T15:35:00-05:00,1.36943,1.36973,1.36939,1.3696,0
2026-02-09T15:40:00-05:00,1.3696,1.36983,1.36944,1.36972,0
2026-02-09T15:45:00-05:00,1.36972,1.36991,1.3696,1.3699,0
2026-02-09T15:50:00-05:00,1.3699,1.3699,1.36959,1.3696,0
2026-02-09T15:55:00-05:00,1.3696,1.36977,1.3695,1.36955,0
2026-02-09T16:00:00-05:00,1.36955,1.36979,1.36944,1.36949,0
2026-02-09T16:05:00-05:00,1.36949,1.36968,1.36944,1.36966,0
2026-02-09T16:10:00-05:00,1.36966,1.36967,1.36913,1.36925,0
2026-02-09T16:15:00-05:00,1.36925,1.36959,1.36923,1.36929,0
2026-02-09T16:20:00-05:00,1.36929,1.36943,1.36926,1.36943,0
2026-02-09T16:25:00-05:00,1.36943,1.36943,1.36926,1.36932,0
2026-02-09T16:30:00-05:00,1.36932,1.36933,1.36909,1.36919,0
2026-02-09T16:35:00-05:00,1.36919,1.36953,1.36916,1.3695,0
2026-02-09T16:40:00-05:00,1.3695,1.36983,1.36945,1.36982,0
2026-02-09T16:45:00-05:00,1.36982,1.36993,1.36974,1.3699,0
2026-02-09T16:50:00-05:00,1.3699,1.36999,1.3699,1.36991,0
2026-02-09T16:55:00-05:00,1.36991,1.36999,1.36981,1.36995,0
2026-02-09T17:00:00-05:00,1.36995,1.37005,1.36924,1.36928,0
2026-02-09T17:20:00-05:00,1.36905,1.36957,1.36888,1.36944,0
2026-02-09T17:25:00-05:00,1.36944,1.36955,1.36936,1.36945,0
2026-02-09T17:30:00-05:00,1.36945,1.36946,1.3688,1.36895,0
2026-02-09T17:35:00-05:00,1.36895,1.36947,1.36884,1.36935,0
2026-02-09T17:40:00-05:00,1.36935,1.36951,1.36921,1.36943,0
2026-02-09T17:45:00-05:00,1.36943,1.36943,1.3693,1.36931,0
2026-02-09T17:50:00-05:00,1.36931,1.36949,1.36903,1.36912,0
2026-02-09T17:55:00-05:00,1.36912,1.36955,1.36899,1.36946,0
2026-02-09T18:00:00-05:00,1.36946,1.3699,1.36931,1.36987,0
2026-02-09T18:05:00-05:00,1.36987,1.36995,1.36949,1.36952,0
2026-02-09T18:10:00-05:00,1.36952,1.36969,1.36936,1.36936,0
2026-02-09T18:15:00-05:00,1.36936,1.36946,1.36921,1.36922,0
2026-02-09T18:20:00-05:00,1.36922,1.36922,1.36902,1.36905,0
2026-02-09T18:25:00-05:00,1.36905,1.3691,1.36881,1.36884,0
2026-02-09T18:30:00-05:00,1.36884,1.36885,1.36862,1.36869,0
2026-02-09T18:35:00-05:00,1.36869,1.36874,1.3685,1.36868,0
2026-02-09T18:40:00-05:00,1.36868,1.36868,1.3684,1.36842,0
2026-02-09T18:45:00-05:00,1.36842,1.36864,1.36841,1.3686,0
2026-02-09T18:50:00-05:00,1.3686,1.36862,1.36844,1.36844,0
2026-02-09T18:55:00-05:00,1.36844,1.3685,1.36834,1.36838,0
2026-02-09T19:00:00-05:00,1.36838,1.36841,1.3682,1.36824,0
2026-02-09T19:05:00-05:00,1.36824,1.36843,1.36801,1.3683,0
2026-02-09T19:10:00-05:00,1.3683,1.36831,1.36793,1.36798,0
2026-02-09T19:15:00-05:00,1.36798,1.368,1.36778,1.36794,0
2026-02-09T19:20:00-05:00,1.36794,1.368,1.3678,1.36791,0
2026-02-09T19:25:00-05:00,1.36791,1.36813,1.3679,1.3681,0
2026-02-09T19:30:00-05:00,1.3681,1.36811,1.36789,1.36792,0
2026-02-09T19:35:00-05:00,1.36792,1.36792,1.36762,1.36763,0
2026-02-09T19:40:00-05:00,1.36763,1.36764,1.36735,1.36735,0
2026-02-09T19:45:00-05:00,1.36735,1.36751,1.36729,1.36739,0
2026-02-09T19:50:00-05:00,1.36739,1.36749,1.36724,1.36729,0
2026-02-09T19:55:00-05:00,1.36729,1.3676,1.36729,1.36759,0
2026-02-09T20:00:00-05:00,1.36759,1.36808,1.36755,1.36807,0
2026-02-09T20:05:00-05:00,1.36807,1.36825,1.36799,1.36811,0
2026-02-09T20:10:00-05:00,1.36811,1.3682,1.36783,1.36818,0
2026-02-09T20:15:00-05:00,1.36818,1.36828,1.3681,1.36813,0
2026-02-09T20:20:00-05:00,1.36813,1.36838,1.36785,1.36793,0
2026-02-09T20:25:00-05:00,1.36793,1.368,1.3677,1.36772,0
2026-02-09T20:30:00-05:00,1.36772,1.36774,1.36746,1.36762,0
2026-02-09T20:35:00-05:00,1.36762,1.36803,1.36743,1.36796,0
2026-02-09T20:40:00-05:00,1.36796,1.36829,1.36783,1.36823,0
2026-02-09T20:45:00-05:00,1.36823,1.36871,1.36818,1.36842,0
2026-02-09T20:50:00-05:00,1.36842,1.36898,1.36821,1.36879,0
2026-02-09T20:55:00-05:00,1.36879,1.36882,1.36845,1.36851,0
2026-02-09T21:00:00-05:00,1.36851,1.36864,1.36829,1.36844,0
2026-02-09T21:05:00-05:00,1.36844,1.3687,1.36844,1.36846,0
2026-02-09T21:10:00-05:00,1.36846,1.36862,1.36843,1.36861,0
2026-02-09T21:15:00-05:00,1.36861,1.36882,1.3685,1.36864,0
2026-02-09T21:20:00-05:00,1.36864,1.36877,1.36843,1.36851,0
2026-02-09T21:25:00-05:00,1.36851,1.36864,1.3685,1.36858,0
2026-02-09T21:30:00-05:00,1.36858,1.36871,1.36848,1.36869,0
2026-02-09T21:35:00-05:00,1.36869,1.36884,1.36858,1.36858,0
2026-02-09T21:40:00-05:00,1.36858,1.36864,1.36843,1.36851,0
2026-02-09T21:45:00-05:00,1.36851,1.36893,1.3685,1.36885,0
2026-02-09T21:50:00-05:00,1.36885,1.36909,1.36877,1.36894,0
2026-02-09T21:55:00-05:00,1.36894,1.36932,1.36885,1.36905,0
2026-02-09T22:00:00-05:00,1.36905,1.36935,1.36902,1.36933,0
2026-02-09T22:05:00-05:00,1.36933,1.36957,1.36919,1.36949,0
2026-02-09T22:10:00-05:00,1.36949,1.3696,1.36935,1.36959,0
2026-02-09T22:15:00-05:00,1.36959,1.3696,1.36933,1.36939,0
2026-02-09T22:20:00-05:00,1.36939,1.36939,1.36895,1.36899,0
2026-02-09T22:25:00-05:00,1.36899,1.36929,1.36899,1.36929,0
2026-02-09T22:30:00-05:00,1.36929,1.36932,1.36867,1.36871,0
2026-02-09T22:35:00-05:00,1.36871,1.36922,1.36869,1.36918,0
2026-02-09T22:40:00-05:00,1.36918,1.36919,1.36901,1.36905,0
2026-02-09T22:45:00-05:00,1.36905,1.36916,1.36895,1.36905,0
2026-02-09T22:50:00-05:00,1.36905,1.36919,1.36904,1.36915,0
2026-02-09T22:55:00-05:00,1.36915,1.36919,1.36898,1.369,0
2026-02-09T23:00:00-05:00,1.369,1.369,1.36843,1.36854,0
2026-02-09T23:05:00-05:00,1.36854,1.36867,1.3684,1.3684,0
2026-02-09T23:10:00-05:00,1.3684,1.36841,1.36831,1.36833,0
2026-02-09T23:15:00-05:00,1.36833,1.36845,1.36824,1.36828,0
2026-02-09T23:20:00-05:00,1.36828,1.36838,1.3682,1.3682,0
2026-02-09T23:25:00-05:00,1.3682,1.36836,1.3682,1.36825,0
2026-02-09T23:30:00-05:00,1.36825,1.36828,1.36817,1.3682,0
2026-02-09T23:35:00-05:00,1.3682,1.36824,1.3681,1.36817,0
2026-02-09T23:40:00-05:00,1.36817,1.36827,1.36801,1.36825,0
2026-02-09T23:45:00-05:00,1.36825,1.36841,1.36818,1.36831,0
2026-02-09T23:50:00-05:00,1.36831,1.36838,1.36811,1.36828,0
2026-02-09T23:55:00-05:00,1.36828,1.36843,1.36821,1.36842,0
2026-02-10T00:00:00-05:00,1.36842,1.36851,1.36814,1.36817,0
2026-02-10T00:05:00-05:00,1.36817,1.36831,1.36806,1.36811,0
2026-02-10T00:10:00-05:00,1.36811,1.36824,1.36803,1.36813,0
2026-02-10T00:15:00-05:00,1.36813,1.36828,1.36807,1.36828,0
2026-02-10T00:20:00-05:00,1.36828,1.36834,1.36819,1.36828,0
2026-02-10T00:25:00-05:00,1.36828,1.36841,1.36823,1.36827,0
2026-02-10T00:30:00-05:00,1.36827,1.36827,1.36797,1.3681,0
2026-02-10T00:35:00-05:00,1.3681,1.36825,1.36803,1.36806,0
2026-02-10T00:40:00-05:00,1.36806,1.36811,1.36794,1.36803,0
2026-02-10T00:45:00-05:00,1.36803,1.36803,1.36763,1.36769,0
2026-02-10T00:50:00-05:00,1.36769,1.3678,1.36753,1.36755,0
2026-02-10T00:55:00-05:00,1.36755,1.36778,1.36745,1.3677,0
2026-02-10T01:00:00-05:00,1.3677,1.3679,1.36763,1.36784,0
2026-02-10T01:05:00-05:00,1.36784,1.36784,1.36749,1.36755,0
2026-02-10T01:10:00-05:00,1.36755,1.36818,1.36753,1.36773,0
2026-02-10T01:15:00-05:00,1.36773,1.36773,1.36738,1.36739,0
2026-02-10T01:20:00-05:00,1.36739,1.36739,1.36701,1.36701,0
2026-02-10T01:25:00-05:00,1.36701,1.36712,1.36689,1.36698,0
2026-02-10T01:30:00-05:00,1.36698,1.3675,1.36683,1.36738,0
2026-02-10T01:35:00-05:00,1.36738,1.3674,1.36696,1.36713,0
2026-02-10T01:40:00-05:00,1.36713,1.36759,1.36713,1.3674,0
2026-02-10T01:45:00-05:00,1.3674,1.3674,1.36713,1.36714,0
2026-02-10T01:50:00-05:00,1.36714,1.36715,1.36685,1.36698,0
2026-02-10T01:55:00-05:00,1.36698,1.36705,1.36681,1.36689,0
2026-02-10T02:00:00-05:00,1.36689,1.36719,1.36681,1.36719,0
2026-02-10T02:05:00-05:00,1.36719,1.36751,1.36712,1.3673,0
2026-02-10T02:10:00-05:00,1.3673,1.36745,1.36705,1.36739,0
2026-02-10T02:15:00-05:00,1.36739,1.36792,1.36738,1.36752,0
2026-02-10T02:20:00-05:00,1.36752,1.36799,1.36749,1.36783,0
2026-02-10T02:25:00-05:00,1.36783,1.36797,1.36742,1.36744,0
2026-02-10T02:30:00-05:00,1.36744,1.36744,1.36709,1.36722,0
2026-02-10T02:35:00-05:00,1.36722,1.36742,1.36702,1.36702,0
2026-02-10T02:40:00-05:00,1.36702,1.36713,1.36673,1.36683,0
2026-02-10T02:45:00-05:00,1.36683,1.36718,1.36681,1.36705,0
2026-02-10T02:50:00-05:00,1.36705,1.36718,1.36693,1.36695,0
2026-02-10T02:55:00-05:00,1.36695,1.36731,1.36694,1.36703,0
2026-02-10T03:00:00-05:00,1.36703,1.36723,1.36685,1.36723,0
2026-02-10T03:05:00-05:00,1.36723,1.36743,1.36698,1.36742,0
2026-02-10T03:10:00-05:00,1.36742,1.36743,1.36637,1.36661,0
2026-02-10T03:15:00-05:00,1.36661,1.36722,1.36661,1.36681,0
2026-02-10T03:20:00-05:00,1.36681,1.36729,1.36664,1.36664,0
2026-02-10T03:25:00-05:00,1.36664,1.36701,1.36637,1.36701,0
2026-02-10T03:30:00-05:00,1.36701,1.36736,1.36694,1.36717,0
2026-02-10T03:35:00-05:00,1.36717,1.36728,1.36691,1.36692,0
2026-02-10T03:40:00-05:00,1.36692,1.36733,1.36685,1.36725,0
2026-02-10T03:45:00-05:00,1.36725,1.36799,1.36719,1.36782,0
2026-02-10T03:50:00-05:00,1.36782,1.36788,1.36763,1.36772,0
2026-02-10T03:55:00-05:00,1.36772,1.36772,1.36723,1.36725,0
2026-02-10T04:00:00-05:00,1.36725,1.36737,1.36687,1.36707,0
2026-02-10T04:05:00-05:00,1.36707,1.36762,1.36695,1.3676,0
2026-02-10T04:10:00-05:00,1.3676,1.36809,1.36756,1.36803,0
2026-02-10T04:15:00-05:00,1.36803,1.36845,1.36779,1.36781,0
2026-02-10T04:20:00-05:00,1.36781,1.36782,1.3674,1.3674,0
2026-02-10T04:25:00-05:00,1.3674,1.3677,1.3673,1.36745,0
2026-02-10T04:30:00-05:00,1.36745,1.3675,1.36711,1.36739,0
2026-02-10T04:35:00-05:00,1.36739,1.36749,1.36685,1.36686,0
2026-02-10T04:40:00-05:00,1.36686,1.36712,1.36675,1.36675,0
2026-02-10T04:45:00-05:00,1.36675,1.36692,1.36662,1.36663,0
2026-02-10T04:50:00-05:00,1.36663,1.36699,1.36661,1.36688,0
2026-02-10T04:55:00-05:00,1.36688,1.36688,1.36655,1.36674,0
2026-02-10T05:00:00-05:00,1.36674,1.36696,1.36663,1.36684,0
2026-02-10T05:05:00-05:00,1.36684,1.36728,1.36682,1.36702,0
2026-02-10T05:10:00-05:00,1.36702,1.36739,1.36689,1.36712,0
2026-02-10T05:15:00-05:00,1.36712,1.36718,1.36682,1.36711,0
2026-02-10T05:20:00-05:00,1.36711,1.36736,1.36663,1.36664,0
2026-02-10T05:25:00-05:00,1.36664,1.36665,1.36582,1.36604,0
2026-02-10T05:30:00-05:00,1.36604,1.3663,1.36592,1.36606,0
2026-02-10T05:35:00-05:00,1.36606,1.36642,1.3658,1.36633,0
2026-02-10T05:40:00-05:00,1.36633,1.36679,1.36631,1.36678,0
2026-02-10T05:45:00-05:00,1.36678,1.36693,1.36668,1.36675,0
2026-02-10T05:50:00-05:00,1.36675,1.3669,1.36643,1.36658,0
2026-02-10T05:55:00-05:00,1.36658,1.36661,1.36622,1.36651,0
2026-02-10T06:00:00-05:00,1.36651,1.36681,1.36647,1.36651,0
2026-02-10T06:05:00-05:00,1.36651,1.36654,1.36623,1.36631,0
2026-02-10T06:10:00-05:00,1.36631,1.36643,1.36621,1.36626,0
2026-02-10T06:15:00-05:00,1.36626,1.36642,1.3662,1.36626,0
2026-02-10T06:20:00-05:00,1.36626,1.3664,1.36613,1.36619,0
2026-02-10T06:25:00-05:00,1.36619,1.36623,1.36604,1.36606,0
2026-02-10T06:30:00-05:00,1.36606,1.36616,1.36587,1.366,0
2026-02-10T06:35:00-05:00,1.366,1.36626,1.366,1.36624,0
2026-02-10T06:40:00-05:00,1.36624,1.36624,1.36606,1.36612,0
2026-02-10T06:45:00-05:00,1.36612,1.36629,1.36607,1.36618,0
2026-02-10T06:50:00-05:00,1.36618,1.36621,1.36606,1.36614,0
2026-02-10T06:55:00-05:00,1.36614,1.36633,1.36614,1.36624,0
2026-02-10T07:00:00-05:00,1.36624,1.36645,1.36616,1.36634,0
2026-02-10T07:05:00-05:00,1.36634,1.36681,1.36624,1.36679,0
2026-02-10T07:10:00-05:00,1.36679,1.36682,1.36624,1.36681,0
2026-02-10T07:15:00-05:00,1.36681,1.36749,1.3668,1.36746,0
2026-02-10T07:20:00-05:00,1.36746,1.36769,1.36746,1.36752,0
2026-02-10T07:25:00-05:00,1.36752,1.36894,1.36752,1.36828,0
2026-02-10T07:30:00-05:00,1.36828,1.36835,1.36791,1.36801,0
2026-02-10T07:35:00-05:00,1.36801,1.36807,1.36773,1.36797,0
2026-02-10T07:40:00-05:00,1.36797,1.36799,1.36743,1.36767,0
2026-02-10T07:45:00-05:00,1.36767,1.36848,1.36767,1.36787,0
2026-02-10T07:50:00-05:00,1.36787,1.36792,1.36722,1.36739,0
2026-02-10T07:55:00-05:00,1.36739,1.36813,1.36715,1.36811,0
2026-02-10T08:00:00-05:00,1.36811,1.3693,1.36804,1.36859,0
2026-02-10T08:05:00-05:00,1.36859,1.36898,1.3684,1.36871,0
2026-02-10T08:10:00-05:00,1.36871,1.36878,1.36789,1.36793,0
2026-02-10T08:15:00-05:00,1.36793,1.36817,1.36705,1.3676,0
2026-02-10T08:20:00-05:00,1.3676,1.36796,1.3675,1.3675,0
2026-02-10T08:25:00-05:00,1.3675,1.36763,1.36702,1.36711,0
2026-02-10T08:30:00-05:00,1.36711,1.36712,1.36661,1.36698,0
2026-02-10T08:35:00-05:00,1.36698,1.36852,1.36697,1.36799,0
2026-02-10T08:40:00-05:00,1.36799,1.36915,1.36749,1.36749,0
2026-02-10T08:45:00-05:00,1.36749,1.3683,1.36745,1.3682,0
2026-02-10T08:50:00-05:00,1.3682,1.36827,1.36789,1.3681,0
2026-02-10T08:55:00-05:00,1.3681,1.36816,1.36773,1.36799,0
2026-02-10T09:00:00-05:00,1.36799,1.36832,1.36758,1.36814,0
2026-02-10T09:05:00-05:00,1.36814,1.36851,1.3677,1.36787,0
2026-02-10T09:10:00-05:00,1.36787,1.36862,1.36766,1.36841,0
2026-02-10T09:15:00-05:00,1.36841,1.36852,1.36814,1.36849,0
2026-02-10T09:20:00-05:00,1.36849,1.36894,1.36837,1.3685,0
2026-02-10T09:25:00-05:00,1.3685,1.3693,1.3682,1.36929,0
2026-02-10T09:30:00-05:00,1.36929,1.36939,1.36885,1.36918,0
2026-02-10T09:35:00-05:00,1.36918,1.36967,1.36873,1.36929,0
2026-02-10T09:40:00-05:00,1.36929,1.36929,1.36776,1.36811,0
2026-02-10T09:45:00-05:00,1.36811,1.36833,1.36759,1.36767,0
2026-02-10T09:50:00-05:00,1.36767,1.36788,1.36705,1.36709,0
2026-02-10T09:55:00-05:00,1.36709,1.36811,1.36709,1.36779,0
2026-02-10T10:00:00-05:00,1.36779,1.36793,1.36762,1.36773,0
2026-02-10T10:05:00-05:00,1.36773,1.36775,1.36657,1.36668,0
2026-02-10T10:10:00-05:00,1.36668,1.36688,1.36628,1.36647,0
2026-02-10T10:15:00-05:00,1.36647,1.36647,1.36604,1.36614,0
2026-02-10T10:20:00-05:00,1.36614,1.36616,1.36533,1.3657,0
2026-02-10T10:25:00-05:00,1.3657,1.36614,1.36543,1.36587,0
2026-02-10T10:30:00-05:00,1.36587,1.3664,1.3658,1.3661,0
2026-02-10T10:35:00-05:00,1.3661,1.3662,1.36543,1.36599,0
2026-02-10T10:40:00-05:00,1.36599,1.36623,1.36566,1.36609,0
2026-02-10T10:45:00-05:00,1.36609,1.36631,1.36584,1.36627,0
2026-02-10T10:50:00-05:00,1.36627,1.36698,1.36553,1.36692,0
2026-02-10T10:55:00-05:00,1.36692,1.36797,1.36661,1.36792,0
2026-02-10T11:00:00-05:00,1.36792,1.3681,1.36738,1.3674,0
2026-02-10T11:05:00-05:00,1.3674,1.36746,1.36644,1.3666,0
2026-02-10T11:10:00-05:00,1.3666,1.3666,1.36599,1.36618,0
2026-02-10T11:15:00-05:00,1.36618,1.36699,1.36618,1.36664,0
2026-02-10T11:20:00-05:00,1.36664,1.36678,1.36618,1.3662,0
2026-02-10T11:25:00-05:00,1.3662,1.36634,1.36599,1.36601,0
2026-02-10T11:30:00-05:00,1.36601,1.36695,1.36596,1.36688,0
2026-02-10T11:35:00-05:00,1.36688,1.36692,1.36658,1.36689,0
2026-02-10T11:40:00-05:00,1.36689,1.36702,1.36647,1.36648,0
2026-02-10T11:45:00-05:00,1.36648,1.36715,1.36633,1.36715,0
2026-02-10T11:50:00-05:00,1.36715,1.36729,1.36665,1.36665,0
2026-02-10T11:55:00-05:00,1.36665,1.36678,1.36648,1.36653,0
2026-02-10T12:00:00-05:00,1.36653,1.36692,1.3662,1.36638,0
2026-02-10T12:05:00-05:00,1.36638,1.3665,1.36597,1.36647,0
2026-02-10T12:10:00-05:00,1.36647,1.36661,1.36584,1.36593,0
2026-02-10T12:15:00-05:00,1.36593,1.3663,1.36591,1.3663,0
2026-02-10T12:20:00-05:00,1.3663,1.3664,1.36617,1.36628,0
2026-02-10T12:25:00-05:00,1.36628,1.36639,1.36596,1.366,0
2026-02-10T12:30:00-05:00,1.366,1.3665,1.36587,1.36635,0
2026-02-10T12:35:00-05:00,1.36635,1.36647,1.36582,1.36601,0
2026-02-10T12:40:00-05:00,1.36601,1.36607,1.36561,1.36562,0
2026-02-10T12:45:00-05:00,1.36562,1.36584,1.36552,1.36566,0
2026-02-10T12:50:00-05:00,1.36566,1.36566,1.36438,1.36445,0
2026-02-10T12:55:00-05:00,1.36445,1.3654,1.36445,1.3654,0
2026-02-10T13:00:00-05:00,1.3654,1.36547,1.36512,1.36536,0
2026-02-10T13:05:00-05:00,1.36536,1.36552,1.36513,1.3653,0
2026-02-10T13:10:00-05:00,1.3653,1.3653,1.36485,1.36508,0
2026-02-10T13:15:00-05:00,1.36508,1.36512,1.36485,1.36488,0
2026-02-10T13:20:00-05:00,1.36488,1.36508,1.36486,1.36502,0
2026-02-10T13:25:00-05:00,1.36502,1.36519,1.36468,1.36479,0
2026-02-10T13:30:00-05:00,1.36479,1.36489,1.36435,1.36447,0
2026-02-10T13:35:00-05:00,1.36447,1.36458,1.3643,1.36438,0
2026-02-10T13:40:00-05:00,1.36438,1.36457,1.36431,1.36443,0
2026-02-10T13:45:00-05:00,1.36443,1.36454,1.36429,1.36443,0
2026-02-10T13:50:00-05:00,1.36443,1.36452,1.36432,1.36441,0
2026-02-10T13:55:00-05:00,1.36441,1.3646,1.36437,1.36458,0
2026-02-10T14:00:00-05:00,1.36458,1.36462,1.36427,1.3644,0
2026-02-10T14:05:00-05:00,1.3644,1.36458,1.36425,1.3645,0
2026-02-10T14:10:00-05:00,1.3645,1.36461,1.3644,1.36441,0
2026-02-10T14:15:00-05:00,1.36441,1.3645,1.36401,1.36448,0
2026-02-10T14:20:00-05:00,1.36448,1.36491,1.36428,1.3649,0
2026-02-10T14:25:00-05:00,1.3649,1.36502,1.36483,1.36502,0
2026-02-10T14:30:00-05:00,1.36502,1.36502,1.36488,1.36492,0
2026-02-10T14:35:00-05:00,1.36492,1.36502,1.36488,1.36492,0
2026-02-10T14:40:00-05:00,1.36492,1.36522,1.36488,1.36521,0
2026-02-10T14:45:00-05:00,1.36521,1.36531,1.36498,1.36529,0
2026-02-10T14:50:00-05:00,1.36529,1.3653,1.36499,1.36502,0
2026-02-10T14:55:00-05:00,1.36502,1.36518,1.36495,1.36514,0
2026-02-10T15:00:00-05:00,1.36514,1.36572,1.36508,1.3657,0
2026-02-10T15:05:00-05:00,1.3657,1.36576,1.36536,1.36537,0
2026-02-10T15:10:00-05:00,1.36537,1.36542,1.3652,1.36523,0
2026-02-10T15:15:00-05:00,1.36523,1.36539,1.36518,1.36536,0
2026-02-10T15:20:00-05:00,1.36536,1.36554,1.3653,1.36553,0
2026-02-10T15:25:00-05:00,1.36553,1.3657,1.36542,1.3655,0
2026-02-10T15:30:00-05:00,1.3655,1.36557,1.36539,1.3654,0
2026-02-10T15:35:00-05:00,1.3654,1.36552,1.36536,1.36537,0
2026-02-10T15:40:00-05:00,1.36537,1.36538,1.36515,1.3652,0
2026-02-10T15:45:00-05:00,1.3652,1.36533,1.36518,1.36529,0
2026-02-10T15:50:00-05:00,1.36529,1.36532,1.36508,1.36512,0
2026-02-10T15:55:00-05:00,1.36512,1.36515,1.36456,1.36474,0
2026-02-10T16:00:00-05:00,1.36474,1.36485,1.36427,1.36433,0
2026-02-10T16:05:00-05:00,1.36433,1.36451,1.36419,1.36423,0
2026-02-10T16:10:00-05:00,1.36423,1.36423,1.36391,1.364,0
2026-02-10T16:15:00-05:00,1.364,1.36418,1.36394,1.36403,0
2026-02-10T16:20:00-05:00,1.36403,1.36417,1.364,1.36413,0
2026-02-10T16:25:00-05:00,1.36413,1.3642,1.364,1.36403,0
2026-02-10T16:30:00-05:00,1.36403,1.36417,1.364,1.36415,0
2026-02-10T16:35:00-05:00,1.36415,1.36415,1.36397,1.36399,0
2026-02-10T16:40:00-05:00,1.36399,1.36401,1.3639,1.36399,0
2026-02-10T16:45:00-05:00,1.36399,1.36411,1.36397,1.36398,0
2026-02-10T16:50:00-05:00,1.36398,1.36411,1.36393,1.364,0
2026-02-10T16:55:00-05:00,1.364,1.36411,1.364,1.36401,0
2026-02-10T17:00:00-05:00,1.36401,1.36432,1.3639,1.36427,0
2026-02-10T17:20:00-05:00,1.36442,1.36494,1.36418,1.36437,0
2026-02-10T17:25:00-05:00,1.36437,1.36437,1.36437,1.36437,0
2026-02-10T17:30:00-05:00,1.36437,1.36437,1.36398,1.364,0
2026-02-10T17:35:00-05:00,1.364,1.36482,1.36399,1.36417,0
2026-02-10T17:40:00-05:00,1.36417,1.36417,1.36416,1.36416,0
2026-02-10T17:45:00-05:00,1.36416,1.36416,1.36411,1.36414,0
2026-02-10T17:50:00-05:00,1.36414,1.36414,1.3641,1.3641,0
2026-02-10T17:55:00-05:00,1.3641,1.36413,1.36386,1.36391,0
2026-02-10T18:00:00-05:00,1.36391,1.36417,1.36386,1.36417,0
2026-02-10T18:05:00-05:00,1.36417,1.36417,1.36346,1.36352,0
2026-02-10T18:10:00-05:00,1.36352,1.3636,1.36326,1.36329,0
2026-02-10T18:15:00-05:00,1.36329,1.3633,1.36315,1.36315,0
2026-02-10T18:20:00-05:00,1.36315,1.36336,1.36315,1.36335,0
2026-02-10T18:25:00-05:00,1.36335,1.36353,1.36333,1.36339,0
2026-02-10T18:30:00-05:00,1.36339,1.36349,1.36337,1.36337,0
2026-02-10T18:35:00-05:00,1.36337,1.36349,1.36337,1.36348,0
2026-02-10T18:40:00-05:00,1.36348,1.36351,1.36339,1.36339,0
2026-02-10T18:45:00-05:00,1.36339,1.3634,1.36327,1.36329,0
2026-02-10T18:50:00-05:00,1.36329,1.36335,1.36318,1.36332,0
2026-02-10T18:55:00-05:00,1.36332,1.36338,1.3633,1.36338,0
2026-02-10T19:00:00-05:00,1.36338,1.36341,1.36328,1.36329,0
2026-02-10T19:05:00-05:00,1.36329,1.3635,1.36319,1.36343,0
2026-02-10T19:10:00-05:00,1.36343,1.36343,1.36334,1.36339,0
2026-02-10T19:15:00-05:00,1.36339,1.36343,1.36326,1.36328,0
2026-02-10T19:20:00-05:00,1.36328,1.36353,1.36328,1.36349,0
2026-02-10T19:25:00-05:00,1.36349,1.36366,1.36346,1.36366,0
2026-02-10T19:30:00-05:00,1.36366,1.36388,1.36363,1.36372,0
2026-02-10T19:35:00-05:00,1.36372,1.36379,1.36359,1.36362,0
2026-02-10T19:40:00-05:00,1.36362,1.36373,1.36359,1.3637,0
2026-02-10T19:45:00-05:00,1.3637,1.36399,1.3637,1.36398,0
2026-02-10T19:50:00-05:00,1.36398,1.3642,1.36391,1.36414,0
2026-02-10T19:55:00-05:00,1.36414,1.36432,1.3641,1.36418,0
2026-02-10T20:00:00-05:00,1.36418,1.36426,1.36376,1.36393,0
2026-02-10T20:05:00-05:00,1.36393,1.36472,1.3639,1.36461,0
2026-02-10T20:10:00-05:00,1.36461,1.36471,1.36442,1.36449,0
2026-02-10T20:15:00-05:00,1.36449,1.3647,1.36434,1.36465,0
2026-02-10T20:20:00-05:00,1.36465,1.36469,1.36433,1.3646,0
2026-02-10T20:25:00-05:00,1.3646,1.36492,1.36459,1.36486,0
2026-02-10T20:30:00-05:00,1.36486,1.36487,1.36461,1.36466,0
2026-02-10T20:35:00-05:00,1.36466,1.36466,1.36438,1.36441,0
2026-02-10T20:40:00-05:00,1.36441,1.36447,1.36394,1.36395,0
2026-02-10T20:45:00-05:00,1.36395,1.36444,1.36392,1.36423,0
2026-02-10T20:50:00-05:00,1.36423,1.3644,1.36409,1.36418,0
2026-02-10T20:55:00-05:00,1.36418,1.3644,1.36402,1.3643,0
2026-02-10T21:00:00-05:00,1.3643,1.36448,1.36419,1.36442,0
2026-02-10T21:05:00-05:00,1.36442,1.36492,1.36442,1.36481,0
2026-02-10T21:10:00-05:00,1.36481,1.36497,1.36468,1.36488,0
2026-02-10T21:15:00-05:00,1.36488,1.36488,1.36454,1.36461,0
2026-02-10T21:20:00-05:00,1.36461,1.36521,1.3645,1.36521,0
2026-02-10T21:25:00-05:00,1.36521,1.36557,1.36502,1.36543,0
2026-02-10T21:30:00-05:00,1.36543,1.36557,1.36531,1.36547,0
2026-02-10T21:35:00-05:00,1.36547,1.36593,1.36545,1.36586,0
2026-02-10T21:40:00-05:00,1.36586,1.36611,1.36584,1.36601,0
2026-02-10T21:45:00-05:00,1.36601,1.36607,1.36567,1.3657,0
2026-02-10T21:50:00-05:00,1.3657,1.36585,1.36569,1.36569,0
2026-02-10T21:55:00-05:00,1.36569,1.36586,1.36556,1.36567,0
2026-02-10T22:00:00-05:00,1.36567,1.36579,1.36556,1.36578,0
2026-02-10T22:05:00-05:00,1.36578,1.36591,1.36569,1.36587,0
2026-02-10T22:10:00-05:00,1.36587,1.366,1.36574,1.3659,0
2026-02-10T22:15:00-05:00,1.3659,1.36597,1.3657,1.36576,0
2026-02-10T22:20:00-05:00,1.36576,1.36579,1.36562,1.36566,0
2026-02-10T22:25:00-05:00,1.36566,1.366,1.36553,1.366,0
2026-02-10T22:30:00-05:00,1.366,1.36615,1.36591,1.36611,0
2026-02-10T22:35:00-05:00,1.36611,1.36617,1.36593,1.36604,0
2026-02-10T22:40:00-05:00,1.36604,1.36623,1.36599,1.36599,0
2026-02-10T22:45:00-05:00,1.36599,1.36635,1.36599,1.36628,0
2026-02-10T22:50:00-05:00,1.36628,1.36678,1.36627,1.3667,0
2026-02-10T22:55:00-05:00,1.3667,1.36681,1.36654,1.36663,0
2026-02-10T23:00:00-05:00,1.36663,1.36667,1.3664,1.36654,0
2026-02-10T23:05:00-05:00,1.36654,1.36671,1.3665,1.36657,0
2026-02-10T23:10:00-05:00,1.36657,1.36671,1.36651,1.36663,0
2026-02-10T23:15:00-05:00,1.36663,1.36663,1.36648,1.3666,0
2026-02-10T23:20:00-05:00,1.3666,1.367,1.36658,1.36685,0
2026-02-10T23:25:00-05:00,1.36685,1.36695,1.36675,1.36675,0
2026-02-10T23:30:00-05:00,1.36675,1.3668,1.36663,1.36668,0
2026-02-10T23:35:00-05:00,1.36668,1.36669,1.36651,1.36651,0
2026-02-10T23:40:00-05:00,1.36651,1.36661,1.36614,1.36614,0
2026-02-10T23:45:00-05:00,1.36614,1.36614,1.36588,1.36598,0
2026-02-10T23:50:00-05:00,1.36598,1.36625,1.36597,1.3662,0
2026-02-10T23:55:00-05:00,1.3662,1.36635,1.36617,1.3663,0
2026-02-11T00:00:00-05:00,1.3663,1.36631,1.36596,1.36596,0
2026-02-11T00:05:00-05:00,1.36596,1.36598,1.3658,1.36587,0
2026-02-11T00:10:00-05:00,1.36587,1.36621,1.36586,1.36618,0
2026-02-11T00:15:00-05:00,1.36618,1.36653,1.36617,1.36647,0
2026-02-11T00:20:00-05:00,1.36647,1.36664,1.36643,1.3665,0
2026-02-11T00:25:00-05:00,1.3665,1.36654,1.36639,1.36652,0
2026-02-11T00:30:00-05:00,1.36652,1.36691,1.36651,1.36689,0
2026-02-11T00:35:00-05:00,1.36689,1.36689,1.36651,1.36664,0
2026-02-11T00:40:00-05:00,1.36664,1.36699,1.36664,1.36695,0
2026-02-11T00:45:00-05:00,1.36695,1.36698,1.36675,1.36694,0
2026-02-11T00:50:00-05:00,1.36694,1.36697,1.36669,1.36686,0
2026-02-11T00:55:00-05:00,1.36686,1.36693,1.36677,1.36688,0
2026-02-11T01:00:00-05:00,1.36688,1.36704,1.36686,1.36698,0
2026-02-11T01:05:00-05:00,1.36698,1.36736,1.36688,1.36732,0
2026-02-11T01:10:00-05:00,1.36732,1.36779,1.36727,1.36763,0
2026-02-11T01:15:00-05:00,1.36763,1.36773,1.36712,1.36732,0
2026-02-11T01:20:00-05:00,1.36732,1.36757,1.367,1.36749,0
2026-02-11T01:25:00-05:00,1.36749,1.36756,1.36729,1.36733,0
2026-02-11T01:30:00-05:00,1.36733,1.3674,1.36715,1.36718,0
2026-02-11T01:35:00-05:00,1.36718,1.36718,1.36674,1.36675,0
2026-02-11T01:40:00-05:00,1.36675,1.36723,1.36675,1.36712,0
2026-02-11T01:45:00-05:00,1.36712,1.36712,1.36681,1.36692,0
2026-02-11T01:50:00-05:00,1.36692,1.36713,1.36671,1.3668,0
2026-02-11T01:55:00-05:00,1.3668,1.36702,1.36672,1.36701,0
2026-02-11T02:00:00-05:00,1.36701,1.36715,1.36692,1.36704,0
2026-02-11T02:05:00-05:00,1.36704,1.36704,1.36667,1.3669,0
2026-02-11T02:10:00-05:00,1.3669,1.36705,1.36652,1.36689,0
2026-02-11T02:15:00-05:00,1.36689,1.36691,1.36644,1.36654,0
2026-02-11T02:20:00-05:00,1.36654,1.36681,1.36651,1.3668,0
2026-02-11T02:25:00-05:00,1.3668,1.36721,1.36679,1.36721,0
2026-02-11T02:30:00-05:00,1.36721,1.36739,1.36701,1.36707,0
2026-02-11T02:35:00-05:00,1.36707,1.36722,1.36669,1.36684,0
2026-02-11T02:40:00-05:00,1.36684,1.36702,1.36671,1.36671,0
2026-02-11T02:45:00-05:00,1.36671,1.36722,1.36671,1.36721,0
2026-02-11T02:50:00-05:00,1.36721,1.36721,1.36666,1.36682,0
2026-02-11T02:55:00-05:00,1.36682,1.36695,1.36661,1.36681,0
2026-02-11T03:00:00-05:00,1.36681,1.36747,1.36674,1.36742,0
2026-02-11T03:05:00-05:00,1.36742,1.36794,1.36739,1.36763,0
2026-02-11T03:10:00-05:00,1.36763,1.36772,1.36716,1.36759,0
2026-02-11T03:15:00-05:00,1.36759,1.36779,1.36732,1.36746,0
2026-02-11T03:20:00-05:00,1.36746,1.36746,1.36692,1.36732,0
2026-02-11T03:25:00-05:00,1.36732,1.36801,1.36723,1.36799,0
2026-02-11T03:30:00-05:00,1.36799,1.36831,1.3678,1.36791,0
2026-02-11T03:35:00-05:00,1.36791,1.36812,1.3678,1.36806,0
2026-02-11T03:40:00-05:00,1.36806,1.36862,1.36797,1.3686,0
2026-02-11T03:45:00-05:00,1.3686,1.369,1.36857,1.36896,0
2026-02-11T03:50:00-05:00,1.36896,1.36902,1.3685,1.36868,0
2026-02-11T03:55:00-05:00,1.36868,1.36888,1.36858,1.36888,0
2026-02-11T04:00:00-05:00,1.36888,1.36935,1.36872,1.36926,0
2026-02-11T04:05:00-05:00,1.36926,1.36938,1.36908,1.36938,0
2026-02-11T04:10:00-05:00,1.36938,1.36939,1.36898,1.36909,0
2026-02-11T04:15:00-05:00,1.36909,1.36909,1.36841,1.36861,0
2026-02-11T04:20:00-05:00,1.36861,1.36889,1.36841,1.36888,0
2026-02-11T04:25:00-05:00,1.36888,1.36909,1.36886,1.36899,0
2026-02-11T04:30:00-05:00,1.36899,1.36932,1.36898,1.36931,0
2026-02-11T04:35:00-05:00,1.36931,1.36985,1.3693,1.36965,0
2026-02-11T04:40:00-05:00,1.36965,1.36991,1.36943,1.36987,0
2026-02-11T04:45:00-05:00,1.36987,1.3699,1.36952,1.3698,0
2026-02-11T04:50:00-05:00,1.3698,1.36982,1.36941,1.36946,0
2026-02-11T04:55:00-05:00,1.36946,1.36976,1.36922,1.36963,0
2026-02-11T05:00:00-05:00,1.36963,1.3697,1.36925,1.36957,0
2026-02-11T05:05:00-05:00,1.36957,1.36962,1.36925,1.3694,0
2026-02-11T05:10:00-05:00,1.3694,1.36953,1.36921,1.36932,0
2026-02-11T05:15:00-05:00,1.36932,1.36939,1.36902,1.36902,0
2026-02-11T05:20:00-05:00,1.36902,1.36903,1.36871,1.3689,0
2026-02-11T05:25:00-05:00,1.3689,1.36925,1.3688,1.36916,0
2026-02-11T05:30:00-05:00,1.36916,1.36939,1.36906,1.36912,0
2026-02-11T05:35:00-05:00,1.36912,1.36928,1.36865,1.36922,0
2026-02-11T05:40:00-05:00,1.36922,1.36938,1.36918,1.36935,0
2026-02-11T05:45:00-05:00,1.36935,1.37104,1.36933,1.37051,0
2026-02-11T05:50:00-05:00,1.37051,1.3709,1.3702,1.37081,0
2026-02-11T05:55:00-05:00,1.37081,1.37099,1.37068,1.37071,0
2026-02-11T06:00:00-05:00,1.37071,1.37125,1.37061,1.37065,0
2026-02-11T06:05:00-05:00,1.37065,1.37067,1.37005,1.3701,0
2026-02-11T06:10:00-05:00,1.3701,1.37014,1.36994,1.37008,0
2026-02-11T06:15:00-05:00,1.37008,1.37043,1.3699,1.36991,0
2026-02-11T06:20:00-05:00,1.36991,1.37031,1.3699,1.37031,0
2026-02-11T06:25:00-05:00,1.37031,1.37033,1.37009,1.37014,0
2026-02-11T06:30:00-05:00,1.37014,1.37027,1.37001,1.3702,0
2026-02-11T06:35:00-05:00,1.3702,1.37031,1.36959,1.36965,0
2026-02-11T06:40:00-05:00,1.36965,1.3698,1.36939,1.36942,0
2026-02-11T06:45:00-05:00,1.36942,1.36951,1.36915,1.3693,0
2026-02-11T06:50:00-05:00,1.3693,1.3695,1.3691,1.36943,0
2026-02-11T06:55:00-05:00,1.36943,1.36967,1.3693,1.3693,0
2026-02-11T07:00:00-05:00,1.3693,1.3693,1.36909,1.36913,0
2026-02-11T07:05:00-05:00,1.36913,1.36924,1.36886,1.36896,0
2026-02-11T07:10:00-05:00,1.36896,1.36897,1.36851,1.36861,0
2026-02-11T07:15:00-05:00,1.36861,1.36901,1.36851,1.36882,0
2026-02-11T07:20:00-05:00,1.36882,1.36886,1.36841,1.36852,0
2026-02-11T07:25:00-05:00,1.36852,1.36855,1.36793,1.36832,0
2026-02-11T07:30:00-05:00,1.36832,1.3685,1.36791,1.36791,0
2026-02-11T07:35:00-05:00,1.36791,1.36807,1.36779,1.36783,0
2026-02-11T07:40:00-05:00,1.36783,1.36843,1.36758,1.36841,0
2026-02-11T07:45:00-05:00,1.36841,1.36841,1.36809,1.3684,0
2026-02-11T07:50:00-05:00,1.3684,1.36849,1.36817,1.36833,0
2026-02-11T07:55:00-05:00,1.36833,1.36851,1.3682,1.3682,0
2026-02-11T08:00:00-05:00,1.3682,1.36821,1.36797,1.36802,0
2026-02-11T08:05:00-05:00,1.36802,1.36836,1.36789,1.36795,0
2026-02-11T08:10:00-05:00,1.36795,1.3682,1.36782,1.36794,0
2026-02-11T08:15:00-05:00,1.36794,1.36819,1.36779,1.36806,0
2026-02-11T08:20:00-05:00,1.36806,1.36821,1.36783,1.36813,0
2026-02-11T08:25:00-05:00,1.36813,1.3682,1.3677,1.36792,0
2026-02-11T08:30:00-05:00,1.36792,1.36906,1.3679,1.36859,0
2026-02-11T08:35:00-05:00,1.36859,1.36861,1.36096,1.36245,0
2026-02-11T08:40:00-05:00,1.36245,1.365,1.36193,1.36476,0
2026-02-11T08:45:00-05:00,1.36476,1.3658,1.3637,1.36465,0
2026-02-11T08:50:00-05:00,1.36465,1.36599,1.36363,1.36576,0
2026-02-11T08:55:00-05:00,1.36576,1.36583,1.36435,1.36451,0
2026-02-11T09:00:00-05:00,1.36451,1.36495,1.36408,1.36418,0
2026-02-11T09:05:00-05:00,1.36418,1.36581,1.3638,1.36566,0
2026-02-11T09:10:00-05:00,1.36566,1.36689,1.36563,1.36652,0
2026-02-11T09:15:00-05:00,1.36652,1.36702,1.3662,1.36621,0
2026-02-11T09:20:00-05:00,1.36621,1.36701,1.36619,1.36638,0
2026-02-11T09:25:00-05:00,1.36638,1.3665,1.36444,1.36462,0
2026-02-11T09:30:00-05:00,1.36462,1.36525,1.36428,1.36524,0
2026-02-11T09:35:00-05:00,1.36524,1.36536,1.36438,1.36485,0
2026-02-11T09:40:00-05:00,1.36485,1.3658,1.36474,1.36574,0
2026-02-11T09:45:00-05:00,1.36574,1.36585,1.36461,1.36542,0
2026-02-11T09:50:00-05:00,1.36542,1.36602,1.36475,1.36481,0
2026-02-11T09:55:00-05:00,1.36481,1.36573,1.36448,1.36558,0
2026-02-11T10:00:00-05:00,1.36558,1.3658,1.36512,1.36557,0
2026-02-11T10:05:00-05:00,1.36557,1.36648,1.3655,1.36617,0
2026-02-11T10:10:00-05:00,1.36617,1.36664,1.36593,1.36662,0
2026-02-11T10:15:00-05:00,1.36662,1.36671,1.36496,1.36519,0
2026-02-11T10:20:00-05:00,1.36519,1.36561,1.36472,1.36501,0
2026-02-11T10:25:00-05:00,1.36501,1.36652,1.36472,1.36571,0
2026-02-11T10:30:00-05:00,1.36571,1.36622,1.36463,1.36475,0
2026-02-11T10:35:00-05:00,1.36475,1.36475,1.36368,1.36424,0
2026-02-11T10:40:00-05:00,1.36424,1.36435,1.36359,1.36373,0
2026-02-11T10:45:00-05:00,1.36373,1.36445,1.36313,1.36339,0
2026-02-11T10:50:00-05:00,1.36339,1.36382,1.36313,1.3632,0
2026-02-11T10:55:00-05:00,1.3632,1.36484,1.36265,1.3648,0
2026-02-11T11:00:00-05:00,1.3648,1.36516,1.36312,1.36336,0
2026-02-11T11:05:00-05:00,1.36336,1.3634,1.36284,1.36312,0
2026-02-11T11:10:00-05:00,1.36312,1.3635,1.36311,1.36332,0
2026-02-11T11:15:00-05:00,1.36332,1.36416,1.3633,1.364,0
2026-02-11T11:20:00-05:00,1.364,1.36413,1.36369,1.36408,0
2026-02-11T11:25:00-05:00,1.36408,1.36453,1.3639,1.3645,0
2026-02-11T11:30:00-05:00,1.3645,1.36469,1.36406,1.36441,0
2026-02-11T11:35:00-05:00,1.36441,1.36487,1.3643,1.36477,0
2026-02-11T11:40:00-05:00,1.36477,1.36541,1.36475,1.36541,0
2026-02-11T11:45:00-05:00,1.36541,1.36569,1.36491,1.3651,0
2026-02-11T11:50:00-05:00,1.3651,1.36512,1.36466,1.36469,0
2026-02-11T11:55:00-05:00,1.36469,1.36482,1.36436,1.36469,0
2026-02-11T12:00:00-05:00,1.36469,1.36528,1.36461,1.3652,0
2026-02-11T12:05:00-05:00,1.3652,1.36553,1.36448,1.36508,0
2026-02-11T12:10:00-05:00,1.36508,1.36543,1.36491,1.36536,0
2026-02-11T12:15:00-05:00,1.36536,1.3662,1.36515,1.36595,0
2026-02-11T12:20:00-05:00,1.36595,1.36677,1.36564,1.36596,0
2026-02-11T12:25:00-05:00,1.36596,1.36616,1.36556,1.3661,0
2026-02-11T12:30:00-05:00,1.3661,1.36644,1.36587,1.36643,0
2026-02-11T12:35:00-05:00,1.36643,1.36652,1.36594,1.366,0
2026-02-11T12:40:00-05:00,1.366,1.3661,1.36577,1.3659,0
2026-02-11T12:45:00-05:00,1.3659,1.36645,1.36587,1.36617,0
2026-02-11T12:50:00-05:00,1.36617,1.36647,1.36596,1.36599,0
2026-02-11T12:55:00-05:00,1.36599,1.36621,1.3659,1.36608,0
2026-02-11T13:00:00-05:00,1.36608,1.3661,1.36578,1.3658,0
2026-02-11T13:05:00-05:00,1.3658,1.3659,1.36518,1.36579,0
2026-02-11T13:10:00-05:00,1.36579,1.36579,1.36491,1.36498,0
2026-02-11T13:15:00-05:00,1.36498,1.36502,1.36448,1.3646,0
2026-02-11T13:20:00-05:00,1.3646,1.36522,1.36458,1.36497,0
2026-02-11T13:25:00-05:00,1.36497,1.36505,1.36469,1.36479,0
2026-02-11T13:30:00-05:00,1.36479,1.36528,1.36474,1.36498,0
2026-02-11T13:35:00-05:00,1.36498,1.36544,1.36497,1.36515,0
2026-02-11T13:40:00-05:00,1.36515,1.36521,1.3648,1.36489,0
2026-02-11T13:45:00-05:00,1.36489,1.36491,1.36434,1.36469,0
2026-02-11T13:50:00-05:00,1.36469,1.36505,1.36453,1.36501,0
2026-02-11T13:55:00-05:00,1.36501,1.36505,1.36441,1.36447,0
2026-02-11T14:00:00-05:00,1.36447,1.36469,1.36392,1.36392,0
2026-02-11T14:05:00-05:00,1.36392,1.36414,1.36357,1.3639,0
2026-02-11T14:10:00-05:00,1.3639,1.3639,1.36363,1.3638,0
2026-02-11T14:15:00-05:00,1.3638,1.36386,1.36363,1.36367,0
2026-02-11T14:20:00-05:00,1.36367,1.36385,1.3635,1.36359,0
2026-02-11T14:25:00-05:00,1.36359,1.36376,1.36353,1.36373,0
2026-02-11T14:30:00-05:00,1.36373,1.36383,1.36345,1.36353,0
2026-02-11T14:35:00-05:00,1.36353,1.3639,1.36343,1.36389,0
2026-02-11T14:40:00-05:00,1.36389,1.3639,1.36353,1.3636,0
2026-02-11T14:45:00-05:00,1.3636,1.36372,1.36347,1.36372,0
2026-02-11T14:50:00-05:00,1.36372,1.36374,1.36335,1.3636,0
2026-02-11T14:55:00-05:00,1.3636,1.36362,1.36339,1.3634,0
2026-02-11T15:00:00-05:00,1.3634,1.3635,1.36328,1.36329,0
2026-02-11T15:05:00-05:00,1.36329,1.36348,1.36322,1.36322,0
2026-02-11T15:10:00-05:00,1.36322,1.36323,1.36288,1.36309,0
2026-02-11T15:15:00-05:00,1.36309,1.36327,1.36302,1.36326,0
2026-02-11T15:20:00-05:00,1.36326,1.36333,1.36318,1.36319,0
2026-02-11T15:25:00-05:00,1.36319,1.36321,1.36302,1.36312,0
2026-02-11T15:30:00-05:00,1.36312,1.36315,1.36294,1.36309,0
2026-02-11T15:35:00-05:00,1.36309,1.3632,1.36274,1.36277,0
2026-02-11T15:40:00-05:00,1.36277,1.36299,1.36274,1.3628,0
2026-02-11T15:45:00-05:00,1.3628,1.36284,1.36258,1.3626,0
2026-02-11T15:50:00-05:00,1.3626,1.36282,1.36258,1.36278,0
2026-02-11T15:55:00-05:00,1.36278,1.36288,1.36266,1.36271,0
2026-02-11T16:00:00-05:00,1.36271,1.36278,1.3621,1.36216,0
2026-02-11T16:05:00-05:00,1.36216,1.36235,1.36204,1.36224,0
2026-02-11T16:10:00-05:00,1.36224,1.36249,1.36197,1.36201,0
2026-02-11T16:15:00-05:00,1.36201,1.36208,1.36191,1.36199,0
2026-02-11T16:20:00-05:00,1.36199,1.36241,1.36192,1.3624,0
2026-02-11T16:25:00-05:00,1.3624,1.36263,1.36239,1.3625,0
2026-02-11T16:30:00-05:00,1.3625,1.36255,1.36237,1.36248,0
2026-02-11T16:35:00-05:00,1.36248,1.36278,1.36239,1.36268,0
2026-02-11T16:40:00-05:00,1.36268,1.36271,1.36241,1.36241,0
2026-02-11T16:45:00-05:00,1.36241,1.36243,1.36218,1.36228,0
2026-02-11T16:50:00-05:00,1.36228,1.36281,1.36228,1.36269,0
2026-02-11T16:55:00-05:00,1.36269,1.36281,1.36268,1.36278,0
2026-02-11T17:00:00-05:00,1.36278,1.36291,1.36268,1.36275,0
2026-02-11T17:20:00-05:00,1.36299,1.36299,1.36265,1.36265,0
2026-02-11T17:25:00-05:00,1.36265,1.36289,1.36264,1.36289,0
2026-02-11T17:30:00-05:00,1.36289,1.36292,1.36241,1.36254,0
2026-02-11T17:35:00-05:00,1.36254,1.36298,1.3625,1.36298,0
2026-02-11T17:40:00-05:00,1.36298,1.36299,1.36277,1.36278,0
2026-02-11T17:45:00-05:00,1.36278,1.36278,1.36272,1.36275,0
2026-02-11T17:50:00-05:00,1.36275,1.36279,1.36274,1.36278,0
2026-02-11T17:55:00-05:00,1.36278,1.36278,1.36278,1.36278,0
2026-02-11T18:00:00-05:00,1.36278,1.36284,1.36271,1.36277,0
2026-02-11T18:05:00-05:00,1.36277,1.36289,1.36247,1.36248,0
2026-02-11T18:10:00-05:00,1.36248,1.36248,1.36214,1.36214,0
2026-02-11T18:15:00-05:00,1.36214,1.36228,1.36212,1.36227,0
2026-02-11T18:20:00-05:00,1.36227,1.36247,1.36223,1.36233,0
2026-02-11T18:25:00-05:00,1.36233,1.36259,1.36232,1.36258,0
2026-02-11T18:30:00-05:00,1.36258,1.36275,1.36251,1.36266,0
2026-02-11T18:35:00-05:00,1.36266,1.36267,1.36246,1.3626,0
2026-02-11T18:40:00-05:00,1.3626,1.36272,1.36252,1.36268,0
2026-02-11T18:45:00-05:00,1.36268,1.36271,1.36218,1.3622,0
2026-02-11T18:50:00-05:00,1.3622,1.36228,1.362,1.36226,0
2026-02-11T18:55:00-05:00,1.36226,1.36236,1.3622,1.36231,0
2026-02-11T19:00:00-05:00,1.36231,1.36237,1.36225,1.3623,0
2026-02-11T19:05:00-05:00,1.3623,1.36258,1.36194,1.36198,0
2026-02-11T19:10:00-05:00,1.36198,1.362,1.36174,1.36175,0
2026-02-11T19:15:00-05:00,1.36175,1.36191,1.36156,1.36187,0
2026-02-11T19:20:00-05:00,1.36187,1.36225,1.36183,1.36206,0
2026-02-11T19:25:00-05:00,1.36206,1.36248,1.36194,1.36245,0
2026-02-11T19:30:00-05:00,1.36245,1.36265,1.36243,1.3626,0
2026-02-11T19:35:00-05:00,1.3626,1.36286,1.3626,1.36271,0
2026-02-11T19:40:00-05:00,1.36271,1.36271,1.3625,1.36257,0
2026-02-11T19:45:00-05:00,1.36257,1.36277,1.36244,1.36277,0
2026-02-11T19:50:00-05:00,1.36277,1.36286,1.36268,1.36285,0
2026-02-11T19:55:00-05:00,1.36285,1.36312,1.36277,1.36286,0
2026-02-11T20:00:00-05:00,1.36286,1.36316,1.36264,1.36315,0
2026-02-11T20:05:00-05:00,1.36315,1.36322,1.36268,1.3628,0
2026-02-11T20:10:00-05:00,1.3628,1.36317,1.36268,1.36317,0
2026-02-11T20:15:00-05:00,1.36317,1.36343,1.36315,1.36341,0
2026-02-11T20:20:00-05:00,1.36341,1.36356,1.36313,1.36344,0
2026-02-11T20:25:00-05:00,1.36344,1.36347,1.36292,1.36311,0
2026-02-11T20:30:00-05:00,1.36311,1.3633,1.36298,1.36315,0
2026-02-11T20:35:00-05:00,1.36315,1.36326,1.36303,1.36324,0
2026-02-11T20:40:00-05:00,1.36324,1.36359,1.36312,1.36353,0
2026-02-11T20:45:00-05:00,1.36353,1.3638,1.3635,1.36356,0
2026-02-11T20:50:00-05:00,1.36356,1.3636,1.36315,1.36323,0
2026-02-11T20:55:00-05:00,1.36323,1.36347,1.36315,1.36345,0
2026-02-11T21:00:00-05:00,1.36345,1.36402,1.36335,1.36401,0
2026-02-11T21:05:00-05:00,1.36401,1.36421,1.3639,1.3641,0
2026-02-11T21:10:00-05:00,1.3641,1.36423,1.36391,1.36401,0
2026-02-11T21:15:00-05:00,1.36401,1.36411,1.36391,1.36397,0
2026-02-11T21:20:00-05:00,1.36397,1.3641,1.36372,1.36372,0
2026-02-11T21:25:00-05:00,1.36372,1.36391,1.36353,1.36359,0
2026-02-11T21:30:00-05:00,1.36359,1.36364,1.36336,1.36339,0
2026-02-11T21:35:00-05:00,1.36339,1.36373,1.36333,1.36353,0
2026-02-11T21:40:00-05:00,1.36353,1.36375,1.36339,1.36364,0
2026-02-11T21:45:00-05:00,1.36364,1.36371,1.36339,1.36349,0
2026-02-11T21:50:00-05:00,1.36349,1.36356,1.36338,1.36349,0
2026-02-11T21:55:00-05:00,1.36349,1.36349,1.36319,1.36335,0
2026-02-11T22:00:00-05:00,1.36335,1.36357,1.36307,1.36349,0
2026-02-11T22:05:00-05:00,1.36349,1.36356,1.36329,1.36346,0
2026-02-11T22:10:00-05:00,1.36346,1.36361,1.36321,1.36339,0
2026-02-11T22:15:00-05:00,1.36339,1.36349,1.36316,1.36322,0
2026-02-11T22:20:00-05:00,1.36322,1.36343,1.36322,1.3634,0
2026-02-11T22:25:00-05:00,1.3634,1.36348,1.36329,1.3634,0
2026-02-11T22:30:00-05:00,1.3634,1.36349,1.36329,1.36347,0
2026-02-11T22:35:00-05:00,1.36347,1.36367,1.36343,1.36366,0
2026-02-11T22:40:00-05:00,1.36366,1.36372,1.36347,1.36348,0
2026-02-11T22:45:00-05:00,1.36348,1.3635,1.36334,1.36348,0
2026-02-11T22:50:00-05:00,1.36348,1.36352,1.36321,1.36326,0
2026-02-11T22:55:00-05:00,1.36326,1.3633,1.36267,1.36271,0
2026-02-11T23:00:00-05:00,1.36271,1.3632,1.36271,1.36318,0
2026-02-11T23:05:00-05:00,1.36318,1.36359,1.36316,1.36342,0
2026-02-11T23:10:00-05:00,1.36342,1.36345,1.36315,1.36322,0
2026-02-11T23:15:00-05:00,1.36322,1.36322,1.3629,1.3629,0
2026-02-11T23:20:00-05:00,1.3629,1.3629,1.36269,1.36284,0
2026-02-11T23:25:00-05:00,1.36284,1.36286,1.36258,1.36258,0
2026-02-11T23:30:00-05:00,1.36258,1.36265,1.36229,1.36258,0
2026-02-11T23:35:00-05:00,1.36258,1.36282,1.36254,1.36268,0
2026-02-11T23:40:00-05:00,1.36268,1.36276,1.3626,1.36264,0
2026-02-11T23:45:00-05:00,1.36264,1.36268,1.36225,1.36241,0
2026-02-11T23:50:00-05:00,1.36241,1.36248,1.36201,1.36207,0
2026-02-11T23:55:00-05:00,1.36207,1.36239,1.36207,1.3623,0
2026-02-12T00:00:00-05:00,1.3623,1.36249,1.36224,1.36249,0
2026-02-12T00:05:00-05:00,1.36249,1.36261,1.36224,1.36239,0
2026-02-12T00:10:00-05:00,1.36239,1.36239,1.36208,1.36236,0
2026-02-12T00:15:00-05:00,1.36236,1.36248,1.36214,1.36242,0
2026-02-12T00:20:00-05:00,1.36242,1.36243,1.36227,1.36241,0
2026-02-12T00:25:00-05:00,1.36241,1.36241,1.36181,1.36184,0
2026-02-12T00:30:00-05:00,1.36184,1.362,1.36179,1.36183,0
2026-02-12T00:35:00-05:00,1.36183,1.36204,1.36177,1.36202,0
2026-02-12T00:40:00-05:00,1.36202,1.36202,1.36177,1.36179,0
2026-02-12T00:45:00-05:00,1.36179,1.36211,1.36179,1.362,0
2026-02-12T00:50:00-05:00,1.362,1.36204,1.3618,1.36188,0
2026-02-12T00:55:00-05:00,1.36188,1.36223,1.36178,1.36221,0
2026-02-12T01:00:00-05:00,1.36221,1.36231,1.36208,1.36221,0
2026-02-12T01:05:00-05:00,1.36221,1.36221,1.36183,1.36187,0
2026-02-12T01:10:00-05:00,1.36187,1.36203,1.36169,1.362,0
2026-02-12T01:15:00-05:00,1.362,1.36257,1.36199,1.3624,0
2026-02-12T01:20:00-05:00,1.3624,1.36247,1.36143,1.3615,0
2026-02-12T01:25:00-05:00,1.3615,1.36172,1.36129,1.36167,0
2026-02-12T01:30:00-05:00,1.36167,1.36187,1.36143,1.36145,0
2026-02-12T01:35:00-05:00,1.36145,1.36148,1.3605,1.36051,0
2026-02-12T01:40:00-05:00,1.36051,1.36156,1.36047,1.36138,0
2026-02-12T01:45:00-05:00,1.36138,1.36201,1.36138,1.36188,0
2026-02-12T01:50:00-05:00,1.36188,1.3619,1.36136,1.36149,0
2026-02-12T01:55:00-05:00,1.36149,1.36191,1.36147,1.36165,0
2026-02-12T02:00:00-05:00,1.36165,1.36182,1.36142,1.36168,0
2026-02-12T02:05:00-05:00,1.36168,1.3619,1.36119,1.36166,0
2026-02-12T02:10:00-05:00,1.36166,1.36193,1.36153,1.36179,0
2026-02-12T02:15:00-05:00,1.36179,1.3621,1.36172,1.36172,0
2026-02-12T02:20:00-05:00,1.36172,1.36254,1.36163,1.36252,0
2026-02-12T02:25:00-05:00,1.36252,1.36301,1.36242,1.36301,0
2026-02-12T02:30:00-05:00,1.36301,1.36347,1.36297,1.36339,0
2026-02-12T02:35:00-05:00,1.36339,1.36347,1.36305,1.36311,0
2026-02-12T02:40:00-05:00,1.36311,1.36336,1.36292,1.36309,0
2026-02-12T02:45:00-05:00,1.36309,1.36309,1.36277,1.36301,0
2026-02-12T02:50:00-05:00,1.36301,1.36347,1.36292,1.3634,0
2026-02-12T02:55:00-05:00,1.3634,1.36341,1.36284,1.36285,0
2026-02-12T03:00:00-05:00,1.36285,1.36339,1.36252,1.36326,0
2026-02-12T03:05:00-05:00,1.36326,1.36373,1.36326,1.36352,0
2026-02-12T03:10:00-05:00,1.36352,1.36388,1.36333,1.3637,0
2026-02-12T03:15:00-05:00,1.3637,1.36397,1.36351,1.3639,0
2026-02-12T03:20:00-05:00,1.3639,1.36469,1.3637,1.36372,0
2026-02-12T03:25:00-05:00,1.36372,1.36383,1.36359,1.3637,0
2026-02-12T03:30:00-05:00,1.3637,1.36379,1.3634,1.36371,0
2026-02-12T03:35:00-05:00,1.36371,1.36392,1.36344,1.36353,0
2026-02-12T03:40:00-05:00,1.36353,1.36359,1.36293,1.36293,0
2026-02-12T03:45:00-05:00,1.36293,1.36332,1.36276,1.36278,0
2026-02-12T03:50:00-05:00,1.36278,1.36353,1.3627,1.36333,0
2026-02-12T03:55:00-05:00,1.36333,1.36384,1.3633,1.36349,0
2026-02-12T04:00:00-05:00,1.36349,1.36392,1.36328,1.36372,0
2026-02-12T04:05:00-05:00,1.36372,1.36431,1.3637,1.36423,0
2026-02-12T04:10:00-05:00,1.36423,1.36427,1.36403,1.36414,0
2026-02-12T04:15:00-05:00,1.36414,1.36491,1.36413,1.36485,0
2026-02-12T04:20:00-05:00,1.36485,1.36493,1.36458,1.36468,0
2026-02-12T04:25:00-05:00,1.36468,1.3653,1.36452,1.3653,0
2026-02-12T04:30:00-05:00,1.3653,1.3654,1.36491,1.36494,0
2026-02-12T04:35:00-05:00,1.36494,1.36516,1.36474,1.36501,0
2026-02-12T04:40:00-05:00,1.36501,1.36515,1.36481,1.36502,0
2026-02-12T04:45:00-05:00,1.36502,1.36506,1.36478,1.36486,0
2026-02-12T04:50:00-05:00,1.36486,1.36505,1.36472,1.36493,0
2026-02-12T04:55:00-05:00,1.36493,1.36503,1.36481,1.36496,0
2026-02-12T05:00:00-05:00,1.36496,1.36502,1.36449,1.36492,0
2026-02-12T05:05:00-05:00,1.36492,1.36502,1.36413,1.36422,0
2026-02-12T05:10:00-05:00,1.36422,1.36466,1.36417,1.36444,0
2026-02-12T05:15:00-05:00,1.36444,1.36445,1.3639,1.36413,0
2026-02-12T05:20:00-05:00,1.36413,1.36432,1.36382,1.36432,0
2026-02-12T05:25:00-05:00,1.36432,1.36443,1.3641,1.36427,0
2026-02-12T05:30:00-05:00,1.36427,1.36428,1.36391,1.36417,0
2026-02-12T05:35:00-05:00,1.36417,1.36432,1.36406,1.36432,0
2026-02-12T05:40:00-05:00,1.36432,1.36441,1.36409,1.36419,0
2026-02-12T05:45:00-05:00,1.36419,1.36431,1.36406,1.36413,0
2026-02-12T05:50:00-05:00,1.36413,1.36416,1.3639,1.36391,0
2026-02-12T05:55:00-05:00,1.36391,1.36414,1.36369,1.3638,0
2026-02-12T06:00:00-05:00,1.3638,1.36393,1.36369,1.36387,0
2026-02-12T06:05:00-05:00,1.36387,1.36394,1.36363,1.36372,0
2026-02-12T06:10:00-05:00,1.36372,1.36392,1.36353,1.3639,0
2026-02-12T06:15:00-05:00,1.3639,1.36422,1.36387,1.3641,0
2026-02-12T06:20:00-05:00,1.3641,1.36461,1.36406,1.3646,0
2026-02-12T06:25:00-05:00,1.3646,1.36485,1.36452,1.36462,0
2026-02-12T06:30:00-05:00,1.36462,1.36472,1.36421,1.36421,0
2026-02-12T06:35:00-05:00,1.36421,1.36451,1.36413,1.3643,0
2026-02-12T06:40:00-05:00,1.3643,1.36434,1.36415,1.3642,0
2026-02-12T06:45:00-05:00,1.3642,1.36422,1.36356,1.3637,0
2026-02-12T06:50:00-05:00,1.3637,1.36417,1.3637,1.36403,0
2026-02-12T06:55:00-05:00,1.36403,1.36461,1.36403,1.36456,0
2026-02-12T07:00:00-05:00,1.36456,1.36512,1.36446,1.36495,0
2026-02-12T07:05:00-05:00,1.36495,1.36498,1.36479,1.36491,0
2026-02-12T07:10:00-05:00,1.36491,1.36499,1.36479,1.36493,0
2026-02-12T07:15:00-05:00,1.36493,1.36494,1.3646,1.36472,0
2026-02-12T07:20:00-05:00,1.36472,1.3648,1.36438,1.36442,0
2026-02-12T07:25:00-05:00,1.36442,1.36475,1.36417,1.36452,0
2026-02-12T07:30:00-05:00,1.36452,1.36469,1.36431,1.36448,0
2026-02-12T07:35:00-05:00,1.36448,1.36468,1.36435,1.36454,0
2026-02-12T07:40:00-05:00,1.36454,1.36471,1.3642,1.36431,0
2026-02-12T07:45:00-05:00,1.36431,1.36431,1.36321,1.36322,0
2026-02-12T07:50:00-05:00,1.36322,1.36347,1.36289,1.36305,0
2026-02-12T07:55:00-05:00,1.36305,1.36307,1.36229,1.36231,0
2026-02-12T08:00:00-05:00,1.36231,1.36302,1.3622,1.36292,0
2026-02-12T08:05:00-05:00,1.36292,1.36332,1.36285,1.36312,0
2026-02-12T08:10:00-05:00,1.36312,1.36335,1.36309,1.36313,0
2026-02-12T08:15:00-05:00,1.36313,1.36366,1.3631,1.36332,0
2026-02-12T08:20:00-05:00,1.36332,1.36353,1.36291,1.36347,0
2026-02-12T08:25:00-05:00,1.36347,1.36397,1.36343,1.36383,0
2026-02-12T08:30:00-05:00,1.36383,1.36397,1.36367,1.36393,0
2026-02-12T08:35:00-05:00,1.36393,1.36454,1.36337,1.36451,0
2026-02-12T08:40:00-05:00,1.36451,1.36504,1.36429,1.36464,0
2026-02-12T08:45:00-05:00,1.36464,1.36519,1.36457,1.36462,0
2026-02-12T08:50:00-05:00,1.36462,1.36506,1.36458,1.36502,0
2026-02-12T08:55:00-05:00,1.36502,1.36512,1.36469,1.36494,0
2026-02-12T09:00:00-05:00,1.36494,1.36502,1.36475,1.36502,0
2026-02-12T09:05:00-05:00,1.36502,1.36515,1.36471,1.36481,0
2026-02-12T09:10:00-05:00,1.36481,1.36547,1.36419,1.36542,0
2026-02-12T09:15:00-05:00,1.36542,1.36572,1.36434,1.36471,0
2026-02-12T09:20:00-05:00,1.36471,1.36529,1.36468,1.36512,0
2026-02-12T09:25:00-05:00,1.36512,1.36563,1.36499,1.36556,0
2026-02-12T09:30:00-05:00,1.36556,1.36594,1.36549,1.3657,0
2026-02-12T09:35:00-05:00,1.3657,1.36662,1.3657,1.36656,0
2026-02-12T09:40:00-05:00,1.36656,1.36668,1.36594,1.36652,0
2026-02-12T09:45:00-05:00,1.36652,1.36692,1.36594,1.3662,0
2026-02-12T09:50:00-05:00,1.3662,1.36681,1.36617,1.36628,0
2026-02-12T09:55:00-05:00,1.36628,1.36654,1.366,1.36631,0
2026-02-12T10:00:00-05:00,1.36631,1.36651,1.36606,1.36645,0
2026-02-12T10:05:00-05:00,1.36645,1.36699,1.3662,1.36648,0
2026-02-12T10:10:00-05:00,1.36648,1.3667,1.36621,1.36649,0
2026-02-12T10:15:00-05:00,1.36649,1.36713,1.36643,1.3668,0
2026-02-12T10:20:00-05:00,1.3668,1.36715,1.36661,1.36661,0
2026-02-12T10:25:00-05:00,1.36661,1.36666,1.36633,1.36661,0
2026-02-12T10:30:00-05:00,1.36661,1.36667,1.36645,1.3666,0
2026-02-12T10:35:00-05:00,1.3666,1.36698,1.36553,1.36557,0
2026-02-12T10:40:00-05:00,1.36557,1.36594,1.36523,1.36543,0
2026-02-12T10:45:00-05:00,1.36543,1.36569,1.36522,1.36522,0
2026-02-12T10:50:00-05:00,1.36522,1.36593,1.36509,1.36582,0
2026-02-12T10:55:00-05:00,1.36582,1.36582,1.36498,1.3654,0
2026-02-12T11:00:00-05:00,1.3654,1.36559,1.36498,1.36539,0
2026-02-12T11:05:00-05:00,1.36539,1.36581,1.36503,1.36536,0
2026-02-12T11:10:00-05:00,1.36536,1.3656,1.36488,1.36496,0
2026-02-12T11:15:00-05:00,1.36496,1.36501,1.36289,1.36312,0
2026-02-12T11:20:00-05:00,1.36312,1.36342,1.36251,1.36294,0
2026-02-12T11:25:00-05:00,1.36294,1.36294,1.36234,1.36242,0
2026-02-12T11:30:00-05:00,1.36242,1.36252,1.36184,1.36228,0
2026-02-12T11:35:00-05:00,1.36228,1.36268,1.36211,1.36261,0
2026-02-12T11:40:00-05:00,1.36261,1.36298,1.3623,1.36293,0
2026-02-12T11:45:00-05:00,1.36293,1.36357,1.36208,1.36306,0
2026-02-12T11:50:00-05:00,1.36306,1.36313,1.36162,1.3617,0
2026-02-12T11:55:00-05:00,1.3617,1.36228,1.3617,1.36199,0
2026-02-12T12:00:00-05:00,1.36199,1.36327,1.36195,1.36321,0
2026-02-12T12:05:00-05:00,1.36321,1.36321,1.36245,1.36274,0
2026-02-12T12:10:00-05:00,1.36274,1.3633,1.36203,1.36282,0
2026-02-12T12:15:00-05:00,1.36282,1.36282,1.36217,1.36232,0
2026-02-12T12:20:00-05:00,1.36232,1.36282,1.36197,1.36227,0
2026-02-12T12:25:00-05:00,1.36227,1.36326,1.36222,1.3627,0
2026-02-12T12:30:00-05:00,1.3627,1.36313,1.36224,1.36231,0
2026-02-12T12:35:00-05:00,1.36231,1.36263,1.36179,1.3626,0
2026-02-12T12:40:00-05:00,1.3626,1.36294,1.3622,1.36243,0
2026-02-12T12:45:00-05:00,1.36243,1.36264,1.36228,1.36242,0
2026-02-12T12:50:00-05:00,1.36242,1.36256,1.36197,1.36226,0
2026-02-12T12:55:00-05:00,1.36226,1.36253,1.36205,1.36217,0
2026-02-12T13:00:00-05:00,1.36217,1.36219,1.36187,1.36193,0
2026-02-12T13:05:00-05:00,1.36193,1.36243,1.36187,1.362,0
2026-02-12T13:10:00-05:00,1.362,1.36216,1.36138,1.3614,0
2026-02-12T13:15:00-05:00,1.3614,1.36147,1.36088,1.36095,0
2026-02-12T13:20:00-05:00,1.36095,1.36107,1.36064,1.36069,0
2026-02-12T13:25:00-05:00,1.36069,1.36103,1.36048,1.36082,0
2026-02-12T13:30:00-05:00,1.36082,1.36118,1.36066,1.36089,0
2026-02-12T13:35:00-05:00,1.36089,1.36123,1.36075,1.36111,0
2026-02-12T13:40:00-05:00,1.36111,1.36148,1.36105,1.36139,0
2026-02-12T13:45:00-05:00,1.36139,1.3616,1.36129,1.36143,0
2026-02-12T13:50:00-05:00,1.36143,1.3618,1.36129,1.36166,0
2026-02-12T13:55:00-05:00,1.36166,1.3618,1.36148,1.36159,0
2026-02-12T14:00:00-05:00,1.36159,1.3619,1.36155,1.36165,0
2026-02-12T14:05:00-05:00,1.36165,1.36198,1.3615,1.3616,0
2026-02-12T14:10:00-05:00,1.3616,1.36199,1.36158,1.36197,0
2026-02-12T14:15:00-05:00,1.36197,1.3621,1.3618,1.36191,0
2026-02-12T14:20:00-05:00,1.36191,1.36246,1.36191,1.3624,0
2026-02-12T14:25:00-05:00,1.3624,1.36242,1.36208,1.36221,0
2026-02-12T14:30:00-05:00,1.36221,1.36231,1.36197,1.36209,0
2026-02-12T14:35:00-05:00,1.36209,1.3625,1.36205,1.36239,0
2026-02-12T14:40:00-05:00,1.36239,1.36248,1.36218,1.3623,0
2026-02-12T14:45:00-05:00,1.3623,1.36235,1.36214,1.36221,0
2026-02-12T14:50:00-05:00,1.36221,1.36223,1.36203,1.36211,0
2026-02-12T14:55:00-05:00,1.36211,1.36259,1.3621,1.36251,0
2026-02-12T15:00:00-05:00,1.36251,1.36266,1.36231,1.36241,0
2026-02-12T15:05:00-05:00,1.36241,1.36248,1.36227,1.36234,0
2026-02-12T15:10:00-05:00,1.36234,1.36246,1.36232,1.36241,0
2026-02-12T15:15:00-05:00,1.36241,1.36241,1.36216,1.3624,0
2026-02-12T15:20:00-05:00,1.3624,1.3624,1.36208,1.36211,0
2026-02-12T15:25:00-05:00,1.36211,1.36221,1.36197,1.36209,0
2026-02-12T15:30:00-05:00,1.36209,1.36218,1.36187,1.36187,0
2026-02-12T15:35:00-05:00,1.36187,1.36187,1.36149,1.36169,0
2026-02-12T15:40:00-05:00,1.36169,1.36197,1.36169,1.36197,0
2026-02-12T15:45:00-05:00,1.36197,1.36221,1.36193,1.36211,0
2026-02-12T15:50:00-05:00,1.36211,1.36221,1.36193,1.3622,0
2026-02-12T15:55:00-05:00,1.3622,1.3622,1.36179,1.36216,0
2026-02-12T16:00:00-05:00,1.36216,1.36226,1.36192,1.36213,0
2026-02-12T16:05:00-05:00,1.36213,1.36241,1.36206,1.36227,0
2026-02-12T16:10:00-05:00,1.36227,1.36227,1.36208,1.36208,0
2026-02-12T16:15:00-05:00,1.36208,1.3622,1.36204,1.36211,0
2026-02-12T16:20:00-05:00,1.36211,1.36212,1.36176,1.36197,0
2026-02-12T16:25:00-05:00,1.36197,1.36207,1.36197,1.36201,0
2026-02-12T16:30:00-05:00,1.36201,1.36202,1.36187,1.3619,0
2026-02-12T16:35:00-05:00,1.3619,1.36208,1.36189,1.36192,0
2026-02-12T16:40:00-05:00,1.36192,1.36203,1.36173,1.3618,0
2026-02-12T16:45:00-05:00,1.3618,1.36192,1.36173,1.3619,0
2026-02-12T16:50:00-05:00,1.3619,1.36242,1.3619,1.36231,0
2026-02-12T16:55:00-05:00,1.36231,1.36241,1.36224,1.36228,0
2026-02-12T17:00:00-05:00,1.36228,1.36232,1.36213,1.36225,0
2026-02-12T17:20:00-05:00,1.36203,1.36272,1.36192,1.36244,0
2026-02-12T17:25:00-05:00,1.36244,1.36283,1.36203,1.36232,0
2026-02-12T17:30:00-05:00,1.36232,1.36238,1.362,1.36231,0
2026-02-12T17:35:00-05:00,1.36231,1.36231,1.3621,1.36224,0
2026-02-12T17:40:00-05:00,1.36224,1.36232,1.36224,1.36232,0
2026-02-12T17:45:00-05:00,1.36232,1.36246,1.36213,1.36214,0
2026-02-12T17:50:00-05:00,1.36214,1.3624,1.36212,1.36237,0
2026-02-12T17:55:00-05:00,1.36237,1.36242,1.36234,1.36236,0
2026-02-12T18:00:00-05:00,1.36236,1.36242,1.362,1.36204,0
2026-02-12T18:05:00-05:00,1.36204,1.36234,1.36185,1.362,0
2026-02-12T18:10:00-05:00,1.362,1.36217,1.362,1.36216,0
2026-02-12T18:15:00-05:00,1.36216,1.3622,1.36203,1.36214,0
2026-02-12T18:20:00-05:00,1.36214,1.36226,1.3621,1.36211,0
2026-02-12T18:25:00-05:00,1.36211,1.36212,1.362,1.362,0
2026-02-12T18:30:00-05:00,1.362,1.36211,1.36181,1.36182,0
2026-02-12T18:35:00-05:00,1.36182,1.36214,1.36176,1.36213,0
2026-02-12T18:40:00-05:00,1.36213,1.36213,1.3619,1.36199,0
2026-02-12T18:45:00-05:00,1.36199,1.3621,1.36191,1.36193,0
2026-02-12T18:50:00-05:00,1.36193,1.36193,1.36166,1.36173,0
2026-02-12T18:55:00-05:00,1.36173,1.3618,1.3617,1.36176,0
2026-02-12T19:00:00-05:00,1.36176,1.36194,1.3617,1.36183,0
2026-02-12T19:05:00-05:00,1.36183,1.36216,1.36173,1.362,0
2026-02-12T19:10:00-05:00,1.362,1.36203,1.36177,1.36199,0
2026-02-12T19:15:00-05:00,1.36199,1.36211,1.36197,1.36205,0
2026-02-12T19:20:00-05:00,1.36205,1.3621,1.36187,1.36196,0
2026-02-12T19:25:00-05:00,1.36196,1.362,1.36182,1.36193,0
2026-02-12T19:30:00-05:00,1.36193,1.362,1.36173,1.36173,0
2026-02-12T19:35:00-05:00,1.36173,1.36191,1.36172,1.3619,0
2026-02-12T19:40:00-05:00,1.3619,1.36212,1.36176,1.3618,0
2026-02-12T19:45:00-05:00,1.3618,1.36189,1.3616,1.36181,0
2026-02-12T19:50:00-05:00,1.36181,1.36181,1.36157,1.36157,0
2026-02-12T19:55:00-05:00,1.36157,1.36189,1.3615,1.3618,0
2026-02-12T20:00:00-05:00,1.3618,1.3622,1.36165,1.36217,0
2026-02-12T20:05:00-05:00,1.36217,1.36225,1.36171,1.36177,0
2026-02-12T20:10:00-05:00,1.36177,1.36216,1.3616,1.36197,0
2026-02-12T20:15:00-05:00,1.36197,1.36201,1.36164,1.36191,0
2026-02-12T20:20:00-05:00,1.36191,1.36211,1.36187,1.36189,0
2026-02-12T20:25:00-05:00,1.36189,1.3619,1.3617,1.36173,0
2026-02-12T20:30:00-05:00,1.36173,1.36173,1.36122,1.36149,0
2026-02-12T20:35:00-05:00,1.36149,1.36199,1.36136,1.36192,0
2026-02-12T20:40:00-05:00,1.36192,1.36196,1.3617,1.36186,0
2026-02-12T20:45:00-05:00,1.36186,1.36187,1.36166,1.36169,0
2026-02-12T20:50:00-05:00,1.36169,1.3618,1.36163,1.36176,0
2026-02-12T20:55:00-05:00,1.36176,1.362,1.36172,1.36172,0
2026-02-12T21:00:00-05:00,1.36172,1.36179,1.36136,1.36169,0
2026-02-12T21:05:00-05:00,1.36169,1.36186,1.36146,1.36153,0
2026-02-12T21:10:00-05:00,1.36153,1.36153,1.36128,1.36137,0
2026-02-12T21:15:00-05:00,1.36137,1.3616,1.36133,1.36144,0
2026-02-12T21:20:00-05:00,1.36144,1.36173,1.36142,1.36162,0
2026-02-12T21:25:00-05:00,1.36162,1.3621,1.36162,1.36209,0
2026-02-12T21:30:00-05:00,1.36209,1.36212,1.3618,1.36197,0
2026-02-12T21:35:00-05:00,1.36197,1.3622,1.3619,1.3619,0
2026-02-12T21:40:00-05:00,1.3619,1.36199,1.36187,1.36189,0
2026-02-12T21:45:00-05:00,1.36189,1.36211,1.36177,1.36209,0
2026-02-12T21:50:00-05:00,1.36209,1.36241,1.36205,1.36214,0
2026-02-12T21:55:00-05:00,1.36214,1.36241,1.36213,1.3623,0
2026-02-12T22:00:00-05:00,1.3623,1.3623,1.36199,1.36203,0
2026-02-12T22:05:00-05:00,1.36203,1.36227,1.36191,1.362,0
2026-02-12T22:10:00-05:00,1.362,1.36208,1.36183,1.36186,0
2026-02-12T22:15:00-05:00,1.36186,1.3619,1.36163,1.36172,0
2026-02-12T22:20:00-05:00,1.36172,1.36183,1.36171,1.36179,0
2026-02-12T22:25:00-05:00,1.36179,1.36192,1.36164,1.36181,0
2026-02-12T22:30:00-05:00,1.36181,1.36189,1.36148,1.36149,0
2026-02-12T22:35:00-05:00,1.36149,1.36197,1.36149,1.3619,0
2026-02-12T22:40:00-05:00,1.3619,1.36193,1.36178,1.3618,0
2026-02-12T22:45:00-05:00,1.3618,1.36187,1.36169,1.3618,0
2026-02-12T22:50:00-05:00,1.3618,1.36184,1.36172,1.36173,0
2026-02-12T22:55:00-05:00,1.36173,1.36173,1.36149,1.36153,0
2026-02-12T23:00:00-05:00,1.36153,1.36163,1.36142,1.36152,0
2026-02-12T23:05:00-05:00,1.36152,1.36169,1.36146,1.36152,0
2026-02-12T23:10:00-05:00,1.36152,1.36164,1.3615,1.36153,0
2026-02-12T23:15:00-05:00,1.36153,1.36162,1.36143,1.36153,0
2026-02-12T23:20:00-05:00,1.36153,1.36174,1.36149,1.3615,0
2026-02-12T23:25:00-05:00,1.3615,1.36157,1.36143,1.36153,0
2026-02-12T23:30:00-05:00,1.36153,1.36159,1.36149,1.36153,0
2026-02-12T23:35:00-05:00,1.36153,1.3616,1.36131,1.36133,0
2026-02-12T23:40:00-05:00,1.36133,1.36136,1.36125,1.36129,0
2026-02-12T23:45:00-05:00,1.36129,1.36145,1.36126,1.3613,0
2026-02-12T23:50:00-05:00,1.3613,1.36142,1.36105,1.36107,0
2026-02-12T23:55:00-05:00,1.36107,1.36112,1.3609,1.36098,0
2026-02-13T00:00:00-05:00,1.36098,1.36125,1.36097,1.36119,0
2026-02-13T00:05:00-05:00,1.36119,1.36149,1.36106,1.36126,0
2026-02-13T00:10:00-05:00,1.36126,1.36127,1.3609,1.36113,0
2026-02-13T00:15:00-05:00,1.36113,1.36118,1.36096,1.36098,0
2026-02-13T00:20:00-05:00,1.36098,1.36107,1.36089,1.361,0
2026-02-13T00:25:00-05:00,1.361,1.36126,1.36099,1.36106,0
2026-02-13T00:30:00-05:00,1.36106,1.36126,1.36102,1.36105,0
2026-02-13T00:35:00-05:00,1.36105,1.36109,1.36068,1.36068,0
2026-02-13T00:40:00-05:00,1.36068,1.36089,1.36065,1.36088,0
2026-02-13T00:45:00-05:00,1.36088,1.36089,1.36052,1.36052,0
2026-02-13T00:50:00-05:00,1.36052,1.36064,1.36018,1.36018,0
2026-02-13T00:55:00-05:00,1.36018,1.3602,1.35997,1.3601,0
2026-02-13T01:00:00-05:00,1.3601,1.36042,1.36009,1.36039,0
2026-02-13T01:05:00-05:00,1.36039,1.36061,1.36004,1.36004,0
2026-02-13T01:10:00-05:00,1.36004,1.36068,1.36003,1.36067,0
2026-02-13T01:15:00-05:00,1.36067,1.36067,1.36036,1.3605,0
2026-02-13T01:20:00-05:00,1.3605,1.3605,1.36024,1.36042,0
2026-02-13T01:25:00-05:00,1.36042,1.3606,1.36039,1.36039,0
2026-02-13T01:30:00-05:00,1.36039,1.3604,1.35967,1.35984,0
2026-02-13T01:35:00-05:00,1.35984,1.35993,1.35961,1.35981,0
2026-02-13T01:40:00-05:00,1.35981,1.35987,1.35948,1.35952,0
2026-02-13T01:45:00-05:00,1.35952,1.35968,1.35947,1.35953,0
2026-02-13T01:50:00-05:00,1.35953,1.36017,1.35953,1.36011,0
2026-02-13T01:55:00-05:00,1.36011,1.36023,1.36,1.36,0
2026-02-13T02:00:00-05:00,1.36,1.36034,1.36,1.36018,0
2026-02-13T02:05:00-05:00,1.36018,1.36021,1.35963,1.35969,0
2026-02-13T02:10:00-05:00,1.35969,1.35973,1.35925,1.35929,0
2026-02-13T02:15:00-05:00,1.35929,1.35962,1.35905,1.35961,0
2026-02-13T02:20:00-05:00,1.35961,1.36017,1.3596,1.35997,0
2026-02-13T02:25:00-05:00,1.35997,1.36021,1.35996,1.36011,0
2026-02-13T02:30:00-05:00,1.36011,1.36021,1.3598,1.36017,0
2026-02-13T02:35:00-05:00,1.36017,1.36027,1.36,1.36011,0
2026-02-13T02:40:00-05:00,1.36011,1.36011,1.35927,1.35929,0
2026-02-13T02:45:00-05:00,1.35929,1.36169,1.35929,1.36132,0
2026-02-13T02:50:00-05:00,1.36132,1.36145,1.36088,1.36112,0
2026-02-13T02:55:00-05:00,1.36112,1.3616,1.36092,1.36151,0
2026-02-13T03:00:00-05:00,1.36151,1.36164,1.36133,1.36147,0
2026-02-13T03:05:00-05:00,1.36147,1.36174,1.36138,1.36172,0
2026-02-13T03:10:00-05:00,1.36172,1.36197,1.36162,1.3617,0
2026-02-13T03:15:00-05:00,1.3617,1.36186,1.36138,1.36154,0
2026-02-13T03:20:00-05:00,1.36154,1.36173,1.36113,1.3614,0
2026-02-13T03:25:00-05:00,1.3614,1.36163,1.36125,1.36142,0
2026-02-13T03:30:00-05:00,1.36142,1.3617,1.36137,1.3616,0
2026-02-13T03:35:00-05:00,1.3616,1.36203,1.3613,1.36166,0
2026-02-13T03:40:00-05:00,1.36166,1.36202,1.36163,1.3618,0
2026-02-13T03:45:00-05:00,1.3618,1.3621,1.36171,1.36197,0
2026-02-13T03:50:00-05:00,1.36197,1.36262,1.36185,1.36248,0
2026-02-13T03:55:00-05:00,1.36248,1.36276,1.36233,1.36265,0
2026-02-13T04:00:00-05:00,1.36265,1.36289,1.36224,1.36231,0
2026-02-13T04:05:00-05:00,1.36231,1.36278,1.36216,1.36231,0
2026-02-13T04:10:00-05:00,1.36231,1.36255,1.36222,1.36252,0
2026-02-13T04:15:00-05:00,1.36252,1.36282,1.3625,1.36262,0
2026-02-13T04:20:00-05:00,1.36262,1.36278,1.36231,1.36233,0
2026-02-13T04:25:00-05:00,1.36233,1.36257,1.36229,1.36242,0
2026-02-13T04:30:00-05:00,1.36242,1.36251,1.36218,1.36234,0
2026-02-13T04:35:00-05:00,1.36234,1.36241,1.36214,1.36214,0
2026-02-13T04:40:00-05:00,1.36214,1.36234,1.3621,1.36219,0
2026-02-13T04:45:00-05:00,1.36219,1.36282,1.36217,1.36271,0
2026-02-13T04:50:00-05:00,1.36271,1.36282,1.36252,1.36278,0
2026-02-13T04:55:00-05:00,1.36278,1.36298,1.36244,1.3625,0
2026-02-13T05:00:00-05:00,1.3625,1.36258,1.36224,1.36227,0
2026-02-13T05:05:00-05:00,1.36227,1.36233,1.36206,1.3623,0
2026-02-13T05:10:00-05:00,1.3623,1.36248,1.36183,1.36196,0
2026-02-13T05:15:00-05:00,1.36196,1.36241,1.36195,1.36214,0
2026-02-13T05:20:00-05:00,1.36214,1.36244,1.3621,1.36242,0
2026-02-13T05:25:00-05:00,1.36242,1.36274,1.3622,1.36233,0
2026-02-13T05:30:00-05:00,1.36233,1.36254,1.36224,1.36236,0
2026-02-13T05:35:00-05:00,1.36236,1.36242,1.3621,1.36222,0
2026-02-13T05:40:00-05:00,1.36222,1.36233,1.3621,1.36218,0
2026-02-13T05:45:00-05:00,1.36218,1.36234,1.362,1.362,0
2026-02-13T05:50:00-05:00,1.362,1.36206,1.36149,1.36164,0
2026-02-13T05:55:00-05:00,1.36164,1.36189,1.36159,1.36173,0
2026-02-13T06:00:00-05:00,1.36173,1.36203,1.36166,1.36186,0
2026-02-13T06:05:00-05:00,1.36186,1.36195,1.3616,1.36193,0
2026-02-13T06:10:00-05:00,1.36193,1.36193,1.36122,1.36122,0
2026-02-13T06:15:00-05:00,1.36122,1.36133,1.36092,1.36133,0
2026-02-13T06:20:00-05:00,1.36133,1.36139,1.36103,1.36112,0
2026-02-13T06:25:00-05:00,1.36112,1.36129,1.36095,1.36102,0
2026-02-13T06:30:00-05:00,1.36102,1.36102,1.36076,1.3609,0
2026-02-13T06:35:00-05:00,1.3609,1.36101,1.36058,1.36101,0
2026-02-13T06:40:00-05:00,1.36101,1.36115,1.36079,1.36084,0
2026-02-13T06:45:00-05:00,1.36084,1.36109,1.36076,1.36079,0
2026-02-13T06:50:00-05:00,1.36079,1.36095,1.36052,1.36065,0
2026-02-13T06:55:00-05:00,1.36065,1.36068,1.36011,1.36041,0
2026-02-13T07:00:00-05:00,1.36041,1.36065,1.36015,1.3603,0
2026-02-13T07:05:00-05:00,1.3603,1.36051,1.36001,1.36047,0
2026-02-13T07:10:00-05:00,1.36047,1.3605,1.36022,1.36037,0
2026-02-13T07:15:00-05:00,1.36037,1.36037,1.35989,1.36011,0
2026-02-13T07:20:00-05:00,1.36011,1.36052,1.3601,1.36051,0
2026-02-13T07:25:00-05:00,1.36051,1.36072,1.36037,1.36067,0
2026-02-13T07:30:00-05:00,1.36067,1.36081,1.36047,1.36049,0
2026-02-13T07:35:00-05:00,1.36049,1.36075,1.36041,1.36073,0
2026-02-13T07:40:00-05:00,1.36073,1.36094,1.36039,1.36057,0
2026-02-13T07:45:00-05:00,1.36057,1.36063,1.36045,1.36045,0
2026-02-13T07:50:00-05:00,1.36045,1.36061,1.36014,1.36052,0
2026-02-13T07:55:00-05:00,1.36052,1.36072,1.36041,1.36071,0
2026-02-13T08:00:00-05:00,1.36071,1.36093,1.36054,1.36075,0
2026-02-13T08:05:00-05:00,1.36075,1.36129,1.36062,1.36128,0
2026-02-13T08:10:00-05:00,1.36128,1.36129,1.36084,1.36091,0
2026-02-13T08:15:00-05:00,1.36091,1.36101,1.36055,1.36072,0
2026-02-13T08:20:00-05:00,1.36072,1.36094,1.3606,1.36083,0
2026-02-13T08:25:00-05:00,1.36083,1.36085,1.36051,1.36074,0
2026-02-13T08:30:00-05:00,1.36074,1.36151,1.36074,1.36123,0
2026-02-13T08:35:00-05:00,1.36123,1.36465,1.36123,1.36274,0
2026-02-13T08:40:00-05:00,1.36274,1.36317,1.36189,1.36199,0
2026-02-13T08:45:00-05:00,1.36199,1.36251,1.36153,1.36179,0
2026-02-13T08:50:00-05:00,1.36179,1.3624,1.36132,1.36239,0
2026-02-13T08:55:00-05:00,1.36239,1.36322,1.36207,1.36309,0
2026-02-13T09:00:00-05:00,1.36309,1.36388,1.36309,1.36334,0
2026-02-13T09:05:00-05:00,1.36334,1.36383,1.36309,1.3635,0
2026-02-13T09:10:00-05:00,1.3635,1.36362,1.36287,1.36311,0
2026-02-13T09:15:00-05:00,1.36311,1.36342,1.36296,1.36324,0
2026-02-13T09:20:00-05:00,1.36324,1.36363,1.36299,1.36321,0
2026-02-13T09:25:00-05:00,1.36321,1.36322,1.36283,1.36292,0
2026-02-13T09:30:00-05:00,1.36292,1.36362,1.36286,1.36338,0
2026-02-13T09:35:00-05:00,1.36338,1.36392,1.36318,1.36371,0
2026-02-13T09:40:00-05:00,1.36371,1.3639,1.36282,1.36282,0
2026-02-13T09:45:00-05:00,1.36282,1.36292,1.36155,1.36271,0
2026-02-13T09:50:00-05:00,1.36271,1.36352,1.36271,1.3629,0
2026-02-13T09:55:00-05:00,1.3629,1.36291,1.36225,1.36232,0
2026-02-13T10:00:00-05:00,1.36232,1.36297,1.36194,1.36262,0
2026-02-13T10:05:00-05:00,1.36262,1.36328,1.36241,1.36312,0
2026-02-13T10:10:00-05:00,1.36312,1.3639,1.36251,1.36389,0
2026-02-13T10:15:00-05:00,1.36389,1.36475,1.36383,1.36441,0
2026-02-13T10:20:00-05:00,1.36441,1.36441,1.36278,1.36302,0
2026-02-13T10:25:00-05:00,1.36302,1.36334,1.36274,1.36295,0
2026-02-13T10:30:00-05:00,1.36295,1.36375,1.36265,1.36342,0
2026-02-13T10:35:00-05:00,1.36342,1.36344,1.36279,1.36281,0
2026-02-13T10:40:00-05:00,1.36281,1.36359,1.36274,1.36292,0
2026-02-13T10:45:00-05:00,1.36292,1.36305,1.36242,1.36261,0
2026-02-13T10:50:00-05:00,1.36261,1.36265,1.36188,1.36204,0
2026-02-13T10:55:00-05:00,1.36204,1.36261,1.36176,1.3624,0
2026-02-13T11:00:00-05:00,1.3624,1.36248,1.36106,1.36129,0
2026-02-13T11:05:00-05:00,1.36129,1.36134,1.36068,1.36103,0
2026-02-13T11:10:00-05:00,1.36103,1.36168,1.36103,1.36143,0
2026-02-13T11:15:00-05:00,1.36143,1.36181,1.36129,1.3618,0
2026-02-13T11:20:00-05:00,1.3618,1.3622,1.36153,1.36204,0
2026-02-13T11:25:00-05:00,1.36204,1.36282,1.36174,1.36273,0
2026-02-13T11:30:00-05:00,1.36273,1.36336,1.36264,1.36292,0
2026-02-13T11:35:00-05:00,1.36292,1.36346,1.36279,1.36313,0
2026-02-13T11:40:00-05:00,1.36313,1.36393,1.36311,1.36392,0
2026-02-13T11:45:00-05:00,1.36392,1.36394,1.36353,1.36391,0
2026-02-13T11:50:00-05:00,1.36391,1.36415,1.36333,1.36357,0
2026-02-13T11:55:00-05:00,1.36357,1.36406,1.36347,1.36406,0
2026-02-13T12:00:00-05:00,1.36406,1.3644,1.36392,1.36421,0
2026-02-13T12:05:00-05:00,1.36421,1.36434,1.36381,1.36389,0
2026-02-13T12:10:00-05:00,1.36389,1.36464,1.36389,1.3646,0
2026-02-13T12:15:00-05:00,1.3646,1.36543,1.36454,1.36535,0
2026-02-13T12:20:00-05:00,1.36535,1.36553,1.36414,1.36418,0
2026-02-13T12:25:00-05:00,1.36418,1.36503,1.36418,1.36454,0
2026-02-13T12:30:00-05:00,1.36454,1.36461,1.36437,1.3645,0
2026-02-13T12:35:00-05:00,1.3645,1.3645,1.36413,1.36418,0
2026-02-13T12:40:00-05:00,1.36418,1.36441,1.36413,1.36424,0
2026-02-13T12:45:00-05:00,1.36424,1.36523,1.36417,1.36499,0
2026-02-13T12:50:00-05:00,1.36499,1.36517,1.36478,1.36502,0
2026-02-13T12:55:00-05:00,1.36502,1.36597,1.36495,1.3653,0
2026-02-13T13:00:00-05:00,1.3653,1.36536,1.36483,1.36485,0
2026-02-13T13:05:00-05:00,1.36485,1.36512,1.36481,1.3649,0
2026-02-13T13:10:00-05:00,1.3649,1.36506,1.36473,1.36479,0
2026-02-13T13:15:00-05:00,1.36479,1.36513,1.36477,1.365,0
2026-02-13T13:20:00-05:00,1.365,1.36502,1.36464,1.36474,0
2026-02-13T13:25:00-05:00,1.36474,1.36485,1.36461,1.36472,0
2026-02-13T13:30:00-05:00,1.36472,1.3652,1.36472,1.36495,0
2026-02-13T13:35:00-05:00,1.36495,1.36521,1.36489,1.36502,0
2026-02-13T13:40:00-05:00,1.36502,1.36506,1.36477,1.36492,0
2026-02-13T13:45:00-05:00,1.36492,1.36532,1.36491,1.36531,0
2026-02-13T13:50:00-05:00,1.36531,1.36538,1.36509,1.3651,0
2026-02-13T13:55:00-05:00,1.3651,1.36514,1.36463,1.36492,0
2026-02-13T14:00:00-05:00,1.36492,1.36543,1.36484,1.36522,0
2026-02-13T14:05:00-05:00,1.36522,1.36556,1.36492,1.36498,0
2026-02-13T14:10:00-05:00,1.36498,1.36538,1.36498,1.36532,0
2026-02-13T14:15:00-05:00,1.36532,1.36532,1.36505,1.36509,0
2026-02-13T14:20:00-05:00,1.36509,1.36509,1.3649,1.36502,0
2026-02-13T14:25:00-05:00,1.36502,1.36543,1.36499,1.36529,0
2026-02-13T14:30:00-05:00,1.36529,1.36535,1.36498,1.36502,0
2026-02-13T14:35:00-05:00,1.36502,1.36512,1.36489,1.36509,0
2026-02-13T14:40:00-05:00,1.36509,1.36512,1.36469,1.36479,0
2026-02-13T14:45:00-05:00,1.36479,1.36481,1.36447,1.36461,0
2026-02-13T14:50:00-05:00,1.36461,1.3648,1.36458,1.36465,0
2026-02-13T14:55:00-05:00,1.36465,1.36468,1.36438,1.36452,0
2026-02-13T15:00:00-05:00,1.36452,1.36464,1.36426,1.36433,0
2026-02-13T15:05:00-05:00,1.36433,1.36459,1.36413,1.36458,0
2026-02-13T15:10:00-05:00,1.36458,1.36465,1.36448,1.36454,0
2026-02-13T15:15:00-05:00,1.36454,1.36454,1.36437,1.36441,0
2026-02-13T15:20:00-05:00,1.36441,1.36458,1.36438,1.36458,0
2026-02-13T15:25:00-05:00,1.36458,1.3646,1.36442,1.36443,0
2026-02-13T15:30:00-05:00,1.36443,1.36454,1.3642,1.36424,0
2026-02-13T15:35:00-05:00,1.36424,1.36463,1.36423,1.36442,0
2026-02-13T15:40:00-05:00,1.36442,1.3645,1.36421,1.3643,0
2026-02-13T15:45:00-05:00,1.3643,1.36464,1.36428,1.36461,0
2026-02-13T15:50:00-05:00,1.36461,1.36511,1.36444,1.36505,0
2026-02-13T15:55:00-05:00,1.36505,1.3654,1.36486,1.36536,0
2026-02-13T16:00:00-05:00,1.36536,1.36566,1.36532,1.36565,0
2026-02-13T16:05:00-05:00,1.36565,1.36573,1.36555,1.36562,0
2026-02-13T16:10:00-05:00,1.36562,1.36583,1.36558,1.36559,0
2026-02-13T16:15:00-05:00,1.36559,1.36565,1.36549,1.36563,0
2026-02-13T16:20:00-05:00,1.36563,1.36566,1.36552,1.36554,0
2026-02-13T16:25:00-05:00,1.36554,1.36554,1.3652,1.3652,0
2026-02-13T16:30:00-05:00,1.3652,1.36535,1.36509,1.36533,0
2026-02-13T16:35:00-05:00,1.36533,1.36536,1.36519,1.36521,0
2026-02-13T16:40:00-05:00,1.36521,1.36522,1.36482,1.36492,0
2026-02-13T16:45:00-05:00,1.36492,1.36505,1.36492,1.36502,0
2026-02-13T16:50:00-05:00,1.36502,1.36532,1.36496,1.36526,0
2026-02-13T16:55:00-05:00,1.36526,1.36548,1.3652,1.36521,0
2026-02-13T17:00:00-05:00,1.36521,1.36565,1.36507,1.36507,0
2026-02-15T17:20:00-05:00,1.36472,1.36496,1.36461,1.36496,0
2026-02-15T17:25:00-05:00,1.36496,1.36502,1.36444,1.3645,0
2026-02-15T17:30:00-05:00,1.3645,1.36464,1.36442,1.36451,0
2026-02-15T17:35:00-05:00,1.36451,1.36478,1.36451,1.36461,0
2026-02-15T17:40:00-05:00,1.36461,1.36479,1.36454,1.36458,0
2026-02-15T17:45:00-05:00,1.36458,1.36466,1.36454,1.36458,0
2026-02-15T17:50:00-05:00,1.36458,1.36482,1.36456,1.36465,0
2026-02-15T17:55:00-05:00,1.36465,1.36469,1.36455,1.36467,0
2026-02-15T18:00:00-05:00,1.36467,1.36471,1.36432,1.36441,0
2026-02-15T18:05:00-05:00,1.36441,1.36503,1.36434,1.36477,0
2026-02-15T18:10:00-05:00,1.36477,1.36478,1.36437,1.3645,0
2026-02-15T18:15:00-05:00,1.3645,1.36482,1.3645,1.36481,0
2026-02-15T18:20:00-05:00,1.36481,1.3649,1.36464,1.36469,0
2026-02-15T18:25:00-05:00,1.36469,1.36469,1.36454,1.36461,0
2026-02-15T18:30:00-05:00,1.36461,1.36474,1.3646,1.36468,0
2026-02-15T18:35:00-05:00,1.36468,1.36488,1.36455,1.36462,0
2026-02-15T18:40:00-05:00,1.36462,1.36471,1.36451,1.36464,0
2026-02-15T18:45:00-05:00,1.36464,1.36481,1.36458,1.36467,0
2026-02-15T18:50:00-05:00,1.36467,1.36469,1.36431,1.36436,0
2026-02-15T18:55:00-05:00,1.36436,1.3645,1.36431,1.36441,0
2026-02-15T19:00:00-05:00,1.36441,1.36476,1.36434,1.36474,0
2026-02-15T19:05:00-05:00,1.36474,1.36485,1.36448,1.36454,0
2026-02-15T19:10:00-05:00,1.36454,1.36483,1.36451,1.3647,0
2026-02-15T19:15:00-05:00,1.3647,1.36474,1.3645,1.36456,0
2026-02-15T19:20:00-05:00,1.36456,1.36471,1.36451,1.36471,0
2026-02-15T19:25:00-05:00,1.36471,1.36474,1.36461,1.36474,0
2026-02-15T19:30:00-05:00,1.36474,1.36479,1.36444,1.36444,0
2026-02-15T19:35:00-05:00,1.36444,1.36444,1.36424,1.3643,0
2026-02-15T19:40:00-05:00,1.3643,1.36445,1.36423,1.36442,0
2026-02-15T19:45:00-05:00,1.36442,1.36458,1.36437,1.36455,0
2026-02-15T19:50:00-05:00,1.36455,1.36458,1.36441,1.36443,0
2026-02-15T19:55:00-05:00,1.36443,1.36467,1.36438,1.36448,0
2026-02-15T20:00:00-05:00,1.36448,1.36455,1.36408,1.3641,0
2026-02-15T20:05:00-05:00,1.3641,1.36411,1.36372,1.364,0
2026-02-15T20:10:00-05:00,1.364,1.36424,1.36387,1.36411,0
2026-02-15T20:15:00-05:00,1.36411,1.36423,1.36403,1.36409,0
2026-02-15T20:20:00-05:00,1.36409,1.36427,1.3638,1.36414,0
2026-02-15T20:25:00-05:00,1.36414,1.36422,1.36408,1.36414,0
2026-02-15T20:30:00-05:00,1.36414,1.36428,1.36412,1.36425,0
2026-02-15T20:35:00-05:00,1.36425,1.36438,1.36414,1.36423,0
2026-02-15T20:40:00-05:00,1.36423,1.36431,1.3641,1.36411,0
2026-02-15T20:45:00-05:00,1.36411,1.36427,1.3641,1.36425,0
2026-02-15T20:50:00-05:00,1.36425,1.36431,1.36414,1.36422,0
2026-02-15T20:55:00-05:00,1.36422,1.36423,1.36401,1.36401,0
2026-02-15T21:00:00-05:00,1.36401,1.36442,1.36401,1.36434,0
2026-02-15T21:05:00-05:00,1.36434,1.36457,1.36429,1.3645,0
2026-02-15T21:10:00-05:00,1.3645,1.36451,1.36414,1.36414,0
2026-02-15T21:15:00-05:00,1.36414,1.36418,1.36391,1.36407,0
2026-02-15T21:20:00-05:00,1.36407,1.36417,1.3639,1.36413,0
2026-02-15T21:25:00-05:00,1.36413,1.36438,1.3641,1.36424,0
2026-02-15T21:30:00-05:00,1.36424,1.36437,1.36414,1.36424,0
2026-02-15T21:35:00-05:00,1.36424,1.36441,1.36421,1.36437,0
2026-02-15T21:40:00-05:00,1.36437,1.36445,1.36427,1.36444,0
2026-02-15T21:45:00-05:00,1.36444,1.36444,1.36409,1.36421,0
2026-02-15T21:50:00-05:00,1.36421,1.36435,1.3641,1.36432,0
2026-02-15T21:55:00-05:00,1.36432,1.36441,1.36413,1.36433,0
2026-02-15T22:00:00-05:00,1.36433,1.36446,1.36419,1.36421,0
2026-02-15T22:05:00-05:00,1.36421,1.36422,1.36397,1.36397,0
2026-02-15T22:10:00-05:00,1.36397,1.36397,1.36377,1.36379,0
2026-02-15T22:15:00-05:00,1.36379,1.36421,1.36377,1.36411,0
2026-02-15T22:20:00-05:00,1.36411,1.36437,1.36411,1.36427,0
2026-02-15T22:25:00-05:00,1.36427,1.36453,1.3642,1.36448,0
2026-02-15T22:30:00-05:00,1.36448,1.3645,1.36428,1.36428,0
2026-02-15T22:35:00-05:00,1.36428,1.36428,1.364,1.36412,0
2026-02-15T22:40:00-05:00,1.36412,1.36421,1.36399,1.36418,0
2026-02-15T22:45:00-05:00,1.36418,1.36423,1.36403,1.3642,0
2026-02-15T22:50:00-05:00,1.3642,1.36421,1.3639,1.36399,0
2026-02-15T22:55:00-05:00,1.36399,1.36417,1.36399,1.36417,0
2026-02-15T23:00:00-05:00,1.36417,1.3642,1.36403,1.36418,0
2026-02-15T23:05:00-05:00,1.36418,1.36437,1.36409,1.36433,0
2026-02-15T23:10:00-05:00,1.36433,1.36433,1.36409,1.36418,0
2026-02-15T23:15:00-05:00,1.36418,1.3643,1.36415,1.36418,0
2026-02-15T23:20:00-05:00,1.36418,1.36431,1.36407,1.36408,0
2026-02-15T23:25:00-05:00,1.36408,1.3641,1.36384,1.3641,0
2026-02-15T23:30:00-05:00,1.3641,1.36424,1.36409,1.36415,0
2026-02-15T23:35:00-05:00,1.36415,1.3642,1.36399,1.36399,0
2026-02-15T23:40:00-05:00,1.36399,1.364,1.36364,1.36364,0
2026-02-15T23:45:00-05:00,1.36364,1.36375,1.36357,1.3636,0
2026-02-15T23:50:00-05:00,1.3636,1.36382,1.3636,1.36381,0
2026-02-15T23:55:00-05:00,1.36381,1.36393,1.36374,1.36389,0
2026-02-16T00:00:00-05:00,1.36389,1.36399,1.36379,1.36397,0
2026-02-16T17:20:00-05:00,1.36335,1.3635,1.36313,1.36331,0
2026-02-16T17:25:00-05:00,1.36331,1.3635,1.36307,1.36327,0
2026-02-16T17:30:00-05:00,1.36327,1.36339,1.36318,1.36329,0
2026-02-16T17:35:00-05:00,1.36329,1.36329,1.36298,1.36306,0
2026-02-16T17:40:00-05:00,1.36306,1.36309,1.36302,1.36305,0
2026-02-16T17:45:00-05:00,1.36305,1.36308,1.36301,1.36308,0
2026-02-16T17:50:00-05:00,1.36308,1.36309,1.36282,1.36282,0
2026-02-16T17:55:00-05:00,1.36282,1.36295,1.36271,1.36286,0
2026-02-16T18:00:00-05:00,1.36286,1.36314,1.36285,1.36308,0
2026-02-16T18:05:00-05:00,1.36308,1.36317,1.36248,1.36253,0
2026-02-16T18:10:00-05:00,1.36253,1.36261,1.36231,1.36242,0
2026-02-16T18:15:00-05:00,1.36242,1.36261,1.36241,1.36254,0
2026-02-16T18:20:00-05:00,1.36254,1.36254,1.3624,1.36242,0
2026-02-16T18:25:00-05:00,1.36242,1.36251,1.36228,1.3625,0
2026-02-16T18:30:00-05:00,1.3625,1.36262,1.36245,1.36254,0
2026-02-16T18:35:00-05:00,1.36254,1.36261,1.36249,1.36251,0
2026-02-16T18:40:00-05:00,1.36251,1.36264,1.36249,1.36262,0
2026-02-16T18:45:00-05:00,1.36262,1.3627,1.36254,1.36269,0
2026-02-16T18:50:00-05:00,1.36269,1.36271,1.36258,1.36269,0
2026-02-16T18:55:00-05:00,1.36269,1.3627,1.3625,1.36269,0
2026-02-16T19:00:00-05:00,1.36269,1.36279,1.36263,1.36271,0
2026-02-16T19:05:00-05:00,1.36271,1.36294,1.36271,1.36278,0
2026-02-16T19:10:00-05:00,1.36278,1.36278,1.36241,1.36254,0
2026-02-16T19:15:00-05:00,1.36254,1.36272,1.36252,1.36272,0
2026-02-16T19:20:00-05:00,1.36272,1.36288,1.36268,1.3628,0
2026-02-16T19:25:00-05:00,1.3628,1.36282,1.36255,1.36261,0
2026-02-16T19:30:00-05:00,1.36261,1.36261,1.36238,1.36241,0
2026-02-16T19:35:00-05:00,1.36241,1.36255,1.36241,1.36249,0
2026-02-16T19:40:00-05:00,1.36249,1.36259,1.36234,1.36246,0
2026-02-16T19:45:00-05:00,1.36246,1.36248,1.3619,1.36197,0
2026-02-16T19:50:00-05:00,1.36197,1.36206,1.36191,1.36201,0
2026-02-16T19:55:00-05:00,1.36201,1.36213,1.36193,1.36203,0
2026-02-16T20:00:00-05:00,1.36203,1.36223,1.36193,1.36198,0
2026-02-16T20:05:00-05:00,1.36198,1.36216,1.36149,1.36159,0
2026-02-16T20:10:00-05:00,1.36159,1.3618,1.36159,1.36169,0
2026-02-16T20:15:00-05:00,1.36169,1.362,1.36159,1.36176,0
2026-02-16T20:20:00-05:00,1.36176,1.36183,1.36164,1.3618,0
2026-02-16T20:25:00-05:00,1.3618,1.362,1.36173,1.36194,0
2026-02-16T20:30:00-05:00,1.36194,1.36199,1.36169,1.3619,0
2026-02-16T20:35:00-05:00,1.3619,1.36204,1.36173,1.3618,0
2026-02-16T20:40:00-05:00,1.3618,1.36199,1.3618,1.36189,0
2026-02-16T20:45:00-05:00,1.36189,1.36196,1.36177,1.3619,0
2026-02-16T20:50:00-05:00,1.3619,1.3621,1.36189,1.3619,0
2026-02-16T20:55:00-05:00,1.3619,1.36196,1.3616,1.36163,0
2026-02-16T21:00:00-05:00,1.36163,1.3617,1.36137,1.36165,0
2026-02-16T21:05:00-05:00,1.36165,1.3618,1.36129,1.36168,0
2026-02-16T21:10:00-05:00,1.36168,1.3619,1.36152,1.36189,0
2026-02-16T21:15:00-05:00,1.36189,1.36203,1.36167,1.3617,0
2026-02-16T21:20:00-05:00,1.3617,1.36179,1.3616,1.36176,0
2026-02-16T21:25:00-05:00,1.36176,1.36187,1.36174,1.36179,0
2026-02-16T21:30:00-05:00,1.36179,1.3619,1.36173,1.36173,0
2026-02-16T21:35:00-05:00,1.36173,1.36177,1.36149,1.3615,0
2026-02-16T21:40:00-05:00,1.3615,1.3615,1.36138,1.36148,0
2026-02-16T21:45:00-05:00,1.36148,1.36153,1.3613,1.36135,0
2026-02-16T21:50:00-05:00,1.36135,1.36137,1.36126,1.36128,0
2026-02-16T21:55:00-05:00,1.36128,1.36142,1.36119,1.36139,0
2026-02-16T22:00:00-05:00,1.36139,1.36149,1.36136,1.36139,0
2026-02-16T22:05:00-05:00,1.36139,1.36139,1.36085,1.36089,0
2026-02-16T22:10:00-05:00,1.36089,1.361,1.36081,1.36098,0
2026-02-16T22:15:00-05:00,1.36098,1.36111,1.36092,1.36106,0
2026-02-16T22:20:00-05:00,1.36106,1.3611,1.36091,1.36101,0
2026-02-16T22:25:00-05:00,1.36101,1.36122,1.36098,1.36119,0
2026-02-16T22:30:00-05:00,1.36119,1.36122,1.36098,1.36102,0
2026-02-16T22:35:00-05:00,1.36102,1.36102,1.36078,1.36081,0
2026-02-16T22:40:00-05:00,1.36081,1.36084,1.36068,1.36071,0
2026-02-16T22:45:00-05:00,1.36071,1.36083,1.36061,1.36078,0
2026-02-16T22:50:00-05:00,1.36078,1.36088,1.36071,1.36088,0
2026-02-16T22:55:00-05:00,1.36088,1.36099,1.36088,1.36093,0
2026-02-16T23:00:00-05:00,1.36093,1.36132,1.36093,1.36129,0
2026-02-16T23:05:00-05:00,1.36129,1.36135,1.3609,1.36098,0
2026-02-16T23:10:00-05:00,1.36098,1.36105,1.36083,1.36092,0
2026-02-16T23:15:00-05:00,1.36092,1.36095,1.36071,1.36079,0
2026-02-16T23:20:00-05:00,1.36079,1.36085,1.36069,1.36079,0
2026-02-16T23:25:00-05:00,1.36079,1.36103,1.36074,1.36099,0
2026-02-16T23:30:00-05:00,1.36099,1.36107,1.36091,1.36106,0
2026-02-16T23:35:00-05:00,1.36106,1.36112,1.36091,1.36099,0
2026-02-16T23:40:00-05:00,1.36099,1.36109,1.3609,1.36099,0
2026-02-16T23:45:00-05:00,1.36099,1.36119,1.36099,1.36112,0
2026-02-16T23:50:00-05:00,1.36112,1.36133,1.36111,1.36119,0
2026-02-16T23:55:00-05:00,1.36119,1.36129,1.36119,1.3612,0
2026-02-17T00:00:00-05:00,1.3612,1.36129,1.36112,1.36116,0
2026-02-17T00:05:00-05:00,1.36116,1.36122,1.36101,1.36102,0
2026-02-17T00:10:00-05:00,1.36102,1.36112,1.36095,1.36112,0
2026-02-17T00:15:00-05:00,1.36112,1.36112,1.36078,1.36079,0
2026-02-17T00:20:00-05:00,1.36079,1.3608,1.36062,1.36065,0
2026-02-17T00:25:00-05:00,1.36065,1.36083,1.36035,1.36072,0
2026-02-17T00:30:00-05:00,1.36072,1.36082,1.36057,1.36082,0
2026-02-17T00:35:00-05:00,1.36082,1.36094,1.36061,1.36092,0
2026-02-17T00:40:00-05:00,1.36092,1.36092,1.36067,1.36072,0
2026-02-17T00:45:00-05:00,1.36072,1.36076,1.36057,1.36061,0
2026-02-17T00:50:00-05:00,1.36061,1.36076,1.36051,1.36057,0
2026-02-17T00:55:00-05:00,1.36057,1.36071,1.36051,1.3607,0
2026-02-17T01:00:00-05:00,1.3607,1.36081,1.36065,1.36072,0
2026-02-17T01:05:00-05:00,1.36072,1.36122,1.36072,1.36108,0
2026-02-17T01:10:00-05:00,1.36108,1.36111,1.36092,1.36102,0
2026-02-17T01:15:00-05:00,1.36102,1.36123,1.36102,1.36119,0
2026-02-17T01:20:00-05:00,1.36119,1.36119,1.36099,1.36112,0
2026-02-17T01:25:00-05:00,1.36112,1.36139,1.36112,1.36132,0
2026-02-17T01:30:00-05:00,1.36132,1.3615,1.36129,1.3613,0
2026-02-17T01:35:00-05:00,1.3613,1.36132,1.36118,1.36126,0
2026-02-17T01:40:00-05:00,1.36126,1.36139,1.36116,1.36138,0
2026-02-17T01:45:00-05:00,1.36138,1.3615,1.36126,1.36139,0
2026-02-17T01:50:00-05:00,1.36139,1.3614,1.36115,1.36128,0
2026-02-17T01:55:00-05:00,1.36128,1.36133,1.36124,1.3613,0
2026-02-17T02:00:00-05:00,1.3613,1.3614,1.3611,1.36124,0
2026-02-17T02:05:00-05:00,1.36124,1.36125,1.35819,1.35894,0
2026-02-17T02:10:00-05:00,1.35894,1.35894,1.35786,1.35793,0
2026-02-17T02:15:00-05:00,1.35793,1.35814,1.35784,1.35791,0
2026-02-17T02:20:00-05:00,1.35791,1.35793,1.35701,1.35704,0
2026-02-17T02:25:00-05:00,1.35704,1.35722,1.35694,1.35712,0
2026-02-17T02:30:00-05:00,1.35712,1.35736,1.35701,1.35715,0
2026-02-17T02:35:00-05:00,1.35715,1.35722,1.35581,1.35596,0
2026-02-17T02:40:00-05:00,1.35596,1.35644,1.35523,1.3555,0
2026-02-17T02:45:00-05:00,1.3555,1.35617,1.35548,1.35614,0
2026-02-17T02:50:00-05:00,1.35614,1.35621,1.35556,1.35564,0
2026-02-17T02:55:00-05:00,1.35564,1.35586,1.35525,1.35551,0
2026-02-17T03:00:00-05:00,1.35551,1.35628,1.35536,1.35627,0
2026-02-17T03:05:00-05:00,1.35627,1.35684,1.3561,1.35661,0
2026-02-17T03:10:00-05:00,1.35661,1.35725,1.35654,1.35699,0
2026-02-17T03:15:00-05:00,1.35699,1.35759,1.35651,1.35651,0
2026-02-17T03:20:00-05:00,1.35651,1.35731,1.35649,1.35723,0
2026-02-17T03:25:00-05:00,1.35723,1.35792,1.3572,1.35779,0
2026-02-17T03:30:00-05:00,1.35779,1.35793,1.35749,1.35779,0
2026-02-17T03:35:00-05:00,1.35779,1.35841,1.35778,1.35801,0
2026-02-17T03:40:00-05:00,1.35801,1.35841,1.35798,1.35809,0
2026-02-17T03:45:00-05:00,1.35809,1.35875,1.35799,1.35871,0
2026-02-17T03:50:00-05:00,1.35871,1.35891,1.35856,1.35889,0
2026-02-17T03:55:00-05:00,1.35889,1.35892,1.35858,1.35861,0
2026-02-17T04:00:00-05:00,1.35861,1.35906,1.35852,1.35858,0
2026-02-17T04:05:00-05:00,1.35858,1.35936,1.35841,1.35935,0
2026-02-17T04:10:00-05:00,1.35935,1.35936,1.35861,1.35874,0
2026-02-17T04:15:00-05:00,1.35874,1.35892,1.35869,1.35889,0
2026-02-17T04:20:00-05:00,1.35889,1.35939,1.35889,1.35932,0
2026-02-17T04:25:00-05:00,1.35932,1.35956,1.35896,1.35919,0
2026-02-17T04:30:00-05:00,1.35919,1.35928,1.35898,1.35909,0
2026-02-17T04:35:00-05:00,1.35909,1.35946,1.35906,1.35943,0
2026-02-17T04:40:00-05:00,1.35943,1.35976,1.35926,1.35926,0
2026-02-17T04:45:00-05:00,1.35926,1.35949,1.35913,1.3592,0
2026-02-17T04:50:00-05:00,1.3592,1.35964,1.3591,1.3592,0
2026-02-17T04:55:00-05:00,1.3592,1.3595,1.35918,1.3594,0
2026-02-17T05:00:00-05:00,1.3594,1.3594,1.35909,1.35912,0
2026-02-17T05:05:00-05:00,1.35912,1.35957,1.35895,1.35938,0
2026-02-17T05:10:00-05:00,1.35938,1.35963,1.35938,1.3595,0
2026-02-17T05:15:00-05:00,1.3595,1.35987,1.35901,1.35913,0
2026-02-17T05:20:00-05:00,1.35913,1.35922,1.35907,1.35912,0
2026-02-17T05:25:00-05:00,1.35912,1.35991,1.35908,1.35985,0
2026-02-17T05:30:00-05:00,1.35985,1.35993,1.35953,1.35953,0
2026-02-17T05:35:00-05:00,1.35953,1.35972,1.35938,1.3597,0
2026-02-17T05:40:00-05:00,1.3597,1.36064,1.35963,1.36013,0
2026-02-17T05:45:00-05:00,1.36013,1.3602,1.35974,1.36,0
2026-02-17T05:50:00-05:00,1.36,1.36002,1.35938,1.3594,0
2026-02-17T05:55:00-05:00,1.3594,1.35953,1.35928,1.35951,0
2026-02-17T06:00:00-05:00,1.35951,1.3597,1.35927,1.35952,0
2026-02-17T06:05:00-05:00,1.35952,1.35982,1.35926,1.35943,0
2026-02-17T06:10:00-05:00,1.35943,1.35961,1.35909,1.35916,0
2026-02-17T06:15:00-05:00,1.35916,1.35926,1.35879,1.3588,0
2026-02-17T06:20:00-05:00,1.3588,1.35891,1.35861,1.35868,0
2026-02-17T06:25:00-05:00,1.35868,1.35881,1.35838,1.35864,0
2026-02-17T06:30:00-05:00,1.35864,1.35885,1.35859,1.35877,0
2026-02-17T06:35:00-05:00,1.35877,1.35879,1.35817,1.35823,0
2026-02-17T06:40:00-05:00,1.35823,1.3583,1.35767,1.35779,0
2026-02-17T06:45:00-05:00,1.35779,1.35785,1.35759,1.35771,0
2026-02-17T06:50:00-05:00,1.35771,1.35771,1.35712,1.35749,0
2026-02-17T06:55:00-05:00,1.35749,1.35749,1.35664,1.35679,0
2026-02-17T07:00:00-05:00,1.35679,1.35681,1.35598,1.35649,0
2026-02-17T07:05:00-05:00,1.35649,1.35688,1.35607,1.35676,0
2026-02-17T07:10:00-05:00,1.35676,1.35694,1.35658,1.35688,0
2026-02-17T07:15:00-05:00,1.35688,1.35715,1.35679,1.35679,0
2026-02-17T07:20:00-05:00,1.35679,1.35698,1.35608,1.35608,0
2026-02-17T07:25:00-05:00,1.35608,1.35633,1.35587,1.35599,0
2026-02-17T07:30:00-05:00,1.35599,1.35623,1.35548,1.35613,0
2026-02-17T07:35:00-05:00,1.35613,1.35613,1.3557,1.35592,0
2026-02-17T07:40:00-05:00,1.35592,1.35593,1.35551,1.35567,0
2026-02-17T07:45:00-05:00,1.35567,1.35567,1.35525,1.35527,0
2026-02-17T07:50:00-05:00,1.35527,1.35532,1.35482,1.355,0
2026-02-17T07:55:00-05:00,1.355,1.35532,1.35469,1.35522,0
2026-02-17T08:00:00-05:00,1.35522,1.35526,1.35471,1.35488,0
2026-02-17T08:05:00-05:00,1.35488,1.35503,1.35434,1.35502,0
2026-02-17T08:10:00-05:00,1.35502,1.35502,1.3542,1.35421,0
2026-02-17T08:15:00-05:00,1.35421,1.35462,1.35414,1.35439,0
2026-02-17T08:20:00-05:00,1.35439,1.35442,1.35322,1.3535,0
2026-02-17T08:25:00-05:00,1.3535,1.35424,1.35339,1.35394,0
2026-02-17T08:30:00-05:00,1.35394,1.35431,1.35383,1.3541,0
2026-02-17T08:35:00-05:00,1.3541,1.35453,1.3538,1.35388,0
2026-02-17T08:40:00-05:00,1.35388,1.35415,1.3534,1.35342,0
2026-02-17T08:45:00-05:00,1.35342,1.35363,1.35267,1.3527,0
2026-02-17T08:50:00-05:00,1.3527,1.3528,1.35245,1.35261,0
2026-02-17T08:55:00-05:00,1.35261,1.35389,1.35246,1.35343,0
2026-02-17T09:00:00-05:00,1.35343,1.35343,1.35246,1.35249,0
2026-02-17T09:05:00-05:00,1.35249,1.35251,1.35191,1.35221,0
2026-02-17T09:10:00-05:00,1.35221,1.35281,1.35211,1.35232,0
2026-02-17T09:15:00-05:00,1.35232,1.35242,1.35184,1.3521,0
2026-02-17T09:20:00-05:00,1.3521,1.35258,1.35193,1.35257,0
2026-02-17T09:25:00-05:00,1.35257,1.35285,1.35218,1.35223,0
2026-02-17T09:30:00-05:00,1.35223,1.35249,1.35186,1.35218,0
2026-02-17T09:35:00-05:00,1.35218,1.35288,1.35201,1.35262,0
2026-02-17T09:40:00-05:00,1.35262,1.35322,1.35241,1.35253,0
2026-02-17T09:45:00-05:00,1.35253,1.35324,1.35245,1.35289,0
2026-02-17T09:50:00-05:00,1.35289,1.35312,1.3525,1.35289,0
2026-02-17T09:55:00-05:00,1.35289,1.35298,1.352,1.35222,0
2026-02-17T10:00:00-05:00,1.35222,1.35241,1.35179,1.35207,0
2026-02-17T10:05:00-05:00,1.35207,1.35215,1.35116,1.35213,0
2026-02-17T10:10:00-05:00,1.35213,1.35255,1.35179,1.35183,0
2026-02-17T10:15:00-05:00,1.35183,1.35217,1.35132,1.35157,0
2026-02-17T10:20:00-05:00,1.35157,1.35216,1.35149,1.35187,0
2026-02-17T10:25:00-05:00,1.35187,1.35187,1.35109,1.35125,0
2026-02-17T10:30:00-05:00,1.35125,1.3514,1.35064,1.35064,0
2026-02-17T10:35:00-05:00,1.35064,1.35088,1.35023,1.3503,0
2026-02-17T10:40:00-05:00,1.3503,1.35078,1.35022,1.3503,0
2026-02-17T10:45:00-05:00,1.3503,1.35061,1.34963,1.35059,0
2026-02-17T10:50:00-05:00,1.35059,1.35091,1.3503,1.35031,0
2026-02-17T10:55:00-05:00,1.35031,1.35059,1.34957,1.3498,0
2026-02-17T11:00:00-05:00,1.3498,1.35057,1.34974,1.3503,0
2026-02-17T11:05:00-05:00,1.3503,1.35084,1.35027,1.35048,0
2026-02-17T11:10:00-05:00,1.35048,1.35154,1.35042,1.35147,0
2026-02-17T11:15:00-05:00,1.35147,1.35196,1.35137,1.35183,0
2026-02-17T11:20:00-05:00,1.35183,1.35244,1.35166,1.3524,0
2026-02-17T11:25:00-05:00,1.3524,1.35292,1.35218,1.35272,0
2026-02-17T11:30:00-05:00,1.35272,1.35316,1.35252,1.3528,0
2026-02-17T11:35:00-05:00,1.3528,1.35322,1.35275,1.35312,0
2026-02-17T11:40:00-05:00,1.35312,1.3536,1.35303,1.35337,0
2026-02-17T11:45:00-05:00,1.35337,1.35373,1.3533,1.35353,0
2026-02-17T11:50:00-05:00,1.35353,1.3537,1.35346,1.35357,0
2026-02-17T11:55:00-05:00,1.35357,1.354,1.35357,1.354,0
2026-02-17T12:00:00-05:00,1.354,1.35415,1.35379,1.35381,0
2026-02-17T12:05:00-05:00,1.35381,1.3539,1.35346,1.35379,0
2026-02-17T12:10:00-05:00,1.35379,1.35421,1.35359,1.354,0
2026-02-17T12:15:00-05:00,1.354,1.35421,1.3537,1.35413,0
2026-02-17T12:20:00-05:00,1.35413,1.35433,1.35406,1.35418,0
2026-02-17T12:25:00-05:00,1.35418,1.35433,1.35389,1.35401,0
2026-02-17T12:30:00-05:00,1.35401,1.35471,1.35401,1.3545,0
2026-02-17T12:35:00-05:00,1.3545,1.35485,1.35424,1.3544,0
2026-02-17T12:40:00-05:00,1.3544,1.35482,1.3543,1.35468,0
2026-02-17T12:45:00-05:00,1.35468,1.35471,1.35419,1.35431,0
2026-02-17T12:50:00-05:00,1.35431,1.35464,1.35411,1.35455,0
2026-02-17T12:55:00-05:00,1.35455,1.35475,1.3543,1.35441,0
2026-02-17T13:00:00-05:00,1.35441,1.35502,1.3544,1.35467,0
2026-02-17T13:05:00-05:00,1.35467,1.35485,1.35411,1.35468,0
2026-02-17T13:10:00-05:00,1.35468,1.35481,1.35444,1.35464,0
2026-02-17T13:15:00-05:00,1.35464,1.35471,1.35434,1.35442,0
2026-02-17T13:20:00-05:00,1.35442,1.35474,1.35436,1.35473,0
2026-02-17T13:25:00-05:00,1.35473,1.35555,1.35472,1.35519,0
2026-02-17T13:30:00-05:00,1.35519,1.35575,1.35517,1.35563,0
2026-02-17T13:35:00-05:00,1.35563,1.3559,1.35544,1.35579,0
2026-02-17T13:40:00-05:00,1.35579,1.35604,1.3557,1.35593,0
2026-02-17T13:45:00-05:00,1.35593,1.3561,1.35573,1.356,0
2026-02-17T13:50:00-05:00,1.356,1.35613,1.35589,1.35597,0
2026-02-17T13:55:00-05:00,1.35597,1.35611,1.35588,1.3559,0
2026-02-17T14:00:00-05:00,1.3559,1.3561,1.35587,1.35591,0
2026-02-17T14:05:00-05:00,1.35591,1.35613,1.35589,1.35607,0
2026-02-17T14:10:00-05:00,1.35607,1.35612,1.356,1.35601,0
2026-02-17T14:15:00-05:00,1.35601,1.35608,1.35592,1.35601,0
2026-02-17T14:20:00-05:00,1.35601,1.35604,1.35579,1.35589,0
2026-02-17T14:25:00-05:00,1.35589,1.35604,1.35582,1.35601,0
2026-02-17T14:30:00-05:00,1.35601,1.35602,1.35558,1.35561,0
2026-02-17T14:35:00-05:00,1.35561,1.35593,1.35561,1.35579,0
2026-02-17T14:40:00-05:00,1.35579,1.3561,1.35578,1.3561,0
2026-02-17T14:45:00-05:00,1.3561,1.3561,1.35587,1.35608,0
2026-02-17T14:50:00-05:00,1.35608,1.35612,1.35599,1.35611,0
2026-02-17T14:55:00-05:00,1.35611,1.35611,1.35597,1.35608,0
2026-02-17T15:00:00-05:00,1.35608,1.35633,1.35605,1.35615,0
2026-02-17T15:05:00-05:00,1.35615,1.35642,1.35608,1.35638,0
2026-02-17T15:10:00-05:00,1.35638,1.35641,1.35617,1.35618,0
2026-02-17T15:15:00-05:00,1.35618,1.35621,1.356,1.35607,0
2026-02-17T15:20:00-05:00,1.35607,1.35608,1.35591,1.35596,0
2026-02-17T15:25:00-05:00,1.35596,1.35597,1.35577,1.3558,0
2026-02-17T15:30:00-05:00,1.3558,1.35591,1.35579,1.35589,0
2026-02-17T15:35:00-05:00,1.35589,1.3561,1.35587,1.356,0
2026-02-17T15:40:00-05:00,1.356,1.35607,1.35595,1.356,0
2026-02-17T15:45:00-05:00,1.356,1.35604,1.35589,1.35599,0
2026-02-17T15:50:00-05:00,1.35599,1.35606,1.35593,1.356,0
2026-02-17T15:55:00-05:00,1.356,1.35613,1.35596,1.35613,0
2026-02-17T16:00:00-05:00,1.35613,1.35628,1.35606,1.35623,0
2026-02-17T16:05:00-05:00,1.35623,1.35631,1.3561,1.3562,0
2026-02-17T16:10:00-05:00,1.3562,1.3562,1.35599,1.3561,0
2026-02-17T16:15:00-05:00,1.3561,1.35635,1.3561,1.35624,0
2026-02-17T16:20:00-05:00,1.35624,1.35624,1.35614,1.35618,0
2026-02-17T16:25:00-05:00,1.35618,1.3562,1.35608,1.3561,0
2026-02-17T16:30:00-05:00,1.3561,1.35638,1.3561,1.35626,0
2026-02-17T16:35:00-05:00,1.35626,1.35663,1.35619,1.35662,0
2026-02-17T16:40:00-05:00,1.35662,1.35691,1.35661,1.35682,0
2026-02-17T16:45:00-05:00,1.35682,1.35682,1.35667,1.35682,0
2026-02-17T16:50:00-05:00,1.35682,1.35682,1.3565,1.35652,0
2026-02-17T16:55:00-05:00,1.35652,1.35674,1.35651,1.35671,0
2026-02-17T17:00:00-05:00,1.35671,1.35705,1.35664,1.35667,0
2026-02-17T17:20:00-05:00,1.3564,1.35685,1.3558,1.35623,0
2026-02-17T17:25:00-05:00,1.35623,1.35633,1.35583,1.35596,0
2026-02-17T17:30:00-05:00,1.35596,1.35623,1.3558,1.35623,0
2026-02-17T17:35:00-05:00,1.35623,1.35658,1.3561,1.35642,0
2026-02-17T17:40:00-05:00,1.35642,1.35659,1.3563,1.35655,0
2026-02-17T17:45:00-05:00,1.35655,1.35665,1.35643,1.35657,0
2026-02-17T17:50:00-05:00,1.35657,1.3566,1.35646,1.35658,0
2026-02-17T17:55:00-05:00,1.35658,1.35662,1.35652,1.35659,0
2026-02-17T18:00:00-05:00,1.35659,1.35678,1.35651,1.35669,0
2026-02-17T18:05:00-05:00,1.35669,1.35701,1.35662,1.35696,0
2026-02-17T18:10:00-05:00,1.35696,1.35728,1.35696,1.35715,0
2026-02-17T18:15:00-05:00,1.35715,1.35716,1.35681,1.35682,0
2026-02-17T18:20:00-05:00,1.35682,1.35692,1.35667,1.35691,0
2026-02-17T18:25:00-05:00,1.35691,1.35695,1.35669,1.35672,0
2026-02-17T18:30:00-05:00,1.35672,1.35682,1.35655,1.35668,0
2026-02-17T18:35:00-05:00,1.35668,1.35671,1.35659,1.35662,0
2026-02-17T18:40:00-05:00,1.35662,1.35668,1.35649,1.35658,0
2026-02-17T18:45:00-05:00,1.35658,1.35668,1.35648,1.35653,0
2026-02-17T18:50:00-05:00,1.35653,1.3567,1.35622,1.35651,0
2026-02-17T18:55:00-05:00,1.35651,1.35652,1.35628,1.3563,0
2026-02-17T19:00:00-05:00,1.3563,1.35648,1.35627,1.3563,0
2026-02-17T19:05:00-05:00,1.3563,1.35659,1.35624,1.35653,0
2026-02-17T19:10:00-05:00,1.35653,1.35661,1.35636,1.35654,0
2026-02-17T19:15:00-05:00,1.35654,1.35663,1.35651,1.35656,0
2026-02-17T19:20:00-05:00,1.35656,1.35661,1.3563,1.35645,0
2026-02-17T19:25:00-05:00,1.35645,1.35647,1.35631,1.35635,0
2026-02-17T19:30:00-05:00,1.35635,1.35642,1.35627,1.35641,0
2026-02-17T19:35:00-05:00,1.35641,1.35648,1.35624,1.35627,0
2026-02-17T19:40:00-05:00,1.35627,1.35638,1.3561,1.35624,0
2026-02-17T19:45:00-05:00,1.35624,1.35625,1.35617,1.35618,0
2026-02-17T19:50:00-05:00,1.35618,1.35641,1.35618,1.35638,0
2026-02-17T19:55:00-05:00,1.35638,1.35646,1.35621,1.35629,0
2026-02-17T20:00:00-05:00,1.35629,1.35631,1.35612,1.35624,0
2026-02-17T20:05:00-05:00,1.35624,1.35624,1.35576,1.3561,0
2026-02-17T20:10:00-05:00,1.3561,1.35621,1.35591,1.35601,0
2026-02-17T20:15:00-05:00,1.35601,1.35603,1.3557,1.35574,0
2026-02-17T20:20:00-05:00,1.35574,1.35577,1.35548,1.35572,0
2026-02-17T20:25:00-05:00,1.35572,1.35573,1.35549,1.35562,0
2026-02-17T20:30:00-05:00,1.35562,1.3558,1.3556,1.35563,0
2026-02-17T20:35:00-05:00,1.35563,1.35582,1.35554,1.35554,0
2026-02-17T20:40:00-05:00,1.35554,1.35567,1.35542,1.35557,0
2026-02-17T20:45:00-05:00,1.35557,1.35573,1.35548,1.35573,0
2026-02-17T20:50:00-05:00,1.35573,1.35578,1.35566,1.3557,0
2026-02-17T20:55:00-05:00,1.3557,1.35572,1.35556,1.35569,0
2026-02-17T21:00:00-05:00,1.35569,1.35592,1.35569,1.35584,0
2026-02-17T21:05:00-05:00,1.35584,1.35587,1.35539,1.35553,0
2026-02-17T21:10:00-05:00,1.35553,1.35583,1.35548,1.35577,0
2026-02-17T21:15:00-05:00,1.35577,1.35577,1.35529,1.35536,0
2026-02-17T21:20:00-05:00,1.35536,1.35546,1.35525,1.35528,0
2026-02-17T21:25:00-05:00,1.35528,1.35559,1.35518,1.35557,0
2026-02-17T21:30:00-05:00,1.35557,1.35575,1.35552,1.35563,0
2026-02-17T21:35:00-05:00,1.35563,1.35566,1.35546,1.35566,0
2026-02-17T21:40:00-05:00,1.35566,1.3557,1.35553,1.35558,0
2026-02-17T21:45:00-05:00,1.35558,1.35577,1.35556,1.3557,0
2026-02-17T21:50:00-05:00,1.3557,1.3557,1.3556,1.3556,0
2026-02-17T21:55:00-05:00,1.3556,1.35578,1.35557,1.35566,0
2026-02-17T22:00:00-05:00,1.35566,1.35567,1.35543,1.35546,0
2026-02-17T22:05:00-05:00,1.35546,1.35572,1.35546,1.3557,0
2026-02-17T22:10:00-05:00,1.3557,1.35579,1.3556,1.35573,0
2026-02-17T22:15:00-05:00,1.35573,1.35573,1.35557,1.3556,0
2026-02-17T22:20:00-05:00,1.3556,1.3556,1.35539,1.35548,0
2026-02-17T22:25:00-05:00,1.35548,1.35574,1.35547,1.3557,0
2026-02-17T22:30:00-05:00,1.3557,1.35578,1.35559,1.35578,0
2026-02-17T22:35:00-05:00,1.35578,1.35581,1.35552,1.3556,0
2026-02-17T22:40:00-05:00,1.3556,1.35566,1.35552,1.35553,0
2026-02-17T22:45:00-05:00,1.35553,1.35557,1.35546,1.35548,0
2026-02-17T22:50:00-05:00,1.35548,1.3555,1.35528,1.35548,0
2026-02-17T22:55:00-05:00,1.35548,1.35554,1.35539,1.35539,0
2026-02-17T23:00:00-05:00,1.35539,1.35552,1.35532,1.35532,0
2026-02-17T23:05:00-05:00,1.35532,1.35536,1.35516,1.35516,0
2026-02-17T23:10:00-05:00,1.35516,1.3553,1.35499,1.35508,0
2026-02-17T23:15:00-05:00,1.35508,1.35529,1.35506,1.35528,0
2026-02-17T23:20:00-05:00,1.35528,1.35549,1.35528,1.35548,0
2026-02-17T23:25:00-05:00,1.35548,1.35559,1.35537,1.35538,0
2026-02-17T23:30:00-05:00,1.35538,1.3554,1.35528,1.35537,0
2026-02-17T23:35:00-05:00,1.35537,1.35554,1.35529,1.35554,0
2026-02-17T23:40:00-05:00,1.35554,1.3556,1.35548,1.35549,0
2026-02-17T23:45:00-05:00,1.35549,1.35558,1.35539,1.35548,0
2026-02-17T23:50:00-05:00,1.35548,1.35554,1.35536,1.35542,0
2026-02-17T23:55:00-05:00,1.35542,1.35551,1.35539,1.35542,0
2026-02-18T00:00:00-05:00,1.35542,1.35545,1.35538,1.35539,0
2026-02-18T00:05:00-05:00,1.35539,1.3555,1.35539,1.3555,0
2026-02-18T00:10:00-05:00,1.3555,1.3557,1.35548,1.35563,0
2026-02-18T00:15:00-05:00,1.35563,1.35572,1.35562,1.35569,0
2026-02-18T00:20:00-05:00,1.35569,1.35572,1.35563,1.35566,0
2026-02-18T00:25:00-05:00,1.35566,1.35571,1.35557,1.3557,0
2026-02-18T00:30:00-05:00,1.3557,1.3557,1.3556,1.35565,0
2026-02-18T00:35:00-05:00,1.35565,1.35574,1.35557,1.3556,0
2026-02-18T00:40:00-05:00,1.3556,1.35585,1.3556,1.35579,0
2026-02-18T00:45:00-05:00,1.35579,1.35579,1.35564,1.3557,0
2026-02-18T00:50:00-05:00,1.3557,1.35572,1.35566,1.35568,0
2026-02-18T00:55:00-05:00,1.35568,1.35579,1.35566,1.35578,0
2026-02-18T01:00:00-05:00,1.35578,1.35595,1.35576,1.35589,0
2026-02-18T01:05:00-05:00,1.35589,1.35597,1.35568,1.35579,0
2026-02-18T01:10:00-05:00,1.35579,1.3558,1.35559,1.3556,0
2026-02-18T01:15:00-05:00,1.3556,1.35562,1.35538,1.35556,0
2026-02-18T01:20:00-05:00,1.35556,1.35561,1.35546,1.35559,0
2026-02-18T01:25:00-05:00,1.35559,1.35562,1.3555,1.35559,0
2026-02-18T01:30:00-05:00,1.35559,1.3558,1.35557,1.35574,0
2026-02-18T01:35:00-05:00,1.35574,1.35581,1.35559,1.3556,0
2026-02-18T01:40:00-05:00,1.3556,1.3557,1.35551,1.35569,0
2026-02-18T01:45:00-05:00,1.35569,1.35576,1.35563,1.35573,0
2026-02-18T01:50:00-05:00,1.35573,1.3559,1.35567,1.35589,0
2026-02-18T01:55:00-05:00,1.35589,1.35603,1.3558,1.35589,0
2026-02-18T02:00:00-05:00,1.35589,1.35665,1.35586,1.35641,0
2026-02-18T02:05:00-05:00,1.35641,1.35787,1.35586,1.35628,0
2026-02-18T02:10:00-05:00,1.35628,1.35633,1.3559,1.35602,0
2026-02-18T02:15:00-05:00,1.35602,1.35621,1.35569,1.35573,0
2026-02-18T02:20:00-05:00,1.35573,1.3559,1.35556,1.35571,0
2026-02-18T02:25:00-05:00,1.35571,1.35608,1.35567,1.3557,0
2026-02-18T02:30:00-05:00,1.3557,1.3558,1.35561,1.35566,0
2026-02-18T02:35:00-05:00,1.35566,1.35614,1.35556,1.35612,0
2026-02-18T02:40:00-05:00,1.35612,1.35615,1.35574,1.3561,0
2026-02-18T02:45:00-05:00,1.3561,1.35631,1.35562,1.35613,0
2026-02-18T02:50:00-05:00,1.35613,1.35628,1.35539,1.35552,0
2026-02-18T02:55:00-05:00,1.35552,1.35623,1.35538,1.35622,0
2026-02-18T03:00:00-05:00,1.35622,1.35642,1.35604,1.35616,0
2026-02-18T03:05:00-05:00,1.35616,1.35682,1.35614,1.3563,0
2026-02-18T03:10:00-05:00,1.3563,1.35638,1.35594,1.35618,0
2026-02-18T03:15:00-05:00,1.35618,1.35643,1.35607,1.35623,0
2026-02-18T03:20:00-05:00,1.35623,1.35672,1.35617,1.35652,0
2026-02-18T03:25:00-05:00,1.35652,1.35669,1.35571,1.35573,0
2026-02-18T03:30:00-05:00,1.35573,1.35625,1.35571,1.35621,0
2026-02-18T03:35:00-05:00,1.35621,1.35649,1.35618,1.35648,0
2026-02-18T03:40:00-05:00,1.35648,1.35654,1.35628,1.3563,0
2026-02-18T03:45:00-05:00,1.3563,1.35641,1.35584,1.35594,0
2026-02-18T03:50:00-05:00,1.35594,1.35645,1.35594,1.35623,0
2026-02-18T03:55:00-05:00,1.35623,1.35641,1.35606,1.35614,0
2026-02-18T04:00:00-05:00,1.35614,1.35681,1.3561,1.35658,0
2026-02-18T04:05:00-05:00,1.35658,1.35718,1.35653,1.35705,0
2026-02-18T04:10:00-05:00,1.35705,1.3576,1.35702,1.35752,0
2026-02-18T04:15:00-05:00,1.35752,1.35753,1.35708,1.35732,0
2026-02-18T04:20:00-05:00,1.35732,1.35732,1.35695,1.35705,0
2026-02-18T04:25:00-05:00,1.35705,1.35722,1.35701,1.35715,0
2026-02-18T04:30:00-05:00,1.35715,1.35715,1.35696,1.35705,0
2026-02-18T04:35:00-05:00,1.35705,1.35705,1.35671,1.35671,0
2026-02-18T04:40:00-05:00,1.35671,1.3569,1.35669,1.35678,0
2026-02-18T04:45:00-05:00,1.35678,1.3569,1.35658,1.35668,0
2026-02-18T04:50:00-05:00,1.35668,1.35691,1.3566,1.35688,0
2026-02-18T04:55:00-05:00,1.35688,1.35755,1.35676,1.35748,0
2026-02-18T05:00:00-05:00,1.35748,1.35791,1.35742,1.35747,0
2026-02-18T05:05:00-05:00,1.35747,1.3579,1.35739,1.35762,0
2026-02-18T05:10:00-05:00,1.35762,1.3582,1.35762,1.3578,0
2026-02-18T05:15:00-05:00,1.3578,1.3579,1.3576,1.35762,0
2026-02-18T05:20:00-05:00,1.35762,1.35774,1.35756,1.35757,0
2026-02-18T05:25:00-05:00,1.35757,1.35819,1.35753,1.3581,0
2026-02-18T05:30:00-05:00,1.3581,1.35821,1.35793,1.35806,0
2026-02-18T05:35:00-05:00,1.35806,1.35811,1.3571,1.35712,0
2026-02-18T05:40:00-05:00,1.35712,1.35724,1.35701,1.35719,0
2026-02-18T05:45:00-05:00,1.35719,1.35719,1.35676,1.35702,0
2026-02-18T05:50:00-05:00,1.35702,1.35756,1.35702,1.35745,0
2026-02-18T05:55:00-05:00,1.35745,1.35749,1.35709,1.35709,0
2026-02-18T06:00:00-05:00,1.35709,1.35711,1.35658,1.35662,0
2026-02-18T06:05:00-05:00,1.35662,1.35682,1.35661,1.35674,0
2026-02-18T06:10:00-05:00,1.35674,1.35682,1.35662,1.35665,0
2026-02-18T06:15:00-05:00,1.35665,1.35679,1.35658,1.35678,0
2026-02-18T06:20:00-05:00,1.35678,1.35699,1.35657,1.35698,0
2026-02-18T06:25:00-05:00,1.35698,1.35716,1.35674,1.3571,0
2026-02-18T06:30:00-05:00,1.3571,1.35723,1.3569,1.35702,0
2026-02-18T06:35:00-05:00,1.35702,1.35722,1.35701,1.35709,0
2026-02-18T06:40:00-05:00,1.35709,1.35722,1.357,1.3572,0
2026-02-18T06:45:00-05:00,1.3572,1.35721,1.35701,1.35709,0
2026-02-18T06:50:00-05:00,1.35709,1.35729,1.35705,1.35721,0
2026-02-18T06:55:00-05:00,1.35721,1.35749,1.35712,1.35718,0
2026-02-18T07:00:00-05:00,1.35718,1.35737,1.35685,1.35736,0
2026-02-18T07:05:00-05:00,1.35736,1.35787,1.35726,1.35737,0
2026-02-18T07:10:00-05:00,1.35737,1.35741,1.35718,1.35728,0
2026-02-18T07:15:00-05:00,1.35728,1.3577,1.35728,1.35762,0
2026-02-18T07:20:00-05:00,1.35762,1.35797,1.35755,1.3576,0
2026-02-18T07:25:00-05:00,1.3576,1.358,1.3575,1.35791,0
2026-02-18T07:30:00-05:00,1.35791,1.35801,1.35772,1.35793,0
2026-02-18T07:35:00-05:00,1.35793,1.35797,1.35743,1.35767,0
2026-02-18T07:40:00-05:00,1.35767,1.358,1.35766,1.35791,0
2026-02-18T07:45:00-05:00,1.35791,1.358,1.35772,1.35773,0
2026-02-18T07:50:00-05:00,1.35773,1.3578,1.35745,1.35763,0
2026-02-18T07:55:00-05:00,1.35763,1.35766,1.35715,1.35716,0
2026-02-18T08:00:00-05:00,1.35716,1.35749,1.35698,1.35735,0
2026-02-18T08:05:00-05:00,1.35735,1.35791,1.35732,1.35787,0
2026-02-18T08:10:00-05:00,1.35787,1.35815,1.35779,1.35779,0
2026-02-18T08:15:00-05:00,1.35779,1.35786,1.35756,1.35766,0
2026-02-18T08:20:00-05:00,1.35766,1.35783,1.35746,1.35747,0
2026-02-18T08:25:00-05:00,1.35747,1.35754,1.35678,1.35698,0
2026-02-18T08:30:00-05:00,1.35698,1.357,1.35655,1.35665,0
2026-02-18T08:35:00-05:00,1.35665,1.35691,1.3564,1.3564,0
2026-02-18T08:40:00-05:00,1.3564,1.35674,1.35631,1.35642,0
2026-02-18T08:45:00-05:00,1.35642,1.35657,1.3562,1.35627,0
2026-02-18T08:50:00-05:00,1.35627,1.35651,1.35608,1.35632,0
2026-02-18T08:55:00-05:00,1.35632,1.3564,1.35587,1.35608,0
2026-02-18T09:00:00-05:00,1.35608,1.35608,1.35521,1.35522,0
2026-02-18T09:05:00-05:00,1.35522,1.35587,1.35509,1.3556,0
2026-02-18T09:10:00-05:00,1.3556,1.35566,1.35464,1.35486,0
2026-02-18T09:15:00-05:00,1.35486,1.35499,1.35439,1.35497,0
2026-02-18T09:20:00-05:00,1.35497,1.35501,1.35414,1.35428,0
2026-02-18T09:25:00-05:00,1.35428,1.35428,1.35329,1.35339,0
2026-02-18T09:30:00-05:00,1.35339,1.3542,1.35336,1.35366,0
2026-02-18T09:35:00-05:00,1.35366,1.35431,1.35336,1.3538,0
2026-02-18T09:40:00-05:00,1.3538,1.3542,1.35349,1.35409,0
2026-02-18T09:45:00-05:00,1.35409,1.35433,1.3537,1.3539,0
2026-02-18T09:50:00-05:00,1.3539,1.35402,1.35366,1.35389,0
2026-02-18T09:55:00-05:00,1.35389,1.35434,1.35379,1.35423,0
2026-02-18T10:00:00-05:00,1.35423,1.35423,1.35352,1.3537,0
2026-02-18T10:05:00-05:00,1.3537,1.35521,1.35355,1.35511,0
2026-02-18T10:10:00-05:00,1.35511,1.35516,1.35406,1.35425,0
2026-02-18T10:15:00-05:00,1.35425,1.35428,1.35358,1.35379,0
2026-02-18T10:20:00-05:00,1.35379,1.35421,1.35356,1.35408,0
2026-02-18T10:25:00-05:00,1.35408,1.35413,1.3536,1.35367,0
2026-02-18T10:30:00-05:00,1.35367,1.35422,1.35366,1.35417,0
2026-02-18T10:35:00-05:00,1.35417,1.35448,1.35414,1.35439,0
2026-02-18T10:40:00-05:00,1.35439,1.35488,1.35438,1.35487,0
2026-02-18T10:45:00-05:00,1.35487,1.35529,1.35477,1.35497,0
2026-02-18T10:50:00-05:00,1.35497,1.35539,1.35461,1.35526,0
2026-02-18T10:55:00-05:00,1.35526,1.35526,1.3539,1.35418,0
2026-02-18T11:00:00-05:00,1.35418,1.35464,1.35417,1.35458,0
2026-02-18T11:05:00-05:00,1.35458,1.35547,1.35438,1.35547,0
2026-02-18T11:10:00-05:00,1.35547,1.35576,1.35513,1.35513,0
2026-02-18T11:15:00-05:00,1.35513,1.3552,1.35461,1.35512,0
2026-02-18T11:20:00-05:00,1.35512,1.35512,1.35476,1.35488,0
2026-02-18T11:25:00-05:00,1.35488,1.35492,1.35458,1.35488,0
2026-02-18T11:30:00-05:00,1.35488,1.35502,1.3545,1.35467,0
2026-02-18T11:35:00-05:00,1.35467,1.35496,1.35463,1.35491,0
2026-02-18T11:40:00-05:00,1.35491,1.355,1.35435,1.35437,0
2026-02-18T11:45:00-05:00,1.35437,1.35475,1.35431,1.35439,0
2026-02-18T11:50:00-05:00,1.35439,1.35447,1.35415,1.35417,0
2026-02-18T11:55:00-05:00,1.35417,1.3543,1.35351,1.35366,0
2026-02-18T12:00:00-05:00,1.35366,1.3538,1.35336,1.35337,0
2026-02-18T12:05:00-05:00,1.35337,1.35359,1.35305,1.35337,0
2026-02-18T12:10:00-05:00,1.35337,1.35356,1.35332,1.3534,0
2026-02-18T12:15:00-05:00,1.3534,1.35366,1.35324,1.3534,0
2026-02-18T12:20:00-05:00,1.3534,1.3534,1.3529,1.35295,0
2026-02-18T12:25:00-05:00,1.35295,1.35335,1.35295,1.35318,0
2026-02-18T12:30:00-05:00,1.35318,1.35319,1.35288,1.35319,0
2026-02-18T12:35:00-05:00,1.35319,1.35329,1.35275,1.3528,0
2026-02-18T12:40:00-05:00,1.3528,1.35281,1.3516,1.35189,0
2026-02-18T12:45:00-05:00,1.35189,1.35221,1.35184,1.35197,0
2026-02-18T12:50:00-05:00,1.35197,1.35217,1.35136,1.35155,0
2026-02-18T12:55:00-05:00,1.35155,1.35186,1.35128,1.35178,0
2026-02-18T13:00:00-05:00,1.35178,1.35221,1.35163,1.35221,0
2026-02-18T13:05:00-05:00,1.35221,1.35257,1.35218,1.35238,0
2026-02-18T13:10:00-05:00,1.35238,1.35239,1.35188,1.35214,0
2026-02-18T13:15:00-05:00,1.35214,1.35216,1.35194,1.35207,0
2026-02-18T13:20:00-05:00,1.35207,1.35207,1.3517,1.35177,0
2026-02-18T13:25:00-05:00,1.35177,1.35178,1.35115,1.35135,0
2026-02-18T13:30:00-05:00,1.35135,1.35148,1.35113,1.35144,0
2026-02-18T13:35:00-05:00,1.35144,1.35148,1.35096,1.351,0
2026-02-18T13:40:00-05:00,1.351,1.35116,1.35082,1.35105,0
2026-02-18T13:45:00-05:00,1.35105,1.35105,1.35075,1.35075,0
2026-02-18T13:50:00-05:00,1.35075,1.351,1.35059,1.35096,0
2026-02-18T13:55:00-05:00,1.35096,1.35097,1.35067,1.35087,0
2026-02-18T14:00:00-05:00,1.35087,1.35142,1.35086,1.35142,0
2026-02-18T14:05:00-05:00,1.35142,1.35151,1.35048,1.35088,0
2026-02-18T14:10:00-05:00,1.35088,1.35103,1.35024,1.3504,0
2026-02-18T14:15:00-05:00,1.3504,1.35053,1.35024,1.35031,0
2026-02-18T14:20:00-05:00,1.35031,1.3504,1.35017,1.35033,0
2026-02-18T14:25:00-05:00,1.35033,1.35038,1.35003,1.35028,0
2026-02-18T14:30:00-05:00,1.35028,1.3507,1.34997,1.35006,0
2026-02-18T14:35:00-05:00,1.35006,1.35041,1.34984,1.35031,0
2026-02-18T14:40:00-05:00,1.35031,1.35034,1.34997,1.35004,0
2026-02-18T14:45:00-05:00,1.35004,1.35006,1.34973,1.34989,0
2026-02-18T14:50:00-05:00,1.34989,1.35023,1.3498,1.34987,0
2026-02-18T14:55:00-05:00,1.34987,1.34993,1.34973,1.34986,0
2026-02-18T15:00:00-05:00,1.34986,1.35006,1.34979,1.35,0
2026-02-18T15:05:00-05:00,1.35,1.35042,1.35,1.35041,0
2026-02-18T15:10:00-05:00,1.35041,1.35048,1.35021,1.35031,0
2026-02-18T15:15:00-05:00,1.35031,1.35031,1.34978,1.34995,0
2026-02-18T15:20:00-05:00,1.34995,1.3501,1.34991,1.35009,0
2026-02-18T15:25:00-05:00,1.35009,1.3502,1.34991,1.34999,0
2026-02-18T15:30:00-05:00,1.34999,1.35,1.34959,1.3496,0
2026-02-18T15:35:00-05:00,1.3496,1.35001,1.3495,1.34998,0
2026-02-18T15:40:00-05:00,1.34998,1.34998,1.34987,1.3499,0
2026-02-18T15:45:00-05:00,1.3499,1.34998,1.34977,1.34977,0
2026-02-18T15:50:00-05:00,1.34977,1.3499,1.34968,1.3499,0
2026-02-18T15:55:00-05:00,1.3499,1.35011,1.34985,1.34988,0
2026-02-18T16:00:00-05:00,1.34988,1.35001,1.34971,1.34996,0
2026-02-18T16:05:00-05:00,1.34996,1.35016,1.34987,1.35013,0
2026-02-18T16:10:00-05:00,1.35013,1.35021,1.35011,1.35017,0
2026-02-18T16:15:00-05:00,1.35017,1.35017,1.34984,1.34985,0
2026-02-18T16:20:00-05:00,1.34985,1.34997,1.34981,1.34996,0
2026-02-18T16:25:00-05:00,1.34996,1.35,1.34996,1.34997,0
2026-02-18T16:30:00-05:00,1.34997,1.35007,1.34997,1.35001,0
2026-02-18T16:35:00-05:00,1.35001,1.35001,1.34989,1.3499,0
2026-02-18T16:40:00-05:00,1.3499,1.34991,1.34974,1.34984,0
2026-02-18T16:45:00-05:00,1.34984,1.34996,1.34984,1.3499,0
2026-02-18T16:50:00-05:00,1.3499,1.34991,1.34974,1.34976,0
2026-02-18T16:55:00-05:00,1.34976,1.34978,1.34938,1.34957,0
2026-02-18T17:00:00-05:00,1.34957,1.34957,1.34916,1.34947,0
2026-02-18T17:20:00-05:00,1.34981,1.35025,1.34978,1.34986,0
2026-02-18T17:25:00-05:00,1.34986,1.35032,1.34977,1.34991,0
2026-02-18T17:30:00-05:00,1.34991,1.34992,1.34984,1.34987,0
2026-02-18T17:35:00-05:00,1.34987,1.34989,1.3498,1.3498,0
2026-02-18T17:40:00-05:00,1.3498,1.34984,1.34973,1.34976,0
2026-02-18T17:45:00-05:00,1.34976,1.34989,1.34976,1.34981,0
2026-02-18T17:50:00-05:00,1.34981,1.34983,1.34975,1.34977,0
2026-02-18T17:55:00-05:00,1.34977,1.34983,1.34973,1.34983,0
2026-02-18T18:00:00-05:00,1.34983,1.34993,1.34974,1.34993,0
2026-02-18T18:05:00-05:00,1.34993,1.34994,1.3496,1.3497,0
2026-02-18T18:10:00-05:00,1.3497,1.34982,1.34969,1.34981,0
2026-02-18T18:15:00-05:00,1.34981,1.34983,1.34969,1.34973,0
2026-02-18T18:20:00-05:00,1.34973,1.3498,1.34952,1.34952,0
2026-02-18T18:25:00-05:00,1.34952,1.34958,1.34943,1.34951,0
2026-02-18T18:30:00-05:00,1.34951,1.34974,1.34951,1.34971,0
2026-02-18T18:35:00-05:00,1.34971,1.3498,1.34964,1.34979,0
2026-02-18T18:40:00-05:00,1.34979,1.3498,1.34957,1.3496,0
2026-02-18T18:45:00-05:00,1.3496,1.34966,1.34956,1.34961,0
2026-02-18T18:50:00-05:00,1.34961,1.34969,1.34957,1.3496,0
2026-02-18T18:55:00-05:00,1.3496,1.3496,1.34956,1.34959,0
2026-02-18T19:00:00-05:00,1.34959,1.34959,1.34947,1.34952,0
2026-02-18T19:05:00-05:00,1.34952,1.34959,1.3494,1.3494,0
2026-02-18T19:10:00-05:00,1.3494,1.34949,1.34936,1.3494,0
2026-02-18T19:15:00-05:00,1.3494,1.34952,1.34936,1.34941,0
2026-02-18T19:20:00-05:00,1.34941,1.34943,1.34934,1.34936,0
2026-02-18T19:25:00-05:00,1.34936,1.3495,1.3493,1.3495,0
2026-02-18T19:30:00-05:00,1.3495,1.34962,1.34949,1.3496,0
2026-02-18T19:35:00-05:00,1.3496,1.3498,1.34939,1.34939,0
2026-02-18T19:40:00-05:00,1.34939,1.3494,1.34915,1.34928,0
2026-02-18T19:45:00-05:00,1.34928,1.34929,1.34899,1.34906,0
2026-02-18T19:50:00-05:00,1.34906,1.34925,1.34905,1.34919,0
2026-02-18T19:55:00-05:00,1.34919,1.34931,1.34889,1.34896,0
2026-02-18T20:00:00-05:00,1.34896,1.34918,1.34885,1.34896,0
2026-02-18T20:05:00-05:00,1.34896,1.34986,1.34896,1.3496,0
2026-02-18T20:10:00-05:00,1.3496,1.34976,1.34939,1.34966,0
2026-02-18T20:15:00-05:00,1.34966,1.34984,1.34957,1.34981,0
2026-02-18T20:20:00-05:00,1.34981,1.3499,1.34962,1.34966,0
2026-02-18T20:25:00-05:00,1.34966,1.34969,1.34937,1.3494,0
2026-02-18T20:30:00-05:00,1.3494,1.34954,1.34936,1.34937,0
2026-02-18T20:35:00-05:00,1.34937,1.34945,1.34925,1.34941,0
2026-02-18T20:40:00-05:00,1.34941,1.34946,1.34918,1.3493,0
2026-02-18T20:45:00-05:00,1.3493,1.34936,1.34922,1.34931,0
2026-02-18T20:50:00-05:00,1.34931,1.34946,1.34928,1.3494,0
2026-02-18T20:55:00-05:00,1.3494,1.34957,1.34933,1.34954,0
2026-02-18T21:00:00-05:00,1.34954,1.34972,1.34949,1.34966,0
2026-02-18T21:05:00-05:00,1.34966,1.34969,1.34931,1.3495,0
2026-02-18T21:10:00-05:00,1.3495,1.34954,1.3494,1.34949,0
2026-02-18T21:15:00-05:00,1.34949,1.34952,1.34945,1.3495,0
2026-02-18T21:20:00-05:00,1.3495,1.3495,1.34931,1.34949,0
2026-02-18T21:25:00-05:00,1.34949,1.34963,1.34929,1.34929,0
2026-02-18T21:30:00-05:00,1.34929,1.3495,1.34919,1.34932,0
2026-02-18T21:35:00-05:00,1.34932,1.34971,1.34929,1.34961,0
2026-02-18T21:40:00-05:00,1.34961,1.34962,1.3494,1.34959,0
2026-02-18T21:45:00-05:00,1.34959,1.34971,1.34954,1.3496,0
2026-02-18T21:50:00-05:00,1.3496,1.34969,1.34956,1.34959,0
2026-02-18T21:55:00-05:00,1.34959,1.34959,1.34923,1.34937,0
2026-02-18T22:00:00-05:00,1.34937,1.34949,1.34929,1.34947,0
2026-02-18T22:05:00-05:00,1.34947,1.3498,1.34946,1.3496,0
2026-02-18T22:10:00-05:00,1.3496,1.3497,1.3496,1.34969,0
2026-02-18T22:15:00-05:00,1.34969,1.3497,1.34946,1.34959,0
2026-02-18T22:20:00-05:00,1.34959,1.34966,1.34947,1.3496,0
2026-02-18T22:25:00-05:00,1.3496,1.34962,1.3494,1.34946,0
2026-02-18T22:30:00-05:00,1.34946,1.34949,1.34928,1.34939,0
2026-02-18T22:35:00-05:00,1.34939,1.34939,1.34905,1.3492,0
2026-02-18T22:40:00-05:00,1.3492,1.3492,1.34903,1.34909,0
2026-02-18T22:45:00-05:00,1.34909,1.34922,1.34905,1.34909,0
2026-02-18T22:50:00-05:00,1.34909,1.34918,1.34899,1.34905,0
2026-02-18T22:55:00-05:00,1.34905,1.34906,1.34883,1.34898,0
2026-02-18T23:00:00-05:00,1.34898,1.34912,1.34898,1.3491,0
2026-02-18T23:05:00-05:00,1.3491,1.34926,1.34897,1.34905,0
2026-02-18T23:10:00-05:00,1.34905,1.34909,1.34885,1.34885,0
2026-02-18T23:15:00-05:00,1.34885,1.34891,1.34882,1.34888,0
2026-02-18T23:20:00-05:00,1.34888,1.34899,1.34887,1.34888,0
2026-02-18T23:25:00-05:00,1.34888,1.34889,1.34862,1.34879,0
2026-02-18T23:30:00-05:00,1.34879,1.34879,1.34848,1.34851,0
2026-02-18T23:35:00-05:00,1.34851,1.34875,1.34845,1.34869,0
2026-02-18T23:40:00-05:00,1.34868,1.34878,1.34855,1.34858,0
2026-02-18T23:45:00-05:00,1.34858,1.34866,1.34833,1.34833,0
2026-02-18T23:50:00-05:00,1.34833,1.34841,1.3482,1.3482,0
2026-02-18T23:55:00-05:00,1.3482,1.3484,1.34818,1.34829,0
2026-02-19T00:00:00-05:00,1.34829,1.34854,1.34828,1.34838,0
