{
  "pnls": {
    "PnL (total)": -14146.33,
    "PnL% (total)": -14.14633,
    "Max Winner": 564.61,
    "Avg Winner": 496.53988235294133,
    "Min Winner": 472.89,
    "Min Loser": -18.64,
    "Avg Loser": -354.41647798742144,
    "Max Loser": -394.69,
    "Expectancy": -57.97676229508194,
    "Win Rate": 0.3483606557377049
  },
  "general": {
    "Long Ratio": 0.5,
    "Total trades": 244,
    "Sharpe ratio": -0.132,
    "Profit factor": 0.0,
    "Max drawdown": 0.0
  },
  "rejected_signals_count": 20985
}