{
  "pnls": {
    "PnL (total)": -3917.29,
    "PnL% (total)": -3.9172899999999933,
    "Max Winner": 615.47,
    "Avg Winner": 517.5236842105263,
    "Min Winner": 495.45,
    "Min Loser": 0.0,
    "Avg Loser": -205.22746268656712,
    "Max Loser": -255.69,
    "Expectancy": -45.5498837209302,
    "Win Rate": 0.22093023255813954
  },
  "general": {
    "Long Ratio": "0.52",
    "Total trades": 0,
    "Sharpe ratio": 0.0,
    "Profit factor": 0.0,
    "Max drawdown": 0.0
  },
  "rejected_signals_count": 777
}