{
  "pnls": {
    "PnL (total)": 383.42,
    "PnL% (total)": 0.38341999999999826,
    "Max Winner": 544.51,
    "Avg Winner": 490.9171428571429,
    "Min Winner": 96.44,
    "Min Loser": 0.0,
    "Avg Loser": -215.77913043478262,
    "Max Loser": -255.71,
    "Expectancy": 5.722686567164203,
    "Win Rate": 0.31343283582089554
  },
  "general": {
    "Long Ratio": "0.51"
  },
  "rejected_signals_count": 1019
}