{
  "pnls": {
    "PnL (total)": 6231.3,
    "PnL% (total)": 6.231300000000003,
    "Max Winner": 494.89,
    "Avg Winner": 494.135625,
    "Min Winner": 479.89,
    "Min Loser": -75.12,
    "Avg Loser": -299.40749999999997,
    "Max Loser": -316.69,
    "Expectancy": 97.36406250000002,
    "Win Rate": 0.5
  },
  "general": {
    "Long Ratio": "0.48",
    "Total trades": 0,
    "Sharpe ratio": 0.0,
    "Profit factor": 0.0,
    "Max drawdown": 0.0
  },
  "rejected_signals_count": 312
}