{
  "pnls": {
    "PnL (total)": -959.95,
    "PnL% (total)": -0.9599499999999971,
    "Max Winner": 607.49,
    "Avg Winner": 489.8627272727272,
    "Min Winner": 38.3,
    "Min Loser": 0.0,
    "Avg Loser": -184.1443010752688,
    "Max Loser": -255.71,
    "Expectancy": -7.618650793650801,
    "Win Rate": 0.2619047619047619
  },
  "general": {
    "Long Ratio": "0.52"
  },
  "rejected_signals_count": 802
}