{
  "pnls": {
    "PnL (total)": 8998.3,
    "PnL% (total)": 8.998300000000004,
    "Max Winner": 494.89,
    "Avg Winner": 469.3066666666667,
    "Min Winner": 8.38,
    "Min Loser": -93.52,
    "Avg Loser": -329.0308333333333,
    "Max Loser": -356.69,
    "Expectancy": 149.97166666666666,
    "Win Rate": 0.6
  },
  "general": {
    "Long Ratio": "0.50",
    "Total trades": 0,
    "Sharpe ratio": 0.0,
    "Profit factor": 0.0,
    "Max drawdown": 0.0
  },
  "rejected_signals_count": 276
}