{
  "pnls": {
    "PnL (total)": -517.74,
    "PnL% (total)": -0.5177400000000052,
    "Max Winner": 494.83,
    "Avg Winner": 494.64,
    "Min Winner": 494.31,
    "Min Loser": -356.49,
    "Avg Loser": -356.61428571428576,
    "Max Loser": -356.68,
    "Expectancy": -47.06727272727276,
    "Win Rate": 0.36363636363636365
  },
  "general": {
    "Long Ratio": 0.45,
    "Total trades": 11,
    "Sharpe ratio": -0.072,
    "Profit factor": 0.0,
    "Max drawdown": 0.0
  },
  "rejected_signals_count": 691
}