{
  "pnls": {
    "PnL (total)": -1570.21,
    "PnL% (total)": -1.5702100000000063,
    "Max Winner": 670.38,
    "Avg Winner": 455.99285714285713,
    "Min Winner": 16.62,
    "Min Loser": 0.0,
    "Avg Loser": -204.82871428571428,
    "Max Loser": -255.71,
    "Expectancy": -16.022551020408173,
    "Win Rate": 0.2857142857142857
  },
  "general": {
    "Long Ratio": "0.50",
    "Total trades": 0,
    "Sharpe ratio": 0.0,
    "Profit factor": 0.0,
    "Max drawdown": 0.0
  },
  "rejected_signals_count": 3616
}