{
  "pnls": {
    "PnL (total)": 7177.75,
    "PnL% (total)": 7.17775,
    "Max Winner": 494.89,
    "Avg Winner": 479.8712121212121,
    "Min Winner": 8.38,
    "Min Loser": -95.2,
    "Avg Loser": -333.0,
    "Max Loser": -356.71,
    "Expectancy": 121.65677966101691,
    "Win Rate": 0.559322033898305
  },
  "general": {
    "Long Ratio": "0.49",
    "Total trades": 0,
    "Sharpe ratio": 0.0,
    "Profit factor": 0.0,
    "Max drawdown": 0.0
  },
  "rejected_signals_count": 294
}