{
  "pnls": {
    "PnL (total)": -3131.63,
    "PnL% (total)": -3.131630000000005,
    "Max Winner": 545.51,
    "Avg Winner": 510.4695238095238,
    "Min Winner": 495.31,
    "Min Loser": 0.0,
    "Avg Loser": -206.73865671641792,
    "Max Loser": -255.7,
    "Expectancy": -35.58670454545454,
    "Win Rate": 0.23863636363636365
  },
  "general": {
    "Long Ratio": "0.48",
    "Total trades": 0,
    "Sharpe ratio": 0.0,
    "Profit factor": 0.0,
    "Max drawdown": 0.0
  },
  "rejected_signals_count": 1406
}