{
  "pnls": {
    "PnL (total)": -5385.01,
    "PnL% (total)": -5.385009999999995,
    "Max Winner": 814.62,
    "Avg Winner": 746.1066037735848,
    "Min Winner": 733.33,
    "Min Loser": -46.64,
    "Avg Loser": -353.76897637795304,
    "Max Loser": -394.69,
    "Expectancy": -29.91672222222243,
    "Win Rate": 0.29444444444444445
  },
  "general": {
    "Long Ratio": 0.5,
    "Total trades": 180,
    "Sharpe ratio": -0.044,
    "Profit factor": 0.0,
    "Max drawdown": 0.0
  },
  "rejected_signals_count": 22917
}