{
  "pnls": {
    "PnL (total)": 9891.4,
    "PnL% (total)": 9.891399999999994,
    "Max Winner": 494.89,
    "Avg Winner": 494.6074285714286,
    "Min Winner": 494.31,
    "Min Loser": -48.16,
    "Avg Loser": -322.6026086956522,
    "Max Loser": -356.69,
    "Expectancy": 170.54137931034484,
    "Win Rate": 0.603448275862069
  },
  "general": {
    "Long Ratio": "0.50",
    "Total trades": 0,
    "Sharpe ratio": 0.0,
    "Profit factor": 0.0,
    "Max drawdown": 0.0
  },
  "rejected_signals_count": 287
}