{
  "pnls": {
    "PnL (total)": 0.0,
    "PnL% (total)": 0.0,
    "Max Winner": 0.31,
    "Avg Winner": 0.11299999999999999,
    "Min Winner": 0.03,
    "Min Loser": 0.0,
    "Avg Loser": -0.06647058823529413,
    "Max Loser": -0.17,
    "Expectancy": -1.3877787807814457e-17,
    "Win Rate": 0.37037037037037035
  },
  "general": {
    "Long Ratio": "1.00"
  },
  "rejected_signals_count": 1012
}