{
  "pnls": {
    "PnL (total)": -19276.1,
    "PnL% (total)": -19.276100000000007,
    "Max Winner": 579.43,
    "Avg Winner": 495.2548120300753,
    "Min Winner": 494.25,
    "Min Loser": -251.17,
    "Avg Loser": -256.4608132530121,
    "Max Loser": -256.73,
    "Expectancy": -41.45397849462365,
    "Win Rate": 0.2860215053763441
  },
  "general": {
    "Long Ratio": 0.5,
    "Total trades": 465,
    "Sharpe ratio": -0.107,
    "Profit factor": 0.0,
    "Max drawdown": 0.0
  },
  "rejected_signals_count": 338391
}