{
  "pnls": {
    "PnL (total)": -2348.1,
    "PnL% (total)": -2.348100000000006,
    "Max Winner": 299.45,
    "Avg Winner": 293.3415196078431,
    "Min Winner": 33.43,
    "Min Loser": -102.58,
    "Avg Loser": -156.2557035175879,
    "Max Loser": -156.72,
    "Expectancy": -3.9004983388704217,
    "Win Rate": 0.3388704318936877
  },
  "general": {
    "Long Ratio": 0.5,
    "Total trades": 602,
    "Sharpe ratio": 0.007,
    "Profit factor": 0.0,
    "Max drawdown": 0.0
  },
  "rejected_signals_count": 146177
}