{
  "pnls": {
    "PnL (total)": 7184.36,
    "PnL% (total)": 7.184360000000001,
    "Max Winner": 494.89,
    "Avg Winner": 494.606875,
    "Min Winner": 494.31,
    "Min Loser": -26.16,
    "Avg Loser": -332.4253846153846,
    "Max Loser": -356.69,
    "Expectancy": 123.86827586206897,
    "Win Rate": 0.5517241379310345
  },
  "general": {
    "Long Ratio": "0.50",
    "Total trades": 0,
    "Sharpe ratio": 0.0,
    "Profit factor": 0.0,
    "Max drawdown": 0.0
  },
  "rejected_signals_count": 357
}