{
  "pnls": {
    "PnL (total)": 10068.86,
    "PnL% (total)": 10.06886,
    "Max Winner": 494.89,
    "Avg Winner": 481.92500000000007,
    "Min Winner": 38.46,
    "Min Loser": -26.16,
    "Avg Loser": -316.5408695652174,
    "Max Loser": -356.69,
    "Expectancy": 170.65864406779667,
    "Win Rate": 0.6101694915254238
  },
  "general": {
    "Long Ratio": "0.49",
    "Total trades": 0,
    "Sharpe ratio": 0.0,
    "Profit factor": 0.0,
    "Max drawdown": 0.0
  },
  "rejected_signals_count": 289
}