{
  "pnls": {
    "PnL (total)": 4214.91,
    "PnL% (total)": 4.214910000000003,
    "Max Winner": 494.89,
    "Avg Winner": 476.7146428571429,
    "Min Winner": 8.38,
    "Min Loser": -75.16,
    "Avg Loser": -246.84054054054056,
    "Max Loser": -256.71,
    "Expectancy": 64.84476923076926,
    "Win Rate": 0.4307692307692308
  },
  "general": {
    "Long Ratio": "0.49",
    "Total trades": 0,
    "Sharpe ratio": 0.0,
    "Profit factor": 0.0,
    "Max drawdown": 0.0
  },
  "rejected_signals_count": 215
}