{
  "pnls": {
    "PnL (total)": 4334.67,
    "PnL% (total)": 4.334669999999998,
    "Max Winner": 494.87,
    "Avg Winner": 494.07206896551725,
    "Min Winner": 479.89,
    "Min Loser": -69.54,
    "Avg Loser": -322.36838709677426,
    "Max Loser": -346.7,
    "Expectancy": 72.24449999999999,
    "Win Rate": 0.48333333333333334
  },
  "general": {
    "Long Ratio": "0.53",
    "Total trades": 0,
    "Sharpe ratio": 0.0,
    "Profit factor": 0.0,
    "Max drawdown": 0.0
  },
  "rejected_signals_count": 217
}