{
  "pnls": {
    "PnL (total)": -8444.68,
    "PnL% (total)": -8.444679999999993,
    "Max Winner": 545.35,
    "Avg Winner": 495.1862616822431,
    "Min Winner": 485.51,
    "Min Loser": -16.64,
    "Avg Loser": -355.084450867052,
    "Max Loser": -401.13,
    "Expectancy": -30.159571428571383,
    "Win Rate": 0.3821428571428571
  },
  "general": {
    "Long Ratio": 0.5,
    "Total trades": 280,
    "Sharpe ratio": -0.064,
    "Profit factor": 0.0,
    "Max drawdown": 0.0
  },
  "rejected_signals_count": 118828
}