{
  "pnls": {
    "PnL (total)": 1296.04,
    "PnL% (total)": 1.2960399999999936,
    "Max Winner": 744.87,
    "Avg Winner": 744.5043589743592,
    "Min Winner": 744.29,
    "Min Loser": -6.64,
    "Avg Loser": -254.49201834862373,
    "Max Loser": -285.69,
    "Expectancy": 8.757027027027162,
    "Win Rate": 0.2635135135135135
  },
  "general": {
    "Long Ratio": 0.5,
    "Total trades": 148,
    "Sharpe ratio": 0.032,
    "Profit factor": 0.0,
    "Max drawdown": 0.0
  },
  "rejected_signals_count": 6130
}