{
  "pnls": {
    "PnL (total)": 7353.38,
    "PnL% (total)": 7.353380000000005,
    "Max Winner": 494.89,
    "Avg Winner": 494.61406250000005,
    "Min Winner": 494.31,
    "Min Loser": -26.16,
    "Avg Loser": -325.93346153846153,
    "Max Loser": -356.71,
    "Expectancy": 126.78241379310344,
    "Win Rate": 0.5517241379310345
  },
  "general": {
    "Long Ratio": "0.50",
    "Total trades": 0,
    "Sharpe ratio": 0.0,
    "Profit factor": 0.0,
    "Max drawdown": 0.0
  },
  "rejected_signals_count": 302
}