{
  "pnls": {
    "PnL (total)": 2283.65,
    "PnL% (total)": 2.283649999999994,
    "Max Winner": 494.89,
    "Avg Winner": 494.63800000000003,
    "Min Winner": 494.35,
    "Min Loser": -158.12,
    "Avg Loser": -252.05749999999998,
    "Max Loser": -256.71,
    "Expectancy": 35.13307692307694,
    "Win Rate": 0.38461538461538464
  },
  "general": {
    "Long Ratio": "0.49",
    "Total trades": 0,
    "Sharpe ratio": 0.0,
    "Profit factor": 0.0,
    "Max drawdown": 0.0
  },
  "rejected_signals_count": 259
}