{
  "pnls": {
    "PnL (total)": 2572.03,
    "PnL% (total)": 2.572029999999999,
    "Max Winner": 494.89,
    "Avg Winner": 494.64166666666665,
    "Min Winner": 494.35,
    "Min Loser": -155.48,
    "Avg Loser": -251.33432432432434,
    "Max Loser": -256.71,
    "Expectancy": 42.164426229508166,
    "Win Rate": 0.39344262295081966
  },
  "general": {
    "Long Ratio": "0.48",
    "Total trades": 0,
    "Sharpe ratio": 0.0,
    "Profit factor": 0.0,
    "Max drawdown": 0.0
  },
  "rejected_signals_count": 270
}