{
  "pnls": {
    "PnL (total)": -2060.35,
    "PnL% (total)": -2.060350000000006,
    "Max Winner": 607.49,
    "Avg Winner": 453.3986046511629,
    "Min Winner": 16.67,
    "Min Loser": -9.2,
    "Avg Loser": -207.2739423076923,
    "Max Loser": -255.71,
    "Expectancy": -14.015986394557785,
    "Win Rate": 0.2925170068027211
  },
  "general": {
    "Long Ratio": "0.47"
  },
  "rejected_signals_count": 918
}