{
  "pnls": {
    "PnL (total)": -9530.16,
    "PnL% (total)": -9.530160000000004,
    "Max Winner": 762.73,
    "Avg Winner": 743.6247169811318,
    "Min Winner": 716.41,
    "Min Loser": -182.55,
    "Avg Loser": -256.24225130890045,
    "Max Loser": -314.53,
    "Expectancy": -39.05803278688526,
    "Win Rate": 0.21721311475409835
  },
  "general": {
    "Long Ratio": 0.5,
    "Total trades": 244,
    "Sharpe ratio": -0.079,
    "Profit factor": 0.0,
    "Max drawdown": 0.0
  },
  "rejected_signals_count": 19588
}