{
  "pnls": {
    "PnL (total)": -2939.68,
    "PnL% (total)": -2.939679999999993,
    "Max Winner": 314.91,
    "Avg Winner": 179.34493877551017,
    "Min Winner": 0.34,
    "Min Loser": -2.16,
    "Avg Loser": -107.76825287356323,
    "Max Loser": -206.7,
    "Expectancy": -4.323058823529422,
    "Win Rate": 0.3602941176470588
  },
  "general": {
    "Long Ratio": "0.52",
    "Total trades": 0,
    "Sharpe ratio": 0.0,
    "Profit factor": 0.0,
    "Max drawdown": 0.0
  },
  "rejected_signals_count": 7897
}