{
  "pnls": {
    "PnL (total)": -2455.94,
    "PnL% (total)": -2.4559400000000022,
    "Max Winner": 615.4,
    "Avg Winner": 490.66210526315797,
    "Min Winner": 16.28,
    "Min Loser": 0.0,
    "Avg Loser": -206.640701754386,
    "Max Loser": -255.71,
    "Expectancy": -32.315,
    "Win Rate": 0.25
  },
  "general": {
    "Long Ratio": "0.47"
  },
  "rejected_signals_count": 541
}