{
  "pnls": {
    "PnL (total)": 8925.48,
    "PnL% (total)": 8.925479999999995,
    "Max Winner": 494.89,
    "Avg Winner": 494.60085714285714,
    "Min Winner": 494.31,
    "Min Loser": -5.16,
    "Avg Loser": -349.3979166666666,
    "Max Loser": -396.69,
    "Expectancy": 151.2793220338983,
    "Win Rate": 0.5932203389830508
  },
  "general": {
    "Long Ratio": "0.49",
    "Total trades": 0,
    "Sharpe ratio": 0.0,
    "Profit factor": 0.0,
    "Max drawdown": 0.0
  },
  "rejected_signals_count": 270
}