{
  "pnls": {
    "PnL (total)": 7799.2,
    "PnL% (total)": 7.799199999999996,
    "Max Winner": 494.89,
    "Avg Winner": 472.87911764705893,
    "Min Winner": 8.38,
    "Min Loser": -33.16,
    "Avg Loser": -318.4111538461538,
    "Max Loser": -356.69,
    "Expectancy": 129.98666666666674,
    "Win Rate": 0.5666666666666667
  },
  "general": {
    "Long Ratio": "0.52",
    "Total trades": 0,
    "Sharpe ratio": 0.0,
    "Profit factor": 0.0,
    "Max drawdown": 0.0
  },
  "rejected_signals_count": 296
}