{
  "pnls": {
    "PnL (total)": 0.38,
    "PnL% (total)": 0.0003800000000046566,
    "Max Winner": 0.5,
    "Avg Winner": 0.43916666666666665,
    "Min Winner": 0.13,
    "Min Loser": -0.03,
    "Avg Loser": -0.20375000000000001,
    "Max Loser": -0.25,
    "Expectancy": 0.010555555555555513,
    "Win Rate": 0.3333333333333333
  },
  "general": {
    "Long Ratio": "0.56"
  },
  "rejected_signals_count": 107
}