{
  "pnls": {
    "PnL (total)": 6502.4,
    "PnL% (total)": 6.502399999999994,
    "Max Winner": 494.89,
    "Avg Winner": 494.6067741935484,
    "Min Winner": 494.31,
    "Min Loser": -26.16,
    "Avg Loser": -327.0522222222222,
    "Max Loser": -356.69,
    "Expectancy": 112.11034482758618,
    "Win Rate": 0.5344827586206896
  },
  "general": {
    "Long Ratio": "0.50",
    "Total trades": 0,
    "Sharpe ratio": 0.0,
    "Profit factor": 0.0,
    "Max drawdown": 0.0
  },
  "rejected_signals_count": 377
}