{
  "pnls": {
    "PnL (total)": 6246.48,
    "PnL% (total)": 6.246479999999996,
    "Max Winner": 494.87,
    "Avg Winner": 494.0977419354839,
    "Min Winner": 479.89,
    "Min Loser": -69.54,
    "Avg Loser": -335.94629629629634,
    "Max Loser": -366.69,
    "Expectancy": 107.6979310344827,
    "Win Rate": 0.5344827586206896
  },
  "general": {
    "Long Ratio": "0.52",
    "Total trades": 0,
    "Sharpe ratio": 0.0,
    "Profit factor": 0.0,
    "Max drawdown": 0.0
  },
  "rejected_signals_count": 218
}