{
  "pnls": {
    "PnL (total)": 3964.15,
    "PnL% (total)": 3.964149999999994,
    "Max Winner": 698.33,
    "Avg Winner": 694.6768,
    "Min Winner": 694.29,
    "Min Loser": -105.68,
    "Avg Loser": -155.8461627906977,
    "Max Loser": -156.73,
    "Expectancy": 35.713063063063046,
    "Win Rate": 0.22522522522522523
  },
  "general": {
    "Long Ratio": 0.5
  },
  "rejected_signals_count": 1126
}