{
  "pnls": {
    "PnL (total)": 579.36,
    "PnL% (total)": 0.5793600000000005,
    "Max Winner": 769.33,
    "Avg Winner": 245.48799999999997,
    "Min Winner": 5.3,
    "Min Loser": -16.66,
    "Avg Loser": -115.00474576271185,
    "Max Loser": -206.74,
    "Expectancy": 6.509662921348308,
    "Win Rate": 0.33707865168539325
  },
  "general": {
    "Long Ratio": "0.37"
  },
  "rejected_signals_count": 4601
}