{
  "pnls": {
    "PnL (total)": 1320.22,
    "PnL% (total)": 1.320220000000001,
    "Max Winner": 745.27,
    "Avg Winner": 256.71799999999996,
    "Min Winner": 8.3,
    "Min Loser": -3.7,
    "Avg Loser": -130.23102040816326,
    "Max Loser": -206.74,
    "Expectancy": 16.711645569620245,
    "Win Rate": 0.379746835443038
  },
  "general": {
    "Long Ratio": "0.43"
  },
  "rejected_signals_count": 4012
}