{
  "pnls": {
    "PnL (total)": 9823.32,
    "PnL% (total)": 9.823320000000008,
    "Max Winner": 494.89,
    "Avg Winner": 469.262972972973,
    "Min Winner": 8.38,
    "Min Loser": -92.54,
    "Avg Loser": -327.8004347826087,
    "Max Loser": -356.69,
    "Expectancy": 163.72200000000004,
    "Win Rate": 0.6166666666666667
  },
  "general": {
    "Long Ratio": "0.50",
    "Total trades": 0,
    "Sharpe ratio": 0.0,
    "Profit factor": 0.0,
    "Max drawdown": 0.0
  },
  "rejected_signals_count": 293
}