{
  "pnls": {
    "PnL (total)": -378.76,
    "PnL% (total)": -0.37875999999999477,
    "Max Winner": 494.83,
    "Avg Winner": 494.474,
    "Min Winner": 494.31,
    "Min Loser": -356.13,
    "Avg Loser": -356.39125,
    "Max Loser": -356.67,
    "Expectancy": -29.13538461538464,
    "Win Rate": 0.38461538461538464
  },
  "general": {
    "Long Ratio": 0.46,
    "Total trades": 13,
    "Sharpe ratio": -0.072,
    "Profit factor": 0.0,
    "Max drawdown": 0.0
  },
  "rejected_signals_count": 401
}