{
  "pnls": {
    "PnL (total)": -14252.72,
    "PnL% (total)": -14.252720000000002,
    "Max Winner": 494.89,
    "Avg Winner": 494.54568965517234,
    "Min Winner": 494.27,
    "Min Loser": -327.64,
    "Avg Loser": -356.31850746268617,
    "Max Loser": -356.75,
    "Expectancy": -44.96126182965279,
    "Win Rate": 0.3659305993690852
  },
  "general": {
    "Long Ratio": 0.51,
    "Total trades": 317,
    "Sharpe ratio": -0.097,
    "Profit factor": 0.0,
    "Max drawdown": 0.0
  },
  "rejected_signals_count": 367794
}