{
  "pnls": {
    "PnL (total)": -18707.08,
    "PnL% (total)": -18.70708,
    "Max Winner": 564.59,
    "Avg Winner": 496.01418604651167,
    "Min Winner": 472.89,
    "Min Loser": -12.64,
    "Avg Loser": -255.68458333333328,
    "Max Loser": -294.69,
    "Expectancy": -57.38368098159505,
    "Win Rate": 0.26380368098159507
  },
  "general": {
    "Long Ratio": 0.5,
    "Total trades": 326,
    "Sharpe ratio": -0.16,
    "Profit factor": 0.0,
    "Max drawdown": 0.0
  },
  "rejected_signals_count": 23185
}