{
  "pnls": {
    "PnL (total)": -259.54,
    "PnL% (total)": -0.2595399999999936,
    "Max Winner": 670.38,
    "Avg Winner": 404.6877083333333,
    "Min Winner": 6.82,
    "Min Loser": 0.0,
    "Avg Loser": -196.84550000000002,
    "Max Loser": -255.7,
    "Expectancy": -1.7536486486486353,
    "Win Rate": 0.32432432432432434
  },
  "general": {
    "Long Ratio": "0.44"
  },
  "rejected_signals_count": 2212
}