{
  "pnls": {
    "PnL (total)": 2776.26,
    "PnL% (total)": 2.776259999999995,
    "Max Winner": 494.89,
    "Avg Winner": 494.6337037037038,
    "Min Winner": 494.35,
    "Min Loser": -138.48,
    "Avg Loser": -251.87738095238097,
    "Max Loser": -256.71,
    "Expectancy": 40.23565217391308,
    "Win Rate": 0.391304347826087
  },
  "general": {
    "Long Ratio": "0.49",
    "Total trades": 0,
    "Sharpe ratio": 0.0,
    "Profit factor": 0.0,
    "Max drawdown": 0.0
  },
  "rejected_signals_count": 313
}