{
  "pnls": {
    "PnL (total)": 6009.27,
    "PnL% (total)": 6.009270000000004,
    "Max Winner": 494.89,
    "Avg Winner": 494.6146666666667,
    "Min Winner": 494.31,
    "Min Loser": -59.12,
    "Avg Loser": -294.3056666666667,
    "Max Loser": -316.69,
    "Expectancy": 100.15450000000001,
    "Win Rate": 0.5
  },
  "general": {
    "Long Ratio": "0.48",
    "Total trades": 0,
    "Sharpe ratio": 0.0,
    "Profit factor": 0.0,
    "Max drawdown": 0.0
  },
  "rejected_signals_count": 311
}