{
  "pnls": {
    "PnL (total)": 9903.8,
    "PnL% (total)": 9.903800000000002,
    "Max Winner": 494.89,
    "Avg Winner": 482.133888888889,
    "Min Winner": 45.46,
    "Min Loser": -5.62,
    "Avg Loser": -324.04434782608695,
    "Max Loser": -356.71,
    "Expectancy": 167.8610169491526,
    "Win Rate": 0.6101694915254238
  },
  "general": {
    "Long Ratio": "0.49",
    "Total trades": 0,
    "Sharpe ratio": 0.0,
    "Profit factor": 0.0,
    "Max drawdown": 0.0
  },
  "rejected_signals_count": 247
}