{
  "pnls": {
    "PnL (total)": 4084.26,
    "PnL% (total)": 4.084259999999994,
    "Max Winner": 494.89,
    "Avg Winner": 494.6246153846154,
    "Min Winner": 494.35,
    "Min Loser": -80.54,
    "Avg Loser": -243.7772222222222,
    "Max Loser": -256.71,
    "Expectancy": 65.87516129032261,
    "Win Rate": 0.41935483870967744
  },
  "general": {
    "Long Ratio": "0.48",
    "Total trades": 0,
    "Sharpe ratio": 0.0,
    "Profit factor": 0.0,
    "Max drawdown": 0.0
  },
  "rejected_signals_count": 334
}