{
  "pnls": {
    "PnL (total)": 7980.79,
    "PnL% (total)": 7.980789999999994,
    "Max Winner": 494.89,
    "Avg Winner": 494.6014285714285,
    "Min Winner": 494.31,
    "Min Loser": -30.54,
    "Avg Loser": -333.2235714285715,
    "Max Loser": -366.69,
    "Expectancy": 126.67920634920631,
    "Win Rate": 0.5555555555555556
  },
  "general": {
    "Long Ratio": "0.49",
    "Total trades": 0,
    "Sharpe ratio": 0.0,
    "Profit factor": 0.0,
    "Max drawdown": 0.0
  },
  "rejected_signals_count": 230
}