{
  "pnls": {
    "PnL (total)": 8017.4,
    "PnL% (total)": 8.017399999999993,
    "Max Winner": 494.89,
    "Avg Winner": 494.61939393939394,
    "Min Winner": 494.31,
    "Min Loser": -122.54,
    "Avg Loser": -332.20160000000004,
    "Max Loser": -356.69,
    "Expectancy": 138.23103448275862,
    "Win Rate": 0.5689655172413793
  },
  "general": {
    "Long Ratio": "0.50",
    "Total trades": 0,
    "Sharpe ratio": 0.0,
    "Profit factor": 0.0,
    "Max drawdown": 0.0
  },
  "rejected_signals_count": 290
}