{
  "pnls": {
    "PnL (total)": 7996.54,
    "PnL% (total)": 7.996539999999993,
    "Max Winner": 494.89,
    "Avg Winner": 480.30382352941183,
    "Min Winner": 8.38,
    "Min Loser": -30.52,
    "Avg Loser": -308.6588888888889,
    "Max Loser": -356.69,
    "Expectancy": 131.09081967213112,
    "Win Rate": 0.5573770491803278
  },
  "general": {
    "Long Ratio": "0.49",
    "Total trades": 0,
    "Sharpe ratio": 0.0,
    "Profit factor": 0.0,
    "Max drawdown": 0.0
  },
  "rejected_signals_count": 272
}