{
  "pnls": {
    "PnL (total)": 7428.76,
    "PnL% (total)": 7.428759999999995,
    "Max Winner": 494.89,
    "Avg Winner": 479.8648484848485,
    "Min Winner": 8.38,
    "Min Loser": -95.2,
    "Avg Loser": -323.33769230769235,
    "Max Loser": -356.71,
    "Expectancy": 125.91118644067791,
    "Win Rate": 0.559322033898305
  },
  "general": {
    "Long Ratio": "0.51",
    "Total trades": 0,
    "Sharpe ratio": 0.0,
    "Profit factor": 0.0,
    "Max drawdown": 0.0
  },
  "rejected_signals_count": 228
}