{
  "pnls": {
    "PnL (total)": -6917.71,
    "PnL% (total)": -6.917710000000006,
    "Max Winner": 606.86,
    "Avg Winner": 466.63322580645166,
    "Min Winner": 21.82,
    "Min Loser": -17.18,
    "Avg Loser": -215.99333333333334,
    "Max Loser": -255.72,
    "Expectancy": -53.213153846153816,
    "Win Rate": 0.23846153846153847
  },
  "general": {
    "Long Ratio": "0.50"
  },
  "rejected_signals_count": 900
}