{
  "pnls": {
    "PnL (total)": 8466.77,
    "PnL% (total)": 8.466770000000004,
    "Max Winner": 494.89,
    "Avg Winner": 468.5951428571429,
    "Min Winner": 8.38,
    "Min Loser": -101.19,
    "Avg Loser": -330.5858333333333,
    "Max Loser": -356.71,
    "Expectancy": 143.50457627118644,
    "Win Rate": 0.5932203389830508
  },
  "general": {
    "Long Ratio": "0.51",
    "Total trades": 0,
    "Sharpe ratio": 0.0,
    "Profit factor": 0.0,
    "Max drawdown": 0.0
  },
  "rejected_signals_count": 232
}