{
  "pnls": {
    "PnL (total)": 9289.74,
    "PnL% (total)": 9.289740000000005,
    "Max Winner": 494.89,
    "Avg Winner": 481.0880555555556,
    "Min Winner": 8.38,
    "Min Loser": -30.54,
    "Avg Loser": -321.17719999999997,
    "Max Loser": -356.69,
    "Expectancy": 152.2908196721312,
    "Win Rate": 0.5901639344262295
  },
  "general": {
    "Long Ratio": "0.51",
    "Total trades": 0,
    "Sharpe ratio": 0.0,
    "Profit factor": 0.0,
    "Max drawdown": 0.0
  },
  "rejected_signals_count": 192
}