{
  "pnls": {
    "PnL (total)": -1767.17,
    "PnL% (total)": -1.7671699999999981,
    "Max Winner": 544.51,
    "Avg Winner": 487.31444444444446,
    "Min Winner": 119.44,
    "Min Loser": 0.0,
    "Avg Loser": -202.6698076923077,
    "Max Loser": -255.7,
    "Expectancy": -25.245285714285714,
    "Win Rate": 0.2571428571428571
  },
  "general": {
    "Long Ratio": "0.49"
  },
  "rejected_signals_count": 761
}