{
  "pnls": {
    "PnL (total)": 10122.8,
    "PnL% (total)": 10.122800000000003,
    "Max Winner": 494.89,
    "Avg Winner": 481.0880555555556,
    "Min Winner": 8.38,
    "Min Loser": -26.16,
    "Avg Loser": -312.88565217391306,
    "Max Loser": -356.69,
    "Expectancy": 171.57288135593228,
    "Win Rate": 0.6101694915254238
  },
  "general": {
    "Long Ratio": "0.51",
    "Total trades": 0,
    "Sharpe ratio": 0.0,
    "Profit factor": 0.0,
    "Max drawdown": 0.0
  },
  "rejected_signals_count": 265
}