{
  "pnls": {
    "PnL (total)": 2895.92,
    "PnL% (total)": 2.8959199999999985,
    "Max Winner": 494.89,
    "Avg Winner": 494.6466666666667,
    "Min Winner": 494.35,
    "Min Loser": -256.12,
    "Avg Loser": -256.4457142857143,
    "Max Loser": -256.71,
    "Expectancy": 49.08338983050851,
    "Win Rate": 0.4067796610169492
  },
  "general": {
    "Long Ratio": "0.49",
    "Total trades": 0,
    "Sharpe ratio": 0.0,
    "Profit factor": 0.0,
    "Max drawdown": 0.0
  },
  "rejected_signals_count": 239
}