{
  "pnls": {
    "PnL (total)": 8304.88,
    "PnL% (total)": 8.304880000000004,
    "Max Winner": 494.89,
    "Avg Winner": 480.5520588235294,
    "Min Winner": 16.48,
    "Min Loser": -26.16,
    "Avg Loser": -321.35560000000004,
    "Max Loser": -356.69,
    "Expectancy": 140.7606779661017,
    "Win Rate": 0.576271186440678
  },
  "general": {
    "Long Ratio": "0.51",
    "Total trades": 0,
    "Sharpe ratio": 0.0,
    "Profit factor": 0.0,
    "Max drawdown": 0.0
  },
  "rejected_signals_count": 348
}