{
  "pnls": {
    "PnL (total)": -14728.44,
    "PnL% (total)": -14.72844,
    "Max Winner": 579.43,
    "Avg Winner": 495.2281021897811,
    "Min Winner": 494.25,
    "Min Loser": -246.09,
    "Avg Loser": -256.4431366459626,
    "Max Loser": -256.73,
    "Expectancy": -32.08810457516328,
    "Win Rate": 0.2984749455337691
  },
  "general": {
    "Long Ratio": 0.5,
    "Total trades": 459,
    "Sharpe ratio": -0.079,
    "Profit factor": 0.0,
    "Max drawdown": 0.0
  },
  "rejected_signals_count": 326492
}