{
  "pnls": {
    "PnL (total)": 10010.29,
    "PnL% (total)": 10.010289999999994,
    "Max Winner": 494.89,
    "Avg Winner": 469.37000000000006,
    "Min Winner": 8.38,
    "Min Loser": -55.16,
    "Avg Loser": -319.8434782608696,
    "Max Loser": -356.69,
    "Expectancy": 166.83816666666675,
    "Win Rate": 0.6166666666666667
  },
  "general": {
    "Long Ratio": "0.50",
    "Total trades": 0,
    "Sharpe ratio": 0.0,
    "Profit factor": 0.0,
    "Max drawdown": 0.0
  },
  "rejected_signals_count": 214
}