{
  "pnls": {
    "PnL (total)": 12809.89,
    "PnL% (total)": 12.80989,
    "Max Winner": 524.31,
    "Avg Winner": 471.4679591836735,
    "Min Winner": 13.34,
    "Min Loser": -29.66,
    "Avg Loser": -270.84315789473686,
    "Max Loser": -356.73,
    "Expectancy": 147.24011494252872,
    "Win Rate": 0.5632183908045977
  },
  "general": {
    "Long Ratio": "0.57",
    "Total trades": 87,
    "Sharpe ratio": 0.399,
    "Profit factor": 0.0,
    "Max drawdown": 0.0
  },
  "rejected_signals_count": 643
}