{
  "pnls": {
    "PnL (total)": -3965.39,
    "PnL% (total)": -3.9653899999999993,
    "Max Winner": 607.49,
    "Avg Winner": 432.9366666666667,
    "Min Winner": 16.67,
    "Min Loser": -9.2,
    "Avg Loser": -208.49920000000003,
    "Max Loser": -255.71,
    "Expectancy": -28.5279856115108,
    "Win Rate": 0.2805755395683453
  },
  "general": {
    "Long Ratio": "0.53"
  },
  "rejected_signals_count": 952
}