{
  "pnls": {
    "PnL (total)": 8983.79,
    "PnL% (total)": 8.983789999999994,
    "Max Winner": 494.89,
    "Avg Winner": 480.70714285714286,
    "Min Winner": 8.38,
    "Min Loser": -43.54,
    "Avg Loser": -326.70666666666665,
    "Max Loser": -356.69,
    "Expectancy": 152.26762711864407,
    "Win Rate": 0.5932203389830508
  },
  "general": {
    "Long Ratio": "0.49",
    "Total trades": 0,
    "Sharpe ratio": 0.0,
    "Profit factor": 0.0,
    "Max drawdown": 0.0
  },
  "rejected_signals_count": 249
}