{
  "pnls": {
    "PnL (total)": 8898.82,
    "PnL% (total)": 8.898820000000008,
    "Max Winner": 494.89,
    "Avg Winner": 480.7077142857143,
    "Min Winner": 8.38,
    "Min Loser": -101.19,
    "Avg Loser": -330.24791666666664,
    "Max Loser": -356.69,
    "Expectancy": 150.82745762711863,
    "Win Rate": 0.5932203389830508
  },
  "general": {
    "Long Ratio": "0.49",
    "Total trades": 0,
    "Sharpe ratio": 0.0,
    "Profit factor": 0.0,
    "Max drawdown": 0.0
  },
  "rejected_signals_count": 304
}