{
  "pnls": {
    "PnL (total)": 9123.77,
    "PnL% (total)": 9.123770000000004,
    "Max Winner": 494.89,
    "Avg Winner": 470.2138888888889,
    "Min Winner": 8.38,
    "Min Loser": -101.19,
    "Avg Loser": -339.3013043478261,
    "Max Loser": -356.71,
    "Expectancy": 154.64016949152546,
    "Win Rate": 0.6101694915254238
  },
  "general": {
    "Long Ratio": "0.49",
    "Total trades": 0,
    "Sharpe ratio": 0.0,
    "Profit factor": 0.0,
    "Max drawdown": 0.0
  },
  "rejected_signals_count": 227
}