{
  "pnls": {
    "PnL (total)": 5735.37,
    "PnL% (total)": 5.735369999999995,
    "Max Winner": 494.89,
    "Avg Winner": 494.60266666666666,
    "Min Winner": 494.31,
    "Min Loser": -92.54,
    "Avg Loser": -325.0967857142858,
    "Max Loser": -356.69,
    "Expectancy": 98.8856896551724,
    "Win Rate": 0.5172413793103449
  },
  "general": {
    "Long Ratio": "0.52",
    "Total trades": 0,
    "Sharpe ratio": 0.0,
    "Profit factor": 0.0,
    "Max drawdown": 0.0
  },
  "rejected_signals_count": 291
}