{
  "pnls": {
    "PnL (total)": 1179.1,
    "PnL% (total)": 1.1791000000000058,
    "Max Winner": 503.89,
    "Avg Winner": 494.5962222222227,
    "Min Winner": 494.29,
    "Min Loser": -13.64,
    "Avg Loser": -354.54805405405443,
    "Max Loser": -356.75,
    "Expectancy": 3.6846874999999732,
    "Win Rate": 0.421875
  },
  "general": {
    "Long Ratio": 0.5,
    "Total trades": 320,
    "Sharpe ratio": 0.019,
    "Profit factor": 0.0,
    "Max drawdown": 0.0
  },
  "rejected_signals_count": 310740
}