{
  "pnls": {
    "PnL (total)": -5953.75,
    "PnL% (total)": -5.95375,
    "Max Winner": 762.73,
    "Avg Winner": 744.949,
    "Min Winner": 737.87,
    "Min Loser": -234.16,
    "Avg Loser": -257.1101015228426,
    "Max Loser": -314.53,
    "Expectancy": -23.166342412451336,
    "Win Rate": 0.23346303501945526
  },
  "general": {
    "Long Ratio": 0.5,
    "Total trades": 257,
    "Sharpe ratio": -0.04,
    "Profit factor": 0.0,
    "Max drawdown": 0.0
  },
  "rejected_signals_count": 24422
}