{
  "pnls": {
    "PnL (total)": 9911.6,
    "PnL% (total)": 9.911600000000005,
    "Max Winner": 494.89,
    "Avg Winner": 472.1094594594595,
    "Min Winner": 8.38,
    "Min Loser": -44.7,
    "Avg Loser": -314.8520833333334,
    "Max Loser": -356.69,
    "Expectancy": 162.48524590163936,
    "Win Rate": 0.6065573770491803
  },
  "general": {
    "Long Ratio": "0.49",
    "Total trades": 0,
    "Sharpe ratio": 0.0,
    "Profit factor": 0.0,
    "Max drawdown": 0.0
  },
  "rejected_signals_count": 223
}