{
  "pnls": {
    "PnL (total)": 2201.73,
    "PnL% (total)": 2.201729999999996,
    "Max Winner": 494.89,
    "Avg Winner": 494.01000000000005,
    "Min Winner": 479.89,
    "Min Loser": -30.48,
    "Avg Loser": -247.55153846153843,
    "Max Loser": -256.71,
    "Expectancy": 34.94809523809525,
    "Win Rate": 0.38095238095238093
  },
  "general": {
    "Long Ratio": "0.49",
    "Total trades": 0,
    "Sharpe ratio": 0.0,
    "Profit factor": 0.0,
    "Max drawdown": 0.0
  },
  "rejected_signals_count": 299
}