{
  "pnls": {
    "PnL (total)": -5465.58,
    "PnL% (total)": -5.465580000000002,
    "Max Winner": 545.35,
    "Avg Winner": 495.53971962616845,
    "Min Winner": 485.51,
    "Min Loser": -16.64,
    "Avg Loser": -354.47472727272725,
    "Max Loser": -375.65,
    "Expectancy": -20.09404411764699,
    "Win Rate": 0.39338235294117646
  },
  "general": {
    "Long Ratio": 0.5,
    "Total trades": 272,
    "Sharpe ratio": -0.039,
    "Profit factor": 0.0,
    "Max drawdown": 0.0
  },
  "rejected_signals_count": 118303
}