{
  "pnls": {
    "PnL (total)": -12890.0,
    "PnL% (total)": -12.889999999999999,
    "Max Winner": 744.89,
    "Avg Winner": 744.5181538461537,
    "Min Winner": 744.28,
    "Min Loser": -327.64,
    "Avg Loser": -356.3004651162789,
    "Max Loser": -356.75,
    "Expectancy": -54.388185654008375,
    "Win Rate": 0.2742616033755274
  },
  "general": {
    "Long Ratio": 0.51,
    "Total trades": 237,
    "Sharpe ratio": -0.103,
    "Profit factor": 0.0,
    "Max drawdown": 0.0
  },
  "rejected_signals_count": 378044
}