{
  "pnls": {
    "PnL (total)": 6949.32,
    "PnL% (total)": 6.949320000000007,
    "Max Winner": 494.89,
    "Avg Winner": 494.56290322580645,
    "Min Winner": 494.31,
    "Min Loser": -138.54,
    "Avg Loser": -322.38961538461535,
    "Max Loser": -346.7,
    "Expectancy": 121.91789473684213,
    "Win Rate": 0.543859649122807
  },
  "general": {
    "Long Ratio": "0.51",
    "Total trades": 0,
    "Sharpe ratio": 0.0,
    "Profit factor": 0.0,
    "Max drawdown": 0.0
  },
  "rejected_signals_count": 218
}