{
  "pnls": {
    "PnL (total)": 1378.02,
    "PnL% (total)": 1.378020000000004,
    "Max Winner": 494.37,
    "Avg Winner": 150.98375000000001,
    "Min Winner": 0.32,
    "Min Loser": -2.66,
    "Avg Loser": -59.28484848484848,
    "Max Loser": -207.7,
    "Expectancy": 9.374285714285712,
    "Win Rate": 0.32653061224489793
  },
  "general": {
    "Long Ratio": "0.50"
  },
  "rejected_signals_count": 0
}