{
  "pnls": {
    "PnL (total)": -5008.14,
    "PnL% (total)": -5.008139999999999,
    "Max Winner": 744.87,
    "Avg Winner": 744.5237777777779,
    "Min Winner": 744.29,
    "Min Loser": -6.64,
    "Avg Loser": -353.3184403669724,
    "Max Loser": -356.75,
    "Expectancy": -32.52038961038958,
    "Win Rate": 0.2922077922077922
  },
  "general": {
    "Long Ratio": 0.5,
    "Total trades": 154,
    "Sharpe ratio": -0.05,
    "Profit factor": 0.0,
    "Max drawdown": 0.0
  },
  "rejected_signals_count": 10992
}