{
  "pnls": {
    "PnL (total)": -6471.48,
    "PnL% (total)": -6.471479999999996,
    "Max Winner": 753.32,
    "Avg Winner": 744.6414285714287,
    "Min Winner": 727.82,
    "Min Loser": -194.55,
    "Avg Loser": -255.70779761904782,
    "Max Loser": -296.61,
    "Expectancy": -29.822488479262784,
    "Win Rate": 0.22580645161290322
  },
  "general": {
    "Long Ratio": 0.5,
    "Total trades": 217,
    "Sharpe ratio": -0.056,
    "Profit factor": 0.0,
    "Max drawdown": 0.0
  },
  "rejected_signals_count": 13503
}