{
  "pnls": {
    "PnL (total)": -1145.54,
    "PnL% (total)": -1.1455399999999938,
    "Max Winner": 584.87,
    "Avg Winner": 397.96571428571434,
    "Min Winner": 6.46,
    "Min Loser": -15.54,
    "Avg Loser": -182.24591836734697,
    "Max Loser": -255.72,
    "Expectancy": -8.182428571428588,
    "Win Rate": 0.3
  },
  "general": {
    "Long Ratio": "0.39",
    "Total trades": 0,
    "Sharpe ratio": 0.0,
    "Profit factor": 0.0,
    "Max drawdown": 0.0
  },
  "rejected_signals_count": 2141
}