{
  "pnls": {
    "PnL (total)": -2847.16,
    "PnL% (total)": -2.8471600000000032,
    "Max Winner": 761.36,
    "Avg Winner": 744.5917391304349,
    "Min Winner": 727.66,
    "Min Loser": -221.16,
    "Avg Loser": -255.85089655172413,
    "Max Loser": -279.12,
    "Expectancy": -14.906596858638704,
    "Win Rate": 0.24083769633507854
  },
  "general": {
    "Long Ratio": 0.5,
    "Total trades": 191,
    "Sharpe ratio": -0.024,
    "Profit factor": 0.0,
    "Max drawdown": 0.0
  },
  "rejected_signals_count": 10413
}