{
  "pnls": {
    "PnL (total)": 7596.37,
    "PnL% (total)": 7.596369999999995,
    "Max Winner": 494.89,
    "Avg Winner": 494.59000000000003,
    "Min Winner": 494.31,
    "Min Loser": -26.16,
    "Avg Loser": -316.55807692307695,
    "Max Loser": -356.69,
    "Expectancy": 130.97189655172414,
    "Win Rate": 0.5517241379310345
  },
  "general": {
    "Long Ratio": "0.52",
    "Total trades": 0,
    "Sharpe ratio": 0.0,
    "Profit factor": 0.0,
    "Max drawdown": 0.0
  },
  "rejected_signals_count": 266
}