{
  "pnls": {
    "PnL (total)": 8071.38,
    "PnL% (total)": 8.071380000000005,
    "Max Winner": 494.89,
    "Avg Winner": 494.61939393939394,
    "Min Winner": 494.31,
    "Min Loser": -73.2,
    "Avg Loser": -330.0424,
    "Max Loser": -356.69,
    "Expectancy": 139.16172413793106,
    "Win Rate": 0.5689655172413793
  },
  "general": {
    "Long Ratio": "0.50",
    "Total trades": 0,
    "Sharpe ratio": 0.0,
    "Profit factor": 0.0,
    "Max drawdown": 0.0
  },
  "rejected_signals_count": 277
}