{
  "pnls": {
    "PnL (total)": 8928.84,
    "PnL% (total)": 8.928839999999996,
    "Max Winner": 494.89,
    "Avg Winner": 480.70828571428575,
    "Min Winner": 8.38,
    "Min Loser": -92.54,
    "Avg Loser": -328.99791666666664,
    "Max Loser": -356.69,
    "Expectancy": 151.33627118644068,
    "Win Rate": 0.5932203389830508
  },
  "general": {
    "Long Ratio": "0.49",
    "Total trades": 0,
    "Sharpe ratio": 0.0,
    "Profit factor": 0.0,
    "Max drawdown": 0.0
  },
  "rejected_signals_count": 291
}