{
  "pnls": {
    "PnL (total)": -10533.63,
    "PnL% (total)": -10.533630000000006,
    "Max Winner": 579.43,
    "Avg Winner": 495.15503816793904,
    "Min Winner": 494.25,
    "Min Loser": -256.09,
    "Avg Loser": -256.45897959183657,
    "Max Loser": -256.73,
    "Expectancy": -24.785011764705747,
    "Win Rate": 0.30823529411764705
  },
  "general": {
    "Long Ratio": 0.5,
    "Total trades": 425,
    "Sharpe ratio": -0.062,
    "Profit factor": 0.0,
    "Max drawdown": 0.0
  },
  "rejected_signals_count": 307501
}