{
  "pnls": {
    "PnL (total)": -1562.89,
    "PnL% (total)": -1.5628899999999994,
    "Max Winner": 413.35,
    "Avg Winner": 394.76451127819547,
    "Min Winner": 394.29,
    "Min Loser": -247.57,
    "Avg Loser": -355.70111842105246,
    "Max Loser": -356.72,
    "Expectancy": -5.483824561403408,
    "Win Rate": 0.4666666666666667
  },
  "general": {
    "Long Ratio": 0.5,
    "Total trades": 285,
    "Sharpe ratio": -0.004,
    "Profit factor": 0.0,
    "Max drawdown": 0.0
  },
  "rejected_signals_count": 177533
}