{
  "pnls": {
    "PnL (total)": -6545.33,
    "PnL% (total)": -6.545330000000002,
    "Max Winner": 561.37,
    "Avg Winner": 495.4600884955754,
    "Min Winner": 478.69,
    "Min Loser": -14.64,
    "Avg Loser": -255.2339591836735,
    "Max Loser": -267.64,
    "Expectancy": -18.283044692737427,
    "Win Rate": 0.31564245810055863
  },
  "general": {
    "Long Ratio": 0.5,
    "Total trades": 358,
    "Sharpe ratio": -0.04,
    "Profit factor": 0.0,
    "Max drawdown": 0.0
  },
  "rejected_signals_count": 118588
}