{
  "pnls": {
    "PnL (total)": 7424.02,
    "PnL% (total)": 7.424020000000003,
    "Max Winner": 494.89,
    "Avg Winner": 494.57124999999996,
    "Min Winner": 494.31,
    "Min Loser": -138.54,
    "Avg Loser": -350.0941666666667,
    "Max Loser": -396.69,
    "Expectancy": 132.57178571428565,
    "Win Rate": 0.5714285714285714
  },
  "general": {
    "Long Ratio": "0.48",
    "Total trades": 0,
    "Sharpe ratio": 0.0,
    "Profit factor": 0.0,
    "Max drawdown": 0.0
  },
  "rejected_signals_count": 219
}