{
  "pnls": {
    "PnL (total)": -5381.79,
    "PnL% (total)": -5.381789999999994,
    "Max Winner": 394.89,
    "Avg Winner": 394.59852941176484,
    "Min Winner": 394.29,
    "Min Loser": -247.57,
    "Avg Loser": -305.94398963730555,
    "Max Loser": -306.72,
    "Expectancy": -16.35802431610927,
    "Win Rate": 0.4133738601823708
  },
  "general": {
    "Long Ratio": 0.5,
    "Total trades": 329,
    "Sharpe ratio": -0.032,
    "Profit factor": 0.0,
    "Max drawdown": 0.0
  },
  "rejected_signals_count": 177255
}