{
  "pnls": {
    "PnL (total)": -5586.11,
    "PnL% (total)": -5.586110000000001,
    "Max Winner": 514.81,
    "Avg Winner": 494.7084415584418,
    "Min Winner": 454.41,
    "Min Loser": -294.55,
    "Avg Loser": -355.11105691056923,
    "Max Loser": -394.69,
    "Expectancy": -27.930549999999972,
    "Win Rate": 0.385
  },
  "general": {
    "Long Ratio": 0.5,
    "Total trades": 200,
    "Sharpe ratio": -0.057,
    "Profit factor": 0.0,
    "Max drawdown": 0.0
  },
  "rejected_signals_count": 13965
}