{
  "pnls": {
    "PnL (total)": -9552.06,
    "PnL% (total)": -9.552059999999999,
    "Max Winner": 561.37,
    "Avg Winner": 495.4987962962965,
    "Min Winner": 471.85,
    "Min Loser": -14.64,
    "Avg Loser": -354.30297752808985,
    "Max Loser": -415.53,
    "Expectancy": -33.3988111888111,
    "Win Rate": 0.3776223776223776
  },
  "general": {
    "Long Ratio": 0.5,
    "Total trades": 286,
    "Sharpe ratio": -0.07,
    "Profit factor": 0.0,
    "Max drawdown": 0.0
  },
  "rejected_signals_count": 126251
}