{
  "pnls": {
    "PnL (total)": 1735.71,
    "PnL% (total)": 1.7357100000000063,
    "Max Winner": 494.89,
    "Avg Winner": 494.605,
    "Min Winner": 494.31,
    "Min Loser": -26.54,
    "Avg Loser": -316.71281250000004,
    "Max Loser": -346.7,
    "Expectancy": 30.994821428571413,
    "Win Rate": 0.42857142857142855
  },
  "general": {
    "Long Ratio": "0.48",
    "Total trades": 0,
    "Sharpe ratio": 0.0,
    "Profit factor": 0.0,
    "Max drawdown": 0.0
  },
  "rejected_signals_count": 235
}