{
  "pnls": {
    "PnL (total)": -1415.07,
    "PnL% (total)": -1.415070000000007,
    "Max Winner": 744.88,
    "Avg Winner": 744.63,
    "Min Winner": 744.34,
    "Min Loser": -30.6,
    "Avg Loser": -105.05089285714284,
    "Max Loser": -106.7,
    "Expectancy": -22.82370967741933,
    "Win Rate": 0.0967741935483871
  },
  "general": {
    "Long Ratio": "0.48",
    "Total trades": 0,
    "Sharpe ratio": 0.0,
    "Profit factor": 0.0,
    "Max drawdown": 0.0
  },
  "rejected_signals_count": 239
}