{
  "pnls": {
    "PnL (total)": -12734.01,
    "PnL% (total)": -12.734009999999996,
    "Max Winner": 579.43,
    "Avg Winner": 495.2007200000002,
    "Min Winner": 494.25,
    "Min Loser": -256.09,
    "Avg Loser": -256.47457044673536,
    "Max Loser": -256.73,
    "Expectancy": -30.610600961538392,
    "Win Rate": 0.3004807692307692
  },
  "general": {
    "Long Ratio": 0.5,
    "Total trades": 416,
    "Sharpe ratio": -0.076,
    "Profit factor": 0.0,
    "Max drawdown": 0.0
  },
  "rejected_signals_count": 299690
}