{
  "pnls": {
    "PnL (total)": 1407.8,
    "PnL% (total)": 1.407800000000003,
    "Max Winner": 783.27,
    "Avg Winner": 278.383870967742,
    "Min Winner": 4.3,
    "Min Loser": -13.7,
    "Avg Loser": -144.44199999999998,
    "Max Loser": -206.74,
    "Expectancy": 17.380246913580265,
    "Win Rate": 0.38271604938271603
  },
  "general": {
    "Long Ratio": "0.44"
  },
  "rejected_signals_count": 4135
}