{
  "pnls": {
    "PnL (total)": -13210.46,
    "PnL% (total)": -13.210460000000007,
    "Max Winner": 543.59,
    "Avg Winner": 495.2413461538464,
    "Min Winner": 493.39,
    "Min Loser": -244.65,
    "Avg Loser": -256.80777777777774,
    "Max Loser": -301.13,
    "Expectancy": -37.108033707865076,
    "Win Rate": 0.29213483146067415
  },
  "general": {
    "Long Ratio": 0.5,
    "Total trades": 356,
    "Sharpe ratio": -0.095,
    "Profit factor": 0.0,
    "Max drawdown": 0.0
  },
  "rejected_signals_count": 114760
}