{
  "pnls": {
    "PnL (total)": 3189.36,
    "PnL% (total)": 3.1893600000000006,
    "Max Winner": 494.87,
    "Avg Winner": 494.0538461538462,
    "Min Winner": 479.89,
    "Min Loser": -70.54,
    "Avg Loser": -247.59076923076924,
    "Max Loser": -256.71,
    "Expectancy": 49.06707692307697,
    "Win Rate": 0.4
  },
  "general": {
    "Long Ratio": "0.48",
    "Total trades": 0,
    "Sharpe ratio": 0.0,
    "Profit factor": 0.0,
    "Max drawdown": 0.0
  },
  "rejected_signals_count": 341
}