{
  "pnls": {
    "PnL (total)": 7236.74,
    "PnL% (total)": 7.2367400000000055,
    "Max Winner": 494.89,
    "Avg Winner": 480.989393939394,
    "Min Winner": 45.38,
    "Min Loser": -73.2,
    "Avg Loser": -332.1503846153846,
    "Max Loser": -356.69,
    "Expectancy": 122.6566101694915,
    "Win Rate": 0.559322033898305
  },
  "general": {
    "Long Ratio": "0.49",
    "Total trades": 0,
    "Sharpe ratio": 0.0,
    "Profit factor": 0.0,
    "Max drawdown": 0.0
  },
  "rejected_signals_count": 295
}