{
  "pnls": {
    "PnL (total)": 5767.71,
    "PnL% (total)": 5.767710000000006,
    "Max Winner": 494.89,
    "Avg Winner": 480.1116129032258,
    "Min Winner": 45.38,
    "Min Loser": -95.2,
    "Avg Loser": -325.5625,
    "Max Loser": -356.71,
    "Expectancy": 97.75779661016952,
    "Win Rate": 0.5254237288135594
  },
  "general": {
    "Long Ratio": "0.51",
    "Total trades": 0,
    "Sharpe ratio": 0.0,
    "Profit factor": 0.0,
    "Max drawdown": 0.0
  },
  "rejected_signals_count": 304
}