{
  "pnls": {
    "PnL (total)": -3147.86,
    "PnL% (total)": -3.14786,
    "Max Winner": 600.53,
    "Avg Winner": 482.3067857142857,
    "Min Winner": 4.32,
    "Min Loser": 0.0,
    "Avg Loser": -205.5858024691358,
    "Max Loser": -255.72,
    "Expectancy": -28.879449541284416,
    "Win Rate": 0.25688073394495414
  },
  "general": {
    "Long Ratio": "0.50"
  },
  "rejected_signals_count": 926
}