{
  "pnls": {
    "PnL (total)": -3358.32,
    "PnL% (total)": -3.358320000000007,
    "Max Winner": 606.86,
    "Avg Winner": 499.4066666666667,
    "Min Winner": 7.46,
    "Min Loser": 0.0,
    "Avg Loser": -201.54417582417582,
    "Max Loser": -255.72,
    "Expectancy": -27.75471074380164,
    "Win Rate": 0.24793388429752067
  },
  "general": {
    "Long Ratio": "0.51"
  },
  "rejected_signals_count": 842
}