{
  "pnls": {
    "PnL (total)": 6358.37,
    "PnL% (total)": 6.358369999999995,
    "Max Winner": 494.89,
    "Avg Winner": 494.6174193548388,
    "Min Winner": 494.31,
    "Min Loser": -26.16,
    "Avg Loser": -332.3988888888889,
    "Max Loser": -356.71,
    "Expectancy": 109.62706896551722,
    "Win Rate": 0.5344827586206896
  },
  "general": {
    "Long Ratio": "0.50",
    "Total trades": 0,
    "Sharpe ratio": 0.0,
    "Profit factor": 0.0,
    "Max drawdown": 0.0
  },
  "rejected_signals_count": 346
}