{
  "pnls": {
    "PnL (total)": 10049.28,
    "PnL% (total)": 10.04928,
    "Max Winner": 494.89,
    "Avg Winner": 469.3683783783784,
    "Min Winner": 8.38,
    "Min Loser": -46.52,
    "Avg Loser": -318.14565217391305,
    "Max Loser": -356.69,
    "Expectancy": 167.48800000000006,
    "Win Rate": 0.6166666666666667
  },
  "general": {
    "Long Ratio": "0.52",
    "Total trades": 0,
    "Sharpe ratio": 0.0,
    "Profit factor": 0.0,
    "Max drawdown": 0.0
  },
  "rejected_signals_count": 194
}