{
  "pnls": {
    "PnL (total)": 9302.8,
    "PnL% (total)": 9.302800000000003,
    "Max Winner": 494.89,
    "Avg Winner": 469.31444444444446,
    "Min Winner": 8.38,
    "Min Loser": -101.19,
    "Avg Loser": -330.1095652173913,
    "Max Loser": -356.71,
    "Expectancy": 157.67457627118648,
    "Win Rate": 0.6101694915254238
  },
  "general": {
    "Long Ratio": "0.51",
    "Total trades": 0,
    "Sharpe ratio": 0.0,
    "Profit factor": 0.0,
    "Max drawdown": 0.0
  },
  "rejected_signals_count": 212
}