{
  "pnls": {
    "PnL (total)": 1390.15,
    "PnL% (total)": 1.3901499999999942,
    "Max Winner": 607.49,
    "Avg Winner": 463.6408333333334,
    "Min Winner": 6.66,
    "Min Loser": 0.0,
    "Avg Loser": -187.96945945945947,
    "Max Loser": -255.71,
    "Expectancy": 8.743081761006266,
    "Win Rate": 0.3018867924528302
  },
  "general": {
    "Long Ratio": "0.50"
  },
  "rejected_signals_count": 954
}