{
  "pnls": {
    "PnL (total)": 9091.82,
    "PnL% (total)": 9.091820000000007,
    "Max Winner": 494.89,
    "Avg Winner": 469.3066666666667,
    "Min Winner": 8.38,
    "Min Loser": -101.19,
    "Avg Loser": -339.27043478260873,
    "Max Loser": -356.69,
    "Expectancy": 154.09864406779664,
    "Win Rate": 0.6101694915254238
  },
  "general": {
    "Long Ratio": "0.49",
    "Total trades": 0,
    "Sharpe ratio": 0.0,
    "Profit factor": 0.0,
    "Max drawdown": 0.0
  },
  "rejected_signals_count": 290
}