{
  "pnls": {
    "PnL (total)": 9295.73,
    "PnL% (total)": 9.295729999999997,
    "Max Winner": 494.89,
    "Avg Winner": 481.0880555555556,
    "Min Winner": 8.38,
    "Min Loser": -30.54,
    "Avg Loser": -320.9376,
    "Max Loser": -356.69,
    "Expectancy": 152.38901639344266,
    "Win Rate": 0.5901639344262295
  },
  "general": {
    "Long Ratio": "0.51",
    "Total trades": 0,
    "Sharpe ratio": 0.0,
    "Profit factor": 0.0,
    "Max drawdown": 0.0
  },
  "rejected_signals_count": 196
}