{
  "pnls": {
    "PnL (total)": 8941.8,
    "PnL% (total)": 8.941800000000002,
    "Max Winner": 494.89,
    "Avg Winner": 481.7691428571429,
    "Min Winner": 45.38,
    "Min Loser": -95.2,
    "Avg Loser": -330.005,
    "Max Loser": -356.71,
    "Expectancy": 151.5559322033899,
    "Win Rate": 0.5932203389830508
  },
  "general": {
    "Long Ratio": "0.49",
    "Total trades": 0,
    "Sharpe ratio": 0.0,
    "Profit factor": 0.0,
    "Max drawdown": 0.0
  },
  "rejected_signals_count": 265
}