{
  "pnls": {
    "PnL (total)": -424.8,
    "PnL% (total)": -0.42480000000000295,
    "Max Winner": 666.43,
    "Avg Winner": 521.2323529411764,
    "Min Winner": 495.33,
    "Min Loser": -50.52,
    "Avg Loser": -215.94767441860466,
    "Max Loser": -255.71,
    "Expectancy": -7.080000000000041,
    "Win Rate": 0.2833333333333333
  },
  "general": {
    "Long Ratio": "0.55",
    "Total trades": 0,
    "Sharpe ratio": 0.0,
    "Profit factor": 0.0,
    "Max drawdown": 0.0
  },
  "rejected_signals_count": 497
}