{
  "pnls": {
    "PnL (total)": 6356.77,
    "PnL% (total)": 6.3567700000000045,
    "Max Winner": 494.89,
    "Avg Winner": 480.5740625000001,
    "Min Winner": 45.38,
    "Min Loser": -122.54,
    "Avg Loser": -334.1333333333333,
    "Max Loser": -356.71,
    "Expectancy": 107.74186440677974,
    "Win Rate": 0.5423728813559322
  },
  "general": {
    "Long Ratio": "0.49",
    "Total trades": 0,
    "Sharpe ratio": 0.0,
    "Profit factor": 0.0,
    "Max drawdown": 0.0
  },
  "rejected_signals_count": 288
}