{
  "pnls": {
    "PnL (total)": 4969.21,
    "PnL% (total)": 4.969210000000007,
    "Max Winner": 1189.64,
    "Avg Winner": 553.0615,
    "Min Winner": 495.37,
    "Min Loser": -50.52,
    "Avg Loser": -217.5721428571429,
    "Max Loser": -255.55,
    "Expectancy": 103.52520833333334,
    "Win Rate": 0.4166666666666667
  },
  "general": {
    "Long Ratio": "0.54"
  },
  "rejected_signals_count": 711
}