{
  "pnls": {
    "PnL (total)": 7582.83,
    "PnL% (total)": 7.582830000000001,
    "Max Winner": 494.89,
    "Avg Winner": 494.62250000000006,
    "Min Winner": 494.31,
    "Min Loser": -56.12,
    "Avg Loser": -294.46750000000003,
    "Max Loser": -316.71,
    "Expectancy": 126.38050000000001,
    "Win Rate": 0.5333333333333333
  },
  "general": {
    "Long Ratio": "0.48",
    "Total trades": 0,
    "Sharpe ratio": 0.0,
    "Profit factor": 0.0,
    "Max drawdown": 0.0
  },
  "rejected_signals_count": 299
}