{
  "pnls": {
    "PnL (total)": 10618.83,
    "PnL% (total)": 10.61883,
    "Max Winner": 494.89,
    "Avg Winner": 482.4610810810811,
    "Min Winner": 45.38,
    "Min Loser": -95.2,
    "Avg Loser": -328.7377272727273,
    "Max Loser": -356.69,
    "Expectancy": 179.9801694915254,
    "Win Rate": 0.6271186440677966
  },
  "general": {
    "Long Ratio": "0.49",
    "Total trades": 0,
    "Sharpe ratio": 0.0,
    "Profit factor": 0.0,
    "Max drawdown": 0.0
  },
  "rejected_signals_count": 284
}