{
  "pnls": {
    "PnL (total)": 1.56,
    "PnL% (total)": 0.0015599999999976718,
    "Max Winner": 0.3,
    "Avg Winner": 0.22799999999999998,
    "Min Winner": 0.01,
    "Min Loser": -0.01,
    "Avg Loser": -0.08794520547945206,
    "Max Loser": -0.1,
    "Expectancy": 0.014444444444444433,
    "Win Rate": 0.32407407407407407
  },
  "general": {
    "Long Ratio": "0.49"
  },
  "rejected_signals_count": 144
}