{
  "pnls": {
    "PnL (total)": -5429.44,
    "PnL% (total)": -5.429440000000002,
    "Max Winner": 744.89,
    "Avg Winner": 740.1778666666663,
    "Min Winner": 417.35,
    "Min Loser": -256.1,
    "Avg Loser": -257.1425316455695,
    "Max Loser": -418.39,
    "Expectancy": -17.402051282051236,
    "Win Rate": 0.2403846153846154
  },
  "general": {
    "Long Ratio": 0.5,
    "Total trades": 312,
    "Sharpe ratio": -0.03,
    "Profit factor": 0.0,
    "Max drawdown": 0.0
  },
  "rejected_signals_count": 421895
}