{
  "pnls": {
    "PnL (total)": 7575.64,
    "PnL% (total)": 7.575639999999999,
    "Max Winner": 494.89,
    "Avg Winner": 494.57124999999996,
    "Min Winner": 494.31,
    "Min Loser": -138.54,
    "Avg Loser": -358.7234782608696,
    "Max Loser": -396.69,
    "Expectancy": 137.73890909090903,
    "Win Rate": 0.5818181818181818
  },
  "general": {
    "Long Ratio": "0.49",
    "Total trades": 0,
    "Sharpe ratio": 0.0,
    "Profit factor": 0.0,
    "Max drawdown": 0.0
  },
  "rejected_signals_count": 226
}