{
  "pnls": {
    "PnL (total)": 3242.71,
    "PnL% (total)": 3.2427100000000064,
    "Max Winner": 394.89,
    "Avg Winner": 368.312962962963,
    "Min Winner": 8.38,
    "Min Loser": -96.16,
    "Avg Loser": -203.08303030303028,
    "Max Loser": -206.71,
    "Expectancy": 54.0451666666667,
    "Win Rate": 0.45
  },
  "general": {
    "Long Ratio": "0.50",
    "Total trades": 0,
    "Sharpe ratio": 0.0,
    "Profit factor": 0.0,
    "Max drawdown": 0.0
  },
  "rejected_signals_count": 241
}