{
  "pnls": {
    "PnL (total)": -3614.52,
    "PnL% (total)": -3.614520000000004,
    "Max Winner": 547.52,
    "Avg Winner": 506.73875,
    "Min Winner": 495.31,
    "Min Loser": 0.0,
    "Avg Loser": -217.08037037037036,
    "Max Loser": -255.67,
    "Expectancy": -51.635999999999996,
    "Win Rate": 0.22857142857142856
  },
  "general": {
    "Long Ratio": "0.47",
    "Total trades": 0,
    "Sharpe ratio": 0.0,
    "Profit factor": 0.0,
    "Max drawdown": 0.0
  },
  "rejected_signals_count": 932
}