{
  "pnls": {
    "PnL (total)": -5416.55,
    "PnL% (total)": -5.416550000000003,
    "Max Winner": 784.65,
    "Avg Winner": 746.3650943396226,
    "Min Winner": 733.33,
    "Min Loser": -56.64,
    "Avg Loser": -354.12519685039376,
    "Max Loser": -394.69,
    "Expectancy": -30.09194444444447,
    "Win Rate": 0.29444444444444445
  },
  "general": {
    "Long Ratio": 0.5,
    "Total trades": 180,
    "Sharpe ratio": -0.046,
    "Profit factor": 0.0,
    "Max drawdown": 0.0
  },
  "rejected_signals_count": 21599
}