{
  "pnls": {
    "PnL (total)": -10054.08,
    "PnL% (total)": -10.05408,
    "Max Winner": 494.91,
    "Avg Winner": 493.79225000000025,
    "Min Winner": 465.29,
    "Min Loser": -6.64,
    "Avg Loser": -353.9818571428571,
    "Max Loser": -356.75,
    "Expectancy": -45.70036363636352,
    "Win Rate": 0.36363636363636365
  },
  "general": {
    "Long Ratio": 0.5,
    "Total trades": 220,
    "Sharpe ratio": -0.101,
    "Profit factor": 0.0,
    "Max drawdown": 0.0
  },
  "rejected_signals_count": 13385
}