{
  "pnls": {
    "PnL (total)": 10150.8,
    "PnL% (total)": 10.150800000000002,
    "Max Winner": 494.89,
    "Avg Winner": 470.8548648648649,
    "Min Winner": 8.38,
    "Min Loser": -101.19,
    "Avg Loser": -330.49227272727273,
    "Max Loser": -356.69,
    "Expectancy": 172.04745762711866,
    "Win Rate": 0.6271186440677966
  },
  "general": {
    "Long Ratio": "0.51",
    "Total trades": 0,
    "Sharpe ratio": 0.0,
    "Profit factor": 0.0,
    "Max drawdown": 0.0
  },
  "rejected_signals_count": 244
}