{
  "pnls": {
    "PnL (total)": 9859.82,
    "PnL% (total)": 9.859820000000006,
    "Max Winner": 494.89,
    "Avg Winner": 481.1000000000001,
    "Min Winner": 8.38,
    "Min Loser": -18.54,
    "Avg Loser": -324.33826086956526,
    "Max Loser": -356.69,
    "Expectancy": 167.11559322033904,
    "Win Rate": 0.6101694915254238
  },
  "general": {
    "Long Ratio": "0.49",
    "Total trades": 0,
    "Sharpe ratio": 0.0,
    "Profit factor": 0.0,
    "Max drawdown": 0.0
  },
  "rejected_signals_count": 212
}