{
  "pnls": {
    "PnL (total)": 4195.11,
    "PnL% (total)": 4.195110000000001,
    "Max Winner": 1189.64,
    "Avg Winner": 552.3600000000001,
    "Min Winner": 495.41,
    "Min Loser": -18.32,
    "Avg Loser": -193.44375,
    "Max Loser": -255.55,
    "Expectancy": 104.87775000000008,
    "Win Rate": 0.4
  },
  "general": {
    "Long Ratio": "0.55",
    "Total trades": 0,
    "Sharpe ratio": 0.0,
    "Profit factor": 0.0,
    "Max drawdown": 0.0
  },
  "rejected_signals_count": 476
}