{
  "pnls": {
    "PnL (total)": 9206.28,
    "PnL% (total)": 9.206279999999998,
    "Max Winner": 494.89,
    "Avg Winner": 469.29999999999995,
    "Min Winner": 8.38,
    "Min Loser": -46.52,
    "Avg Loser": -320.355,
    "Max Loser": -356.69,
    "Expectancy": 153.43799999999996,
    "Win Rate": 0.6
  },
  "general": {
    "Long Ratio": "0.52",
    "Total trades": 0,
    "Sharpe ratio": 0.0,
    "Profit factor": 0.0,
    "Max drawdown": 0.0
  },
  "rejected_signals_count": 232
}