{
  "pnls": {
    "PnL (total)": -6458.53,
    "PnL% (total)": -6.458529999999999,
    "Max Winner": 539.45,
    "Avg Winner": 494.9193650793651,
    "Min Winner": 493.37,
    "Min Loser": -13.64,
    "Avg Loser": -354.7338659793813,
    "Max Loser": -465.17,
    "Expectancy": -20.18290624999987,
    "Win Rate": 0.39375
  },
  "general": {
    "Long Ratio": 0.5,
    "Total trades": 320,
    "Sharpe ratio": -0.041,
    "Profit factor": 0.0,
    "Max drawdown": 0.0
  },
  "rejected_signals_count": 138223
}