{
  "pnls": {
    "PnL (total)": 1512.6,
    "PnL% (total)": 1.5126000000000057,
    "Max Winner": 744.89,
    "Avg Winner": 618.505625,
    "Min Winner": 8.38,
    "Min Loser": -30.6,
    "Avg Loser": -199.60690476190476,
    "Max Loser": -206.71,
    "Expectancy": 26.079310344827576,
    "Win Rate": 0.27586206896551724
  },
  "general": {
    "Long Ratio": "0.50",
    "Total trades": 0,
    "Sharpe ratio": 0.0,
    "Profit factor": 0.0,
    "Max drawdown": 0.0
  },
  "rejected_signals_count": 243
}