{
  "pnls": {
    "PnL (total)": 7209.36,
    "PnL% (total)": 7.209360000000001,
    "Max Winner": 494.89,
    "Avg Winner": 494.62906250000003,
    "Min Winner": 494.31,
    "Min Loser": -26.16,
    "Avg Loser": -331.49115384615385,
    "Max Loser": -356.71,
    "Expectancy": 124.29931034482757,
    "Win Rate": 0.5517241379310345
  },
  "general": {
    "Long Ratio": "0.50",
    "Total trades": 0,
    "Sharpe ratio": 0.0,
    "Profit factor": 0.0,
    "Max drawdown": 0.0
  },
  "rejected_signals_count": 336
}