{
  "pnls": {
    "PnL (total)": 1583.49,
    "PnL% (total)": 1.5834900000000052,
    "Max Winner": 535.8,
    "Avg Winner": 502.3141176470588,
    "Min Winner": 495.33,
    "Min Loser": 0.0,
    "Avg Loser": -198.73857142857145,
    "Max Loser": -255.7,
    "Expectancy": 30.45173076923075,
    "Win Rate": 0.3269230769230769
  },
  "general": {
    "Long Ratio": "0.56"
  },
  "rejected_signals_count": 616
}