{
  "pnls": {
    "PnL (total)": -6024.25,
    "PnL% (total)": -6.024249999999999,
    "Max Winner": 509.91,
    "Avg Winner": 493.40712643678194,
    "Min Winner": 464.59,
    "Min Loser": -187.1,
    "Avg Loser": -256.28623036649236,
    "Max Loser": -314.53,
    "Expectancy": -21.669964028777,
    "Win Rate": 0.3129496402877698
  },
  "general": {
    "Long Ratio": 0.5,
    "Total trades": 278,
    "Sharpe ratio": -0.052,
    "Profit factor": 0.0,
    "Max drawdown": 0.0
  },
  "rejected_signals_count": 11135
}