{
  "pnls": {
    "PnL (total)": 9121.84,
    "PnL% (total)": 9.121839999999997,
    "Max Winner": 494.89,
    "Avg Winner": 470.1458333333334,
    "Min Winner": 8.38,
    "Min Loser": -101.19,
    "Avg Loser": -339.2786956521739,
    "Max Loser": -356.69,
    "Expectancy": 154.60745762711878,
    "Win Rate": 0.6101694915254238
  },
  "general": {
    "Long Ratio": "0.49",
    "Total trades": 0,
    "Sharpe ratio": 0.0,
    "Profit factor": 0.0,
    "Max drawdown": 0.0
  },
  "rejected_signals_count": 273
}