{
  "pnls": {
    "PnL (total)": 9116.85,
    "PnL% (total)": 9.116850000000005,
    "Max Winner": 494.89,
    "Avg Winner": 494.60388888888895,
    "Min Winner": 494.31,
    "Min Loser": -75.12,
    "Avg Loser": -321.8107407407407,
    "Max Loser": -366.69,
    "Expectancy": 144.7119047619048,
    "Win Rate": 0.5714285714285714
  },
  "general": {
    "Long Ratio": "0.48",
    "Total trades": 0,
    "Sharpe ratio": 0.0,
    "Profit factor": 0.0,
    "Max drawdown": 0.0
  },
  "rejected_signals_count": 313
}