{
  "pnls": {
    "PnL (total)": 7556.73,
    "PnL% (total)": 7.556729999999996,
    "Max Winner": 494.89,
    "Avg Winner": 479.86121212121213,
    "Min Winner": 8.38,
    "Min Loser": -33.16,
    "Avg Loser": -318.4111538461538,
    "Max Loser": -356.69,
    "Expectancy": 128.0801694915254,
    "Win Rate": 0.559322033898305
  },
  "general": {
    "Long Ratio": "0.51",
    "Total trades": 0,
    "Sharpe ratio": 0.0,
    "Profit factor": 0.0,
    "Max drawdown": 0.0
  },
  "rejected_signals_count": 281
}