{
  "pnls": {
    "PnL (total)": 6604.31,
    "PnL% (total)": 6.604309999999998,
    "Max Winner": 444.89,
    "Avg Winner": 444.194,
    "Min Winner": 429.88,
    "Min Loser": -103.12,
    "Avg Loser": -308.36137931034483,
    "Max Loser": -326.69,
    "Expectancy": 103.19234375000002,
    "Win Rate": 0.546875
  },
  "general": {
    "Long Ratio": "0.48",
    "Total trades": 0,
    "Sharpe ratio": 0.0,
    "Profit factor": 0.0,
    "Max drawdown": 0.0
  },
  "rejected_signals_count": 324
}