{
  "pnls": {
    "PnL (total)": -6036.6,
    "PnL% (total)": -6.036600000000006,
    "Max Winner": 748.32,
    "Avg Winner": 744.607192982456,
    "Min Winner": 744.28,
    "Min Loser": -255.71,
    "Avg Loser": -256.5037566137566,
    "Max Loser": -263.7,
    "Expectancy": -24.539024390243917,
    "Win Rate": 0.23170731707317074
  },
  "general": {
    "Long Ratio": 0.5,
    "Total trades": 246,
    "Sharpe ratio": -0.046,
    "Profit factor": 0.0,
    "Max drawdown": 0.0
  },
  "rejected_signals_count": 17298
}