{
  "pnls": {
    "PnL (total)": 963.14,
    "PnL% (total)": 0.9631399999999994,
    "Max Winner": 666.43,
    "Avg Winner": 500.6600000000001,
    "Min Winner": 16.28,
    "Min Loser": -50.52,
    "Avg Loser": -206.9027450980392,
    "Max Loser": -255.71,
    "Expectancy": 13.015405405405431,
    "Win Rate": 0.3108108108108108
  },
  "general": {
    "Long Ratio": "0.47"
  },
  "rejected_signals_count": 464
}