{
  "pnls": {
    "PnL (total)": 9201.81,
    "PnL% (total)": 9.201809999999998,
    "Max Winner": 494.89,
    "Avg Winner": 480.6954285714286,
    "Min Winner": 8.38,
    "Min Loser": -30.54,
    "Avg Loser": -317.6054166666667,
    "Max Loser": -356.69,
    "Expectancy": 155.96288135593215,
    "Win Rate": 0.5932203389830508
  },
  "general": {
    "Long Ratio": "0.51",
    "Total trades": 0,
    "Sharpe ratio": 0.0,
    "Profit factor": 0.0,
    "Max drawdown": 0.0
  },
  "rejected_signals_count": 194
}