{
  "pnls": {
    "PnL (total)": 10797.82,
    "PnL% (total)": 10.797820000000007,
    "Max Winner": 494.89,
    "Avg Winner": 481.4610810810811,
    "Min Winner": 8.38,
    "Min Loser": -26.16,
    "Avg Loser": -318.92,
    "Max Loser": -356.69,
    "Expectancy": 183.01389830508475,
    "Win Rate": 0.6271186440677966
  },
  "general": {
    "Long Ratio": "0.49",
    "Total trades": 0,
    "Sharpe ratio": 0.0,
    "Profit factor": 0.0,
    "Max drawdown": 0.0
  },
  "rejected_signals_count": 270
}