{
  "pnls": {
    "PnL (total)": -89.49,
    "PnL% (total)": -0.08949000000000523,
    "Max Winner": 154.9,
    "Avg Winner": 154.57,
    "Min Winner": 153.81,
    "Min Loser": -49.54,
    "Avg Loser": -124.29930232558141,
    "Max Loser": -126.7,
    "Expectancy": -1.1622077922078091,
    "Win Rate": 0.44155844155844154
  },
  "general": {
    "Long Ratio": "0.49",
    "Total trades": 0,
    "Sharpe ratio": 0.0,
    "Profit factor": 0.0,
    "Max drawdown": 0.0
  },
  "rejected_signals_count": 312
}