{
  "pnls": {
    "PnL (total)": 9008.81,
    "PnL% (total)": 9.008809999999997,
    "Max Winner": 494.89,
    "Avg Winner": 480.7077142857143,
    "Min Winner": 8.38,
    "Min Loser": -18.54,
    "Avg Loser": -325.66499999999996,
    "Max Loser": -356.69,
    "Expectancy": 152.69169491525423,
    "Win Rate": 0.5932203389830508
  },
  "general": {
    "Long Ratio": "0.49",
    "Total trades": 0,
    "Sharpe ratio": 0.0,
    "Profit factor": 0.0,
    "Max drawdown": 0.0
  },
  "rejected_signals_count": 241
}