{
  "pnls": {
    "PnL (total)": 64.49,
    "PnL% (total)": 0.06449000000000524,
    "Max Winner": 615.4,
    "Avg Winner": 511.83500000000004,
    "Min Winner": 495.33,
    "Min Loser": 0.0,
    "Avg Loser": -212.75674418604652,
    "Max Loser": -255.71,
    "Expectancy": 1.05721311475412,
    "Win Rate": 0.29508196721311475
  },
  "general": {
    "Long Ratio": "0.52",
    "Total trades": 0,
    "Sharpe ratio": 0.0,
    "Profit factor": 0.0,
    "Max drawdown": 0.0
  },
  "rejected_signals_count": 544
}