{
  "pnls": {
    "PnL (total)": 7376.76,
    "PnL% (total)": 7.376759999999995,
    "Max Winner": 444.89,
    "Avg Winner": 444.20000000000005,
    "Min Winner": 429.88,
    "Min Loser": -50.54,
    "Avg Loser": -297.0496551724138,
    "Max Loser": -326.69,
    "Expectancy": 113.48861538461543,
    "Win Rate": 0.5538461538461539
  },
  "general": {
    "Long Ratio": "0.48",
    "Total trades": 0,
    "Sharpe ratio": 0.0,
    "Profit factor": 0.0,
    "Max drawdown": 0.0
  },
  "rejected_signals_count": 315
}