{
  "pnls": {
    "PnL (total)": -3140.54,
    "PnL% (total)": -3.140539999999994,
    "Max Winner": 547.52,
    "Avg Winner": 483.9623529411765,
    "Min Winner": 119.44,
    "Min Loser": 0.0,
    "Avg Loser": -214.48867924528304,
    "Max Loser": -255.69,
    "Expectancy": -44.86485714285715,
    "Win Rate": 0.24285714285714285
  },
  "general": {
    "Long Ratio": "0.49"
  },
  "rejected_signals_count": 1036
}