{
  "pnls": {
    "PnL (total)": 7380.75,
    "PnL% (total)": 7.38075,
    "Max Winner": 494.89,
    "Avg Winner": 479.8684848484849,
    "Min Winner": 8.38,
    "Min Loser": -33.16,
    "Avg Loser": -325.1888461538461,
    "Max Loser": -356.69,
    "Expectancy": 125.09745762711867,
    "Win Rate": 0.559322033898305
  },
  "general": {
    "Long Ratio": "0.49",
    "Total trades": 0,
    "Sharpe ratio": 0.0,
    "Profit factor": 0.0,
    "Max drawdown": 0.0
  },
  "rejected_signals_count": 291
}