{
  "pnls": {
    "PnL (total)": -1096.95,
    "PnL% (total)": -1.096949999999997,
    "Max Winner": 606.86,
    "Avg Winner": 486.95363636363635,
    "Min Winner": 38.3,
    "Min Loser": 0.0,
    "Avg Loser": -184.58516129032256,
    "Max Loser": -255.71,
    "Expectancy": -8.705952380952382,
    "Win Rate": 0.2619047619047619
  },
  "general": {
    "Long Ratio": "0.52"
  },
  "rejected_signals_count": 817
}