{
  "pnls": {
    "PnL (total)": 676.87,
    "PnL% (total)": 0.6768699999999953,
    "Max Winner": 234.9,
    "Avg Winner": 234.56173913043474,
    "Min Winner": 233.81,
    "Min Loser": -49.54,
    "Avg Loser": -85.78272727272727,
    "Max Loser": -86.72,
    "Expectancy": 8.677820512820517,
    "Win Rate": 0.2948717948717949
  },
  "general": {
    "Long Ratio": "0.49",
    "Total trades": 0,
    "Sharpe ratio": 0.0,
    "Profit factor": 0.0,
    "Max drawdown": 0.0
  },
  "rejected_signals_count": 311
}