{
  "pnls": {
    "PnL (total)": -7745.9,
    "PnL% (total)": -7.7458999999999945,
    "Max Winner": 503.29,
    "Avg Winner": 494.61119047619076,
    "Min Winner": 494.29,
    "Min Loser": -248.69,
    "Avg Loser": -256.73562500000025,
    "Max Loser": -285.72,
    "Expectancy": -28.064855072463846,
    "Win Rate": 0.30434782608695654
  },
  "general": {
    "Long Ratio": 0.5,
    "Total trades": 276,
    "Sharpe ratio": -0.067,
    "Profit factor": 0.0,
    "Max drawdown": 0.0
  },
  "rejected_signals_count": 10125
}