{
  "pnls": {
    "PnL (total)": 2796.78,
    "PnL% (total)": 2.7967799999999987,
    "Max Winner": 494.89,
    "Avg Winner": 494.64520000000005,
    "Min Winner": 494.35,
    "Min Loser": -36.72,
    "Avg Loser": -245.36794871794874,
    "Max Loser": -256.71,
    "Expectancy": 43.69968750000001,
    "Win Rate": 0.390625
  },
  "general": {
    "Long Ratio": "0.48",
    "Total trades": 0,
    "Sharpe ratio": 0.0,
    "Profit factor": 0.0,
    "Max drawdown": 0.0
  },
  "rejected_signals_count": 283
}