{
  "pnls": {
    "PnL (total)": 0.32,
    "PnL% (total)": 0.0003200000000069849,
    "Max Winner": 0.3,
    "Avg Winner": 0.24799999999999991,
    "Min Winner": 0.06,
    "Min Loser": -0.01,
    "Avg Loser": -0.029824561403508778,
    "Max Loser": -0.03,
    "Expectancy": 0.0024806201550387416,
    "Win Rate": 0.11627906976744186
  },
  "general": {
    "Long Ratio": "0.50"
  },
  "rejected_signals_count": 123
}