{
  "pnls": {
    "PnL (total)": 8239.41,
    "PnL% (total)": 8.239410000000005,
    "Max Winner": 494.89,
    "Avg Winner": 494.59000000000003,
    "Min Winner": 494.31,
    "Min Loser": -122.54,
    "Avg Loser": -323.2824,
    "Max Loser": -356.69,
    "Expectancy": 142.0587931034483,
    "Win Rate": 0.5689655172413793
  },
  "general": {
    "Long Ratio": "0.52",
    "Total trades": 0,
    "Sharpe ratio": 0.0,
    "Profit factor": 0.0,
    "Max drawdown": 0.0
  },
  "rejected_signals_count": 238
}