{
  "pnls": {
    "PnL (total)": 4037.0,
    "PnL% (total)": 4.037,
    "Max Winner": 979.44,
    "Avg Winner": 119.21768595041321,
    "Min Winner": 0.36,
    "Min Loser": -0.32,
    "Avg Loser": -103.88340000000002,
    "Max Loser": -392.57,
    "Expectancy": 18.266968325791847,
    "Win Rate": 0.5475113122171946
  },
  "general": {
    "Long Ratio": 0.5
  },
  "rejected_signals_count": 3782
}