{
  "pnls": {
    "PnL (total)": 9096.85,
    "PnL% (total)": 9.096850000000007,
    "Max Winner": 494.89,
    "Avg Winner": 494.60388888888895,
    "Min Winner": 494.31,
    "Min Loser": -75.12,
    "Avg Loser": -322.55148148148146,
    "Max Loser": -366.69,
    "Expectancy": 144.39444444444447,
    "Win Rate": 0.5714285714285714
  },
  "general": {
    "Long Ratio": "0.48",
    "Total trades": 0,
    "Sharpe ratio": 0.0,
    "Profit factor": 0.0,
    "Max drawdown": 0.0
  },
  "rejected_signals_count": 315
}