{
  "pnls": {
    "PnL (total)": 9204.06,
    "PnL% (total)": 9.204059999999997,
    "Max Winner": 494.89,
    "Avg Winner": 469.3418918918919,
    "Min Winner": 8.38,
    "Min Loser": -101.19,
    "Avg Loser": -326.4636,
    "Max Loser": -356.69,
    "Expectancy": 148.45258064516133,
    "Win Rate": 0.5967741935483871
  },
  "general": {
    "Long Ratio": "0.50",
    "Total trades": 0,
    "Sharpe ratio": 0.0,
    "Profit factor": 0.0,
    "Max drawdown": 0.0
  },
  "rejected_signals_count": 146
}