{
  "pnls": {
    "PnL (total)": -16868.65,
    "PnL% (total)": -16.86864999999999,
    "Max Winner": 744.89,
    "Avg Winner": 744.5481428571425,
    "Min Winner": 744.29,
    "Min Loser": -255.53,
    "Avg Loser": -256.45732342007403,
    "Max Loser": -256.75,
    "Expectancy": -49.76002949852491,
    "Win Rate": 0.20648967551622419
  },
  "general": {
    "Long Ratio": 0.51,
    "Total trades": 339,
    "Sharpe ratio": -0.11,
    "Profit factor": 0.0,
    "Max drawdown": 0.0
  },
  "rejected_signals_count": 369145
}