{
  "pnls": {
    "PnL (total)": -5242.95,
    "PnL% (total)": -5.242949999999997,
    "Max Winner": 584.87,
    "Avg Winner": 482.53269230769234,
    "Min Winner": 38.82,
    "Min Loser": 0.0,
    "Avg Loser": -209.28,
    "Max Loser": -255.72,
    "Expectancy": -47.23378378378378,
    "Win Rate": 0.23423423423423423
  },
  "general": {
    "Long Ratio": "0.48"
  },
  "rejected_signals_count": 1033
}