{
  "pnls": {
    "PnL (total)": -2170.04,
    "PnL% (total)": -2.1700399999999935,
    "Max Winner": 394.91,
    "Avg Winner": 197.59294871794873,
    "Min Winner": 0.34,
    "Min Loser": -0.16,
    "Avg Loser": -102.77450106157114,
    "Max Loser": -166.72,
    "Expectancy": -3.0780709219858124,
    "Win Rate": 0.33191489361702126
  },
  "general": {
    "Long Ratio": "0.52",
    "Total trades": 0,
    "Sharpe ratio": 0.0,
    "Profit factor": 0.0,
    "Max drawdown": 0.0
  },
  "rejected_signals_count": 7872
}