{
  "pnls": {
    "PnL (total)": 8357.79,
    "PnL% (total)": 8.357789999999994,
    "Max Winner": 494.89,
    "Avg Winner": 480.29029411764714,
    "Min Winner": 8.38,
    "Min Loser": -44.54,
    "Avg Loser": -318.8832,
    "Max Loser": -356.69,
    "Expectancy": 141.6574576271187,
    "Win Rate": 0.576271186440678
  },
  "general": {
    "Long Ratio": "0.51",
    "Total trades": 0,
    "Sharpe ratio": 0.0,
    "Profit factor": 0.0,
    "Max drawdown": 0.0
  },
  "rejected_signals_count": 209
}