{
  "pnls": {
    "PnL (total)": -14641.84,
    "PnL% (total)": -14.641839999999998,
    "Max Winner": 524.85,
    "Avg Winner": 495.53180000000015,
    "Min Winner": 483.33,
    "Min Loser": -305.55,
    "Avg Loser": -356.639,
    "Max Loser": -394.69,
    "Expectancy": -52.292285714285626,
    "Win Rate": 0.35714285714285715
  },
  "general": {
    "Long Ratio": 0.5,
    "Total trades": 280,
    "Sharpe ratio": -0.115,
    "Profit factor": 0.0,
    "Max drawdown": 0.0
  },
  "rejected_signals_count": 25992
}