{
  "pnls": {
    "PnL (total)": -998.03,
    "PnL% (total)": -0.9980299999999989,
    "Max Winner": 394.89,
    "Avg Winner": 392.1476351351352,
    "Min Winner": 33.43,
    "Min Loser": -203.7,
    "Avg Loser": -206.4191608391608,
    "Max Loser": -206.72,
    "Expectancy": -2.2996082949308025,
    "Win Rate": 0.34101382488479265
  },
  "general": {
    "Long Ratio": 0.5,
    "Total trades": 434,
    "Sharpe ratio": 0.01,
    "Profit factor": 0.0,
    "Max drawdown": 0.0
  },
  "rejected_signals_count": 162503
}