{
  "pnls": {
    "PnL (total)": 6699.72,
    "PnL% (total)": 6.699720000000001,
    "Max Winner": 494.89,
    "Avg Winner": 494.59064516129035,
    "Min Winner": 494.31,
    "Min Loser": -97.54,
    "Avg Loser": -308.3067857142857,
    "Max Loser": -316.69,
    "Expectancy": 113.5545762711865,
    "Win Rate": 0.5254237288135594
  },
  "general": {
    "Long Ratio": "0.49",
    "Total trades": 0,
    "Sharpe ratio": 0.0,
    "Profit factor": 0.0,
    "Max drawdown": 0.0
  },
  "rejected_signals_count": 214
}