{
  "pnls": {
    "PnL (total)": 2703.57,
    "PnL% (total)": 2.7035700000000067,
    "Max Winner": 494.89,
    "Avg Winner": 494.62923076923084,
    "Min Winner": 494.35,
    "Min Loser": -155.48,
    "Avg Loser": -253.91975000000002,
    "Max Loser": -256.71,
    "Expectancy": 40.96318181818182,
    "Win Rate": 0.3939393939393939
  },
  "general": {
    "Long Ratio": "0.48",
    "Total trades": 0,
    "Sharpe ratio": 0.0,
    "Profit factor": 0.0,
    "Max drawdown": 0.0
  },
  "rejected_signals_count": 280
}