{
  "pnls": {
    "PnL (total)": -14039.39,
    "PnL% (total)": -14.03939,
    "Max Winner": 744.89,
    "Avg Winner": 744.5433802816899,
    "Min Winner": 744.28,
    "Min Loser": -228.38,
    "Avg Loser": -256.32938697317985,
    "Max Loser": -256.75,
    "Expectancy": -42.287319277108324,
    "Win Rate": 0.21385542168674698
  },
  "general": {
    "Long Ratio": 0.5,
    "Total trades": 332,
    "Sharpe ratio": -0.09,
    "Profit factor": 0.0,
    "Max drawdown": 0.0
  },
  "rejected_signals_count": 344173
}