{
  "pnls": {
    "PnL (total)": 8839.39,
    "PnL% (total)": 8.83939,
    "Max Winner": 494.89,
    "Avg Winner": 494.6132352941176,
    "Min Winner": 494.31,
    "Min Loser": -127.19,
    "Avg Loser": -332.39416666666665,
    "Max Loser": -356.71,
    "Expectancy": 152.4032758620689,
    "Win Rate": 0.5862068965517241
  },
  "general": {
    "Long Ratio": "0.50",
    "Total trades": 0,
    "Sharpe ratio": 0.0,
    "Profit factor": 0.0,
    "Max drawdown": 0.0
  },
  "rejected_signals_count": 273
}