{
  "pnls": {
    "PnL (total)": 2496.0,
    "PnL% (total)": 2.496,
    "Max Winner": 494.89,
    "Avg Winner": 494.5988,
    "Min Winner": 494.31,
    "Min Loser": -26.54,
    "Avg Loser": -328.9656666666667,
    "Max Loser": -366.7,
    "Expectancy": 45.38181818181815,
    "Win Rate": 0.45454545454545453
  },
  "general": {
    "Long Ratio": "0.49",
    "Total trades": 0,
    "Sharpe ratio": 0.0,
    "Profit factor": 0.0,
    "Max drawdown": 0.0
  },
  "rejected_signals_count": 265
}