{
  "pnls": {
    "PnL (total)": -1671.12,
    "PnL% (total)": -1.6711199999999953,
    "Max Winner": 615.4,
    "Avg Winner": 507.5135294117647,
    "Min Winner": 495.33,
    "Min Loser": 0.0,
    "Avg Loser": -210.18061224489796,
    "Max Loser": -255.69,
    "Expectancy": -25.319999999999993,
    "Win Rate": 0.25757575757575757
  },
  "general": {
    "Long Ratio": "0.53"
  },
  "rejected_signals_count": 572
}