{
  "pnls": {
    "PnL (total)": 7954.26,
    "PnL% (total)": 7.954259999999995,
    "Max Winner": 494.89,
    "Avg Winner": 473.96970588235297,
    "Min Winner": 45.38,
    "Min Loser": -33.16,
    "Avg Loser": -313.8734615384615,
    "Max Loser": -356.69,
    "Expectancy": 132.571,
    "Win Rate": 0.5666666666666667
  },
  "general": {
    "Long Ratio": "0.52",
    "Total trades": 0,
    "Sharpe ratio": 0.0,
    "Profit factor": 0.0,
    "Max drawdown": 0.0
  },
  "rejected_signals_count": 312
}