{
  "pnls": {
    "PnL (total)": -6202.96,
    "PnL% (total)": -6.202960000000006,
    "Max Winner": 314.91,
    "Avg Winner": 181.0057676348548,
    "Min Winner": 0.34,
    "Min Loser": -0.16,
    "Avg Loser": -104.2371338912134,
    "Max Loser": -166.72,
    "Expectancy": -8.627204450625861,
    "Win Rate": 0.33518776077885953
  },
  "general": {
    "Long Ratio": "0.50",
    "Total trades": 0,
    "Sharpe ratio": 0.0,
    "Profit factor": 0.0,
    "Max drawdown": 0.0
  },
  "rejected_signals_count": 7858
}