{
  "pnls": {
    "PnL (total)": 4207.54,
    "PnL% (total)": 4.207539999999994,
    "Max Winner": 494.89,
    "Avg Winner": 494.0942857142858,
    "Min Winner": 479.89,
    "Min Loser": -138.48,
    "Avg Loser": -253.34473684210522,
    "Max Loser": -256.71,
    "Expectancy": 63.750606060606145,
    "Win Rate": 0.42424242424242425
  },
  "general": {
    "Long Ratio": "0.48",
    "Total trades": 0,
    "Sharpe ratio": 0.0,
    "Profit factor": 0.0,
    "Max drawdown": 0.0
  },
  "rejected_signals_count": 296
}