{
  "pnls": {
    "PnL (total)": -4088.42,
    "PnL% (total)": -4.088419999999998,
    "Max Winner": 744.89,
    "Avg Winner": 732.4981355932204,
    "Min Winner": 33.43,
    "Min Loser": -102.58,
    "Avg Loser": -156.12478547854784,
    "Max Loser": -156.72,
    "Expectancy": -11.293977900552473,
    "Win Rate": 0.16298342541436464
  },
  "general": {
    "Long Ratio": 0.5,
    "Total trades": 362,
    "Sharpe ratio": -0.022,
    "Profit factor": 0.0,
    "Max drawdown": 0.0
  },
  "rejected_signals_count": 174539
}