{
  "pnls": {
    "PnL (total)": 9773.43,
    "PnL% (total)": 9.773429999999992,
    "Max Winner": 494.89,
    "Avg Winner": 494.60799999999995,
    "Min Winner": 494.31,
    "Min Loser": -73.2,
    "Avg Loser": -327.7326086956522,
    "Max Loser": -356.69,
    "Expectancy": 168.50741379310344,
    "Win Rate": 0.603448275862069
  },
  "general": {
    "Long Ratio": "0.50",
    "Total trades": 0,
    "Sharpe ratio": 0.0,
    "Profit factor": 0.0,
    "Max drawdown": 0.0
  },
  "rejected_signals_count": 295
}