{
  "pnls": {
    "PnL (total)": 8879.76,
    "PnL% (total)": 8.879759999999996,
    "Max Winner": 494.89,
    "Avg Winner": 480.72085714285714,
    "Min Winner": 8.38,
    "Min Loser": -95.2,
    "Avg Loser": -331.06125,
    "Max Loser": -356.71,
    "Expectancy": 150.50440677966102,
    "Win Rate": 0.5932203389830508
  },
  "general": {
    "Long Ratio": "0.49",
    "Total trades": 0,
    "Sharpe ratio": 0.0,
    "Profit factor": 0.0,
    "Max drawdown": 0.0
  },
  "rejected_signals_count": 261
}