{
  "pnls": {
    "PnL (total)": 9239.8,
    "PnL% (total)": 9.239800000000004,
    "Max Winner": 494.89,
    "Avg Winner": 482.48600000000005,
    "Min Winner": 70.46,
    "Min Loser": -5.62,
    "Avg Loser": -318.63374999999996,
    "Max Loser": -356.71,
    "Expectancy": 156.60677966101696,
    "Win Rate": 0.5932203389830508
  },
  "general": {
    "Long Ratio": "0.49",
    "Total trades": 0,
    "Sharpe ratio": 0.0,
    "Profit factor": 0.0,
    "Max drawdown": 0.0
  },
  "rejected_signals_count": 269
}