client_order_id,trader_id,strategy_id,instrument_id,venue_order_id,account_id,trade_id,position_id,order_side,order_type,last_qty,last_px,currency,commission,liquidity_side,event_id,ts_event,ts_init,info,reconciliation
O-20250102-110000-001-V2-1,BACKTESTER-001,MLSignalStrategyV2-V2,EUR/USD.IDEALPRO,IDEALPRO-1-001,IDEALPRO-001,IDEALPRO-1-1320,EUR/USD.IDEALPRO-MLSignalStrategyV2-V2,BUY,MARKET,100000.00,1.03168,USD,2.06 USD,TAKER,ea661198-2d43-490d-a7c0-d5b47f15f6d1,2025-01-02 11:00:00+00:00,2025-01-02 11:00:00+00:00,{},False
O-20250102-110000-001-V2-3,BACKTESTER-001,MLSignalStrategyV2-V2,EUR/USD.IDEALPRO,IDEALPRO-1-003,IDEALPRO-001,IDEALPRO-1-1343,EUR/USD.IDEALPRO-MLSignalStrategyV2-V2,SELL,LIMIT,100000.00,1.03312,USD,2.07 USD,MAKER,9c76e0f2-d45d-4456-a809-603aaea2137e,2025-01-02 11:11:00+00:00,2025-01-02 11:11:00+00:00,{},False
O-20250102-113000-001-V2-4,BACKTESTER-001,MLSignalStrategyV2-V2,EUR/USD.IDEALPRO,IDEALPRO-1-004,IDEALPRO-001,IDEALPRO-1-1382,EUR/USD.IDEALPRO-MLSignalStrategyV2-V2,BUY,MARKET,100000.00,1.03222,USD,2.06 USD,TAKER,cebbbed3-d5ba-41f9-8121-0e42fbbddef3,2025-01-02 11:30:00+00:00,2025-01-02 11:30:00+00:00,{},False
O-20250102-113000-001-V2-5,BACKTESTER-001,MLSignalStrategyV2-V2,EUR/USD.IDEALPRO,IDEALPRO-1-005,IDEALPRO-001,IDEALPRO-1-1689,EUR/USD.IDEALPRO-MLSignalStrategyV2-V2,SELL,STOP_MARKET,100000.00,1.03103,USD,2.06 USD,TAKER,53e8b82d-669f-4513-8846-7588f4952143,2025-01-02 14:03:00+00:00,2025-01-02 14:03:00+00:00,{},False
O-20250102-141500-001-V2-7,BACKTESTER-001,MLSignalStrategyV2-V2,EUR/USD.IDEALPRO,IDEALPRO-1-007,IDEALPRO-001,IDEALPRO-1-1714,EUR/USD.IDEALPRO-MLSignalStrategyV2-V2,BUY,MARKET,100000.00,1.03109,USD,2.06 USD,TAKER,4ad1abc7-a627-44c4-9a21-67faa7186752,2025-01-02 14:15:00+00:00,2025-01-02 14:15:00+00:00,{},False
O-20250102-141500-001-V2-8,BACKTESTER-001,MLSignalStrategyV2-V2,EUR/USD.IDEALPRO,IDEALPRO-1-008,IDEALPRO-001,IDEALPRO-1-1861,EUR/USD.IDEALPRO-MLSignalStrategyV2-V2,SELL,STOP_MARKET,100000.00,1.02884,USD,2.06 USD,TAKER,53dc99ee-4bd2-485b-9c25-363a511a6601,2025-01-02 15:28:00+00:00,2025-01-02 15:28:00+00:00,{},False
O-20250102-153000-001-V2-10,BACKTESTER-001,MLSignalStrategyV2-V2,EUR/USD.IDEALPRO,IDEALPRO-1-010,IDEALPRO-001,IDEALPRO-1-1866,EUR/USD.IDEALPRO-MLSignalStrategyV2-V2,BUY,MARKET,100000.00,1.02857,USD,2.06 USD,TAKER,02f202f4-60f1-406c-b3f2-7499b29e82b6,2025-01-02 15:30:00+00:00,2025-01-02 15:30:00+00:00,{},False
O-20250102-153000-001-V2-11,BACKTESTER-001,MLSignalStrategyV2-V2,EUR/USD.IDEALPRO,IDEALPRO-1-011,IDEALPRO-001,IDEALPRO-1-1927,EUR/USD.IDEALPRO-MLSignalStrategyV2-V2,SELL,STOP_MARKET,100000.00,1.02725,USD,2.05 USD,TAKER,a2338fbc-33c7-4f76-bf68-c2cdc8cc8e3a,2025-01-02 16:00:00+00:00,2025-01-02 16:00:00+00:00,{},False
O-20250102-160000-001-V2-13,BACKTESTER-001,MLSignalStrategyV2-V2,EUR/USD.IDEALPRO,IDEALPRO-1-013,IDEALPRO-001,IDEALPRO-1-1928,EUR/USD.IDEALPRO-MLSignalStrategyV2-V2,BUY,MARKET,100000.00,1.02743,USD,2.05 USD,TAKER,32f64e7d-23e9-403c-9796-015041564657,2025-01-02 16:00:00+00:00,2025-01-02 16:00:00+00:00,{},False
O-20250102-160000-001-V2-14,BACKTESTER-001,MLSignalStrategyV2-V2,EUR/USD.IDEALPRO,IDEALPRO-1-014,IDEALPRO-001,IDEALPRO-1-1937,EUR/USD.IDEALPRO-MLSignalStrategyV2-V2,SELL,STOP_MARKET,100000.00,1.02291,USD,2.05 USD,TAKER,c655f3ca-5b1f-4929-b037-78617e5bce30,2025-01-02 16:04:00+00:00,2025-01-02 16:04:00+00:00,{},False
O-20250102-161500-001-V2-16,BACKTESTER-001,MLSignalStrategyV2-V2,EUR/USD.IDEALPRO,IDEALPRO-1-016,IDEALPRO-001,IDEALPRO-1-1960,EUR/USD.IDEALPRO-MLSignalStrategyV2-V2,BUY,MARKET,100000.00,1.02576,USD,2.05 USD,TAKER,e574973e-5f9c-48e3-8b3d-f97d23287079,2025-01-02 16:15:00+00:00,2025-01-02 16:15:00+00:00,{},False
O-20250102-161500-001-V2-18,BACKTESTER-001,MLSignalStrategyV2-V2,EUR/USD.IDEALPRO,IDEALPRO-1-018,IDEALPRO-001,IDEALPRO-1-3773,EUR/USD.IDEALPRO-MLSignalStrategyV2-V2,SELL,LIMIT,100000.00,1.02843,USD,2.06 USD,MAKER,1e98e2e8-965e-4714-aa17-5feb2ff9b182,2025-01-03 07:36:00+00:00,2025-01-03 07:36:00+00:00,{},False
O-20250103-081500-001-V2-19,BACKTESTER-001,MLSignalStrategyV2-V2,EUR/USD.IDEALPRO,IDEALPRO-1-019,IDEALPRO-001,IDEALPRO-1-3852,EUR/USD.IDEALPRO-MLSignalStrategyV2-V2,BUY,MARKET,100000.00,1.02846,USD,2.06 USD,TAKER,e647cea2-c115-48d2-b2f5-8ecc0abad990,2025-01-03 08:15:00+00:00,2025-01-03 08:15:00+00:00,{},False
O-20250103-081500-001-V2-20,BACKTESTER-001,MLSignalStrategyV2-V2,EUR/USD.IDEALPRO,IDEALPRO-1-020,IDEALPRO-001,IDEALPRO-1-3887,EUR/USD.IDEALPRO-MLSignalStrategyV2-V2,SELL,STOP_MARKET,100000.00,1.02780,USD,2.06 USD,TAKER,2909cbb1-e193-470c-b096-e764a538cd47,2025-01-03 08:32:00+00:00,2025-01-03 08:32:00+00:00,{},False
O-20250103-164500-001-V2-22,BACKTESTER-001,MLSignalStrategyV2-V2,EUR/USD.IDEALPRO,IDEALPRO-1-022,IDEALPRO-001,IDEALPRO-1-4875,EUR/USD.IDEALPRO-MLSignalStrategyV2-V2,BUY,MARKET,100000.00,1.02898,USD,2.06 USD,TAKER,f92c8a7a-875f-4d0b-8b66-453c1ece46a5,2025-01-03 16:45:00+00:00,2025-01-03 16:45:00+00:00,{},False
O-20250103-164500-001-V2-24,BACKTESTER-001,MLSignalStrategyV2-V2,EUR/USD.IDEALPRO,IDEALPRO-1-024,IDEALPRO-001,IDEALPRO-1-4937,EUR/USD.IDEALPRO-MLSignalStrategyV2-V2,SELL,LIMIT,100000.00,1.03044,USD,2.06 USD,MAKER,d5ebc3cd-6a61-413c-a9a3-fef2891d8212,2025-01-03 17:16:00+00:00,2025-01-03 17:16:00+00:00,{},False
O-20250103-173000-001-V2-25,BACKTESTER-001,MLSignalStrategyV2-V2,EUR/USD.IDEALPRO,IDEALPRO-1-025,IDEALPRO-001,IDEALPRO-1-4966,EUR/USD.IDEALPRO-MLSignalStrategyV2-V2,BUY,MARKET,100000.00,1.03023,USD,2.06 USD,TAKER,939bd7ac-a2a9-4bb2-b686-502945f1ab73,2025-01-03 17:30:00+00:00,2025-01-03 17:30:00+00:00,{},False
O-20250103-173000-001-V2-26,BACKTESTER-001,MLSignalStrategyV2-V2,EUR/USD.IDEALPRO,IDEALPRO-1-026,IDEALPRO-001,IDEALPRO-1-5037,EUR/USD.IDEALPRO-MLSignalStrategyV2-V2,SELL,STOP_MARKET,100000.00,1.02927,USD,2.06 USD,TAKER,df4a4973-8d0d-4ca3-a852-f49d3f5cd50e,2025-01-03 18:05:00+00:00,2025-01-03 18:05:00+00:00,{},False
O-20250103-210000-001-V2-28,BACKTESTER-001,MLSignalStrategyV2-V2,EUR/USD.IDEALPRO,IDEALPRO-1-028,IDEALPRO-001,IDEALPRO-1-5388,EUR/USD.IDEALPRO-MLSignalStrategyV2-V2,BUY,MARKET,100000.00,1.03059,USD,2.06 USD,TAKER,5311974c-4505-469d-9756-a24536587e51,2025-01-03 21:00:00+00:00,2025-01-03 21:00:00+00:00,{},False
O-20250103-210000-001-V2-29,BACKTESTER-001,MLSignalStrategyV2-V2,EUR/USD.IDEALPRO,IDEALPRO-1-029,IDEALPRO-001,IDEALPRO-1-5593,EUR/USD.IDEALPRO-MLSignalStrategyV2-V2,SELL,STOP_MARKET,100000.00,1.02963,USD,2.06 USD,TAKER,f9bc7eb5-0533-439d-b131-382645e62645,2025-01-05 22:57:00+00:00,2025-01-05 22:57:00+00:00,{},False
O-20250105-230000-001-V2-31,BACKTESTER-001,MLSignalStrategyV2-V2,EUR/USD.IDEALPRO,IDEALPRO-1-031,IDEALPRO-001,IDEALPRO-1-5600,EUR/USD.IDEALPRO-MLSignalStrategyV2-V2,BUY,MARKET,100000.00,1.03019,USD,2.06 USD,TAKER,3bd789e5-0879-444a-a9c9-dff5f59e0963,2025-01-05 23:00:00+00:00,2025-01-05 23:00:00+00:00,{},False
O-20250105-230000-001-V2-32,BACKTESTER-001,MLSignalStrategyV2-V2,EUR/USD.IDEALPRO,IDEALPRO-1-032,IDEALPRO-001,IDEALPRO-1-5743,EUR/USD.IDEALPRO-MLSignalStrategyV2-V2,SELL,STOP_MARKET,100000.00,1.02974,USD,2.06 USD,TAKER,3c93090e-b6f7-4b8d-bcfa-d78d17fbd1ed,2025-01-06 00:11:00+00:00,2025-01-06 00:11:00+00:00,{},False
O-20250106-030000-001-V2-34,BACKTESTER-001,MLSignalStrategyV2-V2,EUR/USD.IDEALPRO,IDEALPRO-1-034,IDEALPRO-001,IDEALPRO-1-6082,EUR/USD.IDEALPRO-MLSignalStrategyV2-V2,SELL,MARKET,100000.00,1.03160,USD,2.06 USD,TAKER,1cc2b307-9c65-4145-a0c1-c5ca0b60d778,2025-01-06 03:00:00+00:00,2025-01-06 03:00:00+00:00,{},False
O-20250106-030000-001-V2-36,BACKTESTER-001,MLSignalStrategyV2-V2,EUR/USD.IDEALPRO,IDEALPRO-1-036,IDEALPRO-001,IDEALPRO-1-6443,EUR/USD.IDEALPRO-MLSignalStrategyV2-V2,BUY,LIMIT,100000.00,1.03086,USD,2.06 USD,MAKER,4a1a3f99-7fbe-4022-968c-5a627db6b71c,2025-01-06 06:00:00+00:00,2025-01-06 06:00:00+00:00,{},False
O-20250106-081500-001-V2-37,BACKTESTER-001,MLSignalStrategyV2-V2,EUR/USD.IDEALPRO,IDEALPRO-1-037,IDEALPRO-001,IDEALPRO-1-6714,EUR/USD.IDEALPRO-MLSignalStrategyV2-V2,SELL,MARKET,100000.00,1.03371,USD,2.07 USD,TAKER,5661f1e9-cf8c-4df3-9a8e-78aa91c6f5f3,2025-01-06 08:15:00+00:00,2025-01-06 08:15:00+00:00,{},False
O-20250106-081500-001-V2-38,BACKTESTER-001,MLSignalStrategyV2-V2,EUR/USD.IDEALPRO,IDEALPRO-1-038,IDEALPRO-001,IDEALPRO-1-6747,EUR/USD.IDEALPRO-MLSignalStrategyV2-V2,BUY,STOP_MARKET,100000.00,1.03437,USD,2.07 USD,TAKER,3e412f20-ed1e-4729-99b7-da9f772a0343,2025-01-06 08:31:00+00:00,2025-01-06 08:31:00+00:00,{},False
O-20250106-084500-001-V2-40,BACKTESTER-001,MLSignalStrategyV2-V2,EUR/USD.IDEALPRO,IDEALPRO-1-040,IDEALPRO-001,IDEALPRO-1-6776,EUR/USD.IDEALPRO-MLSignalStrategyV2-V2,SELL,MARKET,100000.00,1.03351,USD,2.07 USD,TAKER,fad1c6ad-640b-420f-8cdd-cb2b0f3587f6,2025-01-06 08:45:00+00:00,2025-01-06 08:45:00+00:00,{},False
O-20250106-084500-001-V2-41,BACKTESTER-001,MLSignalStrategyV2-V2,EUR/USD.IDEALPRO,IDEALPRO-1-041,IDEALPRO-001,IDEALPRO-1-6791,EUR/USD.IDEALPRO-MLSignalStrategyV2-V2,BUY,STOP_MARKET,100000.00,1.03432,USD,2.07 USD,TAKER,1594eced-ec23-458b-b762-e4bef562e2b3,2025-01-06 08:52:00+00:00,2025-01-06 08:52:00+00:00,{},False
O-20250106-090000-001-V2-43,BACKTESTER-001,MLSignalStrategyV2-V2,EUR/USD.IDEALPRO,IDEALPRO-1-043,IDEALPRO-001,IDEALPRO-1-6808,EUR/USD.IDEALPRO-MLSignalStrategyV2-V2,SELL,MARKET,100000.00,1.03503,USD,2.07 USD,TAKER,27be3720-5799-4a47-86c7-3d57036a72f7,2025-01-06 09:00:00+00:00,2025-01-06 09:00:00+00:00,{},False
O-20250106-090000-001-V2-44,BACKTESTER-001,MLSignalStrategyV2-V2,EUR/USD.IDEALPRO,IDEALPRO-1-044,IDEALPRO-001,IDEALPRO-1-6819,EUR/USD.IDEALPRO-MLSignalStrategyV2-V2,BUY,STOP_MARKET,100000.00,1.03584,USD,2.07 USD,TAKER,9849771b-f319-47fb-9fee-a4831dd47685,2025-01-06 09:05:00+00:00,2025-01-06 09:05:00+00:00,{},False
O-20250106-093000-001-V2-46,BACKTESTER-001,MLSignalStrategyV2-V2,EUR/USD.IDEALPRO,IDEALPRO-1-046,IDEALPRO-001,IDEALPRO-1-6870,EUR/USD.IDEALPRO-MLSignalStrategyV2-V2,SELL,MARKET,100000.00,1.03584,USD,2.07 USD,TAKER,741c35de-2b61-45c7-9fd4-3756b239a7cb,2025-01-06 09:30:00+00:00,2025-01-06 09:30:00+00:00,{},False
O-20250106-093000-001-V2-48,BACKTESTER-001,MLSignalStrategyV2-V2,EUR/USD.IDEALPRO,IDEALPRO-1-048,IDEALPRO-001,IDEALPRO-1-7031,EUR/USD.IDEALPRO-MLSignalStrategyV2-V2,BUY,LIMIT,100000.00,1.03388,USD,2.07 USD,MAKER,8998d78e-13d3-4cdc-8429-fa6f80d24578,2025-01-06 10:50:00+00:00,2025-01-06 10:50:00+00:00,{},False
O-20250106-160000-001-V2-49,BACKTESTER-001,MLSignalStrategyV2-V2,EUR/USD.IDEALPRO,IDEALPRO-1-049,IDEALPRO-001,IDEALPRO-1-7652,EUR/USD.IDEALPRO-MLSignalStrategyV2-V2,SELL,MARKET,100000.00,1.03937,USD,2.08 USD,TAKER,908decf6-aee4-4e38-b9c4-6b820b73a5ec,2025-01-06 16:00:00+00:00,2025-01-06 16:00:00+00:00,{},False
O-20250106-160000-001-V2-50,BACKTESTER-001,MLSignalStrategyV2-V2,EUR/USD.IDEALPRO,IDEALPRO-1-050,IDEALPRO-001,IDEALPRO-1-9465,EUR/USD.IDEALPRO-MLSignalStrategyV2-V2,BUY,STOP_MARKET,100000.00,1.04152,USD,2.08 USD,TAKER,99810471-ddef-420e-9f64-8542267fdd47,2025-01-07 07:21:00+00:00,2025-01-07 07:21:00+00:00,{},False
O-20250107-091500-001-V2-52,BACKTESTER-001,MLSignalStrategyV2-V2,EUR/USD.IDEALPRO,IDEALPRO-1-052,IDEALPRO-001,IDEALPRO-1-9694,EUR/USD.IDEALPRO-MLSignalStrategyV2-V2,SELL,MARKET,100000.00,1.04264,USD,2.09 USD,TAKER,e03d38bc-2bee-4ab9-a4cc-a224e069e138,2025-01-07 09:15:00+00:00,2025-01-07 09:15:00+00:00,{},False
O-20250107-091500-001-V2-54,BACKTESTER-001,MLSignalStrategyV2-V2,EUR/USD.IDEALPRO,IDEALPRO-1-054,IDEALPRO-001,IDEALPRO-1-9953,EUR/USD.IDEALPRO-MLSignalStrategyV2-V2,BUY,LIMIT,100000.00,1.04120,USD,2.08 USD,MAKER,a1d8231b-e29c-4c07-8dc2-23faa9b85d33,2025-01-07 11:24:00+00:00,2025-01-07 11:24:00+00:00,{},False
O-20250107-121500-001-V2-55,BACKTESTER-001,MLSignalStrategyV2-V2,EUR/USD.IDEALPRO,IDEALPRO-1-055,IDEALPRO-001,IDEALPRO-1-10056,EUR/USD.IDEALPRO-MLSignalStrategyV2-V2,SELL,MARKET,100000.00,1.04099,USD,2.08 USD,TAKER,fe382053-7b94-480d-afe1-731c6738e51c,2025-01-07 12:15:00+00:00,2025-01-07 12:15:00+00:00,{},False
O-20250107-121500-001-V2-57,BACKTESTER-001,MLSignalStrategyV2-V2,EUR/USD.IDEALPRO,IDEALPRO-1-057,IDEALPRO-001,IDEALPRO-1-10113,EUR/USD.IDEALPRO-MLSignalStrategyV2-V2,BUY,LIMIT,100000.00,1.03942,USD,2.08 USD,MAKER,92989976-812a-45fd-b6b0-a784a991f750,2025-01-07 12:43:00+00:00,2025-01-07 12:43:00+00:00,{},False
O-20250107-151500-001-V2-58,BACKTESTER-001,MLSignalStrategyV2-V2,EUR/USD.IDEALPRO,IDEALPRO-1-058,IDEALPRO-001,IDEALPRO-1-10418,EUR/USD.IDEALPRO-MLSignalStrategyV2-V2,BUY,MARKET,100000.00,1.03682,USD,2.07 USD,TAKER,f711d769-fef7-4e4d-8597-934930ee92db,2025-01-07 15:15:00+00:00,2025-01-07 15:15:00+00:00,{},False
O-20250107-151500-001-V2-59,BACKTESTER-001,MLSignalStrategyV2-V2,EUR/USD.IDEALPRO,IDEALPRO-1-059,IDEALPRO-001,IDEALPRO-1-10481,EUR/USD.IDEALPRO-MLSignalStrategyV2-V2,SELL,STOP_MARKET,100000.00,1.03574,USD,2.07 USD,TAKER,e117e90d-758b-4fde-bfb9-6999b19fe1ae,2025-01-07 15:46:00+00:00,2025-01-07 15:46:00+00:00,{},False
O-20250107-170000-001-V2-61,BACKTESTER-001,MLSignalStrategyV2-V2,EUR/USD.IDEALPRO,IDEALPRO-1-061,IDEALPRO-001,IDEALPRO-1-10630,EUR/USD.IDEALPRO-MLSignalStrategyV2-V2,BUY,MARKET,100000.00,1.03684,USD,2.07 USD,TAKER,2c4d789b-e09b-4528-bf6f-202e0da6ed62,2025-01-07 17:00:00+00:00,2025-01-07 17:00:00+00:00,{},False
O-20250107-170000-001-V2-62,BACKTESTER-001,MLSignalStrategyV2-V2,EUR/USD.IDEALPRO,IDEALPRO-1-062,IDEALPRO-001,IDEALPRO-1-10679,EUR/USD.IDEALPRO-MLSignalStrategyV2-V2,SELL,STOP_MARKET,100000.00,1.03539,USD,2.07 USD,TAKER,6531bca9-dcc0-4dc3-8ea5-e0c4c46efa21,2025-01-07 17:24:00+00:00,2025-01-07 17:24:00+00:00,{},False
O-20250107-173000-001-V2-64,BACKTESTER-001,MLSignalStrategyV2-V2,EUR/USD.IDEALPRO,IDEALPRO-1-064,IDEALPRO-001,IDEALPRO-1-10692,EUR/USD.IDEALPRO-MLSignalStrategyV2-V2,BUY,MARKET,100000.00,1.03693,USD,2.07 USD,TAKER,0f5078d2-6ec4-477e-b622-6de956d39788,2025-01-07 17:30:00+00:00,2025-01-07 17:30:00+00:00,{},False
O-20250107-173000-001-V2-65,BACKTESTER-001,MLSignalStrategyV2-V2,EUR/USD.IDEALPRO,IDEALPRO-1-065,IDEALPRO-001,IDEALPRO-1-10829,EUR/USD.IDEALPRO-MLSignalStrategyV2-V2,SELL,STOP_MARKET,100000.00,1.03545,USD,2.07 USD,TAKER,c1101f04-ead7-4a07-a681-020cd890a0b1,2025-01-07 18:38:00+00:00,2025-01-07 18:38:00+00:00,{},False
O-20250107-211500-001-V2-67,BACKTESTER-001,MLSignalStrategyV2-V2,EUR/USD.IDEALPRO,IDEALPRO-1-067,IDEALPRO-001,IDEALPRO-1-11145,EUR/USD.IDEALPRO-MLSignalStrategyV2-V2,BUY,MARKET,100000.00,1.03429,USD,2.07 USD,TAKER,74edbc1f-0e67-4486-96e4-a37b8361a7c0,2025-01-07 21:15:00+00:00,2025-01-07 21:15:00+00:00,{},False
O-20250107-211500-001-V2-69,BACKTESTER-001,MLSignalStrategyV2-V2,EUR/USD.IDEALPRO,IDEALPRO-1-069,IDEALPRO-001,IDEALPRO-1-11651,EUR/USD.IDEALPRO-MLSignalStrategyV2-V2,SELL,LIMIT,100000.00,1.03522,USD,2.07 USD,MAKER,2725068d-7105-4805-9407-9c44d7c6b2ef,2025-01-08 01:43:00+00:00,2025-01-08 01:43:00+00:00,{},False
O-20250108-033000-001-V2-70,BACKTESTER-001,MLSignalStrategyV2-V2,EUR/USD.IDEALPRO,IDEALPRO-1-070,IDEALPRO-001,IDEALPRO-1-11866,EUR/USD.IDEALPRO-MLSignalStrategyV2-V2,BUY,MARKET,100000.00,1.03503,USD,2.07 USD,TAKER,f919f63e-00bd-458d-928f-cac42093304a,2025-01-08 03:30:00+00:00,2025-01-08 03:30:00+00:00,{},False
O-20250108-033000-001-V2-71,BACKTESTER-001,MLSignalStrategyV2-V2,EUR/USD.IDEALPRO,IDEALPRO-1-071,IDEALPRO-001,IDEALPRO-1-11875,EUR/USD.IDEALPRO-MLSignalStrategyV2-V2,SELL,STOP_MARKET,100000.00,1.03469,USD,2.07 USD,TAKER,4291a76c-251b-43d5-a671-4abe96924862,2025-01-08 03:34:00+00:00,2025-01-08 03:34:00+00:00,{},False
O-20250108-034500-001-V2-73,BACKTESTER-001,MLSignalStrategyV2-V2,EUR/USD.IDEALPRO,IDEALPRO-1-073,IDEALPRO-001,IDEALPRO-1-11898,EUR/USD.IDEALPRO-MLSignalStrategyV2-V2,BUY,MARKET,100000.00,1.03470,USD,2.07 USD,TAKER,c0e6ea0b-11ec-4e15-9f16-d678064ff41e,2025-01-08 03:45:00+00:00,2025-01-08 03:45:00+00:00,{},False
O-20250108-034500-001-V2-75,BACKTESTER-001,MLSignalStrategyV2-V2,EUR/USD.IDEALPRO,IDEALPRO-1-075,IDEALPRO-001,IDEALPRO-1-11959,EUR/USD.IDEALPRO-MLSignalStrategyV2-V2,SELL,LIMIT,100000.00,1.03520,USD,2.07 USD,MAKER,c22d3c57-fe99-4f88-b383-91e22e28bb98,2025-01-08 04:15:00+00:00,2025-01-08 04:15:00+00:00,{},False
O-20250108-051500-001-V2-76,BACKTESTER-001,MLSignalStrategyV2-V2,EUR/USD.IDEALPRO,IDEALPRO-1-076,IDEALPRO-001,IDEALPRO-1-12080,EUR/USD.IDEALPRO-MLSignalStrategyV2-V2,BUY,MARKET,100000.00,1.03504,USD,2.07 USD,TAKER,326d641c-e60b-432b-8e13-a1a8a09546da,2025-01-08 05:15:00+00:00,2025-01-08 05:15:00+00:00,{},False
O-20250108-051500-001-V2-78,BACKTESTER-001,MLSignalStrategyV2-V2,EUR/USD.IDEALPRO,IDEALPRO-1-078,IDEALPRO-001,IDEALPRO-1-12111,EUR/USD.IDEALPRO-MLSignalStrategyV2-V2,SELL,LIMIT,100000.00,1.03553,USD,2.07 USD,MAKER,ef727f21-e94f-4997-91fb-5437190ea343,2025-01-08 05:30:00+00:00,2025-01-08 05:30:00+00:00,{},False
O-20250108-080000-001-V2-79,BACKTESTER-001,MLSignalStrategyV2-V2,EUR/USD.IDEALPRO,IDEALPRO-1-079,IDEALPRO-001,IDEALPRO-1-12412,EUR/USD.IDEALPRO-MLSignalStrategyV2-V2,BUY,MARKET,100000.00,1.03323,USD,2.07 USD,TAKER,52fbdad2-f39a-4689-858a-e04d961e17e4,2025-01-08 08:00:00+00:00,2025-01-08 08:00:00+00:00,{},False
O-20250108-080000-001-V2-80,BACKTESTER-001,MLSignalStrategyV2-V2,EUR/USD.IDEALPRO,IDEALPRO-1-080,IDEALPRO-001,IDEALPRO-1-12427,EUR/USD.IDEALPRO-MLSignalStrategyV2-V2,SELL,STOP_MARKET,100000.00,1.03251,USD,2.07 USD,TAKER,e465b877-b35c-4168-8fc4-6ef9bc2408f9,2025-01-08 08:07:00+00:00,2025-01-08 08:07:00+00:00,{},False
O-20250108-081500-001-V2-82,BACKTESTER-001,MLSignalStrategyV2-V2,EUR/USD.IDEALPRO,IDEALPRO-1-082,IDEALPRO-001,IDEALPRO-1-12444,EUR/USD.IDEALPRO-MLSignalStrategyV2-V2,BUY,MARKET,100000.00,1.03309,USD,2.07 USD,TAKER,e7d1e876-9f89-47d1-a7c7-a6d37a13c77e,2025-01-08 08:15:00+00:00,2025-01-08 08:15:00+00:00,{},False
O-20250108-081500-001-V2-83,BACKTESTER-001,MLSignalStrategyV2-V2,EUR/USD.IDEALPRO,IDEALPRO-1-083,IDEALPRO-001,IDEALPRO-1-12477,EUR/USD.IDEALPRO-MLSignalStrategyV2-V2,SELL,STOP_MARKET,100000.00,1.03238,USD,2.06 USD,TAKER,92f231c7-b6cd-4033-af3d-e421b96d832c,2025-01-08 08:31:00+00:00,2025-01-08 08:31:00+00:00,{},False
O-20250108-090000-001-V2-85,BACKTESTER-001,MLSignalStrategyV2-V2,EUR/USD.IDEALPRO,IDEALPRO-1-085,IDEALPRO-001,IDEALPRO-1-12536,EUR/USD.IDEALPRO-MLSignalStrategyV2-V2,BUY,MARKET,100000.00,1.03189,USD,2.06 USD,TAKER,9b7a7ed8-2a56-4418-bf89-c1a499a4a0af,2025-01-08 09:00:00+00:00,2025-01-08 09:00:00+00:00,{},False
O-20250108-090000-001-V2-86,BACKTESTER-001,MLSignalStrategyV2-V2,EUR/USD.IDEALPRO,IDEALPRO-1-086,IDEALPRO-001,IDEALPRO-1-12809,EUR/USD.IDEALPRO-MLSignalStrategyV2-V2,SELL,STOP_MARKET,100000.00,1.03098,USD,2.06 USD,TAKER,b7296dda-053c-4242-93e8-0d80176c6391,2025-01-08 11:16:00+00:00,2025-01-08 11:16:00+00:00,{},False
O-20250108-113000-001-V2-88,BACKTESTER-001,MLSignalStrategyV2-V2,EUR/USD.IDEALPRO,IDEALPRO-1-088,IDEALPRO-001,IDEALPRO-1-12838,EUR/USD.IDEALPRO-MLSignalStrategyV2-V2,BUY,MARKET,100000.00,1.03005,USD,2.06 USD,TAKER,c9b57cfa-f488-40b5-a60e-2add82c1d2e6,2025-01-08 11:30:00+00:00,2025-01-08 11:30:00+00:00,{},False
O-20250108-113000-001-V2-89,BACKTESTER-001,MLSignalStrategyV2-V2,EUR/USD.IDEALPRO,IDEALPRO-1-089,IDEALPRO-001,IDEALPRO-1-12843,EUR/USD.IDEALPRO-MLSignalStrategyV2-V2,SELL,STOP_MARKET,100000.00,1.02889,USD,2.06 USD,TAKER,e55d8c55-65e2-49f1-bd3a-b998f304b710,2025-01-08 11:32:00+00:00,2025-01-08 11:32:00+00:00,{},False
O-20250108-114500-001-V2-91,BACKTESTER-001,MLSignalStrategyV2-V2,EUR/USD.IDEALPRO,IDEALPRO-1-091,IDEALPRO-001,IDEALPRO-1-12870,EUR/USD.IDEALPRO-MLSignalStrategyV2-V2,BUY,MARKET,100000.00,1.02849,USD,2.06 USD,TAKER,81ffc9b8-e2f9-4a25-a53e-806f165e732a,2025-01-08 11:45:00+00:00,2025-01-08 11:45:00+00:00,{},False
O-20250108-114500-001-V2-93,BACKTESTER-001,MLSignalStrategyV2-V2,EUR/USD.IDEALPRO,IDEALPRO-1-093,IDEALPRO-001,IDEALPRO-1-12903,EUR/USD.IDEALPRO-MLSignalStrategyV2-V2,SELL,LIMIT,100000.00,1.02998,USD,2.06 USD,MAKER,b85d9f8a-f42d-40a9-afc2-2f5400f4d3c9,2025-01-08 12:01:00+00:00,2025-01-08 12:01:00+00:00,{},False
O-20250108-121500-001-V2-94,BACKTESTER-001,MLSignalStrategyV2-V2,EUR/USD.IDEALPRO,IDEALPRO-1-094,IDEALPRO-001,IDEALPRO-1-12932,EUR/USD.IDEALPRO-MLSignalStrategyV2-V2,BUY,MARKET,100000.00,1.02896,USD,2.06 USD,TAKER,235a8227-e8b0-44b8-b593-0a5d97b34a20,2025-01-08 12:15:00+00:00,2025-01-08 12:15:00+00:00,{},False
O-20250108-121500-001-V2-96,BACKTESTER-001,MLSignalStrategyV2-V2,EUR/USD.IDEALPRO,IDEALPRO-1-096,IDEALPRO-001,IDEALPRO-1-13145,EUR/USD.IDEALPRO-MLSignalStrategyV2-V2,SELL,LIMIT,100000.00,1.03076,USD,2.06 USD,MAKER,221e3c26-c480-4080-9da9-07afd5982468,2025-01-08 14:01:00+00:00,2025-01-08 14:01:00+00:00,{},False
O-20250109-004500-001-V2-97,BACKTESTER-001,MLSignalStrategyV2-V2,EUR/USD.IDEALPRO,IDEALPRO-1-097,IDEALPRO-001,IDEALPRO-1-14405,EUR/USD.IDEALPRO-MLSignalStrategyV2-V2,BUY,MARKET,100000.00,1.03086,USD,2.06 USD,TAKER,c9e786cf-9bd3-4818-953f-377725921e75,2025-01-09 00:45:00+00:00,2025-01-09 00:45:00+00:00,{},False
O-20250109-004500-001-V2-99,BACKTESTER-001,MLSignalStrategyV2-V2,EUR/USD.IDEALPRO,IDEALPRO-1-099,IDEALPRO-001,IDEALPRO-1-14439,EUR/USD.IDEALPRO-MLSignalStrategyV2-V2,SELL,LIMIT,100000.00,1.03142,USD,2.06 USD,MAKER,7c6a6259-4975-441b-b896-081eb38ba358,2025-01-09 01:02:00+00:00,2025-01-09 01:02:00+00:00,{},False
O-20250109-014500-001-V2-100,BACKTESTER-001,MLSignalStrategyV2-V2,EUR/USD.IDEALPRO,IDEALPRO-1-100,IDEALPRO-001,IDEALPRO-1-14526,EUR/USD.IDEALPRO-MLSignalStrategyV2-V2,SELL,MARKET,100000.00,1.03141,USD,2.06 USD,TAKER,28a47726-1cec-4cdb-a8ca-6d8d4e66f99c,2025-01-09 01:45:00+00:00,2025-01-09 01:45:00+00:00,{},False
O-20250109-014500-001-V2-101,BACKTESTER-001,MLSignalStrategyV2-V2,EUR/USD.IDEALPRO,IDEALPRO-1-101,IDEALPRO-001,IDEALPRO-1-14589,EUR/USD.IDEALPRO-MLSignalStrategyV2-V2,BUY,STOP_MARKET,100000.00,1.03182,USD,2.06 USD,TAKER,c9bbafc2-7a09-4ce5-a839-80330edb9af8,2025-01-09 02:16:00+00:00,2025-01-09 02:16:00+00:00,{},False
O-20250109-043000-001-V2-103,BACKTESTER-001,MLSignalStrategyV2-V2,EUR/USD.IDEALPRO,IDEALPRO-1-103,IDEALPRO-001,IDEALPRO-1-14859,EUR/USD.IDEALPRO-MLSignalStrategyV2-V2,SELL,MARKET,100000.00,1.03095,USD,2.06 USD,TAKER,7fbf50d6-53fc-47d4-9936-33bd6c83535d,2025-01-09 04:30:00+00:00,2025-01-09 04:30:00+00:00,{},False
O-20250109-043000-001-V2-105,BACKTESTER-001,MLSignalStrategyV2-V2,EUR/USD.IDEALPRO,IDEALPRO-1-105,IDEALPRO-001,IDEALPRO-1-15055,EUR/USD.IDEALPRO-MLSignalStrategyV2-V2,BUY,LIMIT,100000.00,1.03025,USD,2.06 USD,MAKER,02fd4416-69de-4d3a-82ce-1d6d7108cebc,2025-01-09 06:08:00+00:00,2025-01-09 06:08:00+00:00,{},False
O-20250109-074500-001-V2-106,BACKTESTER-001,MLSignalStrategyV2-V2,EUR/USD.IDEALPRO,IDEALPRO-1-106,IDEALPRO-001,IDEALPRO-1-15250,EUR/USD.IDEALPRO-MLSignalStrategyV2-V2,SELL,MARKET,100000.00,1.02940,USD,2.06 USD,TAKER,73038f29-627d-4198-9112-9126c622185c,2025-01-09 07:45:00+00:00,2025-01-09 07:45:00+00:00,{},False
O-20250109-074500-001-V2-108,BACKTESTER-001,MLSignalStrategyV2-V2,EUR/USD.IDEALPRO,IDEALPRO-1-108,IDEALPRO-001,IDEALPRO-1-15291,EUR/USD.IDEALPRO-MLSignalStrategyV2-V2,BUY,LIMIT,100000.00,1.02837,USD,2.06 USD,MAKER,320948e0-7073-4625-a8e4-6b6424123368,2025-01-09 08:05:00+00:00,2025-01-09 08:05:00+00:00,{},False
O-20250109-143000-001-V2-109,BACKTESTER-001,MLSignalStrategyV2-V2,EUR/USD.IDEALPRO,IDEALPRO-1-109,IDEALPRO-001,IDEALPRO-1-16062,EUR/USD.IDEALPRO-MLSignalStrategyV2-V2,BUY,MARKET,100000.00,1.03100,USD,2.06 USD,TAKER,317558aa-f666-4e29-9a03-268debe4ca9b,2025-01-09 14:30:00+00:00,2025-01-09 14:30:00+00:00,{},False
O-20250109-143000-001-V2-110,BACKTESTER-001,MLSignalStrategyV2-V2,EUR/USD.IDEALPRO,IDEALPRO-1-110,IDEALPRO-001,IDEALPRO-1-16137,EUR/USD.IDEALPRO-MLSignalStrategyV2-V2,SELL,STOP_MARKET,100000.00,1.03033,USD,2.06 USD,TAKER,990ecc28-6a0f-4c90-ad2e-b72cdb4306e4,2025-01-09 15:07:00+00:00,2025-01-09 15:07:00+00:00,{},False
O-20250109-194500-001-V2-112,BACKTESTER-001,MLSignalStrategyV2-V2,EUR/USD.IDEALPRO,IDEALPRO-1-112,IDEALPRO-001,IDEALPRO-1-16695,EUR/USD.IDEALPRO-MLSignalStrategyV2-V2,BUY,MARKET,100000.00,1.03001,USD,2.06 USD,TAKER,bbad33d9-0176-4ec0-a850-0ef8fbb1aa80,2025-01-09 19:45:00+00:00,2025-01-09 19:45:00+00:00,{},False
O-20250109-194500-001-V2-113,BACKTESTER-001,MLSignalStrategyV2-V2,EUR/USD.IDEALPRO,IDEALPRO-1-113,IDEALPRO-001,IDEALPRO-1-17159,EUR/USD.IDEALPRO-MLSignalStrategyV2-V2,SELL,STOP_MARKET,100000.00,1.02961,USD,2.06 USD,TAKER,fb99a45f-6458-4d52-b66b-df513cb7a60f,2025-01-09 23:52:00+00:00,2025-01-09 23:52:00+00:00,{},False
O-20250110-003000-001-V2-115,BACKTESTER-001,MLSignalStrategyV2-V2,EUR/USD.IDEALPRO,IDEALPRO-1-115,IDEALPRO-001,IDEALPRO-1-17237,EUR/USD.IDEALPRO-MLSignalStrategyV2-V2,BUY,MARKET,100000.00,1.02945,USD,2.06 USD,TAKER,62fbde33-27fb-4872-bf6c-eff48bc271f0,2025-01-10 00:30:00+00:00,2025-01-10 00:30:00+00:00,{},False
O-20250110-003000-001-V2-117,BACKTESTER-001,MLSignalStrategyV2-V2,EUR/USD.IDEALPRO,IDEALPRO-1-117,IDEALPRO-001,IDEALPRO-1-17335,EUR/USD.IDEALPRO-MLSignalStrategyV2-V2,SELL,LIMIT,100000.00,1.02998,USD,2.06 USD,MAKER,9daf8192-8089-4dd2-b833-30d05b333ae8,2025-01-10 01:19:00+00:00,2025-01-10 01:19:00+00:00,{},False
O-20250110-040000-001-V2-118,BACKTESTER-001,MLSignalStrategyV2-V2,EUR/USD.IDEALPRO,IDEALPRO-1-118,IDEALPRO-001,IDEALPRO-1-17659,EUR/USD.IDEALPRO-MLSignalStrategyV2-V2,BUY,MARKET,100000.00,1.02985,USD,2.06 USD,TAKER,6277ca9a-d991-4829-b306-b2753aa8dccd,2025-01-10 04:00:00+00:00,2025-01-10 04:00:00+00:00,{},False
O-20250110-040000-001-V2-119,BACKTESTER-001,MLSignalStrategyV2-V2,EUR/USD.IDEALPRO,IDEALPRO-1-119,IDEALPRO-001,IDEALPRO-1-17733,EUR/USD.IDEALPRO-MLSignalStrategyV2-V2,SELL,STOP_MARKET,100000.00,1.02937,USD,2.06 USD,TAKER,ab6c65e0-f37d-46f6-870d-db600559e926,2025-01-10 04:37:00+00:00,2025-01-10 04:37:00+00:00,{},False
O-20250110-044500-001-V2-121,BACKTESTER-001,MLSignalStrategyV2-V2,EUR/USD.IDEALPRO,IDEALPRO-1-121,IDEALPRO-001,IDEALPRO-1-17750,EUR/USD.IDEALPRO-MLSignalStrategyV2-V2,BUY,MARKET,100000.00,1.02948,USD,2.06 USD,TAKER,6de151f2-33ce-44ae-85d5-48656c0d3fef,2025-01-10 04:45:00+00:00,2025-01-10 04:45:00+00:00,{},False
O-20250110-044500-001-V2-122,BACKTESTER-001,MLSignalStrategyV2-V2,EUR/USD.IDEALPRO,IDEALPRO-1-122,IDEALPRO-001,IDEALPRO-1-17853,EUR/USD.IDEALPRO-MLSignalStrategyV2-V2,SELL,STOP_MARKET,100000.00,1.02903,USD,2.06 USD,TAKER,0d56a7d4-07ee-4bb7-aab4-f7866a3429f4,2025-01-10 05:36:00+00:00,2025-01-10 05:36:00+00:00,{},False
O-20250110-054500-001-V2-124,BACKTESTER-001,MLSignalStrategyV2-V2,EUR/USD.IDEALPRO,IDEALPRO-1-124,IDEALPRO-001,IDEALPRO-1-17872,EUR/USD.IDEALPRO-MLSignalStrategyV2-V2,BUY,MARKET,100000.00,1.02928,USD,2.06 USD,TAKER,0c2ad52a-944f-482e-a386-568d137c9026,2025-01-10 05:45:00+00:00,2025-01-10 05:45:00+00:00,{},False
O-20250110-054500-001-V2-125,BACKTESTER-001,MLSignalStrategyV2-V2,EUR/USD.IDEALPRO,IDEALPRO-1-125,IDEALPRO-001,IDEALPRO-1-17885,EUR/USD.IDEALPRO-MLSignalStrategyV2-V2,SELL,STOP_MARKET,100000.00,1.02891,USD,2.06 USD,TAKER,a0e1c640-797d-4e3a-8f46-771058161a55,2025-01-10 05:51:00+00:00,2025-01-10 05:51:00+00:00,{},False
O-20250110-060000-001-V2-127,BACKTESTER-001,MLSignalStrategyV2-V2,EUR/USD.IDEALPRO,IDEALPRO-1-127,IDEALPRO-001,IDEALPRO-1-17904,EUR/USD.IDEALPRO-MLSignalStrategyV2-V2,BUY,MARKET,100000.00,1.02858,USD,2.06 USD,TAKER,b98fd523-1ce7-465c-a4f2-cdcec1797192,2025-01-10 06:00:00+00:00,2025-01-10 06:00:00+00:00,{},False
O-20250110-060000-001-V2-128,BACKTESTER-001,MLSignalStrategyV2-V2,EUR/USD.IDEALPRO,IDEALPRO-1-128,IDEALPRO-001,IDEALPRO-1-17961,EUR/USD.IDEALPRO-MLSignalStrategyV2-V2,SELL,STOP_MARKET,100000.00,1.02822,USD,2.06 USD,TAKER,91e32e29-2b54-4d81-a755-c4f3ed1bf272,2025-01-10 06:28:00+00:00,2025-01-10 06:28:00+00:00,{},False
O-20250110-063000-001-V2-130,BACKTESTER-001,MLSignalStrategyV2-V2,EUR/USD.IDEALPRO,IDEALPRO-1-130,IDEALPRO-001,IDEALPRO-1-17966,EUR/USD.IDEALPRO-MLSignalStrategyV2-V2,SELL,MARKET,100000.00,1.02848,USD,2.06 USD,TAKER,f81c69bd-4f42-40c2-a2fe-08ba9752711d,2025-01-10 06:30:00+00:00,2025-01-10 06:30:00+00:00,{},False
O-20250110-063000-001-V2-131,BACKTESTER-001,MLSignalStrategyV2-V2,EUR/USD.IDEALPRO,IDEALPRO-1-131,IDEALPRO-001,IDEALPRO-1-18053,EUR/USD.IDEALPRO-MLSignalStrategyV2-V2,BUY,STOP_MARKET,100000.00,1.02897,USD,2.06 USD,TAKER,47b5d5f9-5385-44b2-86d0-33246791f17a,2025-01-10 07:13:00+00:00,2025-01-10 07:13:00+00:00,{},False
O-20250110-080000-001-V2-133,BACKTESTER-001,MLSignalStrategyV2-V2,EUR/USD.IDEALPRO,IDEALPRO-1-133,IDEALPRO-001,IDEALPRO-1-18148,EUR/USD.IDEALPRO-MLSignalStrategyV2-V2,BUY,MARKET,100000.00,1.02972,USD,2.06 USD,TAKER,5d0046d1-9c81-4388-8695-430adcc42870,2025-01-10 08:00:00+00:00,2025-01-10 08:00:00+00:00,{},False
O-20250110-080000-001-V2-135,BACKTESTER-001,MLSignalStrategyV2-V2,EUR/USD.IDEALPRO,IDEALPRO-1-135,IDEALPRO-001,IDEALPRO-1-18203,EUR/USD.IDEALPRO-MLSignalStrategyV2-V2,SELL,LIMIT,100000.00,1.03043,USD,2.06 USD,MAKER,0c20233b-ff91-4dd6-bceb-0d63db8fd517,2025-01-10 08:27:00+00:00,2025-01-10 08:27:00+00:00,{},False
O-20250110-140000-001-V2-136,BACKTESTER-001,MLSignalStrategyV2-V2,EUR/USD.IDEALPRO,IDEALPRO-1-136,IDEALPRO-001,IDEALPRO-1-18870,EUR/USD.IDEALPRO-MLSignalStrategyV2-V2,SELL,MARKET,100000.00,1.02565,USD,2.05 USD,TAKER,dccf556a-aa32-426e-bb47-09bd3e4f804e,2025-01-10 14:00:00+00:00,2025-01-10 14:00:00+00:00,{},False
O-20250110-140000-001-V2-137,BACKTESTER-001,MLSignalStrategyV2-V2,EUR/USD.IDEALPRO,IDEALPRO-1-137,IDEALPRO-001,IDEALPRO-1-19035,EUR/USD.IDEALPRO-MLSignalStrategyV2-V2,BUY,STOP_MARKET,100000.00,1.02749,USD,2.05 USD,TAKER,5089aa76-cacf-4654-a9a1-7c7a665d4b54,2025-01-10 15:22:00+00:00,2025-01-10 15:22:00+00:00,{},False
O-20250110-173000-001-V2-139,BACKTESTER-001,MLSignalStrategyV2-V2,EUR/USD.IDEALPRO,IDEALPRO-1-139,IDEALPRO-001,IDEALPRO-1-19292,EUR/USD.IDEALPRO-MLSignalStrategyV2-V2,BUY,MARKET,100000.00,1.02393,USD,2.05 USD,TAKER,eb0cab29-7a42-4118-8e5e-1f7b449489b9,2025-01-10 17:30:00+00:00,2025-01-10 17:30:00+00:00,{},False
O-20250110-173000-001-V2-140,BACKTESTER-001,MLSignalStrategyV2-V2,EUR/USD.IDEALPRO,IDEALPRO-1-140,IDEALPRO-001,IDEALPRO-1-20469,EUR/USD.IDEALPRO-MLSignalStrategyV2-V2,SELL,STOP_MARKET,100000.00,1.02224,USD,2.04 USD,TAKER,cc634d8d-bae6-4f70-a672-146b095919c8,2025-01-13 03:33:00+00:00,2025-01-13 03:33:00+00:00,{},False
O-20250113-061500-001-V2-142,BACKTESTER-001,MLSignalStrategyV2-V2,EUR/USD.IDEALPRO,IDEALPRO-1-142,IDEALPRO-001,IDEALPRO-1-20794,EUR/USD.IDEALPRO-MLSignalStrategyV2-V2,SELL,MARKET,100000.00,1.02235,USD,2.04 USD,TAKER,8f993109-07ff-4dc0-81d8-96fdaf45e6ea,2025-01-13 06:15:00+00:00,2025-01-13 06:15:00+00:00,{},False
O-20250113-061500-001-V2-144,BACKTESTER-001,MLSignalStrategyV2-V2,EUR/USD.IDEALPRO,IDEALPRO-1-144,IDEALPRO-001,IDEALPRO-1-20873,EUR/USD.IDEALPRO-MLSignalStrategyV2-V2,BUY,LIMIT,100000.00,1.02155,USD,2.04 USD,MAKER,8440ee53-9808-4e4e-b7a7-2407c383091e,2025-01-13 06:54:00+00:00,2025-01-13 06:54:00+00:00,{},False
O-20250113-093000-001-V2-145,BACKTESTER-001,MLSignalStrategyV2-V2,EUR/USD.IDEALPRO,IDEALPRO-1-145,IDEALPRO-001,IDEALPRO-1-21186,EUR/USD.IDEALPRO-MLSignalStrategyV2-V2,BUY,MARKET,100000.00,1.01867,USD,2.04 USD,TAKER,28eeae5e-5cb0-4445-aff8-4afd9a2c4dc7,2025-01-13 09:30:00+00:00,2025-01-13 09:30:00+00:00,{},False
O-20250113-093000-001-V2-147,BACKTESTER-001,MLSignalStrategyV2-V2,EUR/USD.IDEALPRO,IDEALPRO-1-147,IDEALPRO-001,IDEALPRO-1-21273,EUR/USD.IDEALPRO-MLSignalStrategyV2-V2,SELL,LIMIT,100000.00,1.02036,USD,2.04 USD,MAKER,67cb6eb4-f299-4274-87ea-c04c4468bc38,2025-01-13 10:13:00+00:00,2025-01-13 10:13:00+00:00,{},False
O-20250113-113000-001-V2-148,BACKTESTER-001,MLSignalStrategyV2-V2,EUR/USD.IDEALPRO,IDEALPRO-1-148,IDEALPRO-001,IDEALPRO-1-21428,EUR/USD.IDEALPRO-MLSignalStrategyV2-V2,BUY,MARKET,100000.00,1.01909,USD,2.04 USD,TAKER,be9f15cf-0ff1-4fbb-9a8c-b6488be0b94f,2025-01-13 11:30:00+00:00,2025-01-13 11:30:00+00:00,{},False
O-20250113-113000-001-V2-150,BACKTESTER-001,MLSignalStrategyV2-V2,EUR/USD.IDEALPRO,IDEALPRO-1-150,IDEALPRO-001,IDEALPRO-1-21657,EUR/USD.IDEALPRO-MLSignalStrategyV2-V2,SELL,LIMIT,100000.00,1.02076,USD,2.04 USD,MAKER,3a327028-7290-42a0-bcd4-c63c8b872b40,2025-01-13 13:24:00+00:00,2025-01-13 13:24:00+00:00,{},False
O-20250113-181500-001-V2-151,BACKTESTER-001,MLSignalStrategyV2-V2,EUR/USD.IDEALPRO,IDEALPRO-1-151,IDEALPRO-001,IDEALPRO-1-22240,EUR/USD.IDEALPRO-MLSignalStrategyV2-V2,BUY,MARKET,100000.00,1.02164,USD,2.04 USD,TAKER,a3be5c42-2169-4887-9092-cbd6d3d150aa,2025-01-13 18:15:00+00:00,2025-01-13 18:15:00+00:00,{},False
O-20250113-181500-001-V2-152,BACKTESTER-001,MLSignalStrategyV2-V2,EUR/USD.IDEALPRO,IDEALPRO-1-152,IDEALPRO-001,IDEALPRO-1-22437,EUR/USD.IDEALPRO-MLSignalStrategyV2-V2,SELL,STOP_MARKET,100000.00,1.02084,USD,2.04 USD,TAKER,764b8d02-4e2c-4c9b-ab00-199c91f7a568,2025-01-13 19:53:00+00:00,2025-01-13 19:53:00+00:00,{},False
O-20250113-201500-001-V2-154,BACKTESTER-001,MLSignalStrategyV2-V2,EUR/USD.IDEALPRO,IDEALPRO-1-154,IDEALPRO-001,IDEALPRO-1-22483,EUR/USD.IDEALPRO-MLSignalStrategyV2-V2,BUY,MARKET,100000.00,1.02130,USD,2.04 USD,TAKER,531e0d8d-2aeb-477c-bd15-917331ac79c1,2025-01-13 20:15:00+00:00,2025-01-13 20:15:00+00:00,{},False
O-20250113-201500-001-V2-156,BACKTESTER-001,MLSignalStrategyV2-V2,EUR/USD.IDEALPRO,IDEALPRO-1-156,IDEALPRO-001,IDEALPRO-1-22617,EUR/USD.IDEALPRO-MLSignalStrategyV2-V2,SELL,LIMIT,100000.00,1.02225,USD,2.04 USD,MAKER,da1b64eb-9272-4e78-b3d6-0542d43538fc,2025-01-13 21:22:00+00:00,2025-01-13 21:22:00+00:00,{},False
O-20250113-213000-001-V2-157,BACKTESTER-001,MLSignalStrategyV2-V2,EUR/USD.IDEALPRO,IDEALPRO-1-157,IDEALPRO-001,IDEALPRO-1-22634,EUR/USD.IDEALPRO-MLSignalStrategyV2-V2,BUY,MARKET,100000.00,1.02225,USD,2.04 USD,TAKER,ab63f305-d241-4440-83b7-f1e89fc21aef,2025-01-13 21:30:00+00:00,2025-01-13 21:30:00+00:00,{},False
O-20250113-213000-001-V2-159,BACKTESTER-001,MLSignalStrategyV2-V2,EUR/USD.IDEALPRO,IDEALPRO-1-159,IDEALPRO-001,IDEALPRO-1-22673,EUR/USD.IDEALPRO-MLSignalStrategyV2-V2,SELL,LIMIT,100000.00,1.02329,USD,2.05 USD,MAKER,98a7fd5f-1f28-48d0-bf65-31f7b000ec0d,2025-01-13 21:49:00+00:00,2025-01-13 21:49:00+00:00,{},False
O-20250113-230000-001-V2-160,BACKTESTER-001,MLSignalStrategyV2-V2,EUR/USD.IDEALPRO,IDEALPRO-1-160,IDEALPRO-001,IDEALPRO-1-22786,EUR/USD.IDEALPRO-MLSignalStrategyV2-V2,SELL,MARKET,100000.00,1.02601,USD,2.05 USD,TAKER,9bcd1e88-bfbd-4437-b637-96d44400e939,2025-01-13 23:00:00+00:00,2025-01-13 23:00:00+00:00,{},False
O-20250113-230000-001-V2-161,BACKTESTER-001,MLSignalStrategyV2-V2,EUR/USD.IDEALPRO,IDEALPRO-1-161,IDEALPRO-001,IDEALPRO-1-22788,EUR/USD.IDEALPRO-MLSignalStrategyV2-V2,BUY,STOP_MARKET,100000.00,1.02684,USD,2.05 USD,TAKER,2767e335-e8c6-46e0-a2b8-b9cdb88ec04b,2025-01-13 23:00:00+00:00,2025-01-13 23:00:00+00:00,{},False
O-20250113-231500-001-V2-163,BACKTESTER-001,MLSignalStrategyV2-V2,EUR/USD.IDEALPRO,IDEALPRO-1-163,IDEALPRO-001,IDEALPRO-1-22819,EUR/USD.IDEALPRO-MLSignalStrategyV2-V2,SELL,MARKET,100000.00,1.02614,USD,2.05 USD,TAKER,d6ac8acd-8a56-4736-beef-3c2310111f82,2025-01-13 23:15:00+00:00,2025-01-13 23:15:00+00:00,{},False
O-20250113-231500-001-V2-164,BACKTESTER-001,MLSignalStrategyV2-V2,EUR/USD.IDEALPRO,IDEALPRO-1-164,IDEALPRO-001,IDEALPRO-1-22851,EUR/USD.IDEALPRO-MLSignalStrategyV2-V2,BUY,STOP_MARKET,100000.00,1.02714,USD,2.05 USD,TAKER,6fe6860c-b5e4-4065-b0de-880d01221f56,2025-01-13 23:31:00+00:00,2025-01-13 23:31:00+00:00,{},False
O-20250113-234500-001-V2-166,BACKTESTER-001,MLSignalStrategyV2-V2,EUR/USD.IDEALPRO,IDEALPRO-1-166,IDEALPRO-001,IDEALPRO-1-22880,EUR/USD.IDEALPRO-MLSignalStrategyV2-V2,SELL,MARKET,100000.00,1.02699,USD,2.05 USD,TAKER,d5cf5945-ba28-4875-865f-2e2e8fdb3cb0,2025-01-13 23:45:00+00:00,2025-01-13 23:45:00+00:00,{},False
O-20250113-234500-001-V2-168,BACKTESTER-001,MLSignalStrategyV2-V2,EUR/USD.IDEALPRO,IDEALPRO-1-168,IDEALPRO-001,IDEALPRO-1-22917,EUR/USD.IDEALPRO-MLSignalStrategyV2-V2,BUY,LIMIT,100000.00,1.02552,USD,2.05 USD,MAKER,a697f9a6-5949-4db1-ba61-b40c5c864e79,2025-01-14 00:03:00+00:00,2025-01-14 00:03:00+00:00,{},False
O-20250114-004500-001-V2-169,BACKTESTER-001,MLSignalStrategyV2-V2,EUR/USD.IDEALPRO,IDEALPRO-1-169,IDEALPRO-001,IDEALPRO-1-23002,EUR/USD.IDEALPRO-MLSignalStrategyV2-V2,BUY,MARKET,100000.00,1.02476,USD,2.05 USD,TAKER,4138fece-3cf8-488b-bac7-6fe3961f4451,2025-01-14 00:45:00+00:00,2025-01-14 00:45:00+00:00,{},False
O-20250114-004500-001-V2-170,BACKTESTER-001,MLSignalStrategyV2-V2,EUR/USD.IDEALPRO,IDEALPRO-1-170,IDEALPRO-001,IDEALPRO-1-23239,EUR/USD.IDEALPRO-MLSignalStrategyV2-V2,SELL,STOP_MARKET,100000.00,1.02384,USD,2.05 USD,TAKER,b490bd56-145a-4a48-903a-fca723b1a65a,2025-01-14 02:43:00+00:00,2025-01-14 02:43:00+00:00,{},False
O-20250114-050000-001-V2-172,BACKTESTER-001,MLSignalStrategyV2-V2,EUR/USD.IDEALPRO,IDEALPRO-1-172,IDEALPRO-001,IDEALPRO-1-23514,EUR/USD.IDEALPRO-MLSignalStrategyV2-V2,SELL,MARKET,100000.00,1.02503,USD,2.05 USD,TAKER,bc378f7d-c928-4d5e-8f02-b18b0a5f659e,2025-01-14 05:00:00+00:00,2025-01-14 05:00:00+00:00,{},False
O-20250114-050000-001-V2-174,BACKTESTER-001,MLSignalStrategyV2-V2,EUR/USD.IDEALPRO,IDEALPRO-1-174,IDEALPRO-001,IDEALPRO-1-23575,EUR/USD.IDEALPRO-MLSignalStrategyV2-V2,BUY,LIMIT,100000.00,1.02425,USD,2.05 USD,MAKER,f8db02d5-8eec-4926-a429-527dd9c0f9fd,2025-01-14 05:30:00+00:00,2025-01-14 05:30:00+00:00,{},False
O-20250114-111500-001-V2-175,BACKTESTER-001,MLSignalStrategyV2-V2,EUR/USD.IDEALPRO,IDEALPRO-1-175,IDEALPRO-001,IDEALPRO-1-24266,EUR/USD.IDEALPRO-MLSignalStrategyV2-V2,SELL,MARKET,100000.00,1.02582,USD,2.05 USD,TAKER,f930e4ab-d054-462f-9151-956ef3b3eceb,2025-01-14 11:15:00+00:00,2025-01-14 11:15:00+00:00,{},False
O-20250114-111500-001-V2-177,BACKTESTER-001,MLSignalStrategyV2-V2,EUR/USD.IDEALPRO,IDEALPRO-1-177,IDEALPRO-001,IDEALPRO-1-24379,EUR/USD.IDEALPRO-MLSignalStrategyV2-V2,BUY,LIMIT,100000.00,1.02447,USD,2.05 USD,MAKER,e368eff7-e9f5-43be-a9f5-60a36c6bcc89,2025-01-14 12:11:00+00:00,2025-01-14 12:11:00+00:00,{},False
O-20250114-184500-001-V2-178,BACKTESTER-001,MLSignalStrategyV2-V2,EUR/USD.IDEALPRO,IDEALPRO-1-178,IDEALPRO-001,IDEALPRO-1-25168,EUR/USD.IDEALPRO-MLSignalStrategyV2-V2,BUY,MARKET,100000.00,1.02984,USD,2.06 USD,TAKER,57c4d96a-b14d-4cd6-9603-0a07a1c684b0,2025-01-14 18:45:00+00:00,2025-01-14 18:45:00+00:00,{},False
O-20250114-184500-001-V2-179,BACKTESTER-001,MLSignalStrategyV2-V2,EUR/USD.IDEALPRO,IDEALPRO-1-179,IDEALPRO-001,IDEALPRO-1-26623,EUR/USD.IDEALPRO-MLSignalStrategyV2-V2,SELL,STOP_MARKET,100000.00,1.02893,USD,2.06 USD,TAKER,766c7abd-5275-4b49-b979-f9d373d0ea8e,2025-01-15 07:07:00+00:00,2025-01-15 07:07:00+00:00,{},False
O-20250115-093000-001-V2-181,BACKTESTER-001,MLSignalStrategyV2-V2,EUR/USD.IDEALPRO,IDEALPRO-1-181,IDEALPRO-001,IDEALPRO-1-26911,EUR/USD.IDEALPRO-MLSignalStrategyV2-V2,SELL,MARKET,100000.00,1.03052,USD,2.06 USD,TAKER,19e0a352-df50-4c8b-a271-cbe6d3fc8d4a,2025-01-15 09:30:00+00:00,2025-01-15 09:30:00+00:00,{},False
O-20250115-093000-001-V2-182,BACKTESTER-001,MLSignalStrategyV2-V2,EUR/USD.IDEALPRO,IDEALPRO-1-182,IDEALPRO-001,IDEALPRO-1-26949,EUR/USD.IDEALPRO-MLSignalStrategyV2-V2,BUY,STOP_MARKET,100000.00,1.03133,USD,2.06 USD,TAKER,ca2aff90-83ed-4d53-af12-658fd6192474,2025-01-15 09:49:00+00:00,2025-01-15 09:49:00+00:00,{},False
O-20250115-154500-001-V2-184,BACKTESTER-001,MLSignalStrategyV2-V2,EUR/USD.IDEALPRO,IDEALPRO-1-184,IDEALPRO-001,IDEALPRO-1-27662,EUR/USD.IDEALPRO-MLSignalStrategyV2-V2,SELL,MARKET,100000.00,1.03146,USD,2.06 USD,TAKER,e3ca4c52-9daa-4eb0-ab9d-24e862653205,2025-01-15 15:45:00+00:00,2025-01-15 15:45:00+00:00,{},False
O-20250115-154500-001-V2-186,BACKTESTER-001,MLSignalStrategyV2-V2,EUR/USD.IDEALPRO,IDEALPRO-1-186,IDEALPRO-001,IDEALPRO-1-27715,EUR/USD.IDEALPRO-MLSignalStrategyV2-V2,BUY,LIMIT,100000.00,1.02923,USD,2.06 USD,MAKER,66b4f0bc-cb0a-499b-bd4e-70bf857aec57,2025-01-15 16:11:00+00:00,2025-01-15 16:11:00+00:00,{},False
O-20250115-171500-001-V2-187,BACKTESTER-001,MLSignalStrategyV2-V2,EUR/USD.IDEALPRO,IDEALPRO-1-187,IDEALPRO-001,IDEALPRO-1-27845,EUR/USD.IDEALPRO-MLSignalStrategyV2-V2,BUY,MARKET,100000.00,1.02859,USD,2.06 USD,TAKER,f8eedf70-cafb-4aab-9022-ba5f3469074f,2025-01-15 17:15:00+00:00,2025-01-15 17:15:00+00:00,{},False
O-20250115-171500-001-V2-188,BACKTESTER-001,MLSignalStrategyV2-V2,EUR/USD.IDEALPRO,IDEALPRO-1-188,IDEALPRO-001,IDEALPRO-1-30129,EUR/USD.IDEALPRO-MLSignalStrategyV2-V2,SELL,STOP_MARKET,100000.00,1.02693,USD,2.05 USD,TAKER,43b19dd6-a85b-4469-8ab0-c3ba4163d19e,2025-01-16 12:32:00+00:00,2025-01-16 12:32:00+00:00,{},False
O-20250116-134500-001-V2-190,BACKTESTER-001,MLSignalStrategyV2-V2,EUR/USD.IDEALPRO,IDEALPRO-1-190,IDEALPRO-001,IDEALPRO-1-30276,EUR/USD.IDEALPRO-MLSignalStrategyV2-V2,BUY,MARKET,100000.00,1.02791,USD,2.06 USD,TAKER,216d8af6-cb60-4da7-ab8e-9652a0028385,2025-01-16 13:45:00+00:00,2025-01-16 13:45:00+00:00,{},False
O-20250116-134500-001-V2-191,BACKTESTER-001,MLSignalStrategyV2-V2,EUR/USD.IDEALPRO,IDEALPRO-1-191,IDEALPRO-001,IDEALPRO-1-30371,EUR/USD.IDEALPRO-MLSignalStrategyV2-V2,SELL,STOP_MARKET,100000.00,1.02692,USD,2.05 USD,TAKER,4db75c52-4e2d-4c70-b7c4-8bc8776dec95,2025-01-16 14:32:00+00:00,2025-01-16 14:32:00+00:00,{},False
O-20250117-001500-001-V2-193,BACKTESTER-001,MLSignalStrategyV2-V2,EUR/USD.IDEALPRO,IDEALPRO-1-193,IDEALPRO-001,IDEALPRO-1-31508,EUR/USD.IDEALPRO-MLSignalStrategyV2-V2,BUY,MARKET,100000.00,1.02992,USD,2.06 USD,TAKER,709e9cb8-809e-499f-ba3f-075b9ce2d249,2025-01-17 00:15:00+00:00,2025-01-17 00:15:00+00:00,{},False
O-20250117-001500-001-V2-195,BACKTESTER-001,MLSignalStrategyV2-V2,EUR/USD.IDEALPRO,IDEALPRO-1-195,IDEALPRO-001,IDEALPRO-1-31543,EUR/USD.IDEALPRO-MLSignalStrategyV2-V2,SELL,LIMIT,100000.00,1.03041,USD,2.06 USD,MAKER,6e80dd31-ad58-412d-80e8-2990152bab7a,2025-01-17 00:32:00+00:00,2025-01-17 00:32:00+00:00,{},False
O-20250117-030000-001-V2-196,BACKTESTER-001,MLSignalStrategyV2-V2,EUR/USD.IDEALPRO,IDEALPRO-1-196,IDEALPRO-001,IDEALPRO-1-31841,EUR/USD.IDEALPRO-MLSignalStrategyV2-V2,SELL,MARKET,100000.00,1.03033,USD,2.06 USD,TAKER,8372ee5a-adc3-4de3-a560-67b0d1389e55,2025-01-17 03:00:00+00:00,2025-01-17 03:00:00+00:00,{},False
O-20250117-030000-001-V2-198,BACKTESTER-001,MLSignalStrategyV2-V2,EUR/USD.IDEALPRO,IDEALPRO-1-198,IDEALPRO-001,IDEALPRO-1-32023,EUR/USD.IDEALPRO-MLSignalStrategyV2-V2,BUY,LIMIT,100000.00,1.02976,USD,2.06 USD,MAKER,e22c6eb1-fdf1-48fe-808e-5b11b1974881,2025-01-17 04:31:00+00:00,2025-01-17 04:31:00+00:00,{},False
O-20250117-044500-001-V2-199,BACKTESTER-001,MLSignalStrategyV2-V2,EUR/USD.IDEALPRO,IDEALPRO-1-199,IDEALPRO-001,IDEALPRO-1-32052,EUR/USD.IDEALPRO-MLSignalStrategyV2-V2,BUY,MARKET,100000.00,1.02933,USD,2.06 USD,TAKER,8a067ad5-af0c-4061-a6ca-a7d6f1b32444,2025-01-17 04:45:00+00:00,2025-01-17 04:45:00+00:00,{},False
O-20250117-044500-001-V2-200,BACKTESTER-001,MLSignalStrategyV2-V2,EUR/USD.IDEALPRO,IDEALPRO-1-200,IDEALPRO-001,IDEALPRO-1-32165,EUR/USD.IDEALPRO-MLSignalStrategyV2-V2,SELL,STOP_MARKET,100000.00,1.02901,USD,2.06 USD,TAKER,0eeb874e-d6c1-471e-8930-a23ccce610f7,2025-01-17 05:41:00+00:00,2025-01-17 05:41:00+00:00,{},False
O-20250117-054500-001-V2-202,BACKTESTER-001,MLSignalStrategyV2-V2,EUR/USD.IDEALPRO,IDEALPRO-1-202,IDEALPRO-001,IDEALPRO-1-32174,EUR/USD.IDEALPRO-MLSignalStrategyV2-V2,SELL,MARKET,100000.00,1.02894,USD,2.06 USD,TAKER,cbe002cc-0324-4847-b5bd-0f2c6e11007f,2025-01-17 05:45:00+00:00,2025-01-17 05:45:00+00:00,{},False
O-20250117-054500-001-V2-203,BACKTESTER-001,MLSignalStrategyV2-V2,EUR/USD.IDEALPRO,IDEALPRO-1-203,IDEALPRO-001,IDEALPRO-1-32201,EUR/USD.IDEALPRO-MLSignalStrategyV2-V2,BUY,STOP_MARKET,100000.00,1.02928,USD,2.06 USD,TAKER,dc46cb82-6d1b-45f0-9b96-d5a2603c38ec,2025-01-17 05:58:00+00:00,2025-01-17 05:58:00+00:00,{},False
O-20250117-064500-001-V2-205,BACKTESTER-001,MLSignalStrategyV2-V2,EUR/USD.IDEALPRO,IDEALPRO-1-205,IDEALPRO-001,IDEALPRO-1-32296,EUR/USD.IDEALPRO-MLSignalStrategyV2-V2,SELL,MARKET,100000.00,1.02879,USD,2.06 USD,TAKER,52669214-6dbd-42a2-aa78-a3280cf30247,2025-01-17 06:45:00+00:00,2025-01-17 06:45:00+00:00,{},False
O-20250117-064500-001-V2-207,BACKTESTER-001,MLSignalStrategyV2-V2,EUR/USD.IDEALPRO,IDEALPRO-1-207,IDEALPRO-001,IDEALPRO-1-32359,EUR/USD.IDEALPRO-MLSignalStrategyV2-V2,BUY,LIMIT,100000.00,1.02817,USD,2.06 USD,MAKER,a29173a0-60e5-4544-9198-da62e0108a4a,2025-01-17 07:16:00+00:00,2025-01-17 07:16:00+00:00,{},False
O-20250117-080000-001-V2-208,BACKTESTER-001,MLSignalStrategyV2-V2,EUR/USD.IDEALPRO,IDEALPRO-1-208,IDEALPRO-001,IDEALPRO-1-32448,EUR/USD.IDEALPRO-MLSignalStrategyV2-V2,SELL,MARKET,100000.00,1.02845,USD,2.06 USD,TAKER,bc9e9423-c0e1-45e1-8343-92bbeebf3959,2025-01-17 08:00:00+00:00,2025-01-17 08:00:00+00:00,{},False
O-20250117-080000-001-V2-209,BACKTESTER-001,MLSignalStrategyV2-V2,EUR/USD.IDEALPRO,IDEALPRO-1-209,IDEALPRO-001,IDEALPRO-1-32459,EUR/USD.IDEALPRO-MLSignalStrategyV2-V2,BUY,STOP_MARKET,100000.00,1.02900,USD,2.06 USD,TAKER,3921befe-4fe1-48d9-991b-3822dc3f6aac,2025-01-17 08:05:00+00:00,2025-01-17 08:05:00+00:00,{},False
O-20250119-224500-001-V2-211,BACKTESTER-001,MLSignalStrategyV2-V2,EUR/USD.IDEALPRO,IDEALPRO-1-211,IDEALPRO-001,IDEALPRO-1-34189,EUR/USD.IDEALPRO-MLSignalStrategyV2-V2,BUY,MARKET,100000.00,1.02756,USD,2.06 USD,TAKER,1ac1d502-bec7-481b-8f2d-db9ce2b403d9,2025-01-19 22:45:00+00:00,2025-01-19 22:45:00+00:00,{},False
O-20250119-224500-001-V2-213,BACKTESTER-001,MLSignalStrategyV2-V2,EUR/USD.IDEALPRO,IDEALPRO-1-213,IDEALPRO-001,IDEALPRO-1-34215,EUR/USD.IDEALPRO-MLSignalStrategyV2-V2,SELL,LIMIT,100000.00,1.02847,USD,2.06 USD,MAKER,1e8edfef-532a-4139-affb-1a0c7ab1b716,2025-01-19 22:57:00+00:00,2025-01-19 22:57:00+00:00,{},False
O-20250119-230000-001-V2-214,BACKTESTER-001,MLSignalStrategyV2-V2,EUR/USD.IDEALPRO,IDEALPRO-1-214,IDEALPRO-001,IDEALPRO-1-34223,EUR/USD.IDEALPRO-MLSignalStrategyV2-V2,BUY,MARKET,100000.00,1.02805,USD,2.06 USD,TAKER,23024b03-e354-4b7d-b2d0-f80a03ee4ef8,2025-01-19 23:00:00+00:00,2025-01-19 23:00:00+00:00,{},False
O-20250119-230000-001-V2-215,BACKTESTER-001,MLSignalStrategyV2-V2,EUR/USD.IDEALPRO,IDEALPRO-1-215,IDEALPRO-001,IDEALPRO-1-34225,EUR/USD.IDEALPRO-MLSignalStrategyV2-V2,SELL,STOP_MARKET,100000.00,1.02746,USD,2.05 USD,TAKER,755daf03-51b1-4115-8c95-dba7991c32bd,2025-01-19 23:01:00+00:00,2025-01-19 23:01:00+00:00,{},False
O-20250119-233000-001-V2-217,BACKTESTER-001,MLSignalStrategyV2-V2,EUR/USD.IDEALPRO,IDEALPRO-1-217,IDEALPRO-001,IDEALPRO-1-34284,EUR/USD.IDEALPRO-MLSignalStrategyV2-V2,BUY,MARKET,100000.00,1.02686,USD,2.05 USD,TAKER,22b10801-e515-4232-b7b9-967c74c8f9ec,2025-01-19 23:30:00+00:00,2025-01-19 23:30:00+00:00,{},False
O-20250119-233000-001-V2-219,BACKTESTER-001,MLSignalStrategyV2-V2,EUR/USD.IDEALPRO,IDEALPRO-1-219,IDEALPRO-001,IDEALPRO-1-34343,EUR/USD.IDEALPRO-MLSignalStrategyV2-V2,SELL,LIMIT,100000.00,1.02795,USD,2.06 USD,MAKER,1bad8902-5650-46bb-8c90-4ebd2c7ba22e,2025-01-19 23:59:00+00:00,2025-01-19 23:59:00+00:00,{},False
O-20250120-033000-001-V2-220,BACKTESTER-001,MLSignalStrategyV2-V2,EUR/USD.IDEALPRO,IDEALPRO-1-220,IDEALPRO-001,IDEALPRO-1-34766,EUR/USD.IDEALPRO-MLSignalStrategyV2-V2,SELL,MARKET,100000.00,1.02956,USD,2.06 USD,TAKER,03469ec2-3ce1-4b4e-8c84-8c6d528dbbf2,2025-01-20 03:30:00+00:00,2025-01-20 03:30:00+00:00,{},False
O-20250120-033000-001-V2-221,BACKTESTER-001,MLSignalStrategyV2-V2,EUR/USD.IDEALPRO,IDEALPRO-1-221,IDEALPRO-001,IDEALPRO-1-34771,EUR/USD.IDEALPRO-MLSignalStrategyV2-V2,BUY,STOP_MARKET,100000.00,1.03005,USD,2.06 USD,TAKER,c2cb4a71-67e5-4ced-865f-072625201284,2025-01-20 03:32:00+00:00,2025-01-20 03:32:00+00:00,{},False
O-20250120-073000-001-V2-223,BACKTESTER-001,MLSignalStrategyV2-V2,EUR/USD.IDEALPRO,IDEALPRO-1-223,IDEALPRO-001,IDEALPRO-1-35248,EUR/USD.IDEALPRO-MLSignalStrategyV2-V2,SELL,MARKET,100000.00,1.03104,USD,2.06 USD,TAKER,9d405d0a-9439-43b1-8ac6-af2906760259,2025-01-20 07:30:00+00:00,2025-01-20 07:30:00+00:00,{},False
O-20250120-073000-001-V2-224,BACKTESTER-001,MLSignalStrategyV2-V2,EUR/USD.IDEALPRO,IDEALPRO-1-224,IDEALPRO-001,IDEALPRO-1-35275,EUR/USD.IDEALPRO-MLSignalStrategyV2-V2,BUY,STOP_MARKET,100000.00,1.03168,USD,2.06 USD,TAKER,2de8df4c-cbad-4679-9f73-97b3acd6517d,2025-01-20 07:43:00+00:00,2025-01-20 07:43:00+00:00,{},False
O-20250120-074500-001-V2-226,BACKTESTER-001,MLSignalStrategyV2-V2,EUR/USD.IDEALPRO,IDEALPRO-1-226,IDEALPRO-001,IDEALPRO-1-35280,EUR/USD.IDEALPRO-MLSignalStrategyV2-V2,SELL,MARKET,100000.00,1.03173,USD,2.06 USD,TAKER,8d80ff6a-317c-4a6e-b0cd-26e36d590478,2025-01-20 07:45:00+00:00,2025-01-20 07:45:00+00:00,{},False
O-20250120-074500-001-V2-228,BACKTESTER-001,MLSignalStrategyV2-V2,EUR/USD.IDEALPRO,IDEALPRO-1-228,IDEALPRO-001,IDEALPRO-1-35367,EUR/USD.IDEALPRO-MLSignalStrategyV2-V2,BUY,LIMIT,100000.00,1.03071,USD,2.06 USD,MAKER,dfa9dd6e-cfcf-4d39-9866-4a9423b22ba6,2025-01-20 08:28:00+00:00,2025-01-20 08:28:00+00:00,{},False
O-20250120-113000-001-V2-229,BACKTESTER-001,MLSignalStrategyV2-V2,EUR/USD.IDEALPRO,IDEALPRO-1-229,IDEALPRO-001,IDEALPRO-1-35732,EUR/USD.IDEALPRO-MLSignalStrategyV2-V2,BUY,MARKET,100000.00,1.03214,USD,2.06 USD,TAKER,af757447-e16c-4d7b-8f6c-ddf28c5de68b,2025-01-20 11:30:00+00:00,2025-01-20 11:30:00+00:00,{},False
O-20250120-113000-001-V2-230,BACKTESTER-001,MLSignalStrategyV2-V2,EUR/USD.IDEALPRO,IDEALPRO-1-230,IDEALPRO-001,IDEALPRO-1-35953,EUR/USD.IDEALPRO-MLSignalStrategyV2-V2,SELL,STOP_MARKET,100000.00,1.03137,USD,2.06 USD,TAKER,2b14036a-d56f-497f-88d6-f86b5b3ca0f5,2025-01-20 13:20:00+00:00,2025-01-20 13:20:00+00:00,{},False
O-20250120-134500-001-V2-232,BACKTESTER-001,MLSignalStrategyV2-V2,EUR/USD.IDEALPRO,IDEALPRO-1-232,IDEALPRO-001,IDEALPRO-1-36004,EUR/USD.IDEALPRO-MLSignalStrategyV2-V2,SELL,MARKET,100000.00,1.03806,USD,2.08 USD,TAKER,2abde6eb-bbe9-4a31-a523-f0c90b41f9d3,2025-01-20 13:45:00+00:00,2025-01-20 13:45:00+00:00,{},False
O-20250120-134500-001-V2-233,BACKTESTER-001,MLSignalStrategyV2-V2,EUR/USD.IDEALPRO,IDEALPRO-1-233,IDEALPRO-001,IDEALPRO-1-36015,EUR/USD.IDEALPRO-MLSignalStrategyV2-V2,BUY,STOP_MARKET,100000.00,1.03962,USD,2.08 USD,TAKER,c3ac902d-c86b-49a0-a704-c97b4560df77,2025-01-20 13:50:00+00:00,2025-01-20 13:50:00+00:00,{},False
O-20250120-141500-001-V2-235,BACKTESTER-001,MLSignalStrategyV2-V2,EUR/USD.IDEALPRO,IDEALPRO-1-235,IDEALPRO-001,IDEALPRO-1-36066,EUR/USD.IDEALPRO-MLSignalStrategyV2-V2,SELL,MARKET,100000.00,1.03900,USD,2.08 USD,TAKER,1e0d56d5-cadc-4ee2-8ac7-221674de598f,2025-01-20 14:15:00+00:00,2025-01-20 14:15:00+00:00,{},False
O-20250120-141500-001-V2-236,BACKTESTER-001,MLSignalStrategyV2-V2,EUR/USD.IDEALPRO,IDEALPRO-1-236,IDEALPRO-001,IDEALPRO-1-36121,EUR/USD.IDEALPRO-MLSignalStrategyV2-V2,BUY,STOP_MARKET,100000.00,1.04190,USD,2.08 USD,TAKER,239cb4ab-b40b-4b8c-95cd-b4b1974fee8d,2025-01-20 14:42:00+00:00,2025-01-20 14:42:00+00:00,{},False
O-20250120-153000-001-V2-238,BACKTESTER-001,MLSignalStrategyV2-V2,EUR/USD.IDEALPRO,IDEALPRO-1-238,IDEALPRO-001,IDEALPRO-1-36218,EUR/USD.IDEALPRO-MLSignalStrategyV2-V2,SELL,MARKET,100000.00,1.04034,USD,2.08 USD,TAKER,6dea98b6-b53e-4eb1-9f1a-f14639dd6613,2025-01-20 15:30:00+00:00,2025-01-20 15:30:00+00:00,{},False
O-20250120-153000-001-V2-240,BACKTESTER-001,MLSignalStrategyV2-V2,EUR/USD.IDEALPRO,IDEALPRO-1-240,IDEALPRO-001,IDEALPRO-1-36449,EUR/USD.IDEALPRO-MLSignalStrategyV2-V2,BUY,LIMIT,100000.00,1.03689,USD,2.07 USD,MAKER,d2a0a225-a638-487d-921e-3987cd463abd,2025-01-20 17:25:00+00:00,2025-01-20 17:25:00+00:00,{},False
O-20250120-183000-001-V2-241,BACKTESTER-001,MLSignalStrategyV2-V2,EUR/USD.IDEALPRO,IDEALPRO-1-241,IDEALPRO-001,IDEALPRO-1-36580,EUR/USD.IDEALPRO-MLSignalStrategyV2-V2,BUY,MARKET,100000.00,1.03860,USD,2.08 USD,TAKER,5926cabd-fbb1-4473-b329-cf186b431546,2025-01-20 18:30:00+00:00,2025-01-20 18:30:00+00:00,{},False
O-20250120-183000-001-V2-243,BACKTESTER-001,MLSignalStrategyV2-V2,EUR/USD.IDEALPRO,IDEALPRO-1-243,IDEALPRO-001,IDEALPRO-1-36739,EUR/USD.IDEALPRO-MLSignalStrategyV2-V2,SELL,LIMIT,100000.00,1.04136,USD,2.08 USD,MAKER,7209f160-e4b6-4d99-b08e-4fd613d8e595,2025-01-20 19:49:00+00:00,2025-01-20 19:49:00+00:00,{},False
O-20250120-210000-001-V2-244,BACKTESTER-001,MLSignalStrategyV2-V2,EUR/USD.IDEALPRO,IDEALPRO-1-244,IDEALPRO-001,IDEALPRO-1-36883,EUR/USD.IDEALPRO-MLSignalStrategyV2-V2,SELL,MARKET,100000.00,1.04161,USD,2.08 USD,TAKER,16926428-d2e1-4307-abec-6ef1ff460971,2025-01-20 21:00:00+00:00,2025-01-20 21:00:00+00:00,{},False
O-20250120-210000-001-V2-245,BACKTESTER-001,MLSignalStrategyV2-V2,EUR/USD.IDEALPRO,IDEALPRO-1-245,IDEALPRO-001,IDEALPRO-1-37227,EUR/USD.IDEALPRO-MLSignalStrategyV2-V2,BUY,STOP_MARKET,100000.00,1.04295,USD,2.09 USD,TAKER,274fc134-eaed-4876-9233-12701ef43897,2025-01-21 00:07:00+00:00,2025-01-21 00:07:00+00:00,{},False
O-20250121-010000-001-V2-247,BACKTESTER-001,MLSignalStrategyV2-V2,EUR/USD.IDEALPRO,IDEALPRO-1-247,IDEALPRO-001,IDEALPRO-1-37334,EUR/USD.IDEALPRO-MLSignalStrategyV2-V2,BUY,MARKET,100000.00,1.03623,USD,2.07 USD,TAKER,f5b99d17-cddc-4280-9e8f-79a640331bc8,2025-01-21 01:00:00+00:00,2025-01-21 01:00:00+00:00,{},False
O-20250121-010000-001-V2-249,BACKTESTER-001,MLSignalStrategyV2-V2,EUR/USD.IDEALPRO,IDEALPRO-1-249,IDEALPRO-001,IDEALPRO-1-37383,EUR/USD.IDEALPRO-MLSignalStrategyV2-V2,SELL,LIMIT,100000.00,1.03870,USD,2.08 USD,MAKER,9c0de7d0-aaaf-4085-aa71-bfa74271b5df,2025-01-21 01:24:00+00:00,2025-01-21 01:24:00+00:00,{},False
O-20250121-013000-001-V2-250,BACKTESTER-001,MLSignalStrategyV2-V2,EUR/USD.IDEALPRO,IDEALPRO-1-250,IDEALPRO-001,IDEALPRO-1-37396,EUR/USD.IDEALPRO-MLSignalStrategyV2-V2,BUY,MARKET,100000.00,1.03842,USD,2.08 USD,TAKER,226f9d16-1a37-468b-b53c-95433f172bef,2025-01-21 01:30:00+00:00,2025-01-21 01:30:00+00:00,{},False
O-20250121-013000-001-V2-251,BACKTESTER-001,MLSignalStrategyV2-V2,EUR/USD.IDEALPRO,IDEALPRO-1-251,IDEALPRO-001,IDEALPRO-1-37427,EUR/USD.IDEALPRO-MLSignalStrategyV2-V2,SELL,STOP_MARKET,100000.00,1.03643,USD,2.07 USD,TAKER,673949bd-5ef8-4aaa-a4ab-d274b8292539,2025-01-21 01:45:00+00:00,2025-01-21 01:45:00+00:00,{},False
O-20250121-020000-001-V2-253,BACKTESTER-001,MLSignalStrategyV2-V2,EUR/USD.IDEALPRO,IDEALPRO-1-253,IDEALPRO-001,IDEALPRO-1-37459,EUR/USD.IDEALPRO-MLSignalStrategyV2-V2,BUY,MARKET,100000.00,1.03702,USD,2.07 USD,TAKER,f9a02b2f-4f4a-4b11-b6bb-9a63f743302d,2025-01-21 02:00:00+00:00,2025-01-21 02:00:00+00:00,{},False
O-20250121-020000-001-V2-255,BACKTESTER-001,MLSignalStrategyV2-V2,EUR/USD.IDEALPRO,IDEALPRO-1-255,IDEALPRO-001,IDEALPRO-1-37609,EUR/USD.IDEALPRO-MLSignalStrategyV2-V2,SELL,LIMIT,100000.00,1.03997,USD,2.08 USD,MAKER,e32e7516-863d-4c2f-8bab-767245a1c1a6,2025-01-21 03:15:00+00:00,2025-01-21 03:15:00+00:00,{},False
O-20250121-081500-001-V2-256,BACKTESTER-001,MLSignalStrategyV2-V2,EUR/USD.IDEALPRO,IDEALPRO-1-256,IDEALPRO-001,IDEALPRO-1-38210,EUR/USD.IDEALPRO-MLSignalStrategyV2-V2,SELL,MARKET,100000.00,1.03686,USD,2.07 USD,TAKER,42b2635e-3f21-441a-8cd9-c3d8878fd1f0,2025-01-21 08:15:00+00:00,2025-01-21 08:15:00+00:00,{},False
O-20250121-081500-001-V2-258,BACKTESTER-001,MLSignalStrategyV2-V2,EUR/USD.IDEALPRO,IDEALPRO-1-258,IDEALPRO-001,IDEALPRO-1-38261,EUR/USD.IDEALPRO-MLSignalStrategyV2-V2,BUY,LIMIT,100000.00,1.03557,USD,2.07 USD,MAKER,cca51f27-3a5b-469b-8c18-aecdbe0aed5f,2025-01-21 08:40:00+00:00,2025-01-21 08:40:00+00:00,{},False
O-20250121-084500-001-V2-259,BACKTESTER-001,MLSignalStrategyV2-V2,EUR/USD.IDEALPRO,IDEALPRO-1-259,IDEALPRO-001,IDEALPRO-1-38272,EUR/USD.IDEALPRO-MLSignalStrategyV2-V2,BUY,MARKET,100000.00,1.03535,USD,2.07 USD,TAKER,eaa88cf1-b6a5-4561-8ceb-61ded4432e84,2025-01-21 08:45:00+00:00,2025-01-21 08:45:00+00:00,{},False
O-20250121-084500-001-V2-260,BACKTESTER-001,MLSignalStrategyV2-V2,EUR/USD.IDEALPRO,IDEALPRO-1-260,IDEALPRO-001,IDEALPRO-1-38385,EUR/USD.IDEALPRO-MLSignalStrategyV2-V2,SELL,STOP_MARKET,100000.00,1.03418,USD,2.07 USD,TAKER,500661ec-62fe-400d-93ea-555f0f02bf8e,2025-01-21 09:41:00+00:00,2025-01-21 09:41:00+00:00,{},False
O-20250121-094500-001-V2-262,BACKTESTER-001,MLSignalStrategyV2-V2,EUR/USD.IDEALPRO,IDEALPRO-1-262,IDEALPRO-001,IDEALPRO-1-38394,EUR/USD.IDEALPRO-MLSignalStrategyV2-V2,BUY,MARKET,100000.00,1.03462,USD,2.07 USD,TAKER,08bac97f-24d9-4f52-9222-88301336f577,2025-01-21 09:45:00+00:00,2025-01-21 09:45:00+00:00,{},False
O-20250121-094500-001-V2-264,BACKTESTER-001,MLSignalStrategyV2-V2,EUR/USD.IDEALPRO,IDEALPRO-1-264,IDEALPRO-001,IDEALPRO-1-38819,EUR/USD.IDEALPRO-MLSignalStrategyV2-V2,SELL,LIMIT,100000.00,1.03624,USD,2.07 USD,MAKER,5d7d9e97-9b35-45ef-9414-57ee8117de79,2025-01-21 13:17:00+00:00,2025-01-21 13:17:00+00:00,{},False
O-20250121-211500-001-V2-265,BACKTESTER-001,MLSignalStrategyV2-V2,EUR/USD.IDEALPRO,IDEALPRO-1-265,IDEALPRO-001,IDEALPRO-1-39777,EUR/USD.IDEALPRO-MLSignalStrategyV2-V2,BUY,MARKET,100000.00,1.04238,USD,2.08 USD,TAKER,1110ae35-6280-4b1c-903d-37848deb57d8,2025-01-21 21:15:00+00:00,2025-01-21 21:15:00+00:00,{},False
O-20250121-211500-001-V2-267,BACKTESTER-001,MLSignalStrategyV2-V2,EUR/USD.IDEALPRO,IDEALPRO-1-267,IDEALPRO-001,IDEALPRO-1-39921,EUR/USD.IDEALPRO-MLSignalStrategyV2-V2,SELL,LIMIT,100000.00,1.04341,USD,2.09 USD,MAKER,42940c19-018a-4d9d-b553-37962a1c8ebc,2025-01-21 22:42:00+00:00,2025-01-21 22:42:00+00:00,{},False
O-20250122-000000-001-V2-268,BACKTESTER-001,MLSignalStrategyV2-V2,EUR/USD.IDEALPRO,IDEALPRO-1-268,IDEALPRO-001,IDEALPRO-1-40078,EUR/USD.IDEALPRO-MLSignalStrategyV2-V2,BUY,MARKET,100000.00,1.04059,USD,2.08 USD,TAKER,72fcea09-8eea-487c-90e2-bbe0f049a29c,2025-01-22 00:00:00+00:00,2025-01-22 00:00:00+00:00,{},False
O-20250122-000000-001-V2-270,BACKTESTER-001,MLSignalStrategyV2-V2,EUR/USD.IDEALPRO,IDEALPRO-1-270,IDEALPRO-001,IDEALPRO-1-40121,EUR/USD.IDEALPRO-MLSignalStrategyV2-V2,SELL,LIMIT,100000.00,1.04224,USD,2.08 USD,MAKER,f9dbbebf-9c9f-4a42-83a9-8033cab8086e,2025-01-22 00:21:00+00:00,2025-01-22 00:21:00+00:00,{},False
O-20250122-003000-001-V2-271,BACKTESTER-001,MLSignalStrategyV2-V2,EUR/USD.IDEALPRO,IDEALPRO-1-271,IDEALPRO-001,IDEALPRO-1-40140,EUR/USD.IDEALPRO-MLSignalStrategyV2-V2,BUY,MARKET,100000.00,1.04189,USD,2.08 USD,TAKER,d84770f3-2890-4cbc-aeac-a33a1255d132,2025-01-22 00:30:00+00:00,2025-01-22 00:30:00+00:00,{},False
O-20250122-003000-001-V2-272,BACKTESTER-001,MLSignalStrategyV2-V2,EUR/USD.IDEALPRO,IDEALPRO-1-272,IDEALPRO-001,IDEALPRO-1-40317,EUR/USD.IDEALPRO-MLSignalStrategyV2-V2,SELL,STOP_MARKET,100000.00,1.04078,USD,2.08 USD,TAKER,c7bae175-77c1-48f8-8790-5084b2130978,2025-01-22 01:58:00+00:00,2025-01-22 01:58:00+00:00,{},False
O-20250122-044500-001-V2-274,BACKTESTER-001,MLSignalStrategyV2-V2,EUR/USD.IDEALPRO,IDEALPRO-1-274,IDEALPRO-001,IDEALPRO-1-40653,EUR/USD.IDEALPRO-MLSignalStrategyV2-V2,SELL,MARKET,100000.00,1.04176,USD,2.08 USD,TAKER,9b247129-0223-4594-9a27-1090fd746ee0,2025-01-22 04:45:00+00:00,2025-01-22 04:45:00+00:00,{},False
O-20250122-044500-001-V2-276,BACKTESTER-001,MLSignalStrategyV2-V2,EUR/USD.IDEALPRO,IDEALPRO-1-276,IDEALPRO-001,IDEALPRO-1-40737,EUR/USD.IDEALPRO-MLSignalStrategyV2-V2,BUY,LIMIT,100000.00,1.04085,USD,2.08 USD,MAKER,3d461052-e1f5-49f9-bad2-9fdf24f31c5b,2025-01-22 05:27:00+00:00,2025-01-22 05:27:00+00:00,{},False
O-20250122-053000-001-V2-277,BACKTESTER-001,MLSignalStrategyV2-V2,EUR/USD.IDEALPRO,IDEALPRO-1-277,IDEALPRO-001,IDEALPRO-1-40745,EUR/USD.IDEALPRO-MLSignalStrategyV2-V2,BUY,MARKET,100000.00,1.04116,USD,2.08 USD,TAKER,35f1772e-3e31-4d01-b97d-93dbedd1520b,2025-01-22 05:30:00+00:00,2025-01-22 05:30:00+00:00,{},False
O-20250122-053000-001-V2-278,BACKTESTER-001,MLSignalStrategyV2-V2,EUR/USD.IDEALPRO,IDEALPRO-1-278,IDEALPRO-001,IDEALPRO-1-40845,EUR/USD.IDEALPRO-MLSignalStrategyV2-V2,SELL,STOP_MARKET,100000.00,1.04053,USD,2.08 USD,TAKER,64d9da25-42d5-415e-9404-f9c3b07d45d1,2025-01-22 06:20:00+00:00,2025-01-22 06:20:00+00:00,{},False
O-20250122-120000-001-V2-280,BACKTESTER-001,MLSignalStrategyV2-V2,EUR/USD.IDEALPRO,IDEALPRO-1-280,IDEALPRO-001,IDEALPRO-1-41526,EUR/USD.IDEALPRO-MLSignalStrategyV2-V2,SELL,MARKET,100000.00,1.04428,USD,2.09 USD,TAKER,4e2d612c-13bb-444d-8bd9-1f147b5e6b4c,2025-01-22 12:00:00+00:00,2025-01-22 12:00:00+00:00,{},False
O-20250122-120000-001-V2-282,BACKTESTER-001,MLSignalStrategyV2-V2,EUR/USD.IDEALPRO,IDEALPRO-1-282,IDEALPRO-001,IDEALPRO-1-41725,EUR/USD.IDEALPRO-MLSignalStrategyV2-V2,BUY,LIMIT,100000.00,1.04263,USD,2.09 USD,MAKER,dbdf2122-9292-495a-a753-68a9f3b4d564,2025-01-22 13:39:00+00:00,2025-01-22 13:39:00+00:00,{},False
O-20250122-223000-001-V2-283,BACKTESTER-001,MLSignalStrategyV2-V2,EUR/USD.IDEALPRO,IDEALPRO-1-283,IDEALPRO-001,IDEALPRO-1-42759,EUR/USD.IDEALPRO-MLSignalStrategyV2-V2,BUY,MARKET,100000.00,1.04090,USD,2.08 USD,TAKER,ff80388c-100c-4e27-af62-dbf7e78b94b5,2025-01-22 22:30:00+00:00,2025-01-22 22:30:00+00:00,{},False
O-20250122-223000-001-V2-284,BACKTESTER-001,MLSignalStrategyV2-V2,EUR/USD.IDEALPRO,IDEALPRO-1-284,IDEALPRO-001,IDEALPRO-1-42851,EUR/USD.IDEALPRO-MLSignalStrategyV2-V2,SELL,STOP_MARKET,100000.00,1.04055,USD,2.08 USD,TAKER,fabdec3d-d2b7-46ef-8f87-e80cf21aacd0,2025-01-22 23:16:00+00:00,2025-01-22 23:16:00+00:00,{},False
O-20250123-000000-001-V2-286,BACKTESTER-001,MLSignalStrategyV2-V2,EUR/USD.IDEALPRO,IDEALPRO-1-286,IDEALPRO-001,IDEALPRO-1-42940,EUR/USD.IDEALPRO-MLSignalStrategyV2-V2,BUY,MARKET,100000.00,1.04079,USD,2.08 USD,TAKER,6264bb48-6028-4358-b76f-6695cc87ca80,2025-01-23 00:00:00+00:00,2025-01-23 00:00:00+00:00,{},False
O-20250123-000000-001-V2-288,BACKTESTER-001,MLSignalStrategyV2-V2,EUR/USD.IDEALPRO,IDEALPRO-1-288,IDEALPRO-001,IDEALPRO-1-43073,EUR/USD.IDEALPRO-MLSignalStrategyV2-V2,SELL,LIMIT,100000.00,1.04128,USD,2.08 USD,MAKER,eb434872-7017-44b7-8ee7-c720089c8f28,2025-01-23 01:06:00+00:00,2025-01-23 01:06:00+00:00,{},False
O-20250123-071500-001-V2-289,BACKTESTER-001,MLSignalStrategyV2-V2,EUR/USD.IDEALPRO,IDEALPRO-1-289,IDEALPRO-001,IDEALPRO-1-43813,EUR/USD.IDEALPRO-MLSignalStrategyV2-V2,BUY,MARKET,100000.00,1.03964,USD,2.08 USD,TAKER,6861a9fb-3fac-4203-9700-7dee19c41bc1,2025-01-23 07:15:00+00:00,2025-01-23 07:15:00+00:00,{},False
O-20250123-071500-001-V2-290,BACKTESTER-001,MLSignalStrategyV2-V2,EUR/USD.IDEALPRO,IDEALPRO-1-290,IDEALPRO-001,IDEALPRO-1-43983,EUR/USD.IDEALPRO-MLSignalStrategyV2-V2,SELL,STOP_MARKET,100000.00,1.03903,USD,2.08 USD,TAKER,6cd80a40-e69a-4d7c-8b53-655a7de8e54a,2025-01-23 08:40:00+00:00,2025-01-23 08:40:00+00:00,{},False
O-20250124-020000-001-V2-292,BACKTESTER-001,MLSignalStrategyV2-V2,EUR/USD.IDEALPRO,IDEALPRO-1-292,IDEALPRO-001,IDEALPRO-1-46035,EUR/USD.IDEALPRO-MLSignalStrategyV2-V2,BUY,MARKET,100000.00,1.04157,USD,2.08 USD,TAKER,e09f774e-6341-4774-a7d0-816801766d96,2025-01-24 02:00:00+00:00,2025-01-24 02:00:00+00:00,{},False
O-20250124-020000-001-V2-294,BACKTESTER-001,MLSignalStrategyV2-V2,EUR/USD.IDEALPRO,IDEALPRO-1-294,IDEALPRO-001,IDEALPRO-1-46063,EUR/USD.IDEALPRO-MLSignalStrategyV2-V2,SELL,LIMIT,100000.00,1.04266,USD,2.09 USD,MAKER,1ebffb52-e6ac-494f-9c11-45151063c17d,2025-01-24 02:14:00+00:00,2025-01-24 02:14:00+00:00,{},False
O-20250124-021500-001-V2-295,BACKTESTER-001,MLSignalStrategyV2-V2,EUR/USD.IDEALPRO,IDEALPRO-1-295,IDEALPRO-001,IDEALPRO-1-46066,EUR/USD.IDEALPRO-MLSignalStrategyV2-V2,BUY,MARKET,100000.00,1.04310,USD,2.09 USD,TAKER,9bf28fb2-9057-49c0-a040-4fa24b084892,2025-01-24 02:15:00+00:00,2025-01-24 02:15:00+00:00,{},False
O-20250124-021500-001-V2-296,BACKTESTER-001,MLSignalStrategyV2-V2,EUR/USD.IDEALPRO,IDEALPRO-1-296,IDEALPRO-001,IDEALPRO-1-46068,EUR/USD.IDEALPRO-MLSignalStrategyV2-V2,SELL,STOP_MARKET,100000.00,1.04246,USD,2.08 USD,TAKER,517c4313-dd3d-4d30-9e46-f941b292bf09,2025-01-24 02:15:00+00:00,2025-01-24 02:15:00+00:00,{},False
O-20250124-030000-001-V2-298,BACKTESTER-001,MLSignalStrategyV2-V2,EUR/USD.IDEALPRO,IDEALPRO-1-298,IDEALPRO-001,IDEALPRO-1-46158,EUR/USD.IDEALPRO-MLSignalStrategyV2-V2,BUY,MARKET,100000.00,1.04488,USD,2.09 USD,TAKER,d101bfe7-5d58-4ceb-bc52-6c81942c28e5,2025-01-24 03:00:00+00:00,2025-01-24 03:00:00+00:00,{},False
O-20250124-030000-001-V2-299,BACKTESTER-001,MLSignalStrategyV2-V2,EUR/USD.IDEALPRO,IDEALPRO-1-299,IDEALPRO-001,IDEALPRO-1-46195,EUR/USD.IDEALPRO-MLSignalStrategyV2-V2,SELL,STOP_MARKET,100000.00,1.04409,USD,2.09 USD,TAKER,d23bad9d-fd47-4dc1-9da4-edf80d5faa7c,2025-01-24 03:18:00+00:00,2025-01-24 03:18:00+00:00,{},False
O-20250124-033000-001-V2-301,BACKTESTER-001,MLSignalStrategyV2-V2,EUR/USD.IDEALPRO,IDEALPRO-1-301,IDEALPRO-001,IDEALPRO-1-46220,EUR/USD.IDEALPRO-MLSignalStrategyV2-V2,BUY,MARKET,100000.00,1.04410,USD,2.09 USD,TAKER,7c8db6f5-243a-42dc-8dea-d9b045a8c55e,2025-01-24 03:30:00+00:00,2025-01-24 03:30:00+00:00,{},False
O-20250124-033000-001-V2-303,BACKTESTER-001,MLSignalStrategyV2-V2,EUR/USD.IDEALPRO,IDEALPRO-1-303,IDEALPRO-001,IDEALPRO-1-46415,EUR/USD.IDEALPRO-MLSignalStrategyV2-V2,SELL,LIMIT,100000.00,1.04529,USD,2.09 USD,MAKER,c38f7c1b-0311-45e8-9505-96513ea1f3ff,2025-01-24 05:07:00+00:00,2025-01-24 05:07:00+00:00,{},False
O-20250124-054500-001-V2-304,BACKTESTER-001,MLSignalStrategyV2-V2,EUR/USD.IDEALPRO,IDEALPRO-1-304,IDEALPRO-001,IDEALPRO-1-46492,EUR/USD.IDEALPRO-MLSignalStrategyV2-V2,BUY,MARKET,100000.00,1.04476,USD,2.09 USD,TAKER,f9ef24d7-4327-4cdc-87a8-e3093a373bab,2025-01-24 05:45:00+00:00,2025-01-24 05:45:00+00:00,{},False
O-20250124-054500-001-V2-306,BACKTESTER-001,MLSignalStrategyV2-V2,EUR/USD.IDEALPRO,IDEALPRO-1-306,IDEALPRO-001,IDEALPRO-1-46567,EUR/USD.IDEALPRO-MLSignalStrategyV2-V2,SELL,LIMIT,100000.00,1.04581,USD,2.09 USD,MAKER,a91d257c-2315-4429-b266-61ef3adcd300,2025-01-24 06:22:00+00:00,2025-01-24 06:22:00+00:00,{},False
O-20250124-083000-001-V2-307,BACKTESTER-001,MLSignalStrategyV2-V2,EUR/USD.IDEALPRO,IDEALPRO-1-307,IDEALPRO-001,IDEALPRO-1-46824,EUR/USD.IDEALPRO-MLSignalStrategyV2-V2,SELL,MARKET,100000.00,1.04791,USD,2.10 USD,TAKER,eb36017f-d368-4313-ae74-a5c325ae9719,2025-01-24 08:30:00+00:00,2025-01-24 08:30:00+00:00,{},False
O-20250124-083000-001-V2-308,BACKTESTER-001,MLSignalStrategyV2-V2,EUR/USD.IDEALPRO,IDEALPRO-1-308,IDEALPRO-001,IDEALPRO-1-46827,EUR/USD.IDEALPRO-MLSignalStrategyV2-V2,BUY,STOP_MARKET,100000.00,1.04914,USD,2.10 USD,TAKER,b42a2efc-0e72-4401-8839-fc2658c85ff7,2025-01-24 08:31:00+00:00,2025-01-24 08:31:00+00:00,{},False
O-20250124-084500-001-V2-310,BACKTESTER-001,MLSignalStrategyV2-V2,EUR/USD.IDEALPRO,IDEALPRO-1-310,IDEALPRO-001,IDEALPRO-1-46856,EUR/USD.IDEALPRO-MLSignalStrategyV2-V2,SELL,MARKET,100000.00,1.04898,USD,2.10 USD,TAKER,d8725f45-c2d5-4f5b-bc75-61f9d455b1cd,2025-01-24 08:45:00+00:00,2025-01-24 08:45:00+00:00,{},False
O-20250124-084500-001-V2-311,BACKTESTER-001,MLSignalStrategyV2-V2,EUR/USD.IDEALPRO,IDEALPRO-1-311,IDEALPRO-001,IDEALPRO-1-46925,EUR/USD.IDEALPRO-MLSignalStrategyV2-V2,BUY,STOP_MARKET,100000.00,1.05038,USD,2.10 USD,TAKER,3fff160a-c37e-4adc-a5dc-7f49692662a8,2025-01-24 09:19:00+00:00,2025-01-24 09:19:00+00:00,{},False
O-20250124-100000-001-V2-313,BACKTESTER-001,MLSignalStrategyV2-V2,EUR/USD.IDEALPRO,IDEALPRO-1-313,IDEALPRO-001,IDEALPRO-1-47008,EUR/USD.IDEALPRO-MLSignalStrategyV2-V2,SELL,MARKET,100000.00,1.04945,USD,2.10 USD,TAKER,70167cc3-3e20-4ae8-b755-5d3dc28c3f4d,2025-01-24 10:00:00+00:00,2025-01-24 10:00:00+00:00,{},False
O-20250124-100000-001-V2-315,BACKTESTER-001,MLSignalStrategyV2-V2,EUR/USD.IDEALPRO,IDEALPRO-1-315,IDEALPRO-001,IDEALPRO-1-47359,EUR/USD.IDEALPRO-MLSignalStrategyV2-V2,BUY,LIMIT,100000.00,1.04734,USD,2.09 USD,MAKER,524190a3-9c6a-4a9e-af18-ea29d1371141,2025-01-24 12:55:00+00:00,2025-01-24 12:55:00+00:00,{},False
O-20250124-144500-001-V2-316,BACKTESTER-001,MLSignalStrategyV2-V2,EUR/USD.IDEALPRO,IDEALPRO-1-316,IDEALPRO-001,IDEALPRO-1-47581,EUR/USD.IDEALPRO-MLSignalStrategyV2-V2,BUY,MARKET,100000.00,1.04775,USD,2.10 USD,TAKER,741a390d-a24a-4d29-a2ef-73cbef78edb7,2025-01-24 14:45:00+00:00,2025-01-24 14:45:00+00:00,{},False
O-20250124-144500-001-V2-318,BACKTESTER-001,MLSignalStrategyV2-V2,EUR/USD.IDEALPRO,IDEALPRO-1-318,IDEALPRO-001,IDEALPRO-1-47583,EUR/USD.IDEALPRO-MLSignalStrategyV2-V2,SELL,LIMIT,100000.00,1.04933,USD,2.10 USD,MAKER,1cb48994-0a4a-4012-9707-60bd8feed7a2,2025-01-24 14:46:00+00:00,2025-01-24 14:46:00+00:00,{},False
O-20250126-223000-001-V2-319,BACKTESTER-001,MLSignalStrategyV2-V2,EUR/USD.IDEALPRO,IDEALPRO-1-319,IDEALPRO-001,IDEALPRO-1-48482,EUR/USD.IDEALPRO-MLSignalStrategyV2-V2,BUY,MARKET,100000.00,1.04834,USD,2.10 USD,TAKER,33a7ea16-02f6-4d88-8b51-f9c44d9b1183,2025-01-26 22:30:00+00:00,2025-01-26 22:30:00+00:00,{},False
O-20250126-223000-001-V2-320,BACKTESTER-001,MLSignalStrategyV2-V2,EUR/USD.IDEALPRO,IDEALPRO-1-320,IDEALPRO-001,IDEALPRO-1-48553,EUR/USD.IDEALPRO-MLSignalStrategyV2-V2,SELL,STOP_MARKET,100000.00,1.04768,USD,2.10 USD,TAKER,a4da8411-6305-4a66-ae30-f5ce058e7e00,2025-01-26 23:05:00+00:00,2025-01-26 23:05:00+00:00,{},False
O-20250126-231500-001-V2-322,BACKTESTER-001,MLSignalStrategyV2-V2,EUR/USD.IDEALPRO,IDEALPRO-1-322,IDEALPRO-001,IDEALPRO-1-48574,EUR/USD.IDEALPRO-MLSignalStrategyV2-V2,BUY,MARKET,100000.00,1.04760,USD,2.10 USD,TAKER,a7616933-936c-4215-846c-ee8a9d35cce4,2025-01-26 23:15:00+00:00,2025-01-26 23:15:00+00:00,{},False
O-20250126-231500-001-V2-323,BACKTESTER-001,MLSignalStrategyV2-V2,EUR/USD.IDEALPRO,IDEALPRO-1-323,IDEALPRO-001,IDEALPRO-1-48597,EUR/USD.IDEALPRO-MLSignalStrategyV2-V2,SELL,STOP_MARKET,100000.00,1.04709,USD,2.09 USD,TAKER,4d4faea0-9bd6-43db-9104-7151988aed41,2025-01-26 23:26:00+00:00,2025-01-26 23:26:00+00:00,{},False
O-20250126-233000-001-V2-325,BACKTESTER-001,MLSignalStrategyV2-V2,EUR/USD.IDEALPRO,IDEALPRO-1-325,IDEALPRO-001,IDEALPRO-1-48606,EUR/USD.IDEALPRO-MLSignalStrategyV2-V2,BUY,MARKET,100000.00,1.04727,USD,2.09 USD,TAKER,9c6c3042-635c-45ba-852a-89fc1fbbed9d,2025-01-26 23:30:00+00:00,2025-01-26 23:30:00+00:00,{},False
O-20250126-233000-001-V2-326,BACKTESTER-001,MLSignalStrategyV2-V2,EUR/USD.IDEALPRO,IDEALPRO-1-326,IDEALPRO-001,IDEALPRO-1-48659,EUR/USD.IDEALPRO-MLSignalStrategyV2-V2,SELL,STOP_MARKET,100000.00,1.04651,USD,2.09 USD,TAKER,c61c0ff3-979b-4460-9b53-c32e594fd9e6,2025-01-26 23:56:00+00:00,2025-01-26 23:56:00+00:00,{},False
O-20250127-000000-001-V2-328,BACKTESTER-001,MLSignalStrategyV2-V2,EUR/USD.IDEALPRO,IDEALPRO-1-328,IDEALPRO-001,IDEALPRO-1-48668,EUR/USD.IDEALPRO-MLSignalStrategyV2-V2,BUY,MARKET,100000.00,1.04676,USD,2.09 USD,TAKER,77e94154-eded-4f47-9b9e-00c9c173615b,2025-01-27 00:00:00+00:00,2025-01-27 00:00:00+00:00,{},False
O-20250127-000000-001-V2-330,BACKTESTER-001,MLSignalStrategyV2-V2,EUR/USD.IDEALPRO,IDEALPRO-1-330,IDEALPRO-001,IDEALPRO-1-48737,EUR/USD.IDEALPRO-MLSignalStrategyV2-V2,SELL,LIMIT,100000.00,1.04764,USD,2.10 USD,MAKER,2a13c8ae-379b-45fc-b6a3-6a7222a96f40,2025-01-27 00:34:00+00:00,2025-01-27 00:34:00+00:00,{},False
O-20250127-074500-001-V2-331,BACKTESTER-001,MLSignalStrategyV2-V2,EUR/USD.IDEALPRO,IDEALPRO-1-331,IDEALPRO-001,IDEALPRO-1-49601,EUR/USD.IDEALPRO-MLSignalStrategyV2-V2,SELL,MARKET,100000.00,1.04706,USD,2.09 USD,TAKER,7f71f030-e3b0-4fa9-a2d9-9ca4b585514d,2025-01-27 07:45:00+00:00,2025-01-27 07:45:00+00:00,{},False
O-20250127-074500-001-V2-333,BACKTESTER-001,MLSignalStrategyV2-V2,EUR/USD.IDEALPRO,IDEALPRO-1-333,IDEALPRO-001,IDEALPRO-1-49627,EUR/USD.IDEALPRO-MLSignalStrategyV2-V2,BUY,LIMIT,100000.00,1.04577,USD,2.09 USD,MAKER,a21dc3b6-5df4-419c-bbe2-a9001f6761b7,2025-01-27 07:58:00+00:00,2025-01-27 07:58:00+00:00,{},False
O-20250127-081500-001-V2-334,BACKTESTER-001,MLSignalStrategyV2-V2,EUR/USD.IDEALPRO,IDEALPRO-1-334,IDEALPRO-001,IDEALPRO-1-49663,EUR/USD.IDEALPRO-MLSignalStrategyV2-V2,BUY,MARKET,100000.00,1.04717,USD,2.09 USD,TAKER,9421d43b-52cb-4347-99d3-d67031be0d46,2025-01-27 08:15:00+00:00,2025-01-27 08:15:00+00:00,{},False
O-20250127-081500-001-V2-336,BACKTESTER-001,MLSignalStrategyV2-V2,EUR/USD.IDEALPRO,IDEALPRO-1-336,IDEALPRO-001,IDEALPRO-1-49745,EUR/USD.IDEALPRO-MLSignalStrategyV2-V2,SELL,LIMIT,100000.00,1.04857,USD,2.10 USD,MAKER,44abb57c-2934-42a7-bce2-ef5b527a25e8,2025-01-27 08:56:00+00:00,2025-01-27 08:56:00+00:00,{},False
O-20250127-121500-001-V2-337,BACKTESTER-001,MLSignalStrategyV2-V2,EUR/USD.IDEALPRO,IDEALPRO-1-337,IDEALPRO-001,IDEALPRO-1-50145,EUR/USD.IDEALPRO-MLSignalStrategyV2-V2,SELL,MARKET,100000.00,1.05104,USD,2.10 USD,TAKER,bc2ee9db-223d-4703-9cdf-34eb87c25b90,2025-01-27 12:15:00+00:00,2025-01-27 12:15:00+00:00,{},False
O-20250127-121500-001-V2-338,BACKTESTER-001,MLSignalStrategyV2-V2,EUR/USD.IDEALPRO,IDEALPRO-1-338,IDEALPRO-001,IDEALPRO-1-50225,EUR/USD.IDEALPRO-MLSignalStrategyV2-V2,BUY,STOP_MARKET,100000.00,1.05282,USD,2.11 USD,TAKER,cfd5c7cd-1ef8-4b5d-ae65-07108934fdb4,2025-01-27 12:55:00+00:00,2025-01-27 12:55:00+00:00,{},False
O-20250127-130000-001-V2-340,BACKTESTER-001,MLSignalStrategyV2-V2,EUR/USD.IDEALPRO,IDEALPRO-1-340,IDEALPRO-001,IDEALPRO-1-50236,EUR/USD.IDEALPRO-MLSignalStrategyV2-V2,SELL,MARKET,100000.00,1.05214,USD,2.10 USD,TAKER,222a0517-3bc2-4fd8-b177-f160c40aec23,2025-01-27 13:00:00+00:00,2025-01-27 13:00:00+00:00,{},False
O-20250127-130000-001-V2-341,BACKTESTER-001,MLSignalStrategyV2-V2,EUR/USD.IDEALPRO,IDEALPRO-1-341,IDEALPRO-001,IDEALPRO-1-50255,EUR/USD.IDEALPRO-MLSignalStrategyV2-V2,BUY,STOP_MARKET,100000.00,1.05334,USD,2.11 USD,TAKER,982819c1-7403-4dbf-b4ed-a75af9bb359e,2025-01-27 13:09:00+00:00,2025-01-27 13:09:00+00:00,{},False
O-20250127-131500-001-V2-343,BACKTESTER-001,MLSignalStrategyV2-V2,EUR/USD.IDEALPRO,IDEALPRO-1-343,IDEALPRO-001,IDEALPRO-1-50269,EUR/USD.IDEALPRO-MLSignalStrategyV2-V2,SELL,MARKET,100000.00,1.05226,USD,2.10 USD,TAKER,c4cbe3d6-8fb4-4f85-8b56-f02134bb66b0,2025-01-27 13:15:00+00:00,2025-01-27 13:15:00+00:00,{},False
O-20250127-131500-001-V2-345,BACKTESTER-001,MLSignalStrategyV2-V2,EUR/USD.IDEALPRO,IDEALPRO-1-345,IDEALPRO-001,IDEALPRO-1-50481,EUR/USD.IDEALPRO-MLSignalStrategyV2-V2,BUY,LIMIT,100000.00,1.05058,USD,2.10 USD,MAKER,b2cc5b52-967e-4b2d-ace9-8989b23e1731,2025-01-27 15:01:00+00:00,2025-01-27 15:01:00+00:00,{},False
O-20250127-161500-001-V2-346,BACKTESTER-001,MLSignalStrategyV2-V2,EUR/USD.IDEALPRO,IDEALPRO-1-346,IDEALPRO-001,IDEALPRO-1-50631,EUR/USD.IDEALPRO-MLSignalStrategyV2-V2,SELL,MARKET,100000.00,1.05051,USD,2.10 USD,TAKER,6c55ae23-3efb-4659-8a39-b3dd08d5cec7,2025-01-27 16:15:00+00:00,2025-01-27 16:15:00+00:00,{},False
O-20250127-161500-001-V2-348,BACKTESTER-001,MLSignalStrategyV2-V2,EUR/USD.IDEALPRO,IDEALPRO-1-348,IDEALPRO-001,IDEALPRO-1-50681,EUR/USD.IDEALPRO-MLSignalStrategyV2-V2,BUY,LIMIT,100000.00,1.04917,USD,2.10 USD,MAKER,34330f5f-9278-4e28-b34f-e6826b043402,2025-01-27 16:40:00+00:00,2025-01-27 16:40:00+00:00,{},False
O-20250127-183000-001-V2-349,BACKTESTER-001,MLSignalStrategyV2-V2,EUR/USD.IDEALPRO,IDEALPRO-1-349,IDEALPRO-001,IDEALPRO-1-50902,EUR/USD.IDEALPRO-MLSignalStrategyV2-V2,BUY,MARKET,100000.00,1.04846,USD,2.10 USD,TAKER,25992179-b414-4f34-9379-fd3fc744d921,2025-01-27 18:30:00+00:00,2025-01-27 18:30:00+00:00,{},False
O-20250127-183000-001-V2-350,BACKTESTER-001,MLSignalStrategyV2-V2,EUR/USD.IDEALPRO,IDEALPRO-1-350,IDEALPRO-001,IDEALPRO-1-51435,EUR/USD.IDEALPRO-MLSignalStrategyV2-V2,SELL,STOP_MARKET,100000.00,1.04731,USD,2.09 USD,TAKER,9036c86f-dd83-425e-9ac5-644f1d6ddb24,2025-01-27 23:11:00+00:00,2025-01-27 23:11:00+00:00,{},False
O-20250127-233000-001-V2-352,BACKTESTER-001,MLSignalStrategyV2-V2,EUR/USD.IDEALPRO,IDEALPRO-1-352,IDEALPRO-001,IDEALPRO-1-51474,EUR/USD.IDEALPRO-MLSignalStrategyV2-V2,BUY,MARKET,100000.00,1.04458,USD,2.09 USD,TAKER,d25c434e-7f81-4543-9925-72cae41e007f,2025-01-27 23:30:00+00:00,2025-01-27 23:30:00+00:00,{},False
O-20250127-233000-001-V2-353,BACKTESTER-001,MLSignalStrategyV2-V2,EUR/USD.IDEALPRO,IDEALPRO-1-353,IDEALPRO-001,IDEALPRO-1-51483,EUR/USD.IDEALPRO-MLSignalStrategyV2-V2,SELL,STOP_MARKET,100000.00,1.04360,USD,2.09 USD,TAKER,4c5c226d-79da-42bc-b9bb-cca37a994e08,2025-01-27 23:34:00+00:00,2025-01-27 23:34:00+00:00,{},False
O-20250127-234500-001-V2-355,BACKTESTER-001,MLSignalStrategyV2-V2,EUR/USD.IDEALPRO,IDEALPRO-1-355,IDEALPRO-001,IDEALPRO-1-51506,EUR/USD.IDEALPRO-MLSignalStrategyV2-V2,BUY,MARKET,100000.00,1.04407,USD,2.09 USD,TAKER,befc0c3a-596e-40d0-b432-288113300ad7,2025-01-27 23:45:00+00:00,2025-01-27 23:45:00+00:00,{},False
O-20250127-234500-001-V2-357,BACKTESTER-001,MLSignalStrategyV2-V2,EUR/USD.IDEALPRO,IDEALPRO-1-357,IDEALPRO-001,IDEALPRO-1-51721,EUR/USD.IDEALPRO-MLSignalStrategyV2-V2,SELL,LIMIT,100000.00,1.04566,USD,2.09 USD,MAKER,50760c98-81ea-41e2-8bf8-f83d33aa4c14,2025-01-28 01:32:00+00:00,2025-01-28 01:32:00+00:00,{},False
O-20250128-014500-001-V2-358,BACKTESTER-001,MLSignalStrategyV2-V2,EUR/USD.IDEALPRO,IDEALPRO-1-358,IDEALPRO-001,IDEALPRO-1-51748,EUR/USD.IDEALPRO-MLSignalStrategyV2-V2,BUY,MARKET,100000.00,1.04487,USD,2.09 USD,TAKER,69c9ae5b-e06c-4f1e-bc24-d639ee804cab,2025-01-28 01:45:00+00:00,2025-01-28 01:45:00+00:00,{},False
O-20250128-014500-001-V2-359,BACKTESTER-001,MLSignalStrategyV2-V2,EUR/USD.IDEALPRO,IDEALPRO-1-359,IDEALPRO-001,IDEALPRO-1-51777,EUR/USD.IDEALPRO-MLSignalStrategyV2-V2,SELL,STOP_MARKET,100000.00,1.04299,USD,2.09 USD,TAKER,1c85b557-4acb-4949-a3ec-4e428a071043,2025-01-28 01:59:00+00:00,2025-01-28 01:59:00+00:00,{},False
O-20250128-020000-001-V2-361,BACKTESTER-001,MLSignalStrategyV2-V2,EUR/USD.IDEALPRO,IDEALPRO-1-361,IDEALPRO-001,IDEALPRO-1-51780,EUR/USD.IDEALPRO-MLSignalStrategyV2-V2,BUY,MARKET,100000.00,1.04380,USD,2.09 USD,TAKER,1d31561d-eb3a-466d-9fe0-2c7d3de617dd,2025-01-28 02:00:00+00:00,2025-01-28 02:00:00+00:00,{},False
O-20250128-020000-001-V2-362,BACKTESTER-001,MLSignalStrategyV2-V2,EUR/USD.IDEALPRO,IDEALPRO-1-362,IDEALPRO-001,IDEALPRO-1-51795,EUR/USD.IDEALPRO-MLSignalStrategyV2-V2,SELL,STOP_MARKET,100000.00,1.04245,USD,2.08 USD,TAKER,5eaca2f9-6ef6-4e0f-ab9c-dbb38053ace2,2025-01-28 02:07:00+00:00,2025-01-28 02:07:00+00:00,{},False
O-20250128-021500-001-V2-364,BACKTESTER-001,MLSignalStrategyV2-V2,EUR/USD.IDEALPRO,IDEALPRO-1-364,IDEALPRO-001,IDEALPRO-1-51812,EUR/USD.IDEALPRO-MLSignalStrategyV2-V2,BUY,MARKET,100000.00,1.04298,USD,2.09 USD,TAKER,ae6032cf-a6a3-4e64-953e-f585f3a77ff5,2025-01-28 02:15:00+00:00,2025-01-28 02:15:00+00:00,{},False
O-20250128-021500-001-V2-365,BACKTESTER-001,MLSignalStrategyV2-V2,EUR/USD.IDEALPRO,IDEALPRO-1-365,IDEALPRO-001,IDEALPRO-1-52993,EUR/USD.IDEALPRO-MLSignalStrategyV2-V2,SELL,STOP_MARKET,100000.00,1.04155,USD,2.08 USD,TAKER,e3eac7a0-a0af-4793-9250-900ace706bde,2025-01-28 12:05:00+00:00,2025-01-28 12:05:00+00:00,{},False
O-20250129-030000-001-V2-367,BACKTESTER-001,MLSignalStrategyV2-V2,EUR/USD.IDEALPRO,IDEALPRO-1-367,IDEALPRO-001,IDEALPRO-1-54754,EUR/USD.IDEALPRO-MLSignalStrategyV2-V2,SELL,MARKET,100000.00,1.04339,USD,2.09 USD,TAKER,34a16bf0-913e-4621-9c06-4bd45a0c1aae,2025-01-29 03:00:00+00:00,2025-01-29 03:00:00+00:00,{},False
O-20250129-030000-001-V2-368,BACKTESTER-001,MLSignalStrategyV2-V2,EUR/USD.IDEALPRO,IDEALPRO-1-368,IDEALPRO-001,IDEALPRO-1-54847,EUR/USD.IDEALPRO-MLSignalStrategyV2-V2,BUY,STOP_MARKET,100000.00,1.04382,USD,2.09 USD,TAKER,eaae8ee4-7df6-4d35-8e82-f2c392d47fc6,2025-01-29 03:46:00+00:00,2025-01-29 03:46:00+00:00,{},False
O-20250130-040000-001-V2-370,BACKTESTER-001,MLSignalStrategyV2-V2,EUR/USD.IDEALPRO,IDEALPRO-1-370,IDEALPRO-001,IDEALPRO-1-57727,EUR/USD.IDEALPRO-MLSignalStrategyV2-V2,BUY,MARKET,100000.00,1.04253,USD,2.09 USD,TAKER,666ac4e6-1b19-43d4-8221-be084cff631c,2025-01-30 04:00:00+00:00,2025-01-30 04:00:00+00:00,{},False
O-20250130-040000-001-V2-371,BACKTESTER-001,MLSignalStrategyV2-V2,EUR/USD.IDEALPRO,IDEALPRO-1-371,IDEALPRO-001,IDEALPRO-1-57791,EUR/USD.IDEALPRO-MLSignalStrategyV2-V2,SELL,STOP_MARKET,100000.00,1.04207,USD,2.08 USD,TAKER,45959f76-a16f-48e8-927f-ac23773ec10d,2025-01-30 04:32:00+00:00,2025-01-30 04:32:00+00:00,{},False
O-20250130-071500-001-V2-373,BACKTESTER-001,MLSignalStrategyV2-V2,EUR/USD.IDEALPRO,IDEALPRO-1-373,IDEALPRO-001,IDEALPRO-1-58118,EUR/USD.IDEALPRO-MLSignalStrategyV2-V2,BUY,MARKET,100000.00,1.04130,USD,2.08 USD,TAKER,9faad05c-4ed4-488a-9a89-26c4904d02b4,2025-01-30 07:15:00+00:00,2025-01-30 07:15:00+00:00,{},False
O-20250130-071500-001-V2-375,BACKTESTER-001,MLSignalStrategyV2-V2,EUR/USD.IDEALPRO,IDEALPRO-1-375,IDEALPRO-001,IDEALPRO-1-58175,EUR/USD.IDEALPRO-MLSignalStrategyV2-V2,SELL,LIMIT,100000.00,1.04191,USD,2.08 USD,MAKER,c9d0f5d9-4e06-4ca8-8bd3-b512c1a5e7eb,2025-01-30 07:43:00+00:00,2025-01-30 07:43:00+00:00,{},False
O-20250130-114500-001-V2-376,BACKTESTER-001,MLSignalStrategyV2-V2,EUR/USD.IDEALPRO,IDEALPRO-1-376,IDEALPRO-001,IDEALPRO-1-58660,EUR/USD.IDEALPRO-MLSignalStrategyV2-V2,SELL,MARKET,100000.00,1.03984,USD,2.08 USD,TAKER,02e3f8d5-f058-40a3-9eaa-b69dd699382a,2025-01-30 11:45:00+00:00,2025-01-30 11:45:00+00:00,{},False
O-20250130-114500-001-V2-377,BACKTESTER-001,MLSignalStrategyV2-V2,EUR/USD.IDEALPRO,IDEALPRO-1-377,IDEALPRO-001,IDEALPRO-1-58795,EUR/USD.IDEALPRO-MLSignalStrategyV2-V2,BUY,STOP_MARKET,100000.00,1.04060,USD,2.08 USD,TAKER,ed537a3c-4348-4077-b50d-f0c60eb823d5,2025-01-30 12:52:00+00:00,2025-01-30 12:52:00+00:00,{},False
O-20250130-141500-001-V2-379,BACKTESTER-001,MLSignalStrategyV2-V2,EUR/USD.IDEALPRO,IDEALPRO-1-379,IDEALPRO-001,IDEALPRO-1-58963,EUR/USD.IDEALPRO-MLSignalStrategyV2-V2,SELL,MARKET,100000.00,1.04384,USD,2.09 USD,TAKER,9cb5c926-88d1-4fd6-9b41-37d1352bf1e6,2025-01-30 14:15:00+00:00,2025-01-30 14:15:00+00:00,{},False
O-20250130-141500-001-V2-381,BACKTESTER-001,MLSignalStrategyV2-V2,EUR/USD.IDEALPRO,IDEALPRO-1-381,IDEALPRO-001,IDEALPRO-1-59315,EUR/USD.IDEALPRO-MLSignalStrategyV2-V2,BUY,LIMIT,100000.00,1.04122,USD,2.08 USD,MAKER,82f3ed96-957a-4bd3-8465-031e10bc662b,2025-01-30 17:11:00+00:00,2025-01-30 17:11:00+00:00,{},False
O-20250130-200000-001-V2-382,BACKTESTER-001,MLSignalStrategyV2-V2,EUR/USD.IDEALPRO,IDEALPRO-1-382,IDEALPRO-001,IDEALPRO-1-59654,EUR/USD.IDEALPRO-MLSignalStrategyV2-V2,SELL,MARKET,100000.00,1.04278,USD,2.09 USD,TAKER,9a6c7790-ffce-42da-a697-1ce188af3493,2025-01-30 20:00:00+00:00,2025-01-30 20:00:00+00:00,{},False
O-20250130-200000-001-V2-384,BACKTESTER-001,MLSignalStrategyV2-V2,EUR/USD.IDEALPRO,IDEALPRO-1-384,IDEALPRO-001,IDEALPRO-1-59729,EUR/USD.IDEALPRO-MLSignalStrategyV2-V2,BUY,LIMIT,100000.00,1.04166,USD,2.08 USD,MAKER,cdb1398d-5b01-4851-8b0a-e956dc42bc7d,2025-01-30 20:37:00+00:00,2025-01-30 20:37:00+00:00,{},False
O-20250130-220000-001-V2-385,BACKTESTER-001,MLSignalStrategyV2-V2,EUR/USD.IDEALPRO,IDEALPRO-1-385,IDEALPRO-001,IDEALPRO-1-59896,EUR/USD.IDEALPRO-MLSignalStrategyV2-V2,BUY,MARKET,100000.00,1.03910,USD,2.08 USD,TAKER,88a42a7b-1279-4b93-b7e5-09577764184f,2025-01-30 22:00:00+00:00,2025-01-30 22:00:00+00:00,{},False
O-20250130-220000-001-V2-386,BACKTESTER-001,MLSignalStrategyV2-V2,EUR/USD.IDEALPRO,IDEALPRO-1-386,IDEALPRO-001,IDEALPRO-1-60283,EUR/USD.IDEALPRO-MLSignalStrategyV2-V2,SELL,STOP_MARKET,100000.00,1.03772,USD,2.08 USD,TAKER,f3c387b7-f30c-4608-a684-1d0ebed9cf91,2025-01-31 01:28:00+00:00,2025-01-31 01:28:00+00:00,{},False
O-20250131-040000-001-V2-388,BACKTESTER-001,MLSignalStrategyV2-V2,EUR/USD.IDEALPRO,IDEALPRO-1-388,IDEALPRO-001,IDEALPRO-1-60589,EUR/USD.IDEALPRO-MLSignalStrategyV2-V2,BUY,MARKET,100000.00,1.03851,USD,2.08 USD,TAKER,a6ef9db6-579c-4e5b-bfb0-5cf8b0fb6d93,2025-01-31 04:00:00+00:00,2025-01-31 04:00:00+00:00,{},False
O-20250131-040000-001-V2-390,BACKTESTER-001,MLSignalStrategyV2-V2,EUR/USD.IDEALPRO,IDEALPRO-1-390,IDEALPRO-001,IDEALPRO-1-60895,EUR/USD.IDEALPRO-MLSignalStrategyV2-V2,SELL,LIMIT,100000.00,1.03930,USD,2.08 USD,MAKER,718b4931-18e7-4219-8dea-d08c927dfaa9,2025-01-31 06:33:00+00:00,2025-01-31 06:33:00+00:00,{},False
O-20250131-100000-001-V2-391,BACKTESTER-001,MLSignalStrategyV2-V2,EUR/USD.IDEALPRO,IDEALPRO-1-391,IDEALPRO-001,IDEALPRO-1-61311,EUR/USD.IDEALPRO-MLSignalStrategyV2-V2,BUY,MARKET,100000.00,1.03837,USD,2.08 USD,TAKER,79e8bcdd-5acd-437d-bf68-49070fe9b172,2025-01-31 10:00:00+00:00,2025-01-31 10:00:00+00:00,{},False
O-20250131-100000-001-V2-392,BACKTESTER-001,MLSignalStrategyV2-V2,EUR/USD.IDEALPRO,IDEALPRO-1-392,IDEALPRO-001,IDEALPRO-1-61481,EUR/USD.IDEALPRO-MLSignalStrategyV2-V2,SELL,STOP_MARKET,100000.00,1.03722,USD,2.07 USD,TAKER,fd8341d2-670d-4aaf-b88e-5376ea3c1c5c,2025-01-31 11:25:00+00:00,2025-01-31 11:25:00+00:00,{},False
O-20250131-161500-001-V2-394,BACKTESTER-001,MLSignalStrategyV2-V2,EUR/USD.IDEALPRO,IDEALPRO-1-394,IDEALPRO-001,IDEALPRO-1-62063,EUR/USD.IDEALPRO-MLSignalStrategyV2-V2,BUY,MARKET,100000.00,1.03893,USD,2.08 USD,TAKER,bef52c51-9bdc-4bd1-8ca6-a5798c9a246c,2025-01-31 16:15:00+00:00,2025-01-31 16:15:00+00:00,{},False
O-20250131-161500-001-V2-396,BACKTESTER-001,MLSignalStrategyV2-V2,EUR/USD.IDEALPRO,IDEALPRO-1-396,IDEALPRO-001,IDEALPRO-1-62117,EUR/USD.IDEALPRO-MLSignalStrategyV2-V2,SELL,LIMIT,100000.00,1.04075,USD,2.08 USD,MAKER,bc322369-5c03-481d-9eaf-21b78185fff0,2025-01-31 16:42:00+00:00,2025-01-31 16:42:00+00:00,{},False
O-20250131-171500-001-V2-397,BACKTESTER-001,MLSignalStrategyV2-V2,EUR/USD.IDEALPRO,IDEALPRO-1-397,IDEALPRO-001,IDEALPRO-1-62184,EUR/USD.IDEALPRO-MLSignalStrategyV2-V2,SELL,MARKET,100000.00,1.04256,USD,2.09 USD,TAKER,150fd317-6d82-46ee-a080-8b4ede24884b,2025-01-31 17:15:00+00:00,2025-01-31 17:15:00+00:00,{},False
O-20250131-171500-001-V2-399,BACKTESTER-001,MLSignalStrategyV2-V2,EUR/USD.IDEALPRO,IDEALPRO-1-399,IDEALPRO-001,IDEALPRO-1-62315,EUR/USD.IDEALPRO-MLSignalStrategyV2-V2,BUY,LIMIT,100000.00,1.03933,USD,2.08 USD,MAKER,5f843b7a-e1df-497d-9bdb-3badbc827f1b,2025-01-31 18:20:00+00:00,2025-01-31 18:20:00+00:00,{},False
O-20250202-223000-001-V2-400,BACKTESTER-001,MLSignalStrategyV2-V2,EUR/USD.IDEALPRO,IDEALPRO-1-400,IDEALPRO-001,IDEALPRO-1-62786,EUR/USD.IDEALPRO-MLSignalStrategyV2-V2,BUY,MARKET,100000.00,1.02511,USD,2.05 USD,TAKER,b18aff72-dc63-4093-805d-84455506a68a,2025-02-02 22:30:00+00:00,2025-02-02 22:30:00+00:00,{},False
O-20250202-223000-001-V2-401,BACKTESTER-001,MLSignalStrategyV2-V2,EUR/USD.IDEALPRO,IDEALPRO-1-401,IDEALPRO-001,IDEALPRO-1-63013,EUR/USD.IDEALPRO-MLSignalStrategyV2-V2,SELL,STOP_MARKET,100000.00,1.02171,USD,2.04 USD,TAKER,1748b813-136d-4c78-85ee-0617e3c2d8de,2025-02-03 00:23:00+00:00,2025-02-03 00:23:00+00:00,{},False
O-20250203-003000-001-V2-403,BACKTESTER-001,MLSignalStrategyV2-V2,EUR/USD.IDEALPRO,IDEALPRO-1-403,IDEALPRO-001,IDEALPRO-1-63028,EUR/USD.IDEALPRO-MLSignalStrategyV2-V2,BUY,MARKET,100000.00,1.02368,USD,2.05 USD,TAKER,1e80a6e9-9127-4251-86e6-65b3a3c6523d,2025-02-03 00:30:00+00:00,2025-02-03 00:30:00+00:00,{},False
O-20250203-003000-001-V2-404,BACKTESTER-001,MLSignalStrategyV2-V2,EUR/USD.IDEALPRO,IDEALPRO-1-404,IDEALPRO-001,IDEALPRO-1-63403,EUR/USD.IDEALPRO-MLSignalStrategyV2-V2,SELL,STOP_MARKET,100000.00,1.02128,USD,2.04 USD,TAKER,f24f41cd-6a6d-4b8e-976e-836ec49821b3,2025-02-03 03:37:00+00:00,2025-02-03 03:37:00+00:00,{},False
O-20250203-034500-001-V2-406,BACKTESTER-001,MLSignalStrategyV2-V2,EUR/USD.IDEALPRO,IDEALPRO-1-406,IDEALPRO-001,IDEALPRO-1-63420,EUR/USD.IDEALPRO-MLSignalStrategyV2-V2,BUY,MARKET,100000.00,1.02152,USD,2.04 USD,TAKER,4ede7a49-2f2f-47db-9402-189f0e288d4a,2025-02-03 03:45:00+00:00,2025-02-03 03:45:00+00:00,{},False
O-20250203-034500-001-V2-408,BACKTESTER-001,MLSignalStrategyV2-V2,EUR/USD.IDEALPRO,IDEALPRO-1-408,IDEALPRO-001,IDEALPRO-1-63455,EUR/USD.IDEALPRO-MLSignalStrategyV2-V2,SELL,LIMIT,100000.00,1.02374,USD,2.05 USD,MAKER,47997dbf-f34b-4714-b09a-d842d3cb5ead,2025-02-03 04:02:00+00:00,2025-02-03 04:02:00+00:00,{},False
O-20250203-060000-001-V2-409,BACKTESTER-001,MLSignalStrategyV2-V2,EUR/USD.IDEALPRO,IDEALPRO-1-409,IDEALPRO-001,IDEALPRO-1-63692,EUR/USD.IDEALPRO-MLSignalStrategyV2-V2,BUY,MARKET,100000.00,1.02405,USD,2.05 USD,TAKER,c06748cb-75c5-48eb-8c78-da7889c74973,2025-02-03 06:00:00+00:00,2025-02-03 06:00:00+00:00,{},False
O-20250203-060000-001-V2-410,BACKTESTER-001,MLSignalStrategyV2-V2,EUR/USD.IDEALPRO,IDEALPRO-1-410,IDEALPRO-001,IDEALPRO-1-63865,EUR/USD.IDEALPRO-MLSignalStrategyV2-V2,SELL,STOP_MARKET,100000.00,1.02302,USD,2.05 USD,TAKER,8638c5f8-f280-4493-ae04-9444f403ffb0,2025-02-03 07:26:00+00:00,2025-02-03 07:26:00+00:00,{},False
O-20250203-074500-001-V2-412,BACKTESTER-001,MLSignalStrategyV2-V2,EUR/USD.IDEALPRO,IDEALPRO-1-412,IDEALPRO-001,IDEALPRO-1-63904,EUR/USD.IDEALPRO-MLSignalStrategyV2-V2,BUY,MARKET,100000.00,1.02289,USD,2.05 USD,TAKER,73197221-614a-4b4a-a88e-d5ce4fd4b978,2025-02-03 07:45:00+00:00,2025-02-03 07:45:00+00:00,{},False
O-20250203-074500-001-V2-413,BACKTESTER-001,MLSignalStrategyV2-V2,EUR/USD.IDEALPRO,IDEALPRO-1-413,IDEALPRO-001,IDEALPRO-1-63937,EUR/USD.IDEALPRO-MLSignalStrategyV2-V2,SELL,STOP_MARKET,100000.00,1.02171,USD,2.04 USD,TAKER,2dfbfd14-2827-450e-99a2-4fc8b4c2c69a,2025-02-03 08:01:00+00:00,2025-02-03 08:01:00+00:00,{},False
O-20250203-154500-001-V2-415,BACKTESTER-001,MLSignalStrategyV2-V2,EUR/USD.IDEALPRO,IDEALPRO-1-415,IDEALPRO-001,IDEALPRO-1-64866,EUR/USD.IDEALPRO-MLSignalStrategyV2-V2,SELL,MARKET,100000.00,1.03278,USD,2.07 USD,TAKER,5006214c-8e09-4f95-bcd8-11a22dd87157,2025-02-03 15:45:00+00:00,2025-02-03 15:45:00+00:00,{},False
O-20250203-154500-001-V2-417,BACKTESTER-001,MLSignalStrategyV2-V2,EUR/USD.IDEALPRO,IDEALPRO-1-417,IDEALPRO-001,IDEALPRO-1-64905,EUR/USD.IDEALPRO-MLSignalStrategyV2-V2,BUY,LIMIT,100000.00,1.02946,USD,2.06 USD,MAKER,cf404f04-e0a2-4686-a3d3-a3ea84da1e1c,2025-02-03 16:04:00+00:00,2025-02-03 16:04:00+00:00,{},False
O-20250203-161500-001-V2-418,BACKTESTER-001,MLSignalStrategyV2-V2,EUR/USD.IDEALPRO,IDEALPRO-1-418,IDEALPRO-001,IDEALPRO-1-64928,EUR/USD.IDEALPRO-MLSignalStrategyV2-V2,SELL,MARKET,100000.00,1.03174,USD,2.06 USD,TAKER,9d7ef049-9e4a-4786-868d-da888cef84c3,2025-02-03 16:15:00+00:00,2025-02-03 16:15:00+00:00,{},False
O-20250203-161500-001-V2-420,BACKTESTER-001,MLSignalStrategyV2-V2,EUR/USD.IDEALPRO,IDEALPRO-1-420,IDEALPRO-001,IDEALPRO-1-65013,EUR/USD.IDEALPRO-MLSignalStrategyV2-V2,BUY,LIMIT,100000.00,1.02823,USD,2.06 USD,MAKER,3bca6b56-6829-4d6c-8a75-302b375d4e45,2025-02-03 16:57:00+00:00,2025-02-03 16:57:00+00:00,{},False
O-20250203-181500-001-V2-421,BACKTESTER-001,MLSignalStrategyV2-V2,EUR/USD.IDEALPRO,IDEALPRO-1-421,IDEALPRO-001,IDEALPRO-1-65170,EUR/USD.IDEALPRO-MLSignalStrategyV2-V2,SELL,MARKET,100000.00,1.02829,USD,2.06 USD,TAKER,92b424f8-2007-476b-be22-a68ab11b0119,2025-02-03 18:15:00+00:00,2025-02-03 18:15:00+00:00,{},False
O-20250203-181500-001-V2-422,BACKTESTER-001,MLSignalStrategyV2-V2,EUR/USD.IDEALPRO,IDEALPRO-1-422,IDEALPRO-001,IDEALPRO-1-65541,EUR/USD.IDEALPRO-MLSignalStrategyV2-V2,BUY,STOP_MARKET,100000.00,1.03048,USD,2.06 USD,TAKER,82e72c31-d2b0-4d0c-b5d3-b704ceed58bb,2025-02-03 21:20:00+00:00,2025-02-03 21:20:00+00:00,{},False
O-20250203-213000-001-V2-424,BACKTESTER-001,MLSignalStrategyV2-V2,EUR/USD.IDEALPRO,IDEALPRO-1-424,IDEALPRO-001,IDEALPRO-1-65562,EUR/USD.IDEALPRO-MLSignalStrategyV2-V2,SELL,MARKET,100000.00,1.03074,USD,2.06 USD,TAKER,ba84400c-4a33-41cf-aea4-a81e7ee5bef0,2025-02-03 21:30:00+00:00,2025-02-03 21:30:00+00:00,{},False
O-20250203-213000-001-V2-425,BACKTESTER-001,MLSignalStrategyV2-V2,EUR/USD.IDEALPRO,IDEALPRO-1-425,IDEALPRO-001,IDEALPRO-1-65577,EUR/USD.IDEALPRO-MLSignalStrategyV2-V2,BUY,STOP_MARKET,100000.00,1.03297,USD,2.07 USD,TAKER,ad3e50bc-3c99-4fc2-af20-de3935bed552,2025-02-03 21:37:00+00:00,2025-02-03 21:37:00+00:00,{},False
O-20250203-214500-001-V2-427,BACKTESTER-001,MLSignalStrategyV2-V2,EUR/USD.IDEALPRO,IDEALPRO-1-427,IDEALPRO-001,IDEALPRO-1-65594,EUR/USD.IDEALPRO-MLSignalStrategyV2-V2,SELL,MARKET,100000.00,1.03384,USD,2.07 USD,TAKER,233cd47a-a47f-4aa3-8152-235ff184a9d7,2025-02-03 21:45:00+00:00,2025-02-03 21:45:00+00:00,{},False
O-20250203-214500-001-V2-428,BACKTESTER-001,MLSignalStrategyV2-V2,EUR/USD.IDEALPRO,IDEALPRO-1-428,IDEALPRO-001,IDEALPRO-1-65735,EUR/USD.IDEALPRO-MLSignalStrategyV2-V2,BUY,STOP_MARKET,100000.00,1.03519,USD,2.07 USD,TAKER,39c1caf0-51da-4435-adf0-983d2eb2d4b1,2025-02-03 23:10:00+00:00,2025-02-03 23:10:00+00:00,{},False
O-20250203-231500-001-V2-430,BACKTESTER-001,MLSignalStrategyV2-V2,EUR/USD.IDEALPRO,IDEALPRO-1-430,IDEALPRO-001,IDEALPRO-1-65747,EUR/USD.IDEALPRO-MLSignalStrategyV2-V2,SELL,MARKET,100000.00,1.03459,USD,2.07 USD,TAKER,a27a5b66-0788-4583-99a2-dfcc3ffb7139,2025-02-03 23:15:00+00:00,2025-02-03 23:15:00+00:00,{},False
O-20250203-231500-001-V2-432,BACKTESTER-001,MLSignalStrategyV2-V2,EUR/USD.IDEALPRO,IDEALPRO-1-432,IDEALPRO-001,IDEALPRO-1-65831,EUR/USD.IDEALPRO-MLSignalStrategyV2-V2,BUY,LIMIT,100000.00,1.03279,USD,2.07 USD,MAKER,04799326-4dc5-4412-a9d9-69246f2f2995,2025-02-03 23:57:00+00:00,2025-02-03 23:57:00+00:00,{},False
O-20250204-000000-001-V2-433,BACKTESTER-001,MLSignalStrategyV2-V2,EUR/USD.IDEALPRO,IDEALPRO-1-433,IDEALPRO-001,IDEALPRO-1-65838,EUR/USD.IDEALPRO-MLSignalStrategyV2-V2,BUY,MARKET,100000.00,1.03280,USD,2.07 USD,TAKER,09ccbe34-e280-4028-9b17-3750ff5f7c12,2025-02-04 00:00:00+00:00,2025-02-04 00:00:00+00:00,{},False
O-20250204-000000-001-V2-434,BACKTESTER-001,MLSignalStrategyV2-V2,EUR/USD.IDEALPRO,IDEALPRO-1-434,IDEALPRO-001,IDEALPRO-1-65935,EUR/USD.IDEALPRO-MLSignalStrategyV2-V2,SELL,STOP_MARKET,100000.00,1.03173,USD,2.06 USD,TAKER,2e97c309-6bab-4406-aab0-83d023a640c1,2025-02-04 00:48:00+00:00,2025-02-04 00:48:00+00:00,{},False
O-20250204-011500-001-V2-436,BACKTESTER-001,MLSignalStrategyV2-V2,EUR/USD.IDEALPRO,IDEALPRO-1-436,IDEALPRO-001,IDEALPRO-1-65990,EUR/USD.IDEALPRO-MLSignalStrategyV2-V2,BUY,MARKET,100000.00,1.03121,USD,2.06 USD,TAKER,456b08d4-3e6a-4d8f-b5b9-39c56b6dd020,2025-02-04 01:15:00+00:00,2025-02-04 01:15:00+00:00,{},False
O-20250204-011500-001-V2-438,BACKTESTER-001,MLSignalStrategyV2-V2,EUR/USD.IDEALPRO,IDEALPRO-1-438,IDEALPRO-001,IDEALPRO-1-66219,EUR/USD.IDEALPRO-MLSignalStrategyV2-V2,SELL,LIMIT,100000.00,1.03241,USD,2.06 USD,MAKER,22ce8d75-82e1-4814-9b8c-982c5b8d90d0,2025-02-04 03:09:00+00:00,2025-02-04 03:09:00+00:00,{},False
O-20250204-051500-001-V2-439,BACKTESTER-001,MLSignalStrategyV2-V2,EUR/USD.IDEALPRO,IDEALPRO-1-439,IDEALPRO-001,IDEALPRO-1-66472,EUR/USD.IDEALPRO-MLSignalStrategyV2-V2,BUY,MARKET,100000.00,1.02793,USD,2.06 USD,TAKER,124fc861-6eec-401c-9152-ffbb8d04c09c,2025-02-04 05:15:00+00:00,2025-02-04 05:15:00+00:00,{},False
O-20250204-051500-001-V2-441,BACKTESTER-001,MLSignalStrategyV2-V2,EUR/USD.IDEALPRO,IDEALPRO-1-441,IDEALPRO-001,IDEALPRO-1-66509,EUR/USD.IDEALPRO-MLSignalStrategyV2-V2,SELL,LIMIT,100000.00,1.02919,USD,2.06 USD,MAKER,a7be9e00-61b7-4bb1-87c4-544212dce6a4,2025-02-04 05:33:00+00:00,2025-02-04 05:33:00+00:00,{},False
O-20250204-054500-001-V2-442,BACKTESTER-001,MLSignalStrategyV2-V2,EUR/USD.IDEALPRO,IDEALPRO-1-442,IDEALPRO-001,IDEALPRO-1-66534,EUR/USD.IDEALPRO-MLSignalStrategyV2-V2,BUY,MARKET,100000.00,1.02934,USD,2.06 USD,TAKER,dce149b4-101c-4f20-b684-778a7e8b7402,2025-02-04 05:45:00+00:00,2025-02-04 05:45:00+00:00,{},False
O-20250204-054500-001-V2-444,BACKTESTER-001,MLSignalStrategyV2-V2,EUR/USD.IDEALPRO,IDEALPRO-1-444,IDEALPRO-001,IDEALPRO-1-66685,EUR/USD.IDEALPRO-MLSignalStrategyV2-V2,SELL,LIMIT,100000.00,1.03076,USD,2.06 USD,MAKER,65e2c65f-c1bb-4af4-903f-c7dd04bfcb4f,2025-02-04 07:00:00+00:00,2025-02-04 07:00:00+00:00,{},False
O-20250204-083000-001-V2-445,BACKTESTER-001,MLSignalStrategyV2-V2,EUR/USD.IDEALPRO,IDEALPRO-1-445,IDEALPRO-001,IDEALPRO-1-66867,EUR/USD.IDEALPRO-MLSignalStrategyV2-V2,BUY,MARKET,100000.00,1.03320,USD,2.07 USD,TAKER,34a3611e-f6dc-497f-8ae9-56fc6251416c,2025-02-04 08:30:00+00:00,2025-02-04 08:30:00+00:00,{},False
O-20250204-083000-001-V2-447,BACKTESTER-001,MLSignalStrategyV2-V2,EUR/USD.IDEALPRO,IDEALPRO-1-447,IDEALPRO-001,IDEALPRO-1-66975,EUR/USD.IDEALPRO-MLSignalStrategyV2-V2,SELL,LIMIT,100000.00,1.03457,USD,2.07 USD,MAKER,a533ba3e-181b-45e5-b72b-364742a127f7,2025-02-04 09:24:00+00:00,2025-02-04 09:24:00+00:00,{},False
O-20250204-100000-001-V2-448,BACKTESTER-001,MLSignalStrategyV2-V2,EUR/USD.IDEALPRO,IDEALPRO-1-448,IDEALPRO-001,IDEALPRO-1-67048,EUR/USD.IDEALPRO-MLSignalStrategyV2-V2,SELL,MARKET,100000.00,1.03387,USD,2.07 USD,TAKER,565a594a-bc40-46e5-b7f0-91c2cfc9e01a,2025-02-04 10:00:00+00:00,2025-02-04 10:00:00+00:00,{},False
O-20250204-100000-001-V2-450,BACKTESTER-001,MLSignalStrategyV2-V2,EUR/USD.IDEALPRO,IDEALPRO-1-450,IDEALPRO-001,IDEALPRO-1-67201,EUR/USD.IDEALPRO-MLSignalStrategyV2-V2,BUY,LIMIT,100000.00,1.03243,USD,2.06 USD,MAKER,f6cdbb82-f397-418a-951a-55c573307f99,2025-02-04 11:16:00+00:00,2025-02-04 11:16:00+00:00,{},False
O-20250204-184500-001-V2-451,BACKTESTER-001,MLSignalStrategyV2-V2,EUR/USD.IDEALPRO,IDEALPRO-1-451,IDEALPRO-001,IDEALPRO-1-68101,EUR/USD.IDEALPRO-MLSignalStrategyV2-V2,SELL,MARKET,100000.00,1.03854,USD,2.08 USD,TAKER,00bfb9ce-1281-4e9f-ba9a-157f15a7252f,2025-02-04 18:45:00+00:00,2025-02-04 18:45:00+00:00,{},False
O-20250204-184500-001-V2-453,BACKTESTER-001,MLSignalStrategyV2-V2,EUR/USD.IDEALPRO,IDEALPRO-1-453,IDEALPRO-001,IDEALPRO-1-68697,EUR/USD.IDEALPRO-MLSignalStrategyV2-V2,BUY,LIMIT,100000.00,1.03722,USD,2.07 USD,MAKER,c483923b-f99e-4d97-b5ed-d4d1fcc0822e,2025-02-04 23:58:00+00:00,2025-02-04 23:58:00+00:00,{},False
O-20250205-031500-001-V2-454,BACKTESTER-001,MLSignalStrategyV2-V2,EUR/USD.IDEALPRO,IDEALPRO-1-454,IDEALPRO-001,IDEALPRO-1-69092,EUR/USD.IDEALPRO-MLSignalStrategyV2-V2,SELL,MARKET,100000.00,1.03816,USD,2.08 USD,TAKER,9905149d-1b8a-48c4-8c0c-639bf107f173,2025-02-05 03:15:00+00:00,2025-02-05 03:15:00+00:00,{},False
O-20250205-031500-001-V2-456,BACKTESTER-001,MLSignalStrategyV2-V2,EUR/USD.IDEALPRO,IDEALPRO-1-456,IDEALPRO-001,IDEALPRO-1-69371,EUR/USD.IDEALPRO-MLSignalStrategyV2-V2,BUY,LIMIT,100000.00,1.03735,USD,2.07 USD,MAKER,22dc14c9-7a59-4730-a6bd-c05cbd0d05e3,2025-02-05 05:34:00+00:00,2025-02-05 05:34:00+00:00,{},False
O-20250205-054500-001-V2-457,BACKTESTER-001,MLSignalStrategyV2-V2,EUR/USD.IDEALPRO,IDEALPRO-1-457,IDEALPRO-001,IDEALPRO-1-69394,EUR/USD.IDEALPRO-MLSignalStrategyV2-V2,BUY,MARKET,100000.00,1.03745,USD,2.07 USD,TAKER,7f61a3ad-5d44-461c-8a5e-0b4d00a50927,2025-02-05 05:45:00+00:00,2025-02-05 05:45:00+00:00,{},False
O-20250205-054500-001-V2-459,BACKTESTER-001,MLSignalStrategyV2-V2,EUR/USD.IDEALPRO,IDEALPRO-1-459,IDEALPRO-001,IDEALPRO-1-69455,EUR/USD.IDEALPRO-MLSignalStrategyV2-V2,SELL,LIMIT,100000.00,1.03811,USD,2.08 USD,MAKER,53184f1b-1e4c-4d57-939b-fabe96e6ab54,2025-02-05 06:15:00+00:00,2025-02-05 06:15:00+00:00,{},False
O-20250205-123000-001-V2-460,BACKTESTER-001,MLSignalStrategyV2-V2,EUR/USD.IDEALPRO,IDEALPRO-1-460,IDEALPRO-001,IDEALPRO-1-70207,EUR/USD.IDEALPRO-MLSignalStrategyV2-V2,SELL,MARKET,100000.00,1.04154,USD,2.08 USD,TAKER,8814b73a-8a60-49ff-84ef-5f7822da00a3,2025-02-05 12:30:00+00:00,2025-02-05 12:30:00+00:00,{},False
O-20250205-123000-001-V2-461,BACKTESTER-001,MLSignalStrategyV2-V2,EUR/USD.IDEALPRO,IDEALPRO-1-461,IDEALPRO-001,IDEALPRO-1-70289,EUR/USD.IDEALPRO-MLSignalStrategyV2-V2,BUY,STOP_MARKET,100000.00,1.04235,USD,2.08 USD,TAKER,8ee550cc-5fc8-412a-a339-91b662bb638c,2025-02-05 13:11:00+00:00,2025-02-05 13:11:00+00:00,{},False
O-20250205-154500-001-V2-463,BACKTESTER-001,MLSignalStrategyV2-V2,EUR/USD.IDEALPRO,IDEALPRO-1-463,IDEALPRO-001,IDEALPRO-1-70599,EUR/USD.IDEALPRO-MLSignalStrategyV2-V2,SELL,MARKET,100000.00,1.04177,USD,2.08 USD,TAKER,f3467914-1332-45f8-b16d-83cfaefff714,2025-02-05 15:45:00+00:00,2025-02-05 15:45:00+00:00,{},False
O-20250205-154500-001-V2-465,BACKTESTER-001,MLSignalStrategyV2-V2,EUR/USD.IDEALPRO,IDEALPRO-1-465,IDEALPRO-001,IDEALPRO-1-71137,EUR/USD.IDEALPRO-MLSignalStrategyV2-V2,BUY,LIMIT,100000.00,1.04010,USD,2.08 USD,MAKER,72dad68d-7f60-49e2-b4c4-14df6f2f61bc,2025-02-05 20:14:00+00:00,2025-02-05 20:14:00+00:00,{},False
O-20250205-223000-001-V2-466,BACKTESTER-001,MLSignalStrategyV2-V2,EUR/USD.IDEALPRO,IDEALPRO-1-466,IDEALPRO-001,IDEALPRO-1-71380,EUR/USD.IDEALPRO-MLSignalStrategyV2-V2,SELL,MARKET,100000.00,1.04041,USD,2.08 USD,TAKER,6910c1c3-3730-46a6-8067-68079e3a9b36,2025-02-05 22:30:00+00:00,2025-02-05 22:30:00+00:00,{},False
O-20250205-223000-001-V2-468,BACKTESTER-001,MLSignalStrategyV2-V2,EUR/USD.IDEALPRO,IDEALPRO-1-468,IDEALPRO-001,IDEALPRO-1-71605,EUR/USD.IDEALPRO-MLSignalStrategyV2-V2,BUY,LIMIT,100000.00,1.03965,USD,2.08 USD,MAKER,5a95dc44-0100-4645-a6fb-fbbdd6948205,2025-02-06 00:22:00+00:00,2025-02-06 00:22:00+00:00,{},False
O-20250206-010000-001-V2-469,BACKTESTER-001,MLSignalStrategyV2-V2,EUR/USD.IDEALPRO,IDEALPRO-1-469,IDEALPRO-001,IDEALPRO-1-71683,EUR/USD.IDEALPRO-MLSignalStrategyV2-V2,SELL,MARKET,100000.00,1.03975,USD,2.08 USD,TAKER,9662432c-659a-43fa-aa65-aaad56347ec7,2025-02-06 01:00:00+00:00,2025-02-06 01:00:00+00:00,{},False
O-20250206-010000-001-V2-470,BACKTESTER-001,MLSignalStrategyV2-V2,EUR/USD.IDEALPRO,IDEALPRO-1-470,IDEALPRO-001,IDEALPRO-1-71749,EUR/USD.IDEALPRO-MLSignalStrategyV2-V2,BUY,STOP_MARKET,100000.00,1.04025,USD,2.08 USD,TAKER,7118fc06-ca65-4966-afa1-2f2c922c9804,2025-02-06 01:33:00+00:00,2025-02-06 01:33:00+00:00,{},False
O-20250206-041500-001-V2-472,BACKTESTER-001,MLSignalStrategyV2-V2,EUR/USD.IDEALPRO,IDEALPRO-1-472,IDEALPRO-001,IDEALPRO-1-72074,EUR/USD.IDEALPRO-MLSignalStrategyV2-V2,BUY,MARKET,100000.00,1.03922,USD,2.08 USD,TAKER,59b2e536-caf9-4e3b-b3cb-ab62fc8d24cc,2025-02-06 04:15:00+00:00,2025-02-06 04:15:00+00:00,{},False
O-20250206-041500-001-V2-473,BACKTESTER-001,MLSignalStrategyV2-V2,EUR/USD.IDEALPRO,IDEALPRO-1-473,IDEALPRO-001,IDEALPRO-1-72125,EUR/USD.IDEALPRO-MLSignalStrategyV2-V2,SELL,STOP_MARKET,100000.00,1.03879,USD,2.08 USD,TAKER,03b124bf-679f-4ded-8334-f6c47df8a350,2025-02-06 04:40:00+00:00,2025-02-06 04:40:00+00:00,{},False
O-20250206-110000-001-V2-475,BACKTESTER-001,MLSignalStrategyV2-V2,EUR/USD.IDEALPRO,IDEALPRO-1-475,IDEALPRO-001,IDEALPRO-1-72886,EUR/USD.IDEALPRO-MLSignalStrategyV2-V2,SELL,MARKET,100000.00,1.03625,USD,2.07 USD,TAKER,19ab4d68-14de-4baa-8ab2-5c7da7e4c228,2025-02-06 11:00:00+00:00,2025-02-06 11:00:00+00:00,{},False
O-20250206-110000-001-V2-476,BACKTESTER-001,MLSignalStrategyV2-V2,EUR/USD.IDEALPRO,IDEALPRO-1-476,IDEALPRO-001,IDEALPRO-1-73317,EUR/USD.IDEALPRO-MLSignalStrategyV2-V2,BUY,STOP_MARKET,100000.00,1.03701,USD,2.07 USD,TAKER,a64f5f0d-874b-4369-9f5b-db9531378b6c,2025-02-06 14:35:00+00:00,2025-02-06 14:35:00+00:00,{},False
O-20250207-084500-001-V2-478,BACKTESTER-001,MLSignalStrategyV2-V2,EUR/USD.IDEALPRO,IDEALPRO-1-478,IDEALPRO-001,IDEALPRO-1-75468,EUR/USD.IDEALPRO-MLSignalStrategyV2-V2,SELL,MARKET,100000.00,1.03984,USD,2.08 USD,TAKER,4187aa7f-63e9-40b3-9b95-5de4d92a1bf4,2025-02-07 08:45:00+00:00,2025-02-07 08:45:00+00:00,{},False
O-20250207-084500-001-V2-480,BACKTESTER-001,MLSignalStrategyV2-V2,EUR/USD.IDEALPRO,IDEALPRO-1-480,IDEALPRO-001,IDEALPRO-1-75561,EUR/USD.IDEALPRO-MLSignalStrategyV2-V2,BUY,LIMIT,100000.00,1.03900,USD,2.08 USD,MAKER,eb11c896-76f5-4a42-bf81-3efd49df09cb,2025-02-07 09:31:00+00:00,2025-02-07 09:31:00+00:00,{},False
O-20250207-103000-001-V2-481,BACKTESTER-001,MLSignalStrategyV2-V2,EUR/USD.IDEALPRO,IDEALPRO-1-481,IDEALPRO-001,IDEALPRO-1-75681,EUR/USD.IDEALPRO-MLSignalStrategyV2-V2,BUY,MARKET,100000.00,1.03880,USD,2.08 USD,TAKER,839f7c7b-2e51-4528-8bf9-39f27e3391e0,2025-02-07 10:30:00+00:00,2025-02-07 10:30:00+00:00,{},False
O-20250207-103000-001-V2-482,BACKTESTER-001,MLSignalStrategyV2-V2,EUR/USD.IDEALPRO,IDEALPRO-1-482,IDEALPRO-001,IDEALPRO-1-75715,EUR/USD.IDEALPRO-MLSignalStrategyV2-V2,SELL,STOP_MARKET,100000.00,1.03808,USD,2.08 USD,TAKER,4147221a-8a8c-4d9c-8105-65f4d5f22002,2025-02-07 10:47:00+00:00,2025-02-07 10:47:00+00:00,{},False
O-20250207-170000-001-V2-484,BACKTESTER-001,MLSignalStrategyV2-V2,EUR/USD.IDEALPRO,IDEALPRO-1-484,IDEALPRO-001,IDEALPRO-1-76462,EUR/USD.IDEALPRO-MLSignalStrategyV2-V2,SELL,MARKET,100000.00,1.03278,USD,2.07 USD,TAKER,543b4634-86fc-484f-99a8-4ef180fbafd0,2025-02-07 17:00:00+00:00,2025-02-07 17:00:00+00:00,{},False
O-20250207-170000-001-V2-485,BACKTESTER-001,MLSignalStrategyV2-V2,EUR/USD.IDEALPRO,IDEALPRO-1-485,IDEALPRO-001,IDEALPRO-1-76481,EUR/USD.IDEALPRO-MLSignalStrategyV2-V2,BUY,STOP_MARKET,100000.00,1.03608,USD,2.07 USD,TAKER,1148e811-be43-42ba-be87-2471b6c440bc,2025-02-07 17:09:00+00:00,2025-02-07 17:09:00+00:00,{},False
O-20250207-171500-001-V2-487,BACKTESTER-001,MLSignalStrategyV2-V2,EUR/USD.IDEALPRO,IDEALPRO-1-487,IDEALPRO-001,IDEALPRO-1-76495,EUR/USD.IDEALPRO-MLSignalStrategyV2-V2,BUY,MARKET,100000.00,1.03429,USD,2.07 USD,TAKER,7bb1c451-59b8-4e6b-a39a-073a645c2907,2025-02-07 17:15:00+00:00,2025-02-07 17:15:00+00:00,{},False
O-20250207-171500-001-V2-488,BACKTESTER-001,MLSignalStrategyV2-V2,EUR/USD.IDEALPRO,IDEALPRO-1-488,IDEALPRO-001,IDEALPRO-1-76503,EUR/USD.IDEALPRO-MLSignalStrategyV2-V2,SELL,STOP_MARKET,100000.00,1.03052,USD,2.06 USD,TAKER,b456b1a3-ad31-49d9-a237-c22708e1d72e,2025-02-07 17:19:00+00:00,2025-02-07 17:19:00+00:00,{},False
O-20250207-173000-001-V2-490,BACKTESTER-001,MLSignalStrategyV2-V2,EUR/USD.IDEALPRO,IDEALPRO-1-490,IDEALPRO-001,IDEALPRO-1-76526,EUR/USD.IDEALPRO-MLSignalStrategyV2-V2,BUY,MARKET,100000.00,1.03202,USD,2.06 USD,TAKER,655bddff-f1a8-4748-a046-fe3d6b109742,2025-02-07 17:30:00+00:00,2025-02-07 17:30:00+00:00,{},False
O-20250207-173000-001-V2-491,BACKTESTER-001,MLSignalStrategyV2-V2,EUR/USD.IDEALPRO,IDEALPRO-1-491,IDEALPRO-001,IDEALPRO-1-77069,EUR/USD.IDEALPRO-MLSignalStrategyV2-V2,SELL,STOP_MARKET,100000.00,1.02967,USD,2.06 USD,TAKER,02be747b-20ba-4cd0-ad9c-278d47fc801b,2025-02-09 22:16:00+00:00,2025-02-09 22:16:00+00:00,{},False
O-20250209-223000-001-V2-493,BACKTESTER-001,MLSignalStrategyV2-V2,EUR/USD.IDEALPRO,IDEALPRO-1-493,IDEALPRO-001,IDEALPRO-1-77098,EUR/USD.IDEALPRO-MLSignalStrategyV2-V2,BUY,MARKET,100000.00,1.02959,USD,2.06 USD,TAKER,7214d849-f7d4-4e0b-a8f0-b326c6e23933,2025-02-09 22:30:00+00:00,2025-02-09 22:30:00+00:00,{},False
O-20250209-223000-001-V2-495,BACKTESTER-001,MLSignalStrategyV2-V2,EUR/USD.IDEALPRO,IDEALPRO-1-495,IDEALPRO-001,IDEALPRO-1-77191,EUR/USD.IDEALPRO-MLSignalStrategyV2-V2,SELL,LIMIT,100000.00,1.03103,USD,2.06 USD,MAKER,2be4481c-b80a-4e63-8e22-4b1d56460ac7,2025-02-09 23:16:00+00:00,2025-02-09 23:16:00+00:00,{},False
O-20250209-233000-001-V2-496,BACKTESTER-001,MLSignalStrategyV2-V2,EUR/USD.IDEALPRO,IDEALPRO-1-496,IDEALPRO-001,IDEALPRO-1-77220,EUR/USD.IDEALPRO-MLSignalStrategyV2-V2,BUY,MARKET,100000.00,1.03093,USD,2.06 USD,TAKER,2a0a3389-64bc-44a5-a0e0-de7aee4b421e,2025-02-09 23:30:00+00:00,2025-02-09 23:30:00+00:00,{},False
O-20250209-233000-001-V2-497,BACKTESTER-001,MLSignalStrategyV2-V2,EUR/USD.IDEALPRO,IDEALPRO-1-497,IDEALPRO-001,IDEALPRO-1-77631,EUR/USD.IDEALPRO-MLSignalStrategyV2-V2,SELL,STOP_MARKET,100000.00,1.02990,USD,2.06 USD,TAKER,f10c66cd-3988-4477-8ee2-9d74a3938e30,2025-02-10 02:55:00+00:00,2025-02-10 02:55:00+00:00,{},False
O-20250210-063000-001-V2-499,BACKTESTER-001,MLSignalStrategyV2-V2,EUR/USD.IDEALPRO,IDEALPRO-1-499,IDEALPRO-001,IDEALPRO-1-78063,EUR/USD.IDEALPRO-MLSignalStrategyV2-V2,BUY,MARKET,100000.00,1.03145,USD,2.06 USD,TAKER,836209dd-cad1-48b8-81b4-944b63511a09,2025-02-10 06:30:00+00:00,2025-02-10 06:30:00+00:00,{},False
O-20250210-063000-001-V2-501,BACKTESTER-001,MLSignalStrategyV2-V2,EUR/USD.IDEALPRO,IDEALPRO-1-501,IDEALPRO-001,IDEALPRO-1-78125,EUR/USD.IDEALPRO-MLSignalStrategyV2-V2,SELL,LIMIT,100000.00,1.03216,USD,2.06 USD,MAKER,a6646811-37b0-49cf-8a95-d68a9b293a6e,2025-02-10 07:01:00+00:00,2025-02-10 07:01:00+00:00,{},False
O-20250210-183000-001-V2-502,BACKTESTER-001,MLSignalStrategyV2-V2,EUR/USD.IDEALPRO,IDEALPRO-1-502,IDEALPRO-001,IDEALPRO-1-79505,EUR/USD.IDEALPRO-MLSignalStrategyV2-V2,BUY,MARKET,100000.00,1.03128,USD,2.06 USD,TAKER,6f245dc7-463d-4cab-88ba-2bb7e5c0eb28,2025-02-10 18:30:00+00:00,2025-02-10 18:30:00+00:00,{},False
O-20250210-183000-001-V2-503,BACKTESTER-001,MLSignalStrategyV2-V2,EUR/USD.IDEALPRO,IDEALPRO-1-503,IDEALPRO-001,IDEALPRO-1-79553,EUR/USD.IDEALPRO-MLSignalStrategyV2-V2,SELL,STOP_MARKET,100000.00,1.03068,USD,2.06 USD,TAKER,7c1ebc4d-7283-4cb1-a0ba-47ed795b0665,2025-02-10 18:54:00+00:00,2025-02-10 18:54:00+00:00,{},False
O-20250210-201500-001-V2-505,BACKTESTER-001,MLSignalStrategyV2-V2,EUR/USD.IDEALPRO,IDEALPRO-1-505,IDEALPRO-001,IDEALPRO-1-79717,EUR/USD.IDEALPRO-MLSignalStrategyV2-V2,BUY,MARKET,100000.00,1.03072,USD,2.06 USD,TAKER,136be868-7e34-4430-bf0d-229903427ee1,2025-02-10 20:15:00+00:00,2025-02-10 20:15:00+00:00,{},False
O-20250210-201500-001-V2-506,BACKTESTER-001,MLSignalStrategyV2-V2,EUR/USD.IDEALPRO,IDEALPRO-1-506,IDEALPRO-001,IDEALPRO-1-80049,EUR/USD.IDEALPRO-MLSignalStrategyV2-V2,SELL,STOP_MARKET,100000.00,1.03019,USD,2.06 USD,TAKER,9b240592-9971-4512-9c69-9cfe647b14ec,2025-02-10 23:16:00+00:00,2025-02-10 23:16:00+00:00,{},False
O-20250210-233000-001-V2-508,BACKTESTER-001,MLSignalStrategyV2-V2,EUR/USD.IDEALPRO,IDEALPRO-1-508,IDEALPRO-001,IDEALPRO-1-80078,EUR/USD.IDEALPRO-MLSignalStrategyV2-V2,BUY,MARKET,100000.00,1.03002,USD,2.06 USD,TAKER,7382e4ff-a893-45cd-980b-d5d15db1279a,2025-02-10 23:30:00+00:00,2025-02-10 23:30:00+00:00,{},False
O-20250210-233000-001-V2-510,BACKTESTER-001,MLSignalStrategyV2-V2,EUR/USD.IDEALPRO,IDEALPRO-1-510,IDEALPRO-001,IDEALPRO-1-80201,EUR/USD.IDEALPRO-MLSignalStrategyV2-V2,SELL,LIMIT,100000.00,1.03051,USD,2.06 USD,MAKER,20769c16-a0d2-4b0f-9293-7dda90fcdcbc,2025-02-11 00:31:00+00:00,2025-02-11 00:31:00+00:00,{},False
O-20250211-024500-001-V2-511,BACKTESTER-001,MLSignalStrategyV2-V2,EUR/USD.IDEALPRO,IDEALPRO-1-511,IDEALPRO-001,IDEALPRO-1-80470,EUR/USD.IDEALPRO-MLSignalStrategyV2-V2,BUY,MARKET,100000.00,1.02967,USD,2.06 USD,TAKER,db130f2f-35e6-4bcb-8db7-929621f25b17,2025-02-11 02:45:00+00:00,2025-02-11 02:45:00+00:00,{},False
O-20250211-024500-001-V2-512,BACKTESTER-001,MLSignalStrategyV2-V2,EUR/USD.IDEALPRO,IDEALPRO-1-512,IDEALPRO-001,IDEALPRO-1-80495,EUR/USD.IDEALPRO-MLSignalStrategyV2-V2,SELL,STOP_MARKET,100000.00,1.02933,USD,2.06 USD,TAKER,c02a1385-511e-493f-8c65-4a4032e2664a,2025-02-11 02:57:00+00:00,2025-02-11 02:57:00+00:00,{},False
O-20250211-031500-001-V2-514,BACKTESTER-001,MLSignalStrategyV2-V2,EUR/USD.IDEALPRO,IDEALPRO-1-514,IDEALPRO-001,IDEALPRO-1-80533,EUR/USD.IDEALPRO-MLSignalStrategyV2-V2,SELL,MARKET,100000.00,1.02933,USD,2.06 USD,TAKER,2fb63696-a36f-48bc-9786-b429974fb223,2025-02-11 03:15:00+00:00,2025-02-11 03:15:00+00:00,{},False
O-20250211-031500-001-V2-515,BACKTESTER-001,MLSignalStrategyV2-V2,EUR/USD.IDEALPRO,IDEALPRO-1-515,IDEALPRO-001,IDEALPRO-1-80557,EUR/USD.IDEALPRO-MLSignalStrategyV2-V2,BUY,STOP_MARKET,100000.00,1.02967,USD,2.06 USD,TAKER,90c9fa07-2a16-4ac8-a4d9-64eae627c216,2025-02-11 03:27:00+00:00,2025-02-11 03:27:00+00:00,{},False
O-20250211-113000-001-V2-517,BACKTESTER-001,MLSignalStrategyV2-V2,EUR/USD.IDEALPRO,IDEALPRO-1-517,IDEALPRO-001,IDEALPRO-1-81524,EUR/USD.IDEALPRO-MLSignalStrategyV2-V2,SELL,MARKET,100000.00,1.03171,USD,2.06 USD,TAKER,c6a10515-3394-47cd-8ea8-3e07fbf077c4,2025-02-11 11:30:00+00:00,2025-02-11 11:30:00+00:00,{},False
O-20250211-113000-001-V2-518,BACKTESTER-001,MLSignalStrategyV2-V2,EUR/USD.IDEALPRO,IDEALPRO-1-518,IDEALPRO-001,IDEALPRO-1-81585,EUR/USD.IDEALPRO-MLSignalStrategyV2-V2,BUY,STOP_MARKET,100000.00,1.03230,USD,2.06 USD,TAKER,11540254-e4a0-4b9b-9902-2926d64c1f28,2025-02-11 12:00:00+00:00,2025-02-11 12:00:00+00:00,{},False
O-20250211-171500-001-V2-520,BACKTESTER-001,MLSignalStrategyV2-V2,EUR/USD.IDEALPRO,IDEALPRO-1-520,IDEALPRO-001,IDEALPRO-1-82217,EUR/USD.IDEALPRO-MLSignalStrategyV2-V2,BUY,MARKET,100000.00,1.03453,USD,2.07 USD,TAKER,2333b191-cdb4-4afd-b3e2-7bc529637d7f,2025-02-11 17:15:00+00:00,2025-02-11 17:15:00+00:00,{},False
O-20250211-171500-001-V2-522,BACKTESTER-001,MLSignalStrategyV2-V2,EUR/USD.IDEALPRO,IDEALPRO-1-522,IDEALPRO-001,IDEALPRO-1-82507,EUR/USD.IDEALPRO-MLSignalStrategyV2-V2,SELL,LIMIT,100000.00,1.03621,USD,2.07 USD,MAKER,8075fd40-e49d-44a9-82e2-8559d2aa5900,2025-02-11 19:40:00+00:00,2025-02-11 19:40:00+00:00,{},False
O-20250211-233000-001-V2-523,BACKTESTER-001,MLSignalStrategyV2-V2,EUR/USD.IDEALPRO,IDEALPRO-1-523,IDEALPRO-001,IDEALPRO-1-82938,EUR/USD.IDEALPRO-MLSignalStrategyV2-V2,SELL,MARKET,100000.00,1.03630,USD,2.07 USD,TAKER,328e87fa-53e0-405c-880b-9f811e1b147f,2025-02-11 23:30:00+00:00,2025-02-11 23:30:00+00:00,{},False
O-20250211-233000-001-V2-525,BACKTESTER-001,MLSignalStrategyV2-V2,EUR/USD.IDEALPRO,IDEALPRO-1-525,IDEALPRO-001,IDEALPRO-1-83125,EUR/USD.IDEALPRO-MLSignalStrategyV2-V2,BUY,LIMIT,100000.00,1.03554,USD,2.07 USD,MAKER,b2e89004-4a38-4f1f-bac3-94a32d794105,2025-02-12 01:03:00+00:00,2025-02-12 01:03:00+00:00,{},False
O-20250212-040000-001-V2-526,BACKTESTER-001,MLSignalStrategyV2-V2,EUR/USD.IDEALPRO,IDEALPRO-1-526,IDEALPRO-001,IDEALPRO-1-83481,EUR/USD.IDEALPRO-MLSignalStrategyV2-V2,SELL,MARKET,100000.00,1.03622,USD,2.07 USD,TAKER,bd7d509b-3dd9-44db-a5a5-d36bb2046105,2025-02-12 04:00:00+00:00,2025-02-12 04:00:00+00:00,{},False
O-20250212-040000-001-V2-528,BACKTESTER-001,MLSignalStrategyV2-V2,EUR/USD.IDEALPRO,IDEALPRO-1-528,IDEALPRO-001,IDEALPRO-1-83597,EUR/USD.IDEALPRO-MLSignalStrategyV2-V2,BUY,LIMIT,100000.00,1.03561,USD,2.07 USD,MAKER,0f0043e1-d1d9-4fb7-b12c-bc752def1f2d,2025-02-12 04:58:00+00:00,2025-02-12 04:58:00+00:00,{},False
O-20250212-080000-001-V2-529,BACKTESTER-001,MLSignalStrategyV2-V2,EUR/USD.IDEALPRO,IDEALPRO-1-529,IDEALPRO-001,IDEALPRO-1-83963,EUR/USD.IDEALPRO-MLSignalStrategyV2-V2,SELL,MARKET,100000.00,1.03761,USD,2.08 USD,TAKER,df747648-0420-421d-9047-a202a32c1b7d,2025-02-12 08:00:00+00:00,2025-02-12 08:00:00+00:00,{},False
O-20250212-080000-001-V2-531,BACKTESTER-001,MLSignalStrategyV2-V2,EUR/USD.IDEALPRO,IDEALPRO-1-531,IDEALPRO-001,IDEALPRO-1-84079,EUR/USD.IDEALPRO-MLSignalStrategyV2-V2,BUY,LIMIT,100000.00,1.03683,USD,2.07 USD,MAKER,78469510-ecec-4c0f-a6f1-bf02aae4d023,2025-02-12 08:58:00+00:00,2025-02-12 08:58:00+00:00,{},False
O-20250212-091500-001-V2-532,BACKTESTER-001,MLSignalStrategyV2-V2,EUR/USD.IDEALPRO,IDEALPRO-1-532,IDEALPRO-001,IDEALPRO-1-84114,EUR/USD.IDEALPRO-MLSignalStrategyV2-V2,BUY,MARKET,100000.00,1.03679,USD,2.07 USD,TAKER,4cee999d-5056-4b50-bd14-22b4991b7ec0,2025-02-12 09:15:00+00:00,2025-02-12 09:15:00+00:00,{},False
O-20250212-091500-001-V2-534,BACKTESTER-001,MLSignalStrategyV2-V2,EUR/USD.IDEALPRO,IDEALPRO-1-534,IDEALPRO-001,IDEALPRO-1-84223,EUR/USD.IDEALPRO-MLSignalStrategyV2-V2,SELL,LIMIT,100000.00,1.03774,USD,2.08 USD,MAKER,1650a2de-05d0-4658-995e-bfbfc2d8fd76,2025-02-12 10:09:00+00:00,2025-02-12 10:09:00+00:00,{},False
O-20250212-150000-001-V2-535,BACKTESTER-001,MLSignalStrategyV2-V2,EUR/USD.IDEALPRO,IDEALPRO-1-535,IDEALPRO-001,IDEALPRO-1-84807,EUR/USD.IDEALPRO-MLSignalStrategyV2-V2,BUY,MARKET,100000.00,1.03504,USD,2.07 USD,TAKER,36476690-aa30-406c-a4be-25821b8b2b2d,2025-02-12 15:00:00+00:00,2025-02-12 15:00:00+00:00,{},False
O-20250212-150000-001-V2-536,BACKTESTER-001,MLSignalStrategyV2-V2,EUR/USD.IDEALPRO,IDEALPRO-1-536,IDEALPRO-001,IDEALPRO-1-84845,EUR/USD.IDEALPRO-MLSignalStrategyV2-V2,SELL,STOP_MARKET,100000.00,1.03381,USD,2.07 USD,TAKER,36ed2487-4be8-4496-921c-93af1fd6a8b4,2025-02-12 15:19:00+00:00,2025-02-12 15:19:00+00:00,{},False
O-20250212-170000-001-V2-538,BACKTESTER-001,MLSignalStrategyV2-V2,EUR/USD.IDEALPRO,IDEALPRO-1-538,IDEALPRO-001,IDEALPRO-1-85048,EUR/USD.IDEALPRO-MLSignalStrategyV2-V2,SELL,MARKET,100000.00,1.03913,USD,2.08 USD,TAKER,a3521ab0-2bed-4792-866d-d38d635ccc8f,2025-02-12 17:00:00+00:00,2025-02-12 17:00:00+00:00,{},False
O-20250212-170000-001-V2-539,BACKTESTER-001,MLSignalStrategyV2-V2,EUR/USD.IDEALPRO,IDEALPRO-1-539,IDEALPRO-001,IDEALPRO-1-85077,EUR/USD.IDEALPRO-MLSignalStrategyV2-V2,BUY,STOP_MARKET,100000.00,1.04167,USD,2.08 USD,TAKER,91433d1b-bd8b-4337-a92b-9c834c7437b8,2025-02-12 17:14:00+00:00,2025-02-12 17:14:00+00:00,{},False
O-20250212-171500-001-V2-541,BACKTESTER-001,MLSignalStrategyV2-V2,EUR/USD.IDEALPRO,IDEALPRO-1-541,IDEALPRO-001,IDEALPRO-1-85080,EUR/USD.IDEALPRO-MLSignalStrategyV2-V2,SELL,MARKET,100000.00,1.04111,USD,2.08 USD,TAKER,e724c5cd-01fe-4ff5-8c12-efe5a7ad5e99,2025-02-12 17:15:00+00:00,2025-02-12 17:15:00+00:00,{},False
O-20250212-171500-001-V2-542,BACKTESTER-001,MLSignalStrategyV2-V2,EUR/USD.IDEALPRO,IDEALPRO-1-542,IDEALPRO-001,IDEALPRO-1-85173,EUR/USD.IDEALPRO-MLSignalStrategyV2-V2,BUY,STOP_MARKET,100000.00,1.04299,USD,2.09 USD,TAKER,8f959df7-fe4a-4bf3-a7e4-980ec0c71937,2025-02-12 18:01:00+00:00,2025-02-12 18:01:00+00:00,{},False
O-20250213-000000-001-V2-544,BACKTESTER-001,MLSignalStrategyV2-V2,EUR/USD.IDEALPRO,IDEALPRO-1-544,IDEALPRO-001,IDEALPRO-1-85862,EUR/USD.IDEALPRO-MLSignalStrategyV2-V2,BUY,MARKET,100000.00,1.03924,USD,2.08 USD,TAKER,eb6bcdba-d5b2-4240-a052-f8d2bae93ec4,2025-02-13 00:00:00+00:00,2025-02-13 00:00:00+00:00,{},False
O-20250213-000000-001-V2-546,BACKTESTER-001,MLSignalStrategyV2-V2,EUR/USD.IDEALPRO,IDEALPRO-1-546,IDEALPRO-001,IDEALPRO-1-85951,EUR/USD.IDEALPRO-MLSignalStrategyV2-V2,SELL,LIMIT,100000.00,1.04004,USD,2.08 USD,MAKER,f566439a-e646-4d77-a5a3-86eb4ba2bf4b,2025-02-13 00:44:00+00:00,2025-02-13 00:44:00+00:00,{},False
O-20250213-011500-001-V2-547,BACKTESTER-001,MLSignalStrategyV2-V2,EUR/USD.IDEALPRO,IDEALPRO-1-547,IDEALPRO-001,IDEALPRO-1-86014,EUR/USD.IDEALPRO-MLSignalStrategyV2-V2,BUY,MARKET,100000.00,1.03925,USD,2.08 USD,TAKER,6d7c7c29-2033-4f3e-82ad-a81088182405,2025-02-13 01:15:00+00:00,2025-02-13 01:15:00+00:00,{},False
O-20250213-011500-001-V2-549,BACKTESTER-001,MLSignalStrategyV2-V2,EUR/USD.IDEALPRO,IDEALPRO-1-549,IDEALPRO-001,IDEALPRO-1-86099,EUR/USD.IDEALPRO-MLSignalStrategyV2-V2,SELL,LIMIT,100000.00,1.04020,USD,2.08 USD,MAKER,d16d0924-f48c-4c23-98ab-1ec8db7f314d,2025-02-13 01:57:00+00:00,2025-02-13 01:57:00+00:00,{},False
O-20250213-040000-001-V2-550,BACKTESTER-001,MLSignalStrategyV2-V2,EUR/USD.IDEALPRO,IDEALPRO-1-550,IDEALPRO-001,IDEALPRO-1-86347,EUR/USD.IDEALPRO-MLSignalStrategyV2-V2,BUY,MARKET,100000.00,1.04193,USD,2.08 USD,TAKER,92e5d264-6819-42b5-b0b6-49fed7b60b04,2025-02-13 04:00:00+00:00,2025-02-13 04:00:00+00:00,{},False
O-20250213-040000-001-V2-552,BACKTESTER-001,MLSignalStrategyV2-V2,EUR/USD.IDEALPRO,IDEALPRO-1-552,IDEALPRO-001,IDEALPRO-1-86361,EUR/USD.IDEALPRO-MLSignalStrategyV2-V2,SELL,LIMIT,100000.00,1.04279,USD,2.09 USD,MAKER,4c82a6c1-dfb9-416b-9598-284423beb21a,2025-02-13 04:07:00+00:00,2025-02-13 04:07:00+00:00,{},False
O-20250213-130000-001-V2-553,BACKTESTER-001,MLSignalStrategyV2-V2,EUR/USD.IDEALPRO,IDEALPRO-1-553,IDEALPRO-001,IDEALPRO-1-87428,EUR/USD.IDEALPRO-MLSignalStrategyV2-V2,BUY,MARKET,100000.00,1.03899,USD,2.08 USD,TAKER,fef9f712-f389-4341-b9af-c7c645531d90,2025-02-13 13:00:00+00:00,2025-02-13 13:00:00+00:00,{},False
O-20250213-130000-001-V2-554,BACKTESTER-001,MLSignalStrategyV2-V2,EUR/USD.IDEALPRO,IDEALPRO-1-554,IDEALPRO-001,IDEALPRO-1-87491,EUR/USD.IDEALPRO-MLSignalStrategyV2-V2,SELL,STOP_MARKET,100000.00,1.03753,USD,2.08 USD,TAKER,08341f3a-05cf-43c9-9dcf-6b2d580ec4cd,2025-02-13 13:31:00+00:00,2025-02-13 13:31:00+00:00,{},False
O-20250213-134500-001-V2-556,BACKTESTER-001,MLSignalStrategyV2-V2,EUR/USD.IDEALPRO,IDEALPRO-1-556,IDEALPRO-001,IDEALPRO-1-87520,EUR/USD.IDEALPRO-MLSignalStrategyV2-V2,BUY,MARKET,100000.00,1.03995,USD,2.08 USD,TAKER,feb37112-dc9d-4dbe-8228-75ea45d869ee,2025-02-13 13:45:00+00:00,2025-02-13 13:45:00+00:00,{},False
O-20250213-134500-001-V2-557,BACKTESTER-001,MLSignalStrategyV2-V2,EUR/USD.IDEALPRO,IDEALPRO-1-557,IDEALPRO-001,IDEALPRO-1-87561,EUR/USD.IDEALPRO-MLSignalStrategyV2-V2,SELL,STOP_MARKET,100000.00,1.03866,USD,2.08 USD,TAKER,8ec225df-7b40-4c6b-93a7-ef20b3f2a3a4,2025-02-13 14:05:00+00:00,2025-02-13 14:05:00+00:00,{},False
O-20250213-141500-001-V2-559,BACKTESTER-001,MLSignalStrategyV2-V2,EUR/USD.IDEALPRO,IDEALPRO-1-559,IDEALPRO-001,IDEALPRO-1-87582,EUR/USD.IDEALPRO-MLSignalStrategyV2-V2,BUY,MARKET,100000.00,1.03885,USD,2.08 USD,TAKER,522f3b91-32a5-4c72-8d04-2c3da7c2636f,2025-02-13 14:15:00+00:00,2025-02-13 14:15:00+00:00,{},False
O-20250213-141500-001-V2-561,BACKTESTER-001,MLSignalStrategyV2-V2,EUR/USD.IDEALPRO,IDEALPRO-1-561,IDEALPRO-001,IDEALPRO-1-87679,EUR/USD.IDEALPRO-MLSignalStrategyV2-V2,SELL,LIMIT,100000.00,1.04153,USD,2.08 USD,MAKER,e221da33-012a-4e12-8ebf-f9eff4ba300f,2025-02-13 15:03:00+00:00,2025-02-13 15:03:00+00:00,{},False
O-20250213-160000-001-V2-562,BACKTESTER-001,MLSignalStrategyV2-V2,EUR/USD.IDEALPRO,IDEALPRO-1-562,IDEALPRO-001,IDEALPRO-1-87794,EUR/USD.IDEALPRO-MLSignalStrategyV2-V2,SELL,MARKET,100000.00,1.04333,USD,2.09 USD,TAKER,26897afd-0730-487c-b7ce-69b923b08536,2025-02-13 16:00:00+00:00,2025-02-13 16:00:00+00:00,{},False
O-20250213-160000-001-V2-564,BACKTESTER-001,MLSignalStrategyV2-V2,EUR/USD.IDEALPRO,IDEALPRO-1-564,IDEALPRO-001,IDEALPRO-1-88117,EUR/USD.IDEALPRO-MLSignalStrategyV2-V2,BUY,LIMIT,100000.00,1.04051,USD,2.08 USD,MAKER,ed1da054-f571-4554-b4bb-7ae4103bed5f,2025-02-13 18:41:00+00:00,2025-02-13 18:41:00+00:00,{},False
O-20250213-191500-001-V2-565,BACKTESTER-001,MLSignalStrategyV2-V2,EUR/USD.IDEALPRO,IDEALPRO-1-565,IDEALPRO-001,IDEALPRO-1-88186,EUR/USD.IDEALPRO-MLSignalStrategyV2-V2,BUY,MARKET,100000.00,1.04302,USD,2.09 USD,TAKER,b5b211ab-d417-4bf8-96aa-ac36068f9415,2025-02-13 19:15:00+00:00,2025-02-13 19:15:00+00:00,{},False
O-20250213-191500-001-V2-567,BACKTESTER-001,MLSignalStrategyV2-V2,EUR/USD.IDEALPRO,IDEALPRO-1-567,IDEALPRO-001,IDEALPRO-1-88327,EUR/USD.IDEALPRO-MLSignalStrategyV2-V2,SELL,LIMIT,100000.00,1.04598,USD,2.09 USD,MAKER,bb23e772-9ca5-4e65-b62e-339b21af3b28,2025-02-13 20:25:00+00:00,2025-02-13 20:25:00+00:00,{},False
O-20250214-000000-001-V2-568,BACKTESTER-001,MLSignalStrategyV2-V2,EUR/USD.IDEALPRO,IDEALPRO-1-568,IDEALPRO-001,IDEALPRO-1-88728,EUR/USD.IDEALPRO-MLSignalStrategyV2-V2,BUY,MARKET,100000.00,1.04618,USD,2.09 USD,TAKER,f4b20b44-97b3-4eea-a203-6978ae0497b0,2025-02-14 00:00:00+00:00,2025-02-14 00:00:00+00:00,{},False
O-20250214-000000-001-V2-569,BACKTESTER-001,MLSignalStrategyV2-V2,EUR/USD.IDEALPRO,IDEALPRO-1-569,IDEALPRO-001,IDEALPRO-1-89097,EUR/USD.IDEALPRO-MLSignalStrategyV2-V2,SELL,STOP_MARKET,100000.00,1.04551,USD,2.09 USD,TAKER,d02b7346-c61c-4386-8f3d-a43b81b36eda,2025-02-14 03:04:00+00:00,2025-02-14 03:04:00+00:00,{},False
O-20250214-031500-001-V2-571,BACKTESTER-001,MLSignalStrategyV2-V2,EUR/USD.IDEALPRO,IDEALPRO-1-571,IDEALPRO-001,IDEALPRO-1-89120,EUR/USD.IDEALPRO-MLSignalStrategyV2-V2,SELL,MARKET,100000.00,1.04563,USD,2.09 USD,TAKER,6e46bfae-f969-4d60-a6d3-186bd96d69ba,2025-02-14 03:15:00+00:00,2025-02-14 03:15:00+00:00,{},False
O-20250214-031500-001-V2-572,BACKTESTER-001,MLSignalStrategyV2-V2,EUR/USD.IDEALPRO,IDEALPRO-1-572,IDEALPRO-001,IDEALPRO-1-89161,EUR/USD.IDEALPRO-MLSignalStrategyV2-V2,BUY,STOP_MARKET,100000.00,1.04612,USD,2.09 USD,TAKER,b14d992b-70e3-499a-aa7f-88a386552d55,2025-02-14 03:35:00+00:00,2025-02-14 03:35:00+00:00,{},False
O-20250214-050000-001-V2-574,BACKTESTER-001,MLSignalStrategyV2-V2,EUR/USD.IDEALPRO,IDEALPRO-1-574,IDEALPRO-001,IDEALPRO-1-89333,EUR/USD.IDEALPRO-MLSignalStrategyV2-V2,BUY,MARKET,100000.00,1.04551,USD,2.09 USD,TAKER,86045758-9f8e-447a-a4ce-75c20e6140d1,2025-02-14 05:00:00+00:00,2025-02-14 05:00:00+00:00,{},False
O-20250214-050000-001-V2-575,BACKTESTER-001,MLSignalStrategyV2-V2,EUR/USD.IDEALPRO,IDEALPRO-1-575,IDEALPRO-001,IDEALPRO-1-89359,EUR/USD.IDEALPRO-MLSignalStrategyV2-V2,SELL,STOP_MARKET,100000.00,1.04507,USD,2.09 USD,TAKER,a5f76d92-4d3f-4643-bbb6-38377cd2be1b,2025-02-14 05:13:00+00:00,2025-02-14 05:13:00+00:00,{},False
O-20250214-051500-001-V2-577,BACKTESTER-001,MLSignalStrategyV2-V2,EUR/USD.IDEALPRO,IDEALPRO-1-577,IDEALPRO-001,IDEALPRO-1-89364,EUR/USD.IDEALPRO-MLSignalStrategyV2-V2,BUY,MARKET,100000.00,1.04512,USD,2.09 USD,TAKER,c78c0ef6-f31a-418a-9207-fae4b23cb507,2025-02-14 05:15:00+00:00,2025-02-14 05:15:00+00:00,{},False
O-20250214-051500-001-V2-579,BACKTESTER-001,MLSignalStrategyV2-V2,EUR/USD.IDEALPRO,IDEALPRO-1-579,IDEALPRO-001,IDEALPRO-1-89501,EUR/USD.IDEALPRO-MLSignalStrategyV2-V2,SELL,LIMIT,100000.00,1.04574,USD,2.09 USD,MAKER,f521fd33-0a6a-4f3f-9bcc-3ec293363919,2025-02-14 06:23:00+00:00,2025-02-14 06:23:00+00:00,{},False
O-20250214-063000-001-V2-580,BACKTESTER-001,MLSignalStrategyV2-V2,EUR/USD.IDEALPRO,IDEALPRO-1-580,IDEALPRO-001,IDEALPRO-1-89516,EUR/USD.IDEALPRO-MLSignalStrategyV2-V2,BUY,MARKET,100000.00,1.04557,USD,2.09 USD,TAKER,f3b2bdd1-5502-436c-9cb1-7b1faac2fb2a,2025-02-14 06:30:00+00:00,2025-02-14 06:30:00+00:00,{},False
O-20250214-063000-001-V2-582,BACKTESTER-001,MLSignalStrategyV2-V2,EUR/USD.IDEALPRO,IDEALPRO-1-582,IDEALPRO-001,IDEALPRO-1-89585,EUR/USD.IDEALPRO-MLSignalStrategyV2-V2,SELL,LIMIT,100000.00,1.04620,USD,2.09 USD,MAKER,df1049a6-7779-42a8-a8dd-49c918880504,2025-02-14 07:04:00+00:00,2025-02-14 07:04:00+00:00,{},False
O-20250214-084500-001-V2-583,BACKTESTER-001,MLSignalStrategyV2-V2,EUR/USD.IDEALPRO,IDEALPRO-1-583,IDEALPRO-001,IDEALPRO-1-89788,EUR/USD.IDEALPRO-MLSignalStrategyV2-V2,SELL,MARKET,100000.00,1.04858,USD,2.10 USD,TAKER,d3601cbe-e844-4648-ac74-b3d251738b97,2025-02-14 08:45:00+00:00,2025-02-14 08:45:00+00:00,{},False
O-20250214-084500-001-V2-585,BACKTESTER-001,MLSignalStrategyV2-V2,EUR/USD.IDEALPRO,IDEALPRO-1-585,IDEALPRO-001,IDEALPRO-1-89815,EUR/USD.IDEALPRO-MLSignalStrategyV2-V2,BUY,LIMIT,100000.00,1.04741,USD,2.09 USD,MAKER,121b72e8-9ea6-4508-9ab0-6bb6192630ad,2025-02-14 08:58:00+00:00,2025-02-14 08:58:00+00:00,{},False
O-20250214-161500-001-V2-586,BACKTESTER-001,MLSignalStrategyV2-V2,EUR/USD.IDEALPRO,IDEALPRO-1-586,IDEALPRO-001,IDEALPRO-1-90690,EUR/USD.IDEALPRO-MLSignalStrategyV2-V2,SELL,MARKET,100000.00,1.05052,USD,2.10 USD,TAKER,feca75e8-1eaf-4347-bf5a-bfa6097650cf,2025-02-14 16:15:00+00:00,2025-02-14 16:15:00+00:00,{},False
O-20250214-161500-001-V2-588,BACKTESTER-001,MLSignalStrategyV2-V2,EUR/USD.IDEALPRO,IDEALPRO-1-588,IDEALPRO-001,IDEALPRO-1-91369,EUR/USD.IDEALPRO-MLSignalStrategyV2-V2,BUY,LIMIT,100000.00,1.04893,USD,2.10 USD,MAKER,71947fd7-a2bd-42a1-bbe8-10ba6e676b6a,2025-02-14 21:54:00+00:00,2025-02-14 21:54:00+00:00,{},False
O-20250216-223000-001-V2-589,BACKTESTER-001,MLSignalStrategyV2-V2,EUR/USD.IDEALPRO,IDEALPRO-1-589,IDEALPRO-001,IDEALPRO-1-91412,EUR/USD.IDEALPRO-MLSignalStrategyV2-V2,BUY,MARKET,100000.00,1.04869,USD,2.10 USD,TAKER,ed0c0873-bd32-40ce-aab0-531e199cc93b,2025-02-16 22:30:00+00:00,2025-02-16 22:30:00+00:00,{},False
O-20250216-223000-001-V2-591,BACKTESTER-001,MLSignalStrategyV2-V2,EUR/USD.IDEALPRO,IDEALPRO-1-591,IDEALPRO-001,IDEALPRO-1-91503,EUR/USD.IDEALPRO-MLSignalStrategyV2-V2,SELL,LIMIT,100000.00,1.04936,USD,2.10 USD,MAKER,2400cbae-e4eb-4080-a559-a221e31a2cc1,2025-02-16 23:15:00+00:00,2025-02-16 23:15:00+00:00,{},False
O-20250216-231500-001-V2-592,BACKTESTER-001,MLSignalStrategyV2-V2,EUR/USD.IDEALPRO,IDEALPRO-1-592,IDEALPRO-001,IDEALPRO-1-91504,EUR/USD.IDEALPRO-MLSignalStrategyV2-V2,BUY,MARKET,100000.00,1.04924,USD,2.10 USD,TAKER,88fe431f-41b1-4fc6-89e1-d6d5aa7bef98,2025-02-16 23:15:00+00:00,2025-02-16 23:15:00+00:00,{},False
O-20250216-231500-001-V2-593,BACKTESTER-001,MLSignalStrategyV2-V2,EUR/USD.IDEALPRO,IDEALPRO-1-593,IDEALPRO-001,IDEALPRO-1-91521,EUR/USD.IDEALPRO-MLSignalStrategyV2-V2,SELL,STOP_MARKET,100000.00,1.04865,USD,2.10 USD,TAKER,84359c03-a87b-44f0-96fd-f5d585a93485,2025-02-16 23:23:00+00:00,2025-02-16 23:23:00+00:00,{},False
O-20250216-233000-001-V2-595,BACKTESTER-001,MLSignalStrategyV2-V2,EUR/USD.IDEALPRO,IDEALPRO-1-595,IDEALPRO-001,IDEALPRO-1-91536,EUR/USD.IDEALPRO-MLSignalStrategyV2-V2,BUY,MARKET,100000.00,1.04865,USD,2.10 USD,TAKER,75adfac8-771c-4fcf-ab8f-acd1cecc7b00,2025-02-16 23:30:00+00:00,2025-02-16 23:30:00+00:00,{},False
O-20250216-233000-001-V2-597,BACKTESTER-001,MLSignalStrategyV2-V2,EUR/USD.IDEALPRO,IDEALPRO-1-597,IDEALPRO-001,IDEALPRO-1-91709,EUR/USD.IDEALPRO-MLSignalStrategyV2-V2,SELL,LIMIT,100000.00,1.04931,USD,2.10 USD,MAKER,e524a46c-094b-4206-98c6-4d71f944e0cc,2025-02-17 00:56:00+00:00,2025-02-17 00:56:00+00:00,{},False
O-20250217-030000-001-V2-598,BACKTESTER-001,MLSignalStrategyV2-V2,EUR/USD.IDEALPRO,IDEALPRO-1-598,IDEALPRO-001,IDEALPRO-1-91958,EUR/USD.IDEALPRO-MLSignalStrategyV2-V2,SELL,MARKET,100000.00,1.05013,USD,2.10 USD,TAKER,a8a893d0-d47b-4683-9002-b901e73253a5,2025-02-17 03:00:00+00:00,2025-02-17 03:00:00+00:00,{},False
O-20250217-030000-001-V2-600,BACKTESTER-001,MLSignalStrategyV2-V2,EUR/USD.IDEALPRO,IDEALPRO-1-600,IDEALPRO-001,IDEALPRO-1-92083,EUR/USD.IDEALPRO-MLSignalStrategyV2-V2,BUY,LIMIT,100000.00,1.04942,USD,2.10 USD,MAKER,ac7199d8-e2ea-4344-a96c-a13c4aab27f5,2025-02-17 04:02:00+00:00,2025-02-17 04:02:00+00:00,{},False
O-20250217-081500-001-V2-601,BACKTESTER-001,MLSignalStrategyV2-V2,EUR/USD.IDEALPRO,IDEALPRO-1-601,IDEALPRO-001,IDEALPRO-1-92590,EUR/USD.IDEALPRO-MLSignalStrategyV2-V2,BUY,MARKET,100000.00,1.04814,USD,2.10 USD,TAKER,340c00e1-4acb-49be-a133-fe5586d06916,2025-02-17 08:15:00+00:00,2025-02-17 08:15:00+00:00,{},False
O-20250217-081500-001-V2-602,BACKTESTER-001,MLSignalStrategyV2-V2,EUR/USD.IDEALPRO,IDEALPRO-1-602,IDEALPRO-001,IDEALPRO-1-92617,EUR/USD.IDEALPRO-MLSignalStrategyV2-V2,SELL,STOP_MARKET,100000.00,1.04729,USD,2.09 USD,TAKER,4192def1-5701-4045-af89-a8a58e90b7d1,2025-02-17 08:28:00+00:00,2025-02-17 08:28:00+00:00,{},False
O-20250217-133000-001-V2-604,BACKTESTER-001,MLSignalStrategyV2-V2,EUR/USD.IDEALPRO,IDEALPRO-1-604,IDEALPRO-001,IDEALPRO-1-93222,EUR/USD.IDEALPRO-MLSignalStrategyV2-V2,SELL,MARKET,100000.00,1.04687,USD,2.09 USD,TAKER,ed30bd72-f14e-4ecc-9c4e-30a2e9b52857,2025-02-17 13:30:00+00:00,2025-02-17 13:30:00+00:00,{},False
O-20250217-133000-001-V2-605,BACKTESTER-001,MLSignalStrategyV2-V2,EUR/USD.IDEALPRO,IDEALPRO-1-605,IDEALPRO-001,IDEALPRO-1-93257,EUR/USD.IDEALPRO-MLSignalStrategyV2-V2,BUY,STOP_MARKET,100000.00,1.04750,USD,2.10 USD,TAKER,49ef1e83-2d0e-4027-9bf0-5588105b09f0,2025-02-17 13:47:00+00:00,2025-02-17 13:47:00+00:00,{},False
O-20250217-181500-001-V2-607,BACKTESTER-001,MLSignalStrategyV2-V2,EUR/USD.IDEALPRO,IDEALPRO-1-607,IDEALPRO-001,IDEALPRO-1-93795,EUR/USD.IDEALPRO-MLSignalStrategyV2-V2,BUY,MARKET,100000.00,1.04798,USD,2.10 USD,TAKER,f4be9307-87e1-41be-8709-d5c02d581006,2025-02-17 18:15:00+00:00,2025-02-17 18:15:00+00:00,{},False
O-20250217-181500-001-V2-609,BACKTESTER-001,MLSignalStrategyV2-V2,EUR/USD.IDEALPRO,IDEALPRO-1-609,IDEALPRO-001,IDEALPRO-1-94457,EUR/USD.IDEALPRO-MLSignalStrategyV2-V2,SELL,LIMIT,100000.00,1.04860,USD,2.10 USD,MAKER,820caf12-b680-452a-8d17-db06a6b4ea15,2025-02-18 00:01:00+00:00,2025-02-18 00:01:00+00:00,{},False
O-20250218-021500-001-V2-610,BACKTESTER-001,MLSignalStrategyV2-V2,EUR/USD.IDEALPRO,IDEALPRO-1-610,IDEALPRO-001,IDEALPRO-1-94726,EUR/USD.IDEALPRO-MLSignalStrategyV2-V2,SELL,MARKET,100000.00,1.04683,USD,2.09 USD,TAKER,4b257727-8ef5-4c5f-8ddf-acefc2c8eb7a,2025-02-18 02:15:00+00:00,2025-02-18 02:15:00+00:00,{},False
O-20250218-021500-001-V2-612,BACKTESTER-001,MLSignalStrategyV2-V2,EUR/USD.IDEALPRO,IDEALPRO-1-612,IDEALPRO-001,IDEALPRO-1-94941,EUR/USD.IDEALPRO-MLSignalStrategyV2-V2,BUY,LIMIT,100000.00,1.04607,USD,2.09 USD,MAKER,91eebcef-e8c1-4499-a1ae-deeb8ec90a36,2025-02-18 04:02:00+00:00,2025-02-18 04:02:00+00:00,{},False
O-20250218-053000-001-V2-613,BACKTESTER-001,MLSignalStrategyV2-V2,EUR/USD.IDEALPRO,IDEALPRO-1-613,IDEALPRO-001,IDEALPRO-1-95118,EUR/USD.IDEALPRO-MLSignalStrategyV2-V2,BUY,MARKET,100000.00,1.04547,USD,2.09 USD,TAKER,d4a0db54-b972-459d-a240-ed3666caffbc,2025-02-18 05:30:00+00:00,2025-02-18 05:30:00+00:00,{},False
O-20250218-053000-001-V2-615,BACKTESTER-001,MLSignalStrategyV2-V2,EUR/USD.IDEALPRO,IDEALPRO-1-615,IDEALPRO-001,IDEALPRO-1-95281,EUR/USD.IDEALPRO-MLSignalStrategyV2-V2,SELL,LIMIT,100000.00,1.04607,USD,2.09 USD,MAKER,fc438b38-d4ad-4e1d-816f-cf7c7cb21156,2025-02-18 06:51:00+00:00,2025-02-18 06:51:00+00:00,{},False
O-20250218-123000-001-V2-616,BACKTESTER-001,MLSignalStrategyV2-V2,EUR/USD.IDEALPRO,IDEALPRO-1-616,IDEALPRO-001,IDEALPRO-1-95960,EUR/USD.IDEALPRO-MLSignalStrategyV2-V2,BUY,MARKET,100000.00,1.04541,USD,2.09 USD,TAKER,a0818f07-e43e-4495-97ec-051d91b9463d,2025-02-18 12:30:00+00:00,2025-02-18 12:30:00+00:00,{},False
O-20250218-123000-001-V2-617,BACKTESTER-001,MLSignalStrategyV2-V2,EUR/USD.IDEALPRO,IDEALPRO-1-617,IDEALPRO-001,IDEALPRO-1-96041,EUR/USD.IDEALPRO-MLSignalStrategyV2-V2,SELL,STOP_MARKET,100000.00,1.04470,USD,2.09 USD,TAKER,d078a15f-183c-4427-998f-7f0a076e4b13,2025-02-18 13:10:00+00:00,2025-02-18 13:10:00+00:00,{},False
O-20250218-131500-001-V2-619,BACKTESTER-001,MLSignalStrategyV2-V2,EUR/USD.IDEALPRO,IDEALPRO-1-619,IDEALPRO-001,IDEALPRO-1-96052,EUR/USD.IDEALPRO-MLSignalStrategyV2-V2,BUY,MARKET,100000.00,1.04497,USD,2.09 USD,TAKER,f8306408-9dc1-412b-acfc-3fca5bd3c92a,2025-02-18 13:15:00+00:00,2025-02-18 13:15:00+00:00,{},False
O-20250218-131500-001-V2-620,BACKTESTER-001,MLSignalStrategyV2-V2,EUR/USD.IDEALPRO,IDEALPRO-1-620,IDEALPRO-001,IDEALPRO-1-96137,EUR/USD.IDEALPRO-MLSignalStrategyV2-V2,SELL,STOP_MARKET,100000.00,1.04427,USD,2.09 USD,TAKER,a4015ad7-6fee-4dcc-b349-96acc8037135,2025-02-18 13:57:00+00:00,2025-02-18 13:57:00+00:00,{},False
O-20250218-231500-001-V2-622,BACKTESTER-001,MLSignalStrategyV2-V2,EUR/USD.IDEALPRO,IDEALPRO-1-622,IDEALPRO-001,IDEALPRO-1-97225,EUR/USD.IDEALPRO-MLSignalStrategyV2-V2,BUY,MARKET,100000.00,1.04463,USD,2.09 USD,TAKER,757ba1c9-19e5-4c0b-ac87-8668b38ac320,2025-02-18 23:15:00+00:00,2025-02-18 23:15:00+00:00,{},False
O-20250218-231500-001-V2-623,BACKTESTER-001,MLSignalStrategyV2-V2,EUR/USD.IDEALPRO,IDEALPRO-1-623,IDEALPRO-001,IDEALPRO-1-97451,EUR/USD.IDEALPRO-MLSignalStrategyV2-V2,SELL,STOP_MARKET,100000.00,1.04418,USD,2.09 USD,TAKER,66734a21-6450-4e94-9e13-b716e1f10ca8,2025-02-19 01:08:00+00:00,2025-02-19 01:08:00+00:00,{},False
O-20250219-170000-001-V2-625,BACKTESTER-001,MLSignalStrategyV2-V2,EUR/USD.IDEALPRO,IDEALPRO-1-625,IDEALPRO-001,IDEALPRO-1-99356,EUR/USD.IDEALPRO-MLSignalStrategyV2-V2,BUY,MARKET,100000.00,1.04046,USD,2.08 USD,TAKER,0b582641-6863-45ae-8a18-6f59e6d71607,2025-02-19 17:00:00+00:00,2025-02-19 17:00:00+00:00,{},False
O-20250219-170000-001-V2-627,BACKTESTER-001,MLSignalStrategyV2-V2,EUR/USD.IDEALPRO,IDEALPRO-1-627,IDEALPRO-001,IDEALPRO-1-99549,EUR/USD.IDEALPRO-MLSignalStrategyV2-V2,SELL,LIMIT,100000.00,1.04179,USD,2.08 USD,MAKER,631ffee7-75be-4bcd-a1b1-14d65231202a,2025-02-19 18:36:00+00:00,2025-02-19 18:36:00+00:00,{},False
O-20250220-040000-001-V2-628,BACKTESTER-001,MLSignalStrategyV2-V2,EUR/USD.IDEALPRO,IDEALPRO-1-628,IDEALPRO-001,IDEALPRO-1-100648,EUR/USD.IDEALPRO-MLSignalStrategyV2-V2,SELL,MARKET,100000.00,1.04313,USD,2.09 USD,TAKER,314832a8-8101-492c-bbca-733b13f5b2e5,2025-02-20 04:00:00+00:00,2025-02-20 04:00:00+00:00,{},False
O-20250220-040000-001-V2-629,BACKTESTER-001,MLSignalStrategyV2-V2,EUR/USD.IDEALPRO,IDEALPRO-1-629,IDEALPRO-001,IDEALPRO-1-101141,EUR/USD.IDEALPRO-MLSignalStrategyV2-V2,BUY,STOP_MARKET,100000.00,1.04389,USD,2.09 USD,TAKER,2239e5d6-9b2b-4817-8381-1243208853d7,2025-02-20 08:06:00+00:00,2025-02-20 08:06:00+00:00,{},False
O-20250220-133000-001-V2-631,BACKTESTER-001,MLSignalStrategyV2-V2,EUR/USD.IDEALPRO,IDEALPRO-1-631,IDEALPRO-001,IDEALPRO-1-101791,EUR/USD.IDEALPRO-MLSignalStrategyV2-V2,BUY,MARKET,100000.00,1.04510,USD,2.09 USD,TAKER,6e7180c9-76bc-446e-a204-7e1b9eabbe87,2025-02-20 13:30:00+00:00,2025-02-20 13:30:00+00:00,{},False
O-20250220-133000-001-V2-632,BACKTESTER-001,MLSignalStrategyV2-V2,EUR/USD.IDEALPRO,IDEALPRO-1-632,IDEALPRO-001,IDEALPRO-1-101835,EUR/USD.IDEALPRO-MLSignalStrategyV2-V2,SELL,STOP_MARKET,100000.00,1.04437,USD,2.09 USD,TAKER,c7421b5b-640c-4a02-807c-db0daf26079f,2025-02-20 13:52:00+00:00,2025-02-20 13:52:00+00:00,{},False
O-20250220-140000-001-V2-634,BACKTESTER-001,MLSignalStrategyV2-V2,EUR/USD.IDEALPRO,IDEALPRO-1-634,IDEALPRO-001,IDEALPRO-1-101852,EUR/USD.IDEALPRO-MLSignalStrategyV2-V2,BUY,MARKET,100000.00,1.04483,USD,2.09 USD,TAKER,4623961f-9d97-4686-a847-7da849d5c820,2025-02-20 14:00:00+00:00,2025-02-20 14:00:00+00:00,{},False
O-20250220-140000-001-V2-636,BACKTESTER-001,MLSignalStrategyV2-V2,EUR/USD.IDEALPRO,IDEALPRO-1-636,IDEALPRO-001,IDEALPRO-1-101925,EUR/USD.IDEALPRO-MLSignalStrategyV2-V2,SELL,LIMIT,100000.00,1.04587,USD,2.09 USD,MAKER,4d24b46c-223d-48eb-803e-7740b8e616da,2025-02-20 14:36:00+00:00,2025-02-20 14:36:00+00:00,{},False
O-20250220-151500-001-V2-637,BACKTESTER-001,MLSignalStrategyV2-V2,EUR/USD.IDEALPRO,IDEALPRO-1-637,IDEALPRO-001,IDEALPRO-1-102004,EUR/USD.IDEALPRO-MLSignalStrategyV2-V2,BUY,MARKET,100000.00,1.04553,USD,2.09 USD,TAKER,71328338-2075-48f9-b5a7-fe964fd0e808,2025-02-20 15:15:00+00:00,2025-02-20 15:15:00+00:00,{},False
O-20250220-151500-001-V2-639,BACKTESTER-001,MLSignalStrategyV2-V2,EUR/USD.IDEALPRO,IDEALPRO-1-639,IDEALPRO-001,IDEALPRO-1-102055,EUR/USD.IDEALPRO-MLSignalStrategyV2-V2,SELL,LIMIT,100000.00,1.04693,USD,2.09 USD,MAKER,65678e1b-a566-4f74-bce6-7f883dd9781e,2025-02-20 15:40:00+00:00,2025-02-20 15:40:00+00:00,{},False
O-20250220-200000-001-V2-640,BACKTESTER-001,MLSignalStrategyV2-V2,EUR/USD.IDEALPRO,IDEALPRO-1-640,IDEALPRO-001,IDEALPRO-1-102576,EUR/USD.IDEALPRO-MLSignalStrategyV2-V2,SELL,MARKET,100000.00,1.05016,USD,2.10 USD,TAKER,975a77e2-5a9f-4892-8899-daf5ef7f81e8,2025-02-20 20:00:00+00:00,2025-02-20 20:00:00+00:00,{},False
O-20250220-200000-001-V2-642,BACKTESTER-001,MLSignalStrategyV2-V2,EUR/USD.IDEALPRO,IDEALPRO-1-642,IDEALPRO-001,IDEALPRO-1-103111,EUR/USD.IDEALPRO-MLSignalStrategyV2-V2,BUY,LIMIT,100000.00,1.04910,USD,2.10 USD,MAKER,80a1c15c-3237-409e-92aa-7f0974bde001,2025-02-21 00:42:00+00:00,2025-02-21 00:42:00+00:00,{},False
O-20250221-020000-001-V2-643,BACKTESTER-001,MLSignalStrategyV2-V2,EUR/USD.IDEALPRO,IDEALPRO-1-643,IDEALPRO-001,IDEALPRO-1-103268,EUR/USD.IDEALPRO-MLSignalStrategyV2-V2,SELL,MARKET,100000.00,1.04868,USD,2.10 USD,TAKER,ed9c1199-90b3-4c14-8cf7-06bdfbafdfa9,2025-02-21 02:00:00+00:00,2025-02-21 02:00:00+00:00,{},False
O-20250221-020000-001-V2-644,BACKTESTER-001,MLSignalStrategyV2-V2,EUR/USD.IDEALPRO,IDEALPRO-1-644,IDEALPRO-001,IDEALPRO-1-103289,EUR/USD.IDEALPRO-MLSignalStrategyV2-V2,BUY,STOP_MARKET,100000.00,1.04920,USD,2.10 USD,TAKER,471e44aa-4e21-459b-9271-7136df6b2c4c,2025-02-21 02:10:00+00:00,2025-02-21 02:10:00+00:00,{},False
O-20250221-021500-001-V2-646,BACKTESTER-001,MLSignalStrategyV2-V2,EUR/USD.IDEALPRO,IDEALPRO-1-646,IDEALPRO-001,IDEALPRO-1-103301,EUR/USD.IDEALPRO-MLSignalStrategyV2-V2,BUY,MARKET,100000.00,1.04961,USD,2.10 USD,TAKER,35d8c148-8f20-4082-ba77-530b6e66e9d1,2025-02-21 02:15:00+00:00,2025-02-21 02:15:00+00:00,{},False
O-20250221-021500-001-V2-648,BACKTESTER-001,MLSignalStrategyV2-V2,EUR/USD.IDEALPRO,IDEALPRO-1-648,IDEALPRO-001,IDEALPRO-1-103413,EUR/USD.IDEALPRO-MLSignalStrategyV2-V2,SELL,LIMIT,100000.00,1.05036,USD,2.10 USD,MAKER,f5cec8bc-c3c3-436a-aab1-2c7b3f2ac66b,2025-02-21 03:11:00+00:00,2025-02-21 03:11:00+00:00,{},False
O-20250221-053000-001-V2-649,BACKTESTER-001,MLSignalStrategyV2-V2,EUR/USD.IDEALPRO,IDEALPRO-1-649,IDEALPRO-001,IDEALPRO-1-103693,EUR/USD.IDEALPRO-MLSignalStrategyV2-V2,SELL,MARKET,100000.00,1.04966,USD,2.10 USD,TAKER,3110c520-4d7d-4941-ac34-7b0fd2373693,2025-02-21 05:30:00+00:00,2025-02-21 05:30:00+00:00,{},False
O-20250221-053000-001-V2-651,BACKTESTER-001,MLSignalStrategyV2-V2,EUR/USD.IDEALPRO,IDEALPRO-1-651,IDEALPRO-001,IDEALPRO-1-103799,EUR/USD.IDEALPRO-MLSignalStrategyV2-V2,BUY,LIMIT,100000.00,1.04902,USD,2.10 USD,MAKER,58cdb6d5-3991-422e-bfaf-23dfd3cf4cde,2025-02-21 06:23:00+00:00,2025-02-21 06:23:00+00:00,{},False
O-20250221-083000-001-V2-652,BACKTESTER-001,MLSignalStrategyV2-V2,EUR/USD.IDEALPRO,IDEALPRO-1-652,IDEALPRO-001,IDEALPRO-1-104055,EUR/USD.IDEALPRO-MLSignalStrategyV2-V2,BUY,MARKET,100000.00,1.04715,USD,2.09 USD,TAKER,ad7984ff-1e2e-4fc3-87ad-ac6b1a181977,2025-02-21 08:30:00+00:00,2025-02-21 08:30:00+00:00,{},False
O-20250221-083000-001-V2-654,BACKTESTER-001,MLSignalStrategyV2-V2,EUR/USD.IDEALPRO,IDEALPRO-1-654,IDEALPRO-001,IDEALPRO-1-104057,EUR/USD.IDEALPRO-MLSignalStrategyV2-V2,SELL,LIMIT,100000.00,1.04845,USD,2.10 USD,MAKER,bb1a056f-8ba4-4c81-8095-bc25eeb90e48,2025-02-21 08:31:00+00:00,2025-02-21 08:31:00+00:00,{},False
O-20250221-103000-001-V2-655,BACKTESTER-001,MLSignalStrategyV2-V2,EUR/USD.IDEALPRO,IDEALPRO-1-655,IDEALPRO-001,IDEALPRO-1-104296,EUR/USD.IDEALPRO-MLSignalStrategyV2-V2,SELL,MARKET,100000.00,1.04710,USD,2.09 USD,TAKER,254041b7-f7d5-4d99-80ea-5e37390fde06,2025-02-21 10:30:00+00:00,2025-02-21 10:30:00+00:00,{},False
O-20250221-103000-001-V2-657,BACKTESTER-001,MLSignalStrategyV2-V2,EUR/USD.IDEALPRO,IDEALPRO-1-657,IDEALPRO-001,IDEALPRO-1-104507,EUR/USD.IDEALPRO-MLSignalStrategyV2-V2,BUY,LIMIT,100000.00,1.04594,USD,2.09 USD,MAKER,00af47fa-4337-42a5-bd21-aec1aaeb8495,2025-02-21 12:15:00+00:00,2025-02-21 12:15:00+00:00,{},False
O-20250223-223000-001-V2-658,BACKTESTER-001,MLSignalStrategyV2-V2,EUR/USD.IDEALPRO,IDEALPRO-1-658,IDEALPRO-001,IDEALPRO-1-105708,EUR/USD.IDEALPRO-MLSignalStrategyV2-V2,BUY,MARKET,100000.00,1.04662,USD,2.09 USD,TAKER,8818e1e3-a2e2-4b45-91c2-44f8759f43e4,2025-02-23 22:30:00+00:00,2025-02-23 22:30:00+00:00,{},False
O-20250223-223000-001-V2-660,BACKTESTER-001,MLSignalStrategyV2-V2,EUR/USD.IDEALPRO,IDEALPRO-1-660,IDEALPRO-001,IDEALPRO-1-105739,EUR/USD.IDEALPRO-MLSignalStrategyV2-V2,SELL,LIMIT,100000.00,1.04742,USD,2.09 USD,MAKER,cda7c77f-7164-465d-9a60-9b2f81352b41,2025-02-23 22:45:00+00:00,2025-02-23 22:45:00+00:00,{},False
O-20250223-224500-001-V2-661,BACKTESTER-001,MLSignalStrategyV2-V2,EUR/USD.IDEALPRO,IDEALPRO-1-661,IDEALPRO-001,IDEALPRO-1-105740,EUR/USD.IDEALPRO-MLSignalStrategyV2-V2,BUY,MARKET,100000.00,1.04730,USD,2.09 USD,TAKER,e60e9c6b-69fb-4ffa-b443-fa85e375aab5,2025-02-23 22:45:00+00:00,2025-02-23 22:45:00+00:00,{},False
O-20250223-224500-001-V2-663,BACKTESTER-001,MLSignalStrategyV2-V2,EUR/USD.IDEALPRO,IDEALPRO-1-663,IDEALPRO-001,IDEALPRO-1-105747,EUR/USD.IDEALPRO-MLSignalStrategyV2-V2,SELL,LIMIT,100000.00,1.04833,USD,2.10 USD,MAKER,89f8957f-123a-42ef-9677-029430b54bed,2025-02-23 22:48:00+00:00,2025-02-23 22:48:00+00:00,{},False
O-20250223-230000-001-V2-664,BACKTESTER-001,MLSignalStrategyV2-V2,EUR/USD.IDEALPRO,IDEALPRO-1-664,IDEALPRO-001,IDEALPRO-1-105772,EUR/USD.IDEALPRO-MLSignalStrategyV2-V2,BUY,MARKET,100000.00,1.04746,USD,2.09 USD,TAKER,ea2ff36e-ccbc-45e7-821e-669c94fed440,2025-02-23 23:00:00+00:00,2025-02-23 23:00:00+00:00,{},False
O-20250223-230000-001-V2-666,BACKTESTER-001,MLSignalStrategyV2-V2,EUR/USD.IDEALPRO,IDEALPRO-1-666,IDEALPRO-001,IDEALPRO-1-105799,EUR/USD.IDEALPRO-MLSignalStrategyV2-V2,SELL,LIMIT,100000.00,1.04847,USD,2.10 USD,MAKER,6ff56af5-c7d3-47dd-97d4-c74e6a90a548,2025-02-23 23:13:00+00:00,2025-02-23 23:13:00+00:00,{},False
O-20250224-030000-001-V2-667,BACKTESTER-001,MLSignalStrategyV2-V2,EUR/USD.IDEALPRO,IDEALPRO-1-667,IDEALPRO-001,IDEALPRO-1-106254,EUR/USD.IDEALPRO-MLSignalStrategyV2-V2,BUY,MARKET,100000.00,1.05228,USD,2.10 USD,TAKER,ce0dfc69-3263-4e95-8e65-f08dc8422baf,2025-02-24 03:00:00+00:00,2025-02-24 03:00:00+00:00,{},False
O-20250224-030000-001-V2-668,BACKTESTER-001,MLSignalStrategyV2-V2,EUR/USD.IDEALPRO,IDEALPRO-1-668,IDEALPRO-001,IDEALPRO-1-106401,EUR/USD.IDEALPRO-MLSignalStrategyV2-V2,SELL,STOP_MARKET,100000.00,1.05142,USD,2.10 USD,TAKER,797d882c-1200-4605-b27d-f0432c775f2f,2025-02-24 04:13:00+00:00,2025-02-24 04:13:00+00:00,{},False
O-20250224-081500-001-V2-670,BACKTESTER-001,MLSignalStrategyV2-V2,EUR/USD.IDEALPRO,IDEALPRO-1-670,IDEALPRO-001,IDEALPRO-1-106886,EUR/USD.IDEALPRO-MLSignalStrategyV2-V2,BUY,MARKET,100000.00,1.04831,USD,2.10 USD,TAKER,5c1e2c8b-3783-4579-b9b5-2d2be32d169c,2025-02-24 08:15:00+00:00,2025-02-24 08:15:00+00:00,{},False
O-20250224-081500-001-V2-671,BACKTESTER-001,MLSignalStrategyV2-V2,EUR/USD.IDEALPRO,IDEALPRO-1-671,IDEALPRO-001,IDEALPRO-1-106897,EUR/USD.IDEALPRO-MLSignalStrategyV2-V2,SELL,STOP_MARKET,100000.00,1.04696,USD,2.09 USD,TAKER,606c033f-0338-41ef-85be-11221415e1cf,2025-02-24 08:20:00+00:00,2025-02-24 08:20:00+00:00,{},False
O-20250224-093000-001-V2-673,BACKTESTER-001,MLSignalStrategyV2-V2,EUR/USD.IDEALPRO,IDEALPRO-1-673,IDEALPRO-001,IDEALPRO-1-107038,EUR/USD.IDEALPRO-MLSignalStrategyV2-V2,BUY,MARKET,100000.00,1.04748,USD,2.09 USD,TAKER,9c760b11-4ccc-43e4-9d36-8c82efc1e436,2025-02-24 09:30:00+00:00,2025-02-24 09:30:00+00:00,{},False
O-20250224-093000-001-V2-674,BACKTESTER-001,MLSignalStrategyV2-V2,EUR/USD.IDEALPRO,IDEALPRO-1-674,IDEALPRO-001,IDEALPRO-1-107283,EUR/USD.IDEALPRO-MLSignalStrategyV2-V2,SELL,STOP_MARKET,100000.00,1.04649,USD,2.09 USD,TAKER,a7a24b0c-3859-43f2-855d-fc27233d046f,2025-02-24 11:32:00+00:00,2025-02-24 11:32:00+00:00,{},False
O-20250224-114500-001-V2-676,BACKTESTER-001,MLSignalStrategyV2-V2,EUR/USD.IDEALPRO,IDEALPRO-1-676,IDEALPRO-001,IDEALPRO-1-107310,EUR/USD.IDEALPRO-MLSignalStrategyV2-V2,SELL,MARKET,100000.00,1.04706,USD,2.09 USD,TAKER,5d681ad3-a3e5-4227-9528-42ef227e5027,2025-02-24 11:45:00+00:00,2025-02-24 11:45:00+00:00,{},False
O-20250224-114500-001-V2-678,BACKTESTER-001,MLSignalStrategyV2-V2,EUR/USD.IDEALPRO,IDEALPRO-1-678,IDEALPRO-001,IDEALPRO-1-107651,EUR/USD.IDEALPRO-MLSignalStrategyV2-V2,BUY,LIMIT,100000.00,1.04581,USD,2.09 USD,MAKER,12f647d2-8a65-437f-a917-1623024cb37c,2025-02-24 14:35:00+00:00,2025-02-24 14:35:00+00:00,{},False
O-20250224-213000-001-V2-679,BACKTESTER-001,MLSignalStrategyV2-V2,EUR/USD.IDEALPRO,IDEALPRO-1-679,IDEALPRO-001,IDEALPRO-1-108482,EUR/USD.IDEALPRO-MLSignalStrategyV2-V2,BUY,MARKET,100000.00,1.04642,USD,2.09 USD,TAKER,be9ea88b-054c-48c1-a25b-fe6633b10c93,2025-02-24 21:30:00+00:00,2025-02-24 21:30:00+00:00,{},False
O-20250224-213000-001-V2-681,BACKTESTER-001,MLSignalStrategyV2-V2,EUR/USD.IDEALPRO,IDEALPRO-1-681,IDEALPRO-001,IDEALPRO-1-109087,EUR/USD.IDEALPRO-MLSignalStrategyV2-V2,SELL,LIMIT,100000.00,1.04733,USD,2.09 USD,MAKER,f15c8323-2bc1-459f-a67f-8f00ef6c90b8,2025-02-25 02:47:00+00:00,2025-02-25 02:47:00+00:00,{},False
O-20250225-083000-001-V2-682,BACKTESTER-001,MLSignalStrategyV2-V2,EUR/USD.IDEALPRO,IDEALPRO-1-682,IDEALPRO-001,IDEALPRO-1-109775,EUR/USD.IDEALPRO-MLSignalStrategyV2-V2,BUY,MARKET,100000.00,1.04675,USD,2.09 USD,TAKER,3ed11266-ea2d-4dca-a3e6-5abf05b19f4b,2025-02-25 08:30:00+00:00,2025-02-25 08:30:00+00:00,{},False
O-20250225-083000-001-V2-683,BACKTESTER-001,MLSignalStrategyV2-V2,EUR/USD.IDEALPRO,IDEALPRO-1-683,IDEALPRO-001,IDEALPRO-1-109787,EUR/USD.IDEALPRO-MLSignalStrategyV2-V2,SELL,STOP_MARKET,100000.00,1.04586,USD,2.09 USD,TAKER,dfdb171b-e693-4897-a313-b91e5ff3adcb,2025-02-25 08:36:00+00:00,2025-02-25 08:36:00+00:00,{},False
O-20250225-084500-001-V2-685,BACKTESTER-001,MLSignalStrategyV2-V2,EUR/USD.IDEALPRO,IDEALPRO-1-685,IDEALPRO-001,IDEALPRO-1-109806,EUR/USD.IDEALPRO-MLSignalStrategyV2-V2,BUY,MARKET,100000.00,1.04651,USD,2.09 USD,TAKER,b7edb3e9-7841-4a54-a339-c4c6bc9a41cc,2025-02-25 08:45:00+00:00,2025-02-25 08:45:00+00:00,{},False
O-20250225-084500-001-V2-687,BACKTESTER-001,MLSignalStrategyV2-V2,EUR/USD.IDEALPRO,IDEALPRO-1-687,IDEALPRO-001,IDEALPRO-1-109879,EUR/USD.IDEALPRO-MLSignalStrategyV2-V2,SELL,LIMIT,100000.00,1.04783,USD,2.10 USD,MAKER,b5fe9ad6-1ce6-4645-aa59-a7a1b3dd7800,2025-02-25 09:21:00+00:00,2025-02-25 09:21:00+00:00,{},False
O-20250225-121500-001-V2-688,BACKTESTER-001,MLSignalStrategyV2-V2,EUR/USD.IDEALPRO,IDEALPRO-1-688,IDEALPRO-001,IDEALPRO-1-110229,EUR/USD.IDEALPRO-MLSignalStrategyV2-V2,BUY,MARKET,100000.00,1.04941,USD,2.10 USD,TAKER,f5b9ca47-387a-4e63-b226-4f5a6a5cd468,2025-02-25 12:15:00+00:00,2025-02-25 12:15:00+00:00,{},False
O-20250225-121500-001-V2-690,BACKTESTER-001,MLSignalStrategyV2-V2,EUR/USD.IDEALPRO,IDEALPRO-1-690,IDEALPRO-001,IDEALPRO-1-110383,EUR/USD.IDEALPRO-MLSignalStrategyV2-V2,SELL,LIMIT,100000.00,1.05049,USD,2.10 USD,MAKER,088ee7ad-0261-48bb-aa45-a3918cee600f,2025-02-25 13:32:00+00:00,2025-02-25 13:32:00+00:00,{},False
O-20250225-184500-001-V2-691,BACKTESTER-001,MLSignalStrategyV2-V2,EUR/USD.IDEALPRO,IDEALPRO-1-691,IDEALPRO-001,IDEALPRO-1-111010,EUR/USD.IDEALPRO-MLSignalStrategyV2-V2,BUY,MARKET,100000.00,1.05147,USD,2.10 USD,TAKER,8c01740d-cba8-4eba-86fc-61ffeeeb06b0,2025-02-25 18:45:00+00:00,2025-02-25 18:45:00+00:00,{},False
O-20250225-184500-001-V2-692,BACKTESTER-001,MLSignalStrategyV2-V2,EUR/USD.IDEALPRO,IDEALPRO-1-692,IDEALPRO-001,IDEALPRO-1-111073,EUR/USD.IDEALPRO-MLSignalStrategyV2-V2,SELL,STOP_MARKET,100000.00,1.05065,USD,2.10 USD,TAKER,f584f8fc-5d70-4cbc-b2b4-3aa7d3180ae8,2025-02-25 19:16:00+00:00,2025-02-25 19:16:00+00:00,{},False
O-20250225-210000-001-V2-694,BACKTESTER-001,MLSignalStrategyV2-V2,EUR/USD.IDEALPRO,IDEALPRO-1-694,IDEALPRO-001,IDEALPRO-1-111282,EUR/USD.IDEALPRO-MLSignalStrategyV2-V2,BUY,MARKET,100000.00,1.05164,USD,2.10 USD,TAKER,ac3930b0-5784-49b7-927c-2d30da2420ec,2025-02-25 21:00:00+00:00,2025-02-25 21:00:00+00:00,{},False
O-20250225-210000-001-V2-695,BACKTESTER-001,MLSignalStrategyV2-V2,EUR/USD.IDEALPRO,IDEALPRO-1-695,IDEALPRO-001,IDEALPRO-1-111907,EUR/USD.IDEALPRO-MLSignalStrategyV2-V2,SELL,STOP_MARKET,100000.00,1.05100,USD,2.10 USD,TAKER,5f4cd96d-c212-429a-a86b-67e7e6f53284,2025-02-26 02:27:00+00:00,2025-02-26 02:27:00+00:00,{},False
O-20250226-031500-001-V2-697,BACKTESTER-001,MLSignalStrategyV2-V2,EUR/USD.IDEALPRO,IDEALPRO-1-697,IDEALPRO-001,IDEALPRO-1-112004,EUR/USD.IDEALPRO-MLSignalStrategyV2-V2,SELL,MARKET,100000.00,1.05057,USD,2.10 USD,TAKER,3ed7a83c-e4b0-43ba-9574-86b404545a59,2025-02-26 03:15:00+00:00,2025-02-26 03:15:00+00:00,{},False
O-20250226-031500-001-V2-699,BACKTESTER-001,MLSignalStrategyV2-V2,EUR/USD.IDEALPRO,IDEALPRO-1-699,IDEALPRO-001,IDEALPRO-1-112199,EUR/USD.IDEALPRO-MLSignalStrategyV2-V2,BUY,LIMIT,100000.00,1.04983,USD,2.10 USD,MAKER,0b2c3034-88e4-4080-b74c-7e8517c8caa9,2025-02-26 04:52:00+00:00,2025-02-26 04:52:00+00:00,{},False
O-20250226-051500-001-V2-700,BACKTESTER-001,MLSignalStrategyV2-V2,EUR/USD.IDEALPRO,IDEALPRO-1-700,IDEALPRO-001,IDEALPRO-1-112246,EUR/USD.IDEALPRO-MLSignalStrategyV2-V2,BUY,MARKET,100000.00,1.04945,USD,2.10 USD,TAKER,ba9b48db-0872-4346-ac4a-ce69877564cf,2025-02-26 05:15:00+00:00,2025-02-26 05:15:00+00:00,{},False
O-20250226-051500-001-V2-701,BACKTESTER-001,MLSignalStrategyV2-V2,EUR/USD.IDEALPRO,IDEALPRO-1-701,IDEALPRO-001,IDEALPRO-1-112333,EUR/USD.IDEALPRO-MLSignalStrategyV2-V2,SELL,STOP_MARKET,100000.00,1.04902,USD,2.10 USD,TAKER,98199a96-0446-49c6-8455-da38aa9594e0,2025-02-26 05:58:00+00:00,2025-02-26 05:58:00+00:00,{},False
O-20250226-060000-001-V2-703,BACKTESTER-001,MLSignalStrategyV2-V2,EUR/USD.IDEALPRO,IDEALPRO-1-703,IDEALPRO-001,IDEALPRO-1-112338,EUR/USD.IDEALPRO-MLSignalStrategyV2-V2,BUY,MARKET,100000.00,1.04917,USD,2.10 USD,TAKER,0ba82e36-6923-4d92-bfb3-8d509b839e7a,2025-02-26 06:00:00+00:00,2025-02-26 06:00:00+00:00,{},False
O-20250226-060000-001-V2-704,BACKTESTER-001,MLSignalStrategyV2-V2,EUR/USD.IDEALPRO,IDEALPRO-1-704,IDEALPRO-001,IDEALPRO-1-112397,EUR/USD.IDEALPRO-MLSignalStrategyV2-V2,SELL,STOP_MARKET,100000.00,1.04872,USD,2.10 USD,TAKER,ad59cc94-2706-4772-93af-a2fa6d8ccfe4,2025-02-26 06:29:00+00:00,2025-02-26 06:29:00+00:00,{},False
O-20250226-111500-001-V2-706,BACKTESTER-001,MLSignalStrategyV2-V2,EUR/USD.IDEALPRO,IDEALPRO-1-706,IDEALPRO-001,IDEALPRO-1-112970,EUR/USD.IDEALPRO-MLSignalStrategyV2-V2,BUY,MARKET,100000.00,1.05008,USD,2.10 USD,TAKER,262dcf36-284d-44b6-882b-5541187cb81b,2025-02-26 11:15:00+00:00,2025-02-26 11:15:00+00:00,{},False
O-20250226-111500-001-V2-707,BACKTESTER-001,MLSignalStrategyV2-V2,EUR/USD.IDEALPRO,IDEALPRO-1-707,IDEALPRO-001,IDEALPRO-1-112985,EUR/USD.IDEALPRO-MLSignalStrategyV2-V2,SELL,STOP_MARKET,100000.00,1.04940,USD,2.10 USD,TAKER,23e8a918-0a36-47c0-8682-795ca7dfcb91,2025-02-26 11:22:00+00:00,2025-02-26 11:22:00+00:00,{},False
O-20250226-171500-001-V2-709,BACKTESTER-001,MLSignalStrategyV2-V2,EUR/USD.IDEALPRO,IDEALPRO-1-709,IDEALPRO-001,IDEALPRO-1-113692,EUR/USD.IDEALPRO-MLSignalStrategyV2-V2,BUY,MARKET,100000.00,1.05143,USD,2.10 USD,TAKER,e8bc7377-f13a-4be2-8165-d37ba516234b,2025-02-26 17:15:00+00:00,2025-02-26 17:15:00+00:00,{},False
O-20250226-171500-001-V2-710,BACKTESTER-001,MLSignalStrategyV2-V2,EUR/USD.IDEALPRO,IDEALPRO-1-710,IDEALPRO-001,IDEALPRO-1-113701,EUR/USD.IDEALPRO-MLSignalStrategyV2-V2,SELL,STOP_MARKET,100000.00,1.05054,USD,2.10 USD,TAKER,3e693281-0ecb-48a5-bd14-026bd4e75d69,2025-02-26 17:19:00+00:00,2025-02-26 17:19:00+00:00,{},False
O-20250226-224500-001-V2-712,BACKTESTER-001,MLSignalStrategyV2-V2,EUR/USD.IDEALPRO,IDEALPRO-1-712,IDEALPRO-001,IDEALPRO-1-114323,EUR/USD.IDEALPRO-MLSignalStrategyV2-V2,SELL,MARKET,100000.00,1.04876,USD,2.10 USD,TAKER,f0078754-a844-41bc-a77e-114f42f22d46,2025-02-26 22:45:00+00:00,2025-02-26 22:45:00+00:00,{},False
O-20250226-224500-001-V2-714,BACKTESTER-001,MLSignalStrategyV2-V2,EUR/USD.IDEALPRO,IDEALPRO-1-714,IDEALPRO-001,IDEALPRO-1-114491,EUR/USD.IDEALPRO-MLSignalStrategyV2-V2,BUY,LIMIT,100000.00,1.04806,USD,2.10 USD,MAKER,67577e32-0f79-4be2-bf6e-3aef7cbd299d,2025-02-27 00:08:00+00:00,2025-02-27 00:08:00+00:00,{},False
O-20250227-013000-001-V2-715,BACKTESTER-001,MLSignalStrategyV2-V2,EUR/USD.IDEALPRO,IDEALPRO-1-715,IDEALPRO-001,IDEALPRO-1-114656,EUR/USD.IDEALPRO-MLSignalStrategyV2-V2,BUY,MARKET,100000.00,1.04769,USD,2.10 USD,TAKER,0b61ce61-b58f-4e52-ace7-1465b85b76e1,2025-02-27 01:30:00+00:00,2025-02-27 01:30:00+00:00,{},False
O-20250227-013000-001-V2-716,BACKTESTER-001,MLSignalStrategyV2-V2,EUR/USD.IDEALPRO,IDEALPRO-1-716,IDEALPRO-001,IDEALPRO-1-114797,EUR/USD.IDEALPRO-MLSignalStrategyV2-V2,SELL,STOP_MARKET,100000.00,1.04723,USD,2.09 USD,TAKER,a4dbf5fe-3b8c-4b5e-8fdf-7d1f9aa19c97,2025-02-27 02:40:00+00:00,2025-02-27 02:40:00+00:00,{},False
O-20250227-043000-001-V2-718,BACKTESTER-001,MLSignalStrategyV2-V2,EUR/USD.IDEALPRO,IDEALPRO-1-718,IDEALPRO-001,IDEALPRO-1-115018,EUR/USD.IDEALPRO-MLSignalStrategyV2-V2,SELL,MARKET,100000.00,1.04657,USD,2.09 USD,TAKER,b766f749-3635-4945-9c52-3cfff435fe88,2025-02-27 04:30:00+00:00,2025-02-27 04:30:00+00:00,{},False
O-20250227-043000-001-V2-720,BACKTESTER-001,MLSignalStrategyV2-V2,EUR/USD.IDEALPRO,IDEALPRO-1-720,IDEALPRO-001,IDEALPRO-1-115069,EUR/USD.IDEALPRO-MLSignalStrategyV2-V2,BUY,LIMIT,100000.00,1.04592,USD,2.09 USD,MAKER,ffdf326d-626a-4682-bf47-a0aa05aea683,2025-02-27 04:55:00+00:00,2025-02-27 04:55:00+00:00,{},False
O-20250227-050000-001-V2-721,BACKTESTER-001,MLSignalStrategyV2-V2,EUR/USD.IDEALPRO,IDEALPRO-1-721,IDEALPRO-001,IDEALPRO-1-115080,EUR/USD.IDEALPRO-MLSignalStrategyV2-V2,BUY,MARKET,100000.00,1.04630,USD,2.09 USD,TAKER,89a05451-6159-41ce-8569-3ab71b2a3cee,2025-02-27 05:00:00+00:00,2025-02-27 05:00:00+00:00,{},False
O-20250227-050000-001-V2-723,BACKTESTER-001,MLSignalStrategyV2-V2,EUR/USD.IDEALPRO,IDEALPRO-1-723,IDEALPRO-001,IDEALPRO-1-115269,EUR/USD.IDEALPRO-MLSignalStrategyV2-V2,SELL,LIMIT,100000.00,1.04701,USD,2.09 USD,MAKER,2450a2de-5f1f-45ce-8f2b-fe54fab59d59,2025-02-27 06:34:00+00:00,2025-02-27 06:34:00+00:00,{},False
O-20250227-100000-001-V2-724,BACKTESTER-001,MLSignalStrategyV2-V2,EUR/USD.IDEALPRO,IDEALPRO-1-724,IDEALPRO-001,IDEALPRO-1-115682,EUR/USD.IDEALPRO-MLSignalStrategyV2-V2,BUY,MARKET,100000.00,1.04843,USD,2.10 USD,TAKER,1327c638-6608-4183-9420-88d9b7d94cd0,2025-02-27 10:00:00+00:00,2025-02-27 10:00:00+00:00,{},False
O-20250227-100000-001-V2-725,BACKTESTER-001,MLSignalStrategyV2-V2,EUR/USD.IDEALPRO,IDEALPRO-1-725,IDEALPRO-001,IDEALPRO-1-115697,EUR/USD.IDEALPRO-MLSignalStrategyV2-V2,SELL,STOP_MARKET,100000.00,1.04781,USD,2.10 USD,TAKER,8c88247e-4e3b-4795-a7f2-4673296ebb93,2025-02-27 10:07:00+00:00,2025-02-27 10:07:00+00:00,{},False
O-20250227-154500-001-V2-727,BACKTESTER-001,MLSignalStrategyV2-V2,EUR/USD.IDEALPRO,IDEALPRO-1-727,IDEALPRO-001,IDEALPRO-1-116374,EUR/USD.IDEALPRO-MLSignalStrategyV2-V2,BUY,MARKET,100000.00,1.04164,USD,2.08 USD,TAKER,40c81c9c-08c0-4a0e-a241-6f3fbfc032a7,2025-02-27 15:45:00+00:00,2025-02-27 15:45:00+00:00,{},False
O-20250227-154500-001-V2-728,BACKTESTER-001,MLSignalStrategyV2-V2,EUR/USD.IDEALPRO,IDEALPRO-1-728,IDEALPRO-001,IDEALPRO-1-116621,EUR/USD.IDEALPRO-MLSignalStrategyV2-V2,SELL,STOP_MARKET,100000.00,1.04014,USD,2.08 USD,TAKER,a5c21312-95d3-46ea-8809-0e6aa7cbf644,2025-02-27 17:48:00+00:00,2025-02-27 17:48:00+00:00,{},False
O-20250227-194500-001-V2-730,BACKTESTER-001,MLSignalStrategyV2-V2,EUR/USD.IDEALPRO,IDEALPRO-1-730,IDEALPRO-001,IDEALPRO-1-116857,EUR/USD.IDEALPRO-MLSignalStrategyV2-V2,BUY,MARKET,100000.00,1.04058,USD,2.08 USD,TAKER,2730f92d-62bf-47c8-a051-81d9d1516f7f,2025-02-27 19:45:00+00:00,2025-02-27 19:45:00+00:00,{},False
O-20250227-194500-001-V2-731,BACKTESTER-001,MLSignalStrategyV2-V2,EUR/USD.IDEALPRO,IDEALPRO-1-731,IDEALPRO-001,IDEALPRO-1-117059,EUR/USD.IDEALPRO-MLSignalStrategyV2-V2,SELL,STOP_MARKET,100000.00,1.03981,USD,2.08 USD,TAKER,567a740a-a461-43c1-8064-b3b8ec352f99,2025-02-27 21:26:00+00:00,2025-02-27 21:26:00+00:00,{},False
O-20250227-220000-001-V2-733,BACKTESTER-001,MLSignalStrategyV2-V2,EUR/USD.IDEALPRO,IDEALPRO-1-733,IDEALPRO-001,IDEALPRO-1-117128,EUR/USD.IDEALPRO-MLSignalStrategyV2-V2,BUY,MARKET,100000.00,1.03981,USD,2.08 USD,TAKER,1dfe2e06-740f-4dae-929b-73e01888e5f3,2025-02-27 22:00:00+00:00,2025-02-27 22:00:00+00:00,{},False
O-20250227-220000-001-V2-734,BACKTESTER-001,MLSignalStrategyV2-V2,EUR/USD.IDEALPRO,IDEALPRO-1-734,IDEALPRO-001,IDEALPRO-1-117199,EUR/USD.IDEALPRO-MLSignalStrategyV2-V2,SELL,STOP_MARKET,100000.00,1.03932,USD,2.08 USD,TAKER,8aa7a347-6dd9-4776-8f0f-0d3eea6a02d1,2025-02-27 22:50:00+00:00,2025-02-27 22:50:00+00:00,{},False
O-20250228-000000-001-V2-736,BACKTESTER-001,MLSignalStrategyV2-V2,EUR/USD.IDEALPRO,IDEALPRO-1-736,IDEALPRO-001,IDEALPRO-1-117340,EUR/USD.IDEALPRO-MLSignalStrategyV2-V2,BUY,MARKET,100000.00,1.03939,USD,2.08 USD,TAKER,971b980a-91f2-4955-ac1a-d80364ce67a6,2025-02-28 00:00:00+00:00,2025-02-28 00:00:00+00:00,{},False
O-20250228-000000-001-V2-738,BACKTESTER-001,MLSignalStrategyV2-V2,EUR/USD.IDEALPRO,IDEALPRO-1-738,IDEALPRO-001,IDEALPRO-1-117387,EUR/USD.IDEALPRO-MLSignalStrategyV2-V2,SELL,LIMIT,100000.00,1.04007,USD,2.08 USD,MAKER,430030fc-8ffa-4970-aad4-fef1c70f3a94,2025-02-28 00:23:00+00:00,2025-02-28 00:23:00+00:00,{},False
O-20250228-003000-001-V2-739,BACKTESTER-001,MLSignalStrategyV2-V2,EUR/USD.IDEALPRO,IDEALPRO-1-739,IDEALPRO-001,IDEALPRO-1-117402,EUR/USD.IDEALPRO-MLSignalStrategyV2-V2,SELL,MARKET,100000.00,1.03998,USD,2.08 USD,TAKER,5af3d53e-752b-472b-bbce-852e0341ccdc,2025-02-28 00:30:00+00:00,2025-02-28 00:30:00+00:00,{},False
O-20250228-003000-001-V2-740,BACKTESTER-001,MLSignalStrategyV2-V2,EUR/USD.IDEALPRO,IDEALPRO-1-740,IDEALPRO-001,IDEALPRO-1-117465,EUR/USD.IDEALPRO-MLSignalStrategyV2-V2,BUY,STOP_MARKET,100000.00,1.04044,USD,2.08 USD,TAKER,5cad1bc8-d975-47e0-943b-60c5011a5193,2025-02-28 01:01:00+00:00,2025-02-28 01:01:00+00:00,{},False
O-20250228-020000-001-V2-742,BACKTESTER-001,MLSignalStrategyV2-V2,EUR/USD.IDEALPRO,IDEALPRO-1-742,IDEALPRO-001,IDEALPRO-1-117584,EUR/USD.IDEALPRO-MLSignalStrategyV2-V2,BUY,MARKET,100000.00,1.03850,USD,2.08 USD,TAKER,30c57ecd-14ec-4b64-9cb6-cf57a4e2dd0f,2025-02-28 02:00:00+00:00,2025-02-28 02:00:00+00:00,{},False
O-20250228-020000-001-V2-744,BACKTESTER-001,MLSignalStrategyV2-V2,EUR/USD.IDEALPRO,IDEALPRO-1-744,IDEALPRO-001,IDEALPRO-1-118261,EUR/USD.IDEALPRO-MLSignalStrategyV2-V2,SELL,LIMIT,100000.00,1.03928,USD,2.08 USD,MAKER,af5b78d4-a115-4bb5-aa3b-5867d83d5424,2025-02-28 07:38:00+00:00,2025-02-28 07:38:00+00:00,{},False
O-20250228-164500-001-V2-745,BACKTESTER-001,MLSignalStrategyV2-V2,EUR/USD.IDEALPRO,IDEALPRO-1-745,IDEALPRO-001,IDEALPRO-1-119357,EUR/USD.IDEALPRO-MLSignalStrategyV2-V2,SELL,MARKET,100000.00,1.04021,USD,2.08 USD,TAKER,dcee2155-f30f-4b4a-98d6-22b217648364,2025-02-28 16:45:00+00:00,2025-02-28 16:45:00+00:00,{},False
O-20250228-164500-001-V2-747,BACKTESTER-001,MLSignalStrategyV2-V2,EUR/USD.IDEALPRO,IDEALPRO-1-747,IDEALPRO-001,IDEALPRO-1-119541,EUR/USD.IDEALPRO-MLSignalStrategyV2-V2,BUY,LIMIT,100000.00,1.03845,USD,2.08 USD,MAKER,dd254f64-61e3-4636-a6b5-0110a021561e,2025-02-28 18:17:00+00:00,2025-02-28 18:17:00+00:00,{},False
O-20250302-223000-001-V2-748,BACKTESTER-001,MLSignalStrategyV2-V2,EUR/USD.IDEALPRO,IDEALPRO-1-748,IDEALPRO-001,IDEALPRO-1-120018,EUR/USD.IDEALPRO-MLSignalStrategyV2-V2,BUY,MARKET,100000.00,1.04028,USD,2.08 USD,TAKER,c1be5d62-cd2b-4e36-8965-9b7218d72d72,2025-03-02 22:30:00+00:00,2025-03-02 22:30:00+00:00,{},False
O-20250302-223000-001-V2-750,BACKTESTER-001,MLSignalStrategyV2-V2,EUR/USD.IDEALPRO,IDEALPRO-1-750,IDEALPRO-001,IDEALPRO-1-120099,EUR/USD.IDEALPRO-MLSignalStrategyV2-V2,SELL,LIMIT,100000.00,1.04171,USD,2.08 USD,MAKER,c54a49a0-f772-4474-842c-97835da79847,2025-03-02 23:10:00+00:00,2025-03-02 23:10:00+00:00,{},False
O-20250302-233000-001-V2-751,BACKTESTER-001,MLSignalStrategyV2-V2,EUR/USD.IDEALPRO,IDEALPRO-1-751,IDEALPRO-001,IDEALPRO-1-120140,EUR/USD.IDEALPRO-MLSignalStrategyV2-V2,SELL,MARKET,100000.00,1.04154,USD,2.08 USD,TAKER,9e510939-4023-40db-ac9b-2dcbdbd2b167,2025-03-02 23:30:00+00:00,2025-03-02 23:30:00+00:00,{},False
O-20250302-233000-001-V2-753,BACKTESTER-001,MLSignalStrategyV2-V2,EUR/USD.IDEALPRO,IDEALPRO-1-753,IDEALPRO-001,IDEALPRO-1-120209,EUR/USD.IDEALPRO-MLSignalStrategyV2-V2,BUY,LIMIT,100000.00,1.04033,USD,2.08 USD,MAKER,9a5e71b2-219f-4f08-be4a-e6f392926bfb,2025-03-03 00:04:00+00:00,2025-03-03 00:04:00+00:00,{},False
O-20250303-030000-001-V2-754,BACKTESTER-001,MLSignalStrategyV2-V2,EUR/USD.IDEALPRO,IDEALPRO-1-754,IDEALPRO-001,IDEALPRO-1-120563,EUR/USD.IDEALPRO-MLSignalStrategyV2-V2,BUY,MARKET,100000.00,1.04201,USD,2.08 USD,TAKER,9ca81a65-482b-4b4f-89dd-59e747f66906,2025-03-03 03:00:00+00:00,2025-03-03 03:00:00+00:00,{},False
O-20250303-030000-001-V2-755,BACKTESTER-001,MLSignalStrategyV2-V2,EUR/USD.IDEALPRO,IDEALPRO-1-755,IDEALPRO-001,IDEALPRO-1-120579,EUR/USD.IDEALPRO-MLSignalStrategyV2-V2,SELL,STOP_MARKET,100000.00,1.04131,USD,2.08 USD,TAKER,a833ee49-9c29-4835-8e39-dc8f72d20fde,2025-03-03 03:08:00+00:00,2025-03-03 03:08:00+00:00,{},False
O-20250303-031500-001-V2-757,BACKTESTER-001,MLSignalStrategyV2-V2,EUR/USD.IDEALPRO,IDEALPRO-1-757,IDEALPRO-001,IDEALPRO-1-120594,EUR/USD.IDEALPRO-MLSignalStrategyV2-V2,BUY,MARKET,100000.00,1.04120,USD,2.08 USD,TAKER,d2112bdc-1aa3-4bbb-84dd-dd17b6655584,2025-03-03 03:15:00+00:00,2025-03-03 03:15:00+00:00,{},False
O-20250303-031500-001-V2-758,BACKTESTER-001,MLSignalStrategyV2-V2,EUR/USD.IDEALPRO,IDEALPRO-1-758,IDEALPRO-001,IDEALPRO-1-121063,EUR/USD.IDEALPRO-MLSignalStrategyV2-V2,SELL,STOP_MARKET,100000.00,1.04018,USD,2.08 USD,TAKER,8790a23c-96b1-4b24-8e14-e7a55f5cd815,2025-03-03 07:09:00+00:00,2025-03-03 07:09:00+00:00,{},False
O-20250303-121500-001-V2-760,BACKTESTER-001,MLSignalStrategyV2-V2,EUR/USD.IDEALPRO,IDEALPRO-1-760,IDEALPRO-001,IDEALPRO-1-121676,EUR/USD.IDEALPRO-MLSignalStrategyV2-V2,SELL,MARKET,100000.00,1.04641,USD,2.09 USD,TAKER,a7e1ff8c-be33-4d61-94b2-2c4f77b5fd11,2025-03-03 12:15:00+00:00,2025-03-03 12:15:00+00:00,{},False
O-20250303-121500-001-V2-761,BACKTESTER-001,MLSignalStrategyV2-V2,EUR/USD.IDEALPRO,IDEALPRO-1-761,IDEALPRO-001,IDEALPRO-1-121741,EUR/USD.IDEALPRO-MLSignalStrategyV2-V2,BUY,STOP_MARKET,100000.00,1.04748,USD,2.09 USD,TAKER,ded96a34-2180-42fc-a501-58c9c0d6483a,2025-03-03 12:47:00+00:00,2025-03-03 12:47:00+00:00,{},False
O-20250303-130000-001-V2-763,BACKTESTER-001,MLSignalStrategyV2-V2,EUR/USD.IDEALPRO,IDEALPRO-1-763,IDEALPRO-001,IDEALPRO-1-121768,EUR/USD.IDEALPRO-MLSignalStrategyV2-V2,BUY,MARKET,100000.00,1.04704,USD,2.09 USD,TAKER,6a513ad5-dcd3-4396-850d-f20a783cfb6b,2025-03-03 13:00:00+00:00,2025-03-03 13:00:00+00:00,{},False
O-20250303-130000-001-V2-764,BACKTESTER-001,MLSignalStrategyV2-V2,EUR/USD.IDEALPRO,IDEALPRO-1-764,IDEALPRO-001,IDEALPRO-1-121803,EUR/USD.IDEALPRO-MLSignalStrategyV2-V2,SELL,STOP_MARKET,100000.00,1.04609,USD,2.09 USD,TAKER,5eb6f7b3-8074-40d8-a082-f76e63edda0d,2025-03-03 13:17:00+00:00,2025-03-03 13:17:00+00:00,{},False
O-20250303-180000-001-V2-766,BACKTESTER-001,MLSignalStrategyV2-V2,EUR/USD.IDEALPRO,IDEALPRO-1-766,IDEALPRO-001,IDEALPRO-1-122370,EUR/USD.IDEALPRO-MLSignalStrategyV2-V2,SELL,MARKET,100000.00,1.04905,USD,2.10 USD,TAKER,97c04a39-7e61-4323-8db2-0cd8e5b2146c,2025-03-03 18:00:00+00:00,2025-03-03 18:00:00+00:00,{},False
O-20250303-180000-001-V2-767,BACKTESTER-001,MLSignalStrategyV2-V2,EUR/USD.IDEALPRO,IDEALPRO-1-767,IDEALPRO-001,IDEALPRO-1-122469,EUR/USD.IDEALPRO-MLSignalStrategyV2-V2,BUY,STOP_MARKET,100000.00,1.05046,USD,2.10 USD,TAKER,0cd20e1e-2fd1-4e68-a0a1-ac5dbc493592,2025-03-03 18:49:00+00:00,2025-03-03 18:49:00+00:00,{},False
O-20250303-211500-001-V2-769,BACKTESTER-001,MLSignalStrategyV2-V2,EUR/USD.IDEALPRO,IDEALPRO-1-769,IDEALPRO-001,IDEALPRO-1-122762,EUR/USD.IDEALPRO-MLSignalStrategyV2-V2,SELL,MARKET,100000.00,1.04867,USD,2.10 USD,TAKER,837a0b62-9691-4de5-a7b9-8b713ddae8c6,2025-03-03 21:15:00+00:00,2025-03-03 21:15:00+00:00,{},False
O-20250303-211500-001-V2-770,BACKTESTER-001,MLSignalStrategyV2-V2,EUR/USD.IDEALPRO,IDEALPRO-1-770,IDEALPRO-001,IDEALPRO-1-124003,EUR/USD.IDEALPRO-MLSignalStrategyV2-V2,BUY,STOP_MARKET,100000.00,1.04999,USD,2.10 USD,TAKER,7011e2ec-afeb-4c2a-b976-36a981de5e61,2025-03-04 07:50:00+00:00,2025-03-04 07:50:00+00:00,{},False
O-20250304-103000-001-V2-772,BACKTESTER-001,MLSignalStrategyV2-V2,EUR/USD.IDEALPRO,IDEALPRO-1-772,IDEALPRO-001,IDEALPRO-1-124324,EUR/USD.IDEALPRO-MLSignalStrategyV2-V2,SELL,MARKET,100000.00,1.05051,USD,2.10 USD,TAKER,b24e0640-84b6-4698-979d-6cf961dbb22e,2025-03-04 10:30:00+00:00,2025-03-04 10:30:00+00:00,{},False
O-20250304-103000-001-V2-773,BACKTESTER-001,MLSignalStrategyV2-V2,EUR/USD.IDEALPRO,IDEALPRO-1-773,IDEALPRO-001,IDEALPRO-1-124347,EUR/USD.IDEALPRO-MLSignalStrategyV2-V2,BUY,STOP_MARKET,100000.00,1.05158,USD,2.10 USD,TAKER,df81bc0b-226e-4cad-ad0a-842bb0cacc3e,2025-03-04 10:41:00+00:00,2025-03-04 10:41:00+00:00,{},False
O-20250304-124500-001-V2-775,BACKTESTER-001,MLSignalStrategyV2-V2,EUR/USD.IDEALPRO,IDEALPRO-1-775,IDEALPRO-001,IDEALPRO-1-124596,EUR/USD.IDEALPRO-MLSignalStrategyV2-V2,SELL,MARKET,100000.00,1.05496,USD,2.11 USD,TAKER,854a68a8-4f58-4c48-a56b-622ea7523b09,2025-03-04 12:45:00+00:00,2025-03-04 12:45:00+00:00,{},False
O-20250304-124500-001-V2-777,BACKTESTER-001,MLSignalStrategyV2-V2,EUR/USD.IDEALPRO,IDEALPRO-1-777,IDEALPRO-001,IDEALPRO-1-124709,EUR/USD.IDEALPRO-MLSignalStrategyV2-V2,BUY,LIMIT,100000.00,1.05315,USD,2.11 USD,MAKER,f27b6730-9ff9-476b-b51a-8931a99fd2d5,2025-03-04 13:41:00+00:00,2025-03-04 13:41:00+00:00,{},False
O-20250304-154500-001-V2-778,BACKTESTER-001,MLSignalStrategyV2-V2,EUR/USD.IDEALPRO,IDEALPRO-1-778,IDEALPRO-001,IDEALPRO-1-124959,EUR/USD.IDEALPRO-MLSignalStrategyV2-V2,SELL,MARKET,100000.00,1.05218,USD,2.10 USD,TAKER,e33351de-7897-45df-96cc-44362abd6671,2025-03-04 15:45:00+00:00,2025-03-04 15:45:00+00:00,{},False
O-20250304-154500-001-V2-779,BACKTESTER-001,MLSignalStrategyV2-V2,EUR/USD.IDEALPRO,IDEALPRO-1-779,IDEALPRO-001,IDEALPRO-1-125033,EUR/USD.IDEALPRO-MLSignalStrategyV2-V2,BUY,STOP_MARKET,100000.00,1.05350,USD,2.11 USD,TAKER,8566bd6a-546e-4a64-9000-7036679157d8,2025-03-04 16:22:00+00:00,2025-03-04 16:22:00+00:00,{},False
O-20250304-181500-001-V2-781,BACKTESTER-001,MLSignalStrategyV2-V2,EUR/USD.IDEALPRO,IDEALPRO-1-781,IDEALPRO-001,IDEALPRO-1-125260,EUR/USD.IDEALPRO-MLSignalStrategyV2-V2,SELL,MARKET,100000.00,1.05690,USD,2.11 USD,TAKER,b2777d2e-b186-4b50-bdf9-4117049e3671,2025-03-04 18:15:00+00:00,2025-03-04 18:15:00+00:00,{},False
O-20250304-181500-001-V2-782,BACKTESTER-001,MLSignalStrategyV2-V2,EUR/USD.IDEALPRO,IDEALPRO-1-782,IDEALPRO-001,IDEALPRO-1-125321,EUR/USD.IDEALPRO-MLSignalStrategyV2-V2,BUY,STOP_MARKET,100000.00,1.05824,USD,2.12 USD,TAKER,2f0a9124-df49-4b4d-97e5-eacbdac1e36f,2025-03-04 18:45:00+00:00,2025-03-04 18:45:00+00:00,{},False
O-20250305-000000-001-V2-784,BACKTESTER-001,MLSignalStrategyV2-V2,EUR/USD.IDEALPRO,IDEALPRO-1-784,IDEALPRO-001,IDEALPRO-1-125922,EUR/USD.IDEALPRO-MLSignalStrategyV2-V2,BUY,MARKET,100000.00,1.06234,USD,2.12 USD,TAKER,a87b321d-0fc2-4e91-9905-1a9fc491018d,2025-03-05 00:00:00+00:00,2025-03-05 00:00:00+00:00,{},False
O-20250305-000000-001-V2-785,BACKTESTER-001,MLSignalStrategyV2-V2,EUR/USD.IDEALPRO,IDEALPRO-1-785,IDEALPRO-001,IDEALPRO-1-125957,EUR/USD.IDEALPRO-MLSignalStrategyV2-V2,SELL,STOP_MARKET,100000.00,1.06128,USD,2.12 USD,TAKER,7ffb04e6-f93c-42b4-b4d8-3e8dc225b22f,2025-03-05 00:17:00+00:00,2025-03-05 00:17:00+00:00,{},False
O-20250305-003000-001-V2-787,BACKTESTER-001,MLSignalStrategyV2-V2,EUR/USD.IDEALPRO,IDEALPRO-1-787,IDEALPRO-001,IDEALPRO-1-125984,EUR/USD.IDEALPRO-MLSignalStrategyV2-V2,SELL,MARKET,100000.00,1.06164,USD,2.12 USD,TAKER,001551e2-820a-413d-852d-a08eb22a79a5,2025-03-05 00:30:00+00:00,2025-03-05 00:30:00+00:00,{},False
O-20250305-003000-001-V2-788,BACKTESTER-001,MLSignalStrategyV2-V2,EUR/USD.IDEALPRO,IDEALPRO-1-788,IDEALPRO-001,IDEALPRO-1-126035,EUR/USD.IDEALPRO-MLSignalStrategyV2-V2,BUY,STOP_MARKET,100000.00,1.06275,USD,2.13 USD,TAKER,c9ab9144-b12e-4f20-8643-06980a449b61,2025-03-05 00:55:00+00:00,2025-03-05 00:55:00+00:00,{},False
O-20250305-044500-001-V2-790,BACKTESTER-001,MLSignalStrategyV2-V2,EUR/USD.IDEALPRO,IDEALPRO-1-790,IDEALPRO-001,IDEALPRO-1-126496,EUR/USD.IDEALPRO-MLSignalStrategyV2-V2,BUY,MARKET,100000.00,1.06215,USD,2.12 USD,TAKER,bb157414-5881-4091-a0dd-37277c463cd3,2025-03-05 04:45:00+00:00,2025-03-05 04:45:00+00:00,{},False
O-20250305-044500-001-V2-792,BACKTESTER-001,MLSignalStrategyV2-V2,EUR/USD.IDEALPRO,IDEALPRO-1-792,IDEALPRO-001,IDEALPRO-1-126645,EUR/USD.IDEALPRO-MLSignalStrategyV2-V2,SELL,LIMIT,100000.00,1.06323,USD,2.13 USD,MAKER,fe1d2d43-8cf6-4098-9064-42a9ba97f6bd,2025-03-05 05:59:00+00:00,2025-03-05 05:59:00+00:00,{},False
O-20250305-064500-001-V2-793,BACKTESTER-001,MLSignalStrategyV2-V2,EUR/USD.IDEALPRO,IDEALPRO-1-793,IDEALPRO-001,IDEALPRO-1-126738,EUR/USD.IDEALPRO-MLSignalStrategyV2-V2,BUY,MARKET,100000.00,1.06295,USD,2.13 USD,TAKER,7b9f0178-fd3c-4e81-b397-a1d0c505c231,2025-03-05 06:45:00+00:00,2025-03-05 06:45:00+00:00,{},False
O-20250305-064500-001-V2-795,BACKTESTER-001,MLSignalStrategyV2-V2,EUR/USD.IDEALPRO,IDEALPRO-1-795,IDEALPRO-001,IDEALPRO-1-126773,EUR/USD.IDEALPRO-MLSignalStrategyV2-V2,SELL,LIMIT,100000.00,1.06428,USD,2.13 USD,MAKER,e8deb46d-ad67-4b05-a06d-45505efca890,2025-03-05 07:02:00+00:00,2025-03-05 07:02:00+00:00,{},False
O-20250305-090000-001-V2-796,BACKTESTER-001,MLSignalStrategyV2-V2,EUR/USD.IDEALPRO,IDEALPRO-1-796,IDEALPRO-001,IDEALPRO-1-127011,EUR/USD.IDEALPRO-MLSignalStrategyV2-V2,BUY,MARKET,100000.00,1.06981,USD,2.14 USD,TAKER,e3b8362f-335f-44aa-9e12-7dbc5ea907d6,2025-03-05 09:00:00+00:00,2025-03-05 09:00:00+00:00,{},False
O-20250305-090000-001-V2-798,BACKTESTER-001,MLSignalStrategyV2-V2,EUR/USD.IDEALPRO,IDEALPRO-1-798,IDEALPRO-001,IDEALPRO-1-127077,EUR/USD.IDEALPRO-MLSignalStrategyV2-V2,SELL,LIMIT,100000.00,1.07222,USD,2.14 USD,MAKER,cb7b7f77-9c8b-4f63-913a-890fa7fd58c1,2025-03-05 09:33:00+00:00,2025-03-05 09:33:00+00:00,{},False
O-20250305-113000-001-V2-799,BACKTESTER-001,MLSignalStrategyV2-V2,EUR/USD.IDEALPRO,IDEALPRO-1-799,IDEALPRO-001,IDEALPRO-1-127312,EUR/USD.IDEALPRO-MLSignalStrategyV2-V2,BUY,MARKET,100000.00,1.06805,USD,2.14 USD,TAKER,16040da7-9bb1-4053-954d-7b5f1bad61ea,2025-03-05 11:30:00+00:00,2025-03-05 11:30:00+00:00,{},False
O-20250305-113000-001-V2-801,BACKTESTER-001,MLSignalStrategyV2-V2,EUR/USD.IDEALPRO,IDEALPRO-1-801,IDEALPRO-001,IDEALPRO-1-127427,EUR/USD.IDEALPRO-MLSignalStrategyV2-V2,SELL,LIMIT,100000.00,1.07014,USD,2.14 USD,MAKER,a4cbbe4f-06af-476e-8d5d-ae95f7b73809,2025-03-05 12:27:00+00:00,2025-03-05 12:27:00+00:00,{},False
O-20250305-210000-001-V2-802,BACKTESTER-001,MLSignalStrategyV2-V2,EUR/USD.IDEALPRO,IDEALPRO-1-802,IDEALPRO-001,IDEALPRO-1-128454,EUR/USD.IDEALPRO-MLSignalStrategyV2-V2,SELL,MARKET,100000.00,1.07922,USD,2.16 USD,TAKER,9684fa08-99ea-48ae-b3d1-272aa3ccd817,2025-03-05 21:00:00+00:00,2025-03-05 21:00:00+00:00,{},False
O-20250305-210000-001-V2-803,BACKTESTER-001,MLSignalStrategyV2-V2,EUR/USD.IDEALPRO,IDEALPRO-1-803,IDEALPRO-001,IDEALPRO-1-128853,EUR/USD.IDEALPRO-MLSignalStrategyV2-V2,BUY,STOP_MARKET,100000.00,1.08013,USD,2.16 USD,TAKER,95ae3fd3-581c-46d0-899b-a0da38bb3e0a,2025-03-06 00:34:00+00:00,2025-03-06 00:34:00+00:00,{},False
O-20250306-004500-001-V2-805,BACKTESTER-001,MLSignalStrategyV2-V2,EUR/USD.IDEALPRO,IDEALPRO-1-805,IDEALPRO-001,IDEALPRO-1-128876,EUR/USD.IDEALPRO-MLSignalStrategyV2-V2,BUY,MARKET,100000.00,1.08001,USD,2.16 USD,TAKER,4c2d00a6-67d9-4195-a3c5-9d43e4404c29,2025-03-06 00:45:00+00:00,2025-03-06 00:45:00+00:00,{},False
O-20250306-004500-001-V2-806,BACKTESTER-001,MLSignalStrategyV2-V2,EUR/USD.IDEALPRO,IDEALPRO-1-806,IDEALPRO-001,IDEALPRO-1-128907,EUR/USD.IDEALPRO-MLSignalStrategyV2-V2,SELL,STOP_MARKET,100000.00,1.07936,USD,2.16 USD,TAKER,203d424a-7de2-4f21-b84b-9936a4f50e3b,2025-03-06 01:00:00+00:00,2025-03-06 01:00:00+00:00,{},False
O-20250306-040000-001-V2-808,BACKTESTER-001,MLSignalStrategyV2-V2,EUR/USD.IDEALPRO,IDEALPRO-1-808,IDEALPRO-001,IDEALPRO-1-129269,EUR/USD.IDEALPRO-MLSignalStrategyV2-V2,SELL,MARKET,100000.00,1.07895,USD,2.16 USD,TAKER,10157cf5-3f48-4fc7-ba12-6cd95795de5d,2025-03-06 04:00:00+00:00,2025-03-06 04:00:00+00:00,{},False
O-20250306-040000-001-V2-809,BACKTESTER-001,MLSignalStrategyV2-V2,EUR/USD.IDEALPRO,IDEALPRO-1-809,IDEALPRO-001,IDEALPRO-1-129353,EUR/USD.IDEALPRO-MLSignalStrategyV2-V2,BUY,STOP_MARKET,100000.00,1.07986,USD,2.16 USD,TAKER,595e94bc-1ecf-49fe-8567-8de3bc21736d,2025-03-06 04:42:00+00:00,2025-03-06 04:42:00+00:00,{},False
O-20250306-044500-001-V2-811,BACKTESTER-001,MLSignalStrategyV2-V2,EUR/USD.IDEALPRO,IDEALPRO-1-811,IDEALPRO-001,IDEALPRO-1-129360,EUR/USD.IDEALPRO-MLSignalStrategyV2-V2,BUY,MARKET,100000.00,1.07986,USD,2.16 USD,TAKER,50484b47-cc93-4c64-92dc-365dcdd76e63,2025-03-06 04:45:00+00:00,2025-03-06 04:45:00+00:00,{},False
O-20250306-044500-001-V2-813,BACKTESTER-001,MLSignalStrategyV2-V2,EUR/USD.IDEALPRO,IDEALPRO-1-813,IDEALPRO-001,IDEALPRO-1-129505,EUR/USD.IDEALPRO-MLSignalStrategyV2-V2,SELL,LIMIT,100000.00,1.08104,USD,2.16 USD,MAKER,3f455a7e-5952-4406-876c-5ba7973f9b0c,2025-03-06 05:57:00+00:00,2025-03-06 05:57:00+00:00,{},False
O-20250306-070000-001-V2-814,BACKTESTER-001,MLSignalStrategyV2-V2,EUR/USD.IDEALPRO,IDEALPRO-1-814,IDEALPRO-001,IDEALPRO-1-129633,EUR/USD.IDEALPRO-MLSignalStrategyV2-V2,BUY,MARKET,100000.00,1.08028,USD,2.16 USD,TAKER,3b255ae8-a628-4422-9583-949282bb53ab,2025-03-06 07:00:00+00:00,2025-03-06 07:00:00+00:00,{},False
O-20250306-070000-001-V2-816,BACKTESTER-001,MLSignalStrategyV2-V2,EUR/USD.IDEALPRO,IDEALPRO-1-816,IDEALPRO-001,IDEALPRO-1-129653,EUR/USD.IDEALPRO-MLSignalStrategyV2-V2,SELL,LIMIT,100000.00,1.08146,USD,2.16 USD,MAKER,8b26b14e-bebb-43ac-9008-56c52f1240c9,2025-03-06 07:10:00+00:00,2025-03-06 07:10:00+00:00,{},False
O-20250306-073000-001-V2-817,BACKTESTER-001,MLSignalStrategyV2-V2,EUR/USD.IDEALPRO,IDEALPRO-1-817,IDEALPRO-001,IDEALPRO-1-129694,EUR/USD.IDEALPRO-MLSignalStrategyV2-V2,BUY,MARKET,100000.00,1.08015,USD,2.16 USD,TAKER,0d7d2cb1-1590-400e-87e7-7466054d4846,2025-03-06 07:30:00+00:00,2025-03-06 07:30:00+00:00,{},False
O-20250306-073000-001-V2-819,BACKTESTER-001,MLSignalStrategyV2-V2,EUR/USD.IDEALPRO,IDEALPRO-1-819,IDEALPRO-001,IDEALPRO-1-129719,EUR/USD.IDEALPRO-MLSignalStrategyV2-V2,SELL,LIMIT,100000.00,1.08173,USD,2.16 USD,MAKER,ebc82f6a-7678-4dab-96a6-d3991f1ff201,2025-03-06 07:42:00+00:00,2025-03-06 07:42:00+00:00,{},False
O-20250306-190000-001-V2-820,BACKTESTER-001,MLSignalStrategyV2-V2,EUR/USD.IDEALPRO,IDEALPRO-1-820,IDEALPRO-001,IDEALPRO-1-131076,EUR/USD.IDEALPRO-MLSignalStrategyV2-V2,BUY,MARKET,100000.00,1.07839,USD,2.16 USD,TAKER,6b34625d-c9f6-48a5-8f63-a10b609c38c4,2025-03-06 19:00:00+00:00,2025-03-06 19:00:00+00:00,{},False
O-20250306-190000-001-V2-822,BACKTESTER-001,MLSignalStrategyV2-V2,EUR/USD.IDEALPRO,IDEALPRO-1-822,IDEALPRO-001,IDEALPRO-1-131177,EUR/USD.IDEALPRO-MLSignalStrategyV2-V2,SELL,LIMIT,100000.00,1.08061,USD,2.16 USD,MAKER,13d78a2e-52df-4efb-946d-d8356176757e,2025-03-06 19:50:00+00:00,2025-03-06 19:50:00+00:00,{},False
O-20250307-033000-001-V2-823,BACKTESTER-001,MLSignalStrategyV2-V2,EUR/USD.IDEALPRO,IDEALPRO-1-823,IDEALPRO-001,IDEALPRO-1-132068,EUR/USD.IDEALPRO-MLSignalStrategyV2-V2,BUY,MARKET,100000.00,1.08065,USD,2.16 USD,TAKER,efc0461a-f180-4b96-a3f3-5f4c88f41937,2025-03-07 03:30:00+00:00,2025-03-07 03:30:00+00:00,{},False
O-20250307-033000-001-V2-825,BACKTESTER-001,MLSignalStrategyV2-V2,EUR/USD.IDEALPRO,IDEALPRO-1-825,IDEALPRO-001,IDEALPRO-1-132341,EUR/USD.IDEALPRO-MLSignalStrategyV2-V2,SELL,LIMIT,100000.00,1.08177,USD,2.16 USD,MAKER,61684799-e661-4f52-8da6-0d665ef270ca,2025-03-07 05:46:00+00:00,2025-03-07 05:46:00+00:00,{},False
O-20250307-100000-001-V2-826,BACKTESTER-001,MLSignalStrategyV2-V2,EUR/USD.IDEALPRO,IDEALPRO-1-826,IDEALPRO-001,IDEALPRO-1-132850,EUR/USD.IDEALPRO-MLSignalStrategyV2-V2,SELL,MARKET,100000.00,1.08616,USD,2.17 USD,TAKER,b87472f9-39e3-4ae3-9e52-eeab020d5529,2025-03-07 10:00:00+00:00,2025-03-07 10:00:00+00:00,{},False
O-20250307-100000-001-V2-828,BACKTESTER-001,MLSignalStrategyV2-V2,EUR/USD.IDEALPRO,IDEALPRO-1-828,IDEALPRO-001,IDEALPRO-1-132993,EUR/USD.IDEALPRO-MLSignalStrategyV2-V2,BUY,LIMIT,100000.00,1.08454,USD,2.17 USD,MAKER,86f27627-0500-4a19-8117-da032de21923,2025-03-07 11:11:00+00:00,2025-03-07 11:11:00+00:00,{},False
O-20250307-140000-001-V2-829,BACKTESTER-001,MLSignalStrategyV2-V2,EUR/USD.IDEALPRO,IDEALPRO-1-829,IDEALPRO-001,IDEALPRO-1-133332,EUR/USD.IDEALPRO-MLSignalStrategyV2-V2,SELL,MARKET,100000.00,1.08448,USD,2.17 USD,TAKER,452287c8-6cfd-4069-864c-8478ad3c6f20,2025-03-07 14:00:00+00:00,2025-03-07 14:00:00+00:00,{},False
O-20250307-140000-001-V2-830,BACKTESTER-001,MLSignalStrategyV2-V2,EUR/USD.IDEALPRO,IDEALPRO-1-830,IDEALPRO-001,IDEALPRO-1-133349,EUR/USD.IDEALPRO-MLSignalStrategyV2-V2,BUY,STOP_MARKET,100000.00,1.08642,USD,2.17 USD,TAKER,11b06faf-c0c9-4ef7-ae25-177f665aeb86,2025-03-07 14:08:00+00:00,2025-03-07 14:08:00+00:00,{},False
O-20250307-144500-001-V2-832,BACKTESTER-001,MLSignalStrategyV2-V2,EUR/USD.IDEALPRO,IDEALPRO-1-832,IDEALPRO-001,IDEALPRO-1-133424,EUR/USD.IDEALPRO-MLSignalStrategyV2-V2,SELL,MARKET,100000.00,1.08691,USD,2.17 USD,TAKER,756cf8f8-206f-40ec-b078-e51d4f825987,2025-03-07 14:45:00+00:00,2025-03-07 14:45:00+00:00,{},False
O-20250307-144500-001-V2-834,BACKTESTER-001,MLSignalStrategyV2-V2,EUR/USD.IDEALPRO,IDEALPRO-1-834,IDEALPRO-001,IDEALPRO-1-133531,EUR/USD.IDEALPRO-MLSignalStrategyV2-V2,BUY,LIMIT,100000.00,1.08392,USD,2.17 USD,MAKER,8e294d6a-d0db-4464-83ee-bbe6fbedda9b,2025-03-07 15:38:00+00:00,2025-03-07 15:38:00+00:00,{},False
O-20250307-160000-001-V2-835,BACKTESTER-001,MLSignalStrategyV2-V2,EUR/USD.IDEALPRO,IDEALPRO-1-835,IDEALPRO-001,IDEALPRO-1-133576,EUR/USD.IDEALPRO-MLSignalStrategyV2-V2,SELL,MARKET,100000.00,1.08702,USD,2.17 USD,TAKER,4c6d7517-6f92-4ea4-9aeb-2ae08846377c,2025-03-07 16:00:00+00:00,2025-03-07 16:00:00+00:00,{},False
O-20250307-160000-001-V2-837,BACKTESTER-001,MLSignalStrategyV2-V2,EUR/USD.IDEALPRO,IDEALPRO-1-837,IDEALPRO-001,IDEALPRO-1-133639,EUR/USD.IDEALPRO-MLSignalStrategyV2-V2,BUY,LIMIT,100000.00,1.08388,USD,2.17 USD,MAKER,4a38c49d-4846-42e6-925b-0d814c6d9991,2025-03-07 16:31:00+00:00,2025-03-07 16:31:00+00:00,{},False
O-20250309-213000-001-V2-838,BACKTESTER-001,MLSignalStrategyV2-V2,EUR/USD.IDEALPRO,IDEALPRO-1-838,IDEALPRO-001,IDEALPRO-1-134328,EUR/USD.IDEALPRO-MLSignalStrategyV2-V2,BUY,MARKET,100000.00,1.08316,USD,2.17 USD,TAKER,3dd9ae28-b45a-4919-a366-6880be46f92f,2025-03-09 21:30:00+00:00,2025-03-09 21:30:00+00:00,{},False
O-20250309-213000-001-V2-840,BACKTESTER-001,MLSignalStrategyV2-V2,EUR/USD.IDEALPRO,IDEALPRO-1-840,IDEALPRO-001,IDEALPRO-1-134391,EUR/USD.IDEALPRO-MLSignalStrategyV2-V2,SELL,LIMIT,100000.00,1.08439,USD,2.17 USD,MAKER,a81bfa13-f7e0-476f-bbeb-70afba6980cb,2025-03-09 22:01:00+00:00,2025-03-09 22:01:00+00:00,{},False
O-20250309-221500-001-V2-841,BACKTESTER-001,MLSignalStrategyV2-V2,EUR/USD.IDEALPRO,IDEALPRO-1-841,IDEALPRO-001,IDEALPRO-1-134420,EUR/USD.IDEALPRO-MLSignalStrategyV2-V2,BUY,MARKET,100000.00,1.08564,USD,2.17 USD,TAKER,c000f9b0-d676-4452-8322-df3701b9ac51,2025-03-09 22:15:00+00:00,2025-03-09 22:15:00+00:00,{},False
O-20250309-221500-001-V2-842,BACKTESTER-001,MLSignalStrategyV2-V2,EUR/USD.IDEALPRO,IDEALPRO-1-842,IDEALPRO-001,IDEALPRO-1-134431,EUR/USD.IDEALPRO-MLSignalStrategyV2-V2,SELL,STOP_MARKET,100000.00,1.08479,USD,2.17 USD,TAKER,afb8d9e3-7215-44f8-8721-a13a6a02ccd0,2025-03-09 22:20:00+00:00,2025-03-09 22:20:00+00:00,{},False
O-20250309-223000-001-V2-844,BACKTESTER-001,MLSignalStrategyV2-V2,EUR/USD.IDEALPRO,IDEALPRO-1-844,IDEALPRO-001,IDEALPRO-1-134452,EUR/USD.IDEALPRO-MLSignalStrategyV2-V2,BUY,MARKET,100000.00,1.08492,USD,2.17 USD,TAKER,8d3ae126-9866-462e-9578-25d9b37bc28d,2025-03-09 22:30:00+00:00,2025-03-09 22:30:00+00:00,{},False
O-20250309-223000-001-V2-846,BACKTESTER-001,MLSignalStrategyV2-V2,EUR/USD.IDEALPRO,IDEALPRO-1-846,IDEALPRO-001,IDEALPRO-1-134547,EUR/USD.IDEALPRO-MLSignalStrategyV2-V2,SELL,LIMIT,100000.00,1.08633,USD,2.17 USD,MAKER,477c62a9-ce27-4574-ab4a-5c51f21f3c15,2025-03-09 23:17:00+00:00,2025-03-09 23:17:00+00:00,{},False
O-20250310-051500-001-V2-847,BACKTESTER-001,MLSignalStrategyV2-V2,EUR/USD.IDEALPRO,IDEALPRO-1-847,IDEALPRO-001,IDEALPRO-1-135264,EUR/USD.IDEALPRO-MLSignalStrategyV2-V2,SELL,MARKET,100000.00,1.08311,USD,2.17 USD,TAKER,5820f9e9-55cd-4394-8635-76efd1487084,2025-03-10 05:15:00+00:00,2025-03-10 05:15:00+00:00,{},False
O-20250310-051500-001-V2-848,BACKTESTER-001,MLSignalStrategyV2-V2,EUR/USD.IDEALPRO,IDEALPRO-1-848,IDEALPRO-001,IDEALPRO-1-135357,EUR/USD.IDEALPRO-MLSignalStrategyV2-V2,BUY,STOP_MARKET,100000.00,1.08366,USD,2.17 USD,TAKER,098066f9-eb03-4168-9369-85efd37d0272,2025-03-10 06:01:00+00:00,2025-03-10 06:01:00+00:00,{},False
O-20250310-063000-001-V2-850,BACKTESTER-001,MLSignalStrategyV2-V2,EUR/USD.IDEALPRO,IDEALPRO-1-850,IDEALPRO-001,IDEALPRO-1-135416,EUR/USD.IDEALPRO-MLSignalStrategyV2-V2,SELL,MARKET,100000.00,1.08424,USD,2.17 USD,TAKER,3deb65c1-d28b-4038-982e-f61d1e07847a,2025-03-10 06:30:00+00:00,2025-03-10 06:30:00+00:00,{},False
O-20250310-063000-001-V2-852,BACKTESTER-001,MLSignalStrategyV2-V2,EUR/USD.IDEALPRO,IDEALPRO-1-852,IDEALPRO-001,IDEALPRO-1-135479,EUR/USD.IDEALPRO-MLSignalStrategyV2-V2,BUY,LIMIT,100000.00,1.08332,USD,2.17 USD,MAKER,8bef19ab-423d-4264-9ad2-e127b6ad0045,2025-03-10 07:01:00+00:00,2025-03-10 07:01:00+00:00,{},False
O-20250310-071500-001-V2-853,BACKTESTER-001,MLSignalStrategyV2-V2,EUR/USD.IDEALPRO,IDEALPRO-1-853,IDEALPRO-001,IDEALPRO-1-135508,EUR/USD.IDEALPRO-MLSignalStrategyV2-V2,SELL,MARKET,100000.00,1.08370,USD,2.17 USD,TAKER,20b8b90b-842b-45b3-aad3-44adb89cbf7f,2025-03-10 07:15:00+00:00,2025-03-10 07:15:00+00:00,{},False
O-20250310-071500-001-V2-855,BACKTESTER-001,MLSignalStrategyV2-V2,EUR/USD.IDEALPRO,IDEALPRO-1-855,IDEALPRO-001,IDEALPRO-1-135577,EUR/USD.IDEALPRO-MLSignalStrategyV2-V2,BUY,LIMIT,100000.00,1.08252,USD,2.17 USD,MAKER,9fcc657e-8c20-44fb-abc3-79038d9df986,2025-03-10 07:49:00+00:00,2025-03-10 07:49:00+00:00,{},False
O-20250310-081500-001-V2-856,BACKTESTER-001,MLSignalStrategyV2-V2,EUR/USD.IDEALPRO,IDEALPRO-1-856,IDEALPRO-001,IDEALPRO-1-135630,EUR/USD.IDEALPRO-MLSignalStrategyV2-V2,BUY,MARKET,100000.00,1.08116,USD,2.16 USD,TAKER,bea6d6dc-be31-471d-aaa3-3bc823ecbc03,2025-03-10 08:15:00+00:00,2025-03-10 08:15:00+00:00,{},False
O-20250310-081500-001-V2-858,BACKTESTER-001,MLSignalStrategyV2-V2,EUR/USD.IDEALPRO,IDEALPRO-1-858,IDEALPRO-001,IDEALPRO-1-135759,EUR/USD.IDEALPRO-MLSignalStrategyV2-V2,SELL,LIMIT,100000.00,1.08296,USD,2.17 USD,MAKER,131bd880-a836-49ca-a015-dc4e7af06288,2025-03-10 09:19:00+00:00,2025-03-10 09:19:00+00:00,{},False
O-20250310-173000-001-V2-859,BACKTESTER-001,MLSignalStrategyV2-V2,EUR/USD.IDEALPRO,IDEALPRO-1-859,IDEALPRO-001,IDEALPRO-1-136743,EUR/USD.IDEALPRO-MLSignalStrategyV2-V2,BUY,MARKET,100000.00,1.08368,USD,2.17 USD,TAKER,ade4408a-1a25-4a88-be11-f74275c885d2,2025-03-10 17:30:00+00:00,2025-03-10 17:30:00+00:00,{},False
O-20250310-173000-001-V2-860,BACKTESTER-001,MLSignalStrategyV2-V2,EUR/USD.IDEALPRO,IDEALPRO-1-860,IDEALPRO-001,IDEALPRO-1-136809,EUR/USD.IDEALPRO-MLSignalStrategyV2-V2,SELL,STOP_MARKET,100000.00,1.08253,USD,2.17 USD,TAKER,647fe090-1240-4240-bfc1-e62c193cd182,2025-03-10 18:03:00+00:00,2025-03-10 18:03:00+00:00,{},False
O-20250310-194500-001-V2-862,BACKTESTER-001,MLSignalStrategyV2-V2,EUR/USD.IDEALPRO,IDEALPRO-1-862,IDEALPRO-001,IDEALPRO-1-137015,EUR/USD.IDEALPRO-MLSignalStrategyV2-V2,BUY,MARKET,100000.00,1.08255,USD,2.17 USD,TAKER,3016fa08-08b9-4687-a17a-cc559026f8f7,2025-03-10 19:45:00+00:00,2025-03-10 19:45:00+00:00,{},False
O-20250310-194500-001-V2-864,BACKTESTER-001,MLSignalStrategyV2-V2,EUR/USD.IDEALPRO,IDEALPRO-1-864,IDEALPRO-001,IDEALPRO-1-137291,EUR/USD.IDEALPRO-MLSignalStrategyV2-V2,SELL,LIMIT,100000.00,1.08404,USD,2.17 USD,MAKER,9586e122-7ec2-4a7c-9327-9577b16a2798,2025-03-10 22:18:00+00:00,2025-03-10 22:18:00+00:00,{},False
O-20250310-230000-001-V2-865,BACKTESTER-001,MLSignalStrategyV2-V2,EUR/USD.IDEALPRO,IDEALPRO-1-865,IDEALPRO-001,IDEALPRO-1-137376,EUR/USD.IDEALPRO-MLSignalStrategyV2-V2,SELL,MARKET,100000.00,1.08349,USD,2.17 USD,TAKER,cda231ae-091d-4651-9faf-9a363aaeedc6,2025-03-10 23:00:00+00:00,2025-03-10 23:00:00+00:00,{},False
O-20250310-230000-001-V2-866,BACKTESTER-001,MLSignalStrategyV2-V2,EUR/USD.IDEALPRO,IDEALPRO-1-866,IDEALPRO-001,IDEALPRO-1-137385,EUR/USD.IDEALPRO-MLSignalStrategyV2-V2,BUY,STOP_MARKET,100000.00,1.08403,USD,2.17 USD,TAKER,9b43ef2f-2669-461a-b7f7-856a63acdf9c,2025-03-10 23:04:00+00:00,2025-03-10 23:04:00+00:00,{},False
O-20250311-071500-001-V2-868,BACKTESTER-001,MLSignalStrategyV2-V2,EUR/USD.IDEALPRO,IDEALPRO-1-868,IDEALPRO-001,IDEALPRO-1-138368,EUR/USD.IDEALPRO-MLSignalStrategyV2-V2,BUY,MARKET,100000.00,1.08723,USD,2.17 USD,TAKER,ccebf208-c856-4c13-8504-84567a516e2d,2025-03-11 07:15:00+00:00,2025-03-11 07:15:00+00:00,{},False
O-20250311-071500-001-V2-870,BACKTESTER-001,MLSignalStrategyV2-V2,EUR/USD.IDEALPRO,IDEALPRO-1-870,IDEALPRO-001,IDEALPRO-1-138427,EUR/USD.IDEALPRO-MLSignalStrategyV2-V2,SELL,LIMIT,100000.00,1.08976,USD,2.18 USD,MAKER,25821f77-9c22-458b-ab13-ba8800ab6c1e,2025-03-11 07:44:00+00:00,2025-03-11 07:44:00+00:00,{},False
O-20250311-090000-001-V2-871,BACKTESTER-001,MLSignalStrategyV2-V2,EUR/USD.IDEALPRO,IDEALPRO-1-871,IDEALPRO-001,IDEALPRO-1-138580,EUR/USD.IDEALPRO-MLSignalStrategyV2-V2,SELL,MARKET,100000.00,1.09171,USD,2.18 USD,TAKER,56501344-1c3d-45f6-9459-d78a94cbbd29,2025-03-11 09:00:00+00:00,2025-03-11 09:00:00+00:00,{},False
O-20250311-090000-001-V2-873,BACKTESTER-001,MLSignalStrategyV2-V2,EUR/USD.IDEALPRO,IDEALPRO-1-873,IDEALPRO-001,IDEALPRO-1-138669,EUR/USD.IDEALPRO-MLSignalStrategyV2-V2,BUY,LIMIT,100000.00,1.08963,USD,2.18 USD,MAKER,5ef3604e-5e8d-4b36-8911-bab92bce2be4,2025-03-11 09:44:00+00:00,2025-03-11 09:44:00+00:00,{},False
O-20250311-101500-001-V2-874,BACKTESTER-001,MLSignalStrategyV2-V2,EUR/USD.IDEALPRO,IDEALPRO-1-874,IDEALPRO-001,IDEALPRO-1-138732,EUR/USD.IDEALPRO-MLSignalStrategyV2-V2,SELL,MARKET,100000.00,1.08953,USD,2.18 USD,TAKER,f90d4786-4f2d-48c3-a784-70bf15a7d445,2025-03-11 10:15:00+00:00,2025-03-11 10:15:00+00:00,{},False
O-20250311-101500-001-V2-875,BACKTESTER-001,MLSignalStrategyV2-V2,EUR/USD.IDEALPRO,IDEALPRO-1-875,IDEALPRO-001,IDEALPRO-1-138953,EUR/USD.IDEALPRO-MLSignalStrategyV2-V2,BUY,STOP_MARKET,100000.00,1.09095,USD,2.18 USD,TAKER,8ded6252-ea6e-4661-86f0-d45618cd6dd2,2025-03-11 12:05:00+00:00,2025-03-11 12:05:00+00:00,{},False
O-20250311-160000-001-V2-877,BACKTESTER-001,MLSignalStrategyV2-V2,EUR/USD.IDEALPRO,IDEALPRO-1-877,IDEALPRO-001,IDEALPRO-1-139424,EUR/USD.IDEALPRO-MLSignalStrategyV2-V2,BUY,MARKET,100000.00,1.09272,USD,2.19 USD,TAKER,f052c95f-b272-410a-bee5-4d55644f41c2,2025-03-11 16:00:00+00:00,2025-03-11 16:00:00+00:00,{},False
O-20250311-160000-001-V2-879,BACKTESTER-001,MLSignalStrategyV2-V2,EUR/USD.IDEALPRO,IDEALPRO-1-879,IDEALPRO-001,IDEALPRO-1-139691,EUR/USD.IDEALPRO-MLSignalStrategyV2-V2,SELL,LIMIT,100000.00,1.09454,USD,2.19 USD,MAKER,4684f2c3-f0e9-4133-b29f-8b26a1a707da,2025-03-11 18:13:00+00:00,2025-03-11 18:13:00+00:00,{},False
O-20250311-223000-001-V2-880,BACKTESTER-001,MLSignalStrategyV2-V2,EUR/USD.IDEALPRO,IDEALPRO-1-880,IDEALPRO-001,IDEALPRO-1-140176,EUR/USD.IDEALPRO-MLSignalStrategyV2-V2,SELL,MARKET,100000.00,1.09153,USD,2.18 USD,TAKER,e1b7f1a0-df99-493e-9a7b-a08fcef63e74,2025-03-11 22:30:00+00:00,2025-03-11 22:30:00+00:00,{},False
O-20250311-223000-001-V2-882,BACKTESTER-001,MLSignalStrategyV2-V2,EUR/USD.IDEALPRO,IDEALPRO-1-882,IDEALPRO-001,IDEALPRO-1-140451,EUR/USD.IDEALPRO-MLSignalStrategyV2-V2,BUY,LIMIT,100000.00,1.09058,USD,2.18 USD,MAKER,5e94c114-47b9-4726-9fd8-586a41a13277,2025-03-12 00:47:00+00:00,2025-03-12 00:47:00+00:00,{},False
O-20250312-020000-001-V2-883,BACKTESTER-001,MLSignalStrategyV2-V2,EUR/USD.IDEALPRO,IDEALPRO-1-883,IDEALPRO-001,IDEALPRO-1-140598,EUR/USD.IDEALPRO-MLSignalStrategyV2-V2,SELL,MARKET,100000.00,1.09064,USD,2.18 USD,TAKER,d4959d82-8002-4133-a4cb-8ba75e8305cc,2025-03-12 02:00:00+00:00,2025-03-12 02:00:00+00:00,{},False
O-20250312-020000-001-V2-884,BACKTESTER-001,MLSignalStrategyV2-V2,EUR/USD.IDEALPRO,IDEALPRO-1-884,IDEALPRO-001,IDEALPRO-1-140625,EUR/USD.IDEALPRO-MLSignalStrategyV2-V2,BUY,STOP_MARKET,100000.00,1.09114,USD,2.18 USD,TAKER,f63e1eeb-813d-42ca-ba52-de9cc18a75b4,2025-03-12 02:13:00+00:00,2025-03-12 02:13:00+00:00,{},False
O-20250312-021500-001-V2-886,BACKTESTER-001,MLSignalStrategyV2-V2,EUR/USD.IDEALPRO,IDEALPRO-1-886,IDEALPRO-001,IDEALPRO-1-140630,EUR/USD.IDEALPRO-MLSignalStrategyV2-V2,SELL,MARKET,100000.00,1.09105,USD,2.18 USD,TAKER,6697abe7-490a-4279-8574-ca07765f4083,2025-03-12 02:15:00+00:00,2025-03-12 02:15:00+00:00,{},False
O-20250312-021500-001-V2-888,BACKTESTER-001,MLSignalStrategyV2-V2,EUR/USD.IDEALPRO,IDEALPRO-1-888,IDEALPRO-001,IDEALPRO-1-140721,EUR/USD.IDEALPRO-MLSignalStrategyV2-V2,BUY,LIMIT,100000.00,1.09035,USD,2.18 USD,MAKER,d54e91b3-6e4a-4605-81cd-41245f0331fa,2025-03-12 03:00:00+00:00,2025-03-12 03:00:00+00:00,{},False
O-20250312-030000-001-V2-889,BACKTESTER-001,MLSignalStrategyV2-V2,EUR/USD.IDEALPRO,IDEALPRO-1-889,IDEALPRO-001,IDEALPRO-1-140723,EUR/USD.IDEALPRO-MLSignalStrategyV2-V2,SELL,MARKET,100000.00,1.09039,USD,2.18 USD,TAKER,2c182f6c-3d71-4306-abe5-fbb13a8f79f3,2025-03-12 03:00:00+00:00,2025-03-12 03:00:00+00:00,{},False
O-20250312-030000-001-V2-891,BACKTESTER-001,MLSignalStrategyV2-V2,EUR/USD.IDEALPRO,IDEALPRO-1-891,IDEALPRO-001,IDEALPRO-1-140773,EUR/USD.IDEALPRO-MLSignalStrategyV2-V2,BUY,LIMIT,100000.00,1.08972,USD,2.18 USD,MAKER,dc2dc7ac-d095-41ed-8913-f9d60924b646,2025-03-12 03:25:00+00:00,2025-03-12 03:25:00+00:00,{},False
O-20250312-043000-001-V2-892,BACKTESTER-001,MLSignalStrategyV2-V2,EUR/USD.IDEALPRO,IDEALPRO-1-892,IDEALPRO-001,IDEALPRO-1-140905,EUR/USD.IDEALPRO-MLSignalStrategyV2-V2,SELL,MARKET,100000.00,1.09017,USD,2.18 USD,TAKER,76644f9e-0047-446e-b11a-9428a8c5e6c1,2025-03-12 04:30:00+00:00,2025-03-12 04:30:00+00:00,{},False
O-20250312-043000-001-V2-894,BACKTESTER-001,MLSignalStrategyV2-V2,EUR/USD.IDEALPRO,IDEALPRO-1-894,IDEALPRO-001,IDEALPRO-1-140989,EUR/USD.IDEALPRO-MLSignalStrategyV2-V2,BUY,LIMIT,100000.00,1.08953,USD,2.18 USD,MAKER,60a5c134-d873-4db8-bc10-b14d2fd8c4a3,2025-03-12 05:12:00+00:00,2025-03-12 05:12:00+00:00,{},False
O-20250312-054500-001-V2-895,BACKTESTER-001,MLSignalStrategyV2-V2,EUR/USD.IDEALPRO,IDEALPRO-1-895,IDEALPRO-001,IDEALPRO-1-141056,EUR/USD.IDEALPRO-MLSignalStrategyV2-V2,SELL,MARKET,100000.00,1.09015,USD,2.18 USD,TAKER,018453d8-c6ab-453c-bd95-a6abb40b37f4,2025-03-12 05:45:00+00:00,2025-03-12 05:45:00+00:00,{},False
O-20250312-054500-001-V2-896,BACKTESTER-001,MLSignalStrategyV2-V2,EUR/USD.IDEALPRO,IDEALPRO-1-896,IDEALPRO-001,IDEALPRO-1-141103,EUR/USD.IDEALPRO-MLSignalStrategyV2-V2,BUY,STOP_MARKET,100000.00,1.09059,USD,2.18 USD,TAKER,4690b325-6231-4972-82ca-df726c9a4969,2025-03-12 06:08:00+00:00,2025-03-12 06:08:00+00:00,{},False
O-20250312-073000-001-V2-898,BACKTESTER-001,MLSignalStrategyV2-V2,EUR/USD.IDEALPRO,IDEALPRO-1-898,IDEALPRO-001,IDEALPRO-1-141268,EUR/USD.IDEALPRO-MLSignalStrategyV2-V2,BUY,MARKET,100000.00,1.08949,USD,2.18 USD,TAKER,84821991-ea17-451d-b029-8fcc33b955d8,2025-03-12 07:30:00+00:00,2025-03-12 07:30:00+00:00,{},False
O-20250312-073000-001-V2-900,BACKTESTER-001,MLSignalStrategyV2-V2,EUR/USD.IDEALPRO,IDEALPRO-1-900,IDEALPRO-001,IDEALPRO-1-141335,EUR/USD.IDEALPRO-MLSignalStrategyV2-V2,SELL,LIMIT,100000.00,1.09040,USD,2.18 USD,MAKER,7fa2c8ae-42ee-48ed-bcaf-f6da8475ea73,2025-03-12 08:03:00+00:00,2025-03-12 08:03:00+00:00,{},False
O-20250313-003000-001-V2-901,BACKTESTER-001,MLSignalStrategyV2-V2,EUR/USD.IDEALPRO,IDEALPRO-1-901,IDEALPRO-001,IDEALPRO-1-143281,EUR/USD.IDEALPRO-MLSignalStrategyV2-V2,SELL,MARKET,100000.00,1.08850,USD,2.18 USD,TAKER,c4d98b3e-8716-4479-b441-446e3e896d9c,2025-03-13 00:30:00+00:00,2025-03-13 00:30:00+00:00,{},False
O-20250313-003000-001-V2-902,BACKTESTER-001,MLSignalStrategyV2-V2,EUR/USD.IDEALPRO,IDEALPRO-1-902,IDEALPRO-001,IDEALPRO-1-143321,EUR/USD.IDEALPRO-MLSignalStrategyV2-V2,BUY,STOP_MARKET,100000.00,1.08886,USD,2.18 USD,TAKER,e385d9f8-dd0b-4260-b8de-689c988a4adf,2025-03-13 00:50:00+00:00,2025-03-13 00:50:00+00:00,{},False
O-20250313-031500-001-V2-904,BACKTESTER-001,MLSignalStrategyV2-V2,EUR/USD.IDEALPRO,IDEALPRO-1-904,IDEALPRO-001,IDEALPRO-1-143612,EUR/USD.IDEALPRO-MLSignalStrategyV2-V2,SELL,MARKET,100000.00,1.08888,USD,2.18 USD,TAKER,2a210274-fa70-4da2-b5c9-33ff0d1bd506,2025-03-13 03:15:00+00:00,2025-03-13 03:15:00+00:00,{},False
O-20250313-031500-001-V2-906,BACKTESTER-001,MLSignalStrategyV2-V2,EUR/USD.IDEALPRO,IDEALPRO-1-906,IDEALPRO-001,IDEALPRO-1-143711,EUR/USD.IDEALPRO-MLSignalStrategyV2-V2,BUY,LIMIT,100000.00,1.08823,USD,2.18 USD,MAKER,d98078a8-cc5b-481e-9013-08efd285f46e,2025-03-13 04:04:00+00:00,2025-03-13 04:04:00+00:00,{},False
O-20250313-043000-001-V2-907,BACKTESTER-001,MLSignalStrategyV2-V2,EUR/USD.IDEALPRO,IDEALPRO-1-907,IDEALPRO-001,IDEALPRO-1-143764,EUR/USD.IDEALPRO-MLSignalStrategyV2-V2,BUY,MARKET,100000.00,1.08897,USD,2.18 USD,TAKER,8ff5cdc8-2491-47e6-9f30-3d22a895f535,2025-03-13 04:30:00+00:00,2025-03-13 04:30:00+00:00,{},False
O-20250313-043000-001-V2-908,BACKTESTER-001,MLSignalStrategyV2-V2,EUR/USD.IDEALPRO,IDEALPRO-1-908,IDEALPRO-001,IDEALPRO-1-143863,EUR/USD.IDEALPRO-MLSignalStrategyV2-V2,SELL,STOP_MARKET,100000.00,1.08820,USD,2.18 USD,TAKER,76577406-5201-41a1-9353-f1943efa7fd9,2025-03-13 05:19:00+00:00,2025-03-13 05:19:00+00:00,{},False
O-20250313-090000-001-V2-910,BACKTESTER-001,MLSignalStrategyV2-V2,EUR/USD.IDEALPRO,IDEALPRO-1-910,IDEALPRO-001,IDEALPRO-1-144306,EUR/USD.IDEALPRO-MLSignalStrategyV2-V2,SELL,MARKET,100000.00,1.08733,USD,2.17 USD,TAKER,7c15c155-e861-4a00-b28c-17fe34dc6270,2025-03-13 09:00:00+00:00,2025-03-13 09:00:00+00:00,{},False
O-20250313-090000-001-V2-911,BACKTESTER-001,MLSignalStrategyV2-V2,EUR/USD.IDEALPRO,IDEALPRO-1-911,IDEALPRO-001,IDEALPRO-1-144355,EUR/USD.IDEALPRO-MLSignalStrategyV2-V2,BUY,STOP_MARKET,100000.00,1.08842,USD,2.18 USD,TAKER,6394da17-b16d-40d6-b658-d48fd779dc1a,2025-03-13 09:24:00+00:00,2025-03-13 09:24:00+00:00,{},False
O-20250313-120000-001-V2-913,BACKTESTER-001,MLSignalStrategyV2-V2,EUR/USD.IDEALPRO,IDEALPRO-1-913,IDEALPRO-001,IDEALPRO-1-144668,EUR/USD.IDEALPRO-MLSignalStrategyV2-V2,BUY,MARKET,100000.00,1.08564,USD,2.17 USD,TAKER,c6856ce9-2de9-40f7-a96d-eab60b4cc9dd,2025-03-13 12:00:00+00:00,2025-03-13 12:00:00+00:00,{},False
O-20250313-120000-001-V2-914,BACKTESTER-001,MLSignalStrategyV2-V2,EUR/USD.IDEALPRO,IDEALPRO-1-914,IDEALPRO-001,IDEALPRO-1-144670,EUR/USD.IDEALPRO-MLSignalStrategyV2-V2,SELL,STOP_MARKET,100000.00,1.08450,USD,2.17 USD,TAKER,3213a787-14a2-452f-a399-f2238131bd3c,2025-03-13 12:00:00+00:00,2025-03-13 12:00:00+00:00,{},False
O-20250313-120000-001-V2-916,BACKTESTER-001,MLSignalStrategyV2-V2,EUR/USD.IDEALPRO,IDEALPRO-1-916,IDEALPRO-001,IDEALPRO-1-144671,EUR/USD.IDEALPRO-MLSignalStrategyV2-V2,BUY,MARKET,100000.00,1.08564,USD,2.17 USD,TAKER,12428975-af1d-4e6a-b44f-4c05e039a924,2025-03-13 12:00:00+00:00,2025-03-13 12:00:00+00:00,{},False
O-20250313-120000-001-V2-917,BACKTESTER-001,MLSignalStrategyV2-V2,EUR/USD.IDEALPRO,IDEALPRO-1-917,IDEALPRO-001,IDEALPRO-1-144691,EUR/USD.IDEALPRO-MLSignalStrategyV2-V2,SELL,STOP_MARKET,100000.00,1.08448,USD,2.17 USD,TAKER,e1c64489-49d5-4fa1-a59e-6b5b9e66729e,2025-03-13 12:10:00+00:00,2025-03-13 12:10:00+00:00,{},False
O-20250313-121500-001-V2-919,BACKTESTER-001,MLSignalStrategyV2-V2,EUR/USD.IDEALPRO,IDEALPRO-1-919,IDEALPRO-001,IDEALPRO-1-144702,EUR/USD.IDEALPRO-MLSignalStrategyV2-V2,BUY,MARKET,100000.00,1.08569,USD,2.17 USD,TAKER,a54fe015-6249-43f2-a294-df814fcd7ebe,2025-03-13 12:15:00+00:00,2025-03-13 12:15:00+00:00,{},False
O-20250313-121500-001-V2-921,BACKTESTER-001,MLSignalStrategyV2-V2,EUR/USD.IDEALPRO,IDEALPRO-1-921,IDEALPRO-001,IDEALPRO-1-144735,EUR/USD.IDEALPRO-MLSignalStrategyV2-V2,SELL,LIMIT,100000.00,1.08779,USD,2.18 USD,MAKER,1dd86610-abb1-489c-8c69-e01db0f5d14e,2025-03-13 12:31:00+00:00,2025-03-13 12:31:00+00:00,{},False
O-20250313-124500-001-V2-922,BACKTESTER-001,MLSignalStrategyV2-V2,EUR/USD.IDEALPRO,IDEALPRO-1-922,IDEALPRO-001,IDEALPRO-1-144764,EUR/USD.IDEALPRO-MLSignalStrategyV2-V2,BUY,MARKET,100000.00,1.08391,USD,2.17 USD,TAKER,218a8e00-f33e-47d3-8edf-7864f9083a7d,2025-03-13 12:45:00+00:00,2025-03-13 12:45:00+00:00,{},False
O-20250313-124500-001-V2-923,BACKTESTER-001,MLSignalStrategyV2-V2,EUR/USD.IDEALPRO,IDEALPRO-1-923,IDEALPRO-001,IDEALPRO-1-144817,EUR/USD.IDEALPRO-MLSignalStrategyV2-V2,SELL,STOP_MARKET,100000.00,1.08254,USD,2.17 USD,TAKER,21e1934c-f028-4ff7-8601-d9fa2b3ea093,2025-03-13 13:11:00+00:00,2025-03-13 13:11:00+00:00,{},False
O-20250313-131500-001-V2-925,BACKTESTER-001,MLSignalStrategyV2-V2,EUR/USD.IDEALPRO,IDEALPRO-1-925,IDEALPRO-001,IDEALPRO-1-144826,EUR/USD.IDEALPRO-MLSignalStrategyV2-V2,BUY,MARKET,100000.00,1.08232,USD,2.16 USD,TAKER,6e152787-6af4-4732-b117-6f3ac98c5f8c,2025-03-13 13:15:00+00:00,2025-03-13 13:15:00+00:00,{},False
O-20250313-131500-001-V2-927,BACKTESTER-001,MLSignalStrategyV2-V2,EUR/USD.IDEALPRO,IDEALPRO-1-927,IDEALPRO-001,IDEALPRO-1-144889,EUR/USD.IDEALPRO-MLSignalStrategyV2-V2,SELL,LIMIT,100000.00,1.08469,USD,2.17 USD,MAKER,259f538d-0659-43fb-bd31-e8a1d07fb2d4,2025-03-13 13:46:00+00:00,2025-03-13 13:46:00+00:00,{},False
O-20250313-140000-001-V2-928,BACKTESTER-001,MLSignalStrategyV2-V2,EUR/USD.IDEALPRO,IDEALPRO-1-928,IDEALPRO-001,IDEALPRO-1-144918,EUR/USD.IDEALPRO-MLSignalStrategyV2-V2,BUY,MARKET,100000.00,1.08475,USD,2.17 USD,TAKER,533ae949-38b6-4092-a24d-80f867f13ebd,2025-03-13 14:00:00+00:00,2025-03-13 14:00:00+00:00,{},False
O-20250313-140000-001-V2-930,BACKTESTER-001,MLSignalStrategyV2-V2,EUR/USD.IDEALPRO,IDEALPRO-1-930,IDEALPRO-001,IDEALPRO-1-145035,EUR/USD.IDEALPRO-MLSignalStrategyV2-V2,SELL,LIMIT,100000.00,1.08697,USD,2.17 USD,MAKER,b1ff8167-20e5-4d0c-ac88-5ee24c8aefb4,2025-03-13 14:58:00+00:00,2025-03-13 14:58:00+00:00,{},False
O-20250313-183000-001-V2-931,BACKTESTER-001,MLSignalStrategyV2-V2,EUR/USD.IDEALPRO,IDEALPRO-1-931,IDEALPRO-001,IDEALPRO-1-145460,EUR/USD.IDEALPRO-MLSignalStrategyV2-V2,BUY,MARKET,100000.00,1.08560,USD,2.17 USD,TAKER,41b352b1-4900-442c-89f5-adaa222749c1,2025-03-13 18:30:00+00:00,2025-03-13 18:30:00+00:00,{},False
O-20250313-183000-001-V2-932,BACKTESTER-001,MLSignalStrategyV2-V2,EUR/USD.IDEALPRO,IDEALPRO-1-932,IDEALPRO-001,IDEALPRO-1-145697,EUR/USD.IDEALPRO-MLSignalStrategyV2-V2,SELL,STOP_MARKET,100000.00,1.08465,USD,2.17 USD,TAKER,5ddae4fe-d47e-431c-a93f-fca63039cfd2,2025-03-13 20:28:00+00:00,2025-03-13 20:28:00+00:00,{},False
O-20250314-011500-001-V2-934,BACKTESTER-001,MLSignalStrategyV2-V2,EUR/USD.IDEALPRO,IDEALPRO-1-934,IDEALPRO-001,IDEALPRO-1-146242,EUR/USD.IDEALPRO-MLSignalStrategyV2-V2,BUY,MARKET,100000.00,1.08455,USD,2.17 USD,TAKER,08886d9c-3c4a-4587-a384-7aadb39d10c3,2025-03-14 01:15:00+00:00,2025-03-14 01:15:00+00:00,{},False
O-20250314-011500-001-V2-935,BACKTESTER-001,MLSignalStrategyV2-V2,EUR/USD.IDEALPRO,IDEALPRO-1-935,IDEALPRO-001,IDEALPRO-1-146347,EUR/USD.IDEALPRO-MLSignalStrategyV2-V2,SELL,STOP_MARKET,100000.00,1.08402,USD,2.17 USD,TAKER,36e01254-50cc-4293-b4f6-43aed38d9ac2,2025-03-14 02:07:00+00:00,2025-03-14 02:07:00+00:00,{},False
O-20250314-021500-001-V2-937,BACKTESTER-001,MLSignalStrategyV2-V2,EUR/USD.IDEALPRO,IDEALPRO-1-937,IDEALPRO-001,IDEALPRO-1-146364,EUR/USD.IDEALPRO-MLSignalStrategyV2-V2,SELL,MARKET,100000.00,1.08412,USD,2.17 USD,TAKER,4fdb127b-a269-4d06-bc80-05583b6b94fc,2025-03-14 02:15:00+00:00,2025-03-14 02:15:00+00:00,{},False
O-20250314-021500-001-V2-938,BACKTESTER-001,MLSignalStrategyV2-V2,EUR/USD.IDEALPRO,IDEALPRO-1-938,IDEALPRO-001,IDEALPRO-1-146803,EUR/USD.IDEALPRO-MLSignalStrategyV2-V2,BUY,STOP_MARKET,100000.00,1.08465,USD,2.17 USD,TAKER,cc539533-6075-42d3-b9b9-175ee6d317bc,2025-03-14 05:54:00+00:00,2025-03-14 05:54:00+00:00,{},False
O-20250314-070000-001-V2-940,BACKTESTER-001,MLSignalStrategyV2-V2,EUR/USD.IDEALPRO,IDEALPRO-1-940,IDEALPRO-001,IDEALPRO-1-146937,EUR/USD.IDEALPRO-MLSignalStrategyV2-V2,BUY,MARKET,100000.00,1.08386,USD,2.17 USD,TAKER,21ca3637-8cd1-4dc0-9b4e-02623ece7101,2025-03-14 07:00:00+00:00,2025-03-14 07:00:00+00:00,{},False
O-20250314-070000-001-V2-941,BACKTESTER-001,MLSignalStrategyV2-V2,EUR/USD.IDEALPRO,IDEALPRO-1-941,IDEALPRO-001,IDEALPRO-1-147023,EUR/USD.IDEALPRO-MLSignalStrategyV2-V2,SELL,STOP_MARKET,100000.00,1.08318,USD,2.17 USD,TAKER,d41c4da3-4dfb-491e-9ab5-71cd9108a681,2025-03-14 07:43:00+00:00,2025-03-14 07:43:00+00:00,{},False
O-20250314-074500-001-V2-943,BACKTESTER-001,MLSignalStrategyV2-V2,EUR/USD.IDEALPRO,IDEALPRO-1-943,IDEALPRO-001,IDEALPRO-1-147028,EUR/USD.IDEALPRO-MLSignalStrategyV2-V2,BUY,MARKET,100000.00,1.08313,USD,2.17 USD,TAKER,85a4f6c5-0ef9-4e12-86b8-1cc33cab1ba6,2025-03-14 07:45:00+00:00,2025-03-14 07:45:00+00:00,{},False
O-20250314-074500-001-V2-945,BACKTESTER-001,MLSignalStrategyV2-V2,EUR/USD.IDEALPRO,IDEALPRO-1-945,IDEALPRO-001,IDEALPRO-1-147067,EUR/USD.IDEALPRO-MLSignalStrategyV2-V2,SELL,LIMIT,100000.00,1.08435,USD,2.17 USD,MAKER,b80ad6a9-4563-444b-9b55-ab045032a98e,2025-03-14 08:04:00+00:00,2025-03-14 08:04:00+00:00,{},False
O-20250314-090000-001-V2-946,BACKTESTER-001,MLSignalStrategyV2-V2,EUR/USD.IDEALPRO,IDEALPRO-1-946,IDEALPRO-001,IDEALPRO-1-147180,EUR/USD.IDEALPRO-MLSignalStrategyV2-V2,BUY,MARKET,100000.00,1.08540,USD,2.17 USD,TAKER,0dde3bad-bf82-46b6-be56-5403a4e87cfe,2025-03-14 09:00:00+00:00,2025-03-14 09:00:00+00:00,{},False
O-20250314-090000-001-V2-948,BACKTESTER-001,MLSignalStrategyV2-V2,EUR/USD.IDEALPRO,IDEALPRO-1-948,IDEALPRO-001,IDEALPRO-1-147317,EUR/USD.IDEALPRO-MLSignalStrategyV2-V2,SELL,LIMIT,100000.00,1.08672,USD,2.17 USD,MAKER,096c7050-e024-4812-8e2f-b3ee8d778dfa,2025-03-14 10:08:00+00:00,2025-03-14 10:08:00+00:00,{},False
O-20250314-101500-001-V2-949,BACKTESTER-001,MLSignalStrategyV2-V2,EUR/USD.IDEALPRO,IDEALPRO-1-949,IDEALPRO-001,IDEALPRO-1-147333,EUR/USD.IDEALPRO-MLSignalStrategyV2-V2,BUY,MARKET,100000.00,1.08620,USD,2.17 USD,TAKER,afc77b27-8345-4950-a575-9a581999536f,2025-03-14 10:15:00+00:00,2025-03-14 10:15:00+00:00,{},False
O-20250314-101500-001-V2-951,BACKTESTER-001,MLSignalStrategyV2-V2,EUR/USD.IDEALPRO,IDEALPRO-1-951,IDEALPRO-001,IDEALPRO-1-147383,EUR/USD.IDEALPRO-MLSignalStrategyV2-V2,SELL,LIMIT,100000.00,1.08831,USD,2.18 USD,MAKER,79ec4cdb-8285-4a8e-be82-69f3c06a66e8,2025-03-14 10:40:00+00:00,2025-03-14 10:40:00+00:00,{},False
O-20250314-104500-001-V2-952,BACKTESTER-001,MLSignalStrategyV2-V2,EUR/USD.IDEALPRO,IDEALPRO-1-952,IDEALPRO-001,IDEALPRO-1-147394,EUR/USD.IDEALPRO-MLSignalStrategyV2-V2,SELL,MARKET,100000.00,1.08901,USD,2.18 USD,TAKER,4504f0be-9d26-4be3-8584-6611dfe602c9,2025-03-14 10:45:00+00:00,2025-03-14 10:45:00+00:00,{},False
O-20250314-104500-001-V2-953,BACKTESTER-001,MLSignalStrategyV2-V2,EUR/USD.IDEALPRO,IDEALPRO-1-953,IDEALPRO-001,IDEALPRO-1-147399,EUR/USD.IDEALPRO-MLSignalStrategyV2-V2,BUY,STOP_MARKET,100000.00,1.09090,USD,2.18 USD,TAKER,fe261f9f-511e-477c-8f4e-d24e082d49c3,2025-03-14 10:47:00+00:00,2025-03-14 10:47:00+00:00,{},False
O-20250314-130000-001-V2-955,BACKTESTER-001,MLSignalStrategyV2-V2,EUR/USD.IDEALPRO,IDEALPRO-1-955,IDEALPRO-001,IDEALPRO-1-147666,EUR/USD.IDEALPRO-MLSignalStrategyV2-V2,SELL,MARKET,100000.00,1.08947,USD,2.18 USD,TAKER,df1f55be-bcaf-477c-a109-529d3ab2b96a,2025-03-14 13:00:00+00:00,2025-03-14 13:00:00+00:00,{},False
O-20250314-130000-001-V2-957,BACKTESTER-001,MLSignalStrategyV2-V2,EUR/USD.IDEALPRO,IDEALPRO-1-957,IDEALPRO-001,IDEALPRO-1-147767,EUR/USD.IDEALPRO-MLSignalStrategyV2-V2,BUY,LIMIT,100000.00,1.08754,USD,2.18 USD,MAKER,e4991f93-3684-4384-8a7c-13900abf5a43,2025-03-14 13:50:00+00:00,2025-03-14 13:50:00+00:00,{},False
O-20250314-161500-001-V2-958,BACKTESTER-001,MLSignalStrategyV2-V2,EUR/USD.IDEALPRO,IDEALPRO-1-958,IDEALPRO-001,IDEALPRO-1-148059,EUR/USD.IDEALPRO-MLSignalStrategyV2-V2,SELL,MARKET,100000.00,1.08814,USD,2.18 USD,TAKER,221d69df-5917-484e-a08c-ef705137ac48,2025-03-14 16:15:00+00:00,2025-03-14 16:15:00+00:00,{},False
O-20250314-161500-001-V2-959,BACKTESTER-001,MLSignalStrategyV2-V2,EUR/USD.IDEALPRO,IDEALPRO-1-959,IDEALPRO-001,IDEALPRO-1-149453,EUR/USD.IDEALPRO-MLSignalStrategyV2-V2,BUY,STOP_MARKET,100000.00,1.08940,USD,2.18 USD,TAKER,aa0ddeee-0149-41cc-b8d3-ff8bf72106ef,2025-03-17 04:07:00+00:00,2025-03-17 04:07:00+00:00,{},False
O-20250317-081500-001-V2-961,BACKTESTER-001,MLSignalStrategyV2-V2,EUR/USD.IDEALPRO,IDEALPRO-1-961,IDEALPRO-001,IDEALPRO-1-149950,EUR/USD.IDEALPRO-MLSignalStrategyV2-V2,BUY,MARKET,100000.00,1.08832,USD,2.18 USD,TAKER,9cc7401b-641d-4bbd-af47-0a795c9f2bf1,2025-03-17 08:15:00+00:00,2025-03-17 08:15:00+00:00,{},False
O-20250317-081500-001-V2-963,BACKTESTER-001,MLSignalStrategyV2-V2,EUR/USD.IDEALPRO,IDEALPRO-1-963,IDEALPRO-001,IDEALPRO-1-150121,EUR/USD.IDEALPRO-MLSignalStrategyV2-V2,SELL,LIMIT,100000.00,1.08948,USD,2.18 USD,MAKER,b11b1204-378c-4f1a-a1a0-40802f282d7e,2025-03-17 09:40:00+00:00,2025-03-17 09:40:00+00:00,{},False
O-20250318-081500-001-V2-964,BACKTESTER-001,MLSignalStrategyV2-V2,EUR/USD.IDEALPRO,IDEALPRO-1-964,IDEALPRO-001,IDEALPRO-1-152803,EUR/USD.IDEALPRO-MLSignalStrategyV2-V2,SELL,MARKET,100000.00,1.09472,USD,2.19 USD,TAKER,3b4c597b-51f1-4572-93f6-c41c648624c6,2025-03-18 08:15:00+00:00,2025-03-18 08:15:00+00:00,{},False
O-20250318-081500-001-V2-966,BACKTESTER-001,MLSignalStrategyV2-V2,EUR/USD.IDEALPRO,IDEALPRO-1-966,IDEALPRO-001,IDEALPRO-1-153071,EUR/USD.IDEALPRO-MLSignalStrategyV2-V2,BUY,LIMIT,100000.00,1.09352,USD,2.19 USD,MAKER,bdbd9bcf-7a40-4176-9b40-7673a9a1c533,2025-03-18 10:29:00+00:00,2025-03-18 10:29:00+00:00,{},False
O-20250318-124500-001-V2-967,BACKTESTER-001,MLSignalStrategyV2-V2,EUR/USD.IDEALPRO,IDEALPRO-1-967,IDEALPRO-001,IDEALPRO-1-153344,EUR/USD.IDEALPRO-MLSignalStrategyV2-V2,BUY,MARKET,100000.00,1.09064,USD,2.18 USD,TAKER,4e5d8d44-4284-4651-a315-1a60859fc06c,2025-03-18 12:45:00+00:00,2025-03-18 12:45:00+00:00,{},False
O-20250318-124500-001-V2-969,BACKTESTER-001,MLSignalStrategyV2-V2,EUR/USD.IDEALPRO,IDEALPRO-1-969,IDEALPRO-001,IDEALPRO-1-153391,EUR/USD.IDEALPRO-MLSignalStrategyV2-V2,SELL,LIMIT,100000.00,1.09202,USD,2.18 USD,MAKER,a42801a5-8bfe-4a19-acb0-83775acbf324,2025-03-18 13:08:00+00:00,2025-03-18 13:08:00+00:00,{},False
O-20250318-223000-001-V2-970,BACKTESTER-001,MLSignalStrategyV2-V2,EUR/USD.IDEALPRO,IDEALPRO-1-970,IDEALPRO-001,IDEALPRO-1-154487,EUR/USD.IDEALPRO-MLSignalStrategyV2-V2,BUY,MARKET,100000.00,1.09417,USD,2.19 USD,TAKER,fd631146-743f-40ab-8437-d0e506bdb0be,2025-03-18 22:30:00+00:00,2025-03-18 22:30:00+00:00,{},False
O-20250318-223000-001-V2-971,BACKTESTER-001,MLSignalStrategyV2-V2,EUR/USD.IDEALPRO,IDEALPRO-1-971,IDEALPRO-001,IDEALPRO-1-154669,EUR/USD.IDEALPRO-MLSignalStrategyV2-V2,SELL,STOP_MARKET,100000.00,1.09371,USD,2.19 USD,TAKER,3283119b-9c3d-4940-a366-a5fd69fac897,2025-03-19 00:01:00+00:00,2025-03-19 00:01:00+00:00,{},False
O-20250319-043000-001-V2-973,BACKTESTER-001,MLSignalStrategyV2-V2,EUR/USD.IDEALPRO,IDEALPRO-1-973,IDEALPRO-001,IDEALPRO-1-155209,EUR/USD.IDEALPRO-MLSignalStrategyV2-V2,SELL,MARKET,100000.00,1.09333,USD,2.19 USD,TAKER,1dff1dbd-8a1a-4807-a929-21a9e74bfef6,2025-03-19 04:30:00+00:00,2025-03-19 04:30:00+00:00,{},False
O-20250319-043000-001-V2-975,BACKTESTER-001,MLSignalStrategyV2-V2,EUR/USD.IDEALPRO,IDEALPRO-1-975,IDEALPRO-001,IDEALPRO-1-155409,EUR/USD.IDEALPRO-MLSignalStrategyV2-V2,BUY,LIMIT,100000.00,1.09268,USD,2.19 USD,MAKER,6aea919a-e58f-4f7c-9278-647a3f28e444,2025-03-19 06:10:00+00:00,2025-03-19 06:10:00+00:00,{},False
O-20250319-074500-001-V2-976,BACKTESTER-001,MLSignalStrategyV2-V2,EUR/USD.IDEALPRO,IDEALPRO-1-976,IDEALPRO-001,IDEALPRO-1-155600,EUR/USD.IDEALPRO-MLSignalStrategyV2-V2,BUY,MARKET,100000.00,1.08827,USD,2.18 USD,TAKER,39a5e68f-4832-4042-9d33-501b1bdafd47,2025-03-19 07:45:00+00:00,2025-03-19 07:45:00+00:00,{},False
O-20250319-074500-001-V2-978,BACKTESTER-001,MLSignalStrategyV2-V2,EUR/USD.IDEALPRO,IDEALPRO-1-978,IDEALPRO-001,IDEALPRO-1-155633,EUR/USD.IDEALPRO-MLSignalStrategyV2-V2,SELL,LIMIT,100000.00,1.09011,USD,2.18 USD,MAKER,aa83cd6e-4b8b-47e0-8a2e-a30f27cf9862,2025-03-19 08:01:00+00:00,2025-03-19 08:01:00+00:00,{},False
O-20250319-081500-001-V2-979,BACKTESTER-001,MLSignalStrategyV2-V2,EUR/USD.IDEALPRO,IDEALPRO-1-979,IDEALPRO-001,IDEALPRO-1-155662,EUR/USD.IDEALPRO-MLSignalStrategyV2-V2,BUY,MARKET,100000.00,1.08990,USD,2.18 USD,TAKER,b32032c8-164e-4e54-a0f5-16d61331612b,2025-03-19 08:15:00+00:00,2025-03-19 08:15:00+00:00,{},False
O-20250319-081500-001-V2-981,BACKTESTER-001,MLSignalStrategyV2-V2,EUR/USD.IDEALPRO,IDEALPRO-1-981,IDEALPRO-001,IDEALPRO-1-156131,EUR/USD.IDEALPRO-MLSignalStrategyV2-V2,SELL,LIMIT,100000.00,1.09177,USD,2.18 USD,MAKER,7f92b3e8-ae7c-4dec-bde7-f348453a8240,2025-03-19 12:09:00+00:00,2025-03-19 12:09:00+00:00,{},False
O-20250319-160000-001-V2-982,BACKTESTER-001,MLSignalStrategyV2-V2,EUR/USD.IDEALPRO,IDEALPRO-1-982,IDEALPRO-001,IDEALPRO-1-156594,EUR/USD.IDEALPRO-MLSignalStrategyV2-V2,BUY,MARKET,100000.00,1.08769,USD,2.18 USD,TAKER,4992fd7e-7bce-4ecc-bef8-8fe4ecf83201,2025-03-19 16:00:00+00:00,2025-03-19 16:00:00+00:00,{},False
O-20250319-160000-001-V2-983,BACKTESTER-001,MLSignalStrategyV2-V2,EUR/USD.IDEALPRO,IDEALPRO-1-983,IDEALPRO-001,IDEALPRO-1-156767,EUR/USD.IDEALPRO-MLSignalStrategyV2-V2,SELL,STOP_MARKET,100000.00,1.08673,USD,2.17 USD,TAKER,5cc7b13c-11bb-400e-90d9-80efe7e961e5,2025-03-19 17:26:00+00:00,2025-03-19 17:26:00+00:00,{},False
O-20250320-003000-001-V2-985,BACKTESTER-001,MLSignalStrategyV2-V2,EUR/USD.IDEALPRO,IDEALPRO-1-985,IDEALPRO-001,IDEALPRO-1-157587,EUR/USD.IDEALPRO-MLSignalStrategyV2-V2,BUY,MARKET,100000.00,1.09084,USD,2.18 USD,TAKER,c49e79fb-b3e5-473c-ab58-6c380f413cf2,2025-03-20 00:30:00+00:00,2025-03-20 00:30:00+00:00,{},False
O-20250320-003000-001-V2-986,BACKTESTER-001,MLSignalStrategyV2-V2,EUR/USD.IDEALPRO,IDEALPRO-1-986,IDEALPRO-001,IDEALPRO-1-157589,EUR/USD.IDEALPRO-MLSignalStrategyV2-V2,SELL,STOP_MARKET,100000.00,1.09038,USD,2.18 USD,TAKER,e472967c-bb92-4e0e-9e78-08238e0cac01,2025-03-20 00:31:00+00:00,2025-03-20 00:31:00+00:00,{},False
O-20250320-004500-001-V2-988,BACKTESTER-001,MLSignalStrategyV2-V2,EUR/USD.IDEALPRO,IDEALPRO-1-988,IDEALPRO-001,IDEALPRO-1-157618,EUR/USD.IDEALPRO-MLSignalStrategyV2-V2,BUY,MARKET,100000.00,1.09133,USD,2.18 USD,TAKER,234ec96a-955f-45ba-a3b5-bef534b5ab1b,2025-03-20 00:45:00+00:00,2025-03-20 00:45:00+00:00,{},False
O-20250320-004500-001-V2-989,BACKTESTER-001,MLSignalStrategyV2-V2,EUR/USD.IDEALPRO,IDEALPRO-1-989,IDEALPRO-001,IDEALPRO-1-157657,EUR/USD.IDEALPRO-MLSignalStrategyV2-V2,SELL,STOP_MARKET,100000.00,1.09077,USD,2.18 USD,TAKER,775a86d4-8eb1-4e41-b270-412a9c5f4c65,2025-03-20 01:04:00+00:00,2025-03-20 01:04:00+00:00,{},False
O-20250320-063000-001-V2-991,BACKTESTER-001,MLSignalStrategyV2-V2,EUR/USD.IDEALPRO,IDEALPRO-1-991,IDEALPRO-001,IDEALPRO-1-158310,EUR/USD.IDEALPRO-MLSignalStrategyV2-V2,SELL,MARKET,100000.00,1.08937,USD,2.18 USD,TAKER,c7b73bb7-4783-497e-a509-0724e22cb032,2025-03-20 06:30:00+00:00,2025-03-20 06:30:00+00:00,{},False
O-20250320-063000-001-V2-993,BACKTESTER-001,MLSignalStrategyV2-V2,EUR/USD.IDEALPRO,IDEALPRO-1-993,IDEALPRO-001,IDEALPRO-1-158411,EUR/USD.IDEALPRO-MLSignalStrategyV2-V2,BUY,LIMIT,100000.00,1.08864,USD,2.18 USD,MAKER,08af7563-6f40-49ef-8412-d2be5a608d1f,2025-03-20 07:20:00+00:00,2025-03-20 07:20:00+00:00,{},False
O-20250320-093000-001-V2-994,BACKTESTER-001,MLSignalStrategyV2-V2,EUR/USD.IDEALPRO,IDEALPRO-1-994,IDEALPRO-001,IDEALPRO-1-158672,EUR/USD.IDEALPRO-MLSignalStrategyV2-V2,BUY,MARKET,100000.00,1.08408,USD,2.17 USD,TAKER,f3812d41-cf27-4a51-9338-d0b4ffac4f1c,2025-03-20 09:30:00+00:00,2025-03-20 09:30:00+00:00,{},False
O-20250320-093000-001-V2-995,BACKTESTER-001,MLSignalStrategyV2-V2,EUR/USD.IDEALPRO,IDEALPRO-1-995,IDEALPRO-001,IDEALPRO-1-159135,EUR/USD.IDEALPRO-MLSignalStrategyV2-V2,SELL,STOP_MARKET,100000.00,1.08255,USD,2.17 USD,TAKER,1b5a8d0a-0735-41b2-bd6d-f7d7add7c1d0,2025-03-20 13:21:00+00:00,2025-03-20 13:21:00+00:00,{},False
O-20250320-133000-001-V2-997,BACKTESTER-001,MLSignalStrategyV2-V2,EUR/USD.IDEALPRO,IDEALPRO-1-997,IDEALPRO-001,IDEALPRO-1-159154,EUR/USD.IDEALPRO-MLSignalStrategyV2-V2,BUY,MARKET,100000.00,1.08228,USD,2.16 USD,TAKER,020ca0cd-3479-43a4-860a-14c95488d107,2025-03-20 13:30:00+00:00,2025-03-20 13:30:00+00:00,{},False
O-20250320-133000-001-V2-999,BACKTESTER-001,MLSignalStrategyV2-V2,EUR/USD.IDEALPRO,IDEALPRO-1-999,IDEALPRO-001,IDEALPRO-1-159235,EUR/USD.IDEALPRO-MLSignalStrategyV2-V2,SELL,LIMIT,100000.00,1.08386,USD,2.17 USD,MAKER,70f5babe-9139-4623-b5fe-d5536d360b38,2025-03-20 14:10:00+00:00,2025-03-20 14:10:00+00:00,{},False
O-20250320-213000-001-V2-1000,BACKTESTER-001,MLSignalStrategyV2-V2,EUR/USD.IDEALPRO,IDEALPRO-1-1000,IDEALPRO-001,IDEALPRO-1-160086,EUR/USD.IDEALPRO-MLSignalStrategyV2-V2,BUY,MARKET,100000.00,1.08558,USD,2.17 USD,TAKER,15ac6af0-6cfc-44c6-8e6f-4d4ee4ed08c0,2025-03-20 21:30:00+00:00,2025-03-20 21:30:00+00:00,{},False
O-20250320-213000-001-V2-1001,BACKTESTER-001,MLSignalStrategyV2-V2,EUR/USD.IDEALPRO,IDEALPRO-1-1001,IDEALPRO-001,IDEALPRO-1-160431,EUR/USD.IDEALPRO-MLSignalStrategyV2-V2,SELL,STOP_MARKET,100000.00,1.08509,USD,2.17 USD,TAKER,e98330f4-27f1-448c-ac46-12c6be3e257f,2025-03-21 00:22:00+00:00,2025-03-21 00:22:00+00:00,{},False
O-20250321-011500-001-V2-1003,BACKTESTER-001,MLSignalStrategyV2-V2,EUR/USD.IDEALPRO,IDEALPRO-1-1003,IDEALPRO-001,IDEALPRO-1-160539,EUR/USD.IDEALPRO-MLSignalStrategyV2-V2,BUY,MARKET,100000.00,1.08513,USD,2.17 USD,TAKER,788a0323-1aca-4874-9462-1a3e2fdfd58d,2025-03-21 01:15:00+00:00,2025-03-21 01:15:00+00:00,{},False
O-20250321-011500-001-V2-1004,BACKTESTER-001,MLSignalStrategyV2-V2,EUR/USD.IDEALPRO,IDEALPRO-1-1004,IDEALPRO-001,IDEALPRO-1-160671,EUR/USD.IDEALPRO-MLSignalStrategyV2-V2,SELL,STOP_MARKET,100000.00,1.08479,USD,2.17 USD,TAKER,9af225b8-1d5e-4530-b728-c28e541e04cb,2025-03-21 02:21:00+00:00,2025-03-21 02:21:00+00:00,{},False
O-20250321-030000-001-V2-1006,BACKTESTER-001,MLSignalStrategyV2-V2,EUR/USD.IDEALPRO,IDEALPRO-1-1006,IDEALPRO-001,IDEALPRO-1-160750,EUR/USD.IDEALPRO-MLSignalStrategyV2-V2,BUY,MARKET,100000.00,1.08442,USD,2.17 USD,TAKER,d4d06c3d-b01f-48e2-b36d-3f12e5f1f141,2025-03-21 03:00:00+00:00,2025-03-21 03:00:00+00:00,{},False
O-20250321-030000-001-V2-1007,BACKTESTER-001,MLSignalStrategyV2-V2,EUR/USD.IDEALPRO,IDEALPRO-1-1007,IDEALPRO-001,IDEALPRO-1-160811,EUR/USD.IDEALPRO-MLSignalStrategyV2-V2,SELL,STOP_MARKET,100000.00,1.08397,USD,2.17 USD,TAKER,2d570a55-f500-4007-9e10-47cbefca79f6,2025-03-21 03:30:00+00:00,2025-03-21 03:30:00+00:00,{},False
O-20250321-033000-001-V2-1009,BACKTESTER-001,MLSignalStrategyV2-V2,EUR/USD.IDEALPRO,IDEALPRO-1-1009,IDEALPRO-001,IDEALPRO-1-160813,EUR/USD.IDEALPRO-MLSignalStrategyV2-V2,SELL,MARKET,100000.00,1.08401,USD,2.17 USD,TAKER,e8a5c88c-ac8e-4566-828c-c8216b63ad23,2025-03-21 03:30:00+00:00,2025-03-21 03:30:00+00:00,{},False
O-20250321-033000-001-V2-1011,BACKTESTER-001,MLSignalStrategyV2-V2,EUR/USD.IDEALPRO,IDEALPRO-1-1011,IDEALPRO-001,IDEALPRO-1-160901,EUR/USD.IDEALPRO-MLSignalStrategyV2-V2,BUY,LIMIT,100000.00,1.08329,USD,2.17 USD,MAKER,7f628bd1-c675-471c-ab34-e0cd480ef7f2,2025-03-21 04:14:00+00:00,2025-03-21 04:14:00+00:00,{},False
O-20250321-050000-001-V2-1012,BACKTESTER-001,MLSignalStrategyV2-V2,EUR/USD.IDEALPRO,IDEALPRO-1-1012,IDEALPRO-001,IDEALPRO-1-160994,EUR/USD.IDEALPRO-MLSignalStrategyV2-V2,BUY,MARKET,100000.00,1.08303,USD,2.17 USD,TAKER,166e243e-bf74-485d-b00b-071b4893d65e,2025-03-21 05:00:00+00:00,2025-03-21 05:00:00+00:00,{},False
O-20250321-050000-001-V2-1013,BACKTESTER-001,MLSignalStrategyV2-V2,EUR/USD.IDEALPRO,IDEALPRO-1-1013,IDEALPRO-001,IDEALPRO-1-161045,EUR/USD.IDEALPRO-MLSignalStrategyV2-V2,SELL,STOP_MARKET,100000.00,1.08257,USD,2.17 USD,TAKER,91c50480-d6a8-4b2e-8cd2-1af5b8b72be9,2025-03-21 05:25:00+00:00,2025-03-21 05:25:00+00:00,{},False
O-20250321-053000-001-V2-1015,BACKTESTER-001,MLSignalStrategyV2-V2,EUR/USD.IDEALPRO,IDEALPRO-1-1015,IDEALPRO-001,IDEALPRO-1-161056,EUR/USD.IDEALPRO-MLSignalStrategyV2-V2,BUY,MARKET,100000.00,1.08251,USD,2.17 USD,TAKER,6f1f1d3f-df06-4710-a835-396c1ccc8a21,2025-03-21 05:30:00+00:00,2025-03-21 05:30:00+00:00,{},False
O-20250321-053000-001-V2-1016,BACKTESTER-001,MLSignalStrategyV2-V2,EUR/USD.IDEALPRO,IDEALPRO-1-1016,IDEALPRO-001,IDEALPRO-1-161081,EUR/USD.IDEALPRO-MLSignalStrategyV2-V2,SELL,STOP_MARKET,100000.00,1.08208,USD,2.16 USD,TAKER,c9e6b455-5171-4c4a-9323-b350142a13ae,2025-03-21 05:42:00+00:00,2025-03-21 05:42:00+00:00,{},False
O-20250321-054500-001-V2-1018,BACKTESTER-001,MLSignalStrategyV2-V2,EUR/USD.IDEALPRO,IDEALPRO-1-1018,IDEALPRO-001,IDEALPRO-1-161088,EUR/USD.IDEALPRO-MLSignalStrategyV2-V2,BUY,MARKET,100000.00,1.08203,USD,2.16 USD,TAKER,b91847df-c76f-4262-9413-90a4ab114192,2025-03-21 05:45:00+00:00,2025-03-21 05:45:00+00:00,{},False
O-20250321-054500-001-V2-1020,BACKTESTER-001,MLSignalStrategyV2-V2,EUR/USD.IDEALPRO,IDEALPRO-1-1020,IDEALPRO-001,IDEALPRO-1-161111,EUR/USD.IDEALPRO-MLSignalStrategyV2-V2,SELL,LIMIT,100000.00,1.08272,USD,2.17 USD,MAKER,2956bb4d-6710-4b7b-a497-80c259b1c5d9,2025-03-21 05:56:00+00:00,2025-03-21 05:56:00+00:00,{},False
O-20250321-201500-001-V2-1021,BACKTESTER-001,MLSignalStrategyV2-V2,EUR/USD.IDEALPRO,IDEALPRO-1-1021,IDEALPRO-001,IDEALPRO-1-162830,EUR/USD.IDEALPRO-MLSignalStrategyV2-V2,BUY,MARKET,100000.00,1.08169,USD,2.16 USD,TAKER,bb0cf858-5a0b-4728-b5c8-c6d0475b57df,2025-03-21 20:15:00+00:00,2025-03-21 20:15:00+00:00,{},False
O-20250321-201500-001-V2-1023,BACKTESTER-001,MLSignalStrategyV2-V2,EUR/USD.IDEALPRO,IDEALPRO-1-1023,IDEALPRO-001,IDEALPRO-1-163015,EUR/USD.IDEALPRO-MLSignalStrategyV2-V2,SELL,LIMIT,100000.00,1.08289,USD,2.17 USD,MAKER,0fc1850c-b59d-4f00-9cbd-8c897233bab1,2025-03-23 22:02:00+00:00,2025-03-23 22:02:00+00:00,{},False
O-20250323-221500-001-V2-1024,BACKTESTER-001,MLSignalStrategyV2-V2,EUR/USD.IDEALPRO,IDEALPRO-1-1024,IDEALPRO-001,IDEALPRO-1-163042,EUR/USD.IDEALPRO-MLSignalStrategyV2-V2,BUY,MARKET,100000.00,1.08180,USD,2.16 USD,TAKER,965ee0c0-7195-4e81-8911-2071602a4643,2025-03-23 22:15:00+00:00,2025-03-23 22:15:00+00:00,{},False
O-20250323-221500-001-V2-1026,BACKTESTER-001,MLSignalStrategyV2-V2,EUR/USD.IDEALPRO,IDEALPRO-1-1026,IDEALPRO-001,IDEALPRO-1-163207,EUR/USD.IDEALPRO-MLSignalStrategyV2-V2,SELL,LIMIT,100000.00,1.08266,USD,2.17 USD,MAKER,1ea5b4e6-af9c-45f2-9a6f-b1341ebbc9a9,2025-03-23 23:37:00+00:00,2025-03-23 23:37:00+00:00,{},False
O-20250323-234500-001-V2-1027,BACKTESTER-001,MLSignalStrategyV2-V2,EUR/USD.IDEALPRO,IDEALPRO-1-1027,IDEALPRO-001,IDEALPRO-1-163224,EUR/USD.IDEALPRO-MLSignalStrategyV2-V2,BUY,MARKET,100000.00,1.08293,USD,2.17 USD,TAKER,7f380980-6c9c-46e4-bfe3-b64ca68866b4,2025-03-23 23:45:00+00:00,2025-03-23 23:45:00+00:00,{},False
O-20250323-234500-001-V2-1029,BACKTESTER-001,MLSignalStrategyV2-V2,EUR/USD.IDEALPRO,IDEALPRO-1-1029,IDEALPRO-001,IDEALPRO-1-163247,EUR/USD.IDEALPRO-MLSignalStrategyV2-V2,SELL,LIMIT,100000.00,1.08370,USD,2.17 USD,MAKER,266940a5-007c-4576-bcb3-44a5e429237c,2025-03-23 23:56:00+00:00,2025-03-23 23:56:00+00:00,{},False
O-20250324-084500-001-V2-1030,BACKTESTER-001,MLSignalStrategyV2-V2,EUR/USD.IDEALPRO,IDEALPRO-1-1030,IDEALPRO-001,IDEALPRO-1-164306,EUR/USD.IDEALPRO-MLSignalStrategyV2-V2,SELL,MARKET,100000.00,1.08473,USD,2.17 USD,TAKER,873024f6-5782-42d8-b103-42136bb100b8,2025-03-24 08:45:00+00:00,2025-03-24 08:45:00+00:00,{},False
O-20250324-084500-001-V2-1032,BACKTESTER-001,MLSignalStrategyV2-V2,EUR/USD.IDEALPRO,IDEALPRO-1-1032,IDEALPRO-001,IDEALPRO-1-164351,EUR/USD.IDEALPRO-MLSignalStrategyV2-V2,BUY,LIMIT,100000.00,1.08335,USD,2.17 USD,MAKER,aea3078a-b69d-4e09-8a00-e82f0808eea1,2025-03-24 09:07:00+00:00,2025-03-24 09:07:00+00:00,{},False
O-20250324-100000-001-V2-1033,BACKTESTER-001,MLSignalStrategyV2-V2,EUR/USD.IDEALPRO,IDEALPRO-1-1033,IDEALPRO-001,IDEALPRO-1-164458,EUR/USD.IDEALPRO-MLSignalStrategyV2-V2,SELL,MARKET,100000.00,1.08394,USD,2.17 USD,TAKER,6183b601-4ad8-4203-9f9a-8393125f6039,2025-03-24 10:00:00+00:00,2025-03-24 10:00:00+00:00,{},False
O-20250324-100000-001-V2-1034,BACKTESTER-001,MLSignalStrategyV2-V2,EUR/USD.IDEALPRO,IDEALPRO-1-1034,IDEALPRO-001,IDEALPRO-1-164513,EUR/USD.IDEALPRO-MLSignalStrategyV2-V2,BUY,STOP_MARKET,100000.00,1.08498,USD,2.17 USD,TAKER,99b8b1b1-385a-423a-bf2d-def1150b4afd,2025-03-24 10:27:00+00:00,2025-03-24 10:27:00+00:00,{},False
O-20250324-120000-001-V2-1036,BACKTESTER-001,MLSignalStrategyV2-V2,EUR/USD.IDEALPRO,IDEALPRO-1-1036,IDEALPRO-001,IDEALPRO-1-164700,EUR/USD.IDEALPRO-MLSignalStrategyV2-V2,SELL,MARKET,100000.00,1.08326,USD,2.17 USD,TAKER,67d85c01-0474-44b6-b918-a545ae3cf572,2025-03-24 12:00:00+00:00,2025-03-24 12:00:00+00:00,{},False
O-20250324-120000-001-V2-1038,BACKTESTER-001,MLSignalStrategyV2-V2,EUR/USD.IDEALPRO,IDEALPRO-1-1038,IDEALPRO-001,IDEALPRO-1-164853,EUR/USD.IDEALPRO-MLSignalStrategyV2-V2,BUY,LIMIT,100000.00,1.08201,USD,2.16 USD,MAKER,5a2336fc-12bb-40f7-8cd5-5c21056de183,2025-03-24 13:16:00+00:00,2025-03-24 13:16:00+00:00,{},False
O-20250324-140000-001-V2-1039,BACKTESTER-001,MLSignalStrategyV2-V2,EUR/USD.IDEALPRO,IDEALPRO-1-1039,IDEALPRO-001,IDEALPRO-1-164942,EUR/USD.IDEALPRO-MLSignalStrategyV2-V2,BUY,MARKET,100000.00,1.07935,USD,2.16 USD,TAKER,46e6d0c2-9fc1-4423-8dfb-a83d7b74ab7f,2025-03-24 14:00:00+00:00,2025-03-24 14:00:00+00:00,{},False
O-20250324-140000-001-V2-1041,BACKTESTER-001,MLSignalStrategyV2-V2,EUR/USD.IDEALPRO,IDEALPRO-1-1041,IDEALPRO-001,IDEALPRO-1-164979,EUR/USD.IDEALPRO-MLSignalStrategyV2-V2,SELL,LIMIT,100000.00,1.08081,USD,2.16 USD,MAKER,ac3aff49-de97-4309-9360-77789016393b,2025-03-24 14:18:00+00:00,2025-03-24 14:18:00+00:00,{},False
O-20250324-170000-001-V2-1042,BACKTESTER-001,MLSignalStrategyV2-V2,EUR/USD.IDEALPRO,IDEALPRO-1-1042,IDEALPRO-001,IDEALPRO-1-165304,EUR/USD.IDEALPRO-MLSignalStrategyV2-V2,BUY,MARKET,100000.00,1.07919,USD,2.16 USD,TAKER,2609bf9e-f860-4ad9-bdde-07572ac5af4e,2025-03-24 17:00:00+00:00,2025-03-24 17:00:00+00:00,{},False
O-20250324-170000-001-V2-1044,BACKTESTER-001,MLSignalStrategyV2-V2,EUR/USD.IDEALPRO,IDEALPRO-1-1044,IDEALPRO-001,IDEALPRO-1-165507,EUR/USD.IDEALPRO-MLSignalStrategyV2-V2,SELL,LIMIT,100000.00,1.08125,USD,2.16 USD,MAKER,056d6bb2-4b0b-4613-a6ab-b0ede8346ae3,2025-03-24 18:41:00+00:00,2025-03-24 18:41:00+00:00,{},False
O-20250324-220000-001-V2-1045,BACKTESTER-001,MLSignalStrategyV2-V2,EUR/USD.IDEALPRO,IDEALPRO-1-1045,IDEALPRO-001,IDEALPRO-1-165876,EUR/USD.IDEALPRO-MLSignalStrategyV2-V2,BUY,MARKET,100000.00,1.08008,USD,2.16 USD,TAKER,935edb9b-7f9a-468e-826e-fd5e8de62e59,2025-03-24 22:00:00+00:00,2025-03-24 22:00:00+00:00,{},False
O-20250324-220000-001-V2-1046,BACKTESTER-001,MLSignalStrategyV2-V2,EUR/USD.IDEALPRO,IDEALPRO-1-1046,IDEALPRO-001,IDEALPRO-1-165913,EUR/USD.IDEALPRO-MLSignalStrategyV2-V2,SELL,STOP_MARKET,100000.00,1.07949,USD,2.16 USD,TAKER,57b1b4af-8825-4150-8c4f-11c4b5409aa9,2025-03-24 22:18:00+00:00,2025-03-24 22:18:00+00:00,{},False
O-20250324-223000-001-V2-1048,BACKTESTER-001,MLSignalStrategyV2-V2,EUR/USD.IDEALPRO,IDEALPRO-1-1048,IDEALPRO-001,IDEALPRO-1-165938,EUR/USD.IDEALPRO-MLSignalStrategyV2-V2,BUY,MARKET,100000.00,1.07990,USD,2.16 USD,TAKER,c7f63975-fb9a-4dcd-ac07-dc43e6e11001,2025-03-24 22:30:00+00:00,2025-03-24 22:30:00+00:00,{},False
O-20250324-223000-001-V2-1050,BACKTESTER-001,MLSignalStrategyV2-V2,EUR/USD.IDEALPRO,IDEALPRO-1-1050,IDEALPRO-001,IDEALPRO-1-166277,EUR/USD.IDEALPRO-MLSignalStrategyV2-V2,SELL,LIMIT,100000.00,1.08074,USD,2.16 USD,MAKER,13d6948c-82ba-4e15-bafa-72103ff34361,2025-03-25 01:19:00+00:00,2025-03-25 01:19:00+00:00,{},False
O-20250325-013000-001-V2-1051,BACKTESTER-001,MLSignalStrategyV2-V2,EUR/USD.IDEALPRO,IDEALPRO-1-1051,IDEALPRO-001,IDEALPRO-1-166301,EUR/USD.IDEALPRO-MLSignalStrategyV2-V2,SELL,MARKET,100000.00,1.08045,USD,2.16 USD,TAKER,c2066959-428b-4164-8beb-39c83b41427e,2025-03-25 01:30:00+00:00,2025-03-25 01:30:00+00:00,{},False
O-20250325-013000-001-V2-1053,BACKTESTER-001,MLSignalStrategyV2-V2,EUR/USD.IDEALPRO,IDEALPRO-1-1053,IDEALPRO-001,IDEALPRO-1-166453,EUR/USD.IDEALPRO-MLSignalStrategyV2-V2,BUY,LIMIT,100000.00,1.07978,USD,2.16 USD,MAKER,8419f045-98f6-4b5c-89ff-99c79a0e22af,2025-03-25 02:46:00+00:00,2025-03-25 02:46:00+00:00,{},False
O-20250325-041500-001-V2-1054,BACKTESTER-001,MLSignalStrategyV2-V2,EUR/USD.IDEALPRO,IDEALPRO-1-1054,IDEALPRO-001,IDEALPRO-1-166632,EUR/USD.IDEALPRO-MLSignalStrategyV2-V2,SELL,MARKET,100000.00,1.08054,USD,2.16 USD,TAKER,ff990e28-d30d-43ad-80f5-d86d71dc9f97,2025-03-25 04:15:00+00:00,2025-03-25 04:15:00+00:00,{},False
O-20250325-041500-001-V2-1056,BACKTESTER-001,MLSignalStrategyV2-V2,EUR/USD.IDEALPRO,IDEALPRO-1-1056,IDEALPRO-001,IDEALPRO-1-166871,EUR/USD.IDEALPRO-MLSignalStrategyV2-V2,BUY,LIMIT,100000.00,1.07988,USD,2.16 USD,MAKER,e07100ec-69a5-4f44-a709-d8d480f72feb,2025-03-25 06:14:00+00:00,2025-03-25 06:14:00+00:00,{},False
O-20250325-070000-001-V2-1057,BACKTESTER-001,MLSignalStrategyV2-V2,EUR/USD.IDEALPRO,IDEALPRO-1-1057,IDEALPRO-001,IDEALPRO-1-166964,EUR/USD.IDEALPRO-MLSignalStrategyV2-V2,SELL,MARKET,100000.00,1.07947,USD,2.16 USD,TAKER,68c35b22-db76-4d9d-92e6-aa5128f04a01,2025-03-25 07:00:00+00:00,2025-03-25 07:00:00+00:00,{},False
O-20250325-070000-001-V2-1058,BACKTESTER-001,MLSignalStrategyV2-V2,EUR/USD.IDEALPRO,IDEALPRO-1-1058,IDEALPRO-001,IDEALPRO-1-166985,EUR/USD.IDEALPRO-MLSignalStrategyV2-V2,BUY,STOP_MARKET,100000.00,1.08004,USD,2.16 USD,TAKER,b9defd4a-6be4-418d-ac8a-122c3812944b,2025-03-25 07:10:00+00:00,2025-03-25 07:10:00+00:00,{},False
O-20250325-080000-001-V2-1060,BACKTESTER-001,MLSignalStrategyV2-V2,EUR/USD.IDEALPRO,IDEALPRO-1-1060,IDEALPRO-001,IDEALPRO-1-167087,EUR/USD.IDEALPRO-MLSignalStrategyV2-V2,BUY,MARKET,100000.00,1.07874,USD,2.16 USD,TAKER,9ecf1da0-1113-4276-b34f-e502f4ba96f6,2025-03-25 08:00:00+00:00,2025-03-25 08:00:00+00:00,{},False
O-20250325-080000-001-V2-1061,BACKTESTER-001,MLSignalStrategyV2-V2,EUR/USD.IDEALPRO,IDEALPRO-1-1061,IDEALPRO-001,IDEALPRO-1-167105,EUR/USD.IDEALPRO-MLSignalStrategyV2-V2,SELL,STOP_MARKET,100000.00,1.07806,USD,2.16 USD,TAKER,cce52616-aa31-41ef-be2a-6c2882f42edf,2025-03-25 08:09:00+00:00,2025-03-25 08:09:00+00:00,{},False
O-20250325-081500-001-V2-1063,BACKTESTER-001,MLSignalStrategyV2-V2,EUR/USD.IDEALPRO,IDEALPRO-1-1063,IDEALPRO-001,IDEALPRO-1-167118,EUR/USD.IDEALPRO-MLSignalStrategyV2-V2,BUY,MARKET,100000.00,1.07809,USD,2.16 USD,TAKER,e915c0e3-7424-40fe-8408-2206b371fd74,2025-03-25 08:15:00+00:00,2025-03-25 08:15:00+00:00,{},False
O-20250325-081500-001-V2-1065,BACKTESTER-001,MLSignalStrategyV2-V2,EUR/USD.IDEALPRO,IDEALPRO-1-1065,IDEALPRO-001,IDEALPRO-1-167163,EUR/USD.IDEALPRO-MLSignalStrategyV2-V2,SELL,LIMIT,100000.00,1.07905,USD,2.16 USD,MAKER,b91d642e-e7be-447c-b24a-896a870a6c3c,2025-03-25 08:37:00+00:00,2025-03-25 08:37:00+00:00,{},False
O-20250325-103000-001-V2-1066,BACKTESTER-001,MLSignalStrategyV2-V2,EUR/USD.IDEALPRO,IDEALPRO-1-1066,IDEALPRO-001,IDEALPRO-1-167390,EUR/USD.IDEALPRO-MLSignalStrategyV2-V2,BUY,MARKET,100000.00,1.08171,USD,2.16 USD,TAKER,13847747-6ff7-43ec-8f16-f52bd8879ec8,2025-03-25 10:30:00+00:00,2025-03-25 10:30:00+00:00,{},False
O-20250325-103000-001-V2-1068,BACKTESTER-001,MLSignalStrategyV2-V2,EUR/USD.IDEALPRO,IDEALPRO-1-1068,IDEALPRO-001,IDEALPRO-1-167677,EUR/USD.IDEALPRO-MLSignalStrategyV2-V2,SELL,LIMIT,100000.00,1.08302,USD,2.17 USD,MAKER,374c6588-43df-47b1-b594-d00b91515267,2025-03-25 12:53:00+00:00,2025-03-25 12:53:00+00:00,{},False
O-20250325-201500-001-V2-1069,BACKTESTER-001,MLSignalStrategyV2-V2,EUR/USD.IDEALPRO,IDEALPRO-1-1069,IDEALPRO-001,IDEALPRO-1-168562,EUR/USD.IDEALPRO-MLSignalStrategyV2-V2,BUY,MARKET,100000.00,1.07926,USD,2.16 USD,TAKER,abbb92fc-d8a6-4be1-929e-1cdebbe8ac68,2025-03-25 20:15:00+00:00,2025-03-25 20:15:00+00:00,{},False
O-20250325-201500-001-V2-1070,BACKTESTER-001,MLSignalStrategyV2-V2,EUR/USD.IDEALPRO,IDEALPRO-1-1070,IDEALPRO-001,IDEALPRO-1-168957,EUR/USD.IDEALPRO-MLSignalStrategyV2-V2,SELL,STOP_MARKET,100000.00,1.07861,USD,2.16 USD,TAKER,e72361b6-5acb-46ab-8b66-7c594e6c0b2a,2025-03-25 23:47:00+00:00,2025-03-25 23:47:00+00:00,{},False
O-20250326-044500-001-V2-1072,BACKTESTER-001,MLSignalStrategyV2-V2,EUR/USD.IDEALPRO,IDEALPRO-1-1072,IDEALPRO-001,IDEALPRO-1-169554,EUR/USD.IDEALPRO-MLSignalStrategyV2-V2,BUY,MARKET,100000.00,1.07818,USD,2.16 USD,TAKER,09a0bc93-1cac-40f1-adf6-7df208b86ab2,2025-03-26 04:45:00+00:00,2025-03-26 04:45:00+00:00,{},False
O-20250326-044500-001-V2-1074,BACKTESTER-001,MLSignalStrategyV2-V2,EUR/USD.IDEALPRO,IDEALPRO-1-1074,IDEALPRO-001,IDEALPRO-1-169719,EUR/USD.IDEALPRO-MLSignalStrategyV2-V2,SELL,LIMIT,100000.00,1.07882,USD,2.16 USD,MAKER,92ad8769-54e4-4bcd-9dd7-01c1f5300151,2025-03-26 06:07:00+00:00,2025-03-26 06:07:00+00:00,{},False
O-20250326-143000-001-V2-1075,BACKTESTER-001,MLSignalStrategyV2-V2,EUR/USD.IDEALPRO,IDEALPRO-1-1075,IDEALPRO-001,IDEALPRO-1-170727,EUR/USD.IDEALPRO-MLSignalStrategyV2-V2,BUY,MARKET,100000.00,1.07928,USD,2.16 USD,TAKER,18e0e07f-da75-4563-b7bf-f5bffd5cbc1d,2025-03-26 14:30:00+00:00,2025-03-26 14:30:00+00:00,{},False
O-20250326-143000-001-V2-1076,BACKTESTER-001,MLSignalStrategyV2-V2,EUR/USD.IDEALPRO,IDEALPRO-1-1076,IDEALPRO-001,IDEALPRO-1-170835,EUR/USD.IDEALPRO-MLSignalStrategyV2-V2,SELL,STOP_MARKET,100000.00,1.07829,USD,2.16 USD,TAKER,081dea20-49bf-40a6-bece-58ae9baa20ca,2025-03-26 15:24:00+00:00,2025-03-26 15:24:00+00:00,{},False
O-20250326-213000-001-V2-1078,BACKTESTER-001,MLSignalStrategyV2-V2,EUR/USD.IDEALPRO,IDEALPRO-1-1078,IDEALPRO-001,IDEALPRO-1-171538,EUR/USD.IDEALPRO-MLSignalStrategyV2-V2,BUY,MARKET,100000.00,1.07387,USD,2.15 USD,TAKER,6c85db0f-ec34-4a93-b9fb-b9e8058b6601,2025-03-26 21:30:00+00:00,2025-03-26 21:30:00+00:00,{},False
O-20250326-213000-001-V2-1080,BACKTESTER-001,MLSignalStrategyV2-V2,EUR/USD.IDEALPRO,IDEALPRO-1-1080,IDEALPRO-001,IDEALPRO-1-171853,EUR/USD.IDEALPRO-MLSignalStrategyV2-V2,SELL,LIMIT,100000.00,1.07491,USD,2.15 USD,MAKER,44287793-3620-4cea-8fc8-eb1decd30dd8,2025-03-27 00:07:00+00:00,2025-03-27 00:07:00+00:00,{},False
O-20250327-004500-001-V2-1081,BACKTESTER-001,MLSignalStrategyV2-V2,EUR/USD.IDEALPRO,IDEALPRO-1-1081,IDEALPRO-001,IDEALPRO-1-171930,EUR/USD.IDEALPRO-MLSignalStrategyV2-V2,BUY,MARKET,100000.00,1.07499,USD,2.15 USD,TAKER,35d6d0c0-c0ce-47f7-bf9b-52ad5d5533c4,2025-03-27 00:45:00+00:00,2025-03-27 00:45:00+00:00,{},False
O-20250327-004500-001-V2-1083,BACKTESTER-001,MLSignalStrategyV2-V2,EUR/USD.IDEALPRO,IDEALPRO-1-1083,IDEALPRO-001,IDEALPRO-1-171971,EUR/USD.IDEALPRO-MLSignalStrategyV2-V2,SELL,LIMIT,100000.00,1.07597,USD,2.15 USD,MAKER,3792ae6c-0a1e-4ed8-952e-8f756a46f04a,2025-03-27 01:05:00+00:00,2025-03-27 01:05:00+00:00,{},False
O-20250327-030000-001-V2-1084,BACKTESTER-001,MLSignalStrategyV2-V2,EUR/USD.IDEALPRO,IDEALPRO-1-1084,IDEALPRO-001,IDEALPRO-1-172202,EUR/USD.IDEALPRO-MLSignalStrategyV2-V2,SELL,MARKET,100000.00,1.07760,USD,2.16 USD,TAKER,22dd76e6-637a-4798-b1f4-050bb89726ce,2025-03-27 03:00:00+00:00,2025-03-27 03:00:00+00:00,{},False
O-20250327-030000-001-V2-1085,BACKTESTER-001,MLSignalStrategyV2-V2,EUR/USD.IDEALPRO,IDEALPRO-1-1085,IDEALPRO-001,IDEALPRO-1-172335,EUR/USD.IDEALPRO-MLSignalStrategyV2-V2,BUY,STOP_MARKET,100000.00,1.07818,USD,2.16 USD,TAKER,6f7dfa6f-594f-47f2-b73a-0f43f49fd953,2025-03-27 04:06:00+00:00,2025-03-27 04:06:00+00:00,{},False
O-20250327-043000-001-V2-1087,BACKTESTER-001,MLSignalStrategyV2-V2,EUR/USD.IDEALPRO,IDEALPRO-1-1087,IDEALPRO-001,IDEALPRO-1-172385,EUR/USD.IDEALPRO-MLSignalStrategyV2-V2,SELL,MARKET,100000.00,1.07857,USD,2.16 USD,TAKER,608143a2-94bc-4d19-94a6-efb87c6349ad,2025-03-27 04:30:00+00:00,2025-03-27 04:30:00+00:00,{},False
O-20250327-043000-001-V2-1089,BACKTESTER-001,MLSignalStrategyV2-V2,EUR/USD.IDEALPRO,IDEALPRO-1-1089,IDEALPRO-001,IDEALPRO-1-172467,EUR/USD.IDEALPRO-MLSignalStrategyV2-V2,BUY,LIMIT,100000.00,1.07778,USD,2.16 USD,MAKER,c6090795-6172-40f4-b9dd-015423547b84,2025-03-27 05:11:00+00:00,2025-03-27 05:11:00+00:00,{},False
O-20250327-184500-001-V2-1090,BACKTESTER-001,MLSignalStrategyV2-V2,EUR/USD.IDEALPRO,IDEALPRO-1-1090,IDEALPRO-001,IDEALPRO-1-174097,EUR/USD.IDEALPRO-MLSignalStrategyV2-V2,SELL,MARKET,100000.00,1.07947,USD,2.16 USD,TAKER,aefe5674-1780-4334-af5f-56f98ec1b254,2025-03-27 18:45:00+00:00,2025-03-27 18:45:00+00:00,{},False
O-20250327-184500-001-V2-1092,BACKTESTER-001,MLSignalStrategyV2-V2,EUR/USD.IDEALPRO,IDEALPRO-1-1092,IDEALPRO-001,IDEALPRO-1-175651,EUR/USD.IDEALPRO-MLSignalStrategyV2-V2,BUY,LIMIT,100000.00,1.07817,USD,2.16 USD,MAKER,b7c9df5b-7e4c-4161-a756-90da6986a88f,2025-03-28 07:57:00+00:00,2025-03-28 07:57:00+00:00,{},False
O-20250328-090000-001-V2-1093,BACKTESTER-001,MLSignalStrategyV2-V2,EUR/USD.IDEALPRO,IDEALPRO-1-1093,IDEALPRO-001,IDEALPRO-1-175778,EUR/USD.IDEALPRO-MLSignalStrategyV2-V2,SELL,MARKET,100000.00,1.07784,USD,2.16 USD,TAKER,10158cc4-56bf-46ae-82b6-e12771a4623a,2025-03-28 09:00:00+00:00,2025-03-28 09:00:00+00:00,{},False
O-20250328-090000-001-V2-1095,BACKTESTER-001,MLSignalStrategyV2-V2,EUR/USD.IDEALPRO,IDEALPRO-1-1095,IDEALPRO-001,IDEALPRO-1-176025,EUR/USD.IDEALPRO-MLSignalStrategyV2-V2,BUY,LIMIT,100000.00,1.07658,USD,2.15 USD,MAKER,8c4869c8-b5a3-4e87-98a1-090e5b02b6d7,2025-03-28 11:03:00+00:00,2025-03-28 11:03:00+00:00,{},False
O-20250328-150000-001-V2-1096,BACKTESTER-001,MLSignalStrategyV2-V2,EUR/USD.IDEALPRO,IDEALPRO-1-1096,IDEALPRO-001,IDEALPRO-1-176500,EUR/USD.IDEALPRO-MLSignalStrategyV2-V2,SELL,MARKET,100000.00,1.08231,USD,2.16 USD,TAKER,8bfd415b-4205-4851-a93b-a2f398f05e2c,2025-03-28 15:00:00+00:00,2025-03-28 15:00:00+00:00,{},False
O-20250328-150000-001-V2-1097,BACKTESTER-001,MLSignalStrategyV2-V2,EUR/USD.IDEALPRO,IDEALPRO-1-1097,IDEALPRO-001,IDEALPRO-1-176523,EUR/USD.IDEALPRO-MLSignalStrategyV2-V2,BUY,STOP_MARKET,100000.00,1.08358,USD,2.17 USD,TAKER,aa8583ba-4f1d-4c47-a03d-bb2f2f14e71c,2025-03-28 15:11:00+00:00,2025-03-28 15:11:00+00:00,{},False
O-20250328-151500-001-V2-1099,BACKTESTER-001,MLSignalStrategyV2-V2,EUR/USD.IDEALPRO,IDEALPRO-1-1099,IDEALPRO-001,IDEALPRO-1-176532,EUR/USD.IDEALPRO-MLSignalStrategyV2-V2,SELL,MARKET,100000.00,1.08334,USD,2.17 USD,TAKER,cdbd1ecb-314e-4d6e-bbc2-13bf33c56a7d,2025-03-28 15:15:00+00:00,2025-03-28 15:15:00+00:00,{},False
O-20250328-151500-001-V2-1101,BACKTESTER-001,MLSignalStrategyV2-V2,EUR/USD.IDEALPRO,IDEALPRO-1-1101,IDEALPRO-001,IDEALPRO-1-176777,EUR/USD.IDEALPRO-MLSignalStrategyV2-V2,BUY,LIMIT,100000.00,1.08157,USD,2.16 USD,MAKER,a9f7dcaf-1f47-4db9-ba96-89408593ae00,2025-03-28 17:17:00+00:00,2025-03-28 17:17:00+00:00,{},False
O-20250328-200000-001-V2-1102,BACKTESTER-001,MLSignalStrategyV2-V2,EUR/USD.IDEALPRO,IDEALPRO-1-1102,IDEALPRO-001,IDEALPRO-1-177104,EUR/USD.IDEALPRO-MLSignalStrategyV2-V2,BUY,MARKET,100000.00,1.08256,USD,2.17 USD,TAKER,da53da40-f672-4a5b-af10-08d189324025,2025-03-28 20:00:00+00:00,2025-03-28 20:00:00+00:00,{},False
O-20250328-200000-001-V2-1104,BACKTESTER-001,MLSignalStrategyV2-V2,EUR/USD.IDEALPRO,IDEALPRO-1-1104,IDEALPRO-001,IDEALPRO-1-177173,EUR/USD.IDEALPRO-MLSignalStrategyV2-V2,SELL,LIMIT,100000.00,1.08363,USD,2.17 USD,MAKER,b8268670-155d-49ec-8495-167386627a76,2025-03-28 20:34:00+00:00,2025-03-28 20:34:00+00:00,{},False
O-20250330-221500-001-V2-1105,BACKTESTER-001,MLSignalStrategyV2-V2,EUR/USD.IDEALPRO,IDEALPRO-1-1105,IDEALPRO-001,IDEALPRO-1-177346,EUR/USD.IDEALPRO-MLSignalStrategyV2-V2,BUY,MARKET,100000.00,1.08093,USD,2.16 USD,TAKER,79db6653-3220-4e29-ac69-db1163bffc03,2025-03-30 22:15:00+00:00,2025-03-30 22:15:00+00:00,{},False
O-20250330-221500-001-V2-1107,BACKTESTER-001,MLSignalStrategyV2-V2,EUR/USD.IDEALPRO,IDEALPRO-1-1107,IDEALPRO-001,IDEALPRO-1-177393,EUR/USD.IDEALPRO-MLSignalStrategyV2-V2,SELL,LIMIT,100000.00,1.08190,USD,2.16 USD,MAKER,9b973080-c38b-4d25-a961-abc127f3217d,2025-03-30 22:38:00+00:00,2025-03-30 22:38:00+00:00,{},False
O-20250330-224500-001-V2-1108,BACKTESTER-001,MLSignalStrategyV2-V2,EUR/USD.IDEALPRO,IDEALPRO-1-1108,IDEALPRO-001,IDEALPRO-1-177408,EUR/USD.IDEALPRO-MLSignalStrategyV2-V2,BUY,MARKET,100000.00,1.08209,USD,2.16 USD,TAKER,9200cef2-0af9-4d59-9051-734dc527e4e9,2025-03-30 22:45:00+00:00,2025-03-30 22:45:00+00:00,{},False
O-20250330-224500-001-V2-1109,BACKTESTER-001,MLSignalStrategyV2-V2,EUR/USD.IDEALPRO,IDEALPRO-1-1109,IDEALPRO-001,IDEALPRO-1-177499,EUR/USD.IDEALPRO-MLSignalStrategyV2-V2,SELL,STOP_MARKET,100000.00,1.08108,USD,2.16 USD,TAKER,28d98516-857e-43b7-86a6-7885d32b16f0,2025-03-30 23:30:00+00:00,2025-03-30 23:30:00+00:00,{},False
O-20250330-233000-001-V2-1111,BACKTESTER-001,MLSignalStrategyV2-V2,EUR/USD.IDEALPRO,IDEALPRO-1-1111,IDEALPRO-001,IDEALPRO-1-177500,EUR/USD.IDEALPRO-MLSignalStrategyV2-V2,BUY,MARKET,100000.00,1.08124,USD,2.16 USD,TAKER,b5bc27cf-3138-404d-948d-b1c40100d275,2025-03-30 23:30:00+00:00,2025-03-30 23:30:00+00:00,{},False
O-20250330-233000-001-V2-1113,BACKTESTER-001,MLSignalStrategyV2-V2,EUR/USD.IDEALPRO,IDEALPRO-1-1113,IDEALPRO-001,IDEALPRO-1-177531,EUR/USD.IDEALPRO-MLSignalStrategyV2-V2,SELL,LIMIT,100000.00,1.08238,USD,2.16 USD,MAKER,55ad8048-6c4c-4fe9-968b-59bf23fbe666,2025-03-30 23:45:00+00:00,2025-03-30 23:45:00+00:00,{},False
O-20250330-234500-001-V2-1114,BACKTESTER-001,MLSignalStrategyV2-V2,EUR/USD.IDEALPRO,IDEALPRO-1-1114,IDEALPRO-001,IDEALPRO-1-177532,EUR/USD.IDEALPRO-MLSignalStrategyV2-V2,BUY,MARKET,100000.00,1.08227,USD,2.16 USD,TAKER,dde9d6e4-754e-412f-8722-51d2be2ba585,2025-03-30 23:45:00+00:00,2025-03-30 23:45:00+00:00,{},False
O-20250330-234500-001-V2-1116,BACKTESTER-001,MLSignalStrategyV2-V2,EUR/USD.IDEALPRO,IDEALPRO-1-1116,IDEALPRO-001,IDEALPRO-1-177629,EUR/USD.IDEALPRO-MLSignalStrategyV2-V2,SELL,LIMIT,100000.00,1.08346,USD,2.17 USD,MAKER,9d3f831c-0db8-44e5-bbbb-be2fec5ec566,2025-03-31 00:33:00+00:00,2025-03-31 00:33:00+00:00,{},False
O-20250331-080000-001-V2-1117,BACKTESTER-001,MLSignalStrategyV2-V2,EUR/USD.IDEALPRO,IDEALPRO-1-1117,IDEALPRO-001,IDEALPRO-1-178525,EUR/USD.IDEALPRO-MLSignalStrategyV2-V2,BUY,MARKET,100000.00,1.08319,USD,2.17 USD,TAKER,95efade4-cfd1-4c7a-8371-bd96510ad398,2025-03-31 08:00:00+00:00,2025-03-31 08:00:00+00:00,{},False
O-20250331-080000-001-V2-1118,BACKTESTER-001,MLSignalStrategyV2-V2,EUR/USD.IDEALPRO,IDEALPRO-1-1118,IDEALPRO-001,IDEALPRO-1-178547,EUR/USD.IDEALPRO-MLSignalStrategyV2-V2,SELL,STOP_MARKET,100000.00,1.08194,USD,2.16 USD,TAKER,0b9b23ec-5026-4d3c-bf11-fa19ec38a666,2025-03-31 08:11:00+00:00,2025-03-31 08:11:00+00:00,{},False
O-20250331-100000-001-V2-1120,BACKTESTER-001,MLSignalStrategyV2-V2,EUR/USD.IDEALPRO,IDEALPRO-1-1120,IDEALPRO-001,IDEALPRO-1-178766,EUR/USD.IDEALPRO-MLSignalStrategyV2-V2,BUY,MARKET,100000.00,1.08164,USD,2.16 USD,TAKER,6e1b2147-ee24-4311-ba46-bcc814718c0f,2025-03-31 10:00:00+00:00,2025-03-31 10:00:00+00:00,{},False
O-20250331-100000-001-V2-1121,BACKTESTER-001,MLSignalStrategyV2-V2,EUR/USD.IDEALPRO,IDEALPRO-1-1121,IDEALPRO-001,IDEALPRO-1-178793,EUR/USD.IDEALPRO-MLSignalStrategyV2-V2,SELL,STOP_MARKET,100000.00,1.08068,USD,2.16 USD,TAKER,b2dab4a6-8e8b-4d93-a030-fd76e208136b,2025-03-31 10:13:00+00:00,2025-03-31 10:13:00+00:00,{},False
O-20250331-101500-001-V2-1123,BACKTESTER-001,MLSignalStrategyV2-V2,EUR/USD.IDEALPRO,IDEALPRO-1-1123,IDEALPRO-001,IDEALPRO-1-178798,EUR/USD.IDEALPRO-MLSignalStrategyV2-V2,BUY,MARKET,100000.00,1.08085,USD,2.16 USD,TAKER,9426b12a-9a89-491d-8e12-55f4542f0dd0,2025-03-31 10:15:00+00:00,2025-03-31 10:15:00+00:00,{},False
O-20250331-101500-001-V2-1125,BACKTESTER-001,MLSignalStrategyV2-V2,EUR/USD.IDEALPRO,IDEALPRO-1-1125,IDEALPRO-001,IDEALPRO-1-178899,EUR/USD.IDEALPRO-MLSignalStrategyV2-V2,SELL,LIMIT,100000.00,1.08238,USD,2.16 USD,MAKER,4cb11763-ce66-4bde-a354-f6f7d57afa6b,2025-03-31 11:05:00+00:00,2025-03-31 11:05:00+00:00,{},False
O-20250331-200000-001-V2-1126,BACKTESTER-001,MLSignalStrategyV2-V2,EUR/USD.IDEALPRO,IDEALPRO-1-1126,IDEALPRO-001,IDEALPRO-1-179970,EUR/USD.IDEALPRO-MLSignalStrategyV2-V2,BUY,MARKET,100000.00,1.08143,USD,2.16 USD,TAKER,df05e92b-0430-47ae-b540-bd91a94a2a51,2025-03-31 20:00:00+00:00,2025-03-31 20:00:00+00:00,{},False
O-20250331-200000-001-V2-1128,BACKTESTER-001,MLSignalStrategyV2-V2,EUR/USD.IDEALPRO,IDEALPRO-1-1128,IDEALPRO-001,IDEALPRO-1-180449,EUR/USD.IDEALPRO-MLSignalStrategyV2-V2,SELL,LIMIT,100000.00,1.08236,USD,2.16 USD,MAKER,42ea55fc-088b-487a-8bce-ddf38a2246a7,2025-04-01 00:14:00+00:00,2025-04-01 00:14:00+00:00,{},False
O-20250401-090000-001-V2-1129,BACKTESTER-001,MLSignalStrategyV2-V2,EUR/USD.IDEALPRO,IDEALPRO-1-1129,IDEALPRO-001,IDEALPRO-1-181503,EUR/USD.IDEALPRO-MLSignalStrategyV2-V2,SELL,MARKET,100000.00,1.08178,USD,2.16 USD,TAKER,c54700af-111d-4704-b4a5-5b4426aa8d6d,2025-04-01 09:00:00+00:00,2025-04-01 09:00:00+00:00,{},False
O-20250401-090000-001-V2-1130,BACKTESTER-001,MLSignalStrategyV2-V2,EUR/USD.IDEALPRO,IDEALPRO-1-1130,IDEALPRO-001,IDEALPRO-1-181511,EUR/USD.IDEALPRO-MLSignalStrategyV2-V2,BUY,STOP_MARKET,100000.00,1.08264,USD,2.17 USD,TAKER,6fe1667f-3a09-45c5-911d-a97e83125e79,2025-04-01 09:04:00+00:00,2025-04-01 09:04:00+00:00,{},False
O-20250401-113000-001-V2-1132,BACKTESTER-001,MLSignalStrategyV2-V2,EUR/USD.IDEALPRO,IDEALPRO-1-1132,IDEALPRO-001,IDEALPRO-1-181804,EUR/USD.IDEALPRO-MLSignalStrategyV2-V2,BUY,MARKET,100000.00,1.07875,USD,2.16 USD,TAKER,0673d968-3ba3-4711-8823-177827b614e1,2025-04-01 11:30:00+00:00,2025-04-01 11:30:00+00:00,{},False
O-20250401-113000-001-V2-1134,BACKTESTER-001,MLSignalStrategyV2-V2,EUR/USD.IDEALPRO,IDEALPRO-1-1134,IDEALPRO-001,IDEALPRO-1-182125,EUR/USD.IDEALPRO-MLSignalStrategyV2-V2,SELL,LIMIT,100000.00,1.08063,USD,2.16 USD,MAKER,82e96e64-f74f-47cc-a706-60db3494894b,2025-04-01 14:10:00+00:00,2025-04-01 14:10:00+00:00,{},False
O-20250401-200000-001-V2-1135,BACKTESTER-001,MLSignalStrategyV2-V2,EUR/USD.IDEALPRO,IDEALPRO-1-1135,IDEALPRO-001,IDEALPRO-1-182826,EUR/USD.IDEALPRO-MLSignalStrategyV2-V2,BUY,MARKET,100000.00,1.07898,USD,2.16 USD,TAKER,da1e57b9-5152-4600-8ee0-e8fc99125cc0,2025-04-01 20:00:00+00:00,2025-04-01 20:00:00+00:00,{},False
O-20250401-200000-001-V2-1137,BACKTESTER-001,MLSignalStrategyV2-V2,EUR/USD.IDEALPRO,IDEALPRO-1-1137,IDEALPRO-001,IDEALPRO-1-182923,EUR/USD.IDEALPRO-MLSignalStrategyV2-V2,SELL,LIMIT,100000.00,1.08022,USD,2.16 USD,MAKER,91407c7b-3c3f-4ca4-9bdb-d6e238d46afb,2025-04-01 20:48:00+00:00,2025-04-01 20:48:00+00:00,{},False
O-20250401-223000-001-V2-1138,BACKTESTER-001,MLSignalStrategyV2-V2,EUR/USD.IDEALPRO,IDEALPRO-1-1138,IDEALPRO-001,IDEALPRO-1-183098,EUR/USD.IDEALPRO-MLSignalStrategyV2-V2,BUY,MARKET,100000.00,1.08066,USD,2.16 USD,TAKER,565f9b9b-0ae5-408d-ba07-7b961ca634af,2025-04-01 22:30:00+00:00,2025-04-01 22:30:00+00:00,{},False
O-20250401-223000-001-V2-1139,BACKTESTER-001,MLSignalStrategyV2-V2,EUR/USD.IDEALPRO,IDEALPRO-1-1139,IDEALPRO-001,IDEALPRO-1-183117,EUR/USD.IDEALPRO-MLSignalStrategyV2-V2,SELL,STOP_MARKET,100000.00,1.08009,USD,2.16 USD,TAKER,08d2b626-a469-4da5-a80b-96ad4ec4ae1e,2025-04-01 22:39:00+00:00,2025-04-01 22:39:00+00:00,{},False
O-20250401-224500-001-V2-1141,BACKTESTER-001,MLSignalStrategyV2-V2,EUR/USD.IDEALPRO,IDEALPRO-1-1141,IDEALPRO-001,IDEALPRO-1-183130,EUR/USD.IDEALPRO-MLSignalStrategyV2-V2,BUY,MARKET,100000.00,1.08010,USD,2.16 USD,TAKER,f404216f-cb6f-42f8-8ce6-7b5fde6c3672,2025-04-01 22:45:00+00:00,2025-04-01 22:45:00+00:00,{},False
O-20250401-224500-001-V2-1142,BACKTESTER-001,MLSignalStrategyV2-V2,EUR/USD.IDEALPRO,IDEALPRO-1-1142,IDEALPRO-001,IDEALPRO-1-183281,EUR/USD.IDEALPRO-MLSignalStrategyV2-V2,SELL,STOP_MARKET,100000.00,1.07944,USD,2.16 USD,TAKER,5d98dbc4-a1d0-4da8-9fd2-0f08cade4544,2025-04-02 00:00:00+00:00,2025-04-02 00:00:00+00:00,{},False
O-20250402-031500-001-V2-1144,BACKTESTER-001,MLSignalStrategyV2-V2,EUR/USD.IDEALPRO,IDEALPRO-1-1144,IDEALPRO-001,IDEALPRO-1-183672,EUR/USD.IDEALPRO-MLSignalStrategyV2-V2,SELL,MARKET,100000.00,1.07991,USD,2.16 USD,TAKER,5bddc005-bf9f-4ed2-b962-329fded47e98,2025-04-02 03:15:00+00:00,2025-04-02 03:15:00+00:00,{},False
O-20250402-031500-001-V2-1146,BACKTESTER-001,MLSignalStrategyV2-V2,EUR/USD.IDEALPRO,IDEALPRO-1-1146,IDEALPRO-001,IDEALPRO-1-183885,EUR/USD.IDEALPRO-MLSignalStrategyV2-V2,BUY,LIMIT,100000.00,1.07917,USD,2.16 USD,MAKER,a6d1c846-1167-4303-b1ce-70a02ceaedfe,2025-04-02 05:01:00+00:00,2025-04-02 05:01:00+00:00,{},False
O-20250402-074500-001-V2-1147,BACKTESTER-001,MLSignalStrategyV2-V2,EUR/USD.IDEALPRO,IDEALPRO-1-1147,IDEALPRO-001,IDEALPRO-1-184214,EUR/USD.IDEALPRO-MLSignalStrategyV2-V2,BUY,MARKET,100000.00,1.07867,USD,2.16 USD,TAKER,d50b296d-e595-4668-8cf8-6b53685b5b3c,2025-04-02 07:45:00+00:00,2025-04-02 07:45:00+00:00,{},False
O-20250402-074500-001-V2-1149,BACKTESTER-001,MLSignalStrategyV2-V2,EUR/USD.IDEALPRO,IDEALPRO-1-1149,IDEALPRO-001,IDEALPRO-1-184261,EUR/USD.IDEALPRO-MLSignalStrategyV2-V2,SELL,LIMIT,100000.00,1.07955,USD,2.16 USD,MAKER,87de800b-82a5-46ab-bfaf-964cacea0b3d,2025-04-02 08:08:00+00:00,2025-04-02 08:08:00+00:00,{},False
O-20250402-203000-001-V2-1150,BACKTESTER-001,MLSignalStrategyV2-V2,EUR/USD.IDEALPRO,IDEALPRO-1-1150,IDEALPRO-001,IDEALPRO-1-185746,EUR/USD.IDEALPRO-MLSignalStrategyV2-V2,SELL,MARKET,100000.00,1.08533,USD,2.17 USD,TAKER,523f2863-aa2e-4a04-82cf-e298cf6f49ba,2025-04-02 20:30:00+00:00,2025-04-02 20:30:00+00:00,{},False
O-20250402-203000-001-V2-1152,BACKTESTER-001,MLSignalStrategyV2-V2,EUR/USD.IDEALPRO,IDEALPRO-1-1152,IDEALPRO-001,IDEALPRO-1-185767,EUR/USD.IDEALPRO-MLSignalStrategyV2-V2,BUY,LIMIT,100000.00,1.08157,USD,2.16 USD,MAKER,130718fa-641c-4043-b7e3-9527038a4971,2025-04-02 20:40:00+00:00,2025-04-02 20:40:00+00:00,{},False
O-20250402-204500-001-V2-1153,BACKTESTER-001,MLSignalStrategyV2-V2,EUR/USD.IDEALPRO,IDEALPRO-1-1153,IDEALPRO-001,IDEALPRO-1-185778,EUR/USD.IDEALPRO-MLSignalStrategyV2-V2,SELL,MARKET,100000.00,1.08184,USD,2.16 USD,TAKER,a50ba1f9-f8c5-498a-915a-a57fe4a1caa8,2025-04-02 20:45:00+00:00,2025-04-02 20:45:00+00:00,{},False
O-20250402-204500-001-V2-1154,BACKTESTER-001,MLSignalStrategyV2-V2,EUR/USD.IDEALPRO,IDEALPRO-1-1154,IDEALPRO-001,IDEALPRO-1-185801,EUR/USD.IDEALPRO-MLSignalStrategyV2-V2,BUY,STOP_MARKET,100000.00,1.08563,USD,2.17 USD,TAKER,6a27f27b-fdcf-4349-b8a1-3041713bcc09,2025-04-02 20:56:00+00:00,2025-04-02 20:56:00+00:00,{},False
O-20250402-223000-001-V2-1156,BACKTESTER-001,MLSignalStrategyV2-V2,EUR/USD.IDEALPRO,IDEALPRO-1-1156,IDEALPRO-001,IDEALPRO-1-185960,EUR/USD.IDEALPRO-MLSignalStrategyV2-V2,BUY,MARKET,100000.00,1.08221,USD,2.16 USD,TAKER,f1e40dad-c9fa-440b-af1d-f05b8ea66108,2025-04-02 22:30:00+00:00,2025-04-02 22:30:00+00:00,{},False
O-20250402-223000-001-V2-1158,BACKTESTER-001,MLSignalStrategyV2-V2,EUR/USD.IDEALPRO,IDEALPRO-1-1158,IDEALPRO-001,IDEALPRO-1-186063,EUR/USD.IDEALPRO-MLSignalStrategyV2-V2,SELL,LIMIT,100000.00,1.08648,USD,2.17 USD,MAKER,a0a1b959-c198-4e89-ab74-4ebbdc4c8dd4,2025-04-02 23:21:00+00:00,2025-04-02 23:21:00+00:00,{},False
O-20250403-030000-001-V2-1159,BACKTESTER-001,MLSignalStrategyV2-V2,EUR/USD.IDEALPRO,IDEALPRO-1-1159,IDEALPRO-001,IDEALPRO-1-186502,EUR/USD.IDEALPRO-MLSignalStrategyV2-V2,BUY,MARKET,100000.00,1.09122,USD,2.18 USD,TAKER,12cbb3f7-3889-4674-bd19-25fc1288dc60,2025-04-03 03:00:00+00:00,2025-04-03 03:00:00+00:00,{},False
O-20250403-030000-001-V2-1161,BACKTESTER-001,MLSignalStrategyV2-V2,EUR/USD.IDEALPRO,IDEALPRO-1-1161,IDEALPRO-001,IDEALPRO-1-186795,EUR/USD.IDEALPRO-MLSignalStrategyV2-V2,SELL,LIMIT,100000.00,1.09353,USD,2.19 USD,MAKER,2c719fa7-7701-4fd7-a6af-38e71e5e20f5,2025-04-03 05:26:00+00:00,2025-04-03 05:26:00+00:00,{},False
O-20250403-061500-001-V2-1162,BACKTESTER-001,MLSignalStrategyV2-V2,EUR/USD.IDEALPRO,IDEALPRO-1-1162,IDEALPRO-001,IDEALPRO-1-186895,EUR/USD.IDEALPRO-MLSignalStrategyV2-V2,BUY,MARKET,100000.00,1.09459,USD,2.19 USD,TAKER,edcfe74a-bc66-4dfc-908a-66d510744cb9,2025-04-03 06:15:00+00:00,2025-04-03 06:15:00+00:00,{},False
O-20250403-061500-001-V2-1164,BACKTESTER-001,MLSignalStrategyV2-V2,EUR/USD.IDEALPRO,IDEALPRO-1-1164,IDEALPRO-001,IDEALPRO-1-186935,EUR/USD.IDEALPRO-MLSignalStrategyV2-V2,SELL,LIMIT,100000.00,1.09660,USD,2.19 USD,MAKER,4ed59f26-d475-43a5-bc12-1e6d17603f77,2025-04-03 06:35:00+00:00,2025-04-03 06:35:00+00:00,{},False
O-20250403-064500-001-V2-1165,BACKTESTER-001,MLSignalStrategyV2-V2,EUR/USD.IDEALPRO,IDEALPRO-1-1165,IDEALPRO-001,IDEALPRO-1-186956,EUR/USD.IDEALPRO-MLSignalStrategyV2-V2,BUY,MARKET,100000.00,1.09778,USD,2.20 USD,TAKER,37cd7239-f031-4cd5-a09a-72e0507c36c3,2025-04-03 06:45:00+00:00,2025-04-03 06:45:00+00:00,{},False
O-20250403-064500-001-V2-1166,BACKTESTER-001,MLSignalStrategyV2-V2,EUR/USD.IDEALPRO,IDEALPRO-1-1166,IDEALPRO-001,IDEALPRO-1-187031,EUR/USD.IDEALPRO-MLSignalStrategyV2-V2,SELL,STOP_MARKET,100000.00,1.09634,USD,2.19 USD,TAKER,d4223232-52e9-433d-a9ca-12a15a827dcb,2025-04-03 07:22:00+00:00,2025-04-03 07:22:00+00:00,{},False
O-20250403-104500-001-V2-1168,BACKTESTER-001,MLSignalStrategyV2-V2,EUR/USD.IDEALPRO,IDEALPRO-1-1168,IDEALPRO-001,IDEALPRO-1-187438,EUR/USD.IDEALPRO-MLSignalStrategyV2-V2,SELL,MARKET,100000.00,1.10698,USD,2.21 USD,TAKER,422b57c9-e484-4da8-9f27-5f8614599fd9,2025-04-03 10:45:00+00:00,2025-04-03 10:45:00+00:00,{},False
O-20250403-104500-001-V2-1169,BACKTESTER-001,MLSignalStrategyV2-V2,EUR/USD.IDEALPRO,IDEALPRO-1-1169,IDEALPRO-001,IDEALPRO-1-187601,EUR/USD.IDEALPRO-MLSignalStrategyV2-V2,BUY,STOP_MARKET,100000.00,1.11075,USD,2.22 USD,TAKER,01d4abd1-4903-4878-b64c-3458baa397d7,2025-04-03 12:06:00+00:00,2025-04-03 12:06:00+00:00,{},False
O-20250403-121500-001-V2-1171,BACKTESTER-001,MLSignalStrategyV2-V2,EUR/USD.IDEALPRO,IDEALPRO-1-1171,IDEALPRO-001,IDEALPRO-1-187620,EUR/USD.IDEALPRO-MLSignalStrategyV2-V2,SELL,MARKET,100000.00,1.10868,USD,2.22 USD,TAKER,5eaa228b-5ae0-4cd5-972e-76045d76c49c,2025-04-03 12:15:00+00:00,2025-04-03 12:15:00+00:00,{},False
O-20250403-121500-001-V2-1172,BACKTESTER-001,MLSignalStrategyV2-V2,EUR/USD.IDEALPRO,IDEALPRO-1-1172,IDEALPRO-001,IDEALPRO-1-187743,EUR/USD.IDEALPRO-MLSignalStrategyV2-V2,BUY,STOP_MARKET,100000.00,1.11201,USD,2.22 USD,TAKER,771af073-ef17-4f1a-bdd8-fc3bb2ed2e54,2025-04-03 13:16:00+00:00,2025-04-03 13:16:00+00:00,{},False
O-20250403-133000-001-V2-1174,BACKTESTER-001,MLSignalStrategyV2-V2,EUR/USD.IDEALPRO,IDEALPRO-1-1174,IDEALPRO-001,IDEALPRO-1-187772,EUR/USD.IDEALPRO-MLSignalStrategyV2-V2,SELL,MARKET,100000.00,1.10943,USD,2.22 USD,TAKER,0c8b775b-eeac-4a73-a9ec-62f29452d013,2025-04-03 13:30:00+00:00,2025-04-03 13:30:00+00:00,{},False
O-20250403-133000-001-V2-1175,BACKTESTER-001,MLSignalStrategyV2-V2,EUR/USD.IDEALPRO,IDEALPRO-1-1175,IDEALPRO-001,IDEALPRO-1-187927,EUR/USD.IDEALPRO-MLSignalStrategyV2-V2,BUY,STOP_MARKET,100000.00,1.11265,USD,2.23 USD,TAKER,13c7c132-9b8a-406f-9ada-b5e118324f28,2025-04-03 14:47:00+00:00,2025-04-03 14:47:00+00:00,{},False
O-20250403-150000-001-V2-1177,BACKTESTER-001,MLSignalStrategyV2-V2,EUR/USD.IDEALPRO,IDEALPRO-1-1177,IDEALPRO-001,IDEALPRO-1-187954,EUR/USD.IDEALPRO-MLSignalStrategyV2-V2,SELL,MARKET,100000.00,1.11183,USD,2.22 USD,TAKER,366d861d-44b4-4780-ba7f-e5cb90cdf5f8,2025-04-03 15:00:00+00:00,2025-04-03 15:00:00+00:00,{},False
O-20250403-150000-001-V2-1179,BACKTESTER-001,MLSignalStrategyV2-V2,EUR/USD.IDEALPRO,IDEALPRO-1-1179,IDEALPRO-001,IDEALPRO-1-187995,EUR/USD.IDEALPRO-MLSignalStrategyV2-V2,BUY,LIMIT,100000.00,1.10775,USD,2.22 USD,MAKER,e641642e-ec41-4ab2-ad08-ca7342245308,2025-04-03 15:20:00+00:00,2025-04-03 15:20:00+00:00,{},False
O-20250403-154500-001-V2-1180,BACKTESTER-001,MLSignalStrategyV2-V2,EUR/USD.IDEALPRO,IDEALPRO-1-1180,IDEALPRO-001,IDEALPRO-1-188046,EUR/USD.IDEALPRO-MLSignalStrategyV2-V2,BUY,MARKET,100000.00,1.10451,USD,2.21 USD,TAKER,7671b9a7-e883-4f2a-aa3b-e26938cda175,2025-04-03 15:45:00+00:00,2025-04-03 15:45:00+00:00,{},False
O-20250403-154500-001-V2-1181,BACKTESTER-001,MLSignalStrategyV2-V2,EUR/USD.IDEALPRO,IDEALPRO-1-1181,IDEALPRO-001,IDEALPRO-1-188289,EUR/USD.IDEALPRO-MLSignalStrategyV2-V2,SELL,STOP_MARKET,100000.00,1.10183,USD,2.20 USD,TAKER,1b109797-f102-44db-a52a-d43b74fe04b4,2025-04-03 17:46:00+00:00,2025-04-03 17:46:00+00:00,{},False
O-20250403-180000-001-V2-1183,BACKTESTER-001,MLSignalStrategyV2-V2,EUR/USD.IDEALPRO,IDEALPRO-1-1183,IDEALPRO-001,IDEALPRO-1-188318,EUR/USD.IDEALPRO-MLSignalStrategyV2-V2,BUY,MARKET,100000.00,1.10244,USD,2.20 USD,TAKER,ebb61ed3-25c3-416c-9bc7-eabfc9c69625,2025-04-03 18:00:00+00:00,2025-04-03 18:00:00+00:00,{},False
O-20250403-180000-001-V2-1185,BACKTESTER-001,MLSignalStrategyV2-V2,EUR/USD.IDEALPRO,IDEALPRO-1-1185,IDEALPRO-001,IDEALPRO-1-188657,EUR/USD.IDEALPRO-MLSignalStrategyV2-V2,SELL,LIMIT,100000.00,1.10499,USD,2.21 USD,MAKER,d76b37ac-2892-469c-96a4-2e8aa5e65af7,2025-04-03 20:49:00+00:00,2025-04-03 20:49:00+00:00,{},False
O-20250403-213000-001-V2-1186,BACKTESTER-001,MLSignalStrategyV2-V2,EUR/USD.IDEALPRO,IDEALPRO-1-1186,IDEALPRO-001,IDEALPRO-1-188710,EUR/USD.IDEALPRO-MLSignalStrategyV2-V2,SELL,MARKET,100000.00,1.10512,USD,2.21 USD,TAKER,03fc9cc4-2786-45d4-b7d7-71909cfc1f24,2025-04-03 21:30:00+00:00,2025-04-03 21:30:00+00:00,{},False
O-20250403-213000-001-V2-1187,BACKTESTER-001,MLSignalStrategyV2-V2,EUR/USD.IDEALPRO,IDEALPRO-1-1187,IDEALPRO-001,IDEALPRO-1-188817,EUR/USD.IDEALPRO-MLSignalStrategyV2-V2,BUY,STOP_MARKET,100000.00,1.10612,USD,2.21 USD,TAKER,d0e8179e-72ec-478e-a82e-841d60bffb96,2025-04-03 22:23:00+00:00,2025-04-03 22:23:00+00:00,{},False
O-20250403-234500-001-V2-1189,BACKTESTER-001,MLSignalStrategyV2-V2,EUR/USD.IDEALPRO,IDEALPRO-1-1189,IDEALPRO-001,IDEALPRO-1-188983,EUR/USD.IDEALPRO-MLSignalStrategyV2-V2,SELL,MARKET,100000.00,1.10467,USD,2.21 USD,TAKER,4ca80257-bff7-44c3-bf61-dae32e7824ab,2025-04-03 23:45:00+00:00,2025-04-03 23:45:00+00:00,{},False
O-20250403-234500-001-V2-1190,BACKTESTER-001,MLSignalStrategyV2-V2,EUR/USD.IDEALPRO,IDEALPRO-1-1190,IDEALPRO-001,IDEALPRO-1-189101,EUR/USD.IDEALPRO-MLSignalStrategyV2-V2,BUY,STOP_MARKET,100000.00,1.10564,USD,2.21 USD,TAKER,7d7ced4d-316c-42fb-86cb-b34ed65546a1,2025-04-04 00:44:00+00:00,2025-04-04 00:44:00+00:00,{},False
O-20250404-013000-001-V2-1192,BACKTESTER-001,MLSignalStrategyV2-V2,EUR/USD.IDEALPRO,IDEALPRO-1-1192,IDEALPRO-001,IDEALPRO-1-189194,EUR/USD.IDEALPRO-MLSignalStrategyV2-V2,BUY,MARKET,100000.00,1.10611,USD,2.21 USD,TAKER,e399158d-a912-4ee7-bf74-b583c6cbc617,2025-04-04 01:30:00+00:00,2025-04-04 01:30:00+00:00,{},False
O-20250404-013000-001-V2-1194,BACKTESTER-001,MLSignalStrategyV2-V2,EUR/USD.IDEALPRO,IDEALPRO-1-1194,IDEALPRO-001,IDEALPRO-1-189279,EUR/USD.IDEALPRO-MLSignalStrategyV2-V2,SELL,LIMIT,100000.00,1.10767,USD,2.22 USD,MAKER,5ba959fc-6d34-4512-a269-7da32dc66bdb,2025-04-04 02:12:00+00:00,2025-04-04 02:12:00+00:00,{},False
O-20250404-024500-001-V2-1195,BACKTESTER-001,MLSignalStrategyV2-V2,EUR/USD.IDEALPRO,IDEALPRO-1-1195,IDEALPRO-001,IDEALPRO-1-189346,EUR/USD.IDEALPRO-MLSignalStrategyV2-V2,BUY,MARKET,100000.00,1.10670,USD,2.21 USD,TAKER,4adbb448-d51d-4715-9e45-1043de51525d,2025-04-04 02:45:00+00:00,2025-04-04 02:45:00+00:00,{},False
O-20250404-024500-001-V2-1197,BACKTESTER-001,MLSignalStrategyV2-V2,EUR/USD.IDEALPRO,IDEALPRO-1-1197,IDEALPRO-001,IDEALPRO-1-189449,EUR/USD.IDEALPRO-MLSignalStrategyV2-V2,SELL,LIMIT,100000.00,1.10858,USD,2.22 USD,MAKER,e97752b3-edb5-45f5-9cbf-723a09d55b30,2025-04-04 03:36:00+00:00,2025-04-04 03:36:00+00:00,{},False
O-20250404-053000-001-V2-1198,BACKTESTER-001,MLSignalStrategyV2-V2,EUR/USD.IDEALPRO,IDEALPRO-1-1198,IDEALPRO-001,IDEALPRO-1-189678,EUR/USD.IDEALPRO-MLSignalStrategyV2-V2,SELL,MARKET,100000.00,1.11057,USD,2.22 USD,TAKER,8cfb3fc5-5ae7-4190-bfbd-9724b6066ebd,2025-04-04 05:30:00+00:00,2025-04-04 05:30:00+00:00,{},False
O-20250404-053000-001-V2-1200,BACKTESTER-001,MLSignalStrategyV2-V2,EUR/USD.IDEALPRO,IDEALPRO-1-1200,IDEALPRO-001,IDEALPRO-1-189687,EUR/USD.IDEALPRO-MLSignalStrategyV2-V2,BUY,LIMIT,100000.00,1.10890,USD,2.22 USD,MAKER,9e8bd6f2-96c1-43dd-a3e2-eec9e3910406,2025-04-04 05:34:00+00:00,2025-04-04 05:34:00+00:00,{},False
O-20250404-070000-001-V2-1201,BACKTESTER-001,MLSignalStrategyV2-V2,EUR/USD.IDEALPRO,IDEALPRO-1-1201,IDEALPRO-001,IDEALPRO-1-189860,EUR/USD.IDEALPRO-MLSignalStrategyV2-V2,BUY,MARKET,100000.00,1.10507,USD,2.21 USD,TAKER,a6687692-8348-45af-9053-559d008a1f85,2025-04-04 07:00:00+00:00,2025-04-04 07:00:00+00:00,{},False
O-20250404-070000-001-V2-1202,BACKTESTER-001,MLSignalStrategyV2-V2,EUR/USD.IDEALPRO,IDEALPRO-1-1202,IDEALPRO-001,IDEALPRO-1-189935,EUR/USD.IDEALPRO-MLSignalStrategyV2-V2,SELL,STOP_MARKET,100000.00,1.10380,USD,2.21 USD,TAKER,50974ee1-cae1-42e6-9e00-314798577f8c,2025-04-04 07:37:00+00:00,2025-04-04 07:37:00+00:00,{},False
O-20250404-074500-001-V2-1204,BACKTESTER-001,MLSignalStrategyV2-V2,EUR/USD.IDEALPRO,IDEALPRO-1-1204,IDEALPRO-001,IDEALPRO-1-189952,EUR/USD.IDEALPRO-MLSignalStrategyV2-V2,BUY,MARKET,100000.00,1.10225,USD,2.20 USD,TAKER,ff9c6225-fd6f-4929-8cbd-5656299e9010,2025-04-04 07:45:00+00:00,2025-04-04 07:45:00+00:00,{},False
O-20250404-074500-001-V2-1205,BACKTESTER-001,MLSignalStrategyV2-V2,EUR/USD.IDEALPRO,IDEALPRO-1-1205,IDEALPRO-001,IDEALPRO-1-189977,EUR/USD.IDEALPRO-MLSignalStrategyV2-V2,SELL,STOP_MARKET,100000.00,1.10052,USD,2.20 USD,TAKER,f7a3d89e-fbe3-4d0f-a182-fd93944de1ba,2025-04-04 07:57:00+00:00,2025-04-04 07:57:00+00:00,{},False
O-20250404-090000-001-V2-1207,BACKTESTER-001,MLSignalStrategyV2-V2,EUR/USD.IDEALPRO,IDEALPRO-1-1207,IDEALPRO-001,IDEALPRO-1-190105,EUR/USD.IDEALPRO-MLSignalStrategyV2-V2,BUY,MARKET,100000.00,1.09964,USD,2.20 USD,TAKER,fa12430b-d68d-4d24-9bb1-5e63d647ee9b,2025-04-04 09:00:00+00:00,2025-04-04 09:00:00+00:00,{},False
O-20250404-090000-001-V2-1208,BACKTESTER-001,MLSignalStrategyV2-V2,EUR/USD.IDEALPRO,IDEALPRO-1-1208,IDEALPRO-001,IDEALPRO-1-190117,EUR/USD.IDEALPRO-MLSignalStrategyV2-V2,SELL,STOP_MARKET,100000.00,1.09775,USD,2.20 USD,TAKER,4cdbf00b-8f3e-4c38-8470-1488b43bf210,2025-04-04 09:06:00+00:00,2025-04-04 09:06:00+00:00,{},False
O-20250404-091500-001-V2-1210,BACKTESTER-001,MLSignalStrategyV2-V2,EUR/USD.IDEALPRO,IDEALPRO-1-1210,IDEALPRO-001,IDEALPRO-1-190136,EUR/USD.IDEALPRO-MLSignalStrategyV2-V2,BUY,MARKET,100000.00,1.09787,USD,2.20 USD,TAKER,76812b61-348c-45bf-8729-a3ea2e2fb3ac,2025-04-04 09:15:00+00:00,2025-04-04 09:15:00+00:00,{},False
O-20250404-091500-001-V2-1212,BACKTESTER-001,MLSignalStrategyV2-V2,EUR/USD.IDEALPRO,IDEALPRO-1-1212,IDEALPRO-001,IDEALPRO-1-190269,EUR/USD.IDEALPRO-MLSignalStrategyV2-V2,SELL,LIMIT,100000.00,1.10067,USD,2.20 USD,MAKER,52077815-a30c-4c8b-be2e-51be1caf9cd4,2025-04-04 10:21:00+00:00,2025-04-04 10:21:00+00:00,{},False
O-20250404-130000-001-V2-1213,BACKTESTER-001,MLSignalStrategyV2-V2,EUR/USD.IDEALPRO,IDEALPRO-1-1213,IDEALPRO-001,IDEALPRO-1-190588,EUR/USD.IDEALPRO-MLSignalStrategyV2-V2,SELL,MARKET,100000.00,1.10197,USD,2.20 USD,TAKER,8689f54a-bbc5-4778-9d6a-64d1ee6885f9,2025-04-04 13:00:00+00:00,2025-04-04 13:00:00+00:00,{},False
O-20250404-130000-001-V2-1215,BACKTESTER-001,MLSignalStrategyV2-V2,EUR/USD.IDEALPRO,IDEALPRO-1-1215,IDEALPRO-001,IDEALPRO-1-190799,EUR/USD.IDEALPRO-MLSignalStrategyV2-V2,BUY,LIMIT,100000.00,1.09686,USD,2.19 USD,MAKER,1bb39719-0cca-449b-81a2-f4fc5167a5eb,2025-04-04 14:45:00+00:00,2025-04-04 14:45:00+00:00,{},False
O-20250404-151500-001-V2-1216,BACKTESTER-001,MLSignalStrategyV2-V2,EUR/USD.IDEALPRO,IDEALPRO-1-1216,IDEALPRO-001,IDEALPRO-1-190861,EUR/USD.IDEALPRO-MLSignalStrategyV2-V2,SELL,MARKET,100000.00,1.09969,USD,2.20 USD,TAKER,72056e53-c08c-46c3-ab76-dee56a121bda,2025-04-04 15:15:00+00:00,2025-04-04 15:15:00+00:00,{},False
O-20250404-151500-001-V2-1218,BACKTESTER-001,MLSignalStrategyV2-V2,EUR/USD.IDEALPRO,IDEALPRO-1-1218,IDEALPRO-001,IDEALPRO-1-191087,EUR/USD.IDEALPRO-MLSignalStrategyV2-V2,BUY,LIMIT,100000.00,1.09499,USD,2.19 USD,MAKER,3a8c992d-424b-4cac-8b15-5e149142da17,2025-04-04 17:08:00+00:00,2025-04-04 17:08:00+00:00,{},False
O-20250404-201500-001-V2-1219,BACKTESTER-001,MLSignalStrategyV2-V2,EUR/USD.IDEALPRO,IDEALPRO-1-1219,IDEALPRO-001,IDEALPRO-1-191463,EUR/USD.IDEALPRO-MLSignalStrategyV2-V2,SELL,MARKET,100000.00,1.09502,USD,2.19 USD,TAKER,94d77c96-a9e0-4e94-bb22-2e200fe303ea,2025-04-04 20:15:00+00:00,2025-04-04 20:15:00+00:00,{},False
O-20250404-201500-001-V2-1221,BACKTESTER-001,MLSignalStrategyV2-V2,EUR/USD.IDEALPRO,IDEALPRO-1-1221,IDEALPRO-001,IDEALPRO-1-191555,EUR/USD.IDEALPRO-MLSignalStrategyV2-V2,BUY,LIMIT,100000.00,1.08835,USD,2.18 USD,MAKER,4c4a62dc-3cb8-49e2-985c-80d79a631ab0,2025-04-06 21:16:00+00:00,2025-04-06 21:16:00+00:00,{},False
O-20250406-213000-001-V2-1222,BACKTESTER-001,MLSignalStrategyV2-V2,EUR/USD.IDEALPRO,IDEALPRO-1-1222,IDEALPRO-001,IDEALPRO-1-191584,EUR/USD.IDEALPRO-MLSignalStrategyV2-V2,BUY,MARKET,100000.00,1.08917,USD,2.18 USD,TAKER,ed106ccd-049e-405f-9b94-a572fc6294bf,2025-04-06 21:30:00+00:00,2025-04-06 21:30:00+00:00,{},False
O-20250406-213000-001-V2-1224,BACKTESTER-001,MLSignalStrategyV2-V2,EUR/USD.IDEALPRO,IDEALPRO-1-1224,IDEALPRO-001,IDEALPRO-1-191649,EUR/USD.IDEALPRO-MLSignalStrategyV2-V2,SELL,LIMIT,100000.00,1.09278,USD,2.19 USD,MAKER,5bf20e7a-8312-475e-8851-bad127d81a66,2025-04-06 22:02:00+00:00,2025-04-06 22:02:00+00:00,{},False
O-20250406-221500-001-V2-1225,BACKTESTER-001,MLSignalStrategyV2-V2,EUR/USD.IDEALPRO,IDEALPRO-1-1225,IDEALPRO-001,IDEALPRO-1-191676,EUR/USD.IDEALPRO-MLSignalStrategyV2-V2,BUY,MARKET,100000.00,1.09536,USD,2.19 USD,TAKER,a1cddb54-c6a4-4425-9b0f-7b029797ac2e,2025-04-06 22:15:00+00:00,2025-04-06 22:15:00+00:00,{},False
O-20250406-221500-001-V2-1227,BACKTESTER-001,MLSignalStrategyV2-V2,EUR/USD.IDEALPRO,IDEALPRO-1-1227,IDEALPRO-001,IDEALPRO-1-191695,EUR/USD.IDEALPRO-MLSignalStrategyV2-V2,SELL,LIMIT,100000.00,1.09947,USD,2.20 USD,MAKER,cdf2950c-c6a7-4be9-a46b-cadc706a8718,2025-04-06 22:24:00+00:00,2025-04-06 22:24:00+00:00,{},False
O-20250406-223000-001-V2-1228,BACKTESTER-001,MLSignalStrategyV2-V2,EUR/USD.IDEALPRO,IDEALPRO-1-1228,IDEALPRO-001,IDEALPRO-1-191708,EUR/USD.IDEALPRO-MLSignalStrategyV2-V2,BUY,MARKET,100000.00,1.09837,USD,2.20 USD,TAKER,eddab2e8-b1c3-4065-9654-bc0adfcce9b9,2025-04-06 22:30:00+00:00,2025-04-06 22:30:00+00:00,{},False
O-20250406-223000-001-V2-1229,BACKTESTER-001,MLSignalStrategyV2-V2,EUR/USD.IDEALPRO,IDEALPRO-1-1229,IDEALPRO-001,IDEALPRO-1-191911,EUR/USD.IDEALPRO-MLSignalStrategyV2-V2,SELL,STOP_MARKET,100000.00,1.09573,USD,2.19 USD,TAKER,214882bd-98cc-43b0-8a4e-c154250de2d8,2025-04-07 00:11:00+00:00,2025-04-07 00:11:00+00:00,{},False
O-20250407-020000-001-V2-1231,BACKTESTER-001,MLSignalStrategyV2-V2,EUR/USD.IDEALPRO,IDEALPRO-1-1231,IDEALPRO-001,IDEALPRO-1-192130,EUR/USD.IDEALPRO-MLSignalStrategyV2-V2,SELL,MARKET,100000.00,1.09679,USD,2.19 USD,TAKER,e8ff585a-6e45-4c50-95d0-a6f2afc4e91e,2025-04-07 02:00:00+00:00,2025-04-07 02:00:00+00:00,{},False
O-20250407-020000-001-V2-1233,BACKTESTER-001,MLSignalStrategyV2-V2,EUR/USD.IDEALPRO,IDEALPRO-1-1233,IDEALPRO-001,IDEALPRO-1-192185,EUR/USD.IDEALPRO-MLSignalStrategyV2-V2,BUY,LIMIT,100000.00,1.09395,USD,2.19 USD,MAKER,44e08d3f-86f1-4463-9186-8c17c1edeea9,2025-04-07 02:27:00+00:00,2025-04-07 02:27:00+00:00,{},False
O-20250407-023000-001-V2-1234,BACKTESTER-001,MLSignalStrategyV2-V2,EUR/USD.IDEALPRO,IDEALPRO-1-1234,IDEALPRO-001,IDEALPRO-1-192192,EUR/USD.IDEALPRO-MLSignalStrategyV2-V2,BUY,MARKET,100000.00,1.09368,USD,2.19 USD,TAKER,c248a81c-1baf-4b8b-b3b3-cc18ce1a2ba1,2025-04-07 02:30:00+00:00,2025-04-07 02:30:00+00:00,{},False
O-20250407-023000-001-V2-1236,BACKTESTER-001,MLSignalStrategyV2-V2,EUR/USD.IDEALPRO,IDEALPRO-1-1236,IDEALPRO-001,IDEALPRO-1-192405,EUR/USD.IDEALPRO-MLSignalStrategyV2-V2,SELL,LIMIT,100000.00,1.09640,USD,2.19 USD,MAKER,034a8f0b-b67c-4724-acaa-bd0d0b9bea0b,2025-04-07 04:16:00+00:00,2025-04-07 04:16:00+00:00,{},False
O-20250407-053000-001-V2-1237,BACKTESTER-001,MLSignalStrategyV2-V2,EUR/USD.IDEALPRO,IDEALPRO-1-1237,IDEALPRO-001,IDEALPRO-1-192554,EUR/USD.IDEALPRO-MLSignalStrategyV2-V2,BUY,MARKET,100000.00,1.09940,USD,2.20 USD,TAKER,0f27549f-a953-4f3e-a244-f96aeea57feb,2025-04-07 05:30:00+00:00,2025-04-07 05:30:00+00:00,{},False
O-20250407-053000-001-V2-1239,BACKTESTER-001,MLSignalStrategyV2-V2,EUR/USD.IDEALPRO,IDEALPRO-1-1239,IDEALPRO-001,IDEALPRO-1-192613,EUR/USD.IDEALPRO-MLSignalStrategyV2-V2,SELL,LIMIT,100000.00,1.10163,USD,2.20 USD,MAKER,d6f1db95-877f-480a-8829-fdd9a3812086,2025-04-07 05:59:00+00:00,2025-04-07 05:59:00+00:00,{},False
O-20250407-071500-001-V2-1240,BACKTESTER-001,MLSignalStrategyV2-V2,EUR/USD.IDEALPRO,IDEALPRO-1-1240,IDEALPRO-001,IDEALPRO-1-192766,EUR/USD.IDEALPRO-MLSignalStrategyV2-V2,SELL,MARKET,100000.00,1.10398,USD,2.21 USD,TAKER,fff906fc-1891-441c-a1b6-fa508d398b4e,2025-04-07 07:15:00+00:00,2025-04-07 07:15:00+00:00,{},False
O-20250407-071500-001-V2-1242,BACKTESTER-001,MLSignalStrategyV2-V2,EUR/USD.IDEALPRO,IDEALPRO-1-1242,IDEALPRO-001,IDEALPRO-1-192831,EUR/USD.IDEALPRO-MLSignalStrategyV2-V2,BUY,LIMIT,100000.00,1.10080,USD,2.20 USD,MAKER,d35c8799-14f4-433c-8dfd-9ecf4b43d6e1,2025-04-07 07:47:00+00:00,2025-04-07 07:47:00+00:00,{},False
O-20250407-080000-001-V2-1243,BACKTESTER-001,MLSignalStrategyV2-V2,EUR/USD.IDEALPRO,IDEALPRO-1-1243,IDEALPRO-001,IDEALPRO-1-192858,EUR/USD.IDEALPRO-MLSignalStrategyV2-V2,SELL,MARKET,100000.00,1.10007,USD,2.20 USD,TAKER,91d75a06-a404-4d63-80f9-73f10b7d51a0,2025-04-07 08:00:00+00:00,2025-04-07 08:00:00+00:00,{},False
O-20250407-080000-001-V2-1244,BACKTESTER-001,MLSignalStrategyV2-V2,EUR/USD.IDEALPRO,IDEALPRO-1-1244,IDEALPRO-001,IDEALPRO-1-192867,EUR/USD.IDEALPRO-MLSignalStrategyV2-V2,BUY,STOP_MARKET,100000.00,1.10220,USD,2.20 USD,TAKER,2188793f-ce7e-4941-b179-94599416ece3,2025-04-07 08:04:00+00:00,2025-04-07 08:04:00+00:00,{},False
O-20250407-103000-001-V2-1246,BACKTESTER-001,MLSignalStrategyV2-V2,EUR/USD.IDEALPRO,IDEALPRO-1-1246,IDEALPRO-001,IDEALPRO-1-193160,EUR/USD.IDEALPRO-MLSignalStrategyV2-V2,SELL,MARKET,100000.00,1.09853,USD,2.20 USD,TAKER,56f32dae-4dd0-487a-b1c5-54bb48a8f400,2025-04-07 10:30:00+00:00,2025-04-07 10:30:00+00:00,{},False
O-20250407-103000-001-V2-1248,BACKTESTER-001,MLSignalStrategyV2-V2,EUR/USD.IDEALPRO,IDEALPRO-1-1248,IDEALPRO-001,IDEALPRO-1-193225,EUR/USD.IDEALPRO-MLSignalStrategyV2-V2,BUY,LIMIT,100000.00,1.09554,USD,2.19 USD,MAKER,ff930c38-df92-4f61-a3e2-b210556318c7,2025-04-07 11:02:00+00:00,2025-04-07 11:02:00+00:00,{},False
O-20250407-113000-001-V2-1249,BACKTESTER-001,MLSignalStrategyV2-V2,EUR/USD.IDEALPRO,IDEALPRO-1-1249,IDEALPRO-001,IDEALPRO-1-193282,EUR/USD.IDEALPRO-MLSignalStrategyV2-V2,BUY,MARKET,100000.00,1.09442,USD,2.19 USD,TAKER,6c25f8e5-bd2f-4c58-a775-80d3ac7a6a92,2025-04-07 11:30:00+00:00,2025-04-07 11:30:00+00:00,{},False
O-20250407-113000-001-V2-1251,BACKTESTER-001,MLSignalStrategyV2-V2,EUR/USD.IDEALPRO,IDEALPRO-1-1251,IDEALPRO-001,IDEALPRO-1-193427,EUR/USD.IDEALPRO-MLSignalStrategyV2-V2,SELL,LIMIT,100000.00,1.09736,USD,2.19 USD,MAKER,7ff51822-76f4-4da8-9d7f-8d9f40701c8c,2025-04-07 12:42:00+00:00,2025-04-07 12:42:00+00:00,{},False
O-20250407-124500-001-V2-1252,BACKTESTER-001,MLSignalStrategyV2-V2,EUR/USD.IDEALPRO,IDEALPRO-1-1252,IDEALPRO-001,IDEALPRO-1-193434,EUR/USD.IDEALPRO-MLSignalStrategyV2-V2,SELL,MARKET,100000.00,1.09718,USD,2.19 USD,TAKER,514dca30-ab90-44b2-8c12-afbb596e5f0e,2025-04-07 12:45:00+00:00,2025-04-07 12:45:00+00:00,{},False
O-20250407-124500-001-V2-1254,BACKTESTER-001,MLSignalStrategyV2-V2,EUR/USD.IDEALPRO,IDEALPRO-1-1254,IDEALPRO-001,IDEALPRO-1-193563,EUR/USD.IDEALPRO-MLSignalStrategyV2-V2,BUY,LIMIT,100000.00,1.09405,USD,2.19 USD,MAKER,ba319aac-7f04-4161-8817-184bd7b2ab91,2025-04-07 13:49:00+00:00,2025-04-07 13:49:00+00:00,{},False
O-20250407-140000-001-V2-1255,BACKTESTER-001,MLSignalStrategyV2-V2,EUR/USD.IDEALPRO,IDEALPRO-1-1255,IDEALPRO-001,IDEALPRO-1-193586,EUR/USD.IDEALPRO-MLSignalStrategyV2-V2,SELL,MARKET,100000.00,1.09414,USD,2.19 USD,TAKER,32a5a828-1329-4875-89e6-a2464ad79766,2025-04-07 14:00:00+00:00,2025-04-07 14:00:00+00:00,{},False
O-20250407-140000-001-V2-1256,BACKTESTER-001,MLSignalStrategyV2-V2,EUR/USD.IDEALPRO,IDEALPRO-1-1256,IDEALPRO-001,IDEALPRO-1-193609,EUR/USD.IDEALPRO-MLSignalStrategyV2-V2,BUY,STOP_MARKET,100000.00,1.09726,USD,2.19 USD,TAKER,3d7bf0e4-d733-4a16-94af-c24146d517d4,2025-04-07 14:11:00+00:00,2025-04-07 14:11:00+00:00,{},False
O-20250407-141500-001-V2-1258,BACKTESTER-001,MLSignalStrategyV2-V2,EUR/USD.IDEALPRO,IDEALPRO-1-1258,IDEALPRO-001,IDEALPRO-1-193618,EUR/USD.IDEALPRO-MLSignalStrategyV2-V2,SELL,MARKET,100000.00,1.09644,USD,2.19 USD,TAKER,a5303cfe-f3ca-483f-8efc-28aa94bfc625,2025-04-07 14:15:00+00:00,2025-04-07 14:15:00+00:00,{},False
O-20250407-141500-001-V2-1260,BACKTESTER-001,MLSignalStrategyV2-V2,EUR/USD.IDEALPRO,IDEALPRO-1-1260,IDEALPRO-001,IDEALPRO-1-193683,EUR/USD.IDEALPRO-MLSignalStrategyV2-V2,BUY,LIMIT,100000.00,1.09318,USD,2.19 USD,MAKER,1da7b553-4cf9-45c7-878a-24e9261dde32,2025-04-07 14:47:00+00:00,2025-04-07 14:47:00+00:00,{},False
O-20250407-171500-001-V2-1261,BACKTESTER-001,MLSignalStrategyV2-V2,EUR/USD.IDEALPRO,IDEALPRO-1-1261,IDEALPRO-001,IDEALPRO-1-193980,EUR/USD.IDEALPRO-MLSignalStrategyV2-V2,SELL,MARKET,100000.00,1.09366,USD,2.19 USD,TAKER,8e211511-0b12-475b-9ca2-a25fe12496e0,2025-04-07 17:15:00+00:00,2025-04-07 17:15:00+00:00,{},False
O-20250407-171500-001-V2-1263,BACKTESTER-001,MLSignalStrategyV2-V2,EUR/USD.IDEALPRO,IDEALPRO-1-1263,IDEALPRO-001,IDEALPRO-1-194357,EUR/USD.IDEALPRO-MLSignalStrategyV2-V2,BUY,LIMIT,100000.00,1.09070,USD,2.18 USD,MAKER,9841a0c3-9c44-4786-9c46-de603437a10d,2025-04-07 20:23:00+00:00,2025-04-07 20:23:00+00:00,{},False
O-20250407-204500-001-V2-1264,BACKTESTER-001,MLSignalStrategyV2-V2,EUR/USD.IDEALPRO,IDEALPRO-1-1264,IDEALPRO-001,IDEALPRO-1-194402,EUR/USD.IDEALPRO-MLSignalStrategyV2-V2,BUY,MARKET,100000.00,1.09058,USD,2.18 USD,TAKER,5846870a-bcc7-409b-87d6-6754384e87b0,2025-04-07 20:45:00+00:00,2025-04-07 20:45:00+00:00,{},False
O-20250407-204500-001-V2-1266,BACKTESTER-001,MLSignalStrategyV2-V2,EUR/USD.IDEALPRO,IDEALPRO-1-1266,IDEALPRO-001,IDEALPRO-1-194811,EUR/USD.IDEALPRO-MLSignalStrategyV2-V2,SELL,LIMIT,100000.00,1.09321,USD,2.19 USD,MAKER,569f41dc-b860-41a2-9b24-f2582f904a89,2025-04-08 00:24:00+00:00,2025-04-08 00:24:00+00:00,{},False
O-20250408-003000-001-V2-1267,BACKTESTER-001,MLSignalStrategyV2-V2,EUR/USD.IDEALPRO,IDEALPRO-1-1267,IDEALPRO-001,IDEALPRO-1-194824,EUR/USD.IDEALPRO-MLSignalStrategyV2-V2,BUY,MARKET,100000.00,1.09353,USD,2.19 USD,TAKER,1b860a39-6537-4484-b8a2-ec3a1caec6d1,2025-04-08 00:30:00+00:00,2025-04-08 00:30:00+00:00,{},False
O-20250408-003000-001-V2-1269,BACKTESTER-001,MLSignalStrategyV2-V2,EUR/USD.IDEALPRO,IDEALPRO-1-1269,IDEALPRO-001,IDEALPRO-1-194873,EUR/USD.IDEALPRO-MLSignalStrategyV2-V2,SELL,LIMIT,100000.00,1.09502,USD,2.19 USD,MAKER,9ca809b3-1bd0-4e70-a0fa-8ffaeab755b8,2025-04-08 00:54:00+00:00,2025-04-08 00:54:00+00:00,{},False
O-20250408-011500-001-V2-1270,BACKTESTER-001,MLSignalStrategyV2-V2,EUR/USD.IDEALPRO,IDEALPRO-1-1270,IDEALPRO-001,IDEALPRO-1-194916,EUR/USD.IDEALPRO-MLSignalStrategyV2-V2,BUY,MARKET,100000.00,1.09464,USD,2.19 USD,TAKER,254569ef-a7ae-4b06-86aa-a8b42756d0c9,2025-04-08 01:15:00+00:00,2025-04-08 01:15:00+00:00,{},False
O-20250408-011500-001-V2-1272,BACKTESTER-001,MLSignalStrategyV2-V2,EUR/USD.IDEALPRO,IDEALPRO-1-1272,IDEALPRO-001,IDEALPRO-1-194991,EUR/USD.IDEALPRO-MLSignalStrategyV2-V2,SELL,LIMIT,100000.00,1.09617,USD,2.19 USD,MAKER,c4ed74a8-3460-4727-a9b1-a52c795392b3,2025-04-08 01:52:00+00:00,2025-04-08 01:52:00+00:00,{},False
O-20250408-081500-001-V2-1273,BACKTESTER-001,MLSignalStrategyV2-V2,EUR/USD.IDEALPRO,IDEALPRO-1-1273,IDEALPRO-001,IDEALPRO-1-195758,EUR/USD.IDEALPRO-MLSignalStrategyV2-V2,SELL,MARKET,100000.00,1.09403,USD,2.19 USD,TAKER,5c280904-dfad-4439-b915-ceb2174d1727,2025-04-08 08:15:00+00:00,2025-04-08 08:15:00+00:00,{},False
O-20250408-081500-001-V2-1275,BACKTESTER-001,MLSignalStrategyV2-V2,EUR/USD.IDEALPRO,IDEALPRO-1-1275,IDEALPRO-001,IDEALPRO-1-195899,EUR/USD.IDEALPRO-MLSignalStrategyV2-V2,BUY,LIMIT,100000.00,1.09130,USD,2.18 USD,MAKER,e209e5d9-4f66-47cf-a7d4-c3ba3e13edf4,2025-04-08 09:25:00+00:00,2025-04-08 09:25:00+00:00,{},False
O-20250408-093000-001-V2-1276,BACKTESTER-001,MLSignalStrategyV2-V2,EUR/USD.IDEALPRO,IDEALPRO-1-1276,IDEALPRO-001,IDEALPRO-1-195910,EUR/USD.IDEALPRO-MLSignalStrategyV2-V2,BUY,MARKET,100000.00,1.09173,USD,2.18 USD,TAKER,a463518f-624e-40c9-a3b4-8a7a93155c41,2025-04-08 09:30:00+00:00,2025-04-08 09:30:00+00:00,{},False
O-20250408-093000-001-V2-1278,BACKTESTER-001,MLSignalStrategyV2-V2,EUR/USD.IDEALPRO,IDEALPRO-1-1278,IDEALPRO-001,IDEALPRO-1-196127,EUR/USD.IDEALPRO-MLSignalStrategyV2-V2,SELL,LIMIT,100000.00,1.09427,USD,2.19 USD,MAKER,e835094a-a7a2-4b50-a836-2324ac61708f,2025-04-08 11:18:00+00:00,2025-04-08 11:18:00+00:00,{},False
O-20250408-144500-001-V2-1279,BACKTESTER-001,MLSignalStrategyV2-V2,EUR/USD.IDEALPRO,IDEALPRO-1-1279,IDEALPRO-001,IDEALPRO-1-196543,EUR/USD.IDEALPRO-MLSignalStrategyV2-V2,BUY,MARKET,100000.00,1.08953,USD,2.18 USD,TAKER,d55ebd57-e4a1-4bbd-8c8b-5d2662d333d4,2025-04-08 14:45:00+00:00,2025-04-08 14:45:00+00:00,{},False
O-20250408-144500-001-V2-1281,BACKTESTER-001,MLSignalStrategyV2-V2,EUR/USD.IDEALPRO,IDEALPRO-1-1281,IDEALPRO-001,IDEALPRO-1-196785,EUR/USD.IDEALPRO-MLSignalStrategyV2-V2,SELL,LIMIT,100000.00,1.09257,USD,2.19 USD,MAKER,5819f38a-7059-4a51-b50a-475acb4ffba7,2025-04-08 16:46:00+00:00,2025-04-08 16:46:00+00:00,{},False
O-20250408-203000-001-V2-1282,BACKTESTER-001,MLSignalStrategyV2-V2,EUR/USD.IDEALPRO,IDEALPRO-1-1282,IDEALPRO-001,IDEALPRO-1-197235,EUR/USD.IDEALPRO-MLSignalStrategyV2-V2,BUY,MARKET,100000.00,1.09418,USD,2.19 USD,TAKER,566f3120-a26e-4bdc-b4e4-be457845b9c3,2025-04-08 20:30:00+00:00,2025-04-08 20:30:00+00:00,{},False
O-20250408-203000-001-V2-1284,BACKTESTER-001,MLSignalStrategyV2-V2,EUR/USD.IDEALPRO,IDEALPRO-1-1284,IDEALPRO-001,IDEALPRO-1-197389,EUR/USD.IDEALPRO-MLSignalStrategyV2-V2,SELL,LIMIT,100000.00,1.09635,USD,2.19 USD,MAKER,6237ad95-e8fb-47b1-9bcf-4115186cfece,2025-04-08 22:02:00+00:00,2025-04-08 22:02:00+00:00,{},False
O-20250408-221500-001-V2-1285,BACKTESTER-001,MLSignalStrategyV2-V2,EUR/USD.IDEALPRO,IDEALPRO-1-1285,IDEALPRO-001,IDEALPRO-1-197417,EUR/USD.IDEALPRO-MLSignalStrategyV2-V2,BUY,MARKET,100000.00,1.09677,USD,2.19 USD,TAKER,932fcfe7-3a0a-42a1-b805-c9f35ab2e5a0,2025-04-08 22:15:00+00:00,2025-04-08 22:15:00+00:00,{},False
O-20250408-221500-001-V2-1287,BACKTESTER-001,MLSignalStrategyV2-V2,EUR/USD.IDEALPRO,IDEALPRO-1-1287,IDEALPRO-001,IDEALPRO-1-197601,EUR/USD.IDEALPRO-MLSignalStrategyV2-V2,SELL,LIMIT,100000.00,1.09846,USD,2.20 USD,MAKER,a776be11-2280-4a33-ac7b-16d5b4fd0630,2025-04-08 23:47:00+00:00,2025-04-08 23:47:00+00:00,{},False
O-20250409-020000-001-V2-1288,BACKTESTER-001,MLSignalStrategyV2-V2,EUR/USD.IDEALPRO,IDEALPRO-1-1288,IDEALPRO-001,IDEALPRO-1-197868,EUR/USD.IDEALPRO-MLSignalStrategyV2-V2,BUY,MARKET,100000.00,1.10203,USD,2.20 USD,TAKER,467f0efb-123b-44b3-a2af-c81233c785b2,2025-04-09 02:00:00+00:00,2025-04-09 02:00:00+00:00,{},False
O-20250409-020000-001-V2-1290,BACKTESTER-001,MLSignalStrategyV2-V2,EUR/USD.IDEALPRO,IDEALPRO-1-1290,IDEALPRO-001,IDEALPRO-1-198147,EUR/USD.IDEALPRO-MLSignalStrategyV2-V2,SELL,LIMIT,100000.00,1.10450,USD,2.21 USD,MAKER,fdd3488a-26d7-4e9b-8ad0-aa8311801cdf,2025-04-09 04:19:00+00:00,2025-04-09 04:19:00+00:00,{},False
O-20250409-054500-001-V2-1291,BACKTESTER-001,MLSignalStrategyV2-V2,EUR/USD.IDEALPRO,IDEALPRO-1-1291,IDEALPRO-001,IDEALPRO-1-198320,EUR/USD.IDEALPRO-MLSignalStrategyV2-V2,BUY,MARKET,100000.00,1.10455,USD,2.21 USD,TAKER,da1c685a-1de2-4921-932f-8224dbc04ee0,2025-04-09 05:45:00+00:00,2025-04-09 05:45:00+00:00,{},False
O-20250409-054500-001-V2-1293,BACKTESTER-001,MLSignalStrategyV2-V2,EUR/USD.IDEALPRO,IDEALPRO-1-1293,IDEALPRO-001,IDEALPRO-1-198459,EUR/USD.IDEALPRO-MLSignalStrategyV2-V2,SELL,LIMIT,100000.00,1.10866,USD,2.22 USD,MAKER,b926fb83-9db4-42f6-958b-862fca836b15,2025-04-09 06:54:00+00:00,2025-04-09 06:54:00+00:00,{},False
O-20250409-080000-001-V2-1294,BACKTESTER-001,MLSignalStrategyV2-V2,EUR/USD.IDEALPRO,IDEALPRO-1-1294,IDEALPRO-001,IDEALPRO-1-198592,EUR/USD.IDEALPRO-MLSignalStrategyV2-V2,BUY,MARKET,100000.00,1.10155,USD,2.20 USD,TAKER,08a7f454-03cf-4e6a-8292-9063d52a6db3,2025-04-09 08:00:00+00:00,2025-04-09 08:00:00+00:00,{},False
O-20250409-080000-001-V2-1296,BACKTESTER-001,MLSignalStrategyV2-V2,EUR/USD.IDEALPRO,IDEALPRO-1-1296,IDEALPRO-001,IDEALPRO-1-198825,EUR/USD.IDEALPRO-MLSignalStrategyV2-V2,SELL,LIMIT,100000.00,1.10492,USD,2.21 USD,MAKER,f9a82db9-3a27-4e0c-8dcd-01515cc23015,2025-04-09 09:56:00+00:00,2025-04-09 09:56:00+00:00,{},False
O-20250409-143000-001-V2-1297,BACKTESTER-001,MLSignalStrategyV2-V2,EUR/USD.IDEALPRO,IDEALPRO-1-1297,IDEALPRO-001,IDEALPRO-1-199374,EUR/USD.IDEALPRO-MLSignalStrategyV2-V2,SELL,MARKET,100000.00,1.10433,USD,2.21 USD,TAKER,00b8b4d7-654d-4c10-b9d9-18ca47198a57,2025-04-09 14:30:00+00:00,2025-04-09 14:30:00+00:00,{},False
O-20250409-143000-001-V2-1298,BACKTESTER-001,MLSignalStrategyV2-V2,EUR/USD.IDEALPRO,IDEALPRO-1-1298,IDEALPRO-001,IDEALPRO-1-199503,EUR/USD.IDEALPRO-MLSignalStrategyV2-V2,BUY,STOP_MARKET,100000.00,1.10648,USD,2.21 USD,TAKER,7cfb8f6f-4bd2-4670-bb36-6ecef5a1fe34,2025-04-09 15:34:00+00:00,2025-04-09 15:34:00+00:00,{},False
O-20250409-160000-001-V2-1300,BACKTESTER-001,MLSignalStrategyV2-V2,EUR/USD.IDEALPRO,IDEALPRO-1-1300,IDEALPRO-001,IDEALPRO-1-199556,EUR/USD.IDEALPRO-MLSignalStrategyV2-V2,SELL,MARKET,100000.00,1.10383,USD,2.21 USD,TAKER,0ebe9106-9ace-4982-91b7-16166214bda2,2025-04-09 16:00:00+00:00,2025-04-09 16:00:00+00:00,{},False
O-20250409-160000-001-V2-1302,BACKTESTER-001,MLSignalStrategyV2-V2,EUR/USD.IDEALPRO,IDEALPRO-1-1302,IDEALPRO-001,IDEALPRO-1-199683,EUR/USD.IDEALPRO-MLSignalStrategyV2-V2,BUY,LIMIT,100000.00,1.10059,USD,2.20 USD,MAKER,859c52a4-c3e8-4f5d-8daf-c8a81155fed1,2025-04-09 17:03:00+00:00,2025-04-09 17:03:00+00:00,{},False
O-20250409-200000-001-V2-1303,BACKTESTER-001,MLSignalStrategyV2-V2,EUR/USD.IDEALPRO,IDEALPRO-1-1303,IDEALPRO-001,IDEALPRO-1-200038,EUR/USD.IDEALPRO-MLSignalStrategyV2-V2,BUY,MARKET,100000.00,1.09357,USD,2.19 USD,TAKER,f3f5e049-ed60-4336-8b60-224e1fd11a23,2025-04-09 20:00:00+00:00,2025-04-09 20:00:00+00:00,{},False
O-20250409-200000-001-V2-1305,BACKTESTER-001,MLSignalStrategyV2-V2,EUR/USD.IDEALPRO,IDEALPRO-1-1305,IDEALPRO-001,IDEALPRO-1-200606,EUR/USD.IDEALPRO-MLSignalStrategyV2-V2,SELL,LIMIT,100000.00,1.09863,USD,2.20 USD,MAKER,1764862f-0e23-4cfd-ad26-af988f68db0e,2025-04-10 00:58:00+00:00,2025-04-10 00:58:00+00:00,{},False
O-20250410-030000-001-V2-1306,BACKTESTER-001,MLSignalStrategyV2-V2,EUR/USD.IDEALPRO,IDEALPRO-1-1306,IDEALPRO-001,IDEALPRO-1-200850,EUR/USD.IDEALPRO-MLSignalStrategyV2-V2,BUY,MARKET,100000.00,1.09719,USD,2.19 USD,TAKER,7563665a-e8a3-41f0-8560-702eb260f975,2025-04-10 03:00:00+00:00,2025-04-10 03:00:00+00:00,{},False
O-20250410-030000-001-V2-1308,BACKTESTER-001,MLSignalStrategyV2-V2,EUR/USD.IDEALPRO,IDEALPRO-1-1308,IDEALPRO-001,IDEALPRO-1-200881,EUR/USD.IDEALPRO-MLSignalStrategyV2-V2,SELL,LIMIT,100000.00,1.09878,USD,2.20 USD,MAKER,583d9fd3-efa1-45fe-a1dd-62315934eba9,2025-04-10 03:15:00+00:00,2025-04-10 03:15:00+00:00,{},False
O-20250410-063000-001-V2-1309,BACKTESTER-001,MLSignalStrategyV2-V2,EUR/USD.IDEALPRO,IDEALPRO-1-1309,IDEALPRO-001,IDEALPRO-1-201272,EUR/USD.IDEALPRO-MLSignalStrategyV2-V2,BUY,MARKET,100000.00,1.09803,USD,2.20 USD,TAKER,00beb695-8c7a-4033-9260-122c2a124448,2025-04-10 06:30:00+00:00,2025-04-10 06:30:00+00:00,{},False
O-20250410-063000-001-V2-1310,BACKTESTER-001,MLSignalStrategyV2-V2,EUR/USD.IDEALPRO,IDEALPRO-1-1310,IDEALPRO-001,IDEALPRO-1-201287,EUR/USD.IDEALPRO-MLSignalStrategyV2-V2,SELL,STOP_MARKET,100000.00,1.09693,USD,2.19 USD,TAKER,c6dea461-aabd-4dcd-82d3-e9902e23b731,2025-04-10 06:37:00+00:00,2025-04-10 06:37:00+00:00,{},False
O-20250410-064500-001-V2-1312,BACKTESTER-001,MLSignalStrategyV2-V2,EUR/USD.IDEALPRO,IDEALPRO-1-1312,IDEALPRO-001,IDEALPRO-1-201304,EUR/USD.IDEALPRO-MLSignalStrategyV2-V2,BUY,MARKET,100000.00,1.09782,USD,2.20 USD,TAKER,053d93fe-c714-4835-a027-7c9d8a2ff31d,2025-04-10 06:45:00+00:00,2025-04-10 06:45:00+00:00,{},False
O-20250410-064500-001-V2-1313,BACKTESTER-001,MLSignalStrategyV2-V2,EUR/USD.IDEALPRO,IDEALPRO-1-1313,IDEALPRO-001,IDEALPRO-1-201325,EUR/USD.IDEALPRO-MLSignalStrategyV2-V2,SELL,STOP_MARKET,100000.00,1.09635,USD,2.19 USD,TAKER,47852186-574c-4fcc-a940-560135e107a2,2025-04-10 06:55:00+00:00,2025-04-10 06:55:00+00:00,{},False
O-20250410-090000-001-V2-1315,BACKTESTER-001,MLSignalStrategyV2-V2,EUR/USD.IDEALPRO,IDEALPRO-1-1315,IDEALPRO-001,IDEALPRO-1-201576,EUR/USD.IDEALPRO-MLSignalStrategyV2-V2,SELL,MARKET,100000.00,1.10377,USD,2.21 USD,TAKER,84523aa1-3679-4582-9014-75f0fa677e6c,2025-04-10 09:00:00+00:00,2025-04-10 09:00:00+00:00,{},False
O-20250410-090000-001-V2-1316,BACKTESTER-001,MLSignalStrategyV2-V2,EUR/USD.IDEALPRO,IDEALPRO-1-1316,IDEALPRO-001,IDEALPRO-1-201695,EUR/USD.IDEALPRO-MLSignalStrategyV2-V2,BUY,STOP_MARKET,100000.00,1.10582,USD,2.21 USD,TAKER,873cf2b1-dbb7-47dd-b1e7-946052c6a080,2025-04-10 09:59:00+00:00,2025-04-10 09:59:00+00:00,{},False
O-20250410-104500-001-V2-1318,BACKTESTER-001,MLSignalStrategyV2-V2,EUR/USD.IDEALPRO,IDEALPRO-1-1318,IDEALPRO-001,IDEALPRO-1-201788,EUR/USD.IDEALPRO-MLSignalStrategyV2-V2,BUY,MARKET,100000.00,1.10712,USD,2.21 USD,TAKER,8c0bf23e-c35a-43c5-a078-0fb75c99f784,2025-04-10 10:45:00+00:00,2025-04-10 10:45:00+00:00,{},False
O-20250410-104500-001-V2-1320,BACKTESTER-001,MLSignalStrategyV2-V2,EUR/USD.IDEALPRO,IDEALPRO-1-1320,IDEALPRO-001,IDEALPRO-1-201977,EUR/USD.IDEALPRO-MLSignalStrategyV2-V2,SELL,LIMIT,100000.00,1.10966,USD,2.22 USD,MAKER,d064785c-e25e-41a1-86b5-ce48b6890f3a,2025-04-10 12:19:00+00:00,2025-04-10 12:19:00+00:00,{},False
O-20250410-141500-001-V2-1321,BACKTESTER-001,MLSignalStrategyV2-V2,EUR/USD.IDEALPRO,IDEALPRO-1-1321,IDEALPRO-001,IDEALPRO-1-202211,EUR/USD.IDEALPRO-MLSignalStrategyV2-V2,BUY,MARKET,100000.00,1.11288,USD,2.23 USD,TAKER,a791d4b7-4415-4228-b048-ee0ae0bc5a61,2025-04-10 14:15:00+00:00,2025-04-10 14:15:00+00:00,{},False
O-20250410-141500-001-V2-1323,BACKTESTER-001,MLSignalStrategyV2-V2,EUR/USD.IDEALPRO,IDEALPRO-1-1323,IDEALPRO-001,IDEALPRO-1-202289,EUR/USD.IDEALPRO-MLSignalStrategyV2-V2,SELL,LIMIT,100000.00,1.11597,USD,2.23 USD,MAKER,1fa13c46-46fc-4a4e-9a1a-db3cc1369f82,2025-04-10 14:54:00+00:00,2025-04-10 14:54:00+00:00,{},False
O-20250410-180000-001-V2-1324,BACKTESTER-001,MLSignalStrategyV2-V2,EUR/USD.IDEALPRO,IDEALPRO-1-1324,IDEALPRO-001,IDEALPRO-1-202662,EUR/USD.IDEALPRO-MLSignalStrategyV2-V2,SELL,MARKET,100000.00,1.12101,USD,2.24 USD,TAKER,6e977487-a597-453d-8f3a-ac9ac5485ed4,2025-04-10 18:00:00+00:00,2025-04-10 18:00:00+00:00,{},False
O-20250410-180000-001-V2-1325,BACKTESTER-001,MLSignalStrategyV2-V2,EUR/USD.IDEALPRO,IDEALPRO-1-1325,IDEALPRO-001,IDEALPRO-1-202713,EUR/USD.IDEALPRO-MLSignalStrategyV2-V2,BUY,STOP_MARKET,100000.00,1.12394,USD,2.25 USD,TAKER,4549c251-0e0b-4f82-a724-3faf824099dc,2025-04-10 18:25:00+00:00,2025-04-10 18:25:00+00:00,{},False
O-20250410-183000-001-V2-1327,BACKTESTER-001,MLSignalStrategyV2-V2,EUR/USD.IDEALPRO,IDEALPRO-1-1327,IDEALPRO-001,IDEALPRO-1-202724,EUR/USD.IDEALPRO-MLSignalStrategyV2-V2,SELL,MARKET,100000.00,1.12371,USD,2.25 USD,TAKER,75934a13-d191-4e5e-912f-d542b7265355,2025-04-10 18:30:00+00:00,2025-04-10 18:30:00+00:00,{},False
O-20250410-183000-001-V2-1329,BACKTESTER-001,MLSignalStrategyV2-V2,EUR/USD.IDEALPRO,IDEALPRO-1-1329,IDEALPRO-001,IDEALPRO-1-202799,EUR/USD.IDEALPRO-MLSignalStrategyV2-V2,BUY,LIMIT,100000.00,1.12023,USD,2.24 USD,MAKER,f3a0d285-8fd9-4206-99ec-d0271be5c5ab,2025-04-10 19:07:00+00:00,2025-04-10 19:07:00+00:00,{},False
O-20250410-191500-001-V2-1330,BACKTESTER-001,MLSignalStrategyV2-V2,EUR/USD.IDEALPRO,IDEALPRO-1-1330,IDEALPRO-001,IDEALPRO-1-202816,EUR/USD.IDEALPRO-MLSignalStrategyV2-V2,SELL,MARKET,100000.00,1.11866,USD,2.24 USD,TAKER,e314158f-0b3e-4f6f-bf42-4782b6fa000f,2025-04-10 19:15:00+00:00,2025-04-10 19:15:00+00:00,{},False
O-20250410-191500-001-V2-1331,BACKTESTER-001,MLSignalStrategyV2-V2,EUR/USD.IDEALPRO,IDEALPRO-1-1331,IDEALPRO-001,IDEALPRO-1-203137,EUR/USD.IDEALPRO-MLSignalStrategyV2-V2,BUY,STOP_MARKET,100000.00,1.12122,USD,2.24 USD,TAKER,ae51e45c-f13a-4709-92aa-d5affbac2f92,2025-04-10 22:10:00+00:00,2025-04-10 22:10:00+00:00,{},False
O-20250411-011500-001-V2-1333,BACKTESTER-001,MLSignalStrategyV2-V2,EUR/USD.IDEALPRO,IDEALPRO-1-1333,IDEALPRO-001,IDEALPRO-1-203509,EUR/USD.IDEALPRO-MLSignalStrategyV2-V2,SELL,MARKET,100000.00,1.12902,USD,2.26 USD,TAKER,54b03176-3635-4ca1-a1f3-b52005ab7ece,2025-04-11 01:15:00+00:00,2025-04-11 01:15:00+00:00,{},False
O-20250411-011500-001-V2-1334,BACKTESTER-001,MLSignalStrategyV2-V2,EUR/USD.IDEALPRO,IDEALPRO-1-1334,IDEALPRO-001,IDEALPRO-1-203753,EUR/USD.IDEALPRO-MLSignalStrategyV2-V2,BUY,STOP_MARKET,100000.00,1.13245,USD,2.26 USD,TAKER,2c529663-08c2-414b-812e-c3c37f65bc0a,2025-04-11 03:17:00+00:00,2025-04-11 03:17:00+00:00,{},False
O-20250411-041500-001-V2-1336,BACKTESTER-001,MLSignalStrategyV2-V2,EUR/USD.IDEALPRO,IDEALPRO-1-1336,IDEALPRO-001,IDEALPRO-1-203870,EUR/USD.IDEALPRO-MLSignalStrategyV2-V2,SELL,MARKET,100000.00,1.13253,USD,2.27 USD,TAKER,c969985e-70f4-4569-86eb-b72dc5ee427f,2025-04-11 04:15:00+00:00,2025-04-11 04:15:00+00:00,{},False
O-20250411-041500-001-V2-1338,BACKTESTER-001,MLSignalStrategyV2-V2,EUR/USD.IDEALPRO,IDEALPRO-1-1338,IDEALPRO-001,IDEALPRO-1-204037,EUR/USD.IDEALPRO-MLSignalStrategyV2-V2,BUY,LIMIT,100000.00,1.12843,USD,2.26 USD,MAKER,6a109131-9595-4915-b021-5799d4a42d3e,2025-04-11 05:38:00+00:00,2025-04-11 05:38:00+00:00,{},False
O-20250411-054500-001-V2-1339,BACKTESTER-001,MLSignalStrategyV2-V2,EUR/USD.IDEALPRO,IDEALPRO-1-1339,IDEALPRO-001,IDEALPRO-1-204052,EUR/USD.IDEALPRO-MLSignalStrategyV2-V2,BUY,MARKET,100000.00,1.12753,USD,2.26 USD,TAKER,9116b252-004d-47c4-91ff-3ec03de8a672,2025-04-11 05:45:00+00:00,2025-04-11 05:45:00+00:00,{},False
O-20250411-054500-001-V2-1340,BACKTESTER-001,MLSignalStrategyV2-V2,EUR/USD.IDEALPRO,IDEALPRO-1-1340,IDEALPRO-001,IDEALPRO-1-204101,EUR/USD.IDEALPRO-MLSignalStrategyV2-V2,SELL,STOP_MARKET,100000.00,1.12563,USD,2.25 USD,TAKER,9c1c0585-c23f-4ebc-bc85-5189a29afd82,2025-04-11 06:09:00+00:00,2025-04-11 06:09:00+00:00,{},False
O-20250411-070000-001-V2-1342,BACKTESTER-001,MLSignalStrategyV2-V2,EUR/USD.IDEALPRO,IDEALPRO-1-1342,IDEALPRO-001,IDEALPRO-1-204204,EUR/USD.IDEALPRO-MLSignalStrategyV2-V2,BUY,MARKET,100000.00,1.12869,USD,2.26 USD,TAKER,cd2ac4ed-9dfc-437a-a620-06c93eb8e477,2025-04-11 07:00:00+00:00,2025-04-11 07:00:00+00:00,{},False
O-20250411-070000-001-V2-1344,BACKTESTER-001,MLSignalStrategyV2-V2,EUR/USD.IDEALPRO,IDEALPRO-1-1344,IDEALPRO-001,IDEALPRO-1-204217,EUR/USD.IDEALPRO-MLSignalStrategyV2-V2,SELL,LIMIT,100000.00,1.13198,USD,2.26 USD,MAKER,bea2f352-a0e8-471c-b004-b310daca691f,2025-04-11 07:06:00+00:00,2025-04-11 07:06:00+00:00,{},False
O-20250411-071500-001-V2-1345,BACKTESTER-001,MLSignalStrategyV2-V2,EUR/USD.IDEALPRO,IDEALPRO-1-1345,IDEALPRO-001,IDEALPRO-1-204236,EUR/USD.IDEALPRO-MLSignalStrategyV2-V2,SELL,MARKET,100000.00,1.13347,USD,2.27 USD,TAKER,329a03f3-ed7c-4ddc-8373-371ab1b74084,2025-04-11 07:15:00+00:00,2025-04-11 07:15:00+00:00,{},False
O-20250411-071500-001-V2-1346,BACKTESTER-001,MLSignalStrategyV2-V2,EUR/USD.IDEALPRO,IDEALPRO-1-1346,IDEALPRO-001,IDEALPRO-1-204273,EUR/USD.IDEALPRO-MLSignalStrategyV2-V2,BUY,STOP_MARKET,100000.00,1.13622,USD,2.27 USD,TAKER,e2f79a95-2630-484d-9221-a2a8559f46a7,2025-04-11 07:33:00+00:00,2025-04-11 07:33:00+00:00,{},False
O-20250411-074500-001-V2-1348,BACKTESTER-001,MLSignalStrategyV2-V2,EUR/USD.IDEALPRO,IDEALPRO-1-1348,IDEALPRO-001,IDEALPRO-1-204298,EUR/USD.IDEALPRO-MLSignalStrategyV2-V2,SELL,MARKET,100000.00,1.13489,USD,2.27 USD,TAKER,dcbd802e-4489-435e-be1a-941e87f6109c,2025-04-11 07:45:00+00:00,2025-04-11 07:45:00+00:00,{},False
O-20250411-074500-001-V2-1349,BACKTESTER-001,MLSignalStrategyV2-V2,EUR/USD.IDEALPRO,IDEALPRO-1-1349,IDEALPRO-001,IDEALPRO-1-204333,EUR/USD.IDEALPRO-MLSignalStrategyV2-V2,BUY,STOP_MARKET,100000.00,1.13778,USD,2.28 USD,TAKER,ce9498d8-451f-42de-bd6d-b4e61ba02950,2025-04-11 08:02:00+00:00,2025-04-11 08:02:00+00:00,{},False
O-20250411-090000-001-V2-1351,BACKTESTER-001,MLSignalStrategyV2-V2,EUR/USD.IDEALPRO,IDEALPRO-1-1351,IDEALPRO-001,IDEALPRO-1-204450,EUR/USD.IDEALPRO-MLSignalStrategyV2-V2,SELL,MARKET,100000.00,1.14272,USD,2.29 USD,TAKER,77f44add-e3fa-4262-9213-9d9d34b48746,2025-04-11 09:00:00+00:00,2025-04-11 09:00:00+00:00,{},False
O-20250411-090000-001-V2-1353,BACKTESTER-001,MLSignalStrategyV2-V2,EUR/USD.IDEALPRO,IDEALPRO-1-1353,IDEALPRO-001,IDEALPRO-1-204573,EUR/USD.IDEALPRO-MLSignalStrategyV2-V2,BUY,LIMIT,100000.00,1.13620,USD,2.27 USD,MAKER,3f6c8ea8-abe2-4afc-92a0-44deff134dea,2025-04-11 10:01:00+00:00,2025-04-11 10:01:00+00:00,{},False
O-20250411-103000-001-V2-1354,BACKTESTER-001,MLSignalStrategyV2-V2,EUR/USD.IDEALPRO,IDEALPRO-1-1354,IDEALPRO-001,IDEALPRO-1-204632,EUR/USD.IDEALPRO-MLSignalStrategyV2-V2,BUY,MARKET,100000.00,1.13617,USD,2.27 USD,TAKER,1d1571be-b3e4-4ddb-88f1-f7e0ac68b0cc,2025-04-11 10:30:00+00:00,2025-04-11 10:30:00+00:00,{},False
O-20250411-103000-001-V2-1355,BACKTESTER-001,MLSignalStrategyV2-V2,EUR/USD.IDEALPRO,IDEALPRO-1-1355,IDEALPRO-001,IDEALPRO-1-204687,EUR/USD.IDEALPRO-MLSignalStrategyV2-V2,SELL,STOP_MARKET,100000.00,1.13245,USD,2.26 USD,TAKER,1a1b2ff9-5a25-4d97-b7ab-bc1751558487,2025-04-11 10:57:00+00:00,2025-04-11 10:57:00+00:00,{},False
O-20250411-130000-001-V2-1357,BACKTESTER-001,MLSignalStrategyV2-V2,EUR/USD.IDEALPRO,IDEALPRO-1-1357,IDEALPRO-001,IDEALPRO-1-204934,EUR/USD.IDEALPRO-MLSignalStrategyV2-V2,SELL,MARKET,100000.00,1.13955,USD,2.28 USD,TAKER,89df6841-5bef-4096-8cb1-62f05207ebc6,2025-04-11 13:00:00+00:00,2025-04-11 13:00:00+00:00,{},False
O-20250411-130000-001-V2-1359,BACKTESTER-001,MLSignalStrategyV2-V2,EUR/USD.IDEALPRO,IDEALPRO-1-1359,IDEALPRO-001,IDEALPRO-1-205015,EUR/USD.IDEALPRO-MLSignalStrategyV2-V2,BUY,LIMIT,100000.00,1.13253,USD,2.27 USD,MAKER,69a6419d-47c6-4eed-8dd9-749858d2d1c1,2025-04-11 13:40:00+00:00,2025-04-11 13:40:00+00:00,{},False
O-20250411-134500-001-V2-1360,BACKTESTER-001,MLSignalStrategyV2-V2,EUR/USD.IDEALPRO,IDEALPRO-1-1360,IDEALPRO-001,IDEALPRO-1-205026,EUR/USD.IDEALPRO-MLSignalStrategyV2-V2,SELL,MARKET,100000.00,1.13813,USD,2.28 USD,TAKER,b7cf6616-9ef0-4b27-9e5d-e9a702c0cdf6,2025-04-11 13:45:00+00:00,2025-04-11 13:45:00+00:00,{},False
O-20250411-134500-001-V2-1362,BACKTESTER-001,MLSignalStrategyV2-V2,EUR/USD.IDEALPRO,IDEALPRO-1-1362,IDEALPRO-001,IDEALPRO-1-205037,EUR/USD.IDEALPRO-MLSignalStrategyV2-V2,BUY,LIMIT,100000.00,1.13241,USD,2.26 USD,MAKER,2d0f6125-f005-4620-96e0-93ba83667b6c,2025-04-11 13:50:00+00:00,2025-04-11 13:50:00+00:00,{},False
O-20250411-151500-001-V2-1363,BACKTESTER-001,MLSignalStrategyV2-V2,EUR/USD.IDEALPRO,IDEALPRO-1-1363,IDEALPRO-001,IDEALPRO-1-205208,EUR/USD.IDEALPRO-MLSignalStrategyV2-V2,BUY,MARKET,100000.00,1.13278,USD,2.27 USD,TAKER,6fcf3fd3-b211-4fbc-a74b-051640bb4851,2025-04-11 15:15:00+00:00,2025-04-11 15:15:00+00:00,{},False
O-20250411-151500-001-V2-1364,BACKTESTER-001,MLSignalStrategyV2-V2,EUR/USD.IDEALPRO,IDEALPRO-1-1364,IDEALPRO-001,IDEALPRO-1-205339,EUR/USD.IDEALPRO-MLSignalStrategyV2-V2,SELL,STOP_MARKET,100000.00,1.12924,USD,2.26 USD,TAKER,d96b0efc-a7e3-44d1-b1ac-aca63be56b3b,2025-04-11 16:20:00+00:00,2025-04-11 16:20:00+00:00,{},False
O-20250411-163000-001-V2-1366,BACKTESTER-001,MLSignalStrategyV2-V2,EUR/USD.IDEALPRO,IDEALPRO-1-1366,IDEALPRO-001,IDEALPRO-1-205360,EUR/USD.IDEALPRO-MLSignalStrategyV2-V2,BUY,MARKET,100000.00,1.12899,USD,2.26 USD,TAKER,f945e6ad-18d8-4263-a41e-64cc1e4c394c,2025-04-11 16:30:00+00:00,2025-04-11 16:30:00+00:00,{},False
O-20250411-163000-001-V2-1368,BACKTESTER-001,MLSignalStrategyV2-V2,EUR/USD.IDEALPRO,IDEALPRO-1-1368,IDEALPRO-001,IDEALPRO-1-205709,EUR/USD.IDEALPRO-MLSignalStrategyV2-V2,SELL,LIMIT,100000.00,1.13367,USD,2.27 USD,MAKER,b8cc470b-0057-484d-85f2-d04dc07d2ef4,2025-04-11 19:24:00+00:00,2025-04-11 19:24:00+00:00,{},False
O-20250411-200000-001-V2-1369,BACKTESTER-001,MLSignalStrategyV2-V2,EUR/USD.IDEALPRO,IDEALPRO-1-1369,IDEALPRO-001,IDEALPRO-1-205782,EUR/USD.IDEALPRO-MLSignalStrategyV2-V2,SELL,MARKET,100000.00,1.13417,USD,2.27 USD,TAKER,d6f12c8b-a885-4537-b39e-53526adc8912,2025-04-11 20:00:00+00:00,2025-04-11 20:00:00+00:00,{},False
O-20250411-200000-001-V2-1370,BACKTESTER-001,MLSignalStrategyV2-V2,EUR/USD.IDEALPRO,IDEALPRO-1-1370,IDEALPRO-001,IDEALPRO-1-205901,EUR/USD.IDEALPRO-MLSignalStrategyV2-V2,BUY,STOP_MARKET,100000.00,1.13613,USD,2.27 USD,TAKER,8ee569c6-0ef6-492c-a27e-f789f72cd92f,2025-04-11 20:59:00+00:00,2025-04-11 20:59:00+00:00,{},False
O-20250413-213000-001-V2-1372,BACKTESTER-001,MLSignalStrategyV2-V2,EUR/USD.IDEALPRO,IDEALPRO-1-1372,IDEALPRO-001,IDEALPRO-1-205934,EUR/USD.IDEALPRO-MLSignalStrategyV2-V2,BUY,MARKET,100000.00,1.13193,USD,2.26 USD,TAKER,b6c76e53-389c-4bf4-a596-544b7b40caa3,2025-04-13 21:30:00+00:00,2025-04-13 21:30:00+00:00,{},False
O-20250413-213000-001-V2-1374,BACKTESTER-001,MLSignalStrategyV2-V2,EUR/USD.IDEALPRO,IDEALPRO-1-1374,IDEALPRO-001,IDEALPRO-1-206057,EUR/USD.IDEALPRO-MLSignalStrategyV2-V2,SELL,LIMIT,100000.00,1.13504,USD,2.27 USD,MAKER,1c0ca7ca-3dd4-4973-a81d-18a8854db19c,2025-04-13 22:31:00+00:00,2025-04-13 22:31:00+00:00,{},False
O-20250413-224500-001-V2-1375,BACKTESTER-001,MLSignalStrategyV2-V2,EUR/USD.IDEALPRO,IDEALPRO-1-1375,IDEALPRO-001,IDEALPRO-1-206086,EUR/USD.IDEALPRO-MLSignalStrategyV2-V2,BUY,MARKET,100000.00,1.13406,USD,2.27 USD,TAKER,76e07472-238b-4e98-bced-012b847c8967,2025-04-13 22:45:00+00:00,2025-04-13 22:45:00+00:00,{},False
O-20250413-224500-001-V2-1376,BACKTESTER-001,MLSignalStrategyV2-V2,EUR/USD.IDEALPRO,IDEALPRO-1-1376,IDEALPRO-001,IDEALPRO-1-206173,EUR/USD.IDEALPRO-MLSignalStrategyV2-V2,SELL,STOP_MARKET,100000.00,1.13267,USD,2.27 USD,TAKER,e8820cef-959c-4bd2-9f1b-5a69e26b64ac,2025-04-13 23:28:00+00:00,2025-04-13 23:28:00+00:00,{},False
O-20250413-233000-001-V2-1378,BACKTESTER-001,MLSignalStrategyV2-V2,EUR/USD.IDEALPRO,IDEALPRO-1-1378,IDEALPRO-001,IDEALPRO-1-206178,EUR/USD.IDEALPRO-MLSignalStrategyV2-V2,BUY,MARKET,100000.00,1.13288,USD,2.27 USD,TAKER,cacbe94b-450a-4166-8dd3-81dcea5f0f91,2025-04-13 23:30:00+00:00,2025-04-13 23:30:00+00:00,{},False
O-20250413-233000-001-V2-1380,BACKTESTER-001,MLSignalStrategyV2-V2,EUR/USD.IDEALPRO,IDEALPRO-1-1380,IDEALPRO-001,IDEALPRO-1-206247,EUR/USD.IDEALPRO-MLSignalStrategyV2-V2,SELL,LIMIT,100000.00,1.13521,USD,2.27 USD,MAKER,720a73ff-f6e4-4e65-87e4-7d09a60f0019,2025-04-14 00:04:00+00:00,2025-04-14 00:04:00+00:00,{},False
O-20250414-023000-001-V2-1381,BACKTESTER-001,MLSignalStrategyV2-V2,EUR/USD.IDEALPRO,IDEALPRO-1-1381,IDEALPRO-001,IDEALPRO-1-206541,EUR/USD.IDEALPRO-MLSignalStrategyV2-V2,BUY,MARKET,100000.00,1.13894,USD,2.28 USD,TAKER,a3732518-7b0e-40c0-baf4-50ccb987be75,2025-04-14 02:30:00+00:00,2025-04-14 02:30:00+00:00,{},False
O-20250414-023000-001-V2-1382,BACKTESTER-001,MLSignalStrategyV2-V2,EUR/USD.IDEALPRO,IDEALPRO-1-1382,IDEALPRO-001,IDEALPRO-1-206625,EUR/USD.IDEALPRO-MLSignalStrategyV2-V2,SELL,STOP_MARKET,100000.00,1.13681,USD,2.27 USD,TAKER,60da3a4e-b488-4817-af25-087f95551b39,2025-04-14 03:12:00+00:00,2025-04-14 03:12:00+00:00,{},False
O-20250414-073000-001-V2-1384,BACKTESTER-001,MLSignalStrategyV2-V2,EUR/USD.IDEALPRO,IDEALPRO-1-1384,IDEALPRO-001,IDEALPRO-1-207143,EUR/USD.IDEALPRO-MLSignalStrategyV2-V2,SELL,MARKET,100000.00,1.13994,USD,2.28 USD,TAKER,43279f7a-6762-4304-ae35-536af2be933d,2025-04-14 07:30:00+00:00,2025-04-14 07:30:00+00:00,{},False
O-20250414-073000-001-V2-1386,BACKTESTER-001,MLSignalStrategyV2-V2,EUR/USD.IDEALPRO,IDEALPRO-1-1386,IDEALPRO-001,IDEALPRO-1-207709,EUR/USD.IDEALPRO-MLSignalStrategyV2-V2,BUY,LIMIT,100000.00,1.13687,USD,2.27 USD,MAKER,1d275bc6-b720-44f2-bda2-cab9bee57e34,2025-04-14 12:13:00+00:00,2025-04-14 12:13:00+00:00,{},False
O-20250414-123000-001-V2-1387,BACKTESTER-001,MLSignalStrategyV2-V2,EUR/USD.IDEALPRO,IDEALPRO-1-1387,IDEALPRO-001,IDEALPRO-1-207744,EUR/USD.IDEALPRO-MLSignalStrategyV2-V2,BUY,MARKET,100000.00,1.13542,USD,2.27 USD,TAKER,b4a3ea92-750d-48ff-9120-e175b0445199,2025-04-14 12:30:00+00:00,2025-04-14 12:30:00+00:00,{},False
O-20250414-123000-001-V2-1388,BACKTESTER-001,MLSignalStrategyV2-V2,EUR/USD.IDEALPRO,IDEALPRO-1-1388,IDEALPRO-001,IDEALPRO-1-207801,EUR/USD.IDEALPRO-MLSignalStrategyV2-V2,SELL,STOP_MARKET,100000.00,1.13346,USD,2.27 USD,TAKER,dcabc547-bfb8-40f3-af8e-f2e88bec1f24,2025-04-14 12:58:00+00:00,2025-04-14 12:58:00+00:00,{},False
O-20250414-133000-001-V2-1390,BACKTESTER-001,MLSignalStrategyV2-V2,EUR/USD.IDEALPRO,IDEALPRO-1-1390,IDEALPRO-001,IDEALPRO-1-207866,EUR/USD.IDEALPRO-MLSignalStrategyV2-V2,BUY,MARKET,100000.00,1.13064,USD,2.26 USD,TAKER,dc97cc9b-33ca-4392-94d4-db19b2889897,2025-04-14 13:30:00+00:00,2025-04-14 13:30:00+00:00,{},False
O-20250414-133000-001-V2-1392,BACKTESTER-001,MLSignalStrategyV2-V2,EUR/USD.IDEALPRO,IDEALPRO-1-1392,IDEALPRO-001,IDEALPRO-1-207965,EUR/USD.IDEALPRO-MLSignalStrategyV2-V2,SELL,LIMIT,100000.00,1.13444,USD,2.27 USD,MAKER,4d139731-b813-4a7c-b9ba-682243b99250,2025-04-14 14:19:00+00:00,2025-04-14 14:19:00+00:00,{},False
O-20250414-153000-001-V2-1393,BACKTESTER-001,MLSignalStrategyV2-V2,EUR/USD.IDEALPRO,IDEALPRO-1-1393,IDEALPRO-001,IDEALPRO-1-208108,EUR/USD.IDEALPRO-MLSignalStrategyV2-V2,SELL,MARKET,100000.00,1.13718,USD,2.27 USD,TAKER,a82a6549-345d-4345-b431-60fb6ee7b216,2025-04-14 15:30:00+00:00,2025-04-14 15:30:00+00:00,{},False
O-20250414-153000-001-V2-1395,BACKTESTER-001,MLSignalStrategyV2-V2,EUR/USD.IDEALPRO,IDEALPRO-1-1395,IDEALPRO-001,IDEALPRO-1-208279,EUR/USD.IDEALPRO-MLSignalStrategyV2-V2,BUY,LIMIT,100000.00,1.13387,USD,2.27 USD,MAKER,a68b6b2c-99c5-4d43-b258-76747084c8a3,2025-04-14 16:55:00+00:00,2025-04-14 16:55:00+00:00,{},False
O-20250414-190000-001-V2-1396,BACKTESTER-001,MLSignalStrategyV2-V2,EUR/USD.IDEALPRO,IDEALPRO-1-1396,IDEALPRO-001,IDEALPRO-1-208530,EUR/USD.IDEALPRO-MLSignalStrategyV2-V2,SELL,MARKET,100000.00,1.13545,USD,2.27 USD,TAKER,694ef88a-c8a4-4175-80ef-52e6fa914ca2,2025-04-14 19:00:00+00:00,2025-04-14 19:00:00+00:00,{},False
O-20250414-190000-001-V2-1397,BACKTESTER-001,MLSignalStrategyV2-V2,EUR/USD.IDEALPRO,IDEALPRO-1-1397,IDEALPRO-001,IDEALPRO-1-208593,EUR/USD.IDEALPRO-MLSignalStrategyV2-V2,BUY,STOP_MARKET,100000.00,1.13690,USD,2.27 USD,TAKER,320da81d-3f10-424d-8fff-84839978f0b4,2025-04-14 19:31:00+00:00,2025-04-14 19:31:00+00:00,{},False
O-20250414-201500-001-V2-1399,BACKTESTER-001,MLSignalStrategyV2-V2,EUR/USD.IDEALPRO,IDEALPRO-1-1399,IDEALPRO-001,IDEALPRO-1-208683,EUR/USD.IDEALPRO-MLSignalStrategyV2-V2,BUY,MARKET,100000.00,1.13583,USD,2.27 USD,TAKER,ddd02f44-5261-4dd1-8054-d5a434bc5225,2025-04-14 20:15:00+00:00,2025-04-14 20:15:00+00:00,{},False
O-20250414-201500-001-V2-1400,BACKTESTER-001,MLSignalStrategyV2-V2,EUR/USD.IDEALPRO,IDEALPRO-1-1400,IDEALPRO-001,IDEALPRO-1-208725,EUR/USD.IDEALPRO-MLSignalStrategyV2-V2,SELL,STOP_MARKET,100000.00,1.13433,USD,2.27 USD,TAKER,585c72f8-2868-4732-99e9-67b33fc198d0,2025-04-14 20:36:00+00:00,2025-04-14 20:36:00+00:00,{},False
O-20250414-204500-001-V2-1402,BACKTESTER-001,MLSignalStrategyV2-V2,EUR/USD.IDEALPRO,IDEALPRO-1-1402,IDEALPRO-001,IDEALPRO-1-208744,EUR/USD.IDEALPRO-MLSignalStrategyV2-V2,BUY,MARKET,100000.00,1.13522,USD,2.27 USD,TAKER,df31e1d1-14e6-41a9-9ba8-a8a330977ddc,2025-04-14 20:45:00+00:00,2025-04-14 20:45:00+00:00,{},False
O-20250414-204500-001-V2-1403,BACKTESTER-001,MLSignalStrategyV2-V2,EUR/USD.IDEALPRO,IDEALPRO-1-1403,IDEALPRO-001,IDEALPRO-1-209065,EUR/USD.IDEALPRO-MLSignalStrategyV2-V2,SELL,STOP_MARKET,100000.00,1.13389,USD,2.27 USD,TAKER,48592f82-2a6c-4f46-8ea3-ad27731de7c7,2025-04-14 23:40:00+00:00,2025-04-14 23:40:00+00:00,{},False
O-20250414-234500-001-V2-1405,BACKTESTER-001,MLSignalStrategyV2-V2,EUR/USD.IDEALPRO,IDEALPRO-1-1405,IDEALPRO-001,IDEALPRO-1-209076,EUR/USD.IDEALPRO-MLSignalStrategyV2-V2,SELL,MARKET,100000.00,1.13389,USD,2.27 USD,TAKER,045a4aad-cbe7-4f51-9185-55c710acbb77,2025-04-14 23:45:00+00:00,2025-04-14 23:45:00+00:00,{},False
O-20250414-234500-001-V2-1407,BACKTESTER-001,MLSignalStrategyV2-V2,EUR/USD.IDEALPRO,IDEALPRO-1-1407,IDEALPRO-001,IDEALPRO-1-209163,EUR/USD.IDEALPRO-MLSignalStrategyV2-V2,BUY,LIMIT,100000.00,1.13258,USD,2.27 USD,MAKER,b61597a5-6323-446a-81c6-bc1c304b2834,2025-04-15 00:28:00+00:00,2025-04-15 00:28:00+00:00,{},False
O-20250415-003000-001-V2-1408,BACKTESTER-001,MLSignalStrategyV2-V2,EUR/USD.IDEALPRO,IDEALPRO-1-1408,IDEALPRO-001,IDEALPRO-1-209168,EUR/USD.IDEALPRO-MLSignalStrategyV2-V2,BUY,MARKET,100000.00,1.13266,USD,2.27 USD,TAKER,651b4dc7-65e3-4322-8f1e-b9f61db8fa57,2025-04-15 00:30:00+00:00,2025-04-15 00:30:00+00:00,{},False
O-20250415-003000-001-V2-1409,BACKTESTER-001,MLSignalStrategyV2-V2,EUR/USD.IDEALPRO,IDEALPRO-1-1409,IDEALPRO-001,IDEALPRO-1-209185,EUR/USD.IDEALPRO-MLSignalStrategyV2-V2,SELL,STOP_MARKET,100000.00,1.13178,USD,2.26 USD,TAKER,5cfdfe6e-a57b-49cf-ac03-d1ce606414d8,2025-04-15 00:38:00+00:00,2025-04-15 00:38:00+00:00,{},False
O-20250415-004500-001-V2-1411,BACKTESTER-001,MLSignalStrategyV2-V2,EUR/USD.IDEALPRO,IDEALPRO-1-1411,IDEALPRO-001,IDEALPRO-1-209200,EUR/USD.IDEALPRO-MLSignalStrategyV2-V2,BUY,MARKET,100000.00,1.13187,USD,2.26 USD,TAKER,88f884f3-0cf0-4839-98d2-fb0a3fa9de54,2025-04-15 00:45:00+00:00,2025-04-15 00:45:00+00:00,{},False
O-20250415-004500-001-V2-1413,BACKTESTER-001,MLSignalStrategyV2-V2,EUR/USD.IDEALPRO,IDEALPRO-1-1413,IDEALPRO-001,IDEALPRO-1-209243,EUR/USD.IDEALPRO-MLSignalStrategyV2-V2,SELL,LIMIT,100000.00,1.13319,USD,2.27 USD,MAKER,eed855fe-cab6-4f73-83b7-9f83042d5a78,2025-04-15 01:06:00+00:00,2025-04-15 01:06:00+00:00,{},False
O-20250415-011500-001-V2-1414,BACKTESTER-001,MLSignalStrategyV2-V2,EUR/USD.IDEALPRO,IDEALPRO-1-1414,IDEALPRO-001,IDEALPRO-1-209262,EUR/USD.IDEALPRO-MLSignalStrategyV2-V2,BUY,MARKET,100000.00,1.13292,USD,2.27 USD,TAKER,6afb001c-31a1-49e1-8a00-e4f42981fe5c,2025-04-15 01:15:00+00:00,2025-04-15 01:15:00+00:00,{},False
O-20250415-011500-001-V2-1415,BACKTESTER-001,MLSignalStrategyV2-V2,EUR/USD.IDEALPRO,IDEALPRO-1-1415,IDEALPRO-001,IDEALPRO-1-209311,EUR/USD.IDEALPRO-MLSignalStrategyV2-V2,SELL,STOP_MARKET,100000.00,1.13187,USD,2.26 USD,TAKER,13501315-cec2-4876-8891-bd1a29f74845,2025-04-15 01:39:00+00:00,2025-04-15 01:39:00+00:00,{},False
O-20250415-014500-001-V2-1417,BACKTESTER-001,MLSignalStrategyV2-V2,EUR/USD.IDEALPRO,IDEALPRO-1-1417,IDEALPRO-001,IDEALPRO-1-209324,EUR/USD.IDEALPRO-MLSignalStrategyV2-V2,BUY,MARKET,100000.00,1.13180,USD,2.26 USD,TAKER,022bd06a-8191-4b13-88d6-faf2fd28a42f,2025-04-15 01:45:00+00:00,2025-04-15 01:45:00+00:00,{},False
O-20250415-014500-001-V2-1419,BACKTESTER-001,MLSignalStrategyV2-V2,EUR/USD.IDEALPRO,IDEALPRO-1-1419,IDEALPRO-001,IDEALPRO-1-209367,EUR/USD.IDEALPRO-MLSignalStrategyV2-V2,SELL,LIMIT,100000.00,1.13314,USD,2.27 USD,MAKER,6ee64040-e6fc-4e8a-bf09-1f62ed556ed4,2025-04-15 02:06:00+00:00,2025-04-15 02:06:00+00:00,{},False
O-20250415-021500-001-V2-1420,BACKTESTER-001,MLSignalStrategyV2-V2,EUR/USD.IDEALPRO,IDEALPRO-1-1420,IDEALPRO-001,IDEALPRO-1-209386,EUR/USD.IDEALPRO-MLSignalStrategyV2-V2,BUY,MARKET,100000.00,1.13355,USD,2.27 USD,TAKER,a1666f0c-f13f-4392-a1ad-115f12177ede,2025-04-15 02:15:00+00:00,2025-04-15 02:15:00+00:00,{},False
O-20250415-021500-001-V2-1422,BACKTESTER-001,MLSignalStrategyV2-V2,EUR/USD.IDEALPRO,IDEALPRO-1-1422,IDEALPRO-001,IDEALPRO-1-209455,EUR/USD.IDEALPRO-MLSignalStrategyV2-V2,SELL,LIMIT,100000.00,1.13499,USD,2.27 USD,MAKER,ac08a0e8-f094-4237-bca3-d8327eae48b3,2025-04-15 02:49:00+00:00,2025-04-15 02:49:00+00:00,{},False
O-20250415-044500-001-V2-1423,BACKTESTER-001,MLSignalStrategyV2-V2,EUR/USD.IDEALPRO,IDEALPRO-1-1423,IDEALPRO-001,IDEALPRO-1-209688,EUR/USD.IDEALPRO-MLSignalStrategyV2-V2,BUY,MARKET,100000.00,1.13589,USD,2.27 USD,TAKER,d3e0ce74-dca6-471f-9ebe-29290475b9c7,2025-04-15 04:45:00+00:00,2025-04-15 04:45:00+00:00,{},False
O-20250415-044500-001-V2-1424,BACKTESTER-001,MLSignalStrategyV2-V2,EUR/USD.IDEALPRO,IDEALPRO-1-1424,IDEALPRO-001,IDEALPRO-1-209835,EUR/USD.IDEALPRO-MLSignalStrategyV2-V2,SELL,STOP_MARKET,100000.00,1.13508,USD,2.27 USD,TAKER,eab4dbf7-ffc0-4074-828f-1cfe92874ee3,2025-04-15 05:58:00+00:00,2025-04-15 05:58:00+00:00,{},False
O-20250415-070000-001-V2-1426,BACKTESTER-001,MLSignalStrategyV2-V2,EUR/USD.IDEALPRO,IDEALPRO-1-1426,IDEALPRO-001,IDEALPRO-1-209960,EUR/USD.IDEALPRO-MLSignalStrategyV2-V2,BUY,MARKET,100000.00,1.13322,USD,2.27 USD,TAKER,14490a21-1d5e-4382-b900-9a9d4531924e,2025-04-15 07:00:00+00:00,2025-04-15 07:00:00+00:00,{},False
O-20250415-070000-001-V2-1428,BACKTESTER-001,MLSignalStrategyV2-V2,EUR/USD.IDEALPRO,IDEALPRO-1-1428,IDEALPRO-001,IDEALPRO-1-210067,EUR/USD.IDEALPRO-MLSignalStrategyV2-V2,SELL,LIMIT,100000.00,1.13519,USD,2.27 USD,MAKER,be0a6a4e-9720-43de-bcd2-149b8cad93a5,2025-04-15 07:53:00+00:00,2025-04-15 07:53:00+00:00,{},False
O-20250415-114500-001-V2-1429,BACKTESTER-001,MLSignalStrategyV2-V2,EUR/USD.IDEALPRO,IDEALPRO-1-1429,IDEALPRO-001,IDEALPRO-1-210533,EUR/USD.IDEALPRO-MLSignalStrategyV2-V2,BUY,MARKET,100000.00,1.13213,USD,2.26 USD,TAKER,f4cf9158-7b04-410b-a6c8-fbb9fcccd184,2025-04-15 11:45:00+00:00,2025-04-15 11:45:00+00:00,{},False
O-20250415-114500-001-V2-1430,BACKTESTER-001,MLSignalStrategyV2-V2,EUR/USD.IDEALPRO,IDEALPRO-1-1430,IDEALPRO-001,IDEALPRO-1-210725,EUR/USD.IDEALPRO-MLSignalStrategyV2-V2,SELL,STOP_MARKET,100000.00,1.13061,USD,2.26 USD,TAKER,a26ac72f-1cb2-4e1f-92a9-7f3d671ce877,2025-04-15 13:21:00+00:00,2025-04-15 13:21:00+00:00,{},False
O-20250415-141500-001-V2-1432,BACKTESTER-001,MLSignalStrategyV2-V2,EUR/USD.IDEALPRO,IDEALPRO-1-1432,IDEALPRO-001,IDEALPRO-1-210835,EUR/USD.IDEALPRO-MLSignalStrategyV2-V2,BUY,MARKET,100000.00,1.12901,USD,2.26 USD,TAKER,921c5ae0-7a40-4c84-8420-9ad307cc1f0c,2025-04-15 14:15:00+00:00,2025-04-15 14:15:00+00:00,{},False
O-20250415-141500-001-V2-1434,BACKTESTER-001,MLSignalStrategyV2-V2,EUR/USD.IDEALPRO,IDEALPRO-1-1434,IDEALPRO-001,IDEALPRO-1-210875,EUR/USD.IDEALPRO-MLSignalStrategyV2-V2,SELL,LIMIT,100000.00,1.13203,USD,2.26 USD,MAKER,88cba57f-b56c-419f-b9ad-024869bc9a01,2025-04-15 14:35:00+00:00,2025-04-15 14:35:00+00:00,{},False
O-20250415-160000-001-V2-1435,BACKTESTER-001,MLSignalStrategyV2-V2,EUR/USD.IDEALPRO,IDEALPRO-1-1435,IDEALPRO-001,IDEALPRO-1-211046,EUR/USD.IDEALPRO-MLSignalStrategyV2-V2,BUY,MARKET,100000.00,1.12889,USD,2.26 USD,TAKER,d76d07a1-d007-410e-9ead-8eb3889bb75a,2025-04-15 16:00:00+00:00,2025-04-15 16:00:00+00:00,{},False
O-20250415-160000-001-V2-1436,BACKTESTER-001,MLSignalStrategyV2-V2,EUR/USD.IDEALPRO,IDEALPRO-1-1436,IDEALPRO-001,IDEALPRO-1-211115,EUR/USD.IDEALPRO-MLSignalStrategyV2-V2,SELL,STOP_MARKET,100000.00,1.12699,USD,2.25 USD,TAKER,7e7bee23-fb40-46b1-aaf5-43add30d665c,2025-04-15 16:34:00+00:00,2025-04-15 16:34:00+00:00,{},False
O-20250415-164500-001-V2-1438,BACKTESTER-001,MLSignalStrategyV2-V2,EUR/USD.IDEALPRO,IDEALPRO-1-1438,IDEALPRO-001,IDEALPRO-1-211138,EUR/USD.IDEALPRO-MLSignalStrategyV2-V2,BUY,MARKET,100000.00,1.12705,USD,2.25 USD,TAKER,64fa8af8-7cab-4d19-b9a8-9161812a4e7c,2025-04-15 16:45:00+00:00,2025-04-15 16:45:00+00:00,{},False
O-20250415-164500-001-V2-1440,BACKTESTER-001,MLSignalStrategyV2-V2,EUR/USD.IDEALPRO,IDEALPRO-1-1440,IDEALPRO-001,IDEALPRO-1-211759,EUR/USD.IDEALPRO-MLSignalStrategyV2-V2,SELL,LIMIT,100000.00,1.12942,USD,2.26 USD,MAKER,665bddbc-b117-4e82-b874-070128e3d858,2025-04-15 22:10:00+00:00,2025-04-15 22:10:00+00:00,{},False
O-20250416-024500-001-V2-1441,BACKTESTER-001,MLSignalStrategyV2-V2,EUR/USD.IDEALPRO,IDEALPRO-1-1441,IDEALPRO-001,IDEALPRO-1-212311,EUR/USD.IDEALPRO-MLSignalStrategyV2-V2,BUY,MARKET,100000.00,1.13303,USD,2.27 USD,TAKER,f08eb242-3f57-4ec6-9f60-451bf8ecc8f9,2025-04-16 02:45:00+00:00,2025-04-16 02:45:00+00:00,{},False
O-20250416-024500-001-V2-1442,BACKTESTER-001,MLSignalStrategyV2-V2,EUR/USD.IDEALPRO,IDEALPRO-1-1442,IDEALPRO-001,IDEALPRO-1-212321,EUR/USD.IDEALPRO-MLSignalStrategyV2-V2,SELL,STOP_MARKET,100000.00,1.13213,USD,2.26 USD,TAKER,acca1997-abe9-4140-9bd2-885cd202f5e3,2025-04-16 02:50:00+00:00,2025-04-16 02:50:00+00:00,{},False
O-20250416-031500-001-V2-1444,BACKTESTER-001,MLSignalStrategyV2-V2,EUR/USD.IDEALPRO,IDEALPRO-1-1444,IDEALPRO-001,IDEALPRO-1-212372,EUR/USD.IDEALPRO-MLSignalStrategyV2-V2,BUY,MARKET,100000.00,1.13312,USD,2.27 USD,TAKER,6ee7593c-4e99-418e-b2ee-44c43492fa8d,2025-04-16 03:15:00+00:00,2025-04-16 03:15:00+00:00,{},False
O-20250416-031500-001-V2-1446,BACKTESTER-001,MLSignalStrategyV2-V2,EUR/USD.IDEALPRO,IDEALPRO-1-1446,IDEALPRO-001,IDEALPRO-1-212465,EUR/USD.IDEALPRO-MLSignalStrategyV2-V2,SELL,LIMIT,100000.00,1.13443,USD,2.27 USD,MAKER,7c2ca316-99d5-4772-8a73-e761f0b54293,2025-04-16 04:01:00+00:00,2025-04-16 04:01:00+00:00,{},False
O-20250416-070000-001-V2-1447,BACKTESTER-001,MLSignalStrategyV2-V2,EUR/USD.IDEALPRO,IDEALPRO-1-1447,IDEALPRO-001,IDEALPRO-1-212824,EUR/USD.IDEALPRO-MLSignalStrategyV2-V2,SELL,MARKET,100000.00,1.13609,USD,2.27 USD,TAKER,9bd7ceeb-4704-48b4-916c-22d93d850418,2025-04-16 07:00:00+00:00,2025-04-16 07:00:00+00:00,{},False
O-20250416-070000-001-V2-1448,BACKTESTER-001,MLSignalStrategyV2-V2,EUR/USD.IDEALPRO,IDEALPRO-1-1448,IDEALPRO-001,IDEALPRO-1-212839,EUR/USD.IDEALPRO-MLSignalStrategyV2-V2,BUY,STOP_MARKET,100000.00,1.13752,USD,2.28 USD,TAKER,326e8876-faee-45b6-9cc5-006a96f19dba,2025-04-16 07:07:00+00:00,2025-04-16 07:07:00+00:00,{},False
O-20250416-234500-001-V2-1450,BACKTESTER-001,MLSignalStrategyV2-V2,EUR/USD.IDEALPRO,IDEALPRO-1-1450,IDEALPRO-001,IDEALPRO-1-214806,EUR/USD.IDEALPRO-MLSignalStrategyV2-V2,BUY,MARKET,100000.00,1.14057,USD,2.28 USD,TAKER,3c2c432e-af13-4b16-8e50-442f6156de75,2025-04-16 23:45:00+00:00,2025-04-16 23:45:00+00:00,{},False
O-20250416-234500-001-V2-1451,BACKTESTER-001,MLSignalStrategyV2-V2,EUR/USD.IDEALPRO,IDEALPRO-1-1451,IDEALPRO-001,IDEALPRO-1-214831,EUR/USD.IDEALPRO-MLSignalStrategyV2-V2,SELL,STOP_MARKET,100000.00,1.13972,USD,2.28 USD,TAKER,2c70cae0-b96b-4f17-b366-fb86ac1c7737,2025-04-16 23:57:00+00:00,2025-04-16 23:57:00+00:00,{},False
O-20250417-004500-001-V2-1453,BACKTESTER-001,MLSignalStrategyV2-V2,EUR/USD.IDEALPRO,IDEALPRO-1-1453,IDEALPRO-001,IDEALPRO-1-214928,EUR/USD.IDEALPRO-MLSignalStrategyV2-V2,BUY,MARKET,100000.00,1.13730,USD,2.27 USD,TAKER,ddb8b687-cb96-4d8d-873c-e8c649fb90a6,2025-04-17 00:45:00+00:00,2025-04-17 00:45:00+00:00,{},False
O-20250417-004500-001-V2-1454,BACKTESTER-001,MLSignalStrategyV2-V2,EUR/USD.IDEALPRO,IDEALPRO-1-1454,IDEALPRO-001,IDEALPRO-1-214965,EUR/USD.IDEALPRO-MLSignalStrategyV2-V2,SELL,STOP_MARKET,100000.00,1.13625,USD,2.27 USD,TAKER,d561f3a7-04c3-4629-a24d-329e30e8588d,2025-04-17 01:03:00+00:00,2025-04-17 01:03:00+00:00,{},False
O-20250417-040000-001-V2-1456,BACKTESTER-001,MLSignalStrategyV2-V2,EUR/USD.IDEALPRO,IDEALPRO-1-1456,IDEALPRO-001,IDEALPRO-1-215320,EUR/USD.IDEALPRO-MLSignalStrategyV2-V2,BUY,MARKET,100000.00,1.13645,USD,2.27 USD,TAKER,f835c80d-5c6c-4e45-a418-c2ac4fdef30c,2025-04-17 04:00:00+00:00,2025-04-17 04:00:00+00:00,{},False
O-20250417-040000-001-V2-1457,BACKTESTER-001,MLSignalStrategyV2-V2,EUR/USD.IDEALPRO,IDEALPRO-1-1457,IDEALPRO-001,IDEALPRO-1-215513,EUR/USD.IDEALPRO-MLSignalStrategyV2-V2,SELL,STOP_MARKET,100000.00,1.13546,USD,2.27 USD,TAKER,670e12c7-f340-465d-ac9c-33a0b87edc82,2025-04-17 05:36:00+00:00,2025-04-17 05:36:00+00:00,{},False
O-20250417-060000-001-V2-1459,BACKTESTER-001,MLSignalStrategyV2-V2,EUR/USD.IDEALPRO,IDEALPRO-1-1459,IDEALPRO-001,IDEALPRO-1-215562,EUR/USD.IDEALPRO-MLSignalStrategyV2-V2,BUY,MARKET,100000.00,1.13523,USD,2.27 USD,TAKER,9a742e02-352f-4867-bc26-f5eed5717e8b,2025-04-17 06:00:00+00:00,2025-04-17 06:00:00+00:00,{},False
O-20250417-060000-001-V2-1461,BACKTESTER-001,MLSignalStrategyV2-V2,EUR/USD.IDEALPRO,IDEALPRO-1-1461,IDEALPRO-001,IDEALPRO-1-215643,EUR/USD.IDEALPRO-MLSignalStrategyV2-V2,SELL,LIMIT,100000.00,1.13661,USD,2.27 USD,MAKER,7c8a65af-64ca-4fa8-9d00-ac571481d09a,2025-04-17 06:40:00+00:00,2025-04-17 06:40:00+00:00,{},False
O-20250417-093000-001-V2-1462,BACKTESTER-001,MLSignalStrategyV2-V2,EUR/USD.IDEALPRO,IDEALPRO-1-1462,IDEALPRO-001,IDEALPRO-1-215985,EUR/USD.IDEALPRO-MLSignalStrategyV2-V2,SELL,MARKET,100000.00,1.13716,USD,2.27 USD,TAKER,bd17b76d-9415-4719-b8a5-0821cca9317f,2025-04-17 09:30:00+00:00,2025-04-17 09:30:00+00:00,{},False
O-20250417-093000-001-V2-1464,BACKTESTER-001,MLSignalStrategyV2-V2,EUR/USD.IDEALPRO,IDEALPRO-1-1464,IDEALPRO-001,IDEALPRO-1-216287,EUR/USD.IDEALPRO-MLSignalStrategyV2-V2,BUY,LIMIT,100000.00,1.13533,USD,2.27 USD,MAKER,83fa6fa9-f7c4-4e42-9071-3e50a2ab4991,2025-04-17 12:01:00+00:00,2025-04-17 12:01:00+00:00,{},False
O-20250417-123000-001-V2-1465,BACKTESTER-001,MLSignalStrategyV2-V2,EUR/USD.IDEALPRO,IDEALPRO-1-1465,IDEALPRO-001,IDEALPRO-1-216346,EUR/USD.IDEALPRO-MLSignalStrategyV2-V2,BUY,MARKET,100000.00,1.13455,USD,2.27 USD,TAKER,2e7e0919-7010-40d7-b883-76d6387f65cf,2025-04-17 12:30:00+00:00,2025-04-17 12:30:00+00:00,{},False
O-20250417-123000-001-V2-1467,BACKTESTER-001,MLSignalStrategyV2-V2,EUR/USD.IDEALPRO,IDEALPRO-1-1467,IDEALPRO-001,IDEALPRO-1-216409,EUR/USD.IDEALPRO-MLSignalStrategyV2-V2,SELL,LIMIT,100000.00,1.13670,USD,2.27 USD,MAKER,5ca5b4d1-2904-47cc-971b-382bedb68a31,2025-04-17 13:01:00+00:00,2025-04-17 13:01:00+00:00,{},False
O-20250417-131500-001-V2-1468,BACKTESTER-001,MLSignalStrategyV2-V2,EUR/USD.IDEALPRO,IDEALPRO-1-1468,IDEALPRO-001,IDEALPRO-1-216439,EUR/USD.IDEALPRO-MLSignalStrategyV2-V2,SELL,MARKET,100000.00,1.13552,USD,2.27 USD,TAKER,b98393a6-02a7-4b56-8830-7b48a96184eb,2025-04-17 13:15:00+00:00,2025-04-17 13:15:00+00:00,{},False
O-20250417-131500-001-V2-1469,BACKTESTER-001,MLSignalStrategyV2-V2,EUR/USD.IDEALPRO,IDEALPRO-1-1469,IDEALPRO-001,IDEALPRO-1-216565,EUR/USD.IDEALPRO-MLSignalStrategyV2-V2,BUY,STOP_MARKET,100000.00,1.13724,USD,2.27 USD,TAKER,3bf5b4a7-ea48-4172-8f84-117660ec455d,2025-04-17 14:18:00+00:00,2025-04-17 14:18:00+00:00,{},False
O-20250418-054500-001-V2-1471,BACKTESTER-001,MLSignalStrategyV2-V2,EUR/USD.IDEALPRO,IDEALPRO-1-1471,IDEALPRO-001,IDEALPRO-1-218390,EUR/USD.IDEALPRO-MLSignalStrategyV2-V2,BUY,MARKET,100000.00,1.13698,USD,2.27 USD,TAKER,da0eab1f-5b78-4e0a-85ef-0e1ba6f5c871,2025-04-18 05:45:00+00:00,2025-04-18 05:45:00+00:00,{},False
O-20250418-054500-001-V2-1472,BACKTESTER-001,MLSignalStrategyV2-V2,EUR/USD.IDEALPRO,IDEALPRO-1-1472,IDEALPRO-001,IDEALPRO-1-218539,EUR/USD.IDEALPRO-MLSignalStrategyV2-V2,SELL,STOP_MARKET,100000.00,1.13625,USD,2.27 USD,TAKER,4466f81a-156e-4584-add2-132f40e0ffec,2025-04-18 06:59:00+00:00,2025-04-18 06:59:00+00:00,{},False
O-20250418-090000-001-V2-1474,BACKTESTER-001,MLSignalStrategyV2-V2,EUR/USD.IDEALPRO,IDEALPRO-1-1474,IDEALPRO-001,IDEALPRO-1-218782,EUR/USD.IDEALPRO-MLSignalStrategyV2-V2,BUY,MARKET,100000.00,1.13710,USD,2.27 USD,TAKER,760d2433-8c72-48bd-baad-dfcb59e61a4b,2025-04-18 09:00:00+00:00,2025-04-18 09:00:00+00:00,{},False
O-20250418-090000-001-V2-1476,BACKTESTER-001,MLSignalStrategyV2-V2,EUR/USD.IDEALPRO,IDEALPRO-1-1476,IDEALPRO-001,IDEALPRO-1-219103,EUR/USD.IDEALPRO-MLSignalStrategyV2-V2,SELL,LIMIT,100000.00,1.13802,USD,2.28 USD,MAKER,e77b0768-f600-4528-a208-d879c8cd4604,2025-04-18 11:40:00+00:00,2025-04-18 11:40:00+00:00,{},False
O-20250418-154500-001-V2-1477,BACKTESTER-001,MLSignalStrategyV2-V2,EUR/USD.IDEALPRO,IDEALPRO-1-1477,IDEALPRO-001,IDEALPRO-1-219594,EUR/USD.IDEALPRO-MLSignalStrategyV2-V2,BUY,MARKET,100000.00,1.13929,USD,2.28 USD,TAKER,7be0fd77-9e57-44c0-b5cc-df56b8a96f6f,2025-04-18 15:45:00+00:00,2025-04-18 15:45:00+00:00,{},False
O-20250418-154500-001-V2-1478,BACKTESTER-001,MLSignalStrategyV2-V2,EUR/USD.IDEALPRO,IDEALPRO-1-1478,IDEALPRO-001,IDEALPRO-1-219647,EUR/USD.IDEALPRO-MLSignalStrategyV2-V2,SELL,STOP_MARKET,100000.00,1.13876,USD,2.28 USD,TAKER,b64533f9-39e0-4096-8eb2-de0b481412f1,2025-04-18 16:11:00+00:00,2025-04-18 16:11:00+00:00,{},False
O-20250418-163000-001-V2-1480,BACKTESTER-001,MLSignalStrategyV2-V2,EUR/USD.IDEALPRO,IDEALPRO-1-1480,IDEALPRO-001,IDEALPRO-1-219686,EUR/USD.IDEALPRO-MLSignalStrategyV2-V2,BUY,MARKET,100000.00,1.13938,USD,2.28 USD,TAKER,32512f5b-3132-4a1b-a5d8-ac2a92927465,2025-04-18 16:30:00+00:00,2025-04-18 16:30:00+00:00,{},False
O-20250418-163000-001-V2-1482,BACKTESTER-001,MLSignalStrategyV2-V2,EUR/USD.IDEALPRO,IDEALPRO-1-1482,IDEALPRO-001,IDEALPRO-1-220229,EUR/USD.IDEALPRO-MLSignalStrategyV2-V2,SELL,LIMIT,100000.00,1.14490,USD,2.29 USD,MAKER,df486d12-d2e0-4967-86ba-c78a2765e720,2025-04-21 00:01:00+00:00,2025-04-21 00:01:00+00:00,{},False
O-20250421-070000-001-V2-1483,BACKTESTER-001,MLSignalStrategyV2-V2,EUR/USD.IDEALPRO,IDEALPRO-1-1483,IDEALPRO-001,IDEALPRO-1-221068,EUR/USD.IDEALPRO-MLSignalStrategyV2-V2,SELL,MARKET,100000.00,1.15155,USD,2.30 USD,TAKER,3b6633d1-6992-4f05-bf3f-bd4662feab09,2025-04-21 07:00:00+00:00,2025-04-21 07:00:00+00:00,{},False
O-20250421-070000-001-V2-1484,BACKTESTER-001,MLSignalStrategyV2-V2,EUR/USD.IDEALPRO,IDEALPRO-1-1484,IDEALPRO-001,IDEALPRO-1-221115,EUR/USD.IDEALPRO-MLSignalStrategyV2-V2,BUY,STOP_MARKET,100000.00,1.15285,USD,2.31 USD,TAKER,d3d5c4de-550c-45e5-9e30-6a0201684daf,2025-04-21 07:23:00+00:00,2025-04-21 07:23:00+00:00,{},False
O-20250421-080000-001-V2-1486,BACKTESTER-001,MLSignalStrategyV2-V2,EUR/USD.IDEALPRO,IDEALPRO-1-1486,IDEALPRO-001,IDEALPRO-1-221190,EUR/USD.IDEALPRO-MLSignalStrategyV2-V2,SELL,MARKET,100000.00,1.15556,USD,2.31 USD,TAKER,960884ca-c37b-4c2b-b9d5-baaae105cd61,2025-04-21 08:00:00+00:00,2025-04-21 08:00:00+00:00,{},False
O-20250421-080000-001-V2-1487,BACKTESTER-001,MLSignalStrategyV2-V2,EUR/USD.IDEALPRO,IDEALPRO-1-1487,IDEALPRO-001,IDEALPRO-1-221337,EUR/USD.IDEALPRO-MLSignalStrategyV2-V2,BUY,STOP_MARKET,100000.00,1.15735,USD,2.31 USD,TAKER,7658233a-069e-46d9-a718-8ea3d08ad486,2025-04-21 09:13:00+00:00,2025-04-21 09:13:00+00:00,{},False
O-20250421-100000-001-V2-1489,BACKTESTER-001,MLSignalStrategyV2-V2,EUR/USD.IDEALPRO,IDEALPRO-1-1489,IDEALPRO-001,IDEALPRO-1-221432,EUR/USD.IDEALPRO-MLSignalStrategyV2-V2,SELL,MARKET,100000.00,1.15470,USD,2.31 USD,TAKER,1122c8c6-88a1-4a4e-b89c-28e2c617a803,2025-04-21 10:00:00+00:00,2025-04-21 10:00:00+00:00,{},False
O-20250421-100000-001-V2-1491,BACKTESTER-001,MLSignalStrategyV2-V2,EUR/USD.IDEALPRO,IDEALPRO-1-1491,IDEALPRO-001,IDEALPRO-1-221507,EUR/USD.IDEALPRO-MLSignalStrategyV2-V2,BUY,LIMIT,100000.00,1.15241,USD,2.30 USD,MAKER,3e9282bb-dc77-4de5-b0a2-f30079926d69,2025-04-21 10:37:00+00:00,2025-04-21 10:37:00+00:00,{},False
O-20250421-120000-001-V2-1492,BACKTESTER-001,MLSignalStrategyV2-V2,EUR/USD.IDEALPRO,IDEALPRO-1-1492,IDEALPRO-001,IDEALPRO-1-221674,EUR/USD.IDEALPRO-MLSignalStrategyV2-V2,SELL,MARKET,100000.00,1.15429,USD,2.31 USD,TAKER,53d51ff5-374a-4dcd-b3f5-17d699e6b80e,2025-04-21 12:00:00+00:00,2025-04-21 12:00:00+00:00,{},False
O-20250421-120000-001-V2-1494,BACKTESTER-001,MLSignalStrategyV2-V2,EUR/USD.IDEALPRO,IDEALPRO-1-1494,IDEALPRO-001,IDEALPRO-1-221759,EUR/USD.IDEALPRO-MLSignalStrategyV2-V2,BUY,LIMIT,100000.00,1.15214,USD,2.30 USD,MAKER,e041adc4-4208-4d40-9ec4-24929b31efb1,2025-04-21 12:42:00+00:00,2025-04-21 12:42:00+00:00,{},False
O-20250421-141500-001-V2-1495,BACKTESTER-001,MLSignalStrategyV2-V2,EUR/USD.IDEALPRO,IDEALPRO-1-1495,IDEALPRO-001,IDEALPRO-1-221947,EUR/USD.IDEALPRO-MLSignalStrategyV2-V2,SELL,MARKET,100000.00,1.15082,USD,2.30 USD,TAKER,873e8b36-a338-4542-9760-cf3b741d49f9,2025-04-21 14:15:00+00:00,2025-04-21 14:15:00+00:00,{},False
O-20250421-141500-001-V2-1497,BACKTESTER-001,MLSignalStrategyV2-V2,EUR/USD.IDEALPRO,IDEALPRO-1-1497,IDEALPRO-001,IDEALPRO-1-222055,EUR/USD.IDEALPRO-MLSignalStrategyV2-V2,BUY,LIMIT,100000.00,1.14841,USD,2.30 USD,MAKER,f823d9a5-fcbd-43b9-8eee-bb72a6e1c0c2,2025-04-21 15:09:00+00:00,2025-04-21 15:09:00+00:00,{},False
O-20250421-151500-001-V2-1498,BACKTESTER-001,MLSignalStrategyV2-V2,EUR/USD.IDEALPRO,IDEALPRO-1-1498,IDEALPRO-001,IDEALPRO-1-222068,EUR/USD.IDEALPRO-MLSignalStrategyV2-V2,BUY,MARKET,100000.00,1.14821,USD,2.30 USD,TAKER,69077add-216a-412e-b435-73d974417541,2025-04-21 15:15:00+00:00,2025-04-21 15:15:00+00:00,{},False
O-20250421-151500-001-V2-1500,BACKTESTER-001,MLSignalStrategyV2-V2,EUR/USD.IDEALPRO,IDEALPRO-1-1500,IDEALPRO-001,IDEALPRO-1-222133,EUR/USD.IDEALPRO-MLSignalStrategyV2-V2,SELL,LIMIT,100000.00,1.15045,USD,2.30 USD,MAKER,dfb3a52f-be83-4a81-b1f0-f554340981b7,2025-04-21 15:47:00+00:00,2025-04-21 15:47:00+00:00,{},False
O-20250421-204500-001-V2-1501,BACKTESTER-001,MLSignalStrategyV2-V2,EUR/USD.IDEALPRO,IDEALPRO-1-1501,IDEALPRO-001,IDEALPRO-1-222730,EUR/USD.IDEALPRO-MLSignalStrategyV2-V2,BUY,MARKET,100000.00,1.15058,USD,2.30 USD,TAKER,6966e180-11e2-4394-a423-938e45e55446,2025-04-21 20:45:00+00:00,2025-04-21 20:45:00+00:00,{},False
O-20250421-204500-001-V2-1503,BACKTESTER-001,MLSignalStrategyV2-V2,EUR/USD.IDEALPRO,IDEALPRO-1-1503,IDEALPRO-001,IDEALPRO-1-222859,EUR/USD.IDEALPRO-MLSignalStrategyV2-V2,SELL,LIMIT,100000.00,1.15175,USD,2.30 USD,MAKER,74be94e4-9b13-4af0-a309-204c811901f4,2025-04-21 22:04:00+00:00,2025-04-21 22:04:00+00:00,{},False
O-20250422-003000-001-V2-1504,BACKTESTER-001,MLSignalStrategyV2-V2,EUR/USD.IDEALPRO,IDEALPRO-1-1504,IDEALPRO-001,IDEALPRO-1-223153,EUR/USD.IDEALPRO-MLSignalStrategyV2-V2,BUY,MARKET,100000.00,1.14967,USD,2.30 USD,TAKER,e0de55a9-dd9c-457f-9e97-91a9313508a7,2025-04-22 00:30:00+00:00,2025-04-22 00:30:00+00:00,{},False
O-20250422-003000-001-V2-1505,BACKTESTER-001,MLSignalStrategyV2-V2,EUR/USD.IDEALPRO,IDEALPRO-1-1505,IDEALPRO-001,IDEALPRO-1-223163,EUR/USD.IDEALPRO-MLSignalStrategyV2-V2,SELL,STOP_MARKET,100000.00,1.14883,USD,2.30 USD,TAKER,7d642b9b-7f3f-44e5-ae7d-4368a43c94b0,2025-04-22 00:35:00+00:00,2025-04-22 00:35:00+00:00,{},False
O-20250422-004500-001-V2-1507,BACKTESTER-001,MLSignalStrategyV2-V2,EUR/USD.IDEALPRO,IDEALPRO-1-1507,IDEALPRO-001,IDEALPRO-1-223184,EUR/USD.IDEALPRO-MLSignalStrategyV2-V2,BUY,MARKET,100000.00,1.14884,USD,2.30 USD,TAKER,96b81df0-4860-44f2-b9bf-950328f69648,2025-04-22 00:45:00+00:00,2025-04-22 00:45:00+00:00,{},False
O-20250422-004500-001-V2-1509,BACKTESTER-001,MLSignalStrategyV2-V2,EUR/USD.IDEALPRO,IDEALPRO-1-1509,IDEALPRO-001,IDEALPRO-1-223359,EUR/USD.IDEALPRO-MLSignalStrategyV2-V2,SELL,LIMIT,100000.00,1.15046,USD,2.30 USD,MAKER,91702269-de7f-425e-b870-d43b7b20713a,2025-04-22 02:12:00+00:00,2025-04-22 02:12:00+00:00,{},False
O-20250422-023000-001-V2-1510,BACKTESTER-001,MLSignalStrategyV2-V2,EUR/USD.IDEALPRO,IDEALPRO-1-1510,IDEALPRO-001,IDEALPRO-1-223396,EUR/USD.IDEALPRO-MLSignalStrategyV2-V2,BUY,MARKET,100000.00,1.15115,USD,2.30 USD,TAKER,0b938b6e-4963-4b6d-a009-6ae47b921aba,2025-04-22 02:30:00+00:00,2025-04-22 02:30:00+00:00,{},False
O-20250422-023000-001-V2-1512,BACKTESTER-001,MLSignalStrategyV2-V2,EUR/USD.IDEALPRO,IDEALPRO-1-1512,IDEALPRO-001,IDEALPRO-1-223463,EUR/USD.IDEALPRO-MLSignalStrategyV2-V2,SELL,LIMIT,100000.00,1.15277,USD,2.31 USD,MAKER,56ea11f9-f7fa-4d11-b1f8-0ef9515b7d16,2025-04-22 03:03:00+00:00,2025-04-22 03:03:00+00:00,{},False
O-20250422-070000-001-V2-1513,BACKTESTER-001,MLSignalStrategyV2-V2,EUR/USD.IDEALPRO,IDEALPRO-1-1513,IDEALPRO-001,IDEALPRO-1-223939,EUR/USD.IDEALPRO-MLSignalStrategyV2-V2,BUY,MARKET,100000.00,1.15009,USD,2.30 USD,TAKER,482900fb-b9a7-47e6-bb90-88fb93e28ac0,2025-04-22 07:00:00+00:00,2025-04-22 07:00:00+00:00,{},False
O-20250422-070000-001-V2-1514,BACKTESTER-001,MLSignalStrategyV2-V2,EUR/USD.IDEALPRO,IDEALPRO-1-1514,IDEALPRO-001,IDEALPRO-1-224029,EUR/USD.IDEALPRO-MLSignalStrategyV2-V2,SELL,STOP_MARKET,100000.00,1.14837,USD,2.30 USD,TAKER,f88356b2-2176-4bd7-ade9-0f2b3a3b5be4,2025-04-22 07:45:00+00:00,2025-04-22 07:45:00+00:00,{},False
O-20250422-074500-001-V2-1516,BACKTESTER-001,MLSignalStrategyV2-V2,EUR/USD.IDEALPRO,IDEALPRO-1-1516,IDEALPRO-001,IDEALPRO-1-224030,EUR/USD.IDEALPRO-MLSignalStrategyV2-V2,BUY,MARKET,100000.00,1.14841,USD,2.30 USD,TAKER,bdeabfe4-035e-4d00-ae01-78e1382a7a5a,2025-04-22 07:45:00+00:00,2025-04-22 07:45:00+00:00,{},False
O-20250422-074500-001-V2-1518,BACKTESTER-001,MLSignalStrategyV2-V2,EUR/USD.IDEALPRO,IDEALPRO-1-1518,IDEALPRO-001,IDEALPRO-1-224063,EUR/USD.IDEALPRO-MLSignalStrategyV2-V2,SELL,LIMIT,100000.00,1.15074,USD,2.30 USD,MAKER,db4168ad-45b3-4bc7-8012-8ad6ae286db6,2025-04-22 08:01:00+00:00,2025-04-22 08:01:00+00:00,{},False
O-20250422-081500-001-V2-1519,BACKTESTER-001,MLSignalStrategyV2-V2,EUR/USD.IDEALPRO,IDEALPRO-1-1519,IDEALPRO-001,IDEALPRO-1-224092,EUR/USD.IDEALPRO-MLSignalStrategyV2-V2,BUY,MARKET,100000.00,1.15047,USD,2.30 USD,TAKER,76c1fffe-864e-4097-8a8a-c7fa7f52d97c,2025-04-22 08:15:00+00:00,2025-04-22 08:15:00+00:00,{},False
O-20250422-081500-001-V2-1520,BACKTESTER-001,MLSignalStrategyV2-V2,EUR/USD.IDEALPRO,IDEALPRO-1-1520,IDEALPRO-001,IDEALPRO-1-224299,EUR/USD.IDEALPRO-MLSignalStrategyV2-V2,SELL,STOP_MARKET,100000.00,1.14879,USD,2.30 USD,TAKER,b28494e4-70f7-4a7f-9c6c-06a4d49398fe,2025-04-22 09:58:00+00:00,2025-04-22 09:58:00+00:00,{},False
O-20250422-123000-001-V2-1522,BACKTESTER-001,MLSignalStrategyV2-V2,EUR/USD.IDEALPRO,IDEALPRO-1-1522,IDEALPRO-001,IDEALPRO-1-224604,EUR/USD.IDEALPRO-MLSignalStrategyV2-V2,BUY,MARKET,100000.00,1.14698,USD,2.29 USD,TAKER,9d924064-beeb-47ed-8084-ab8bd4918a68,2025-04-22 12:30:00+00:00,2025-04-22 12:30:00+00:00,{},False
O-20250422-123000-001-V2-1523,BACKTESTER-001,MLSignalStrategyV2-V2,EUR/USD.IDEALPRO,IDEALPRO-1-1523,IDEALPRO-001,IDEALPRO-1-224689,EUR/USD.IDEALPRO-MLSignalStrategyV2-V2,SELL,STOP_MARKET,100000.00,1.14561,USD,2.29 USD,TAKER,18184121-618a-4d48-9e7f-0118c6d6622d,2025-04-22 13:12:00+00:00,2025-04-22 13:12:00+00:00,{},False
O-20250422-170000-001-V2-1525,BACKTESTER-001,MLSignalStrategyV2-V2,EUR/USD.IDEALPRO,IDEALPRO-1-1525,IDEALPRO-001,IDEALPRO-1-225146,EUR/USD.IDEALPRO-MLSignalStrategyV2-V2,BUY,MARKET,100000.00,1.14340,USD,2.29 USD,TAKER,f9f60fc6-6c95-43c9-94f7-7ee855dc45cc,2025-04-22 17:00:00+00:00,2025-04-22 17:00:00+00:00,{},False
O-20250422-170000-001-V2-1526,BACKTESTER-001,MLSignalStrategyV2-V2,EUR/USD.IDEALPRO,IDEALPRO-1-1526,IDEALPRO-001,IDEALPRO-1-225505,EUR/USD.IDEALPRO-MLSignalStrategyV2-V2,SELL,STOP_MARKET,100000.00,1.14200,USD,2.28 USD,TAKER,92dbfb08-b718-40e3-99cc-d9376c84fcff,2025-04-22 19:59:00+00:00,2025-04-22 19:59:00+00:00,{},False
O-20250422-200000-001-V2-1528,BACKTESTER-001,MLSignalStrategyV2-V2,EUR/USD.IDEALPRO,IDEALPRO-1-1528,IDEALPRO-001,IDEALPRO-1-225508,EUR/USD.IDEALPRO-MLSignalStrategyV2-V2,BUY,MARKET,100000.00,1.14210,USD,2.28 USD,TAKER,f6ae430f-010f-4790-9149-3f8c7e1d95c2,2025-04-22 20:00:00+00:00,2025-04-22 20:00:00+00:00,{},False
O-20250422-200000-001-V2-1529,BACKTESTER-001,MLSignalStrategyV2-V2,EUR/USD.IDEALPRO,IDEALPRO-1-1529,IDEALPRO-001,IDEALPRO-1-225659,EUR/USD.IDEALPRO-MLSignalStrategyV2-V2,SELL,STOP_MARKET,100000.00,1.14084,USD,2.28 USD,TAKER,3dea38b7-354e-4799-84ac-42ad0e1fa01f,2025-04-22 21:30:00+00:00,2025-04-22 21:30:00+00:00,{},False
O-20250422-220000-001-V2-1531,BACKTESTER-001,MLSignalStrategyV2-V2,EUR/USD.IDEALPRO,IDEALPRO-1-1531,IDEALPRO-001,IDEALPRO-1-225720,EUR/USD.IDEALPRO-MLSignalStrategyV2-V2,BUY,MARKET,100000.00,1.13641,USD,2.27 USD,TAKER,1b48d728-20ae-4b02-b949-9459c5f41a84,2025-04-22 22:00:00+00:00,2025-04-22 22:00:00+00:00,{},False
O-20250422-220000-001-V2-1532,BACKTESTER-001,MLSignalStrategyV2-V2,EUR/USD.IDEALPRO,IDEALPRO-1-1532,IDEALPRO-001,IDEALPRO-1-225729,EUR/USD.IDEALPRO-MLSignalStrategyV2-V2,SELL,STOP_MARKET,100000.00,1.13492,USD,2.27 USD,TAKER,b261fefb-47e6-4ffd-a3d1-8824577843d2,2025-04-22 22:04:00+00:00,2025-04-22 22:04:00+00:00,{},False
O-20250422-221500-001-V2-1534,BACKTESTER-001,MLSignalStrategyV2-V2,EUR/USD.IDEALPRO,IDEALPRO-1-1534,IDEALPRO-001,IDEALPRO-1-225752,EUR/USD.IDEALPRO-MLSignalStrategyV2-V2,BUY,MARKET,100000.00,1.13586,USD,2.27 USD,TAKER,0cb5b981-7294-4889-af84-a993f80eefe9,2025-04-22 22:15:00+00:00,2025-04-22 22:15:00+00:00,{},False
O-20250422-221500-001-V2-1535,BACKTESTER-001,MLSignalStrategyV2-V2,EUR/USD.IDEALPRO,IDEALPRO-1-1535,IDEALPRO-001,IDEALPRO-1-225761,EUR/USD.IDEALPRO-MLSignalStrategyV2-V2,SELL,STOP_MARKET,100000.00,1.13392,USD,2.27 USD,TAKER,a211aba1-eb0f-4e99-9f80-39ee9dea0c17,2025-04-22 22:19:00+00:00,2025-04-22 22:19:00+00:00,{},False
O-20250422-223000-001-V2-1537,BACKTESTER-001,MLSignalStrategyV2-V2,EUR/USD.IDEALPRO,IDEALPRO-1-1537,IDEALPRO-001,IDEALPRO-1-225784,EUR/USD.IDEALPRO-MLSignalStrategyV2-V2,BUY,MARKET,100000.00,1.13177,USD,2.26 USD,TAKER,5e593e15-94c0-4c90-b241-ef4633445e94,2025-04-22 22:30:00+00:00,2025-04-22 22:30:00+00:00,{},False
O-20250422-223000-001-V2-1539,BACKTESTER-001,MLSignalStrategyV2-V2,EUR/USD.IDEALPRO,IDEALPRO-1-1539,IDEALPRO-001,IDEALPRO-1-225851,EUR/USD.IDEALPRO-MLSignalStrategyV2-V2,SELL,LIMIT,100000.00,1.13479,USD,2.27 USD,MAKER,9e9376ab-a840-4a4e-89fc-a0c93b8ed34a,2025-04-22 23:03:00+00:00,2025-04-22 23:03:00+00:00,{},False
O-20250422-231500-001-V2-1540,BACKTESTER-001,MLSignalStrategyV2-V2,EUR/USD.IDEALPRO,IDEALPRO-1-1540,IDEALPRO-001,IDEALPRO-1-225876,EUR/USD.IDEALPRO-MLSignalStrategyV2-V2,BUY,MARKET,100000.00,1.13539,USD,2.27 USD,TAKER,4fc9466c-dcfd-41f4-9a5a-864c6ee0b4eb,2025-04-22 23:15:00+00:00,2025-04-22 23:15:00+00:00,{},False
O-20250422-231500-001-V2-1542,BACKTESTER-001,MLSignalStrategyV2-V2,EUR/USD.IDEALPRO,IDEALPRO-1-1542,IDEALPRO-001,IDEALPRO-1-226067,EUR/USD.IDEALPRO-MLSignalStrategyV2-V2,SELL,LIMIT,100000.00,1.13869,USD,2.28 USD,MAKER,437831c3-ecd0-4ba9-b2e4-88fad03534d0,2025-04-23 00:50:00+00:00,2025-04-23 00:50:00+00:00,{},False
O-20250423-033000-001-V2-1543,BACKTESTER-001,MLSignalStrategyV2-V2,EUR/USD.IDEALPRO,IDEALPRO-1-1543,IDEALPRO-001,IDEALPRO-1-226388,EUR/USD.IDEALPRO-MLSignalStrategyV2-V2,BUY,MARKET,100000.00,1.13838,USD,2.28 USD,TAKER,9034aec3-32aa-4b80-997b-b5e71fbb9fb9,2025-04-23 03:30:00+00:00,2025-04-23 03:30:00+00:00,{},False
O-20250423-033000-001-V2-1545,BACKTESTER-001,MLSignalStrategyV2-V2,EUR/USD.IDEALPRO,IDEALPRO-1-1545,IDEALPRO-001,IDEALPRO-1-226863,EUR/USD.IDEALPRO-MLSignalStrategyV2-V2,SELL,LIMIT,100000.00,1.14039,USD,2.28 USD,MAKER,4790b295-552d-44a3-a926-c429ce1c9663,2025-04-23 07:27:00+00:00,2025-04-23 07:27:00+00:00,{},False
O-20250423-110000-001-V2-1546,BACKTESTER-001,MLSignalStrategyV2-V2,EUR/USD.IDEALPRO,IDEALPRO-1-1546,IDEALPRO-001,IDEALPRO-1-227290,EUR/USD.IDEALPRO-MLSignalStrategyV2-V2,SELL,MARKET,100000.00,1.14021,USD,2.28 USD,TAKER,27f35794-2764-4a25-b8e6-0471f9ce1dd5,2025-04-23 11:00:00+00:00,2025-04-23 11:00:00+00:00,{},False
O-20250423-110000-001-V2-1547,BACKTESTER-001,MLSignalStrategyV2-V2,EUR/USD.IDEALPRO,IDEALPRO-1-1547,IDEALPRO-001,IDEALPRO-1-227391,EUR/USD.IDEALPRO-MLSignalStrategyV2-V2,BUY,STOP_MARKET,100000.00,1.14163,USD,2.28 USD,TAKER,06bfb6f2-d31e-4508-8c5a-cb19510fda26,2025-04-23 11:50:00+00:00,2025-04-23 11:50:00+00:00,{},False
O-20250423-201500-001-V2-1549,BACKTESTER-001,MLSignalStrategyV2-V2,EUR/USD.IDEALPRO,IDEALPRO-1-1549,IDEALPRO-001,IDEALPRO-1-228402,EUR/USD.IDEALPRO-MLSignalStrategyV2-V2,BUY,MARKET,100000.00,1.13231,USD,2.26 USD,TAKER,464bef13-f0b4-4371-961d-503ea70cd15b,2025-04-23 20:15:00+00:00,2025-04-23 20:15:00+00:00,{},False
O-20250423-201500-001-V2-1550,BACKTESTER-001,MLSignalStrategyV2-V2,EUR/USD.IDEALPRO,IDEALPRO-1-1550,IDEALPRO-001,IDEALPRO-1-228423,EUR/USD.IDEALPRO-MLSignalStrategyV2-V2,SELL,STOP_MARKET,100000.00,1.13105,USD,2.26 USD,TAKER,056316ee-5707-43eb-a872-9b872f360428,2025-04-23 20:25:00+00:00,2025-04-23 20:25:00+00:00,{},False
O-20250423-203000-001-V2-1552,BACKTESTER-001,MLSignalStrategyV2-V2,EUR/USD.IDEALPRO,IDEALPRO-1-1552,IDEALPRO-001,IDEALPRO-1-228435,EUR/USD.IDEALPRO-MLSignalStrategyV2-V2,BUY,MARKET,100000.00,1.13120,USD,2.26 USD,TAKER,2175d901-8186-4636-8ab3-b7d7ce553604,2025-04-23 20:30:00+00:00,2025-04-23 20:30:00+00:00,{},False
O-20250423-203000-001-V2-1554,BACKTESTER-001,MLSignalStrategyV2-V2,EUR/USD.IDEALPRO,IDEALPRO-1-1554,IDEALPRO-001,IDEALPRO-1-228587,EUR/USD.IDEALPRO-MLSignalStrategyV2-V2,SELL,LIMIT,100000.00,1.13288,USD,2.27 USD,MAKER,392b92aa-7492-47f5-9a58-7b03c7ae664e,2025-04-23 22:01:00+00:00,2025-04-23 22:01:00+00:00,{},False
O-20250423-233000-001-V2-1555,BACKTESTER-001,MLSignalStrategyV2-V2,EUR/USD.IDEALPRO,IDEALPRO-1-1555,IDEALPRO-001,IDEALPRO-1-228767,EUR/USD.IDEALPRO-MLSignalStrategyV2-V2,BUY,MARKET,100000.00,1.13303,USD,2.27 USD,TAKER,2d29d39b-fb39-40d5-ad0f-423ecf452de6,2025-04-23 23:30:00+00:00,2025-04-23 23:30:00+00:00,{},False
O-20250423-233000-001-V2-1557,BACKTESTER-001,MLSignalStrategyV2-V2,EUR/USD.IDEALPRO,IDEALPRO-1-1557,IDEALPRO-001,IDEALPRO-1-228941,EUR/USD.IDEALPRO-MLSignalStrategyV2-V2,SELL,LIMIT,100000.00,1.13447,USD,2.27 USD,MAKER,d5ee7714-47da-4c35-a22b-509caeaea408,2025-04-24 00:57:00+00:00,2025-04-24 00:57:00+00:00,{},False
O-20250424-034500-001-V2-1558,BACKTESTER-001,MLSignalStrategyV2-V2,EUR/USD.IDEALPRO,IDEALPRO-1-1558,IDEALPRO-001,IDEALPRO-1-229279,EUR/USD.IDEALPRO-MLSignalStrategyV2-V2,SELL,MARKET,100000.00,1.13390,USD,2.27 USD,TAKER,f8c3db24-6283-4f07-adca-e070e7f834d0,2025-04-24 03:45:00+00:00,2025-04-24 03:45:00+00:00,{},False
O-20250424-034500-001-V2-1559,BACKTESTER-001,MLSignalStrategyV2-V2,EUR/USD.IDEALPRO,IDEALPRO-1-1559,IDEALPRO-001,IDEALPRO-1-229567,EUR/USD.IDEALPRO-MLSignalStrategyV2-V2,BUY,STOP_MARKET,100000.00,1.13482,USD,2.27 USD,TAKER,bdeb7b33-076a-4119-89c6-6c896db775f8,2025-04-24 06:09:00+00:00,2025-04-24 06:09:00+00:00,{},False
O-20250424-061500-001-V2-1561,BACKTESTER-001,MLSignalStrategyV2-V2,EUR/USD.IDEALPRO,IDEALPRO-1-1561,IDEALPRO-001,IDEALPRO-1-229581,EUR/USD.IDEALPRO-MLSignalStrategyV2-V2,BUY,MARKET,100000.00,1.13489,USD,2.27 USD,TAKER,c703f819-77dc-422d-8806-46b3955531c1,2025-04-24 06:15:00+00:00,2025-04-24 06:15:00+00:00,{},False
O-20250424-061500-001-V2-1563,BACKTESTER-001,MLSignalStrategyV2-V2,EUR/USD.IDEALPRO,IDEALPRO-1-1563,IDEALPRO-001,IDEALPRO-1-229699,EUR/USD.IDEALPRO-MLSignalStrategyV2-V2,SELL,LIMIT,100000.00,1.13645,USD,2.27 USD,MAKER,aa11a02b-1885-4ed0-b634-d13392db7f10,2025-04-24 07:14:00+00:00,2025-04-24 07:14:00+00:00,{},False
O-20250424-090000-001-V2-1564,BACKTESTER-001,MLSignalStrategyV2-V2,EUR/USD.IDEALPRO,IDEALPRO-1-1564,IDEALPRO-001,IDEALPRO-1-229912,EUR/USD.IDEALPRO-MLSignalStrategyV2-V2,SELL,MARKET,100000.00,1.13806,USD,2.28 USD,TAKER,af083d4c-dd7f-4ba8-875d-d0382bb83e5b,2025-04-24 09:00:00+00:00,2025-04-24 09:00:00+00:00,{},False
O-20250424-090000-001-V2-1565,BACKTESTER-001,MLSignalStrategyV2-V2,EUR/USD.IDEALPRO,IDEALPRO-1-1565,IDEALPRO-001,IDEALPRO-1-230053,EUR/USD.IDEALPRO-MLSignalStrategyV2-V2,BUY,STOP_MARKET,100000.00,1.13949,USD,2.28 USD,TAKER,672ef15a-175b-4037-9186-0c027be3d842,2025-04-24 10:10:00+00:00,2025-04-24 10:10:00+00:00,{},False
O-20250424-234500-001-V2-1567,BACKTESTER-001,MLSignalStrategyV2-V2,EUR/USD.IDEALPRO,IDEALPRO-1-1567,IDEALPRO-001,IDEALPRO-1-231654,EUR/USD.IDEALPRO-MLSignalStrategyV2-V2,SELL,MARKET,100000.00,1.13736,USD,2.27 USD,TAKER,8240755d-2885-4da5-b19f-7e72169ee8a0,2025-04-24 23:45:00+00:00,2025-04-24 23:45:00+00:00,{},False
O-20250424-234500-001-V2-1569,BACKTESTER-001,MLSignalStrategyV2-V2,EUR/USD.IDEALPRO,IDEALPRO-1-1569,IDEALPRO-001,IDEALPRO-1-231691,EUR/USD.IDEALPRO-MLSignalStrategyV2-V2,BUY,LIMIT,100000.00,1.13629,USD,2.27 USD,MAKER,6233894f-7937-4994-ae41-0cf13c5e99fa,2025-04-25 00:03:00+00:00,2025-04-25 00:03:00+00:00,{},False
O-20250425-010000-001-V2-1570,BACKTESTER-001,MLSignalStrategyV2-V2,EUR/USD.IDEALPRO,IDEALPRO-1-1570,IDEALPRO-001,IDEALPRO-1-231806,EUR/USD.IDEALPRO-MLSignalStrategyV2-V2,BUY,MARKET,100000.00,1.13473,USD,2.27 USD,TAKER,f0fc3327-c8a7-4b7a-94c7-3a119d40d139,2025-04-25 01:00:00+00:00,2025-04-25 01:00:00+00:00,{},False
O-20250425-010000-001-V2-1572,BACKTESTER-001,MLSignalStrategyV2-V2,EUR/USD.IDEALPRO,IDEALPRO-1-1572,IDEALPRO-001,IDEALPRO-1-232093,EUR/USD.IDEALPRO-MLSignalStrategyV2-V2,SELL,LIMIT,100000.00,1.13594,USD,2.27 USD,MAKER,46cd71c3-92dd-4527-afdc-2edcb7bca153,2025-04-25 03:23:00+00:00,2025-04-25 03:23:00+00:00,{},False
O-20250425-034500-001-V2-1573,BACKTESTER-001,MLSignalStrategyV2-V2,EUR/USD.IDEALPRO,IDEALPRO-1-1573,IDEALPRO-001,IDEALPRO-1-232138,EUR/USD.IDEALPRO-MLSignalStrategyV2-V2,BUY,MARKET,100000.00,1.13332,USD,2.27 USD,TAKER,75110f76-4ce2-4db2-a349-7429c98e82a1,2025-04-25 03:45:00+00:00,2025-04-25 03:45:00+00:00,{},False
O-20250425-034500-001-V2-1574,BACKTESTER-001,MLSignalStrategyV2-V2,EUR/USD.IDEALPRO,IDEALPRO-1-1574,IDEALPRO-001,IDEALPRO-1-232171,EUR/USD.IDEALPRO-MLSignalStrategyV2-V2,SELL,STOP_MARKET,100000.00,1.13218,USD,2.26 USD,TAKER,d1826891-f09a-4006-9be2-6fa68c624321,2025-04-25 04:01:00+00:00,2025-04-25 04:01:00+00:00,{},False
O-20250425-041500-001-V2-1576,BACKTESTER-001,MLSignalStrategyV2-V2,EUR/USD.IDEALPRO,IDEALPRO-1-1576,IDEALPRO-001,IDEALPRO-1-232200,EUR/USD.IDEALPRO-MLSignalStrategyV2-V2,BUY,MARKET,100000.00,1.13266,USD,2.27 USD,TAKER,c1423ec4-d3f5-4b27-8d68-cb3020a56328,2025-04-25 04:15:00+00:00,2025-04-25 04:15:00+00:00,{},False
O-20250425-041500-001-V2-1578,BACKTESTER-001,MLSignalStrategyV2-V2,EUR/USD.IDEALPRO,IDEALPRO-1-1578,IDEALPRO-001,IDEALPRO-1-232327,EUR/USD.IDEALPRO-MLSignalStrategyV2-V2,SELL,LIMIT,100000.00,1.13416,USD,2.27 USD,MAKER,dace13b7-3d90-4b06-9e2e-2e3a56ff33c5,2025-04-25 05:18:00+00:00,2025-04-25 05:18:00+00:00,{},False
O-20250425-093000-001-V2-1579,BACKTESTER-001,MLSignalStrategyV2-V2,EUR/USD.IDEALPRO,IDEALPRO-1-1579,IDEALPRO-001,IDEALPRO-1-232832,EUR/USD.IDEALPRO-MLSignalStrategyV2-V2,SELL,MARKET,100000.00,1.13542,USD,2.27 USD,TAKER,c3aff3a6-5386-4b8b-ad2d-d1695bb07c5a,2025-04-25 09:30:00+00:00,2025-04-25 09:30:00+00:00,{},False
O-20250425-093000-001-V2-1581,BACKTESTER-001,MLSignalStrategyV2-V2,EUR/USD.IDEALPRO,IDEALPRO-1-1581,IDEALPRO-001,IDEALPRO-1-232935,EUR/USD.IDEALPRO-MLSignalStrategyV2-V2,BUY,LIMIT,100000.00,1.13383,USD,2.27 USD,MAKER,b52731b3-699c-442d-b6d4-032c7ea80500,2025-04-25 10:21:00+00:00,2025-04-25 10:21:00+00:00,{},False
O-20250425-103000-001-V2-1582,BACKTESTER-001,MLSignalStrategyV2-V2,EUR/USD.IDEALPRO,IDEALPRO-1-1582,IDEALPRO-001,IDEALPRO-1-232954,EUR/USD.IDEALPRO-MLSignalStrategyV2-V2,BUY,MARKET,100000.00,1.13432,USD,2.27 USD,TAKER,2dd77cf6-777e-4915-8ecf-4ce0413cee82,2025-04-25 10:30:00+00:00,2025-04-25 10:30:00+00:00,{},False
O-20250425-103000-001-V2-1584,BACKTESTER-001,MLSignalStrategyV2-V2,EUR/USD.IDEALPRO,IDEALPRO-1-1584,IDEALPRO-001,IDEALPRO-1-232993,EUR/USD.IDEALPRO-MLSignalStrategyV2-V2,SELL,LIMIT,100000.00,1.13596,USD,2.27 USD,MAKER,47f82219-81b4-4a6c-9c6f-1f44e5b7b1c7,2025-04-25 10:49:00+00:00,2025-04-25 10:49:00+00:00,{},False
O-20250425-134500-001-V2-1585,BACKTESTER-001,MLSignalStrategyV2-V2,EUR/USD.IDEALPRO,IDEALPRO-1-1585,IDEALPRO-001,IDEALPRO-1-233347,EUR/USD.IDEALPRO-MLSignalStrategyV2-V2,BUY,MARKET,100000.00,1.13407,USD,2.27 USD,TAKER,3176777a-f79f-4834-9a6b-b02042a0b21a,2025-04-25 13:45:00+00:00,2025-04-25 13:45:00+00:00,{},False
O-20250425-134500-001-V2-1587,BACKTESTER-001,MLSignalStrategyV2-V2,EUR/USD.IDEALPRO,IDEALPRO-1-1587,IDEALPRO-001,IDEALPRO-1-233381,EUR/USD.IDEALPRO-MLSignalStrategyV2-V2,SELL,LIMIT,100000.00,1.13572,USD,2.27 USD,MAKER,51b91cb5-5971-4882-bd76-bcf952313559,2025-04-25 14:02:00+00:00,2025-04-25 14:02:00+00:00,{},False
O-20250427-213000-001-V2-1588,BACKTESTER-001,MLSignalStrategyV2-V2,EUR/USD.IDEALPRO,IDEALPRO-1-1588,IDEALPRO-001,IDEALPRO-1-234248,EUR/USD.IDEALPRO-MLSignalStrategyV2-V2,BUY,MARKET,100000.00,1.13648,USD,2.27 USD,TAKER,e71fd098-e965-45ed-9e9d-f9f1fd9ddd19,2025-04-27 21:30:00+00:00,2025-04-27 21:30:00+00:00,{},False
O-20250427-213000-001-V2-1589,BACKTESTER-001,MLSignalStrategyV2-V2,EUR/USD.IDEALPRO,IDEALPRO-1-1589,IDEALPRO-001,IDEALPRO-1-234341,EUR/USD.IDEALPRO-MLSignalStrategyV2-V2,SELL,STOP_MARKET,100000.00,1.13550,USD,2.27 USD,TAKER,678b4c99-d14d-41e5-9208-acdebc496c01,2025-04-27 22:16:00+00:00,2025-04-27 22:16:00+00:00,{},False
O-20250427-223000-001-V2-1591,BACKTESTER-001,MLSignalStrategyV2-V2,EUR/USD.IDEALPRO,IDEALPRO-1-1591,IDEALPRO-001,IDEALPRO-1-234370,EUR/USD.IDEALPRO-MLSignalStrategyV2-V2,BUY,MARKET,100000.00,1.13498,USD,2.27 USD,TAKER,39b80bb7-ffd5-42a0-96aa-eff5e16449bf,2025-04-27 22:30:00+00:00,2025-04-27 22:30:00+00:00,{},False
O-20250427-223000-001-V2-1592,BACKTESTER-001,MLSignalStrategyV2-V2,EUR/USD.IDEALPRO,IDEALPRO-1-1592,IDEALPRO-001,IDEALPRO-1-234373,EUR/USD.IDEALPRO-MLSignalStrategyV2-V2,SELL,STOP_MARKET,100000.00,1.13399,USD,2.27 USD,TAKER,0d24cb02-c72f-4ff2-8ce4-b8fae5c3c657,2025-04-27 22:31:00+00:00,2025-04-27 22:31:00+00:00,{},False
O-20250427-224500-001-V2-1594,BACKTESTER-001,MLSignalStrategyV2-V2,EUR/USD.IDEALPRO,IDEALPRO-1-1594,IDEALPRO-001,IDEALPRO-1-234402,EUR/USD.IDEALPRO-MLSignalStrategyV2-V2,BUY,MARKET,100000.00,1.13499,USD,2.27 USD,TAKER,9c49899b-cec7-4497-b58a-e5f5862ab425,2025-04-27 22:45:00+00:00,2025-04-27 22:45:00+00:00,{},False
O-20250427-224500-001-V2-1595,BACKTESTER-001,MLSignalStrategyV2-V2,EUR/USD.IDEALPRO,IDEALPRO-1-1595,IDEALPRO-001,IDEALPRO-1-234549,EUR/USD.IDEALPRO-MLSignalStrategyV2-V2,SELL,STOP_MARKET,100000.00,1.13423,USD,2.27 USD,TAKER,b3f9dea7-ba30-424a-a663-69b14e3de022,2025-04-27 23:58:00+00:00,2025-04-27 23:58:00+00:00,{},False
O-20250428-020000-001-V2-1597,BACKTESTER-001,MLSignalStrategyV2-V2,EUR/USD.IDEALPRO,IDEALPRO-1-1597,IDEALPRO-001,IDEALPRO-1-234794,EUR/USD.IDEALPRO-MLSignalStrategyV2-V2,BUY,MARKET,100000.00,1.13514,USD,2.27 USD,TAKER,a59571b4-e248-463d-9cf6-4ba8ca127869,2025-04-28 02:00:00+00:00,2025-04-28 02:00:00+00:00,{},False
O-20250428-020000-001-V2-1599,BACKTESTER-001,MLSignalStrategyV2-V2,EUR/USD.IDEALPRO,IDEALPRO-1-1599,IDEALPRO-001,IDEALPRO-1-235099,EUR/USD.IDEALPRO-MLSignalStrategyV2-V2,SELL,LIMIT,100000.00,1.13638,USD,2.27 USD,MAKER,9230c4ca-af33-4f38-b75c-5d2c59a98326,2025-04-28 04:32:00+00:00,2025-04-28 04:32:00+00:00,{},False
O-20250428-070000-001-V2-1600,BACKTESTER-001,MLSignalStrategyV2-V2,EUR/USD.IDEALPRO,IDEALPRO-1-1600,IDEALPRO-001,IDEALPRO-1-235396,EUR/USD.IDEALPRO-MLSignalStrategyV2-V2,BUY,MARKET,100000.00,1.13316,USD,2.27 USD,TAKER,7335d503-4cd2-4af9-9fe8-724cb8c8ab26,2025-04-28 07:00:00+00:00,2025-04-28 07:00:00+00:00,{},False
O-20250428-070000-001-V2-1602,BACKTESTER-001,MLSignalStrategyV2-V2,EUR/USD.IDEALPRO,IDEALPRO-1-1602,IDEALPRO-001,IDEALPRO-1-235419,EUR/USD.IDEALPRO-MLSignalStrategyV2-V2,SELL,LIMIT,100000.00,1.13471,USD,2.27 USD,MAKER,27605b4b-e572-45cb-8a69-6a211e99ab8d,2025-04-28 07:11:00+00:00,2025-04-28 07:11:00+00:00,{},False
O-20250428-071500-001-V2-1603,BACKTESTER-001,MLSignalStrategyV2-V2,EUR/USD.IDEALPRO,IDEALPRO-1-1603,IDEALPRO-001,IDEALPRO-1-235428,EUR/USD.IDEALPRO-MLSignalStrategyV2-V2,BUY,MARKET,100000.00,1.13427,USD,2.27 USD,TAKER,ff099af4-dc35-4285-9f65-0e4342583bd1,2025-04-28 07:15:00+00:00,2025-04-28 07:15:00+00:00,{},False
O-20250428-071500-001-V2-1605,BACKTESTER-001,MLSignalStrategyV2-V2,EUR/USD.IDEALPRO,IDEALPRO-1-1605,IDEALPRO-001,IDEALPRO-1-235482,EUR/USD.IDEALPRO-MLSignalStrategyV2-V2,SELL,LIMIT,100000.00,1.13585,USD,2.27 USD,MAKER,6fc6ba2d-727c-4dbc-a957-fb61045a2021,2025-04-28 07:41:00+00:00,2025-04-28 07:41:00+00:00,{},False
O-20250428-081500-001-V2-1606,BACKTESTER-001,MLSignalStrategyV2-V2,EUR/USD.IDEALPRO,IDEALPRO-1-1606,IDEALPRO-001,IDEALPRO-1-235550,EUR/USD.IDEALPRO-MLSignalStrategyV2-V2,BUY,MARKET,100000.00,1.13438,USD,2.27 USD,TAKER,b45ed5f8-de63-435c-b785-cb22e9be7349,2025-04-28 08:15:00+00:00,2025-04-28 08:15:00+00:00,{},False
O-20250428-081500-001-V2-1608,BACKTESTER-001,MLSignalStrategyV2-V2,EUR/USD.IDEALPRO,IDEALPRO-1-1608,IDEALPRO-001,IDEALPRO-1-236025,EUR/USD.IDEALPRO-MLSignalStrategyV2-V2,SELL,LIMIT,100000.00,1.13620,USD,2.27 USD,MAKER,cabd23bb-08b1-428c-8fea-796eb1b752e2,2025-04-28 12:12:00+00:00,2025-04-28 12:12:00+00:00,{},False
O-20250428-144500-001-V2-1609,BACKTESTER-001,MLSignalStrategyV2-V2,EUR/USD.IDEALPRO,IDEALPRO-1-1609,IDEALPRO-001,IDEALPRO-1-236332,EUR/USD.IDEALPRO-MLSignalStrategyV2-V2,SELL,MARKET,100000.00,1.13991,USD,2.28 USD,TAKER,a0cbcd5f-4f11-4922-9dae-fb367e0b4726,2025-04-28 14:45:00+00:00,2025-04-28 14:45:00+00:00,{},False
O-20250428-144500-001-V2-1611,BACKTESTER-001,MLSignalStrategyV2-V2,EUR/USD.IDEALPRO,IDEALPRO-1-1611,IDEALPRO-001,IDEALPRO-1-236389,EUR/USD.IDEALPRO-MLSignalStrategyV2-V2,BUY,LIMIT,100000.00,1.13739,USD,2.27 USD,MAKER,57cb25d3-f590-429f-a0ee-571bbc9bfcea,2025-04-28 15:13:00+00:00,2025-04-28 15:13:00+00:00,{},False
O-20250428-151500-001-V2-1612,BACKTESTER-001,MLSignalStrategyV2-V2,EUR/USD.IDEALPRO,IDEALPRO-1-1612,IDEALPRO-001,IDEALPRO-1-236395,EUR/USD.IDEALPRO-MLSignalStrategyV2-V2,SELL,MARKET,100000.00,1.13731,USD,2.27 USD,TAKER,6a77ce18-eb7a-4638-a13f-d8ec92e39f86,2025-04-28 15:15:00+00:00,2025-04-28 15:15:00+00:00,{},False
O-20250428-151500-001-V2-1613,BACKTESTER-001,MLSignalStrategyV2-V2,EUR/USD.IDEALPRO,IDEALPRO-1-1613,IDEALPRO-001,IDEALPRO-1-236457,EUR/USD.IDEALPRO-MLSignalStrategyV2-V2,BUY,STOP_MARKET,100000.00,1.13927,USD,2.28 USD,TAKER,be28fc40-b0da-43c6-9cf7-7cb217d742ab,2025-04-28 15:46:00+00:00,2025-04-28 15:46:00+00:00,{},False
O-20250428-170000-001-V2-1615,BACKTESTER-001,MLSignalStrategyV2-V2,EUR/USD.IDEALPRO,IDEALPRO-1-1615,IDEALPRO-001,IDEALPRO-1-236606,EUR/USD.IDEALPRO-MLSignalStrategyV2-V2,SELL,MARKET,100000.00,1.14116,USD,2.28 USD,TAKER,01afbdb3-87e8-41e1-bcd8-b1249b56d252,2025-04-28 17:00:00+00:00,2025-04-28 17:00:00+00:00,{},False
O-20250428-170000-001-V2-1617,BACKTESTER-001,MLSignalStrategyV2-V2,EUR/USD.IDEALPRO,IDEALPRO-1-1617,IDEALPRO-001,IDEALPRO-1-237873,EUR/USD.IDEALPRO-MLSignalStrategyV2-V2,BUY,LIMIT,100000.00,1.13865,USD,2.28 USD,MAKER,009fb24d-7370-46e2-badd-c0c464bef988,2025-04-29 03:48:00+00:00,2025-04-29 03:48:00+00:00,{},False
O-20250429-100000-001-V2-1618,BACKTESTER-001,MLSignalStrategyV2-V2,EUR/USD.IDEALPRO,IDEALPRO-1-1618,IDEALPRO-001,IDEALPRO-1-238618,EUR/USD.IDEALPRO-MLSignalStrategyV2-V2,BUY,MARKET,100000.00,1.13806,USD,2.28 USD,TAKER,551eab6b-e9ba-4949-956b-ede608186526,2025-04-29 10:00:00+00:00,2025-04-29 10:00:00+00:00,{},False
O-20250429-100000-001-V2-1620,BACKTESTER-001,MLSignalStrategyV2-V2,EUR/USD.IDEALPRO,IDEALPRO-1-1620,IDEALPRO-001,IDEALPRO-1-238947,EUR/USD.IDEALPRO-MLSignalStrategyV2-V2,SELL,LIMIT,100000.00,1.13993,USD,2.28 USD,MAKER,2f10a124-6db7-40b7-b578-e81a6d56d6e7,2025-04-29 12:44:00+00:00,2025-04-29 12:44:00+00:00,{},False
O-20250429-230000-001-V2-1621,BACKTESTER-001,MLSignalStrategyV2-V2,EUR/USD.IDEALPRO,IDEALPRO-1-1621,IDEALPRO-001,IDEALPRO-1-240150,EUR/USD.IDEALPRO-MLSignalStrategyV2-V2,SELL,MARKET,100000.00,1.13916,USD,2.28 USD,TAKER,30f8570d-6d5e-48c3-8962-283e64ba18a8,2025-04-29 23:00:00+00:00,2025-04-29 23:00:00+00:00,{},False
O-20250429-230000-001-V2-1623,BACKTESTER-001,MLSignalStrategyV2-V2,EUR/USD.IDEALPRO,IDEALPRO-1-1623,IDEALPRO-001,IDEALPRO-1-240379,EUR/USD.IDEALPRO-MLSignalStrategyV2-V2,BUY,LIMIT,100000.00,1.13796,USD,2.28 USD,MAKER,8eb65755-46d4-4d21-8a8f-381556087330,2025-04-30 00:54:00+00:00,2025-04-30 00:54:00+00:00,{},False
O-20250430-020000-001-V2-1624,BACKTESTER-001,MLSignalStrategyV2-V2,EUR/USD.IDEALPRO,IDEALPRO-1-1624,IDEALPRO-001,IDEALPRO-1-240512,EUR/USD.IDEALPRO-MLSignalStrategyV2-V2,BUY,MARKET,100000.00,1.13587,USD,2.27 USD,TAKER,a4f6a8a2-b986-426a-b3e1-e90987d20be3,2025-04-30 02:00:00+00:00,2025-04-30 02:00:00+00:00,{},False
O-20250430-020000-001-V2-1626,BACKTESTER-001,MLSignalStrategyV2-V2,EUR/USD.IDEALPRO,IDEALPRO-1-1626,IDEALPRO-001,IDEALPRO-1-240579,EUR/USD.IDEALPRO-MLSignalStrategyV2-V2,SELL,LIMIT,100000.00,1.13718,USD,2.27 USD,MAKER,268583eb-2124-48f3-b243-0c2955d293c4,2025-04-30 02:33:00+00:00,2025-04-30 02:33:00+00:00,{},False
O-20250430-024500-001-V2-1627,BACKTESTER-001,MLSignalStrategyV2-V2,EUR/USD.IDEALPRO,IDEALPRO-1-1627,IDEALPRO-001,IDEALPRO-1-240604,EUR/USD.IDEALPRO-MLSignalStrategyV2-V2,BUY,MARKET,100000.00,1.13666,USD,2.27 USD,TAKER,cd8099d3-dd06-4763-b987-08928d28ac3e,2025-04-30 02:45:00+00:00,2025-04-30 02:45:00+00:00,{},False
O-20250430-024500-001-V2-1629,BACKTESTER-001,MLSignalStrategyV2-V2,EUR/USD.IDEALPRO,IDEALPRO-1-1629,IDEALPRO-001,IDEALPRO-1-240943,EUR/USD.IDEALPRO-MLSignalStrategyV2-V2,SELL,LIMIT,100000.00,1.13810,USD,2.28 USD,MAKER,d731e802-46af-4abd-a794-4cd27e96470b,2025-04-30 05:34:00+00:00,2025-04-30 05:34:00+00:00,{},False
O-20250430-073000-001-V2-1630,BACKTESTER-001,MLSignalStrategyV2-V2,EUR/USD.IDEALPRO,IDEALPRO-1-1630,IDEALPRO-001,IDEALPRO-1-241176,EUR/USD.IDEALPRO-MLSignalStrategyV2-V2,BUY,MARKET,100000.00,1.13805,USD,2.28 USD,TAKER,9cd2511d-355e-43d1-86f6-98b6c6eab17b,2025-04-30 07:30:00+00:00,2025-04-30 07:30:00+00:00,{},False
O-20250430-073000-001-V2-1631,BACKTESTER-001,MLSignalStrategyV2-V2,EUR/USD.IDEALPRO,IDEALPRO-1-1631,IDEALPRO-001,IDEALPRO-1-241239,EUR/USD.IDEALPRO-MLSignalStrategyV2-V2,SELL,STOP_MARKET,100000.00,1.13693,USD,2.27 USD,TAKER,c0947af5-3844-4e01-a79f-5ab6a11952ed,2025-04-30 08:01:00+00:00,2025-04-30 08:01:00+00:00,{},False
O-20250430-100000-001-V2-1633,BACKTESTER-001,MLSignalStrategyV2-V2,EUR/USD.IDEALPRO,IDEALPRO-1-1633,IDEALPRO-001,IDEALPRO-1-241479,EUR/USD.IDEALPRO-MLSignalStrategyV2-V2,BUY,MARKET,100000.00,1.13625,USD,2.27 USD,TAKER,359b12ae-3d2c-46cb-9391-2d4e3fd8245b,2025-04-30 10:00:00+00:00,2025-04-30 10:00:00+00:00,{},False
O-20250430-100000-001-V2-1635,BACKTESTER-001,MLSignalStrategyV2-V2,EUR/USD.IDEALPRO,IDEALPRO-1-1635,IDEALPRO-001,IDEALPRO-1-241681,EUR/USD.IDEALPRO-MLSignalStrategyV2-V2,SELL,LIMIT,100000.00,1.13779,USD,2.28 USD,MAKER,473bd6d3-6f6e-4b5e-87b4-279cd812b2f3,2025-04-30 11:41:00+00:00,2025-04-30 11:41:00+00:00,{},False
O-20250430-200000-001-V2-1636,BACKTESTER-001,MLSignalStrategyV2-V2,EUR/USD.IDEALPRO,IDEALPRO-1-1636,IDEALPRO-001,IDEALPRO-1-242680,EUR/USD.IDEALPRO-MLSignalStrategyV2-V2,BUY,MARKET,100000.00,1.13300,USD,2.27 USD,TAKER,a420842f-e9cb-4c95-8bf5-c6fb1d74b0c3,2025-04-30 20:00:00+00:00,2025-04-30 20:00:00+00:00,{},False
O-20250430-200000-001-V2-1637,BACKTESTER-001,MLSignalStrategyV2-V2,EUR/USD.IDEALPRO,IDEALPRO-1-1637,IDEALPRO-001,IDEALPRO-1-242701,EUR/USD.IDEALPRO-MLSignalStrategyV2-V2,SELL,STOP_MARKET,100000.00,1.13199,USD,2.26 USD,TAKER,de7b4c43-13b7-4fe4-ba89-d83593cebafa,2025-04-30 20:10:00+00:00,2025-04-30 20:10:00+00:00,{},False
O-20250430-201500-001-V2-1639,BACKTESTER-001,MLSignalStrategyV2-V2,EUR/USD.IDEALPRO,IDEALPRO-1-1639,IDEALPRO-001,IDEALPRO-1-242712,EUR/USD.IDEALPRO-MLSignalStrategyV2-V2,BUY,MARKET,100000.00,1.13216,USD,2.26 USD,TAKER,a0d9c926-833a-429c-ac55-31d7acc9a038,2025-04-30 20:15:00+00:00,2025-04-30 20:15:00+00:00,{},False
O-20250430-201500-001-V2-1640,BACKTESTER-001,MLSignalStrategyV2-V2,EUR/USD.IDEALPRO,IDEALPRO-1-1640,IDEALPRO-001,IDEALPRO-1-243293,EUR/USD.IDEALPRO-MLSignalStrategyV2-V2,SELL,STOP_MARKET,100000.00,1.13106,USD,2.26 USD,TAKER,26023e85-a845-40b5-bdd0-e13e1b2abbf2,2025-05-01 01:20:00+00:00,2025-05-01 01:20:00+00:00,{},False
O-20250501-034500-001-V2-1642,BACKTESTER-001,MLSignalStrategyV2-V2,EUR/USD.IDEALPRO,IDEALPRO-1-1642,IDEALPRO-001,IDEALPRO-1-243584,EUR/USD.IDEALPRO-MLSignalStrategyV2-V2,BUY,MARKET,100000.00,1.13016,USD,2.26 USD,TAKER,403bd276-fbb0-43f6-aed4-69f68e20d7d7,2025-05-01 03:45:00+00:00,2025-05-01 03:45:00+00:00,{},False
O-20250501-034500-001-V2-1644,BACKTESTER-001,MLSignalStrategyV2-V2,EUR/USD.IDEALPRO,IDEALPRO-1-1644,IDEALPRO-001,IDEALPRO-1-243613,EUR/USD.IDEALPRO-MLSignalStrategyV2-V2,SELL,LIMIT,100000.00,1.13118,USD,2.26 USD,MAKER,e382742c-6598-4b3a-8214-09f18596d839,2025-05-01 03:59:00+00:00,2025-05-01 03:59:00+00:00,{},False
O-20250501-091500-001-V2-1645,BACKTESTER-001,MLSignalStrategyV2-V2,EUR/USD.IDEALPRO,IDEALPRO-1-1645,IDEALPRO-001,IDEALPRO-1-244246,EUR/USD.IDEALPRO-MLSignalStrategyV2-V2,BUY,MARKET,100000.00,1.13170,USD,2.26 USD,TAKER,30fc97fa-2526-48b8-97b2-f436d8d7d7ec,2025-05-01 09:15:00+00:00,2025-05-01 09:15:00+00:00,{},False
O-20250501-091500-001-V2-1647,BACKTESTER-001,MLSignalStrategyV2-V2,EUR/USD.IDEALPRO,IDEALPRO-1-1647,IDEALPRO-001,IDEALPRO-1-244447,EUR/USD.IDEALPRO-MLSignalStrategyV2-V2,SELL,LIMIT,100000.00,1.13318,USD,2.27 USD,MAKER,2db75d16-8062-4b5d-a2a2-2ab188071d2a,2025-05-01 10:55:00+00:00,2025-05-01 10:55:00+00:00,{},False
O-20250501-124500-001-V2-1648,BACKTESTER-001,MLSignalStrategyV2-V2,EUR/USD.IDEALPRO,IDEALPRO-1-1648,IDEALPRO-001,IDEALPRO-1-244669,EUR/USD.IDEALPRO-MLSignalStrategyV2-V2,SELL,MARKET,100000.00,1.13171,USD,2.26 USD,TAKER,7885bdc7-06ec-44a6-87a8-38dd8c3e9811,2025-05-01 12:45:00+00:00,2025-05-01 12:45:00+00:00,{},False
O-20250501-124500-001-V2-1650,BACKTESTER-001,MLSignalStrategyV2-V2,EUR/USD.IDEALPRO,IDEALPRO-1-1650,IDEALPRO-001,IDEALPRO-1-244821,EUR/USD.IDEALPRO-MLSignalStrategyV2-V2,BUY,LIMIT,100000.00,1.12980,USD,2.26 USD,MAKER,95cd579f-b6d5-4b20-ac9e-712c0e9a7410,2025-05-01 14:01:00+00:00,2025-05-01 14:01:00+00:00,{},False
O-20250501-150000-001-V2-1651,BACKTESTER-001,MLSignalStrategyV2-V2,EUR/USD.IDEALPRO,IDEALPRO-1-1651,IDEALPRO-001,IDEALPRO-1-244940,EUR/USD.IDEALPRO-MLSignalStrategyV2-V2,BUY,MARKET,100000.00,1.12818,USD,2.26 USD,TAKER,bfd55979-c62b-4043-95bf-632dc3e3eabf,2025-05-01 15:00:00+00:00,2025-05-01 15:00:00+00:00,{},False
O-20250501-150000-001-V2-1652,BACKTESTER-001,MLSignalStrategyV2-V2,EUR/USD.IDEALPRO,IDEALPRO-1-1652,IDEALPRO-001,IDEALPRO-1-245029,EUR/USD.IDEALPRO-MLSignalStrategyV2-V2,SELL,STOP_MARKET,100000.00,1.12677,USD,2.25 USD,TAKER,3a93a68c-4f5b-4bd3-b5be-cf6a5d2e24db,2025-05-01 15:44:00+00:00,2025-05-01 15:44:00+00:00,{},False
O-20250501-154500-001-V2-1654,BACKTESTER-001,MLSignalStrategyV2-V2,EUR/USD.IDEALPRO,IDEALPRO-1-1654,IDEALPRO-001,IDEALPRO-1-245032,EUR/USD.IDEALPRO-MLSignalStrategyV2-V2,BUY,MARKET,100000.00,1.12680,USD,2.25 USD,TAKER,237f2198-9322-47a1-b088-bae51b564c8c,2025-05-01 15:45:00+00:00,2025-05-01 15:45:00+00:00,{},False
O-20250501-154500-001-V2-1656,BACKTESTER-001,MLSignalStrategyV2-V2,EUR/USD.IDEALPRO,IDEALPRO-1-1656,IDEALPRO-001,IDEALPRO-1-245163,EUR/USD.IDEALPRO-MLSignalStrategyV2-V2,SELL,LIMIT,100000.00,1.12888,USD,2.26 USD,MAKER,319dcb95-b557-4256-b099-d8ab4c09114d,2025-05-01 16:50:00+00:00,2025-05-01 16:50:00+00:00,{},False
O-20250501-183000-001-V2-1657,BACKTESTER-001,MLSignalStrategyV2-V2,EUR/USD.IDEALPRO,IDEALPRO-1-1657,IDEALPRO-001,IDEALPRO-1-245364,EUR/USD.IDEALPRO-MLSignalStrategyV2-V2,BUY,MARKET,100000.00,1.12805,USD,2.26 USD,TAKER,f59458db-6627-40fc-b910-f63fc14e1924,2025-05-01 18:30:00+00:00,2025-05-01 18:30:00+00:00,{},False
O-20250501-183000-001-V2-1659,BACKTESTER-001,MLSignalStrategyV2-V2,EUR/USD.IDEALPRO,IDEALPRO-1-1659,IDEALPRO-001,IDEALPRO-1-245809,EUR/USD.IDEALPRO-MLSignalStrategyV2-V2,SELL,LIMIT,100000.00,1.12956,USD,2.26 USD,MAKER,4fe5c42e-9f9f-433e-a31e-3fc0a130d7f2,2025-05-01 22:27:00+00:00,2025-05-01 22:27:00+00:00,{},False
O-20250501-230000-001-V2-1660,BACKTESTER-001,MLSignalStrategyV2-V2,EUR/USD.IDEALPRO,IDEALPRO-1-1660,IDEALPRO-001,IDEALPRO-1-245876,EUR/USD.IDEALPRO-MLSignalStrategyV2-V2,BUY,MARKET,100000.00,1.12953,USD,2.26 USD,TAKER,206936e8-30b4-486f-afee-22926d8ab56f,2025-05-01 23:00:00+00:00,2025-05-01 23:00:00+00:00,{},False
O-20250501-230000-001-V2-1661,BACKTESTER-001,MLSignalStrategyV2-V2,EUR/USD.IDEALPRO,IDEALPRO-1-1661,IDEALPRO-001,IDEALPRO-1-246029,EUR/USD.IDEALPRO-MLSignalStrategyV2-V2,SELL,STOP_MARKET,100000.00,1.12883,USD,2.26 USD,TAKER,9a664e11-57c0-4930-a708-417e200a9cfc,2025-05-02 00:16:00+00:00,2025-05-02 00:16:00+00:00,{},False
O-20250502-011500-001-V2-1663,BACKTESTER-001,MLSignalStrategyV2-V2,EUR/USD.IDEALPRO,IDEALPRO-1-1663,IDEALPRO-001,IDEALPRO-1-246148,EUR/USD.IDEALPRO-MLSignalStrategyV2-V2,BUY,MARKET,100000.00,1.12867,USD,2.26 USD,TAKER,f24e26bd-483b-42af-989b-a6eab5b11ac3,2025-05-02 01:15:00+00:00,2025-05-02 01:15:00+00:00,{},False
O-20250502-011500-001-V2-1664,BACKTESTER-001,MLSignalStrategyV2-V2,EUR/USD.IDEALPRO,IDEALPRO-1-1664,IDEALPRO-001,IDEALPRO-1-246183,EUR/USD.IDEALPRO-MLSignalStrategyV2-V2,SELL,STOP_MARKET,100000.00,1.12799,USD,2.26 USD,TAKER,f3596516-64f2-4cd1-8c18-78d743bcfb02,2025-05-02 01:32:00+00:00,2025-05-02 01:32:00+00:00,{},False
O-20250502-014500-001-V2-1666,BACKTESTER-001,MLSignalStrategyV2-V2,EUR/USD.IDEALPRO,IDEALPRO-1-1666,IDEALPRO-001,IDEALPRO-1-246210,EUR/USD.IDEALPRO-MLSignalStrategyV2-V2,BUY,MARKET,100000.00,1.12864,USD,2.26 USD,TAKER,433d237e-95fe-466a-948c-122ee2471711,2025-05-02 01:45:00+00:00,2025-05-02 01:45:00+00:00,{},False
O-20250502-014500-001-V2-1668,BACKTESTER-001,MLSignalStrategyV2-V2,EUR/USD.IDEALPRO,IDEALPRO-1-1668,IDEALPRO-001,IDEALPRO-1-246243,EUR/USD.IDEALPRO-MLSignalStrategyV2-V2,SELL,LIMIT,100000.00,1.12969,USD,2.26 USD,MAKER,56eda7d9-1b09-4532-9526-40104bd92001,2025-05-02 02:01:00+00:00,2025-05-02 02:01:00+00:00,{},False
O-20250502-033000-001-V2-1669,BACKTESTER-001,MLSignalStrategyV2-V2,EUR/USD.IDEALPRO,IDEALPRO-1-1669,IDEALPRO-001,IDEALPRO-1-246422,EUR/USD.IDEALPRO-MLSignalStrategyV2-V2,BUY,MARKET,100000.00,1.13081,USD,2.26 USD,TAKER,4399980c-de60-4a86-935a-46a5a27daa22,2025-05-02 03:30:00+00:00,2025-05-02 03:30:00+00:00,{},False
O-20250502-033000-001-V2-1671,BACKTESTER-001,MLSignalStrategyV2-V2,EUR/USD.IDEALPRO,IDEALPRO-1-1671,IDEALPRO-001,IDEALPRO-1-246743,EUR/USD.IDEALPRO-MLSignalStrategyV2-V2,SELL,LIMIT,100000.00,1.13192,USD,2.26 USD,MAKER,b241babc-30e0-43e1-b2ea-4083024ea4eb,2025-05-02 06:10:00+00:00,2025-05-02 06:10:00+00:00,{},False
O-20250502-073000-001-V2-1672,BACKTESTER-001,MLSignalStrategyV2-V2,EUR/USD.IDEALPRO,IDEALPRO-1-1672,IDEALPRO-001,IDEALPRO-1-246905,EUR/USD.IDEALPRO-MLSignalStrategyV2-V2,BUY,MARKET,100000.00,1.13211,USD,2.26 USD,TAKER,7e3912f8-dedc-43cb-8588-4faeee6cd920,2025-05-02 07:30:00+00:00,2025-05-02 07:30:00+00:00,{},False
O-20250502-073000-001-V2-1674,BACKTESTER-001,MLSignalStrategyV2-V2,EUR/USD.IDEALPRO,IDEALPRO-1-1674,IDEALPRO-001,IDEALPRO-1-246959,EUR/USD.IDEALPRO-MLSignalStrategyV2-V2,SELL,LIMIT,100000.00,1.13374,USD,2.27 USD,MAKER,d275e712-f0ed-4c49-aa6d-41adc589c818,2025-05-02 07:57:00+00:00,2025-05-02 07:57:00+00:00,{},False
O-20250502-134500-001-V2-1675,BACKTESTER-001,MLSignalStrategyV2-V2,EUR/USD.IDEALPRO,IDEALPRO-1-1675,IDEALPRO-001,IDEALPRO-1-247656,EUR/USD.IDEALPRO-MLSignalStrategyV2-V2,SELL,MARKET,100000.00,1.13677,USD,2.27 USD,TAKER,ed8d217a-aa20-4c23-93c8-c8e13fefa860,2025-05-02 13:45:00+00:00,2025-05-02 13:45:00+00:00,{},False
O-20250502-134500-001-V2-1677,BACKTESTER-001,MLSignalStrategyV2-V2,EUR/USD.IDEALPRO,IDEALPRO-1-1677,IDEALPRO-001,IDEALPRO-1-247855,EUR/USD.IDEALPRO-MLSignalStrategyV2-V2,BUY,LIMIT,100000.00,1.13391,USD,2.27 USD,MAKER,85c10cd7-a901-490d-aca4-0ec4cc3d9cdc,2025-05-02 15:24:00+00:00,2025-05-02 15:24:00+00:00,{},False
O-20250502-161500-001-V2-1678,BACKTESTER-001,MLSignalStrategyV2-V2,EUR/USD.IDEALPRO,IDEALPRO-1-1678,IDEALPRO-001,IDEALPRO-1-247958,EUR/USD.IDEALPRO-MLSignalStrategyV2-V2,SELL,MARKET,100000.00,1.13374,USD,2.27 USD,TAKER,7897f75d-ded6-4626-a093-ea3dca5251c4,2025-05-02 16:15:00+00:00,2025-05-02 16:15:00+00:00,{},False
O-20250502-161500-001-V2-1680,BACKTESTER-001,MLSignalStrategyV2-V2,EUR/USD.IDEALPRO,IDEALPRO-1-1680,IDEALPRO-001,IDEALPRO-1-248059,EUR/USD.IDEALPRO-MLSignalStrategyV2-V2,BUY,LIMIT,100000.00,1.13126,USD,2.26 USD,MAKER,e24abdd5-2e0d-4203-a2a4-d8a95e953e9e,2025-05-02 17:05:00+00:00,2025-05-02 17:05:00+00:00,{},False
O-20250504-213000-001-V2-1681,BACKTESTER-001,MLSignalStrategyV2-V2,EUR/USD.IDEALPRO,IDEALPRO-1-1681,IDEALPRO-001,IDEALPRO-1-248561,EUR/USD.IDEALPRO-MLSignalStrategyV2-V2,BUY,MARKET,100000.00,1.13030,USD,2.26 USD,TAKER,c79c607f-eec6-4dbc-a138-b5b41ab38cc5,2025-05-04 21:30:00+00:00,2025-05-04 21:30:00+00:00,{},False
O-20250504-213000-001-V2-1682,BACKTESTER-001,MLSignalStrategyV2-V2,EUR/USD.IDEALPRO,IDEALPRO-1-1682,IDEALPRO-001,IDEALPRO-1-248583,EUR/USD.IDEALPRO-MLSignalStrategyV2-V2,SELL,STOP_MARKET,100000.00,1.12952,USD,2.26 USD,TAKER,5f86b6da-ee81-47e8-8775-7ab635220dd2,2025-05-04 21:41:00+00:00,2025-05-04 21:41:00+00:00,{},False
O-20250504-214500-001-V2-1684,BACKTESTER-001,MLSignalStrategyV2-V2,EUR/USD.IDEALPRO,IDEALPRO-1-1684,IDEALPRO-001,IDEALPRO-1-248591,EUR/USD.IDEALPRO-MLSignalStrategyV2-V2,BUY,MARKET,100000.00,1.12983,USD,2.26 USD,TAKER,2bcc71dd-76c6-4ac4-aafe-f03df53852ae,2025-05-04 21:45:00+00:00,2025-05-04 21:45:00+00:00,{},False
O-20250504-214500-001-V2-1686,BACKTESTER-001,MLSignalStrategyV2-V2,EUR/USD.IDEALPRO,IDEALPRO-1-1686,IDEALPRO-001,IDEALPRO-1-248703,EUR/USD.IDEALPRO-MLSignalStrategyV2-V2,SELL,LIMIT,100000.00,1.13124,USD,2.26 USD,MAKER,b0a23bbe-70b3-49e6-a16e-48e44352a1d1,2025-05-04 22:40:00+00:00,2025-05-04 22:40:00+00:00,{},False
O-20250504-224500-001-V2-1687,BACKTESTER-001,MLSignalStrategyV2-V2,EUR/USD.IDEALPRO,IDEALPRO-1-1687,IDEALPRO-001,IDEALPRO-1-248714,EUR/USD.IDEALPRO-MLSignalStrategyV2-V2,BUY,MARKET,100000.00,1.13135,USD,2.26 USD,TAKER,003db434-f069-4945-ae0b-0d6f38c33251,2025-05-04 22:45:00+00:00,2025-05-04 22:45:00+00:00,{},False
O-20250504-224500-001-V2-1688,BACKTESTER-001,MLSignalStrategyV2-V2,EUR/USD.IDEALPRO,IDEALPRO-1-1688,IDEALPRO-001,IDEALPRO-1-248747,EUR/USD.IDEALPRO-MLSignalStrategyV2-V2,SELL,STOP_MARKET,100000.00,1.13045,USD,2.26 USD,TAKER,b2663c78-5815-47f1-94c2-f7ec71359861,2025-05-04 23:01:00+00:00,2025-05-04 23:01:00+00:00,{},False
O-20250504-231500-001-V2-1690,BACKTESTER-001,MLSignalStrategyV2-V2,EUR/USD.IDEALPRO,IDEALPRO-1-1690,IDEALPRO-001,IDEALPRO-1-248776,EUR/USD.IDEALPRO-MLSignalStrategyV2-V2,BUY,MARKET,100000.00,1.13034,USD,2.26 USD,TAKER,26dfd5ef-d761-46c7-96c8-7cbbc77ad813,2025-05-04 23:15:00+00:00,2025-05-04 23:15:00+00:00,{},False
O-20250504-231500-001-V2-1692,BACKTESTER-001,MLSignalStrategyV2-V2,EUR/USD.IDEALPRO,IDEALPRO-1-1692,IDEALPRO-001,IDEALPRO-1-248813,EUR/USD.IDEALPRO-MLSignalStrategyV2-V2,SELL,LIMIT,100000.00,1.13158,USD,2.26 USD,MAKER,f6260248-fdb6-44f1-b34d-ea0e2eb6ebd7,2025-05-04 23:33:00+00:00,2025-05-04 23:33:00+00:00,{},False
O-20250504-234500-001-V2-1693,BACKTESTER-001,MLSignalStrategyV2-V2,EUR/USD.IDEALPRO,IDEALPRO-1-1693,IDEALPRO-001,IDEALPRO-1-248838,EUR/USD.IDEALPRO-MLSignalStrategyV2-V2,BUY,MARKET,100000.00,1.13205,USD,2.26 USD,TAKER,45e151ad-9302-4b53-aa6f-0e7be93d95af,2025-05-04 23:45:00+00:00,2025-05-04 23:45:00+00:00,{},False
O-20250504-234500-001-V2-1695,BACKTESTER-001,MLSignalStrategyV2-V2,EUR/USD.IDEALPRO,IDEALPRO-1-1695,IDEALPRO-001,IDEALPRO-1-249017,EUR/USD.IDEALPRO-MLSignalStrategyV2-V2,SELL,LIMIT,100000.00,1.13328,USD,2.27 USD,MAKER,514d096d-a3a2-4e41-bc47-202bb7b502f7,2025-05-05 01:14:00+00:00,2025-05-05 01:14:00+00:00,{},False
O-20250505-023000-001-V2-1696,BACKTESTER-001,MLSignalStrategyV2-V2,EUR/USD.IDEALPRO,IDEALPRO-1-1696,IDEALPRO-001,IDEALPRO-1-249171,EUR/USD.IDEALPRO-MLSignalStrategyV2-V2,BUY,MARKET,100000.00,1.13398,USD,2.27 USD,TAKER,ef1beb8d-29f0-4e2d-8713-dc9ad4fd795e,2025-05-05 02:30:00+00:00,2025-05-05 02:30:00+00:00,{},False
O-20250505-023000-001-V2-1697,BACKTESTER-001,MLSignalStrategyV2-V2,EUR/USD.IDEALPRO,IDEALPRO-1-1697,IDEALPRO-001,IDEALPRO-1-249307,EUR/USD.IDEALPRO-MLSignalStrategyV2-V2,SELL,STOP_MARKET,100000.00,1.13301,USD,2.27 USD,TAKER,5d8808cd-4513-4a2d-adbd-d2335caf28c5,2025-05-05 03:38:00+00:00,2025-05-05 03:38:00+00:00,{},False
O-20250505-080000-001-V2-1699,BACKTESTER-001,MLSignalStrategyV2-V2,EUR/USD.IDEALPRO,IDEALPRO-1-1699,IDEALPRO-001,IDEALPRO-1-249832,EUR/USD.IDEALPRO-MLSignalStrategyV2-V2,BUY,MARKET,100000.00,1.13132,USD,2.26 USD,TAKER,902bf15a-e228-4c6f-87cb-6cc140ee1e73,2025-05-05 08:00:00+00:00,2025-05-05 08:00:00+00:00,{},False
O-20250505-080000-001-V2-1701,BACKTESTER-001,MLSignalStrategyV2-V2,EUR/USD.IDEALPRO,IDEALPRO-1-1701,IDEALPRO-001,IDEALPRO-1-249923,EUR/USD.IDEALPRO-MLSignalStrategyV2-V2,SELL,LIMIT,100000.00,1.13284,USD,2.27 USD,MAKER,953e325e-6756-445c-8540-1cd7373c3351,2025-05-05 08:45:00+00:00,2025-05-05 08:45:00+00:00,{},False
O-20250505-084500-001-V2-1702,BACKTESTER-001,MLSignalStrategyV2-V2,EUR/USD.IDEALPRO,IDEALPRO-1-1702,IDEALPRO-001,IDEALPRO-1-249924,EUR/USD.IDEALPRO-MLSignalStrategyV2-V2,BUY,MARKET,100000.00,1.13278,USD,2.27 USD,TAKER,0e6a1ee3-3b48-4750-bf52-efbf4457d76e,2025-05-05 08:45:00+00:00,2025-05-05 08:45:00+00:00,{},False
O-20250505-084500-001-V2-1704,BACKTESTER-001,MLSignalStrategyV2-V2,EUR/USD.IDEALPRO,IDEALPRO-1-1704,IDEALPRO-001,IDEALPRO-1-250017,EUR/USD.IDEALPRO-MLSignalStrategyV2-V2,SELL,LIMIT,100000.00,1.13423,USD,2.27 USD,MAKER,08cd89f2-be03-4407-b7af-57594fb1f778,2025-05-05 09:31:00+00:00,2025-05-05 09:31:00+00:00,{},False
O-20250505-124500-001-V2-1705,BACKTESTER-001,MLSignalStrategyV2-V2,EUR/USD.IDEALPRO,IDEALPRO-1-1705,IDEALPRO-001,IDEALPRO-1-250407,EUR/USD.IDEALPRO-MLSignalStrategyV2-V2,SELL,MARKET,100000.00,1.13502,USD,2.27 USD,TAKER,93449b04-34da-452c-8b5e-db0024fb801e,2025-05-05 12:45:00+00:00,2025-05-05 12:45:00+00:00,{},False
O-20250505-124500-001-V2-1706,BACKTESTER-001,MLSignalStrategyV2-V2,EUR/USD.IDEALPRO,IDEALPRO-1-1706,IDEALPRO-001,IDEALPRO-1-250431,EUR/USD.IDEALPRO-MLSignalStrategyV2-V2,BUY,STOP_MARKET,100000.00,1.13623,USD,2.27 USD,TAKER,fc4be73e-3987-4087-8a44-153f34fcd7a0,2025-05-05 12:57:00+00:00,2025-05-05 12:57:00+00:00,{},False
O-20250505-150000-001-V2-1708,BACKTESTER-001,MLSignalStrategyV2-V2,EUR/USD.IDEALPRO,IDEALPRO-1-1708,IDEALPRO-001,IDEALPRO-1-250678,EUR/USD.IDEALPRO-MLSignalStrategyV2-V2,SELL,MARKET,100000.00,1.13386,USD,2.27 USD,TAKER,42ec4eac-2da2-4abb-8a66-3a040640b3dd,2025-05-05 15:00:00+00:00,2025-05-05 15:00:00+00:00,{},False
O-20250505-150000-001-V2-1710,BACKTESTER-001,MLSignalStrategyV2-V2,EUR/USD.IDEALPRO,IDEALPRO-1-1710,IDEALPRO-001,IDEALPRO-1-250753,EUR/USD.IDEALPRO-MLSignalStrategyV2-V2,BUY,LIMIT,100000.00,1.13209,USD,2.26 USD,MAKER,6e4a7d95-750f-4951-9a8f-20ecd9c5fd3d,2025-05-05 15:37:00+00:00,2025-05-05 15:37:00+00:00,{},False
O-20250505-170000-001-V2-1711,BACKTESTER-001,MLSignalStrategyV2-V2,EUR/USD.IDEALPRO,IDEALPRO-1-1711,IDEALPRO-001,IDEALPRO-1-250920,EUR/USD.IDEALPRO-MLSignalStrategyV2-V2,BUY,MARKET,100000.00,1.13024,USD,2.26 USD,TAKER,12131ca6-0724-4e72-b62d-cda3c061dfe1,2025-05-05 17:00:00+00:00,2025-05-05 17:00:00+00:00,{},False
O-20250505-170000-001-V2-1713,BACKTESTER-001,MLSignalStrategyV2-V2,EUR/USD.IDEALPRO,IDEALPRO-1-1713,IDEALPRO-001,IDEALPRO-1-251175,EUR/USD.IDEALPRO-MLSignalStrategyV2-V2,SELL,LIMIT,100000.00,1.13180,USD,2.26 USD,MAKER,dc1d1def-ae13-480f-bc9d-0300eab46a52,2025-05-05 19:07:00+00:00,2025-05-05 19:07:00+00:00,{},False
O-20250505-221500-001-V2-1714,BACKTESTER-001,MLSignalStrategyV2-V2,EUR/USD.IDEALPRO,IDEALPRO-1-1714,IDEALPRO-001,IDEALPRO-1-251523,EUR/USD.IDEALPRO-MLSignalStrategyV2-V2,BUY,MARKET,100000.00,1.13198,USD,2.26 USD,TAKER,dcfedb1a-29ad-4bec-96fd-78507cf67499,2025-05-05 22:15:00+00:00,2025-05-05 22:15:00+00:00,{},False
O-20250505-221500-001-V2-1715,BACKTESTER-001,MLSignalStrategyV2-V2,EUR/USD.IDEALPRO,IDEALPRO-1-1715,IDEALPRO-001,IDEALPRO-1-251571,EUR/USD.IDEALPRO-MLSignalStrategyV2-V2,SELL,STOP_MARKET,100000.00,1.13146,USD,2.26 USD,TAKER,9acde8a7-47b3-4151-9a1e-7477742bbf05,2025-05-05 22:39:00+00:00,2025-05-05 22:39:00+00:00,{},False
O-20250505-234500-001-V2-1717,BACKTESTER-001,MLSignalStrategyV2-V2,EUR/USD.IDEALPRO,IDEALPRO-1-1717,IDEALPRO-001,IDEALPRO-1-251705,EUR/USD.IDEALPRO-MLSignalStrategyV2-V2,BUY,MARKET,100000.00,1.13163,USD,2.26 USD,TAKER,f3b1374e-0f01-4bae-955a-832e6cd5dbf5,2025-05-05 23:45:00+00:00,2025-05-05 23:45:00+00:00,{},False
O-20250505-234500-001-V2-1718,BACKTESTER-001,MLSignalStrategyV2-V2,EUR/USD.IDEALPRO,IDEALPRO-1-1718,IDEALPRO-001,IDEALPRO-1-251731,EUR/USD.IDEALPRO-MLSignalStrategyV2-V2,SELL,STOP_MARKET,100000.00,1.13121,USD,2.26 USD,TAKER,3b1d1e88-c9c1-4751-be67-f54e7c948b51,2025-05-05 23:58:00+00:00,2025-05-05 23:58:00+00:00,{},False
O-20250506-000000-001-V2-1720,BACKTESTER-001,MLSignalStrategyV2-V2,EUR/USD.IDEALPRO,IDEALPRO-1-1720,IDEALPRO-001,IDEALPRO-1-251736,EUR/USD.IDEALPRO-MLSignalStrategyV2-V2,BUY,MARKET,100000.00,1.13123,USD,2.26 USD,TAKER,63fefed1-82f9-4be0-b467-bc47fa49a696,2025-05-06 00:00:00+00:00,2025-05-06 00:00:00+00:00,{},False
O-20250506-000000-001-V2-1721,BACKTESTER-001,MLSignalStrategyV2-V2,EUR/USD.IDEALPRO,IDEALPRO-1-1721,IDEALPRO-001,IDEALPRO-1-251753,EUR/USD.IDEALPRO-MLSignalStrategyV2-V2,SELL,STOP_MARKET,100000.00,1.13059,USD,2.26 USD,TAKER,ab5f9261-b06f-4ba1-a959-16787bfe3c09,2025-05-06 00:08:00+00:00,2025-05-06 00:08:00+00:00,{},False
O-20250506-001500-001-V2-1723,BACKTESTER-001,MLSignalStrategyV2-V2,EUR/USD.IDEALPRO,IDEALPRO-1-1723,IDEALPRO-001,IDEALPRO-1-251768,EUR/USD.IDEALPRO-MLSignalStrategyV2-V2,BUY,MARKET,100000.00,1.12989,USD,2.26 USD,TAKER,16621947-526a-42a6-a241-27f7b6c4a0ea,2025-05-06 00:15:00+00:00,2025-05-06 00:15:00+00:00,{},False
O-20250506-001500-001-V2-1724,BACKTESTER-001,MLSignalStrategyV2-V2,EUR/USD.IDEALPRO,IDEALPRO-1-1724,IDEALPRO-001,IDEALPRO-1-251777,EUR/USD.IDEALPRO-MLSignalStrategyV2-V2,SELL,STOP_MARKET,100000.00,1.12935,USD,2.26 USD,TAKER,de253809-e947-40d8-88cf-74c717f0e68d,2025-05-06 00:19:00+00:00,2025-05-06 00:19:00+00:00,{},False
O-20250506-003000-001-V2-1726,BACKTESTER-001,MLSignalStrategyV2-V2,EUR/USD.IDEALPRO,IDEALPRO-1-1726,IDEALPRO-001,IDEALPRO-1-251800,EUR/USD.IDEALPRO-MLSignalStrategyV2-V2,BUY,MARKET,100000.00,1.12869,USD,2.26 USD,TAKER,4ea1c289-7b39-4ad0-bb57-cd8845197048,2025-05-06 00:30:00+00:00,2025-05-06 00:30:00+00:00,{},False
O-20250506-003000-001-V2-1727,BACKTESTER-001,MLSignalStrategyV2-V2,EUR/USD.IDEALPRO,IDEALPRO-1-1727,IDEALPRO-001,IDEALPRO-1-251869,EUR/USD.IDEALPRO-MLSignalStrategyV2-V2,SELL,STOP_MARKET,100000.00,1.12799,USD,2.26 USD,TAKER,e044a20e-e529-4214-8512-724a93f2f7a6,2025-05-06 01:04:00+00:00,2025-05-06 01:04:00+00:00,{},False
O-20250506-013000-001-V2-1729,BACKTESTER-001,MLSignalStrategyV2-V2,EUR/USD.IDEALPRO,IDEALPRO-1-1729,IDEALPRO-001,IDEALPRO-1-251922,EUR/USD.IDEALPRO-MLSignalStrategyV2-V2,BUY,MARKET,100000.00,1.12888,USD,2.26 USD,TAKER,aebf6c6a-b060-4d9e-8683-14f99cd426d6,2025-05-06 01:30:00+00:00,2025-05-06 01:30:00+00:00,{},False
O-20250506-013000-001-V2-1730,BACKTESTER-001,MLSignalStrategyV2-V2,EUR/USD.IDEALPRO,IDEALPRO-1-1730,IDEALPRO-001,IDEALPRO-1-251927,EUR/USD.IDEALPRO-MLSignalStrategyV2-V2,SELL,STOP_MARKET,100000.00,1.12801,USD,2.26 USD,TAKER,5400cd54-2b3c-4e14-92fe-89eed368352a,2025-05-06 01:32:00+00:00,2025-05-06 01:32:00+00:00,{},False
O-20250506-014500-001-V2-1732,BACKTESTER-001,MLSignalStrategyV2-V2,EUR/USD.IDEALPRO,IDEALPRO-1-1732,IDEALPRO-001,IDEALPRO-1-251955,EUR/USD.IDEALPRO-MLSignalStrategyV2-V2,BUY,MARKET,100000.00,1.12906,USD,2.26 USD,TAKER,c8cf2f86-48e5-4fc2-9e27-cf851c6bb0bb,2025-05-06 01:45:00+00:00,2025-05-06 01:45:00+00:00,{},False
O-20250506-014500-001-V2-1734,BACKTESTER-001,MLSignalStrategyV2-V2,EUR/USD.IDEALPRO,IDEALPRO-1-1734,IDEALPRO-001,IDEALPRO-1-252001,EUR/USD.IDEALPRO-MLSignalStrategyV2-V2,SELL,LIMIT,100000.00,1.13059,USD,2.26 USD,MAKER,6e434998-c5d0-4ea7-934b-d0ce03580ea5,2025-05-06 02:08:00+00:00,2025-05-06 02:08:00+00:00,{},False
O-20250506-041500-001-V2-1735,BACKTESTER-001,MLSignalStrategyV2-V2,EUR/USD.IDEALPRO,IDEALPRO-1-1735,IDEALPRO-001,IDEALPRO-1-252256,EUR/USD.IDEALPRO-MLSignalStrategyV2-V2,BUY,MARKET,100000.00,1.13187,USD,2.26 USD,TAKER,af56c7fc-16d8-4ec8-8838-d5fba25d9aa1,2025-05-06 04:15:00+00:00,2025-05-06 04:15:00+00:00,{},False
O-20250506-041500-001-V2-1737,BACKTESTER-001,MLSignalStrategyV2-V2,EUR/USD.IDEALPRO,IDEALPRO-1-1737,IDEALPRO-001,IDEALPRO-1-252545,EUR/USD.IDEALPRO-MLSignalStrategyV2-V2,SELL,LIMIT,100000.00,1.13308,USD,2.27 USD,MAKER,319d2eb3-9278-4a32-8708-c6f848c5b900,2025-05-06 06:39:00+00:00,2025-05-06 06:39:00+00:00,{},False
O-20250506-084500-001-V2-1738,BACKTESTER-001,MLSignalStrategyV2-V2,EUR/USD.IDEALPRO,IDEALPRO-1-1738,IDEALPRO-001,IDEALPRO-1-252798,EUR/USD.IDEALPRO-MLSignalStrategyV2-V2,BUY,MARKET,100000.00,1.13357,USD,2.27 USD,TAKER,5b8e8588-4886-454a-9c1a-67e368b03a51,2025-05-06 08:45:00+00:00,2025-05-06 08:45:00+00:00,{},False
O-20250506-084500-001-V2-1739,BACKTESTER-001,MLSignalStrategyV2-V2,EUR/USD.IDEALPRO,IDEALPRO-1-1739,IDEALPRO-001,IDEALPRO-1-252843,EUR/USD.IDEALPRO-MLSignalStrategyV2-V2,SELL,STOP_MARKET,100000.00,1.13226,USD,2.26 USD,TAKER,19553e29-1cb8-495e-9a1c-0b09657c3e67,2025-05-06 09:07:00+00:00,2025-05-06 09:07:00+00:00,{},False
O-20250506-201500-001-V2-1741,BACKTESTER-001,MLSignalStrategyV2-V2,EUR/USD.IDEALPRO,IDEALPRO-1-1741,IDEALPRO-001,IDEALPRO-1-254180,EUR/USD.IDEALPRO-MLSignalStrategyV2-V2,BUY,MARKET,100000.00,1.13780,USD,2.28 USD,TAKER,8d94d3b6-5f4e-4b80-b40a-dd82278a2c02,2025-05-06 20:15:00+00:00,2025-05-06 20:15:00+00:00,{},False
O-20250506-201500-001-V2-1742,BACKTESTER-001,MLSignalStrategyV2-V2,EUR/USD.IDEALPRO,IDEALPRO-1-1742,IDEALPRO-001,IDEALPRO-1-254213,EUR/USD.IDEALPRO-MLSignalStrategyV2-V2,SELL,STOP_MARKET,100000.00,1.13681,USD,2.27 USD,TAKER,f34666ac-815b-471b-ba29-d0fcbfebb882,2025-05-06 20:31:00+00:00,2025-05-06 20:31:00+00:00,{},False
O-20250506-223000-001-V2-1744,BACKTESTER-001,MLSignalStrategyV2-V2,EUR/USD.IDEALPRO,IDEALPRO-1-1744,IDEALPRO-001,IDEALPRO-1-254422,EUR/USD.IDEALPRO-MLSignalStrategyV2-V2,BUY,MARKET,100000.00,1.13297,USD,2.27 USD,TAKER,be1129ee-9ded-4996-8f53-a6b76697871e,2025-05-06 22:30:00+00:00,2025-05-06 22:30:00+00:00,{},False
O-20250506-223000-001-V2-1746,BACKTESTER-001,MLSignalStrategyV2-V2,EUR/USD.IDEALPRO,IDEALPRO-1-1746,IDEALPRO-001,IDEALPRO-1-254435,EUR/USD.IDEALPRO-MLSignalStrategyV2-V2,SELL,LIMIT,100000.00,1.13475,USD,2.27 USD,MAKER,eb1e6768-0b5c-4d15-8d77-d1952622d0ef,2025-05-06 22:36:00+00:00,2025-05-06 22:36:00+00:00,{},False
O-20250506-230000-001-V2-1747,BACKTESTER-001,MLSignalStrategyV2-V2,EUR/USD.IDEALPRO,IDEALPRO-1-1747,IDEALPRO-001,IDEALPRO-1-254484,EUR/USD.IDEALPRO-MLSignalStrategyV2-V2,BUY,MARKET,100000.00,1.13427,USD,2.27 USD,TAKER,6cd0dccc-ca82-4d6d-912a-53215bc75d5a,2025-05-06 23:00:00+00:00,2025-05-06 23:00:00+00:00,{},False
O-20250506-230000-001-V2-1748,BACKTESTER-001,MLSignalStrategyV2-V2,EUR/USD.IDEALPRO,IDEALPRO-1-1748,IDEALPRO-001,IDEALPRO-1-254651,EUR/USD.IDEALPRO-MLSignalStrategyV2-V2,SELL,STOP_MARKET,100000.00,1.13290,USD,2.27 USD,TAKER,2c3d0c6a-3655-4b55-8261-bbebaab40610,2025-05-07 00:23:00+00:00,2025-05-07 00:23:00+00:00,{},False
O-20250507-023000-001-V2-1750,BACKTESTER-001,MLSignalStrategyV2-V2,EUR/USD.IDEALPRO,IDEALPRO-1-1750,IDEALPRO-001,IDEALPRO-1-254906,EUR/USD.IDEALPRO-MLSignalStrategyV2-V2,BUY,MARKET,100000.00,1.13434,USD,2.27 USD,TAKER,7ef5a511-a260-40d9-b506-dfe3605dd298,2025-05-07 02:30:00+00:00,2025-05-07 02:30:00+00:00,{},False
O-20250507-023000-001-V2-1752,BACKTESTER-001,MLSignalStrategyV2-V2,EUR/USD.IDEALPRO,IDEALPRO-1-1752,IDEALPRO-001,IDEALPRO-1-255311,EUR/USD.IDEALPRO-MLSignalStrategyV2-V2,SELL,LIMIT,100000.00,1.13633,USD,2.27 USD,MAKER,ca7eaf9e-2cad-4611-b7cf-774b4d91428f,2025-05-07 05:52:00+00:00,2025-05-07 05:52:00+00:00,{},False
O-20250507-140000-001-V2-1753,BACKTESTER-001,MLSignalStrategyV2-V2,EUR/USD.IDEALPRO,IDEALPRO-1-1753,IDEALPRO-001,IDEALPRO-1-256289,EUR/USD.IDEALPRO-MLSignalStrategyV2-V2,BUY,MARKET,100000.00,1.13669,USD,2.27 USD,TAKER,4c709f3e-f180-4ac1-85ac-a902dcc157f7,2025-05-07 14:00:00+00:00,2025-05-07 14:00:00+00:00,{},False
O-20250507-140000-001-V2-1754,BACKTESTER-001,MLSignalStrategyV2-V2,EUR/USD.IDEALPRO,IDEALPRO-1-1754,IDEALPRO-001,IDEALPRO-1-256305,EUR/USD.IDEALPRO-MLSignalStrategyV2-V2,SELL,STOP_MARKET,100000.00,1.13576,USD,2.27 USD,TAKER,d9aeb5a7-0c3f-40e6-be70-0799b1340c45,2025-05-07 14:08:00+00:00,2025-05-07 14:08:00+00:00,{},False
O-20250507-143000-001-V2-1756,BACKTESTER-001,MLSignalStrategyV2-V2,EUR/USD.IDEALPRO,IDEALPRO-1-1756,IDEALPRO-001,IDEALPRO-1-256350,EUR/USD.IDEALPRO-MLSignalStrategyV2-V2,BUY,MARKET,100000.00,1.13619,USD,2.27 USD,TAKER,7efb93ff-612e-4bcb-af0c-61e1e0627bc7,2025-05-07 14:30:00+00:00,2025-05-07 14:30:00+00:00,{},False
O-20250507-143000-001-V2-1757,BACKTESTER-001,MLSignalStrategyV2-V2,EUR/USD.IDEALPRO,IDEALPRO-1-1757,IDEALPRO-001,IDEALPRO-1-256455,EUR/USD.IDEALPRO-MLSignalStrategyV2-V2,SELL,STOP_MARKET,100000.00,1.13498,USD,2.27 USD,TAKER,49c1f940-dbae-4790-95a1-06f72de8fa76,2025-05-07 15:22:00+00:00,2025-05-07 15:22:00+00:00,{},False
O-20250507-201500-001-V2-1759,BACKTESTER-001,MLSignalStrategyV2-V2,EUR/USD.IDEALPRO,IDEALPRO-1-1759,IDEALPRO-001,IDEALPRO-1-257042,EUR/USD.IDEALPRO-MLSignalStrategyV2-V2,BUY,MARKET,100000.00,1.12951,USD,2.26 USD,TAKER,d040ae01-e27c-4b6a-aaff-3a1bd4f0f1b8,2025-05-07 20:15:00+00:00,2025-05-07 20:15:00+00:00,{},False
O-20250507-201500-001-V2-1761,BACKTESTER-001,MLSignalStrategyV2-V2,EUR/USD.IDEALPRO,IDEALPRO-1-1761,IDEALPRO-001,IDEALPRO-1-257571,EUR/USD.IDEALPRO-MLSignalStrategyV2-V2,SELL,LIMIT,100000.00,1.13203,USD,2.26 USD,MAKER,f161f406-b250-45ce-8337-4117edfac239,2025-05-08 00:54:00+00:00,2025-05-08 00:54:00+00:00,{},False
O-20250508-060000-001-V2-1762,BACKTESTER-001,MLSignalStrategyV2-V2,EUR/USD.IDEALPRO,IDEALPRO-1-1762,IDEALPRO-001,IDEALPRO-1-258184,EUR/USD.IDEALPRO-MLSignalStrategyV2-V2,BUY,MARKET,100000.00,1.13040,USD,2.26 USD,TAKER,0822347c-7928-40c1-a71b-6999227d1067,2025-05-08 06:00:00+00:00,2025-05-08 06:00:00+00:00,{},False
O-20250508-060000-001-V2-1763,BACKTESTER-001,MLSignalStrategyV2-V2,EUR/USD.IDEALPRO,IDEALPRO-1-1763,IDEALPRO-001,IDEALPRO-1-258217,EUR/USD.IDEALPRO-MLSignalStrategyV2-V2,SELL,STOP_MARKET,100000.00,1.12928,USD,2.26 USD,TAKER,657de7a2-44fa-422a-aee9-fa2f8b0ec145,2025-05-08 06:16:00+00:00,2025-05-08 06:16:00+00:00,{},False
O-20250508-063000-001-V2-1765,BACKTESTER-001,MLSignalStrategyV2-V2,EUR/USD.IDEALPRO,IDEALPRO-1-1765,IDEALPRO-001,IDEALPRO-1-258247,EUR/USD.IDEALPRO-MLSignalStrategyV2-V2,BUY,MARKET,100000.00,1.12859,USD,2.26 USD,TAKER,edd8ad83-9137-49d3-9e42-65efa2b6d60c,2025-05-08 06:30:00+00:00,2025-05-08 06:30:00+00:00,{},False
O-20250508-063000-001-V2-1766,BACKTESTER-001,MLSignalStrategyV2-V2,EUR/USD.IDEALPRO,IDEALPRO-1-1766,IDEALPRO-001,IDEALPRO-1-258311,EUR/USD.IDEALPRO-MLSignalStrategyV2-V2,SELL,STOP_MARKET,100000.00,1.12746,USD,2.25 USD,TAKER,df29d3b9-e5c0-4e30-a8b1-f05ef724c0ed,2025-05-08 07:02:00+00:00,2025-05-08 07:02:00+00:00,{},False
O-20250508-101500-001-V2-1768,BACKTESTER-001,MLSignalStrategyV2-V2,EUR/USD.IDEALPRO,IDEALPRO-1-1768,IDEALPRO-001,IDEALPRO-1-258698,EUR/USD.IDEALPRO-MLSignalStrategyV2-V2,BUY,MARKET,100000.00,1.12792,USD,2.26 USD,TAKER,f0f883b7-682b-45c4-981f-b7163845e59a,2025-05-08 10:15:00+00:00,2025-05-08 10:15:00+00:00,{},False
O-20250508-101500-001-V2-1770,BACKTESTER-001,MLSignalStrategyV2-V2,EUR/USD.IDEALPRO,IDEALPRO-1-1770,IDEALPRO-001,IDEALPRO-1-258741,EUR/USD.IDEALPRO-MLSignalStrategyV2-V2,SELL,LIMIT,100000.00,1.12956,USD,2.26 USD,MAKER,5b483570-fdf4-4374-8696-ffb13d3a7cb4,2025-05-08 10:36:00+00:00,2025-05-08 10:36:00+00:00,{},False
O-20250508-151500-001-V2-1771,BACKTESTER-001,MLSignalStrategyV2-V2,EUR/USD.IDEALPRO,IDEALPRO-1-1771,IDEALPRO-001,IDEALPRO-1-259300,EUR/USD.IDEALPRO-MLSignalStrategyV2-V2,SELL,MARKET,100000.00,1.12872,USD,2.26 USD,TAKER,60079d83-025f-4f13-a768-e24da2d1fc01,2025-05-08 15:15:00+00:00,2025-05-08 15:15:00+00:00,{},False
O-20250508-151500-001-V2-1773,BACKTESTER-001,MLSignalStrategyV2-V2,EUR/USD.IDEALPRO,IDEALPRO-1-1773,IDEALPRO-001,IDEALPRO-1-259355,EUR/USD.IDEALPRO-MLSignalStrategyV2-V2,BUY,LIMIT,100000.00,1.12640,USD,2.25 USD,MAKER,412ff717-f9bf-4770-a580-54037da25c74,2025-05-08 15:42:00+00:00,2025-05-08 15:42:00+00:00,{},False
O-20250508-180000-001-V2-1774,BACKTESTER-001,MLSignalStrategyV2-V2,EUR/USD.IDEALPRO,IDEALPRO-1-1774,IDEALPRO-001,IDEALPRO-1-259632,EUR/USD.IDEALPRO-MLSignalStrategyV2-V2,BUY,MARKET,100000.00,1.12268,USD,2.25 USD,TAKER,fc09b6be-6c70-4f97-9d2d-b461c8a26e43,2025-05-08 18:00:00+00:00,2025-05-08 18:00:00+00:00,{},False
O-20250508-180000-001-V2-1775,BACKTESTER-001,MLSignalStrategyV2-V2,EUR/USD.IDEALPRO,IDEALPRO-1-1775,IDEALPRO-001,IDEALPRO-1-259807,EUR/USD.IDEALPRO-MLSignalStrategyV2-V2,SELL,STOP_MARKET,100000.00,1.12119,USD,2.24 USD,TAKER,c60d57e3-6436-41af-88db-1289e388721a,2025-05-08 19:27:00+00:00,2025-05-08 19:27:00+00:00,{},False
O-20250508-193000-001-V2-1777,BACKTESTER-001,MLSignalStrategyV2-V2,EUR/USD.IDEALPRO,IDEALPRO-1-1777,IDEALPRO-001,IDEALPRO-1-259814,EUR/USD.IDEALPRO-MLSignalStrategyV2-V2,BUY,MARKET,100000.00,1.12125,USD,2.24 USD,TAKER,bca478e0-afa7-4488-b838-617faa08d944,2025-05-08 19:30:00+00:00,2025-05-08 19:30:00+00:00,{},False
O-20250508-193000-001-V2-1779,BACKTESTER-001,MLSignalStrategyV2-V2,EUR/USD.IDEALPRO,IDEALPRO-1-1779,IDEALPRO-001,IDEALPRO-1-259875,EUR/USD.IDEALPRO-MLSignalStrategyV2-V2,SELL,LIMIT,100000.00,1.12284,USD,2.25 USD,MAKER,e2bd550c-3d70-44cb-90f6-a1fb92aef388,2025-05-08 20:00:00+00:00,2025-05-08 20:00:00+00:00,{},False
O-20250508-210000-001-V2-1780,BACKTESTER-001,MLSignalStrategyV2-V2,EUR/USD.IDEALPRO,IDEALPRO-1-1780,IDEALPRO-001,IDEALPRO-1-259996,EUR/USD.IDEALPRO-MLSignalStrategyV2-V2,BUY,MARKET,100000.00,1.12250,USD,2.25 USD,TAKER,a365fc5c-39cc-478c-9818-f02a7bef4b3e,2025-05-08 21:00:00+00:00,2025-05-08 21:00:00+00:00,{},False
O-20250508-210000-001-V2-1781,BACKTESTER-001,MLSignalStrategyV2-V2,EUR/USD.IDEALPRO,IDEALPRO-1-1781,IDEALPRO-001,IDEALPRO-1-260369,EUR/USD.IDEALPRO-MLSignalStrategyV2-V2,SELL,STOP_MARKET,100000.00,1.12163,USD,2.24 USD,TAKER,60701b5b-a32e-4417-a929-5558261a25a8,2025-05-09 00:21:00+00:00,2025-05-09 00:21:00+00:00,{},False
O-20250509-013000-001-V2-1783,BACKTESTER-001,MLSignalStrategyV2-V2,EUR/USD.IDEALPRO,IDEALPRO-1-1783,IDEALPRO-001,IDEALPRO-1-260508,EUR/USD.IDEALPRO-MLSignalStrategyV2-V2,BUY,MARKET,100000.00,1.12160,USD,2.24 USD,TAKER,d1afa1a1-f882-4c39-935e-9a92048c2cef,2025-05-09 01:30:00+00:00,2025-05-09 01:30:00+00:00,{},False
O-20250509-013000-001-V2-1784,BACKTESTER-001,MLSignalStrategyV2-V2,EUR/USD.IDEALPRO,IDEALPRO-1-1784,IDEALPRO-001,IDEALPRO-1-260575,EUR/USD.IDEALPRO-MLSignalStrategyV2-V2,SELL,STOP_MARKET,100000.00,1.12072,USD,2.24 USD,TAKER,0bcdbb0e-fa95-4b41-aa3d-46d8ee683b7e,2025-05-09 02:03:00+00:00,2025-05-09 02:03:00+00:00,{},False
O-20250509-021500-001-V2-1786,BACKTESTER-001,MLSignalStrategyV2-V2,EUR/USD.IDEALPRO,IDEALPRO-1-1786,IDEALPRO-001,IDEALPRO-1-260600,EUR/USD.IDEALPRO-MLSignalStrategyV2-V2,BUY,MARKET,100000.00,1.12000,USD,2.24 USD,TAKER,e95dac99-72f1-4680-bca1-056993f5fb56,2025-05-09 02:15:00+00:00,2025-05-09 02:15:00+00:00,{},False
O-20250509-021500-001-V2-1788,BACKTESTER-001,MLSignalStrategyV2-V2,EUR/USD.IDEALPRO,IDEALPRO-1-1788,IDEALPRO-001,IDEALPRO-1-260657,EUR/USD.IDEALPRO-MLSignalStrategyV2-V2,SELL,LIMIT,100000.00,1.12131,USD,2.24 USD,MAKER,d4b9c7ce-3d8e-4fa5-ad5f-482fefbdb504,2025-05-09 02:43:00+00:00,2025-05-09 02:43:00+00:00,{},False
O-20250509-024500-001-V2-1789,BACKTESTER-001,MLSignalStrategyV2-V2,EUR/USD.IDEALPRO,IDEALPRO-1-1789,IDEALPRO-001,IDEALPRO-1-260662,EUR/USD.IDEALPRO-MLSignalStrategyV2-V2,BUY,MARKET,100000.00,1.12135,USD,2.24 USD,TAKER,aea8f3ea-e6d7-495a-b66c-58e3e5fcafec,2025-05-09 02:45:00+00:00,2025-05-09 02:45:00+00:00,{},False
O-20250509-024500-001-V2-1791,BACKTESTER-001,MLSignalStrategyV2-V2,EUR/USD.IDEALPRO,IDEALPRO-1-1791,IDEALPRO-001,IDEALPRO-1-260697,EUR/USD.IDEALPRO-MLSignalStrategyV2-V2,SELL,LIMIT,100000.00,1.12275,USD,2.25 USD,MAKER,1ab57774-e513-4352-8c9f-72741148e82c,2025-05-09 03:02:00+00:00,2025-05-09 03:02:00+00:00,{},False
O-20250509-041500-001-V2-1792,BACKTESTER-001,MLSignalStrategyV2-V2,EUR/USD.IDEALPRO,IDEALPRO-1-1792,IDEALPRO-001,IDEALPRO-1-260844,EUR/USD.IDEALPRO-MLSignalStrategyV2-V2,BUY,MARKET,100000.00,1.12278,USD,2.25 USD,TAKER,6f852f84-54da-48bb-9064-2dd7468a8ee6,2025-05-09 04:15:00+00:00,2025-05-09 04:15:00+00:00,{},False
O-20250509-041500-001-V2-1793,BACKTESTER-001,MLSignalStrategyV2-V2,EUR/USD.IDEALPRO,IDEALPRO-1-1793,IDEALPRO-001,IDEALPRO-1-260991,EUR/USD.IDEALPRO-MLSignalStrategyV2-V2,SELL,STOP_MARKET,100000.00,1.12196,USD,2.24 USD,TAKER,e9279d96-a6ab-4e2d-baf3-8a9740c1ba81,2025-05-09 05:28:00+00:00,2025-05-09 05:28:00+00:00,{},False
O-20250509-070000-001-V2-1795,BACKTESTER-001,MLSignalStrategyV2-V2,EUR/USD.IDEALPRO,IDEALPRO-1-1795,IDEALPRO-001,IDEALPRO-1-261177,EUR/USD.IDEALPRO-MLSignalStrategyV2-V2,BUY,MARKET,100000.00,1.12405,USD,2.25 USD,TAKER,a7a0ff25-49e2-4fbc-bba2-f8fe7de7f4d8,2025-05-09 07:00:00+00:00,2025-05-09 07:00:00+00:00,{},False
O-20250509-070000-001-V2-1797,BACKTESTER-001,MLSignalStrategyV2-V2,EUR/USD.IDEALPRO,IDEALPRO-1-1797,IDEALPRO-001,IDEALPRO-1-261249,EUR/USD.IDEALPRO-MLSignalStrategyV2-V2,SELL,LIMIT,100000.00,1.12531,USD,2.25 USD,MAKER,55ee04c2-9a0a-49fe-8f37-0cb4f729e226,2025-05-09 07:36:00+00:00,2025-05-09 07:36:00+00:00,{},False
O-20250509-150000-001-V2-1798,BACKTESTER-001,MLSignalStrategyV2-V2,EUR/USD.IDEALPRO,IDEALPRO-1-1798,IDEALPRO-001,IDEALPRO-1-262138,EUR/USD.IDEALPRO-MLSignalStrategyV2-V2,SELL,MARKET,100000.00,1.12677,USD,2.25 USD,TAKER,7283d735-7098-47d8-bf59-4b5be9bb0eef,2025-05-09 15:00:00+00:00,2025-05-09 15:00:00+00:00,{},False
O-20250509-150000-001-V2-1800,BACKTESTER-001,MLSignalStrategyV2-V2,EUR/USD.IDEALPRO,IDEALPRO-1-1800,IDEALPRO-001,IDEALPRO-1-262687,EUR/USD.IDEALPRO-MLSignalStrategyV2-V2,BUY,LIMIT,100000.00,1.12488,USD,2.25 USD,MAKER,f168bbf6-e016-4455-b0a7-fe53a6a4f499,2025-05-09 19:34:00+00:00,2025-05-09 19:34:00+00:00,{},False
O-20250511-213000-001-V2-1801,BACKTESTER-001,MLSignalStrategyV2-V2,EUR/USD.IDEALPRO,IDEALPRO-1-1801,IDEALPRO-001,IDEALPRO-1-262890,EUR/USD.IDEALPRO-MLSignalStrategyV2-V2,BUY,MARKET,100000.00,1.12130,USD,2.24 USD,TAKER,51e1fbe5-7b74-47fb-bf16-a1ef6bf8b238,2025-05-11 21:30:00+00:00,2025-05-11 21:30:00+00:00,{},False
O-20250511-213000-001-V2-1803,BACKTESTER-001,MLSignalStrategyV2-V2,EUR/USD.IDEALPRO,IDEALPRO-1-1803,IDEALPRO-001,IDEALPRO-1-262961,EUR/USD.IDEALPRO-MLSignalStrategyV2-V2,SELL,LIMIT,100000.00,1.12266,USD,2.25 USD,MAKER,b79859e6-cd88-4057-b39e-3e434c357e0c,2025-05-11 22:05:00+00:00,2025-05-11 22:05:00+00:00,{},False
O-20250511-221500-001-V2-1804,BACKTESTER-001,MLSignalStrategyV2-V2,EUR/USD.IDEALPRO,IDEALPRO-1-1804,IDEALPRO-001,IDEALPRO-1-262982,EUR/USD.IDEALPRO-MLSignalStrategyV2-V2,BUY,MARKET,100000.00,1.12252,USD,2.25 USD,TAKER,0e1200a3-7538-435d-82b7-4adaffcca72b,2025-05-11 22:15:00+00:00,2025-05-11 22:15:00+00:00,{},False
O-20250511-221500-001-V2-1806,BACKTESTER-001,MLSignalStrategyV2-V2,EUR/USD.IDEALPRO,IDEALPRO-1-1806,IDEALPRO-001,IDEALPRO-1-263315,EUR/USD.IDEALPRO-MLSignalStrategyV2-V2,SELL,LIMIT,100000.00,1.12407,USD,2.25 USD,MAKER,fe2bd234-dfbc-4314-b73f-bd1d22aaa6ae,2025-05-12 01:01:00+00:00,2025-05-12 01:01:00+00:00,{},False
O-20250512-051500-001-V2-1807,BACKTESTER-001,MLSignalStrategyV2-V2,EUR/USD.IDEALPRO,IDEALPRO-1-1807,IDEALPRO-001,IDEALPRO-1-263824,EUR/USD.IDEALPRO-MLSignalStrategyV2-V2,BUY,MARKET,100000.00,1.12243,USD,2.24 USD,TAKER,50cdc07c-2d00-4f7d-8d0d-4fa1db427e5a,2025-05-12 05:15:00+00:00,2025-05-12 05:15:00+00:00,{},False
O-20250512-051500-001-V2-1808,BACKTESTER-001,MLSignalStrategyV2-V2,EUR/USD.IDEALPRO,IDEALPRO-1-1808,IDEALPRO-001,IDEALPRO-1-263883,EUR/USD.IDEALPRO-MLSignalStrategyV2-V2,SELL,STOP_MARKET,100000.00,1.12174,USD,2.24 USD,TAKER,c892628b-333b-4cf2-87f0-a05212f1d996,2025-05-12 05:44:00+00:00,2025-05-12 05:44:00+00:00,{},False
O-20250512-054500-001-V2-1810,BACKTESTER-001,MLSignalStrategyV2-V2,EUR/USD.IDEALPRO,IDEALPRO-1-1810,IDEALPRO-001,IDEALPRO-1-263886,EUR/USD.IDEALPRO-MLSignalStrategyV2-V2,BUY,MARKET,100000.00,1.12208,USD,2.24 USD,TAKER,bd6ce5eb-bd05-4c63-8b47-868a8c3531e0,2025-05-12 05:45:00+00:00,2025-05-12 05:45:00+00:00,{},False
O-20250512-054500-001-V2-1811,BACKTESTER-001,MLSignalStrategyV2-V2,EUR/USD.IDEALPRO,IDEALPRO-1-1811,IDEALPRO-001,IDEALPRO-1-263895,EUR/USD.IDEALPRO-MLSignalStrategyV2-V2,SELL,STOP_MARKET,100000.00,1.12138,USD,2.24 USD,TAKER,7d45f3b4-3d8f-49fc-9087-1a0ac13e40dd,2025-05-12 05:49:00+00:00,2025-05-12 05:49:00+00:00,{},False
O-20250512-071500-001-V2-1813,BACKTESTER-001,MLSignalStrategyV2-V2,EUR/USD.IDEALPRO,IDEALPRO-1-1813,IDEALPRO-001,IDEALPRO-1-264068,EUR/USD.IDEALPRO-MLSignalStrategyV2-V2,BUY,MARKET,100000.00,1.11594,USD,2.23 USD,TAKER,91cfaceb-442c-4928-b7ab-0af5b45ed1b9,2025-05-12 07:15:00+00:00,2025-05-12 07:15:00+00:00,{},False
O-20250512-071500-001-V2-1814,BACKTESTER-001,MLSignalStrategyV2-V2,EUR/USD.IDEALPRO,IDEALPRO-1-1814,IDEALPRO-001,IDEALPRO-1-264085,EUR/USD.IDEALPRO-MLSignalStrategyV2-V2,SELL,STOP_MARKET,100000.00,1.11406,USD,2.23 USD,TAKER,bf3993eb-334f-4ef8-8831-f5511d98014d,2025-05-12 07:23:00+00:00,2025-05-12 07:23:00+00:00,{},False
O-20250512-073000-001-V2-1816,BACKTESTER-001,MLSignalStrategyV2-V2,EUR/USD.IDEALPRO,IDEALPRO-1-1816,IDEALPRO-001,IDEALPRO-1-264100,EUR/USD.IDEALPRO-MLSignalStrategyV2-V2,BUY,MARKET,100000.00,1.11156,USD,2.22 USD,TAKER,b168b6d7-33bd-4ba1-82c5-a27e69350d28,2025-05-12 07:30:00+00:00,2025-05-12 07:30:00+00:00,{},False
O-20250512-073000-001-V2-1817,BACKTESTER-001,MLSignalStrategyV2-V2,EUR/USD.IDEALPRO,IDEALPRO-1-1817,IDEALPRO-001,IDEALPRO-1-264191,EUR/USD.IDEALPRO-MLSignalStrategyV2-V2,SELL,STOP_MARKET,100000.00,1.10820,USD,2.22 USD,TAKER,6b3c6584-60c3-4bf6-bb03-254d3c1de64a,2025-05-12 08:15:00+00:00,2025-05-12 08:15:00+00:00,{},False
O-20250512-081500-001-V2-1819,BACKTESTER-001,MLSignalStrategyV2-V2,EUR/USD.IDEALPRO,IDEALPRO-1-1819,IDEALPRO-001,IDEALPRO-1-264192,EUR/USD.IDEALPRO-MLSignalStrategyV2-V2,BUY,MARKET,100000.00,1.10936,USD,2.22 USD,TAKER,55111aa4-9ce0-4da1-9470-3b4d825d1b9c,2025-05-12 08:15:00+00:00,2025-05-12 08:15:00+00:00,{},False
O-20250512-081500-001-V2-1821,BACKTESTER-001,MLSignalStrategyV2-V2,EUR/USD.IDEALPRO,IDEALPRO-1-1821,IDEALPRO-001,IDEALPRO-1-264241,EUR/USD.IDEALPRO-MLSignalStrategyV2-V2,SELL,LIMIT,100000.00,1.11291,USD,2.23 USD,MAKER,b1b4ef14-1f94-4350-879c-98f31cff842f,2025-05-12 08:39:00+00:00,2025-05-12 08:39:00+00:00,{},False
O-20250512-100000-001-V2-1822,BACKTESTER-001,MLSignalStrategyV2-V2,EUR/USD.IDEALPRO,IDEALPRO-1-1822,IDEALPRO-001,IDEALPRO-1-264404,EUR/USD.IDEALPRO-MLSignalStrategyV2-V2,BUY,MARKET,100000.00,1.11187,USD,2.22 USD,TAKER,86ed0c7f-be8e-4ac8-8824-b0cd39e4b4ab,2025-05-12 10:00:00+00:00,2025-05-12 10:00:00+00:00,{},False
O-20250512-100000-001-V2-1823,BACKTESTER-001,MLSignalStrategyV2-V2,EUR/USD.IDEALPRO,IDEALPRO-1-1823,IDEALPRO-001,IDEALPRO-1-264437,EUR/USD.IDEALPRO-MLSignalStrategyV2-V2,SELL,STOP_MARKET,100000.00,1.10980,USD,2.22 USD,TAKER,dca01ee2-fab9-4330-8514-19e879731af1,2025-05-12 10:16:00+00:00,2025-05-12 10:16:00+00:00,{},False
O-20250512-103000-001-V2-1825,BACKTESTER-001,MLSignalStrategyV2-V2,EUR/USD.IDEALPRO,IDEALPRO-1-1825,IDEALPRO-001,IDEALPRO-1-264466,EUR/USD.IDEALPRO-MLSignalStrategyV2-V2,BUY,MARKET,100000.00,1.10907,USD,2.22 USD,TAKER,8f2f84b6-662b-4d8e-be98-36fabda8db83,2025-05-12 10:30:00+00:00,2025-05-12 10:30:00+00:00,{},False
O-20250512-103000-001-V2-1827,BACKTESTER-001,MLSignalStrategyV2-V2,EUR/USD.IDEALPRO,IDEALPRO-1-1827,IDEALPRO-001,IDEALPRO-1-264731,EUR/USD.IDEALPRO-MLSignalStrategyV2-V2,SELL,LIMIT,100000.00,1.11189,USD,2.22 USD,MAKER,b39d9a52-aec2-4795-8d8e-e53206b0ce27,2025-05-12 12:42:00+00:00,2025-05-12 12:42:00+00:00,{},False
O-20250512-170000-001-V2-1828,BACKTESTER-001,MLSignalStrategyV2-V2,EUR/USD.IDEALPRO,IDEALPRO-1-1828,IDEALPRO-001,IDEALPRO-1-265248,EUR/USD.IDEALPRO-MLSignalStrategyV2-V2,BUY,MARKET,100000.00,1.10847,USD,2.22 USD,TAKER,d66872b8-73e2-4dd0-be78-02d3215de31b,2025-05-12 17:00:00+00:00,2025-05-12 17:00:00+00:00,{},False
O-20250512-170000-001-V2-1829,BACKTESTER-001,MLSignalStrategyV2-V2,EUR/USD.IDEALPRO,IDEALPRO-1-1829,IDEALPRO-001,IDEALPRO-1-265389,EUR/USD.IDEALPRO-MLSignalStrategyV2-V2,SELL,STOP_MARKET,100000.00,1.10692,USD,2.21 USD,TAKER,69a59f4a-6edc-4b5a-89b2-570b3e813a97,2025-05-12 18:10:00+00:00,2025-05-12 18:10:00+00:00,{},False
O-20250513-103000-001-V2-1831,BACKTESTER-001,MLSignalStrategyV2-V2,EUR/USD.IDEALPRO,IDEALPRO-1-1831,IDEALPRO-001,IDEALPRO-1-267320,EUR/USD.IDEALPRO-MLSignalStrategyV2-V2,BUY,MARKET,100000.00,1.11094,USD,2.22 USD,TAKER,3d5fe3cb-3a29-424a-901c-0e5d2ab108bb,2025-05-13 10:30:00+00:00,2025-05-13 10:30:00+00:00,{},False
O-20250513-103000-001-V2-1832,BACKTESTER-001,MLSignalStrategyV2-V2,EUR/USD.IDEALPRO,IDEALPRO-1-1832,IDEALPRO-001,IDEALPRO-1-267357,EUR/USD.IDEALPRO-MLSignalStrategyV2-V2,SELL,STOP_MARKET,100000.00,1.11001,USD,2.22 USD,TAKER,dde26923-ad3c-4ec2-9cc4-7b3184e908bf,2025-05-13 10:48:00+00:00,2025-05-13 10:48:00+00:00,{},False
O-20250513-201500-001-V2-1834,BACKTESTER-001,MLSignalStrategyV2-V2,EUR/USD.IDEALPRO,IDEALPRO-1-1834,IDEALPRO-001,IDEALPRO-1-268492,EUR/USD.IDEALPRO-MLSignalStrategyV2-V2,BUY,MARKET,100000.00,1.11889,USD,2.24 USD,TAKER,f5b484d3-f583-46f6-b7c5-e6c048cbcd20,2025-05-13 20:15:00+00:00,2025-05-13 20:15:00+00:00,{},False
O-20250513-201500-001-V2-1835,BACKTESTER-001,MLSignalStrategyV2-V2,EUR/USD.IDEALPRO,IDEALPRO-1-1835,IDEALPRO-001,IDEALPRO-1-268923,EUR/USD.IDEALPRO-MLSignalStrategyV2-V2,SELL,STOP_MARKET,100000.00,1.11822,USD,2.24 USD,TAKER,eca418aa-c5cd-4915-b3fc-01de141c15c7,2025-05-14 00:05:00+00:00,2025-05-14 00:05:00+00:00,{},False
O-20250514-024500-001-V2-1837,BACKTESTER-001,MLSignalStrategyV2-V2,EUR/USD.IDEALPRO,IDEALPRO-1-1837,IDEALPRO-001,IDEALPRO-1-269245,EUR/USD.IDEALPRO-MLSignalStrategyV2-V2,SELL,MARKET,100000.00,1.11852,USD,2.24 USD,TAKER,a0a63b3b-a382-415d-9278-4a0e68361aaa,2025-05-14 02:45:00+00:00,2025-05-14 02:45:00+00:00,{},False
O-20250514-024500-001-V2-1838,BACKTESTER-001,MLSignalStrategyV2-V2,EUR/USD.IDEALPRO,IDEALPRO-1-1838,IDEALPRO-001,IDEALPRO-1-269267,EUR/USD.IDEALPRO-MLSignalStrategyV2-V2,BUY,STOP_MARKET,100000.00,1.11926,USD,2.24 USD,TAKER,5b01a108-cac9-4558-8e89-586539e18e92,2025-05-14 02:56:00+00:00,2025-05-14 02:56:00+00:00,{},False
O-20250514-043000-001-V2-1840,BACKTESTER-001,MLSignalStrategyV2-V2,EUR/USD.IDEALPRO,IDEALPRO-1-1840,IDEALPRO-001,IDEALPRO-1-269456,EUR/USD.IDEALPRO-MLSignalStrategyV2-V2,BUY,MARKET,100000.00,1.11952,USD,2.24 USD,TAKER,7c4cc710-42ad-423a-85a2-31d4accfdf0c,2025-05-14 04:30:00+00:00,2025-05-14 04:30:00+00:00,{},False
O-20250514-043000-001-V2-1841,BACKTESTER-001,MLSignalStrategyV2-V2,EUR/USD.IDEALPRO,IDEALPRO-1-1841,IDEALPRO-001,IDEALPRO-1-269517,EUR/USD.IDEALPRO-MLSignalStrategyV2-V2,SELL,STOP_MARKET,100000.00,1.11877,USD,2.24 USD,TAKER,4b86dc0c-851f-4054-8c37-9954885a333b,2025-05-14 05:00:00+00:00,2025-05-14 05:00:00+00:00,{},False
O-20250514-074500-001-V2-1843,BACKTESTER-001,MLSignalStrategyV2-V2,EUR/USD.IDEALPRO,IDEALPRO-1-1843,IDEALPRO-001,IDEALPRO-1-269848,EUR/USD.IDEALPRO-MLSignalStrategyV2-V2,BUY,MARKET,100000.00,1.12047,USD,2.24 USD,TAKER,1c701db8-8ea5-436d-83b6-ef7e6d6d907c,2025-05-14 07:45:00+00:00,2025-05-14 07:45:00+00:00,{},False
O-20250514-074500-001-V2-1845,BACKTESTER-001,MLSignalStrategyV2-V2,EUR/USD.IDEALPRO,IDEALPRO-1-1845,IDEALPRO-001,IDEALPRO-1-269887,EUR/USD.IDEALPRO-MLSignalStrategyV2-V2,SELL,LIMIT,100000.00,1.12249,USD,2.24 USD,MAKER,53ad0707-93ca-4341-993c-8485e9ee99cb,2025-05-14 08:04:00+00:00,2025-05-14 08:04:00+00:00,{},False
O-20250514-101500-001-V2-1846,BACKTESTER-001,MLSignalStrategyV2-V2,EUR/USD.IDEALPRO,IDEALPRO-1-1846,IDEALPRO-001,IDEALPRO-1-270151,EUR/USD.IDEALPRO-MLSignalStrategyV2-V2,SELL,MARKET,100000.00,1.12449,USD,2.25 USD,TAKER,198213ac-7972-4fa0-ac05-e8d9c56165af,2025-05-14 10:15:00+00:00,2025-05-14 10:15:00+00:00,{},False
O-20250514-101500-001-V2-1848,BACKTESTER-001,MLSignalStrategyV2-V2,EUR/USD.IDEALPRO,IDEALPRO-1-1848,IDEALPRO-001,IDEALPRO-1-270273,EUR/USD.IDEALPRO-MLSignalStrategyV2-V2,BUY,LIMIT,100000.00,1.12214,USD,2.24 USD,MAKER,142df7a7-68ac-49bd-8f12-ce914db2d67c,2025-05-14 11:16:00+00:00,2025-05-14 11:16:00+00:00,{},False
O-20250514-164500-001-V2-1849,BACKTESTER-001,MLSignalStrategyV2-V2,EUR/USD.IDEALPRO,IDEALPRO-1-1849,IDEALPRO-001,IDEALPRO-1-270932,EUR/USD.IDEALPRO-MLSignalStrategyV2-V2,BUY,MARKET,100000.00,1.11860,USD,2.24 USD,TAKER,99056fc9-f545-4856-a51f-adf671b77f3d,2025-05-14 16:45:00+00:00,2025-05-14 16:45:00+00:00,{},False
O-20250514-164500-001-V2-1850,BACKTESTER-001,MLSignalStrategyV2-V2,EUR/USD.IDEALPRO,IDEALPRO-1-1850,IDEALPRO-001,IDEALPRO-1-271113,EUR/USD.IDEALPRO-MLSignalStrategyV2-V2,SELL,STOP_MARKET,100000.00,1.11718,USD,2.23 USD,TAKER,4a431416-bdac-4c27-bec4-8280fefda1f4,2025-05-14 18:15:00+00:00,2025-05-14 18:15:00+00:00,{},False
O-20250514-200000-001-V2-1852,BACKTESTER-001,MLSignalStrategyV2-V2,EUR/USD.IDEALPRO,IDEALPRO-1-1852,IDEALPRO-001,IDEALPRO-1-271324,EUR/USD.IDEALPRO-MLSignalStrategyV2-V2,BUY,MARKET,100000.00,1.11675,USD,2.23 USD,TAKER,75732b06-f23a-4363-9f3c-8d88d36e271a,2025-05-14 20:00:00+00:00,2025-05-14 20:00:00+00:00,{},False
O-20250514-200000-001-V2-1854,BACKTESTER-001,MLSignalStrategyV2-V2,EUR/USD.IDEALPRO,IDEALPRO-1-1854,IDEALPRO-001,IDEALPRO-1-271547,EUR/USD.IDEALPRO-MLSignalStrategyV2-V2,SELL,LIMIT,100000.00,1.11826,USD,2.24 USD,MAKER,be1daed8-ed34-4884-b5a9-4e9da0eeec28,2025-05-14 22:06:00+00:00,2025-05-14 22:06:00+00:00,{},False
O-20250515-003000-001-V2-1855,BACKTESTER-001,MLSignalStrategyV2-V2,EUR/USD.IDEALPRO,IDEALPRO-1-1855,IDEALPRO-001,IDEALPRO-1-271837,EUR/USD.IDEALPRO-MLSignalStrategyV2-V2,BUY,MARKET,100000.00,1.11886,USD,2.24 USD,TAKER,7e5744ec-bfa6-492e-adb4-154246e6fbc9,2025-05-15 00:30:00+00:00,2025-05-15 00:30:00+00:00,{},False
O-20250515-003000-001-V2-1857,BACKTESTER-001,MLSignalStrategyV2-V2,EUR/USD.IDEALPRO,IDEALPRO-1-1857,IDEALPRO-001,IDEALPRO-1-271947,EUR/USD.IDEALPRO-MLSignalStrategyV2-V2,SELL,LIMIT,100000.00,1.11986,USD,2.24 USD,MAKER,3a8c2eee-5833-4fd4-8505-5ad3f52a9eb8,2025-05-15 01:25:00+00:00,2025-05-15 01:25:00+00:00,{},False
O-20250515-100000-001-V2-1858,BACKTESTER-001,MLSignalStrategyV2-V2,EUR/USD.IDEALPRO,IDEALPRO-1-1858,IDEALPRO-001,IDEALPRO-1-272978,EUR/USD.IDEALPRO-MLSignalStrategyV2-V2,SELL,MARKET,100000.00,1.12024,USD,2.24 USD,TAKER,f02a4a05-6d2c-4954-949e-11bc5e71926a,2025-05-15 10:00:00+00:00,2025-05-15 10:00:00+00:00,{},False
O-20250515-100000-001-V2-1860,BACKTESTER-001,MLSignalStrategyV2-V2,EUR/USD.IDEALPRO,IDEALPRO-1-1860,IDEALPRO-001,IDEALPRO-1-273167,EUR/USD.IDEALPRO-MLSignalStrategyV2-V2,BUY,LIMIT,100000.00,1.11864,USD,2.24 USD,MAKER,cc5c3300-67ab-413c-bd29-709c0ab8188b,2025-05-15 11:34:00+00:00,2025-05-15 11:34:00+00:00,{},False
O-20250515-120000-001-V2-1861,BACKTESTER-001,MLSignalStrategyV2-V2,EUR/USD.IDEALPRO,IDEALPRO-1-1861,IDEALPRO-001,IDEALPRO-1-273220,EUR/USD.IDEALPRO-MLSignalStrategyV2-V2,BUY,MARKET,100000.00,1.11830,USD,2.24 USD,TAKER,f1906330-4d8c-483c-b6a3-3ac07119aeaf,2025-05-15 12:00:00+00:00,2025-05-15 12:00:00+00:00,{},False
O-20250515-120000-001-V2-1863,BACKTESTER-001,MLSignalStrategyV2-V2,EUR/USD.IDEALPRO,IDEALPRO-1-1863,IDEALPRO-001,IDEALPRO-1-273283,EUR/USD.IDEALPRO-MLSignalStrategyV2-V2,SELL,LIMIT,100000.00,1.12105,USD,2.24 USD,MAKER,a0b8ed75-76b0-42ea-a07c-ac32c45afbad,2025-05-15 12:31:00+00:00,2025-05-15 12:31:00+00:00,{},False
O-20250515-180000-001-V2-1864,BACKTESTER-001,MLSignalStrategyV2-V2,EUR/USD.IDEALPRO,IDEALPRO-1-1864,IDEALPRO-001,IDEALPRO-1-273942,EUR/USD.IDEALPRO-MLSignalStrategyV2-V2,BUY,MARKET,100000.00,1.11713,USD,2.23 USD,TAKER,3aabccf3-37c5-44ad-9fa4-c7cb474558cf,2025-05-15 18:00:00+00:00,2025-05-15 18:00:00+00:00,{},False
O-20250515-180000-001-V2-1866,BACKTESTER-001,MLSignalStrategyV2-V2,EUR/USD.IDEALPRO,IDEALPRO-1-1866,IDEALPRO-001,IDEALPRO-1-274149,EUR/USD.IDEALPRO-MLSignalStrategyV2-V2,SELL,LIMIT,100000.00,1.11863,USD,2.24 USD,MAKER,d0f27c36-fa56-4b36-b928-fb931ce13f83,2025-05-15 19:43:00+00:00,2025-05-15 19:43:00+00:00,{},False
O-20250515-210000-001-V2-1867,BACKTESTER-001,MLSignalStrategyV2-V2,EUR/USD.IDEALPRO,IDEALPRO-1-1867,IDEALPRO-001,IDEALPRO-1-274304,EUR/USD.IDEALPRO-MLSignalStrategyV2-V2,BUY,MARKET,100000.00,1.11877,USD,2.24 USD,TAKER,bb322b6e-a923-49ea-8e1a-0f238a27fd84,2025-05-15 21:00:00+00:00,2025-05-15 21:00:00+00:00,{},False
O-20250515-210000-001-V2-1869,BACKTESTER-001,MLSignalStrategyV2-V2,EUR/USD.IDEALPRO,IDEALPRO-1-1869,IDEALPRO-001,IDEALPRO-1-274645,EUR/USD.IDEALPRO-MLSignalStrategyV2-V2,SELL,LIMIT,100000.00,1.12023,USD,2.24 USD,MAKER,8de11c25-98a7-4d40-9f4d-d6861dc3342e,2025-05-16 00:05:00+00:00,2025-05-16 00:05:00+00:00,{},False
O-20250516-093000-001-V2-1870,BACKTESTER-001,MLSignalStrategyV2-V2,EUR/USD.IDEALPRO,IDEALPRO-1-1870,IDEALPRO-001,IDEALPRO-1-275776,EUR/USD.IDEALPRO-MLSignalStrategyV2-V2,BUY,MARKET,100000.00,1.12076,USD,2.24 USD,TAKER,ad39bd43-b81e-40fd-800c-55ded505f921,2025-05-16 09:30:00+00:00,2025-05-16 09:30:00+00:00,{},False
O-20250516-093000-001-V2-1871,BACKTESTER-001,MLSignalStrategyV2-V2,EUR/USD.IDEALPRO,IDEALPRO-1-1871,IDEALPRO-001,IDEALPRO-1-275801,EUR/USD.IDEALPRO-MLSignalStrategyV2-V2,SELL,STOP_MARKET,100000.00,1.11994,USD,2.24 USD,TAKER,548f90b3-b1b1-4f53-8f3b-1cf081a7ed51,2025-05-16 09:42:00+00:00,2025-05-16 09:42:00+00:00,{},False
O-20250516-100000-001-V2-1873,BACKTESTER-001,MLSignalStrategyV2-V2,EUR/USD.IDEALPRO,IDEALPRO-1-1873,IDEALPRO-001,IDEALPRO-1-275838,EUR/USD.IDEALPRO-MLSignalStrategyV2-V2,BUY,MARKET,100000.00,1.11946,USD,2.24 USD,TAKER,53f21aca-11ea-40d1-9165-d1ffeb6adb4f,2025-05-16 10:00:00+00:00,2025-05-16 10:00:00+00:00,{},False
O-20250516-100000-001-V2-1875,BACKTESTER-001,MLSignalStrategyV2-V2,EUR/USD.IDEALPRO,IDEALPRO-1-1875,IDEALPRO-001,IDEALPRO-1-275981,EUR/USD.IDEALPRO-MLSignalStrategyV2-V2,SELL,LIMIT,100000.00,1.12081,USD,2.24 USD,MAKER,c9083f81-a6b7-4f4c-a309-782839ea4d9f,2025-05-16 11:11:00+00:00,2025-05-16 11:11:00+00:00,{},False
O-20250516-153000-001-V2-1876,BACKTESTER-001,MLSignalStrategyV2-V2,EUR/USD.IDEALPRO,IDEALPRO-1-1876,IDEALPRO-001,IDEALPRO-1-276500,EUR/USD.IDEALPRO-MLSignalStrategyV2-V2,BUY,MARKET,100000.00,1.11435,USD,2.23 USD,TAKER,d4391824-e9b8-4639-8144-b9916983e192,2025-05-16 15:30:00+00:00,2025-05-16 15:30:00+00:00,{},False
O-20250516-153000-001-V2-1877,BACKTESTER-001,MLSignalStrategyV2-V2,EUR/USD.IDEALPRO,IDEALPRO-1-1877,IDEALPRO-001,IDEALPRO-1-276603,EUR/USD.IDEALPRO-MLSignalStrategyV2-V2,SELL,STOP_MARKET,100000.00,1.11311,USD,2.23 USD,TAKER,75695873-8244-4875-818f-62f4630ef240,2025-05-16 16:21:00+00:00,2025-05-16 16:21:00+00:00,{},False
O-20250516-163000-001-V2-1879,BACKTESTER-001,MLSignalStrategyV2-V2,EUR/USD.IDEALPRO,IDEALPRO-1-1879,IDEALPRO-001,IDEALPRO-1-276622,EUR/USD.IDEALPRO-MLSignalStrategyV2-V2,BUY,MARKET,100000.00,1.11377,USD,2.23 USD,TAKER,72a42719-bb05-430d-a5b9-586382c95b20,2025-05-16 16:30:00+00:00,2025-05-16 16:30:00+00:00,{},False
O-20250516-163000-001-V2-1881,BACKTESTER-001,MLSignalStrategyV2-V2,EUR/USD.IDEALPRO,IDEALPRO-1-1881,IDEALPRO-001,IDEALPRO-1-276927,EUR/USD.IDEALPRO-MLSignalStrategyV2-V2,SELL,LIMIT,100000.00,1.11557,USD,2.23 USD,MAKER,0c2fc27a-a5ef-4919-aa61-864a9a8d7261,2025-05-16 19:02:00+00:00,2025-05-16 19:02:00+00:00,{},False
O-20250518-213000-001-V2-1882,BACKTESTER-001,MLSignalStrategyV2-V2,EUR/USD.IDEALPRO,IDEALPRO-1-1882,IDEALPRO-001,IDEALPRO-1-277194,EUR/USD.IDEALPRO-MLSignalStrategyV2-V2,BUY,MARKET,100000.00,1.11817,USD,2.24 USD,TAKER,2c43a662-66a9-4e36-b8d9-7597fdd45a3f,2025-05-18 21:30:00+00:00,2025-05-18 21:30:00+00:00,{},False
O-20250518-213000-001-V2-1883,BACKTESTER-001,MLSignalStrategyV2-V2,EUR/USD.IDEALPRO,IDEALPRO-1-1883,IDEALPRO-001,IDEALPRO-1-277257,EUR/USD.IDEALPRO-MLSignalStrategyV2-V2,SELL,STOP_MARKET,100000.00,1.11723,USD,2.23 USD,TAKER,494812de-9118-448e-bad5-52523bd630a5,2025-05-18 22:01:00+00:00,2025-05-18 22:01:00+00:00,{},False
O-20250518-221500-001-V2-1885,BACKTESTER-001,MLSignalStrategyV2-V2,EUR/USD.IDEALPRO,IDEALPRO-1-1885,IDEALPRO-001,IDEALPRO-1-277286,EUR/USD.IDEALPRO-MLSignalStrategyV2-V2,BUY,MARKET,100000.00,1.11864,USD,2.24 USD,TAKER,afd521f8-c653-4d7a-92cb-7198038b70ef,2025-05-18 22:15:00+00:00,2025-05-18 22:15:00+00:00,{},False
O-20250518-221500-001-V2-1886,BACKTESTER-001,MLSignalStrategyV2-V2,EUR/USD.IDEALPRO,IDEALPRO-1-1886,IDEALPRO-001,IDEALPRO-1-277687,EUR/USD.IDEALPRO-MLSignalStrategyV2-V2,SELL,STOP_MARKET,100000.00,1.11764,USD,2.24 USD,TAKER,dacd91e0-1d7c-4c32-9c95-96d7cdea529c,2025-05-19 01:35:00+00:00,2025-05-19 01:35:00+00:00,{},False
O-20250519-081500-001-V2-1888,BACKTESTER-001,MLSignalStrategyV2-V2,EUR/USD.IDEALPRO,IDEALPRO-1-1888,IDEALPRO-001,IDEALPRO-1-278488,EUR/USD.IDEALPRO-MLSignalStrategyV2-V2,SELL,MARKET,100000.00,1.12483,USD,2.25 USD,TAKER,74ca03ce-68d8-4977-8efc-ec95e5273f2b,2025-05-19 08:15:00+00:00,2025-05-19 08:15:00+00:00,{},False
O-20250519-081500-001-V2-1889,BACKTESTER-001,MLSignalStrategyV2-V2,EUR/USD.IDEALPRO,IDEALPRO-1-1889,IDEALPRO-001,IDEALPRO-1-278575,EUR/USD.IDEALPRO-MLSignalStrategyV2-V2,BUY,STOP_MARKET,100000.00,1.12593,USD,2.25 USD,TAKER,3b84dd8b-a9f8-4d8b-a540-fcd0cf31c26d,2025-05-19 08:58:00+00:00,2025-05-19 08:58:00+00:00,{},False
O-20250519-123000-001-V2-1891,BACKTESTER-001,MLSignalStrategyV2-V2,EUR/USD.IDEALPRO,IDEALPRO-1-1891,IDEALPRO-001,IDEALPRO-1-279000,EUR/USD.IDEALPRO-MLSignalStrategyV2-V2,SELL,MARKET,100000.00,1.12641,USD,2.25 USD,TAKER,ae048410-e0a5-4ded-887e-00a5f5a241af,2025-05-19 12:30:00+00:00,2025-05-19 12:30:00+00:00,{},False
O-20250519-123000-001-V2-1893,BACKTESTER-001,MLSignalStrategyV2-V2,EUR/USD.IDEALPRO,IDEALPRO-1-1893,IDEALPRO-001,IDEALPRO-1-279163,EUR/USD.IDEALPRO-MLSignalStrategyV2-V2,BUY,LIMIT,100000.00,1.12472,USD,2.25 USD,MAKER,460b95c5-078c-40b4-a94b-b73d7d02e827,2025-05-19 13:51:00+00:00,2025-05-19 13:51:00+00:00,{},False
O-20250519-170000-001-V2-1894,BACKTESTER-001,MLSignalStrategyV2-V2,EUR/USD.IDEALPRO,IDEALPRO-1-1894,IDEALPRO-001,IDEALPRO-1-279542,EUR/USD.IDEALPRO-MLSignalStrategyV2-V2,BUY,MARKET,100000.00,1.12354,USD,2.25 USD,TAKER,87d0cacc-1de6-46dc-8199-7aa7c5c21367,2025-05-19 17:00:00+00:00,2025-05-19 17:00:00+00:00,{},False
O-20250519-170000-001-V2-1895,BACKTESTER-001,MLSignalStrategyV2-V2,EUR/USD.IDEALPRO,IDEALPRO-1-1895,IDEALPRO-001,IDEALPRO-1-279579,EUR/USD.IDEALPRO-MLSignalStrategyV2-V2,SELL,STOP_MARKET,100000.00,1.12252,USD,2.25 USD,TAKER,67f6bf62-4615-4811-847e-82c03467659d,2025-05-19 17:18:00+00:00,2025-05-19 17:18:00+00:00,{},False
O-20250519-173000-001-V2-1897,BACKTESTER-001,MLSignalStrategyV2-V2,EUR/USD.IDEALPRO,IDEALPRO-1-1897,IDEALPRO-001,IDEALPRO-1-279604,EUR/USD.IDEALPRO-MLSignalStrategyV2-V2,BUY,MARKET,100000.00,1.12283,USD,2.25 USD,TAKER,50aaea38-3e7c-4d96-8572-5d9057f93c10,2025-05-19 17:30:00+00:00,2025-05-19 17:30:00+00:00,{},False
O-20250519-173000-001-V2-1899,BACKTESTER-001,MLSignalStrategyV2-V2,EUR/USD.IDEALPRO,IDEALPRO-1-1899,IDEALPRO-001,IDEALPRO-1-279899,EUR/USD.IDEALPRO-MLSignalStrategyV2-V2,SELL,LIMIT,100000.00,1.12416,USD,2.25 USD,MAKER,e45dd558-7d57-43ed-9f7d-8915bd280fd9,2025-05-19 19:57:00+00:00,2025-05-19 19:57:00+00:00,{},False
O-20250519-220000-001-V2-1900,BACKTESTER-001,MLSignalStrategyV2-V2,EUR/USD.IDEALPRO,IDEALPRO-1-1900,IDEALPRO-001,IDEALPRO-1-280117,EUR/USD.IDEALPRO-MLSignalStrategyV2-V2,BUY,MARKET,100000.00,1.12434,USD,2.25 USD,TAKER,da179fb8-927f-46cf-96f7-bce69e017635,2025-05-19 22:00:00+00:00,2025-05-19 22:00:00+00:00,{},False
O-20250519-220000-001-V2-1901,BACKTESTER-001,MLSignalStrategyV2-V2,EUR/USD.IDEALPRO,IDEALPRO-1-1901,IDEALPRO-001,IDEALPRO-1-280159,EUR/USD.IDEALPRO-MLSignalStrategyV2-V2,SELL,STOP_MARKET,100000.00,1.12383,USD,2.25 USD,TAKER,623cd267-df89-49c8-b1ad-8333b4459182,2025-05-19 22:21:00+00:00,2025-05-19 22:21:00+00:00,{},False
O-20250519-223000-001-V2-1903,BACKTESTER-001,MLSignalStrategyV2-V2,EUR/USD.IDEALPRO,IDEALPRO-1-1903,IDEALPRO-001,IDEALPRO-1-280178,EUR/USD.IDEALPRO-MLSignalStrategyV2-V2,BUY,MARKET,100000.00,1.12408,USD,2.25 USD,TAKER,e12aa0c0-5ff0-439c-8451-0f2e6a527018,2025-05-19 22:30:00+00:00,2025-05-19 22:30:00+00:00,{},False
O-20250519-223000-001-V2-1904,BACKTESTER-001,MLSignalStrategyV2-V2,EUR/USD.IDEALPRO,IDEALPRO-1-1904,IDEALPRO-001,IDEALPRO-1-280217,EUR/USD.IDEALPRO-MLSignalStrategyV2-V2,SELL,STOP_MARKET,100000.00,1.12364,USD,2.25 USD,TAKER,99a45ad2-6a28-4765-b157-b018c15927b6,2025-05-19 22:49:00+00:00,2025-05-19 22:49:00+00:00,{},False
O-20250519-230000-001-V2-1906,BACKTESTER-001,MLSignalStrategyV2-V2,EUR/USD.IDEALPRO,IDEALPRO-1-1906,IDEALPRO-001,IDEALPRO-1-280240,EUR/USD.IDEALPRO-MLSignalStrategyV2-V2,BUY,MARKET,100000.00,1.12355,USD,2.25 USD,TAKER,6652ee03-be85-4770-a955-ac18128ec756,2025-05-19 23:00:00+00:00,2025-05-19 23:00:00+00:00,{},False
O-20250519-230000-001-V2-1907,BACKTESTER-001,MLSignalStrategyV2-V2,EUR/USD.IDEALPRO,IDEALPRO-1-1907,IDEALPRO-001,IDEALPRO-1-280363,EUR/USD.IDEALPRO-MLSignalStrategyV2-V2,SELL,STOP_MARKET,100000.00,1.12309,USD,2.25 USD,TAKER,26d013af-56c7-482a-8b52-126f41c4833f,2025-05-20 00:01:00+00:00,2025-05-20 00:01:00+00:00,{},False
O-20250520-001500-001-V2-1909,BACKTESTER-001,MLSignalStrategyV2-V2,EUR/USD.IDEALPRO,IDEALPRO-1-1909,IDEALPRO-001,IDEALPRO-1-280392,EUR/USD.IDEALPRO-MLSignalStrategyV2-V2,BUY,MARKET,100000.00,1.12277,USD,2.25 USD,TAKER,b9e88723-0ace-487a-8c03-dc1ab15ab10e,2025-05-20 00:15:00+00:00,2025-05-20 00:15:00+00:00,{},False
O-20250520-001500-001-V2-1910,BACKTESTER-001,MLSignalStrategyV2-V2,EUR/USD.IDEALPRO,IDEALPRO-1-1910,IDEALPRO-001,IDEALPRO-1-280411,EUR/USD.IDEALPRO-MLSignalStrategyV2-V2,SELL,STOP_MARKET,100000.00,1.12233,USD,2.24 USD,TAKER,3d3b12e6-3c15-4638-935d-a0e3a1c3b5de,2025-05-20 00:24:00+00:00,2025-05-20 00:24:00+00:00,{},False
O-20250520-003000-001-V2-1912,BACKTESTER-001,MLSignalStrategyV2-V2,EUR/USD.IDEALPRO,IDEALPRO-1-1912,IDEALPRO-001,IDEALPRO-1-280424,EUR/USD.IDEALPRO-MLSignalStrategyV2-V2,BUY,MARKET,100000.00,1.12216,USD,2.24 USD,TAKER,d3a699df-f66f-4bbe-8c55-bd1c1c37b5e2,2025-05-20 00:30:00+00:00,2025-05-20 00:30:00+00:00,{},False
O-20250520-003000-001-V2-1914,BACKTESTER-001,MLSignalStrategyV2-V2,EUR/USD.IDEALPRO,IDEALPRO-1-1914,IDEALPRO-001,IDEALPRO-1-280483,EUR/USD.IDEALPRO-MLSignalStrategyV2-V2,SELL,LIMIT,100000.00,1.12280,USD,2.25 USD,MAKER,b650efa3-33af-4f99-82a0-ed7b062c112a,2025-05-20 00:59:00+00:00,2025-05-20 00:59:00+00:00,{},False
O-20250520-020000-001-V2-1915,BACKTESTER-001,MLSignalStrategyV2-V2,EUR/USD.IDEALPRO,IDEALPRO-1-1915,IDEALPRO-001,IDEALPRO-1-280606,EUR/USD.IDEALPRO-MLSignalStrategyV2-V2,SELL,MARKET,100000.00,1.12384,USD,2.25 USD,TAKER,fcbd8beb-7d2f-41d7-8f62-c22d280a9e54,2025-05-20 02:00:00+00:00,2025-05-20 02:00:00+00:00,{},False
O-20250520-020000-001-V2-1916,BACKTESTER-001,MLSignalStrategyV2-V2,EUR/USD.IDEALPRO,IDEALPRO-1-1916,IDEALPRO-001,IDEALPRO-1-280649,EUR/USD.IDEALPRO-MLSignalStrategyV2-V2,BUY,STOP_MARKET,100000.00,1.12459,USD,2.25 USD,TAKER,7f081b0b-6360-487b-99dc-ff27856d5319,2025-05-20 02:21:00+00:00,2025-05-20 02:21:00+00:00,{},False
O-20250520-070000-001-V2-1918,BACKTESTER-001,MLSignalStrategyV2-V2,EUR/USD.IDEALPRO,IDEALPRO-1-1918,IDEALPRO-001,IDEALPRO-1-281208,EUR/USD.IDEALPRO-MLSignalStrategyV2-V2,BUY,MARKET,100000.00,1.12578,USD,2.25 USD,TAKER,f8f85332-3e5a-4fef-b516-3b9db83f3de3,2025-05-20 07:00:00+00:00,2025-05-20 07:00:00+00:00,{},False
O-20250520-070000-001-V2-1920,BACKTESTER-001,MLSignalStrategyV2-V2,EUR/USD.IDEALPRO,IDEALPRO-1-1920,IDEALPRO-001,IDEALPRO-1-281235,EUR/USD.IDEALPRO-MLSignalStrategyV2-V2,SELL,LIMIT,100000.00,1.12723,USD,2.25 USD,MAKER,226d2eee-0a2e-42ac-a354-ba7e3cfbcfdc,2025-05-20 07:13:00+00:00,2025-05-20 07:13:00+00:00,{},False
O-20250520-110000-001-V2-1921,BACKTESTER-001,MLSignalStrategyV2-V2,EUR/USD.IDEALPRO,IDEALPRO-1-1921,IDEALPRO-001,IDEALPRO-1-281690,EUR/USD.IDEALPRO-MLSignalStrategyV2-V2,BUY,MARKET,100000.00,1.12446,USD,2.25 USD,TAKER,cda39a7b-dd79-46f6-91a6-a49488d7e09a,2025-05-20 11:00:00+00:00,2025-05-20 11:00:00+00:00,{},False
O-20250520-110000-001-V2-1922,BACKTESTER-001,MLSignalStrategyV2-V2,EUR/USD.IDEALPRO,IDEALPRO-1-1922,IDEALPRO-001,IDEALPRO-1-281835,EUR/USD.IDEALPRO-MLSignalStrategyV2-V2,SELL,STOP_MARKET,100000.00,1.12357,USD,2.25 USD,TAKER,237d30d3-4150-419b-98d0-20842c3e6e2e,2025-05-20 12:12:00+00:00,2025-05-20 12:12:00+00:00,{},False
O-20250520-123000-001-V2-1924,BACKTESTER-001,MLSignalStrategyV2-V2,EUR/USD.IDEALPRO,IDEALPRO-1-1924,IDEALPRO-001,IDEALPRO-1-281872,EUR/USD.IDEALPRO-MLSignalStrategyV2-V2,BUY,MARKET,100000.00,1.12278,USD,2.25 USD,TAKER,bacb31f7-3166-4a84-96ee-41b7e2b972d5,2025-05-20 12:30:00+00:00,2025-05-20 12:30:00+00:00,{},False
O-20250520-123000-001-V2-1926,BACKTESTER-001,MLSignalStrategyV2-V2,EUR/USD.IDEALPRO,IDEALPRO-1-1926,IDEALPRO-001,IDEALPRO-1-282029,EUR/USD.IDEALPRO-MLSignalStrategyV2-V2,SELL,LIMIT,100000.00,1.12403,USD,2.25 USD,MAKER,430664b7-f50d-4928-90a7-b5071b7624f0,2025-05-20 13:48:00+00:00,2025-05-20 13:48:00+00:00,{},False
O-20250520-200000-001-V2-1927,BACKTESTER-001,MLSignalStrategyV2-V2,EUR/USD.IDEALPRO,IDEALPRO-1-1927,IDEALPRO-001,IDEALPRO-1-282775,EUR/USD.IDEALPRO-MLSignalStrategyV2-V2,BUY,MARKET,100000.00,1.12807,USD,2.26 USD,TAKER,f36e7455-cc16-442d-9fde-4d8e2d3ce1a2,2025-05-20 20:00:00+00:00,2025-05-20 20:00:00+00:00,{},False
O-20250520-200000-001-V2-1929,BACKTESTER-001,MLSignalStrategyV2-V2,EUR/USD.IDEALPRO,IDEALPRO-1-1929,IDEALPRO-001,IDEALPRO-1-283209,EUR/USD.IDEALPRO-MLSignalStrategyV2-V2,SELL,LIMIT,100000.00,1.12902,USD,2.26 USD,MAKER,9663381d-ab48-42e1-b9d4-282969f345e8,2025-05-20 23:52:00+00:00,2025-05-20 23:52:00+00:00,{},False
O-20250521-024500-001-V2-1930,BACKTESTER-001,MLSignalStrategyV2-V2,EUR/USD.IDEALPRO,IDEALPRO-1-1930,IDEALPRO-001,IDEALPRO-1-283556,EUR/USD.IDEALPRO-MLSignalStrategyV2-V2,BUY,MARKET,100000.00,1.13217,USD,2.26 USD,TAKER,0e331865-3b18-4069-9fbd-ce2246d2411e,2025-05-21 02:45:00+00:00,2025-05-21 02:45:00+00:00,{},False
O-20250521-024500-001-V2-1932,BACKTESTER-001,MLSignalStrategyV2-V2,EUR/USD.IDEALPRO,IDEALPRO-1-1932,IDEALPRO-001,IDEALPRO-1-283691,EUR/USD.IDEALPRO-MLSignalStrategyV2-V2,SELL,LIMIT,100000.00,1.13345,USD,2.27 USD,MAKER,6c1e0cbe-389b-4c5a-96a6-55f2f37807a7,2025-05-21 03:52:00+00:00,2025-05-21 03:52:00+00:00,{},False
O-20250521-203000-001-V2-1933,BACKTESTER-001,MLSignalStrategyV2-V2,EUR/USD.IDEALPRO,IDEALPRO-1-1933,IDEALPRO-001,IDEALPRO-1-285689,EUR/USD.IDEALPRO-MLSignalStrategyV2-V2,BUY,MARKET,100000.00,1.13276,USD,2.27 USD,TAKER,c775af84-1d35-4f0d-bb0f-67ae4521bb8f,2025-05-21 20:30:00+00:00,2025-05-21 20:30:00+00:00,{},False
O-20250521-203000-001-V2-1934,BACKTESTER-001,MLSignalStrategyV2-V2,EUR/USD.IDEALPRO,IDEALPRO-1-1934,IDEALPRO-001,IDEALPRO-1-285873,EUR/USD.IDEALPRO-MLSignalStrategyV2-V2,SELL,STOP_MARKET,100000.00,1.13172,USD,2.26 USD,TAKER,4679bf58-7149-4f17-8f64-3b132b23a38f,2025-05-21 22:17:00+00:00,2025-05-21 22:17:00+00:00,{},False
O-20250521-234500-001-V2-1936,BACKTESTER-001,MLSignalStrategyV2-V2,EUR/USD.IDEALPRO,IDEALPRO-1-1936,IDEALPRO-001,IDEALPRO-1-286050,EUR/USD.IDEALPRO-MLSignalStrategyV2-V2,SELL,MARKET,100000.00,1.13268,USD,2.27 USD,TAKER,a80f88ec-afc5-45b4-b0f0-19b566e11b9c,2025-05-21 23:45:00+00:00,2025-05-21 23:45:00+00:00,{},False
O-20250521-234500-001-V2-1937,BACKTESTER-001,MLSignalStrategyV2-V2,EUR/USD.IDEALPRO,IDEALPRO-1-1937,IDEALPRO-001,IDEALPRO-1-286083,EUR/USD.IDEALPRO-MLSignalStrategyV2-V2,BUY,STOP_MARKET,100000.00,1.13334,USD,2.27 USD,TAKER,3a12de7b-83b7-48b0-9a2b-6517ba64d075,2025-05-22 00:01:00+00:00,2025-05-22 00:01:00+00:00,{},False
O-20250522-030000-001-V2-1939,BACKTESTER-001,MLSignalStrategyV2-V2,EUR/USD.IDEALPRO,IDEALPRO-1-1939,IDEALPRO-001,IDEALPRO-1-286443,EUR/USD.IDEALPRO-MLSignalStrategyV2-V2,BUY,MARKET,100000.00,1.13389,USD,2.27 USD,TAKER,c070a260-4f72-4378-b9f9-4a0366187f6f,2025-05-22 03:00:00+00:00,2025-05-22 03:00:00+00:00,{},False
O-20250522-030000-001-V2-1940,BACKTESTER-001,MLSignalStrategyV2-V2,EUR/USD.IDEALPRO,IDEALPRO-1-1940,IDEALPRO-001,IDEALPRO-1-286569,EUR/USD.IDEALPRO-MLSignalStrategyV2-V2,SELL,STOP_MARKET,100000.00,1.13295,USD,2.27 USD,TAKER,973c8430-b07f-461d-b474-f0b653081038,2025-05-22 04:03:00+00:00,2025-05-22 04:03:00+00:00,{},False
O-20250522-044500-001-V2-1942,BACKTESTER-001,MLSignalStrategyV2-V2,EUR/USD.IDEALPRO,IDEALPRO-1-1942,IDEALPRO-001,IDEALPRO-1-286654,EUR/USD.IDEALPRO-MLSignalStrategyV2-V2,BUY,MARKET,100000.00,1.13305,USD,2.27 USD,TAKER,87d19468-f31c-42d5-bac4-2a0296e6d90f,2025-05-22 04:45:00+00:00,2025-05-22 04:45:00+00:00,{},False
O-20250522-044500-001-V2-1944,BACKTESTER-001,MLSignalStrategyV2-V2,EUR/USD.IDEALPRO,IDEALPRO-1-1944,IDEALPRO-001,IDEALPRO-1-286819,EUR/USD.IDEALPRO-MLSignalStrategyV2-V2,SELL,LIMIT,100000.00,1.13403,USD,2.27 USD,MAKER,1bcf1932-14c2-4a51-a10c-eb0456da1c98,2025-05-22 06:07:00+00:00,2025-05-22 06:07:00+00:00,{},False
O-20250522-093000-001-V2-1945,BACKTESTER-001,MLSignalStrategyV2-V2,EUR/USD.IDEALPRO,IDEALPRO-1-1945,IDEALPRO-001,IDEALPRO-1-287226,EUR/USD.IDEALPRO-MLSignalStrategyV2-V2,BUY,MARKET,100000.00,1.12940,USD,2.26 USD,TAKER,aeba14bb-df72-4f33-9850-8a5c42b2434e,2025-05-22 09:30:00+00:00,2025-05-22 09:30:00+00:00,{},False
O-20250522-093000-001-V2-1947,BACKTESTER-001,MLSignalStrategyV2-V2,EUR/USD.IDEALPRO,IDEALPRO-1-1947,IDEALPRO-001,IDEALPRO-1-287537,EUR/USD.IDEALPRO-MLSignalStrategyV2-V2,SELL,LIMIT,100000.00,1.13146,USD,2.26 USD,MAKER,8406af30-c5f3-497b-a35a-932d7c2f4b85,2025-05-22 12:05:00+00:00,2025-05-22 12:05:00+00:00,{},False
O-20250522-151500-001-V2-1948,BACKTESTER-001,MLSignalStrategyV2-V2,EUR/USD.IDEALPRO,IDEALPRO-1-1948,IDEALPRO-001,IDEALPRO-1-287918,EUR/USD.IDEALPRO-MLSignalStrategyV2-V2,BUY,MARKET,100000.00,1.12732,USD,2.25 USD,TAKER,70e5009d-37c6-4428-a718-8a6d2deb26d2,2025-05-22 15:15:00+00:00,2025-05-22 15:15:00+00:00,{},False
O-20250522-151500-001-V2-1949,BACKTESTER-001,MLSignalStrategyV2-V2,EUR/USD.IDEALPRO,IDEALPRO-1-1949,IDEALPRO-001,IDEALPRO-1-288171,EUR/USD.IDEALPRO-MLSignalStrategyV2-V2,SELL,STOP_MARKET,100000.00,1.12590,USD,2.25 USD,TAKER,7c014a8e-8447-4757-b720-696305e41f00,2025-05-22 17:21:00+00:00,2025-05-22 17:21:00+00:00,{},False
O-20250522-180000-001-V2-1951,BACKTESTER-001,MLSignalStrategyV2-V2,EUR/USD.IDEALPRO,IDEALPRO-1-1951,IDEALPRO-001,IDEALPRO-1-288251,EUR/USD.IDEALPRO-MLSignalStrategyV2-V2,BUY,MARKET,100000.00,1.12681,USD,2.25 USD,TAKER,7e29b76d-c94b-4447-a9e6-ed7832822657,2025-05-22 18:00:00+00:00,2025-05-22 18:00:00+00:00,{},False
O-20250522-180000-001-V2-1953,BACKTESTER-001,MLSignalStrategyV2-V2,EUR/USD.IDEALPRO,IDEALPRO-1-1953,IDEALPRO-001,IDEALPRO-1-288377,EUR/USD.IDEALPRO-MLSignalStrategyV2-V2,SELL,LIMIT,100000.00,1.12833,USD,2.26 USD,MAKER,777968d4-3efb-4c7e-8264-b1497e00ec0d,2025-05-22 19:03:00+00:00,2025-05-22 19:03:00+00:00,{},False
O-20250523-053000-001-V2-1954,BACKTESTER-001,MLSignalStrategyV2-V2,EUR/USD.IDEALPRO,IDEALPRO-1-1954,IDEALPRO-001,IDEALPRO-1-289603,EUR/USD.IDEALPRO-MLSignalStrategyV2-V2,BUY,MARKET,100000.00,1.13211,USD,2.26 USD,TAKER,99429620-ac2a-4b62-ba41-5b7bb79d65e8,2025-05-23 05:30:00+00:00,2025-05-23 05:30:00+00:00,{},False
O-20250523-053000-001-V2-1955,BACKTESTER-001,MLSignalStrategyV2-V2,EUR/USD.IDEALPRO,IDEALPRO-1-1955,IDEALPRO-001,IDEALPRO-1-289609,EUR/USD.IDEALPRO-MLSignalStrategyV2-V2,SELL,STOP_MARKET,100000.00,1.13160,USD,2.26 USD,TAKER,79ed432a-6f23-4534-a4c7-04c1d0263ea7,2025-05-23 05:33:00+00:00,2025-05-23 05:33:00+00:00,{},False
O-20250523-074500-001-V2-1957,BACKTESTER-001,MLSignalStrategyV2-V2,EUR/USD.IDEALPRO,IDEALPRO-1-1957,IDEALPRO-001,IDEALPRO-1-289874,EUR/USD.IDEALPRO-MLSignalStrategyV2-V2,BUY,MARKET,100000.00,1.13359,USD,2.27 USD,TAKER,fc535f71-99a5-4cf9-81d2-2c687c1c4bb4,2025-05-23 07:45:00+00:00,2025-05-23 07:45:00+00:00,{},False
O-20250523-074500-001-V2-1959,BACKTESTER-001,MLSignalStrategyV2-V2,EUR/USD.IDEALPRO,IDEALPRO-1-1959,IDEALPRO-001,IDEALPRO-1-290123,EUR/USD.IDEALPRO-MLSignalStrategyV2-V2,SELL,LIMIT,100000.00,1.13504,USD,2.27 USD,MAKER,31d86abd-cd9f-4091-85e5-68f59ff2a4d3,2025-05-23 09:49:00+00:00,2025-05-23 09:49:00+00:00,{},False
O-20250523-200000-001-V2-1960,BACKTESTER-001,MLSignalStrategyV2-V2,EUR/USD.IDEALPRO,IDEALPRO-1-1960,IDEALPRO-001,IDEALPRO-1-291346,EUR/USD.IDEALPRO-MLSignalStrategyV2-V2,BUY,MARKET,100000.00,1.13637,USD,2.27 USD,TAKER,b76c4763-e498-4de4-8c4f-4bd62e765150,2025-05-23 20:00:00+00:00,2025-05-23 20:00:00+00:00,{},False
O-20250523-200000-001-V2-1962,BACKTESTER-001,MLSignalStrategyV2-V2,EUR/USD.IDEALPRO,IDEALPRO-1-1962,IDEALPRO-001,IDEALPRO-1-291579,EUR/USD.IDEALPRO-MLSignalStrategyV2-V2,SELL,LIMIT,100000.00,1.13793,USD,2.28 USD,MAKER,2e82a496-595b-4db7-848f-ecb1f907ab57,2025-05-25 22:11:00+00:00,2025-05-25 22:11:00+00:00,{},False
O-20250525-224500-001-V2-1963,BACKTESTER-001,MLSignalStrategyV2-V2,EUR/USD.IDEALPRO,IDEALPRO-1-1963,IDEALPRO-001,IDEALPRO-1-291649,EUR/USD.IDEALPRO-MLSignalStrategyV2-V2,SELL,MARKET,100000.00,1.13744,USD,2.27 USD,TAKER,6e3d29ea-e990-41ce-8130-f6879ac802ca,2025-05-25 22:45:00+00:00,2025-05-25 22:45:00+00:00,{},False
O-20250525-224500-001-V2-1964,BACKTESTER-001,MLSignalStrategyV2-V2,EUR/USD.IDEALPRO,IDEALPRO-1-1964,IDEALPRO-001,IDEALPRO-1-291807,EUR/USD.IDEALPRO-MLSignalStrategyV2-V2,BUY,STOP_MARKET,100000.00,1.13847,USD,2.28 USD,TAKER,1629e5b7-65e4-4753-b79e-d6e152cc2b48,2025-05-26 00:04:00+00:00,2025-05-26 00:04:00+00:00,{},False
O-20250526-101500-001-V2-1966,BACKTESTER-001,MLSignalStrategyV2-V2,EUR/USD.IDEALPRO,IDEALPRO-1-1966,IDEALPRO-001,IDEALPRO-1-293030,EUR/USD.IDEALPRO-MLSignalStrategyV2-V2,SELL,MARKET,100000.00,1.13830,USD,2.28 USD,TAKER,9af28368-2819-41bc-bf21-d3557760c189,2025-05-26 10:15:00+00:00,2025-05-26 10:15:00+00:00,{},False
O-20250526-101500-001-V2-1968,BACKTESTER-001,MLSignalStrategyV2-V2,EUR/USD.IDEALPRO,IDEALPRO-1-1968,IDEALPRO-001,IDEALPRO-1-293289,EUR/USD.IDEALPRO-MLSignalStrategyV2-V2,BUY,LIMIT,100000.00,1.13712,USD,2.27 USD,MAKER,1b3c66a2-6612-4b82-8df9-3b680b175db2,2025-05-26 12:24:00+00:00,2025-05-26 12:24:00+00:00,{},False
O-20250526-124500-001-V2-1969,BACKTESTER-001,MLSignalStrategyV2-V2,EUR/USD.IDEALPRO,IDEALPRO-1-1969,IDEALPRO-001,IDEALPRO-1-293333,EUR/USD.IDEALPRO-MLSignalStrategyV2-V2,SELL,MARKET,100000.00,1.13749,USD,2.27 USD,TAKER,a17fb2a2-e24f-49c3-a98a-42a675858d44,2025-05-26 12:45:00+00:00,2025-05-26 12:45:00+00:00,{},False
O-20250526-124500-001-V2-1970,BACKTESTER-001,MLSignalStrategyV2-V2,EUR/USD.IDEALPRO,IDEALPRO-1-1970,IDEALPRO-001,IDEALPRO-1-293443,EUR/USD.IDEALPRO-MLSignalStrategyV2-V2,BUY,STOP_MARKET,100000.00,1.13825,USD,2.28 USD,TAKER,eb2e5309-2373-453a-9f9f-1c5854d993e0,2025-05-26 13:40:00+00:00,2025-05-26 13:40:00+00:00,{},False
O-20250526-134500-001-V2-1972,BACKTESTER-001,MLSignalStrategyV2-V2,EUR/USD.IDEALPRO,IDEALPRO-1-1972,IDEALPRO-001,IDEALPRO-1-293454,EUR/USD.IDEALPRO-MLSignalStrategyV2-V2,SELL,MARKET,100000.00,1.13783,USD,2.28 USD,TAKER,f73bcdf3-52ba-4a44-b93b-09a34c52630d,2025-05-26 13:45:00+00:00,2025-05-26 13:45:00+00:00,{},False
O-20250526-134500-001-V2-1973,BACKTESTER-001,MLSignalStrategyV2-V2,EUR/USD.IDEALPRO,IDEALPRO-1-1973,IDEALPRO-001,IDEALPRO-1-293547,EUR/USD.IDEALPRO-MLSignalStrategyV2-V2,BUY,STOP_MARKET,100000.00,1.13851,USD,2.28 USD,TAKER,e2be050a-208a-44c3-ba34-4adb964ba540,2025-05-26 14:31:00+00:00,2025-05-26 14:31:00+00:00,{},False
O-20250526-170000-001-V2-1975,BACKTESTER-001,MLSignalStrategyV2-V2,EUR/USD.IDEALPRO,IDEALPRO-1-1975,IDEALPRO-001,IDEALPRO-1-293846,EUR/USD.IDEALPRO-MLSignalStrategyV2-V2,BUY,MARKET,100000.00,1.13834,USD,2.28 USD,TAKER,6c775b36-1de6-4c1b-88da-f55626bfbb95,2025-05-26 17:00:00+00:00,2025-05-26 17:00:00+00:00,{},False
O-20250526-170000-001-V2-1976,BACKTESTER-001,MLSignalStrategyV2-V2,EUR/USD.IDEALPRO,IDEALPRO-1-1976,IDEALPRO-001,IDEALPRO-1-293909,EUR/USD.IDEALPRO-MLSignalStrategyV2-V2,SELL,STOP_MARKET,100000.00,1.13786,USD,2.28 USD,TAKER,7ccc8b53-76a2-4d5d-a2b4-19050c1d699c,2025-05-26 17:31:00+00:00,2025-05-26 17:31:00+00:00,{},False
O-20250527-011500-001-V2-1978,BACKTESTER-001,MLSignalStrategyV2-V2,EUR/USD.IDEALPRO,IDEALPRO-1-1978,IDEALPRO-001,IDEALPRO-1-294808,EUR/USD.IDEALPRO-MLSignalStrategyV2-V2,SELL,MARKET,100000.00,1.14064,USD,2.28 USD,TAKER,8f9f2f8e-6f8e-4073-9c15-a8f7a97e1836,2025-05-27 01:15:00+00:00,2025-05-27 01:15:00+00:00,{},False
O-20250527-011500-001-V2-1980,BACKTESTER-001,MLSignalStrategyV2-V2,EUR/USD.IDEALPRO,IDEALPRO-1-1980,IDEALPRO-001,IDEALPRO-1-294863,EUR/USD.IDEALPRO-MLSignalStrategyV2-V2,BUY,LIMIT,100000.00,1.13981,USD,2.28 USD,MAKER,ed4701ff-83e6-4c6b-9a2b-eb799cade2bf,2025-05-27 01:42:00+00:00,2025-05-27 01:42:00+00:00,{},False
O-20250527-014500-001-V2-1981,BACKTESTER-001,MLSignalStrategyV2-V2,EUR/USD.IDEALPRO,IDEALPRO-1-1981,IDEALPRO-001,IDEALPRO-1-294870,EUR/USD.IDEALPRO-MLSignalStrategyV2-V2,SELL,MARKET,100000.00,1.13960,USD,2.28 USD,TAKER,aa3e4f53-0e05-4b04-84cd-09a241aa8411,2025-05-27 01:45:00+00:00,2025-05-27 01:45:00+00:00,{},False
O-20250527-014500-001-V2-1982,BACKTESTER-001,MLSignalStrategyV2-V2,EUR/USD.IDEALPRO,IDEALPRO-1-1982,IDEALPRO-001,IDEALPRO-1-294931,EUR/USD.IDEALPRO-MLSignalStrategyV2-V2,BUY,STOP_MARKET,100000.00,1.14016,USD,2.28 USD,TAKER,aa50bc1e-d724-436b-b9f2-d60e0f50b281,2025-05-27 02:15:00+00:00,2025-05-27 02:15:00+00:00,{},False
O-20250527-073000-001-V2-1984,BACKTESTER-001,MLSignalStrategyV2-V2,EUR/USD.IDEALPRO,IDEALPRO-1-1984,IDEALPRO-001,IDEALPRO-1-295562,EUR/USD.IDEALPRO-MLSignalStrategyV2-V2,BUY,MARKET,100000.00,1.13472,USD,2.27 USD,TAKER,2d7cc4d1-b92f-4a63-9b6b-7d1c2ccf8097,2025-05-27 07:30:00+00:00,2025-05-27 07:30:00+00:00,{},False
O-20250527-073000-001-V2-1986,BACKTESTER-001,MLSignalStrategyV2-V2,EUR/USD.IDEALPRO,IDEALPRO-1-1986,IDEALPRO-001,IDEALPRO-1-296151,EUR/USD.IDEALPRO-MLSignalStrategyV2-V2,SELL,LIMIT,100000.00,1.13628,USD,2.27 USD,MAKER,c0a5ea1b-e9eb-4c4d-b069-b539926dba0d,2025-05-27 12:24:00+00:00,2025-05-27 12:24:00+00:00,{},False
O-20250527-164500-001-V2-1987,BACKTESTER-001,MLSignalStrategyV2-V2,EUR/USD.IDEALPRO,IDEALPRO-1-1987,IDEALPRO-001,IDEALPRO-1-296674,EUR/USD.IDEALPRO-MLSignalStrategyV2-V2,BUY,MARKET,100000.00,1.13334,USD,2.27 USD,TAKER,38bc675c-2ab5-4736-b854-c57d48d88dca,2025-05-27 16:45:00+00:00,2025-05-27 16:45:00+00:00,{},False
O-20250527-164500-001-V2-1988,BACKTESTER-001,MLSignalStrategyV2-V2,EUR/USD.IDEALPRO,IDEALPRO-1-1988,IDEALPRO-001,IDEALPRO-1-297655,EUR/USD.IDEALPRO-MLSignalStrategyV2-V2,SELL,STOP_MARKET,100000.00,1.13178,USD,2.26 USD,TAKER,7c5715bf-01ef-4109-a4be-254c9e59d9fd,2025-05-28 01:10:00+00:00,2025-05-28 01:10:00+00:00,{},False
O-20250528-020000-001-V2-1990,BACKTESTER-001,MLSignalStrategyV2-V2,EUR/USD.IDEALPRO,IDEALPRO-1-1990,IDEALPRO-001,IDEALPRO-1-297756,EUR/USD.IDEALPRO-MLSignalStrategyV2-V2,BUY,MARKET,100000.00,1.13178,USD,2.26 USD,TAKER,ec876e7d-af94-4065-9dd5-527940fec610,2025-05-28 02:00:00+00:00,2025-05-28 02:00:00+00:00,{},False
O-20250528-020000-001-V2-1991,BACKTESTER-001,MLSignalStrategyV2-V2,EUR/USD.IDEALPRO,IDEALPRO-1-1991,IDEALPRO-001,IDEALPRO-1-297845,EUR/USD.IDEALPRO-MLSignalStrategyV2-V2,SELL,STOP_MARKET,100000.00,1.13075,USD,2.26 USD,TAKER,4e0e5333-bb19-440e-8b49-cc3f6c9a4ec4,2025-05-28 02:44:00+00:00,2025-05-28 02:44:00+00:00,{},False
O-20250528-030000-001-V2-1993,BACKTESTER-001,MLSignalStrategyV2-V2,EUR/USD.IDEALPRO,IDEALPRO-1-1993,IDEALPRO-001,IDEALPRO-1-297878,EUR/USD.IDEALPRO-MLSignalStrategyV2-V2,BUY,MARKET,100000.00,1.13056,USD,2.26 USD,TAKER,51e45944-85c9-4845-8957-190c1402b830,2025-05-28 03:00:00+00:00,2025-05-28 03:00:00+00:00,{},False
O-20250528-030000-001-V2-1995,BACKTESTER-001,MLSignalStrategyV2-V2,EUR/USD.IDEALPRO,IDEALPRO-1-1995,IDEALPRO-001,IDEALPRO-1-298389,EUR/USD.IDEALPRO-MLSignalStrategyV2-V2,SELL,LIMIT,100000.00,1.13207,USD,2.26 USD,MAKER,b4b5cd21-730e-4067-8048-683d6a45cfed,2025-05-28 07:15:00+00:00,2025-05-28 07:15:00+00:00,{},False
O-20250528-074500-001-V2-1996,BACKTESTER-001,MLSignalStrategyV2-V2,EUR/USD.IDEALPRO,IDEALPRO-1-1996,IDEALPRO-001,IDEALPRO-1-298450,EUR/USD.IDEALPRO-MLSignalStrategyV2-V2,BUY,MARKET,100000.00,1.13254,USD,2.27 USD,TAKER,1400767f-54e9-433e-9d95-529496f6db55,2025-05-28 07:45:00+00:00,2025-05-28 07:45:00+00:00,{},False
O-20250528-074500-001-V2-1998,BACKTESTER-001,MLSignalStrategyV2-V2,EUR/USD.IDEALPRO,IDEALPRO-1-1998,IDEALPRO-001,IDEALPRO-1-298645,EUR/USD.IDEALPRO-MLSignalStrategyV2-V2,SELL,LIMIT,100000.00,1.13390,USD,2.27 USD,MAKER,5b0d9bd6-d6b6-488b-a68e-c336241dc8a4,2025-05-28 09:22:00+00:00,2025-05-28 09:22:00+00:00,{},False
O-20250528-160000-001-V2-1999,BACKTESTER-001,MLSignalStrategyV2-V2,EUR/USD.IDEALPRO,IDEALPRO-1-1999,IDEALPRO-001,IDEALPRO-1-299442,EUR/USD.IDEALPRO-MLSignalStrategyV2-V2,BUY,MARKET,100000.00,1.12847,USD,2.26 USD,TAKER,844d44ef-5423-4172-9939-943fa57e7c28,2025-05-28 16:00:00+00:00,2025-05-28 16:00:00+00:00,{},False
O-20250528-160000-001-V2-2000,BACKTESTER-001,MLSignalStrategyV2-V2,EUR/USD.IDEALPRO,IDEALPRO-1-2000,IDEALPRO-001,IDEALPRO-1-300287,EUR/USD.IDEALPRO-MLSignalStrategyV2-V2,SELL,STOP_MARKET,100000.00,1.12705,USD,2.25 USD,TAKER,4e39ea3a-a055-4bbc-a71c-dcafcff087b4,2025-05-28 23:17:00+00:00,2025-05-28 23:17:00+00:00,{},False
O-20250528-233000-001-V2-2002,BACKTESTER-001,MLSignalStrategyV2-V2,EUR/USD.IDEALPRO,IDEALPRO-1-2002,IDEALPRO-001,IDEALPRO-1-300314,EUR/USD.IDEALPRO-MLSignalStrategyV2-V2,BUY,MARKET,100000.00,1.12699,USD,2.25 USD,TAKER,d1cd6576-647f-432b-a592-03403fd88d9a,2025-05-28 23:30:00+00:00,2025-05-28 23:30:00+00:00,{},False
O-20250528-233000-001-V2-2003,BACKTESTER-001,MLSignalStrategyV2-V2,EUR/USD.IDEALPRO,IDEALPRO-1-2003,IDEALPRO-001,IDEALPRO-1-300321,EUR/USD.IDEALPRO-MLSignalStrategyV2-V2,SELL,STOP_MARKET,100000.00,1.12621,USD,2.25 USD,TAKER,10d32f2c-f579-43ca-b087-6e6511a4adfe,2025-05-28 23:33:00+00:00,2025-05-28 23:33:00+00:00,{},False
O-20250528-234500-001-V2-2005,BACKTESTER-001,MLSignalStrategyV2-V2,EUR/USD.IDEALPRO,IDEALPRO-1-2005,IDEALPRO-001,IDEALPRO-1-300346,EUR/USD.IDEALPRO-MLSignalStrategyV2-V2,BUY,MARKET,100000.00,1.12108,USD,2.24 USD,TAKER,5488fbde-c584-47ca-8fc3-17d78b349d58,2025-05-28 23:45:00+00:00,2025-05-28 23:45:00+00:00,{},False
O-20250528-234500-001-V2-2007,BACKTESTER-001,MLSignalStrategyV2-V2,EUR/USD.IDEALPRO,IDEALPRO-1-2007,IDEALPRO-001,IDEALPRO-1-300351,EUR/USD.IDEALPRO-MLSignalStrategyV2-V2,SELL,LIMIT,100000.00,1.12278,USD,2.25 USD,MAKER,8c1fb213-b5ef-43a8-bbab-d3636ad267cc,2025-05-28 23:47:00+00:00,2025-05-28 23:47:00+00:00,{},False
O-20250529-000000-001-V2-2008,BACKTESTER-001,MLSignalStrategyV2-V2,EUR/USD.IDEALPRO,IDEALPRO-1-2008,IDEALPRO-001,IDEALPRO-1-300378,EUR/USD.IDEALPRO-MLSignalStrategyV2-V2,BUY,MARKET,100000.00,1.12298,USD,2.25 USD,TAKER,196423d3-db49-4baa-9f94-e09ce0f44766,2025-05-29 00:00:00+00:00,2025-05-29 00:00:00+00:00,{},False
O-20250529-000000-001-V2-2010,BACKTESTER-001,MLSignalStrategyV2-V2,EUR/USD.IDEALPRO,IDEALPRO-1-2010,IDEALPRO-001,IDEALPRO-1-300615,EUR/USD.IDEALPRO-MLSignalStrategyV2-V2,SELL,LIMIT,100000.00,1.12529,USD,2.25 USD,MAKER,39f6685f-69ab-4cd6-9561-84a68e761380,2025-05-29 01:58:00+00:00,2025-05-29 01:58:00+00:00,{},False
O-20250529-060000-001-V2-2011,BACKTESTER-001,MLSignalStrategyV2-V2,EUR/USD.IDEALPRO,IDEALPRO-1-2011,IDEALPRO-001,IDEALPRO-1-301100,EUR/USD.IDEALPRO-MLSignalStrategyV2-V2,BUY,MARKET,100000.00,1.12438,USD,2.25 USD,TAKER,35dbc515-cfe9-4a2a-8c5d-c9f84d530468,2025-05-29 06:00:00+00:00,2025-05-29 06:00:00+00:00,{},False
O-20250529-060000-001-V2-2013,BACKTESTER-001,MLSignalStrategyV2-V2,EUR/USD.IDEALPRO,IDEALPRO-1-2013,IDEALPRO-001,IDEALPRO-1-301133,EUR/USD.IDEALPRO-MLSignalStrategyV2-V2,SELL,LIMIT,100000.00,1.12576,USD,2.25 USD,MAKER,5a46420a-4f0a-466c-aabb-2eb9571b15e6,2025-05-29 06:16:00+00:00,2025-05-29 06:16:00+00:00,{},False
O-20250529-124500-001-V2-2014,BACKTESTER-001,MLSignalStrategyV2-V2,EUR/USD.IDEALPRO,IDEALPRO-1-2014,IDEALPRO-001,IDEALPRO-1-301912,EUR/USD.IDEALPRO-MLSignalStrategyV2-V2,SELL,MARKET,100000.00,1.13267,USD,2.27 USD,TAKER,fde719d0-8f12-46cd-95f5-241852cd9027,2025-05-29 12:45:00+00:00,2025-05-29 12:45:00+00:00,{},False
O-20250529-124500-001-V2-2015,BACKTESTER-001,MLSignalStrategyV2-V2,EUR/USD.IDEALPRO,IDEALPRO-1-2015,IDEALPRO-001,IDEALPRO-1-301935,EUR/USD.IDEALPRO-MLSignalStrategyV2-V2,BUY,STOP_MARKET,100000.00,1.13413,USD,2.27 USD,TAKER,ea8a55d0-fe33-4005-b304-2e598fc30056,2025-05-29 12:56:00+00:00,2025-05-29 12:56:00+00:00,{},False
O-20250529-131500-001-V2-2017,BACKTESTER-001,MLSignalStrategyV2-V2,EUR/USD.IDEALPRO,IDEALPRO-1-2017,IDEALPRO-001,IDEALPRO-1-301974,EUR/USD.IDEALPRO-MLSignalStrategyV2-V2,SELL,MARKET,100000.00,1.13450,USD,2.27 USD,TAKER,1786b28e-2120-46c7-9343-229bac447f4f,2025-05-29 13:15:00+00:00,2025-05-29 13:15:00+00:00,{},False
O-20250529-131500-001-V2-2018,BACKTESTER-001,MLSignalStrategyV2-V2,EUR/USD.IDEALPRO,IDEALPRO-1-2018,IDEALPRO-001,IDEALPRO-1-302097,EUR/USD.IDEALPRO-MLSignalStrategyV2-V2,BUY,STOP_MARKET,100000.00,1.13611,USD,2.27 USD,TAKER,6d0a882b-6607-4b75-b8c0-b7757bbf154d,2025-05-29 14:16:00+00:00,2025-05-29 14:16:00+00:00,{},False
O-20250529-191500-001-V2-2020,BACKTESTER-001,MLSignalStrategyV2-V2,EUR/USD.IDEALPRO,IDEALPRO-1-2020,IDEALPRO-001,IDEALPRO-1-302696,EUR/USD.IDEALPRO-MLSignalStrategyV2-V2,SELL,MARKET,100000.00,1.13753,USD,2.28 USD,TAKER,ee0b56df-d300-42ca-bc81-476bcfc5f5ba,2025-05-29 19:15:00+00:00,2025-05-29 19:15:00+00:00,{},False
O-20250529-191500-001-V2-2022,BACKTESTER-001,MLSignalStrategyV2-V2,EUR/USD.IDEALPRO,IDEALPRO-1-2022,IDEALPRO-001,IDEALPRO-1-302811,EUR/USD.IDEALPRO-MLSignalStrategyV2-V2,BUY,LIMIT,100000.00,1.13610,USD,2.27 USD,MAKER,8718808d-7c42-4724-ae9d-13683fbba6e9,2025-05-29 20:12:00+00:00,2025-05-29 20:12:00+00:00,{},False
O-20250529-233000-001-V2-2023,BACKTESTER-001,MLSignalStrategyV2-V2,EUR/USD.IDEALPRO,IDEALPRO-1-2023,IDEALPRO-001,IDEALPRO-1-303179,EUR/USD.IDEALPRO-MLSignalStrategyV2-V2,BUY,MARKET,100000.00,1.13759,USD,2.28 USD,TAKER,e08d9b5a-412a-44b5-8739-ed644a2b519b,2025-05-29 23:30:00+00:00,2025-05-29 23:30:00+00:00,{},False
O-20250529-233000-001-V2-2025,BACKTESTER-001,MLSignalStrategyV2-V2,EUR/USD.IDEALPRO,IDEALPRO-1-2025,IDEALPRO-001,IDEALPRO-1-303285,EUR/USD.IDEALPRO-MLSignalStrategyV2-V2,SELL,LIMIT,100000.00,1.13835,USD,2.28 USD,MAKER,1c1ea54a-ed3a-48cc-8c8f-0e62b930aedb,2025-05-30 00:23:00+00:00,2025-05-30 00:23:00+00:00,{},False
O-20250530-020000-001-V2-2026,BACKTESTER-001,MLSignalStrategyV2-V2,EUR/USD.IDEALPRO,IDEALPRO-1-2026,IDEALPRO-001,IDEALPRO-1-303481,EUR/USD.IDEALPRO-MLSignalStrategyV2-V2,BUY,MARKET,100000.00,1.13550,USD,2.27 USD,TAKER,5cbdd5be-e80f-48e1-8387-efd8cb85ba78,2025-05-30 02:00:00+00:00,2025-05-30 02:00:00+00:00,{},False
O-20250530-020000-001-V2-2027,BACKTESTER-001,MLSignalStrategyV2-V2,EUR/USD.IDEALPRO,IDEALPRO-1-2027,IDEALPRO-001,IDEALPRO-1-303843,EUR/USD.IDEALPRO-MLSignalStrategyV2-V2,SELL,STOP_MARKET,100000.00,1.13447,USD,2.27 USD,TAKER,317b0801-f7e3-454d-92cf-bd9c98263900,2025-05-30 05:01:00+00:00,2025-05-30 05:01:00+00:00,{},False
O-20250530-053000-001-V2-2029,BACKTESTER-001,MLSignalStrategyV2-V2,EUR/USD.IDEALPRO,IDEALPRO-1-2029,IDEALPRO-001,IDEALPRO-1-303903,EUR/USD.IDEALPRO-MLSignalStrategyV2-V2,SELL,MARKET,100000.00,1.13463,USD,2.27 USD,TAKER,01a652e2-ad5a-4e1f-bae8-0d5163636ff1,2025-05-30 05:30:00+00:00,2025-05-30 05:30:00+00:00,{},False
O-20250530-053000-001-V2-2030,BACKTESTER-001,MLSignalStrategyV2-V2,EUR/USD.IDEALPRO,IDEALPRO-1-2030,IDEALPRO-001,IDEALPRO-1-303953,EUR/USD.IDEALPRO-MLSignalStrategyV2-V2,BUY,STOP_MARKET,100000.00,1.13536,USD,2.27 USD,TAKER,f406afda-9f9b-42ed-b476-32ff5316bdae,2025-05-30 05:55:00+00:00,2025-05-30 05:55:00+00:00,{},False
O-20250530-070000-001-V2-2032,BACKTESTER-001,MLSignalStrategyV2-V2,EUR/USD.IDEALPRO,IDEALPRO-1-2032,IDEALPRO-001,IDEALPRO-1-304084,EUR/USD.IDEALPRO-MLSignalStrategyV2-V2,SELL,MARKET,100000.00,1.13466,USD,2.27 USD,TAKER,b7a4d040-655f-407a-bd76-e324280ad595,2025-05-30 07:00:00+00:00,2025-05-30 07:00:00+00:00,{},False
O-20250530-070000-001-V2-2034,BACKTESTER-001,MLSignalStrategyV2-V2,EUR/USD.IDEALPRO,IDEALPRO-1-2034,IDEALPRO-001,IDEALPRO-1-304105,EUR/USD.IDEALPRO-MLSignalStrategyV2-V2,BUY,LIMIT,100000.00,1.13319,USD,2.27 USD,MAKER,5312d869-0783-4180-8d1d-b46bf86130af,2025-05-30 07:10:00+00:00,2025-05-30 07:10:00+00:00,{},False
O-20250530-093000-001-V2-2035,BACKTESTER-001,MLSignalStrategyV2-V2,EUR/USD.IDEALPRO,IDEALPRO-1-2035,IDEALPRO-001,IDEALPRO-1-304386,EUR/USD.IDEALPRO-MLSignalStrategyV2-V2,BUY,MARKET,100000.00,1.13287,USD,2.27 USD,TAKER,344185a9-8452-44d7-b3d2-5cf8326e8208,2025-05-30 09:30:00+00:00,2025-05-30 09:30:00+00:00,{},False
O-20250530-093000-001-V2-2037,BACKTESTER-001,MLSignalStrategyV2-V2,EUR/USD.IDEALPRO,IDEALPRO-1-2037,IDEALPRO-001,IDEALPRO-1-304707,EUR/USD.IDEALPRO-MLSignalStrategyV2-V2,SELL,LIMIT,100000.00,1.13466,USD,2.27 USD,MAKER,65843ee1-2180-41e4-a5e1-e3ea2d6540b1,2025-05-30 12:10:00+00:00,2025-05-30 12:10:00+00:00,{},False
O-20250530-204500-001-V2-2038,BACKTESTER-001,MLSignalStrategyV2-V2,EUR/USD.IDEALPRO,IDEALPRO-1-2038,IDEALPRO-001,IDEALPRO-1-305739,EUR/USD.IDEALPRO-MLSignalStrategyV2-V2,BUY,MARKET,100000.00,1.13462,USD,2.27 USD,TAKER,d82ab7c8-1182-4843-9b1f-767e898aa0d4,2025-05-30 20:45:00+00:00,2025-05-30 20:45:00+00:00,{},False
O-20250530-204500-001-V2-2040,BACKTESTER-001,MLSignalStrategyV2-V2,EUR/USD.IDEALPRO,IDEALPRO-1-2040,IDEALPRO-001,IDEALPRO-1-305875,EUR/USD.IDEALPRO-MLSignalStrategyV2-V2,SELL,LIMIT,100000.00,1.13576,USD,2.27 USD,MAKER,7cdfe975-1f01-4068-a8b9-2252ed1404f7,2025-06-01 22:08:00+00:00,2025-06-01 22:08:00+00:00,{},False
O-20250601-221500-001-V2-2041,BACKTESTER-001,MLSignalStrategyV2-V2,EUR/USD.IDEALPRO,IDEALPRO-1-2041,IDEALPRO-001,IDEALPRO-1-305890,EUR/USD.IDEALPRO-MLSignalStrategyV2-V2,BUY,MARKET,100000.00,1.13563,USD,2.27 USD,TAKER,1ff1445a-2004-4573-b22e-cd544ea88b19,2025-06-01 22:15:00+00:00,2025-06-01 22:15:00+00:00,{},False
O-20250601-221500-001-V2-2042,BACKTESTER-001,MLSignalStrategyV2-V2,EUR/USD.IDEALPRO,IDEALPRO-1-2042,IDEALPRO-001,IDEALPRO-1-305915,EUR/USD.IDEALPRO-MLSignalStrategyV2-V2,SELL,STOP_MARKET,100000.00,1.13508,USD,2.27 USD,TAKER,4b1902b1-65f8-4d55-b118-b0166867f761,2025-06-01 22:27:00+00:00,2025-06-01 22:27:00+00:00,{},False
O-20250601-223000-001-V2-2044,BACKTESTER-001,MLSignalStrategyV2-V2,EUR/USD.IDEALPRO,IDEALPRO-1-2044,IDEALPRO-001,IDEALPRO-1-305922,EUR/USD.IDEALPRO-MLSignalStrategyV2-V2,BUY,MARKET,100000.00,1.13512,USD,2.27 USD,TAKER,46df673f-0adf-4c19-96ed-c12e078484bf,2025-06-01 22:30:00+00:00,2025-06-01 22:30:00+00:00,{},False
O-20250601-223000-001-V2-2046,BACKTESTER-001,MLSignalStrategyV2-V2,EUR/USD.IDEALPRO,IDEALPRO-1-2046,IDEALPRO-001,IDEALPRO-1-305997,EUR/USD.IDEALPRO-MLSignalStrategyV2-V2,SELL,LIMIT,100000.00,1.13597,USD,2.27 USD,MAKER,177a0486-8444-448b-b94c-70b232b229a7,2025-06-01 23:07:00+00:00,2025-06-01 23:07:00+00:00,{},False
O-20250601-233000-001-V2-2047,BACKTESTER-001,MLSignalStrategyV2-V2,EUR/USD.IDEALPRO,IDEALPRO-1-2047,IDEALPRO-001,IDEALPRO-1-306044,EUR/USD.IDEALPRO-MLSignalStrategyV2-V2,BUY,MARKET,100000.00,1.13582,USD,2.27 USD,TAKER,5521c50f-f408-4403-a4c6-c764dae15e85,2025-06-01 23:30:00+00:00,2025-06-01 23:30:00+00:00,{},False
O-20250601-233000-001-V2-2048,BACKTESTER-001,MLSignalStrategyV2-V2,EUR/USD.IDEALPRO,IDEALPRO-1-2048,IDEALPRO-001,IDEALPRO-1-306101,EUR/USD.IDEALPRO-MLSignalStrategyV2-V2,SELL,STOP_MARKET,100000.00,1.13511,USD,2.27 USD,TAKER,2bce3356-7795-4ac0-9316-2f980373c0a0,2025-06-01 23:58:00+00:00,2025-06-01 23:58:00+00:00,{},False
O-20250602-063000-001-V2-2050,BACKTESTER-001,MLSignalStrategyV2-V2,EUR/USD.IDEALPRO,IDEALPRO-1-2050,IDEALPRO-001,IDEALPRO-1-306886,EUR/USD.IDEALPRO-MLSignalStrategyV2-V2,SELL,MARKET,100000.00,1.13907,USD,2.28 USD,TAKER,179cac8a-fbad-4f99-afd1-fe599ca4ec5f,2025-06-02 06:30:00+00:00,2025-06-02 06:30:00+00:00,{},False
O-20250602-063000-001-V2-2051,BACKTESTER-001,MLSignalStrategyV2-V2,EUR/USD.IDEALPRO,IDEALPRO-1-2051,IDEALPRO-001,IDEALPRO-1-306889,EUR/USD.IDEALPRO-MLSignalStrategyV2-V2,BUY,STOP_MARKET,100000.00,1.13973,USD,2.28 USD,TAKER,ef6da517-370b-4122-aa65-57edc33fa092,2025-06-02 06:31:00+00:00,2025-06-02 06:31:00+00:00,{},False
O-20250602-064500-001-V2-2053,BACKTESTER-001,MLSignalStrategyV2-V2,EUR/USD.IDEALPRO,IDEALPRO-1-2053,IDEALPRO-001,IDEALPRO-1-306918,EUR/USD.IDEALPRO-MLSignalStrategyV2-V2,SELL,MARKET,100000.00,1.14051,USD,2.28 USD,TAKER,3bd67b28-3867-46b8-8f8a-0cf41e182d23,2025-06-02 06:45:00+00:00,2025-06-02 06:45:00+00:00,{},False
O-20250602-064500-001-V2-2054,BACKTESTER-001,MLSignalStrategyV2-V2,EUR/USD.IDEALPRO,IDEALPRO-1-2054,IDEALPRO-001,IDEALPRO-1-306979,EUR/USD.IDEALPRO-MLSignalStrategyV2-V2,BUY,STOP_MARKET,100000.00,1.14134,USD,2.28 USD,TAKER,ae337707-1a68-46fa-9df9-b46abf8828ac,2025-06-02 07:15:00+00:00,2025-06-02 07:15:00+00:00,{},False
O-20250602-100000-001-V2-2056,BACKTESTER-001,MLSignalStrategyV2-V2,EUR/USD.IDEALPRO,IDEALPRO-1-2056,IDEALPRO-001,IDEALPRO-1-307310,EUR/USD.IDEALPRO-MLSignalStrategyV2-V2,SELL,MARKET,100000.00,1.14234,USD,2.28 USD,TAKER,c176d1dd-d789-4586-b618-cdbc94d153f1,2025-06-02 10:00:00+00:00,2025-06-02 10:00:00+00:00,{},False
O-20250602-100000-001-V2-2058,BACKTESTER-001,MLSignalStrategyV2-V2,EUR/USD.IDEALPRO,IDEALPRO-1-2058,IDEALPRO-001,IDEALPRO-1-307537,EUR/USD.IDEALPRO-MLSignalStrategyV2-V2,BUY,LIMIT,100000.00,1.14093,USD,2.28 USD,MAKER,8772f348-1ae8-4182-848a-387fbcfbb37c,2025-06-02 11:53:00+00:00,2025-06-02 11:53:00+00:00,{},False
O-20250602-121500-001-V2-2059,BACKTESTER-001,MLSignalStrategyV2-V2,EUR/USD.IDEALPRO,IDEALPRO-1-2059,IDEALPRO-001,IDEALPRO-1-307582,EUR/USD.IDEALPRO-MLSignalStrategyV2-V2,SELL,MARKET,100000.00,1.14150,USD,2.28 USD,TAKER,6ce12fa6-6a01-4c53-bcf4-69dcc9cf8f30,2025-06-02 12:15:00+00:00,2025-06-02 12:15:00+00:00,{},False
O-20250602-121500-001-V2-2060,BACKTESTER-001,MLSignalStrategyV2-V2,EUR/USD.IDEALPRO,IDEALPRO-1-2060,IDEALPRO-001,IDEALPRO-1-307617,EUR/USD.IDEALPRO-MLSignalStrategyV2-V2,BUY,STOP_MARKET,100000.00,1.14251,USD,2.29 USD,TAKER,995d0d94-0fac-45b2-8844-dfeb816f29a4,2025-06-02 12:32:00+00:00,2025-06-02 12:32:00+00:00,{},False
O-20250602-141500-001-V2-2062,BACKTESTER-001,MLSignalStrategyV2-V2,EUR/USD.IDEALPRO,IDEALPRO-1-2062,IDEALPRO-001,IDEALPRO-1-307824,EUR/USD.IDEALPRO-MLSignalStrategyV2-V2,SELL,MARKET,100000.00,1.14417,USD,2.29 USD,TAKER,5ac635ad-b2ab-4995-a442-56001d43658c,2025-06-02 14:15:00+00:00,2025-06-02 14:15:00+00:00,{},False
O-20250602-141500-001-V2-2064,BACKTESTER-001,MLSignalStrategyV2-V2,EUR/USD.IDEALPRO,IDEALPRO-1-2064,IDEALPRO-001,IDEALPRO-1-308029,EUR/USD.IDEALPRO-MLSignalStrategyV2-V2,BUY,LIMIT,100000.00,1.14243,USD,2.28 USD,MAKER,fddc32a3-328c-40c5-97d1-5afc5886e055,2025-06-02 15:57:00+00:00,2025-06-02 15:57:00+00:00,{},False
O-20250602-204500-001-V2-2065,BACKTESTER-001,MLSignalStrategyV2-V2,EUR/USD.IDEALPRO,IDEALPRO-1-2065,IDEALPRO-001,IDEALPRO-1-308606,EUR/USD.IDEALPRO-MLSignalStrategyV2-V2,BUY,MARKET,100000.00,1.14408,USD,2.29 USD,TAKER,3b20c003-a1fa-4be2-af3d-42cebd660737,2025-06-02 20:45:00+00:00,2025-06-02 20:45:00+00:00,{},False
O-20250602-204500-001-V2-2067,BACKTESTER-001,MLSignalStrategyV2-V2,EUR/USD.IDEALPRO,IDEALPRO-1-2067,IDEALPRO-001,IDEALPRO-1-308879,EUR/USD.IDEALPRO-MLSignalStrategyV2-V2,SELL,LIMIT,100000.00,1.14514,USD,2.29 USD,MAKER,1a3a14d8-bc33-4a31-a393-4c0144968c26,2025-06-02 23:16:00+00:00,2025-06-02 23:16:00+00:00,{},False
O-20250603-020000-001-V2-2068,BACKTESTER-001,MLSignalStrategyV2-V2,EUR/USD.IDEALPRO,IDEALPRO-1-2068,IDEALPRO-001,IDEALPRO-1-309208,EUR/USD.IDEALPRO-MLSignalStrategyV2-V2,BUY,MARKET,100000.00,1.14280,USD,2.29 USD,TAKER,2ee4ff21-f929-46a5-9c33-9db353380185,2025-06-03 02:00:00+00:00,2025-06-03 02:00:00+00:00,{},False
O-20250603-020000-001-V2-2069,BACKTESTER-001,MLSignalStrategyV2-V2,EUR/USD.IDEALPRO,IDEALPRO-1-2069,IDEALPRO-001,IDEALPRO-1-309291,EUR/USD.IDEALPRO-MLSignalStrategyV2-V2,SELL,STOP_MARKET,100000.00,1.14191,USD,2.28 USD,TAKER,d57d7119-274e-4a55-be30-9b894cdcc22f,2025-06-03 02:41:00+00:00,2025-06-03 02:41:00+00:00,{},False
O-20250603-040000-001-V2-2071,BACKTESTER-001,MLSignalStrategyV2-V2,EUR/USD.IDEALPRO,IDEALPRO-1-2071,IDEALPRO-001,IDEALPRO-1-309451,EUR/USD.IDEALPRO-MLSignalStrategyV2-V2,SELL,MARKET,100000.00,1.14199,USD,2.28 USD,TAKER,9a057566-3264-4aa7-9c87-daa91ec782fa,2025-06-03 04:00:00+00:00,2025-06-03 04:00:00+00:00,{},False
O-20250603-040000-001-V2-2072,BACKTESTER-001,MLSignalStrategyV2-V2,EUR/USD.IDEALPRO,IDEALPRO-1-2072,IDEALPRO-001,IDEALPRO-1-309573,EUR/USD.IDEALPRO-MLSignalStrategyV2-V2,BUY,STOP_MARKET,100000.00,1.14262,USD,2.29 USD,TAKER,b2a4dd2c-0daf-4d37-a0d9-5e68e7eeb04e,2025-06-03 05:01:00+00:00,2025-06-03 05:01:00+00:00,{},False
O-20250603-091500-001-V2-2074,BACKTESTER-001,MLSignalStrategyV2-V2,EUR/USD.IDEALPRO,IDEALPRO-1-2074,IDEALPRO-001,IDEALPRO-1-310082,EUR/USD.IDEALPRO-MLSignalStrategyV2-V2,BUY,MARKET,100000.00,1.14126,USD,2.28 USD,TAKER,57aa10b6-8afa-4f85-aa1a-170df65ffbc0,2025-06-03 09:15:00+00:00,2025-06-03 09:15:00+00:00,{},False
O-20250603-091500-001-V2-2075,BACKTESTER-001,MLSignalStrategyV2-V2,EUR/USD.IDEALPRO,IDEALPRO-1-2075,IDEALPRO-001,IDEALPRO-1-310187,EUR/USD.IDEALPRO-MLSignalStrategyV2-V2,SELL,STOP_MARKET,100000.00,1.14028,USD,2.28 USD,TAKER,24e0bfd1-c6d5-40db-b279-f79e0a0355ae,2025-06-03 10:07:00+00:00,2025-06-03 10:07:00+00:00,{},False
O-20250603-113000-001-V2-2077,BACKTESTER-001,MLSignalStrategyV2-V2,EUR/USD.IDEALPRO,IDEALPRO-1-2077,IDEALPRO-001,IDEALPRO-1-310354,EUR/USD.IDEALPRO-MLSignalStrategyV2-V2,BUY,MARKET,100000.00,1.13871,USD,2.28 USD,TAKER,439d56cb-7968-4118-a1b9-5c38c53f5536,2025-06-03 11:30:00+00:00,2025-06-03 11:30:00+00:00,{},False
O-20250603-113000-001-V2-2078,BACKTESTER-001,MLSignalStrategyV2-V2,EUR/USD.IDEALPRO,IDEALPRO-1-2078,IDEALPRO-001,IDEALPRO-1-310483,EUR/USD.IDEALPRO-MLSignalStrategyV2-V2,SELL,STOP_MARKET,100000.00,1.13779,USD,2.28 USD,TAKER,b1a4cee5-3fe5-402b-92fb-1b460d290dc7,2025-06-03 12:34:00+00:00,2025-06-03 12:34:00+00:00,{},False
O-20250603-140000-001-V2-2080,BACKTESTER-001,MLSignalStrategyV2-V2,EUR/USD.IDEALPRO,IDEALPRO-1-2080,IDEALPRO-001,IDEALPRO-1-310656,EUR/USD.IDEALPRO-MLSignalStrategyV2-V2,BUY,MARKET,100000.00,1.13878,USD,2.28 USD,TAKER,6043c843-c0b1-45c6-9d9e-2cdb83d41f25,2025-06-03 14:00:00+00:00,2025-06-03 14:00:00+00:00,{},False
O-20250603-140000-001-V2-2081,BACKTESTER-001,MLSignalStrategyV2-V2,EUR/USD.IDEALPRO,IDEALPRO-1-2081,IDEALPRO-001,IDEALPRO-1-310659,EUR/USD.IDEALPRO-MLSignalStrategyV2-V2,SELL,STOP_MARKET,100000.00,1.13730,USD,2.27 USD,TAKER,f93a9ee2-0bc5-4ee2-a3ec-74c8aa265d75,2025-06-03 14:01:00+00:00,2025-06-03 14:01:00+00:00,{},False
O-20250603-141500-001-V2-2083,BACKTESTER-001,MLSignalStrategyV2-V2,EUR/USD.IDEALPRO,IDEALPRO-1-2083,IDEALPRO-001,IDEALPRO-1-310688,EUR/USD.IDEALPRO-MLSignalStrategyV2-V2,BUY,MARKET,100000.00,1.13785,USD,2.28 USD,TAKER,8bd8721b-bde6-4524-8125-eadb3017b054,2025-06-03 14:15:00+00:00,2025-06-03 14:15:00+00:00,{},False
O-20250603-141500-001-V2-2084,BACKTESTER-001,MLSignalStrategyV2-V2,EUR/USD.IDEALPRO,IDEALPRO-1-2084,IDEALPRO-001,IDEALPRO-1-312271,EUR/USD.IDEALPRO-MLSignalStrategyV2-V2,SELL,STOP_MARKET,100000.00,1.13671,USD,2.27 USD,TAKER,375e7ffa-a890-417e-a2ce-8306da6b3c9f,2025-06-04 03:41:00+00:00,2025-06-04 03:41:00+00:00,{},False
O-20250604-050000-001-V2-2086,BACKTESTER-001,MLSignalStrategyV2-V2,EUR/USD.IDEALPRO,IDEALPRO-1-2086,IDEALPRO-001,IDEALPRO-1-312430,EUR/USD.IDEALPRO-MLSignalStrategyV2-V2,BUY,MARKET,100000.00,1.13668,USD,2.27 USD,TAKER,236811a3-b685-4d26-8ff1-52a5b28128ed,2025-06-04 05:00:00+00:00,2025-06-04 05:00:00+00:00,{},False
O-20250604-050000-001-V2-2087,BACKTESTER-001,MLSignalStrategyV2-V2,EUR/USD.IDEALPRO,IDEALPRO-1-2087,IDEALPRO-001,IDEALPRO-1-312501,EUR/USD.IDEALPRO-MLSignalStrategyV2-V2,SELL,STOP_MARKET,100000.00,1.13571,USD,2.27 USD,TAKER,2651b637-50b0-43c5-9674-b4760a2a24d1,2025-06-04 05:35:00+00:00,2025-06-04 05:35:00+00:00,{},False
O-20250604-081500-001-V2-2089,BACKTESTER-001,MLSignalStrategyV2-V2,EUR/USD.IDEALPRO,IDEALPRO-1-2089,IDEALPRO-001,IDEALPRO-1-312822,EUR/USD.IDEALPRO-MLSignalStrategyV2-V2,BUY,MARKET,100000.00,1.13874,USD,2.28 USD,TAKER,fe535f32-d039-45d6-b485-9302372f0395,2025-06-04 08:15:00+00:00,2025-06-04 08:15:00+00:00,{},False
O-20250604-081500-001-V2-2091,BACKTESTER-001,MLSignalStrategyV2-V2,EUR/USD.IDEALPRO,IDEALPRO-1-2091,IDEALPRO-001,IDEALPRO-1-312877,EUR/USD.IDEALPRO-MLSignalStrategyV2-V2,SELL,LIMIT,100000.00,1.14017,USD,2.28 USD,MAKER,76672f6a-cc95-4359-b3c8-35625abbb600,2025-06-04 08:42:00+00:00,2025-06-04 08:42:00+00:00,{},False
O-20250604-200000-001-V2-2092,BACKTESTER-001,MLSignalStrategyV2-V2,EUR/USD.IDEALPRO,IDEALPRO-1-2092,IDEALPRO-001,IDEALPRO-1-314235,EUR/USD.IDEALPRO-MLSignalStrategyV2-V2,BUY,MARKET,100000.00,1.14123,USD,2.28 USD,TAKER,34da4866-38e7-41eb-a35a-3020835a9af6,2025-06-04 20:00:00+00:00,2025-06-04 20:00:00+00:00,{},False
O-20250604-200000-001-V2-2094,BACKTESTER-001,MLSignalStrategyV2-V2,EUR/USD.IDEALPRO,IDEALPRO-1-2094,IDEALPRO-001,IDEALPRO-1-314313,EUR/USD.IDEALPRO-MLSignalStrategyV2-V2,SELL,LIMIT,100000.00,1.14216,USD,2.28 USD,MAKER,f6d353f8-19ee-4ddb-a361-5e6e7d20a012,2025-06-04 20:39:00+00:00,2025-06-04 20:39:00+00:00,{},False
O-20250604-223000-001-V2-2095,BACKTESTER-001,MLSignalStrategyV2-V2,EUR/USD.IDEALPRO,IDEALPRO-1-2095,IDEALPRO-001,IDEALPRO-1-314507,EUR/USD.IDEALPRO-MLSignalStrategyV2-V2,BUY,MARKET,100000.00,1.14203,USD,2.28 USD,TAKER,55c1932f-1140-4946-95dd-823c2eab99dd,2025-06-04 22:30:00+00:00,2025-06-04 22:30:00+00:00,{},False
O-20250604-223000-001-V2-2097,BACKTESTER-001,MLSignalStrategyV2-V2,EUR/USD.IDEALPRO,IDEALPRO-1-2097,IDEALPRO-001,IDEALPRO-1-314607,EUR/USD.IDEALPRO-MLSignalStrategyV2-V2,SELL,LIMIT,100000.00,1.14256,USD,2.29 USD,MAKER,a70325d7-24f9-4074-a6aa-aafda3e56f48,2025-06-04 23:20:00+00:00,2025-06-04 23:20:00+00:00,{},False
O-20250605-093000-001-V2-2098,BACKTESTER-001,MLSignalStrategyV2-V2,EUR/USD.IDEALPRO,IDEALPRO-1-2098,IDEALPRO-001,IDEALPRO-1-315829,EUR/USD.IDEALPRO-MLSignalStrategyV2-V2,BUY,MARKET,100000.00,1.14193,USD,2.28 USD,TAKER,5996e40a-c785-45e6-acc9-038a16ea2703,2025-06-05 09:30:00+00:00,2025-06-05 09:30:00+00:00,{},False
O-20250605-093000-001-V2-2099,BACKTESTER-001,MLSignalStrategyV2-V2,EUR/USD.IDEALPRO,IDEALPRO-1-2099,IDEALPRO-001,IDEALPRO-1-315859,EUR/USD.IDEALPRO-MLSignalStrategyV2-V2,SELL,STOP_MARKET,100000.00,1.14116,USD,2.28 USD,TAKER,271906e2-4035-4644-8261-5fad6e7b028e,2025-06-05 09:45:00+00:00,2025-06-05 09:45:00+00:00,{},False
O-20250605-094500-001-V2-2101,BACKTESTER-001,MLSignalStrategyV2-V2,EUR/USD.IDEALPRO,IDEALPRO-1-2101,IDEALPRO-001,IDEALPRO-1-315860,EUR/USD.IDEALPRO-MLSignalStrategyV2-V2,BUY,MARKET,100000.00,1.14119,USD,2.28 USD,TAKER,5d43bf87-a474-4328-a66a-3d41079a86c7,2025-06-05 09:45:00+00:00,2025-06-05 09:45:00+00:00,{},False
O-20250605-094500-001-V2-2103,BACKTESTER-001,MLSignalStrategyV2-V2,EUR/USD.IDEALPRO,IDEALPRO-1-2103,IDEALPRO-001,IDEALPRO-1-315903,EUR/USD.IDEALPRO-MLSignalStrategyV2-V2,SELL,LIMIT,100000.00,1.14232,USD,2.28 USD,MAKER,39e9ef7d-faf0-4fa7-9f8c-cde3bcecb7bd,2025-06-05 10:06:00+00:00,2025-06-05 10:06:00+00:00,{},False
O-20250605-133000-001-V2-2104,BACKTESTER-001,MLSignalStrategyV2-V2,EUR/USD.IDEALPRO,IDEALPRO-1-2104,IDEALPRO-001,IDEALPRO-1-316312,EUR/USD.IDEALPRO-MLSignalStrategyV2-V2,SELL,MARKET,100000.00,1.14910,USD,2.30 USD,TAKER,cbcb3bd8-078c-4325-8920-280c6d511857,2025-06-05 13:30:00+00:00,2025-06-05 13:30:00+00:00,{},False
O-20250605-133000-001-V2-2106,BACKTESTER-001,MLSignalStrategyV2-V2,EUR/USD.IDEALPRO,IDEALPRO-1-2106,IDEALPRO-001,IDEALPRO-1-316457,EUR/USD.IDEALPRO-MLSignalStrategyV2-V2,BUY,LIMIT,100000.00,1.14638,USD,2.29 USD,MAKER,e8e9af5b-e568-420d-8066-a09ac4eacea6,2025-06-05 14:42:00+00:00,2025-06-05 14:42:00+00:00,{},False
O-20250605-144500-001-V2-2107,BACKTESTER-001,MLSignalStrategyV2-V2,EUR/USD.IDEALPRO,IDEALPRO-1-2107,IDEALPRO-001,IDEALPRO-1-316464,EUR/USD.IDEALPRO-MLSignalStrategyV2-V2,SELL,MARKET,100000.00,1.14669,USD,2.29 USD,TAKER,9ea66e04-5642-46f1-a18b-8ae92933b5dd,2025-06-05 14:45:00+00:00,2025-06-05 14:45:00+00:00,{},False
O-20250605-144500-001-V2-2109,BACKTESTER-001,MLSignalStrategyV2-V2,EUR/USD.IDEALPRO,IDEALPRO-1-2109,IDEALPRO-001,IDEALPRO-1-316577,EUR/USD.IDEALPRO-MLSignalStrategyV2-V2,BUY,LIMIT,100000.00,1.14407,USD,2.29 USD,MAKER,b89ef2dc-356a-4d12-bc79-6021a0c19ab5,2025-06-05 15:41:00+00:00,2025-06-05 15:41:00+00:00,{},False
O-20250605-190000-001-V2-2110,BACKTESTER-001,MLSignalStrategyV2-V2,EUR/USD.IDEALPRO,IDEALPRO-1-2110,IDEALPRO-001,IDEALPRO-1-316976,EUR/USD.IDEALPRO-MLSignalStrategyV2-V2,BUY,MARKET,100000.00,1.14423,USD,2.29 USD,TAKER,9a555790-19a2-4f21-b09e-20ff11cc6004,2025-06-05 19:00:00+00:00,2025-06-05 19:00:00+00:00,{},False
O-20250605-190000-001-V2-2112,BACKTESTER-001,MLSignalStrategyV2-V2,EUR/USD.IDEALPRO,IDEALPRO-1-2112,IDEALPRO-001,IDEALPRO-1-317559,EUR/USD.IDEALPRO-MLSignalStrategyV2-V2,SELL,LIMIT,100000.00,1.14572,USD,2.29 USD,MAKER,0a2e9d3d-c7e0-42b9-810a-64160bf1c02c,2025-06-06 00:06:00+00:00,2025-06-06 00:06:00+00:00,{},False
O-20250606-014500-001-V2-2113,BACKTESTER-001,MLSignalStrategyV2-V2,EUR/USD.IDEALPRO,IDEALPRO-1-2113,IDEALPRO-001,IDEALPRO-1-317758,EUR/USD.IDEALPRO-MLSignalStrategyV2-V2,SELL,MARKET,100000.00,1.14460,USD,2.29 USD,TAKER,f0a8ba3a-4638-4d04-b05d-dc0bf460f390,2025-06-06 01:45:00+00:00,2025-06-06 01:45:00+00:00,{},False
O-20250606-014500-001-V2-2115,BACKTESTER-001,MLSignalStrategyV2-V2,EUR/USD.IDEALPRO,IDEALPRO-1-2115,IDEALPRO-001,IDEALPRO-1-317797,EUR/USD.IDEALPRO-MLSignalStrategyV2-V2,BUY,LIMIT,100000.00,1.14382,USD,2.29 USD,MAKER,5e1c9640-33a9-470e-bac2-b4f2fc6917c3,2025-06-06 02:04:00+00:00,2025-06-06 02:04:00+00:00,{},False
O-20250606-021500-001-V2-2116,BACKTESTER-001,MLSignalStrategyV2-V2,EUR/USD.IDEALPRO,IDEALPRO-1-2116,IDEALPRO-001,IDEALPRO-1-317820,EUR/USD.IDEALPRO-MLSignalStrategyV2-V2,BUY,MARKET,100000.00,1.14384,USD,2.29 USD,TAKER,5208c282-f2f5-4c5f-9d7b-0376bcdefbac,2025-06-06 02:15:00+00:00,2025-06-06 02:15:00+00:00,{},False
O-20250606-021500-001-V2-2117,BACKTESTER-001,MLSignalStrategyV2-V2,EUR/USD.IDEALPRO,IDEALPRO-1-2117,IDEALPRO-001,IDEALPRO-1-318197,EUR/USD.IDEALPRO-MLSignalStrategyV2-V2,SELL,STOP_MARKET,100000.00,1.14321,USD,2.29 USD,TAKER,04cfcfb1-0682-4e5e-aee7-d0a32478035e,2025-06-06 05:23:00+00:00,2025-06-06 05:23:00+00:00,{},False
O-20250606-093000-001-V2-2119,BACKTESTER-001,MLSignalStrategyV2-V2,EUR/USD.IDEALPRO,IDEALPRO-1-2119,IDEALPRO-001,IDEALPRO-1-318692,EUR/USD.IDEALPRO-MLSignalStrategyV2-V2,SELL,MARKET,100000.00,1.14142,USD,2.28 USD,TAKER,2378495e-1a2e-4de8-80d5-4d987a337189,2025-06-06 09:30:00+00:00,2025-06-06 09:30:00+00:00,{},False
O-20250606-093000-001-V2-2120,BACKTESTER-001,MLSignalStrategyV2-V2,EUR/USD.IDEALPRO,IDEALPRO-1-2120,IDEALPRO-001,IDEALPRO-1-318723,EUR/USD.IDEALPRO-MLSignalStrategyV2-V2,BUY,STOP_MARKET,100000.00,1.14213,USD,2.28 USD,TAKER,9e057d32-3e43-4ec5-90ae-6a7e4d76f59c,2025-06-06 09:45:00+00:00,2025-06-06 09:45:00+00:00,{},False
O-20250606-101500-001-V2-2122,BACKTESTER-001,MLSignalStrategyV2-V2,EUR/USD.IDEALPRO,IDEALPRO-1-2122,IDEALPRO-001,IDEALPRO-1-318785,EUR/USD.IDEALPRO-MLSignalStrategyV2-V2,SELL,MARKET,100000.00,1.14202,USD,2.28 USD,TAKER,029655be-6cf1-4e39-8426-38eaa70779de,2025-06-06 10:15:00+00:00,2025-06-06 10:15:00+00:00,{},False
O-20250606-101500-001-V2-2123,BACKTESTER-001,MLSignalStrategyV2-V2,EUR/USD.IDEALPRO,IDEALPRO-1-2123,IDEALPRO-001,IDEALPRO-1-318943,EUR/USD.IDEALPRO-MLSignalStrategyV2-V2,BUY,STOP_MARKET,100000.00,1.14264,USD,2.29 USD,TAKER,46981db7-89dd-43f3-a9dc-5b282e6e8794,2025-06-06 11:34:00+00:00,2025-06-06 11:34:00+00:00,{},False
O-20250606-131500-001-V2-2125,BACKTESTER-001,MLSignalStrategyV2-V2,EUR/USD.IDEALPRO,IDEALPRO-1-2125,IDEALPRO-001,IDEALPRO-1-319146,EUR/USD.IDEALPRO-MLSignalStrategyV2-V2,BUY,MARKET,100000.00,1.13943,USD,2.28 USD,TAKER,bd20e68d-0915-4c19-afdd-fbf09c2a2bca,2025-06-06 13:15:00+00:00,2025-06-06 13:15:00+00:00,{},False
O-20250606-131500-001-V2-2126,BACKTESTER-001,MLSignalStrategyV2-V2,EUR/USD.IDEALPRO,IDEALPRO-1-2126,IDEALPRO-001,IDEALPRO-1-319163,EUR/USD.IDEALPRO-MLSignalStrategyV2-V2,SELL,STOP_MARKET,100000.00,1.13788,USD,2.28 USD,TAKER,0dad5b30-b9f3-4db6-99d5-b873fb6f103b,2025-06-06 13:23:00+00:00,2025-06-06 13:23:00+00:00,{},False
O-20250606-133000-001-V2-2128,BACKTESTER-001,MLSignalStrategyV2-V2,EUR/USD.IDEALPRO,IDEALPRO-1-2128,IDEALPRO-001,IDEALPRO-1-319178,EUR/USD.IDEALPRO-MLSignalStrategyV2-V2,BUY,MARKET,100000.00,1.13769,USD,2.28 USD,TAKER,f7e02238-4b5e-4929-9b61-7a4204f98992,2025-06-06 13:30:00+00:00,2025-06-06 13:30:00+00:00,{},False
O-20250606-133000-001-V2-2130,BACKTESTER-001,MLSignalStrategyV2-V2,EUR/USD.IDEALPRO,IDEALPRO-1-2130,IDEALPRO-001,IDEALPRO-1-319225,EUR/USD.IDEALPRO-MLSignalStrategyV2-V2,SELL,LIMIT,100000.00,1.14006,USD,2.28 USD,MAKER,629ea35a-1b82-4f8f-bf57-8942e06de901,2025-06-06 13:53:00+00:00,2025-06-06 13:53:00+00:00,{},False
O-20250606-154500-001-V2-2131,BACKTESTER-001,MLSignalStrategyV2-V2,EUR/USD.IDEALPRO,IDEALPRO-1-2131,IDEALPRO-001,IDEALPRO-1-319451,EUR/USD.IDEALPRO-MLSignalStrategyV2-V2,SELL,MARKET,100000.00,1.14015,USD,2.28 USD,TAKER,10105292-a10b-40b3-8491-4875b19cf8ad,2025-06-06 15:45:00+00:00,2025-06-06 15:45:00+00:00,{},False
O-20250606-154500-001-V2-2132,BACKTESTER-001,MLSignalStrategyV2-V2,EUR/USD.IDEALPRO,IDEALPRO-1-2132,IDEALPRO-001,IDEALPRO-1-320633,EUR/USD.IDEALPRO-MLSignalStrategyV2-V2,BUY,STOP_MARKET,100000.00,1.14165,USD,2.28 USD,TAKER,6a3ba1d6-80e5-4606-bab0-ece80b4b37d0,2025-06-09 01:51:00+00:00,2025-06-09 01:51:00+00:00,{},False
O-20250609-021500-001-V2-2134,BACKTESTER-001,MLSignalStrategyV2-V2,EUR/USD.IDEALPRO,IDEALPRO-1-2134,IDEALPRO-001,IDEALPRO-1-320683,EUR/USD.IDEALPRO-MLSignalStrategyV2-V2,SELL,MARKET,100000.00,1.14223,USD,2.28 USD,TAKER,019a53a9-080d-4305-860f-ad052fb365fb,2025-06-09 02:15:00+00:00,2025-06-09 02:15:00+00:00,{},False
O-20250609-021500-001-V2-2136,BACKTESTER-001,MLSignalStrategyV2-V2,EUR/USD.IDEALPRO,IDEALPRO-1-2136,IDEALPRO-001,IDEALPRO-1-320895,EUR/USD.IDEALPRO-MLSignalStrategyV2-V2,BUY,LIMIT,100000.00,1.14116,USD,2.28 USD,MAKER,b3371ce8-bd7c-4e33-9976-f57d63a63a8c,2025-06-09 04:01:00+00:00,2025-06-09 04:01:00+00:00,{},False
O-20250609-104500-001-V2-2137,BACKTESTER-001,MLSignalStrategyV2-V2,EUR/USD.IDEALPRO,IDEALPRO-1-2137,IDEALPRO-001,IDEALPRO-1-321705,EUR/USD.IDEALPRO-MLSignalStrategyV2-V2,SELL,MARKET,100000.00,1.14182,USD,2.28 USD,TAKER,ee0a24fc-ecea-480f-8e08-6a9e84d600b8,2025-06-09 10:45:00+00:00,2025-06-09 10:45:00+00:00,{},False
O-20250609-104500-001-V2-2139,BACKTESTER-001,MLSignalStrategyV2-V2,EUR/USD.IDEALPRO,IDEALPRO-1-2139,IDEALPRO-001,IDEALPRO-1-321805,EUR/USD.IDEALPRO-MLSignalStrategyV2-V2,BUY,LIMIT,100000.00,1.14058,USD,2.28 USD,MAKER,a6b1488c-b0de-40e2-83f1-6a9a086425c5,2025-06-09 11:35:00+00:00,2025-06-09 11:35:00+00:00,{},False
O-20250609-150000-001-V2-2140,BACKTESTER-001,MLSignalStrategyV2-V2,EUR/USD.IDEALPRO,IDEALPRO-1-2140,IDEALPRO-001,IDEALPRO-1-322216,EUR/USD.IDEALPRO-MLSignalStrategyV2-V2,SELL,MARKET,100000.00,1.14078,USD,2.28 USD,TAKER,c628ced3-ef54-41a2-ad8a-879e1cac783f,2025-06-09 15:00:00+00:00,2025-06-09 15:00:00+00:00,{},False
O-20250609-150000-001-V2-2141,BACKTESTER-001,MLSignalStrategyV2-V2,EUR/USD.IDEALPRO,IDEALPRO-1-2141,IDEALPRO-001,IDEALPRO-1-322249,EUR/USD.IDEALPRO-MLSignalStrategyV2-V2,BUY,STOP_MARKET,100000.00,1.14166,USD,2.28 USD,TAKER,accaccc4-d051-4a34-9e3e-f9c3c6072d0b,2025-06-09 15:16:00+00:00,2025-06-09 15:16:00+00:00,{},False
O-20250609-191500-001-V2-2143,BACKTESTER-001,MLSignalStrategyV2-V2,EUR/USD.IDEALPRO,IDEALPRO-1-2143,IDEALPRO-001,IDEALPRO-1-322729,EUR/USD.IDEALPRO-MLSignalStrategyV2-V2,BUY,MARKET,100000.00,1.14285,USD,2.29 USD,TAKER,3b274e86-8b67-4f55-8b54-1e8051d61fea,2025-06-09 19:15:00+00:00,2025-06-09 19:15:00+00:00,{},False
O-20250609-191500-001-V2-2144,BACKTESTER-001,MLSignalStrategyV2-V2,EUR/USD.IDEALPRO,IDEALPRO-1-2144,IDEALPRO-001,IDEALPRO-1-322801,EUR/USD.IDEALPRO-MLSignalStrategyV2-V2,SELL,STOP_MARKET,100000.00,1.14229,USD,2.28 USD,TAKER,f966089c-50bd-4949-8ad5-176722eeeb8e,2025-06-09 19:51:00+00:00,2025-06-09 19:51:00+00:00,{},False
O-20250610-024500-001-V2-2146,BACKTESTER-001,MLSignalStrategyV2-V2,EUR/USD.IDEALPRO,IDEALPRO-1-2146,IDEALPRO-001,IDEALPRO-1-323601,EUR/USD.IDEALPRO-MLSignalStrategyV2-V2,BUY,MARKET,100000.00,1.13941,USD,2.28 USD,TAKER,e0a651e2-47c9-4e18-a426-432c4e1e5fad,2025-06-10 02:45:00+00:00,2025-06-10 02:45:00+00:00,{},False
O-20250610-024500-001-V2-2148,BACKTESTER-001,MLSignalStrategyV2-V2,EUR/USD.IDEALPRO,IDEALPRO-1-2148,IDEALPRO-001,IDEALPRO-1-323915,EUR/USD.IDEALPRO-MLSignalStrategyV2-V2,SELL,LIMIT,100000.00,1.14068,USD,2.28 USD,MAKER,e7a32734-e6a6-42ba-b5fb-08e182e71f41,2025-06-10 05:22:00+00:00,2025-06-10 05:22:00+00:00,{},False
O-20250610-073000-001-V2-2149,BACKTESTER-001,MLSignalStrategyV2-V2,EUR/USD.IDEALPRO,IDEALPRO-1-2149,IDEALPRO-001,IDEALPRO-1-324172,EUR/USD.IDEALPRO-MLSignalStrategyV2-V2,BUY,MARKET,100000.00,1.13914,USD,2.28 USD,TAKER,74cd6ead-6247-4c3e-b26b-8dbe8fc1977d,2025-06-10 07:30:00+00:00,2025-06-10 07:30:00+00:00,{},False
O-20250610-073000-001-V2-2151,BACKTESTER-001,MLSignalStrategyV2-V2,EUR/USD.IDEALPRO,IDEALPRO-1-2151,IDEALPRO-001,IDEALPRO-1-324343,EUR/USD.IDEALPRO-MLSignalStrategyV2-V2,SELL,LIMIT,100000.00,1.14086,USD,2.28 USD,MAKER,10404d27-071c-41d4-a5f4-f9578438c821,2025-06-10 08:55:00+00:00,2025-06-10 08:55:00+00:00,{},False
O-20250610-101500-001-V2-2152,BACKTESTER-001,MLSignalStrategyV2-V2,EUR/USD.IDEALPRO,IDEALPRO-1-2152,IDEALPRO-001,IDEALPRO-1-324504,EUR/USD.IDEALPRO-MLSignalStrategyV2-V2,BUY,MARKET,100000.00,1.14130,USD,2.28 USD,TAKER,3792c2a8-5b57-4b54-9ea3-3fa4a4a071bd,2025-06-10 10:15:00+00:00,2025-06-10 10:15:00+00:00,{},False
O-20250610-101500-001-V2-2154,BACKTESTER-001,MLSignalStrategyV2-V2,EUR/USD.IDEALPRO,IDEALPRO-1-2154,IDEALPRO-001,IDEALPRO-1-324627,EUR/USD.IDEALPRO-MLSignalStrategyV2-V2,SELL,LIMIT,100000.00,1.14287,USD,2.29 USD,MAKER,cf3fc10c-3363-4bcd-bc85-599b226ce34e,2025-06-10 11:16:00+00:00,2025-06-10 11:16:00+00:00,{},False
O-20250610-141500-001-V2-2155,BACKTESTER-001,MLSignalStrategyV2-V2,EUR/USD.IDEALPRO,IDEALPRO-1-2155,IDEALPRO-001,IDEALPRO-1-324987,EUR/USD.IDEALPRO-MLSignalStrategyV2-V2,BUY,MARKET,100000.00,1.14322,USD,2.29 USD,TAKER,e54934d0-98ad-4433-b6f9-36c512d38661,2025-06-10 14:15:00+00:00,2025-06-10 14:15:00+00:00,{},False
O-20250610-141500-001-V2-2156,BACKTESTER-001,MLSignalStrategyV2-V2,EUR/USD.IDEALPRO,IDEALPRO-1-2156,IDEALPRO-001,IDEALPRO-1-325057,EUR/USD.IDEALPRO-MLSignalStrategyV2-V2,SELL,STOP_MARKET,100000.00,1.14210,USD,2.28 USD,TAKER,860dd355-436a-44a0-aba2-ea90ebff807d,2025-06-10 14:50:00+00:00,2025-06-10 14:50:00+00:00,{},False
O-20250610-160000-001-V2-2158,BACKTESTER-001,MLSignalStrategyV2-V2,EUR/USD.IDEALPRO,IDEALPRO-1-2158,IDEALPRO-001,IDEALPRO-1-325198,EUR/USD.IDEALPRO-MLSignalStrategyV2-V2,SELL,MARKET,100000.00,1.14224,USD,2.28 USD,TAKER,96670506-8921-4d25-8cc7-c860d18becb6,2025-06-10 16:00:00+00:00,2025-06-10 16:00:00+00:00,{},False
O-20250610-160000-001-V2-2159,BACKTESTER-001,MLSignalStrategyV2-V2,EUR/USD.IDEALPRO,IDEALPRO-1-2159,IDEALPRO-001,IDEALPRO-1-325603,EUR/USD.IDEALPRO-MLSignalStrategyV2-V2,BUY,STOP_MARKET,100000.00,1.14313,USD,2.29 USD,TAKER,2d191c7a-6cbf-4303-be65-0e06d71fbb3e,2025-06-10 19:22:00+00:00,2025-06-10 19:22:00+00:00,{},False
O-20250610-220000-001-V2-2161,BACKTESTER-001,MLSignalStrategyV2-V2,EUR/USD.IDEALPRO,IDEALPRO-1-2161,IDEALPRO-001,IDEALPRO-1-325890,EUR/USD.IDEALPRO-MLSignalStrategyV2-V2,BUY,MARKET,100000.00,1.14248,USD,2.28 USD,TAKER,8319f1cc-a4c9-470d-ab22-a3316eff4911,2025-06-10 22:00:00+00:00,2025-06-10 22:00:00+00:00,{},False
O-20250610-220000-001-V2-2163,BACKTESTER-001,MLSignalStrategyV2-V2,EUR/USD.IDEALPRO,IDEALPRO-1-2163,IDEALPRO-001,IDEALPRO-1-326031,EUR/USD.IDEALPRO-MLSignalStrategyV2-V2,SELL,LIMIT,100000.00,1.14328,USD,2.29 USD,MAKER,e65bb6d7-3254-4923-904c-2c90c0f16359,2025-06-10 23:10:00+00:00,2025-06-10 23:10:00+00:00,{},False
O-20250611-020000-001-V2-2164,BACKTESTER-001,MLSignalStrategyV2-V2,EUR/USD.IDEALPRO,IDEALPRO-1-2164,IDEALPRO-001,IDEALPRO-1-326373,EUR/USD.IDEALPRO-MLSignalStrategyV2-V2,BUY,MARKET,100000.00,1.14085,USD,2.28 USD,TAKER,2fd9d348-4580-46e1-bcf2-df31bd8e7c89,2025-06-11 02:00:00+00:00,2025-06-11 02:00:00+00:00,{},False
O-20250611-020000-001-V2-2166,BACKTESTER-001,MLSignalStrategyV2-V2,EUR/USD.IDEALPRO,IDEALPRO-1-2166,IDEALPRO-001,IDEALPRO-1-326835,EUR/USD.IDEALPRO-MLSignalStrategyV2-V2,SELL,LIMIT,100000.00,1.14219,USD,2.28 USD,MAKER,c28b4200-ce21-4247-98ef-7af0a2fdce4d,2025-06-11 05:51:00+00:00,2025-06-11 05:51:00+00:00,{},False
O-20250611-070000-001-V2-2167,BACKTESTER-001,MLSignalStrategyV2-V2,EUR/USD.IDEALPRO,IDEALPRO-1-2167,IDEALPRO-001,IDEALPRO-1-326974,EUR/USD.IDEALPRO-MLSignalStrategyV2-V2,BUY,MARKET,100000.00,1.14101,USD,2.28 USD,TAKER,4b3752f6-6f29-4949-bddf-f04c21891ae4,2025-06-11 07:00:00+00:00,2025-06-11 07:00:00+00:00,{},False
O-20250611-070000-001-V2-2169,BACKTESTER-001,MLSignalStrategyV2-V2,EUR/USD.IDEALPRO,IDEALPRO-1-2169,IDEALPRO-001,IDEALPRO-1-327075,EUR/USD.IDEALPRO-MLSignalStrategyV2-V2,SELL,LIMIT,100000.00,1.14210,USD,2.28 USD,MAKER,9bf1f10f-7e4a-4b1c-b062-c253951d1adf,2025-06-11 07:50:00+00:00,2025-06-11 07:50:00+00:00,{},False
O-20250611-081500-001-V2-2170,BACKTESTER-001,MLSignalStrategyV2-V2,EUR/USD.IDEALPRO,IDEALPRO-1-2170,IDEALPRO-001,IDEALPRO-1-327126,EUR/USD.IDEALPRO-MLSignalStrategyV2-V2,BUY,MARKET,100000.00,1.14227,USD,2.28 USD,TAKER,e5737d8f-bd6d-4408-a3a1-8f0a16bcb9b6,2025-06-11 08:15:00+00:00,2025-06-11 08:15:00+00:00,{},False
O-20250611-081500-001-V2-2172,BACKTESTER-001,MLSignalStrategyV2-V2,EUR/USD.IDEALPRO,IDEALPRO-1-2172,IDEALPRO-001,IDEALPRO-1-327181,EUR/USD.IDEALPRO-MLSignalStrategyV2-V2,SELL,LIMIT,100000.00,1.14372,USD,2.29 USD,MAKER,5820e0d1-4ec5-4f62-aff1-f909297a5861,2025-06-11 08:42:00+00:00,2025-06-11 08:42:00+00:00,{},False
O-20250611-160000-001-V2-2173,BACKTESTER-001,MLSignalStrategyV2-V2,EUR/USD.IDEALPRO,IDEALPRO-1-2173,IDEALPRO-001,IDEALPRO-1-328058,EUR/USD.IDEALPRO-MLSignalStrategyV2-V2,SELL,MARKET,100000.00,1.14894,USD,2.30 USD,TAKER,7254d988-c845-4862-902d-acb2480eb1d9,2025-06-11 16:00:00+00:00,2025-06-11 16:00:00+00:00,{},False
O-20250611-160000-001-V2-2174,BACKTESTER-001,MLSignalStrategyV2-V2,EUR/USD.IDEALPRO,IDEALPRO-1-2174,IDEALPRO-001,IDEALPRO-1-328863,EUR/USD.IDEALPRO-MLSignalStrategyV2-V2,BUY,STOP_MARKET,100000.00,1.15003,USD,2.30 USD,TAKER,0fe2fdb7-cd73-4af1-ab01-486ea828d714,2025-06-11 22:57:00+00:00,2025-06-11 22:57:00+00:00,{},False
O-20250611-230000-001-V2-2176,BACKTESTER-001,MLSignalStrategyV2-V2,EUR/USD.IDEALPRO,IDEALPRO-1-2176,IDEALPRO-001,IDEALPRO-1-328871,EUR/USD.IDEALPRO-MLSignalStrategyV2-V2,BUY,MARKET,100000.00,1.15059,USD,2.30 USD,TAKER,75f153f3-4d20-4418-a42b-13b6732d092f,2025-06-11 23:00:00+00:00,2025-06-11 23:00:00+00:00,{},False
O-20250611-230000-001-V2-2178,BACKTESTER-001,MLSignalStrategyV2-V2,EUR/USD.IDEALPRO,IDEALPRO-1-2178,IDEALPRO-001,IDEALPRO-1-329073,EUR/USD.IDEALPRO-MLSignalStrategyV2-V2,SELL,LIMIT,100000.00,1.15145,USD,2.30 USD,MAKER,f269c34b-e5b2-4a08-9e33-f5b32aeccd6b,2025-06-12 00:41:00+00:00,2025-06-12 00:41:00+00:00,{},False
O-20250612-061500-001-V2-2179,BACKTESTER-001,MLSignalStrategyV2-V2,EUR/USD.IDEALPRO,IDEALPRO-1-2179,IDEALPRO-001,IDEALPRO-1-329742,EUR/USD.IDEALPRO-MLSignalStrategyV2-V2,SELL,MARKET,100000.00,1.15193,USD,2.30 USD,TAKER,d615f24f-16a9-4e1e-a9f9-fd8ff5cccaee,2025-06-12 06:15:00+00:00,2025-06-12 06:15:00+00:00,{},False
O-20250612-061500-001-V2-2181,BACKTESTER-001,MLSignalStrategyV2-V2,EUR/USD.IDEALPRO,IDEALPRO-1-2181,IDEALPRO-001,IDEALPRO-1-329909,EUR/USD.IDEALPRO-MLSignalStrategyV2-V2,BUY,LIMIT,100000.00,1.15092,USD,2.30 USD,MAKER,478fb595-f7f7-4be2-8ed0-db4ef07f9ede,2025-06-12 07:38:00+00:00,2025-06-12 07:38:00+00:00,{},False
O-20250612-093000-001-V2-2182,BACKTESTER-001,MLSignalStrategyV2-V2,EUR/USD.IDEALPRO,IDEALPRO-1-2182,IDEALPRO-001,IDEALPRO-1-330134,EUR/USD.IDEALPRO-MLSignalStrategyV2-V2,SELL,MARKET,100000.00,1.15576,USD,2.31 USD,TAKER,b6d4354f-0727-45be-a23c-033a9799b4be,2025-06-12 09:30:00+00:00,2025-06-12 09:30:00+00:00,{},False
O-20250612-093000-001-V2-2183,BACKTESTER-001,MLSignalStrategyV2-V2,EUR/USD.IDEALPRO,IDEALPRO-1-2183,IDEALPRO-001,IDEALPRO-1-330183,EUR/USD.IDEALPRO-MLSignalStrategyV2-V2,BUY,STOP_MARKET,100000.00,1.15859,USD,2.32 USD,TAKER,7b232e97-f237-4743-921b-4de0dedc754f,2025-06-12 09:54:00+00:00,2025-06-12 09:54:00+00:00,{},False
O-20250612-100000-001-V2-2185,BACKTESTER-001,MLSignalStrategyV2-V2,EUR/USD.IDEALPRO,IDEALPRO-1-2185,IDEALPRO-001,IDEALPRO-1-330196,EUR/USD.IDEALPRO-MLSignalStrategyV2-V2,SELL,MARKET,100000.00,1.15721,USD,2.31 USD,TAKER,c602d06b-ffdc-43e0-b866-f163941dd587,2025-06-12 10:00:00+00:00,2025-06-12 10:00:00+00:00,{},False
O-20250612-100000-001-V2-2186,BACKTESTER-001,MLSignalStrategyV2-V2,EUR/USD.IDEALPRO,IDEALPRO-1-2186,IDEALPRO-001,IDEALPRO-1-330225,EUR/USD.IDEALPRO-MLSignalStrategyV2-V2,BUY,STOP_MARKET,100000.00,1.15868,USD,2.32 USD,TAKER,94ab7d0e-46d4-4dce-a963-649beca8b53a,2025-06-12 10:14:00+00:00,2025-06-12 10:14:00+00:00,{},False
O-20250612-101500-001-V2-2188,BACKTESTER-001,MLSignalStrategyV2-V2,EUR/USD.IDEALPRO,IDEALPRO-1-2188,IDEALPRO-001,IDEALPRO-1-330228,EUR/USD.IDEALPRO-MLSignalStrategyV2-V2,SELL,MARKET,100000.00,1.15774,USD,2.32 USD,TAKER,f79b59f2-4ba0-46b5-8d38-7e2fc1a21d6b,2025-06-12 10:15:00+00:00,2025-06-12 10:15:00+00:00,{},False
O-20250612-101500-001-V2-2189,BACKTESTER-001,MLSignalStrategyV2-V2,EUR/USD.IDEALPRO,IDEALPRO-1-2189,IDEALPRO-001,IDEALPRO-1-330257,EUR/USD.IDEALPRO-MLSignalStrategyV2-V2,BUY,STOP_MARKET,100000.00,1.15922,USD,2.32 USD,TAKER,f7be2a35-259d-4ecb-8e59-162ba11d6f91,2025-06-12 10:29:00+00:00,2025-06-12 10:29:00+00:00,{},False
O-20250612-103000-001-V2-2191,BACKTESTER-001,MLSignalStrategyV2-V2,EUR/USD.IDEALPRO,IDEALPRO-1-2191,IDEALPRO-001,IDEALPRO-1-330260,EUR/USD.IDEALPRO-MLSignalStrategyV2-V2,SELL,MARKET,100000.00,1.15902,USD,2.32 USD,TAKER,9a1ca8fb-945f-46e2-909b-fd76f76fb510,2025-06-12 10:30:00+00:00,2025-06-12 10:30:00+00:00,{},False
O-20250612-103000-001-V2-2192,BACKTESTER-001,MLSignalStrategyV2-V2,EUR/USD.IDEALPRO,IDEALPRO-1-2192,IDEALPRO-001,IDEALPRO-1-330305,EUR/USD.IDEALPRO-MLSignalStrategyV2-V2,BUY,STOP_MARKET,100000.00,1.16108,USD,2.32 USD,TAKER,09bec143-bc6c-401d-a8e9-0cde7a93b586,2025-06-12 10:52:00+00:00,2025-06-12 10:52:00+00:00,{},False
O-20250612-121500-001-V2-2194,BACKTESTER-001,MLSignalStrategyV2-V2,EUR/USD.IDEALPRO,IDEALPRO-1-2194,IDEALPRO-001,IDEALPRO-1-330472,EUR/USD.IDEALPRO-MLSignalStrategyV2-V2,BUY,MARKET,100000.00,1.15963,USD,2.32 USD,TAKER,fd7c18c7-5be5-40c0-a32e-f85a16b6a745,2025-06-12 12:15:00+00:00,2025-06-12 12:15:00+00:00,{},False
O-20250612-121500-001-V2-2196,BACKTESTER-001,MLSignalStrategyV2-V2,EUR/USD.IDEALPRO,IDEALPRO-1-2196,IDEALPRO-001,IDEALPRO-1-330505,EUR/USD.IDEALPRO-MLSignalStrategyV2-V2,SELL,LIMIT,100000.00,1.16318,USD,2.33 USD,MAKER,e54778d4-3792-4b4b-a8ad-51e1ba15eab0,2025-06-12 12:31:00+00:00,2025-06-12 12:31:00+00:00,{},False
O-20250612-140000-001-V2-2197,BACKTESTER-001,MLSignalStrategyV2-V2,EUR/USD.IDEALPRO,IDEALPRO-1-2197,IDEALPRO-001,IDEALPRO-1-330684,EUR/USD.IDEALPRO-MLSignalStrategyV2-V2,BUY,MARKET,100000.00,1.15850,USD,2.32 USD,TAKER,92d832ab-cddf-406b-af0e-b58be3c4247e,2025-06-12 14:00:00+00:00,2025-06-12 14:00:00+00:00,{},False
O-20250612-140000-001-V2-2198,BACKTESTER-001,MLSignalStrategyV2-V2,EUR/USD.IDEALPRO,IDEALPRO-1-2198,IDEALPRO-001,IDEALPRO-1-330889,EUR/USD.IDEALPRO-MLSignalStrategyV2-V2,SELL,STOP_MARKET,100000.00,1.15674,USD,2.31 USD,TAKER,25992c3f-693a-4a56-b3d9-2a3cbccf4751,2025-06-12 15:42:00+00:00,2025-06-12 15:42:00+00:00,{},False
O-20250612-184500-001-V2-2200,BACKTESTER-001,MLSignalStrategyV2-V2,EUR/USD.IDEALPRO,IDEALPRO-1-2200,IDEALPRO-001,IDEALPRO-1-331257,EUR/USD.IDEALPRO-MLSignalStrategyV2-V2,BUY,MARKET,100000.00,1.15748,USD,2.31 USD,TAKER,4b0a8c42-408d-4422-931d-3de05b464d8f,2025-06-12 18:45:00+00:00,2025-06-12 18:45:00+00:00,{},False
O-20250612-184500-001-V2-2202,BACKTESTER-001,MLSignalStrategyV2-V2,EUR/USD.IDEALPRO,IDEALPRO-1-2202,IDEALPRO-001,IDEALPRO-1-331499,EUR/USD.IDEALPRO-MLSignalStrategyV2-V2,SELL,LIMIT,100000.00,1.15873,USD,2.32 USD,MAKER,0f648439-215f-44d5-ae89-d504a946275e,2025-06-12 20:46:00+00:00,2025-06-12 20:46:00+00:00,{},False
O-20250612-213000-001-V2-2203,BACKTESTER-001,MLSignalStrategyV2-V2,EUR/USD.IDEALPRO,IDEALPRO-1-2203,IDEALPRO-001,IDEALPRO-1-331559,EUR/USD.IDEALPRO-MLSignalStrategyV2-V2,BUY,MARKET,100000.00,1.15878,USD,2.32 USD,TAKER,a2ae25c7-78bc-4380-b5f6-4384699f3788,2025-06-12 21:30:00+00:00,2025-06-12 21:30:00+00:00,{},False
O-20250612-213000-001-V2-2205,BACKTESTER-001,MLSignalStrategyV2-V2,EUR/USD.IDEALPRO,IDEALPRO-1-2205,IDEALPRO-001,IDEALPRO-1-331823,EUR/USD.IDEALPRO-MLSignalStrategyV2-V2,SELL,LIMIT,100000.00,1.15967,USD,2.32 USD,MAKER,c7709c36-caea-49fc-b0bd-1be2672f2919,2025-06-12 23:42:00+00:00,2025-06-12 23:42:00+00:00,{},False
O-20250613-014500-001-V2-2206,BACKTESTER-001,MLSignalStrategyV2-V2,EUR/USD.IDEALPRO,IDEALPRO-1-2206,IDEALPRO-001,IDEALPRO-1-332070,EUR/USD.IDEALPRO-MLSignalStrategyV2-V2,BUY,MARKET,100000.00,1.15449,USD,2.31 USD,TAKER,0fd46471-9eb5-402d-90a6-30ca4a31cf9b,2025-06-13 01:45:00+00:00,2025-06-13 01:45:00+00:00,{},False
O-20250613-014500-001-V2-2207,BACKTESTER-001,MLSignalStrategyV2-V2,EUR/USD.IDEALPRO,IDEALPRO-1-2207,IDEALPRO-001,IDEALPRO-1-332373,EUR/USD.IDEALPRO-MLSignalStrategyV2-V2,SELL,STOP_MARKET,100000.00,1.15270,USD,2.31 USD,TAKER,5cefeadf-2e38-46c9-b169-208a934152e2,2025-06-13 04:16:00+00:00,2025-06-13 04:16:00+00:00,{},False
O-20250613-043000-001-V2-2209,BACKTESTER-001,MLSignalStrategyV2-V2,EUR/USD.IDEALPRO,IDEALPRO-1-2209,IDEALPRO-001,IDEALPRO-1-332402,EUR/USD.IDEALPRO-MLSignalStrategyV2-V2,BUY,MARKET,100000.00,1.15212,USD,2.30 USD,TAKER,f050568f-fc5c-4ba8-b4c0-6491437fd5ff,2025-06-13 04:30:00+00:00,2025-06-13 04:30:00+00:00,{},False
O-20250613-043000-001-V2-2211,BACKTESTER-001,MLSignalStrategyV2-V2,EUR/USD.IDEALPRO,IDEALPRO-1-2211,IDEALPRO-001,IDEALPRO-1-332595,EUR/USD.IDEALPRO-MLSignalStrategyV2-V2,SELL,LIMIT,100000.00,1.15412,USD,2.31 USD,MAKER,85540bf7-5b50-44ec-9b3e-7b62f124b3e6,2025-06-13 06:06:00+00:00,2025-06-13 06:06:00+00:00,{},False
O-20250613-090000-001-V2-2212,BACKTESTER-001,MLSignalStrategyV2-V2,EUR/USD.IDEALPRO,IDEALPRO-1-2212,IDEALPRO-001,IDEALPRO-1-332944,EUR/USD.IDEALPRO-MLSignalStrategyV2-V2,BUY,MARKET,100000.00,1.15287,USD,2.31 USD,TAKER,14fb16d0-1ee7-4b90-91ec-e78bc9ab7f93,2025-06-13 09:00:00+00:00,2025-06-13 09:00:00+00:00,{},False
O-20250613-090000-001-V2-2213,BACKTESTER-001,MLSignalStrategyV2-V2,EUR/USD.IDEALPRO,IDEALPRO-1-2213,IDEALPRO-001,IDEALPRO-1-333115,EUR/USD.IDEALPRO-MLSignalStrategyV2-V2,SELL,STOP_MARKET,100000.00,1.15138,USD,2.30 USD,TAKER,9f96b061-bd4a-48a9-a359-80db08eac3d3,2025-06-13 10:25:00+00:00,2025-06-13 10:25:00+00:00,{},False
O-20250613-103000-001-V2-2215,BACKTESTER-001,MLSignalStrategyV2-V2,EUR/USD.IDEALPRO,IDEALPRO-1-2215,IDEALPRO-001,IDEALPRO-1-333126,EUR/USD.IDEALPRO-MLSignalStrategyV2-V2,BUY,MARKET,100000.00,1.15161,USD,2.30 USD,TAKER,01891039-2152-4386-890e-f61e79227ac0,2025-06-13 10:30:00+00:00,2025-06-13 10:30:00+00:00,{},False
O-20250613-103000-001-V2-2216,BACKTESTER-001,MLSignalStrategyV2-V2,EUR/USD.IDEALPRO,IDEALPRO-1-2216,IDEALPRO-001,IDEALPRO-1-333161,EUR/USD.IDEALPRO-MLSignalStrategyV2-V2,SELL,STOP_MARKET,100000.00,1.15020,USD,2.30 USD,TAKER,b22fcc00-8dff-492c-a9e0-4056cd86d7c3,2025-06-13 10:47:00+00:00,2025-06-13 10:47:00+00:00,{},False
O-20250613-154500-001-V2-2218,BACKTESTER-001,MLSignalStrategyV2-V2,EUR/USD.IDEALPRO,IDEALPRO-1-2218,IDEALPRO-001,IDEALPRO-1-333759,EUR/USD.IDEALPRO-MLSignalStrategyV2-V2,SELL,MARKET,100000.00,1.15629,USD,2.31 USD,TAKER,3272a8eb-4a3e-488b-98ea-8a1b073767c5,2025-06-13 15:45:00+00:00,2025-06-13 15:45:00+00:00,{},False
O-20250613-154500-001-V2-2220,BACKTESTER-001,MLSignalStrategyV2-V2,EUR/USD.IDEALPRO,IDEALPRO-1-2220,IDEALPRO-001,IDEALPRO-1-333945,EUR/USD.IDEALPRO-MLSignalStrategyV2-V2,BUY,LIMIT,100000.00,1.15447,USD,2.31 USD,MAKER,535ad339-be69-4388-8c83-c23ccfd781a4,2025-06-13 17:18:00+00:00,2025-06-13 17:18:00+00:00,{},False
O-20250615-213000-001-V2-2221,BACKTESTER-001,MLSignalStrategyV2-V2,EUR/USD.IDEALPRO,IDEALPRO-1-2221,IDEALPRO-001,IDEALPRO-1-334420,EUR/USD.IDEALPRO-MLSignalStrategyV2-V2,BUY,MARKET,100000.00,1.15325,USD,2.31 USD,TAKER,b5196d6b-6f3c-40c1-9bfd-0e2a8908cfcd,2025-06-15 21:30:00+00:00,2025-06-15 21:30:00+00:00,{},False
O-20250615-213000-001-V2-2223,BACKTESTER-001,MLSignalStrategyV2-V2,EUR/USD.IDEALPRO,IDEALPRO-1-2223,IDEALPRO-001,IDEALPRO-1-334581,EUR/USD.IDEALPRO-MLSignalStrategyV2-V2,SELL,LIMIT,100000.00,1.15473,USD,2.31 USD,MAKER,58660e1b-a67b-47e1-bf5c-c7f1ae996b43,2025-06-15 22:50:00+00:00,2025-06-15 22:50:00+00:00,{},False
O-20250615-230000-001-V2-2224,BACKTESTER-001,MLSignalStrategyV2-V2,EUR/USD.IDEALPRO,IDEALPRO-1-2224,IDEALPRO-001,IDEALPRO-1-334602,EUR/USD.IDEALPRO-MLSignalStrategyV2-V2,BUY,MARKET,100000.00,1.15414,USD,2.31 USD,TAKER,f11d6a2c-88bc-46a6-a383-c5d9b11f8e85,2025-06-15 23:00:00+00:00,2025-06-15 23:00:00+00:00,{},False
O-20250615-230000-001-V2-2225,BACKTESTER-001,MLSignalStrategyV2-V2,EUR/USD.IDEALPRO,IDEALPRO-1-2225,IDEALPRO-001,IDEALPRO-1-334627,EUR/USD.IDEALPRO-MLSignalStrategyV2-V2,SELL,STOP_MARKET,100000.00,1.15308,USD,2.31 USD,TAKER,125ef77b-2a01-4914-b843-95ff281319c1,2025-06-15 23:12:00+00:00,2025-06-15 23:12:00+00:00,{},False
O-20250615-231500-001-V2-2227,BACKTESTER-001,MLSignalStrategyV2-V2,EUR/USD.IDEALPRO,IDEALPRO-1-2227,IDEALPRO-001,IDEALPRO-1-334634,EUR/USD.IDEALPRO-MLSignalStrategyV2-V2,BUY,MARKET,100000.00,1.15301,USD,2.31 USD,TAKER,02c37e8e-e9f0-4cd8-9fe8-0d4f9e11e8d0,2025-06-15 23:15:00+00:00,2025-06-15 23:15:00+00:00,{},False
O-20250615-231500-001-V2-2229,BACKTESTER-001,MLSignalStrategyV2-V2,EUR/USD.IDEALPRO,IDEALPRO-1-2229,IDEALPRO-001,IDEALPRO-1-334751,EUR/USD.IDEALPRO-MLSignalStrategyV2-V2,SELL,LIMIT,100000.00,1.15450,USD,2.31 USD,MAKER,b0d43eff-4b8d-452c-9c58-178adc5f162d,2025-06-16 00:13:00+00:00,2025-06-16 00:13:00+00:00,{},False
O-20250616-023000-001-V2-2230,BACKTESTER-001,MLSignalStrategyV2-V2,EUR/USD.IDEALPRO,IDEALPRO-1-2230,IDEALPRO-001,IDEALPRO-1-335026,EUR/USD.IDEALPRO-MLSignalStrategyV2-V2,SELL,MARKET,100000.00,1.15321,USD,2.31 USD,TAKER,3fb4ebe3-fadf-41a1-97ee-7bee71eaf70a,2025-06-16 02:30:00+00:00,2025-06-16 02:30:00+00:00,{},False
O-20250616-023000-001-V2-2231,BACKTESTER-001,MLSignalStrategyV2-V2,EUR/USD.IDEALPRO,IDEALPRO-1-2231,IDEALPRO-001,IDEALPRO-1-335335,EUR/USD.IDEALPRO-MLSignalStrategyV2-V2,BUY,STOP_MARKET,100000.00,1.15414,USD,2.31 USD,TAKER,896cfd11-20fa-4238-b58b-b487e3f5342c,2025-06-16 05:04:00+00:00,2025-06-16 05:04:00+00:00,{},False
O-20250616-051500-001-V2-2233,BACKTESTER-001,MLSignalStrategyV2-V2,EUR/USD.IDEALPRO,IDEALPRO-1-2233,IDEALPRO-001,IDEALPRO-1-335359,EUR/USD.IDEALPRO-MLSignalStrategyV2-V2,BUY,MARKET,100000.00,1.15463,USD,2.31 USD,TAKER,84728fe1-1fde-4061-be74-1a4f4fa5a229,2025-06-16 05:15:00+00:00,2025-06-16 05:15:00+00:00,{},False
O-20250616-051500-001-V2-2235,BACKTESTER-001,MLSignalStrategyV2-V2,EUR/USD.IDEALPRO,IDEALPRO-1-2235,IDEALPRO-001,IDEALPRO-1-335383,EUR/USD.IDEALPRO-MLSignalStrategyV2-V2,SELL,LIMIT,100000.00,1.15584,USD,2.31 USD,MAKER,dac772f1-b73a-4d15-85d7-1cfe9fec51a0,2025-06-16 05:27:00+00:00,2025-06-16 05:27:00+00:00,{},False
O-20250616-073000-001-V2-2236,BACKTESTER-001,MLSignalStrategyV2-V2,EUR/USD.IDEALPRO,IDEALPRO-1-2236,IDEALPRO-001,IDEALPRO-1-335630,EUR/USD.IDEALPRO-MLSignalStrategyV2-V2,SELL,MARKET,100000.00,1.15817,USD,2.32 USD,TAKER,4aba3926-c5d4-4a2f-99c5-aa3dab9c305b,2025-06-16 07:30:00+00:00,2025-06-16 07:30:00+00:00,{},False
O-20250616-073000-001-V2-2237,BACKTESTER-001,MLSignalStrategyV2-V2,EUR/USD.IDEALPRO,IDEALPRO-1-2237,IDEALPRO-001,IDEALPRO-1-336305,EUR/USD.IDEALPRO-MLSignalStrategyV2-V2,BUY,STOP_MARKET,100000.00,1.15960,USD,2.32 USD,TAKER,8dcc4c03-ebf1-475c-87e6-6a93032b9823,2025-06-16 13:07:00+00:00,2025-06-16 13:07:00+00:00,{},False
O-20250616-141500-001-V2-2239,BACKTESTER-001,MLSignalStrategyV2-V2,EUR/USD.IDEALPRO,IDEALPRO-1-2239,IDEALPRO-001,IDEALPRO-1-336442,EUR/USD.IDEALPRO-MLSignalStrategyV2-V2,SELL,MARKET,100000.00,1.16094,USD,2.32 USD,TAKER,4c721f83-ddd9-4fac-b27a-5ba9fec8ea80,2025-06-16 14:15:00+00:00,2025-06-16 14:15:00+00:00,{},False
O-20250616-141500-001-V2-2241,BACKTESTER-001,MLSignalStrategyV2-V2,EUR/USD.IDEALPRO,IDEALPRO-1-2241,IDEALPRO-001,IDEALPRO-1-336507,EUR/USD.IDEALPRO-MLSignalStrategyV2-V2,BUY,LIMIT,100000.00,1.15915,USD,2.32 USD,MAKER,ed32ba6e-a165-4a24-bbc3-fd7393200f29,2025-06-16 14:47:00+00:00,2025-06-16 14:47:00+00:00,{},False
O-20250616-150000-001-V2-2242,BACKTESTER-001,MLSignalStrategyV2-V2,EUR/USD.IDEALPRO,IDEALPRO-1-2242,IDEALPRO-001,IDEALPRO-1-336534,EUR/USD.IDEALPRO-MLSignalStrategyV2-V2,SELL,MARKET,100000.00,1.15915,USD,2.32 USD,TAKER,bb717989-da49-4a96-8d75-4ecbde79c718,2025-06-16 15:00:00+00:00,2025-06-16 15:00:00+00:00,{},False
O-20250616-150000-001-V2-2244,BACKTESTER-001,MLSignalStrategyV2-V2,EUR/USD.IDEALPRO,IDEALPRO-1-2244,IDEALPRO-001,IDEALPRO-1-336797,EUR/USD.IDEALPRO-MLSignalStrategyV2-V2,BUY,LIMIT,100000.00,1.15739,USD,2.31 USD,MAKER,4a39ed82-0bab-4cb6-aedf-ed02d297d3b1,2025-06-16 17:11:00+00:00,2025-06-16 17:11:00+00:00,{},False
O-20250616-200000-001-V2-2245,BACKTESTER-001,MLSignalStrategyV2-V2,EUR/USD.IDEALPRO,IDEALPRO-1-2245,IDEALPRO-001,IDEALPRO-1-337136,EUR/USD.IDEALPRO-MLSignalStrategyV2-V2,BUY,MARKET,100000.00,1.15556,USD,2.31 USD,TAKER,d04d2163-5650-4f8a-b57e-410cdce4aa76,2025-06-16 20:00:00+00:00,2025-06-16 20:00:00+00:00,{},False
O-20250616-200000-001-V2-2247,BACKTESTER-001,MLSignalStrategyV2-V2,EUR/USD.IDEALPRO,IDEALPRO-1-2247,IDEALPRO-001,IDEALPRO-1-337259,EUR/USD.IDEALPRO-MLSignalStrategyV2-V2,SELL,LIMIT,100000.00,1.15667,USD,2.31 USD,MAKER,f50e34b4-6558-487c-8c01-ddb7d0542719,2025-06-16 21:16:00+00:00,2025-06-16 21:16:00+00:00,{},False
O-20250616-224500-001-V2-2248,BACKTESTER-001,MLSignalStrategyV2-V2,EUR/USD.IDEALPRO,IDEALPRO-1-2248,IDEALPRO-001,IDEALPRO-1-337438,EUR/USD.IDEALPRO-MLSignalStrategyV2-V2,BUY,MARKET,100000.00,1.15569,USD,2.31 USD,TAKER,2214cf1d-2a81-4d1e-bfa7-c8d647cdb540,2025-06-16 22:45:00+00:00,2025-06-16 22:45:00+00:00,{},False
O-20250616-224500-001-V2-2249,BACKTESTER-001,MLSignalStrategyV2-V2,EUR/USD.IDEALPRO,IDEALPRO-1-2249,IDEALPRO-001,IDEALPRO-1-337581,EUR/USD.IDEALPRO-MLSignalStrategyV2-V2,SELL,STOP_MARKET,100000.00,1.15508,USD,2.31 USD,TAKER,70761ad5-e69d-485e-a2fc-ee6a3fc4be68,2025-06-16 23:56:00+00:00,2025-06-16 23:56:00+00:00,{},False
O-20250617-010000-001-V2-2251,BACKTESTER-001,MLSignalStrategyV2-V2,EUR/USD.IDEALPRO,IDEALPRO-1-2251,IDEALPRO-001,IDEALPRO-1-337710,EUR/USD.IDEALPRO-MLSignalStrategyV2-V2,SELL,MARKET,100000.00,1.15499,USD,2.31 USD,TAKER,a8ebc249-8b09-42bb-beed-1d797a085f4b,2025-06-17 01:00:00+00:00,2025-06-17 01:00:00+00:00,{},False
O-20250617-010000-001-V2-2252,BACKTESTER-001,MLSignalStrategyV2-V2,EUR/USD.IDEALPRO,IDEALPRO-1-2252,IDEALPRO-001,IDEALPRO-1-337749,EUR/USD.IDEALPRO-MLSignalStrategyV2-V2,BUY,STOP_MARKET,100000.00,1.15569,USD,2.31 USD,TAKER,568a8ae7-f329-4ec9-b30d-0b273bcd207e,2025-06-17 01:19:00+00:00,2025-06-17 01:19:00+00:00,{},False
O-20250617-014500-001-V2-2254,BACKTESTER-001,MLSignalStrategyV2-V2,EUR/USD.IDEALPRO,IDEALPRO-1-2254,IDEALPRO-001,IDEALPRO-1-337802,EUR/USD.IDEALPRO-MLSignalStrategyV2-V2,SELL,MARKET,100000.00,1.15544,USD,2.31 USD,TAKER,d2d30c53-81f6-4756-be1d-5bc8f9f9b381,2025-06-17 01:45:00+00:00,2025-06-17 01:45:00+00:00,{},False
O-20250617-014500-001-V2-2255,BACKTESTER-001,MLSignalStrategyV2-V2,EUR/USD.IDEALPRO,IDEALPRO-1-2255,IDEALPRO-001,IDEALPRO-1-337819,EUR/USD.IDEALPRO-MLSignalStrategyV2-V2,BUY,STOP_MARKET,100000.00,1.15605,USD,2.31 USD,TAKER,eef645ad-01a6-4181-adf9-051576c0bce4,2025-06-17 01:53:00+00:00,2025-06-17 01:53:00+00:00,{},False
O-20250617-021500-001-V2-2257,BACKTESTER-001,MLSignalStrategyV2-V2,EUR/USD.IDEALPRO,IDEALPRO-1-2257,IDEALPRO-001,IDEALPRO-1-337864,EUR/USD.IDEALPRO-MLSignalStrategyV2-V2,SELL,MARKET,100000.00,1.15502,USD,2.31 USD,TAKER,ec4d70a0-453f-465e-8de3-939e45f0d0a8,2025-06-17 02:15:00+00:00,2025-06-17 02:15:00+00:00,{},False
O-20250617-021500-001-V2-2258,BACKTESTER-001,MLSignalStrategyV2-V2,EUR/USD.IDEALPRO,IDEALPRO-1-2258,IDEALPRO-001,IDEALPRO-1-337941,EUR/USD.IDEALPRO-MLSignalStrategyV2-V2,BUY,STOP_MARKET,100000.00,1.15569,USD,2.31 USD,TAKER,d07d85f8-77a7-453d-a0f9-44adbad63f75,2025-06-17 02:53:00+00:00,2025-06-17 02:53:00+00:00,{},False
O-20250617-094500-001-V2-2260,BACKTESTER-001,MLSignalStrategyV2-V2,EUR/USD.IDEALPRO,IDEALPRO-1-2260,IDEALPRO-001,IDEALPRO-1-338767,EUR/USD.IDEALPRO-MLSignalStrategyV2-V2,BUY,MARKET,100000.00,1.15579,USD,2.31 USD,TAKER,8c368c0e-9b67-4ba5-bb55-16e556979bb0,2025-06-17 09:45:00+00:00,2025-06-17 09:45:00+00:00,{},False
O-20250617-094500-001-V2-2262,BACKTESTER-001,MLSignalStrategyV2-V2,EUR/USD.IDEALPRO,IDEALPRO-1-2262,IDEALPRO-001,IDEALPRO-1-338921,EUR/USD.IDEALPRO-MLSignalStrategyV2-V2,SELL,LIMIT,100000.00,1.15697,USD,2.31 USD,MAKER,0d4a1da9-35a1-4c4d-bea1-2580b04e7c5f,2025-06-17 11:02:00+00:00,2025-06-17 11:02:00+00:00,{},False
O-20250617-163000-001-V2-2263,BACKTESTER-001,MLSignalStrategyV2-V2,EUR/USD.IDEALPRO,IDEALPRO-1-2263,IDEALPRO-001,IDEALPRO-1-339578,EUR/USD.IDEALPRO-MLSignalStrategyV2-V2,BUY,MARKET,100000.00,1.15239,USD,2.30 USD,TAKER,8a0453fa-2ce4-41dd-a678-e027b98beaba,2025-06-17 16:30:00+00:00,2025-06-17 16:30:00+00:00,{},False
O-20250617-163000-001-V2-2264,BACKTESTER-001,MLSignalStrategyV2-V2,EUR/USD.IDEALPRO,IDEALPRO-1-2264,IDEALPRO-001,IDEALPRO-1-339617,EUR/USD.IDEALPRO-MLSignalStrategyV2-V2,SELL,STOP_MARKET,100000.00,1.15095,USD,2.30 USD,TAKER,1d6190ff-545d-476e-9e96-8260f8c7a77e,2025-06-17 16:49:00+00:00,2025-06-17 16:49:00+00:00,{},False
O-20250617-171500-001-V2-2266,BACKTESTER-001,MLSignalStrategyV2-V2,EUR/USD.IDEALPRO,IDEALPRO-1-2266,IDEALPRO-001,IDEALPRO-1-339671,EUR/USD.IDEALPRO-MLSignalStrategyV2-V2,BUY,MARKET,100000.00,1.14974,USD,2.30 USD,TAKER,c77a3cde-7efc-4521-b508-852eba14c8e2,2025-06-17 17:15:00+00:00,2025-06-17 17:15:00+00:00,{},False
O-20250617-171500-001-V2-2267,BACKTESTER-001,MLSignalStrategyV2-V2,EUR/USD.IDEALPRO,IDEALPRO-1-2267,IDEALPRO-001,IDEALPRO-1-339733,EUR/USD.IDEALPRO-MLSignalStrategyV2-V2,SELL,STOP_MARKET,100000.00,1.14829,USD,2.30 USD,TAKER,82bd7a48-78a0-44f5-bd2a-acee57f8e435,2025-06-17 17:46:00+00:00,2025-06-17 17:46:00+00:00,{},False
O-20250617-200000-001-V2-2269,BACKTESTER-001,MLSignalStrategyV2-V2,EUR/USD.IDEALPRO,IDEALPRO-1-2269,IDEALPRO-001,IDEALPRO-1-340002,EUR/USD.IDEALPRO-MLSignalStrategyV2-V2,BUY,MARKET,100000.00,1.14848,USD,2.30 USD,TAKER,c2819624-5a5b-4725-a85d-0f01bca00c99,2025-06-17 20:00:00+00:00,2025-06-17 20:00:00+00:00,{},False
O-20250617-200000-001-V2-2270,BACKTESTER-001,MLSignalStrategyV2-V2,EUR/USD.IDEALPRO,IDEALPRO-1-2270,IDEALPRO-001,IDEALPRO-1-340033,EUR/USD.IDEALPRO-MLSignalStrategyV2-V2,SELL,STOP_MARKET,100000.00,1.14755,USD,2.30 USD,TAKER,c5f1cf20-1e4f-4bcf-8162-85a645019bcf,2025-06-17 20:15:00+00:00,2025-06-17 20:15:00+00:00,{},False
O-20250617-201500-001-V2-2272,BACKTESTER-001,MLSignalStrategyV2-V2,EUR/USD.IDEALPRO,IDEALPRO-1-2272,IDEALPRO-001,IDEALPRO-1-340034,EUR/USD.IDEALPRO-MLSignalStrategyV2-V2,BUY,MARKET,100000.00,1.14759,USD,2.30 USD,TAKER,6a81e8a8-b87b-46cd-988b-acd4e062e045,2025-06-17 20:15:00+00:00,2025-06-17 20:15:00+00:00,{},False
O-20250617-201500-001-V2-2274,BACKTESTER-001,MLSignalStrategyV2-V2,EUR/USD.IDEALPRO,IDEALPRO-1-2274,IDEALPRO-001,IDEALPRO-1-340471,EUR/USD.IDEALPRO-MLSignalStrategyV2-V2,SELL,LIMIT,100000.00,1.14912,USD,2.30 USD,MAKER,7332d772-8ce2-4c9e-bf09-748cd60f0af8,2025-06-18 00:08:00+00:00,2025-06-18 00:08:00+00:00,{},False
O-20250618-041500-001-V2-2275,BACKTESTER-001,MLSignalStrategyV2-V2,EUR/USD.IDEALPRO,IDEALPRO-1-2275,IDEALPRO-001,IDEALPRO-1-340966,EUR/USD.IDEALPRO-MLSignalStrategyV2-V2,BUY,MARKET,100000.00,1.15000,USD,2.30 USD,TAKER,d1a533ad-60f2-4b23-be56-35b7cea55501,2025-06-18 04:15:00+00:00,2025-06-18 04:15:00+00:00,{},False
O-20250618-041500-001-V2-2277,BACKTESTER-001,MLSignalStrategyV2-V2,EUR/USD.IDEALPRO,IDEALPRO-1-2277,IDEALPRO-001,IDEALPRO-1-341051,EUR/USD.IDEALPRO-MLSignalStrategyV2-V2,SELL,LIMIT,100000.00,1.15081,USD,2.30 USD,MAKER,0f7afab4-aeb4-40af-857d-1aad51821d2d,2025-06-18 04:57:00+00:00,2025-06-18 04:57:00+00:00,{},False
O-20250618-101500-001-V2-2278,BACKTESTER-001,MLSignalStrategyV2-V2,EUR/USD.IDEALPRO,IDEALPRO-1-2278,IDEALPRO-001,IDEALPRO-1-341689,EUR/USD.IDEALPRO-MLSignalStrategyV2-V2,BUY,MARKET,100000.00,1.15065,USD,2.30 USD,TAKER,137adc03-8149-47a1-bd8b-2be68a5d7e6a,2025-06-18 10:15:00+00:00,2025-06-18 10:15:00+00:00,{},False
O-20250618-101500-001-V2-2279,BACKTESTER-001,MLSignalStrategyV2-V2,EUR/USD.IDEALPRO,IDEALPRO-1-2279,IDEALPRO-001,IDEALPRO-1-341767,EUR/USD.IDEALPRO-MLSignalStrategyV2-V2,SELL,STOP_MARKET,100000.00,1.14973,USD,2.30 USD,TAKER,9fd1cf5a-b7ad-4efe-aeb8-85af3961e9eb,2025-06-18 10:54:00+00:00,2025-06-18 10:54:00+00:00,{},False
O-20250618-203000-001-V2-2281,BACKTESTER-001,MLSignalStrategyV2-V2,EUR/USD.IDEALPRO,IDEALPRO-1-2281,IDEALPRO-001,IDEALPRO-1-342920,EUR/USD.IDEALPRO-MLSignalStrategyV2-V2,BUY,MARKET,100000.00,1.14785,USD,2.30 USD,TAKER,17dc9fed-e2a9-4c1c-baf0-56c472f6ec90,2025-06-18 20:30:00+00:00,2025-06-18 20:30:00+00:00,{},False
O-20250618-203000-001-V2-2282,BACKTESTER-001,MLSignalStrategyV2-V2,EUR/USD.IDEALPRO,IDEALPRO-1-2282,IDEALPRO-001,IDEALPRO-1-343445,EUR/USD.IDEALPRO-MLSignalStrategyV2-V2,SELL,STOP_MARKET,100000.00,1.14634,USD,2.29 USD,TAKER,1fbe7af1-0129-42f0-be99-c4fe9cb6937d,2025-06-19 01:07:00+00:00,2025-06-19 01:07:00+00:00,{},False
O-20250619-040000-001-V2-2284,BACKTESTER-001,MLSignalStrategyV2-V2,EUR/USD.IDEALPRO,IDEALPRO-1-2284,IDEALPRO-001,IDEALPRO-1-343793,EUR/USD.IDEALPRO-MLSignalStrategyV2-V2,SELL,MARKET,100000.00,1.14659,USD,2.29 USD,TAKER,25362011-1ee2-4f61-8e0a-e2d9d40b459b,2025-06-19 04:00:00+00:00,2025-06-19 04:00:00+00:00,{},False
O-20250619-040000-001-V2-2286,BACKTESTER-001,MLSignalStrategyV2-V2,EUR/USD.IDEALPRO,IDEALPRO-1-2286,IDEALPRO-001,IDEALPRO-1-344011,EUR/USD.IDEALPRO-MLSignalStrategyV2-V2,BUY,LIMIT,100000.00,1.14558,USD,2.29 USD,MAKER,247c20bb-64d4-4b20-aad5-282638ce531c,2025-06-19 05:49:00+00:00,2025-06-19 05:49:00+00:00,{},False
O-20250619-060000-001-V2-2287,BACKTESTER-001,MLSignalStrategyV2-V2,EUR/USD.IDEALPRO,IDEALPRO-1-2287,IDEALPRO-001,IDEALPRO-1-344034,EUR/USD.IDEALPRO-MLSignalStrategyV2-V2,BUY,MARKET,100000.00,1.14566,USD,2.29 USD,TAKER,03c23c24-930a-455b-8b99-22fb97059777,2025-06-19 06:00:00+00:00,2025-06-19 06:00:00+00:00,{},False
O-20250619-060000-001-V2-2288,BACKTESTER-001,MLSignalStrategyV2-V2,EUR/USD.IDEALPRO,IDEALPRO-1-2288,IDEALPRO-001,IDEALPRO-1-344053,EUR/USD.IDEALPRO-MLSignalStrategyV2-V2,SELL,STOP_MARKET,100000.00,1.14506,USD,2.29 USD,TAKER,4cc25ba9-c928-4733-9ae7-eede253e4bf4,2025-06-19 06:09:00+00:00,2025-06-19 06:09:00+00:00,{},False
O-20250619-061500-001-V2-2290,BACKTESTER-001,MLSignalStrategyV2-V2,EUR/USD.IDEALPRO,IDEALPRO-1-2290,IDEALPRO-001,IDEALPRO-1-344066,EUR/USD.IDEALPRO-MLSignalStrategyV2-V2,SELL,MARKET,100000.00,1.14555,USD,2.29 USD,TAKER,8e9a8491-ddd7-4278-b267-af74aba813f8,2025-06-19 06:15:00+00:00,2025-06-19 06:15:00+00:00,{},False
O-20250619-061500-001-V2-2291,BACKTESTER-001,MLSignalStrategyV2-V2,EUR/USD.IDEALPRO,IDEALPRO-1-2291,IDEALPRO-001,IDEALPRO-1-344135,EUR/USD.IDEALPRO-MLSignalStrategyV2-V2,BUY,STOP_MARKET,100000.00,1.14621,USD,2.29 USD,TAKER,774228c7-d9cc-4794-ac63-961f57af18fa,2025-06-19 06:49:00+00:00,2025-06-19 06:49:00+00:00,{},False
O-20250619-133000-001-V2-2293,BACKTESTER-001,MLSignalStrategyV2-V2,EUR/USD.IDEALPRO,IDEALPRO-1-2293,IDEALPRO-001,IDEALPRO-1-344938,EUR/USD.IDEALPRO-MLSignalStrategyV2-V2,BUY,MARKET,100000.00,1.14799,USD,2.30 USD,TAKER,fbba9972-a7cb-42be-a495-9a50f21fa25d,2025-06-19 13:30:00+00:00,2025-06-19 13:30:00+00:00,{},False
O-20250619-133000-001-V2-2294,BACKTESTER-001,MLSignalStrategyV2-V2,EUR/USD.IDEALPRO,IDEALPRO-1-2294,IDEALPRO-001,IDEALPRO-1-344955,EUR/USD.IDEALPRO-MLSignalStrategyV2-V2,SELL,STOP_MARKET,100000.00,1.14718,USD,2.29 USD,TAKER,454db080-9262-4589-afc6-0e9c4ba6d5ee,2025-06-19 13:38:00+00:00,2025-06-19 13:38:00+00:00,{},False
O-20250619-180000-001-V2-2296,BACKTESTER-001,MLSignalStrategyV2-V2,EUR/USD.IDEALPRO,IDEALPRO-1-2296,IDEALPRO-001,IDEALPRO-1-345480,EUR/USD.IDEALPRO-MLSignalStrategyV2-V2,BUY,MARKET,100000.00,1.14790,USD,2.30 USD,TAKER,30aaa6ee-962b-49ec-b205-80b3f375003f,2025-06-19 18:00:00+00:00,2025-06-19 18:00:00+00:00,{},False
O-20250619-180000-001-V2-2298,BACKTESTER-001,MLSignalStrategyV2-V2,EUR/USD.IDEALPRO,IDEALPRO-1-2298,IDEALPRO-001,IDEALPRO-1-345625,EUR/USD.IDEALPRO-MLSignalStrategyV2-V2,SELL,LIMIT,100000.00,1.14916,USD,2.30 USD,MAKER,36b84c76-7454-46d7-9274-8496b93f0f1d,2025-06-19 19:12:00+00:00,2025-06-19 19:12:00+00:00,{},False
O-20250620-030000-001-V2-2299,BACKTESTER-001,MLSignalStrategyV2-V2,EUR/USD.IDEALPRO,IDEALPRO-1-2299,IDEALPRO-001,IDEALPRO-1-346532,EUR/USD.IDEALPRO-MLSignalStrategyV2-V2,BUY,MARKET,100000.00,1.15183,USD,2.30 USD,TAKER,e4057aa8-790b-45cc-9ca7-86a64f73b959,2025-06-20 03:00:00+00:00,2025-06-20 03:00:00+00:00,{},False
O-20250620-030000-001-V2-2301,BACKTESTER-001,MLSignalStrategyV2-V2,EUR/USD.IDEALPRO,IDEALPRO-1-2301,IDEALPRO-001,IDEALPRO-1-346629,EUR/USD.IDEALPRO-MLSignalStrategyV2-V2,SELL,LIMIT,100000.00,1.15286,USD,2.31 USD,MAKER,ec2105b6-869e-4425-9e66-10878271a812,2025-06-20 03:48:00+00:00,2025-06-20 03:48:00+00:00,{},False
O-20250620-160000-001-V2-2302,BACKTESTER-001,MLSignalStrategyV2-V2,EUR/USD.IDEALPRO,IDEALPRO-1-2302,IDEALPRO-001,IDEALPRO-1-348094,EUR/USD.IDEALPRO-MLSignalStrategyV2-V2,BUY,MARKET,100000.00,1.15198,USD,2.30 USD,TAKER,917f202d-f7f6-40e4-82ed-88e5ee235cc7,2025-06-20 16:00:00+00:00,2025-06-20 16:00:00+00:00,{},False
O-20250620-160000-001-V2-2304,BACKTESTER-001,MLSignalStrategyV2-V2,EUR/USD.IDEALPRO,IDEALPRO-1-2304,IDEALPRO-001,IDEALPRO-1-348193,EUR/USD.IDEALPRO-MLSignalStrategyV2-V2,SELL,LIMIT,100000.00,1.15361,USD,2.31 USD,MAKER,d606fb47-59d2-4100-8dd1-003ac5365b1b,2025-06-20 16:49:00+00:00,2025-06-20 16:49:00+00:00,{},False
O-20250622-213000-001-V2-2305,BACKTESTER-001,MLSignalStrategyV2-V2,EUR/USD.IDEALPRO,IDEALPRO-1-2305,IDEALPRO-001,IDEALPRO-1-348726,EUR/USD.IDEALPRO-MLSignalStrategyV2-V2,BUY,MARKET,100000.00,1.14720,USD,2.29 USD,TAKER,1f115d86-60df-44fa-a8b6-985484e7825d,2025-06-22 21:30:00+00:00,2025-06-22 21:30:00+00:00,{},False
O-20250622-213000-001-V2-2307,BACKTESTER-001,MLSignalStrategyV2-V2,EUR/USD.IDEALPRO,IDEALPRO-1-2307,IDEALPRO-001,IDEALPRO-1-348791,EUR/USD.IDEALPRO-MLSignalStrategyV2-V2,SELL,LIMIT,100000.00,1.14889,USD,2.30 USD,MAKER,e399f87a-f5c1-4c85-8acc-c85e23686f87,2025-06-22 22:02:00+00:00,2025-06-22 22:02:00+00:00,{},False
O-20250622-221500-001-V2-2308,BACKTESTER-001,MLSignalStrategyV2-V2,EUR/USD.IDEALPRO,IDEALPRO-1-2308,IDEALPRO-001,IDEALPRO-1-348818,EUR/USD.IDEALPRO-MLSignalStrategyV2-V2,BUY,MARKET,100000.00,1.14868,USD,2.30 USD,TAKER,d9038869-edca-4450-9fe6-a01a61f0e8de,2025-06-22 22:15:00+00:00,2025-06-22 22:15:00+00:00,{},False
O-20250622-221500-001-V2-2310,BACKTESTER-001,MLSignalStrategyV2-V2,EUR/USD.IDEALPRO,IDEALPRO-1-2310,IDEALPRO-001,IDEALPRO-1-348975,EUR/USD.IDEALPRO-MLSignalStrategyV2-V2,SELL,LIMIT,100000.00,1.15055,USD,2.30 USD,MAKER,89e59124-1427-49eb-a333-f59bc2aff690,2025-06-22 23:33:00+00:00,2025-06-22 23:33:00+00:00,{},False
O-20250623-050000-001-V2-2311,BACKTESTER-001,MLSignalStrategyV2-V2,EUR/USD.IDEALPRO,IDEALPRO-1-2311,IDEALPRO-001,IDEALPRO-1-349630,EUR/USD.IDEALPRO-MLSignalStrategyV2-V2,BUY,MARKET,100000.00,1.14907,USD,2.30 USD,TAKER,7c4c2122-49a8-45e8-87da-fa77d73163e3,2025-06-23 05:00:00+00:00,2025-06-23 05:00:00+00:00,{},False
O-20250623-050000-001-V2-2313,BACKTESTER-001,MLSignalStrategyV2-V2,EUR/USD.IDEALPRO,IDEALPRO-1-2313,IDEALPRO-001,IDEALPRO-1-349675,EUR/USD.IDEALPRO-MLSignalStrategyV2-V2,SELL,LIMIT,100000.00,1.15026,USD,2.30 USD,MAKER,1ff89dd3-a95d-402e-acf6-0c20b7be4b55,2025-06-23 05:22:00+00:00,2025-06-23 05:22:00+00:00,{},False
O-20250623-070000-001-V2-2314,BACKTESTER-001,MLSignalStrategyV2-V2,EUR/USD.IDEALPRO,IDEALPRO-1-2314,IDEALPRO-001,IDEALPRO-1-349873,EUR/USD.IDEALPRO-MLSignalStrategyV2-V2,SELL,MARKET,100000.00,1.15071,USD,2.30 USD,TAKER,87aa1b76-8eaa-4de5-adf1-3e6672adc8f3,2025-06-23 07:00:00+00:00,2025-06-23 07:00:00+00:00,{},False
O-20250623-070000-001-V2-2315,BACKTESTER-001,MLSignalStrategyV2-V2,EUR/USD.IDEALPRO,IDEALPRO-1-2315,IDEALPRO-001,IDEALPRO-1-349875,EUR/USD.IDEALPRO-MLSignalStrategyV2-V2,BUY,STOP_MARKET,100000.00,1.15162,USD,2.30 USD,TAKER,8bfd3a09-4220-41ff-bb88-ba9e3a5b54ee,2025-06-23 07:01:00+00:00,2025-06-23 07:01:00+00:00,{},False
O-20250623-084500-001-V2-2317,BACKTESTER-001,MLSignalStrategyV2-V2,EUR/USD.IDEALPRO,IDEALPRO-1-2317,IDEALPRO-001,IDEALPRO-1-350084,EUR/USD.IDEALPRO-MLSignalStrategyV2-V2,BUY,MARKET,100000.00,1.14875,USD,2.30 USD,TAKER,8e167b75-4b3d-4905-8fc5-a7995fec4c12,2025-06-23 08:45:00+00:00,2025-06-23 08:45:00+00:00,{},False
O-20250623-084500-001-V2-2318,BACKTESTER-001,MLSignalStrategyV2-V2,EUR/USD.IDEALPRO,IDEALPRO-1-2318,IDEALPRO-001,IDEALPRO-1-350123,EUR/USD.IDEALPRO-MLSignalStrategyV2-V2,SELL,STOP_MARKET,100000.00,1.14752,USD,2.30 USD,TAKER,b404dc58-f8b9-4238-9fbb-2d5c360e0423,2025-06-23 09:04:00+00:00,2025-06-23 09:04:00+00:00,{},False
O-20250623-103000-001-V2-2320,BACKTESTER-001,MLSignalStrategyV2-V2,EUR/USD.IDEALPRO,IDEALPRO-1-2320,IDEALPRO-001,IDEALPRO-1-350296,EUR/USD.IDEALPRO-MLSignalStrategyV2-V2,BUY,MARKET,100000.00,1.14678,USD,2.29 USD,TAKER,ccb47f77-dfdf-4fe2-95e3-82c42a84b63b,2025-06-23 10:30:00+00:00,2025-06-23 10:30:00+00:00,{},False
O-20250623-103000-001-V2-2322,BACKTESTER-001,MLSignalStrategyV2-V2,EUR/USD.IDEALPRO,IDEALPRO-1-2322,IDEALPRO-001,IDEALPRO-1-350679,EUR/USD.IDEALPRO-MLSignalStrategyV2-V2,SELL,LIMIT,100000.00,1.14885,USD,2.30 USD,MAKER,68792d31-9111-4c0f-be04-00233b6df051,2025-06-23 13:41:00+00:00,2025-06-23 13:41:00+00:00,{},False
O-20250623-143000-001-V2-2323,BACKTESTER-001,MLSignalStrategyV2-V2,EUR/USD.IDEALPRO,IDEALPRO-1-2323,IDEALPRO-001,IDEALPRO-1-350778,EUR/USD.IDEALPRO-MLSignalStrategyV2-V2,SELL,MARKET,100000.00,1.15299,USD,2.31 USD,TAKER,3723ebe1-9e63-4356-a1f4-613e3db943ab,2025-06-23 14:30:00+00:00,2025-06-23 14:30:00+00:00,{},False
O-20250623-143000-001-V2-2324,BACKTESTER-001,MLSignalStrategyV2-V2,EUR/USD.IDEALPRO,IDEALPRO-1-2324,IDEALPRO-001,IDEALPRO-1-350879,EUR/USD.IDEALPRO-MLSignalStrategyV2-V2,BUY,STOP_MARKET,100000.00,1.15450,USD,2.31 USD,TAKER,fe702b88-e067-4f06-9db6-6c1f53a00c91,2025-06-23 15:20:00+00:00,2025-06-23 15:20:00+00:00,{},False
O-20250623-191500-001-V2-2326,BACKTESTER-001,MLSignalStrategyV2-V2,EUR/USD.IDEALPRO,IDEALPRO-1-2326,IDEALPRO-001,IDEALPRO-1-351351,EUR/USD.IDEALPRO-MLSignalStrategyV2-V2,BUY,MARKET,100000.00,1.15769,USD,2.32 USD,TAKER,3f95f9a1-ad49-43fa-982d-cd13662c393e,2025-06-23 19:15:00+00:00,2025-06-23 19:15:00+00:00,{},False
O-20250623-191500-001-V2-2328,BACKTESTER-001,MLSignalStrategyV2-V2,EUR/USD.IDEALPRO,IDEALPRO-1-2328,IDEALPRO-001,IDEALPRO-1-351665,EUR/USD.IDEALPRO-MLSignalStrategyV2-V2,SELL,LIMIT,100000.00,1.15953,USD,2.32 USD,MAKER,8e445e29-d396-409a-9df1-c229a97f248f,2025-06-23 22:07:00+00:00,2025-06-23 22:07:00+00:00,{},False
O-20250624-004500-001-V2-2329,BACKTESTER-001,MLSignalStrategyV2-V2,EUR/USD.IDEALPRO,IDEALPRO-1-2329,IDEALPRO-001,IDEALPRO-1-351982,EUR/USD.IDEALPRO-MLSignalStrategyV2-V2,BUY,MARKET,100000.00,1.16040,USD,2.32 USD,TAKER,ab986f2a-8d02-4e74-8d28-ebf794af8919,2025-06-24 00:45:00+00:00,2025-06-24 00:45:00+00:00,{},False
O-20250624-004500-001-V2-2330,BACKTESTER-001,MLSignalStrategyV2-V2,EUR/USD.IDEALPRO,IDEALPRO-1-2330,IDEALPRO-001,IDEALPRO-1-351995,EUR/USD.IDEALPRO-MLSignalStrategyV2-V2,SELL,STOP_MARKET,100000.00,1.15897,USD,2.32 USD,TAKER,1f4bb4fe-2ca1-45f4-ae32-4958fe4085c2,2025-06-24 00:51:00+00:00,2025-06-24 00:51:00+00:00,{},False
O-20250624-010000-001-V2-2332,BACKTESTER-001,MLSignalStrategyV2-V2,EUR/USD.IDEALPRO,IDEALPRO-1-2332,IDEALPRO-001,IDEALPRO-1-352014,EUR/USD.IDEALPRO-MLSignalStrategyV2-V2,BUY,MARKET,100000.00,1.15993,USD,2.32 USD,TAKER,8630299d-ca85-4a57-8563-9c4b5cfc63c0,2025-06-24 01:00:00+00:00,2025-06-24 01:00:00+00:00,{},False
O-20250624-010000-001-V2-2333,BACKTESTER-001,MLSignalStrategyV2-V2,EUR/USD.IDEALPRO,IDEALPRO-1-2333,IDEALPRO-001,IDEALPRO-1-352141,EUR/USD.IDEALPRO-MLSignalStrategyV2-V2,SELL,STOP_MARKET,100000.00,1.15897,USD,2.32 USD,TAKER,e0fb856c-42a4-483b-a5d0-8e74a6ce094b,2025-06-24 02:03:00+00:00,2025-06-24 02:03:00+00:00,{},False
O-20250624-041500-001-V2-2335,BACKTESTER-001,MLSignalStrategyV2-V2,EUR/USD.IDEALPRO,IDEALPRO-1-2335,IDEALPRO-001,IDEALPRO-1-352407,EUR/USD.IDEALPRO-MLSignalStrategyV2-V2,BUY,MARKET,100000.00,1.16041,USD,2.32 USD,TAKER,292d4e84-234e-4fbe-b5e0-760484a42a5f,2025-06-24 04:15:00+00:00,2025-06-24 04:15:00+00:00,{},False
O-20250624-041500-001-V2-2337,BACKTESTER-001,MLSignalStrategyV2-V2,EUR/USD.IDEALPRO,IDEALPRO-1-2337,IDEALPRO-001,IDEALPRO-1-352483,EUR/USD.IDEALPRO-MLSignalStrategyV2-V2,SELL,LIMIT,100000.00,1.16141,USD,2.32 USD,MAKER,979394d9-9511-4277-b9a3-619ce24c5dd5,2025-06-24 04:53:00+00:00,2025-06-24 04:53:00+00:00,{},False
O-20250624-080000-001-V2-2338,BACKTESTER-001,MLSignalStrategyV2-V2,EUR/USD.IDEALPRO,IDEALPRO-1-2338,IDEALPRO-001,IDEALPRO-1-352858,EUR/USD.IDEALPRO-MLSignalStrategyV2-V2,BUY,MARKET,100000.00,1.15916,USD,2.32 USD,TAKER,44d1d5d9-3434-42d9-9453-09c519e27c12,2025-06-24 08:00:00+00:00,2025-06-24 08:00:00+00:00,{},False
O-20250624-080000-001-V2-2340,BACKTESTER-001,MLSignalStrategyV2-V2,EUR/USD.IDEALPRO,IDEALPRO-1-2340,IDEALPRO-001,IDEALPRO-1-353029,EUR/USD.IDEALPRO-MLSignalStrategyV2-V2,SELL,LIMIT,100000.00,1.16121,USD,2.32 USD,MAKER,b117090e-114d-4c43-92e9-3331e43b4ba3,2025-06-24 09:25:00+00:00,2025-06-24 09:25:00+00:00,{},False
O-20250624-171500-001-V2-2341,BACKTESTER-001,MLSignalStrategyV2-V2,EUR/USD.IDEALPRO,IDEALPRO-1-2341,IDEALPRO-001,IDEALPRO-1-353970,EUR/USD.IDEALPRO-MLSignalStrategyV2-V2,SELL,MARKET,100000.00,1.16254,USD,2.33 USD,TAKER,09786ef4-8ef1-47c8-ba14-826aba6096cd,2025-06-24 17:15:00+00:00,2025-06-24 17:15:00+00:00,{},False
O-20250624-171500-001-V2-2343,BACKTESTER-001,MLSignalStrategyV2-V2,EUR/USD.IDEALPRO,IDEALPRO-1-2343,IDEALPRO-001,IDEALPRO-1-354345,EUR/USD.IDEALPRO-MLSignalStrategyV2-V2,BUY,LIMIT,100000.00,1.16090,USD,2.32 USD,MAKER,4dd26d6e-7b51-428a-b95c-feeb240b8704,2025-06-24 20:22:00+00:00,2025-06-24 20:22:00+00:00,{},False
O-20250624-220000-001-V2-2344,BACKTESTER-001,MLSignalStrategyV2-V2,EUR/USD.IDEALPRO,IDEALPRO-1-2344,IDEALPRO-001,IDEALPRO-1-354512,EUR/USD.IDEALPRO-MLSignalStrategyV2-V2,SELL,MARKET,100000.00,1.16104,USD,2.32 USD,TAKER,b0734098-14ed-40d7-b79c-f130803886d0,2025-06-24 22:00:00+00:00,2025-06-24 22:00:00+00:00,{},False
O-20250624-220000-001-V2-2345,BACKTESTER-001,MLSignalStrategyV2-V2,EUR/USD.IDEALPRO,IDEALPRO-1-2345,IDEALPRO-001,IDEALPRO-1-354757,EUR/USD.IDEALPRO-MLSignalStrategyV2-V2,BUY,STOP_MARKET,100000.00,1.16166,USD,2.32 USD,TAKER,84fceb2a-7a69-403e-a78f-c875c57e0eef,2025-06-25 00:02:00+00:00,2025-06-25 00:02:00+00:00,{},False
O-20250625-023000-001-V2-2347,BACKTESTER-001,MLSignalStrategyV2-V2,EUR/USD.IDEALPRO,IDEALPRO-1-2347,IDEALPRO-001,IDEALPRO-1-355054,EUR/USD.IDEALPRO-MLSignalStrategyV2-V2,SELL,MARKET,100000.00,1.16247,USD,2.32 USD,TAKER,537741b8-68a9-4619-995e-b2f0163c5629,2025-06-25 02:30:00+00:00,2025-06-25 02:30:00+00:00,{},False
O-20250625-023000-001-V2-2349,BACKTESTER-001,MLSignalStrategyV2-V2,EUR/USD.IDEALPRO,IDEALPRO-1-2349,IDEALPRO-001,IDEALPRO-1-355219,EUR/USD.IDEALPRO-MLSignalStrategyV2-V2,BUY,LIMIT,100000.00,1.16141,USD,2.32 USD,MAKER,5b15b71c-fbd9-4f49-88b9-0db0d695dfd6,2025-06-25 03:52:00+00:00,2025-06-25 03:52:00+00:00,{},False
O-20250625-044500-001-V2-2350,BACKTESTER-001,MLSignalStrategyV2-V2,EUR/USD.IDEALPRO,IDEALPRO-1-2350,IDEALPRO-001,IDEALPRO-1-355327,EUR/USD.IDEALPRO-MLSignalStrategyV2-V2,SELL,MARKET,100000.00,1.16137,USD,2.32 USD,TAKER,5dd06ed0-3750-4984-ae97-7714ff863462,2025-06-25 04:45:00+00:00,2025-06-25 04:45:00+00:00,{},False
O-20250625-044500-001-V2-2351,BACKTESTER-001,MLSignalStrategyV2-V2,EUR/USD.IDEALPRO,IDEALPRO-1-2351,IDEALPRO-001,IDEALPRO-1-355447,EUR/USD.IDEALPRO-MLSignalStrategyV2-V2,BUY,STOP_MARKET,100000.00,1.16189,USD,2.32 USD,TAKER,8dd2eb32-bcae-405b-b6a6-957a82bc9056,2025-06-25 05:45:00+00:00,2025-06-25 05:45:00+00:00,{},False
O-20250625-074500-001-V2-2353,BACKTESTER-001,MLSignalStrategyV2-V2,EUR/USD.IDEALPRO,IDEALPRO-1-2353,IDEALPRO-001,IDEALPRO-1-355688,EUR/USD.IDEALPRO-MLSignalStrategyV2-V2,BUY,MARKET,100000.00,1.16077,USD,2.32 USD,TAKER,945219ed-b28c-49e8-a316-deec6fafe38d,2025-06-25 07:45:00+00:00,2025-06-25 07:45:00+00:00,{},False
O-20250625-074500-001-V2-2354,BACKTESTER-001,MLSignalStrategyV2-V2,EUR/USD.IDEALPRO,IDEALPRO-1-2354,IDEALPRO-001,IDEALPRO-1-355703,EUR/USD.IDEALPRO-MLSignalStrategyV2-V2,SELL,STOP_MARKET,100000.00,1.15975,USD,2.32 USD,TAKER,0dd14d37-4587-4097-b670-f6db1a8d5e06,2025-06-25 07:52:00+00:00,2025-06-25 07:52:00+00:00,{},False
O-20250625-080000-001-V2-2356,BACKTESTER-001,MLSignalStrategyV2-V2,EUR/USD.IDEALPRO,IDEALPRO-1-2356,IDEALPRO-001,IDEALPRO-1-355720,EUR/USD.IDEALPRO-MLSignalStrategyV2-V2,BUY,MARKET,100000.00,1.15990,USD,2.32 USD,TAKER,06836d1c-0257-48d4-b19e-7b1514a90775,2025-06-25 08:00:00+00:00,2025-06-25 08:00:00+00:00,{},False
O-20250625-080000-001-V2-2358,BACKTESTER-001,MLSignalStrategyV2-V2,EUR/USD.IDEALPRO,IDEALPRO-1-2358,IDEALPRO-001,IDEALPRO-1-355825,EUR/USD.IDEALPRO-MLSignalStrategyV2-V2,SELL,LIMIT,100000.00,1.16108,USD,2.32 USD,MAKER,df051cce-adaa-44e0-b308-bd828e8b9333,2025-06-25 08:52:00+00:00,2025-06-25 08:52:00+00:00,{},False
O-20250625-213000-001-V2-2359,BACKTESTER-001,MLSignalStrategyV2-V2,EUR/USD.IDEALPRO,IDEALPRO-1-2359,IDEALPRO-001,IDEALPRO-1-357313,EUR/USD.IDEALPRO-MLSignalStrategyV2-V2,BUY,MARKET,100000.00,1.16553,USD,2.33 USD,TAKER,cfc09675-35d9-49e7-9455-a4302db3f18b,2025-06-25 21:30:00+00:00,2025-06-25 21:30:00+00:00,{},False
O-20250625-213000-001-V2-2361,BACKTESTER-001,MLSignalStrategyV2-V2,EUR/USD.IDEALPRO,IDEALPRO-1-2361,IDEALPRO-001,IDEALPRO-1-357495,EUR/USD.IDEALPRO-MLSignalStrategyV2-V2,SELL,LIMIT,100000.00,1.16646,USD,2.33 USD,MAKER,ddf8d40b-75e6-4aa5-adba-2d4d990e73a1,2025-06-25 23:01:00+00:00,2025-06-25 23:01:00+00:00,{},False
O-20250625-234500-001-V2-2362,BACKTESTER-001,MLSignalStrategyV2-V2,EUR/USD.IDEALPRO,IDEALPRO-1-2362,IDEALPRO-001,IDEALPRO-1-357585,EUR/USD.IDEALPRO-MLSignalStrategyV2-V2,SELL,MARKET,100000.00,1.16772,USD,2.34 USD,TAKER,995582a3-72a4-4df2-a88d-bc644ed22c94,2025-06-25 23:45:00+00:00,2025-06-25 23:45:00+00:00,{},False
O-20250625-234500-001-V2-2363,BACKTESTER-001,MLSignalStrategyV2-V2,EUR/USD.IDEALPRO,IDEALPRO-1-2363,IDEALPRO-001,IDEALPRO-1-357601,EUR/USD.IDEALPRO-MLSignalStrategyV2-V2,BUY,STOP_MARKET,100000.00,1.16833,USD,2.34 USD,TAKER,021e4db7-9624-4af5-9243-aa4dc37531c3,2025-06-25 23:53:00+00:00,2025-06-25 23:53:00+00:00,{},False
O-20250626-000000-001-V2-2365,BACKTESTER-001,MLSignalStrategyV2-V2,EUR/USD.IDEALPRO,IDEALPRO-1-2365,IDEALPRO-001,IDEALPRO-1-357616,EUR/USD.IDEALPRO-MLSignalStrategyV2-V2,SELL,MARKET,100000.00,1.16833,USD,2.34 USD,TAKER,d3035e1d-b450-47ed-a952-0c5b0da89775,2025-06-26 00:00:00+00:00,2025-06-26 00:00:00+00:00,{},False
O-20250626-000000-001-V2-2367,BACKTESTER-001,MLSignalStrategyV2-V2,EUR/USD.IDEALPRO,IDEALPRO-1-2367,IDEALPRO-001,IDEALPRO-1-357773,EUR/USD.IDEALPRO-MLSignalStrategyV2-V2,BUY,LIMIT,100000.00,1.16732,USD,2.33 USD,MAKER,d4e2660f-bb57-47ad-b98a-ced17d17bf6d,2025-06-26 01:18:00+00:00,2025-06-26 01:18:00+00:00,{},False
O-20250626-033000-001-V2-2368,BACKTESTER-001,MLSignalStrategyV2-V2,EUR/USD.IDEALPRO,IDEALPRO-1-2368,IDEALPRO-001,IDEALPRO-1-358038,EUR/USD.IDEALPRO-MLSignalStrategyV2-V2,SELL,MARKET,100000.00,1.16949,USD,2.34 USD,TAKER,9417bc00-9bfc-41b4-916f-75c8f28891b9,2025-06-26 03:30:00+00:00,2025-06-26 03:30:00+00:00,{},False
O-20250626-033000-001-V2-2370,BACKTESTER-001,MLSignalStrategyV2-V2,EUR/USD.IDEALPRO,IDEALPRO-1-2370,IDEALPRO-001,IDEALPRO-1-358213,EUR/USD.IDEALPRO-MLSignalStrategyV2-V2,BUY,LIMIT,100000.00,1.16796,USD,2.34 USD,MAKER,93eaf98e-8851-480c-8ae1-e8030e829988,2025-06-26 04:57:00+00:00,2025-06-26 04:57:00+00:00,{},False
O-20250626-063000-001-V2-2371,BACKTESTER-001,MLSignalStrategyV2-V2,EUR/USD.IDEALPRO,IDEALPRO-1-2371,IDEALPRO-001,IDEALPRO-1-358401,EUR/USD.IDEALPRO-MLSignalStrategyV2-V2,SELL,MARKET,100000.00,1.16776,USD,2.34 USD,TAKER,1bee0fca-52f9-42e9-aba0-2d61e3f68748,2025-06-26 06:30:00+00:00,2025-06-26 06:30:00+00:00,{},False
O-20250626-063000-001-V2-2372,BACKTESTER-001,MLSignalStrategyV2-V2,EUR/USD.IDEALPRO,IDEALPRO-1-2372,IDEALPRO-001,IDEALPRO-1-358427,EUR/USD.IDEALPRO-MLSignalStrategyV2-V2,BUY,STOP_MARKET,100000.00,1.16867,USD,2.34 USD,TAKER,262e5a39-20b4-44a3-8b96-dc7cf205cd13,2025-06-26 06:43:00+00:00,2025-06-26 06:43:00+00:00,{},False
O-20250626-090000-001-V2-2374,BACKTESTER-001,MLSignalStrategyV2-V2,EUR/USD.IDEALPRO,IDEALPRO-1-2374,IDEALPRO-001,IDEALPRO-1-358703,EUR/USD.IDEALPRO-MLSignalStrategyV2-V2,SELL,MARKET,100000.00,1.17278,USD,2.35 USD,TAKER,d63e206e-caee-4c34-ac85-87b8541cd5c8,2025-06-26 09:00:00+00:00,2025-06-26 09:00:00+00:00,{},False
O-20250626-090000-001-V2-2376,BACKTESTER-001,MLSignalStrategyV2-V2,EUR/USD.IDEALPRO,IDEALPRO-1-2376,IDEALPRO-001,IDEALPRO-1-358959,EUR/USD.IDEALPRO-MLSignalStrategyV2-V2,BUY,LIMIT,100000.00,1.17077,USD,2.34 USD,MAKER,a526f758-24ac-421e-be4d-f13de0be8967,2025-06-26 11:08:00+00:00,2025-06-26 11:08:00+00:00,{},False
O-20250626-181500-001-V2-2377,BACKTESTER-001,MLSignalStrategyV2-V2,EUR/USD.IDEALPRO,IDEALPRO-1-2377,IDEALPRO-001,IDEALPRO-1-359815,EUR/USD.IDEALPRO-MLSignalStrategyV2-V2,BUY,MARKET,100000.00,1.17271,USD,2.35 USD,TAKER,a1e328c1-ee94-440a-9dfe-c17f166cefd9,2025-06-26 18:15:00+00:00,2025-06-26 18:15:00+00:00,{},False
O-20250626-181500-001-V2-2378,BACKTESTER-001,MLSignalStrategyV2-V2,EUR/USD.IDEALPRO,IDEALPRO-1-2378,IDEALPRO-001,IDEALPRO-1-359877,EUR/USD.IDEALPRO-MLSignalStrategyV2-V2,SELL,STOP_MARKET,100000.00,1.17179,USD,2.34 USD,TAKER,228790f8-2f3b-4267-82b5-725278471bc9,2025-06-26 18:46:00+00:00,2025-06-26 18:46:00+00:00,{},False
O-20250626-213000-001-V2-2380,BACKTESTER-001,MLSignalStrategyV2-V2,EUR/USD.IDEALPRO,IDEALPRO-1-2380,IDEALPRO-001,IDEALPRO-1-360176,EUR/USD.IDEALPRO-MLSignalStrategyV2-V2,BUY,MARKET,100000.00,1.16971,USD,2.34 USD,TAKER,2288bcf1-5868-4de4-b5eb-3ff124e5a224,2025-06-26 21:30:00+00:00,2025-06-26 21:30:00+00:00,{},False
O-20250626-213000-001-V2-2381,BACKTESTER-001,MLSignalStrategyV2-V2,EUR/USD.IDEALPRO,IDEALPRO-1-2381,IDEALPRO-001,IDEALPRO-1-360313,EUR/USD.IDEALPRO-MLSignalStrategyV2-V2,SELL,STOP_MARKET,100000.00,1.16834,USD,2.34 USD,TAKER,16ad1322-73c6-47a3-a650-c9925b57a25f,2025-06-26 22:38:00+00:00,2025-06-26 22:38:00+00:00,{},False
O-20250626-230000-001-V2-2383,BACKTESTER-001,MLSignalStrategyV2-V2,EUR/USD.IDEALPRO,IDEALPRO-1-2383,IDEALPRO-001,IDEALPRO-1-360358,EUR/USD.IDEALPRO-MLSignalStrategyV2-V2,BUY,MARKET,100000.00,1.16832,USD,2.34 USD,TAKER,8f86808c-75d3-4bd5-b1b7-edad1a583de7,2025-06-26 23:00:00+00:00,2025-06-26 23:00:00+00:00,{},False
O-20250626-230000-001-V2-2385,BACKTESTER-001,MLSignalStrategyV2-V2,EUR/USD.IDEALPRO,IDEALPRO-1-2385,IDEALPRO-001,IDEALPRO-1-360431,EUR/USD.IDEALPRO-MLSignalStrategyV2-V2,SELL,LIMIT,100000.00,1.16962,USD,2.34 USD,MAKER,1020f2c8-9d6e-4b45-bebf-3e93bf1cd24b,2025-06-26 23:36:00+00:00,2025-06-26 23:36:00+00:00,{},False
O-20250627-034500-001-V2-2386,BACKTESTER-001,MLSignalStrategyV2-V2,EUR/USD.IDEALPRO,IDEALPRO-1-2386,IDEALPRO-001,IDEALPRO-1-360930,EUR/USD.IDEALPRO-MLSignalStrategyV2-V2,SELL,MARKET,100000.00,1.17050,USD,2.34 USD,TAKER,14de6551-235a-4efc-85f5-df59bbab4b83,2025-06-27 03:45:00+00:00,2025-06-27 03:45:00+00:00,{},False
O-20250627-034500-001-V2-2388,BACKTESTER-001,MLSignalStrategyV2-V2,EUR/USD.IDEALPRO,IDEALPRO-1-2388,IDEALPRO-001,IDEALPRO-1-360963,EUR/USD.IDEALPRO-MLSignalStrategyV2-V2,BUY,LIMIT,100000.00,1.16940,USD,2.34 USD,MAKER,5a0ae644-f25c-4b3b-aa54-174cdd94404d,2025-06-27 04:01:00+00:00,2025-06-27 04:01:00+00:00,{},False
O-20250627-041500-001-V2-2389,BACKTESTER-001,MLSignalStrategyV2-V2,EUR/USD.IDEALPRO,IDEALPRO-1-2389,IDEALPRO-001,IDEALPRO-1-360992,EUR/USD.IDEALPRO-MLSignalStrategyV2-V2,BUY,MARKET,100000.00,1.16953,USD,2.34 USD,TAKER,7473ea2a-31bd-4bc4-829f-93416fcb3233,2025-06-27 04:15:00+00:00,2025-06-27 04:15:00+00:00,{},False
O-20250627-041500-001-V2-2390,BACKTESTER-001,MLSignalStrategyV2-V2,EUR/USD.IDEALPRO,IDEALPRO-1-2390,IDEALPRO-001,IDEALPRO-1-361067,EUR/USD.IDEALPRO-MLSignalStrategyV2-V2,SELL,STOP_MARKET,100000.00,1.16878,USD,2.34 USD,TAKER,764d84b2-31e8-455d-af32-6851884091d1,2025-06-27 04:52:00+00:00,2025-06-27 04:52:00+00:00,{},False
O-20250627-050000-001-V2-2392,BACKTESTER-001,MLSignalStrategyV2-V2,EUR/USD.IDEALPRO,IDEALPRO-1-2392,IDEALPRO-001,IDEALPRO-1-361085,EUR/USD.IDEALPRO-MLSignalStrategyV2-V2,BUY,MARKET,100000.00,1.16852,USD,2.34 USD,TAKER,150e4803-075e-4be3-813e-dc48e0e8721e,2025-06-27 05:00:00+00:00,2025-06-27 05:00:00+00:00,{},False
O-20250627-050000-001-V2-2394,BACKTESTER-001,MLSignalStrategyV2-V2,EUR/USD.IDEALPRO,IDEALPRO-1-2394,IDEALPRO-001,IDEALPRO-1-361243,EUR/USD.IDEALPRO-MLSignalStrategyV2-V2,SELL,LIMIT,100000.00,1.16958,USD,2.34 USD,MAKER,d849e0da-8442-42b2-b6c1-8e223b91091e,2025-06-27 06:19:00+00:00,2025-06-27 06:19:00+00:00,{},False
O-20250627-073000-001-V2-2395,BACKTESTER-001,MLSignalStrategyV2-V2,EUR/USD.IDEALPRO,IDEALPRO-1-2395,IDEALPRO-001,IDEALPRO-1-361386,EUR/USD.IDEALPRO-MLSignalStrategyV2-V2,BUY,MARKET,100000.00,1.17126,USD,2.34 USD,TAKER,f68f0b21-aba7-4fcd-8449-da929c14bf2c,2025-06-27 07:30:00+00:00,2025-06-27 07:30:00+00:00,{},False
O-20250627-073000-001-V2-2396,BACKTESTER-001,MLSignalStrategyV2-V2,EUR/USD.IDEALPRO,IDEALPRO-1-2396,IDEALPRO-001,IDEALPRO-1-361581,EUR/USD.IDEALPRO-MLSignalStrategyV2-V2,SELL,STOP_MARKET,100000.00,1.17015,USD,2.34 USD,TAKER,8eb82f2b-92f8-4d47-ac8d-ead71576a7f6,2025-06-27 09:07:00+00:00,2025-06-27 09:07:00+00:00,{},False
O-20250627-133000-001-V2-2398,BACKTESTER-001,MLSignalStrategyV2-V2,EUR/USD.IDEALPRO,IDEALPRO-1-2398,IDEALPRO-001,IDEALPRO-1-362108,EUR/USD.IDEALPRO-MLSignalStrategyV2-V2,SELL,MARKET,100000.00,1.17239,USD,2.34 USD,TAKER,56239705-4630-45ca-a7af-4ae97da8e7ac,2025-06-27 13:30:00+00:00,2025-06-27 13:30:00+00:00,{},False
O-20250627-133000-001-V2-2399,BACKTESTER-001,MLSignalStrategyV2-V2,EUR/USD.IDEALPRO,IDEALPRO-1-2399,IDEALPRO-001,IDEALPRO-1-362183,EUR/USD.IDEALPRO-MLSignalStrategyV2-V2,BUY,STOP_MARKET,100000.00,1.17386,USD,2.35 USD,TAKER,5347a373-36bd-4adf-9067-72ed6cf3bf9f,2025-06-27 14:07:00+00:00,2025-06-27 14:07:00+00:00,{},False
O-20250627-160000-001-V2-2401,BACKTESTER-001,MLSignalStrategyV2-V2,EUR/USD.IDEALPRO,IDEALPRO-1-2401,IDEALPRO-001,IDEALPRO-1-362410,EUR/USD.IDEALPRO-MLSignalStrategyV2-V2,SELL,MARKET,100000.00,1.17236,USD,2.34 USD,TAKER,64a323c9-aeeb-4561-b89a-5a2b7aa3f256,2025-06-27 16:00:00+00:00,2025-06-27 16:00:00+00:00,{},False
O-20250627-160000-001-V2-2403,BACKTESTER-001,MLSignalStrategyV2-V2,EUR/USD.IDEALPRO,IDEALPRO-1-2403,IDEALPRO-001,IDEALPRO-1-362621,EUR/USD.IDEALPRO-MLSignalStrategyV2-V2,BUY,LIMIT,100000.00,1.17023,USD,2.34 USD,MAKER,4ed26358-1843-4cf7-9c50-de3ba98627f1,2025-06-27 17:45:00+00:00,2025-06-27 17:45:00+00:00,{},False
O-20250627-201500-001-V2-2404,BACKTESTER-001,MLSignalStrategyV2-V2,EUR/USD.IDEALPRO,IDEALPRO-1-2404,IDEALPRO-001,IDEALPRO-1-362922,EUR/USD.IDEALPRO-MLSignalStrategyV2-V2,BUY,MARKET,100000.00,1.17115,USD,2.34 USD,TAKER,bf232c62-e5f2-4566-8f7b-5385f9baa75a,2025-06-27 20:15:00+00:00,2025-06-27 20:15:00+00:00,{},False
O-20250627-201500-001-V2-2406,BACKTESTER-001,MLSignalStrategyV2-V2,EUR/USD.IDEALPRO,IDEALPRO-1-2406,IDEALPRO-001,IDEALPRO-1-363015,EUR/USD.IDEALPRO-MLSignalStrategyV2-V2,SELL,LIMIT,100000.00,1.17275,USD,2.35 USD,MAKER,3004a348-b070-4d36-9ad7-87f073a7c246,2025-06-29 21:16:00+00:00,2025-06-29 21:16:00+00:00,{},False
O-20250629-213000-001-V2-2407,BACKTESTER-001,MLSignalStrategyV2-V2,EUR/USD.IDEALPRO,IDEALPRO-1-2407,IDEALPRO-001,IDEALPRO-1-363044,EUR/USD.IDEALPRO-MLSignalStrategyV2-V2,BUY,MARKET,100000.00,1.17259,USD,2.35 USD,TAKER,a6629a41-afe8-4868-95b3-01894f624ede,2025-06-29 21:30:00+00:00,2025-06-29 21:30:00+00:00,{},False
O-20250629-213000-001-V2-2409,BACKTESTER-001,MLSignalStrategyV2-V2,EUR/USD.IDEALPRO,IDEALPRO-1-2409,IDEALPRO-001,IDEALPRO-1-363263,EUR/USD.IDEALPRO-MLSignalStrategyV2-V2,SELL,LIMIT,100000.00,1.17387,USD,2.35 USD,MAKER,587b829a-d344-46ad-a5bf-f69864bf8daa,2025-06-29 23:19:00+00:00,2025-06-29 23:19:00+00:00,{},False
O-20250629-233000-001-V2-2410,BACKTESTER-001,MLSignalStrategyV2-V2,EUR/USD.IDEALPRO,IDEALPRO-1-2410,IDEALPRO-001,IDEALPRO-1-363286,EUR/USD.IDEALPRO-MLSignalStrategyV2-V2,SELL,MARKET,100000.00,1.17328,USD,2.35 USD,TAKER,70ec154e-65be-4e6a-ab05-429e3ac3b82c,2025-06-29 23:30:00+00:00,2025-06-29 23:30:00+00:00,{},False
O-20250629-233000-001-V2-2412,BACKTESTER-001,MLSignalStrategyV2-V2,EUR/USD.IDEALPRO,IDEALPRO-1-2412,IDEALPRO-001,IDEALPRO-1-363413,EUR/USD.IDEALPRO-MLSignalStrategyV2-V2,BUY,LIMIT,100000.00,1.17219,USD,2.34 USD,MAKER,ebf0175f-4c34-4d78-909f-98bcacc7f870,2025-06-30 00:33:00+00:00,2025-06-30 00:33:00+00:00,{},False
O-20250630-050000-001-V2-2413,BACKTESTER-001,MLSignalStrategyV2-V2,EUR/USD.IDEALPRO,IDEALPRO-1-2413,IDEALPRO-001,IDEALPRO-1-363949,EUR/USD.IDEALPRO-MLSignalStrategyV2-V2,BUY,MARKET,100000.00,1.17304,USD,2.35 USD,TAKER,34105476-facb-4dbe-b571-d601014462c9,2025-06-30 05:00:00+00:00,2025-06-30 05:00:00+00:00,{},False
O-20250630-050000-001-V2-2414,BACKTESTER-001,MLSignalStrategyV2-V2,EUR/USD.IDEALPRO,IDEALPRO-1-2414,IDEALPRO-001,IDEALPRO-1-364069,EUR/USD.IDEALPRO-MLSignalStrategyV2-V2,SELL,STOP_MARKET,100000.00,1.17233,USD,2.34 USD,TAKER,db8ede9a-43f4-4da8-9441-8133b88d7056,2025-06-30 06:00:00+00:00,2025-06-30 06:00:00+00:00,{},False
O-20250630-071500-001-V2-2416,BACKTESTER-001,MLSignalStrategyV2-V2,EUR/USD.IDEALPRO,IDEALPRO-1-2416,IDEALPRO-001,IDEALPRO-1-364220,EUR/USD.IDEALPRO-MLSignalStrategyV2-V2,SELL,MARKET,100000.00,1.17381,USD,2.35 USD,TAKER,2a1576a4-9f12-48ac-af17-46a10a9513b7,2025-06-30 07:15:00+00:00,2025-06-30 07:15:00+00:00,{},False
O-20250630-071500-001-V2-2418,BACKTESTER-001,MLSignalStrategyV2-V2,EUR/USD.IDEALPRO,IDEALPRO-1-2418,IDEALPRO-001,IDEALPRO-1-364313,EUR/USD.IDEALPRO-MLSignalStrategyV2-V2,BUY,LIMIT,100000.00,1.17189,USD,2.34 USD,MAKER,8b288a85-a14d-484c-bf57-cae6ad4b2591,2025-06-30 08:01:00+00:00,2025-06-30 08:01:00+00:00,{},False
O-20250630-104500-001-V2-2419,BACKTESTER-001,MLSignalStrategyV2-V2,EUR/USD.IDEALPRO,IDEALPRO-1-2419,IDEALPRO-001,IDEALPRO-1-364643,EUR/USD.IDEALPRO-MLSignalStrategyV2-V2,SELL,MARKET,100000.00,1.17179,USD,2.34 USD,TAKER,d2f20eb2-d0c2-4ef5-b0f5-74a970be5edb,2025-06-30 10:45:00+00:00,2025-06-30 10:45:00+00:00,{},False
O-20250630-104500-001-V2-2420,BACKTESTER-001,MLSignalStrategyV2-V2,EUR/USD.IDEALPRO,IDEALPRO-1-2420,IDEALPRO-001,IDEALPRO-1-364675,EUR/USD.IDEALPRO-MLSignalStrategyV2-V2,BUY,STOP_MARKET,100000.00,1.17266,USD,2.35 USD,TAKER,43673c4d-4331-470b-8bf2-0ac19b35f1b1,2025-06-30 11:01:00+00:00,2025-06-30 11:01:00+00:00,{},False
O-20250630-124500-001-V2-2422,BACKTESTER-001,MLSignalStrategyV2-V2,EUR/USD.IDEALPRO,IDEALPRO-1-2422,IDEALPRO-001,IDEALPRO-1-364885,EUR/USD.IDEALPRO-MLSignalStrategyV2-V2,BUY,MARKET,100000.00,1.17123,USD,2.34 USD,TAKER,294be6d9-118b-40c2-a07f-c78cd9a2bb7b,2025-06-30 12:45:00+00:00,2025-06-30 12:45:00+00:00,{},False
O-20250630-124500-001-V2-2424,BACKTESTER-001,MLSignalStrategyV2-V2,EUR/USD.IDEALPRO,IDEALPRO-1-2424,IDEALPRO-001,IDEALPRO-1-365057,EUR/USD.IDEALPRO-MLSignalStrategyV2-V2,SELL,LIMIT,100000.00,1.17271,USD,2.35 USD,MAKER,848998ae-badb-4cc8-b2ee-845cb08f4d23,2025-06-30 14:11:00+00:00,2025-06-30 14:11:00+00:00,{},False
O-20250630-170000-001-V2-2425,BACKTESTER-001,MLSignalStrategyV2-V2,EUR/USD.IDEALPRO,IDEALPRO-1-2425,IDEALPRO-001,IDEALPRO-1-365396,EUR/USD.IDEALPRO-MLSignalStrategyV2-V2,SELL,MARKET,100000.00,1.17626,USD,2.35 USD,TAKER,cbcd8d5b-1ac9-41a7-88ec-d16a0fbafbdc,2025-06-30 17:00:00+00:00,2025-06-30 17:00:00+00:00,{},False
O-20250630-170000-001-V2-2426,BACKTESTER-001,MLSignalStrategyV2-V2,EUR/USD.IDEALPRO,IDEALPRO-1-2426,IDEALPRO-001,IDEALPRO-1-365553,EUR/USD.IDEALPRO-MLSignalStrategyV2-V2,BUY,STOP_MARKET,100000.00,1.17776,USD,2.36 USD,TAKER,9907b816-c948-4c70-9e2b-ba065b5d0a15,2025-06-30 18:18:00+00:00,2025-06-30 18:18:00+00:00,{},False
O-20250630-190000-001-V2-2428,BACKTESTER-001,MLSignalStrategyV2-V2,EUR/USD.IDEALPRO,IDEALPRO-1-2428,IDEALPRO-001,IDEALPRO-1-365638,EUR/USD.IDEALPRO-MLSignalStrategyV2-V2,SELL,MARKET,100000.00,1.17759,USD,2.36 USD,TAKER,54beab23-e6ea-46b7-ab50-c51670231897,2025-06-30 19:00:00+00:00,2025-06-30 19:00:00+00:00,{},False
O-20250630-190000-001-V2-2429,BACKTESTER-001,MLSignalStrategyV2-V2,EUR/USD.IDEALPRO,IDEALPRO-1-2429,IDEALPRO-001,IDEALPRO-1-365809,EUR/USD.IDEALPRO-MLSignalStrategyV2-V2,BUY,STOP_MARKET,100000.00,1.17850,USD,2.36 USD,TAKER,e93e464f-ae11-4796-85b6-8698710fe29a,2025-06-30 20:25:00+00:00,2025-06-30 20:25:00+00:00,{},False
O-20250630-220000-001-V2-2431,BACKTESTER-001,MLSignalStrategyV2-V2,EUR/USD.IDEALPRO,IDEALPRO-1-2431,IDEALPRO-001,IDEALPRO-1-365970,EUR/USD.IDEALPRO-MLSignalStrategyV2-V2,BUY,MARKET,100000.00,1.17821,USD,2.36 USD,TAKER,5258c027-684c-4053-95f7-2b3ddf097daf,2025-06-30 22:00:00+00:00,2025-06-30 22:00:00+00:00,{},False
O-20250630-220000-001-V2-2433,BACKTESTER-001,MLSignalStrategyV2-V2,EUR/USD.IDEALPRO,IDEALPRO-1-2433,IDEALPRO-001,IDEALPRO-1-366033,EUR/USD.IDEALPRO-MLSignalStrategyV2-V2,SELL,LIMIT,100000.00,1.17912,USD,2.36 USD,MAKER,fc577f70-19db-429a-9a87-c7dd64dd1239,2025-06-30 22:31:00+00:00,2025-06-30 22:31:00+00:00,{},False
O-20250630-224500-001-V2-2434,BACKTESTER-001,MLSignalStrategyV2-V2,EUR/USD.IDEALPRO,IDEALPRO-1-2434,IDEALPRO-001,IDEALPRO-1-366062,EUR/USD.IDEALPRO-MLSignalStrategyV2-V2,BUY,MARKET,100000.00,1.17871,USD,2.36 USD,TAKER,ef7d6349-52c9-4851-a0ac-2492d116d030,2025-06-30 22:45:00+00:00,2025-06-30 22:45:00+00:00,{},False
O-20250630-224500-001-V2-2436,BACKTESTER-001,MLSignalStrategyV2-V2,EUR/USD.IDEALPRO,IDEALPRO-1-2436,IDEALPRO-001,IDEALPRO-1-366323,EUR/USD.IDEALPRO-MLSignalStrategyV2-V2,SELL,LIMIT,100000.00,1.17965,USD,2.36 USD,MAKER,421bbb14-1462-4325-b655-62c1fd8ab1ce,2025-07-01 00:55:00+00:00,2025-07-01 00:55:00+00:00,{},False
O-20250701-014500-001-V2-2437,BACKTESTER-001,MLSignalStrategyV2-V2,EUR/USD.IDEALPRO,IDEALPRO-1-2437,IDEALPRO-001,IDEALPRO-1-366424,EUR/USD.IDEALPRO-MLSignalStrategyV2-V2,SELL,MARKET,100000.00,1.17880,USD,2.36 USD,TAKER,4d9e7009-6cd2-4db9-8822-86d0fae20b38,2025-07-01 01:45:00+00:00,2025-07-01 01:45:00+00:00,{},False
O-20250701-014500-001-V2-2439,BACKTESTER-001,MLSignalStrategyV2-V2,EUR/USD.IDEALPRO,IDEALPRO-1-2439,IDEALPRO-001,IDEALPRO-1-366963,EUR/USD.IDEALPRO-MLSignalStrategyV2-V2,BUY,LIMIT,100000.00,1.17773,USD,2.36 USD,MAKER,7c948b31-d863-4afa-8e71-96dd8e37ee26,2025-07-01 06:14:00+00:00,2025-07-01 06:14:00+00:00,{},False
O-20250701-070000-001-V2-2440,BACKTESTER-001,MLSignalStrategyV2-V2,EUR/USD.IDEALPRO,IDEALPRO-1-2440,IDEALPRO-001,IDEALPRO-1-367056,EUR/USD.IDEALPRO-MLSignalStrategyV2-V2,SELL,MARKET,100000.00,1.17794,USD,2.36 USD,TAKER,56efbcde-02d7-44d8-abd0-9e9ebf432991,2025-07-01 07:00:00+00:00,2025-07-01 07:00:00+00:00,{},False
O-20250701-070000-001-V2-2442,BACKTESTER-001,MLSignalStrategyV2-V2,EUR/USD.IDEALPRO,IDEALPRO-1-2442,IDEALPRO-001,IDEALPRO-1-367063,EUR/USD.IDEALPRO-MLSignalStrategyV2-V2,BUY,LIMIT,100000.00,1.17692,USD,2.35 USD,MAKER,97eb6d92-d810-476b-ac68-5e1068e4d2dd,2025-07-01 07:03:00+00:00,2025-07-01 07:03:00+00:00,{},False
O-20250701-111500-001-V2-2443,BACKTESTER-001,MLSignalStrategyV2-V2,EUR/USD.IDEALPRO,IDEALPRO-1-2443,IDEALPRO-001,IDEALPRO-1-367568,EUR/USD.IDEALPRO-MLSignalStrategyV2-V2,BUY,MARKET,100000.00,1.18103,USD,2.36 USD,TAKER,394915a7-decc-46a8-b999-68c2171bdfb0,2025-07-01 11:15:00+00:00,2025-07-01 11:15:00+00:00,{},False
O-20250701-111500-001-V2-2444,BACKTESTER-001,MLSignalStrategyV2-V2,EUR/USD.IDEALPRO,IDEALPRO-1-2444,IDEALPRO-001,IDEALPRO-1-367829,EUR/USD.IDEALPRO-MLSignalStrategyV2-V2,SELL,STOP_MARKET,100000.00,1.17963,USD,2.36 USD,TAKER,0d426b66-35bc-465b-9eec-d20d4dafc6a6,2025-07-01 13:25:00+00:00,2025-07-01 13:25:00+00:00,{},False
O-20250701-161500-001-V2-2446,BACKTESTER-001,MLSignalStrategyV2-V2,EUR/USD.IDEALPRO,IDEALPRO-1-2446,IDEALPRO-001,IDEALPRO-1-368170,EUR/USD.IDEALPRO-MLSignalStrategyV2-V2,BUY,MARKET,100000.00,1.17705,USD,2.35 USD,TAKER,f2077f8f-f545-49b6-aa6d-88e91c905e55,2025-07-01 16:15:00+00:00,2025-07-01 16:15:00+00:00,{},False
O-20250701-161500-001-V2-2448,BACKTESTER-001,MLSignalStrategyV2-V2,EUR/USD.IDEALPRO,IDEALPRO-1-2448,IDEALPRO-001,IDEALPRO-1-368521,EUR/USD.IDEALPRO-MLSignalStrategyV2-V2,SELL,LIMIT,100000.00,1.17882,USD,2.36 USD,MAKER,18b940de-b627-455d-9952-e7c80e351a6e,2025-07-01 19:10:00+00:00,2025-07-01 19:10:00+00:00,{},False
O-20250701-204500-001-V2-2449,BACKTESTER-001,MLSignalStrategyV2-V2,EUR/USD.IDEALPRO,IDEALPRO-1-2449,IDEALPRO-001,IDEALPRO-1-368713,EUR/USD.IDEALPRO-MLSignalStrategyV2-V2,SELL,MARKET,100000.00,1.18043,USD,2.36 USD,TAKER,78307320-b42a-41f2-bb3e-1100dc2a4cfa,2025-07-01 20:45:00+00:00,2025-07-01 20:45:00+00:00,{},False
O-20250701-204500-001-V2-2451,BACKTESTER-001,MLSignalStrategyV2-V2,EUR/USD.IDEALPRO,IDEALPRO-1-2451,IDEALPRO-001,IDEALPRO-1-369299,EUR/USD.IDEALPRO-MLSignalStrategyV2-V2,BUY,LIMIT,100000.00,1.17939,USD,2.36 USD,MAKER,2ec5d859-37d2-4c11-9128-c92cd857bfd7,2025-07-02 01:53:00+00:00,2025-07-02 01:53:00+00:00,{},False
O-20250702-030000-001-V2-2452,BACKTESTER-001,MLSignalStrategyV2-V2,EUR/USD.IDEALPRO,IDEALPRO-1-2452,IDEALPRO-001,IDEALPRO-1-369434,EUR/USD.IDEALPRO-MLSignalStrategyV2-V2,SELL,MARKET,100000.00,1.18003,USD,2.36 USD,TAKER,f1a85a0b-5e39-4c4b-80dd-c3800f79f916,2025-07-02 03:00:00+00:00,2025-07-02 03:00:00+00:00,{},False
O-20250702-030000-001-V2-2454,BACKTESTER-001,MLSignalStrategyV2-V2,EUR/USD.IDEALPRO,IDEALPRO-1-2454,IDEALPRO-001,IDEALPRO-1-369699,EUR/USD.IDEALPRO-MLSignalStrategyV2-V2,BUY,LIMIT,100000.00,1.17913,USD,2.36 USD,MAKER,2cb676ac-4a40-416f-b2d0-720b88fd9b2a,2025-07-02 05:12:00+00:00,2025-07-02 05:12:00+00:00,{},False
O-20250702-073000-001-V2-2455,BACKTESTER-001,MLSignalStrategyV2-V2,EUR/USD.IDEALPRO,IDEALPRO-1-2455,IDEALPRO-001,IDEALPRO-1-369977,EUR/USD.IDEALPRO-MLSignalStrategyV2-V2,BUY,MARKET,100000.00,1.17776,USD,2.36 USD,TAKER,5d1ef824-38ee-4bed-bb46-f4317a3495f4,2025-07-02 07:30:00+00:00,2025-07-02 07:30:00+00:00,{},False
O-20250702-073000-001-V2-2456,BACKTESTER-001,MLSignalStrategyV2-V2,EUR/USD.IDEALPRO,IDEALPRO-1-2456,IDEALPRO-001,IDEALPRO-1-369997,EUR/USD.IDEALPRO-MLSignalStrategyV2-V2,SELL,STOP_MARKET,100000.00,1.17710,USD,2.35 USD,TAKER,419870e1-d08f-4832-86da-3b5d06e5be00,2025-07-02 07:40:00+00:00,2025-07-02 07:40:00+00:00,{},False
O-20250702-101500-001-V2-2458,BACKTESTER-001,MLSignalStrategyV2-V2,EUR/USD.IDEALPRO,IDEALPRO-1-2458,IDEALPRO-001,IDEALPRO-1-370308,EUR/USD.IDEALPRO-MLSignalStrategyV2-V2,SELL,MARKET,100000.00,1.17799,USD,2.36 USD,TAKER,617a8b56-1cc7-4b51-bf99-d8b8bd7d85e1,2025-07-02 10:15:00+00:00,2025-07-02 10:15:00+00:00,{},False
O-20250702-101500-001-V2-2460,BACKTESTER-001,MLSignalStrategyV2-V2,EUR/USD.IDEALPRO,IDEALPRO-1-2460,IDEALPRO-001,IDEALPRO-1-370381,EUR/USD.IDEALPRO-MLSignalStrategyV2-V2,BUY,LIMIT,100000.00,1.17675,USD,2.35 USD,MAKER,65e31940-186c-45c5-801c-f389d191c3b7,2025-07-02 10:51:00+00:00,2025-07-02 10:51:00+00:00,{},False
O-20250702-114500-001-V2-2461,BACKTESTER-001,MLSignalStrategyV2-V2,EUR/USD.IDEALPRO,IDEALPRO-1-2461,IDEALPRO-001,IDEALPRO-1-370490,EUR/USD.IDEALPRO-MLSignalStrategyV2-V2,BUY,MARKET,100000.00,1.17573,USD,2.35 USD,TAKER,101be513-5abb-4026-93ae-7fcb18a512c5,2025-07-02 11:45:00+00:00,2025-07-02 11:45:00+00:00,{},False
O-20250702-114500-001-V2-2462,BACKTESTER-001,MLSignalStrategyV2-V2,EUR/USD.IDEALPRO,IDEALPRO-1-2462,IDEALPRO-001,IDEALPRO-1-370517,EUR/USD.IDEALPRO-MLSignalStrategyV2-V2,SELL,STOP_MARKET,100000.00,1.17477,USD,2.35 USD,TAKER,4b331879-163d-43f3-99d7-da61bc7b3a90,2025-07-02 11:58:00+00:00,2025-07-02 11:58:00+00:00,{},False
O-20250702-143000-001-V2-2464,BACKTESTER-001,MLSignalStrategyV2-V2,EUR/USD.IDEALPRO,IDEALPRO-1-2464,IDEALPRO-001,IDEALPRO-1-370823,EUR/USD.IDEALPRO-MLSignalStrategyV2-V2,SELL,MARKET,100000.00,1.17628,USD,2.35 USD,TAKER,0748c137-f03e-48c1-9a9d-88f877b09751,2025-07-02 14:30:00+00:00,2025-07-02 14:30:00+00:00,{},False
O-20250702-143000-001-V2-2465,BACKTESTER-001,MLSignalStrategyV2-V2,EUR/USD.IDEALPRO,IDEALPRO-1-2465,IDEALPRO-001,IDEALPRO-1-370913,EUR/USD.IDEALPRO-MLSignalStrategyV2-V2,BUY,STOP_MARKET,100000.00,1.17785,USD,2.36 USD,TAKER,f671159d-9c7d-4f21-96bb-9c9e378447e3,2025-07-02 15:15:00+00:00,2025-07-02 15:15:00+00:00,{},False
O-20250702-221500-001-V2-2467,BACKTESTER-001,MLSignalStrategyV2-V2,EUR/USD.IDEALPRO,IDEALPRO-1-2467,IDEALPRO-001,IDEALPRO-1-371724,EUR/USD.IDEALPRO-MLSignalStrategyV2-V2,BUY,MARKET,100000.00,1.18001,USD,2.36 USD,TAKER,51143215-2b0a-490d-b216-025edfdc6e29,2025-07-02 22:15:00+00:00,2025-07-02 22:15:00+00:00,{},False
O-20250702-221500-001-V2-2469,BACKTESTER-001,MLSignalStrategyV2-V2,EUR/USD.IDEALPRO,IDEALPRO-1-2469,IDEALPRO-001,IDEALPRO-1-372023,EUR/USD.IDEALPRO-MLSignalStrategyV2-V2,SELL,LIMIT,100000.00,1.18073,USD,2.36 USD,MAKER,bda75c06-6e68-44c8-8768-243a584c7e35,2025-07-03 00:44:00+00:00,2025-07-03 00:44:00+00:00,{},False
O-20250703-030000-001-V2-2470,BACKTESTER-001,MLSignalStrategyV2-V2,EUR/USD.IDEALPRO,IDEALPRO-1-2470,IDEALPRO-001,IDEALPRO-1-372297,EUR/USD.IDEALPRO-MLSignalStrategyV2-V2,SELL,MARKET,100000.00,1.17979,USD,2.36 USD,TAKER,3138ecfe-60a4-41d2-b8c4-60295056ac0d,2025-07-03 03:00:00+00:00,2025-07-03 03:00:00+00:00,{},False
O-20250703-030000-001-V2-2472,BACKTESTER-001,MLSignalStrategyV2-V2,EUR/USD.IDEALPRO,IDEALPRO-1-2472,IDEALPRO-001,IDEALPRO-1-372399,EUR/USD.IDEALPRO-MLSignalStrategyV2-V2,BUY,LIMIT,100000.00,1.17902,USD,2.36 USD,MAKER,606163d7-5b2a-4566-be2d-2a7abbf815c9,2025-07-03 03:51:00+00:00,2025-07-03 03:51:00+00:00,{},False
O-20250703-043000-001-V2-2473,BACKTESTER-001,MLSignalStrategyV2-V2,EUR/USD.IDEALPRO,IDEALPRO-1-2473,IDEALPRO-001,IDEALPRO-1-372478,EUR/USD.IDEALPRO-MLSignalStrategyV2-V2,SELL,MARKET,100000.00,1.17899,USD,2.36 USD,TAKER,7c8b2f4e-eb26-4ca7-8e12-01aad5ce5210,2025-07-03 04:30:00+00:00,2025-07-03 04:30:00+00:00,{},False
O-20250703-043000-001-V2-2474,BACKTESTER-001,MLSignalStrategyV2-V2,EUR/USD.IDEALPRO,IDEALPRO-1-2474,IDEALPRO-001,IDEALPRO-1-372643,EUR/USD.IDEALPRO-MLSignalStrategyV2-V2,BUY,STOP_MARKET,100000.00,1.17948,USD,2.36 USD,TAKER,64b56b44-629d-490b-add7-28961aa78864,2025-07-03 05:52:00+00:00,2025-07-03 05:52:00+00:00,{},False
O-20250703-121500-001-V2-2476,BACKTESTER-001,MLSignalStrategyV2-V2,EUR/USD.IDEALPRO,IDEALPRO-1-2476,IDEALPRO-001,IDEALPRO-1-373411,EUR/USD.IDEALPRO-MLSignalStrategyV2-V2,SELL,MARKET,100000.00,1.17831,USD,2.36 USD,TAKER,39d8f358-8e53-46d3-ac62-ff44ad3b6e55,2025-07-03 12:15:00+00:00,2025-07-03 12:15:00+00:00,{},False
O-20250703-121500-001-V2-2477,BACKTESTER-001,MLSignalStrategyV2-V2,EUR/USD.IDEALPRO,IDEALPRO-1-2477,IDEALPRO-001,IDEALPRO-1-373437,EUR/USD.IDEALPRO-MLSignalStrategyV2-V2,BUY,STOP_MARKET,100000.00,1.17899,USD,2.36 USD,TAKER,2198db0f-dc1b-4600-9afc-1b6fd38de955,2025-07-03 12:28:00+00:00,2025-07-03 12:28:00+00:00,{},False
O-20250703-124500-001-V2-2479,BACKTESTER-001,MLSignalStrategyV2-V2,EUR/USD.IDEALPRO,IDEALPRO-1-2479,IDEALPRO-001,IDEALPRO-1-373472,EUR/USD.IDEALPRO-MLSignalStrategyV2-V2,BUY,MARKET,100000.00,1.17351,USD,2.35 USD,TAKER,172bcf70-2f56-47db-a631-451404410648,2025-07-03 12:45:00+00:00,2025-07-03 12:45:00+00:00,{},False
O-20250703-124500-001-V2-2480,BACKTESTER-001,MLSignalStrategyV2-V2,EUR/USD.IDEALPRO,IDEALPRO-1-2480,IDEALPRO-001,IDEALPRO-1-373485,EUR/USD.IDEALPRO-MLSignalStrategyV2-V2,SELL,STOP_MARKET,100000.00,1.17192,USD,2.34 USD,TAKER,cdb5f3bb-2be0-46ea-b55e-59e22b36fcc9,2025-07-03 12:51:00+00:00,2025-07-03 12:51:00+00:00,{},False
O-20250703-130000-001-V2-2482,BACKTESTER-001,MLSignalStrategyV2-V2,EUR/USD.IDEALPRO,IDEALPRO-1-2482,IDEALPRO-001,IDEALPRO-1-373504,EUR/USD.IDEALPRO-MLSignalStrategyV2-V2,BUY,MARKET,100000.00,1.17385,USD,2.35 USD,TAKER,77e4044d-d532-4723-9451-e18084a765d5,2025-07-03 13:00:00+00:00,2025-07-03 13:00:00+00:00,{},False
O-20250703-130000-001-V2-2484,BACKTESTER-001,MLSignalStrategyV2-V2,EUR/USD.IDEALPRO,IDEALPRO-1-2484,IDEALPRO-001,IDEALPRO-1-373543,EUR/USD.IDEALPRO-MLSignalStrategyV2-V2,SELL,LIMIT,100000.00,1.17645,USD,2.35 USD,MAKER,12ef8908-2f56-4fc1-9007-32910b7dd069,2025-07-03 13:19:00+00:00,2025-07-03 13:19:00+00:00,{},False
O-20250703-133000-001-V2-2485,BACKTESTER-001,MLSignalStrategyV2-V2,EUR/USD.IDEALPRO,IDEALPRO-1-2485,IDEALPRO-001,IDEALPRO-1-373566,EUR/USD.IDEALPRO-MLSignalStrategyV2-V2,BUY,MARKET,100000.00,1.17645,USD,2.35 USD,TAKER,6268cc4b-493a-4994-8657-7ef933f82feb,2025-07-03 13:30:00+00:00,2025-07-03 13:30:00+00:00,{},False
O-20250703-133000-001-V2-2487,BACKTESTER-001,MLSignalStrategyV2-V2,EUR/USD.IDEALPRO,IDEALPRO-1-2487,IDEALPRO-001,IDEALPRO-1-373629,EUR/USD.IDEALPRO-MLSignalStrategyV2-V2,SELL,LIMIT,100000.00,1.17898,USD,2.36 USD,MAKER,ab8558ca-b589-47c3-92e9-897c52183bd6,2025-07-03 14:01:00+00:00,2025-07-03 14:01:00+00:00,{},False
O-20250703-191500-001-V2-2488,BACKTESTER-001,MLSignalStrategyV2-V2,EUR/USD.IDEALPRO,IDEALPRO-1-2488,IDEALPRO-001,IDEALPRO-1-374259,EUR/USD.IDEALPRO-MLSignalStrategyV2-V2,BUY,MARKET,100000.00,1.17467,USD,2.35 USD,TAKER,1dd69955-8fac-4b24-95f6-3c59c3685b6c,2025-07-03 19:15:00+00:00,2025-07-03 19:15:00+00:00,{},False
O-20250703-191500-001-V2-2490,BACKTESTER-001,MLSignalStrategyV2-V2,EUR/USD.IDEALPRO,IDEALPRO-1-2490,IDEALPRO-001,IDEALPRO-1-374429,EUR/USD.IDEALPRO-MLSignalStrategyV2-V2,SELL,LIMIT,100000.00,1.17572,USD,2.35 USD,MAKER,eeb82bea-f889-4a89-afb4-bb2e0cc8686d,2025-07-03 20:40:00+00:00,2025-07-03 20:40:00+00:00,{},False
O-20250703-213000-001-V2-2491,BACKTESTER-001,MLSignalStrategyV2-V2,EUR/USD.IDEALPRO,IDEALPRO-1-2491,IDEALPRO-001,IDEALPRO-1-374500,EUR/USD.IDEALPRO-MLSignalStrategyV2-V2,BUY,MARKET,100000.00,1.17536,USD,2.35 USD,TAKER,9ac28346-64f8-4f4e-8134-a88e00361e26,2025-07-03 21:30:00+00:00,2025-07-03 21:30:00+00:00,{},False
O-20250703-213000-001-V2-2493,BACKTESTER-001,MLSignalStrategyV2-V2,EUR/USD.IDEALPRO,IDEALPRO-1-2493,IDEALPRO-001,IDEALPRO-1-374737,EUR/USD.IDEALPRO-MLSignalStrategyV2-V2,SELL,LIMIT,100000.00,1.17620,USD,2.35 USD,MAKER,2b53781d-c797-4ce1-839e-badb774f9993,2025-07-03 23:28:00+00:00,2025-07-03 23:28:00+00:00,{},False
O-20250704-020000-001-V2-2494,BACKTESTER-001,MLSignalStrategyV2-V2,EUR/USD.IDEALPRO,IDEALPRO-1-2494,IDEALPRO-001,IDEALPRO-1-375042,EUR/USD.IDEALPRO-MLSignalStrategyV2-V2,SELL,MARKET,100000.00,1.17595,USD,2.35 USD,TAKER,82f8f642-5544-4c20-b312-14eb78f3c214,2025-07-04 02:00:00+00:00,2025-07-04 02:00:00+00:00,{},False
O-20250704-020000-001-V2-2495,BACKTESTER-001,MLSignalStrategyV2-V2,EUR/USD.IDEALPRO,IDEALPRO-1-2495,IDEALPRO-001,IDEALPRO-1-375083,EUR/USD.IDEALPRO-MLSignalStrategyV2-V2,BUY,STOP_MARKET,100000.00,1.17664,USD,2.35 USD,TAKER,451527ea-5a3f-4608-98c0-19b77793d84b,2025-07-04 02:20:00+00:00,2025-07-04 02:20:00+00:00,{},False
O-20250704-074500-001-V2-2497,BACKTESTER-001,MLSignalStrategyV2-V2,EUR/USD.IDEALPRO,IDEALPRO-1-2497,IDEALPRO-001,IDEALPRO-1-375734,EUR/USD.IDEALPRO-MLSignalStrategyV2-V2,BUY,MARKET,100000.00,1.17716,USD,2.35 USD,TAKER,b246ff30-e3ad-4845-864f-1766406d754f,2025-07-04 07:45:00+00:00,2025-07-04 07:45:00+00:00,{},False
O-20250704-074500-001-V2-2499,BACKTESTER-001,MLSignalStrategyV2-V2,EUR/USD.IDEALPRO,IDEALPRO-1-2499,IDEALPRO-001,IDEALPRO-1-375969,EUR/USD.IDEALPRO-MLSignalStrategyV2-V2,SELL,LIMIT,100000.00,1.17806,USD,2.36 USD,MAKER,c46616db-711e-4123-a643-a49f774e64e5,2025-07-04 09:42:00+00:00,2025-07-04 09:42:00+00:00,{},False
O-20250704-134500-001-V2-2500,BACKTESTER-001,MLSignalStrategyV2-V2,EUR/USD.IDEALPRO,IDEALPRO-1-2500,IDEALPRO-001,IDEALPRO-1-376456,EUR/USD.IDEALPRO-MLSignalStrategyV2-V2,BUY,MARKET,100000.00,1.17766,USD,2.36 USD,TAKER,c9659b51-f9bf-4107-9563-12cb7948ac9d,2025-07-04 13:45:00+00:00,2025-07-04 13:45:00+00:00,{},False
O-20250704-134500-001-V2-2502,BACKTESTER-001,MLSignalStrategyV2-V2,EUR/USD.IDEALPRO,IDEALPRO-1-2502,IDEALPRO-001,IDEALPRO-1-376493,EUR/USD.IDEALPRO-MLSignalStrategyV2-V2,SELL,LIMIT,100000.00,1.17848,USD,2.36 USD,MAKER,8a5babd3-3244-4599-bc54-e7829683c262,2025-07-04 14:03:00+00:00,2025-07-04 14:03:00+00:00,{},False
O-20250704-163000-001-V2-2503,BACKTESTER-001,MLSignalStrategyV2-V2,EUR/USD.IDEALPRO,IDEALPRO-1-2503,IDEALPRO-001,IDEALPRO-1-376788,EUR/USD.IDEALPRO-MLSignalStrategyV2-V2,BUY,MARKET,100000.00,1.17817,USD,2.36 USD,TAKER,e55c601a-26d8-41c5-b70b-9d4f6083e9ea,2025-07-04 16:30:00+00:00,2025-07-04 16:30:00+00:00,{},False
O-20250704-163000-001-V2-2504,BACKTESTER-001,MLSignalStrategyV2-V2,EUR/USD.IDEALPRO,IDEALPRO-1-2504,IDEALPRO-001,IDEALPRO-1-376815,EUR/USD.IDEALPRO-MLSignalStrategyV2-V2,SELL,STOP_MARKET,100000.00,1.17761,USD,2.36 USD,TAKER,f9dfc7fb-f3fd-454e-bdc4-d6cb786dfcf5,2025-07-04 16:43:00+00:00,2025-07-04 16:43:00+00:00,{},False
O-20250704-164500-001-V2-2506,BACKTESTER-001,MLSignalStrategyV2-V2,EUR/USD.IDEALPRO,IDEALPRO-1-2506,IDEALPRO-001,IDEALPRO-1-376820,EUR/USD.IDEALPRO-MLSignalStrategyV2-V2,BUY,MARKET,100000.00,1.17755,USD,2.36 USD,TAKER,5b97b0da-d9fa-4e6e-8614-e1ed592ee65d,2025-07-04 16:45:00+00:00,2025-07-04 16:45:00+00:00,{},False
O-20250704-164500-001-V2-2508,BACKTESTER-001,MLSignalStrategyV2-V2,EUR/USD.IDEALPRO,IDEALPRO-1-2508,IDEALPRO-001,IDEALPRO-1-377231,EUR/USD.IDEALPRO-MLSignalStrategyV2-V2,SELL,LIMIT,100000.00,1.17838,USD,2.36 USD,MAKER,37602b7b-fa78-4b18-8dc6-2bd90bf190ef,2025-07-04 20:10:00+00:00,2025-07-04 20:10:00+00:00,{},False
O-20250706-213000-001-V2-2509,BACKTESTER-001,MLSignalStrategyV2-V2,EUR/USD.IDEALPRO,IDEALPRO-1-2509,IDEALPRO-001,IDEALPRO-1-377362,EUR/USD.IDEALPRO-MLSignalStrategyV2-V2,BUY,MARKET,100000.00,1.17808,USD,2.36 USD,TAKER,8b8ddc2e-d87d-4453-b985-58c825e091d1,2025-07-06 21:30:00+00:00,2025-07-06 21:30:00+00:00,{},False
O-20250706-213000-001-V2-2510,BACKTESTER-001,MLSignalStrategyV2-V2,EUR/USD.IDEALPRO,IDEALPRO-1-2510,IDEALPRO-001,IDEALPRO-1-377439,EUR/USD.IDEALPRO-MLSignalStrategyV2-V2,SELL,STOP_MARKET,100000.00,1.17734,USD,2.35 USD,TAKER,4742c084-91c9-4e1e-b900-658d445aeb63,2025-07-06 22:08:00+00:00,2025-07-06 22:08:00+00:00,{},False
O-20250706-221500-001-V2-2512,BACKTESTER-001,MLSignalStrategyV2-V2,EUR/USD.IDEALPRO,IDEALPRO-1-2512,IDEALPRO-001,IDEALPRO-1-377454,EUR/USD.IDEALPRO-MLSignalStrategyV2-V2,BUY,MARKET,100000.00,1.17772,USD,2.36 USD,TAKER,715c1acd-c48e-4a28-9386-88eb1b2196b7,2025-07-06 22:15:00+00:00,2025-07-06 22:15:00+00:00,{},False
O-20250706-221500-001-V2-2514,BACKTESTER-001,MLSignalStrategyV2-V2,EUR/USD.IDEALPRO,IDEALPRO-1-2514,IDEALPRO-001,IDEALPRO-1-377671,EUR/USD.IDEALPRO-MLSignalStrategyV2-V2,SELL,LIMIT,100000.00,1.17851,USD,2.36 USD,MAKER,e8031a2a-957d-4ac5-91c8-31e4e8c25c54,2025-07-07 00:03:00+00:00,2025-07-07 00:03:00+00:00,{},False
O-20250707-020000-001-V2-2515,BACKTESTER-001,MLSignalStrategyV2-V2,EUR/USD.IDEALPRO,IDEALPRO-1-2515,IDEALPRO-001,IDEALPRO-1-377906,EUR/USD.IDEALPRO-MLSignalStrategyV2-V2,SELL,MARKET,100000.00,1.17719,USD,2.35 USD,TAKER,fb8996e2-0368-4a63-8e69-c47313346d22,2025-07-07 02:00:00+00:00,2025-07-07 02:00:00+00:00,{},False
O-20250707-020000-001-V2-2517,BACKTESTER-001,MLSignalStrategyV2-V2,EUR/USD.IDEALPRO,IDEALPRO-1-2517,IDEALPRO-001,IDEALPRO-1-378441,EUR/USD.IDEALPRO-MLSignalStrategyV2-V2,BUY,LIMIT,100000.00,1.17629,USD,2.35 USD,MAKER,fbe03e75-cc08-41b8-a943-13a7b6a36b60,2025-07-07 06:27:00+00:00,2025-07-07 06:27:00+00:00,{},False
O-20250707-070000-001-V2-2518,BACKTESTER-001,MLSignalStrategyV2-V2,EUR/USD.IDEALPRO,IDEALPRO-1-2518,IDEALPRO-001,IDEALPRO-1-378509,EUR/USD.IDEALPRO-MLSignalStrategyV2-V2,SELL,MARKET,100000.00,1.17559,USD,2.35 USD,TAKER,32a3844e-a22b-42e0-b27a-f748c09c402c,2025-07-07 07:00:00+00:00,2025-07-07 07:00:00+00:00,{},False
O-20250707-070000-001-V2-2520,BACKTESTER-001,MLSignalStrategyV2-V2,EUR/USD.IDEALPRO,IDEALPRO-1-2520,IDEALPRO-001,IDEALPRO-1-378577,EUR/USD.IDEALPRO-MLSignalStrategyV2-V2,BUY,LIMIT,100000.00,1.17460,USD,2.35 USD,MAKER,13dbe5f5-eda4-4742-9cba-2c107048c975,2025-07-07 07:34:00+00:00,2025-07-07 07:34:00+00:00,{},False
O-20250707-084500-001-V2-2521,BACKTESTER-001,MLSignalStrategyV2-V2,EUR/USD.IDEALPRO,IDEALPRO-1-2521,IDEALPRO-001,IDEALPRO-1-378720,EUR/USD.IDEALPRO-MLSignalStrategyV2-V2,BUY,MARKET,100000.00,1.17332,USD,2.35 USD,TAKER,8ce22115-e926-4d65-90db-e9d2c0285bfc,2025-07-07 08:45:00+00:00,2025-07-07 08:45:00+00:00,{},False
O-20250707-084500-001-V2-2522,BACKTESTER-001,MLSignalStrategyV2-V2,EUR/USD.IDEALPRO,IDEALPRO-1-2522,IDEALPRO-001,IDEALPRO-1-378745,EUR/USD.IDEALPRO-MLSignalStrategyV2-V2,SELL,STOP_MARKET,100000.00,1.17244,USD,2.34 USD,TAKER,2a3001de-95e2-4c53-bc25-5cfae08dfb89,2025-07-07 08:57:00+00:00,2025-07-07 08:57:00+00:00,{},False
O-20250707-110000-001-V2-2524,BACKTESTER-001,MLSignalStrategyV2-V2,EUR/USD.IDEALPRO,IDEALPRO-1-2524,IDEALPRO-001,IDEALPRO-1-378992,EUR/USD.IDEALPRO-MLSignalStrategyV2-V2,SELL,MARKET,100000.00,1.17276,USD,2.35 USD,TAKER,49d8b625-7a92-411d-bf93-66f8e74d4bc6,2025-07-07 11:00:00+00:00,2025-07-07 11:00:00+00:00,{},False
O-20250707-110000-001-V2-2525,BACKTESTER-001,MLSignalStrategyV2-V2,EUR/USD.IDEALPRO,IDEALPRO-1-2525,IDEALPRO-001,IDEALPRO-1-379287,EUR/USD.IDEALPRO-MLSignalStrategyV2-V2,BUY,STOP_MARKET,100000.00,1.17360,USD,2.35 USD,TAKER,d17e44c6-f617-413e-86a8-53b56e328eca,2025-07-07 13:27:00+00:00,2025-07-07 13:27:00+00:00,{},False
O-20250707-133000-001-V2-2527,BACKTESTER-001,MLSignalStrategyV2-V2,EUR/USD.IDEALPRO,IDEALPRO-1-2527,IDEALPRO-001,IDEALPRO-1-379294,EUR/USD.IDEALPRO-MLSignalStrategyV2-V2,SELL,MARKET,100000.00,1.17368,USD,2.35 USD,TAKER,cc10a5e6-29a4-46fe-8c55-680e1befbf66,2025-07-07 13:30:00+00:00,2025-07-07 13:30:00+00:00,{},False
O-20250707-133000-001-V2-2528,BACKTESTER-001,MLSignalStrategyV2-V2,EUR/USD.IDEALPRO,IDEALPRO-1-2528,IDEALPRO-001,IDEALPRO-1-379437,EUR/USD.IDEALPRO-MLSignalStrategyV2-V2,BUY,STOP_MARKET,100000.00,1.17438,USD,2.35 USD,TAKER,b9991ac2-b174-495c-bcc3-2e984859f77f,2025-07-07 14:41:00+00:00,2025-07-07 14:41:00+00:00,{},False
O-20250707-170000-001-V2-2530,BACKTESTER-001,MLSignalStrategyV2-V2,EUR/USD.IDEALPRO,IDEALPRO-1-2530,IDEALPRO-001,IDEALPRO-1-379716,EUR/USD.IDEALPRO-MLSignalStrategyV2-V2,BUY,MARKET,100000.00,1.16944,USD,2.34 USD,TAKER,f98f0c64-dcc8-4320-9e6b-04272b890e7a,2025-07-07 17:00:00+00:00,2025-07-07 17:00:00+00:00,{},False
O-20250707-170000-001-V2-2532,BACKTESTER-001,MLSignalStrategyV2-V2,EUR/USD.IDEALPRO,IDEALPRO-1-2532,IDEALPRO-001,IDEALPRO-1-379799,EUR/USD.IDEALPRO-MLSignalStrategyV2-V2,SELL,LIMIT,100000.00,1.17128,USD,2.34 USD,MAKER,73c2dd37-97a2-4677-90b6-328cd458fa8d,2025-07-07 17:41:00+00:00,2025-07-07 17:41:00+00:00,{},False
O-20250707-230000-001-V2-2533,BACKTESTER-001,MLSignalStrategyV2-V2,EUR/USD.IDEALPRO,IDEALPRO-1-2533,IDEALPRO-001,IDEALPRO-1-380408,EUR/USD.IDEALPRO-MLSignalStrategyV2-V2,BUY,MARKET,100000.00,1.17356,USD,2.35 USD,TAKER,ae731053-c330-42d2-ac33-47ff4f133de6,2025-07-07 23:00:00+00:00,2025-07-07 23:00:00+00:00,{},False
O-20250707-230000-001-V2-2535,BACKTESTER-001,MLSignalStrategyV2-V2,EUR/USD.IDEALPRO,IDEALPRO-1-2535,IDEALPRO-001,IDEALPRO-1-380557,EUR/USD.IDEALPRO-MLSignalStrategyV2-V2,SELL,LIMIT,100000.00,1.17472,USD,2.35 USD,MAKER,e4569010-7729-4804-a067-e1b301b488ff,2025-07-08 00:14:00+00:00,2025-07-08 00:14:00+00:00,{},False
O-20250708-001500-001-V2-2536,BACKTESTER-001,MLSignalStrategyV2-V2,EUR/USD.IDEALPRO,IDEALPRO-1-2536,IDEALPRO-001,IDEALPRO-1-380560,EUR/USD.IDEALPRO-MLSignalStrategyV2-V2,SELL,MARKET,100000.00,1.17468,USD,2.35 USD,TAKER,4ad56096-f3b5-45ef-8a1d-176c9634fa85,2025-07-08 00:15:00+00:00,2025-07-08 00:15:00+00:00,{},False
O-20250708-001500-001-V2-2538,BACKTESTER-001,MLSignalStrategyV2-V2,EUR/USD.IDEALPRO,IDEALPRO-1-2538,IDEALPRO-001,IDEALPRO-1-380675,EUR/USD.IDEALPRO-MLSignalStrategyV2-V2,BUY,LIMIT,100000.00,1.17353,USD,2.35 USD,MAKER,f2c47104-32ac-442e-8099-59791cc6af6a,2025-07-08 01:12:00+00:00,2025-07-08 01:12:00+00:00,{},False
O-20250708-011500-001-V2-2539,BACKTESTER-001,MLSignalStrategyV2-V2,EUR/USD.IDEALPRO,IDEALPRO-1-2539,IDEALPRO-001,IDEALPRO-1-380682,EUR/USD.IDEALPRO-MLSignalStrategyV2-V2,BUY,MARKET,100000.00,1.17352,USD,2.35 USD,TAKER,491624bc-303f-4c70-bcc0-fcec83e53543,2025-07-08 01:15:00+00:00,2025-07-08 01:15:00+00:00,{},False
O-20250708-011500-001-V2-2541,BACKTESTER-001,MLSignalStrategyV2-V2,EUR/USD.IDEALPRO,IDEALPRO-1-2541,IDEALPRO-001,IDEALPRO-1-380821,EUR/USD.IDEALPRO-MLSignalStrategyV2-V2,SELL,LIMIT,100000.00,1.17468,USD,2.35 USD,MAKER,567bc39e-ee4e-4d83-86a6-822c1ee59a2d,2025-07-08 02:24:00+00:00,2025-07-08 02:24:00+00:00,{},False
O-20250708-024500-001-V2-2542,BACKTESTER-001,MLSignalStrategyV2-V2,EUR/USD.IDEALPRO,IDEALPRO-1-2542,IDEALPRO-001,IDEALPRO-1-380864,EUR/USD.IDEALPRO-MLSignalStrategyV2-V2,BUY,MARKET,100000.00,1.17421,USD,2.35 USD,TAKER,edbb3017-41b1-4705-886f-3c9cdec7a006,2025-07-08 02:45:00+00:00,2025-07-08 02:45:00+00:00,{},False
O-20250708-024500-001-V2-2543,BACKTESTER-001,MLSignalStrategyV2-V2,EUR/USD.IDEALPRO,IDEALPRO-1-2543,IDEALPRO-001,IDEALPRO-1-381211,EUR/USD.IDEALPRO-MLSignalStrategyV2-V2,SELL,STOP_MARKET,100000.00,1.17344,USD,2.35 USD,TAKER,718c0807-19d2-4ec0-9c41-2fbbd8285a5d,2025-07-08 05:38:00+00:00,2025-07-08 05:38:00+00:00,{},False
O-20250708-093000-001-V2-2545,BACKTESTER-001,MLSignalStrategyV2-V2,EUR/USD.IDEALPRO,IDEALPRO-1-2545,IDEALPRO-001,IDEALPRO-1-381677,EUR/USD.IDEALPRO-MLSignalStrategyV2-V2,SELL,MARKET,100000.00,1.17487,USD,2.35 USD,TAKER,c69ef4af-06b0-49a3-b65b-bf9667674451,2025-07-08 09:30:00+00:00,2025-07-08 09:30:00+00:00,{},False
O-20250708-093000-001-V2-2547,BACKTESTER-001,MLSignalStrategyV2-V2,EUR/USD.IDEALPRO,IDEALPRO-1-2547,IDEALPRO-001,IDEALPRO-1-381731,EUR/USD.IDEALPRO-MLSignalStrategyV2-V2,BUY,LIMIT,100000.00,1.17396,USD,2.35 USD,MAKER,6ba7e20f-0e2f-492b-a264-a2b5fd690bed,2025-07-08 09:57:00+00:00,2025-07-08 09:57:00+00:00,{},False
O-20250708-101500-001-V2-2548,BACKTESTER-001,MLSignalStrategyV2-V2,EUR/USD.IDEALPRO,IDEALPRO-1-2548,IDEALPRO-001,IDEALPRO-1-381769,EUR/USD.IDEALPRO-MLSignalStrategyV2-V2,SELL,MARKET,100000.00,1.17379,USD,2.35 USD,TAKER,3e5b1a73-1b4a-4a86-822d-2000a12bb5cb,2025-07-08 10:15:00+00:00,2025-07-08 10:15:00+00:00,{},False
O-20250708-101500-001-V2-2550,BACKTESTER-001,MLSignalStrategyV2-V2,EUR/USD.IDEALPRO,IDEALPRO-1-2550,IDEALPRO-001,IDEALPRO-1-381807,EUR/USD.IDEALPRO-MLSignalStrategyV2-V2,BUY,LIMIT,100000.00,1.17281,USD,2.35 USD,MAKER,42cb33cb-bb5a-4158-90a2-426c082fe583,2025-07-08 10:34:00+00:00,2025-07-08 10:34:00+00:00,{},False
O-20250708-104500-001-V2-2551,BACKTESTER-001,MLSignalStrategyV2-V2,EUR/USD.IDEALPRO,IDEALPRO-1-2551,IDEALPRO-001,IDEALPRO-1-381830,EUR/USD.IDEALPRO-MLSignalStrategyV2-V2,SELL,MARKET,100000.00,1.17267,USD,2.35 USD,TAKER,04a3f519-bfd7-4e8d-8e7f-159810967f4e,2025-07-08 10:45:00+00:00,2025-07-08 10:45:00+00:00,{},False
O-20250708-104500-001-V2-2552,BACKTESTER-001,MLSignalStrategyV2-V2,EUR/USD.IDEALPRO,IDEALPRO-1-2552,IDEALPRO-001,IDEALPRO-1-381887,EUR/USD.IDEALPRO-MLSignalStrategyV2-V2,BUY,STOP_MARKET,100000.00,1.17332,USD,2.35 USD,TAKER,9375500a-f259-41ef-86dd-ec2b8f6b7cb7,2025-07-08 11:13:00+00:00,2025-07-08 11:13:00+00:00,{},False
O-20250708-114500-001-V2-2554,BACKTESTER-001,MLSignalStrategyV2-V2,EUR/USD.IDEALPRO,IDEALPRO-1-2554,IDEALPRO-001,IDEALPRO-1-381953,EUR/USD.IDEALPRO-MLSignalStrategyV2-V2,SELL,MARKET,100000.00,1.17300,USD,2.35 USD,TAKER,93c41340-5995-43df-9de0-c338a167e684,2025-07-08 11:45:00+00:00,2025-07-08 11:45:00+00:00,{},False
O-20250708-114500-001-V2-2556,BACKTESTER-001,MLSignalStrategyV2-V2,EUR/USD.IDEALPRO,IDEALPRO-1-2556,IDEALPRO-001,IDEALPRO-1-381989,EUR/USD.IDEALPRO-MLSignalStrategyV2-V2,BUY,LIMIT,100000.00,1.17208,USD,2.34 USD,MAKER,dfcb566e-2e61-4482-a851-f4b6c8ed4c9a,2025-07-08 12:03:00+00:00,2025-07-08 12:03:00+00:00,{},False
O-20250708-141500-001-V2-2557,BACKTESTER-001,MLSignalStrategyV2-V2,EUR/USD.IDEALPRO,IDEALPRO-1-2557,IDEALPRO-001,IDEALPRO-1-382254,EUR/USD.IDEALPRO-MLSignalStrategyV2-V2,BUY,MARKET,100000.00,1.16894,USD,2.34 USD,TAKER,3c24191f-a432-48c1-a634-3abd902cfd58,2025-07-08 14:15:00+00:00,2025-07-08 14:15:00+00:00,{},False
O-20250708-141500-001-V2-2559,BACKTESTER-001,MLSignalStrategyV2-V2,EUR/USD.IDEALPRO,IDEALPRO-1-2559,IDEALPRO-001,IDEALPRO-1-382379,EUR/USD.IDEALPRO-MLSignalStrategyV2-V2,SELL,LIMIT,100000.00,1.17044,USD,2.34 USD,MAKER,6247ef54-eb87-48e0-9c84-57ce1933c04d,2025-07-08 15:17:00+00:00,2025-07-08 15:17:00+00:00,{},False
O-20250708-161500-001-V2-2560,BACKTESTER-001,MLSignalStrategyV2-V2,EUR/USD.IDEALPRO,IDEALPRO-1-2560,IDEALPRO-001,IDEALPRO-1-382497,EUR/USD.IDEALPRO-MLSignalStrategyV2-V2,BUY,MARKET,100000.00,1.17095,USD,2.34 USD,TAKER,b26cab85-6da4-4310-aa0f-216ced3190ea,2025-07-08 16:15:00+00:00,2025-07-08 16:15:00+00:00,{},False
O-20250708-161500-001-V2-2561,BACKTESTER-001,MLSignalStrategyV2-V2,EUR/USD.IDEALPRO,IDEALPRO-1-2561,IDEALPRO-001,IDEALPRO-1-382539,EUR/USD.IDEALPRO-MLSignalStrategyV2-V2,SELL,STOP_MARKET,100000.00,1.16982,USD,2.34 USD,TAKER,1c3af0d2-d807-47f3-8dc4-9fe0dec19fc7,2025-07-08 16:36:00+00:00,2025-07-08 16:36:00+00:00,{},False
O-20250708-164500-001-V2-2563,BACKTESTER-001,MLSignalStrategyV2-V2,EUR/USD.IDEALPRO,IDEALPRO-1-2563,IDEALPRO-001,IDEALPRO-1-382558,EUR/USD.IDEALPRO-MLSignalStrategyV2-V2,BUY,MARKET,100000.00,1.17027,USD,2.34 USD,TAKER,fa1e243c-19d9-47d3-a56d-61f2343fc4e6,2025-07-08 16:45:00+00:00,2025-07-08 16:45:00+00:00,{},False
O-20250708-164500-001-V2-2565,BACKTESTER-001,MLSignalStrategyV2-V2,EUR/USD.IDEALPRO,IDEALPRO-1-2565,IDEALPRO-001,IDEALPRO-1-382599,EUR/USD.IDEALPRO-MLSignalStrategyV2-V2,SELL,LIMIT,100000.00,1.17216,USD,2.34 USD,MAKER,3878579b-f593-454d-825e-285fe15bd9e7,2025-07-08 17:05:00+00:00,2025-07-08 17:05:00+00:00,{},False
O-20250709-024500-001-V2-2566,BACKTESTER-001,MLSignalStrategyV2-V2,EUR/USD.IDEALPRO,IDEALPRO-1-2566,IDEALPRO-001,IDEALPRO-1-383730,EUR/USD.IDEALPRO-MLSignalStrategyV2-V2,BUY,MARKET,100000.00,1.17072,USD,2.34 USD,TAKER,e634ac1f-cf20-4b37-a053-5cf91afc4edd,2025-07-09 02:45:00+00:00,2025-07-09 02:45:00+00:00,{},False
O-20250709-024500-001-V2-2568,BACKTESTER-001,MLSignalStrategyV2-V2,EUR/USD.IDEALPRO,IDEALPRO-1-2568,IDEALPRO-001,IDEALPRO-1-384025,EUR/USD.IDEALPRO-MLSignalStrategyV2-V2,SELL,LIMIT,100000.00,1.17156,USD,2.34 USD,MAKER,5465f762-e8c7-4152-bf67-26ba038c645a,2025-07-09 05:12:00+00:00,2025-07-09 05:12:00+00:00,{},False
O-20250709-114500-001-V2-2569,BACKTESTER-001,MLSignalStrategyV2-V2,EUR/USD.IDEALPRO,IDEALPRO-1-2569,IDEALPRO-001,IDEALPRO-1-384812,EUR/USD.IDEALPRO-MLSignalStrategyV2-V2,SELL,MARKET,100000.00,1.17047,USD,2.34 USD,TAKER,0d39d1c6-affd-4617-bd82-951227af91f2,2025-07-09 11:45:00+00:00,2025-07-09 11:45:00+00:00,{},False
O-20250709-114500-001-V2-2571,BACKTESTER-001,MLSignalStrategyV2-V2,EUR/USD.IDEALPRO,IDEALPRO-1-2571,IDEALPRO-001,IDEALPRO-1-384836,EUR/USD.IDEALPRO-MLSignalStrategyV2-V2,BUY,LIMIT,100000.00,1.16953,USD,2.34 USD,MAKER,992ca10e-50f7-4fb7-b14d-749017996450,2025-07-09 11:56:00+00:00,2025-07-09 11:56:00+00:00,{},False
O-20250709-204500-001-V2-2572,BACKTESTER-001,MLSignalStrategyV2-V2,EUR/USD.IDEALPRO,IDEALPRO-1-2572,IDEALPRO-001,IDEALPRO-1-385895,EUR/USD.IDEALPRO-MLSignalStrategyV2-V2,BUY,MARKET,100000.00,1.17174,USD,2.34 USD,TAKER,c693a098-3b57-4080-9faa-cccf2a46723e,2025-07-09 20:45:00+00:00,2025-07-09 20:45:00+00:00,{},False
O-20250709-204500-001-V2-2574,BACKTESTER-001,MLSignalStrategyV2-V2,EUR/USD.IDEALPRO,IDEALPRO-1-2574,IDEALPRO-001,IDEALPRO-1-386179,EUR/USD.IDEALPRO-MLSignalStrategyV2-V2,SELL,LIMIT,100000.00,1.17260,USD,2.35 USD,MAKER,16fadc77-c9f0-4b0b-b2d9-389ba71a6093,2025-07-09 23:22:00+00:00,2025-07-09 23:22:00+00:00,{},False
O-20250710-000000-001-V2-2575,BACKTESTER-001,MLSignalStrategyV2-V2,EUR/USD.IDEALPRO,IDEALPRO-1-2575,IDEALPRO-001,IDEALPRO-1-386256,EUR/USD.IDEALPRO-MLSignalStrategyV2-V2,SELL,MARKET,100000.00,1.17380,USD,2.35 USD,TAKER,70609586-d0a9-45e8-9cad-c8201ff121b3,2025-07-10 00:00:00+00:00,2025-07-10 00:00:00+00:00,{},False
O-20250710-000000-001-V2-2576,BACKTESTER-001,MLSignalStrategyV2-V2,EUR/USD.IDEALPRO,IDEALPRO-1-2576,IDEALPRO-001,IDEALPRO-1-386263,EUR/USD.IDEALPRO-MLSignalStrategyV2-V2,BUY,STOP_MARKET,100000.00,1.17424,USD,2.35 USD,TAKER,094ff7d1-cce9-4728-8824-48a9969bcf3f,2025-07-10 00:03:00+00:00,2025-07-10 00:03:00+00:00,{},False
O-20250710-003000-001-V2-2578,BACKTESTER-001,MLSignalStrategyV2-V2,EUR/USD.IDEALPRO,IDEALPRO-1-2578,IDEALPRO-001,IDEALPRO-1-386319,EUR/USD.IDEALPRO-MLSignalStrategyV2-V2,SELL,MARKET,100000.00,1.17458,USD,2.35 USD,TAKER,44c1bd25-d7a4-4deb-b202-7049df29abc4,2025-07-10 00:30:00+00:00,2025-07-10 00:30:00+00:00,{},False
O-20250710-003000-001-V2-2580,BACKTESTER-001,MLSignalStrategyV2-V2,EUR/USD.IDEALPRO,IDEALPRO-1-2580,IDEALPRO-001,IDEALPRO-1-386627,EUR/USD.IDEALPRO-MLSignalStrategyV2-V2,BUY,LIMIT,100000.00,1.17371,USD,2.35 USD,MAKER,fc91e9c8-f78e-4954-99cd-87c7e45be13a,2025-07-10 03:04:00+00:00,2025-07-10 03:04:00+00:00,{},False
O-20250710-120000-001-V2-2581,BACKTESTER-001,MLSignalStrategyV2-V2,EUR/USD.IDEALPRO,IDEALPRO-1-2581,IDEALPRO-001,IDEALPRO-1-387700,EUR/USD.IDEALPRO-MLSignalStrategyV2-V2,SELL,MARKET,100000.00,1.17118,USD,2.34 USD,TAKER,10280647-0deb-4040-82cd-5310391c4082,2025-07-10 12:00:00+00:00,2025-07-10 12:00:00+00:00,{},False
O-20250710-120000-001-V2-2583,BACKTESTER-001,MLSignalStrategyV2-V2,EUR/USD.IDEALPRO,IDEALPRO-1-2583,IDEALPRO-001,IDEALPRO-1-387763,EUR/USD.IDEALPRO-MLSignalStrategyV2-V2,BUY,LIMIT,100000.00,1.17020,USD,2.34 USD,MAKER,95ab3397-d749-42b7-b8f9-bc85627d415c,2025-07-10 12:31:00+00:00,2025-07-10 12:31:00+00:00,{},False
O-20250710-124500-001-V2-2584,BACKTESTER-001,MLSignalStrategyV2-V2,EUR/USD.IDEALPRO,IDEALPRO-1-2584,IDEALPRO-001,IDEALPRO-1-387793,EUR/USD.IDEALPRO-MLSignalStrategyV2-V2,BUY,MARKET,100000.00,1.17041,USD,2.34 USD,TAKER,951491b7-82c3-42e6-ad38-2975e8565b18,2025-07-10 12:45:00+00:00,2025-07-10 12:45:00+00:00,{},False
O-20250710-124500-001-V2-2586,BACKTESTER-001,MLSignalStrategyV2-V2,EUR/USD.IDEALPRO,IDEALPRO-1-2586,IDEALPRO-001,IDEALPRO-1-387833,EUR/USD.IDEALPRO-MLSignalStrategyV2-V2,SELL,LIMIT,100000.00,1.17134,USD,2.34 USD,MAKER,a82927ee-c5fe-4609-99dd-781f6ad42a7a,2025-07-10 13:05:00+00:00,2025-07-10 13:05:00+00:00,{},False
O-20250710-131500-001-V2-2587,BACKTESTER-001,MLSignalStrategyV2-V2,EUR/USD.IDEALPRO,IDEALPRO-1-2587,IDEALPRO-001,IDEALPRO-1-387854,EUR/USD.IDEALPRO-MLSignalStrategyV2-V2,SELL,MARKET,100000.00,1.17100,USD,2.34 USD,TAKER,4d0e4d87-ea50-4260-9093-4e4808ee9b52,2025-07-10 13:15:00+00:00,2025-07-10 13:15:00+00:00,{},False
O-20250710-131500-001-V2-2589,BACKTESTER-001,MLSignalStrategyV2-V2,EUR/USD.IDEALPRO,IDEALPRO-1-2589,IDEALPRO-001,IDEALPRO-1-387885,EUR/USD.IDEALPRO-MLSignalStrategyV2-V2,BUY,LIMIT,100000.00,1.16999,USD,2.34 USD,MAKER,148cc04f-591f-4931-bca5-24e65ff77224,2025-07-10 13:30:00+00:00,2025-07-10 13:30:00+00:00,{},False
O-20250710-143000-001-V2-2590,BACKTESTER-001,MLSignalStrategyV2-V2,EUR/USD.IDEALPRO,IDEALPRO-1-2590,IDEALPRO-001,IDEALPRO-1-388006,EUR/USD.IDEALPRO-MLSignalStrategyV2-V2,BUY,MARKET,100000.00,1.16680,USD,2.33 USD,TAKER,37c8319c-e12d-480a-bdd3-2cca68e32b34,2025-07-10 14:30:00+00:00,2025-07-10 14:30:00+00:00,{},False
O-20250710-143000-001-V2-2592,BACKTESTER-001,MLSignalStrategyV2-V2,EUR/USD.IDEALPRO,IDEALPRO-1-2592,IDEALPRO-001,IDEALPRO-1-388047,EUR/USD.IDEALPRO-MLSignalStrategyV2-V2,SELL,LIMIT,100000.00,1.16840,USD,2.34 USD,MAKER,cc92adf6-3e16-4fd7-8b20-526c89141c91,2025-07-10 14:50:00+00:00,2025-07-10 14:50:00+00:00,{},False
O-20250710-150000-001-V2-2593,BACKTESTER-001,MLSignalStrategyV2-V2,EUR/USD.IDEALPRO,IDEALPRO-1-2593,IDEALPRO-001,IDEALPRO-1-388068,EUR/USD.IDEALPRO-MLSignalStrategyV2-V2,BUY,MARKET,100000.00,1.16800,USD,2.34 USD,TAKER,f01bc68f-f5c7-4e40-b164-5989bb5c3288,2025-07-10 15:00:00+00:00,2025-07-10 15:00:00+00:00,{},False
O-20250710-150000-001-V2-2595,BACKTESTER-001,MLSignalStrategyV2-V2,EUR/USD.IDEALPRO,IDEALPRO-1-2595,IDEALPRO-001,IDEALPRO-1-388643,EUR/USD.IDEALPRO-MLSignalStrategyV2-V2,SELL,LIMIT,100000.00,1.16977,USD,2.34 USD,MAKER,f1900c7a-42b2-4bde-847c-0970983419d2,2025-07-10 19:47:00+00:00,2025-07-10 19:47:00+00:00,{},False
O-20250710-213000-001-V2-2596,BACKTESTER-001,MLSignalStrategyV2-V2,EUR/USD.IDEALPRO,IDEALPRO-1-2596,IDEALPRO-001,IDEALPRO-1-388820,EUR/USD.IDEALPRO-MLSignalStrategyV2-V2,BUY,MARKET,100000.00,1.16995,USD,2.34 USD,TAKER,1f3c4f1a-e8bd-4079-9a46-23354ff7bf81,2025-07-10 21:30:00+00:00,2025-07-10 21:30:00+00:00,{},False
O-20250710-213000-001-V2-2598,BACKTESTER-001,MLSignalStrategyV2-V2,EUR/USD.IDEALPRO,IDEALPRO-1-2598,IDEALPRO-001,IDEALPRO-1-388967,EUR/USD.IDEALPRO-MLSignalStrategyV2-V2,SELL,LIMIT,100000.00,1.17059,USD,2.34 USD,MAKER,31b7d759-8933-44f1-952b-47515170f1a2,2025-07-10 22:43:00+00:00,2025-07-10 22:43:00+00:00,{},False
O-20250711-010000-001-V2-2599,BACKTESTER-001,MLSignalStrategyV2-V2,EUR/USD.IDEALPRO,IDEALPRO-1-2599,IDEALPRO-001,IDEALPRO-1-389242,EUR/USD.IDEALPRO-MLSignalStrategyV2-V2,BUY,MARKET,100000.00,1.16749,USD,2.33 USD,TAKER,07618826-46c1-458c-a84a-6689500a055b,2025-07-11 01:00:00+00:00,2025-07-11 01:00:00+00:00,{},False
O-20250711-010000-001-V2-2601,BACKTESTER-001,MLSignalStrategyV2-V2,EUR/USD.IDEALPRO,IDEALPRO-1-2601,IDEALPRO-001,IDEALPRO-1-389981,EUR/USD.IDEALPRO-MLSignalStrategyV2-V2,SELL,LIMIT,100000.00,1.16890,USD,2.34 USD,MAKER,9af21196-cca6-49a9-b989-349ada43abb5,2025-07-11 07:09:00+00:00,2025-07-11 07:09:00+00:00,{},False
O-20250711-100000-001-V2-2602,BACKTESTER-001,MLSignalStrategyV2-V2,EUR/USD.IDEALPRO,IDEALPRO-1-2602,IDEALPRO-001,IDEALPRO-1-390324,EUR/USD.IDEALPRO-MLSignalStrategyV2-V2,BUY,MARKET,100000.00,1.16950,USD,2.34 USD,TAKER,4c179de4-d964-4c2a-b5d5-94b56dc95ba8,2025-07-11 10:00:00+00:00,2025-07-11 10:00:00+00:00,{},False
O-20250711-100000-001-V2-2603,BACKTESTER-001,MLSignalStrategyV2-V2,EUR/USD.IDEALPRO,IDEALPRO-1-2603,IDEALPRO-001,IDEALPRO-1-390499,EUR/USD.IDEALPRO-MLSignalStrategyV2-V2,SELL,STOP_MARKET,100000.00,1.16873,USD,2.34 USD,TAKER,7db83ce7-e96a-43a2-bdfc-42bb722a8b0c,2025-07-11 11:27:00+00:00,2025-07-11 11:27:00+00:00,{},False
O-20250711-160000-001-V2-2605,BACKTESTER-001,MLSignalStrategyV2-V2,EUR/USD.IDEALPRO,IDEALPRO-1-2605,IDEALPRO-001,IDEALPRO-1-391047,EUR/USD.IDEALPRO-MLSignalStrategyV2-V2,BUY,MARKET,100000.00,1.16962,USD,2.34 USD,TAKER,eaf18897-7f22-41ef-aaf2-77be9d94a23d,2025-07-11 16:00:00+00:00,2025-07-11 16:00:00+00:00,{},False
O-20250711-160000-001-V2-2606,BACKTESTER-001,MLSignalStrategyV2-V2,EUR/USD.IDEALPRO,IDEALPRO-1-2606,IDEALPRO-001,IDEALPRO-1-391217,EUR/USD.IDEALPRO-MLSignalStrategyV2-V2,SELL,STOP_MARKET,100000.00,1.16868,USD,2.34 USD,TAKER,4070377d-ed6d-4ee4-b6fa-bd76e3639a83,2025-07-11 17:25:00+00:00,2025-07-11 17:25:00+00:00,{},False
O-20250711-200000-001-V2-2608,BACKTESTER-001,MLSignalStrategyV2-V2,EUR/USD.IDEALPRO,IDEALPRO-1-2608,IDEALPRO-001,IDEALPRO-1-391528,EUR/USD.IDEALPRO-MLSignalStrategyV2-V2,BUY,MARKET,100000.00,1.16881,USD,2.34 USD,TAKER,85631387-1b26-40e6-ab97-1eda967b8455,2025-07-11 20:00:00+00:00,2025-07-11 20:00:00+00:00,{},False
O-20250711-200000-001-V2-2609,BACKTESTER-001,MLSignalStrategyV2-V2,EUR/USD.IDEALPRO,IDEALPRO-1-2609,IDEALPRO-001,IDEALPRO-1-391579,EUR/USD.IDEALPRO-MLSignalStrategyV2-V2,SELL,STOP_MARKET,100000.00,1.16822,USD,2.34 USD,TAKER,ff1478b3-707f-498d-aaf7-dbd5dd93cb81,2025-07-11 20:25:00+00:00,2025-07-11 20:25:00+00:00,{},False
O-20250711-204500-001-V2-2611,BACKTESTER-001,MLSignalStrategyV2-V2,EUR/USD.IDEALPRO,IDEALPRO-1-2611,IDEALPRO-001,IDEALPRO-1-391621,EUR/USD.IDEALPRO-MLSignalStrategyV2-V2,BUY,MARKET,100000.00,1.16871,USD,2.34 USD,TAKER,4102863c-28ea-4fb9-b5dd-bd9bf69fbc84,2025-07-11 20:45:00+00:00,2025-07-11 20:45:00+00:00,{},False
O-20250711-204500-001-V2-2612,BACKTESTER-001,MLSignalStrategyV2-V2,EUR/USD.IDEALPRO,IDEALPRO-1-2612,IDEALPRO-001,IDEALPRO-1-391653,EUR/USD.IDEALPRO-MLSignalStrategyV2-V2,SELL,STOP_MARKET,100000.00,1.16683,USD,2.33 USD,TAKER,a54277ce-cd76-428b-b67f-d4f54d8923be,2025-07-13 21:16:00+00:00,2025-07-13 21:16:00+00:00,{},False
O-20250713-213000-001-V2-2614,BACKTESTER-001,MLSignalStrategyV2-V2,EUR/USD.IDEALPRO,IDEALPRO-1-2614,IDEALPRO-001,IDEALPRO-1-391682,EUR/USD.IDEALPRO-MLSignalStrategyV2-V2,BUY,MARKET,100000.00,1.16661,USD,2.33 USD,TAKER,e48ff9ea-85c9-46c8-a392-a3c608f52d48,2025-07-13 21:30:00+00:00,2025-07-13 21:30:00+00:00,{},False
O-20250713-213000-001-V2-2616,BACKTESTER-001,MLSignalStrategyV2-V2,EUR/USD.IDEALPRO,IDEALPRO-1-2616,IDEALPRO-001,IDEALPRO-1-391749,EUR/USD.IDEALPRO-MLSignalStrategyV2-V2,SELL,LIMIT,100000.00,1.16796,USD,2.34 USD,MAKER,e2e90bcc-73c0-442e-9171-7832906835de,2025-07-13 22:03:00+00:00,2025-07-13 22:03:00+00:00,{},False
O-20250713-221500-001-V2-2617,BACKTESTER-001,MLSignalStrategyV2-V2,EUR/USD.IDEALPRO,IDEALPRO-1-2617,IDEALPRO-001,IDEALPRO-1-391774,EUR/USD.IDEALPRO-MLSignalStrategyV2-V2,BUY,MARKET,100000.00,1.16704,USD,2.33 USD,TAKER,8d860b3c-6d49-4d75-84d0-65063f6bad8e,2025-07-13 22:15:00+00:00,2025-07-13 22:15:00+00:00,{},False
O-20250713-221500-001-V2-2619,BACKTESTER-001,MLSignalStrategyV2-V2,EUR/USD.IDEALPRO,IDEALPRO-1-2619,IDEALPRO-001,IDEALPRO-1-391987,EUR/USD.IDEALPRO-MLSignalStrategyV2-V2,SELL,LIMIT,100000.00,1.16848,USD,2.34 USD,MAKER,1f73bce6-32df-4f93-a1a9-3f13c5ed937a,2025-07-14 00:01:00+00:00,2025-07-14 00:01:00+00:00,{},False
O-20250714-064500-001-V2-2620,BACKTESTER-001,MLSignalStrategyV2-V2,EUR/USD.IDEALPRO,IDEALPRO-1-2620,IDEALPRO-001,IDEALPRO-1-392796,EUR/USD.IDEALPRO-MLSignalStrategyV2-V2,SELL,MARKET,100000.00,1.16642,USD,2.33 USD,TAKER,e2ad0e2b-3494-4ac1-a85d-12fd65c6647c,2025-07-14 06:45:00+00:00,2025-07-14 06:45:00+00:00,{},False
O-20250714-064500-001-V2-2621,BACKTESTER-001,MLSignalStrategyV2-V2,EUR/USD.IDEALPRO,IDEALPRO-1-2621,IDEALPRO-001,IDEALPRO-1-392849,EUR/USD.IDEALPRO-MLSignalStrategyV2-V2,BUY,STOP_MARKET,100000.00,1.16715,USD,2.33 USD,TAKER,4f95d8d2-0590-47aa-9668-f7730833360f,2025-07-14 07:11:00+00:00,2025-07-14 07:11:00+00:00,{},False
O-20250714-071500-001-V2-2623,BACKTESTER-001,MLSignalStrategyV2-V2,EUR/USD.IDEALPRO,IDEALPRO-1-2623,IDEALPRO-001,IDEALPRO-1-392858,EUR/USD.IDEALPRO-MLSignalStrategyV2-V2,SELL,MARKET,100000.00,1.16725,USD,2.33 USD,TAKER,f60b29b4-a6df-41d0-9033-69f99fe9d939,2025-07-14 07:15:00+00:00,2025-07-14 07:15:00+00:00,{},False
O-20250714-071500-001-V2-2624,BACKTESTER-001,MLSignalStrategyV2-V2,EUR/USD.IDEALPRO,IDEALPRO-1-2624,IDEALPRO-001,IDEALPRO-1-392891,EUR/USD.IDEALPRO-MLSignalStrategyV2-V2,BUY,STOP_MARKET,100000.00,1.16801,USD,2.34 USD,TAKER,7675f1bd-ad37-4967-aee6-c38c7c45e52e,2025-07-14 07:31:00+00:00,2025-07-14 07:31:00+00:00,{},False
O-20250714-131500-001-V2-2626,BACKTESTER-001,MLSignalStrategyV2-V2,EUR/USD.IDEALPRO,IDEALPRO-1-2626,IDEALPRO-001,IDEALPRO-1-393581,EUR/USD.IDEALPRO-MLSignalStrategyV2-V2,BUY,MARKET,100000.00,1.16800,USD,2.34 USD,TAKER,82b902f6-283c-416b-8b0c-6eeefda5867e,2025-07-14 13:15:00+00:00,2025-07-14 13:15:00+00:00,{},False
O-20250714-131500-001-V2-2628,BACKTESTER-001,MLSignalStrategyV2-V2,EUR/USD.IDEALPRO,IDEALPRO-1-2628,IDEALPRO-001,IDEALPRO-1-393721,EUR/USD.IDEALPRO-MLSignalStrategyV2-V2,SELL,LIMIT,100000.00,1.16904,USD,2.34 USD,MAKER,8d667683-0bcd-45e5-beb9-701b7dabd4a8,2025-07-14 14:25:00+00:00,2025-07-14 14:25:00+00:00,{},False
O-20250714-191500-001-V2-2629,BACKTESTER-001,MLSignalStrategyV2-V2,EUR/USD.IDEALPRO,IDEALPRO-1-2629,IDEALPRO-001,IDEALPRO-1-394302,EUR/USD.IDEALPRO-MLSignalStrategyV2-V2,SELL,MARKET,100000.00,1.16698,USD,2.33 USD,TAKER,5d32cb8c-61b4-41b8-bfbc-b2c4610ada9a,2025-07-14 19:15:00+00:00,2025-07-14 19:15:00+00:00,{},False
O-20250714-191500-001-V2-2631,BACKTESTER-001,MLSignalStrategyV2-V2,EUR/USD.IDEALPRO,IDEALPRO-1-2631,IDEALPRO-001,IDEALPRO-1-394767,EUR/USD.IDEALPRO-MLSignalStrategyV2-V2,BUY,LIMIT,100000.00,1.16606,USD,2.33 USD,MAKER,b22a7f8e-90fc-4bc8-bc76-5699bbf3496b,2025-07-14 23:22:00+00:00,2025-07-14 23:22:00+00:00,{},False
O-20250715-070000-001-V2-2632,BACKTESTER-001,MLSignalStrategyV2-V2,EUR/USD.IDEALPRO,IDEALPRO-1-2632,IDEALPRO-001,IDEALPRO-1-395684,EUR/USD.IDEALPRO-MLSignalStrategyV2-V2,SELL,MARKET,100000.00,1.16779,USD,2.34 USD,TAKER,2eef79ba-641f-4e1a-b00e-9c2cfb3b927a,2025-07-15 07:00:00+00:00,2025-07-15 07:00:00+00:00,{},False
O-20250715-070000-001-V2-2633,BACKTESTER-001,MLSignalStrategyV2-V2,EUR/USD.IDEALPRO,IDEALPRO-1-2633,IDEALPRO-001,IDEALPRO-1-395729,EUR/USD.IDEALPRO-MLSignalStrategyV2-V2,BUY,STOP_MARKET,100000.00,1.16832,USD,2.34 USD,TAKER,1fe7dbe1-937d-465f-9129-3399d6af7a8f,2025-07-15 07:22:00+00:00,2025-07-15 07:22:00+00:00,{},False
O-20250715-084500-001-V2-2635,BACKTESTER-001,MLSignalStrategyV2-V2,EUR/USD.IDEALPRO,IDEALPRO-1-2635,IDEALPRO-001,IDEALPRO-1-395897,EUR/USD.IDEALPRO-MLSignalStrategyV2-V2,BUY,MARKET,100000.00,1.16841,USD,2.34 USD,TAKER,68783865-4fe7-40b6-93a9-03e54f1be89e,2025-07-15 08:45:00+00:00,2025-07-15 08:45:00+00:00,{},False
O-20250715-084500-001-V2-2636,BACKTESTER-001,MLSignalStrategyV2-V2,EUR/USD.IDEALPRO,IDEALPRO-1-2636,IDEALPRO-001,IDEALPRO-1-396117,EUR/USD.IDEALPRO-MLSignalStrategyV2-V2,SELL,STOP_MARKET,100000.00,1.16770,USD,2.34 USD,TAKER,116d5647-db58-425e-9c1b-4645e992c604,2025-07-15 10:35:00+00:00,2025-07-15 10:35:00+00:00,{},False
O-20250715-111500-001-V2-2638,BACKTESTER-001,MLSignalStrategyV2-V2,EUR/USD.IDEALPRO,IDEALPRO-1-2638,IDEALPRO-001,IDEALPRO-1-396199,EUR/USD.IDEALPRO-MLSignalStrategyV2-V2,BUY,MARKET,100000.00,1.16777,USD,2.34 USD,TAKER,bb6f6b68-68bc-4077-b9f7-cb4ad4bae771,2025-07-15 11:15:00+00:00,2025-07-15 11:15:00+00:00,{},False
O-20250715-111500-001-V2-2639,BACKTESTER-001,MLSignalStrategyV2-V2,EUR/USD.IDEALPRO,IDEALPRO-1-2639,IDEALPRO-001,IDEALPRO-1-396231,EUR/USD.IDEALPRO-MLSignalStrategyV2-V2,SELL,STOP_MARKET,100000.00,1.16704,USD,2.33 USD,TAKER,7c7d5974-4413-42a6-bd80-b787bc7ced1f,2025-07-15 11:31:00+00:00,2025-07-15 11:31:00+00:00,{},False
O-20250715-114500-001-V2-2641,BACKTESTER-001,MLSignalStrategyV2-V2,EUR/USD.IDEALPRO,IDEALPRO-1-2641,IDEALPRO-001,IDEALPRO-1-396260,EUR/USD.IDEALPRO-MLSignalStrategyV2-V2,BUY,MARKET,100000.00,1.16687,USD,2.33 USD,TAKER,f7cea32f-15cd-41d7-a504-43270e6ec1b5,2025-07-15 11:45:00+00:00,2025-07-15 11:45:00+00:00,{},False
O-20250715-114500-001-V2-2643,BACKTESTER-001,MLSignalStrategyV2-V2,EUR/USD.IDEALPRO,IDEALPRO-1-2643,IDEALPRO-001,IDEALPRO-1-396353,EUR/USD.IDEALPRO-MLSignalStrategyV2-V2,SELL,LIMIT,100000.00,1.16864,USD,2.34 USD,MAKER,4c57421f-b7e5-4c5b-bbe5-f250be4b0ca8,2025-07-15 12:31:00+00:00,2025-07-15 12:31:00+00:00,{},False
O-20250715-124500-001-V2-2644,BACKTESTER-001,MLSignalStrategyV2-V2,EUR/USD.IDEALPRO,IDEALPRO-1-2644,IDEALPRO-001,IDEALPRO-1-396382,EUR/USD.IDEALPRO-MLSignalStrategyV2-V2,SELL,MARKET,100000.00,1.16696,USD,2.33 USD,TAKER,bbc8ea94-e36b-44fb-903d-24bf96dff19a,2025-07-15 12:45:00+00:00,2025-07-15 12:45:00+00:00,{},False
O-20250715-124500-001-V2-2645,BACKTESTER-001,MLSignalStrategyV2-V2,EUR/USD.IDEALPRO,IDEALPRO-1-2645,IDEALPRO-001,IDEALPRO-1-396401,EUR/USD.IDEALPRO-MLSignalStrategyV2-V2,BUY,STOP_MARKET,100000.00,1.16783,USD,2.34 USD,TAKER,9e8d9914-77db-431c-a340-6648cd745a53,2025-07-15 12:54:00+00:00,2025-07-15 12:54:00+00:00,{},False
O-20250715-140000-001-V2-2647,BACKTESTER-001,MLSignalStrategyV2-V2,EUR/USD.IDEALPRO,IDEALPRO-1-2647,IDEALPRO-001,IDEALPRO-1-396534,EUR/USD.IDEALPRO-MLSignalStrategyV2-V2,BUY,MARKET,100000.00,1.16431,USD,2.33 USD,TAKER,113d0a99-ab18-4dff-a804-ea7b02b39b8e,2025-07-15 14:00:00+00:00,2025-07-15 14:00:00+00:00,{},False
O-20250715-140000-001-V2-2648,BACKTESTER-001,MLSignalStrategyV2-V2,EUR/USD.IDEALPRO,IDEALPRO-1-2648,IDEALPRO-001,IDEALPRO-1-396541,EUR/USD.IDEALPRO-MLSignalStrategyV2-V2,SELL,STOP_MARKET,100000.00,1.16277,USD,2.33 USD,TAKER,1dfd62e1-a1ec-4444-a292-129263210fbc,2025-07-15 14:03:00+00:00,2025-07-15 14:03:00+00:00,{},False
O-20250715-141500-001-V2-2650,BACKTESTER-001,MLSignalStrategyV2-V2,EUR/USD.IDEALPRO,IDEALPRO-1-2650,IDEALPRO-001,IDEALPRO-1-396566,EUR/USD.IDEALPRO-MLSignalStrategyV2-V2,BUY,MARKET,100000.00,1.16358,USD,2.33 USD,TAKER,dbdf3d8f-b5f8-4706-846b-11f68a751848,2025-07-15 14:15:00+00:00,2025-07-15 14:15:00+00:00,{},False
O-20250715-141500-001-V2-2651,BACKTESTER-001,MLSignalStrategyV2-V2,EUR/USD.IDEALPRO,IDEALPRO-1-2651,IDEALPRO-001,IDEALPRO-1-396585,EUR/USD.IDEALPRO-MLSignalStrategyV2-V2,SELL,STOP_MARKET,100000.00,1.16231,USD,2.32 USD,TAKER,0f275578-e9a1-47ac-b5f4-55bf2f84e56d,2025-07-15 14:24:00+00:00,2025-07-15 14:24:00+00:00,{},False
O-20250715-143000-001-V2-2653,BACKTESTER-001,MLSignalStrategyV2-V2,EUR/USD.IDEALPRO,IDEALPRO-1-2653,IDEALPRO-001,IDEALPRO-1-396599,EUR/USD.IDEALPRO-MLSignalStrategyV2-V2,BUY,MARKET,100000.00,1.16219,USD,2.32 USD,TAKER,82a8482c-7492-4af0-bfd5-65bc3a12c606,2025-07-15 14:30:00+00:00,2025-07-15 14:30:00+00:00,{},False
O-20250715-143000-001-V2-2654,BACKTESTER-001,MLSignalStrategyV2-V2,EUR/USD.IDEALPRO,IDEALPRO-1-2654,IDEALPRO-001,IDEALPRO-1-396721,EUR/USD.IDEALPRO-MLSignalStrategyV2-V2,SELL,STOP_MARKET,100000.00,1.16086,USD,2.32 USD,TAKER,9add783f-b5b2-4e96-8a97-5ab58cd8a76e,2025-07-15 15:31:00+00:00,2025-07-15 15:31:00+00:00,{},False
O-20250715-160000-001-V2-2656,BACKTESTER-001,MLSignalStrategyV2-V2,EUR/USD.IDEALPRO,IDEALPRO-1-2656,IDEALPRO-001,IDEALPRO-1-396780,EUR/USD.IDEALPRO-MLSignalStrategyV2-V2,BUY,MARKET,100000.00,1.16179,USD,2.32 USD,TAKER,8772a5c9-2624-483c-8ca0-7c2ae0af2bbe,2025-07-15 16:00:00+00:00,2025-07-15 16:00:00+00:00,{},False
O-20250715-160000-001-V2-2657,BACKTESTER-001,MLSignalStrategyV2-V2,EUR/USD.IDEALPRO,IDEALPRO-1-2657,IDEALPRO-001,IDEALPRO-1-396807,EUR/USD.IDEALPRO-MLSignalStrategyV2-V2,SELL,STOP_MARKET,100000.00,1.16060,USD,2.32 USD,TAKER,ea3430a6-0df0-428a-b249-c58141f9ac50,2025-07-15 16:13:00+00:00,2025-07-15 16:13:00+00:00,{},False
O-20250715-161500-001-V2-2659,BACKTESTER-001,MLSignalStrategyV2-V2,EUR/USD.IDEALPRO,IDEALPRO-1-2659,IDEALPRO-001,IDEALPRO-1-396812,EUR/USD.IDEALPRO-MLSignalStrategyV2-V2,BUY,MARKET,100000.00,1.16075,USD,2.32 USD,TAKER,b86cc785-cc74-4438-91e7-025df312294c,2025-07-15 16:15:00+00:00,2025-07-15 16:15:00+00:00,{},False
O-20250715-161500-001-V2-2660,BACKTESTER-001,MLSignalStrategyV2-V2,EUR/USD.IDEALPRO,IDEALPRO-1-2660,IDEALPRO-001,IDEALPRO-1-396869,EUR/USD.IDEALPRO-MLSignalStrategyV2-V2,SELL,STOP_MARKET,100000.00,1.15949,USD,2.32 USD,TAKER,4c07e53d-a920-4e5e-bfd9-69decd542693,2025-07-15 16:43:00+00:00,2025-07-15 16:43:00+00:00,{},False
O-20250715-164500-001-V2-2662,BACKTESTER-001,MLSignalStrategyV2-V2,EUR/USD.IDEALPRO,IDEALPRO-1-2662,IDEALPRO-001,IDEALPRO-1-396874,EUR/USD.IDEALPRO-MLSignalStrategyV2-V2,BUY,MARKET,100000.00,1.15986,USD,2.32 USD,TAKER,6dd944ed-5d6f-4644-8394-b87d3881b487,2025-07-15 16:45:00+00:00,2025-07-15 16:45:00+00:00,{},False
O-20250715-164500-001-V2-2664,BACKTESTER-001,MLSignalStrategyV2-V2,EUR/USD.IDEALPRO,IDEALPRO-1-2664,IDEALPRO-001,IDEALPRO-1-397881,EUR/USD.IDEALPRO-MLSignalStrategyV2-V2,SELL,LIMIT,100000.00,1.16150,USD,2.32 USD,MAKER,f763d4ec-74a3-4281-a1b1-9f361b4856b8,2025-07-16 01:23:00+00:00,2025-07-16 01:23:00+00:00,{},False
O-20250716-050000-001-V2-2665,BACKTESTER-001,MLSignalStrategyV2-V2,EUR/USD.IDEALPRO,IDEALPRO-1-2665,IDEALPRO-001,IDEALPRO-1-398316,EUR/USD.IDEALPRO-MLSignalStrategyV2-V2,BUY,MARKET,100000.00,1.16196,USD,2.32 USD,TAKER,b20487e6-f2ca-4f13-af7b-8d18b599aa8c,2025-07-16 05:00:00+00:00,2025-07-16 05:00:00+00:00,{},False
O-20250716-050000-001-V2-2666,BACKTESTER-001,MLSignalStrategyV2-V2,EUR/USD.IDEALPRO,IDEALPRO-1-2666,IDEALPRO-001,IDEALPRO-1-398379,EUR/USD.IDEALPRO-MLSignalStrategyV2-V2,SELL,STOP_MARKET,100000.00,1.16160,USD,2.32 USD,TAKER,27dd8cae-32aa-41c2-ae6c-1a24cc1a19e6,2025-07-16 05:31:00+00:00,2025-07-16 05:31:00+00:00,{},False
O-20250716-140000-001-V2-2668,BACKTESTER-001,MLSignalStrategyV2-V2,EUR/USD.IDEALPRO,IDEALPRO-1-2668,IDEALPRO-001,IDEALPRO-1-399398,EUR/USD.IDEALPRO-MLSignalStrategyV2-V2,BUY,MARKET,100000.00,1.15725,USD,2.31 USD,TAKER,2067d9c8-efcb-4adc-b547-0d28241e832a,2025-07-16 14:00:00+00:00,2025-07-16 14:00:00+00:00,{},False
O-20250716-140000-001-V2-2670,BACKTESTER-001,MLSignalStrategyV2-V2,EUR/USD.IDEALPRO,IDEALPRO-1-2670,IDEALPRO-001,IDEALPRO-1-399509,EUR/USD.IDEALPRO-MLSignalStrategyV2-V2,SELL,LIMIT,100000.00,1.15982,USD,2.32 USD,MAKER,40a5c493-5d9e-4250-bcbe-5f2cbf9fbd60,2025-07-16 14:55:00+00:00,2025-07-16 14:55:00+00:00,{},False
O-20250716-160000-001-V2-2671,BACKTESTER-001,MLSignalStrategyV2-V2,EUR/USD.IDEALPRO,IDEALPRO-1-2671,IDEALPRO-001,IDEALPRO-1-399640,EUR/USD.IDEALPRO-MLSignalStrategyV2-V2,SELL,MARKET,100000.00,1.16287,USD,2.33 USD,TAKER,1665586b-8004-4c11-80c1-edb7cc855819,2025-07-16 16:00:00+00:00,2025-07-16 16:00:00+00:00,{},False
O-20250716-160000-001-V2-2673,BACKTESTER-001,MLSignalStrategyV2-V2,EUR/USD.IDEALPRO,IDEALPRO-1-2673,IDEALPRO-001,IDEALPRO-1-401353,EUR/USD.IDEALPRO-MLSignalStrategyV2-V2,BUY,LIMIT,100000.00,1.15792,USD,2.32 USD,MAKER,cc6ad3d3-3a01-4285-8ac9-a4b5f0d473e2,2025-07-17 06:31:00+00:00,2025-07-17 06:31:00+00:00,{},False
O-20250717-064500-001-V2-2674,BACKTESTER-001,MLSignalStrategyV2-V2,EUR/USD.IDEALPRO,IDEALPRO-1-2674,IDEALPRO-001,IDEALPRO-1-401382,EUR/USD.IDEALPRO-MLSignalStrategyV2-V2,BUY,MARKET,100000.00,1.15784,USD,2.32 USD,TAKER,4ad8f8bf-fb0d-4b64-9dde-e03ae7644430,2025-07-17 06:45:00+00:00,2025-07-17 06:45:00+00:00,{},False
O-20250717-064500-001-V2-2676,BACKTESTER-001,MLSignalStrategyV2-V2,EUR/USD.IDEALPRO,IDEALPRO-1-2676,IDEALPRO-001,IDEALPRO-1-401467,EUR/USD.IDEALPRO-MLSignalStrategyV2-V2,SELL,LIMIT,100000.00,1.15913,USD,2.32 USD,MAKER,b2ccf4b6-a206-4c6b-9b70-3af0aa962362,2025-07-17 07:27:00+00:00,2025-07-17 07:27:00+00:00,{},False
O-20250717-124500-001-V2-2677,BACKTESTER-001,MLSignalStrategyV2-V2,EUR/USD.IDEALPRO,IDEALPRO-1-2677,IDEALPRO-001,IDEALPRO-1-402104,EUR/USD.IDEALPRO-MLSignalStrategyV2-V2,BUY,MARKET,100000.00,1.15813,USD,2.32 USD,TAKER,1edc781a-bcf9-4c08-a79a-be166cc92a18,2025-07-17 12:45:00+00:00,2025-07-17 12:45:00+00:00,{},False
O-20250717-124500-001-V2-2679,BACKTESTER-001,MLSignalStrategyV2-V2,EUR/USD.IDEALPRO,IDEALPRO-1-2679,IDEALPRO-001,IDEALPRO-1-402149,EUR/USD.IDEALPRO-MLSignalStrategyV2-V2,SELL,LIMIT,100000.00,1.15951,USD,2.32 USD,MAKER,f576b2ac-1f73-4ef8-a338-d07c01fecf21,2025-07-17 13:07:00+00:00,2025-07-17 13:07:00+00:00,{},False
O-20250717-183000-001-V2-2680,BACKTESTER-001,MLSignalStrategyV2-V2,EUR/USD.IDEALPRO,IDEALPRO-1-2680,IDEALPRO-001,IDEALPRO-1-402796,EUR/USD.IDEALPRO-MLSignalStrategyV2-V2,BUY,MARKET,100000.00,1.15836,USD,2.32 USD,TAKER,0ea8529e-e0fb-455b-b05b-7c1b90ec9323,2025-07-17 18:30:00+00:00,2025-07-17 18:30:00+00:00,{},False
O-20250717-183000-001-V2-2682,BACKTESTER-001,MLSignalStrategyV2-V2,EUR/USD.IDEALPRO,IDEALPRO-1-2682,IDEALPRO-001,IDEALPRO-1-402893,EUR/USD.IDEALPRO-MLSignalStrategyV2-V2,SELL,LIMIT,100000.00,1.15942,USD,2.32 USD,MAKER,5edbd67f-ef49-4fa7-895e-6b66ee6fb2de,2025-07-17 19:18:00+00:00,2025-07-17 19:18:00+00:00,{},False
O-20250718-160000-001-V2-2683,BACKTESTER-001,MLSignalStrategyV2-V2,EUR/USD.IDEALPRO,IDEALPRO-1-2683,IDEALPRO-001,IDEALPRO-1-405348,EUR/USD.IDEALPRO-MLSignalStrategyV2-V2,SELL,MARKET,100000.00,1.16447,USD,2.33 USD,TAKER,00889ba0-3951-4183-98d0-f5fb65a3a1e3,2025-07-18 16:00:00+00:00,2025-07-18 16:00:00+00:00,{},False
O-20250718-160000-001-V2-2685,BACKTESTER-001,MLSignalStrategyV2-V2,EUR/USD.IDEALPRO,IDEALPRO-1-2685,IDEALPRO-001,IDEALPRO-1-405399,EUR/USD.IDEALPRO-MLSignalStrategyV2-V2,BUY,LIMIT,100000.00,1.16298,USD,2.33 USD,MAKER,e19fa573-603a-497f-92f7-24f76575ea81,2025-07-18 16:25:00+00:00,2025-07-18 16:25:00+00:00,{},False
O-20250720-220000-001-V2-2686,BACKTESTER-001,MLSignalStrategyV2-V2,EUR/USD.IDEALPRO,IDEALPRO-1-2686,IDEALPRO-001,IDEALPRO-1-406040,EUR/USD.IDEALPRO-MLSignalStrategyV2-V2,BUY,MARKET,100000.00,1.16345,USD,2.33 USD,TAKER,1c1eeb4e-a546-4a88-a75e-de03b3e7d939,2025-07-20 22:00:00+00:00,2025-07-20 22:00:00+00:00,{},False
O-20250720-220000-001-V2-2687,BACKTESTER-001,MLSignalStrategyV2-V2,EUR/USD.IDEALPRO,IDEALPRO-1-2687,IDEALPRO-001,IDEALPRO-1-406051,EUR/USD.IDEALPRO-MLSignalStrategyV2-V2,SELL,STOP_MARKET,100000.00,1.16249,USD,2.32 USD,TAKER,d1caa390-90a8-4f93-8a9b-336e3c68ed5c,2025-07-20 22:05:00+00:00,2025-07-20 22:05:00+00:00,{},False
O-20250720-221500-001-V2-2689,BACKTESTER-001,MLSignalStrategyV2-V2,EUR/USD.IDEALPRO,IDEALPRO-1-2689,IDEALPRO-001,IDEALPRO-1-406072,EUR/USD.IDEALPRO-MLSignalStrategyV2-V2,BUY,MARKET,100000.00,1.16312,USD,2.33 USD,TAKER,c60fff53-b21d-49ff-9508-83e5fd98b1b3,2025-07-20 22:15:00+00:00,2025-07-20 22:15:00+00:00,{},False
O-20250720-221500-001-V2-2690,BACKTESTER-001,MLSignalStrategyV2-V2,EUR/USD.IDEALPRO,IDEALPRO-1-2690,IDEALPRO-001,IDEALPRO-1-406127,EUR/USD.IDEALPRO-MLSignalStrategyV2-V2,SELL,STOP_MARKET,100000.00,1.16250,USD,2.33 USD,TAKER,6e87ed26-413c-459a-bfcd-e9dcbaaadc82,2025-07-20 22:42:00+00:00,2025-07-20 22:42:00+00:00,{},False
O-20250720-224500-001-V2-2692,BACKTESTER-001,MLSignalStrategyV2-V2,EUR/USD.IDEALPRO,IDEALPRO-1-2692,IDEALPRO-001,IDEALPRO-1-406134,EUR/USD.IDEALPRO-MLSignalStrategyV2-V2,BUY,MARKET,100000.00,1.16252,USD,2.33 USD,TAKER,ea6c2f40-1623-413f-a72d-5d777a0481e8,2025-07-20 22:45:00+00:00,2025-07-20 22:45:00+00:00,{},False
O-20250720-224500-001-V2-2694,BACKTESTER-001,MLSignalStrategyV2-V2,EUR/USD.IDEALPRO,IDEALPRO-1-2694,IDEALPRO-001,IDEALPRO-1-406311,EUR/USD.IDEALPRO-MLSignalStrategyV2-V2,SELL,LIMIT,100000.00,1.16338,USD,2.33 USD,MAKER,34524b7c-9c98-4d15-934a-dde389500f2d,2025-07-21 00:13:00+00:00,2025-07-21 00:13:00+00:00,{},False
O-20250721-023000-001-V2-2695,BACKTESTER-001,MLSignalStrategyV2-V2,EUR/USD.IDEALPRO,IDEALPRO-1-2695,IDEALPRO-001,IDEALPRO-1-406587,EUR/USD.IDEALPRO-MLSignalStrategyV2-V2,BUY,MARKET,100000.00,1.16216,USD,2.32 USD,TAKER,47519b34-a9c1-45d4-a14a-9a4e7fb658a9,2025-07-21 02:30:00+00:00,2025-07-21 02:30:00+00:00,{},False
O-20250721-023000-001-V2-2697,BACKTESTER-001,MLSignalStrategyV2-V2,EUR/USD.IDEALPRO,IDEALPRO-1-2697,IDEALPRO-001,IDEALPRO-1-406895,EUR/USD.IDEALPRO-MLSignalStrategyV2-V2,SELL,LIMIT,100000.00,1.16309,USD,2.33 USD,MAKER,40fc2d35-529e-4b2a-9b61-175078e16d4e,2025-07-21 05:04:00+00:00,2025-07-21 05:04:00+00:00,{},False
O-20250721-121500-001-V2-2698,BACKTESTER-001,MLSignalStrategyV2-V2,EUR/USD.IDEALPRO,IDEALPRO-1-2698,IDEALPRO-001,IDEALPRO-1-407758,EUR/USD.IDEALPRO-MLSignalStrategyV2-V2,SELL,MARKET,100000.00,1.16686,USD,2.33 USD,TAKER,f5d07a63-da85-4896-855b-a8c9ae2257b9,2025-07-21 12:15:00+00:00,2025-07-21 12:15:00+00:00,{},False
O-20250721-121500-001-V2-2699,BACKTESTER-001,MLSignalStrategyV2-V2,EUR/USD.IDEALPRO,IDEALPRO-1-2699,IDEALPRO-001,IDEALPRO-1-407975,EUR/USD.IDEALPRO-MLSignalStrategyV2-V2,BUY,STOP_MARKET,100000.00,1.16761,USD,2.34 USD,TAKER,25310afb-895c-4b4d-8ae6-f271b1672805,2025-07-21 14:03:00+00:00,2025-07-21 14:03:00+00:00,{},False
O-20250721-144500-001-V2-2701,BACKTESTER-001,MLSignalStrategyV2-V2,EUR/USD.IDEALPRO,IDEALPRO-1-2701,IDEALPRO-001,IDEALPRO-1-408061,EUR/USD.IDEALPRO-MLSignalStrategyV2-V2,SELL,MARKET,100000.00,1.16883,USD,2.34 USD,TAKER,8c49a9b9-b2f2-472f-a10f-44a189f93bc5,2025-07-21 14:45:00+00:00,2025-07-21 14:45:00+00:00,{},False
O-20250721-144500-001-V2-2702,BACKTESTER-001,MLSignalStrategyV2-V2,EUR/USD.IDEALPRO,IDEALPRO-1-2702,IDEALPRO-001,IDEALPRO-1-408085,EUR/USD.IDEALPRO-MLSignalStrategyV2-V2,BUY,STOP_MARKET,100000.00,1.16978,USD,2.34 USD,TAKER,4c76695f-c1d9-458a-8645-6ee33699a454,2025-07-21 14:57:00+00:00,2025-07-21 14:57:00+00:00,{},False
O-20250721-150000-001-V2-2704,BACKTESTER-001,MLSignalStrategyV2-V2,EUR/USD.IDEALPRO,IDEALPRO-1-2704,IDEALPRO-001,IDEALPRO-1-408092,EUR/USD.IDEALPRO-MLSignalStrategyV2-V2,SELL,MARKET,100000.00,1.16967,USD,2.34 USD,TAKER,788319c4-bfda-4a13-af2a-028d899a7a56,2025-07-21 15:00:00+00:00,2025-07-21 15:00:00+00:00,{},False
O-20250721-150000-001-V2-2705,BACKTESTER-001,MLSignalStrategyV2-V2,EUR/USD.IDEALPRO,IDEALPRO-1-2705,IDEALPRO-001,IDEALPRO-1-408117,EUR/USD.IDEALPRO-MLSignalStrategyV2-V2,BUY,STOP_MARKET,100000.00,1.17067,USD,2.34 USD,TAKER,bef35b3b-038f-4836-b56f-b0c23783e93c,2025-07-21 15:12:00+00:00,2025-07-21 15:12:00+00:00,{},False
O-20250721-151500-001-V2-2707,BACKTESTER-001,MLSignalStrategyV2-V2,EUR/USD.IDEALPRO,IDEALPRO-1-2707,IDEALPRO-001,IDEALPRO-1-408124,EUR/USD.IDEALPRO-MLSignalStrategyV2-V2,SELL,MARKET,100000.00,1.17055,USD,2.34 USD,TAKER,ab0ec348-45bd-4f7a-a8c0-a78f30f89b3d,2025-07-21 15:15:00+00:00,2025-07-21 15:15:00+00:00,{},False
O-20250721-151500-001-V2-2708,BACKTESTER-001,MLSignalStrategyV2-V2,EUR/USD.IDEALPRO,IDEALPRO-1-2708,IDEALPRO-001,IDEALPRO-1-408137,EUR/USD.IDEALPRO-MLSignalStrategyV2-V2,BUY,STOP_MARKET,100000.00,1.17152,USD,2.34 USD,TAKER,459540c3-2ce1-4064-9f9b-ed9021a7afdc,2025-07-21 15:21:00+00:00,2025-07-21 15:21:00+00:00,{},False
O-20250721-153000-001-V2-2710,BACKTESTER-001,MLSignalStrategyV2-V2,EUR/USD.IDEALPRO,IDEALPRO-1-2710,IDEALPRO-001,IDEALPRO-1-408156,EUR/USD.IDEALPRO-MLSignalStrategyV2-V2,SELL,MARKET,100000.00,1.17134,USD,2.34 USD,TAKER,2c9d6170-22d8-4a78-a6e6-7982306325da,2025-07-21 15:30:00+00:00,2025-07-21 15:30:00+00:00,{},False
O-20250721-153000-001-V2-2712,BACKTESTER-001,MLSignalStrategyV2-V2,EUR/USD.IDEALPRO,IDEALPRO-1-2712,IDEALPRO-001,IDEALPRO-1-408231,EUR/USD.IDEALPRO-MLSignalStrategyV2-V2,BUY,LIMIT,100000.00,1.16990,USD,2.34 USD,MAKER,d2e6a303-e4fe-4441-9693-cc5a68e688c3,2025-07-21 16:07:00+00:00,2025-07-21 16:07:00+00:00,{},False
O-20250721-170000-001-V2-2713,BACKTESTER-001,MLSignalStrategyV2-V2,EUR/USD.IDEALPRO,IDEALPRO-1-2713,IDEALPRO-001,IDEALPRO-1-408338,EUR/USD.IDEALPRO-MLSignalStrategyV2-V2,SELL,MARKET,100000.00,1.17001,USD,2.34 USD,TAKER,6e594a32-799e-45f2-aee5-281d7a3caed8,2025-07-21 17:00:00+00:00,2025-07-21 17:00:00+00:00,{},False
O-20250721-170000-001-V2-2715,BACKTESTER-001,MLSignalStrategyV2-V2,EUR/USD.IDEALPRO,IDEALPRO-1-2715,IDEALPRO-001,IDEALPRO-1-408395,EUR/USD.IDEALPRO-MLSignalStrategyV2-V2,BUY,LIMIT,100000.00,1.16868,USD,2.34 USD,MAKER,f3438ac7-d7e2-4ea0-93ab-63123aabfada,2025-07-21 17:28:00+00:00,2025-07-21 17:28:00+00:00,{},False
O-20250721-173000-001-V2-2716,BACKTESTER-001,MLSignalStrategyV2-V2,EUR/USD.IDEALPRO,IDEALPRO-1-2716,IDEALPRO-001,IDEALPRO-1-408400,EUR/USD.IDEALPRO-MLSignalStrategyV2-V2,SELL,MARKET,100000.00,1.16893,USD,2.34 USD,TAKER,1bbd3a26-4f03-431e-a088-4e0d558d66ba,2025-07-21 17:30:00+00:00,2025-07-21 17:30:00+00:00,{},False
O-20250721-173000-001-V2-2717,BACKTESTER-001,MLSignalStrategyV2-V2,EUR/USD.IDEALPRO,IDEALPRO-1-2717,IDEALPRO-001,IDEALPRO-1-410179,EUR/USD.IDEALPRO-MLSignalStrategyV2-V2,BUY,STOP_MARKET,100000.00,1.16977,USD,2.34 USD,TAKER,78f88b5d-3abe-4285-a00e-33a476ebefa4,2025-07-22 08:34:00+00:00,2025-07-22 08:34:00+00:00,{},False
O-20250722-161500-001-V2-2719,BACKTESTER-001,MLSignalStrategyV2-V2,EUR/USD.IDEALPRO,IDEALPRO-1-2719,IDEALPRO-001,IDEALPRO-1-411102,EUR/USD.IDEALPRO-MLSignalStrategyV2-V2,SELL,MARKET,100000.00,1.17551,USD,2.35 USD,TAKER,fdf9c44d-0fb7-47db-91b7-76fe5ea82e91,2025-07-22 16:15:00+00:00,2025-07-22 16:15:00+00:00,{},False
O-20250722-161500-001-V2-2721,BACKTESTER-001,MLSignalStrategyV2-V2,EUR/USD.IDEALPRO,IDEALPRO-1-2721,IDEALPRO-001,IDEALPRO-1-411987,EUR/USD.IDEALPRO-MLSignalStrategyV2-V2,BUY,LIMIT,100000.00,1.17362,USD,2.35 USD,MAKER,ed35b239-e7ce-4498-83d3-2a66a036baf0,2025-07-22 23:52:00+00:00,2025-07-22 23:52:00+00:00,{},False
O-20250723-030000-001-V2-2722,BACKTESTER-001,MLSignalStrategyV2-V2,EUR/USD.IDEALPRO,IDEALPRO-1-2722,IDEALPRO-001,IDEALPRO-1-412364,EUR/USD.IDEALPRO-MLSignalStrategyV2-V2,SELL,MARKET,100000.00,1.17349,USD,2.35 USD,TAKER,ac4e54a0-2bff-495d-8194-75862deeed4e,2025-07-23 03:00:00+00:00,2025-07-23 03:00:00+00:00,{},False
O-20250723-030000-001-V2-2723,BACKTESTER-001,MLSignalStrategyV2-V2,EUR/USD.IDEALPRO,IDEALPRO-1-2723,IDEALPRO-001,IDEALPRO-1-412411,EUR/USD.IDEALPRO-MLSignalStrategyV2-V2,BUY,STOP_MARKET,100000.00,1.17418,USD,2.35 USD,TAKER,891a838a-b978-4d22-9ad5-d8cee7b45298,2025-07-23 03:23:00+00:00,2025-07-23 03:23:00+00:00,{},False
O-20250723-043000-001-V2-2725,BACKTESTER-001,MLSignalStrategyV2-V2,EUR/USD.IDEALPRO,IDEALPRO-1-2725,IDEALPRO-001,IDEALPRO-1-412546,EUR/USD.IDEALPRO-MLSignalStrategyV2-V2,SELL,MARKET,100000.00,1.17359,USD,2.35 USD,TAKER,52b9298b-c468-42c0-ac56-8050a6b84fac,2025-07-23 04:30:00+00:00,2025-07-23 04:30:00+00:00,{},False
O-20250723-043000-001-V2-2726,BACKTESTER-001,MLSignalStrategyV2-V2,EUR/USD.IDEALPRO,IDEALPRO-1-2726,IDEALPRO-001,IDEALPRO-1-412845,EUR/USD.IDEALPRO-MLSignalStrategyV2-V2,BUY,STOP_MARKET,100000.00,1.17424,USD,2.35 USD,TAKER,e33e0ac9-fe4f-4046-bfbc-624daa1eb379,2025-07-23 06:59:00+00:00,2025-07-23 06:59:00+00:00,{},False
O-20250723-144500-001-V2-2728,BACKTESTER-001,MLSignalStrategyV2-V2,EUR/USD.IDEALPRO,IDEALPRO-1-2728,IDEALPRO-001,IDEALPRO-1-413779,EUR/USD.IDEALPRO-MLSignalStrategyV2-V2,SELL,MARKET,100000.00,1.17338,USD,2.35 USD,TAKER,83460f27-a4fe-4c45-b107-0bd5790fe4dd,2025-07-23 14:45:00+00:00,2025-07-23 14:45:00+00:00,{},False
O-20250723-144500-001-V2-2729,BACKTESTER-001,MLSignalStrategyV2-V2,EUR/USD.IDEALPRO,IDEALPRO-1-2729,IDEALPRO-001,IDEALPRO-1-413921,EUR/USD.IDEALPRO-MLSignalStrategyV2-V2,BUY,STOP_MARKET,100000.00,1.17430,USD,2.35 USD,TAKER,562efa00-c31c-4373-9864-1a1c01f02350,2025-07-23 15:56:00+00:00,2025-07-23 15:56:00+00:00,{},False
O-20250723-203000-001-V2-2731,BACKTESTER-001,MLSignalStrategyV2-V2,EUR/USD.IDEALPRO,IDEALPRO-1-2731,IDEALPRO-001,IDEALPRO-1-414470,EUR/USD.IDEALPRO-MLSignalStrategyV2-V2,BUY,MARKET,100000.00,1.17733,USD,2.35 USD,TAKER,b857af6d-17b7-4183-93eb-a998b29b4e5b,2025-07-23 20:30:00+00:00,2025-07-23 20:30:00+00:00,{},False
O-20250723-203000-001-V2-2732,BACKTESTER-001,MLSignalStrategyV2-V2,EUR/USD.IDEALPRO,IDEALPRO-1-2732,IDEALPRO-001,IDEALPRO-1-414517,EUR/USD.IDEALPRO-MLSignalStrategyV2-V2,SELL,STOP_MARKET,100000.00,1.17667,USD,2.35 USD,TAKER,e8dd1b74-bdfb-4cf6-8d81-075700242558,2025-07-23 20:53:00+00:00,2025-07-23 20:53:00+00:00,{},False
O-20250723-220000-001-V2-2734,BACKTESTER-001,MLSignalStrategyV2-V2,EUR/USD.IDEALPRO,IDEALPRO-1-2734,IDEALPRO-001,IDEALPRO-1-414622,EUR/USD.IDEALPRO-MLSignalStrategyV2-V2,BUY,MARKET,100000.00,1.17701,USD,2.35 USD,TAKER,0bdc1d52-ae0d-47e1-9919-3d396ce58004,2025-07-23 22:00:00+00:00,2025-07-23 22:00:00+00:00,{},False
O-20250723-220000-001-V2-2736,BACKTESTER-001,MLSignalStrategyV2-V2,EUR/USD.IDEALPRO,IDEALPRO-1-2736,IDEALPRO-001,IDEALPRO-1-414787,EUR/USD.IDEALPRO-MLSignalStrategyV2-V2,SELL,LIMIT,100000.00,1.17787,USD,2.36 USD,MAKER,32219dbf-cc97-4eab-84e1-d50107becc3e,2025-07-23 23:22:00+00:00,2025-07-23 23:22:00+00:00,{},False
O-20250723-233000-001-V2-2737,BACKTESTER-001,MLSignalStrategyV2-V2,EUR/USD.IDEALPRO,IDEALPRO-1-2737,IDEALPRO-001,IDEALPRO-1-414805,EUR/USD.IDEALPRO-MLSignalStrategyV2-V2,BUY,MARKET,100000.00,1.17778,USD,2.36 USD,TAKER,f731864f-059e-43e4-ab19-b01e75c02c80,2025-07-23 23:30:00+00:00,2025-07-23 23:30:00+00:00,{},False
O-20250723-233000-001-V2-2738,BACKTESTER-001,MLSignalStrategyV2-V2,EUR/USD.IDEALPRO,IDEALPRO-1-2738,IDEALPRO-001,IDEALPRO-1-414861,EUR/USD.IDEALPRO-MLSignalStrategyV2-V2,SELL,STOP_MARKET,100000.00,1.17731,USD,2.35 USD,TAKER,f482f2cc-2309-4608-a602-603293b9902a,2025-07-23 23:58:00+00:00,2025-07-23 23:58:00+00:00,{},False
O-20250724-003000-001-V2-2740,BACKTESTER-001,MLSignalStrategyV2-V2,EUR/USD.IDEALPRO,IDEALPRO-1-2740,IDEALPRO-001,IDEALPRO-1-414927,EUR/USD.IDEALPRO-MLSignalStrategyV2-V2,BUY,MARKET,100000.00,1.17709,USD,2.35 USD,TAKER,2f66c13f-1c76-4580-9531-59d95d9f9eac,2025-07-24 00:30:00+00:00,2025-07-24 00:30:00+00:00,{},False
O-20250724-003000-001-V2-2741,BACKTESTER-001,MLSignalStrategyV2-V2,EUR/USD.IDEALPRO,IDEALPRO-1-2741,IDEALPRO-001,IDEALPRO-1-414931,EUR/USD.IDEALPRO-MLSignalStrategyV2-V2,SELL,STOP_MARKET,100000.00,1.17656,USD,2.35 USD,TAKER,930a2ddc-e3ea-4dcd-82e6-994bf1e36f3e,2025-07-24 00:32:00+00:00,2025-07-24 00:32:00+00:00,{},False
O-20250724-004500-001-V2-2743,BACKTESTER-001,MLSignalStrategyV2-V2,EUR/USD.IDEALPRO,IDEALPRO-1-2743,IDEALPRO-001,IDEALPRO-1-414958,EUR/USD.IDEALPRO-MLSignalStrategyV2-V2,BUY,MARKET,100000.00,1.17641,USD,2.35 USD,TAKER,ced641be-c7ac-4c21-9d6a-148b3083dc58,2025-07-24 00:45:00+00:00,2025-07-24 00:45:00+00:00,{},False
O-20250724-004500-001-V2-2745,BACKTESTER-001,MLSignalStrategyV2-V2,EUR/USD.IDEALPRO,IDEALPRO-1-2745,IDEALPRO-001,IDEALPRO-1-414995,EUR/USD.IDEALPRO-MLSignalStrategyV2-V2,SELL,LIMIT,100000.00,1.17710,USD,2.35 USD,MAKER,b9e4ac13-d2db-4984-b068-8c6b960201a9,2025-07-24 01:03:00+00:00,2025-07-24 01:03:00+00:00,{},False
O-20250724-060000-001-V2-2746,BACKTESTER-001,MLSignalStrategyV2-V2,EUR/USD.IDEALPRO,IDEALPRO-1-2746,IDEALPRO-001,IDEALPRO-1-415591,EUR/USD.IDEALPRO-MLSignalStrategyV2-V2,BUY,MARKET,100000.00,1.17712,USD,2.35 USD,TAKER,6377d928-8583-4b4c-976d-3835c1a4bfc7,2025-07-24 06:00:00+00:00,2025-07-24 06:00:00+00:00,{},False
O-20250724-060000-001-V2-2747,BACKTESTER-001,MLSignalStrategyV2-V2,EUR/USD.IDEALPRO,IDEALPRO-1-2747,IDEALPRO-001,IDEALPRO-1-415623,EUR/USD.IDEALPRO-MLSignalStrategyV2-V2,SELL,STOP_MARKET,100000.00,1.17657,USD,2.35 USD,TAKER,3ffbd4db-cb78-43f5-98eb-55eb7f39feb2,2025-07-24 06:16:00+00:00,2025-07-24 06:16:00+00:00,{},False
O-20250724-063000-001-V2-2749,BACKTESTER-001,MLSignalStrategyV2-V2,EUR/USD.IDEALPRO,IDEALPRO-1-2749,IDEALPRO-001,IDEALPRO-1-415652,EUR/USD.IDEALPRO-MLSignalStrategyV2-V2,BUY,MARKET,100000.00,1.17668,USD,2.35 USD,TAKER,f2d02782-9490-472d-ace0-b26b76b14041,2025-07-24 06:30:00+00:00,2025-07-24 06:30:00+00:00,{},False
O-20250724-063000-001-V2-2750,BACKTESTER-001,MLSignalStrategyV2-V2,EUR/USD.IDEALPRO,IDEALPRO-1-2750,IDEALPRO-001,IDEALPRO-1-415685,EUR/USD.IDEALPRO-MLSignalStrategyV2-V2,SELL,STOP_MARKET,100000.00,1.17622,USD,2.35 USD,TAKER,b1af533a-196f-4c6c-b92f-f83bcf580bfe,2025-07-24 06:46:00+00:00,2025-07-24 06:46:00+00:00,{},False
O-20250724-124500-001-V2-2752,BACKTESTER-001,MLSignalStrategyV2-V2,EUR/USD.IDEALPRO,IDEALPRO-1-2752,IDEALPRO-001,IDEALPRO-1-416404,EUR/USD.IDEALPRO-MLSignalStrategyV2-V2,BUY,MARKET,100000.00,1.17378,USD,2.35 USD,TAKER,2bba423a-c49d-4d99-bf4d-9b81fe521d50,2025-07-24 12:45:00+00:00,2025-07-24 12:45:00+00:00,{},False
O-20250724-124500-001-V2-2754,BACKTESTER-001,MLSignalStrategyV2-V2,EUR/USD.IDEALPRO,IDEALPRO-1-2754,IDEALPRO-001,IDEALPRO-1-416449,EUR/USD.IDEALPRO-MLSignalStrategyV2-V2,SELL,LIMIT,100000.00,1.17489,USD,2.35 USD,MAKER,645450cd-9b8d-4d42-8bb6-12c895bcbae0,2025-07-24 13:07:00+00:00,2025-07-24 13:07:00+00:00,{},False
O-20250724-194500-001-V2-2755,BACKTESTER-001,MLSignalStrategyV2-V2,EUR/USD.IDEALPRO,IDEALPRO-1-2755,IDEALPRO-001,IDEALPRO-1-417247,EUR/USD.IDEALPRO-MLSignalStrategyV2-V2,BUY,MARKET,100000.00,1.17668,USD,2.35 USD,TAKER,286d2113-f4d3-4193-a6a9-00888e330ac0,2025-07-24 19:45:00+00:00,2025-07-24 19:45:00+00:00,{},False
O-20250724-194500-001-V2-2756,BACKTESTER-001,MLSignalStrategyV2-V2,EUR/USD.IDEALPRO,IDEALPRO-1-2756,IDEALPRO-001,IDEALPRO-1-417271,EUR/USD.IDEALPRO-MLSignalStrategyV2-V2,SELL,STOP_MARKET,100000.00,1.17604,USD,2.35 USD,TAKER,d1fc2f05-2e2b-42c3-9276-0f4d74b867f5,2025-07-24 19:57:00+00:00,2025-07-24 19:57:00+00:00,{},False
O-20250724-210000-001-V2-2758,BACKTESTER-001,MLSignalStrategyV2-V2,EUR/USD.IDEALPRO,IDEALPRO-1-2758,IDEALPRO-001,IDEALPRO-1-417398,EUR/USD.IDEALPRO-MLSignalStrategyV2-V2,BUY,MARKET,100000.00,1.17479,USD,2.35 USD,TAKER,352747e3-658a-4b5d-b0b5-9b8bef5dc3a2,2025-07-24 21:00:00+00:00,2025-07-24 21:00:00+00:00,{},False
O-20250724-210000-001-V2-2760,BACKTESTER-001,MLSignalStrategyV2-V2,EUR/USD.IDEALPRO,IDEALPRO-1-2760,IDEALPRO-001,IDEALPRO-1-417717,EUR/USD.IDEALPRO-MLSignalStrategyV2-V2,SELL,LIMIT,100000.00,1.17574,USD,2.35 USD,MAKER,1fc86f0d-0b35-44e6-8605-9b759ec6f1df,2025-07-24 23:54:00+00:00,2025-07-24 23:54:00+00:00,{},False
O-20250725-013000-001-V2-2761,BACKTESTER-001,MLSignalStrategyV2-V2,EUR/USD.IDEALPRO,IDEALPRO-1-2761,IDEALPRO-001,IDEALPRO-1-417910,EUR/USD.IDEALPRO-MLSignalStrategyV2-V2,SELL,MARKET,100000.00,1.17442,USD,2.35 USD,TAKER,4cf1d7b6-fcd5-4d98-83b6-3e65d82a7449,2025-07-25 01:30:00+00:00,2025-07-25 01:30:00+00:00,{},False
O-20250725-013000-001-V2-2763,BACKTESTER-001,MLSignalStrategyV2-V2,EUR/USD.IDEALPRO,IDEALPRO-1-2763,IDEALPRO-001,IDEALPRO-1-418063,EUR/USD.IDEALPRO-MLSignalStrategyV2-V2,BUY,LIMIT,100000.00,1.17349,USD,2.35 USD,MAKER,381b1f91-3479-4a5b-ad6c-15e628a92f73,2025-07-25 02:46:00+00:00,2025-07-25 02:46:00+00:00,{},False
O-20250725-073000-001-V2-2764,BACKTESTER-001,MLSignalStrategyV2-V2,EUR/USD.IDEALPRO,IDEALPRO-1-2764,IDEALPRO-001,IDEALPRO-1-418633,EUR/USD.IDEALPRO-MLSignalStrategyV2-V2,BUY,MARKET,100000.00,1.17526,USD,2.35 USD,TAKER,e2ee05fd-b579-4a7e-be08-83ca706366a6,2025-07-25 07:30:00+00:00,2025-07-25 07:30:00+00:00,{},False
O-20250725-073000-001-V2-2765,BACKTESTER-001,MLSignalStrategyV2-V2,EUR/USD.IDEALPRO,IDEALPRO-1-2765,IDEALPRO-001,IDEALPRO-1-418723,EUR/USD.IDEALPRO-MLSignalStrategyV2-V2,SELL,STOP_MARKET,100000.00,1.17418,USD,2.35 USD,TAKER,3040c117-7831-43a0-b425-31e588d0e07e,2025-07-25 08:15:00+00:00,2025-07-25 08:15:00+00:00,{},False
O-20250725-093000-001-V2-2767,BACKTESTER-001,MLSignalStrategyV2-V2,EUR/USD.IDEALPRO,IDEALPRO-1-2767,IDEALPRO-001,IDEALPRO-1-418875,EUR/USD.IDEALPRO-MLSignalStrategyV2-V2,BUY,MARKET,100000.00,1.17369,USD,2.35 USD,TAKER,1157cdd7-b575-4c2e-98db-3c6cf1d53907,2025-07-25 09:30:00+00:00,2025-07-25 09:30:00+00:00,{},False
O-20250725-093000-001-V2-2768,BACKTESTER-001,MLSignalStrategyV2-V2,EUR/USD.IDEALPRO,IDEALPRO-1-2768,IDEALPRO-001,IDEALPRO-1-419037,EUR/USD.IDEALPRO-MLSignalStrategyV2-V2,SELL,STOP_MARKET,100000.00,1.17261,USD,2.35 USD,TAKER,60097e9e-4b72-4bd5-9f72-3aefb20f66ee,2025-07-25 10:51:00+00:00,2025-07-25 10:51:00+00:00,{},False
O-20250725-201500-001-V2-2770,BACKTESTER-001,MLSignalStrategyV2-V2,EUR/USD.IDEALPRO,IDEALPRO-1-2770,IDEALPRO-001,IDEALPRO-1-420166,EUR/USD.IDEALPRO-MLSignalStrategyV2-V2,BUY,MARKET,100000.00,1.17400,USD,2.35 USD,TAKER,e19a41f7-5e66-4649-80e8-88c2a4aab001,2025-07-25 20:15:00+00:00,2025-07-25 20:15:00+00:00,{},False
O-20250725-201500-001-V2-2772,BACKTESTER-001,MLSignalStrategyV2-V2,EUR/USD.IDEALPRO,IDEALPRO-1-2772,IDEALPRO-001,IDEALPRO-1-420259,EUR/USD.IDEALPRO-MLSignalStrategyV2-V2,SELL,LIMIT,100000.00,1.17566,USD,2.35 USD,MAKER,41ce5e6b-357e-4455-90ee-89a30501fcc1,2025-07-27 21:16:00+00:00,2025-07-27 21:16:00+00:00,{},False
O-20250728-050000-001-V2-2773,BACKTESTER-001,MLSignalStrategyV2-V2,EUR/USD.IDEALPRO,IDEALPRO-1-2773,IDEALPRO-001,IDEALPRO-1-421189,EUR/USD.IDEALPRO-MLSignalStrategyV2-V2,SELL,MARKET,100000.00,1.17474,USD,2.35 USD,TAKER,b1361ee8-ad87-4ead-b991-27467ba1210a,2025-07-28 05:00:00+00:00,2025-07-28 05:00:00+00:00,{},False
O-20250728-050000-001-V2-2775,BACKTESTER-001,MLSignalStrategyV2-V2,EUR/USD.IDEALPRO,IDEALPRO-1-2775,IDEALPRO-001,IDEALPRO-1-421311,EUR/USD.IDEALPRO-MLSignalStrategyV2-V2,BUY,LIMIT,100000.00,1.17393,USD,2.35 USD,MAKER,165acda0-3cf9-4adb-a1e7-6738398b12f9,2025-07-28 06:01:00+00:00,2025-07-28 06:01:00+00:00,{},False
O-20250728-074500-001-V2-2776,BACKTESTER-001,MLSignalStrategyV2-V2,EUR/USD.IDEALPRO,IDEALPRO-1-2776,IDEALPRO-001,IDEALPRO-1-421520,EUR/USD.IDEALPRO-MLSignalStrategyV2-V2,BUY,MARKET,100000.00,1.16915,USD,2.34 USD,TAKER,dcf5a380-63a9-4333-a99f-6b20d406ea4c,2025-07-28 07:45:00+00:00,2025-07-28 07:45:00+00:00,{},False
O-20250728-074500-001-V2-2777,BACKTESTER-001,MLSignalStrategyV2-V2,EUR/USD.IDEALPRO,IDEALPRO-1-2777,IDEALPRO-001,IDEALPRO-1-421537,EUR/USD.IDEALPRO-MLSignalStrategyV2-V2,SELL,STOP_MARKET,100000.00,1.16809,USD,2.34 USD,TAKER,5c1bc754-ca46-47bf-8196-5e3f2916b415,2025-07-28 07:53:00+00:00,2025-07-28 07:53:00+00:00,{},False
O-20250728-080000-001-V2-2779,BACKTESTER-001,MLSignalStrategyV2-V2,EUR/USD.IDEALPRO,IDEALPRO-1-2779,IDEALPRO-001,IDEALPRO-1-421552,EUR/USD.IDEALPRO-MLSignalStrategyV2-V2,BUY,MARKET,100000.00,1.16749,USD,2.33 USD,TAKER,3147fda6-c536-4778-b321-690d0e028564,2025-07-28 08:00:00+00:00,2025-07-28 08:00:00+00:00,{},False
O-20250728-080000-001-V2-2780,BACKTESTER-001,MLSignalStrategyV2-V2,EUR/USD.IDEALPRO,IDEALPRO-1-2780,IDEALPRO-001,IDEALPRO-1-421747,EUR/USD.IDEALPRO-MLSignalStrategyV2-V2,SELL,STOP_MARKET,100000.00,1.16584,USD,2.33 USD,TAKER,50330876-b014-42a6-b7d5-5c578125ad74,2025-07-28 09:37:00+00:00,2025-07-28 09:37:00+00:00,{},False
O-20250728-100000-001-V2-2782,BACKTESTER-001,MLSignalStrategyV2-V2,EUR/USD.IDEALPRO,IDEALPRO-1-2782,IDEALPRO-001,IDEALPRO-1-421794,EUR/USD.IDEALPRO-MLSignalStrategyV2-V2,BUY,MARKET,100000.00,1.16670,USD,2.33 USD,TAKER,6d313f7c-fed2-42fd-a503-4489f75591c6,2025-07-28 10:00:00+00:00,2025-07-28 10:00:00+00:00,{},False
O-20250728-100000-001-V2-2783,BACKTESTER-001,MLSignalStrategyV2-V2,EUR/USD.IDEALPRO,IDEALPRO-1-2783,IDEALPRO-001,IDEALPRO-1-421845,EUR/USD.IDEALPRO-MLSignalStrategyV2-V2,SELL,STOP_MARKET,100000.00,1.16551,USD,2.33 USD,TAKER,fe3b343e-5462-4fe2-aea9-00e0a7d0846c,2025-07-28 10:25:00+00:00,2025-07-28 10:25:00+00:00,{},False
O-20250728-103000-001-V2-2785,BACKTESTER-001,MLSignalStrategyV2-V2,EUR/USD.IDEALPRO,IDEALPRO-1-2785,IDEALPRO-001,IDEALPRO-1-421856,EUR/USD.IDEALPRO-MLSignalStrategyV2-V2,BUY,MARKET,100000.00,1.16590,USD,2.33 USD,TAKER,ad92a4bc-8f54-4b77-99bb-4c2610f857a8,2025-07-28 10:30:00+00:00,2025-07-28 10:30:00+00:00,{},False
O-20250728-103000-001-V2-2786,BACKTESTER-001,MLSignalStrategyV2-V2,EUR/USD.IDEALPRO,IDEALPRO-1-2786,IDEALPRO-001,IDEALPRO-1-421953,EUR/USD.IDEALPRO-MLSignalStrategyV2-V2,SELL,STOP_MARKET,100000.00,1.16466,USD,2.33 USD,TAKER,06b216af-69f9-477c-9bf7-b8335f95d45a,2025-07-28 11:18:00+00:00,2025-07-28 11:18:00+00:00,{},False
O-20250728-113000-001-V2-2788,BACKTESTER-001,MLSignalStrategyV2-V2,EUR/USD.IDEALPRO,IDEALPRO-1-2788,IDEALPRO-001,IDEALPRO-1-421978,EUR/USD.IDEALPRO-MLSignalStrategyV2-V2,BUY,MARKET,100000.00,1.16515,USD,2.33 USD,TAKER,55196949-517c-4a87-a0f4-794e8a083611,2025-07-28 11:30:00+00:00,2025-07-28 11:30:00+00:00,{},False
O-20250728-113000-001-V2-2789,BACKTESTER-001,MLSignalStrategyV2-V2,EUR/USD.IDEALPRO,IDEALPRO-1-2789,IDEALPRO-001,IDEALPRO-1-422203,EUR/USD.IDEALPRO-MLSignalStrategyV2-V2,SELL,STOP_MARKET,100000.00,1.16381,USD,2.33 USD,TAKER,982eeebb-2686-4561-9418-e4919469c159,2025-07-28 13:22:00+00:00,2025-07-28 13:22:00+00:00,{},False
O-20250728-134500-001-V2-2791,BACKTESTER-001,MLSignalStrategyV2-V2,EUR/USD.IDEALPRO,IDEALPRO-1-2791,IDEALPRO-001,IDEALPRO-1-422250,EUR/USD.IDEALPRO-MLSignalStrategyV2-V2,BUY,MARKET,100000.00,1.16337,USD,2.33 USD,TAKER,e613b58c-802b-4ccd-80dc-fa473e53e5ec,2025-07-28 13:45:00+00:00,2025-07-28 13:45:00+00:00,{},False
O-20250728-134500-001-V2-2792,BACKTESTER-001,MLSignalStrategyV2-V2,EUR/USD.IDEALPRO,IDEALPRO-1-2792,IDEALPRO-001,IDEALPRO-1-422443,EUR/USD.IDEALPRO-MLSignalStrategyV2-V2,SELL,STOP_MARKET,100000.00,1.16208,USD,2.32 USD,TAKER,6a7c6137-fdf2-42e8-a003-5ba83146e234,2025-07-28 15:21:00+00:00,2025-07-28 15:21:00+00:00,{},False
O-20250728-153000-001-V2-2794,BACKTESTER-001,MLSignalStrategyV2-V2,EUR/USD.IDEALPRO,IDEALPRO-1-2794,IDEALPRO-001,IDEALPRO-1-422462,EUR/USD.IDEALPRO-MLSignalStrategyV2-V2,BUY,MARKET,100000.00,1.16220,USD,2.32 USD,TAKER,09c98958-21cd-4d0c-a616-c51a7e5fd37f,2025-07-28 15:30:00+00:00,2025-07-28 15:30:00+00:00,{},False
O-20250728-153000-001-V2-2795,BACKTESTER-001,MLSignalStrategyV2-V2,EUR/USD.IDEALPRO,IDEALPRO-1-2795,IDEALPRO-001,IDEALPRO-1-422501,EUR/USD.IDEALPRO-MLSignalStrategyV2-V2,SELL,STOP_MARKET,100000.00,1.16106,USD,2.32 USD,TAKER,6232cb0f-9a7a-42df-9667-75ad9798b0ad,2025-07-28 15:49:00+00:00,2025-07-28 15:49:00+00:00,{},False
O-20250728-170000-001-V2-2797,BACKTESTER-001,MLSignalStrategyV2-V2,EUR/USD.IDEALPRO,IDEALPRO-1-2797,IDEALPRO-001,IDEALPRO-1-422644,EUR/USD.IDEALPRO-MLSignalStrategyV2-V2,BUY,MARKET,100000.00,1.15992,USD,2.32 USD,TAKER,80036ed3-29ea-4897-b928-8b2ec6ea3831,2025-07-28 17:00:00+00:00,2025-07-28 17:00:00+00:00,{},False
O-20250728-170000-001-V2-2798,BACKTESTER-001,MLSignalStrategyV2-V2,EUR/USD.IDEALPRO,IDEALPRO-1-2798,IDEALPRO-001,IDEALPRO-1-422747,EUR/USD.IDEALPRO-MLSignalStrategyV2-V2,SELL,STOP_MARKET,100000.00,1.15892,USD,2.32 USD,TAKER,8d839357-c3c3-4916-9c91-3b6ac043a4f1,2025-07-28 17:51:00+00:00,2025-07-28 17:51:00+00:00,{},False
O-20250728-191500-001-V2-2800,BACKTESTER-001,MLSignalStrategyV2-V2,EUR/USD.IDEALPRO,IDEALPRO-1-2800,IDEALPRO-001,IDEALPRO-1-422917,EUR/USD.IDEALPRO-MLSignalStrategyV2-V2,BUY,MARKET,100000.00,1.15916,USD,2.32 USD,TAKER,8e59286c-07b3-4a7b-8861-08ac0cb40373,2025-07-28 19:15:00+00:00,2025-07-28 19:15:00+00:00,{},False
O-20250728-191500-001-V2-2801,BACKTESTER-001,MLSignalStrategyV2-V2,EUR/USD.IDEALPRO,IDEALPRO-1-2801,IDEALPRO-001,IDEALPRO-1-423567,EUR/USD.IDEALPRO-MLSignalStrategyV2-V2,SELL,STOP_MARKET,100000.00,1.15851,USD,2.32 USD,TAKER,14fca5d3-d7cf-4b6d-91d3-b4713ea67882,2025-07-29 00:55:00+00:00,2025-07-29 00:55:00+00:00,{},False
O-20250729-010000-001-V2-2803,BACKTESTER-001,MLSignalStrategyV2-V2,EUR/USD.IDEALPRO,IDEALPRO-1-2803,IDEALPRO-001,IDEALPRO-1-423578,EUR/USD.IDEALPRO-MLSignalStrategyV2-V2,BUY,MARKET,100000.00,1.15852,USD,2.32 USD,TAKER,294f619d-1b4b-4274-89ef-5c0997ff4bfe,2025-07-29 01:00:00+00:00,2025-07-29 01:00:00+00:00,{},False
O-20250729-010000-001-V2-2805,BACKTESTER-001,MLSignalStrategyV2-V2,EUR/USD.IDEALPRO,IDEALPRO-1-2805,IDEALPRO-001,IDEALPRO-1-423615,EUR/USD.IDEALPRO-MLSignalStrategyV2-V2,SELL,LIMIT,100000.00,1.15927,USD,2.32 USD,MAKER,06083787-2024-411c-95a1-0b1def6ce3cf,2025-07-29 01:18:00+00:00,2025-07-29 01:18:00+00:00,{},False
O-20250729-040000-001-V2-2806,BACKTESTER-001,MLSignalStrategyV2-V2,EUR/USD.IDEALPRO,IDEALPRO-1-2806,IDEALPRO-001,IDEALPRO-1-423940,EUR/USD.IDEALPRO-MLSignalStrategyV2-V2,BUY,MARKET,100000.00,1.15831,USD,2.32 USD,TAKER,01891cb5-96dd-42f8-83b1-a31706afcb98,2025-07-29 04:00:00+00:00,2025-07-29 04:00:00+00:00,{},False
O-20250729-040000-001-V2-2807,BACKTESTER-001,MLSignalStrategyV2-V2,EUR/USD.IDEALPRO,IDEALPRO-1-2807,IDEALPRO-001,IDEALPRO-1-423977,EUR/USD.IDEALPRO-MLSignalStrategyV2-V2,SELL,STOP_MARKET,100000.00,1.15762,USD,2.32 USD,TAKER,6721dcfb-53b6-4f4a-9300-6720d1bb7599,2025-07-29 04:18:00+00:00,2025-07-29 04:18:00+00:00,{},False
O-20250729-070000-001-V2-2809,BACKTESTER-001,MLSignalStrategyV2-V2,EUR/USD.IDEALPRO,IDEALPRO-1-2809,IDEALPRO-001,IDEALPRO-1-424302,EUR/USD.IDEALPRO-MLSignalStrategyV2-V2,BUY,MARKET,100000.00,1.15339,USD,2.31 USD,TAKER,cde397fb-beed-4b7b-83bd-e2b10d973121,2025-07-29 07:00:00+00:00,2025-07-29 07:00:00+00:00,{},False
O-20250729-070000-001-V2-2811,BACKTESTER-001,MLSignalStrategyV2-V2,EUR/USD.IDEALPRO,IDEALPRO-1-2811,IDEALPRO-001,IDEALPRO-1-424413,EUR/USD.IDEALPRO-MLSignalStrategyV2-V2,SELL,LIMIT,100000.00,1.15515,USD,2.31 USD,MAKER,b4faba29-8cbb-4565-99a3-e3809593cfd2,2025-07-29 07:55:00+00:00,2025-07-29 07:55:00+00:00,{},False
O-20250729-080000-001-V2-2812,BACKTESTER-001,MLSignalStrategyV2-V2,EUR/USD.IDEALPRO,IDEALPRO-1-2812,IDEALPRO-001,IDEALPRO-1-424424,EUR/USD.IDEALPRO-MLSignalStrategyV2-V2,BUY,MARKET,100000.00,1.15549,USD,2.31 USD,TAKER,4d19eca1-37da-4c45-8f2a-a4c1e3fa9977,2025-07-29 08:00:00+00:00,2025-07-29 08:00:00+00:00,{},False
O-20250729-080000-001-V2-2814,BACKTESTER-001,MLSignalStrategyV2-V2,EUR/USD.IDEALPRO,IDEALPRO-1-2814,IDEALPRO-001,IDEALPRO-1-424547,EUR/USD.IDEALPRO-MLSignalStrategyV2-V2,SELL,LIMIT,100000.00,1.15750,USD,2.32 USD,MAKER,3b801724-a37e-44e9-b70a-887df51b636b,2025-07-29 09:01:00+00:00,2025-07-29 09:01:00+00:00,{},False
O-20250729-100000-001-V2-2815,BACKTESTER-001,MLSignalStrategyV2-V2,EUR/USD.IDEALPRO,IDEALPRO-1-2815,IDEALPRO-001,IDEALPRO-1-424667,EUR/USD.IDEALPRO-MLSignalStrategyV2-V2,SELL,MARKET,100000.00,1.15767,USD,2.32 USD,TAKER,dd1a2b34-ed47-4dd4-bbf0-fba03138c978,2025-07-29 10:00:00+00:00,2025-07-29 10:00:00+00:00,{},False
O-20250729-100000-001-V2-2816,BACKTESTER-001,MLSignalStrategyV2-V2,EUR/USD.IDEALPRO,IDEALPRO-1-2816,IDEALPRO-001,IDEALPRO-1-424727,EUR/USD.IDEALPRO-MLSignalStrategyV2-V2,BUY,STOP_MARKET,100000.00,1.15877,USD,2.32 USD,TAKER,dc770b15-f8b3-4d54-bd82-e64862b59cee,2025-07-29 10:30:00+00:00,2025-07-29 10:30:00+00:00,{},False
O-20250729-114500-001-V2-2818,BACKTESTER-001,MLSignalStrategyV2-V2,EUR/USD.IDEALPRO,IDEALPRO-1-2818,IDEALPRO-001,IDEALPRO-1-424878,EUR/USD.IDEALPRO-MLSignalStrategyV2-V2,BUY,MARKET,100000.00,1.15450,USD,2.31 USD,TAKER,99e3340f-c94d-4942-aa28-4fd23f047cb6,2025-07-29 11:45:00+00:00,2025-07-29 11:45:00+00:00,{},False
O-20250729-114500-001-V2-2819,BACKTESTER-001,MLSignalStrategyV2-V2,EUR/USD.IDEALPRO,IDEALPRO-1-2819,IDEALPRO-001,IDEALPRO-1-424927,EUR/USD.IDEALPRO-MLSignalStrategyV2-V2,SELL,STOP_MARKET,100000.00,1.15337,USD,2.31 USD,TAKER,22e218ad-35a5-4de7-a09a-823025901dce,2025-07-29 12:09:00+00:00,2025-07-29 12:09:00+00:00,{},False
O-20250729-121500-001-V2-2821,BACKTESTER-001,MLSignalStrategyV2-V2,EUR/USD.IDEALPRO,IDEALPRO-1-2821,IDEALPRO-001,IDEALPRO-1-424941,EUR/USD.IDEALPRO-MLSignalStrategyV2-V2,BUY,MARKET,100000.00,1.15348,USD,2.31 USD,TAKER,91711007-ba28-4d41-af3b-d16a575c71b1,2025-07-29 12:15:00+00:00,2025-07-29 12:15:00+00:00,{},False
O-20250729-121500-001-V2-2822,BACKTESTER-001,MLSignalStrategyV2-V2,EUR/USD.IDEALPRO,IDEALPRO-1-2822,IDEALPRO-001,IDEALPRO-1-425033,EUR/USD.IDEALPRO-MLSignalStrategyV2-V2,SELL,STOP_MARKET,100000.00,1.15220,USD,2.30 USD,TAKER,72b2992d-27d3-4e74-8e71-f9a06bae9908,2025-07-29 13:01:00+00:00,2025-07-29 13:01:00+00:00,{},False
O-20250729-201500-001-V2-2824,BACKTESTER-001,MLSignalStrategyV2-V2,EUR/USD.IDEALPRO,IDEALPRO-1-2824,IDEALPRO-001,IDEALPRO-1-425903,EUR/USD.IDEALPRO-MLSignalStrategyV2-V2,BUY,MARKET,100000.00,1.15515,USD,2.31 USD,TAKER,992d04d1-232a-4ae6-9a91-9620ace1cf63,2025-07-29 20:15:00+00:00,2025-07-29 20:15:00+00:00,{},False
O-20250729-201500-001-V2-2825,BACKTESTER-001,MLSignalStrategyV2-V2,EUR/USD.IDEALPRO,IDEALPRO-1-2825,IDEALPRO-001,IDEALPRO-1-425965,EUR/USD.IDEALPRO-MLSignalStrategyV2-V2,SELL,STOP_MARKET,100000.00,1.15451,USD,2.31 USD,TAKER,ac287a64-973c-4ae9-b735-3746d8d96833,2025-07-29 20:46:00+00:00,2025-07-29 20:46:00+00:00,{},False
O-20250730-023000-001-V2-2827,BACKTESTER-001,MLSignalStrategyV2-V2,EUR/USD.IDEALPRO,IDEALPRO-1-2827,IDEALPRO-001,IDEALPRO-1-426624,EUR/USD.IDEALPRO-MLSignalStrategyV2-V2,SELL,MARKET,100000.00,1.15647,USD,2.31 USD,TAKER,09aac7e9-36cf-4279-a2a3-b7b86f28a088,2025-07-30 02:30:00+00:00,2025-07-30 02:30:00+00:00,{},False
O-20250730-023000-001-V2-2828,BACKTESTER-001,MLSignalStrategyV2-V2,EUR/USD.IDEALPRO,IDEALPRO-1-2828,IDEALPRO-001,IDEALPRO-1-426709,EUR/USD.IDEALPRO-MLSignalStrategyV2-V2,BUY,STOP_MARKET,100000.00,1.15707,USD,2.31 USD,TAKER,79d1dc1c-5eba-4d32-a689-9c4edf51bab7,2025-07-30 03:12:00+00:00,2025-07-30 03:12:00+00:00,{},False
O-20250730-040000-001-V2-2830,BACKTESTER-001,MLSignalStrategyV2-V2,EUR/USD.IDEALPRO,IDEALPRO-1-2830,IDEALPRO-001,IDEALPRO-1-426806,EUR/USD.IDEALPRO-MLSignalStrategyV2-V2,SELL,MARKET,100000.00,1.15617,USD,2.31 USD,TAKER,563399fe-0522-4a1b-a8e2-4f0a69018025,2025-07-30 04:00:00+00:00,2025-07-30 04:00:00+00:00,{},False
O-20250730-040000-001-V2-2832,BACKTESTER-001,MLSignalStrategyV2-V2,EUR/USD.IDEALPRO,IDEALPRO-1-2832,IDEALPRO-001,IDEALPRO-1-426815,EUR/USD.IDEALPRO-MLSignalStrategyV2-V2,BUY,LIMIT,100000.00,1.15533,USD,2.31 USD,MAKER,f485e917-5e55-4336-b699-feecc55fa59d,2025-07-30 04:04:00+00:00,2025-07-30 04:04:00+00:00,{},False
O-20250730-053000-001-V2-2833,BACKTESTER-001,MLSignalStrategyV2-V2,EUR/USD.IDEALPRO,IDEALPRO-1-2833,IDEALPRO-001,IDEALPRO-1-426989,EUR/USD.IDEALPRO-MLSignalStrategyV2-V2,SELL,MARKET,100000.00,1.15542,USD,2.31 USD,TAKER,34165c86-5205-4ad4-9823-a0430710076d,2025-07-30 05:30:00+00:00,2025-07-30 05:30:00+00:00,{},False
O-20250730-053000-001-V2-2834,BACKTESTER-001,MLSignalStrategyV2-V2,EUR/USD.IDEALPRO,IDEALPRO-1-2834,IDEALPRO-001,IDEALPRO-1-427001,EUR/USD.IDEALPRO-MLSignalStrategyV2-V2,BUY,STOP_MARKET,100000.00,1.15597,USD,2.31 USD,TAKER,7c045db4-31cf-4988-aa3c-29ea694b76d6,2025-07-30 05:36:00+00:00,2025-07-30 05:36:00+00:00,{},False
O-20250730-083000-001-V2-2836,BACKTESTER-001,MLSignalStrategyV2-V2,EUR/USD.IDEALPRO,IDEALPRO-1-2836,IDEALPRO-001,IDEALPRO-1-427350,EUR/USD.IDEALPRO-MLSignalStrategyV2-V2,BUY,MARKET,100000.00,1.15551,USD,2.31 USD,TAKER,3e967a8b-833d-4081-b308-316103be6fa7,2025-07-30 08:30:00+00:00,2025-07-30 08:30:00+00:00,{},False
O-20250730-083000-001-V2-2837,BACKTESTER-001,MLSignalStrategyV2-V2,EUR/USD.IDEALPRO,IDEALPRO-1-2837,IDEALPRO-001,IDEALPRO-1-427507,EUR/USD.IDEALPRO-MLSignalStrategyV2-V2,SELL,STOP_MARKET,100000.00,1.15461,USD,2.31 USD,TAKER,a3cb2c48-76df-44fa-90fe-50474f9f9b5e,2025-07-30 09:48:00+00:00,2025-07-30 09:48:00+00:00,{},False
O-20250730-103000-001-V2-2839,BACKTESTER-001,MLSignalStrategyV2-V2,EUR/USD.IDEALPRO,IDEALPRO-1-2839,IDEALPRO-001,IDEALPRO-1-427592,EUR/USD.IDEALPRO-MLSignalStrategyV2-V2,BUY,MARKET,100000.00,1.15422,USD,2.31 USD,TAKER,534936a3-6f25-479d-b20e-e15bd72e9895,2025-07-30 10:30:00+00:00,2025-07-30 10:30:00+00:00,{},False
O-20250730-103000-001-V2-2840,BACKTESTER-001,MLSignalStrategyV2-V2,EUR/USD.IDEALPRO,IDEALPRO-1-2840,IDEALPRO-001,IDEALPRO-1-427611,EUR/USD.IDEALPRO-MLSignalStrategyV2-V2,SELL,STOP_MARKET,100000.00,1.15335,USD,2.31 USD,TAKER,f34d5b07-8aab-43b8-b53c-c0262d1d9955,2025-07-30 10:39:00+00:00,2025-07-30 10:39:00+00:00,{},False
O-20250730-104500-001-V2-2842,BACKTESTER-001,MLSignalStrategyV2-V2,EUR/USD.IDEALPRO,IDEALPRO-1-2842,IDEALPRO-001,IDEALPRO-1-427624,EUR/USD.IDEALPRO-MLSignalStrategyV2-V2,BUY,MARKET,100000.00,1.15396,USD,2.31 USD,TAKER,c2c02b52-c061-4deb-aad9-a625ca254564,2025-07-30 10:45:00+00:00,2025-07-30 10:45:00+00:00,{},False
O-20250730-104500-001-V2-2843,BACKTESTER-001,MLSignalStrategyV2-V2,EUR/USD.IDEALPRO,IDEALPRO-1-2843,IDEALPRO-001,IDEALPRO-1-427673,EUR/USD.IDEALPRO-MLSignalStrategyV2-V2,SELL,STOP_MARKET,100000.00,1.15305,USD,2.31 USD,TAKER,d6154b2c-8979-4bcc-9b07-933c432e1ab1,2025-07-30 11:09:00+00:00,2025-07-30 11:09:00+00:00,{},False
O-20250730-144500-001-V2-2845,BACKTESTER-001,MLSignalStrategyV2-V2,EUR/USD.IDEALPRO,IDEALPRO-1-2845,IDEALPRO-001,IDEALPRO-1-428106,EUR/USD.IDEALPRO-MLSignalStrategyV2-V2,BUY,MARKET,100000.00,1.14769,USD,2.30 USD,TAKER,5e74a7a0-1e5e-4a25-80ba-787dc71cad1e,2025-07-30 14:45:00+00:00,2025-07-30 14:45:00+00:00,{},False
O-20250730-144500-001-V2-2846,BACKTESTER-001,MLSignalStrategyV2-V2,EUR/USD.IDEALPRO,IDEALPRO-1-2846,IDEALPRO-001,IDEALPRO-1-428247,EUR/USD.IDEALPRO-MLSignalStrategyV2-V2,SELL,STOP_MARKET,100000.00,1.14646,USD,2.29 USD,TAKER,6225a3e2-930f-47b4-87fb-656be844cecc,2025-07-30 15:55:00+00:00,2025-07-30 15:55:00+00:00,{},False
O-20250730-160000-001-V2-2848,BACKTESTER-001,MLSignalStrategyV2-V2,EUR/USD.IDEALPRO,IDEALPRO-1-2848,IDEALPRO-001,IDEALPRO-1-428258,EUR/USD.IDEALPRO-MLSignalStrategyV2-V2,BUY,MARKET,100000.00,1.14689,USD,2.29 USD,TAKER,bff2fffc-a882-4bb3-abc3-4ba644300c16,2025-07-30 16:00:00+00:00,2025-07-30 16:00:00+00:00,{},False
O-20250730-160000-001-V2-2850,BACKTESTER-001,MLSignalStrategyV2-V2,EUR/USD.IDEALPRO,IDEALPRO-1-2850,IDEALPRO-001,IDEALPRO-1-428501,EUR/USD.IDEALPRO-MLSignalStrategyV2-V2,SELL,LIMIT,100000.00,1.14913,USD,2.30 USD,MAKER,14c65871-e5ca-46f5-9d7e-5802e02dd839,2025-07-30 18:01:00+00:00,2025-07-30 18:01:00+00:00,{},False
O-20250730-200000-001-V2-2851,BACKTESTER-001,MLSignalStrategyV2-V2,EUR/USD.IDEALPRO,IDEALPRO-1-2851,IDEALPRO-001,IDEALPRO-1-428740,EUR/USD.IDEALPRO-MLSignalStrategyV2-V2,BUY,MARKET,100000.00,1.14240,USD,2.28 USD,TAKER,a769d809-a572-407f-a4f8-0184401ddbb2,2025-07-30 20:00:00+00:00,2025-07-30 20:00:00+00:00,{},False
O-20250730-200000-001-V2-2852,BACKTESTER-001,MLSignalStrategyV2-V2,EUR/USD.IDEALPRO,IDEALPRO-1-2852,IDEALPRO-001,IDEALPRO-1-428789,EUR/USD.IDEALPRO-MLSignalStrategyV2-V2,SELL,STOP_MARKET,100000.00,1.14023,USD,2.28 USD,TAKER,8aaca4d5-3a4c-4755-91ca-e9605fa28615,2025-07-30 20:24:00+00:00,2025-07-30 20:24:00+00:00,{},False
O-20250730-203000-001-V2-2854,BACKTESTER-001,MLSignalStrategyV2-V2,EUR/USD.IDEALPRO,IDEALPRO-1-2854,IDEALPRO-001,IDEALPRO-1-428802,EUR/USD.IDEALPRO-MLSignalStrategyV2-V2,BUY,MARKET,100000.00,1.14061,USD,2.28 USD,TAKER,8f038443-6073-42fa-b09d-8e5ecfaccf09,2025-07-30 20:30:00+00:00,2025-07-30 20:30:00+00:00,{},False
O-20250730-203000-001-V2-2856,BACKTESTER-001,MLSignalStrategyV2-V2,EUR/USD.IDEALPRO,IDEALPRO-1-2856,IDEALPRO-001,IDEALPRO-1-429165,EUR/USD.IDEALPRO-MLSignalStrategyV2-V2,SELL,LIMIT,100000.00,1.14293,USD,2.29 USD,MAKER,c8265d16-0adb-4276-a056-b32bff7092c3,2025-07-30 23:46:00+00:00,2025-07-30 23:46:00+00:00,{},False
O-20250731-000000-001-V2-2857,BACKTESTER-001,MLSignalStrategyV2-V2,EUR/USD.IDEALPRO,IDEALPRO-1-2857,IDEALPRO-001,IDEALPRO-1-429194,EUR/USD.IDEALPRO-MLSignalStrategyV2-V2,BUY,MARKET,100000.00,1.14282,USD,2.29 USD,TAKER,c9e1121e-82b2-495d-8cb5-b95d575377d3,2025-07-31 00:00:00+00:00,2025-07-31 00:00:00+00:00,{},False
O-20250731-000000-001-V2-2858,BACKTESTER-001,MLSignalStrategyV2-V2,EUR/USD.IDEALPRO,IDEALPRO-1-2858,IDEALPRO-001,IDEALPRO-1-429523,EUR/USD.IDEALPRO-MLSignalStrategyV2-V2,SELL,STOP_MARKET,100000.00,1.14212,USD,2.28 USD,TAKER,10ce0e9c-541d-4c50-a070-836cdfb19abb,2025-07-31 02:44:00+00:00,2025-07-31 02:44:00+00:00,{},False
O-20250731-034500-001-V2-2860,BACKTESTER-001,MLSignalStrategyV2-V2,EUR/USD.IDEALPRO,IDEALPRO-1-2860,IDEALPRO-001,IDEALPRO-1-429646,EUR/USD.IDEALPRO-MLSignalStrategyV2-V2,BUY,MARKET,100000.00,1.14206,USD,2.28 USD,TAKER,b62b58b5-de10-4deb-b667-5452a1e092e1,2025-07-31 03:45:00+00:00,2025-07-31 03:45:00+00:00,{},False
O-20250731-034500-001-V2-2862,BACKTESTER-001,MLSignalStrategyV2-V2,EUR/USD.IDEALPRO,IDEALPRO-1-2862,IDEALPRO-001,IDEALPRO-1-429797,EUR/USD.IDEALPRO-MLSignalStrategyV2-V2,SELL,LIMIT,100000.00,1.14365,USD,2.29 USD,MAKER,38b1fea4-39a9-4cbe-8d3b-41d0491ee1b3,2025-07-31 05:00:00+00:00,2025-07-31 05:00:00+00:00,{},False
O-20250731-131500-001-V2-2863,BACKTESTER-001,MLSignalStrategyV2-V2,EUR/USD.IDEALPRO,IDEALPRO-1-2863,IDEALPRO-001,IDEALPRO-1-430788,EUR/USD.IDEALPRO-MLSignalStrategyV2-V2,BUY,MARKET,100000.00,1.14169,USD,2.28 USD,TAKER,fac0e16e-9d77-4911-82e9-327974e67de4,2025-07-31 13:15:00+00:00,2025-07-31 13:15:00+00:00,{},False
O-20250731-131500-001-V2-2865,BACKTESTER-001,MLSignalStrategyV2-V2,EUR/USD.IDEALPRO,IDEALPRO-1-2865,IDEALPRO-001,IDEALPRO-1-430943,EUR/USD.IDEALPRO-MLSignalStrategyV2-V2,SELL,LIMIT,100000.00,1.14339,USD,2.29 USD,MAKER,df96270a-2aa7-422e-8281-ccf6a33a77b7,2025-07-31 14:32:00+00:00,2025-07-31 14:32:00+00:00,{},False
O-20250731-184500-001-V2-2866,BACKTESTER-001,MLSignalStrategyV2-V2,EUR/USD.IDEALPRO,IDEALPRO-1-2866,IDEALPRO-001,IDEALPRO-1-431451,EUR/USD.IDEALPRO-MLSignalStrategyV2-V2,BUY,MARKET,100000.00,1.14293,USD,2.29 USD,TAKER,f15dc2d4-8650-4bff-ae6a-ae7271cb5784,2025-07-31 18:45:00+00:00,2025-07-31 18:45:00+00:00,{},False
O-20250731-184500-001-V2-2867,BACKTESTER-001,MLSignalStrategyV2-V2,EUR/USD.IDEALPRO,IDEALPRO-1-2867,IDEALPRO-001,IDEALPRO-1-431589,EUR/USD.IDEALPRO-MLSignalStrategyV2-V2,SELL,STOP_MARKET,100000.00,1.14201,USD,2.28 USD,TAKER,7543f629-4146-4798-8048-070b7e69ca7f,2025-07-31 19:54:00+00:00,2025-07-31 19:54:00+00:00,{},False
O-20250731-210000-001-V2-2869,BACKTESTER-001,MLSignalStrategyV2-V2,EUR/USD.IDEALPRO,IDEALPRO-1-2869,IDEALPRO-001,IDEALPRO-1-431722,EUR/USD.IDEALPRO-MLSignalStrategyV2-V2,SELL,MARKET,100000.00,1.14150,USD,2.28 USD,TAKER,cc248eef-64be-4134-ba65-1ef3340465e9,2025-07-31 21:00:00+00:00,2025-07-31 21:00:00+00:00,{},False
O-20250731-210000-001-V2-2870,BACKTESTER-001,MLSignalStrategyV2-V2,EUR/USD.IDEALPRO,IDEALPRO-1-2870,IDEALPRO-001,IDEALPRO-1-431881,EUR/USD.IDEALPRO-MLSignalStrategyV2-V2,BUY,STOP_MARKET,100000.00,1.14225,USD,2.28 USD,TAKER,b3eec317-032b-42c8-b8d1-bd35720a1b84,2025-07-31 22:34:00+00:00,2025-07-31 22:34:00+00:00,{},False
O-20250801-020000-001-V2-2872,BACKTESTER-001,MLSignalStrategyV2-V2,EUR/USD.IDEALPRO,IDEALPRO-1-2872,IDEALPRO-001,IDEALPRO-1-432294,EUR/USD.IDEALPRO-MLSignalStrategyV2-V2,BUY,MARKET,100000.00,1.14071,USD,2.28 USD,TAKER,ab7dce3b-230f-404d-8d73-0334c6de344c,2025-08-01 02:00:00+00:00,2025-08-01 02:00:00+00:00,{},False
O-20250801-020000-001-V2-2874,BACKTESTER-001,MLSignalStrategyV2-V2,EUR/USD.IDEALPRO,IDEALPRO-1-2874,IDEALPRO-001,IDEALPRO-1-432429,EUR/USD.IDEALPRO-MLSignalStrategyV2-V2,SELL,LIMIT,100000.00,1.14212,USD,2.28 USD,MAKER,3cf3ad91-f438-4ba4-a852-88bc4d5619c6,2025-08-01 03:07:00+00:00,2025-08-01 03:07:00+00:00,{},False
O-20250801-131500-001-V2-2875,BACKTESTER-001,MLSignalStrategyV2-V2,EUR/USD.IDEALPRO,IDEALPRO-1-2875,IDEALPRO-001,IDEALPRO-1-433646,EUR/USD.IDEALPRO-MLSignalStrategyV2-V2,SELL,MARKET,100000.00,1.15648,USD,2.31 USD,TAKER,a7fbf7b5-67b6-4c4d-9936-3b443111a13a,2025-08-01 13:15:00+00:00,2025-08-01 13:15:00+00:00,{},False
O-20250801-131500-001-V2-2877,BACKTESTER-001,MLSignalStrategyV2-V2,EUR/USD.IDEALPRO,IDEALPRO-1-2877,IDEALPRO-001,IDEALPRO-1-434131,EUR/USD.IDEALPRO-MLSignalStrategyV2-V2,BUY,LIMIT,100000.00,1.15208,USD,2.30 USD,MAKER,3e8a1594-009f-49ec-b85b-f140866cd9cc,2025-08-01 17:17:00+00:00,2025-08-01 17:17:00+00:00,{},False
O-20250801-200000-001-V2-2878,BACKTESTER-001,MLSignalStrategyV2-V2,EUR/USD.IDEALPRO,IDEALPRO-1-2878,IDEALPRO-001,IDEALPRO-1-434458,EUR/USD.IDEALPRO-MLSignalStrategyV2-V2,SELL,MARKET,100000.00,1.15691,USD,2.31 USD,TAKER,6d726da4-1092-4fec-831d-6f00d70057bb,2025-08-01 20:00:00+00:00,2025-08-01 20:00:00+00:00,{},False
O-20250801-200000-001-V2-2879,BACKTESTER-001,MLSignalStrategyV2-V2,EUR/USD.IDEALPRO,IDEALPRO-1-2879,IDEALPRO-001,IDEALPRO-1-434509,EUR/USD.IDEALPRO-MLSignalStrategyV2-V2,BUY,STOP_MARKET,100000.00,1.15861,USD,2.32 USD,TAKER,ff46c2d1-f8b5-44e9-8f04-6a53ad02f931,2025-08-01 20:25:00+00:00,2025-08-01 20:25:00+00:00,{},False
O-20250801-203000-001-V2-2881,BACKTESTER-001,MLSignalStrategyV2-V2,EUR/USD.IDEALPRO,IDEALPRO-1-2881,IDEALPRO-001,IDEALPRO-1-434520,EUR/USD.IDEALPRO-MLSignalStrategyV2-V2,SELL,MARKET,100000.00,1.15891,USD,2.32 USD,TAKER,3741f3ad-9845-4e74-b548-52195e27a282,2025-08-01 20:30:00+00:00,2025-08-01 20:30:00+00:00,{},False
O-20250801-203000-001-V2-2883,BACKTESTER-001,MLSignalStrategyV2-V2,EUR/USD.IDEALPRO,IDEALPRO-1-2883,IDEALPRO-001,IDEALPRO-1-434961,EUR/USD.IDEALPRO-MLSignalStrategyV2-V2,BUY,LIMIT,100000.00,1.15653,USD,2.31 USD,MAKER,f7e1a3f0-ff4f-4a76-b4c2-e989ddb2a93a,2025-08-04 00:25:00+00:00,2025-08-04 00:25:00+00:00,{},False
O-20250804-020000-001-V2-2884,BACKTESTER-001,MLSignalStrategyV2-V2,EUR/USD.IDEALPRO,IDEALPRO-1-2884,IDEALPRO-001,IDEALPRO-1-435152,EUR/USD.IDEALPRO-MLSignalStrategyV2-V2,BUY,MARKET,100000.00,1.15713,USD,2.31 USD,TAKER,893252f9-a2f9-44aa-b5c5-13d970a09cd0,2025-08-04 02:00:00+00:00,2025-08-04 02:00:00+00:00,{},False
O-20250804-020000-001-V2-2886,BACKTESTER-001,MLSignalStrategyV2-V2,EUR/USD.IDEALPRO,IDEALPRO-1-2886,IDEALPRO-001,IDEALPRO-1-435283,EUR/USD.IDEALPRO-MLSignalStrategyV2-V2,SELL,LIMIT,100000.00,1.15857,USD,2.32 USD,MAKER,4a40eac6-3728-4291-99ac-3ef000abd331,2025-08-04 03:05:00+00:00,2025-08-04 03:05:00+00:00,{},False
O-20250804-080000-001-V2-2887,BACKTESTER-001,MLSignalStrategyV2-V2,EUR/USD.IDEALPRO,IDEALPRO-1-2887,IDEALPRO-001,IDEALPRO-1-435875,EUR/USD.IDEALPRO-MLSignalStrategyV2-V2,BUY,MARKET,100000.00,1.15638,USD,2.31 USD,TAKER,52eb3a9a-10c5-4015-be90-b5d284957981,2025-08-04 08:00:00+00:00,2025-08-04 08:00:00+00:00,{},False
O-20250804-080000-001-V2-2888,BACKTESTER-001,MLSignalStrategyV2-V2,EUR/USD.IDEALPRO,IDEALPRO-1-2888,IDEALPRO-001,IDEALPRO-1-435949,EUR/USD.IDEALPRO-MLSignalStrategyV2-V2,SELL,STOP_MARKET,100000.00,1.15521,USD,2.31 USD,TAKER,e86713ba-a84d-4f40-8c3f-8802a88c101d,2025-08-04 08:37:00+00:00,2025-08-04 08:37:00+00:00,{},False
O-20250804-110000-001-V2-2890,BACKTESTER-001,MLSignalStrategyV2-V2,EUR/USD.IDEALPRO,IDEALPRO-1-2890,IDEALPRO-001,IDEALPRO-1-436237,EUR/USD.IDEALPRO-MLSignalStrategyV2-V2,SELL,MARKET,100000.00,1.15738,USD,2.31 USD,TAKER,46b02055-0172-404a-8e79-c82a1c5e3cb5,2025-08-04 11:00:00+00:00,2025-08-04 11:00:00+00:00,{},False
O-20250804-110000-001-V2-2891,BACKTESTER-001,MLSignalStrategyV2-V2,EUR/USD.IDEALPRO,IDEALPRO-1-2891,IDEALPRO-001,IDEALPRO-1-436269,EUR/USD.IDEALPRO-MLSignalStrategyV2-V2,BUY,STOP_MARKET,100000.00,1.15843,USD,2.32 USD,TAKER,1beda8e7-26e9-4172-85c2-7443d5736fc2,2025-08-04 11:16:00+00:00,2025-08-04 11:16:00+00:00,{},False
O-20250804-144500-001-V2-2893,BACKTESTER-001,MLSignalStrategyV2-V2,EUR/USD.IDEALPRO,IDEALPRO-1-2893,IDEALPRO-001,IDEALPRO-1-436689,EUR/USD.IDEALPRO-MLSignalStrategyV2-V2,SELL,MARKET,100000.00,1.15745,USD,2.31 USD,TAKER,0ac59346-43d1-4633-b423-8a39c8eee49d,2025-08-04 14:45:00+00:00,2025-08-04 14:45:00+00:00,{},False
O-20250804-144500-001-V2-2894,BACKTESTER-001,MLSignalStrategyV2-V2,EUR/USD.IDEALPRO,IDEALPRO-1-2894,IDEALPRO-001,IDEALPRO-1-437777,EUR/USD.IDEALPRO-MLSignalStrategyV2-V2,BUY,STOP_MARKET,100000.00,1.15879,USD,2.32 USD,TAKER,5eb4b32c-ee44-45d8-a884-ac129c72ff4a,2025-08-05 00:04:00+00:00,2025-08-05 00:04:00+00:00,{},False
O-20250805-004500-001-V2-2896,BACKTESTER-001,MLSignalStrategyV2-V2,EUR/USD.IDEALPRO,IDEALPRO-1-2896,IDEALPRO-001,IDEALPRO-1-437860,EUR/USD.IDEALPRO-MLSignalStrategyV2-V2,SELL,MARKET,100000.00,1.15755,USD,2.32 USD,TAKER,62dd7a70-0817-4677-a057-565c7a418edc,2025-08-05 00:45:00+00:00,2025-08-05 00:45:00+00:00,{},False
O-20250805-004500-001-V2-2898,BACKTESTER-001,MLSignalStrategyV2-V2,EUR/USD.IDEALPRO,IDEALPRO-1-2898,IDEALPRO-001,IDEALPRO-1-437901,EUR/USD.IDEALPRO-MLSignalStrategyV2-V2,BUY,LIMIT,100000.00,1.15664,USD,2.31 USD,MAKER,4a394c86-e2e9-4e28-998e-47b8f75e1392,2025-08-05 01:05:00+00:00,2025-08-05 01:05:00+00:00,{},False
O-20250805-013000-001-V2-2899,BACKTESTER-001,MLSignalStrategyV2-V2,EUR/USD.IDEALPRO,IDEALPRO-1-2899,IDEALPRO-001,IDEALPRO-1-437952,EUR/USD.IDEALPRO-MLSignalStrategyV2-V2,BUY,MARKET,100000.00,1.15675,USD,2.31 USD,TAKER,71f23d90-1cef-4510-bb4a-bb37c3d0ccc1,2025-08-05 01:30:00+00:00,2025-08-05 01:30:00+00:00,{},False
O-20250805-013000-001-V2-2900,BACKTESTER-001,MLSignalStrategyV2-V2,EUR/USD.IDEALPRO,IDEALPRO-1-2900,IDEALPRO-001,IDEALPRO-1-438019,EUR/USD.IDEALPRO-MLSignalStrategyV2-V2,SELL,STOP_MARKET,100000.00,1.15603,USD,2.31 USD,TAKER,03edd98c-9c8b-4504-9f66-de15c4ab2fa0,2025-08-05 02:03:00+00:00,2025-08-05 02:03:00+00:00,{},False
O-20250805-023000-001-V2-2902,BACKTESTER-001,MLSignalStrategyV2-V2,EUR/USD.IDEALPRO,IDEALPRO-1-2902,IDEALPRO-001,IDEALPRO-1-438074,EUR/USD.IDEALPRO-MLSignalStrategyV2-V2,BUY,MARKET,100000.00,1.15599,USD,2.31 USD,TAKER,85f940ec-d9f3-4640-afe8-80481dbd3780,2025-08-05 02:30:00+00:00,2025-08-05 02:30:00+00:00,{},False
O-20250805-023000-001-V2-2903,BACKTESTER-001,MLSignalStrategyV2-V2,EUR/USD.IDEALPRO,IDEALPRO-1-2903,IDEALPRO-001,IDEALPRO-1-438415,EUR/USD.IDEALPRO-MLSignalStrategyV2-V2,SELL,STOP_MARKET,100000.00,1.15521,USD,2.31 USD,TAKER,15c1558b-4a52-4c7c-ba12-6018830d9ca5,2025-08-05 05:20:00+00:00,2025-08-05 05:20:00+00:00,{},False
O-20250805-070000-001-V2-2905,BACKTESTER-001,MLSignalStrategyV2-V2,EUR/USD.IDEALPRO,IDEALPRO-1-2905,IDEALPRO-001,IDEALPRO-1-438616,EUR/USD.IDEALPRO-MLSignalStrategyV2-V2,SELL,MARKET,100000.00,1.15509,USD,2.31 USD,TAKER,69219a77-6061-4ecd-bfd7-019d68d00bd0,2025-08-05 07:00:00+00:00,2025-08-05 07:00:00+00:00,{},False
O-20250805-070000-001-V2-2906,BACKTESTER-001,MLSignalStrategyV2-V2,EUR/USD.IDEALPRO,IDEALPRO-1-2906,IDEALPRO-001,IDEALPRO-1-438649,EUR/USD.IDEALPRO-MLSignalStrategyV2-V2,BUY,STOP_MARKET,100000.00,1.15596,USD,2.31 USD,TAKER,466b9f9a-5486-4703-95cd-5baa8c30472d,2025-08-05 07:16:00+00:00,2025-08-05 07:16:00+00:00,{},False
O-20250805-080000-001-V2-2908,BACKTESTER-001,MLSignalStrategyV2-V2,EUR/USD.IDEALPRO,IDEALPRO-1-2908,IDEALPRO-001,IDEALPRO-1-438738,EUR/USD.IDEALPRO-MLSignalStrategyV2-V2,BUY,MARKET,100000.00,1.15462,USD,2.31 USD,TAKER,b7c18777-62d9-468b-9335-84938c991263,2025-08-05 08:00:00+00:00,2025-08-05 08:00:00+00:00,{},False
O-20250805-080000-001-V2-2909,BACKTESTER-001,MLSignalStrategyV2-V2,EUR/USD.IDEALPRO,IDEALPRO-1-2909,IDEALPRO-001,IDEALPRO-1-438773,EUR/USD.IDEALPRO-MLSignalStrategyV2-V2,SELL,STOP_MARKET,100000.00,1.15377,USD,2.31 USD,TAKER,716c1cb2-3bf0-490b-959c-9a7e3ca216d1,2025-08-05 08:17:00+00:00,2025-08-05 08:17:00+00:00,{},False
O-20250806-020000-001-V2-2911,BACKTESTER-001,MLSignalStrategyV2-V2,EUR/USD.IDEALPRO,IDEALPRO-1-2911,IDEALPRO-001,IDEALPRO-1-440870,EUR/USD.IDEALPRO-MLSignalStrategyV2-V2,SELL,MARKET,100000.00,1.15671,USD,2.31 USD,TAKER,557017e0-45e9-4de7-9f67-1027c5fe8d5c,2025-08-06 02:00:00+00:00,2025-08-06 02:00:00+00:00,{},False
O-20250806-020000-001-V2-2912,BACKTESTER-001,MLSignalStrategyV2-V2,EUR/USD.IDEALPRO,IDEALPRO-1-2912,IDEALPRO-001,IDEALPRO-1-440915,EUR/USD.IDEALPRO-MLSignalStrategyV2-V2,BUY,STOP_MARKET,100000.00,1.15722,USD,2.31 USD,TAKER,cbc6bbb1-391d-4532-bf21-3595c1dcbcc7,2025-08-06 02:22:00+00:00,2025-08-06 02:22:00+00:00,{},False
O-20250806-030000-001-V2-2914,BACKTESTER-001,MLSignalStrategyV2-V2,EUR/USD.IDEALPRO,IDEALPRO-1-2914,IDEALPRO-001,IDEALPRO-1-440993,EUR/USD.IDEALPRO-MLSignalStrategyV2-V2,SELL,MARKET,100000.00,1.15691,USD,2.31 USD,TAKER,e415587d-b657-44a4-aeaa-6e4a00b638b7,2025-08-06 03:00:00+00:00,2025-08-06 03:00:00+00:00,{},False
O-20250806-030000-001-V2-2915,BACKTESTER-001,MLSignalStrategyV2-V2,EUR/USD.IDEALPRO,IDEALPRO-1-2915,IDEALPRO-001,IDEALPRO-1-441007,EUR/USD.IDEALPRO-MLSignalStrategyV2-V2,BUY,STOP_MARKET,100000.00,1.15735,USD,2.31 USD,TAKER,e01c7845-d0d2-40c1-bc2d-5a8f3f161225,2025-08-06 03:07:00+00:00,2025-08-06 03:07:00+00:00,{},False
O-20250806-031500-001-V2-2917,BACKTESTER-001,MLSignalStrategyV2-V2,EUR/USD.IDEALPRO,IDEALPRO-1-2917,IDEALPRO-001,IDEALPRO-1-441024,EUR/USD.IDEALPRO-MLSignalStrategyV2-V2,SELL,MARKET,100000.00,1.15738,USD,2.31 USD,TAKER,8ca6e8b9-93a7-4032-9b64-2d6cf74ddf49,2025-08-06 03:15:00+00:00,2025-08-06 03:15:00+00:00,{},False
O-20250806-031500-001-V2-2918,BACKTESTER-001,MLSignalStrategyV2-V2,EUR/USD.IDEALPRO,IDEALPRO-1-2918,IDEALPRO-001,IDEALPRO-1-441045,EUR/USD.IDEALPRO-MLSignalStrategyV2-V2,BUY,STOP_MARKET,100000.00,1.15790,USD,2.32 USD,TAKER,736d1b8e-0821-4e5e-b10e-c4df06b0ca90,2025-08-06 03:25:00+00:00,2025-08-06 03:25:00+00:00,{},False
O-20250806-104500-001-V2-2920,BACKTESTER-001,MLSignalStrategyV2-V2,EUR/USD.IDEALPRO,IDEALPRO-1-2920,IDEALPRO-001,IDEALPRO-1-441927,EUR/USD.IDEALPRO-MLSignalStrategyV2-V2,BUY,MARKET,100000.00,1.16021,USD,2.32 USD,TAKER,146469ce-7132-4668-b1a8-f36438f4e5f8,2025-08-06 10:45:00+00:00,2025-08-06 10:45:00+00:00,{},False
O-20250806-104500-001-V2-2922,BACKTESTER-001,MLSignalStrategyV2-V2,EUR/USD.IDEALPRO,IDEALPRO-1-2922,IDEALPRO-001,IDEALPRO-1-442171,EUR/USD.IDEALPRO-MLSignalStrategyV2-V2,SELL,LIMIT,100000.00,1.16157,USD,2.32 USD,MAKER,92f6a98c-6279-418a-b872-0b5e80ccfa39,2025-08-06 12:47:00+00:00,2025-08-06 12:47:00+00:00,{},False
O-20250806-214500-001-V2-2923,BACKTESTER-001,MLSignalStrategyV2-V2,EUR/USD.IDEALPRO,IDEALPRO-1-2923,IDEALPRO-001,IDEALPRO-1-443277,EUR/USD.IDEALPRO-MLSignalStrategyV2-V2,SELL,MARKET,100000.00,1.16553,USD,2.33 USD,TAKER,aa1f293b-ff44-485c-ab84-064996a806c9,2025-08-06 21:45:00+00:00,2025-08-06 21:45:00+00:00,{},False
O-20250806-214500-001-V2-2924,BACKTESTER-001,MLSignalStrategyV2-V2,EUR/USD.IDEALPRO,IDEALPRO-1-2924,IDEALPRO-001,IDEALPRO-1-443341,EUR/USD.IDEALPRO-MLSignalStrategyV2-V2,BUY,STOP_MARKET,100000.00,1.16623,USD,2.33 USD,TAKER,653de082-5f98-492e-92fc-6fc2e5ae6e59,2025-08-06 22:01:00+00:00,2025-08-06 22:01:00+00:00,{},False
O-20250806-221500-001-V2-2926,BACKTESTER-001,MLSignalStrategyV2-V2,EUR/USD.IDEALPRO,IDEALPRO-1-2926,IDEALPRO-001,IDEALPRO-1-443399,EUR/USD.IDEALPRO-MLSignalStrategyV2-V2,BUY,MARKET,100000.00,1.16647,USD,2.33 USD,TAKER,dbe6dbe6-749b-45e7-8adf-6081356529e8,2025-08-06 22:15:00+00:00,2025-08-06 22:15:00+00:00,{},False
O-20250806-221500-001-V2-2927,BACKTESTER-001,MLSignalStrategyV2-V2,EUR/USD.IDEALPRO,IDEALPRO-1-2927,IDEALPRO-001,IDEALPRO-1-443639,EUR/USD.IDEALPRO-MLSignalStrategyV2-V2,SELL,STOP_MARKET,100000.00,1.16595,USD,2.33 USD,TAKER,58919425-3b89-41c1-abc3-d768425e15ae,2025-08-06 23:15:00+00:00,2025-08-06 23:15:00+00:00,{},False
O-20251010-153000-001-V2-2929,BACKTESTER-001,MLSignalStrategyV2-V2,EUR/USD.IDEALPRO,IDEALPRO-1-2929,IDEALPRO-001,IDEALPRO-1-748262,EUR/USD.IDEALPRO-MLSignalStrategyV2-V2,SELL,MARKET,100000.00,1.16274,USD,2.33 USD,TAKER,ede72359-b6c5-4ab8-b8dc-bbbce7f4d7d0,2025-10-10 15:30:00+00:00,2025-10-10 15:30:00+00:00,{},False
O-20251010-153000-001-V2-2931,BACKTESTER-001,MLSignalStrategyV2-V2,EUR/USD.IDEALPRO,IDEALPRO-1-2931,IDEALPRO-001,IDEALPRO-1-748411,EUR/USD.IDEALPRO-MLSignalStrategyV2-V2,BUY,LIMIT,100000.00,1.16057,USD,2.32 USD,MAKER,d3e3d76c-de85-4902-bdcd-f66d6ed45b17,2025-10-10 16:44:00+00:00,2025-10-10 16:44:00+00:00,{},False
O-20251010-164500-001-V2-2932,BACKTESTER-001,MLSignalStrategyV2-V2,EUR/USD.IDEALPRO,IDEALPRO-1-2932,IDEALPRO-001,IDEALPRO-1-748415,EUR/USD.IDEALPRO-MLSignalStrategyV2-V2,SELL,MARKET,100000.00,1.16091,USD,2.32 USD,TAKER,a0b71e49-24da-4975-8e6d-b2b3cf4103df,2025-10-10 16:45:00+00:00,2025-10-10 16:45:00+00:00,{},False
O-20251010-164500-001-V2-2933,BACKTESTER-001,MLSignalStrategyV2-V2,EUR/USD.IDEALPRO,IDEALPRO-1-2933,IDEALPRO-001,IDEALPRO-1-748911,EUR/USD.IDEALPRO-MLSignalStrategyV2-V2,BUY,STOP_MARKET,100000.00,1.16234,USD,2.32 USD,TAKER,410bc9ca-a4ef-4fd1-a00e-ef50c7a34a16,2025-10-10 20:53:00+00:00,2025-10-10 20:53:00+00:00,{},False
O-20251012-213000-001-V2-2935,BACKTESTER-001,MLSignalStrategyV2-V2,EUR/USD.IDEALPRO,IDEALPRO-1-2935,IDEALPRO-001,IDEALPRO-1-748956,EUR/USD.IDEALPRO-MLSignalStrategyV2-V2,BUY,MARKET,100000.00,1.16104,USD,2.32 USD,TAKER,63d9ad10-133f-4458-a7c5-d980daf79d34,2025-10-12 21:30:00+00:00,2025-10-12 21:30:00+00:00,{},False
O-20251012-213000-001-V2-2936,BACKTESTER-001,MLSignalStrategyV2-V2,EUR/USD.IDEALPRO,IDEALPRO-1-2936,IDEALPRO-001,IDEALPRO-1-749035,EUR/USD.IDEALPRO-MLSignalStrategyV2-V2,SELL,STOP_MARKET,100000.00,1.16010,USD,2.32 USD,TAKER,f9492809-c0db-4896-be63-1d55949a5570,2025-10-12 22:09:00+00:00,2025-10-12 22:09:00+00:00,{},False
O-20251012-223000-001-V2-2938,BACKTESTER-001,MLSignalStrategyV2-V2,EUR/USD.IDEALPRO,IDEALPRO-1-2938,IDEALPRO-001,IDEALPRO-1-749079,EUR/USD.IDEALPRO-MLSignalStrategyV2-V2,BUY,MARKET,100000.00,1.15957,USD,2.32 USD,TAKER,34531566-1077-4f99-b213-890ed4f9c840,2025-10-12 22:30:00+00:00,2025-10-12 22:30:00+00:00,{},False
O-20251012-223000-001-V2-2940,BACKTESTER-001,MLSignalStrategyV2-V2,EUR/USD.IDEALPRO,IDEALPRO-1-2940,IDEALPRO-001,IDEALPRO-1-749153,EUR/USD.IDEALPRO-MLSignalStrategyV2-V2,SELL,LIMIT,100000.00,1.16097,USD,2.32 USD,MAKER,1e94e7b0-f478-4fd9-8a10-73a6c6dc10e4,2025-10-12 23:07:00+00:00,2025-10-12 23:07:00+00:00,{},False
O-20251012-231500-001-V2-2941,BACKTESTER-001,MLSignalStrategyV2-V2,EUR/USD.IDEALPRO,IDEALPRO-1-2941,IDEALPRO-001,IDEALPRO-1-749169,EUR/USD.IDEALPRO-MLSignalStrategyV2-V2,BUY,MARKET,100000.00,1.16045,USD,2.32 USD,TAKER,4c0db43e-8973-4ab7-9e1b-3bf1304c6f22,2025-10-12 23:15:00+00:00,2025-10-12 23:15:00+00:00,{},False
O-20251012-231500-001-V2-2943,BACKTESTER-001,MLSignalStrategyV2-V2,EUR/USD.IDEALPRO,IDEALPRO-1-2943,IDEALPRO-001,IDEALPRO-1-749383,EUR/USD.IDEALPRO-MLSignalStrategyV2-V2,SELL,LIMIT,100000.00,1.16197,USD,2.32 USD,MAKER,1459a1bc-b1c6-4d48-9eb1-8b699816c699,2025-10-13 01:01:00+00:00,2025-10-13 01:01:00+00:00,{},False
O-20251013-080000-001-V2-2944,BACKTESTER-001,MLSignalStrategyV2-V2,EUR/USD.IDEALPRO,IDEALPRO-1-2944,IDEALPRO-001,IDEALPRO-1-750222,EUR/USD.IDEALPRO-MLSignalStrategyV2-V2,SELL,MARKET,100000.00,1.15999,USD,2.32 USD,TAKER,50eedb7e-1d5a-4e07-8e7b-479027f23438,2025-10-13 08:00:00+00:00,2025-10-13 08:00:00+00:00,{},False
O-20251013-080000-001-V2-2946,BACKTESTER-001,MLSignalStrategyV2-V2,EUR/USD.IDEALPRO,IDEALPRO-1-2946,IDEALPRO-001,IDEALPRO-1-750293,EUR/USD.IDEALPRO-MLSignalStrategyV2-V2,BUY,LIMIT,100000.00,1.15854,USD,2.32 USD,MAKER,52ef67b6-47c4-4c5c-ac2a-45a4305baf34,2025-10-13 08:35:00+00:00,2025-10-13 08:35:00+00:00,{},False
O-20251013-123000-001-V2-2947,BACKTESTER-001,MLSignalStrategyV2-V2,EUR/USD.IDEALPRO,IDEALPRO-1-2947,IDEALPRO-001,IDEALPRO-1-750764,EUR/USD.IDEALPRO-MLSignalStrategyV2-V2,BUY,MARKET,100000.00,1.15662,USD,2.31 USD,TAKER,88f829dc-3cb7-4661-8f8b-0f14be34af06,2025-10-13 12:30:00+00:00,2025-10-13 12:30:00+00:00,{},False
O-20251013-123000-001-V2-2948,BACKTESTER-001,MLSignalStrategyV2-V2,EUR/USD.IDEALPRO,IDEALPRO-1-2948,IDEALPRO-001,IDEALPRO-1-752123,EUR/USD.IDEALPRO-MLSignalStrategyV2-V2,SELL,STOP_MARKET,100000.00,1.15560,USD,2.31 USD,TAKER,92378bbd-e611-4301-b983-f398a761a513,2025-10-14 00:04:00+00:00,2025-10-14 00:04:00+00:00,{},False
O-20251014-001500-001-V2-2950,BACKTESTER-001,MLSignalStrategyV2-V2,EUR/USD.IDEALPRO,IDEALPRO-1-2950,IDEALPRO-001,IDEALPRO-1-752146,EUR/USD.IDEALPRO-MLSignalStrategyV2-V2,BUY,MARKET,100000.00,1.15590,USD,2.31 USD,TAKER,c0542e0f-794e-4bd6-b52d-b50d987db18d,2025-10-14 00:15:00+00:00,2025-10-14 00:15:00+00:00,{},False
O-20251014-001500-001-V2-2952,BACKTESTER-001,MLSignalStrategyV2-V2,EUR/USD.IDEALPRO,IDEALPRO-1-2952,IDEALPRO-001,IDEALPRO-1-752249,EUR/USD.IDEALPRO-MLSignalStrategyV2-V2,SELL,LIMIT,100000.00,1.15665,USD,2.31 USD,MAKER,f1dbe608-2d83-4466-8b0d-354d856553d8,2025-10-14 01:06:00+00:00,2025-10-14 01:06:00+00:00,{},False
O-20251014-011500-001-V2-2953,BACKTESTER-001,MLSignalStrategyV2-V2,EUR/USD.IDEALPRO,IDEALPRO-1-2953,IDEALPRO-001,IDEALPRO-1-752268,EUR/USD.IDEALPRO-MLSignalStrategyV2-V2,SELL,MARKET,100000.00,1.15680,USD,2.31 USD,TAKER,40797a33-500c-4ef6-a432-a0c4c558e692,2025-10-14 01:15:00+00:00,2025-10-14 01:15:00+00:00,{},False
O-20251014-011500-001-V2-2954,BACKTESTER-001,MLSignalStrategyV2-V2,EUR/USD.IDEALPRO,IDEALPRO-1-2954,IDEALPRO-001,IDEALPRO-1-752301,EUR/USD.IDEALPRO-MLSignalStrategyV2-V2,BUY,STOP_MARKET,100000.00,1.15734,USD,2.31 USD,TAKER,9bdca27a-7bfc-4a96-8c22-ba74d82510b6,2025-10-14 01:31:00+00:00,2025-10-14 01:31:00+00:00,{},False
O-20251014-074500-001-V2-2956,BACKTESTER-001,MLSignalStrategyV2-V2,EUR/USD.IDEALPRO,IDEALPRO-1-2956,IDEALPRO-001,IDEALPRO-1-753050,EUR/USD.IDEALPRO-MLSignalStrategyV2-V2,BUY,MARKET,100000.00,1.15441,USD,2.31 USD,TAKER,ac03ba32-5cdb-4159-8ee6-db79c8d666e8,2025-10-14 07:45:00+00:00,2025-10-14 07:45:00+00:00,{},False
O-20251014-074500-001-V2-2958,BACKTESTER-001,MLSignalStrategyV2-V2,EUR/USD.IDEALPRO,IDEALPRO-1-2958,IDEALPRO-001,IDEALPRO-1-753143,EUR/USD.IDEALPRO-MLSignalStrategyV2-V2,SELL,LIMIT,100000.00,1.15587,USD,2.31 USD,MAKER,25ef30bd-f134-4672-a939-76f8898951db,2025-10-14 08:31:00+00:00,2025-10-14 08:31:00+00:00,{},False
O-20251014-121500-001-V2-2959,BACKTESTER-001,MLSignalStrategyV2-V2,EUR/USD.IDEALPRO,IDEALPRO-1-2959,IDEALPRO-001,IDEALPRO-1-753592,EUR/USD.IDEALPRO-MLSignalStrategyV2-V2,SELL,MARKET,100000.00,1.15591,USD,2.31 USD,TAKER,df52e4e2-3360-41d6-ac64-6e95db3be6fb,2025-10-14 12:15:00+00:00,2025-10-14 12:15:00+00:00,{},False
O-20251014-121500-001-V2-2961,BACKTESTER-001,MLSignalStrategyV2-V2,EUR/USD.IDEALPRO,IDEALPRO-1-2961,IDEALPRO-001,IDEALPRO-1-753661,EUR/USD.IDEALPRO-MLSignalStrategyV2-V2,BUY,LIMIT,100000.00,1.15482,USD,2.31 USD,MAKER,79e188b1-2b18-42a1-ba22-3f151cf39f69,2025-10-14 12:49:00+00:00,2025-10-14 12:49:00+00:00,{},False
O-20251014-143000-001-V2-2962,BACKTESTER-001,MLSignalStrategyV2-V2,EUR/USD.IDEALPRO,IDEALPRO-1-2962,IDEALPRO-001,IDEALPRO-1-753864,EUR/USD.IDEALPRO-MLSignalStrategyV2-V2,BUY,MARKET,100000.00,1.15806,USD,2.32 USD,TAKER,c6576061-feaf-411b-b31c-e2623dd6e93f,2025-10-14 14:30:00+00:00,2025-10-14 14:30:00+00:00,{},False
O-20251014-143000-001-V2-2964,BACKTESTER-001,MLSignalStrategyV2-V2,EUR/USD.IDEALPRO,IDEALPRO-1-2964,IDEALPRO-001,IDEALPRO-1-753901,EUR/USD.IDEALPRO-MLSignalStrategyV2-V2,SELL,LIMIT,100000.00,1.15966,USD,2.32 USD,MAKER,881ca571-06c7-431f-bca3-7b2d378eb9b3,2025-10-14 14:48:00+00:00,2025-10-14 14:48:00+00:00,{},False
O-20251014-163000-001-V2-2965,BACKTESTER-001,MLSignalStrategyV2-V2,EUR/USD.IDEALPRO,IDEALPRO-1-2965,IDEALPRO-001,IDEALPRO-1-754106,EUR/USD.IDEALPRO-MLSignalStrategyV2-V2,SELL,MARKET,100000.00,1.16085,USD,2.32 USD,TAKER,1e3b75ce-bb83-4a9f-86a6-06691aee3066,2025-10-14 16:30:00+00:00,2025-10-14 16:30:00+00:00,{},False
O-20251014-163000-001-V2-2966,BACKTESTER-001,MLSignalStrategyV2-V2,EUR/USD.IDEALPRO,IDEALPRO-1-2966,IDEALPRO-001,IDEALPRO-1-755141,EUR/USD.IDEALPRO-MLSignalStrategyV2-V2,BUY,STOP_MARKET,100000.00,1.16229,USD,2.32 USD,TAKER,771083a7-df89-47ca-81a4-87b97c3c0f44,2025-10-15 01:22:00+00:00,2025-10-15 01:22:00+00:00,{},False
O-20251015-020000-001-V2-2968,BACKTESTER-001,MLSignalStrategyV2-V2,EUR/USD.IDEALPRO,IDEALPRO-1-2968,IDEALPRO-001,IDEALPRO-1-755218,EUR/USD.IDEALPRO-MLSignalStrategyV2-V2,SELL,MARKET,100000.00,1.16192,USD,2.32 USD,TAKER,a83ede86-f5fe-4098-920a-0a9066033acc,2025-10-15 02:00:00+00:00,2025-10-15 02:00:00+00:00,{},False
O-20251015-020000-001-V2-2969,BACKTESTER-001,MLSignalStrategyV2-V2,EUR/USD.IDEALPRO,IDEALPRO-1-2969,IDEALPRO-001,IDEALPRO-1-755297,EUR/USD.IDEALPRO-MLSignalStrategyV2-V2,BUY,STOP_MARKET,100000.00,1.16245,USD,2.32 USD,TAKER,e6498f62-f907-4b9e-8c7d-26683aec6533,2025-10-15 02:39:00+00:00,2025-10-15 02:39:00+00:00,{},False
O-20251015-024500-001-V2-2971,BACKTESTER-001,MLSignalStrategyV2-V2,EUR/USD.IDEALPRO,IDEALPRO-1-2971,IDEALPRO-001,IDEALPRO-1-755310,EUR/USD.IDEALPRO-MLSignalStrategyV2-V2,SELL,MARKET,100000.00,1.16226,USD,2.32 USD,TAKER,83ee1d27-3014-41ad-8cc1-764369776aa3,2025-10-15 02:45:00+00:00,2025-10-15 02:45:00+00:00,{},False
O-20251015-024500-001-V2-2972,BACKTESTER-001,MLSignalStrategyV2-V2,EUR/USD.IDEALPRO,IDEALPRO-1-2972,IDEALPRO-001,IDEALPRO-1-755731,EUR/USD.IDEALPRO-MLSignalStrategyV2-V2,BUY,STOP_MARKET,100000.00,1.16284,USD,2.33 USD,TAKER,88a1d24b-967e-4fe3-87c8-825a8721001f,2025-10-15 06:15:00+00:00,2025-10-15 06:15:00+00:00,{},False
O-20251015-080000-001-V2-2974,BACKTESTER-001,MLSignalStrategyV2-V2,EUR/USD.IDEALPRO,IDEALPRO-1-2974,IDEALPRO-001,IDEALPRO-1-755943,EUR/USD.IDEALPRO-MLSignalStrategyV2-V2,BUY,MARKET,100000.00,1.16356,USD,2.33 USD,TAKER,2a89f0fa-fc2c-4edc-9804-f8f5ddc69edc,2025-10-15 08:00:00+00:00,2025-10-15 08:00:00+00:00,{},False
O-20251015-080000-001-V2-2975,BACKTESTER-001,MLSignalStrategyV2-V2,EUR/USD.IDEALPRO,IDEALPRO-1-2975,IDEALPRO-001,IDEALPRO-1-756203,EUR/USD.IDEALPRO-MLSignalStrategyV2-V2,SELL,STOP_MARKET,100000.00,1.16278,USD,2.33 USD,TAKER,e784b589-9acb-4e7f-89b5-3b045195466e,2025-10-15 10:10:00+00:00,2025-10-15 10:10:00+00:00,{},False
O-20251015-161500-001-V2-2977,BACKTESTER-001,MLSignalStrategyV2-V2,EUR/USD.IDEALPRO,IDEALPRO-1-2977,IDEALPRO-001,IDEALPRO-1-756934,EUR/USD.IDEALPRO-MLSignalStrategyV2-V2,BUY,MARKET,100000.00,1.16312,USD,2.33 USD,TAKER,6bd5d351-4e10-452f-a15c-379fb95195a2,2025-10-15 16:15:00+00:00,2025-10-15 16:15:00+00:00,{},False
O-20251015-161500-001-V2-2979,BACKTESTER-001,MLSignalStrategyV2-V2,EUR/USD.IDEALPRO,IDEALPRO-1-2979,IDEALPRO-001,IDEALPRO-1-757389,EUR/USD.IDEALPRO-MLSignalStrategyV2-V2,SELL,LIMIT,100000.00,1.16452,USD,2.33 USD,MAKER,f1d03da9-e530-4689-af66-a75bcf1136bc,2025-10-15 20:02:00+00:00,2025-10-15 20:02:00+00:00,{},False
O-20251016-033000-001-V2-2980,BACKTESTER-001,MLSignalStrategyV2-V2,EUR/USD.IDEALPRO,IDEALPRO-1-2980,IDEALPRO-001,IDEALPRO-1-758257,EUR/USD.IDEALPRO-MLSignalStrategyV2-V2,SELL,MARKET,100000.00,1.16634,USD,2.33 USD,TAKER,95590e7d-9c04-43f5-ae76-06acc8978e05,2025-10-16 03:30:00+00:00,2025-10-16 03:30:00+00:00,{},False
O-20251016-033000-001-V2-2982,BACKTESTER-001,MLSignalStrategyV2-V2,EUR/USD.IDEALPRO,IDEALPRO-1-2982,IDEALPRO-001,IDEALPRO-1-758409,EUR/USD.IDEALPRO-MLSignalStrategyV2-V2,BUY,LIMIT,100000.00,1.16561,USD,2.33 USD,MAKER,0067f4b1-08eb-42f9-99df-80c19aaab7ad,2025-10-16 04:46:00+00:00,2025-10-16 04:46:00+00:00,{},False
O-20251016-121500-001-V2-2983,BACKTESTER-001,MLSignalStrategyV2-V2,EUR/USD.IDEALPRO,IDEALPRO-1-2983,IDEALPRO-001,IDEALPRO-1-759309,EUR/USD.IDEALPRO-MLSignalStrategyV2-V2,SELL,MARKET,100000.00,1.16517,USD,2.33 USD,TAKER,472bb4db-926c-49c7-aee7-04481f04b107,2025-10-16 12:15:00+00:00,2025-10-16 12:15:00+00:00,{},False
O-20251016-121500-001-V2-2984,BACKTESTER-001,MLSignalStrategyV2-V2,EUR/USD.IDEALPRO,IDEALPRO-1-2984,IDEALPRO-001,IDEALPRO-1-759357,EUR/USD.IDEALPRO-MLSignalStrategyV2-V2,BUY,STOP_MARKET,100000.00,1.16584,USD,2.33 USD,TAKER,3a4e4f52-f3c0-4798-8a71-2ae1b37fd393,2025-10-16 12:39:00+00:00,2025-10-16 12:39:00+00:00,{},False
O-20251016-143000-001-V2-2986,BACKTESTER-001,MLSignalStrategyV2-V2,EUR/USD.IDEALPRO,IDEALPRO-1-2986,IDEALPRO-001,IDEALPRO-1-759580,EUR/USD.IDEALPRO-MLSignalStrategyV2-V2,BUY,MARKET,100000.00,1.16709,USD,2.33 USD,TAKER,1ff05bb7-e05e-49b7-9be6-ce547ffe2ce5,2025-10-16 14:30:00+00:00,2025-10-16 14:30:00+00:00,{},False
O-20251016-143000-001-V2-2987,BACKTESTER-001,MLSignalStrategyV2-V2,EUR/USD.IDEALPRO,IDEALPRO-1-2987,IDEALPRO-001,IDEALPRO-1-759745,EUR/USD.IDEALPRO-MLSignalStrategyV2-V2,SELL,STOP_MARKET,100000.00,1.16625,USD,2.33 USD,TAKER,42d08043-7a23-44ea-91b1-aa1f33a3956d,2025-10-16 15:52:00+00:00,2025-10-16 15:52:00+00:00,{},False
O-20251016-184500-001-V2-2989,BACKTESTER-001,MLSignalStrategyV2-V2,EUR/USD.IDEALPRO,IDEALPRO-1-2989,IDEALPRO-001,IDEALPRO-1-760093,EUR/USD.IDEALPRO-MLSignalStrategyV2-V2,BUY,MARKET,100000.00,1.16869,USD,2.34 USD,TAKER,1e5ee3d4-853e-4c0f-86ea-e846a41dd529,2025-10-16 18:45:00+00:00,2025-10-16 18:45:00+00:00,{},False
O-20251016-184500-001-V2-2991,BACKTESTER-001,MLSignalStrategyV2-V2,EUR/USD.IDEALPRO,IDEALPRO-1-2991,IDEALPRO-001,IDEALPRO-1-760698,EUR/USD.IDEALPRO-MLSignalStrategyV2-V2,SELL,LIMIT,100000.00,1.16997,USD,2.34 USD,MAKER,107f7071-3297-465c-bd52-10a157102c00,2025-10-17 00:02:00+00:00,2025-10-17 00:02:00+00:00,{},False
O-20251017-020000-001-V2-2992,BACKTESTER-001,MLSignalStrategyV2-V2,EUR/USD.IDEALPRO,IDEALPRO-1-2992,IDEALPRO-001,IDEALPRO-1-760935,EUR/USD.IDEALPRO-MLSignalStrategyV2-V2,SELL,MARKET,100000.00,1.17010,USD,2.34 USD,TAKER,c4240771-d03d-484b-a1bb-3efaf1d8d4ba,2025-10-17 02:00:00+00:00,2025-10-17 02:00:00+00:00,{},False
O-20251017-020000-001-V2-2993,BACKTESTER-001,MLSignalStrategyV2-V2,EUR/USD.IDEALPRO,IDEALPRO-1-2993,IDEALPRO-001,IDEALPRO-1-760995,EUR/USD.IDEALPRO-MLSignalStrategyV2-V2,BUY,STOP_MARKET,100000.00,1.17069,USD,2.34 USD,TAKER,a0a43e46-f075-4917-a332-e62a6be3ff57,2025-10-17 02:30:00+00:00,2025-10-17 02:30:00+00:00,{},False
O-20251017-090000-001-V2-2995,BACKTESTER-001,MLSignalStrategyV2-V2,EUR/USD.IDEALPRO,IDEALPRO-1-2995,IDEALPRO-001,IDEALPRO-1-761777,EUR/USD.IDEALPRO-MLSignalStrategyV2-V2,BUY,MARKET,100000.00,1.16973,USD,2.34 USD,TAKER,9c832af5-2a8b-4df0-80bd-f7079b82e111,2025-10-17 09:00:00+00:00,2025-10-17 09:00:00+00:00,{},False
O-20251017-090000-001-V2-2996,BACKTESTER-001,MLSignalStrategyV2-V2,EUR/USD.IDEALPRO,IDEALPRO-1-2996,IDEALPRO-001,IDEALPRO-1-762015,EUR/USD.IDEALPRO-MLSignalStrategyV2-V2,SELL,STOP_MARKET,100000.00,1.16873,USD,2.34 USD,TAKER,497ded04-a358-459f-9b2a-b8a4259c31af,2025-10-17 10:59:00+00:00,2025-10-17 10:59:00+00:00,{},False
O-20251017-160000-001-V2-2998,BACKTESTER-001,MLSignalStrategyV2-V2,EUR/USD.IDEALPRO,IDEALPRO-1-2998,IDEALPRO-001,IDEALPRO-1-762618,EUR/USD.IDEALPRO-MLSignalStrategyV2-V2,SELL,MARKET,100000.00,1.16735,USD,2.33 USD,TAKER,4f1ad885-b252-422b-981a-7ae44e80961d,2025-10-17 16:00:00+00:00,2025-10-17 16:00:00+00:00,{},False
O-20251017-160000-001-V2-3000,BACKTESTER-001,MLSignalStrategyV2-V2,EUR/USD.IDEALPRO,IDEALPRO-1-3000,IDEALPRO-001,IDEALPRO-1-763171,EUR/USD.IDEALPRO-MLSignalStrategyV2-V2,BUY,LIMIT,100000.00,1.16603,USD,2.33 USD,MAKER,3ac6cc7e-cf04-42cc-8056-538afdb2192b,2025-10-17 20:36:00+00:00,2025-10-17 20:36:00+00:00,{},False
O-20251017-204500-001-V2-3001,BACKTESTER-001,MLSignalStrategyV2-V2,EUR/USD.IDEALPRO,IDEALPRO-1-3001,IDEALPRO-001,IDEALPRO-1-763190,EUR/USD.IDEALPRO-MLSignalStrategyV2-V2,BUY,MARKET,100000.00,1.16589,USD,2.33 USD,TAKER,9f3f99aa-b9d6-40bf-a2af-932b7482cb01,2025-10-17 20:45:00+00:00,2025-10-17 20:45:00+00:00,{},False
O-20251017-204500-001-V2-3002,BACKTESTER-001,MLSignalStrategyV2-V2,EUR/USD.IDEALPRO,IDEALPRO-1-3002,IDEALPRO-001,IDEALPRO-1-763205,EUR/USD.IDEALPRO-MLSignalStrategyV2-V2,SELL,STOP_MARKET,100000.00,1.16506,USD,2.33 USD,TAKER,0ff50098-a9f7-4b29-8245-99209f1ac4f9,2025-10-17 20:52:00+00:00,2025-10-17 20:52:00+00:00,{},False
O-20251019-213000-001-V2-3004,BACKTESTER-001,MLSignalStrategyV2-V2,EUR/USD.IDEALPRO,IDEALPRO-1-3004,IDEALPRO-001,IDEALPRO-1-763252,EUR/USD.IDEALPRO-MLSignalStrategyV2-V2,BUY,MARKET,100000.00,1.16622,USD,2.33 USD,TAKER,7877554c-f734-44ac-a484-1997207e34dc,2025-10-19 21:30:00+00:00,2025-10-19 21:30:00+00:00,{},False
O-20251019-213000-001-V2-3005,BACKTESTER-001,MLSignalStrategyV2-V2,EUR/USD.IDEALPRO,IDEALPRO-1-3005,IDEALPRO-001,IDEALPRO-1-763317,EUR/USD.IDEALPRO-MLSignalStrategyV2-V2,SELL,STOP_MARKET,100000.00,1.16541,USD,2.33 USD,TAKER,0fe0b24e-b405-4490-a175-13cabf081304,2025-10-19 22:02:00+00:00,2025-10-19 22:02:00+00:00,{},False
O-20251019-221500-001-V2-3007,BACKTESTER-001,MLSignalStrategyV2-V2,EUR/USD.IDEALPRO,IDEALPRO-1-3007,IDEALPRO-001,IDEALPRO-1-763343,EUR/USD.IDEALPRO-MLSignalStrategyV2-V2,BUY,MARKET,100000.00,1.16543,USD,2.33 USD,TAKER,41619869-2f35-49b7-92c0-374eb644fcb1,2025-10-19 22:15:00+00:00,2025-10-19 22:15:00+00:00,{},False
O-20251019-221500-001-V2-3009,BACKTESTER-001,MLSignalStrategyV2-V2,EUR/USD.IDEALPRO,IDEALPRO-1-3009,IDEALPRO-001,IDEALPRO-1-763577,EUR/USD.IDEALPRO-MLSignalStrategyV2-V2,SELL,LIMIT,100000.00,1.16630,USD,2.33 USD,MAKER,80cbf17a-4245-46fb-94bd-cf0ddd91df44,2025-10-20 00:11:00+00:00,2025-10-20 00:11:00+00:00,{},False
O-20251020-020000-001-V2-3010,BACKTESTER-001,MLSignalStrategyV2-V2,EUR/USD.IDEALPRO,IDEALPRO-1-3010,IDEALPRO-001,IDEALPRO-1-763796,EUR/USD.IDEALPRO-MLSignalStrategyV2-V2,SELL,MARKET,100000.00,1.16601,USD,2.33 USD,TAKER,5e487c5d-2687-411f-9d72-91f92f981602,2025-10-20 02:00:00+00:00,2025-10-20 02:00:00+00:00,{},False
O-20251020-020000-001-V2-3011,BACKTESTER-001,MLSignalStrategyV2-V2,EUR/USD.IDEALPRO,IDEALPRO-1-3011,IDEALPRO-001,IDEALPRO-1-763809,EUR/USD.IDEALPRO-MLSignalStrategyV2-V2,BUY,STOP_MARKET,100000.00,1.16650,USD,2.33 USD,TAKER,c28f931c-804f-46a1-97e9-a40a371e2167,2025-10-20 02:06:00+00:00,2025-10-20 02:06:00+00:00,{},False
O-20251020-080000-001-V2-3013,BACKTESTER-001,MLSignalStrategyV2-V2,EUR/USD.IDEALPRO,IDEALPRO-1-3013,IDEALPRO-001,IDEALPRO-1-764519,EUR/USD.IDEALPRO-MLSignalStrategyV2-V2,BUY,MARKET,100000.00,1.16625,USD,2.33 USD,TAKER,fbe38f55-0b8a-44c1-b569-65ed3a29b2bc,2025-10-20 08:00:00+00:00,2025-10-20 08:00:00+00:00,{},False
O-20251020-080000-001-V2-3014,BACKTESTER-001,MLSignalStrategyV2-V2,EUR/USD.IDEALPRO,IDEALPRO-1-3014,IDEALPRO-001,IDEALPRO-1-764781,EUR/USD.IDEALPRO-MLSignalStrategyV2-V2,SELL,STOP_MARKET,100000.00,1.16559,USD,2.33 USD,TAKER,c20121c4-7f1b-4b76-a8e3-f1e62717101f,2025-10-20 10:11:00+00:00,2025-10-20 10:11:00+00:00,{},False
O-20251020-103000-001-V2-3016,BACKTESTER-001,MLSignalStrategyV2-V2,EUR/USD.IDEALPRO,IDEALPRO-1-3016,IDEALPRO-001,IDEALPRO-1-764820,EUR/USD.IDEALPRO-MLSignalStrategyV2-V2,BUY,MARKET,100000.00,1.16541,USD,2.33 USD,TAKER,3c267d0f-9363-4f33-a45c-eda5d7f77da4,2025-10-20 10:30:00+00:00,2025-10-20 10:30:00+00:00,{},False
O-20251020-103000-001-V2-3017,BACKTESTER-001,MLSignalStrategyV2-V2,EUR/USD.IDEALPRO,IDEALPRO-1-3017,IDEALPRO-001,IDEALPRO-1-764947,EUR/USD.IDEALPRO-MLSignalStrategyV2-V2,SELL,STOP_MARKET,100000.00,1.16472,USD,2.33 USD,TAKER,892b5d39-b3cd-4dbb-81b0-fa4506ef1dd9,2025-10-20 11:33:00+00:00,2025-10-20 11:33:00+00:00,{},False
O-20251020-121500-001-V2-3019,BACKTESTER-001,MLSignalStrategyV2-V2,EUR/USD.IDEALPRO,IDEALPRO-1-3019,IDEALPRO-001,IDEALPRO-1-765032,EUR/USD.IDEALPRO-MLSignalStrategyV2-V2,SELL,MARKET,100000.00,1.16581,USD,2.33 USD,TAKER,03d23ecd-6afa-47b5-8000-80f3badca3f3,2025-10-20 12:15:00+00:00,2025-10-20 12:15:00+00:00,{},False
O-20251020-121500-001-V2-3021,BACKTESTER-001,MLSignalStrategyV2-V2,EUR/USD.IDEALPRO,IDEALPRO-1-3021,IDEALPRO-001,IDEALPRO-1-765147,EUR/USD.IDEALPRO-MLSignalStrategyV2-V2,BUY,LIMIT,100000.00,1.16485,USD,2.33 USD,MAKER,49447702-b93b-4646-9092-734d4ee664f4,2025-10-20 13:12:00+00:00,2025-10-20 13:12:00+00:00,{},False
O-20251020-174500-001-V2-3022,BACKTESTER-001,MLSignalStrategyV2-V2,EUR/USD.IDEALPRO,IDEALPRO-1-3022,IDEALPRO-001,IDEALPRO-1-765694,EUR/USD.IDEALPRO-MLSignalStrategyV2-V2,BUY,MARKET,100000.00,1.16431,USD,2.33 USD,TAKER,2d306985-fa19-4499-a83d-21b0cabca108,2025-10-20 17:45:00+00:00,2025-10-20 17:45:00+00:00,{},False
O-20251020-174500-001-V2-3024,BACKTESTER-001,MLSignalStrategyV2-V2,EUR/USD.IDEALPRO,IDEALPRO-1-3024,IDEALPRO-001,IDEALPRO-1-766433,EUR/USD.IDEALPRO-MLSignalStrategyV2-V2,SELL,LIMIT,100000.00,1.16521,USD,2.33 USD,MAKER,6bd04ca9-5790-4c48-8a58-21783442ee88,2025-10-21 00:09:00+00:00,2025-10-21 00:09:00+00:00,{},False
O-20251021-013000-001-V2-3025,BACKTESTER-001,MLSignalStrategyV2-V2,EUR/USD.IDEALPRO,IDEALPRO-1-3025,IDEALPRO-001,IDEALPRO-1-766597,EUR/USD.IDEALPRO-MLSignalStrategyV2-V2,SELL,MARKET,100000.00,1.16468,USD,2.33 USD,TAKER,5ea7a554-d2ff-4548-8519-04ebb327bdcc,2025-10-21 01:30:00+00:00,2025-10-21 01:30:00+00:00,{},False
O-20251021-013000-001-V2-3027,BACKTESTER-001,MLSignalStrategyV2-V2,EUR/USD.IDEALPRO,IDEALPRO-1-3027,IDEALPRO-001,IDEALPRO-1-766665,EUR/USD.IDEALPRO-MLSignalStrategyV2-V2,BUY,LIMIT,100000.00,1.16413,USD,2.33 USD,MAKER,716b8ec4-fe64-41ae-a74e-03bafc19688e,2025-10-21 02:04:00+00:00,2025-10-21 02:04:00+00:00,{},False
O-20251021-023000-001-V2-3028,BACKTESTER-001,MLSignalStrategyV2-V2,EUR/USD.IDEALPRO,IDEALPRO-1-3028,IDEALPRO-001,IDEALPRO-1-766719,EUR/USD.IDEALPRO-MLSignalStrategyV2-V2,SELL,MARKET,100000.00,1.16431,USD,2.33 USD,TAKER,34df004e-baa1-4db7-ae7e-66723710bc98,2025-10-21 02:30:00+00:00,2025-10-21 02:30:00+00:00,{},False
O-20251021-023000-001-V2-3030,BACKTESTER-001,MLSignalStrategyV2-V2,EUR/USD.IDEALPRO,IDEALPRO-1-3030,IDEALPRO-001,IDEALPRO-1-766737,EUR/USD.IDEALPRO-MLSignalStrategyV2-V2,BUY,LIMIT,100000.00,1.16361,USD,2.33 USD,MAKER,20a77651-eb58-4ba8-948d-d74be7e45905,2025-10-21 02:39:00+00:00,2025-10-21 02:39:00+00:00,{},False
O-20251021-024500-001-V2-3031,BACKTESTER-001,MLSignalStrategyV2-V2,EUR/USD.IDEALPRO,IDEALPRO-1-3031,IDEALPRO-001,IDEALPRO-1-766750,EUR/USD.IDEALPRO-MLSignalStrategyV2-V2,SELL,MARKET,100000.00,1.16361,USD,2.33 USD,TAKER,5f9672cd-a926-406e-974c-e0880b05ef59,2025-10-21 02:45:00+00:00,2025-10-21 02:45:00+00:00,{},False
O-20251021-024500-001-V2-3033,BACKTESTER-001,MLSignalStrategyV2-V2,EUR/USD.IDEALPRO,IDEALPRO-1-3033,IDEALPRO-001,IDEALPRO-1-767099,EUR/USD.IDEALPRO-MLSignalStrategyV2-V2,BUY,LIMIT,100000.00,1.16292,USD,2.33 USD,MAKER,270b4369-de7b-4720-90a2-a3cb38e7c430,2025-10-21 05:39:00+00:00,2025-10-21 05:39:00+00:00,{},False
O-20251021-104500-001-V2-3034,BACKTESTER-001,MLSignalStrategyV2-V2,EUR/USD.IDEALPRO,IDEALPRO-1-3034,IDEALPRO-001,IDEALPRO-1-767712,EUR/USD.IDEALPRO-MLSignalStrategyV2-V2,BUY,MARKET,100000.00,1.16092,USD,2.32 USD,TAKER,8ebc185c-1ba5-416f-9fc4-143d525063b1,2025-10-21 10:45:00+00:00,2025-10-21 10:45:00+00:00,{},False
O-20251021-104500-001-V2-3036,BACKTESTER-001,MLSignalStrategyV2-V2,EUR/USD.IDEALPRO,IDEALPRO-1-3036,IDEALPRO-001,IDEALPRO-1-767749,EUR/USD.IDEALPRO-MLSignalStrategyV2-V2,SELL,LIMIT,100000.00,1.16211,USD,2.32 USD,MAKER,99630b4f-8f34-486f-90f2-95979c10af71,2025-10-21 11:03:00+00:00,2025-10-21 11:03:00+00:00,{},False
O-20251021-161500-001-V2-3037,BACKTESTER-001,MLSignalStrategyV2-V2,EUR/USD.IDEALPRO,IDEALPRO-1-3037,IDEALPRO-001,IDEALPRO-1-768374,EUR/USD.IDEALPRO-MLSignalStrategyV2-V2,BUY,MARKET,100000.00,1.16176,USD,2.32 USD,TAKER,66a04b37-951a-43e6-a5a4-69bbcae2aeae,2025-10-21 16:15:00+00:00,2025-10-21 16:15:00+00:00,{},False
O-20251021-161500-001-V2-3038,BACKTESTER-001,MLSignalStrategyV2-V2,EUR/USD.IDEALPRO,IDEALPRO-1-3038,IDEALPRO-001,IDEALPRO-1-768451,EUR/USD.IDEALPRO-MLSignalStrategyV2-V2,SELL,STOP_MARKET,100000.00,1.16078,USD,2.32 USD,TAKER,6a9c7d79-0d28-4d5d-825d-878ecccbf3f3,2025-10-21 16:53:00+00:00,2025-10-21 16:53:00+00:00,{},False
O-20251021-200000-001-V2-3040,BACKTESTER-001,MLSignalStrategyV2-V2,EUR/USD.IDEALPRO,IDEALPRO-1-3040,IDEALPRO-001,IDEALPRO-1-768827,EUR/USD.IDEALPRO-MLSignalStrategyV2-V2,BUY,MARKET,100000.00,1.16006,USD,2.32 USD,TAKER,d7ba4270-4b4f-40a2-9073-ab545966e352,2025-10-21 20:00:00+00:00,2025-10-21 20:00:00+00:00,{},False
O-20251021-200000-001-V2-3042,BACKTESTER-001,MLSignalStrategyV2-V2,EUR/USD.IDEALPRO,IDEALPRO-1-3042,IDEALPRO-001,IDEALPRO-1-769327,EUR/USD.IDEALPRO-MLSignalStrategyV2-V2,SELL,LIMIT,100000.00,1.16073,USD,2.32 USD,MAKER,ca21a75f-b818-4f75-890c-a280b08f8ab3,2025-10-22 00:25:00+00:00,2025-10-22 00:25:00+00:00,{},False
O-20251022-081500-001-V2-3043,BACKTESTER-001,MLSignalStrategyV2-V2,EUR/USD.IDEALPRO,IDEALPRO-1-3043,IDEALPRO-001,IDEALPRO-1-770268,EUR/USD.IDEALPRO-MLSignalStrategyV2-V2,BUY,MARKET,100000.00,1.15915,USD,2.32 USD,TAKER,881c8418-ff28-4530-b791-03ec76f75a3f,2025-10-22 08:15:00+00:00,2025-10-22 08:15:00+00:00,{},False
O-20251022-081500-001-V2-3045,BACKTESTER-001,MLSignalStrategyV2-V2,EUR/USD.IDEALPRO,IDEALPRO-1-3045,IDEALPRO-001,IDEALPRO-1-770371,EUR/USD.IDEALPRO-MLSignalStrategyV2-V2,SELL,LIMIT,100000.00,1.16020,USD,2.32 USD,MAKER,299458d9-e6d3-41c7-8796-1430f00b4848,2025-10-22 09:06:00+00:00,2025-10-22 09:06:00+00:00,{},False
O-20251022-101500-001-V2-3046,BACKTESTER-001,MLSignalStrategyV2-V2,EUR/USD.IDEALPRO,IDEALPRO-1-3046,IDEALPRO-001,IDEALPRO-1-770510,EUR/USD.IDEALPRO-MLSignalStrategyV2-V2,BUY,MARKET,100000.00,1.15915,USD,2.32 USD,TAKER,a128023f-6d8e-46ac-b1c1-e7717c9933af,2025-10-22 10:15:00+00:00,2025-10-22 10:15:00+00:00,{},False
O-20251022-101500-001-V2-3047,BACKTESTER-001,MLSignalStrategyV2-V2,EUR/USD.IDEALPRO,IDEALPRO-1-3047,IDEALPRO-001,IDEALPRO-1-770537,EUR/USD.IDEALPRO-MLSignalStrategyV2-V2,SELL,STOP_MARKET,100000.00,1.15854,USD,2.32 USD,TAKER,435811e7-4366-4b0f-aafc-b49e1667f549,2025-10-22 10:28:00+00:00,2025-10-22 10:28:00+00:00,{},False
O-20251022-111500-001-V2-3049,BACKTESTER-001,MLSignalStrategyV2-V2,EUR/USD.IDEALPRO,IDEALPRO-1-3049,IDEALPRO-001,IDEALPRO-1-770632,EUR/USD.IDEALPRO-MLSignalStrategyV2-V2,SELL,MARKET,100000.00,1.15870,USD,2.32 USD,TAKER,cc12155c-c1c1-4eb2-ad60-8dec6ba0d270,2025-10-22 11:15:00+00:00,2025-10-22 11:15:00+00:00,{},False
O-20251022-111500-001-V2-3051,BACKTESTER-001,MLSignalStrategyV2-V2,EUR/USD.IDEALPRO,IDEALPRO-1-3051,IDEALPRO-001,IDEALPRO-1-770815,EUR/USD.IDEALPRO-MLSignalStrategyV2-V2,BUY,LIMIT,100000.00,1.15780,USD,2.32 USD,MAKER,4a1d1da7-a54f-41f5-af9e-3958ae401dc3,2025-10-22 12:46:00+00:00,2025-10-22 12:46:00+00:00,{},False
O-20251022-200000-001-V2-3052,BACKTESTER-001,MLSignalStrategyV2-V2,EUR/USD.IDEALPRO,IDEALPRO-1-3052,IDEALPRO-001,IDEALPRO-1-771685,EUR/USD.IDEALPRO-MLSignalStrategyV2-V2,BUY,MARKET,100000.00,1.16060,USD,2.32 USD,TAKER,7b480ad1-c301-4281-a374-97b59c9824cf,2025-10-22 20:00:00+00:00,2025-10-22 20:00:00+00:00,{},False
O-20251022-200000-001-V2-3054,BACKTESTER-001,MLSignalStrategyV2-V2,EUR/USD.IDEALPRO,IDEALPRO-1-3054,IDEALPRO-001,IDEALPRO-1-771823,EUR/USD.IDEALPRO-MLSignalStrategyV2-V2,SELL,LIMIT,100000.00,1.16131,USD,2.32 USD,MAKER,81139c83-6c73-42bb-be12-2d876865cbd8,2025-10-22 21:24:00+00:00,2025-10-22 21:24:00+00:00,{},False
O-20251023-184500-001-V2-3055,BACKTESTER-001,MLSignalStrategyV2-V2,EUR/USD.IDEALPRO,IDEALPRO-1-3055,IDEALPRO-001,IDEALPRO-1-774386,EUR/USD.IDEALPRO-MLSignalStrategyV2-V2,BUY,MARKET,100000.00,1.16173,USD,2.32 USD,TAKER,3ad4df78-ffd5-4467-9aee-6f98d6db0f3e,2025-10-23 18:45:00+00:00,2025-10-23 18:45:00+00:00,{},False
O-20251023-184500-001-V2-3056,BACKTESTER-001,MLSignalStrategyV2-V2,EUR/USD.IDEALPRO,IDEALPRO-1-3056,IDEALPRO-001,IDEALPRO-1-775153,EUR/USD.IDEALPRO-MLSignalStrategyV2-V2,SELL,STOP_MARKET,100000.00,1.16110,USD,2.32 USD,TAKER,25d9d81e-3589-476e-af3b-d1f43698e7d5,2025-10-24 01:23:00+00:00,2025-10-24 01:23:00+00:00,{},False
O-20251024-133000-001-V2-3058,BACKTESTER-001,MLSignalStrategyV2-V2,EUR/USD.IDEALPRO,IDEALPRO-1-3058,IDEALPRO-001,IDEALPRO-1-776608,EUR/USD.IDEALPRO-MLSignalStrategyV2-V2,SELL,MARKET,100000.00,1.16334,USD,2.33 USD,TAKER,a8d9f04b-eb23-493e-a222-69f42de3e210,2025-10-24 13:30:00+00:00,2025-10-24 13:30:00+00:00,{},False
O-20251024-133000-001-V2-3059,BACKTESTER-001,MLSignalStrategyV2-V2,EUR/USD.IDEALPRO,IDEALPRO-1-3059,IDEALPRO-001,IDEALPRO-1-778463,EUR/USD.IDEALPRO-MLSignalStrategyV2-V2,BUY,STOP_MARKET,100000.00,1.16458,USD,2.33 USD,TAKER,a0960ea5-0632-412c-934a-44d53ef7cf9a,2025-10-27 01:14:00+00:00,2025-10-27 01:14:00+00:00,{},False
O-20251106-191500-001-V2-3061,BACKTESTER-001,MLSignalStrategyV2-V2,EUR/USD.IDEALPRO,IDEALPRO-1-3061,IDEALPRO-001,IDEALPRO-1-821346,EUR/USD.IDEALPRO-MLSignalStrategyV2-V2,BUY,MARKET,100000.00,1.15496,USD,2.31 USD,TAKER,6fe395e4-c471-4a9f-b648-5fc01af132f6,2025-11-06 19:15:00+00:00,2025-11-06 19:15:00+00:00,{},False
O-20251106-191500-001-V2-3062,BACKTESTER-001,MLSignalStrategyV2-V2,EUR/USD.IDEALPRO,IDEALPRO-1-3062,IDEALPRO-001,IDEALPRO-1-821423,EUR/USD.IDEALPRO-MLSignalStrategyV2-V2,SELL,STOP_MARKET,100000.00,1.15418,USD,2.31 USD,TAKER,8bbc7f5f-7b6e-4e8c-92ab-d0ab87160838,2025-11-06 19:53:00+00:00,2025-11-06 19:53:00+00:00,{},False
O-20251106-220000-001-V2-3064,BACKTESTER-001,MLSignalStrategyV2-V2,EUR/USD.IDEALPRO,IDEALPRO-1-3064,IDEALPRO-001,IDEALPRO-1-821679,EUR/USD.IDEALPRO-MLSignalStrategyV2-V2,BUY,MARKET,100000.00,1.15471,USD,2.31 USD,TAKER,631488fa-b778-4d1e-b942-d2b8b86b7f3e,2025-11-06 22:00:00+00:00,2025-11-06 22:00:00+00:00,{},False
O-20251106-220000-001-V2-3065,BACKTESTER-001,MLSignalStrategyV2-V2,EUR/USD.IDEALPRO,IDEALPRO-1-3065,IDEALPRO-001,IDEALPRO-1-821929,EUR/USD.IDEALPRO-MLSignalStrategyV2-V2,SELL,STOP_MARKET,100000.00,1.15429,USD,2.31 USD,TAKER,7a3aebe9-ff9b-4ad2-ad7e-df78d098a2de,2025-11-07 00:20:00+00:00,2025-11-07 00:20:00+00:00,{},False
O-20251107-020000-001-V2-3067,BACKTESTER-001,MLSignalStrategyV2-V2,EUR/USD.IDEALPRO,IDEALPRO-1-3067,IDEALPRO-001,IDEALPRO-1-822130,EUR/USD.IDEALPRO-MLSignalStrategyV2-V2,SELL,MARKET,100000.00,1.15380,USD,2.31 USD,TAKER,02dacdd4-275f-401f-9b82-aef8b979368d,2025-11-07 02:00:00+00:00,2025-11-07 02:00:00+00:00,{},False
O-20251107-020000-001-V2-3068,BACKTESTER-001,MLSignalStrategyV2-V2,EUR/USD.IDEALPRO,IDEALPRO-1-3068,IDEALPRO-001,IDEALPRO-1-822149,EUR/USD.IDEALPRO-MLSignalStrategyV2-V2,BUY,STOP_MARKET,100000.00,1.15419,USD,2.31 USD,TAKER,cd58a9ae-8e51-40fa-85d2-9cfc5d554c85,2025-11-07 02:09:00+00:00,2025-11-07 02:09:00+00:00,{},False
O-20251107-081500-001-V2-3070,BACKTESTER-001,MLSignalStrategyV2-V2,EUR/USD.IDEALPRO,IDEALPRO-1-3070,IDEALPRO-001,IDEALPRO-1-822882,EUR/USD.IDEALPRO-MLSignalStrategyV2-V2,BUY,MARKET,100000.00,1.15383,USD,2.31 USD,TAKER,94ca0b54-f8d0-4916-bffb-78a49078b61f,2025-11-07 08:15:00+00:00,2025-11-07 08:15:00+00:00,{},False
O-20251107-081500-001-V2-3071,BACKTESTER-001,MLSignalStrategyV2-V2,EUR/USD.IDEALPRO,IDEALPRO-1-3071,IDEALPRO-001,IDEALPRO-1-822937,EUR/USD.IDEALPRO-MLSignalStrategyV2-V2,SELL,STOP_MARKET,100000.00,1.15339,USD,2.31 USD,TAKER,c70fe924-5dca-435f-8f45-c8c4e05dbbf0,2025-11-07 08:42:00+00:00,2025-11-07 08:42:00+00:00,{},False
O-20251107-101500-001-V2-3073,BACKTESTER-001,MLSignalStrategyV2-V2,EUR/USD.IDEALPRO,IDEALPRO-1-3073,IDEALPRO-001,IDEALPRO-1-823125,EUR/USD.IDEALPRO-MLSignalStrategyV2-V2,BUY,MARKET,100000.00,1.15439,USD,2.31 USD,TAKER,664b53f0-4150-4443-8ab7-00abbe07c7ac,2025-11-07 10:15:00+00:00,2025-11-07 10:15:00+00:00,{},False
O-20251107-101500-001-V2-3075,BACKTESTER-001,MLSignalStrategyV2-V2,EUR/USD.IDEALPRO,IDEALPRO-1-3075,IDEALPRO-001,IDEALPRO-1-823203,EUR/USD.IDEALPRO-MLSignalStrategyV2-V2,SELL,LIMIT,100000.00,1.15519,USD,2.31 USD,MAKER,619570be-7739-4bdb-858d-e9775ccea110,2025-11-07 10:54:00+00:00,2025-11-07 10:54:00+00:00,{},False
O-20251107-113000-001-V2-3076,BACKTESTER-001,MLSignalStrategyV2-V2,EUR/USD.IDEALPRO,IDEALPRO-1-3076,IDEALPRO-001,IDEALPRO-1-823276,EUR/USD.IDEALPRO-MLSignalStrategyV2-V2,SELL,MARKET,100000.00,1.15576,USD,2.31 USD,TAKER,8fb1221f-b269-4888-a5c7-c644a125f9e0,2025-11-07 11:30:00+00:00,2025-11-07 11:30:00+00:00,{},False
O-20251107-113000-001-V2-3077,BACKTESTER-001,MLSignalStrategyV2-V2,EUR/USD.IDEALPRO,IDEALPRO-1-3077,IDEALPRO-001,IDEALPRO-1-823367,EUR/USD.IDEALPRO-MLSignalStrategyV2-V2,BUY,STOP_MARKET,100000.00,1.15643,USD,2.31 USD,TAKER,51ccaee6-9958-4cd0-892c-cf3bbb2b0d24,2025-11-07 12:15:00+00:00,2025-11-07 12:15:00+00:00,{},False
O-20251109-223000-001-V2-3079,BACKTESTER-001,MLSignalStrategyV2-V2,EUR/USD.IDEALPRO,IDEALPRO-1-3079,IDEALPRO-001,IDEALPRO-1-824569,EUR/USD.IDEALPRO-MLSignalStrategyV2-V2,BUY,MARKET,100000.00,1.15571,USD,2.31 USD,TAKER,833c2430-7797-42af-bd21-18255ff4f84a,2025-11-09 22:30:00+00:00,2025-11-09 22:30:00+00:00,{},False
O-20251109-223000-001-V2-3080,BACKTESTER-001,MLSignalStrategyV2-V2,EUR/USD.IDEALPRO,IDEALPRO-1-3080,IDEALPRO-001,IDEALPRO-1-824641,EUR/USD.IDEALPRO-MLSignalStrategyV2-V2,SELL,STOP_MARKET,100000.00,1.15485,USD,2.31 USD,TAKER,02767622-3804-426c-934d-4075dd12dee4,2025-11-09 23:06:00+00:00,2025-11-09 23:06:00+00:00,{},False
O-20251109-231500-001-V2-3082,BACKTESTER-001,MLSignalStrategyV2-V2,EUR/USD.IDEALPRO,IDEALPRO-1-3082,IDEALPRO-001,IDEALPRO-1-824660,EUR/USD.IDEALPRO-MLSignalStrategyV2-V2,BUY,MARKET,100000.00,1.15492,USD,2.31 USD,TAKER,c7859b6a-30e1-4c15-9189-308b39bd4db6,2025-11-09 23:15:00+00:00,2025-11-09 23:15:00+00:00,{},False
O-20251109-231500-001-V2-3083,BACKTESTER-001,MLSignalStrategyV2-V2,EUR/USD.IDEALPRO,IDEALPRO-1-3083,IDEALPRO-001,IDEALPRO-1-824721,EUR/USD.IDEALPRO-MLSignalStrategyV2-V2,SELL,STOP_MARKET,100000.00,1.15433,USD,2.31 USD,TAKER,43ff3a79-91da-4bff-85c8-289dc75a0b32,2025-11-09 23:45:00+00:00,2025-11-09 23:45:00+00:00,{},False
O-20251109-234500-001-V2-3085,BACKTESTER-001,MLSignalStrategyV2-V2,EUR/USD.IDEALPRO,IDEALPRO-1-3085,IDEALPRO-001,IDEALPRO-1-824722,EUR/USD.IDEALPRO-MLSignalStrategyV2-V2,BUY,MARKET,100000.00,1.15437,USD,2.31 USD,TAKER,51003c8d-7682-4734-be15-ddeccb51b61a,2025-11-09 23:45:00+00:00,2025-11-09 23:45:00+00:00,{},False
O-20251109-234500-001-V2-3087,BACKTESTER-001,MLSignalStrategyV2-V2,EUR/USD.IDEALPRO,IDEALPRO-1-3087,IDEALPRO-001,IDEALPRO-1-824755,EUR/USD.IDEALPRO-MLSignalStrategyV2-V2,SELL,LIMIT,100000.00,1.15600,USD,2.31 USD,MAKER,a69995eb-7c00-46ea-adad-7781139fcad3,2025-11-10 00:01:00+00:00,2025-11-10 00:01:00+00:00,{},False
O-20251110-003000-001-V2-3088,BACKTESTER-001,MLSignalStrategyV2-V2,EUR/USD.IDEALPRO,IDEALPRO-1-3088,IDEALPRO-001,IDEALPRO-1-824815,EUR/USD.IDEALPRO-MLSignalStrategyV2-V2,SELL,MARKET,100000.00,1.15521,USD,2.31 USD,TAKER,ca8116e6-1c6a-4231-b66e-550afd586434,2025-11-10 00:30:00+00:00,2025-11-10 00:30:00+00:00,{},False
O-20251110-003000-001-V2-3089,BACKTESTER-001,MLSignalStrategyV2-V2,EUR/USD.IDEALPRO,IDEALPRO-1-3089,IDEALPRO-001,IDEALPRO-1-824925,EUR/USD.IDEALPRO-MLSignalStrategyV2-V2,BUY,STOP_MARKET,100000.00,1.15596,USD,2.31 USD,TAKER,ef7175dc-9cec-47c3-8e29-bf6ce5505374,2025-11-10 01:25:00+00:00,2025-11-10 01:25:00+00:00,{},False
O-20251110-033000-001-V2-3091,BACKTESTER-001,MLSignalStrategyV2-V2,EUR/USD.IDEALPRO,IDEALPRO-1-3091,IDEALPRO-001,IDEALPRO-1-825176,EUR/USD.IDEALPRO-MLSignalStrategyV2-V2,SELL,MARKET,100000.00,1.15544,USD,2.31 USD,TAKER,f3a6de7a-bf6e-402e-a2cd-78a26929d3e7,2025-11-10 03:30:00+00:00,2025-11-10 03:30:00+00:00,{},False
O-20251110-033000-001-V2-3092,BACKTESTER-001,MLSignalStrategyV2-V2,EUR/USD.IDEALPRO,IDEALPRO-1-3092,IDEALPRO-001,IDEALPRO-1-825245,EUR/USD.IDEALPRO-MLSignalStrategyV2-V2,BUY,STOP_MARKET,100000.00,1.15596,USD,2.31 USD,TAKER,9e562b04-4f8b-41fe-b70b-0bf90aad62a9,2025-11-10 04:04:00+00:00,2025-11-10 04:04:00+00:00,{},False
O-20251110-084500-001-V2-3094,BACKTESTER-001,MLSignalStrategyV2-V2,EUR/USD.IDEALPRO,IDEALPRO-1-3094,IDEALPRO-001,IDEALPRO-1-825808,EUR/USD.IDEALPRO-MLSignalStrategyV2-V2,SELL,MARKET,100000.00,1.15784,USD,2.32 USD,TAKER,d5a9eeca-9d55-48af-96f5-92cdad1456c8,2025-11-10 08:45:00+00:00,2025-11-10 08:45:00+00:00,{},False
O-20251110-084500-001-V2-3096,BACKTESTER-001,MLSignalStrategyV2-V2,EUR/USD.IDEALPRO,IDEALPRO-1-3096,IDEALPRO-001,IDEALPRO-1-825863,EUR/USD.IDEALPRO-MLSignalStrategyV2-V2,BUY,LIMIT,100000.00,1.15682,USD,2.31 USD,MAKER,e03aefbc-de6a-42a2-b0e9-6c85dc941f08,2025-11-10 09:12:00+00:00,2025-11-10 09:12:00+00:00,{},False
O-20251110-201500-001-V2-3097,BACKTESTER-001,MLSignalStrategyV2-V2,EUR/USD.IDEALPRO,IDEALPRO-1-3097,IDEALPRO-001,IDEALPRO-1-827191,EUR/USD.IDEALPRO-MLSignalStrategyV2-V2,SELL,MARKET,100000.00,1.15625,USD,2.31 USD,TAKER,161c7e57-3a73-4aa7-a4d0-b9d6cd6e66f0,2025-11-10 20:15:00+00:00,2025-11-10 20:15:00+00:00,{},False
O-20251110-201500-001-V2-3099,BACKTESTER-001,MLSignalStrategyV2-V2,EUR/USD.IDEALPRO,IDEALPRO-1-3099,IDEALPRO-001,IDEALPRO-1-827379,EUR/USD.IDEALPRO-MLSignalStrategyV2-V2,BUY,LIMIT,100000.00,1.15563,USD,2.31 USD,MAKER,93bb09bf-2ae9-402d-b7a4-e1795a6ba2d5,2025-11-10 21:49:00+00:00,2025-11-10 21:49:00+00:00,{},False
O-20251111-013000-001-V2-3100,BACKTESTER-001,MLSignalStrategyV2-V2,EUR/USD.IDEALPRO,IDEALPRO-1-3100,IDEALPRO-001,IDEALPRO-1-827793,EUR/USD.IDEALPRO-MLSignalStrategyV2-V2,SELL,MARKET,100000.00,1.15496,USD,2.31 USD,TAKER,cee9ff06-17d9-4ce9-a1b8-cd2a110dd8c4,2025-11-11 01:30:00+00:00,2025-11-11 01:30:00+00:00,{},False
O-20251111-013000-001-V2-3101,BACKTESTER-001,MLSignalStrategyV2-V2,EUR/USD.IDEALPRO,IDEALPRO-1-3101,IDEALPRO-001,IDEALPRO-1-827805,EUR/USD.IDEALPRO-MLSignalStrategyV2-V2,BUY,STOP_MARKET,100000.00,1.15541,USD,2.31 USD,TAKER,6ea4a035-93e8-4a8b-a282-9ee67b6d7710,2025-11-11 01:36:00+00:00,2025-11-11 01:36:00+00:00,{},False
O-20251111-210000-001-V2-3103,BACKTESTER-001,MLSignalStrategyV2-V2,EUR/USD.IDEALPRO,IDEALPRO-1-3103,IDEALPRO-001,IDEALPRO-1-830134,EUR/USD.IDEALPRO-MLSignalStrategyV2-V2,BUY,MARKET,100000.00,1.15834,USD,2.32 USD,TAKER,2e0ab679-c879-4abe-a7d8-7cfe727f7cc7,2025-11-11 21:00:00+00:00,2025-11-11 21:00:00+00:00,{},False
O-20251111-210000-001-V2-3104,BACKTESTER-001,MLSignalStrategyV2-V2,EUR/USD.IDEALPRO,IDEALPRO-1-3104,IDEALPRO-001,IDEALPRO-1-830585,EUR/USD.IDEALPRO-MLSignalStrategyV2-V2,SELL,STOP_MARKET,100000.00,1.15791,USD,2.32 USD,TAKER,02481923-8f6c-43e1-bba0-b2249cb7eed8,2025-11-12 01:00:00+00:00,2025-11-12 01:00:00+00:00,{},False
O-20251112-111500-001-V2-3106,BACKTESTER-001,MLSignalStrategyV2-V2,EUR/USD.IDEALPRO,IDEALPRO-1-3106,IDEALPRO-001,IDEALPRO-1-831817,EUR/USD.IDEALPRO-MLSignalStrategyV2-V2,BUY,MARKET,100000.00,1.15693,USD,2.31 USD,TAKER,ea201148-c613-4740-8304-b87b7dc08797,2025-11-12 11:15:00+00:00,2025-11-12 11:15:00+00:00,{},False
O-20251112-111500-001-V2-3108,BACKTESTER-001,MLSignalStrategyV2-V2,EUR/USD.IDEALPRO,IDEALPRO-1-3108,IDEALPRO-001,IDEALPRO-1-831905,EUR/USD.IDEALPRO-MLSignalStrategyV2-V2,SELL,LIMIT,100000.00,1.15772,USD,2.32 USD,MAKER,48c83548-546e-4655-a239-29d0c0a6c13f,2025-11-12 11:59:00+00:00,2025-11-12 11:59:00+00:00,{},False
O-20251112-154500-001-V2-3109,BACKTESTER-001,MLSignalStrategyV2-V2,EUR/USD.IDEALPRO,IDEALPRO-1-3109,IDEALPRO-001,IDEALPRO-1-832359,EUR/USD.IDEALPRO-MLSignalStrategyV2-V2,BUY,MARKET,100000.00,1.15845,USD,2.32 USD,TAKER,5ecd1a31-ef25-401a-afb2-6d5760d9979a,2025-11-12 15:45:00+00:00,2025-11-12 15:45:00+00:00,{},False
O-20251112-154500-001-V2-3111,BACKTESTER-001,MLSignalStrategyV2-V2,EUR/USD.IDEALPRO,IDEALPRO-1-3111,IDEALPRO-001,IDEALPRO-1-832387,EUR/USD.IDEALPRO-MLSignalStrategyV2-V2,SELL,LIMIT,100000.00,1.15959,USD,2.32 USD,MAKER,7504838d-b44c-4341-93d9-e5180859490e,2025-11-12 15:59:00+00:00,2025-11-12 15:59:00+00:00,{},False
O-20251112-220000-001-V2-3112,BACKTESTER-001,MLSignalStrategyV2-V2,EUR/USD.IDEALPRO,IDEALPRO-1-3112,IDEALPRO-001,IDEALPRO-1-833110,EUR/USD.IDEALPRO-MLSignalStrategyV2-V2,BUY,MARKET,100000.00,1.15933,USD,2.32 USD,TAKER,93e7c140-2672-4370-a1ba-cbab02425189,2025-11-12 22:00:00+00:00,2025-11-12 22:00:00+00:00,{},False
O-20251112-220000-001-V2-3113,BACKTESTER-001,MLSignalStrategyV2-V2,EUR/USD.IDEALPRO,IDEALPRO-1-3113,IDEALPRO-001,IDEALPRO-1-833201,EUR/USD.IDEALPRO-MLSignalStrategyV2-V2,SELL,STOP_MARKET,100000.00,1.15896,USD,2.32 USD,TAKER,2d8829d0-4786-4527-b054-c92d049146de,2025-11-12 23:00:00+00:00,2025-11-12 23:00:00+00:00,{},False
O-20251113-004500-001-V2-3115,BACKTESTER-001,MLSignalStrategyV2-V2,EUR/USD.IDEALPRO,IDEALPRO-1-3115,IDEALPRO-001,IDEALPRO-1-833413,EUR/USD.IDEALPRO-MLSignalStrategyV2-V2,BUY,MARKET,100000.00,1.15825,USD,2.32 USD,TAKER,13bcab34-4833-4883-83c9-f6b9b9b0cdd9,2025-11-13 00:45:00+00:00,2025-11-13 00:45:00+00:00,{},False
O-20251113-004500-001-V2-3117,BACKTESTER-001,MLSignalStrategyV2-V2,EUR/USD.IDEALPRO,IDEALPRO-1-3117,IDEALPRO-001,IDEALPRO-1-833547,EUR/USD.IDEALPRO-MLSignalStrategyV2-V2,SELL,LIMIT,100000.00,1.15883,USD,2.32 USD,MAKER,c4f51400-9838-4d60-897e-ca98335cda85,2025-11-13 01:52:00+00:00,2025-11-13 01:52:00+00:00,{},False
O-20251113-101500-001-V2-3118,BACKTESTER-001,MLSignalStrategyV2-V2,EUR/USD.IDEALPRO,IDEALPRO-1-3118,IDEALPRO-001,IDEALPRO-1-834554,EUR/USD.IDEALPRO-MLSignalStrategyV2-V2,SELL,MARKET,100000.00,1.16160,USD,2.32 USD,TAKER,f8405ed7-eccc-4915-8557-1c0c0068f4f8,2025-11-13 10:15:00+00:00,2025-11-13 10:15:00+00:00,{},False
O-20251113-101500-001-V2-3119,BACKTESTER-001,MLSignalStrategyV2-V2,EUR/USD.IDEALPRO,IDEALPRO-1-3119,IDEALPRO-001,IDEALPRO-1-835077,EUR/USD.IDEALPRO-MLSignalStrategyV2-V2,BUY,STOP_MARKET,100000.00,1.16283,USD,2.33 USD,TAKER,f1de3f5a-758d-433f-a97d-fb682bf114e5,2025-11-13 14:36:00+00:00,2025-11-13 14:36:00+00:00,{},False
O-20251113-153000-001-V2-3121,BACKTESTER-001,MLSignalStrategyV2-V2,EUR/USD.IDEALPRO,IDEALPRO-1-3121,IDEALPRO-001,IDEALPRO-1-835186,EUR/USD.IDEALPRO-MLSignalStrategyV2-V2,BUY,MARKET,100000.00,1.16309,USD,2.33 USD,TAKER,d978782d-fde1-418d-aafe-91e20c89f78f,2025-11-13 15:30:00+00:00,2025-11-13 15:30:00+00:00,{},False
O-20251113-153000-001-V2-3123,BACKTESTER-001,MLSignalStrategyV2-V2,EUR/USD.IDEALPRO,IDEALPRO-1-3123,IDEALPRO-001,IDEALPRO-1-835209,EUR/USD.IDEALPRO-MLSignalStrategyV2-V2,SELL,LIMIT,100000.00,1.16429,USD,2.33 USD,MAKER,b8cf7030-b456-4a37-a8e7-92b046ecf83f,2025-11-13 15:41:00+00:00,2025-11-13 15:41:00+00:00,{},False
O-20251113-163000-001-V2-3124,BACKTESTER-001,MLSignalStrategyV2-V2,EUR/USD.IDEALPRO,IDEALPRO-1-3124,IDEALPRO-001,IDEALPRO-1-835309,EUR/USD.IDEALPRO-MLSignalStrategyV2-V2,BUY,MARKET,100000.00,1.16439,USD,2.33 USD,TAKER,f07d4263-5ee5-4f75-a46e-6024529a2a72,2025-11-13 16:30:00+00:00,2025-11-13 16:30:00+00:00,{},False
O-20251113-163000-001-V2-3126,BACKTESTER-001,MLSignalStrategyV2-V2,EUR/USD.IDEALPRO,IDEALPRO-1-3126,IDEALPRO-001,IDEALPRO-1-835425,EUR/USD.IDEALPRO-MLSignalStrategyV2-V2,SELL,LIMIT,100000.00,1.16547,USD,2.33 USD,MAKER,82b13335-1cc5-4835-a234-6c1e3c6041e3,2025-11-13 17:28:00+00:00,2025-11-13 17:28:00+00:00,{},False
O-20251113-200000-001-V2-3127,BACKTESTER-001,MLSignalStrategyV2-V2,EUR/USD.IDEALPRO,IDEALPRO-1-3127,IDEALPRO-001,IDEALPRO-1-835730,EUR/USD.IDEALPRO-MLSignalStrategyV2-V2,SELL,MARKET,100000.00,1.16357,USD,2.33 USD,TAKER,b55db344-c48e-4afd-98f7-927aa2e462ea,2025-11-13 20:00:00+00:00,2025-11-13 20:00:00+00:00,{},False
O-20251113-200000-001-V2-3129,BACKTESTER-001,MLSignalStrategyV2-V2,EUR/USD.IDEALPRO,IDEALPRO-1-3129,IDEALPRO-001,IDEALPRO-1-836083,EUR/USD.IDEALPRO-MLSignalStrategyV2-V2,BUY,LIMIT,100000.00,1.16261,USD,2.33 USD,MAKER,cde9c719-8ec7-43ad-8397-d1bc933f8dc2,2025-11-13 23:11:00+00:00,2025-11-13 23:11:00+00:00,{},False
O-20251114-114500-001-V2-3130,BACKTESTER-001,MLSignalStrategyV2-V2,EUR/USD.IDEALPRO,IDEALPRO-1-3130,IDEALPRO-001,IDEALPRO-1-837592,EUR/USD.IDEALPRO-MLSignalStrategyV2-V2,SELL,MARKET,100000.00,1.16144,USD,2.32 USD,TAKER,3de3ea43-57b5-462c-861a-41f80fc50414,2025-11-14 11:45:00+00:00,2025-11-14 11:45:00+00:00,{},False
O-20251114-114500-001-V2-3131,BACKTESTER-001,MLSignalStrategyV2-V2,EUR/USD.IDEALPRO,IDEALPRO-1-3131,IDEALPRO-001,IDEALPRO-1-837635,EUR/USD.IDEALPRO-MLSignalStrategyV2-V2,BUY,STOP_MARKET,100000.00,1.16210,USD,2.32 USD,TAKER,ac7fe3cd-8e01-4209-90cf-169517eed155,2025-11-14 12:06:00+00:00,2025-11-14 12:06:00+00:00,{},False
O-20251116-223000-001-V2-3133,BACKTESTER-001,MLSignalStrategyV2-V2,EUR/USD.IDEALPRO,IDEALPRO-1-3133,IDEALPRO-001,IDEALPRO-1-838854,EUR/USD.IDEALPRO-MLSignalStrategyV2-V2,BUY,MARKET,100000.00,1.16245,USD,2.32 USD,TAKER,75fb7862-d4c0-4c43-9534-27cb8cf0aa13,2025-11-16 22:30:00+00:00,2025-11-16 22:30:00+00:00,{},False
O-20251116-223000-001-V2-3134,BACKTESTER-001,MLSignalStrategyV2-V2,EUR/USD.IDEALPRO,IDEALPRO-1-3134,IDEALPRO-001,IDEALPRO-1-838899,EUR/USD.IDEALPRO-MLSignalStrategyV2-V2,SELL,STOP_MARKET,100000.00,1.16201,USD,2.32 USD,TAKER,64d9d0ed-5e65-4beb-9fce-e392e4d627c9,2025-11-16 22:52:00+00:00,2025-11-16 22:52:00+00:00,{},False
O-20251116-231500-001-V2-3136,BACKTESTER-001,MLSignalStrategyV2-V2,EUR/USD.IDEALPRO,IDEALPRO-1-3136,IDEALPRO-001,IDEALPRO-1-838946,EUR/USD.IDEALPRO-MLSignalStrategyV2-V2,BUY,MARKET,100000.00,1.16217,USD,2.32 USD,TAKER,2b45875c-8b39-4899-910c-c80922afc393,2025-11-16 23:15:00+00:00,2025-11-16 23:15:00+00:00,{},False
O-20251116-231500-001-V2-3137,BACKTESTER-001,MLSignalStrategyV2-V2,EUR/USD.IDEALPRO,IDEALPRO-1-3137,IDEALPRO-001,IDEALPRO-1-839011,EUR/USD.IDEALPRO-MLSignalStrategyV2-V2,SELL,STOP_MARKET,100000.00,1.16170,USD,2.32 USD,TAKER,1220275c-54ae-423f-8cc5-3d708ba1ae03,2025-11-16 23:47:00+00:00,2025-11-16 23:47:00+00:00,{},False
O-20251117-090000-001-V2-3139,BACKTESTER-001,MLSignalStrategyV2-V2,EUR/USD.IDEALPRO,IDEALPRO-1-3139,IDEALPRO-001,IDEALPRO-1-840119,EUR/USD.IDEALPRO-MLSignalStrategyV2-V2,SELL,MARKET,100000.00,1.16032,USD,2.32 USD,TAKER,11c870d5-0b68-4227-8fe3-2c873702f078,2025-11-17 09:00:00+00:00,2025-11-17 09:00:00+00:00,{},False
O-20251117-090000-001-V2-3141,BACKTESTER-001,MLSignalStrategyV2-V2,EUR/USD.IDEALPRO,IDEALPRO-1-3141,IDEALPRO-001,IDEALPRO-1-840361,EUR/USD.IDEALPRO-MLSignalStrategyV2-V2,BUY,LIMIT,100000.00,1.15951,USD,2.32 USD,MAKER,e65ee671-87a3-4df6-a505-9e38de4c1702,2025-11-17 11:01:00+00:00,2025-11-17 11:01:00+00:00,{},False
O-20251117-141500-001-V2-3142,BACKTESTER-001,MLSignalStrategyV2-V2,EUR/USD.IDEALPRO,IDEALPRO-1-3142,IDEALPRO-001,IDEALPRO-1-840751,EUR/USD.IDEALPRO-MLSignalStrategyV2-V2,SELL,MARKET,100000.00,1.15937,USD,2.32 USD,TAKER,2e14a96a-31d9-4e48-a3cf-4c964c559049,2025-11-17 14:15:00+00:00,2025-11-17 14:15:00+00:00,{},False
O-20251117-141500-001-V2-3144,BACKTESTER-001,MLSignalStrategyV2-V2,EUR/USD.IDEALPRO,IDEALPRO-1-3144,IDEALPRO-001,IDEALPRO-1-840801,EUR/USD.IDEALPRO-MLSignalStrategyV2-V2,BUY,LIMIT,100000.00,1.15855,USD,2.32 USD,MAKER,101a02ee-8320-4578-aaa0-956d4e3bd943,2025-11-17 14:40:00+00:00,2025-11-17 14:40:00+00:00,{},False
O-20251117-160000-001-V2-3145,BACKTESTER-001,MLSignalStrategyV2-V2,EUR/USD.IDEALPRO,IDEALPRO-1-3145,IDEALPRO-001,IDEALPRO-1-840962,EUR/USD.IDEALPRO-MLSignalStrategyV2-V2,SELL,MARKET,100000.00,1.15977,USD,2.32 USD,TAKER,9f49891c-c70e-45e2-83ed-865596e932e6,2025-11-17 16:00:00+00:00,2025-11-17 16:00:00+00:00,{},False
O-20251117-160000-001-V2-3147,BACKTESTER-001,MLSignalStrategyV2-V2,EUR/USD.IDEALPRO,IDEALPRO-1-3147,IDEALPRO-001,IDEALPRO-1-841227,EUR/USD.IDEALPRO-MLSignalStrategyV2-V2,BUY,LIMIT,100000.00,1.15881,USD,2.32 USD,MAKER,8b5f0962-62aa-4d25-bec5-a907399f6782,2025-11-17 18:12:00+00:00,2025-11-17 18:12:00+00:00,{},False
O-20251118-184500-001-V2-3148,BACKTESTER-001,MLSignalStrategyV2-V2,EUR/USD.IDEALPRO,IDEALPRO-1-3148,IDEALPRO-001,IDEALPRO-1-844145,EUR/USD.IDEALPRO-MLSignalStrategyV2-V2,SELL,MARKET,100000.00,1.15849,USD,2.32 USD,TAKER,d0770156-acd0-479c-bdc6-18e53c9061cf,2025-11-18 18:45:00+00:00,2025-11-18 18:45:00+00:00,{},False
O-20251118-184500-001-V2-3150,BACKTESTER-001,MLSignalStrategyV2-V2,EUR/USD.IDEALPRO,IDEALPRO-1-3150,IDEALPRO-001,IDEALPRO-1-844981,EUR/USD.IDEALPRO-MLSignalStrategyV2-V2,BUY,LIMIT,100000.00,1.15761,USD,2.32 USD,MAKER,73585e82-b074-4ba0-9449-2adadd8d8379,2025-11-19 01:58:00+00:00,2025-11-19 01:58:00+00:00,{},False
O-20251119-093000-001-V2-3151,BACKTESTER-001,MLSignalStrategyV2-V2,EUR/USD.IDEALPRO,IDEALPRO-1-3151,IDEALPRO-001,IDEALPRO-1-845887,EUR/USD.IDEALPRO-MLSignalStrategyV2-V2,BUY,MARKET,100000.00,1.15758,USD,2.32 USD,TAKER,dbbf560c-67f4-4c30-854c-b4c22a4834b1,2025-11-19 09:30:00+00:00,2025-11-19 09:30:00+00:00,{},False
O-20251119-093000-001-V2-3152,BACKTESTER-001,MLSignalStrategyV2-V2,EUR/USD.IDEALPRO,IDEALPRO-1-3152,IDEALPRO-001,IDEALPRO-1-845923,EUR/USD.IDEALPRO-MLSignalStrategyV2-V2,SELL,STOP_MARKET,100000.00,1.15673,USD,2.31 USD,TAKER,6ede6a71-974b-4d6f-a324-1520488e40bf,2025-11-19 09:48:00+00:00,2025-11-19 09:48:00+00:00,{},False
O-20251119-173000-001-V2-3154,BACKTESTER-001,MLSignalStrategyV2-V2,EUR/USD.IDEALPRO,IDEALPRO-1-3154,IDEALPRO-001,IDEALPRO-1-846848,EUR/USD.IDEALPRO-MLSignalStrategyV2-V2,BUY,MARKET,100000.00,1.15295,USD,2.31 USD,TAKER,83865e7f-fc51-4c78-b4d7-3b2df4129445,2025-11-19 17:30:00+00:00,2025-11-19 17:30:00+00:00,{},False
O-20251119-173000-001-V2-3155,BACKTESTER-001,MLSignalStrategyV2-V2,EUR/USD.IDEALPRO,IDEALPRO-1-3155,IDEALPRO-001,IDEALPRO-1-847045,EUR/USD.IDEALPRO-MLSignalStrategyV2-V2,SELL,STOP_MARKET,100000.00,1.15177,USD,2.30 USD,TAKER,8b4bd4b6-5223-42aa-aaaa-b238d4dc8605,2025-11-19 19:08:00+00:00,2025-11-19 19:08:00+00:00,{},False
O-20251119-210000-001-V2-3157,BACKTESTER-001,MLSignalStrategyV2-V2,EUR/USD.IDEALPRO,IDEALPRO-1-3157,IDEALPRO-001,IDEALPRO-1-847270,EUR/USD.IDEALPRO-MLSignalStrategyV2-V2,BUY,MARKET,100000.00,1.15263,USD,2.31 USD,TAKER,19c7d929-924e-47d6-aeaa-87c8067a9440,2025-11-19 21:00:00+00:00,2025-11-19 21:00:00+00:00,{},False
O-20251119-210000-001-V2-3159,BACKTESTER-001,MLSignalStrategyV2-V2,EUR/USD.IDEALPRO,IDEALPRO-1-3159,IDEALPRO-001,IDEALPRO-1-847341,EUR/USD.IDEALPRO-MLSignalStrategyV2-V2,SELL,LIMIT,100000.00,1.15356,USD,2.31 USD,MAKER,39ffe905-f67d-4e86-b512-143f485c2fb0,2025-11-19 21:35:00+00:00,2025-11-19 21:35:00+00:00,{},False
O-20251120-000000-001-V2-3160,BACKTESTER-001,MLSignalStrategyV2-V2,EUR/USD.IDEALPRO,IDEALPRO-1-3160,IDEALPRO-001,IDEALPRO-1-847602,EUR/USD.IDEALPRO-MLSignalStrategyV2-V2,SELL,MARKET,100000.00,1.15392,USD,2.31 USD,TAKER,84ed43ab-11fd-4154-ba02-5d9b891f9928,2025-11-20 00:00:00+00:00,2025-11-20 00:00:00+00:00,{},False
O-20251120-000000-001-V2-3162,BACKTESTER-001,MLSignalStrategyV2-V2,EUR/USD.IDEALPRO,IDEALPRO-1-3162,IDEALPRO-001,IDEALPRO-1-847629,EUR/USD.IDEALPRO-MLSignalStrategyV2-V2,BUY,LIMIT,100000.00,1.15337,USD,2.31 USD,MAKER,814369fb-c04c-4dad-adf8-a48af5a4e2f5,2025-11-20 00:13:00+00:00,2025-11-20 00:13:00+00:00,{},False
O-20251120-003000-001-V2-3163,BACKTESTER-001,MLSignalStrategyV2-V2,EUR/USD.IDEALPRO,IDEALPRO-1-3163,IDEALPRO-001,IDEALPRO-1-847665,EUR/USD.IDEALPRO-MLSignalStrategyV2-V2,BUY,MARKET,100000.00,1.15313,USD,2.31 USD,TAKER,24e61b20-193a-419f-90dc-29de30a60027,2025-11-20 00:30:00+00:00,2025-11-20 00:30:00+00:00,{},False
O-20251120-003000-001-V2-3164,BACKTESTER-001,MLSignalStrategyV2-V2,EUR/USD.IDEALPRO,IDEALPRO-1-3164,IDEALPRO-001,IDEALPRO-1-847803,EUR/USD.IDEALPRO-MLSignalStrategyV2-V2,SELL,STOP_MARKET,100000.00,1.15271,USD,2.31 USD,TAKER,98e69c73-bba6-4cc0-9585-32cc6bef8ed6,2025-11-20 01:39:00+00:00,2025-11-20 01:39:00+00:00,{},False
O-20251120-044500-001-V2-3166,BACKTESTER-001,MLSignalStrategyV2-V2,EUR/USD.IDEALPRO,IDEALPRO-1-3166,IDEALPRO-001,IDEALPRO-1-848176,EUR/USD.IDEALPRO-MLSignalStrategyV2-V2,SELL,MARKET,100000.00,1.15199,USD,2.30 USD,TAKER,51566f10-081c-42d4-aaa3-e2b12c0e9dac,2025-11-20 04:45:00+00:00,2025-11-20 04:45:00+00:00,{},False
O-20251120-044500-001-V2-3168,BACKTESTER-001,MLSignalStrategyV2-V2,EUR/USD.IDEALPRO,IDEALPRO-1-3168,IDEALPRO-001,IDEALPRO-1-848587,EUR/USD.IDEALPRO-MLSignalStrategyV2-V2,BUY,LIMIT,100000.00,1.15134,USD,2.30 USD,MAKER,a0e8ee48-fd7e-4666-9415-31d63d9dd31a,2025-11-20 08:10:00+00:00,2025-11-20 08:10:00+00:00,{},False
O-20251120-194500-001-V2-3169,BACKTESTER-001,MLSignalStrategyV2-V2,EUR/USD.IDEALPRO,IDEALPRO-1-3169,IDEALPRO-001,IDEALPRO-1-849979,EUR/USD.IDEALPRO-MLSignalStrategyV2-V2,BUY,MARKET,100000.00,1.15366,USD,2.31 USD,TAKER,7f288fa1-831a-4d01-bafd-3dc7c6fbed76,2025-11-20 19:45:00+00:00,2025-11-20 19:45:00+00:00,{},False
O-20251120-194500-001-V2-3170,BACKTESTER-001,MLSignalStrategyV2-V2,EUR/USD.IDEALPRO,IDEALPRO-1-3170,IDEALPRO-001,IDEALPRO-1-850041,EUR/USD.IDEALPRO-MLSignalStrategyV2-V2,SELL,STOP_MARKET,100000.00,1.15311,USD,2.31 USD,TAKER,a1452a9e-d297-4eda-91b0-b4e74f4ea401,2025-11-20 20:16:00+00:00,2025-11-20 20:16:00+00:00,{},False
O-20251121-081500-001-V2-3172,BACKTESTER-001,MLSignalStrategyV2-V2,EUR/USD.IDEALPRO,IDEALPRO-1-3172,IDEALPRO-001,IDEALPRO-1-851450,EUR/USD.IDEALPRO-MLSignalStrategyV2-V2,BUY,MARKET,100000.00,1.15457,USD,2.31 USD,TAKER,a1091687-3a0d-4b19-8441-5563643409f3,2025-11-21 08:15:00+00:00,2025-11-21 08:15:00+00:00,{},False
O-20251121-081500-001-V2-3173,BACKTESTER-001,MLSignalStrategyV2-V2,EUR/USD.IDEALPRO,IDEALPRO-1-3173,IDEALPRO-001,IDEALPRO-1-851541,EUR/USD.IDEALPRO-MLSignalStrategyV2-V2,SELL,STOP_MARKET,100000.00,1.15392,USD,2.31 USD,TAKER,1f84c2bd-a318-4dc6-844b-ad40ee95ff63,2025-11-21 09:00:00+00:00,2025-11-21 09:00:00+00:00,{},False
O-20251121-101500-001-V2-3175,BACKTESTER-001,MLSignalStrategyV2-V2,EUR/USD.IDEALPRO,IDEALPRO-1-3175,IDEALPRO-001,IDEALPRO-1-851692,EUR/USD.IDEALPRO-MLSignalStrategyV2-V2,BUY,MARKET,100000.00,1.15173,USD,2.30 USD,TAKER,b52036c0-6819-48ff-bdef-3259353ee77c,2025-11-21 10:15:00+00:00,2025-11-21 10:15:00+00:00,{},False
O-20251121-101500-001-V2-3176,BACKTESTER-001,MLSignalStrategyV2-V2,EUR/USD.IDEALPRO,IDEALPRO-1-3176,IDEALPRO-001,IDEALPRO-1-851891,EUR/USD.IDEALPRO-MLSignalStrategyV2-V2,SELL,STOP_MARKET,100000.00,1.15053,USD,2.30 USD,TAKER,f33283b5-bc4b-4c23-90fb-af4ed3a39e42,2025-11-21 11:54:00+00:00,2025-11-21 11:54:00+00:00,{},False
O-20251121-141500-001-V2-3178,BACKTESTER-001,MLSignalStrategyV2-V2,EUR/USD.IDEALPRO,IDEALPRO-1-3178,IDEALPRO-001,IDEALPRO-1-852174,EUR/USD.IDEALPRO-MLSignalStrategyV2-V2,SELL,MARKET,100000.00,1.15125,USD,2.30 USD,TAKER,181ff73f-c6b8-49ce-a952-5447bd3fa739,2025-11-21 14:15:00+00:00,2025-11-21 14:15:00+00:00,{},False
O-20251121-141500-001-V2-3179,BACKTESTER-001,MLSignalStrategyV2-V2,EUR/USD.IDEALPRO,IDEALPRO-1-3179,IDEALPRO-001,IDEALPRO-1-852269,EUR/USD.IDEALPRO-MLSignalStrategyV2-V2,BUY,STOP_MARKET,100000.00,1.15233,USD,2.30 USD,TAKER,fa1f5a58-291d-4754-9994-193e3084235b,2025-11-21 15:02:00+00:00,2025-11-21 15:02:00+00:00,{},False
O-20251121-161500-001-V2-3181,BACKTESTER-001,MLSignalStrategyV2-V2,EUR/USD.IDEALPRO,IDEALPRO-1-3181,IDEALPRO-001,IDEALPRO-1-852417,EUR/USD.IDEALPRO-MLSignalStrategyV2-V2,BUY,MARKET,100000.00,1.14975,USD,2.30 USD,TAKER,1d70ef61-c185-4144-98d8-4e3e505da66f,2025-11-21 16:15:00+00:00,2025-11-21 16:15:00+00:00,{},False
O-20251121-161500-001-V2-3183,BACKTESTER-001,MLSignalStrategyV2-V2,EUR/USD.IDEALPRO,IDEALPRO-1-3183,IDEALPRO-001,IDEALPRO-1-852515,EUR/USD.IDEALPRO-MLSignalStrategyV2-V2,SELL,LIMIT,100000.00,1.15119,USD,2.30 USD,MAKER,4636db3b-2b57-482d-8309-5e34cf113556,2025-11-21 17:04:00+00:00,2025-11-21 17:04:00+00:00,{},False
O-20251123-223000-001-V2-3184,BACKTESTER-001,MLSignalStrategyV2-V2,EUR/USD.IDEALPRO,IDEALPRO-1-3184,IDEALPRO-001,IDEALPRO-1-853138,EUR/USD.IDEALPRO-MLSignalStrategyV2-V2,BUY,MARKET,100000.00,1.15133,USD,2.30 USD,TAKER,42232f6c-ce77-4155-b8be-187d66581a8b,2025-11-23 22:30:00+00:00,2025-11-23 22:30:00+00:00,{},False
O-20251123-223000-001-V2-3185,BACKTESTER-001,MLSignalStrategyV2-V2,EUR/USD.IDEALPRO,IDEALPRO-1-3185,IDEALPRO-001,IDEALPRO-1-853251,EUR/USD.IDEALPRO-MLSignalStrategyV2-V2,SELL,STOP_MARKET,100000.00,1.15080,USD,2.30 USD,TAKER,519ee60f-5b55-483e-9c16-5af31725b025,2025-11-23 23:26:00+00:00,2025-11-23 23:26:00+00:00,{},False
O-20251123-233000-001-V2-3187,BACKTESTER-001,MLSignalStrategyV2-V2,EUR/USD.IDEALPRO,IDEALPRO-1-3187,IDEALPRO-001,IDEALPRO-1-853260,EUR/USD.IDEALPRO-MLSignalStrategyV2-V2,BUY,MARKET,100000.00,1.15087,USD,2.30 USD,TAKER,70d5a886-e021-4697-a1e1-5586566daa95,2025-11-23 23:30:00+00:00,2025-11-23 23:30:00+00:00,{},False
O-20251123-233000-001-V2-3188,BACKTESTER-001,MLSignalStrategyV2-V2,EUR/USD.IDEALPRO,IDEALPRO-1-3188,IDEALPRO-001,IDEALPRO-1-853359,EUR/USD.IDEALPRO-MLSignalStrategyV2-V2,SELL,STOP_MARKET,100000.00,1.15033,USD,2.30 USD,TAKER,6bc8bc0a-536d-4543-a1a2-8b70af7d6ef7,2025-11-24 00:19:00+00:00,2025-11-24 00:19:00+00:00,{},False
O-20251124-030000-001-V2-3190,BACKTESTER-001,MLSignalStrategyV2-V2,EUR/USD.IDEALPRO,IDEALPRO-1-3190,IDEALPRO-001,IDEALPRO-1-853683,EUR/USD.IDEALPRO-MLSignalStrategyV2-V2,SELL,MARKET,100000.00,1.15159,USD,2.30 USD,TAKER,715b70a3-7aba-4508-8a79-2aa7fe8d7392,2025-11-24 03:00:00+00:00,2025-11-24 03:00:00+00:00,{},False
O-20251124-030000-001-V2-3191,BACKTESTER-001,MLSignalStrategyV2-V2,EUR/USD.IDEALPRO,IDEALPRO-1-3191,IDEALPRO-001,IDEALPRO-1-853857,EUR/USD.IDEALPRO-MLSignalStrategyV2-V2,BUY,STOP_MARKET,100000.00,1.15195,USD,2.30 USD,TAKER,683b65f4-6207-4e2c-bdf0-96d041255183,2025-11-24 04:27:00+00:00,2025-11-24 04:27:00+00:00,{},False
O-20251124-153000-001-V2-3193,BACKTESTER-001,MLSignalStrategyV2-V2,EUR/USD.IDEALPRO,IDEALPRO-1-3193,IDEALPRO-001,IDEALPRO-1-855185,EUR/USD.IDEALPRO-MLSignalStrategyV2-V2,SELL,MARKET,100000.00,1.15216,USD,2.30 USD,TAKER,edf63a4f-b2ce-4868-802d-de6c1cbfb10b,2025-11-24 15:30:00+00:00,2025-11-24 15:30:00+00:00,{},False
O-20251124-153000-001-V2-3194,BACKTESTER-001,MLSignalStrategyV2-V2,EUR/USD.IDEALPRO,IDEALPRO-1-3194,IDEALPRO-001,IDEALPRO-1-855205,EUR/USD.IDEALPRO-MLSignalStrategyV2-V2,BUY,STOP_MARKET,100000.00,1.15291,USD,2.31 USD,TAKER,f674f5ff-6a0d-427e-9853-1758d5a8b686,2025-11-24 15:40:00+00:00,2025-11-24 15:40:00+00:00,{},False
O-20251124-184500-001-V2-3196,BACKTESTER-001,MLSignalStrategyV2-V2,EUR/USD.IDEALPRO,IDEALPRO-1-3196,IDEALPRO-001,IDEALPRO-1-855576,EUR/USD.IDEALPRO-MLSignalStrategyV2-V2,SELL,MARKET,100000.00,1.15233,USD,2.30 USD,TAKER,3506e63d-940a-4a9c-bc40-dcbf1b48ad51,2025-11-24 18:45:00+00:00,2025-11-24 18:45:00+00:00,{},False
O-20251124-184500-001-V2-3197,BACKTESTER-001,MLSignalStrategyV2-V2,EUR/USD.IDEALPRO,IDEALPRO-1-3197,IDEALPRO-001,IDEALPRO-1-855613,EUR/USD.IDEALPRO-MLSignalStrategyV2-V2,BUY,STOP_MARKET,100000.00,1.15291,USD,2.31 USD,TAKER,7c3aa49b-cc83-495f-be6e-21890a95d71f,2025-11-24 19:03:00+00:00,2025-11-24 19:03:00+00:00,{},False
O-20251124-201500-001-V2-3199,BACKTESTER-001,MLSignalStrategyV2-V2,EUR/USD.IDEALPRO,IDEALPRO-1-3199,IDEALPRO-001,IDEALPRO-1-855758,EUR/USD.IDEALPRO-MLSignalStrategyV2-V2,BUY,MARKET,100000.00,1.15259,USD,2.31 USD,TAKER,27cb9458-be03-4fb4-9ea3-f01b1e27a81a,2025-11-24 20:15:00+00:00,2025-11-24 20:15:00+00:00,{},False
O-20251124-201500-001-V2-3200,BACKTESTER-001,MLSignalStrategyV2-V2,EUR/USD.IDEALPRO,IDEALPRO-1-3200,IDEALPRO-001,IDEALPRO-1-855863,EUR/USD.IDEALPRO-MLSignalStrategyV2-V2,SELL,STOP_MARKET,100000.00,1.15202,USD,2.30 USD,TAKER,c76950fa-87dd-4234-89ba-ed2398116469,2025-11-24 21:07:00+00:00,2025-11-24 21:07:00+00:00,{},False
O-20251124-211500-001-V2-3202,BACKTESTER-001,MLSignalStrategyV2-V2,EUR/USD.IDEALPRO,IDEALPRO-1-3202,IDEALPRO-001,IDEALPRO-1-855880,EUR/USD.IDEALPRO-MLSignalStrategyV2-V2,BUY,MARKET,100000.00,1.15219,USD,2.30 USD,TAKER,4b3bdcc8-ee8f-4b44-b493-4872215d9b9e,2025-11-24 21:15:00+00:00,2025-11-24 21:15:00+00:00,{},False
O-20251124-211500-001-V2-3204,BACKTESTER-001,MLSignalStrategyV2-V2,EUR/USD.IDEALPRO,IDEALPRO-1-3204,IDEALPRO-001,IDEALPRO-1-856344,EUR/USD.IDEALPRO-MLSignalStrategyV2-V2,SELL,LIMIT,100000.00,1.15280,USD,2.31 USD,MAKER,a75ce540-7075-4db0-a539-fda264c35509,2025-11-25 01:21:00+00:00,2025-11-25 01:21:00+00:00,{},False
O-20251125-124500-001-V2-3205,BACKTESTER-001,MLSignalStrategyV2-V2,EUR/USD.IDEALPRO,IDEALPRO-1-3205,IDEALPRO-001,IDEALPRO-1-857712,EUR/USD.IDEALPRO-MLSignalStrategyV2-V2,SELL,MARKET,100000.00,1.15446,USD,2.31 USD,TAKER,887b2999-83a6-45b8-a375-351b7582f092,2025-11-25 12:45:00+00:00,2025-11-25 12:45:00+00:00,{},False
O-20251125-124500-001-V2-3206,BACKTESTER-001,MLSignalStrategyV2-V2,EUR/USD.IDEALPRO,IDEALPRO-1-3206,IDEALPRO-001,IDEALPRO-1-857714,EUR/USD.IDEALPRO-MLSignalStrategyV2-V2,BUY,STOP_MARKET,100000.00,1.15559,USD,2.31 USD,TAKER,06e3c22a-a5a3-496a-b06e-0816c363ce47,2025-11-25 12:45:00+00:00,2025-11-25 12:45:00+00:00,{},False
O-20251125-124500-001-V2-3208,BACKTESTER-001,MLSignalStrategyV2-V2,EUR/USD.IDEALPRO,IDEALPRO-1-3208,IDEALPRO-001,IDEALPRO-1-857715,EUR/USD.IDEALPRO-MLSignalStrategyV2-V2,SELL,MARKET,100000.00,1.15447,USD,2.31 USD,TAKER,2617c185-4564-4b9c-aced-286fa288a12a,2025-11-25 12:45:00+00:00,2025-11-25 12:45:00+00:00,{},False
O-20251125-124500-001-V2-3209,BACKTESTER-001,MLSignalStrategyV2-V2,EUR/USD.IDEALPRO,IDEALPRO-1-3209,IDEALPRO-001,IDEALPRO-1-857763,EUR/USD.IDEALPRO-MLSignalStrategyV2-V2,BUY,STOP_MARKET,100000.00,1.15549,USD,2.31 USD,TAKER,45b423fd-58c9-4bc1-a9ca-aac5ad788507,2025-11-25 13:09:00+00:00,2025-11-25 13:09:00+00:00,{},False
O-20251125-134500-001-V2-3211,BACKTESTER-001,MLSignalStrategyV2-V2,EUR/USD.IDEALPRO,IDEALPRO-1-3211,IDEALPRO-001,IDEALPRO-1-857836,EUR/USD.IDEALPRO-MLSignalStrategyV2-V2,SELL,MARKET,100000.00,1.15465,USD,2.31 USD,TAKER,c87799b6-82d6-4bc3-baec-2498f91a9e70,2025-11-25 13:45:00+00:00,2025-11-25 13:45:00+00:00,{},False
O-20251125-134500-001-V2-3212,BACKTESTER-001,MLSignalStrategyV2-V2,EUR/USD.IDEALPRO,IDEALPRO-1-3212,IDEALPRO-001,IDEALPRO-1-857853,EUR/USD.IDEALPRO-MLSignalStrategyV2-V2,BUY,STOP_MARKET,100000.00,1.15573,USD,2.31 USD,TAKER,2874a24b-a546-4d5e-bfae-e9980e95642e,2025-11-25 13:53:00+00:00,2025-11-25 13:53:00+00:00,{},False
O-20251126-003000-001-V2-3214,BACKTESTER-001,MLSignalStrategyV2-V2,EUR/USD.IDEALPRO,IDEALPRO-1-3214,IDEALPRO-001,IDEALPRO-1-859099,EUR/USD.IDEALPRO-MLSignalStrategyV2-V2,SELL,MARKET,100000.00,1.15704,USD,2.31 USD,TAKER,dc223970-de70-4261-9353-9b48e1531038,2025-11-26 00:30:00+00:00,2025-11-26 00:30:00+00:00,{},False
O-20251126-003000-001-V2-3216,BACKTESTER-001,MLSignalStrategyV2-V2,EUR/USD.IDEALPRO,IDEALPRO-1-3216,IDEALPRO-001,IDEALPRO-1-859149,EUR/USD.IDEALPRO-MLSignalStrategyV2-V2,BUY,LIMIT,100000.00,1.15633,USD,2.31 USD,MAKER,0808a53b-931b-46b8-901b-e16764bee0eb,2025-11-26 00:55:00+00:00,2025-11-26 00:55:00+00:00,{},False
O-20251126-040000-001-V2-3217,BACKTESTER-001,MLSignalStrategyV2-V2,EUR/USD.IDEALPRO,IDEALPRO-1-3217,IDEALPRO-001,IDEALPRO-1-859520,EUR/USD.IDEALPRO-MLSignalStrategyV2-V2,SELL,MARKET,100000.00,1.15908,USD,2.32 USD,TAKER,3f420ab6-e602-44c2-94da-a80b84b37263,2025-11-26 04:00:00+00:00,2025-11-26 04:00:00+00:00,{},False
O-20251126-040000-001-V2-3219,BACKTESTER-001,MLSignalStrategyV2-V2,EUR/USD.IDEALPRO,IDEALPRO-1-3219,IDEALPRO-001,IDEALPRO-1-859579,EUR/USD.IDEALPRO-MLSignalStrategyV2-V2,BUY,LIMIT,100000.00,1.15831,USD,2.32 USD,MAKER,d33dc02c-c483-4a6c-a6e3-19aa7b35023d,2025-11-26 04:29:00+00:00,2025-11-26 04:29:00+00:00,{},False
O-20251126-080000-001-V2-3220,BACKTESTER-001,MLSignalStrategyV2-V2,EUR/USD.IDEALPRO,IDEALPRO-1-3220,IDEALPRO-001,IDEALPRO-1-860002,EUR/USD.IDEALPRO-MLSignalStrategyV2-V2,BUY,MARKET,100000.00,1.15793,USD,2.32 USD,TAKER,5286574b-7b8d-4c5d-a9d2-7ba51da06563,2025-11-26 08:00:00+00:00,2025-11-26 08:00:00+00:00,{},False
O-20251126-080000-001-V2-3221,BACKTESTER-001,MLSignalStrategyV2-V2,EUR/USD.IDEALPRO,IDEALPRO-1-3221,IDEALPRO-001,IDEALPRO-1-860069,EUR/USD.IDEALPRO-MLSignalStrategyV2-V2,SELL,STOP_MARKET,100000.00,1.15726,USD,2.31 USD,TAKER,fc33ed1e-c85e-4417-be95-56b5884c7f3a,2025-11-26 08:33:00+00:00,2025-11-26 08:33:00+00:00,{},False
O-20251126-154500-001-V2-3223,BACKTESTER-001,MLSignalStrategyV2-V2,EUR/USD.IDEALPRO,IDEALPRO-1-3223,IDEALPRO-001,IDEALPRO-1-860934,EUR/USD.IDEALPRO-MLSignalStrategyV2-V2,BUY,MARKET,100000.00,1.15857,USD,2.32 USD,TAKER,a030b83d-ea31-4609-ad39-7a352acb5e2a,2025-11-26 15:45:00+00:00,2025-11-26 15:45:00+00:00,{},False
O-20251126-154500-001-V2-3225,BACKTESTER-001,MLSignalStrategyV2-V2,EUR/USD.IDEALPRO,IDEALPRO-1-3225,IDEALPRO-001,IDEALPRO-1-862047,EUR/USD.IDEALPRO-MLSignalStrategyV2-V2,SELL,LIMIT,100000.00,1.16022,USD,2.32 USD,MAKER,36272380-aeec-4e7c-9032-338c19fc2df7,2025-11-26 23:46:00+00:00,2025-11-26 23:46:00+00:00,{},False
O-20251128-160000-001-V2-3226,BACKTESTER-001,MLSignalStrategyV2-V2,EUR/USD.IDEALPRO,IDEALPRO-1-3226,IDEALPRO-001,IDEALPRO-1-870327,EUR/USD.IDEALPRO-MLSignalStrategyV2-V2,SELL,MARKET,100000.00,1.16074,USD,2.32 USD,TAKER,78512ac7-704f-4a22-871e-f2798424036e,2025-11-28 16:00:00+00:00,2025-11-28 16:00:00+00:00,{},False
O-20251128-160000-001-V2-3228,BACKTESTER-001,MLSignalStrategyV2-V2,EUR/USD.IDEALPRO,IDEALPRO-1-3228,IDEALPRO-001,IDEALPRO-1-870389,EUR/USD.IDEALPRO-MLSignalStrategyV2-V2,BUY,LIMIT,100000.00,1.15928,USD,2.32 USD,MAKER,d30d939f-0052-4c2a-8537-1ba0ff89265e,2025-11-28 16:31:00+00:00,2025-11-28 16:31:00+00:00,{},False
O-20251130-223000-001-V2-3229,BACKTESTER-001,MLSignalStrategyV2-V2,EUR/USD.IDEALPRO,IDEALPRO-1-3229,IDEALPRO-001,IDEALPRO-1-871079,EUR/USD.IDEALPRO-MLSignalStrategyV2-V2,BUY,MARKET,100000.00,1.15962,USD,2.32 USD,TAKER,e0a57ab4-363c-4cb0-bb44-9c7932d2664b,2025-11-30 22:30:00+00:00,2025-11-30 22:30:00+00:00,{},False
O-20251130-223000-001-V2-3231,BACKTESTER-001,MLSignalStrategyV2-V2,EUR/USD.IDEALPRO,IDEALPRO-1-3231,IDEALPRO-001,IDEALPRO-1-871143,EUR/USD.IDEALPRO-MLSignalStrategyV2-V2,SELL,LIMIT,100000.00,1.16021,USD,2.32 USD,MAKER,5733cfe0-52b2-456b-be8e-b858b0f383d4,2025-11-30 23:02:00+00:00,2025-11-30 23:02:00+00:00,{},False
O-20251130-231500-001-V2-3232,BACKTESTER-001,MLSignalStrategyV2-V2,EUR/USD.IDEALPRO,IDEALPRO-1-3232,IDEALPRO-001,IDEALPRO-1-871170,EUR/USD.IDEALPRO-MLSignalStrategyV2-V2,BUY,MARKET,100000.00,1.16075,USD,2.32 USD,TAKER,0599d44e-9064-4589-af70-a23bb8d8f7d9,2025-11-30 23:15:00+00:00,2025-11-30 23:15:00+00:00,{},False
O-20251130-231500-001-V2-3233,BACKTESTER-001,MLSignalStrategyV2-V2,EUR/USD.IDEALPRO,IDEALPRO-1-3233,IDEALPRO-001,IDEALPRO-1-871189,EUR/USD.IDEALPRO-MLSignalStrategyV2-V2,SELL,STOP_MARKET,100000.00,1.16025,USD,2.32 USD,TAKER,9e2dc85d-c6ac-4462-a805-2952f1073fb3,2025-11-30 23:24:00+00:00,2025-11-30 23:24:00+00:00,{},False
O-20251130-233000-001-V2-3235,BACKTESTER-001,MLSignalStrategyV2-V2,EUR/USD.IDEALPRO,IDEALPRO-1-3235,IDEALPRO-001,IDEALPRO-1-871202,EUR/USD.IDEALPRO-MLSignalStrategyV2-V2,BUY,MARKET,100000.00,1.15994,USD,2.32 USD,TAKER,38591280-61c6-45b7-8a6c-a09b84d6e627,2025-11-30 23:30:00+00:00,2025-11-30 23:30:00+00:00,{},False
O-20251130-233000-001-V2-3237,BACKTESTER-001,MLSignalStrategyV2-V2,EUR/USD.IDEALPRO,IDEALPRO-1-3237,IDEALPRO-001,IDEALPRO-1-871367,EUR/USD.IDEALPRO-MLSignalStrategyV2-V2,SELL,LIMIT,100000.00,1.16062,USD,2.32 USD,MAKER,c18be7e3-e315-488c-b48e-158497fbe341,2025-12-01 00:52:00+00:00,2025-12-01 00:52:00+00:00,{},False
O-20251201-031500-001-V2-3238,BACKTESTER-001,MLSignalStrategyV2-V2,EUR/USD.IDEALPRO,IDEALPRO-1-3238,IDEALPRO-001,IDEALPRO-1-871655,EUR/USD.IDEALPRO-MLSignalStrategyV2-V2,SELL,MARKET,100000.00,1.15914,USD,2.32 USD,TAKER,9a20cf13-40b1-4f14-b216-70001f16a60a,2025-12-01 03:15:00+00:00,2025-12-01 03:15:00+00:00,{},False
O-20251201-031500-001-V2-3239,BACKTESTER-001,MLSignalStrategyV2-V2,EUR/USD.IDEALPRO,IDEALPRO-1-3239,IDEALPRO-001,IDEALPRO-1-871735,EUR/USD.IDEALPRO-MLSignalStrategyV2-V2,BUY,STOP_MARKET,100000.00,1.15971,USD,2.32 USD,TAKER,aebc6fb9-8811-41bf-b491-74c2c2853d3f,2025-12-01 03:55:00+00:00,2025-12-01 03:55:00+00:00,{},False
O-20251201-081500-001-V2-3241,BACKTESTER-001,MLSignalStrategyV2-V2,EUR/USD.IDEALPRO,IDEALPRO-1-3241,IDEALPRO-001,IDEALPRO-1-872257,EUR/USD.IDEALPRO-MLSignalStrategyV2-V2,SELL,MARKET,100000.00,1.16154,USD,2.32 USD,TAKER,a5e176f0-6753-4f34-9155-a4f4ee6dfced,2025-12-01 08:15:00+00:00,2025-12-01 08:15:00+00:00,{},False
O-20251201-081500-001-V2-3242,BACKTESTER-001,MLSignalStrategyV2-V2,EUR/USD.IDEALPRO,IDEALPRO-1-3242,IDEALPRO-001,IDEALPRO-1-872271,EUR/USD.IDEALPRO-MLSignalStrategyV2-V2,BUY,STOP_MARKET,100000.00,1.16221,USD,2.32 USD,TAKER,2821b20d-a6da-45ed-9add-1e43f9afcd88,2025-12-01 08:22:00+00:00,2025-12-01 08:22:00+00:00,{},False
O-20251201-083000-001-V2-3244,BACKTESTER-001,MLSignalStrategyV2-V2,EUR/USD.IDEALPRO,IDEALPRO-1-3244,IDEALPRO-001,IDEALPRO-1-872288,EUR/USD.IDEALPRO-MLSignalStrategyV2-V2,SELL,MARKET,100000.00,1.16183,USD,2.32 USD,TAKER,318ccb50-a693-4629-9e87-3c6e593555a6,2025-12-01 08:30:00+00:00,2025-12-01 08:30:00+00:00,{},False
O-20251201-083000-001-V2-3246,BACKTESTER-001,MLSignalStrategyV2-V2,EUR/USD.IDEALPRO,IDEALPRO-1-3246,IDEALPRO-001,IDEALPRO-1-872313,EUR/USD.IDEALPRO-MLSignalStrategyV2-V2,BUY,LIMIT,100000.00,1.16084,USD,2.32 USD,MAKER,7477a1ba-8b96-49be-abfe-1af1afee2867,2025-12-01 08:42:00+00:00,2025-12-01 08:42:00+00:00,{},False
O-20251201-130000-001-V2-3247,BACKTESTER-001,MLSignalStrategyV2-V2,EUR/USD.IDEALPRO,IDEALPRO-1-3247,IDEALPRO-001,IDEALPRO-1-872830,EUR/USD.IDEALPRO-MLSignalStrategyV2-V2,SELL,MARKET,100000.00,1.16488,USD,2.33 USD,TAKER,15c794cd-13a0-4824-8bbe-76986d099496,2025-12-01 13:00:00+00:00,2025-12-01 13:00:00+00:00,{},False
O-20251201-130000-001-V2-3249,BACKTESTER-001,MLSignalStrategyV2-V2,EUR/USD.IDEALPRO,IDEALPRO-1-3249,IDEALPRO-001,IDEALPRO-1-872961,EUR/USD.IDEALPRO-MLSignalStrategyV2-V2,BUY,LIMIT,100000.00,1.16385,USD,2.33 USD,MAKER,8eecceaf-90dd-4789-bafd-84c8611e58ac,2025-12-01 14:05:00+00:00,2025-12-01 14:05:00+00:00,{},False
O-20251201-200000-001-V2-3250,BACKTESTER-001,MLSignalStrategyV2-V2,EUR/USD.IDEALPRO,IDEALPRO-1-3250,IDEALPRO-001,IDEALPRO-1-873672,EUR/USD.IDEALPRO-MLSignalStrategyV2-V2,BUY,MARKET,100000.00,1.16085,USD,2.32 USD,TAKER,d2dcf965-4eaf-46d1-90a0-d19aa95b3df8,2025-12-01 20:00:00+00:00,2025-12-01 20:00:00+00:00,{},False
O-20251201-200000-001-V2-3251,BACKTESTER-001,MLSignalStrategyV2-V2,EUR/USD.IDEALPRO,IDEALPRO-1-3251,IDEALPRO-001,IDEALPRO-1-874277,EUR/USD.IDEALPRO-MLSignalStrategyV2-V2,SELL,STOP_MARKET,100000.00,1.16037,USD,2.32 USD,TAKER,fe24a12a-8a58-4445-ae3b-3f0de379448d,2025-12-02 01:17:00+00:00,2025-12-02 01:17:00+00:00,{},False
O-20251202-211500-001-V2-3253,BACKTESTER-001,MLSignalStrategyV2-V2,EUR/USD.IDEALPRO,IDEALPRO-1-3253,IDEALPRO-001,IDEALPRO-1-876675,EUR/USD.IDEALPRO-MLSignalStrategyV2-V2,BUY,MARKET,100000.00,1.16226,USD,2.32 USD,TAKER,b3743f40-f55a-4867-ab71-d2bd76d67072,2025-12-02 21:15:00+00:00,2025-12-02 21:15:00+00:00,{},False
O-20251202-211500-001-V2-3255,BACKTESTER-001,MLSignalStrategyV2-V2,EUR/USD.IDEALPRO,IDEALPRO-1-3255,IDEALPRO-001,IDEALPRO-1-876983,EUR/USD.IDEALPRO-MLSignalStrategyV2-V2,SELL,LIMIT,100000.00,1.16297,USD,2.33 USD,MAKER,c575b919-ffa5-4af0-ac90-e4f5b03e97be,2025-12-03 00:04:00+00:00,2025-12-03 00:04:00+00:00,{},False
O-20251203-080000-001-V2-3256,BACKTESTER-001,MLSignalStrategyV2-V2,EUR/USD.IDEALPRO,IDEALPRO-1-3256,IDEALPRO-001,IDEALPRO-1-877937,EUR/USD.IDEALPRO-MLSignalStrategyV2-V2,SELL,MARKET,100000.00,1.16413,USD,2.33 USD,TAKER,26bc2e7c-0a57-4b20-af03-177df6a37b43,2025-12-03 08:00:00+00:00,2025-12-03 08:00:00+00:00,{},False
O-20251203-080000-001-V2-3257,BACKTESTER-001,MLSignalStrategyV2-V2,EUR/USD.IDEALPRO,IDEALPRO-1-3257,IDEALPRO-001,IDEALPRO-1-878053,EUR/USD.IDEALPRO-MLSignalStrategyV2-V2,BUY,STOP_MARKET,100000.00,1.16459,USD,2.33 USD,TAKER,866b45c3-4bb5-41d1-8059-9e408a3a88b3,2025-12-03 08:58:00+00:00,2025-12-03 08:58:00+00:00,{},False
O-20251204-004500-001-V2-3259,BACKTESTER-001,MLSignalStrategyV2-V2,EUR/USD.IDEALPRO,IDEALPRO-1-3259,IDEALPRO-001,IDEALPRO-1-879919,EUR/USD.IDEALPRO-MLSignalStrategyV2-V2,BUY,MARKET,100000.00,1.16638,USD,2.33 USD,TAKER,b375aa6e-bdba-466a-9b53-2a2407e211f6,2025-12-04 00:45:00+00:00,2025-12-04 00:45:00+00:00,{},False
O-20251204-004500-001-V2-3260,BACKTESTER-001,MLSignalStrategyV2-V2,EUR/USD.IDEALPRO,IDEALPRO-1-3260,IDEALPRO-001,IDEALPRO-1-879997,EUR/USD.IDEALPRO-MLSignalStrategyV2-V2,SELL,STOP_MARKET,100000.00,1.16596,USD,2.33 USD,TAKER,00d54b2f-1150-47f7-837a-47626b6573d5,2025-12-04 01:24:00+00:00,2025-12-04 01:24:00+00:00,{},False
O-20251204-013000-001-V2-3262,BACKTESTER-001,MLSignalStrategyV2-V2,EUR/USD.IDEALPRO,IDEALPRO-1-3262,IDEALPRO-001,IDEALPRO-1-880011,EUR/USD.IDEALPRO-MLSignalStrategyV2-V2,SELL,MARKET,100000.00,1.16607,USD,2.33 USD,TAKER,28fdd603-e47e-463d-a447-0ea7c76b641c,2025-12-04 01:30:00+00:00,2025-12-04 01:30:00+00:00,{},False
O-20251204-013000-001-V2-3264,BACKTESTER-001,MLSignalStrategyV2-V2,EUR/USD.IDEALPRO,IDEALPRO-1-3264,IDEALPRO-001,IDEALPRO-1-880267,EUR/USD.IDEALPRO-MLSignalStrategyV2-V2,BUY,LIMIT,100000.00,1.16534,USD,2.33 USD,MAKER,fb35c055-0f25-4ce1-be84-2f79a6de88c9,2025-12-04 03:38:00+00:00,2025-12-04 03:38:00+00:00,{},False
O-20251204-200000-001-V2-3265,BACKTESTER-001,MLSignalStrategyV2-V2,EUR/USD.IDEALPRO,IDEALPRO-1-3265,IDEALPRO-001,IDEALPRO-1-882232,EUR/USD.IDEALPRO-MLSignalStrategyV2-V2,SELL,MARKET,100000.00,1.16527,USD,2.33 USD,TAKER,48173393-3867-427d-a555-461ba73d1117,2025-12-04 20:00:00+00:00,2025-12-04 20:00:00+00:00,{},False
O-20251204-200000-001-V2-3267,BACKTESTER-001,MLSignalStrategyV2-V2,EUR/USD.IDEALPRO,IDEALPRO-1-3267,IDEALPRO-001,IDEALPRO-1-882303,EUR/USD.IDEALPRO-MLSignalStrategyV2-V2,BUY,LIMIT,100000.00,1.16464,USD,2.33 USD,MAKER,c6501d78-3c0d-436e-8dfe-e71cc37d0202,2025-12-04 20:35:00+00:00,2025-12-04 20:35:00+00:00,{},False
O-20251207-223000-001-V2-3268,BACKTESTER-001,MLSignalStrategyV2-V2,EUR/USD.IDEALPRO,IDEALPRO-1-3268,IDEALPRO-001,IDEALPRO-1-885354,EUR/USD.IDEALPRO-MLSignalStrategyV2-V2,BUY,MARKET,100000.00,1.16403,USD,2.33 USD,TAKER,cfc5a605-5573-4ca7-8b98-940e27ba2371,2025-12-07 22:30:00+00:00,2025-12-07 22:30:00+00:00,{},False
O-20251207-223000-001-V2-3270,BACKTESTER-001,MLSignalStrategyV2-V2,EUR/USD.IDEALPRO,IDEALPRO-1-3270,IDEALPRO-001,IDEALPRO-1-885405,EUR/USD.IDEALPRO-MLSignalStrategyV2-V2,SELL,LIMIT,100000.00,1.16461,USD,2.33 USD,MAKER,606b7693-417a-406d-a758-63c52f641217,2025-12-07 22:55:00+00:00,2025-12-07 22:55:00+00:00,{},False
O-20251207-230000-001-V2-3271,BACKTESTER-001,MLSignalStrategyV2-V2,EUR/USD.IDEALPRO,IDEALPRO-1-3271,IDEALPRO-001,IDEALPRO-1-885416,EUR/USD.IDEALPRO-MLSignalStrategyV2-V2,BUY,MARKET,100000.00,1.16462,USD,2.33 USD,TAKER,9a36cd09-58a1-4db0-8e52-3b1d72d90285,2025-12-07 23:00:00+00:00,2025-12-07 23:00:00+00:00,{},False
O-20251207-230000-001-V2-3272,BACKTESTER-001,MLSignalStrategyV2-V2,EUR/USD.IDEALPRO,IDEALPRO-1-3272,IDEALPRO-001,IDEALPRO-1-885423,EUR/USD.IDEALPRO-MLSignalStrategyV2-V2,SELL,STOP_MARKET,100000.00,1.16404,USD,2.33 USD,TAKER,349eaeea-02e6-47a4-bf32-f1d7567afd1e,2025-12-07 23:03:00+00:00,2025-12-07 23:03:00+00:00,{},False
O-20251207-231500-001-V2-3274,BACKTESTER-001,MLSignalStrategyV2-V2,EUR/USD.IDEALPRO,IDEALPRO-1-3274,IDEALPRO-001,IDEALPRO-1-885448,EUR/USD.IDEALPRO-MLSignalStrategyV2-V2,BUY,MARKET,100000.00,1.16427,USD,2.33 USD,TAKER,e2132424-b77f-4ead-9940-2038df266bb1,2025-12-07 23:15:00+00:00,2025-12-07 23:15:00+00:00,{},False
O-20251207-231500-001-V2-3276,BACKTESTER-001,MLSignalStrategyV2-V2,EUR/USD.IDEALPRO,IDEALPRO-1-3276,IDEALPRO-001,IDEALPRO-1-885613,EUR/USD.IDEALPRO-MLSignalStrategyV2-V2,SELL,LIMIT,100000.00,1.16486,USD,2.33 USD,MAKER,ba2041e2-f543-4c69-b252-602051e2da94,2025-12-08 00:37:00+00:00,2025-12-08 00:37:00+00:00,{},False
O-20251208-061500-001-V2-3277,BACKTESTER-001,MLSignalStrategyV2-V2,EUR/USD.IDEALPRO,IDEALPRO-1-3277,IDEALPRO-001,IDEALPRO-1-886291,EUR/USD.IDEALPRO-MLSignalStrategyV2-V2,SELL,MARKET,100000.00,1.16647,USD,2.33 USD,TAKER,05d1b473-3c98-4e4d-8271-706d7c8842b3,2025-12-08 06:15:00+00:00,2025-12-08 06:15:00+00:00,{},False
O-20251208-061500-001-V2-3279,BACKTESTER-001,MLSignalStrategyV2-V2,EUR/USD.IDEALPRO,IDEALPRO-1-3279,IDEALPRO-001,IDEALPRO-1-886473,EUR/USD.IDEALPRO-MLSignalStrategyV2-V2,BUY,LIMIT,100000.00,1.16580,USD,2.33 USD,MAKER,c151dc56-98ed-493b-a155-c489d68a908c,2025-12-08 07:46:00+00:00,2025-12-08 07:46:00+00:00,{},False
O-20251208-083000-001-V2-3280,BACKTESTER-001,MLSignalStrategyV2-V2,EUR/USD.IDEALPRO,IDEALPRO-1-3280,IDEALPRO-001,IDEALPRO-1-886562,EUR/USD.IDEALPRO-MLSignalStrategyV2-V2,SELL,MARKET,100000.00,1.16503,USD,2.33 USD,TAKER,ef61b620-776d-48d9-9ae6-10497383a2ec,2025-12-08 08:30:00+00:00,2025-12-08 08:30:00+00:00,{},False
O-20251208-083000-001-V2-3281,BACKTESTER-001,MLSignalStrategyV2-V2,EUR/USD.IDEALPRO,IDEALPRO-1-3281,IDEALPRO-001,IDEALPRO-1-886623,EUR/USD.IDEALPRO-MLSignalStrategyV2-V2,BUY,STOP_MARKET,100000.00,1.16567,USD,2.33 USD,TAKER,a3c16f36-baa2-46bf-bda4-7a8571772b5c,2025-12-08 09:00:00+00:00,2025-12-08 09:00:00+00:00,{},False
O-20251208-093000-001-V2-3283,BACKTESTER-001,MLSignalStrategyV2-V2,EUR/USD.IDEALPRO,IDEALPRO-1-3283,IDEALPRO-001,IDEALPRO-1-886684,EUR/USD.IDEALPRO-MLSignalStrategyV2-V2,SELL,MARKET,100000.00,1.16519,USD,2.33 USD,TAKER,a8d62cdf-0fa0-4056-8bd2-60364ffb2b56,2025-12-08 09:30:00+00:00,2025-12-08 09:30:00+00:00,{},False
O-20251208-093000-001-V2-3284,BACKTESTER-001,MLSignalStrategyV2-V2,EUR/USD.IDEALPRO,IDEALPRO-1-3284,IDEALPRO-001,IDEALPRO-1-887129,EUR/USD.IDEALPRO-MLSignalStrategyV2-V2,BUY,STOP_MARKET,100000.00,1.16575,USD,2.33 USD,TAKER,5591d8a2-850e-44df-b5c7-e500c6c6b7f1,2025-12-08 13:12:00+00:00,2025-12-08 13:12:00+00:00,{},False
O-20251208-131500-001-V2-3286,BACKTESTER-001,MLSignalStrategyV2-V2,EUR/USD.IDEALPRO,IDEALPRO-1-3286,IDEALPRO-001,IDEALPRO-1-887137,EUR/USD.IDEALPRO-MLSignalStrategyV2-V2,SELL,MARKET,100000.00,1.16551,USD,2.33 USD,TAKER,55aad47f-bad8-46d1-8145-ea36027df9eb,2025-12-08 13:15:00+00:00,2025-12-08 13:15:00+00:00,{},False
O-20251208-131500-001-V2-3288,BACKTESTER-001,MLSignalStrategyV2-V2,EUR/USD.IDEALPRO,IDEALPRO-1-3288,IDEALPRO-001,IDEALPRO-1-887177,EUR/USD.IDEALPRO-MLSignalStrategyV2-V2,BUY,LIMIT,100000.00,1.16476,USD,2.33 USD,MAKER,c3fd663e-aec4-4398-b9ca-a185c83c14c6,2025-12-08 13:35:00+00:00,2025-12-08 13:35:00+00:00,{},False
O-20251208-184500-001-V2-3289,BACKTESTER-001,MLSignalStrategyV2-V2,EUR/USD.IDEALPRO,IDEALPRO-1-3289,IDEALPRO-001,IDEALPRO-1-887798,EUR/USD.IDEALPRO-MLSignalStrategyV2-V2,BUY,MARKET,100000.00,1.16408,USD,2.33 USD,TAKER,202e2852-c963-4d24-a0d4-147765660abb,2025-12-08 18:45:00+00:00,2025-12-08 18:45:00+00:00,{},False
O-20251208-184500-001-V2-3291,BACKTESTER-001,MLSignalStrategyV2-V2,EUR/USD.IDEALPRO,IDEALPRO-1-3291,IDEALPRO-001,IDEALPRO-1-889119,EUR/USD.IDEALPRO-MLSignalStrategyV2-V2,SELL,LIMIT,100000.00,1.16506,USD,2.33 USD,MAKER,8a7d2a6f-5906-451b-a100-b7cc59298a18,2025-12-09 06:00:00+00:00,2025-12-09 06:00:00+00:00,{},False
O-20251209-103000-001-V2-3292,BACKTESTER-001,MLSignalStrategyV2-V2,EUR/USD.IDEALPRO,IDEALPRO-1-3292,IDEALPRO-001,IDEALPRO-1-889660,EUR/USD.IDEALPRO-MLSignalStrategyV2-V2,SELL,MARKET,100000.00,1.16447,USD,2.33 USD,TAKER,280f5f41-d741-472a-a889-863f0616a4ea,2025-12-09 10:30:00+00:00,2025-12-09 10:30:00+00:00,{},False
O-20251209-103000-001-V2-3294,BACKTESTER-001,MLSignalStrategyV2-V2,EUR/USD.IDEALPRO,IDEALPRO-1-3294,IDEALPRO-001,IDEALPRO-1-889857,EUR/USD.IDEALPRO-MLSignalStrategyV2-V2,BUY,LIMIT,100000.00,1.16349,USD,2.33 USD,MAKER,51b2c866-c7d3-4cc6-952f-013cf23b362e,2025-12-09 12:08:00+00:00,2025-12-09 12:08:00+00:00,{},False
O-20251209-174500-001-V2-3295,BACKTESTER-001,MLSignalStrategyV2-V2,EUR/USD.IDEALPRO,IDEALPRO-1-3295,IDEALPRO-001,IDEALPRO-1-890533,EUR/USD.IDEALPRO-MLSignalStrategyV2-V2,BUY,MARKET,100000.00,1.16253,USD,2.33 USD,TAKER,d23d1727-ad6b-4a34-ab36-b2c50e66fc91,2025-12-09 17:45:00+00:00,2025-12-09 17:45:00+00:00,{},False
O-20251209-174500-001-V2-3296,BACKTESTER-001,MLSignalStrategyV2-V2,EUR/USD.IDEALPRO,IDEALPRO-1-3296,IDEALPRO-001,IDEALPRO-1-890599,EUR/USD.IDEALPRO-MLSignalStrategyV2-V2,SELL,STOP_MARKET,100000.00,1.16177,USD,2.32 USD,TAKER,c5f9abbe-f443-45ce-a320-15dab3d19429,2025-12-09 18:18:00+00:00,2025-12-09 18:18:00+00:00,{},False
O-20251209-184500-001-V2-3298,BACKTESTER-001,MLSignalStrategyV2-V2,EUR/USD.IDEALPRO,IDEALPRO-1-3298,IDEALPRO-001,IDEALPRO-1-890654,EUR/USD.IDEALPRO-MLSignalStrategyV2-V2,BUY,MARKET,100000.00,1.16221,USD,2.32 USD,TAKER,63c03a5d-363d-4a26-b096-f99860e1ab3a,2025-12-09 18:45:00+00:00,2025-12-09 18:45:00+00:00,{},False
O-20251209-184500-001-V2-3300,BACKTESTER-001,MLSignalStrategyV2-V2,EUR/USD.IDEALPRO,IDEALPRO-1-3300,IDEALPRO-001,IDEALPRO-1-890823,EUR/USD.IDEALPRO-MLSignalStrategyV2-V2,SELL,LIMIT,100000.00,1.16316,USD,2.33 USD,MAKER,b74bd7b8-f910-4e4f-92be-74b022053435,2025-12-09 20:09:00+00:00,2025-12-09 20:09:00+00:00,{},False
O-20251209-210000-001-V2-3301,BACKTESTER-001,MLSignalStrategyV2-V2,EUR/USD.IDEALPRO,IDEALPRO-1-3301,IDEALPRO-001,IDEALPRO-1-890926,EUR/USD.IDEALPRO-MLSignalStrategyV2-V2,BUY,MARKET,100000.00,1.16268,USD,2.33 USD,TAKER,6543756c-a715-4f26-b9ce-ea82a2797d13,2025-12-09 21:00:00+00:00,2025-12-09 21:00:00+00:00,{},False
O-20251209-210000-001-V2-3302,BACKTESTER-001,MLSignalStrategyV2-V2,EUR/USD.IDEALPRO,IDEALPRO-1-3302,IDEALPRO-001,IDEALPRO-1-891829,EUR/USD.IDEALPRO-MLSignalStrategyV2-V2,SELL,STOP_MARKET,100000.00,1.16224,USD,2.32 USD,TAKER,86c5d094-2f0f-4b2b-8774-aff73fd83c9d,2025-12-10 01:31:00+00:00,2025-12-10 01:31:00+00:00,{},False
O-20251211-000000-001-V2-3304,BACKTESTER-001,MLSignalStrategyV2-V2,EUR/USD.IDEALPRO,IDEALPRO-1-3304,IDEALPRO-001,IDEALPRO-1-895127,EUR/USD.IDEALPRO-MLSignalStrategyV2-V2,BUY,MARKET,100000.00,1.17017,USD,2.34 USD,TAKER,40191b39-efd0-4e28-a083-fe22e828a89f,2025-12-11 00:00:00+00:00,2025-12-11 00:00:00+00:00,{},False
O-20251211-000000-001-V2-3305,BACKTESTER-001,MLSignalStrategyV2-V2,EUR/USD.IDEALPRO,IDEALPRO-1-3305,IDEALPRO-001,IDEALPRO-1-895251,EUR/USD.IDEALPRO-MLSignalStrategyV2-V2,SELL,STOP_MARKET,100000.00,1.16971,USD,2.34 USD,TAKER,669f8ad2-42cd-4900-ad0a-39362bf99ea0,2025-12-11 00:31:00+00:00,2025-12-11 00:31:00+00:00,{},False
O-20251211-144500-001-V2-3307,BACKTESTER-001,MLSignalStrategyV2-V2,EUR/USD.IDEALPRO,IDEALPRO-1-3307,IDEALPRO-001,IDEALPRO-1-897500,EUR/USD.IDEALPRO-MLSignalStrategyV2-V2,SELL,MARKET,100000.00,1.17435,USD,2.35 USD,TAKER,d928cc7d-8129-4049-ae88-cb3e8b130fe9,2025-12-11 14:45:00+00:00,2025-12-11 14:45:00+00:00,{},False
O-20251211-144500-001-V2-3309,BACKTESTER-001,MLSignalStrategyV2-V2,EUR/USD.IDEALPRO,IDEALPRO-1-3309,IDEALPRO-001,IDEALPRO-1-897539,EUR/USD.IDEALPRO-MLSignalStrategyV2-V2,BUY,LIMIT,100000.00,1.17319,USD,2.35 USD,MAKER,0280bfce-1370-439b-aaf1-91990264ce8b,2025-12-11 15:04:00+00:00,2025-12-11 15:04:00+00:00,{},False
O-20251211-163000-001-V2-3310,BACKTESTER-001,MLSignalStrategyV2-V2,EUR/USD.IDEALPRO,IDEALPRO-1-3310,IDEALPRO-001,IDEALPRO-1-897713,EUR/USD.IDEALPRO-MLSignalStrategyV2-V2,SELL,MARKET,100000.00,1.17469,USD,2.35 USD,TAKER,0c52cac6-d0a8-4949-b2a6-c377228b1cb1,2025-12-11 16:30:00+00:00,2025-12-11 16:30:00+00:00,{},False
O-20251211-163000-001-V2-3311,BACKTESTER-001,MLSignalStrategyV2-V2,EUR/USD.IDEALPRO,IDEALPRO-1-3311,IDEALPRO-001,IDEALPRO-1-897751,EUR/USD.IDEALPRO-MLSignalStrategyV2-V2,BUY,STOP_MARKET,100000.00,1.17561,USD,2.35 USD,TAKER,0838b9db-bcf0-4099-b8b9-23edee514064,2025-12-11 16:49:00+00:00,2025-12-11 16:49:00+00:00,{},False
O-20251212-214500-001-V2-3313,BACKTESTER-001,MLSignalStrategyV2-V2,EUR/USD.IDEALPRO,IDEALPRO-1-3313,IDEALPRO-001,IDEALPRO-1-902005,EUR/USD.IDEALPRO-MLSignalStrategyV2-V2,BUY,MARKET,100000.00,1.17417,USD,2.35 USD,TAKER,2845cb2c-15dd-4847-8823-6eb7510cfb1d,2025-12-12 21:45:00+00:00,2025-12-12 21:45:00+00:00,{},False
O-20251212-214500-001-V2-3314,BACKTESTER-001,MLSignalStrategyV2-V2,EUR/USD.IDEALPRO,IDEALPRO-1-3314,IDEALPRO-001,IDEALPRO-1-902037,EUR/USD.IDEALPRO-MLSignalStrategyV2-V2,SELL,STOP_MARKET,100000.00,1.17364,USD,2.35 USD,TAKER,dd9b3d8b-a8dd-4c44-800b-32d81049c401,2025-12-14 22:16:00+00:00,2025-12-14 22:16:00+00:00,{},False
O-20251214-223000-001-V2-3316,BACKTESTER-001,MLSignalStrategyV2-V2,EUR/USD.IDEALPRO,IDEALPRO-1-3316,IDEALPRO-001,IDEALPRO-1-902066,EUR/USD.IDEALPRO-MLSignalStrategyV2-V2,BUY,MARKET,100000.00,1.17369,USD,2.35 USD,TAKER,f864c92f-ba8a-4d6f-a77a-b5e9edeab78d,2025-12-14 22:30:00+00:00,2025-12-14 22:30:00+00:00,{},False
O-20251214-223000-001-V2-3317,BACKTESTER-001,MLSignalStrategyV2-V2,EUR/USD.IDEALPRO,IDEALPRO-1-3317,IDEALPRO-001,IDEALPRO-1-902269,EUR/USD.IDEALPRO-MLSignalStrategyV2-V2,SELL,STOP_MARKET,100000.00,1.17321,USD,2.35 USD,TAKER,ef769a60-1edc-4e8d-ab84-d566ce50518c,2025-12-15 00:11:00+00:00,2025-12-15 00:11:00+00:00,{},False
O-20251215-234500-001-V2-3319,BACKTESTER-001,MLSignalStrategyV2-V2,EUR/USD.IDEALPRO,IDEALPRO-1-3319,IDEALPRO-001,IDEALPRO-1-903028,EUR/USD.IDEALPRO-MLSignalStrategyV2-V2,SELL,MARKET,100000.00,1.17540,USD,2.35 USD,TAKER,4315ae93-d460-4a1c-ba29-9e83712c1ec8,2025-12-15 23:45:00+00:00,2025-12-15 23:45:00+00:00,{},False
O-20251215-234500-001-V2-3320,BACKTESTER-001,MLSignalStrategyV2-V2,EUR/USD.IDEALPRO,IDEALPRO-1-3320,IDEALPRO-001,IDEALPRO-1-903077,EUR/USD.IDEALPRO-MLSignalStrategyV2-V2,BUY,STOP_MARKET,100000.00,1.17578,USD,2.35 USD,TAKER,a76d9a20-ab7e-4805-9dd3-d3397a2a7e22,2025-12-16 00:09:00+00:00,2025-12-16 00:09:00+00:00,{},False
O-20251216-020000-001-V2-3322,BACKTESTER-001,MLSignalStrategyV2-V2,EUR/USD.IDEALPRO,IDEALPRO-1-3322,IDEALPRO-001,IDEALPRO-1-903300,EUR/USD.IDEALPRO-MLSignalStrategyV2-V2,BUY,MARKET,100000.00,1.17520,USD,2.35 USD,TAKER,ad1a7ce3-2328-4f5c-becf-ff854e6162c8,2025-12-16 02:00:00+00:00,2025-12-16 02:00:00+00:00,{},False
O-20251216-020000-001-V2-3324,BACKTESTER-001,MLSignalStrategyV2-V2,EUR/USD.IDEALPRO,IDEALPRO-1-3324,IDEALPRO-001,IDEALPRO-1-903429,EUR/USD.IDEALPRO-MLSignalStrategyV2-V2,SELL,LIMIT,100000.00,1.17591,USD,2.35 USD,MAKER,369473c3-9116-4d86-b70b-1bc1d81e1fc0,2025-12-16 03:04:00+00:00,2025-12-16 03:04:00+00:00,{},False
O-20251216-134500-001-V2-3325,BACKTESTER-001,MLSignalStrategyV2-V2,EUR/USD.IDEALPRO,IDEALPRO-1-3325,IDEALPRO-001,IDEALPRO-1-904712,EUR/USD.IDEALPRO-MLSignalStrategyV2-V2,SELL,MARKET,100000.00,1.17636,USD,2.35 USD,TAKER,ba556836-39cd-4632-b9fa-40d6516bb9e8,2025-12-16 13:45:00+00:00,2025-12-16 13:45:00+00:00,{},False
O-20251216-134500-001-V2-3326,BACKTESTER-001,MLSignalStrategyV2-V2,EUR/USD.IDEALPRO,IDEALPRO-1-3326,IDEALPRO-001,IDEALPRO-1-904737,EUR/USD.IDEALPRO-MLSignalStrategyV2-V2,BUY,STOP_MARKET,100000.00,1.17727,USD,2.35 USD,TAKER,57afa6b5-a807-4458-8cc5-03534d57a7c6,2025-12-16 13:57:00+00:00,2025-12-16 13:57:00+00:00,{},False
O-20251216-173000-001-V2-3328,BACKTESTER-001,MLSignalStrategyV2-V2,EUR/USD.IDEALPRO,IDEALPRO-1-3328,IDEALPRO-001,IDEALPRO-1-905164,EUR/USD.IDEALPRO-MLSignalStrategyV2-V2,SELL,MARKET,100000.00,1.17736,USD,2.35 USD,TAKER,4bc68f90-cb06-4b93-ab88-8fa7fcea6a5f,2025-12-16 17:30:00+00:00,2025-12-16 17:30:00+00:00,{},False
O-20251216-173000-001-V2-3330,BACKTESTER-001,MLSignalStrategyV2-V2,EUR/USD.IDEALPRO,IDEALPRO-1-3330,IDEALPRO-001,IDEALPRO-1-905233,EUR/USD.IDEALPRO-MLSignalStrategyV2-V2,BUY,LIMIT,100000.00,1.17569,USD,2.35 USD,MAKER,33885e6a-9bad-47c0-87f1-cbf802535926,2025-12-16 18:04:00+00:00,2025-12-16 18:04:00+00:00,{},False
O-20251216-210000-001-V2-3331,BACKTESTER-001,MLSignalStrategyV2-V2,EUR/USD.IDEALPRO,IDEALPRO-1-3331,IDEALPRO-001,IDEALPRO-1-905586,EUR/USD.IDEALPRO-MLSignalStrategyV2-V2,BUY,MARKET,100000.00,1.17477,USD,2.35 USD,TAKER,09fd6dcf-a2e8-4cc4-b755-aa5a16c544bd,2025-12-16 21:00:00+00:00,2025-12-16 21:00:00+00:00,{},False
