{
  "pnls": {
    "PnL (total)": -15875.27,
    "PnL% (total)": -15.875270000000006,
    "Max Winner": 764.67,
    "Avg Winner": 743.216,
    "Min Winner": 629.58,
    "Min Loser": -344.19,
    "Avg Loser": -356.57950000000005,
    "Max Loser": -380.41,
    "Expectancy": -64.79702040816328,
    "Win Rate": 0.2653061224489796
  },
  "general": {
    "Long Ratio": 0.5,
    "Total trades": 245,
    "Sharpe ratio": -0.124,
    "Profit factor": 0.0,
    "Max drawdown": 0.0
  },
  "rejected_signals_count": 141227
}