{
  "pnls": {
    "PnL (total)": 8274.78,
    "PnL% (total)": 8.274779999999998,
    "Max Winner": 494.89,
    "Avg Winner": 481.39294117647063,
    "Min Winner": 45.38,
    "Min Loser": -33.16,
    "Avg Loser": -323.7032,
    "Max Loser": -356.69,
    "Expectancy": 140.25050847457635,
    "Win Rate": 0.576271186440678
  },
  "general": {
    "Long Ratio": "0.49",
    "Total trades": 0,
    "Sharpe ratio": 0.0,
    "Profit factor": 0.0,
    "Max drawdown": 0.0
  },
  "rejected_signals_count": 330
}