{
  "pnls": {
    "PnL (total)": -4444.26,
    "PnL% (total)": -4.444259999999995,
    "Max Winner": 795.36,
    "Avg Winner": 745.9551388888889,
    "Min Winner": 743.4,
    "Min Loser": -234.55,
    "Avg Loser": -256.1807488986782,
    "Max Loser": -267.64,
    "Expectancy": -14.863745819397817,
    "Win Rate": 0.2408026755852843
  },
  "general": {
    "Long Ratio": 0.5,
    "Total trades": 299,
    "Sharpe ratio": -0.024,
    "Profit factor": 0.0,
    "Max drawdown": 0.0
  },
  "rejected_signals_count": 143606
}