{
  "pnls": {
    "PnL (total)": 2009.35,
    "PnL% (total)": 2.0093500000000057,
    "Max Winner": 494.89,
    "Avg Winner": 494.64750000000004,
    "Min Winner": 494.35,
    "Min Loser": -36.72,
    "Avg Loser": -246.55475,
    "Max Loser": -256.71,
    "Expectancy": 31.396093750000006,
    "Win Rate": 0.375
  },
  "general": {
    "Long Ratio": "0.48",
    "Total trades": 0,
    "Sharpe ratio": 0.0,
    "Profit factor": 0.0,
    "Max drawdown": 0.0
  },
  "rejected_signals_count": 307
}