{
  "pnls": {
    "PnL (total)": 10692.85,
    "PnL% (total)": 10.692850000000005,
    "Max Winner": 494.89,
    "Avg Winner": 481.4613513513514,
    "Min Winner": 8.38,
    "Min Loser": -30.54,
    "Avg Loser": -323.6918181818182,
    "Max Loser": -356.69,
    "Expectancy": 181.23474576271192,
    "Win Rate": 0.6271186440677966
  },
  "general": {
    "Long Ratio": "0.49",
    "Total trades": 0,
    "Sharpe ratio": 0.0,
    "Profit factor": 0.0,
    "Max drawdown": 0.0
  },
  "rejected_signals_count": 215
}