{
  "pnls": {
    "PnL (total)": 10135.81,
    "PnL% (total)": 10.135809999999998,
    "Max Winner": 494.89,
    "Avg Winner": 470.8548648648649,
    "Min Winner": 8.38,
    "Min Loser": -101.19,
    "Avg Loser": -331.1736363636364,
    "Max Loser": -356.69,
    "Expectancy": 171.7933898305085,
    "Win Rate": 0.6271186440677966
  },
  "general": {
    "Long Ratio": "0.51",
    "Total trades": 0,
    "Sharpe ratio": 0.0,
    "Profit factor": 0.0,
    "Max drawdown": 0.0
  },
  "rejected_signals_count": 224
}