{
  "pnls": {
    "PnL (total)": -5705.55,
    "PnL% (total)": -5.705550000000003,
    "Max Winner": 543.59,
    "Avg Winner": 495.0348529411767,
    "Min Winner": 485.51,
    "Min Loser": -13.64,
    "Avg Loser": -255.35066433566436,
    "Max Loser": -270.64,
    "Expectancy": -13.520260663507042,
    "Win Rate": 0.3222748815165877
  },
  "general": {
    "Long Ratio": 0.5,
    "Total trades": 422,
    "Sharpe ratio": -0.027,
    "Profit factor": 0.0,
    "Max drawdown": 0.0
  },
  "rejected_signals_count": 141072
}