{
  "pnls": {
    "PnL (total)": 8578.76,
    "PnL% (total)": 8.578759999999996,
    "Max Winner": 494.89,
    "Avg Winner": 468.5854285714286,
    "Min Winner": 8.38,
    "Min Loser": -55.16,
    "Avg Loser": -325.90541666666667,
    "Max Loser": -356.71,
    "Expectancy": 145.40271186440677,
    "Win Rate": 0.5932203389830508
  },
  "general": {
    "Long Ratio": "0.51",
    "Total trades": 0,
    "Sharpe ratio": 0.0,
    "Profit factor": 0.0,
    "Max drawdown": 0.0
  },
  "rejected_signals_count": 286
}