{
  "pnls": {
    "PnL (total)": 8049.42,
    "PnL% (total)": 8.04942,
    "Max Winner": 494.89,
    "Avg Winner": 494.6,
    "Min Winner": 494.31,
    "Min Loser": -95.2,
    "Avg Loser": -330.89520000000005,
    "Max Loser": -356.69,
    "Expectancy": 138.78310344827588,
    "Win Rate": 0.5689655172413793
  },
  "general": {
    "Long Ratio": "0.50",
    "Total trades": 0,
    "Sharpe ratio": 0.0,
    "Profit factor": 0.0,
    "Max drawdown": 0.0
  },
  "rejected_signals_count": 339
}