{
  "pnls": {
    "PnL (total)": 8236.41,
    "PnL% (total)": 8.236410000000003,
    "Max Winner": 494.89,
    "Avg Winner": 494.599696969697,
    "Min Winner": 494.31,
    "Min Loser": -26.16,
    "Avg Loser": -323.41519999999997,
    "Max Loser": -356.69,
    "Expectancy": 142.0070689655173,
    "Win Rate": 0.5689655172413793
  },
  "general": {
    "Long Ratio": "0.50",
    "Total trades": 0,
    "Sharpe ratio": 0.0,
    "Profit factor": 0.0,
    "Max drawdown": 0.0
  },
  "rejected_signals_count": 274
}