{
  "pnls": {
    "PnL (total)": 7635.4,
    "PnL% (total)": 7.6353999999999935,
    "Max Winner": 494.89,
    "Avg Winner": 494.59625000000005,
    "Min Winner": 494.31,
    "Min Loser": -44.54,
    "Avg Loser": -315.06461538461537,
    "Max Loser": -356.69,
    "Expectancy": 131.64482758620693,
    "Win Rate": 0.5517241379310345
  },
  "general": {
    "Long Ratio": "0.52",
    "Total trades": 0,
    "Sharpe ratio": 0.0,
    "Profit factor": 0.0,
    "Max drawdown": 0.0
  },
  "rejected_signals_count": 258
}