{
  "pnls": {
    "PnL (total)": 9091.78,
    "PnL% (total)": 9.09178,
    "Max Winner": 494.89,
    "Avg Winner": 469.31055555555554,
    "Min Winner": 8.38,
    "Min Loser": -101.19,
    "Avg Loser": -339.27826086956526,
    "Max Loser": -356.69,
    "Expectancy": 154.09796610169494,
    "Win Rate": 0.6101694915254238
  },
  "general": {
    "Long Ratio": "0.49",
    "Total trades": 0,
    "Sharpe ratio": 0.0,
    "Profit factor": 0.0,
    "Max drawdown": 0.0
  },
  "rejected_signals_count": 249
}