{
  "pnls": {
    "PnL (total)": 7198.41,
    "PnL% (total)": 7.1984100000000035,
    "Max Winner": 494.89,
    "Avg Winner": 494.609375,
    "Min Winner": 494.31,
    "Min Loser": -95.2,
    "Avg Loser": -331.88807692307694,
    "Max Loser": -356.71,
    "Expectancy": 124.11051724137928,
    "Win Rate": 0.5517241379310345
  },
  "general": {
    "Long Ratio": "0.50",
    "Total trades": 0,
    "Sharpe ratio": 0.0,
    "Profit factor": 0.0,
    "Max drawdown": 0.0
  },
  "rejected_signals_count": 331
}