{
  "pnls": {
    "PnL (total)": -16420.23,
    "PnL% (total)": -16.420229999999997,
    "Max Winner": 789.46,
    "Avg Winner": 745.5798484848483,
    "Min Winner": 738.49,
    "Min Loser": -350.65,
    "Avg Loser": -356.6766304347826,
    "Max Loser": -367.64,
    "Expectancy": -65.68092000000004,
    "Win Rate": 0.264
  },
  "general": {
    "Long Ratio": 0.5,
    "Total trades": 250,
    "Sharpe ratio": -0.124,
    "Profit factor": 0.0,
    "Max drawdown": 0.0
  },
  "rejected_signals_count": 143983
}