{
  "pnls": {
    "PnL (total)": -2442.01,
    "PnL% (total)": -2.442009999999995,
    "Max Winner": 564.59,
    "Avg Winner": 495.78162162162187,
    "Min Winner": 478.47,
    "Min Loser": -305.55,
    "Avg Loser": -355.7259090909092,
    "Max Loser": -394.69,
    "Expectancy": -13.271793478260856,
    "Win Rate": 0.40217391304347827
  },
  "general": {
    "Long Ratio": 0.5,
    "Total trades": 184,
    "Sharpe ratio": -0.02,
    "Profit factor": 0.0,
    "Max drawdown": 0.0
  },
  "rejected_signals_count": 11053
}