{
  "pnls": {
    "PnL (total)": -10654.27,
    "PnL% (total)": -10.654270000000004,
    "Max Winner": 512.73,
    "Avg Winner": 494.77505882352955,
    "Min Winner": 466.4,
    "Min Loser": -18.64,
    "Avg Loser": -254.63840579710148,
    "Max Loser": -293.33,
    "Expectancy": -36.48722602739727,
    "Win Rate": 0.2910958904109589
  },
  "general": {
    "Long Ratio": 0.5,
    "Total trades": 292,
    "Sharpe ratio": -0.092,
    "Profit factor": 0.0,
    "Max drawdown": 0.0
  },
  "rejected_signals_count": 17523
}