{
  "pnls": {
    "PnL (total)": 7344.8,
    "PnL% (total)": 7.344800000000003,
    "Max Winner": 494.89,
    "Avg Winner": 466.5061764705883,
    "Min Winner": 8.38,
    "Min Loser": -101.19,
    "Avg Loser": -340.6564,
    "Max Loser": -356.71,
    "Expectancy": 124.48813559322039,
    "Win Rate": 0.576271186440678
  },
  "general": {
    "Long Ratio": "0.49",
    "Total trades": 0,
    "Sharpe ratio": 0.0,
    "Profit factor": 0.0,
    "Max drawdown": 0.0
  },
  "rejected_signals_count": 249
}