{
  "pnls": {
    "PnL (total)": 8337.38,
    "PnL% (total)": 8.337380000000005,
    "Max Winner": 494.89,
    "Avg Winner": 494.60484848484845,
    "Min Winner": 494.31,
    "Min Loser": -26.16,
    "Avg Loser": -319.3832,
    "Max Loser": -356.69,
    "Expectancy": 143.74793103448278,
    "Win Rate": 0.5689655172413793
  },
  "general": {
    "Long Ratio": "0.50",
    "Total trades": 0,
    "Sharpe ratio": 0.0,
    "Profit factor": 0.0,
    "Max drawdown": 0.0
  },
  "rejected_signals_count": 283
}