{
  "pnls": {
    "PnL (total)": -3580.48,
    "PnL% (total)": -3.5804799999999957,
    "Max Winner": 606.86,
    "Avg Winner": 500.24033333333335,
    "Min Winner": 7.46,
    "Min Loser": 0.0,
    "Avg Loser": -204.26032967032967,
    "Max Loser": -255.72,
    "Expectancy": -29.590743801652863,
    "Win Rate": 0.24793388429752067
  },
  "general": {
    "Long Ratio": "0.50"
  },
  "rejected_signals_count": 877
}