{
  "pnls": {
    "PnL (total)": 8882.79,
    "PnL% (total)": 8.882789999999993,
    "Max Winner": 494.89,
    "Avg Winner": 494.14411764705886,
    "Min Winner": 479.89,
    "Min Loser": -39.62,
    "Avg Loser": -316.7244,
    "Max Loser": -396.69,
    "Expectancy": 150.55576271186445,
    "Win Rate": 0.576271186440678
  },
  "general": {
    "Long Ratio": "0.49",
    "Total trades": 0,
    "Sharpe ratio": 0.0,
    "Profit factor": 0.0,
    "Max drawdown": 0.0
  },
  "rejected_signals_count": 258
}