{
  "pnls": {
    "PnL (total)": 6690.73,
    "PnL% (total)": 6.690729999999996,
    "Max Winner": 494.89,
    "Avg Winner": 479.41031250000003,
    "Min Winner": 8.38,
    "Min Loser": -33.16,
    "Avg Loser": -320.38518518518515,
    "Max Loser": -356.71,
    "Expectancy": 113.40220338983056,
    "Win Rate": 0.5423728813559322
  },
  "general": {
    "Long Ratio": "0.51",
    "Total trades": 0,
    "Sharpe ratio": 0.0,
    "Profit factor": 0.0,
    "Max drawdown": 0.0
  },
  "rejected_signals_count": 276
}