{
  "pnls": {
    "PnL (total)": 1490.75,
    "PnL% (total)": 1.49075,
    "Max Winner": 299.35,
    "Avg Winner": 294.6009677419355,
    "Min Winner": 294.29,
    "Min Loser": -81.7,
    "Avg Loser": -106.1372222222222,
    "Max Loser": -109.64,
    "Expectancy": 14.473300970873789,
    "Win Rate": 0.30097087378640774
  },
  "general": {
    "Long Ratio": 0.5
  },
  "rejected_signals_count": 607
}