{
  "pnls": {
    "PnL (total)": 8263.53,
    "PnL% (total)": 8.26353,
    "Max Winner": 494.89,
    "Avg Winner": 494.178,
    "Min Winner": 479.89,
    "Min Loser": -39.62,
    "Avg Loser": -311.4724137931035,
    "Max Loser": -346.69,
    "Expectancy": 129.11765624999998,
    "Win Rate": 0.546875
  },
  "general": {
    "Long Ratio": "0.50",
    "Total trades": 0,
    "Sharpe ratio": 0.0,
    "Profit factor": 0.0,
    "Max drawdown": 0.0
  },
  "rejected_signals_count": 253
}