{
  "pnls": {
    "PnL (total)": -3582.6,
    "PnL% (total)": -3.582600000000006,
    "Max Winner": 544.51,
    "Avg Winner": 506.6646666666667,
    "Min Winner": 495.35,
    "Min Loser": 0.0,
    "Avg Loser": -215.04942307692306,
    "Max Loser": -255.72,
    "Expectancy": -53.471641791044775,
    "Win Rate": 0.22388059701492538
  },
  "general": {
    "Long Ratio": "0.49",
    "Total trades": 0,
    "Sharpe ratio": 0.0,
    "Profit factor": 0.0,
    "Max drawdown": 0.0
  },
  "rejected_signals_count": 587
}