{
  "pnls": {
    "PnL (total)": 7497.83,
    "PnL% (total)": 7.497830000000001,
    "Max Winner": 494.89,
    "Avg Winner": 494.594375,
    "Min Winner": 494.31,
    "Min Loser": -95.2,
    "Avg Loser": -347.04958333333326,
    "Max Loser": -366.69,
    "Expectancy": 133.88982142857142,
    "Win Rate": 0.5714285714285714
  },
  "general": {
    "Long Ratio": "0.50",
    "Total trades": 0,
    "Sharpe ratio": 0.0,
    "Profit factor": 0.0,
    "Max drawdown": 0.0
  },
  "rejected_signals_count": 257
}