{
  "pnls": {
    "PnL (total)": 343.25,
    "PnL% (total)": 0.34325,
    "Max Winner": 508.37,
    "Avg Winner": 148.9735714285714,
    "Min Winner": 2.34,
    "Min Loser": -15.7,
    "Avg Loser": -72.59916666666666,
    "Max Loser": -206.68,
    "Expectancy": 9.032894736842103,
    "Win Rate": 0.3684210526315789
  },
  "general": {
    "Long Ratio": "0.55"
  },
  "rejected_signals_count": 1642
}