{
  "pnls": {
    "PnL (total)": -378.76,
    "PnL% (total)": -0.37875999999999477,
    "Max Winner": 494.83,
    "Avg Winner": 494.46999999999997,
    "Min Winner": 494.31,
    "Min Loser": -356.12,
    "Avg Loser": -356.38875,
    "Max Loser": -356.66,
    "Expectancy": -29.135384615384638,
    "Win Rate": 0.38461538461538464
  },
  "general": {
    "Long Ratio": 0.46,
    "Total trades": 13,
    "Sharpe ratio": -0.072,
    "Profit factor": 0.0,
    "Max drawdown": 0.0
  },
  "rejected_signals_count": 196
}