{
  "pnls": {
    "PnL (total)": 9916.41,
    "PnL% (total)": 9.916410000000003,
    "Max Winner": 494.89,
    "Avg Winner": 494.6077142857143,
    "Min Winner": 494.31,
    "Min Loser": -48.16,
    "Avg Loser": -321.51565217391305,
    "Max Loser": -356.69,
    "Expectancy": 170.97258620689652,
    "Win Rate": 0.603448275862069
  },
  "general": {
    "Long Ratio": "0.50",
    "Total trades": 0,
    "Sharpe ratio": 0.0,
    "Profit factor": 0.0,
    "Max drawdown": 0.0
  },
  "rejected_signals_count": 285
}