{
  "pnls": {
    "PnL (total)": 9828.81,
    "PnL% (total)": 9.828809999999997,
    "Max Winner": 494.89,
    "Avg Winner": 481.0994444444445,
    "Min Winner": 8.38,
    "Min Loser": -43.54,
    "Avg Loser": -325.68565217391307,
    "Max Loser": -356.69,
    "Expectancy": 166.59000000000003,
    "Win Rate": 0.6101694915254238
  },
  "general": {
    "Long Ratio": "0.49",
    "Total trades": 0,
    "Sharpe ratio": 0.0,
    "Profit factor": 0.0,
    "Max drawdown": 0.0
  },
  "rejected_signals_count": 218
}