{
  "pnls": {
    "PnL (total)": 6085.97,
    "PnL% (total)": 6.0859700000000005,
    "Max Winner": 744.88,
    "Avg Winner": 736.9358695652173,
    "Min Winner": 394.35,
    "Min Loser": -356.13,
    "Avg Loser": -356.57794871794846,
    "Max Loser": -356.75,
    "Expectancy": 49.08040322580659,
    "Win Rate": 0.3709677419354839
  },
  "general": {
    "Long Ratio": 0.5,
    "Total trades": 124,
    "Sharpe ratio": 0.114,
    "Profit factor": 0.0,
    "Max drawdown": 0.0
  },
  "rejected_signals_count": 7442
}