{
  "pnls": {
    "PnL (total)": 6355.74,
    "PnL% (total)": 6.355740000000005,
    "Max Winner": 494.89,
    "Avg Winner": 479.4175,
    "Min Winner": 8.38,
    "Min Loser": -95.2,
    "Avg Loser": -332.8007407407407,
    "Max Loser": -356.71,
    "Expectancy": 107.72440677966102,
    "Win Rate": 0.5423728813559322
  },
  "general": {
    "Long Ratio": "0.49",
    "Total trades": 0,
    "Sharpe ratio": 0.0,
    "Profit factor": 0.0,
    "Max drawdown": 0.0
  },
  "rejected_signals_count": 307
}