{
  "pnls": {
    "PnL (total)": 10028.27,
    "PnL% (total)": 10.028270000000004,
    "Max Winner": 494.89,
    "Avg Winner": 468.58675675675676,
    "Min Winner": 8.38,
    "Min Loser": -30.54,
    "Avg Loser": -317.8017391304348,
    "Max Loser": -356.69,
    "Expectancy": 167.13783333333336,
    "Win Rate": 0.6166666666666667
  },
  "general": {
    "Long Ratio": "0.48",
    "Total trades": 0,
    "Sharpe ratio": 0.0,
    "Profit factor": 0.0,
    "Max drawdown": 0.0
  },
  "rejected_signals_count": 258
}