{
  "pnls": {
    "PnL (total)": 7166.38,
    "PnL% (total)": 7.166380000000004,
    "Max Winner": 494.89,
    "Avg Winner": 494.62906250000003,
    "Min Winner": 494.31,
    "Min Loser": -122.54,
    "Avg Loser": -333.1442307692308,
    "Max Loser": -356.71,
    "Expectancy": 123.55827586206897,
    "Win Rate": 0.5517241379310345
  },
  "general": {
    "Long Ratio": "0.50",
    "Total trades": 0,
    "Sharpe ratio": 0.0,
    "Profit factor": 0.0,
    "Max drawdown": 0.0
  },
  "rejected_signals_count": 297
}