{
  "pnls": {
    "PnL (total)": 8204.4,
    "PnL% (total)": 8.204399999999994,
    "Max Winner": 494.89,
    "Avg Winner": 494.60484848484845,
    "Min Winner": 494.31,
    "Min Loser": -26.16,
    "Avg Loser": -324.70239999999995,
    "Max Loser": -356.69,
    "Expectancy": 141.45517241379315,
    "Win Rate": 0.5689655172413793
  },
  "general": {
    "Long Ratio": "0.50",
    "Total trades": 0,
    "Sharpe ratio": 0.0,
    "Profit factor": 0.0,
    "Max drawdown": 0.0
  },
  "rejected_signals_count": 299
}