{
  "pnls": {
    "PnL (total)": 7968.44,
    "PnL% (total)": 7.968440000000003,
    "Max Winner": 494.89,
    "Avg Winner": 494.59636363636366,
    "Min Winner": 494.31,
    "Min Loser": -127.19,
    "Avg Loser": -334.1296,
    "Max Loser": -356.69,
    "Expectancy": 137.3868965517242,
    "Win Rate": 0.5689655172413793
  },
  "general": {
    "Long Ratio": "0.50",
    "Total trades": 0,
    "Sharpe ratio": 0.0,
    "Profit factor": 0.0,
    "Max drawdown": 0.0
  },
  "rejected_signals_count": 270
}