{
  "pnls": {
    "PnL (total)": -3968.65,
    "PnL% (total)": -3.9686499999999945,
    "Max Winner": 607.49,
    "Avg Winner": 445.2028205128205,
    "Min Winner": 16.67,
    "Min Loser": -9.2,
    "Avg Loser": -209.1329411764706,
    "Max Loser": -255.71,
    "Expectancy": -28.14645390070922,
    "Win Rate": 0.2765957446808511
  },
  "general": {
    "Long Ratio": "0.51"
  },
  "rejected_signals_count": 866
}