{
  "pnls": {
    "PnL (total)": 350.05,
    "PnL% (total)": 0.3500500000000029,
    "Max Winner": 314.9,
    "Avg Winner": 314.59166666666664,
    "Min Winner": 313.81,
    "Min Loser": -49.54,
    "Avg Loser": -197.55869565217392,
    "Max Loser": -206.71,
    "Expectancy": 4.605921052631572,
    "Win Rate": 0.39473684210526316
  },
  "general": {
    "Long Ratio": "0.49",
    "Total trades": 0,
    "Sharpe ratio": 0.0,
    "Profit factor": 0.0,
    "Max drawdown": 0.0
  },
  "rejected_signals_count": 313
}