{
  "pnls": {
    "PnL (total)": 483.41,
    "PnL% (total)": 0.48341000000000345,
    "Max Winner": 607.49,
    "Avg Winner": 466.7461904761906,
    "Min Winner": 6.68,
    "Min Loser": 0.0,
    "Avg Loser": -193.13060606060603,
    "Max Loser": -255.71,
    "Expectancy": 3.4284397163120843,
    "Win Rate": 0.2978723404255319
  },
  "general": {
    "Long Ratio": "0.48"
  },
  "rejected_signals_count": 892
}