{
  "pnls": {
    "PnL (total)": -2129.07,
    "PnL% (total)": -2.1290700000000067,
    "Max Winner": 544.51,
    "Avg Winner": 486.95611111111117,
    "Min Winner": 119.44,
    "Min Loser": 0.0,
    "Avg Loser": -209.50538461538463,
    "Max Loser": -255.7,
    "Expectancy": -30.41528571428573,
    "Win Rate": 0.2571428571428571
  },
  "general": {
    "Long Ratio": "0.49",
    "Total trades": 0,
    "Sharpe ratio": 0.0,
    "Profit factor": 0.0,
    "Max drawdown": 0.0
  },
  "rejected_signals_count": 861
}