{
  "pnls": {
    "PnL (total)": 9982.29,
    "PnL% (total)": 9.982289999999994,
    "Max Winner": 494.89,
    "Avg Winner": 458.67131578947374,
    "Min Winner": 8.38,
    "Min Loser": -101.19,
    "Avg Loser": -338.51,
    "Max Loser": -356.69,
    "Expectancy": 166.37150000000003,
    "Win Rate": 0.6333333333333333
  },
  "general": {
    "Long Ratio": "0.50",
    "Total trades": 0,
    "Sharpe ratio": 0.0,
    "Profit factor": 0.0,
    "Max drawdown": 0.0
  },
  "rejected_signals_count": 247
}