{
  "pnls": {
    "PnL (total)": 3144.82,
    "PnL% (total)": 3.1448200000000073,
    "Max Winner": 494.89,
    "Avg Winner": 494.0484615384616,
    "Min Winner": 479.89,
    "Min Loser": -211.71,
    "Avg Loser": -255.27473684210523,
    "Max Loser": -256.71,
    "Expectancy": 49.13781250000005,
    "Win Rate": 0.40625
  },
  "general": {
    "Long Ratio": "0.50",
    "Total trades": 0,
    "Sharpe ratio": 0.0,
    "Profit factor": 0.0,
    "Max drawdown": 0.0
  },
  "rejected_signals_count": 255
}