{
  "pnls": {
    "PnL (total)": 7572.83,
    "PnL% (total)": 7.5728300000000015,
    "Max Winner": 494.89,
    "Avg Winner": 494.594375,
    "Min Winner": 494.31,
    "Min Loser": -95.2,
    "Avg Loser": -343.92458333333326,
    "Max Loser": -366.69,
    "Expectancy": 135.22910714285715,
    "Win Rate": 0.5714285714285714
  },
  "general": {
    "Long Ratio": "0.50",
    "Total trades": 0,
    "Sharpe ratio": 0.0,
    "Profit factor": 0.0,
    "Max drawdown": 0.0
  },
  "rejected_signals_count": 256
}