{
  "pnls": {
    "PnL (total)": -2177.69,
    "PnL% (total)": -2.1776900000000023,
    "Max Winner": 494.91,
    "Avg Winner": 494.52000000000015,
    "Min Winner": 494.29,
    "Min Loser": -350.63,
    "Avg Loser": -356.4446226415094,
    "Max Loser": -356.75,
    "Expectancy": -12.23421348314598,
    "Win Rate": 0.4044943820224719
  },
  "general": {
    "Long Ratio": 0.5,
    "Total trades": 178,
    "Sharpe ratio": -0.016,
    "Profit factor": 0.0,
    "Max drawdown": 0.0
  },
  "rejected_signals_count": 6669
}