{
  "pnls": {
    "PnL (total)": -2106.51,
    "PnL% (total)": -2.1065099999999948,
    "Max Winner": 607.49,
    "Avg Winner": 469.34846153846166,
    "Min Winner": 21.82,
    "Min Loser": -9.2,
    "Avg Loser": -202.09009900990102,
    "Max Loser": -255.71,
    "Expectancy": -15.04649999999998,
    "Win Rate": 0.2785714285714286
  },
  "general": {
    "Long Ratio": "0.52"
  },
  "rejected_signals_count": 853
}