{
  "pnls": {
    "PnL (total)": 9749.83,
    "PnL% (total)": 9.749830000000003,
    "Max Winner": 494.89,
    "Avg Winner": 481.09000000000003,
    "Min Winner": 8.38,
    "Min Loser": -101.19,
    "Avg Loser": -329.1047826086957,
    "Max Loser": -356.69,
    "Expectancy": 165.2513559322034,
    "Win Rate": 0.6101694915254238
  },
  "general": {
    "Long Ratio": "0.49",
    "Total trades": 0,
    "Sharpe ratio": 0.0,
    "Profit factor": 0.0,
    "Max drawdown": 0.0
  },
  "rejected_signals_count": 302
}