{
  "pnls": {
    "PnL (total)": 9871.86,
    "PnL% (total)": 9.87186,
    "Max Winner": 494.89,
    "Avg Winner": 481.0905555555556,
    "Min Winner": 8.38,
    "Min Loser": -0.54,
    "Avg Loser": -323.8,
    "Max Loser": -356.69,
    "Expectancy": 167.31966101694923,
    "Win Rate": 0.6101694915254238
  },
  "general": {
    "Long Ratio": "0.49",
    "Total trades": 0,
    "Sharpe ratio": 0.0,
    "Profit factor": 0.0,
    "Max drawdown": 0.0
  },
  "rejected_signals_count": 206
}