{
  "pnls": {
    "PnL (total)": 9414.79,
    "PnL% (total)": 9.414789999999993,
    "Max Winner": 494.89,
    "Avg Winner": 469.29999999999995,
    "Min Winner": 8.38,
    "Min Loser": -55.16,
    "Avg Loser": -325.21782608695656,
    "Max Loser": -356.69,
    "Expectancy": 159.5727118644068,
    "Win Rate": 0.6101694915254238
  },
  "general": {
    "Long Ratio": "0.51",
    "Total trades": 0,
    "Sharpe ratio": 0.0,
    "Profit factor": 0.0,
    "Max drawdown": 0.0
  },
  "rejected_signals_count": 254
}