{
  "pnls": {
    "PnL (total)": 9189.4,
    "PnL% (total)": 9.189399999999996,
    "Max Winner": 494.89,
    "Avg Winner": 494.5970588235294,
    "Min Winner": 494.31,
    "Min Loser": -73.2,
    "Avg Loser": -317.78749999999997,
    "Max Loser": -356.69,
    "Expectancy": 158.4379310344827,
    "Win Rate": 0.5862068965517241
  },
  "general": {
    "Long Ratio": "0.52",
    "Total trades": 0,
    "Sharpe ratio": 0.0,
    "Profit factor": 0.0,
    "Max drawdown": 0.0
  },
  "rejected_signals_count": 234
}