{
  "pnls": {
    "PnL (total)": 7195.39,
    "PnL% (total)": 7.195389999999999,
    "Max Winner": 494.89,
    "Avg Winner": 494.6175,
    "Min Winner": 494.31,
    "Min Loser": -73.2,
    "Avg Loser": -332.0142307692308,
    "Max Loser": -356.69,
    "Expectancy": 124.05844827586208,
    "Win Rate": 0.5517241379310345
  },
  "general": {
    "Long Ratio": "0.50",
    "Total trades": 0,
    "Sharpe ratio": 0.0,
    "Profit factor": 0.0,
    "Max drawdown": 0.0
  },
  "rejected_signals_count": 302
}