{
  "pnls": {
    "PnL (total)": 3285.26,
    "PnL% (total)": 3.2852599999999947,
    "Max Winner": 494.89,
    "Avg Winner": 494.65333333333336,
    "Min Winner": 494.35,
    "Min Loser": -1.16,
    "Avg Loser": -245.32628571428572,
    "Max Loser": -256.71,
    "Expectancy": 55.682372881355974,
    "Win Rate": 0.4067796610169492
  },
  "general": {
    "Long Ratio": "0.49",
    "Total trades": 0,
    "Sharpe ratio": 0.0,
    "Profit factor": 0.0,
    "Max drawdown": 0.0
  },
  "rejected_signals_count": 262
}