{
  "pnls": {
    "PnL (total)": 940.55,
    "PnL% (total)": 0.9405500000000029,
    "Max Winner": 314.9,
    "Avg Winner": 314.59,
    "Min Winner": 313.81,
    "Min Loser": -49.54,
    "Avg Loser": -124.70962264150944,
    "Max Loser": -126.72,
    "Expectancy": 12.214935064935048,
    "Win Rate": 0.3116883116883117
  },
  "general": {
    "Long Ratio": "0.49",
    "Total trades": 0,
    "Sharpe ratio": 0.0,
    "Profit factor": 0.0,
    "Max drawdown": 0.0
  },
  "rejected_signals_count": 312
}