{
  "pnls": {
    "PnL (total)": 8060.39,
    "PnL% (total)": 8.06039,
    "Max Winner": 494.89,
    "Avg Winner": 494.619696969697,
    "Min Winner": 494.31,
    "Min Loser": -26.16,
    "Avg Loser": -330.48240000000004,
    "Max Loser": -356.69,
    "Expectancy": 138.97224137931033,
    "Win Rate": 0.5689655172413793
  },
  "general": {
    "Long Ratio": "0.50",
    "Total trades": 0,
    "Sharpe ratio": 0.0,
    "Profit factor": 0.0,
    "Max drawdown": 0.0
  },
  "rejected_signals_count": 328
}