{
  "pnls": {
    "PnL (total)": -11149.72,
    "PnL% (total)": -11.149720000000002,
    "Max Winner": 744.88,
    "Avg Winner": 744.5336923076923,
    "Min Winner": 744.28,
    "Min Loser": -13.64,
    "Avg Loser": -354.43101190476216,
    "Max Loser": -356.75,
    "Expectancy": -47.852875536480916,
    "Win Rate": 0.27896995708154504
  },
  "general": {
    "Long Ratio": 0.5,
    "Total trades": 233,
    "Sharpe ratio": -0.087,
    "Profit factor": 0.0,
    "Max drawdown": 0.0
  },
  "rejected_signals_count": 340465
}