{
  "pnls": {
    "PnL (total)": -4241.7,
    "PnL% (total)": -4.241699999999997,
    "Max Winner": 615.4,
    "Avg Winner": 486.41764705882355,
    "Min Winner": 16.28,
    "Min Loser": 0.0,
    "Avg Loser": -201.78709677419354,
    "Max Loser": -255.71,
    "Expectancy": -53.69240506329113,
    "Win Rate": 0.21518987341772153
  },
  "general": {
    "Long Ratio": "0.48"
  },
  "rejected_signals_count": 451
}