{
  "pnls": {
    "PnL (total)": -2289.5,
    "PnL% (total)": -2.2895,
    "Max Winner": 514.67,
    "Avg Winner": 494.71416000000016,
    "Min Winner": 479.37,
    "Min Loser": -13.64,
    "Avg Loser": -354.30259668508273,
    "Max Loser": -366.19,
    "Expectancy": -7.482026143790703,
    "Win Rate": 0.4084967320261438
  },
  "general": {
    "Long Ratio": 0.5,
    "Total trades": 306,
    "Sharpe ratio": -0.008,
    "Profit factor": 0.0,
    "Max drawdown": 0.0
  },
  "rejected_signals_count": 135447
}