{
  "pnls": {
    "PnL (total)": -3405.85,
    "PnL% (total)": -3.4058500000000063,
    "Max Winner": 543.59,
    "Avg Winner": 494.9748387096775,
    "Min Winner": 485.51,
    "Min Loser": -223.28,
    "Avg Loser": -256.0582213438737,
    "Max Loser": -267.64,
    "Expectancy": -9.034084880636717,
    "Win Rate": 0.32891246684350134
  },
  "general": {
    "Long Ratio": 0.5,
    "Total trades": 377,
    "Sharpe ratio": -0.012,
    "Profit factor": 0.0,
    "Max drawdown": 0.0
  },
  "rejected_signals_count": 121255
}