{
  "pnls": {
    "PnL (total)": -1342.6,
    "PnL% (total)": -1.3426000000000058,
    "Max Winner": 144.88,
    "Avg Winner": 144.55,
    "Min Winner": 144.35,
    "Min Loser": -56.1,
    "Avg Loser": -56.397115384615375,
    "Max Loser": -56.7,
    "Expectancy": -21.3111111111111,
    "Win Rate": 0.1746031746031746
  },
  "general": {
    "Long Ratio": "0.49",
    "Total trades": 0,
    "Sharpe ratio": 0.0,
    "Profit factor": 0.0,
    "Max drawdown": 0.0
  },
  "rejected_signals_count": 238
}