{
  "pnls": {
    "PnL (total)": 5273.79,
    "PnL% (total)": 5.273789999999994,
    "Max Winner": 744.89,
    "Avg Winner": 656.8378260869565,
    "Min Winner": 8.38,
    "Min Loser": -30.6,
    "Avg Loser": -317.2090322580645,
    "Max Loser": -356.69,
    "Expectancy": 97.66277777777776,
    "Win Rate": 0.42592592592592593
  },
  "general": {
    "Long Ratio": "0.52",
    "Total trades": 0,
    "Sharpe ratio": 0.0,
    "Profit factor": 0.0,
    "Max drawdown": 0.0
  },
  "rejected_signals_count": 247
}