{
  "pnls": {
    "PnL (total)": -3110.91,
    "PnL% (total)": -3.1109100000000036,
    "Max Winner": 547.52,
    "Avg Winner": 505.2006666666667,
    "Min Winner": 495.31,
    "Min Loser": 0.0,
    "Avg Loser": -209.58666666666664,
    "Max Loser": -255.71,
    "Expectancy": -47.13499999999999,
    "Win Rate": 0.22727272727272727
  },
  "general": {
    "Long Ratio": "0.45"
  },
  "rejected_signals_count": 857
}