{
  "pnls": {
    "PnL (total)": 8606.04,
    "PnL% (total)": 8.606039999999995,
    "Max Winner": 494.89,
    "Avg Winner": 494.6106060606061,
    "Min Winner": 494.31,
    "Min Loser": -5.16,
    "Avg Loser": -335.4830434782608,
    "Max Loser": -396.69,
    "Expectancy": 153.67928571428578,
    "Win Rate": 0.5892857142857143
  },
  "general": {
    "Long Ratio": "0.48",
    "Total trades": 0,
    "Sharpe ratio": 0.0,
    "Profit factor": 0.0,
    "Max drawdown": 0.0
  },
  "rejected_signals_count": 288
}