{
  "pnls": {
    "PnL (total)": -758.37,
    "PnL% (total)": -0.7583699999999953,
    "Max Winner": 744.89,
    "Avg Winner": 744.532222222222,
    "Min Winner": 744.28,
    "Min Loser": -248.19,
    "Avg Loser": -256.43721698113194,
    "Max Loser": -256.75,
    "Expectancy": -2.6703169014084116,
    "Win Rate": 0.2535211267605634
  },
  "general": {
    "Long Ratio": 0.5,
    "Total trades": 284,
    "Sharpe ratio": 0.005,
    "Profit factor": 0.0,
    "Max drawdown": 0.0
  },
  "rejected_signals_count": 309703
}