{
  "pnls": {
    "PnL (total)": -1970.77,
    "PnL% (total)": -1.970770000000004,
    "Max Winner": 573.45,
    "Avg Winner": 236.7441134751773,
    "Min Winner": 0.3,
    "Min Loser": 0.0,
    "Avg Loser": -59.21556113902848,
    "Max Loser": -229.6,
    "Expectancy": -2.670420054200548,
    "Win Rate": 0.1910569105691057
  },
  "general": {
    "Long Ratio": "0.51"
  },
  "rejected_signals_count": 3795
}