{
  "pnls": {
    "PnL (total)": -428.65,
    "PnL% (total)": -0.42864999999999415,
    "Max Winner": 144.9,
    "Avg Winner": 144.586,
    "Min Winner": 144.3,
    "Min Loser": -106.12,
    "Avg Loser": -106.40263157894736,
    "Max Loser": -106.7,
    "Expectancy": -6.803968253968257,
    "Win Rate": 0.3968253968253968
  },
  "general": {
    "Long Ratio": "0.49",
    "Total trades": 0,
    "Sharpe ratio": 0.0,
    "Profit factor": 0.0,
    "Max drawdown": 0.0
  },
  "rejected_signals_count": 238
}