{
  "pnls": {
    "PnL (total)": 7076.01,
    "PnL% (total)": 7.076009999999995,
    "Max Winner": 494.89,
    "Avg Winner": 494.56290322580645,
    "Min Winner": 494.31,
    "Min Loser": -138.54,
    "Avg Loser": -330.2176,
    "Max Loser": -366.69,
    "Expectancy": 126.35732142857145,
    "Win Rate": 0.5535714285714286
  },
  "general": {
    "Long Ratio": "0.50",
    "Total trades": 0,
    "Sharpe ratio": 0.0,
    "Profit factor": 0.0,
    "Max drawdown": 0.0
  },
  "rejected_signals_count": 219
}