{
  "pnls": {
    "PnL (total)": 7801.43,
    "PnL% (total)": 7.801429999999993,
    "Max Winner": 494.89,
    "Avg Winner": 494.18028571428573,
    "Min Winner": 479.89,
    "Min Loser": -75.12,
    "Avg Loser": -339.1028571428571,
    "Max Loser": -366.69,
    "Expectancy": 123.83222222222227,
    "Win Rate": 0.5555555555555556
  },
  "general": {
    "Long Ratio": "0.48",
    "Total trades": 0,
    "Sharpe ratio": 0.0,
    "Profit factor": 0.0,
    "Max drawdown": 0.0
  },
  "rejected_signals_count": 313
}