{
  "pnls": {
    "PnL (total)": -1465.88,
    "PnL% (total)": -1.4658800000000047,
    "Max Winner": 615.4,
    "Avg Winner": 507.5135294117647,
    "Min Winner": 495.33,
    "Min Loser": 0.0,
    "Avg Loser": -214.75765957446805,
    "Max Loser": -255.71,
    "Expectancy": -22.904374999999987,
    "Win Rate": 0.265625
  },
  "general": {
    "Long Ratio": "0.53"
  },
  "rejected_signals_count": 621
}