{
  "pnls": {
    "PnL (total)": 6392.71,
    "PnL% (total)": 6.392710000000007,
    "Max Winner": 494.89,
    "Avg Winner": 480.57281250000005,
    "Min Winner": 45.38,
    "Min Loser": -95.2,
    "Avg Loser": -332.8007407407407,
    "Max Loser": -356.71,
    "Expectancy": 108.35101694915255,
    "Win Rate": 0.5423728813559322
  },
  "general": {
    "Long Ratio": "0.49",
    "Total trades": 0,
    "Sharpe ratio": 0.0,
    "Profit factor": 0.0,
    "Max drawdown": 0.0
  },
  "rejected_signals_count": 313
}