{
  "pnls": {
    "PnL (total)": 8047.86,
    "PnL% (total)": 8.047860000000002,
    "Max Winner": 494.89,
    "Avg Winner": 474.8773529411765,
    "Min Winner": 47.46,
    "Min Loser": -16.16,
    "Avg Loser": -323.9188,
    "Max Loser": -356.69,
    "Expectancy": 136.4044067796611,
    "Win Rate": 0.576271186440678
  },
  "general": {
    "Long Ratio": "0.53",
    "Total trades": 0,
    "Sharpe ratio": 0.0,
    "Profit factor": 0.0,
    "Max drawdown": 0.0
  },
  "rejected_signals_count": 258
}