{
  "pnls": {
    "PnL (total)": -1367.97,
    "PnL% (total)": -1.3679700000000012,
    "Max Winner": 640.31,
    "Avg Winner": 124.15745762711865,
    "Min Winner": 0.3,
    "Min Loser": -1.66,
    "Avg Loser": -66.36076335877861,
    "Max Loser": -206.67,
    "Expectancy": -7.199842105263137,
    "Win Rate": 0.3105263157894737
  },
  "general": {
    "Long Ratio": "0.29"
  },
  "rejected_signals_count": 6073
}