{
  "pnls": {
    "PnL (total)": 9252.79,
    "PnL% (total)": 9.252789999999994,
    "Max Winner": 494.89,
    "Avg Winner": 469.31444444444446,
    "Min Winner": 8.38,
    "Min Loser": -101.19,
    "Avg Loser": -332.28391304347826,
    "Max Loser": -356.71,
    "Expectancy": 156.82694915254243,
    "Win Rate": 0.6101694915254238
  },
  "general": {
    "Long Ratio": "0.51",
    "Total trades": 0,
    "Sharpe ratio": 0.0,
    "Profit factor": 0.0,
    "Max drawdown": 0.0
  },
  "rejected_signals_count": 224
}