{
  "pnls": {
    "PnL (total)": 5372.5,
    "PnL% (total)": 5.3725000000000005,
    "Max Winner": 494.89,
    "Avg Winner": 494.5934482758621,
    "Min Winner": 494.31,
    "Min Loser": -48.16,
    "Avg Loser": -320.38250000000005,
    "Max Loser": -356.69,
    "Expectancy": 94.2543859649123,
    "Win Rate": 0.5087719298245614
  },
  "general": {
    "Long Ratio": "0.51",
    "Total trades": 0,
    "Sharpe ratio": 0.0,
    "Profit factor": 0.0,
    "Max drawdown": 0.0
  },
  "rejected_signals_count": 340
}