{
  "pnls": {
    "PnL (total)": -2192.8,
    "PnL% (total)": -2.192800000000003,
    "Max Winner": 615.47,
    "Avg Winner": 449.0065384615384,
    "Min Winner": 8.7,
    "Min Loser": 0.0,
    "Avg Loser": -200.97057971014493,
    "Max Loser": -255.71,
    "Expectancy": -23.0821052631579,
    "Win Rate": 0.2736842105263158
  },
  "general": {
    "Long Ratio": "0.49",
    "Total trades": 0,
    "Sharpe ratio": 0.0,
    "Profit factor": 0.0,
    "Max drawdown": 0.0
  },
  "rejected_signals_count": 1126
}