{
  "pnls": {
    "PnL (total)": 8931.05,
    "PnL% (total)": 8.931050000000003,
    "Max Winner": 494.89,
    "Avg Winner": 494.6044444444445,
    "Min Winner": 494.31,
    "Min Loser": -75.12,
    "Avg Loser": -341.335,
    "Max Loser": -396.69,
    "Expectancy": 144.04919354838717,
    "Win Rate": 0.5806451612903226
  },
  "general": {
    "Long Ratio": "0.47",
    "Total trades": 0,
    "Sharpe ratio": 0.0,
    "Profit factor": 0.0,
    "Max drawdown": 0.0
  },
  "rejected_signals_count": 314
}