{
  "pnls": {
    "PnL (total)": 3972.83,
    "PnL% (total)": 3.9728300000000014,
    "Max Winner": 494.89,
    "Avg Winner": 494.0707407407408,
    "Min Winner": 479.89,
    "Min Loser": -134.71,
    "Avg Loser": -253.16432432432433,
    "Max Loser": -256.71,
    "Expectancy": 62.07546875000003,
    "Win Rate": 0.421875
  },
  "general": {
    "Long Ratio": "0.50",
    "Total trades": 0,
    "Sharpe ratio": 0.0,
    "Profit factor": 0.0,
    "Max drawdown": 0.0
  },
  "rejected_signals_count": 244
}