{
  "pnls": {
    "PnL (total)": 3205.28,
    "PnL% (total)": 3.2052799999999984,
    "Max Winner": 494.89,
    "Avg Winner": 494.6332,
    "Min Winner": 494.35,
    "Min Loser": -134.71,
    "Avg Loser": -247.58243243243243,
    "Max Loser": -256.71,
    "Expectancy": 51.69806451612902,
    "Win Rate": 0.4032258064516129
  },
  "general": {
    "Long Ratio": "0.48",
    "Total trades": 0,
    "Sharpe ratio": 0.0,
    "Profit factor": 0.0,
    "Max drawdown": 0.0
  },
  "rejected_signals_count": 286
}