{
  "pnls": {
    "PnL (total)": 5439.35,
    "PnL% (total)": 5.439350000000006,
    "Max Winner": 494.89,
    "Avg Winner": 494.62100000000004,
    "Min Winner": 494.31,
    "Min Loser": -127.19,
    "Avg Loser": -335.68857142857144,
    "Max Loser": -356.71,
    "Expectancy": 93.78189655172417,
    "Win Rate": 0.5172413793103449
  },
  "general": {
    "Long Ratio": "0.50",
    "Total trades": 0,
    "Sharpe ratio": 0.0,
    "Profit factor": 0.0,
    "Max drawdown": 0.0
  },
  "rejected_signals_count": 317
}