{
  "pnls": {
    "PnL (total)": -463.71,
    "PnL% (total)": -0.4637100000000064,
    "Max Winner": 314.9,
    "Avg Winner": 187.9925101214575,
    "Min Winner": 0.34,
    "Min Loser": -0.16,
    "Avg Loser": -75.27746388443018,
    "Max Loser": -86.72,
    "Expectancy": -0.5329999999999941,
    "Win Rate": 0.28390804597701147
  },
  "general": {
    "Long Ratio": "0.51",
    "Total trades": 0,
    "Sharpe ratio": 0.0,
    "Profit factor": 0.0,
    "Max drawdown": 0.0
  },
  "rejected_signals_count": 7707
}