{
  "pnls": {
    "PnL (total)": 9343.28,
    "PnL% (total)": 9.343279999999998,
    "Max Winner": 494.89,
    "Avg Winner": 469.30055555555555,
    "Min Winner": 8.38,
    "Min Loser": -55.16,
    "Avg Loser": -314.6475,
    "Max Loser": -356.69,
    "Expectancy": 155.72133333333335,
    "Win Rate": 0.6
  },
  "general": {
    "Long Ratio": "0.52",
    "Total trades": 0,
    "Sharpe ratio": 0.0,
    "Profit factor": 0.0,
    "Max drawdown": 0.0
  },
  "rejected_signals_count": 279
}