{
  "pnls": {
    "PnL (total)": 9058.78,
    "PnL% (total)": 9.058779999999999,
    "Max Winner": 494.89,
    "Avg Winner": 481.7711428571429,
    "Min Winner": 45.46,
    "Min Loser": -5.62,
    "Avg Loser": -325.13374999999996,
    "Max Loser": -356.71,
    "Expectancy": 153.53864406779658,
    "Win Rate": 0.5932203389830508
  },
  "general": {
    "Long Ratio": "0.49",
    "Total trades": 0,
    "Sharpe ratio": 0.0,
    "Profit factor": 0.0,
    "Max drawdown": 0.0
  },
  "rejected_signals_count": 256
}