{
  "pnls": {
    "PnL (total)": 331.75,
    "PnL% (total)": 0.33175,
    "Max Winner": 666.43,
    "Avg Winner": 513.0877777777778,
    "Min Winner": 495.35,
    "Min Loser": 0.0,
    "Avg Loser": -217.16658536585365,
    "Max Loser": -255.71,
    "Expectancy": 5.622881355932236,
    "Win Rate": 0.3050847457627119
  },
  "general": {
    "Long Ratio": "0.53"
  },
  "rejected_signals_count": 694
}