{
  "pnls": {
    "PnL (total)": 786.44,
    "PnL% (total)": 0.7864400000000024,
    "Max Winner": 494.37,
    "Avg Winner": 121.89822580645163,
    "Min Winner": 3.32,
    "Min Loser": -2.66,
    "Avg Loser": -55.960743801652896,
    "Max Loser": -207.7,
    "Expectancy": 4.2974863387978175,
    "Win Rate": 0.33879781420765026
  },
  "general": {
    "Long Ratio": "0.50"
  },
  "rejected_signals_count": 0
}