{
  "pnls": {
    "PnL (total)": 2362.83,
    "PnL% (total)": 2.362830000000002,
    "Max Winner": 569.33,
    "Avg Winner": 564.6837931034484,
    "Min Winner": 564.29,
    "Min Loser": -181.69,
    "Avg Loser": -206.07352941176475,
    "Max Loser": -209.64,
    "Expectancy": 24.359072164948454,
    "Win Rate": 0.29896907216494845
  },
  "general": {
    "Long Ratio": 0.49
  },
  "rejected_signals_count": 1135
}