{
  "pnls": {
    "PnL (total)": 8915.83,
    "PnL% (total)": 8.915830000000003,
    "Max Winner": 494.89,
    "Avg Winner": 494.6088571428572,
    "Min Winner": 494.31,
    "Min Loser": -56.12,
    "Avg Loser": -335.81919999999997,
    "Max Loser": -366.69,
    "Expectancy": 148.5971666666667,
    "Win Rate": 0.5833333333333334
  },
  "general": {
    "Long Ratio": "0.48",
    "Total trades": 0,
    "Sharpe ratio": 0.0,
    "Profit factor": 0.0,
    "Max drawdown": 0.0
  },
  "rejected_signals_count": 299
}