client_order_id,trader_id,strategy_id,instrument_id,venue_order_id,account_id,trade_id,position_id,order_side,order_type,last_qty,last_px,currency,commission,liquidity_side,event_id,ts_event,ts_init,info,reconciliation
O-20250102-110000-001-V2-1,BACKTESTER-001,MLSignalStrategyV2-V2,EUR/USD.IDEALPRO,IDEALPRO-1-001,IDEALPRO-001,IDEALPRO-1-1320,EUR/USD.IDEALPRO-MLSignalStrategyV2-V2,BUY,MARKET,100000.00,1.03168,USD,2.06 USD,TAKER,343628f5-185f-4856-96cb-cb71f04342d4,2025-01-02 11:00:00+00:00,2025-01-02 11:00:00+00:00,{},False
O-20250102-110000-001-V2-3,BACKTESTER-001,MLSignalStrategyV2-V2,EUR/USD.IDEALPRO,IDEALPRO-1-003,IDEALPRO-001,IDEALPRO-1-1333,EUR/USD.IDEALPRO-MLSignalStrategyV2-V2,SELL,LIMIT,100000.00,1.03271,USD,2.07 USD,MAKER,04cd44a8-664e-4b28-85ac-374c5d3f406f,2025-01-02 11:06:00+00:00,2025-01-02 11:06:00+00:00,{},False
O-20250102-113000-001-V2-4,BACKTESTER-001,MLSignalStrategyV2-V2,EUR/USD.IDEALPRO,IDEALPRO-1-004,IDEALPRO-001,IDEALPRO-1-1382,EUR/USD.IDEALPRO-MLSignalStrategyV2-V2,BUY,MARKET,100000.00,1.03222,USD,2.06 USD,TAKER,1b72eeee-cf8c-4eae-a404-db33d786dcbe,2025-01-02 11:30:00+00:00,2025-01-02 11:30:00+00:00,{},False
O-20250102-113000-001-V2-6,BACKTESTER-001,MLSignalStrategyV2-V2,EUR/USD.IDEALPRO,IDEALPRO-1-006,IDEALPRO-001,IDEALPRO-1-1445,EUR/USD.IDEALPRO-MLSignalStrategyV2-V2,SELL,LIMIT,100000.00,1.03342,USD,2.07 USD,MAKER,ba3b94a1-74e9-4045-b47b-8cbec066d962,2025-01-02 12:01:00+00:00,2025-01-02 12:01:00+00:00,{},False
O-20250102-130000-001-V2-7,BACKTESTER-001,MLSignalStrategyV2-V2,EUR/USD.IDEALPRO,IDEALPRO-1-007,IDEALPRO-001,IDEALPRO-1-1564,EUR/USD.IDEALPRO-MLSignalStrategyV2-V2,BUY,MARKET,100000.00,1.03183,USD,2.06 USD,TAKER,1366a486-93f0-4edf-b160-1db56010c507,2025-01-02 13:00:00+00:00,2025-01-02 13:00:00+00:00,{},False
O-20250102-130000-001-V2-9,BACKTESTER-001,MLSignalStrategyV2-V2,EUR/USD.IDEALPRO,IDEALPRO-1-009,IDEALPRO-001,IDEALPRO-1-1637,EUR/USD.IDEALPRO-MLSignalStrategyV2-V2,SELL,LIMIT,100000.00,1.03297,USD,2.07 USD,MAKER,b6c403e6-5a07-423a-bd7e-6d25b2ccea59,2025-01-02 13:36:00+00:00,2025-01-02 13:36:00+00:00,{},False
O-20250102-141500-001-V2-10,BACKTESTER-001,MLSignalStrategyV2-V2,EUR/USD.IDEALPRO,IDEALPRO-1-010,IDEALPRO-001,IDEALPRO-1-1716,EUR/USD.IDEALPRO-MLSignalStrategyV2-V2,BUY,MARKET,100000.00,1.03109,USD,2.06 USD,TAKER,26bb07f9-b8b6-4b9f-a10f-32f8fea9c7fb,2025-01-02 14:15:00+00:00,2025-01-02 14:15:00+00:00,{},False
O-20250102-141500-001-V2-12,BACKTESTER-001,MLSignalStrategyV2-V2,EUR/USD.IDEALPRO,IDEALPRO-1-012,IDEALPRO-001,IDEALPRO-1-1751,EUR/USD.IDEALPRO-MLSignalStrategyV2-V2,SELL,LIMIT,100000.00,1.03223,USD,2.06 USD,MAKER,dc76189b-e5e1-4456-be4a-640e3c016e6d,2025-01-02 14:32:00+00:00,2025-01-02 14:32:00+00:00,{},False
O-20250102-153000-001-V2-13,BACKTESTER-001,MLSignalStrategyV2-V2,EUR/USD.IDEALPRO,IDEALPRO-1-013,IDEALPRO-001,IDEALPRO-1-1868,EUR/USD.IDEALPRO-MLSignalStrategyV2-V2,BUY,MARKET,100000.00,1.02857,USD,2.06 USD,TAKER,fb0e0a85-4893-4cc6-9f0e-b0c5429c9240,2025-01-02 15:30:00+00:00,2025-01-02 15:30:00+00:00,{},False
O-20250102-153000-001-V2-14,BACKTESTER-001,MLSignalStrategyV2-V2,EUR/USD.IDEALPRO,IDEALPRO-1-014,IDEALPRO-001,IDEALPRO-1-1935,EUR/USD.IDEALPRO-MLSignalStrategyV2-V2,SELL,STOP_MARKET,100000.00,1.02607,USD,2.05 USD,TAKER,50449b2c-bbd7-446d-9d99-32df231122a1,2025-01-02 16:03:00+00:00,2025-01-02 16:03:00+00:00,{},False
O-20250102-161500-001-V2-16,BACKTESTER-001,MLSignalStrategyV2-V2,EUR/USD.IDEALPRO,IDEALPRO-1-016,IDEALPRO-001,IDEALPRO-1-1960,EUR/USD.IDEALPRO-MLSignalStrategyV2-V2,BUY,MARKET,100000.00,1.02576,USD,2.05 USD,TAKER,59dcffaf-5bd0-4a65-9299-1f456ee21108,2025-01-02 16:15:00+00:00,2025-01-02 16:15:00+00:00,{},False
O-20250102-161500-001-V2-18,BACKTESTER-001,MLSignalStrategyV2-V2,EUR/USD.IDEALPRO,IDEALPRO-1-018,IDEALPRO-001,IDEALPRO-1-3681,EUR/USD.IDEALPRO-MLSignalStrategyV2-V2,SELL,LIMIT,100000.00,1.02751,USD,2.06 USD,MAKER,15dd5d38-e11b-4742-951d-a9207480645f,2025-01-03 06:50:00+00:00,2025-01-03 06:50:00+00:00,{},False
O-20250103-081500-001-V2-19,BACKTESTER-001,MLSignalStrategyV2-V2,EUR/USD.IDEALPRO,IDEALPRO-1-019,IDEALPRO-001,IDEALPRO-1-3852,EUR/USD.IDEALPRO-MLSignalStrategyV2-V2,BUY,MARKET,100000.00,1.02846,USD,2.06 USD,TAKER,f6699d0b-419e-4751-877b-4e0e45f2a1e8,2025-01-03 08:15:00+00:00,2025-01-03 08:15:00+00:00,{},False
O-20250103-081500-001-V2-20,BACKTESTER-001,MLSignalStrategyV2-V2,EUR/USD.IDEALPRO,IDEALPRO-1-020,IDEALPRO-001,IDEALPRO-1-3887,EUR/USD.IDEALPRO-MLSignalStrategyV2-V2,SELL,STOP_MARKET,100000.00,1.02780,USD,2.06 USD,TAKER,b5f06cfb-b421-4355-8b80-71e1f176dff3,2025-01-03 08:32:00+00:00,2025-01-03 08:32:00+00:00,{},False
O-20250103-164500-001-V2-22,BACKTESTER-001,MLSignalStrategyV2-V2,EUR/USD.IDEALPRO,IDEALPRO-1-022,IDEALPRO-001,IDEALPRO-1-4875,EUR/USD.IDEALPRO-MLSignalStrategyV2-V2,BUY,MARKET,100000.00,1.02898,USD,2.06 USD,TAKER,4bcd99a1-9777-4024-b6a9-717d0a1264b0,2025-01-03 16:45:00+00:00,2025-01-03 16:45:00+00:00,{},False
O-20250103-164500-001-V2-24,BACKTESTER-001,MLSignalStrategyV2-V2,EUR/USD.IDEALPRO,IDEALPRO-1-024,IDEALPRO-001,IDEALPRO-1-4919,EUR/USD.IDEALPRO-MLSignalStrategyV2-V2,SELL,LIMIT,100000.00,1.02998,USD,2.06 USD,MAKER,0721b729-a384-42d9-b6c4-0cf9284b85b0,2025-01-03 17:07:00+00:00,2025-01-03 17:07:00+00:00,{},False
O-20250103-171500-001-V2-25,BACKTESTER-001,MLSignalStrategyV2-V2,EUR/USD.IDEALPRO,IDEALPRO-1-025,IDEALPRO-001,IDEALPRO-1-4936,EUR/USD.IDEALPRO-MLSignalStrategyV2-V2,BUY,MARKET,100000.00,1.03026,USD,2.06 USD,TAKER,493fa629-4482-4cc4-9235-e0d44c9869a1,2025-01-03 17:15:00+00:00,2025-01-03 17:15:00+00:00,{},False
O-20250103-171500-001-V2-27,BACKTESTER-001,MLSignalStrategyV2-V2,EUR/USD.IDEALPRO,IDEALPRO-1-027,IDEALPRO-001,IDEALPRO-1-5949,EUR/USD.IDEALPRO-MLSignalStrategyV2-V2,SELL,LIMIT,100000.00,1.03135,USD,2.06 USD,MAKER,707ac37f-582f-49bb-98c9-7580b9ca4a11,2025-01-06 01:56:00+00:00,2025-01-06 01:56:00+00:00,{},False
O-20250106-030000-001-V2-28,BACKTESTER-001,MLSignalStrategyV2-V2,EUR/USD.IDEALPRO,IDEALPRO-1-028,IDEALPRO-001,IDEALPRO-1-6078,EUR/USD.IDEALPRO-MLSignalStrategyV2-V2,SELL,MARKET,100000.00,1.03161,USD,2.06 USD,TAKER,810767ed-5928-4b46-8b23-64e471416a54,2025-01-06 03:00:00+00:00,2025-01-06 03:00:00+00:00,{},False
O-20250106-030000-001-V2-30,BACKTESTER-001,MLSignalStrategyV2-V2,EUR/USD.IDEALPRO,IDEALPRO-1-030,IDEALPRO-001,IDEALPRO-1-6431,EUR/USD.IDEALPRO-MLSignalStrategyV2-V2,BUY,LIMIT,100000.00,1.03107,USD,2.06 USD,MAKER,5bdb9168-a526-4d25-a183-b6363f1c5cab,2025-01-06 05:56:00+00:00,2025-01-06 05:56:00+00:00,{},False
O-20250106-081500-001-V2-31,BACKTESTER-001,MLSignalStrategyV2-V2,EUR/USD.IDEALPRO,IDEALPRO-1-031,IDEALPRO-001,IDEALPRO-1-6710,EUR/USD.IDEALPRO-MLSignalStrategyV2-V2,SELL,MARKET,100000.00,1.03372,USD,2.07 USD,TAKER,c6c84fac-4070-422a-90a4-6085ffaa87c5,2025-01-06 08:15:00+00:00,2025-01-06 08:15:00+00:00,{},False
O-20250106-081500-001-V2-32,BACKTESTER-001,MLSignalStrategyV2-V2,EUR/USD.IDEALPRO,IDEALPRO-1-032,IDEALPRO-001,IDEALPRO-1-6793,EUR/USD.IDEALPRO-MLSignalStrategyV2-V2,BUY,STOP_MARKET,100000.00,1.03449,USD,2.07 USD,TAKER,581bbe4e-23e3-4fc6-a623-19393f1939c9,2025-01-06 08:56:00+00:00,2025-01-06 08:56:00+00:00,{},False
O-20250106-090000-001-V2-34,BACKTESTER-001,MLSignalStrategyV2-V2,EUR/USD.IDEALPRO,IDEALPRO-1-034,IDEALPRO-001,IDEALPRO-1-6802,EUR/USD.IDEALPRO-MLSignalStrategyV2-V2,SELL,MARKET,100000.00,1.03502,USD,2.07 USD,TAKER,e9f474ae-494b-450d-8c60-d8c5325a74e3,2025-01-06 09:00:00+00:00,2025-01-06 09:00:00+00:00,{},False
O-20250106-090000-001-V2-36,BACKTESTER-001,MLSignalStrategyV2-V2,EUR/USD.IDEALPRO,IDEALPRO-1-036,IDEALPRO-001,IDEALPRO-1-6809,EUR/USD.IDEALPRO-MLSignalStrategyV2-V2,BUY,LIMIT,100000.00,1.03405,USD,2.07 USD,MAKER,2150e3f2-0f34-409d-87f8-7502d11ae38c,2025-01-06 09:03:00+00:00,2025-01-06 09:03:00+00:00,{},False
O-20250106-093000-001-V2-37,BACKTESTER-001,MLSignalStrategyV2-V2,EUR/USD.IDEALPRO,IDEALPRO-1-037,IDEALPRO-001,IDEALPRO-1-6864,EUR/USD.IDEALPRO-MLSignalStrategyV2-V2,SELL,MARKET,100000.00,1.03584,USD,2.07 USD,TAKER,f3f4e366-daa4-4301-900e-fce6704b5faf,2025-01-06 09:30:00+00:00,2025-01-06 09:30:00+00:00,{},False
O-20250106-093000-001-V2-39,BACKTESTER-001,MLSignalStrategyV2-V2,EUR/USD.IDEALPRO,IDEALPRO-1-039,IDEALPRO-001,IDEALPRO-1-6949,EUR/USD.IDEALPRO-MLSignalStrategyV2-V2,BUY,LIMIT,100000.00,1.03469,USD,2.07 USD,MAKER,d5030c17-7bac-46b8-a076-d385a33ef604,2025-01-06 10:12:00+00:00,2025-01-06 10:12:00+00:00,{},False
O-20250106-160000-001-V2-40,BACKTESTER-001,MLSignalStrategyV2-V2,EUR/USD.IDEALPRO,IDEALPRO-1-040,IDEALPRO-001,IDEALPRO-1-7646,EUR/USD.IDEALPRO-MLSignalStrategyV2-V2,SELL,MARKET,100000.00,1.03936,USD,2.08 USD,TAKER,d398b040-4854-4fda-ba57-96f863feafaf,2025-01-06 16:00:00+00:00,2025-01-06 16:00:00+00:00,{},False
O-20250106-160000-001-V2-41,BACKTESTER-001,MLSignalStrategyV2-V2,EUR/USD.IDEALPRO,IDEALPRO-1-041,IDEALPRO-001,IDEALPRO-1-9497,EUR/USD.IDEALPRO-MLSignalStrategyV2-V2,BUY,STOP_MARKET,100000.00,1.04188,USD,2.08 USD,TAKER,caa8ed2d-309d-498b-af48-291ee3da226d,2025-01-07 07:40:00+00:00,2025-01-07 07:40:00+00:00,{},False
O-20250107-091500-001-V2-43,BACKTESTER-001,MLSignalStrategyV2-V2,EUR/USD.IDEALPRO,IDEALPRO-1-043,IDEALPRO-001,IDEALPRO-1-9688,EUR/USD.IDEALPRO-MLSignalStrategyV2-V2,SELL,MARKET,100000.00,1.04264,USD,2.09 USD,TAKER,e9fed7ca-a0c9-496b-9c6a-f507b39ce406,2025-01-07 09:15:00+00:00,2025-01-07 09:15:00+00:00,{},False
O-20250107-091500-001-V2-45,BACKTESTER-001,MLSignalStrategyV2-V2,EUR/USD.IDEALPRO,IDEALPRO-1-045,IDEALPRO-001,IDEALPRO-1-9789,EUR/USD.IDEALPRO-MLSignalStrategyV2-V2,BUY,LIMIT,100000.00,1.04168,USD,2.08 USD,MAKER,930318ad-82f0-4764-bc66-2f6232997e39,2025-01-07 10:05:00+00:00,2025-01-07 10:05:00+00:00,{},False
O-20250107-121500-001-V2-46,BACKTESTER-001,MLSignalStrategyV2-V2,EUR/USD.IDEALPRO,IDEALPRO-1-046,IDEALPRO-001,IDEALPRO-1-10050,EUR/USD.IDEALPRO-MLSignalStrategyV2-V2,SELL,MARKET,100000.00,1.04099,USD,2.08 USD,TAKER,d4a3b930-dd1c-4d49-9e7a-c3888f66e28b,2025-01-07 12:15:00+00:00,2025-01-07 12:15:00+00:00,{},False
O-20250107-121500-001-V2-48,BACKTESTER-001,MLSignalStrategyV2-V2,EUR/USD.IDEALPRO,IDEALPRO-1-048,IDEALPRO-001,IDEALPRO-1-10097,EUR/USD.IDEALPRO-MLSignalStrategyV2-V2,BUY,LIMIT,100000.00,1.04008,USD,2.08 USD,MAKER,6ef7c142-0eaf-4d6d-bd4a-ef6a7d246345,2025-01-07 12:38:00+00:00,2025-01-07 12:38:00+00:00,{},False
O-20250107-151500-001-V2-49,BACKTESTER-001,MLSignalStrategyV2-V2,EUR/USD.IDEALPRO,IDEALPRO-1-049,IDEALPRO-001,IDEALPRO-1-10412,EUR/USD.IDEALPRO-MLSignalStrategyV2-V2,BUY,MARKET,100000.00,1.03682,USD,2.07 USD,TAKER,3ae5cf70-dd0d-4f07-9a46-dd480cdcbfcc,2025-01-07 15:15:00+00:00,2025-01-07 15:15:00+00:00,{},False
O-20250107-151500-001-V2-51,BACKTESTER-001,MLSignalStrategyV2-V2,EUR/USD.IDEALPRO,IDEALPRO-1-051,IDEALPRO-001,IDEALPRO-1-10425,EUR/USD.IDEALPRO-MLSignalStrategyV2-V2,SELL,LIMIT,100000.00,1.03792,USD,2.08 USD,MAKER,a60034cf-73c6-4d5f-8ce2-375923ff1810,2025-01-07 15:21:00+00:00,2025-01-07 15:21:00+00:00,{},False
O-20250107-154500-001-V2-52,BACKTESTER-001,MLSignalStrategyV2-V2,EUR/USD.IDEALPRO,IDEALPRO-1-052,IDEALPRO-001,IDEALPRO-1-10474,EUR/USD.IDEALPRO-MLSignalStrategyV2-V2,BUY,MARKET,100000.00,1.03639,USD,2.07 USD,TAKER,2d97183c-e884-4dd3-8baa-4e6b1a700a9b,2025-01-07 15:45:00+00:00,2025-01-07 15:45:00+00:00,{},False
O-20250107-154500-001-V2-54,BACKTESTER-001,MLSignalStrategyV2-V2,EUR/USD.IDEALPRO,IDEALPRO-1-054,IDEALPRO-001,IDEALPRO-1-10569,EUR/USD.IDEALPRO-MLSignalStrategyV2-V2,SELL,LIMIT,100000.00,1.03798,USD,2.08 USD,MAKER,4cab7329-4d55-4f09-a16a-d1d6d086d9d2,2025-01-07 16:32:00+00:00,2025-01-07 16:32:00+00:00,{},False
O-20250107-170000-001-V2-55,BACKTESTER-001,MLSignalStrategyV2-V2,EUR/USD.IDEALPRO,IDEALPRO-1-055,IDEALPRO-001,IDEALPRO-1-10626,EUR/USD.IDEALPRO-MLSignalStrategyV2-V2,BUY,MARKET,100000.00,1.03683,USD,2.07 USD,TAKER,aaa58463-63de-4663-8046-1a2e5055912e,2025-01-07 17:00:00+00:00,2025-01-07 17:00:00+00:00,{},False
O-20250107-170000-001-V2-56,BACKTESTER-001,MLSignalStrategyV2-V2,EUR/USD.IDEALPRO,IDEALPRO-1-056,IDEALPRO-001,IDEALPRO-1-10845,EUR/USD.IDEALPRO-MLSignalStrategyV2-V2,SELL,STOP_MARKET,100000.00,1.03512,USD,2.07 USD,TAKER,155d7a5a-919d-4d84-b215-f4915a7f3939,2025-01-07 18:49:00+00:00,2025-01-07 18:49:00+00:00,{},False
O-20250107-211500-001-V2-58,BACKTESTER-001,MLSignalStrategyV2-V2,EUR/USD.IDEALPRO,IDEALPRO-1-058,IDEALPRO-001,IDEALPRO-1-11139,EUR/USD.IDEALPRO-MLSignalStrategyV2-V2,BUY,MARKET,100000.00,1.03428,USD,2.07 USD,TAKER,96dc962c-2e96-461b-8f63-b2db8806571c,2025-01-07 21:15:00+00:00,2025-01-07 21:15:00+00:00,{},False
O-20250107-211500-001-V2-60,BACKTESTER-001,MLSignalStrategyV2-V2,EUR/USD.IDEALPRO,IDEALPRO-1-060,IDEALPRO-001,IDEALPRO-1-11495,EUR/USD.IDEALPRO-MLSignalStrategyV2-V2,SELL,LIMIT,100000.00,1.03491,USD,2.07 USD,MAKER,35491356-865b-443c-8ba2-b48f8bd44c3a,2025-01-08 00:28:00+00:00,2025-01-08 00:28:00+00:00,{},False
O-20250108-003000-001-V2-61,BACKTESTER-001,MLSignalStrategyV2-V2,EUR/USD.IDEALPRO,IDEALPRO-1-061,IDEALPRO-001,IDEALPRO-1-11500,EUR/USD.IDEALPRO-MLSignalStrategyV2-V2,SELL,MARKET,100000.00,1.03491,USD,2.07 USD,TAKER,2e7a7545-23e6-4149-ad51-668026d4a9fb,2025-01-08 00:30:00+00:00,2025-01-08 00:30:00+00:00,{},False
O-20250108-003000-001-V2-63,BACKTESTER-001,MLSignalStrategyV2-V2,EUR/USD.IDEALPRO,IDEALPRO-1-063,IDEALPRO-001,IDEALPRO-1-11509,EUR/USD.IDEALPRO-MLSignalStrategyV2-V2,BUY,LIMIT,100000.00,1.03449,USD,2.07 USD,MAKER,f2d39045-b197-4db5-975e-ddad0f794488,2025-01-08 00:34:00+00:00,2025-01-08 00:34:00+00:00,{},False
O-20250108-033000-001-V2-64,BACKTESTER-001,MLSignalStrategyV2-V2,EUR/USD.IDEALPRO,IDEALPRO-1-064,IDEALPRO-001,IDEALPRO-1-11862,EUR/USD.IDEALPRO-MLSignalStrategyV2-V2,BUY,MARKET,100000.00,1.03504,USD,2.07 USD,TAKER,a4be2ef7-8932-442a-a1fb-e3ed85a21558,2025-01-08 03:30:00+00:00,2025-01-08 03:30:00+00:00,{},False
O-20250108-033000-001-V2-65,BACKTESTER-001,MLSignalStrategyV2-V2,EUR/USD.IDEALPRO,IDEALPRO-1-065,IDEALPRO-001,IDEALPRO-1-11889,EUR/USD.IDEALPRO-MLSignalStrategyV2-V2,SELL,STOP_MARKET,100000.00,1.03462,USD,2.07 USD,TAKER,68953925-50a4-4fe6-996d-3324e3b73041,2025-01-08 03:43:00+00:00,2025-01-08 03:43:00+00:00,{},False
O-20250108-034500-001-V2-67,BACKTESTER-001,MLSignalStrategyV2-V2,EUR/USD.IDEALPRO,IDEALPRO-1-067,IDEALPRO-001,IDEALPRO-1-11894,EUR/USD.IDEALPRO-MLSignalStrategyV2-V2,BUY,MARKET,100000.00,1.03470,USD,2.07 USD,TAKER,290efb66-1222-4178-854e-d7c0befc99c7,2025-01-08 03:45:00+00:00,2025-01-08 03:45:00+00:00,{},False
O-20250108-034500-001-V2-69,BACKTESTER-001,MLSignalStrategyV2-V2,EUR/USD.IDEALPRO,IDEALPRO-1-069,IDEALPRO-001,IDEALPRO-1-11947,EUR/USD.IDEALPRO-MLSignalStrategyV2-V2,SELL,LIMIT,100000.00,1.03505,USD,2.07 USD,MAKER,859f092a-0205-4f61-8a1e-58bb048a4c54,2025-01-08 04:11:00+00:00,2025-01-08 04:11:00+00:00,{},False
O-20250108-051500-001-V2-70,BACKTESTER-001,MLSignalStrategyV2-V2,EUR/USD.IDEALPRO,IDEALPRO-1-070,IDEALPRO-001,IDEALPRO-1-12076,EUR/USD.IDEALPRO-MLSignalStrategyV2-V2,BUY,MARKET,100000.00,1.03503,USD,2.07 USD,TAKER,4dbf3fbc-e990-46f4-8ab5-42527eaa8e12,2025-01-08 05:15:00+00:00,2025-01-08 05:15:00+00:00,{},False
O-20250108-051500-001-V2-72,BACKTESTER-001,MLSignalStrategyV2-V2,EUR/USD.IDEALPRO,IDEALPRO-1-072,IDEALPRO-001,IDEALPRO-1-12097,EUR/USD.IDEALPRO-MLSignalStrategyV2-V2,SELL,LIMIT,100000.00,1.03537,USD,2.07 USD,MAKER,a24f8090-81a3-4ca7-bd34-34a0408f34db,2025-01-08 05:25:00+00:00,2025-01-08 05:25:00+00:00,{},False
O-20250108-080000-001-V2-73,BACKTESTER-001,MLSignalStrategyV2-V2,EUR/USD.IDEALPRO,IDEALPRO-1-073,IDEALPRO-001,IDEALPRO-1-12408,EUR/USD.IDEALPRO-MLSignalStrategyV2-V2,BUY,MARKET,100000.00,1.03324,USD,2.07 USD,TAKER,5d08bbb9-9624-469b-a338-e1ffeae4a7f6,2025-01-08 08:00:00+00:00,2025-01-08 08:00:00+00:00,{},False
O-20250108-080000-001-V2-74,BACKTESTER-001,MLSignalStrategyV2-V2,EUR/USD.IDEALPRO,IDEALPRO-1-074,IDEALPRO-001,IDEALPRO-1-12427,EUR/USD.IDEALPRO-MLSignalStrategyV2-V2,SELL,STOP_MARKET,100000.00,1.03242,USD,2.06 USD,TAKER,73e6bd50-0365-40b5-aad3-897f867e525f,2025-01-08 08:09:00+00:00,2025-01-08 08:09:00+00:00,{},False
O-20250108-081500-001-V2-76,BACKTESTER-001,MLSignalStrategyV2-V2,EUR/USD.IDEALPRO,IDEALPRO-1-076,IDEALPRO-001,IDEALPRO-1-12440,EUR/USD.IDEALPRO-MLSignalStrategyV2-V2,BUY,MARKET,100000.00,1.03309,USD,2.07 USD,TAKER,782bfebe-4d76-44dc-a7ba-e21fc3731984,2025-01-08 08:15:00+00:00,2025-01-08 08:15:00+00:00,{},False
O-20250108-081500-001-V2-78,BACKTESTER-001,MLSignalStrategyV2-V2,EUR/USD.IDEALPRO,IDEALPRO-1-078,IDEALPRO-001,IDEALPRO-1-12449,EUR/USD.IDEALPRO-MLSignalStrategyV2-V2,SELL,LIMIT,100000.00,1.03383,USD,2.07 USD,MAKER,832fdb20-0fda-4695-b04e-4e1f61895d5e,2025-01-08 08:19:00+00:00,2025-01-08 08:19:00+00:00,{},False
O-20250108-083000-001-V2-79,BACKTESTER-001,MLSignalStrategyV2-V2,EUR/USD.IDEALPRO,IDEALPRO-1-079,IDEALPRO-001,IDEALPRO-1-12472,EUR/USD.IDEALPRO-MLSignalStrategyV2-V2,BUY,MARKET,100000.00,1.03254,USD,2.07 USD,TAKER,974a99f8-f08d-4940-acdb-7ac400258013,2025-01-08 08:30:00+00:00,2025-01-08 08:30:00+00:00,{},False
O-20250108-083000-001-V2-80,BACKTESTER-001,MLSignalStrategyV2-V2,EUR/USD.IDEALPRO,IDEALPRO-1-080,IDEALPRO-001,IDEALPRO-1-12585,EUR/USD.IDEALPRO-MLSignalStrategyV2-V2,SELL,STOP_MARKET,100000.00,1.03153,USD,2.06 USD,TAKER,05779d50-396c-453e-844f-4aa5a9d4d02f,2025-01-08 09:26:00+00:00,2025-01-08 09:26:00+00:00,{},False
O-20250108-093000-001-V2-82,BACKTESTER-001,MLSignalStrategyV2-V2,EUR/USD.IDEALPRO,IDEALPRO-1-082,IDEALPRO-001,IDEALPRO-1-12594,EUR/USD.IDEALPRO-MLSignalStrategyV2-V2,BUY,MARKET,100000.00,1.03208,USD,2.06 USD,TAKER,7b6c6017-8a86-42e7-bdc3-3b6a04ac5dce,2025-01-08 09:30:00+00:00,2025-01-08 09:30:00+00:00,{},False
O-20250108-093000-001-V2-83,BACKTESTER-001,MLSignalStrategyV2-V2,EUR/USD.IDEALPRO,IDEALPRO-1-083,IDEALPRO-001,IDEALPRO-1-12807,EUR/USD.IDEALPRO-MLSignalStrategyV2-V2,SELL,STOP_MARKET,100000.00,1.03099,USD,2.06 USD,TAKER,c86882fb-dd0e-42fc-8510-7518637b01c1,2025-01-08 11:16:00+00:00,2025-01-08 11:16:00+00:00,{},False
O-20250108-113000-001-V2-85,BACKTESTER-001,MLSignalStrategyV2-V2,EUR/USD.IDEALPRO,IDEALPRO-1-085,IDEALPRO-001,IDEALPRO-1-12836,EUR/USD.IDEALPRO-MLSignalStrategyV2-V2,BUY,MARKET,100000.00,1.03006,USD,2.06 USD,TAKER,701eb8dc-36db-496c-8ec0-407aa62c937a,2025-01-08 11:30:00+00:00,2025-01-08 11:30:00+00:00,{},False
O-20250108-113000-001-V2-86,BACKTESTER-001,MLSignalStrategyV2-V2,EUR/USD.IDEALPRO,IDEALPRO-1-086,IDEALPRO-001,IDEALPRO-1-12841,EUR/USD.IDEALPRO-MLSignalStrategyV2-V2,SELL,STOP_MARKET,100000.00,1.02888,USD,2.06 USD,TAKER,9217486c-c853-4b18-a471-f2fdb9d9d6c3,2025-01-08 11:32:00+00:00,2025-01-08 11:32:00+00:00,{},False
O-20250108-114500-001-V2-88,BACKTESTER-001,MLSignalStrategyV2-V2,EUR/USD.IDEALPRO,IDEALPRO-1-088,IDEALPRO-001,IDEALPRO-1-12868,EUR/USD.IDEALPRO-MLSignalStrategyV2-V2,BUY,MARKET,100000.00,1.02849,USD,2.06 USD,TAKER,1e6cb78a-0735-4d8d-80a0-b870db0fc317,2025-01-08 11:45:00+00:00,2025-01-08 11:45:00+00:00,{},False
O-20250108-114500-001-V2-90,BACKTESTER-001,MLSignalStrategyV2-V2,EUR/USD.IDEALPRO,IDEALPRO-1-090,IDEALPRO-001,IDEALPRO-1-12877,EUR/USD.IDEALPRO-MLSignalStrategyV2-V2,SELL,LIMIT,100000.00,1.02947,USD,2.06 USD,MAKER,b50a126c-d115-4d14-a7d5-9596212648b4,2025-01-08 11:49:00+00:00,2025-01-08 11:49:00+00:00,{},False
O-20250108-120000-001-V2-91,BACKTESTER-001,MLSignalStrategyV2-V2,EUR/USD.IDEALPRO,IDEALPRO-1-091,IDEALPRO-001,IDEALPRO-1-12900,EUR/USD.IDEALPRO-MLSignalStrategyV2-V2,BUY,MARKET,100000.00,1.02978,USD,2.06 USD,TAKER,5d83b545-2dca-4477-8fff-67da9a46c42b,2025-01-08 12:00:00+00:00,2025-01-08 12:00:00+00:00,{},False
O-20250108-120000-001-V2-92,BACKTESTER-001,MLSignalStrategyV2-V2,EUR/USD.IDEALPRO,IDEALPRO-1-092,IDEALPRO-001,IDEALPRO-1-12967,EUR/USD.IDEALPRO-MLSignalStrategyV2-V2,SELL,STOP_MARKET,100000.00,1.02838,USD,2.06 USD,TAKER,e6da4870-cb20-4c68-bb56-5b4bb1ecfa94,2025-01-08 12:33:00+00:00,2025-01-08 12:33:00+00:00,{},False
O-20250109-004500-001-V2-94,BACKTESTER-001,MLSignalStrategyV2-V2,EUR/USD.IDEALPRO,IDEALPRO-1-094,IDEALPRO-001,IDEALPRO-1-14403,EUR/USD.IDEALPRO-MLSignalStrategyV2-V2,BUY,MARKET,100000.00,1.03085,USD,2.06 USD,TAKER,fb353b58-1e51-4827-b30d-5fd8d7f6bab5,2025-01-09 00:45:00+00:00,2025-01-09 00:45:00+00:00,{},False
O-20250109-004500-001-V2-96,BACKTESTER-001,MLSignalStrategyV2-V2,EUR/USD.IDEALPRO,IDEALPRO-1-096,IDEALPRO-001,IDEALPRO-1-14429,EUR/USD.IDEALPRO-MLSignalStrategyV2-V2,SELL,LIMIT,100000.00,1.03122,USD,2.06 USD,MAKER,25ea002f-5194-418b-8344-898f5d2b5e4a,2025-01-09 00:58:00+00:00,2025-01-09 00:58:00+00:00,{},False
O-20250109-010000-001-V2-97,BACKTESTER-001,MLSignalStrategyV2-V2,EUR/USD.IDEALPRO,IDEALPRO-1-097,IDEALPRO-001,IDEALPRO-1-14434,EUR/USD.IDEALPRO-MLSignalStrategyV2-V2,BUY,MARKET,100000.00,1.03132,USD,2.06 USD,TAKER,e717bbb9-f75a-4bc9-b66f-ff0f36e58882,2025-01-09 01:00:00+00:00,2025-01-09 01:00:00+00:00,{},False
O-20250109-010000-001-V2-99,BACKTESTER-001,MLSignalStrategyV2-V2,EUR/USD.IDEALPRO,IDEALPRO-1-099,IDEALPRO-001,IDEALPRO-1-14479,EUR/USD.IDEALPRO-MLSignalStrategyV2-V2,SELL,LIMIT,100000.00,1.03173,USD,2.06 USD,MAKER,bad40f64-305b-4fbe-853c-9372d1e09bae,2025-01-09 01:22:00+00:00,2025-01-09 01:22:00+00:00,{},False
O-20250109-014500-001-V2-100,BACKTESTER-001,MLSignalStrategyV2-V2,EUR/USD.IDEALPRO,IDEALPRO-1-100,IDEALPRO-001,IDEALPRO-1-14526,EUR/USD.IDEALPRO-MLSignalStrategyV2-V2,SELL,MARKET,100000.00,1.03141,USD,2.06 USD,TAKER,18a35509-8080-4286-bab6-a866a15c9995,2025-01-09 01:45:00+00:00,2025-01-09 01:45:00+00:00,{},False
O-20250109-014500-001-V2-101,BACKTESTER-001,MLSignalStrategyV2-V2,EUR/USD.IDEALPRO,IDEALPRO-1-101,IDEALPRO-001,IDEALPRO-1-14599,EUR/USD.IDEALPRO-MLSignalStrategyV2-V2,BUY,STOP_MARKET,100000.00,1.03194,USD,2.06 USD,TAKER,0f8d8071-2e88-456a-8a3c-f4b005682826,2025-01-09 02:21:00+00:00,2025-01-09 02:21:00+00:00,{},False
O-20250109-043000-001-V2-103,BACKTESTER-001,MLSignalStrategyV2-V2,EUR/USD.IDEALPRO,IDEALPRO-1-103,IDEALPRO-001,IDEALPRO-1-14859,EUR/USD.IDEALPRO-MLSignalStrategyV2-V2,SELL,MARKET,100000.00,1.03096,USD,2.06 USD,TAKER,6c504d22-c533-454c-8d4b-3727324955c9,2025-01-09 04:30:00+00:00,2025-01-09 04:30:00+00:00,{},False
O-20250109-043000-001-V2-105,BACKTESTER-001,MLSignalStrategyV2-V2,EUR/USD.IDEALPRO,IDEALPRO-1-105,IDEALPRO-001,IDEALPRO-1-15045,EUR/USD.IDEALPRO-MLSignalStrategyV2-V2,BUY,LIMIT,100000.00,1.03052,USD,2.06 USD,MAKER,2f2bddaf-4993-40a3-ba39-a6b0df4790fe,2025-01-09 06:03:00+00:00,2025-01-09 06:03:00+00:00,{},False
O-20250109-074500-001-V2-106,BACKTESTER-001,MLSignalStrategyV2-V2,EUR/USD.IDEALPRO,IDEALPRO-1-106,IDEALPRO-001,IDEALPRO-1-15250,EUR/USD.IDEALPRO-MLSignalStrategyV2-V2,SELL,MARKET,100000.00,1.02939,USD,2.06 USD,TAKER,5c7de72c-3a42-4ac5-b636-f647b51c876a,2025-01-09 07:45:00+00:00,2025-01-09 07:45:00+00:00,{},False
O-20250109-074500-001-V2-108,BACKTESTER-001,MLSignalStrategyV2-V2,EUR/USD.IDEALPRO,IDEALPRO-1-108,IDEALPRO-001,IDEALPRO-1-15281,EUR/USD.IDEALPRO-MLSignalStrategyV2-V2,BUY,LIMIT,100000.00,1.02877,USD,2.06 USD,MAKER,9cdab8a0-c2f6-4c25-bea5-b2dd0a6e07e9,2025-01-09 08:00:00+00:00,2025-01-09 08:00:00+00:00,{},False
O-20250109-143000-001-V2-109,BACKTESTER-001,MLSignalStrategyV2-V2,EUR/USD.IDEALPRO,IDEALPRO-1-109,IDEALPRO-001,IDEALPRO-1-16062,EUR/USD.IDEALPRO-MLSignalStrategyV2-V2,BUY,MARKET,100000.00,1.03101,USD,2.06 USD,TAKER,f81bc145-7d7e-41ae-87dd-dfbc6b5cdb20,2025-01-09 14:30:00+00:00,2025-01-09 14:30:00+00:00,{},False
O-20250109-143000-001-V2-110,BACKTESTER-001,MLSignalStrategyV2-V2,EUR/USD.IDEALPRO,IDEALPRO-1-110,IDEALPRO-001,IDEALPRO-1-16141,EUR/USD.IDEALPRO-MLSignalStrategyV2-V2,SELL,STOP_MARKET,100000.00,1.03013,USD,2.06 USD,TAKER,7b63cb3b-039b-4188-9089-cca1bf6f4007,2025-01-09 15:09:00+00:00,2025-01-09 15:09:00+00:00,{},False
O-20250109-194500-001-V2-112,BACKTESTER-001,MLSignalStrategyV2-V2,EUR/USD.IDEALPRO,IDEALPRO-1-112,IDEALPRO-001,IDEALPRO-1-16695,EUR/USD.IDEALPRO-MLSignalStrategyV2-V2,BUY,MARKET,100000.00,1.03001,USD,2.06 USD,TAKER,1587d216-25da-4f56-8728-601c5941bdcb,2025-01-09 19:45:00+00:00,2025-01-09 19:45:00+00:00,{},False
O-20250109-194500-001-V2-113,BACKTESTER-001,MLSignalStrategyV2-V2,EUR/USD.IDEALPRO,IDEALPRO-1-113,IDEALPRO-001,IDEALPRO-1-17215,EUR/USD.IDEALPRO-MLSignalStrategyV2-V2,SELL,STOP_MARKET,100000.00,1.02947,USD,2.06 USD,TAKER,6558665c-20d7-4d18-b6e4-cc79dabd768c,2025-01-10 00:20:00+00:00,2025-01-10 00:20:00+00:00,{},False
O-20250110-003000-001-V2-115,BACKTESTER-001,MLSignalStrategyV2-V2,EUR/USD.IDEALPRO,IDEALPRO-1-115,IDEALPRO-001,IDEALPRO-1-17237,EUR/USD.IDEALPRO-MLSignalStrategyV2-V2,BUY,MARKET,100000.00,1.02945,USD,2.06 USD,TAKER,c31f550b-f49c-471d-9ad2-77dad1cedee3,2025-01-10 00:30:00+00:00,2025-01-10 00:30:00+00:00,{},False
O-20250110-003000-001-V2-117,BACKTESTER-001,MLSignalStrategyV2-V2,EUR/USD.IDEALPRO,IDEALPRO-1-117,IDEALPRO-001,IDEALPRO-1-17315,EUR/USD.IDEALPRO-MLSignalStrategyV2-V2,SELL,LIMIT,100000.00,1.02985,USD,2.06 USD,MAKER,fde93533-b1ea-43a8-9f70-2d6e11dc1746,2025-01-10 01:09:00+00:00,2025-01-10 01:09:00+00:00,{},False
O-20250110-040000-001-V2-118,BACKTESTER-001,MLSignalStrategyV2-V2,EUR/USD.IDEALPRO,IDEALPRO-1-118,IDEALPRO-001,IDEALPRO-1-17659,EUR/USD.IDEALPRO-MLSignalStrategyV2-V2,BUY,MARKET,100000.00,1.02986,USD,2.06 USD,TAKER,b390b2f3-2195-470a-a92d-bd5dca0086a4,2025-01-10 04:00:00+00:00,2025-01-10 04:00:00+00:00,{},False
O-20250110-040000-001-V2-119,BACKTESTER-001,MLSignalStrategyV2-V2,EUR/USD.IDEALPRO,IDEALPRO-1-119,IDEALPRO-001,IDEALPRO-1-17733,EUR/USD.IDEALPRO-MLSignalStrategyV2-V2,SELL,STOP_MARKET,100000.00,1.02938,USD,2.06 USD,TAKER,a9a0504e-b1f9-43f1-a568-b953743afa64,2025-01-10 04:37:00+00:00,2025-01-10 04:37:00+00:00,{},False
O-20250110-044500-001-V2-121,BACKTESTER-001,MLSignalStrategyV2-V2,EUR/USD.IDEALPRO,IDEALPRO-1-121,IDEALPRO-001,IDEALPRO-1-17750,EUR/USD.IDEALPRO-MLSignalStrategyV2-V2,BUY,MARKET,100000.00,1.02948,USD,2.06 USD,TAKER,69882807-2938-4735-80ee-393f3da6acac,2025-01-10 04:45:00+00:00,2025-01-10 04:45:00+00:00,{},False
O-20250110-044500-001-V2-122,BACKTESTER-001,MLSignalStrategyV2-V2,EUR/USD.IDEALPRO,IDEALPRO-1-122,IDEALPRO-001,IDEALPRO-1-17853,EUR/USD.IDEALPRO-MLSignalStrategyV2-V2,SELL,STOP_MARKET,100000.00,1.02902,USD,2.06 USD,TAKER,f7bf987e-5c6c-4e04-8ed9-5f1054595f4b,2025-01-10 05:36:00+00:00,2025-01-10 05:36:00+00:00,{},False
O-20250110-054500-001-V2-124,BACKTESTER-001,MLSignalStrategyV2-V2,EUR/USD.IDEALPRO,IDEALPRO-1-124,IDEALPRO-001,IDEALPRO-1-17872,EUR/USD.IDEALPRO-MLSignalStrategyV2-V2,BUY,MARKET,100000.00,1.02928,USD,2.06 USD,TAKER,aaefb158-fb03-4cb2-a9da-ccd9fc0950f7,2025-01-10 05:45:00+00:00,2025-01-10 05:45:00+00:00,{},False
O-20250110-054500-001-V2-125,BACKTESTER-001,MLSignalStrategyV2-V2,EUR/USD.IDEALPRO,IDEALPRO-1-125,IDEALPRO-001,IDEALPRO-1-17899,EUR/USD.IDEALPRO-MLSignalStrategyV2-V2,SELL,STOP_MARKET,100000.00,1.02860,USD,2.06 USD,TAKER,fcb366a2-beab-4605-81ff-567c7435ba5c,2025-01-10 05:58:00+00:00,2025-01-10 05:58:00+00:00,{},False
O-20250110-060000-001-V2-127,BACKTESTER-001,MLSignalStrategyV2-V2,EUR/USD.IDEALPRO,IDEALPRO-1-127,IDEALPRO-001,IDEALPRO-1-17904,EUR/USD.IDEALPRO-MLSignalStrategyV2-V2,BUY,MARKET,100000.00,1.02858,USD,2.06 USD,TAKER,4b8191b9-7cd9-43f5-add2-630a3ca474a2,2025-01-10 06:00:00+00:00,2025-01-10 06:00:00+00:00,{},False
O-20250110-060000-001-V2-128,BACKTESTER-001,MLSignalStrategyV2-V2,EUR/USD.IDEALPRO,IDEALPRO-1-128,IDEALPRO-001,IDEALPRO-1-18009,EUR/USD.IDEALPRO-MLSignalStrategyV2-V2,SELL,STOP_MARKET,100000.00,1.02813,USD,2.06 USD,TAKER,f55d1845-cb17-4a00-974a-6140121da027,2025-01-10 06:52:00+00:00,2025-01-10 06:52:00+00:00,{},False
O-20250110-080000-001-V2-130,BACKTESTER-001,MLSignalStrategyV2-V2,EUR/USD.IDEALPRO,IDEALPRO-1-130,IDEALPRO-001,IDEALPRO-1-18146,EUR/USD.IDEALPRO-MLSignalStrategyV2-V2,BUY,MARKET,100000.00,1.02972,USD,2.06 USD,TAKER,5d10b718-fcd9-41d9-a4e7-a7ef135a3bdd,2025-01-10 08:00:00+00:00,2025-01-10 08:00:00+00:00,{},False
O-20250110-080000-001-V2-132,BACKTESTER-001,MLSignalStrategyV2-V2,EUR/USD.IDEALPRO,IDEALPRO-1-132,IDEALPRO-001,IDEALPRO-1-18193,EUR/USD.IDEALPRO-MLSignalStrategyV2-V2,SELL,LIMIT,100000.00,1.03023,USD,2.06 USD,MAKER,230deae8-8042-48a8-84f3-0512d25b7ab2,2025-01-10 08:23:00+00:00,2025-01-10 08:23:00+00:00,{},False
O-20250110-140000-001-V2-133,BACKTESTER-001,MLSignalStrategyV2-V2,EUR/USD.IDEALPRO,IDEALPRO-1-133,IDEALPRO-001,IDEALPRO-1-18868,EUR/USD.IDEALPRO-MLSignalStrategyV2-V2,SELL,MARKET,100000.00,1.02565,USD,2.05 USD,TAKER,e8939745-66ab-4085-8d4c-02138c160088,2025-01-10 14:00:00+00:00,2025-01-10 14:00:00+00:00,{},False
O-20250110-140000-001-V2-135,BACKTESTER-001,MLSignalStrategyV2-V2,EUR/USD.IDEALPRO,IDEALPRO-1-135,IDEALPRO-001,IDEALPRO-1-18993,EUR/USD.IDEALPRO-MLSignalStrategyV2-V2,BUY,LIMIT,100000.00,1.02362,USD,2.05 USD,MAKER,02c06711-3a44-4806-9aeb-5ce032632850,2025-01-10 15:02:00+00:00,2025-01-10 15:02:00+00:00,{},False
O-20250110-173000-001-V2-136,BACKTESTER-001,MLSignalStrategyV2-V2,EUR/USD.IDEALPRO,IDEALPRO-1-136,IDEALPRO-001,IDEALPRO-1-19290,EUR/USD.IDEALPRO-MLSignalStrategyV2-V2,BUY,MARKET,100000.00,1.02392,USD,2.05 USD,TAKER,0c7a7699-d9a4-4f92-8056-a9bc0c71eec7,2025-01-10 17:30:00+00:00,2025-01-10 17:30:00+00:00,{},False
O-20250110-173000-001-V2-137,BACKTESTER-001,MLSignalStrategyV2-V2,EUR/USD.IDEALPRO,IDEALPRO-1-137,IDEALPRO-001,IDEALPRO-1-20475,EUR/USD.IDEALPRO-MLSignalStrategyV2-V2,SELL,STOP_MARKET,100000.00,1.02201,USD,2.04 USD,TAKER,4c79058a-006b-40f7-a40c-64a6888ce7bd,2025-01-13 03:37:00+00:00,2025-01-13 03:37:00+00:00,{},False
O-20250113-061500-001-V2-139,BACKTESTER-001,MLSignalStrategyV2-V2,EUR/USD.IDEALPRO,IDEALPRO-1-139,IDEALPRO-001,IDEALPRO-1-20792,EUR/USD.IDEALPRO-MLSignalStrategyV2-V2,SELL,MARKET,100000.00,1.02234,USD,2.04 USD,TAKER,74e07d82-46f9-4e6a-a671-61611c2d3e10,2025-01-13 06:15:00+00:00,2025-01-13 06:15:00+00:00,{},False
O-20250113-061500-001-V2-141,BACKTESTER-001,MLSignalStrategyV2-V2,EUR/USD.IDEALPRO,IDEALPRO-1-141,IDEALPRO-001,IDEALPRO-1-20811,EUR/USD.IDEALPRO-MLSignalStrategyV2-V2,BUY,LIMIT,100000.00,1.02178,USD,2.04 USD,MAKER,214a3ab5-c8e5-4187-971c-9d6d140a33b1,2025-01-13 06:24:00+00:00,2025-01-13 06:24:00+00:00,{},False
O-20250113-093000-001-V2-142,BACKTESTER-001,MLSignalStrategyV2-V2,EUR/USD.IDEALPRO,IDEALPRO-1-142,IDEALPRO-001,IDEALPRO-1-21184,EUR/USD.IDEALPRO-MLSignalStrategyV2-V2,BUY,MARKET,100000.00,1.01867,USD,2.04 USD,TAKER,6985ac27-797a-48fe-a28a-a7c6af11746a,2025-01-13 09:30:00+00:00,2025-01-13 09:30:00+00:00,{},False
O-20250113-093000-001-V2-144,BACKTESTER-001,MLSignalStrategyV2-V2,EUR/USD.IDEALPRO,IDEALPRO-1-144,IDEALPRO-001,IDEALPRO-1-21217,EUR/USD.IDEALPRO-MLSignalStrategyV2-V2,SELL,LIMIT,100000.00,1.01980,USD,2.04 USD,MAKER,5f4dedd0-2f3a-478a-b9c6-1d4d030beeb3,2025-01-13 09:46:00+00:00,2025-01-13 09:46:00+00:00,{},False
O-20250113-113000-001-V2-145,BACKTESTER-001,MLSignalStrategyV2-V2,EUR/USD.IDEALPRO,IDEALPRO-1-145,IDEALPRO-001,IDEALPRO-1-21426,EUR/USD.IDEALPRO-MLSignalStrategyV2-V2,BUY,MARKET,100000.00,1.01908,USD,2.04 USD,TAKER,f609b480-9d51-4da8-bbc9-f78c5d209292,2025-01-13 11:30:00+00:00,2025-01-13 11:30:00+00:00,{},False
O-20250113-113000-001-V2-147,BACKTESTER-001,MLSignalStrategyV2-V2,EUR/USD.IDEALPRO,IDEALPRO-1-147,IDEALPRO-001,IDEALPRO-1-21453,EUR/USD.IDEALPRO-MLSignalStrategyV2-V2,SELL,LIMIT,100000.00,1.02028,USD,2.04 USD,MAKER,6cffd353-272c-48d2-a372-f7c86fb26797,2025-01-13 11:43:00+00:00,2025-01-13 11:43:00+00:00,{},False
O-20250113-121500-001-V2-148,BACKTESTER-001,MLSignalStrategyV2-V2,EUR/USD.IDEALPRO,IDEALPRO-1-148,IDEALPRO-001,IDEALPRO-1-21518,EUR/USD.IDEALPRO-MLSignalStrategyV2-V2,BUY,MARKET,100000.00,1.01947,USD,2.04 USD,TAKER,1c4a630d-7c1e-46cd-b850-10274c9f76d7,2025-01-13 12:15:00+00:00,2025-01-13 12:15:00+00:00,{},False
O-20250113-121500-001-V2-150,BACKTESTER-001,MLSignalStrategyV2-V2,EUR/USD.IDEALPRO,IDEALPRO-1-150,IDEALPRO-001,IDEALPRO-1-21601,EUR/USD.IDEALPRO-MLSignalStrategyV2-V2,SELL,LIMIT,100000.00,1.02065,USD,2.04 USD,MAKER,0712e5bc-ace2-42eb-8f5a-2462eab7a397,2025-01-13 12:56:00+00:00,2025-01-13 12:56:00+00:00,{},False
O-20250113-181500-001-V2-151,BACKTESTER-001,MLSignalStrategyV2-V2,EUR/USD.IDEALPRO,IDEALPRO-1-151,IDEALPRO-001,IDEALPRO-1-22240,EUR/USD.IDEALPRO-MLSignalStrategyV2-V2,BUY,MARKET,100000.00,1.02164,USD,2.04 USD,TAKER,ff1c589a-d5a9-405a-a3e7-ea08b03909e7,2025-01-13 18:15:00+00:00,2025-01-13 18:15:00+00:00,{},False
O-20250113-181500-001-V2-152,BACKTESTER-001,MLSignalStrategyV2-V2,EUR/USD.IDEALPRO,IDEALPRO-1-152,IDEALPRO-001,IDEALPRO-1-22453,EUR/USD.IDEALPRO-MLSignalStrategyV2-V2,SELL,STOP_MARKET,100000.00,1.02068,USD,2.04 USD,TAKER,3dae0053-8fee-4f9c-810a-d578a014eaaf,2025-01-13 20:01:00+00:00,2025-01-13 20:01:00+00:00,{},False
O-20250113-201500-001-V2-154,BACKTESTER-001,MLSignalStrategyV2-V2,EUR/USD.IDEALPRO,IDEALPRO-1-154,IDEALPRO-001,IDEALPRO-1-22483,EUR/USD.IDEALPRO-MLSignalStrategyV2-V2,BUY,MARKET,100000.00,1.02130,USD,2.04 USD,TAKER,59d636cc-ba34-4252-9479-ec80021a5e3f,2025-01-13 20:15:00+00:00,2025-01-13 20:15:00+00:00,{},False
O-20250113-201500-001-V2-156,BACKTESTER-001,MLSignalStrategyV2-V2,EUR/USD.IDEALPRO,IDEALPRO-1-156,IDEALPRO-001,IDEALPRO-1-22585,EUR/USD.IDEALPRO-MLSignalStrategyV2-V2,SELL,LIMIT,100000.00,1.02188,USD,2.04 USD,MAKER,695cfe44-ca89-4dd6-a1aa-6c68f4d64dad,2025-01-13 21:06:00+00:00,2025-01-13 21:06:00+00:00,{},False
O-20250113-213000-001-V2-157,BACKTESTER-001,MLSignalStrategyV2-V2,EUR/USD.IDEALPRO,IDEALPRO-1-157,IDEALPRO-001,IDEALPRO-1-22634,EUR/USD.IDEALPRO-MLSignalStrategyV2-V2,BUY,MARKET,100000.00,1.02225,USD,2.04 USD,TAKER,8d194aaa-9bca-42f0-96ed-3ed826cf5cbe,2025-01-13 21:30:00+00:00,2025-01-13 21:30:00+00:00,{},False
O-20250113-213000-001-V2-159,BACKTESTER-001,MLSignalStrategyV2-V2,EUR/USD.IDEALPRO,IDEALPRO-1-159,IDEALPRO-001,IDEALPRO-1-22663,EUR/USD.IDEALPRO-MLSignalStrategyV2-V2,SELL,LIMIT,100000.00,1.02299,USD,2.05 USD,MAKER,e436de35-81ee-42a1-9468-bcd1c23340fe,2025-01-13 21:44:00+00:00,2025-01-13 21:44:00+00:00,{},False
O-20250113-214500-001-V2-160,BACKTESTER-001,MLSignalStrategyV2-V2,EUR/USD.IDEALPRO,IDEALPRO-1-160,IDEALPRO-001,IDEALPRO-1-22666,EUR/USD.IDEALPRO-MLSignalStrategyV2-V2,BUY,MARKET,100000.00,1.02277,USD,2.05 USD,TAKER,9206cad1-5bee-4d43-87f8-77dc4321f127,2025-01-13 21:45:00+00:00,2025-01-13 21:45:00+00:00,{},False
O-20250113-214500-001-V2-162,BACKTESTER-001,MLSignalStrategyV2-V2,EUR/USD.IDEALPRO,IDEALPRO-1-162,IDEALPRO-001,IDEALPRO-1-22675,EUR/USD.IDEALPRO-MLSignalStrategyV2-V2,SELL,LIMIT,100000.00,1.02329,USD,2.05 USD,MAKER,464b10ab-ecc4-4588-8522-231f8bf52048,2025-01-13 21:49:00+00:00,2025-01-13 21:49:00+00:00,{},False
O-20250113-230000-001-V2-163,BACKTESTER-001,MLSignalStrategyV2-V2,EUR/USD.IDEALPRO,IDEALPRO-1-163,IDEALPRO-001,IDEALPRO-1-22788,EUR/USD.IDEALPRO-MLSignalStrategyV2-V2,SELL,MARKET,100000.00,1.02600,USD,2.05 USD,TAKER,54238798-70bd-451c-8d8c-ed08e30a0b0d,2025-01-13 23:00:00+00:00,2025-01-13 23:00:00+00:00,{},False
O-20250113-230000-001-V2-165,BACKTESTER-001,MLSignalStrategyV2-V2,EUR/USD.IDEALPRO,IDEALPRO-1-165,IDEALPRO-001,IDEALPRO-1-22799,EUR/USD.IDEALPRO-MLSignalStrategyV2-V2,BUY,LIMIT,100000.00,1.02511,USD,2.05 USD,MAKER,537eed26-f369-4665-b291-0d4aa2b47aee,2025-01-13 23:05:00+00:00,2025-01-13 23:05:00+00:00,{},False
O-20250113-231500-001-V2-166,BACKTESTER-001,MLSignalStrategyV2-V2,EUR/USD.IDEALPRO,IDEALPRO-1-166,IDEALPRO-001,IDEALPRO-1-22821,EUR/USD.IDEALPRO-MLSignalStrategyV2-V2,SELL,MARKET,100000.00,1.02615,USD,2.05 USD,TAKER,32644b81-0618-4233-89b9-11deb2da0df4,2025-01-13 23:15:00+00:00,2025-01-13 23:15:00+00:00,{},False
O-20250113-231500-001-V2-167,BACKTESTER-001,MLSignalStrategyV2-V2,EUR/USD.IDEALPRO,IDEALPRO-1-167,IDEALPRO-001,IDEALPRO-1-22857,EUR/USD.IDEALPRO-MLSignalStrategyV2-V2,BUY,STOP_MARKET,100000.00,1.02741,USD,2.05 USD,TAKER,8352a573-8596-4426-a079-cf848c60b308,2025-01-13 23:33:00+00:00,2025-01-13 23:33:00+00:00,{},False
O-20250113-234500-001-V2-169,BACKTESTER-001,MLSignalStrategyV2-V2,EUR/USD.IDEALPRO,IDEALPRO-1-169,IDEALPRO-001,IDEALPRO-1-22882,EUR/USD.IDEALPRO-MLSignalStrategyV2-V2,SELL,MARKET,100000.00,1.02700,USD,2.05 USD,TAKER,f213c815-9f0a-482d-98c6-6b2b8071281f,2025-01-13 23:45:00+00:00,2025-01-13 23:45:00+00:00,{},False
O-20250113-234500-001-V2-171,BACKTESTER-001,MLSignalStrategyV2-V2,EUR/USD.IDEALPRO,IDEALPRO-1-171,IDEALPRO-001,IDEALPRO-1-22917,EUR/USD.IDEALPRO-MLSignalStrategyV2-V2,BUY,LIMIT,100000.00,1.02560,USD,2.05 USD,MAKER,6518d9f7-106d-4b56-92b6-f66b5bf44e90,2025-01-14 00:02:00+00:00,2025-01-14 00:02:00+00:00,{},False
O-20250114-004500-001-V2-172,BACKTESTER-001,MLSignalStrategyV2-V2,EUR/USD.IDEALPRO,IDEALPRO-1-172,IDEALPRO-001,IDEALPRO-1-23004,EUR/USD.IDEALPRO-MLSignalStrategyV2-V2,BUY,MARKET,100000.00,1.02477,USD,2.05 USD,TAKER,6d4ae0a2-42b6-4054-a14a-d8dcf9313273,2025-01-14 00:45:00+00:00,2025-01-14 00:45:00+00:00,{},False
O-20250114-004500-001-V2-174,BACKTESTER-001,MLSignalStrategyV2-V2,EUR/USD.IDEALPRO,IDEALPRO-1-174,IDEALPRO-001,IDEALPRO-1-23757,EUR/USD.IDEALPRO-MLSignalStrategyV2-V2,SELL,LIMIT,100000.00,1.02588,USD,2.05 USD,MAKER,b565b469-68f7-4be2-857e-6188c6af062c,2025-01-14 07:01:00+00:00,2025-01-14 07:01:00+00:00,{},False
O-20250114-111500-001-V2-175,BACKTESTER-001,MLSignalStrategyV2-V2,EUR/USD.IDEALPRO,IDEALPRO-1-175,IDEALPRO-001,IDEALPRO-1-24266,EUR/USD.IDEALPRO-MLSignalStrategyV2-V2,SELL,MARKET,100000.00,1.02582,USD,2.05 USD,TAKER,5f3c0093-1c89-4c30-977a-800b4e48f581,2025-01-14 11:15:00+00:00,2025-01-14 11:15:00+00:00,{},False
O-20250114-111500-001-V2-177,BACKTESTER-001,MLSignalStrategyV2-V2,EUR/USD.IDEALPRO,IDEALPRO-1-177,IDEALPRO-001,IDEALPRO-1-24373,EUR/USD.IDEALPRO-MLSignalStrategyV2-V2,BUY,LIMIT,100000.00,1.02463,USD,2.05 USD,MAKER,5822e90a-140b-4313-9854-276a1d051539,2025-01-14 12:08:00+00:00,2025-01-14 12:08:00+00:00,{},False
O-20250114-184500-001-V2-178,BACKTESTER-001,MLSignalStrategyV2-V2,EUR/USD.IDEALPRO,IDEALPRO-1-178,IDEALPRO-001,IDEALPRO-1-25168,EUR/USD.IDEALPRO-MLSignalStrategyV2-V2,BUY,MARKET,100000.00,1.02984,USD,2.06 USD,TAKER,8a20c0be-3666-4c41-886b-8763a8b9f45c,2025-01-14 18:45:00+00:00,2025-01-14 18:45:00+00:00,{},False
O-20250114-184500-001-V2-180,BACKTESTER-001,MLSignalStrategyV2-V2,EUR/USD.IDEALPRO,IDEALPRO-1-180,IDEALPRO-001,IDEALPRO-1-25367,EUR/USD.IDEALPRO-MLSignalStrategyV2-V2,SELL,LIMIT,100000.00,1.03075,USD,2.06 USD,MAKER,2a43693f-4c71-48c8-953c-64c830d3b894,2025-01-14 20:24:00+00:00,2025-01-14 20:24:00+00:00,{},False
O-20250114-210000-001-V2-181,BACKTESTER-001,MLSignalStrategyV2-V2,EUR/USD.IDEALPRO,IDEALPRO-1-181,IDEALPRO-001,IDEALPRO-1-25440,EUR/USD.IDEALPRO-MLSignalStrategyV2-V2,BUY,MARKET,100000.00,1.03019,USD,2.06 USD,TAKER,bf26ca42-efca-4d41-a3fa-f34414623245,2025-01-14 21:00:00+00:00,2025-01-14 21:00:00+00:00,{},False
O-20250114-210000-001-V2-183,BACKTESTER-001,MLSignalStrategyV2-V2,EUR/USD.IDEALPRO,IDEALPRO-1-183,IDEALPRO-001,IDEALPRO-1-25555,EUR/USD.IDEALPRO-MLSignalStrategyV2-V2,SELL,LIMIT,100000.00,1.03084,USD,2.06 USD,MAKER,93ab54d2-e040-47f5-8b7c-e6be2a0391c1,2025-01-14 21:57:00+00:00,2025-01-14 21:57:00+00:00,{},False
O-20250115-030000-001-V2-184,BACKTESTER-001,MLSignalStrategyV2-V2,EUR/USD.IDEALPRO,IDEALPRO-1-184,IDEALPRO-001,IDEALPRO-1-26132,EUR/USD.IDEALPRO-MLSignalStrategyV2-V2,SELL,MARKET,100000.00,1.02971,USD,2.06 USD,TAKER,17333909-a3b1-4c17-98b8-6dcd9583cf69,2025-01-15 03:00:00+00:00,2025-01-15 03:00:00+00:00,{},False
O-20250115-030000-001-V2-185,BACKTESTER-001,MLSignalStrategyV2-V2,EUR/USD.IDEALPRO,IDEALPRO-1-185,IDEALPRO-001,IDEALPRO-1-26161,EUR/USD.IDEALPRO-MLSignalStrategyV2-V2,BUY,STOP_MARKET,100000.00,1.03015,USD,2.06 USD,TAKER,d2846c3a-679a-4731-b364-62dcca14c09a,2025-01-15 03:14:00+00:00,2025-01-15 03:14:00+00:00,{},False
O-20250115-031500-001-V2-187,BACKTESTER-001,MLSignalStrategyV2-V2,EUR/USD.IDEALPRO,IDEALPRO-1-187,IDEALPRO-001,IDEALPRO-1-26165,EUR/USD.IDEALPRO-MLSignalStrategyV2-V2,SELL,MARKET,100000.00,1.03005,USD,2.06 USD,TAKER,52d9c1a9-562a-45b7-b07e-3aaffa00aec5,2025-01-15 03:15:00+00:00,2025-01-15 03:15:00+00:00,{},False
O-20250115-031500-001-V2-188,BACKTESTER-001,MLSignalStrategyV2-V2,EUR/USD.IDEALPRO,IDEALPRO-1-188,IDEALPRO-001,IDEALPRO-1-26427,EUR/USD.IDEALPRO-MLSignalStrategyV2-V2,BUY,STOP_MARKET,100000.00,1.03053,USD,2.06 USD,TAKER,19214afb-23a3-4617-be86-ca1056a4f3df,2025-01-15 05:26:00+00:00,2025-01-15 05:26:00+00:00,{},False
O-20250115-061500-001-V2-190,BACKTESTER-001,MLSignalStrategyV2-V2,EUR/USD.IDEALPRO,IDEALPRO-1-190,IDEALPRO-001,IDEALPRO-1-26526,EUR/USD.IDEALPRO-MLSignalStrategyV2-V2,BUY,MARKET,100000.00,1.02958,USD,2.06 USD,TAKER,903f89a2-bfca-40c3-99db-f07715a93399,2025-01-15 06:15:00+00:00,2025-01-15 06:15:00+00:00,{},False
O-20250115-061500-001-V2-191,BACKTESTER-001,MLSignalStrategyV2-V2,EUR/USD.IDEALPRO,IDEALPRO-1-191,IDEALPRO-001,IDEALPRO-1-26631,EUR/USD.IDEALPRO-MLSignalStrategyV2-V2,SELL,STOP_MARKET,100000.00,1.02893,USD,2.06 USD,TAKER,78bd65fa-3b04-4569-9d53-be03f38f926a,2025-01-15 07:07:00+00:00,2025-01-15 07:07:00+00:00,{},False
O-20250115-093000-001-V2-193,BACKTESTER-001,MLSignalStrategyV2-V2,EUR/USD.IDEALPRO,IDEALPRO-1-193,IDEALPRO-001,IDEALPRO-1-26919,EUR/USD.IDEALPRO-MLSignalStrategyV2-V2,SELL,MARKET,100000.00,1.03053,USD,2.06 USD,TAKER,5586f570-3491-4929-b872-eeda944582b1,2025-01-15 09:30:00+00:00,2025-01-15 09:30:00+00:00,{},False
O-20250115-093000-001-V2-195,BACKTESTER-001,MLSignalStrategyV2-V2,EUR/USD.IDEALPRO,IDEALPRO-1-195,IDEALPRO-001,IDEALPRO-1-27317,EUR/USD.IDEALPRO-MLSignalStrategyV2-V2,BUY,LIMIT,100000.00,1.02963,USD,2.06 USD,MAKER,0fbe709e-9fdf-48db-a315-7479c3178d8f,2025-01-15 12:49:00+00:00,2025-01-15 12:49:00+00:00,{},False
O-20250115-154500-001-V2-196,BACKTESTER-001,MLSignalStrategyV2-V2,EUR/USD.IDEALPRO,IDEALPRO-1-196,IDEALPRO-001,IDEALPRO-1-27670,EUR/USD.IDEALPRO-MLSignalStrategyV2-V2,SELL,MARKET,100000.00,1.03147,USD,2.06 USD,TAKER,8c957ae1-bf43-4d00-8b3b-9aaecb705bd4,2025-01-15 15:45:00+00:00,2025-01-15 15:45:00+00:00,{},False
O-20250115-154500-001-V2-198,BACKTESTER-001,MLSignalStrategyV2-V2,EUR/USD.IDEALPRO,IDEALPRO-1-198,IDEALPRO-001,IDEALPRO-1-27685,EUR/USD.IDEALPRO-MLSignalStrategyV2-V2,BUY,LIMIT,100000.00,1.02990,USD,2.06 USD,MAKER,a33111e5-6c65-45fb-b98d-449c9ddfffa6,2025-01-15 15:52:00+00:00,2025-01-15 15:52:00+00:00,{},False
O-20250115-171500-001-V2-199,BACKTESTER-001,MLSignalStrategyV2-V2,EUR/USD.IDEALPRO,IDEALPRO-1-199,IDEALPRO-001,IDEALPRO-1-27853,EUR/USD.IDEALPRO-MLSignalStrategyV2-V2,BUY,MARKET,100000.00,1.02859,USD,2.06 USD,TAKER,d77dc72e-f51c-485a-b7a5-3f5be9ab62a0,2025-01-15 17:15:00+00:00,2025-01-15 17:15:00+00:00,{},False
O-20250115-171500-001-V2-201,BACKTESTER-001,MLSignalStrategyV2-V2,EUR/USD.IDEALPRO,IDEALPRO-1-201,IDEALPRO-001,IDEALPRO-1-29549,EUR/USD.IDEALPRO-MLSignalStrategyV2-V2,SELL,LIMIT,100000.00,1.03015,USD,2.06 USD,MAKER,cebedb64-ec3a-4441-8b0b-bd19ebf266bf,2025-01-16 07:38:00+00:00,2025-01-16 07:38:00+00:00,{},False
O-20250116-134500-001-V2-202,BACKTESTER-001,MLSignalStrategyV2-V2,EUR/USD.IDEALPRO,IDEALPRO-1-202,IDEALPRO-001,IDEALPRO-1-30284,EUR/USD.IDEALPRO-MLSignalStrategyV2-V2,BUY,MARKET,100000.00,1.02791,USD,2.06 USD,TAKER,b2c7d68a-f8e6-415f-867e-4e82f28b5407,2025-01-16 13:45:00+00:00,2025-01-16 13:45:00+00:00,{},False
O-20250116-134500-001-V2-203,BACKTESTER-001,MLSignalStrategyV2-V2,EUR/USD.IDEALPRO,IDEALPRO-1-203,IDEALPRO-001,IDEALPRO-1-30381,EUR/USD.IDEALPRO-MLSignalStrategyV2-V2,SELL,STOP_MARKET,100000.00,1.02679,USD,2.05 USD,TAKER,46458e04-a167-4309-b257-68ea4fce2fef,2025-01-16 14:33:00+00:00,2025-01-16 14:33:00+00:00,{},False
O-20250117-001500-001-V2-205,BACKTESTER-001,MLSignalStrategyV2-V2,EUR/USD.IDEALPRO,IDEALPRO-1-205,IDEALPRO-001,IDEALPRO-1-31516,EUR/USD.IDEALPRO-MLSignalStrategyV2-V2,BUY,MARKET,100000.00,1.02992,USD,2.06 USD,TAKER,4e328c2d-353b-474c-bba3-1b287470472e,2025-01-17 00:15:00+00:00,2025-01-17 00:15:00+00:00,{},False
O-20250117-001500-001-V2-207,BACKTESTER-001,MLSignalStrategyV2-V2,EUR/USD.IDEALPRO,IDEALPRO-1-207,IDEALPRO-001,IDEALPRO-1-31549,EUR/USD.IDEALPRO-MLSignalStrategyV2-V2,SELL,LIMIT,100000.00,1.03035,USD,2.06 USD,MAKER,2bd4bc6e-ac84-418b-bb01-d358c6719811,2025-01-17 00:31:00+00:00,2025-01-17 00:31:00+00:00,{},False
O-20250117-030000-001-V2-208,BACKTESTER-001,MLSignalStrategyV2-V2,EUR/USD.IDEALPRO,IDEALPRO-1-208,IDEALPRO-001,IDEALPRO-1-31849,EUR/USD.IDEALPRO-MLSignalStrategyV2-V2,SELL,MARKET,100000.00,1.03033,USD,2.06 USD,TAKER,f8c24155-8ca9-4963-a613-2fcda8632a29,2025-01-17 03:00:00+00:00,2025-01-17 03:00:00+00:00,{},False
O-20250117-030000-001-V2-210,BACKTESTER-001,MLSignalStrategyV2-V2,EUR/USD.IDEALPRO,IDEALPRO-1-210,IDEALPRO-001,IDEALPRO-1-31977,EUR/USD.IDEALPRO-MLSignalStrategyV2-V2,BUY,LIMIT,100000.00,1.02993,USD,2.06 USD,MAKER,4bcc3791-c51e-4a4e-ad3a-90e44cc6c22d,2025-01-17 04:04:00+00:00,2025-01-17 04:04:00+00:00,{},False
O-20250117-044500-001-V2-211,BACKTESTER-001,MLSignalStrategyV2-V2,EUR/USD.IDEALPRO,IDEALPRO-1-211,IDEALPRO-001,IDEALPRO-1-32060,EUR/USD.IDEALPRO-MLSignalStrategyV2-V2,BUY,MARKET,100000.00,1.02934,USD,2.06 USD,TAKER,3dc0d854-c7a7-4ffe-8c7c-6c8a82cf4dc8,2025-01-17 04:45:00+00:00,2025-01-17 04:45:00+00:00,{},False
O-20250117-044500-001-V2-212,BACKTESTER-001,MLSignalStrategyV2-V2,EUR/USD.IDEALPRO,IDEALPRO-1-212,IDEALPRO-001,IDEALPRO-1-32181,EUR/USD.IDEALPRO-MLSignalStrategyV2-V2,SELL,STOP_MARKET,100000.00,1.02894,USD,2.06 USD,TAKER,92c2391f-c16b-441e-b68f-e19e037b1538,2025-01-17 05:45:00+00:00,2025-01-17 05:45:00+00:00,{},False
O-20250117-054500-001-V2-214,BACKTESTER-001,MLSignalStrategyV2-V2,EUR/USD.IDEALPRO,IDEALPRO-1-214,IDEALPRO-001,IDEALPRO-1-32182,EUR/USD.IDEALPRO-MLSignalStrategyV2-V2,SELL,MARKET,100000.00,1.02895,USD,2.06 USD,TAKER,e68ecf24-8cf3-4fef-bef0-7104f3efc906,2025-01-17 05:45:00+00:00,2025-01-17 05:45:00+00:00,{},False
O-20250117-054500-001-V2-215,BACKTESTER-001,MLSignalStrategyV2-V2,EUR/USD.IDEALPRO,IDEALPRO-1-215,IDEALPRO-001,IDEALPRO-1-32211,EUR/USD.IDEALPRO-MLSignalStrategyV2-V2,BUY,STOP_MARKET,100000.00,1.02937,USD,2.06 USD,TAKER,b78e8a34-0218-481a-bbe9-ed8710a56556,2025-01-17 05:59:00+00:00,2025-01-17 05:59:00+00:00,{},False
O-20250117-064500-001-V2-217,BACKTESTER-001,MLSignalStrategyV2-V2,EUR/USD.IDEALPRO,IDEALPRO-1-217,IDEALPRO-001,IDEALPRO-1-32304,EUR/USD.IDEALPRO-MLSignalStrategyV2-V2,SELL,MARKET,100000.00,1.02878,USD,2.06 USD,TAKER,54719eec-b0f1-47a2-9939-df3aed69266b,2025-01-17 06:45:00+00:00,2025-01-17 06:45:00+00:00,{},False
O-20250117-064500-001-V2-219,BACKTESTER-001,MLSignalStrategyV2-V2,EUR/USD.IDEALPRO,IDEALPRO-1-219,IDEALPRO-001,IDEALPRO-1-32363,EUR/USD.IDEALPRO-MLSignalStrategyV2-V2,BUY,LIMIT,100000.00,1.02831,USD,2.06 USD,MAKER,bc3cf15d-099e-4a9a-8230-859dc2cc542b,2025-01-17 07:14:00+00:00,2025-01-17 07:14:00+00:00,{},False
O-20250117-080000-001-V2-220,BACKTESTER-001,MLSignalStrategyV2-V2,EUR/USD.IDEALPRO,IDEALPRO-1-220,IDEALPRO-001,IDEALPRO-1-32456,EUR/USD.IDEALPRO-MLSignalStrategyV2-V2,SELL,MARKET,100000.00,1.02845,USD,2.06 USD,TAKER,14585b3e-8288-4964-b878-c8cef6f5fa3a,2025-01-17 08:00:00+00:00,2025-01-17 08:00:00+00:00,{},False
O-20250117-080000-001-V2-221,BACKTESTER-001,MLSignalStrategyV2-V2,EUR/USD.IDEALPRO,IDEALPRO-1-221,IDEALPRO-001,IDEALPRO-1-32469,EUR/USD.IDEALPRO-MLSignalStrategyV2-V2,BUY,STOP_MARKET,100000.00,1.02920,USD,2.06 USD,TAKER,d238ce96-6401-4161-94f7-b38283cfbe57,2025-01-17 08:06:00+00:00,2025-01-17 08:06:00+00:00,{},False
O-20250119-224500-001-V2-223,BACKTESTER-001,MLSignalStrategyV2-V2,EUR/USD.IDEALPRO,IDEALPRO-1-223,IDEALPRO-001,IDEALPRO-1-34197,EUR/USD.IDEALPRO-MLSignalStrategyV2-V2,BUY,MARKET,100000.00,1.02755,USD,2.06 USD,TAKER,5a2eb1cb-8034-4a9b-a009-381e7de4b42d,2025-01-19 22:45:00+00:00,2025-01-19 22:45:00+00:00,{},False
O-20250119-224500-001-V2-225,BACKTESTER-001,MLSignalStrategyV2-V2,EUR/USD.IDEALPRO,IDEALPRO-1-225,IDEALPRO-001,IDEALPRO-1-34223,EUR/USD.IDEALPRO-MLSignalStrategyV2-V2,SELL,LIMIT,100000.00,1.02846,USD,2.06 USD,MAKER,becdcd3e-702e-4e9d-8f43-98842967d605,2025-01-19 22:57:00+00:00,2025-01-19 22:57:00+00:00,{},False
O-20250119-230000-001-V2-226,BACKTESTER-001,MLSignalStrategyV2-V2,EUR/USD.IDEALPRO,IDEALPRO-1-226,IDEALPRO-001,IDEALPRO-1-34231,EUR/USD.IDEALPRO-MLSignalStrategyV2-V2,BUY,MARKET,100000.00,1.02806,USD,2.06 USD,TAKER,f50a8312-3d0d-438c-b9bb-ea2d691f3830,2025-01-19 23:00:00+00:00,2025-01-19 23:00:00+00:00,{},False
O-20250119-230000-001-V2-227,BACKTESTER-001,MLSignalStrategyV2-V2,EUR/USD.IDEALPRO,IDEALPRO-1-227,IDEALPRO-001,IDEALPRO-1-34245,EUR/USD.IDEALPRO-MLSignalStrategyV2-V2,SELL,STOP_MARKET,100000.00,1.02734,USD,2.05 USD,TAKER,28bb8790-0cd7-4a12-9e03-bf94ded94044,2025-01-19 23:07:00+00:00,2025-01-19 23:07:00+00:00,{},False
O-20250119-233000-001-V2-229,BACKTESTER-001,MLSignalStrategyV2-V2,EUR/USD.IDEALPRO,IDEALPRO-1-229,IDEALPRO-001,IDEALPRO-1-34292,EUR/USD.IDEALPRO-MLSignalStrategyV2-V2,BUY,MARKET,100000.00,1.02685,USD,2.05 USD,TAKER,20bd3ac7-87c0-46f7-97ff-869c8bd00618,2025-01-19 23:30:00+00:00,2025-01-19 23:30:00+00:00,{},False
O-20250119-233000-001-V2-231,BACKTESTER-001,MLSignalStrategyV2-V2,EUR/USD.IDEALPRO,IDEALPRO-1-231,IDEALPRO-001,IDEALPRO-1-34319,EUR/USD.IDEALPRO-MLSignalStrategyV2-V2,SELL,LIMIT,100000.00,1.02754,USD,2.06 USD,MAKER,f68ea3e7-a667-4306-8336-72e842b2c803,2025-01-19 23:43:00+00:00,2025-01-19 23:43:00+00:00,{},False
O-20250119-234500-001-V2-232,BACKTESTER-001,MLSignalStrategyV2-V2,EUR/USD.IDEALPRO,IDEALPRO-1-232,IDEALPRO-001,IDEALPRO-1-34324,EUR/USD.IDEALPRO-MLSignalStrategyV2-V2,BUY,MARKET,100000.00,1.02732,USD,2.05 USD,TAKER,e9819daa-49b5-4372-b586-01389fbe82d3,2025-01-19 23:45:00+00:00,2025-01-19 23:45:00+00:00,{},False
O-20250119-234500-001-V2-234,BACKTESTER-001,MLSignalStrategyV2-V2,EUR/USD.IDEALPRO,IDEALPRO-1-234,IDEALPRO-001,IDEALPRO-1-34353,EUR/USD.IDEALPRO-MLSignalStrategyV2-V2,SELL,LIMIT,100000.00,1.02795,USD,2.06 USD,MAKER,e0edbd7f-fc54-4ce6-8e50-084677292ca7,2025-01-19 23:59:00+00:00,2025-01-19 23:59:00+00:00,{},False
O-20250120-033000-001-V2-235,BACKTESTER-001,MLSignalStrategyV2-V2,EUR/USD.IDEALPRO,IDEALPRO-1-235,IDEALPRO-001,IDEALPRO-1-34776,EUR/USD.IDEALPRO-MLSignalStrategyV2-V2,SELL,MARKET,100000.00,1.02955,USD,2.06 USD,TAKER,d594955b-38ae-4ab5-93b8-c973f9d5f509,2025-01-20 03:30:00+00:00,2025-01-20 03:30:00+00:00,{},False
O-20250120-033000-001-V2-236,BACKTESTER-001,MLSignalStrategyV2-V2,EUR/USD.IDEALPRO,IDEALPRO-1-236,IDEALPRO-001,IDEALPRO-1-34819,EUR/USD.IDEALPRO-MLSignalStrategyV2-V2,BUY,STOP_MARKET,100000.00,1.03015,USD,2.06 USD,TAKER,5f80450e-aaf8-4b09-ab73-2b554a5196ec,2025-01-20 03:51:00+00:00,2025-01-20 03:51:00+00:00,{},False
O-20250120-073000-001-V2-238,BACKTESTER-001,MLSignalStrategyV2-V2,EUR/USD.IDEALPRO,IDEALPRO-1-238,IDEALPRO-001,IDEALPRO-1-35258,EUR/USD.IDEALPRO-MLSignalStrategyV2-V2,SELL,MARKET,100000.00,1.03104,USD,2.06 USD,TAKER,67a1485e-0c02-40cb-81d7-53190a0dd561,2025-01-20 07:30:00+00:00,2025-01-20 07:30:00+00:00,{},False
O-20250120-073000-001-V2-239,BACKTESTER-001,MLSignalStrategyV2-V2,EUR/USD.IDEALPRO,IDEALPRO-1-239,IDEALPRO-001,IDEALPRO-1-35289,EUR/USD.IDEALPRO-MLSignalStrategyV2-V2,BUY,STOP_MARKET,100000.00,1.03180,USD,2.06 USD,TAKER,ed694a0b-005b-4ab7-b0c3-392207edb1a3,2025-01-20 07:45:00+00:00,2025-01-20 07:45:00+00:00,{},False
O-20250120-074500-001-V2-241,BACKTESTER-001,MLSignalStrategyV2-V2,EUR/USD.IDEALPRO,IDEALPRO-1-241,IDEALPRO-001,IDEALPRO-1-35290,EUR/USD.IDEALPRO-MLSignalStrategyV2-V2,SELL,MARKET,100000.00,1.03173,USD,2.06 USD,TAKER,5ce32c41-4e44-4e28-99dc-3820b554ed34,2025-01-20 07:45:00+00:00,2025-01-20 07:45:00+00:00,{},False
O-20250120-074500-001-V2-243,BACKTESTER-001,MLSignalStrategyV2-V2,EUR/USD.IDEALPRO,IDEALPRO-1-243,IDEALPRO-001,IDEALPRO-1-35373,EUR/USD.IDEALPRO-MLSignalStrategyV2-V2,BUY,LIMIT,100000.00,1.03103,USD,2.06 USD,MAKER,ce4400ae-d9a2-4961-98c9-b4d84e6ff8e3,2025-01-20 08:26:00+00:00,2025-01-20 08:26:00+00:00,{},False
O-20250120-113000-001-V2-244,BACKTESTER-001,MLSignalStrategyV2-V2,EUR/USD.IDEALPRO,IDEALPRO-1-244,IDEALPRO-001,IDEALPRO-1-35742,EUR/USD.IDEALPRO-MLSignalStrategyV2-V2,BUY,MARKET,100000.00,1.03215,USD,2.06 USD,TAKER,e886ee1c-733b-4232-8e98-f31e12ffc3ec,2025-01-20 11:30:00+00:00,2025-01-20 11:30:00+00:00,{},False
O-20250120-113000-001-V2-245,BACKTESTER-001,MLSignalStrategyV2-V2,EUR/USD.IDEALPRO,IDEALPRO-1-245,IDEALPRO-001,IDEALPRO-1-35967,EUR/USD.IDEALPRO-MLSignalStrategyV2-V2,SELL,STOP_MARKET,100000.00,1.03122,USD,2.06 USD,TAKER,bb000713-2c26-4cf7-ad11-8ba6b381e6b0,2025-01-20 13:22:00+00:00,2025-01-20 13:22:00+00:00,{},False
O-20250120-134500-001-V2-247,BACKTESTER-001,MLSignalStrategyV2-V2,EUR/USD.IDEALPRO,IDEALPRO-1-247,IDEALPRO-001,IDEALPRO-1-36014,EUR/USD.IDEALPRO-MLSignalStrategyV2-V2,SELL,MARKET,100000.00,1.03807,USD,2.08 USD,TAKER,876ed5da-9ca3-40ba-9be5-b63e4b871d35,2025-01-20 13:45:00+00:00,2025-01-20 13:45:00+00:00,{},False
O-20250120-134500-001-V2-248,BACKTESTER-001,MLSignalStrategyV2-V2,EUR/USD.IDEALPRO,IDEALPRO-1-248,IDEALPRO-001,IDEALPRO-1-36025,EUR/USD.IDEALPRO-MLSignalStrategyV2-V2,BUY,STOP_MARKET,100000.00,1.03961,USD,2.08 USD,TAKER,24ff90a0-8d76-4e3d-98a0-f52ef864c2aa,2025-01-20 13:50:00+00:00,2025-01-20 13:50:00+00:00,{},False
O-20250120-141500-001-V2-250,BACKTESTER-001,MLSignalStrategyV2-V2,EUR/USD.IDEALPRO,IDEALPRO-1-250,IDEALPRO-001,IDEALPRO-1-36076,EUR/USD.IDEALPRO-MLSignalStrategyV2-V2,SELL,MARKET,100000.00,1.03900,USD,2.08 USD,TAKER,f23f7e9a-d324-43f9-b097-2a899bb9ce8e,2025-01-20 14:15:00+00:00,2025-01-20 14:15:00+00:00,{},False
O-20250120-141500-001-V2-251,BACKTESTER-001,MLSignalStrategyV2-V2,EUR/USD.IDEALPRO,IDEALPRO-1-251,IDEALPRO-001,IDEALPRO-1-36131,EUR/USD.IDEALPRO-MLSignalStrategyV2-V2,BUY,STOP_MARKET,100000.00,1.04189,USD,2.08 USD,TAKER,83c96365-c728-491b-aaa3-c23b1d923eca,2025-01-20 14:42:00+00:00,2025-01-20 14:42:00+00:00,{},False
O-20250120-153000-001-V2-253,BACKTESTER-001,MLSignalStrategyV2-V2,EUR/USD.IDEALPRO,IDEALPRO-1-253,IDEALPRO-001,IDEALPRO-1-36228,EUR/USD.IDEALPRO-MLSignalStrategyV2-V2,SELL,MARKET,100000.00,1.04034,USD,2.08 USD,TAKER,2a2a7df9-6750-4713-b1ed-ddd1113a1611,2025-01-20 15:30:00+00:00,2025-01-20 15:30:00+00:00,{},False
O-20250120-153000-001-V2-255,BACKTESTER-001,MLSignalStrategyV2-V2,EUR/USD.IDEALPRO,IDEALPRO-1-255,IDEALPRO-001,IDEALPRO-1-36435,EUR/USD.IDEALPRO-MLSignalStrategyV2-V2,BUY,LIMIT,100000.00,1.03797,USD,2.08 USD,MAKER,e5d65eb9-5677-4f5e-b252-65c800ae00a6,2025-01-20 17:13:00+00:00,2025-01-20 17:13:00+00:00,{},False
O-20250120-183000-001-V2-256,BACKTESTER-001,MLSignalStrategyV2-V2,EUR/USD.IDEALPRO,IDEALPRO-1-256,IDEALPRO-001,IDEALPRO-1-36590,EUR/USD.IDEALPRO-MLSignalStrategyV2-V2,BUY,MARKET,100000.00,1.03860,USD,2.08 USD,TAKER,fa2b589f-6a83-41e9-a925-b8b341c31dfd,2025-01-20 18:30:00+00:00,2025-01-20 18:30:00+00:00,{},False
O-20250120-183000-001-V2-258,BACKTESTER-001,MLSignalStrategyV2-V2,EUR/USD.IDEALPRO,IDEALPRO-1-258,IDEALPRO-001,IDEALPRO-1-36743,EUR/USD.IDEALPRO-MLSignalStrategyV2-V2,SELL,LIMIT,100000.00,1.04068,USD,2.08 USD,MAKER,c4edf637-6aff-4fda-8a3f-33439566bcca,2025-01-20 19:46:00+00:00,2025-01-20 19:46:00+00:00,{},False
O-20250120-210000-001-V2-259,BACKTESTER-001,MLSignalStrategyV2-V2,EUR/USD.IDEALPRO,IDEALPRO-1-259,IDEALPRO-001,IDEALPRO-1-36893,EUR/USD.IDEALPRO-MLSignalStrategyV2-V2,SELL,MARKET,100000.00,1.04161,USD,2.08 USD,TAKER,c3707b15-53ce-434c-9822-7bc9d1aeef19,2025-01-20 21:00:00+00:00,2025-01-20 21:00:00+00:00,{},False
O-20250120-210000-001-V2-260,BACKTESTER-001,MLSignalStrategyV2-V2,EUR/USD.IDEALPRO,IDEALPRO-1-260,IDEALPRO-001,IDEALPRO-1-37245,EUR/USD.IDEALPRO-MLSignalStrategyV2-V2,BUY,STOP_MARKET,100000.00,1.04343,USD,2.09 USD,TAKER,b20229de-14b6-49d9-847f-30f2c407b0ef,2025-01-21 00:11:00+00:00,2025-01-21 00:11:00+00:00,{},False
O-20250121-010000-001-V2-262,BACKTESTER-001,MLSignalStrategyV2-V2,EUR/USD.IDEALPRO,IDEALPRO-1-262,IDEALPRO-001,IDEALPRO-1-37344,EUR/USD.IDEALPRO-MLSignalStrategyV2-V2,BUY,MARKET,100000.00,1.03622,USD,2.07 USD,TAKER,42708f19-19d2-4bda-8836-787ba8e46252,2025-01-21 01:00:00+00:00,2025-01-21 01:00:00+00:00,{},False
O-20250121-010000-001-V2-264,BACKTESTER-001,MLSignalStrategyV2-V2,EUR/USD.IDEALPRO,IDEALPRO-1-264,IDEALPRO-001,IDEALPRO-1-37369,EUR/USD.IDEALPRO-MLSignalStrategyV2-V2,SELL,LIMIT,100000.00,1.03808,USD,2.08 USD,MAKER,059ca078-eaf1-4539-a0ca-f5cf781b8afc,2025-01-21 01:12:00+00:00,2025-01-21 01:12:00+00:00,{},False
O-20250121-011500-001-V2-265,BACKTESTER-001,MLSignalStrategyV2-V2,EUR/USD.IDEALPRO,IDEALPRO-1-265,IDEALPRO-001,IDEALPRO-1-37376,EUR/USD.IDEALPRO-MLSignalStrategyV2-V2,BUY,MARKET,100000.00,1.03704,USD,2.07 USD,TAKER,89002c4b-7583-4fdb-9165-0b55c6f80027,2025-01-21 01:15:00+00:00,2025-01-21 01:15:00+00:00,{},False
O-20250121-011500-001-V2-267,BACKTESTER-001,MLSignalStrategyV2-V2,EUR/USD.IDEALPRO,IDEALPRO-1-267,IDEALPRO-001,IDEALPRO-1-37403,EUR/USD.IDEALPRO-MLSignalStrategyV2-V2,SELL,LIMIT,100000.00,1.03977,USD,2.08 USD,MAKER,7aef116e-8a90-4c52-8052-aee699b6a006,2025-01-21 01:28:00+00:00,2025-01-21 01:28:00+00:00,{},False
O-20250121-013000-001-V2-268,BACKTESTER-001,MLSignalStrategyV2-V2,EUR/USD.IDEALPRO,IDEALPRO-1-268,IDEALPRO-001,IDEALPRO-1-37408,EUR/USD.IDEALPRO-MLSignalStrategyV2-V2,BUY,MARKET,100000.00,1.03842,USD,2.08 USD,TAKER,906727c7-7520-4684-b2db-378818da1d70,2025-01-21 01:30:00+00:00,2025-01-21 01:30:00+00:00,{},False
O-20250121-013000-001-V2-269,BACKTESTER-001,MLSignalStrategyV2-V2,EUR/USD.IDEALPRO,IDEALPRO-1-269,IDEALPRO-001,IDEALPRO-1-38263,EUR/USD.IDEALPRO-MLSignalStrategyV2-V2,SELL,STOP_MARKET,100000.00,1.03604,USD,2.07 USD,TAKER,07c0f7eb-3631-4edb-9d1a-9d1be2e71f15,2025-01-21 08:37:00+00:00,2025-01-21 08:37:00+00:00,{},False
O-20250121-084500-001-V2-271,BACKTESTER-001,MLSignalStrategyV2-V2,EUR/USD.IDEALPRO,IDEALPRO-1-271,IDEALPRO-001,IDEALPRO-1-38280,EUR/USD.IDEALPRO-MLSignalStrategyV2-V2,BUY,MARKET,100000.00,1.03535,USD,2.07 USD,TAKER,c48df708-e4ff-4fa8-b1f1-2746db68a52d,2025-01-21 08:45:00+00:00,2025-01-21 08:45:00+00:00,{},False
O-20250121-084500-001-V2-273,BACKTESTER-001,MLSignalStrategyV2-V2,EUR/USD.IDEALPRO,IDEALPRO-1-273,IDEALPRO-001,IDEALPRO-1-38289,EUR/USD.IDEALPRO-MLSignalStrategyV2-V2,SELL,LIMIT,100000.00,1.03621,USD,2.07 USD,MAKER,67e7a64c-c0a4-489c-b732-7fcdd486b79e,2025-01-21 08:49:00+00:00,2025-01-21 08:49:00+00:00,{},False
O-20250121-090000-001-V2-274,BACKTESTER-001,MLSignalStrategyV2-V2,EUR/USD.IDEALPRO,IDEALPRO-1-274,IDEALPRO-001,IDEALPRO-1-38312,EUR/USD.IDEALPRO-MLSignalStrategyV2-V2,BUY,MARKET,100000.00,1.03608,USD,2.07 USD,TAKER,6307dba4-0307-4ad0-8b57-cf4dcf0d94be,2025-01-21 09:00:00+00:00,2025-01-21 09:00:00+00:00,{},False
O-20250121-090000-001-V2-275,BACKTESTER-001,MLSignalStrategyV2-V2,EUR/USD.IDEALPRO,IDEALPRO-1-275,IDEALPRO-001,IDEALPRO-1-38385,EUR/USD.IDEALPRO-MLSignalStrategyV2-V2,SELL,STOP_MARKET,100000.00,1.03493,USD,2.07 USD,TAKER,f6479971-b300-4e87-8403-b9c2f835ae09,2025-01-21 09:36:00+00:00,2025-01-21 09:36:00+00:00,{},False
O-20250121-094500-001-V2-277,BACKTESTER-001,MLSignalStrategyV2-V2,EUR/USD.IDEALPRO,IDEALPRO-1-277,IDEALPRO-001,IDEALPRO-1-38404,EUR/USD.IDEALPRO-MLSignalStrategyV2-V2,BUY,MARKET,100000.00,1.03463,USD,2.07 USD,TAKER,be7a5371-5ff0-44a6-ba21-f937bf6a437d,2025-01-21 09:45:00+00:00,2025-01-21 09:45:00+00:00,{},False
O-20250121-094500-001-V2-279,BACKTESTER-001,MLSignalStrategyV2-V2,EUR/USD.IDEALPRO,IDEALPRO-1-279,IDEALPRO-001,IDEALPRO-1-38499,EUR/USD.IDEALPRO-MLSignalStrategyV2-V2,SELL,LIMIT,100000.00,1.03567,USD,2.07 USD,MAKER,fd950420-52c4-414c-9238-62ee527476a9,2025-01-21 10:32:00+00:00,2025-01-21 10:32:00+00:00,{},False
O-20250121-113000-001-V2-280,BACKTESTER-001,MLSignalStrategyV2-V2,EUR/USD.IDEALPRO,IDEALPRO-1-280,IDEALPRO-001,IDEALPRO-1-38616,EUR/USD.IDEALPRO-MLSignalStrategyV2-V2,BUY,MARKET,100000.00,1.03497,USD,2.07 USD,TAKER,346a6c59-3107-4d8e-8af3-3b0e3dc73809,2025-01-21 11:30:00+00:00,2025-01-21 11:30:00+00:00,{},False
O-20250121-113000-001-V2-282,BACKTESTER-001,MLSignalStrategyV2-V2,EUR/USD.IDEALPRO,IDEALPRO-1-282,IDEALPRO-001,IDEALPRO-1-38825,EUR/USD.IDEALPRO-MLSignalStrategyV2-V2,SELL,LIMIT,100000.00,1.03589,USD,2.07 USD,MAKER,d40bfadb-d5b9-4c08-9414-edb63d7acfd1,2025-01-21 13:14:00+00:00,2025-01-21 13:14:00+00:00,{},False
O-20250121-211500-001-V2-283,BACKTESTER-001,MLSignalStrategyV2-V2,EUR/USD.IDEALPRO,IDEALPRO-1-283,IDEALPRO-001,IDEALPRO-1-39789,EUR/USD.IDEALPRO-MLSignalStrategyV2-V2,BUY,MARKET,100000.00,1.04238,USD,2.08 USD,TAKER,32f8147b-0c73-4a3d-b72b-81102491518e,2025-01-21 21:15:00+00:00,2025-01-21 21:15:00+00:00,{},False
O-20250121-211500-001-V2-285,BACKTESTER-001,MLSignalStrategyV2-V2,EUR/USD.IDEALPRO,IDEALPRO-1-285,IDEALPRO-001,IDEALPRO-1-39867,EUR/USD.IDEALPRO-MLSignalStrategyV2-V2,SELL,LIMIT,100000.00,1.04298,USD,2.09 USD,MAKER,57bda57f-76e9-4ff6-8a17-77294cb001a2,2025-01-21 21:54:00+00:00,2025-01-21 21:54:00+00:00,{},False
O-20250122-000000-001-V2-286,BACKTESTER-001,MLSignalStrategyV2-V2,EUR/USD.IDEALPRO,IDEALPRO-1-286,IDEALPRO-001,IDEALPRO-1-40090,EUR/USD.IDEALPRO-MLSignalStrategyV2-V2,BUY,MARKET,100000.00,1.04058,USD,2.08 USD,TAKER,1b77c21f-e981-49c3-89e1-07c5a3602564,2025-01-22 00:00:00+00:00,2025-01-22 00:00:00+00:00,{},False
O-20250122-000000-001-V2-288,BACKTESTER-001,MLSignalStrategyV2-V2,EUR/USD.IDEALPRO,IDEALPRO-1-288,IDEALPRO-001,IDEALPRO-1-40109,EUR/USD.IDEALPRO-MLSignalStrategyV2-V2,SELL,LIMIT,100000.00,1.04164,USD,2.08 USD,MAKER,8202bff7-fda2-4985-b1ba-b47ee8a498f9,2025-01-22 00:09:00+00:00,2025-01-22 00:09:00+00:00,{},False
O-20250122-001500-001-V2-289,BACKTESTER-001,MLSignalStrategyV2-V2,EUR/USD.IDEALPRO,IDEALPRO-1-289,IDEALPRO-001,IDEALPRO-1-40122,EUR/USD.IDEALPRO-MLSignalStrategyV2-V2,BUY,MARKET,100000.00,1.04174,USD,2.08 USD,TAKER,c442cba6-d46f-4f28-8935-a611b92779ce,2025-01-22 00:15:00+00:00,2025-01-22 00:15:00+00:00,{},False
O-20250122-001500-001-V2-290,BACKTESTER-001,MLSignalStrategyV2-V2,EUR/USD.IDEALPRO,IDEALPRO-1-290,IDEALPRO-001,IDEALPRO-1-40853,EUR/USD.IDEALPRO-MLSignalStrategyV2-V2,SELL,STOP_MARKET,100000.00,1.04053,USD,2.08 USD,TAKER,46c5abf9-1b34-477e-b55d-270e2357df67,2025-01-22 06:20:00+00:00,2025-01-22 06:20:00+00:00,{},False
O-20250122-120000-001-V2-292,BACKTESTER-001,MLSignalStrategyV2-V2,EUR/USD.IDEALPRO,IDEALPRO-1-292,IDEALPRO-001,IDEALPRO-1-41534,EUR/USD.IDEALPRO-MLSignalStrategyV2-V2,SELL,MARKET,100000.00,1.04429,USD,2.09 USD,TAKER,c3d5f4f1-875b-4280-bfa0-c8a3977127e9,2025-01-22 12:00:00+00:00,2025-01-22 12:00:00+00:00,{},False
O-20250122-120000-001-V2-294,BACKTESTER-001,MLSignalStrategyV2-V2,EUR/USD.IDEALPRO,IDEALPRO-1-294,IDEALPRO-001,IDEALPRO-1-41589,EUR/USD.IDEALPRO-MLSignalStrategyV2-V2,BUY,LIMIT,100000.00,1.04338,USD,2.09 USD,MAKER,2f7ba01b-e5ed-4a9e-958a-918d59a458cf,2025-01-22 12:27:00+00:00,2025-01-22 12:27:00+00:00,{},False
O-20250122-223000-001-V2-295,BACKTESTER-001,MLSignalStrategyV2-V2,EUR/USD.IDEALPRO,IDEALPRO-1-295,IDEALPRO-001,IDEALPRO-1-42767,EUR/USD.IDEALPRO-MLSignalStrategyV2-V2,BUY,MARKET,100000.00,1.04090,USD,2.08 USD,TAKER,92da42d3-1303-4d38-ac68-8ae9820cab03,2025-01-22 22:30:00+00:00,2025-01-22 22:30:00+00:00,{},False
O-20250122-223000-001-V2-297,BACKTESTER-001,MLSignalStrategyV2-V2,EUR/USD.IDEALPRO,IDEALPRO-1-297,IDEALPRO-001,IDEALPRO-1-43079,EUR/USD.IDEALPRO-MLSignalStrategyV2-V2,SELL,LIMIT,100000.00,1.04127,USD,2.08 USD,MAKER,73dcf319-2463-4967-bf2d-b3a45ff85465,2025-01-23 01:06:00+00:00,2025-01-23 01:06:00+00:00,{},False
O-20250123-071500-001-V2-298,BACKTESTER-001,MLSignalStrategyV2-V2,EUR/USD.IDEALPRO,IDEALPRO-1-298,IDEALPRO-001,IDEALPRO-1-43819,EUR/USD.IDEALPRO-MLSignalStrategyV2-V2,BUY,MARKET,100000.00,1.03963,USD,2.08 USD,TAKER,001bb730-f7dc-453e-99eb-e633fb4abf58,2025-01-23 07:15:00+00:00,2025-01-23 07:15:00+00:00,{},False
O-20250123-071500-001-V2-300,BACKTESTER-001,MLSignalStrategyV2-V2,EUR/USD.IDEALPRO,IDEALPRO-1-300,IDEALPRO-001,IDEALPRO-1-43897,EUR/USD.IDEALPRO-MLSignalStrategyV2-V2,SELL,LIMIT,100000.00,1.04018,USD,2.08 USD,MAKER,b6e8035a-c2fe-4389-84f5-636f57a784ec,2025-01-23 07:54:00+00:00,2025-01-23 07:54:00+00:00,{},False
O-20250124-020000-001-V2-301,BACKTESTER-001,MLSignalStrategyV2-V2,EUR/USD.IDEALPRO,IDEALPRO-1-301,IDEALPRO-001,IDEALPRO-1-46041,EUR/USD.IDEALPRO-MLSignalStrategyV2-V2,BUY,MARKET,100000.00,1.04158,USD,2.08 USD,TAKER,164ea32e-9f35-4a48-9c8a-7a691c6daf79,2025-01-24 02:00:00+00:00,2025-01-24 02:00:00+00:00,{},False
O-20250124-020000-001-V2-303,BACKTESTER-001,MLSignalStrategyV2-V2,EUR/USD.IDEALPRO,IDEALPRO-1-303,IDEALPRO-001,IDEALPRO-1-46067,EUR/USD.IDEALPRO-MLSignalStrategyV2-V2,SELL,LIMIT,100000.00,1.04207,USD,2.08 USD,MAKER,80dbe65f-4b76-40c2-a3cc-22d282b1ad37,2025-01-24 02:13:00+00:00,2025-01-24 02:13:00+00:00,{},False
O-20250124-021500-001-V2-304,BACKTESTER-001,MLSignalStrategyV2-V2,EUR/USD.IDEALPRO,IDEALPRO-1-304,IDEALPRO-001,IDEALPRO-1-46072,EUR/USD.IDEALPRO-MLSignalStrategyV2-V2,BUY,MARKET,100000.00,1.04311,USD,2.09 USD,TAKER,3c1668b5-2dcd-4d83-afca-453384660014,2025-01-24 02:15:00+00:00,2025-01-24 02:15:00+00:00,{},False
O-20250124-021500-001-V2-305,BACKTESTER-001,MLSignalStrategyV2-V2,EUR/USD.IDEALPRO,IDEALPRO-1-305,IDEALPRO-001,IDEALPRO-1-46074,EUR/USD.IDEALPRO-MLSignalStrategyV2-V2,SELL,STOP_MARKET,100000.00,1.04246,USD,2.08 USD,TAKER,5808914e-92c4-478d-a430-4f908618a671,2025-01-24 02:15:00+00:00,2025-01-24 02:15:00+00:00,{},False
O-20250124-030000-001-V2-307,BACKTESTER-001,MLSignalStrategyV2-V2,EUR/USD.IDEALPRO,IDEALPRO-1-307,IDEALPRO-001,IDEALPRO-1-46164,EUR/USD.IDEALPRO-MLSignalStrategyV2-V2,BUY,MARKET,100000.00,1.04487,USD,2.09 USD,TAKER,89ecfc59-0dda-471a-8d1c-728cef8b6d11,2025-01-24 03:00:00+00:00,2025-01-24 03:00:00+00:00,{},False
O-20250124-030000-001-V2-308,BACKTESTER-001,MLSignalStrategyV2-V2,EUR/USD.IDEALPRO,IDEALPRO-1-308,IDEALPRO-001,IDEALPRO-1-46215,EUR/USD.IDEALPRO-MLSignalStrategyV2-V2,SELL,STOP_MARKET,100000.00,1.04367,USD,2.09 USD,TAKER,2b7c111b-127b-4f5b-8522-8f4265793062,2025-01-24 03:25:00+00:00,2025-01-24 03:25:00+00:00,{},False
O-20250124-033000-001-V2-310,BACKTESTER-001,MLSignalStrategyV2-V2,EUR/USD.IDEALPRO,IDEALPRO-1-310,IDEALPRO-001,IDEALPRO-1-46226,EUR/USD.IDEALPRO-MLSignalStrategyV2-V2,BUY,MARKET,100000.00,1.04409,USD,2.09 USD,TAKER,6be85985-2fec-4b29-bc9e-907c941a3352,2025-01-24 03:30:00+00:00,2025-01-24 03:30:00+00:00,{},False
O-20250124-033000-001-V2-312,BACKTESTER-001,MLSignalStrategyV2-V2,EUR/USD.IDEALPRO,IDEALPRO-1-312,IDEALPRO-001,IDEALPRO-1-46275,EUR/USD.IDEALPRO-MLSignalStrategyV2-V2,SELL,LIMIT,100000.00,1.04499,USD,2.09 USD,MAKER,ed5140e9-1c86-4278-9cfc-806bbf8e462a,2025-01-24 03:54:00+00:00,2025-01-24 03:54:00+00:00,{},False
O-20250124-041500-001-V2-313,BACKTESTER-001,MLSignalStrategyV2-V2,EUR/USD.IDEALPRO,IDEALPRO-1-313,IDEALPRO-001,IDEALPRO-1-46318,EUR/USD.IDEALPRO-MLSignalStrategyV2-V2,BUY,MARKET,100000.00,1.04501,USD,2.09 USD,TAKER,7d6d1c15-493e-4442-9e89-ef19cae85f8e,2025-01-24 04:15:00+00:00,2025-01-24 04:15:00+00:00,{},False
O-20250124-041500-001-V2-315,BACKTESTER-001,MLSignalStrategyV2-V2,EUR/USD.IDEALPRO,IDEALPRO-1-315,IDEALPRO-001,IDEALPRO-1-46573,EUR/USD.IDEALPRO-MLSignalStrategyV2-V2,SELL,LIMIT,100000.00,1.04582,USD,2.09 USD,MAKER,2d45dedd-5357-47a6-a37b-04c9bbd5cebc,2025-01-24 06:22:00+00:00,2025-01-24 06:22:00+00:00,{},False
O-20250124-083000-001-V2-316,BACKTESTER-001,MLSignalStrategyV2-V2,EUR/USD.IDEALPRO,IDEALPRO-1-316,IDEALPRO-001,IDEALPRO-1-46830,EUR/USD.IDEALPRO-MLSignalStrategyV2-V2,SELL,MARKET,100000.00,1.04790,USD,2.10 USD,TAKER,8737c68d-7b77-4be7-8552-113977482248,2025-01-24 08:30:00+00:00,2025-01-24 08:30:00+00:00,{},False
O-20250124-083000-001-V2-317,BACKTESTER-001,MLSignalStrategyV2-V2,EUR/USD.IDEALPRO,IDEALPRO-1-317,IDEALPRO-001,IDEALPRO-1-46843,EUR/USD.IDEALPRO-MLSignalStrategyV2-V2,BUY,STOP_MARKET,100000.00,1.04940,USD,2.10 USD,TAKER,333ed852-8143-40b5-8247-a490fd9b51c4,2025-01-24 08:36:00+00:00,2025-01-24 08:36:00+00:00,{},False
O-20250124-084500-001-V2-319,BACKTESTER-001,MLSignalStrategyV2-V2,EUR/USD.IDEALPRO,IDEALPRO-1-319,IDEALPRO-001,IDEALPRO-1-46862,EUR/USD.IDEALPRO-MLSignalStrategyV2-V2,SELL,MARKET,100000.00,1.04898,USD,2.10 USD,TAKER,33f33b3b-d997-4411-84bf-64920db4cc61,2025-01-24 08:45:00+00:00,2025-01-24 08:45:00+00:00,{},False
O-20250124-084500-001-V2-320,BACKTESTER-001,MLSignalStrategyV2-V2,EUR/USD.IDEALPRO,IDEALPRO-1-320,IDEALPRO-001,IDEALPRO-1-46935,EUR/USD.IDEALPRO-MLSignalStrategyV2-V2,BUY,STOP_MARKET,100000.00,1.05087,USD,2.10 USD,TAKER,ff3865c0-c051-46ad-be0c-965825bfb3fe,2025-01-24 09:21:00+00:00,2025-01-24 09:21:00+00:00,{},False
O-20250124-100000-001-V2-322,BACKTESTER-001,MLSignalStrategyV2-V2,EUR/USD.IDEALPRO,IDEALPRO-1-322,IDEALPRO-001,IDEALPRO-1-47014,EUR/USD.IDEALPRO-MLSignalStrategyV2-V2,SELL,MARKET,100000.00,1.04945,USD,2.10 USD,TAKER,eec0682c-fd9d-463f-827c-c3ae1e6a6d14,2025-01-24 10:00:00+00:00,2025-01-24 10:00:00+00:00,{},False
O-20250124-100000-001-V2-324,BACKTESTER-001,MLSignalStrategyV2-V2,EUR/USD.IDEALPRO,IDEALPRO-1-324,IDEALPRO-001,IDEALPRO-1-47205,EUR/USD.IDEALPRO-MLSignalStrategyV2-V2,BUY,LIMIT,100000.00,1.04815,USD,2.10 USD,MAKER,5b0ea93e-c4fd-493d-8dfa-d88844474747,2025-01-24 11:35:00+00:00,2025-01-24 11:35:00+00:00,{},False
O-20250124-144500-001-V2-325,BACKTESTER-001,MLSignalStrategyV2-V2,EUR/USD.IDEALPRO,IDEALPRO-1-325,IDEALPRO-001,IDEALPRO-1-47587,EUR/USD.IDEALPRO-MLSignalStrategyV2-V2,BUY,MARKET,100000.00,1.04776,USD,2.10 USD,TAKER,ff21d9b6-14c4-4b7a-a0b1-5f428426a682,2025-01-24 14:45:00+00:00,2025-01-24 14:45:00+00:00,{},False
O-20250124-144500-001-V2-327,BACKTESTER-001,MLSignalStrategyV2-V2,EUR/USD.IDEALPRO,IDEALPRO-1-327,IDEALPRO-001,IDEALPRO-1-47589,EUR/USD.IDEALPRO-MLSignalStrategyV2-V2,SELL,LIMIT,100000.00,1.04934,USD,2.10 USD,MAKER,9f3d4276-a3eb-4805-a782-406f289ff101,2025-01-24 14:46:00+00:00,2025-01-24 14:46:00+00:00,{},False
O-20250126-223000-001-V2-328,BACKTESTER-001,MLSignalStrategyV2-V2,EUR/USD.IDEALPRO,IDEALPRO-1-328,IDEALPRO-001,IDEALPRO-1-48488,EUR/USD.IDEALPRO-MLSignalStrategyV2-V2,BUY,MARKET,100000.00,1.04833,USD,2.10 USD,TAKER,751b06c2-cd79-403c-8904-26ff20d19046,2025-01-26 22:30:00+00:00,2025-01-26 22:30:00+00:00,{},False
O-20250126-223000-001-V2-329,BACKTESTER-001,MLSignalStrategyV2-V2,EUR/USD.IDEALPRO,IDEALPRO-1-329,IDEALPRO-001,IDEALPRO-1-48565,EUR/USD.IDEALPRO-MLSignalStrategyV2-V2,SELL,STOP_MARKET,100000.00,1.04758,USD,2.10 USD,TAKER,a497ee41-55c0-48cf-b3d2-ac0b23b0176b,2025-01-26 23:08:00+00:00,2025-01-26 23:08:00+00:00,{},False
O-20250126-231500-001-V2-331,BACKTESTER-001,MLSignalStrategyV2-V2,EUR/USD.IDEALPRO,IDEALPRO-1-331,IDEALPRO-001,IDEALPRO-1-48580,EUR/USD.IDEALPRO-MLSignalStrategyV2-V2,BUY,MARKET,100000.00,1.04761,USD,2.10 USD,TAKER,8608e685-52b0-4e69-b71f-50a0c4b77e1f,2025-01-26 23:15:00+00:00,2025-01-26 23:15:00+00:00,{},False
O-20250126-231500-001-V2-332,BACKTESTER-001,MLSignalStrategyV2-V2,EUR/USD.IDEALPRO,IDEALPRO-1-332,IDEALPRO-001,IDEALPRO-1-48615,EUR/USD.IDEALPRO-MLSignalStrategyV2-V2,SELL,STOP_MARKET,100000.00,1.04688,USD,2.09 USD,TAKER,8f980567-b447-4074-a31c-8329146b75c3,2025-01-26 23:32:00+00:00,2025-01-26 23:32:00+00:00,{},False
O-20250126-234500-001-V2-334,BACKTESTER-001,MLSignalStrategyV2-V2,EUR/USD.IDEALPRO,IDEALPRO-1-334,IDEALPRO-001,IDEALPRO-1-48642,EUR/USD.IDEALPRO-MLSignalStrategyV2-V2,BUY,MARKET,100000.00,1.04724,USD,2.09 USD,TAKER,236f3f91-dbee-4fb5-9975-e7cb27fd8b86,2025-01-26 23:45:00+00:00,2025-01-26 23:45:00+00:00,{},False
O-20250126-234500-001-V2-335,BACKTESTER-001,MLSignalStrategyV2-V2,EUR/USD.IDEALPRO,IDEALPRO-1-335,IDEALPRO-001,IDEALPRO-1-48665,EUR/USD.IDEALPRO-MLSignalStrategyV2-V2,SELL,STOP_MARKET,100000.00,1.04651,USD,2.09 USD,TAKER,667b6029-2571-47dc-be66-0690ee0a2d60,2025-01-26 23:56:00+00:00,2025-01-26 23:56:00+00:00,{},False
O-20250127-000000-001-V2-337,BACKTESTER-001,MLSignalStrategyV2-V2,EUR/USD.IDEALPRO,IDEALPRO-1-337,IDEALPRO-001,IDEALPRO-1-48674,EUR/USD.IDEALPRO-MLSignalStrategyV2-V2,BUY,MARKET,100000.00,1.04676,USD,2.09 USD,TAKER,22de3be6-3591-4bbe-b804-cdba053638e6,2025-01-27 00:00:00+00:00,2025-01-27 00:00:00+00:00,{},False
O-20250127-000000-001-V2-339,BACKTESTER-001,MLSignalStrategyV2-V2,EUR/USD.IDEALPRO,IDEALPRO-1-339,IDEALPRO-001,IDEALPRO-1-48721,EUR/USD.IDEALPRO-MLSignalStrategyV2-V2,SELL,LIMIT,100000.00,1.04730,USD,2.09 USD,MAKER,0a69e827-4ee9-4610-98fc-7c9579e1efd9,2025-01-27 00:23:00+00:00,2025-01-27 00:23:00+00:00,{},False
O-20250127-003000-001-V2-340,BACKTESTER-001,MLSignalStrategyV2-V2,EUR/USD.IDEALPRO,IDEALPRO-1-340,IDEALPRO-001,IDEALPRO-1-48736,EUR/USD.IDEALPRO-MLSignalStrategyV2-V2,SELL,MARKET,100000.00,1.04741,USD,2.09 USD,TAKER,4d00d3a0-5341-45c0-96db-f945b194fc0d,2025-01-27 00:30:00+00:00,2025-01-27 00:30:00+00:00,{},False
O-20250127-003000-001-V2-342,BACKTESTER-001,MLSignalStrategyV2-V2,EUR/USD.IDEALPRO,IDEALPRO-1-342,IDEALPRO-001,IDEALPRO-1-48859,EUR/USD.IDEALPRO-MLSignalStrategyV2-V2,BUY,LIMIT,100000.00,1.04680,USD,2.09 USD,MAKER,80bbe42b-1d94-4e09-a75d-c42d8d05f40b,2025-01-27 01:31:00+00:00,2025-01-27 01:31:00+00:00,{},False
O-20250127-074500-001-V2-343,BACKTESTER-001,MLSignalStrategyV2-V2,EUR/USD.IDEALPRO,IDEALPRO-1-343,IDEALPRO-001,IDEALPRO-1-49609,EUR/USD.IDEALPRO-MLSignalStrategyV2-V2,SELL,MARKET,100000.00,1.04705,USD,2.09 USD,TAKER,0fc1670c-afed-46fb-84f3-272dd4aadac9,2025-01-27 07:45:00+00:00,2025-01-27 07:45:00+00:00,{},False
O-20250127-074500-001-V2-345,BACKTESTER-001,MLSignalStrategyV2-V2,EUR/USD.IDEALPRO,IDEALPRO-1-345,IDEALPRO-001,IDEALPRO-1-49631,EUR/USD.IDEALPRO-MLSignalStrategyV2-V2,BUY,LIMIT,100000.00,1.04622,USD,2.09 USD,MAKER,3fa595ec-1475-4447-a783-2e2e99c50e8e,2025-01-27 07:56:00+00:00,2025-01-27 07:56:00+00:00,{},False
O-20250127-081500-001-V2-346,BACKTESTER-001,MLSignalStrategyV2-V2,EUR/USD.IDEALPRO,IDEALPRO-1-346,IDEALPRO-001,IDEALPRO-1-49671,EUR/USD.IDEALPRO-MLSignalStrategyV2-V2,BUY,MARKET,100000.00,1.04717,USD,2.09 USD,TAKER,b94ee176-9326-4f2d-aa93-1989bc5ef526,2025-01-27 08:15:00+00:00,2025-01-27 08:15:00+00:00,{},False
O-20250127-081500-001-V2-348,BACKTESTER-001,MLSignalStrategyV2-V2,EUR/USD.IDEALPRO,IDEALPRO-1-348,IDEALPRO-001,IDEALPRO-1-49735,EUR/USD.IDEALPRO-MLSignalStrategyV2-V2,SELL,LIMIT,100000.00,1.04825,USD,2.10 USD,MAKER,7c0ef817-3e74-4b33-93e0-e027b8d8d631,2025-01-27 08:47:00+00:00,2025-01-27 08:47:00+00:00,{},False
O-20250127-121500-001-V2-349,BACKTESTER-001,MLSignalStrategyV2-V2,EUR/USD.IDEALPRO,IDEALPRO-1-349,IDEALPRO-001,IDEALPRO-1-50153,EUR/USD.IDEALPRO-MLSignalStrategyV2-V2,SELL,MARKET,100000.00,1.05105,USD,2.10 USD,TAKER,41309cb9-d777-45a3-8cb1-d2537b0de3f5,2025-01-27 12:15:00+00:00,2025-01-27 12:15:00+00:00,{},False
O-20250127-121500-001-V2-350,BACKTESTER-001,MLSignalStrategyV2-V2,EUR/USD.IDEALPRO,IDEALPRO-1-350,IDEALPRO-001,IDEALPRO-1-50233,EUR/USD.IDEALPRO-MLSignalStrategyV2-V2,BUY,STOP_MARKET,100000.00,1.05282,USD,2.11 USD,TAKER,1425713d-595f-4422-96a0-31ac38208f67,2025-01-27 12:55:00+00:00,2025-01-27 12:55:00+00:00,{},False
O-20250127-130000-001-V2-352,BACKTESTER-001,MLSignalStrategyV2-V2,EUR/USD.IDEALPRO,IDEALPRO-1-352,IDEALPRO-001,IDEALPRO-1-50244,EUR/USD.IDEALPRO-MLSignalStrategyV2-V2,SELL,MARKET,100000.00,1.05214,USD,2.10 USD,TAKER,6909ab48-a2a6-4cb9-b326-c835cfa447ba,2025-01-27 13:00:00+00:00,2025-01-27 13:00:00+00:00,{},False
O-20250127-130000-001-V2-353,BACKTESTER-001,MLSignalStrategyV2-V2,EUR/USD.IDEALPRO,IDEALPRO-1-353,IDEALPRO-001,IDEALPRO-1-50263,EUR/USD.IDEALPRO-MLSignalStrategyV2-V2,BUY,STOP_MARKET,100000.00,1.05334,USD,2.11 USD,TAKER,1af04b61-a95a-4b96-8d3e-f04d8e8105b5,2025-01-27 13:09:00+00:00,2025-01-27 13:09:00+00:00,{},False
O-20250127-131500-001-V2-355,BACKTESTER-001,MLSignalStrategyV2-V2,EUR/USD.IDEALPRO,IDEALPRO-1-355,IDEALPRO-001,IDEALPRO-1-50277,EUR/USD.IDEALPRO-MLSignalStrategyV2-V2,SELL,MARKET,100000.00,1.05227,USD,2.10 USD,TAKER,2fd7be6a-7075-4701-aeaa-2271f18ace88,2025-01-27 13:15:00+00:00,2025-01-27 13:15:00+00:00,{},False
O-20250127-131500-001-V2-357,BACKTESTER-001,MLSignalStrategyV2-V2,EUR/USD.IDEALPRO,IDEALPRO-1-357,IDEALPRO-001,IDEALPRO-1-50293,EUR/USD.IDEALPRO-MLSignalStrategyV2-V2,BUY,LIMIT,100000.00,1.05124,USD,2.10 USD,MAKER,f47c2a54-7213-4846-b975-694e7237c844,2025-01-27 13:23:00+00:00,2025-01-27 13:23:00+00:00,{},False
O-20250127-161500-001-V2-358,BACKTESTER-001,MLSignalStrategyV2-V2,EUR/USD.IDEALPRO,IDEALPRO-1-358,IDEALPRO-001,IDEALPRO-1-50639,EUR/USD.IDEALPRO-MLSignalStrategyV2-V2,SELL,MARKET,100000.00,1.05051,USD,2.10 USD,TAKER,4f74ac14-55c4-4540-86ed-840fe32187bc,2025-01-27 16:15:00+00:00,2025-01-27 16:15:00+00:00,{},False
O-20250127-161500-001-V2-360,BACKTESTER-001,MLSignalStrategyV2-V2,EUR/USD.IDEALPRO,IDEALPRO-1-360,IDEALPRO-001,IDEALPRO-1-50687,EUR/USD.IDEALPRO-MLSignalStrategyV2-V2,BUY,LIMIT,100000.00,1.04952,USD,2.10 USD,MAKER,8dfa8477-c00a-472d-b67b-084c0dde3c09,2025-01-27 16:39:00+00:00,2025-01-27 16:39:00+00:00,{},False
O-20250127-183000-001-V2-361,BACKTESTER-001,MLSignalStrategyV2-V2,EUR/USD.IDEALPRO,IDEALPRO-1-361,IDEALPRO-001,IDEALPRO-1-50910,EUR/USD.IDEALPRO-MLSignalStrategyV2-V2,BUY,MARKET,100000.00,1.04847,USD,2.10 USD,TAKER,76b0c304-a1c4-4614-a701-4f1db1c79092,2025-01-27 18:30:00+00:00,2025-01-27 18:30:00+00:00,{},False
O-20250127-183000-001-V2-363,BACKTESTER-001,MLSignalStrategyV2-V2,EUR/USD.IDEALPRO,IDEALPRO-1-363,IDEALPRO-001,IDEALPRO-1-51069,EUR/USD.IDEALPRO-MLSignalStrategyV2-V2,SELL,LIMIT,100000.00,1.04928,USD,2.10 USD,MAKER,00616895-0886-472e-aee0-28cd09556a71,2025-01-27 19:49:00+00:00,2025-01-27 19:49:00+00:00,{},False
O-20250127-200000-001-V2-364,BACKTESTER-001,MLSignalStrategyV2-V2,EUR/USD.IDEALPRO,IDEALPRO-1-364,IDEALPRO-001,IDEALPRO-1-51093,EUR/USD.IDEALPRO-MLSignalStrategyV2-V2,SELL,MARKET,100000.00,1.04927,USD,2.10 USD,TAKER,8c84cadd-49e0-4b27-a1fc-c3ff07340c3e,2025-01-27 20:00:00+00:00,2025-01-27 20:00:00+00:00,{},False
O-20250127-200000-001-V2-366,BACKTESTER-001,MLSignalStrategyV2-V2,EUR/USD.IDEALPRO,IDEALPRO-1-366,IDEALPRO-001,IDEALPRO-1-51217,EUR/USD.IDEALPRO-MLSignalStrategyV2-V2,BUY,LIMIT,100000.00,1.04860,USD,2.10 USD,MAKER,b182421a-39d7-476e-bd2f-1866b41a46be,2025-01-27 21:02:00+00:00,2025-01-27 21:02:00+00:00,{},False
O-20250127-211500-001-V2-367,BACKTESTER-001,MLSignalStrategyV2-V2,EUR/USD.IDEALPRO,IDEALPRO-1-367,IDEALPRO-001,IDEALPRO-1-51245,EUR/USD.IDEALPRO-MLSignalStrategyV2-V2,SELL,MARKET,100000.00,1.04899,USD,2.10 USD,TAKER,9e7c56ae-1a82-4934-8a01-a956a8583779,2025-01-27 21:15:00+00:00,2025-01-27 21:15:00+00:00,{},False
O-20250127-211500-001-V2-369,BACKTESTER-001,MLSignalStrategyV2-V2,EUR/USD.IDEALPRO,IDEALPRO-1-369,IDEALPRO-001,IDEALPRO-1-51429,EUR/USD.IDEALPRO-MLSignalStrategyV2-V2,BUY,LIMIT,100000.00,1.04835,USD,2.10 USD,MAKER,94211e30-7ab4-443e-9ed2-bc88c0b0f3d1,2025-01-27 23:02:00+00:00,2025-01-27 23:02:00+00:00,{},False
O-20250127-233000-001-V2-370,BACKTESTER-001,MLSignalStrategyV2-V2,EUR/USD.IDEALPRO,IDEALPRO-1-370,IDEALPRO-001,IDEALPRO-1-51486,EUR/USD.IDEALPRO-MLSignalStrategyV2-V2,BUY,MARKET,100000.00,1.04458,USD,2.09 USD,TAKER,b85836cf-dbf1-4493-bd29-f1ad7269b76a,2025-01-27 23:30:00+00:00,2025-01-27 23:30:00+00:00,{},False
O-20250127-233000-001-V2-371,BACKTESTER-001,MLSignalStrategyV2-V2,EUR/USD.IDEALPRO,IDEALPRO-1-371,IDEALPRO-001,IDEALPRO-1-51495,EUR/USD.IDEALPRO-MLSignalStrategyV2-V2,SELL,STOP_MARKET,100000.00,1.04359,USD,2.09 USD,TAKER,2f7e076f-20e6-4834-b694-a976443a4b37,2025-01-27 23:34:00+00:00,2025-01-27 23:34:00+00:00,{},False
O-20250127-234500-001-V2-373,BACKTESTER-001,MLSignalStrategyV2-V2,EUR/USD.IDEALPRO,IDEALPRO-1-373,IDEALPRO-001,IDEALPRO-1-51518,EUR/USD.IDEALPRO-MLSignalStrategyV2-V2,BUY,MARKET,100000.00,1.04408,USD,2.09 USD,TAKER,dbcc88d3-6058-4b1f-97aa-fae6b8178b67,2025-01-27 23:45:00+00:00,2025-01-27 23:45:00+00:00,{},False
O-20250127-234500-001-V2-375,BACKTESTER-001,MLSignalStrategyV2-V2,EUR/USD.IDEALPRO,IDEALPRO-1-375,IDEALPRO-001,IDEALPRO-1-51653,EUR/USD.IDEALPRO-MLSignalStrategyV2-V2,SELL,LIMIT,100000.00,1.04518,USD,2.09 USD,MAKER,99d8dd58-f0e4-4da6-accd-b478f051680d,2025-01-28 00:52:00+00:00,2025-01-28 00:52:00+00:00,{},False
O-20250128-010000-001-V2-376,BACKTESTER-001,MLSignalStrategyV2-V2,EUR/USD.IDEALPRO,IDEALPRO-1-376,IDEALPRO-001,IDEALPRO-1-51670,EUR/USD.IDEALPRO-MLSignalStrategyV2-V2,BUY,MARKET,100000.00,1.04454,USD,2.09 USD,TAKER,74379766-c8c0-4cd8-8102-a5f6dd549388,2025-01-28 01:00:00+00:00,2025-01-28 01:00:00+00:00,{},False
O-20250128-010000-001-V2-377,BACKTESTER-001,MLSignalStrategyV2-V2,EUR/USD.IDEALPRO,IDEALPRO-1-377,IDEALPRO-001,IDEALPRO-1-51789,EUR/USD.IDEALPRO-MLSignalStrategyV2-V2,SELL,STOP_MARKET,100000.00,1.04300,USD,2.09 USD,TAKER,036cfdca-1f3d-4618-ac2b-070a1f340335,2025-01-28 01:59:00+00:00,2025-01-28 01:59:00+00:00,{},False
O-20250128-020000-001-V2-379,BACKTESTER-001,MLSignalStrategyV2-V2,EUR/USD.IDEALPRO,IDEALPRO-1-379,IDEALPRO-001,IDEALPRO-1-51792,EUR/USD.IDEALPRO-MLSignalStrategyV2-V2,BUY,MARKET,100000.00,1.04379,USD,2.09 USD,TAKER,d54eb17d-2bac-414b-9349-50305bb94848,2025-01-28 02:00:00+00:00,2025-01-28 02:00:00+00:00,{},False
O-20250128-020000-001-V2-380,BACKTESTER-001,MLSignalStrategyV2-V2,EUR/USD.IDEALPRO,IDEALPRO-1-380,IDEALPRO-001,IDEALPRO-1-51807,EUR/USD.IDEALPRO-MLSignalStrategyV2-V2,SELL,STOP_MARKET,100000.00,1.04244,USD,2.08 USD,TAKER,656cec01-616c-4be3-a0e2-b698337738bd,2025-01-28 02:07:00+00:00,2025-01-28 02:07:00+00:00,{},False
O-20250128-021500-001-V2-382,BACKTESTER-001,MLSignalStrategyV2-V2,EUR/USD.IDEALPRO,IDEALPRO-1-382,IDEALPRO-001,IDEALPRO-1-51824,EUR/USD.IDEALPRO-MLSignalStrategyV2-V2,BUY,MARKET,100000.00,1.04298,USD,2.09 USD,TAKER,26788837-1097-4a0c-bba5-d06ccccdc41d,2025-01-28 02:15:00+00:00,2025-01-28 02:15:00+00:00,{},False
O-20250128-021500-001-V2-384,BACKTESTER-001,MLSignalStrategyV2-V2,EUR/USD.IDEALPRO,IDEALPRO-1-384,IDEALPRO-001,IDEALPRO-1-52293,EUR/USD.IDEALPRO-MLSignalStrategyV2-V2,SELL,LIMIT,100000.00,1.04423,USD,2.09 USD,MAKER,7b7dd036-ac54-4d96-b7be-2f8fd03502c5,2025-01-28 06:09:00+00:00,2025-01-28 06:09:00+00:00,{},False
O-20250128-083000-001-V2-385,BACKTESTER-001,MLSignalStrategyV2-V2,EUR/USD.IDEALPRO,IDEALPRO-1-385,IDEALPRO-001,IDEALPRO-1-52576,EUR/USD.IDEALPRO-MLSignalStrategyV2-V2,BUY,MARKET,100000.00,1.04283,USD,2.09 USD,TAKER,cab93f55-1a90-43d4-af0a-836e12162554,2025-01-28 08:30:00+00:00,2025-01-28 08:30:00+00:00,{},False
O-20250128-083000-001-V2-386,BACKTESTER-001,MLSignalStrategyV2-V2,EUR/USD.IDEALPRO,IDEALPRO-1-386,IDEALPRO-001,IDEALPRO-1-52629,EUR/USD.IDEALPRO-MLSignalStrategyV2-V2,SELL,STOP_MARKET,100000.00,1.04192,USD,2.08 USD,TAKER,1ce94a17-4d7f-46a3-b9e4-e36a8bcb0a31,2025-01-28 08:56:00+00:00,2025-01-28 08:56:00+00:00,{},False
O-20250128-090000-001-V2-388,BACKTESTER-001,MLSignalStrategyV2-V2,EUR/USD.IDEALPRO,IDEALPRO-1-388,IDEALPRO-001,IDEALPRO-1-52638,EUR/USD.IDEALPRO-MLSignalStrategyV2-V2,BUY,MARKET,100000.00,1.04252,USD,2.09 USD,TAKER,5c7c8d20-c65d-4aff-b71b-d33340074809,2025-01-28 09:00:00+00:00,2025-01-28 09:00:00+00:00,{},False
O-20250128-090000-001-V2-390,BACKTESTER-001,MLSignalStrategyV2-V2,EUR/USD.IDEALPRO,IDEALPRO-1-390,IDEALPRO-001,IDEALPRO-1-52671,EUR/USD.IDEALPRO-MLSignalStrategyV2-V2,SELL,LIMIT,100000.00,1.04341,USD,2.09 USD,MAKER,5de968fa-2fac-4c33-953f-cd1663e3bd39,2025-01-28 09:16:00+00:00,2025-01-28 09:16:00+00:00,{},False
O-20250128-110000-001-V2-391,BACKTESTER-001,MLSignalStrategyV2-V2,EUR/USD.IDEALPRO,IDEALPRO-1-391,IDEALPRO-001,IDEALPRO-1-52880,EUR/USD.IDEALPRO-MLSignalStrategyV2-V2,BUY,MARKET,100000.00,1.04250,USD,2.09 USD,TAKER,c7e80dd8-f34c-4aa7-b402-d1087b0e0623,2025-01-28 11:00:00+00:00,2025-01-28 11:00:00+00:00,{},False
O-20250128-110000-001-V2-393,BACKTESTER-001,MLSignalStrategyV2-V2,EUR/USD.IDEALPRO,IDEALPRO-1-393,IDEALPRO-001,IDEALPRO-1-52911,EUR/USD.IDEALPRO-MLSignalStrategyV2-V2,SELL,LIMIT,100000.00,1.04326,USD,2.09 USD,MAKER,c5268bc5-755f-4594-b22a-0d42b38e3c3e,2025-01-28 11:15:00+00:00,2025-01-28 11:15:00+00:00,{},False
O-20250128-113000-001-V2-394,BACKTESTER-001,MLSignalStrategyV2-V2,EUR/USD.IDEALPRO,IDEALPRO-1-394,IDEALPRO-001,IDEALPRO-1-52942,EUR/USD.IDEALPRO-MLSignalStrategyV2-V2,BUY,MARKET,100000.00,1.04279,USD,2.09 USD,TAKER,79923a74-e92b-4693-b486-e162a7c14f93,2025-01-28 11:30:00+00:00,2025-01-28 11:30:00+00:00,{},False
O-20250128-113000-001-V2-395,BACKTESTER-001,MLSignalStrategyV2-V2,EUR/USD.IDEALPRO,IDEALPRO-1-395,IDEALPRO-001,IDEALPRO-1-53013,EUR/USD.IDEALPRO-MLSignalStrategyV2-V2,SELL,STOP_MARKET,100000.00,1.04156,USD,2.08 USD,TAKER,00a2cc20-46e4-4bc7-948d-6811372712ee,2025-01-28 12:05:00+00:00,2025-01-28 12:05:00+00:00,{},False
O-20250129-030000-001-V2-397,BACKTESTER-001,MLSignalStrategyV2-V2,EUR/USD.IDEALPRO,IDEALPRO-1-397,IDEALPRO-001,IDEALPRO-1-54774,EUR/USD.IDEALPRO-MLSignalStrategyV2-V2,SELL,MARKET,100000.00,1.04338,USD,2.09 USD,TAKER,954adce2-1591-4753-ba02-fda88c2bcfd0,2025-01-29 03:00:00+00:00,2025-01-29 03:00:00+00:00,{},False
O-20250129-030000-001-V2-398,BACKTESTER-001,MLSignalStrategyV2-V2,EUR/USD.IDEALPRO,IDEALPRO-1-398,IDEALPRO-001,IDEALPRO-1-54891,EUR/USD.IDEALPRO-MLSignalStrategyV2-V2,BUY,STOP_MARKET,100000.00,1.04392,USD,2.09 USD,TAKER,8fabc891-abe3-44cd-bb76-ac68431205e2,2025-01-29 03:58:00+00:00,2025-01-29 03:58:00+00:00,{},False
O-20250130-040000-001-V2-400,BACKTESTER-001,MLSignalStrategyV2-V2,EUR/USD.IDEALPRO,IDEALPRO-1-400,IDEALPRO-001,IDEALPRO-1-57747,EUR/USD.IDEALPRO-MLSignalStrategyV2-V2,BUY,MARKET,100000.00,1.04254,USD,2.09 USD,TAKER,21b292da-da60-43f8-ab69-7f95070c3db0,2025-01-30 04:00:00+00:00,2025-01-30 04:00:00+00:00,{},False
O-20250130-040000-001-V2-401,BACKTESTER-001,MLSignalStrategyV2-V2,EUR/USD.IDEALPRO,IDEALPRO-1-401,IDEALPRO-001,IDEALPRO-1-57811,EUR/USD.IDEALPRO-MLSignalStrategyV2-V2,SELL,STOP_MARKET,100000.00,1.04207,USD,2.08 USD,TAKER,d61a8950-47ac-4bf9-843a-6ba6e65bece3,2025-01-30 04:32:00+00:00,2025-01-30 04:32:00+00:00,{},False
O-20250130-071500-001-V2-403,BACKTESTER-001,MLSignalStrategyV2-V2,EUR/USD.IDEALPRO,IDEALPRO-1-403,IDEALPRO-001,IDEALPRO-1-58138,EUR/USD.IDEALPRO-MLSignalStrategyV2-V2,BUY,MARKET,100000.00,1.04131,USD,2.08 USD,TAKER,04eeabd0-49b6-4e1c-86d6-2b48015eb9f0,2025-01-30 07:15:00+00:00,2025-01-30 07:15:00+00:00,{},False
O-20250130-071500-001-V2-405,BACKTESTER-001,MLSignalStrategyV2-V2,EUR/USD.IDEALPRO,IDEALPRO-1-405,IDEALPRO-001,IDEALPRO-1-58193,EUR/USD.IDEALPRO-MLSignalStrategyV2-V2,SELL,LIMIT,100000.00,1.04184,USD,2.08 USD,MAKER,23b4f2fa-88e3-4466-85df-b2e78ee74fcb,2025-01-30 07:42:00+00:00,2025-01-30 07:42:00+00:00,{},False
O-20250130-114500-001-V2-406,BACKTESTER-001,MLSignalStrategyV2-V2,EUR/USD.IDEALPRO,IDEALPRO-1-406,IDEALPRO-001,IDEALPRO-1-58680,EUR/USD.IDEALPRO-MLSignalStrategyV2-V2,SELL,MARKET,100000.00,1.03985,USD,2.08 USD,TAKER,0cc79e8d-8fb6-40f2-95fd-8563d6fcb737,2025-01-30 11:45:00+00:00,2025-01-30 11:45:00+00:00,{},False
O-20250130-114500-001-V2-408,BACKTESTER-001,MLSignalStrategyV2-V2,EUR/USD.IDEALPRO,IDEALPRO-1-408,IDEALPRO-001,IDEALPRO-1-58715,EUR/USD.IDEALPRO-MLSignalStrategyV2-V2,BUY,LIMIT,100000.00,1.03904,USD,2.08 USD,MAKER,d56ba210-0782-4af3-9d1e-32b36d0bf51c,2025-01-30 12:02:00+00:00,2025-01-30 12:02:00+00:00,{},False
O-20250130-141500-001-V2-409,BACKTESTER-001,MLSignalStrategyV2-V2,EUR/USD.IDEALPRO,IDEALPRO-1-409,IDEALPRO-001,IDEALPRO-1-58983,EUR/USD.IDEALPRO-MLSignalStrategyV2-V2,SELL,MARKET,100000.00,1.04384,USD,2.09 USD,TAKER,5fb49982-b401-4858-8627-5a049cdb6d5c,2025-01-30 14:15:00+00:00,2025-01-30 14:15:00+00:00,{},False
O-20250130-141500-001-V2-411,BACKTESTER-001,MLSignalStrategyV2-V2,EUR/USD.IDEALPRO,IDEALPRO-1-411,IDEALPRO-001,IDEALPRO-1-59049,EUR/USD.IDEALPRO-MLSignalStrategyV2-V2,BUY,LIMIT,100000.00,1.04194,USD,2.08 USD,MAKER,d4e478df-995c-4a50-8782-aeac666a8248,2025-01-30 14:48:00+00:00,2025-01-30 14:48:00+00:00,{},False
O-20250130-150000-001-V2-412,BACKTESTER-001,MLSignalStrategyV2-V2,EUR/USD.IDEALPRO,IDEALPRO-1-412,IDEALPRO-001,IDEALPRO-1-59074,EUR/USD.IDEALPRO-MLSignalStrategyV2-V2,SELL,MARKET,100000.00,1.04282,USD,2.09 USD,TAKER,400e2516-8b52-44a4-be4f-3034e5c3b60b,2025-01-30 15:00:00+00:00,2025-01-30 15:00:00+00:00,{},False
O-20250130-150000-001-V2-414,BACKTESTER-001,MLSignalStrategyV2-V2,EUR/USD.IDEALPRO,IDEALPRO-1-414,IDEALPRO-001,IDEALPRO-1-59341,EUR/USD.IDEALPRO-MLSignalStrategyV2-V2,BUY,LIMIT,100000.00,1.04098,USD,2.08 USD,MAKER,d513f5aa-52dc-41ab-92b4-6cd401f7b05d,2025-01-30 17:13:00+00:00,2025-01-30 17:13:00+00:00,{},False
O-20250130-200000-001-V2-415,BACKTESTER-001,MLSignalStrategyV2-V2,EUR/USD.IDEALPRO,IDEALPRO-1-415,IDEALPRO-001,IDEALPRO-1-59676,EUR/USD.IDEALPRO-MLSignalStrategyV2-V2,SELL,MARKET,100000.00,1.04279,USD,2.09 USD,TAKER,c0577a48-5d4b-4f6d-b9d7-bdac98cb3c87,2025-01-30 20:00:00+00:00,2025-01-30 20:00:00+00:00,{},False
O-20250130-200000-001-V2-417,BACKTESTER-001,MLSignalStrategyV2-V2,EUR/USD.IDEALPRO,IDEALPRO-1-417,IDEALPRO-001,IDEALPRO-1-59751,EUR/USD.IDEALPRO-MLSignalStrategyV2-V2,BUY,LIMIT,100000.00,1.04166,USD,2.08 USD,MAKER,e533903e-f8ee-4589-8274-01a71a7a5854,2025-01-30 20:37:00+00:00,2025-01-30 20:37:00+00:00,{},False
O-20250130-220000-001-V2-418,BACKTESTER-001,MLSignalStrategyV2-V2,EUR/USD.IDEALPRO,IDEALPRO-1-418,IDEALPRO-001,IDEALPRO-1-59918,EUR/USD.IDEALPRO-MLSignalStrategyV2-V2,BUY,MARKET,100000.00,1.03910,USD,2.08 USD,TAKER,0ec1edad-808a-4578-b587-a75ade5909b8,2025-01-30 22:00:00+00:00,2025-01-30 22:00:00+00:00,{},False
O-20250130-220000-001-V2-420,BACKTESTER-001,MLSignalStrategyV2-V2,EUR/USD.IDEALPRO,IDEALPRO-1-420,IDEALPRO-001,IDEALPRO-1-61017,EUR/USD.IDEALPRO-MLSignalStrategyV2-V2,SELL,LIMIT,100000.00,1.04041,USD,2.08 USD,MAKER,75046131-641d-4870-b3bf-6fba4946871a,2025-01-31 07:24:00+00:00,2025-01-31 07:24:00+00:00,{},False
O-20250131-100000-001-V2-421,BACKTESTER-001,MLSignalStrategyV2-V2,EUR/USD.IDEALPRO,IDEALPRO-1-421,IDEALPRO-001,IDEALPRO-1-61331,EUR/USD.IDEALPRO-MLSignalStrategyV2-V2,BUY,MARKET,100000.00,1.03838,USD,2.08 USD,TAKER,15a2dfc9-a1fc-4987-8899-ab0ab3a25f16,2025-01-31 10:00:00+00:00,2025-01-31 10:00:00+00:00,{},False
O-20250131-100000-001-V2-423,BACKTESTER-001,MLSignalStrategyV2-V2,EUR/USD.IDEALPRO,IDEALPRO-1-423,IDEALPRO-001,IDEALPRO-1-61713,EUR/USD.IDEALPRO-MLSignalStrategyV2-V2,SELL,LIMIT,100000.00,1.03940,USD,2.08 USD,MAKER,29874afa-f87c-439c-a230-eca693ca5a34,2025-01-31 13:11:00+00:00,2025-01-31 13:11:00+00:00,{},False
O-20250131-161500-001-V2-424,BACKTESTER-001,MLSignalStrategyV2-V2,EUR/USD.IDEALPRO,IDEALPRO-1-424,IDEALPRO-001,IDEALPRO-1-62083,EUR/USD.IDEALPRO-MLSignalStrategyV2-V2,BUY,MARKET,100000.00,1.03893,USD,2.08 USD,TAKER,ad05c009-a697-4c9d-a88d-2ea141200cdf,2025-01-31 16:15:00+00:00,2025-01-31 16:15:00+00:00,{},False
O-20250131-161500-001-V2-426,BACKTESTER-001,MLSignalStrategyV2-V2,EUR/USD.IDEALPRO,IDEALPRO-1-426,IDEALPRO-001,IDEALPRO-1-62121,EUR/USD.IDEALPRO-MLSignalStrategyV2-V2,SELL,LIMIT,100000.00,1.04031,USD,2.08 USD,MAKER,1ce43e1f-367d-4a31-a1fc-1b0aa0867e0e,2025-01-31 16:34:00+00:00,2025-01-31 16:34:00+00:00,{},False
O-20250131-171500-001-V2-427,BACKTESTER-001,MLSignalStrategyV2-V2,EUR/USD.IDEALPRO,IDEALPRO-1-427,IDEALPRO-001,IDEALPRO-1-62204,EUR/USD.IDEALPRO-MLSignalStrategyV2-V2,SELL,MARKET,100000.00,1.04256,USD,2.09 USD,TAKER,8ad21169-a29a-41bf-88c6-bdecf1fce814,2025-01-31 17:15:00+00:00,2025-01-31 17:15:00+00:00,{},False
O-20250131-171500-001-V2-429,BACKTESTER-001,MLSignalStrategyV2-V2,EUR/USD.IDEALPRO,IDEALPRO-1-429,IDEALPRO-001,IDEALPRO-1-62335,EUR/USD.IDEALPRO-MLSignalStrategyV2-V2,BUY,LIMIT,100000.00,1.03933,USD,2.08 USD,MAKER,8e66e2c3-00a4-4baa-9092-1f79460718ce,2025-01-31 18:20:00+00:00,2025-01-31 18:20:00+00:00,{},False
O-20250202-223000-001-V2-430,BACKTESTER-001,MLSignalStrategyV2-V2,EUR/USD.IDEALPRO,IDEALPRO-1-430,IDEALPRO-001,IDEALPRO-1-62806,EUR/USD.IDEALPRO-MLSignalStrategyV2-V2,BUY,MARKET,100000.00,1.02510,USD,2.05 USD,TAKER,a697e394-07a5-4815-a3bd-f4a8774fb576,2025-02-02 22:30:00+00:00,2025-02-02 22:30:00+00:00,{},False
O-20250202-223000-001-V2-431,BACKTESTER-001,MLSignalStrategyV2-V2,EUR/USD.IDEALPRO,IDEALPRO-1-431,IDEALPRO-001,IDEALPRO-1-63033,EUR/USD.IDEALPRO-MLSignalStrategyV2-V2,SELL,STOP_MARKET,100000.00,1.02171,USD,2.04 USD,TAKER,14244438-48f1-4949-b47e-eb69c5f95c3a,2025-02-03 00:23:00+00:00,2025-02-03 00:23:00+00:00,{},False
O-20250203-003000-001-V2-433,BACKTESTER-001,MLSignalStrategyV2-V2,EUR/USD.IDEALPRO,IDEALPRO-1-433,IDEALPRO-001,IDEALPRO-1-63048,EUR/USD.IDEALPRO-MLSignalStrategyV2-V2,BUY,MARKET,100000.00,1.02368,USD,2.05 USD,TAKER,f007e182-fd81-46be-bf7a-9c09f75b11dd,2025-02-03 00:30:00+00:00,2025-02-03 00:30:00+00:00,{},False
O-20250203-003000-001-V2-435,BACKTESTER-001,MLSignalStrategyV2-V2,EUR/USD.IDEALPRO,IDEALPRO-1-435,IDEALPRO-001,IDEALPRO-1-64471,EUR/USD.IDEALPRO-MLSignalStrategyV2-V2,SELL,LIMIT,100000.00,1.02602,USD,2.05 USD,MAKER,4f09c6aa-1517-4f83-ae34-eefea6f1ce99,2025-02-03 12:21:00+00:00,2025-02-03 12:21:00+00:00,{},False
O-20250203-154500-001-V2-436,BACKTESTER-001,MLSignalStrategyV2-V2,EUR/USD.IDEALPRO,IDEALPRO-1-436,IDEALPRO-001,IDEALPRO-1-64880,EUR/USD.IDEALPRO-MLSignalStrategyV2-V2,SELL,MARKET,100000.00,1.03278,USD,2.07 USD,TAKER,2e28682e-1f53-435e-aca0-1a780eccd504,2025-02-03 15:45:00+00:00,2025-02-03 15:45:00+00:00,{},False
O-20250203-154500-001-V2-438,BACKTESTER-001,MLSignalStrategyV2-V2,EUR/USD.IDEALPRO,IDEALPRO-1-438,IDEALPRO-001,IDEALPRO-1-64919,EUR/USD.IDEALPRO-MLSignalStrategyV2-V2,BUY,LIMIT,100000.00,1.02946,USD,2.06 USD,MAKER,9217edf1-17e4-4521-853a-6e2cb45f2602,2025-02-03 16:04:00+00:00,2025-02-03 16:04:00+00:00,{},False
O-20250203-161500-001-V2-439,BACKTESTER-001,MLSignalStrategyV2-V2,EUR/USD.IDEALPRO,IDEALPRO-1-439,IDEALPRO-001,IDEALPRO-1-64942,EUR/USD.IDEALPRO-MLSignalStrategyV2-V2,SELL,MARKET,100000.00,1.03174,USD,2.06 USD,TAKER,f9da5558-0461-497f-9ceb-b91814e34d3e,2025-02-03 16:15:00+00:00,2025-02-03 16:15:00+00:00,{},False
O-20250203-161500-001-V2-441,BACKTESTER-001,MLSignalStrategyV2-V2,EUR/USD.IDEALPRO,IDEALPRO-1-441,IDEALPRO-001,IDEALPRO-1-65013,EUR/USD.IDEALPRO-MLSignalStrategyV2-V2,BUY,LIMIT,100000.00,1.02933,USD,2.06 USD,MAKER,75da3083-25e2-47f1-a267-30c1db1fb2f6,2025-02-03 16:50:00+00:00,2025-02-03 16:50:00+00:00,{},False
O-20250203-181500-001-V2-442,BACKTESTER-001,MLSignalStrategyV2-V2,EUR/USD.IDEALPRO,IDEALPRO-1-442,IDEALPRO-001,IDEALPRO-1-65184,EUR/USD.IDEALPRO-MLSignalStrategyV2-V2,SELL,MARKET,100000.00,1.02828,USD,2.06 USD,TAKER,12e9e666-49e3-4725-af5e-b945de82023b,2025-02-03 18:15:00+00:00,2025-02-03 18:15:00+00:00,{},False
O-20250203-181500-001-V2-443,BACKTESTER-001,MLSignalStrategyV2-V2,EUR/USD.IDEALPRO,IDEALPRO-1-443,IDEALPRO-001,IDEALPRO-1-65557,EUR/USD.IDEALPRO-MLSignalStrategyV2-V2,BUY,STOP_MARKET,100000.00,1.03122,USD,2.06 USD,TAKER,979a4574-3978-42e4-b83f-c3f7bd8bb862,2025-02-03 21:21:00+00:00,2025-02-03 21:21:00+00:00,{},False
O-20250203-213000-001-V2-445,BACKTESTER-001,MLSignalStrategyV2-V2,EUR/USD.IDEALPRO,IDEALPRO-1-445,IDEALPRO-001,IDEALPRO-1-65576,EUR/USD.IDEALPRO-MLSignalStrategyV2-V2,SELL,MARKET,100000.00,1.03074,USD,2.06 USD,TAKER,53fea146-fe20-4bb3-9932-2fcf608fbde4,2025-02-03 21:30:00+00:00,2025-02-03 21:30:00+00:00,{},False
O-20250203-213000-001-V2-446,BACKTESTER-001,MLSignalStrategyV2-V2,EUR/USD.IDEALPRO,IDEALPRO-1-446,IDEALPRO-001,IDEALPRO-1-65591,EUR/USD.IDEALPRO-MLSignalStrategyV2-V2,BUY,STOP_MARKET,100000.00,1.03297,USD,2.07 USD,TAKER,4c5a9868-37ba-46ea-b370-0cf3d925b4f4,2025-02-03 21:37:00+00:00,2025-02-03 21:37:00+00:00,{},False
O-20250203-214500-001-V2-448,BACKTESTER-001,MLSignalStrategyV2-V2,EUR/USD.IDEALPRO,IDEALPRO-1-448,IDEALPRO-001,IDEALPRO-1-65608,EUR/USD.IDEALPRO-MLSignalStrategyV2-V2,SELL,MARKET,100000.00,1.03384,USD,2.07 USD,TAKER,209563e9-09fe-4725-ae10-ee0a7ea19dd8,2025-02-03 21:45:00+00:00,2025-02-03 21:45:00+00:00,{},False
O-20250203-214500-001-V2-450,BACKTESTER-001,MLSignalStrategyV2-V2,EUR/USD.IDEALPRO,IDEALPRO-1-450,IDEALPRO-001,IDEALPRO-1-65857,EUR/USD.IDEALPRO-MLSignalStrategyV2-V2,BUY,LIMIT,100000.00,1.03254,USD,2.07 USD,MAKER,96eb2883-6ff3-4f2b-8028-f11d5f81712b,2025-02-04 00:04:00+00:00,2025-02-04 00:04:00+00:00,{},False
O-20250204-011500-001-V2-451,BACKTESTER-001,MLSignalStrategyV2-V2,EUR/USD.IDEALPRO,IDEALPRO-1-451,IDEALPRO-001,IDEALPRO-1-66000,EUR/USD.IDEALPRO-MLSignalStrategyV2-V2,BUY,MARKET,100000.00,1.03120,USD,2.06 USD,TAKER,0aeead51-387b-47ba-9982-1abe65d02fb4,2025-02-04 01:15:00+00:00,2025-02-04 01:15:00+00:00,{},False
O-20250204-011500-001-V2-453,BACKTESTER-001,MLSignalStrategyV2-V2,EUR/USD.IDEALPRO,IDEALPRO-1-453,IDEALPRO-001,IDEALPRO-1-66077,EUR/USD.IDEALPRO-MLSignalStrategyV2-V2,SELL,LIMIT,100000.00,1.03210,USD,2.06 USD,MAKER,864432f0-f3dc-48a4-b912-aaf048ede545,2025-02-04 01:53:00+00:00,2025-02-04 01:53:00+00:00,{},False
O-20250204-051500-001-V2-454,BACKTESTER-001,MLSignalStrategyV2-V2,EUR/USD.IDEALPRO,IDEALPRO-1-454,IDEALPRO-001,IDEALPRO-1-66482,EUR/USD.IDEALPRO-MLSignalStrategyV2-V2,BUY,MARKET,100000.00,1.02794,USD,2.06 USD,TAKER,ed1107c4-1c7f-40e9-9430-8860e1384753,2025-02-04 05:15:00+00:00,2025-02-04 05:15:00+00:00,{},False
O-20250204-051500-001-V2-456,BACKTESTER-001,MLSignalStrategyV2-V2,EUR/USD.IDEALPRO,IDEALPRO-1-456,IDEALPRO-001,IDEALPRO-1-66511,EUR/USD.IDEALPRO-MLSignalStrategyV2-V2,SELL,LIMIT,100000.00,1.02867,USD,2.06 USD,MAKER,ab62ce0c-d3d4-4345-b544-471cf5ea609b,2025-02-04 05:29:00+00:00,2025-02-04 05:29:00+00:00,{},False
O-20250204-053000-001-V2-457,BACKTESTER-001,MLSignalStrategyV2-V2,EUR/USD.IDEALPRO,IDEALPRO-1-457,IDEALPRO-001,IDEALPRO-1-66514,EUR/USD.IDEALPRO-MLSignalStrategyV2-V2,BUY,MARKET,100000.00,1.02863,USD,2.06 USD,TAKER,68381a51-b2f9-4540-b970-d62e22f6cc61,2025-02-04 05:30:00+00:00,2025-02-04 05:30:00+00:00,{},False
O-20250204-053000-001-V2-459,BACKTESTER-001,MLSignalStrategyV2-V2,EUR/USD.IDEALPRO,IDEALPRO-1-459,IDEALPRO-001,IDEALPRO-1-66557,EUR/USD.IDEALPRO-MLSignalStrategyV2-V2,SELL,LIMIT,100000.00,1.02975,USD,2.06 USD,MAKER,7cc17887-b3cc-4fd7-b644-b0252de4d94f,2025-02-04 05:51:00+00:00,2025-02-04 05:51:00+00:00,{},False
O-20250204-083000-001-V2-460,BACKTESTER-001,MLSignalStrategyV2-V2,EUR/USD.IDEALPRO,IDEALPRO-1-460,IDEALPRO-001,IDEALPRO-1-66877,EUR/USD.IDEALPRO-MLSignalStrategyV2-V2,BUY,MARKET,100000.00,1.03319,USD,2.07 USD,TAKER,29151176-343e-4466-935f-0d5a9cd86a53,2025-02-04 08:30:00+00:00,2025-02-04 08:30:00+00:00,{},False
O-20250204-083000-001-V2-462,BACKTESTER-001,MLSignalStrategyV2-V2,EUR/USD.IDEALPRO,IDEALPRO-1-462,IDEALPRO-001,IDEALPRO-1-66955,EUR/USD.IDEALPRO-MLSignalStrategyV2-V2,SELL,LIMIT,100000.00,1.03412,USD,2.07 USD,MAKER,d1a06347-cb7d-4e03-bf59-a3cbe51d5c01,2025-02-04 09:09:00+00:00,2025-02-04 09:09:00+00:00,{},False
O-20250204-091500-001-V2-463,BACKTESTER-001,MLSignalStrategyV2-V2,EUR/USD.IDEALPRO,IDEALPRO-1-463,IDEALPRO-001,IDEALPRO-1-66968,EUR/USD.IDEALPRO-MLSignalStrategyV2-V2,SELL,MARKET,100000.00,1.03420,USD,2.07 USD,TAKER,35ca0fb4-41c2-4ca1-9e90-4f560c1916ce,2025-02-04 09:15:00+00:00,2025-02-04 09:15:00+00:00,{},False
O-20250204-091500-001-V2-465,BACKTESTER-001,MLSignalStrategyV2-V2,EUR/USD.IDEALPRO,IDEALPRO-1-465,IDEALPRO-001,IDEALPRO-1-67123,EUR/USD.IDEALPRO-MLSignalStrategyV2-V2,BUY,LIMIT,100000.00,1.03323,USD,2.07 USD,MAKER,386d776d-32ba-4f74-a49e-00a618111363,2025-02-04 10:32:00+00:00,2025-02-04 10:32:00+00:00,{},False
O-20250204-184500-001-V2-466,BACKTESTER-001,MLSignalStrategyV2-V2,EUR/USD.IDEALPRO,IDEALPRO-1-466,IDEALPRO-001,IDEALPRO-1-68111,EUR/USD.IDEALPRO-MLSignalStrategyV2-V2,SELL,MARKET,100000.00,1.03854,USD,2.08 USD,TAKER,8775814a-3f0c-4ff1-ab24-a3d4eb3dfdda,2025-02-04 18:45:00+00:00,2025-02-04 18:45:00+00:00,{},False
O-20250204-184500-001-V2-468,BACKTESTER-001,MLSignalStrategyV2-V2,EUR/USD.IDEALPRO,IDEALPRO-1-468,IDEALPRO-001,IDEALPRO-1-68551,EUR/USD.IDEALPRO-MLSignalStrategyV2-V2,BUY,LIMIT,100000.00,1.03764,USD,2.08 USD,MAKER,1bce1443-fce6-4e17-90af-4f251e5dc509,2025-02-04 22:40:00+00:00,2025-02-04 22:40:00+00:00,{},False
O-20250205-031500-001-V2-469,BACKTESTER-001,MLSignalStrategyV2-V2,EUR/USD.IDEALPRO,IDEALPRO-1-469,IDEALPRO-001,IDEALPRO-1-69102,EUR/USD.IDEALPRO-MLSignalStrategyV2-V2,SELL,MARKET,100000.00,1.03817,USD,2.08 USD,TAKER,6ecd1090-bf57-4c98-86c5-36cbde2749e1,2025-02-05 03:15:00+00:00,2025-02-05 03:15:00+00:00,{},False
O-20250205-031500-001-V2-471,BACKTESTER-001,MLSignalStrategyV2-V2,EUR/USD.IDEALPRO,IDEALPRO-1-471,IDEALPRO-001,IDEALPRO-1-69277,EUR/USD.IDEALPRO-MLSignalStrategyV2-V2,BUY,LIMIT,100000.00,1.03764,USD,2.08 USD,MAKER,2a7ffe96-33ed-47fe-9116-bca22bfce6d7,2025-02-05 04:42:00+00:00,2025-02-05 04:42:00+00:00,{},False
O-20250205-044500-001-V2-472,BACKTESTER-001,MLSignalStrategyV2-V2,EUR/USD.IDEALPRO,IDEALPRO-1-472,IDEALPRO-001,IDEALPRO-1-69284,EUR/USD.IDEALPRO-MLSignalStrategyV2-V2,BUY,MARKET,100000.00,1.03781,USD,2.08 USD,TAKER,e32f3618-071c-4f2d-b1e1-b2c89ea1a1fc,2025-02-05 04:45:00+00:00,2025-02-05 04:45:00+00:00,{},False
O-20250205-044500-001-V2-474,BACKTESTER-001,MLSignalStrategyV2-V2,EUR/USD.IDEALPRO,IDEALPRO-1-474,IDEALPRO-001,IDEALPRO-1-69469,EUR/USD.IDEALPRO-MLSignalStrategyV2-V2,SELL,LIMIT,100000.00,1.03842,USD,2.08 USD,MAKER,f7905028-becf-4efc-a666-0d656c973dc1,2025-02-05 06:17:00+00:00,2025-02-05 06:17:00+00:00,{},False
O-20250205-123000-001-V2-475,BACKTESTER-001,MLSignalStrategyV2-V2,EUR/USD.IDEALPRO,IDEALPRO-1-475,IDEALPRO-001,IDEALPRO-1-70217,EUR/USD.IDEALPRO-MLSignalStrategyV2-V2,SELL,MARKET,100000.00,1.04154,USD,2.08 USD,TAKER,25bf90b2-4b05-48a8-beeb-483b98b2c292,2025-02-05 12:30:00+00:00,2025-02-05 12:30:00+00:00,{},False
O-20250205-123000-001-V2-476,BACKTESTER-001,MLSignalStrategyV2-V2,EUR/USD.IDEALPRO,IDEALPRO-1-476,IDEALPRO-001,IDEALPRO-1-70301,EUR/USD.IDEALPRO-MLSignalStrategyV2-V2,BUY,STOP_MARKET,100000.00,1.04251,USD,2.09 USD,TAKER,509f4109-9960-4c0f-96ca-3b1c0d9a83dc,2025-02-05 13:12:00+00:00,2025-02-05 13:12:00+00:00,{},False
O-20250205-154500-001-V2-478,BACKTESTER-001,MLSignalStrategyV2-V2,EUR/USD.IDEALPRO,IDEALPRO-1-478,IDEALPRO-001,IDEALPRO-1-70609,EUR/USD.IDEALPRO-MLSignalStrategyV2-V2,SELL,MARKET,100000.00,1.04177,USD,2.08 USD,TAKER,7ce8d292-1a3b-45d6-8cae-b866891a78b5,2025-02-05 15:45:00+00:00,2025-02-05 15:45:00+00:00,{},False
O-20250205-154500-001-V2-480,BACKTESTER-001,MLSignalStrategyV2-V2,EUR/USD.IDEALPRO,IDEALPRO-1-480,IDEALPRO-001,IDEALPRO-1-71087,EUR/USD.IDEALPRO-MLSignalStrategyV2-V2,BUY,LIMIT,100000.00,1.04070,USD,2.08 USD,MAKER,23929bfa-5896-4e78-80bd-f0ce5baa863a,2025-02-05 19:44:00+00:00,2025-02-05 19:44:00+00:00,{},False
O-20250205-223000-001-V2-481,BACKTESTER-001,MLSignalStrategyV2-V2,EUR/USD.IDEALPRO,IDEALPRO-1-481,IDEALPRO-001,IDEALPRO-1-71390,EUR/USD.IDEALPRO-MLSignalStrategyV2-V2,SELL,MARKET,100000.00,1.04041,USD,2.08 USD,TAKER,943e2bc3-3266-4c0a-a2b2-79911744412e,2025-02-05 22:30:00+00:00,2025-02-05 22:30:00+00:00,{},False
O-20250205-223000-001-V2-483,BACKTESTER-001,MLSignalStrategyV2-V2,EUR/USD.IDEALPRO,IDEALPRO-1-483,IDEALPRO-001,IDEALPRO-1-71471,EUR/USD.IDEALPRO-MLSignalStrategyV2-V2,BUY,LIMIT,100000.00,1.03989,USD,2.08 USD,MAKER,842a12b6-1221-4750-8fa1-b5030ceb27d3,2025-02-05 23:10:00+00:00,2025-02-05 23:10:00+00:00,{},False
O-20250206-001500-001-V2-484,BACKTESTER-001,MLSignalStrategyV2-V2,EUR/USD.IDEALPRO,IDEALPRO-1-484,IDEALPRO-001,IDEALPRO-1-71602,EUR/USD.IDEALPRO-MLSignalStrategyV2-V2,SELL,MARKET,100000.00,1.04020,USD,2.08 USD,TAKER,0bc31570-632c-4db4-93ba-a69045aca474,2025-02-06 00:15:00+00:00,2025-02-06 00:15:00+00:00,{},False
O-20250206-001500-001-V2-486,BACKTESTER-001,MLSignalStrategyV2-V2,EUR/USD.IDEALPRO,IDEALPRO-1-486,IDEALPRO-001,IDEALPRO-1-71617,EUR/USD.IDEALPRO-MLSignalStrategyV2-V2,BUY,LIMIT,100000.00,1.03965,USD,2.08 USD,MAKER,bc6e1697-6e06-457b-b140-1ac7598cf490,2025-02-06 00:22:00+00:00,2025-02-06 00:22:00+00:00,{},False
O-20250206-010000-001-V2-487,BACKTESTER-001,MLSignalStrategyV2-V2,EUR/USD.IDEALPRO,IDEALPRO-1-487,IDEALPRO-001,IDEALPRO-1-71695,EUR/USD.IDEALPRO-MLSignalStrategyV2-V2,SELL,MARKET,100000.00,1.03974,USD,2.08 USD,TAKER,79d1a655-a015-4eb9-ade0-cd2d7fb72fa4,2025-02-06 01:00:00+00:00,2025-02-06 01:00:00+00:00,{},False
O-20250206-010000-001-V2-488,BACKTESTER-001,MLSignalStrategyV2-V2,EUR/USD.IDEALPRO,IDEALPRO-1-488,IDEALPRO-001,IDEALPRO-1-71775,EUR/USD.IDEALPRO-MLSignalStrategyV2-V2,BUY,STOP_MARKET,100000.00,1.04035,USD,2.08 USD,TAKER,cd453d6f-13b5-44eb-a52f-1e05cf5c1d69,2025-02-06 01:40:00+00:00,2025-02-06 01:40:00+00:00,{},False
O-20250206-041500-001-V2-490,BACKTESTER-001,MLSignalStrategyV2-V2,EUR/USD.IDEALPRO,IDEALPRO-1-490,IDEALPRO-001,IDEALPRO-1-72086,EUR/USD.IDEALPRO-MLSignalStrategyV2-V2,BUY,MARKET,100000.00,1.03922,USD,2.08 USD,TAKER,b6bbe230-4b01-43ff-8ed6-8f4c2a46c59a,2025-02-06 04:15:00+00:00,2025-02-06 04:15:00+00:00,{},False
O-20250206-041500-001-V2-491,BACKTESTER-001,MLSignalStrategyV2-V2,EUR/USD.IDEALPRO,IDEALPRO-1-491,IDEALPRO-001,IDEALPRO-1-72149,EUR/USD.IDEALPRO-MLSignalStrategyV2-V2,SELL,STOP_MARKET,100000.00,1.03869,USD,2.08 USD,TAKER,10e8a2a8-1179-41c1-95c5-6812ebdbd2f9,2025-02-06 04:46:00+00:00,2025-02-06 04:46:00+00:00,{},False
O-20250206-110000-001-V2-493,BACKTESTER-001,MLSignalStrategyV2-V2,EUR/USD.IDEALPRO,IDEALPRO-1-493,IDEALPRO-001,IDEALPRO-1-72898,EUR/USD.IDEALPRO-MLSignalStrategyV2-V2,SELL,MARKET,100000.00,1.03625,USD,2.07 USD,TAKER,1d77eab5-5208-4639-8abc-7216f5deae3a,2025-02-06 11:00:00+00:00,2025-02-06 11:00:00+00:00,{},False
O-20250206-110000-001-V2-495,BACKTESTER-001,MLSignalStrategyV2-V2,EUR/USD.IDEALPRO,IDEALPRO-1-495,IDEALPRO-001,IDEALPRO-1-73041,EUR/USD.IDEALPRO-MLSignalStrategyV2-V2,BUY,LIMIT,100000.00,1.03553,USD,2.07 USD,MAKER,34602a01-edc6-4ce8-8dde-1d0b11719de6,2025-02-06 12:11:00+00:00,2025-02-06 12:11:00+00:00,{},False
O-20250206-141500-001-V2-496,BACKTESTER-001,MLSignalStrategyV2-V2,EUR/USD.IDEALPRO,IDEALPRO-1-496,IDEALPRO-001,IDEALPRO-1-73290,EUR/USD.IDEALPRO-MLSignalStrategyV2-V2,SELL,MARKET,100000.00,1.03661,USD,2.07 USD,TAKER,274ce9bf-5a4b-4715-8ca2-3ea680c593db,2025-02-06 14:15:00+00:00,2025-02-06 14:15:00+00:00,{},False
O-20250206-141500-001-V2-497,BACKTESTER-001,MLSignalStrategyV2-V2,EUR/USD.IDEALPRO,IDEALPRO-1-497,IDEALPRO-001,IDEALPRO-1-73343,EUR/USD.IDEALPRO-MLSignalStrategyV2-V2,BUY,STOP_MARKET,100000.00,1.03747,USD,2.07 USD,TAKER,3c46dd3e-4b70-4bb0-9b26-c28febd216a8,2025-02-06 14:41:00+00:00,2025-02-06 14:41:00+00:00,{},False
O-20250207-084500-001-V2-499,BACKTESTER-001,MLSignalStrategyV2-V2,EUR/USD.IDEALPRO,IDEALPRO-1-499,IDEALPRO-001,IDEALPRO-1-75482,EUR/USD.IDEALPRO-MLSignalStrategyV2-V2,SELL,MARKET,100000.00,1.03983,USD,2.08 USD,TAKER,fc7a7b55-9b5a-49e4-99e5-f7f6af46aa1e,2025-02-07 08:45:00+00:00,2025-02-07 08:45:00+00:00,{},False
O-20250207-084500-001-V2-501,BACKTESTER-001,MLSignalStrategyV2-V2,EUR/USD.IDEALPRO,IDEALPRO-1-501,IDEALPRO-001,IDEALPRO-1-75537,EUR/USD.IDEALPRO-MLSignalStrategyV2-V2,BUY,LIMIT,100000.00,1.03927,USD,2.08 USD,MAKER,f548167e-e097-4a78-9f83-831346b0ca1a,2025-02-07 09:12:00+00:00,2025-02-07 09:12:00+00:00,{},False
O-20250207-103000-001-V2-502,BACKTESTER-001,MLSignalStrategyV2-V2,EUR/USD.IDEALPRO,IDEALPRO-1-502,IDEALPRO-001,IDEALPRO-1-75695,EUR/USD.IDEALPRO-MLSignalStrategyV2-V2,BUY,MARKET,100000.00,1.03880,USD,2.08 USD,TAKER,2d5409e9-6081-4ef6-9ad5-e5cac8f24def,2025-02-07 10:30:00+00:00,2025-02-07 10:30:00+00:00,{},False
O-20250207-103000-001-V2-503,BACKTESTER-001,MLSignalStrategyV2-V2,EUR/USD.IDEALPRO,IDEALPRO-1-503,IDEALPRO-001,IDEALPRO-1-75729,EUR/USD.IDEALPRO-MLSignalStrategyV2-V2,SELL,STOP_MARKET,100000.00,1.03807,USD,2.08 USD,TAKER,65c40c8b-fc44-4925-bcba-e7f7664afb4d,2025-02-07 10:47:00+00:00,2025-02-07 10:47:00+00:00,{},False
O-20250207-170000-001-V2-505,BACKTESTER-001,MLSignalStrategyV2-V2,EUR/USD.IDEALPRO,IDEALPRO-1-505,IDEALPRO-001,IDEALPRO-1-76476,EUR/USD.IDEALPRO-MLSignalStrategyV2-V2,SELL,MARKET,100000.00,1.03279,USD,2.07 USD,TAKER,42edb8db-988b-412a-9dff-a77d65db3a1f,2025-02-07 17:00:00+00:00,2025-02-07 17:00:00+00:00,{},False
O-20250207-170000-001-V2-506,BACKTESTER-001,MLSignalStrategyV2-V2,EUR/USD.IDEALPRO,IDEALPRO-1-506,IDEALPRO-001,IDEALPRO-1-76495,EUR/USD.IDEALPRO-MLSignalStrategyV2-V2,BUY,STOP_MARKET,100000.00,1.03609,USD,2.07 USD,TAKER,d5e475de-0e15-4731-a495-1661932d747b,2025-02-07 17:09:00+00:00,2025-02-07 17:09:00+00:00,{},False
O-20250207-171500-001-V2-508,BACKTESTER-001,MLSignalStrategyV2-V2,EUR/USD.IDEALPRO,IDEALPRO-1-508,IDEALPRO-001,IDEALPRO-1-76509,EUR/USD.IDEALPRO-MLSignalStrategyV2-V2,BUY,MARKET,100000.00,1.03428,USD,2.07 USD,TAKER,9b4a3417-4525-4055-ad7c-664ac76c6e00,2025-02-07 17:15:00+00:00,2025-02-07 17:15:00+00:00,{},False
O-20250207-171500-001-V2-509,BACKTESTER-001,MLSignalStrategyV2-V2,EUR/USD.IDEALPRO,IDEALPRO-1-509,IDEALPRO-001,IDEALPRO-1-76517,EUR/USD.IDEALPRO-MLSignalStrategyV2-V2,SELL,STOP_MARKET,100000.00,1.03052,USD,2.06 USD,TAKER,53b0118c-2755-46c5-acf0-3376ab677f72,2025-02-07 17:19:00+00:00,2025-02-07 17:19:00+00:00,{},False
O-20250207-173000-001-V2-511,BACKTESTER-001,MLSignalStrategyV2-V2,EUR/USD.IDEALPRO,IDEALPRO-1-511,IDEALPRO-001,IDEALPRO-1-76540,EUR/USD.IDEALPRO-MLSignalStrategyV2-V2,BUY,MARKET,100000.00,1.03202,USD,2.06 USD,TAKER,c5bc9041-e0ea-407d-bc8c-641ab93863e0,2025-02-07 17:30:00+00:00,2025-02-07 17:30:00+00:00,{},False
O-20250207-173000-001-V2-512,BACKTESTER-001,MLSignalStrategyV2-V2,EUR/USD.IDEALPRO,IDEALPRO-1-512,IDEALPRO-001,IDEALPRO-1-77095,EUR/USD.IDEALPRO-MLSignalStrategyV2-V2,SELL,STOP_MARKET,100000.00,1.02916,USD,2.06 USD,TAKER,780d567b-0eb5-421a-978e-ccfe712e8da4,2025-02-09 22:22:00+00:00,2025-02-09 22:22:00+00:00,{},False
O-20250209-223000-001-V2-514,BACKTESTER-001,MLSignalStrategyV2-V2,EUR/USD.IDEALPRO,IDEALPRO-1-514,IDEALPRO-001,IDEALPRO-1-77112,EUR/USD.IDEALPRO-MLSignalStrategyV2-V2,BUY,MARKET,100000.00,1.02959,USD,2.06 USD,TAKER,b126e4ad-77e8-42be-b9ff-57fe169ef3b4,2025-02-09 22:30:00+00:00,2025-02-09 22:30:00+00:00,{},False
O-20250209-223000-001-V2-516,BACKTESTER-001,MLSignalStrategyV2-V2,EUR/USD.IDEALPRO,IDEALPRO-1-516,IDEALPRO-001,IDEALPRO-1-77181,EUR/USD.IDEALPRO-MLSignalStrategyV2-V2,SELL,LIMIT,100000.00,1.03079,USD,2.06 USD,MAKER,8110b3f0-30ac-4f71-bd19-fb0e7b837be0,2025-02-09 23:04:00+00:00,2025-02-09 23:04:00+00:00,{},False
O-20250209-231500-001-V2-517,BACKTESTER-001,MLSignalStrategyV2-V2,EUR/USD.IDEALPRO,IDEALPRO-1-517,IDEALPRO-001,IDEALPRO-1-77204,EUR/USD.IDEALPRO-MLSignalStrategyV2-V2,BUY,MARKET,100000.00,1.03083,USD,2.06 USD,TAKER,4b2748f3-1702-465f-a494-52f8c10cfdfd,2025-02-09 23:15:00+00:00,2025-02-09 23:15:00+00:00,{},False
O-20250209-231500-001-V2-519,BACKTESTER-001,MLSignalStrategyV2-V2,EUR/USD.IDEALPRO,IDEALPRO-1-519,IDEALPRO-001,IDEALPRO-1-77337,EUR/USD.IDEALPRO-MLSignalStrategyV2-V2,SELL,LIMIT,100000.00,1.03184,USD,2.06 USD,MAKER,5ccc675c-32f9-49a4-aee9-88fd01d81a02,2025-02-10 00:21:00+00:00,2025-02-10 00:21:00+00:00,{},False
O-20250210-063000-001-V2-520,BACKTESTER-001,MLSignalStrategyV2-V2,EUR/USD.IDEALPRO,IDEALPRO-1-520,IDEALPRO-001,IDEALPRO-1-78077,EUR/USD.IDEALPRO-MLSignalStrategyV2-V2,BUY,MARKET,100000.00,1.03145,USD,2.06 USD,TAKER,8c8af4d9-07ff-41e3-adf0-0c62540f9a65,2025-02-10 06:30:00+00:00,2025-02-10 06:30:00+00:00,{},False
O-20250210-063000-001-V2-522,BACKTESTER-001,MLSignalStrategyV2-V2,EUR/USD.IDEALPRO,IDEALPRO-1-522,IDEALPRO-001,IDEALPRO-1-78109,EUR/USD.IDEALPRO-MLSignalStrategyV2-V2,SELL,LIMIT,100000.00,1.03184,USD,2.06 USD,MAKER,7e606a96-46d2-46c7-aa66-18fc0e663068,2025-02-10 06:46:00+00:00,2025-02-10 06:46:00+00:00,{},False
O-20250210-183000-001-V2-523,BACKTESTER-001,MLSignalStrategyV2-V2,EUR/USD.IDEALPRO,IDEALPRO-1-523,IDEALPRO-001,IDEALPRO-1-79519,EUR/USD.IDEALPRO-MLSignalStrategyV2-V2,BUY,MARKET,100000.00,1.03127,USD,2.06 USD,TAKER,34cf6d72-383c-47a6-bd6a-f754daf0132a,2025-02-10 18:30:00+00:00,2025-02-10 18:30:00+00:00,{},False
O-20250210-183000-001-V2-524,BACKTESTER-001,MLSignalStrategyV2-V2,EUR/USD.IDEALPRO,IDEALPRO-1-524,IDEALPRO-001,IDEALPRO-1-79571,EUR/USD.IDEALPRO-MLSignalStrategyV2-V2,SELL,STOP_MARKET,100000.00,1.03058,USD,2.06 USD,TAKER,746ec545-5f6d-493a-9466-2dc4f0893e85,2025-02-10 18:56:00+00:00,2025-02-10 18:56:00+00:00,{},False
O-20250210-201500-001-V2-526,BACKTESTER-001,MLSignalStrategyV2-V2,EUR/USD.IDEALPRO,IDEALPRO-1-526,IDEALPRO-001,IDEALPRO-1-79731,EUR/USD.IDEALPRO-MLSignalStrategyV2-V2,BUY,MARKET,100000.00,1.03072,USD,2.06 USD,TAKER,f5b2df55-ecf6-4681-a9fc-5c250fdbed70,2025-02-10 20:15:00+00:00,2025-02-10 20:15:00+00:00,{},False
O-20250210-201500-001-V2-527,BACKTESTER-001,MLSignalStrategyV2-V2,EUR/USD.IDEALPRO,IDEALPRO-1-527,IDEALPRO-001,IDEALPRO-1-80063,EUR/USD.IDEALPRO-MLSignalStrategyV2-V2,SELL,STOP_MARKET,100000.00,1.03019,USD,2.06 USD,TAKER,a2c70b88-f21c-423d-a5aa-5944ca9cd608,2025-02-10 23:16:00+00:00,2025-02-10 23:16:00+00:00,{},False
O-20250210-233000-001-V2-529,BACKTESTER-001,MLSignalStrategyV2-V2,EUR/USD.IDEALPRO,IDEALPRO-1-529,IDEALPRO-001,IDEALPRO-1-80092,EUR/USD.IDEALPRO-MLSignalStrategyV2-V2,BUY,MARKET,100000.00,1.03002,USD,2.06 USD,TAKER,afa4c1c5-0b9e-4aac-9717-d9fef4ed58da,2025-02-10 23:30:00+00:00,2025-02-10 23:30:00+00:00,{},False
O-20250210-233000-001-V2-531,BACKTESTER-001,MLSignalStrategyV2-V2,EUR/USD.IDEALPRO,IDEALPRO-1-531,IDEALPRO-001,IDEALPRO-1-80207,EUR/USD.IDEALPRO-MLSignalStrategyV2-V2,SELL,LIMIT,100000.00,1.03034,USD,2.06 USD,MAKER,e00f48f9-20f6-4c21-91c8-9d5e1f7c7095,2025-02-11 00:27:00+00:00,2025-02-11 00:27:00+00:00,{},False
O-20250211-024500-001-V2-532,BACKTESTER-001,MLSignalStrategyV2-V2,EUR/USD.IDEALPRO,IDEALPRO-1-532,IDEALPRO-001,IDEALPRO-1-80484,EUR/USD.IDEALPRO-MLSignalStrategyV2-V2,BUY,MARKET,100000.00,1.02967,USD,2.06 USD,TAKER,cb531c65-50fe-4765-9359-9d5e1acbd7ee,2025-02-11 02:45:00+00:00,2025-02-11 02:45:00+00:00,{},False
O-20250211-024500-001-V2-533,BACKTESTER-001,MLSignalStrategyV2-V2,EUR/USD.IDEALPRO,IDEALPRO-1-533,IDEALPRO-001,IDEALPRO-1-80511,EUR/USD.IDEALPRO-MLSignalStrategyV2-V2,SELL,STOP_MARKET,100000.00,1.02923,USD,2.06 USD,TAKER,a3051455-507f-4789-8932-18a27e321763,2025-02-11 02:58:00+00:00,2025-02-11 02:58:00+00:00,{},False
O-20250211-031500-001-V2-535,BACKTESTER-001,MLSignalStrategyV2-V2,EUR/USD.IDEALPRO,IDEALPRO-1-535,IDEALPRO-001,IDEALPRO-1-80547,EUR/USD.IDEALPRO-MLSignalStrategyV2-V2,SELL,MARKET,100000.00,1.02933,USD,2.06 USD,TAKER,f9efd639-0e82-4384-a9a1-7bc89d2dd53a,2025-02-11 03:15:00+00:00,2025-02-11 03:15:00+00:00,{},False
O-20250211-031500-001-V2-536,BACKTESTER-001,MLSignalStrategyV2-V2,EUR/USD.IDEALPRO,IDEALPRO-1-536,IDEALPRO-001,IDEALPRO-1-80581,EUR/USD.IDEALPRO-MLSignalStrategyV2-V2,BUY,STOP_MARKET,100000.00,1.02981,USD,2.06 USD,TAKER,6406ebc0-5067-4169-a8b4-e29e7a156b98,2025-02-11 03:32:00+00:00,2025-02-11 03:32:00+00:00,{},False
O-20250211-113000-001-V2-538,BACKTESTER-001,MLSignalStrategyV2-V2,EUR/USD.IDEALPRO,IDEALPRO-1-538,IDEALPRO-001,IDEALPRO-1-81538,EUR/USD.IDEALPRO-MLSignalStrategyV2-V2,SELL,MARKET,100000.00,1.03171,USD,2.06 USD,TAKER,332ea57f-4904-4531-8ec2-685b8bce4845,2025-02-11 11:30:00+00:00,2025-02-11 11:30:00+00:00,{},False
O-20250211-113000-001-V2-539,BACKTESTER-001,MLSignalStrategyV2-V2,EUR/USD.IDEALPRO,IDEALPRO-1-539,IDEALPRO-001,IDEALPRO-1-81625,EUR/USD.IDEALPRO-MLSignalStrategyV2-V2,BUY,STOP_MARKET,100000.00,1.03243,USD,2.06 USD,TAKER,91eacab0-29df-45fd-af36-cf780136e482,2025-02-11 12:13:00+00:00,2025-02-11 12:13:00+00:00,{},False
O-20250211-171500-001-V2-541,BACKTESTER-001,MLSignalStrategyV2-V2,EUR/USD.IDEALPRO,IDEALPRO-1-541,IDEALPRO-001,IDEALPRO-1-82231,EUR/USD.IDEALPRO-MLSignalStrategyV2-V2,BUY,MARKET,100000.00,1.03453,USD,2.07 USD,TAKER,b9ec1595-9eba-4e61-a634-a31087b931da,2025-02-11 17:15:00+00:00,2025-02-11 17:15:00+00:00,{},False
O-20250211-171500-001-V2-543,BACKTESTER-001,MLSignalStrategyV2-V2,EUR/USD.IDEALPRO,IDEALPRO-1-543,IDEALPRO-001,IDEALPRO-1-82521,EUR/USD.IDEALPRO-MLSignalStrategyV2-V2,SELL,LIMIT,100000.00,1.03621,USD,2.07 USD,MAKER,677bf14b-da9d-4724-9fb6-a8a36a3cafb6,2025-02-11 19:40:00+00:00,2025-02-11 19:40:00+00:00,{},False
O-20250211-233000-001-V2-544,BACKTESTER-001,MLSignalStrategyV2-V2,EUR/USD.IDEALPRO,IDEALPRO-1-544,IDEALPRO-001,IDEALPRO-1-82952,EUR/USD.IDEALPRO-MLSignalStrategyV2-V2,SELL,MARKET,100000.00,1.03630,USD,2.07 USD,TAKER,817d62af-c6d4-4672-bd3d-149a15d165de,2025-02-11 23:30:00+00:00,2025-02-11 23:30:00+00:00,{},False
O-20250211-233000-001-V2-546,BACKTESTER-001,MLSignalStrategyV2-V2,EUR/USD.IDEALPRO,IDEALPRO-1-546,IDEALPRO-001,IDEALPRO-1-83039,EUR/USD.IDEALPRO-MLSignalStrategyV2-V2,BUY,LIMIT,100000.00,1.03581,USD,2.07 USD,MAKER,4eef8caf-cb45-4b04-b397-c5273700465b,2025-02-12 00:13:00+00:00,2025-02-12 00:13:00+00:00,{},False
O-20250212-001500-001-V2-547,BACKTESTER-001,MLSignalStrategyV2-V2,EUR/USD.IDEALPRO,IDEALPRO-1-547,IDEALPRO-001,IDEALPRO-1-83044,EUR/USD.IDEALPRO-MLSignalStrategyV2-V2,SELL,MARKET,100000.00,1.03583,USD,2.07 USD,TAKER,541b4de3-0cf2-4d3e-9b5e-fb7cd404549c,2025-02-12 00:15:00+00:00,2025-02-12 00:15:00+00:00,{},False
O-20250212-001500-001-V2-548,BACKTESTER-001,MLSignalStrategyV2-V2,EUR/USD.IDEALPRO,IDEALPRO-1-548,IDEALPRO-001,IDEALPRO-1-83233,EUR/USD.IDEALPRO-MLSignalStrategyV2-V2,BUY,STOP_MARKET,100000.00,1.03642,USD,2.07 USD,TAKER,fa1c4ee8-fe5f-494d-adaa-26094b36cbf2,2025-02-12 01:49:00+00:00,2025-02-12 01:49:00+00:00,{},False
O-20250212-040000-001-V2-550,BACKTESTER-001,MLSignalStrategyV2-V2,EUR/USD.IDEALPRO,IDEALPRO-1-550,IDEALPRO-001,IDEALPRO-1-83497,EUR/USD.IDEALPRO-MLSignalStrategyV2-V2,SELL,MARKET,100000.00,1.03622,USD,2.07 USD,TAKER,9beafa02-1834-42e0-800f-4f41a82f040f,2025-02-12 04:00:00+00:00,2025-02-12 04:00:00+00:00,{},False
O-20250212-040000-001-V2-552,BACKTESTER-001,MLSignalStrategyV2-V2,EUR/USD.IDEALPRO,IDEALPRO-1-552,IDEALPRO-001,IDEALPRO-1-83603,EUR/USD.IDEALPRO-MLSignalStrategyV2-V2,BUY,LIMIT,100000.00,1.03582,USD,2.07 USD,MAKER,fdd236b2-a791-4492-98a5-1ff240be50ca,2025-02-12 04:53:00+00:00,2025-02-12 04:53:00+00:00,{},False
O-20250212-080000-001-V2-553,BACKTESTER-001,MLSignalStrategyV2-V2,EUR/USD.IDEALPRO,IDEALPRO-1-553,IDEALPRO-001,IDEALPRO-1-83979,EUR/USD.IDEALPRO-MLSignalStrategyV2-V2,SELL,MARKET,100000.00,1.03760,USD,2.08 USD,TAKER,4feda9c2-6be6-4cfd-94e3-36b02d1a9c4c,2025-02-12 08:00:00+00:00,2025-02-12 08:00:00+00:00,{},False
O-20250212-080000-001-V2-555,BACKTESTER-001,MLSignalStrategyV2-V2,EUR/USD.IDEALPRO,IDEALPRO-1-555,IDEALPRO-001,IDEALPRO-1-84041,EUR/USD.IDEALPRO-MLSignalStrategyV2-V2,BUY,LIMIT,100000.00,1.03703,USD,2.07 USD,MAKER,af45ffec-a505-481f-abdf-cfc369bae237,2025-02-12 08:31:00+00:00,2025-02-12 08:31:00+00:00,{},False
O-20250212-091500-001-V2-556,BACKTESTER-001,MLSignalStrategyV2-V2,EUR/USD.IDEALPRO,IDEALPRO-1-556,IDEALPRO-001,IDEALPRO-1-84130,EUR/USD.IDEALPRO-MLSignalStrategyV2-V2,BUY,MARKET,100000.00,1.03679,USD,2.07 USD,TAKER,87a574a2-ce80-4b4e-8e4c-8bd4e46ea491,2025-02-12 09:15:00+00:00,2025-02-12 09:15:00+00:00,{},False
O-20250212-091500-001-V2-558,BACKTESTER-001,MLSignalStrategyV2-V2,EUR/USD.IDEALPRO,IDEALPRO-1-558,IDEALPRO-001,IDEALPRO-1-84223,EUR/USD.IDEALPRO-MLSignalStrategyV2-V2,SELL,LIMIT,100000.00,1.03745,USD,2.07 USD,MAKER,8867b53a-1d96-4c72-95c9-63834278a28c,2025-02-12 10:01:00+00:00,2025-02-12 10:01:00+00:00,{},False
O-20250212-150000-001-V2-559,BACKTESTER-001,MLSignalStrategyV2-V2,EUR/USD.IDEALPRO,IDEALPRO-1-559,IDEALPRO-001,IDEALPRO-1-84823,EUR/USD.IDEALPRO-MLSignalStrategyV2-V2,BUY,MARKET,100000.00,1.03504,USD,2.07 USD,TAKER,80da221c-d157-40f4-a8a6-2a175e1aac62,2025-02-12 15:00:00+00:00,2025-02-12 15:00:00+00:00,{},False
O-20250212-150000-001-V2-561,BACKTESTER-001,MLSignalStrategyV2-V2,EUR/USD.IDEALPRO,IDEALPRO-1-561,IDEALPRO-001,IDEALPRO-1-84873,EUR/USD.IDEALPRO-MLSignalStrategyV2-V2,SELL,LIMIT,100000.00,1.03744,USD,2.07 USD,MAKER,108bf6d5-a1b8-448e-bd61-ff847ae4848b,2025-02-12 15:25:00+00:00,2025-02-12 15:25:00+00:00,{},False
O-20250212-170000-001-V2-562,BACKTESTER-001,MLSignalStrategyV2-V2,EUR/USD.IDEALPRO,IDEALPRO-1-562,IDEALPRO-001,IDEALPRO-1-85064,EUR/USD.IDEALPRO-MLSignalStrategyV2-V2,SELL,MARKET,100000.00,1.03913,USD,2.08 USD,TAKER,c99db186-5843-496d-bdff-2f9f65d5e0cd,2025-02-12 17:00:00+00:00,2025-02-12 17:00:00+00:00,{},False
O-20250212-170000-001-V2-563,BACKTESTER-001,MLSignalStrategyV2-V2,EUR/USD.IDEALPRO,IDEALPRO-1-563,IDEALPRO-001,IDEALPRO-1-85093,EUR/USD.IDEALPRO-MLSignalStrategyV2-V2,BUY,STOP_MARKET,100000.00,1.04167,USD,2.08 USD,TAKER,70ecc565-4d97-4c23-95b4-9d40a53de2ea,2025-02-12 17:14:00+00:00,2025-02-12 17:14:00+00:00,{},False
O-20250212-171500-001-V2-565,BACKTESTER-001,MLSignalStrategyV2-V2,EUR/USD.IDEALPRO,IDEALPRO-1-565,IDEALPRO-001,IDEALPRO-1-85096,EUR/USD.IDEALPRO-MLSignalStrategyV2-V2,SELL,MARKET,100000.00,1.04111,USD,2.08 USD,TAKER,67ffd999-1731-4efc-acda-10ccf53bbe56,2025-02-12 17:15:00+00:00,2025-02-12 17:15:00+00:00,{},False
O-20250212-171500-001-V2-567,BACKTESTER-001,MLSignalStrategyV2-V2,EUR/USD.IDEALPRO,IDEALPRO-1-567,IDEALPRO-001,IDEALPRO-1-85297,EUR/USD.IDEALPRO-MLSignalStrategyV2-V2,BUY,LIMIT,100000.00,1.03935,USD,2.08 USD,MAKER,99e244fb-93a8-4bdf-b92a-82fa84985475,2025-02-12 18:55:00+00:00,2025-02-12 18:55:00+00:00,{},False
O-20250213-000000-001-V2-568,BACKTESTER-001,MLSignalStrategyV2-V2,EUR/USD.IDEALPRO,IDEALPRO-1-568,IDEALPRO-001,IDEALPRO-1-85878,EUR/USD.IDEALPRO-MLSignalStrategyV2-V2,BUY,MARKET,100000.00,1.03924,USD,2.08 USD,TAKER,f06dd5c8-ef6b-4f2a-9735-c2a6ec45f293,2025-02-13 00:00:00+00:00,2025-02-13 00:00:00+00:00,{},False
O-20250213-000000-001-V2-570,BACKTESTER-001,MLSignalStrategyV2-V2,EUR/USD.IDEALPRO,IDEALPRO-1-570,IDEALPRO-001,IDEALPRO-1-85935,EUR/USD.IDEALPRO-MLSignalStrategyV2-V2,SELL,LIMIT,100000.00,1.03980,USD,2.08 USD,MAKER,95e4d8db-33e6-415e-8b9c-ed7beb4743f5,2025-02-13 00:28:00+00:00,2025-02-13 00:28:00+00:00,{},False
O-20250213-011500-001-V2-571,BACKTESTER-001,MLSignalStrategyV2-V2,EUR/USD.IDEALPRO,IDEALPRO-1-571,IDEALPRO-001,IDEALPRO-1-86030,EUR/USD.IDEALPRO-MLSignalStrategyV2-V2,BUY,MARKET,100000.00,1.03926,USD,2.08 USD,TAKER,9f65977f-30f5-4a27-9f78-593dc34e467f,2025-02-13 01:15:00+00:00,2025-02-13 01:15:00+00:00,{},False
O-20250213-011500-001-V2-573,BACKTESTER-001,MLSignalStrategyV2-V2,EUR/USD.IDEALPRO,IDEALPRO-1-573,IDEALPRO-001,IDEALPRO-1-86095,EUR/USD.IDEALPRO-MLSignalStrategyV2-V2,SELL,LIMIT,100000.00,1.04000,USD,2.08 USD,MAKER,4b28ab61-ba78-410a-9b27-583c04a4fa4f,2025-02-13 01:47:00+00:00,2025-02-13 01:47:00+00:00,{},False
O-20250213-040000-001-V2-574,BACKTESTER-001,MLSignalStrategyV2-V2,EUR/USD.IDEALPRO,IDEALPRO-1-574,IDEALPRO-001,IDEALPRO-1-86363,EUR/USD.IDEALPRO-MLSignalStrategyV2-V2,BUY,MARKET,100000.00,1.04192,USD,2.08 USD,TAKER,cd1f4b1a-47d3-4112-bb14-326a2787ad9d,2025-02-13 04:00:00+00:00,2025-02-13 04:00:00+00:00,{},False
O-20250213-040000-001-V2-576,BACKTESTER-001,MLSignalStrategyV2-V2,EUR/USD.IDEALPRO,IDEALPRO-1-576,IDEALPRO-001,IDEALPRO-1-86373,EUR/USD.IDEALPRO-MLSignalStrategyV2-V2,SELL,LIMIT,100000.00,1.04252,USD,2.09 USD,MAKER,90a8f26c-186a-47c8-acf4-573967fc0557,2025-02-13 04:05:00+00:00,2025-02-13 04:05:00+00:00,{},False
O-20250213-130000-001-V2-577,BACKTESTER-001,MLSignalStrategyV2-V2,EUR/USD.IDEALPRO,IDEALPRO-1-577,IDEALPRO-001,IDEALPRO-1-87444,EUR/USD.IDEALPRO-MLSignalStrategyV2-V2,BUY,MARKET,100000.00,1.03899,USD,2.08 USD,TAKER,a76fc957-4c90-4549-8a9f-d2fe38ae5de6,2025-02-13 13:00:00+00:00,2025-02-13 13:00:00+00:00,{},False
O-20250213-130000-001-V2-578,BACKTESTER-001,MLSignalStrategyV2-V2,EUR/USD.IDEALPRO,IDEALPRO-1-578,IDEALPRO-001,IDEALPRO-1-87507,EUR/USD.IDEALPRO-MLSignalStrategyV2-V2,SELL,STOP_MARKET,100000.00,1.03754,USD,2.08 USD,TAKER,6be63acd-a6aa-4a96-a457-617501330bc1,2025-02-13 13:31:00+00:00,2025-02-13 13:31:00+00:00,{},False
O-20250213-134500-001-V2-580,BACKTESTER-001,MLSignalStrategyV2-V2,EUR/USD.IDEALPRO,IDEALPRO-1-580,IDEALPRO-001,IDEALPRO-1-87536,EUR/USD.IDEALPRO-MLSignalStrategyV2-V2,BUY,MARKET,100000.00,1.03994,USD,2.08 USD,TAKER,af94656e-5ebf-4c2c-a691-f312b10eba32,2025-02-13 13:45:00+00:00,2025-02-13 13:45:00+00:00,{},False
O-20250213-134500-001-V2-581,BACKTESTER-001,MLSignalStrategyV2-V2,EUR/USD.IDEALPRO,IDEALPRO-1-581,IDEALPRO-001,IDEALPRO-1-87581,EUR/USD.IDEALPRO-MLSignalStrategyV2-V2,SELL,STOP_MARKET,100000.00,1.03850,USD,2.08 USD,TAKER,254071a2-5e7e-48e1-93c2-306c9e78ce21,2025-02-13 14:07:00+00:00,2025-02-13 14:07:00+00:00,{},False
O-20250213-141500-001-V2-583,BACKTESTER-001,MLSignalStrategyV2-V2,EUR/USD.IDEALPRO,IDEALPRO-1-583,IDEALPRO-001,IDEALPRO-1-87598,EUR/USD.IDEALPRO-MLSignalStrategyV2-V2,BUY,MARKET,100000.00,1.03885,USD,2.08 USD,TAKER,5a26ef0f-8d24-4d02-9c46-e280e25ee3bd,2025-02-13 14:15:00+00:00,2025-02-13 14:15:00+00:00,{},False
O-20250213-141500-001-V2-585,BACKTESTER-001,MLSignalStrategyV2-V2,EUR/USD.IDEALPRO,IDEALPRO-1-585,IDEALPRO-001,IDEALPRO-1-87671,EUR/USD.IDEALPRO-MLSignalStrategyV2-V2,SELL,LIMIT,100000.00,1.04015,USD,2.08 USD,MAKER,4d2bf9d0-6ee4-4ef1-991e-7e72089de568,2025-02-13 14:51:00+00:00,2025-02-13 14:51:00+00:00,{},False
O-20250213-160000-001-V2-586,BACKTESTER-001,MLSignalStrategyV2-V2,EUR/USD.IDEALPRO,IDEALPRO-1-586,IDEALPRO-001,IDEALPRO-1-87810,EUR/USD.IDEALPRO-MLSignalStrategyV2-V2,SELL,MARKET,100000.00,1.04334,USD,2.09 USD,TAKER,5687794d-a669-4a78-b2df-92b40700740d,2025-02-13 16:00:00+00:00,2025-02-13 16:00:00+00:00,{},False
O-20250213-160000-001-V2-588,BACKTESTER-001,MLSignalStrategyV2-V2,EUR/USD.IDEALPRO,IDEALPRO-1-588,IDEALPRO-001,IDEALPRO-1-88091,EUR/USD.IDEALPRO-MLSignalStrategyV2-V2,BUY,LIMIT,100000.00,1.04168,USD,2.08 USD,MAKER,a06b3cc0-1949-4ddb-9f0a-a38fd86e1cdf,2025-02-13 18:20:00+00:00,2025-02-13 18:20:00+00:00,{},False
O-20250213-191500-001-V2-589,BACKTESTER-001,MLSignalStrategyV2-V2,EUR/USD.IDEALPRO,IDEALPRO-1-589,IDEALPRO-001,IDEALPRO-1-88202,EUR/USD.IDEALPRO-MLSignalStrategyV2-V2,BUY,MARKET,100000.00,1.04303,USD,2.09 USD,TAKER,ea2b4732-3800-494c-a452-60ad4bc61073,2025-02-13 19:15:00+00:00,2025-02-13 19:15:00+00:00,{},False
O-20250213-191500-001-V2-591,BACKTESTER-001,MLSignalStrategyV2-V2,EUR/USD.IDEALPRO,IDEALPRO-1-591,IDEALPRO-001,IDEALPRO-1-88327,EUR/USD.IDEALPRO-MLSignalStrategyV2-V2,SELL,LIMIT,100000.00,1.04506,USD,2.09 USD,MAKER,c74bd6a9-d1db-453c-a4e7-e62d70759ac6,2025-02-13 20:17:00+00:00,2025-02-13 20:17:00+00:00,{},False
O-20250214-000000-001-V2-592,BACKTESTER-001,MLSignalStrategyV2-V2,EUR/USD.IDEALPRO,IDEALPRO-1-592,IDEALPRO-001,IDEALPRO-1-88744,EUR/USD.IDEALPRO-MLSignalStrategyV2-V2,BUY,MARKET,100000.00,1.04618,USD,2.09 USD,TAKER,3d353a62-1c09-4e32-9684-32ad5386ff0d,2025-02-14 00:00:00+00:00,2025-02-14 00:00:00+00:00,{},False
O-20250214-000000-001-V2-593,BACKTESTER-001,MLSignalStrategyV2-V2,EUR/USD.IDEALPRO,IDEALPRO-1-593,IDEALPRO-001,IDEALPRO-1-89353,EUR/USD.IDEALPRO-MLSignalStrategyV2-V2,SELL,STOP_MARKET,100000.00,1.04536,USD,2.09 USD,TAKER,e8686852-d319-4a10-b7e7-babad357ea2a,2025-02-14 05:04:00+00:00,2025-02-14 05:04:00+00:00,{},False
O-20250214-051500-001-V2-595,BACKTESTER-001,MLSignalStrategyV2-V2,EUR/USD.IDEALPRO,IDEALPRO-1-595,IDEALPRO-001,IDEALPRO-1-89376,EUR/USD.IDEALPRO-MLSignalStrategyV2-V2,BUY,MARKET,100000.00,1.04512,USD,2.09 USD,TAKER,9694a3bf-3f13-4739-8ffc-838d2a7c7885,2025-02-14 05:15:00+00:00,2025-02-14 05:15:00+00:00,{},False
O-20250214-051500-001-V2-597,BACKTESTER-001,MLSignalStrategyV2-V2,EUR/USD.IDEALPRO,IDEALPRO-1-597,IDEALPRO-001,IDEALPRO-1-89485,EUR/USD.IDEALPRO-MLSignalStrategyV2-V2,SELL,LIMIT,100000.00,1.04554,USD,2.09 USD,MAKER,8965cf0b-8136-4d1c-b338-dfc26a5e839e,2025-02-14 06:09:00+00:00,2025-02-14 06:09:00+00:00,{},False
O-20250214-063000-001-V2-598,BACKTESTER-001,MLSignalStrategyV2-V2,EUR/USD.IDEALPRO,IDEALPRO-1-598,IDEALPRO-001,IDEALPRO-1-89528,EUR/USD.IDEALPRO-MLSignalStrategyV2-V2,BUY,MARKET,100000.00,1.04557,USD,2.09 USD,TAKER,618f929e-ff54-4a4b-ae24-c2c6d3456957,2025-02-14 06:30:00+00:00,2025-02-14 06:30:00+00:00,{},False
O-20250214-063000-001-V2-600,BACKTESTER-001,MLSignalStrategyV2-V2,EUR/USD.IDEALPRO,IDEALPRO-1-600,IDEALPRO-001,IDEALPRO-1-89559,EUR/USD.IDEALPRO-MLSignalStrategyV2-V2,SELL,LIMIT,100000.00,1.04597,USD,2.09 USD,MAKER,cc507513-db01-4de0-bfe0-a99155eb967f,2025-02-14 06:45:00+00:00,2025-02-14 06:45:00+00:00,{},False
O-20250214-084500-001-V2-601,BACKTESTER-001,MLSignalStrategyV2-V2,EUR/USD.IDEALPRO,IDEALPRO-1-601,IDEALPRO-001,IDEALPRO-1-89800,EUR/USD.IDEALPRO-MLSignalStrategyV2-V2,SELL,MARKET,100000.00,1.04857,USD,2.10 USD,TAKER,90f91062-852e-4310-8048-96f53e1a2061,2025-02-14 08:45:00+00:00,2025-02-14 08:45:00+00:00,{},False
O-20250214-084500-001-V2-603,BACKTESTER-001,MLSignalStrategyV2-V2,EUR/USD.IDEALPRO,IDEALPRO-1-603,IDEALPRO-001,IDEALPRO-1-89823,EUR/USD.IDEALPRO-MLSignalStrategyV2-V2,BUY,LIMIT,100000.00,1.04793,USD,2.10 USD,MAKER,f8d2a488-43b4-42de-9a70-badf855907eb,2025-02-14 08:56:00+00:00,2025-02-14 08:56:00+00:00,{},False
O-20250214-161500-001-V2-604,BACKTESTER-001,MLSignalStrategyV2-V2,EUR/USD.IDEALPRO,IDEALPRO-1-604,IDEALPRO-001,IDEALPRO-1-90702,EUR/USD.IDEALPRO-MLSignalStrategyV2-V2,SELL,MARKET,100000.00,1.05051,USD,2.10 USD,TAKER,3a2addf4-08e6-4d37-ad91-39d1c57eb939,2025-02-14 16:15:00+00:00,2025-02-14 16:15:00+00:00,{},False
O-20250214-161500-001-V2-606,BACKTESTER-001,MLSignalStrategyV2-V2,EUR/USD.IDEALPRO,IDEALPRO-1-606,IDEALPRO-001,IDEALPRO-1-90805,EUR/USD.IDEALPRO-MLSignalStrategyV2-V2,BUY,LIMIT,100000.00,1.04942,USD,2.10 USD,MAKER,25de02c6-8b38-4818-b501-ffe18e517f5f,2025-02-14 17:06:00+00:00,2025-02-14 17:06:00+00:00,{},False
O-20250214-210000-001-V2-607,BACKTESTER-001,MLSignalStrategyV2-V2,EUR/USD.IDEALPRO,IDEALPRO-1-607,IDEALPRO-001,IDEALPRO-1-91275,EUR/USD.IDEALPRO-MLSignalStrategyV2-V2,BUY,MARKET,100000.00,1.04922,USD,2.10 USD,TAKER,b5e8f00c-7b9d-4717-826e-1fada74edb60,2025-02-14 21:00:00+00:00,2025-02-14 21:00:00+00:00,{},False
O-20250214-210000-001-V2-608,BACKTESTER-001,MLSignalStrategyV2-V2,EUR/USD.IDEALPRO,IDEALPRO-1-608,IDEALPRO-001,IDEALPRO-1-91427,EUR/USD.IDEALPRO-MLSignalStrategyV2-V2,SELL,STOP_MARKET,100000.00,1.04864,USD,2.10 USD,TAKER,63443711-dbe7-48b4-9cb2-bd8bfebfc4c6,2025-02-16 22:31:00+00:00,2025-02-16 22:31:00+00:00,{},False
O-20250216-224500-001-V2-610,BACKTESTER-001,MLSignalStrategyV2-V2,EUR/USD.IDEALPRO,IDEALPRO-1-610,IDEALPRO-001,IDEALPRO-1-91455,EUR/USD.IDEALPRO-MLSignalStrategyV2-V2,BUY,MARKET,100000.00,1.04896,USD,2.10 USD,TAKER,c385c9f9-b630-441c-979c-351bf5a5a012,2025-02-16 22:45:00+00:00,2025-02-16 22:45:00+00:00,{},False
O-20250216-224500-001-V2-612,BACKTESTER-001,MLSignalStrategyV2-V2,EUR/USD.IDEALPRO,IDEALPRO-1-612,IDEALPRO-001,IDEALPRO-1-91517,EUR/USD.IDEALPRO-MLSignalStrategyV2-V2,SELL,LIMIT,100000.00,1.04937,USD,2.10 USD,MAKER,85905568-0376-4fa7-92f1-4fb57d8cb873,2025-02-16 23:15:00+00:00,2025-02-16 23:15:00+00:00,{},False
O-20250216-231500-001-V2-613,BACKTESTER-001,MLSignalStrategyV2-V2,EUR/USD.IDEALPRO,IDEALPRO-1-613,IDEALPRO-001,IDEALPRO-1-91518,EUR/USD.IDEALPRO-MLSignalStrategyV2-V2,BUY,MARKET,100000.00,1.04924,USD,2.10 USD,TAKER,56fa1fe7-322a-4ab6-b66a-b86b650ec7e9,2025-02-16 23:15:00+00:00,2025-02-16 23:15:00+00:00,{},False
O-20250216-231500-001-V2-614,BACKTESTER-001,MLSignalStrategyV2-V2,EUR/USD.IDEALPRO,IDEALPRO-1-614,IDEALPRO-001,IDEALPRO-1-91535,EUR/USD.IDEALPRO-MLSignalStrategyV2-V2,SELL,STOP_MARKET,100000.00,1.04865,USD,2.10 USD,TAKER,c56e47ad-2d33-41a8-924e-c8a1a923535c,2025-02-16 23:23:00+00:00,2025-02-16 23:23:00+00:00,{},False
O-20250216-233000-001-V2-616,BACKTESTER-001,MLSignalStrategyV2-V2,EUR/USD.IDEALPRO,IDEALPRO-1-616,IDEALPRO-001,IDEALPRO-1-91550,EUR/USD.IDEALPRO-MLSignalStrategyV2-V2,BUY,MARKET,100000.00,1.04865,USD,2.10 USD,TAKER,abaf63cc-f1c0-41f0-ad4d-6917ac9b7eb6,2025-02-16 23:30:00+00:00,2025-02-16 23:30:00+00:00,{},False
O-20250216-233000-001-V2-618,BACKTESTER-001,MLSignalStrategyV2-V2,EUR/USD.IDEALPRO,IDEALPRO-1-618,IDEALPRO-001,IDEALPRO-1-91593,EUR/USD.IDEALPRO-MLSignalStrategyV2-V2,SELL,LIMIT,100000.00,1.04912,USD,2.10 USD,MAKER,65597069-8bb9-42cc-9b96-75882fe11efe,2025-02-16 23:51:00+00:00,2025-02-16 23:51:00+00:00,{},False
O-20250217-003000-001-V2-619,BACKTESTER-001,MLSignalStrategyV2-V2,EUR/USD.IDEALPRO,IDEALPRO-1-619,IDEALPRO-001,IDEALPRO-1-91673,EUR/USD.IDEALPRO-MLSignalStrategyV2-V2,SELL,MARKET,100000.00,1.04870,USD,2.10 USD,TAKER,58e30372-7b2e-42e0-90a5-41eb3a706a75,2025-02-17 00:30:00+00:00,2025-02-17 00:30:00+00:00,{},False
O-20250217-003000-001-V2-620,BACKTESTER-001,MLSignalStrategyV2-V2,EUR/USD.IDEALPRO,IDEALPRO-1-620,IDEALPRO-001,IDEALPRO-1-91725,EUR/USD.IDEALPRO-MLSignalStrategyV2-V2,BUY,STOP_MARKET,100000.00,1.04933,USD,2.10 USD,TAKER,64cddcd1-84a7-4d62-b8e5-24c6f642de51,2025-02-17 00:56:00+00:00,2025-02-17 00:56:00+00:00,{},False
O-20250217-030000-001-V2-622,BACKTESTER-001,MLSignalStrategyV2-V2,EUR/USD.IDEALPRO,IDEALPRO-1-622,IDEALPRO-001,IDEALPRO-1-91974,EUR/USD.IDEALPRO-MLSignalStrategyV2-V2,SELL,MARKET,100000.00,1.05013,USD,2.10 USD,TAKER,255683d0-31ce-4c3e-affe-7b2d422653e5,2025-02-17 03:00:00+00:00,2025-02-17 03:00:00+00:00,{},False
O-20250217-030000-001-V2-624,BACKTESTER-001,MLSignalStrategyV2-V2,EUR/USD.IDEALPRO,IDEALPRO-1-624,IDEALPRO-001,IDEALPRO-1-92019,EUR/USD.IDEALPRO-MLSignalStrategyV2-V2,BUY,LIMIT,100000.00,1.04967,USD,2.10 USD,MAKER,12c7fe44-b2ae-4eec-abb0-ff73acdc9bc9,2025-02-17 03:22:00+00:00,2025-02-17 03:22:00+00:00,{},False
O-20250217-033000-001-V2-625,BACKTESTER-001,MLSignalStrategyV2-V2,EUR/USD.IDEALPRO,IDEALPRO-1-625,IDEALPRO-001,IDEALPRO-1-92037,EUR/USD.IDEALPRO-MLSignalStrategyV2-V2,SELL,MARKET,100000.00,1.04958,USD,2.10 USD,TAKER,e38c6aad-a28f-4772-9e6b-f15234cf4010,2025-02-17 03:30:00+00:00,2025-02-17 03:30:00+00:00,{},False
O-20250217-033000-001-V2-627,BACKTESTER-001,MLSignalStrategyV2-V2,EUR/USD.IDEALPRO,IDEALPRO-1-627,IDEALPRO-001,IDEALPRO-1-92113,EUR/USD.IDEALPRO-MLSignalStrategyV2-V2,BUY,LIMIT,100000.00,1.04904,USD,2.10 USD,MAKER,bbcfd69c-052e-496c-aa00-dd092e2e5bd1,2025-02-17 04:08:00+00:00,2025-02-17 04:08:00+00:00,{},False
O-20250217-081500-001-V2-628,BACKTESTER-001,MLSignalStrategyV2-V2,EUR/USD.IDEALPRO,IDEALPRO-1-628,IDEALPRO-001,IDEALPRO-1-92608,EUR/USD.IDEALPRO-MLSignalStrategyV2-V2,BUY,MARKET,100000.00,1.04813,USD,2.10 USD,TAKER,0431328e-e878-4aa2-9b31-04d12b4b013f,2025-02-17 08:15:00+00:00,2025-02-17 08:15:00+00:00,{},False
O-20250217-081500-001-V2-629,BACKTESTER-001,MLSignalStrategyV2-V2,EUR/USD.IDEALPRO,IDEALPRO-1-629,IDEALPRO-001,IDEALPRO-1-92635,EUR/USD.IDEALPRO-MLSignalStrategyV2-V2,SELL,STOP_MARKET,100000.00,1.04730,USD,2.09 USD,TAKER,76a5cb84-5a90-48d5-b461-065a30e00a6a,2025-02-17 08:28:00+00:00,2025-02-17 08:28:00+00:00,{},False
O-20250217-133000-001-V2-631,BACKTESTER-001,MLSignalStrategyV2-V2,EUR/USD.IDEALPRO,IDEALPRO-1-631,IDEALPRO-001,IDEALPRO-1-93240,EUR/USD.IDEALPRO-MLSignalStrategyV2-V2,SELL,MARKET,100000.00,1.04687,USD,2.09 USD,TAKER,9c09d2c5-db7c-40ae-aebf-3dc4d893c3b8,2025-02-17 13:30:00+00:00,2025-02-17 13:30:00+00:00,{},False
O-20250217-133000-001-V2-632,BACKTESTER-001,MLSignalStrategyV2-V2,EUR/USD.IDEALPRO,IDEALPRO-1-632,IDEALPRO-001,IDEALPRO-1-93285,EUR/USD.IDEALPRO-MLSignalStrategyV2-V2,BUY,STOP_MARKET,100000.00,1.04767,USD,2.10 USD,TAKER,4d8a3517-384c-4938-bcc2-ed14765ad768,2025-02-17 13:52:00+00:00,2025-02-17 13:52:00+00:00,{},False
O-20250217-181500-001-V2-634,BACKTESTER-001,MLSignalStrategyV2-V2,EUR/USD.IDEALPRO,IDEALPRO-1-634,IDEALPRO-001,IDEALPRO-1-93813,EUR/USD.IDEALPRO-MLSignalStrategyV2-V2,BUY,MARKET,100000.00,1.04798,USD,2.10 USD,TAKER,0ebfc8e5-799f-4c34-9191-7442b52d12b2,2025-02-17 18:15:00+00:00,2025-02-17 18:15:00+00:00,{},False
O-20250217-181500-001-V2-636,BACKTESTER-001,MLSignalStrategyV2-V2,EUR/USD.IDEALPRO,IDEALPRO-1-636,IDEALPRO-001,IDEALPRO-1-94145,EUR/USD.IDEALPRO-MLSignalStrategyV2-V2,SELL,LIMIT,100000.00,1.04841,USD,2.10 USD,MAKER,f3417823-d995-4bf6-ab12-482a8dd0d28e,2025-02-17 21:01:00+00:00,2025-02-17 21:01:00+00:00,{},False
O-20250218-021500-001-V2-637,BACKTESTER-001,MLSignalStrategyV2-V2,EUR/USD.IDEALPRO,IDEALPRO-1-637,IDEALPRO-001,IDEALPRO-1-94744,EUR/USD.IDEALPRO-MLSignalStrategyV2-V2,SELL,MARKET,100000.00,1.04684,USD,2.09 USD,TAKER,cc30670b-716f-4173-b92e-73b325d8ef35,2025-02-18 02:15:00+00:00,2025-02-18 02:15:00+00:00,{},False
O-20250218-021500-001-V2-639,BACKTESTER-001,MLSignalStrategyV2-V2,EUR/USD.IDEALPRO,IDEALPRO-1-639,IDEALPRO-001,IDEALPRO-1-94863,EUR/USD.IDEALPRO-MLSignalStrategyV2-V2,BUY,LIMIT,100000.00,1.04639,USD,2.09 USD,MAKER,ea428a36-e740-4dbf-81cc-104ca1a354b9,2025-02-18 03:14:00+00:00,2025-02-18 03:14:00+00:00,{},False
O-20250218-033000-001-V2-640,BACKTESTER-001,MLSignalStrategyV2-V2,EUR/USD.IDEALPRO,IDEALPRO-1-640,IDEALPRO-001,IDEALPRO-1-94896,EUR/USD.IDEALPRO-MLSignalStrategyV2-V2,SELL,MARKET,100000.00,1.04668,USD,2.09 USD,TAKER,2fbfce56-47a9-4894-bd5b-c9839ec55d79,2025-02-18 03:30:00+00:00,2025-02-18 03:30:00+00:00,{},False
O-20250218-033000-001-V2-641,BACKTESTER-001,MLSignalStrategyV2-V2,EUR/USD.IDEALPRO,IDEALPRO-1-641,IDEALPRO-001,IDEALPRO-1-94907,EUR/USD.IDEALPRO-MLSignalStrategyV2-V2,BUY,STOP_MARKET,100000.00,1.04725,USD,2.09 USD,TAKER,f78d6b17-8ead-414c-9c87-3c8000a390e1,2025-02-18 03:35:00+00:00,2025-02-18 03:35:00+00:00,{},False
O-20250218-053000-001-V2-643,BACKTESTER-001,MLSignalStrategyV2-V2,EUR/USD.IDEALPRO,IDEALPRO-1-643,IDEALPRO-001,IDEALPRO-1-95138,EUR/USD.IDEALPRO-MLSignalStrategyV2-V2,BUY,MARKET,100000.00,1.04547,USD,2.09 USD,TAKER,2fae539c-01ad-4ec9-ad3a-fdc5a2a9490f,2025-02-18 05:30:00+00:00,2025-02-18 05:30:00+00:00,{},False
O-20250218-053000-001-V2-645,BACKTESTER-001,MLSignalStrategyV2-V2,EUR/USD.IDEALPRO,IDEALPRO-1-645,IDEALPRO-001,IDEALPRO-1-95241,EUR/USD.IDEALPRO-MLSignalStrategyV2-V2,SELL,LIMIT,100000.00,1.04594,USD,2.09 USD,MAKER,596659a5-1b65-461e-bfcc-2738aaf3f642,2025-02-18 06:21:00+00:00,2025-02-18 06:21:00+00:00,{},False
O-20250218-123000-001-V2-646,BACKTESTER-001,MLSignalStrategyV2-V2,EUR/USD.IDEALPRO,IDEALPRO-1-646,IDEALPRO-001,IDEALPRO-1-95980,EUR/USD.IDEALPRO-MLSignalStrategyV2-V2,BUY,MARKET,100000.00,1.04541,USD,2.09 USD,TAKER,8e88f4d1-f964-416e-b8f1-a505fdd072f1,2025-02-18 12:30:00+00:00,2025-02-18 12:30:00+00:00,{},False
O-20250218-123000-001-V2-648,BACKTESTER-001,MLSignalStrategyV2-V2,EUR/USD.IDEALPRO,IDEALPRO-1-648,IDEALPRO-001,IDEALPRO-1-95991,EUR/USD.IDEALPRO-MLSignalStrategyV2-V2,SELL,LIMIT,100000.00,1.04594,USD,2.09 USD,MAKER,012af495-f7b0-4907-8c32-1dc03020b0da,2025-02-18 12:35:00+00:00,2025-02-18 12:35:00+00:00,{},False
O-20250218-130000-001-V2-649,BACKTESTER-001,MLSignalStrategyV2-V2,EUR/USD.IDEALPRO,IDEALPRO-1-649,IDEALPRO-001,IDEALPRO-1-96042,EUR/USD.IDEALPRO-MLSignalStrategyV2-V2,BUY,MARKET,100000.00,1.04552,USD,2.09 USD,TAKER,58d2fdd8-51c0-45b5-8e08-3630a2c3a5cd,2025-02-18 13:00:00+00:00,2025-02-18 13:00:00+00:00,{},False
O-20250218-130000-001-V2-650,BACKTESTER-001,MLSignalStrategyV2-V2,EUR/USD.IDEALPRO,IDEALPRO-1-650,IDEALPRO-001,IDEALPRO-1-96063,EUR/USD.IDEALPRO-MLSignalStrategyV2-V2,SELL,STOP_MARKET,100000.00,1.04470,USD,2.09 USD,TAKER,3f9de41a-3c5c-41f9-bb2e-6c530a989e11,2025-02-18 13:10:00+00:00,2025-02-18 13:10:00+00:00,{},False
O-20250218-131500-001-V2-652,BACKTESTER-001,MLSignalStrategyV2-V2,EUR/USD.IDEALPRO,IDEALPRO-1-652,IDEALPRO-001,IDEALPRO-1-96074,EUR/USD.IDEALPRO-MLSignalStrategyV2-V2,BUY,MARKET,100000.00,1.04496,USD,2.09 USD,TAKER,560c62c6-c654-43c2-bd31-5d27fc591036,2025-02-18 13:15:00+00:00,2025-02-18 13:15:00+00:00,{},False
O-20250218-131500-001-V2-653,BACKTESTER-001,MLSignalStrategyV2-V2,EUR/USD.IDEALPRO,IDEALPRO-1-653,IDEALPRO-001,IDEALPRO-1-96159,EUR/USD.IDEALPRO-MLSignalStrategyV2-V2,SELL,STOP_MARKET,100000.00,1.04427,USD,2.09 USD,TAKER,a869773a-51d5-4683-a3e6-490931dead8c,2025-02-18 13:57:00+00:00,2025-02-18 13:57:00+00:00,{},False
O-20250218-231500-001-V2-655,BACKTESTER-001,MLSignalStrategyV2-V2,EUR/USD.IDEALPRO,IDEALPRO-1-655,IDEALPRO-001,IDEALPRO-1-97247,EUR/USD.IDEALPRO-MLSignalStrategyV2-V2,BUY,MARKET,100000.00,1.04462,USD,2.09 USD,TAKER,b7aba80f-4372-4f8c-8428-b1f64aee1f65,2025-02-18 23:15:00+00:00,2025-02-18 23:15:00+00:00,{},False
O-20250218-231500-001-V2-657,BACKTESTER-001,MLSignalStrategyV2-V2,EUR/USD.IDEALPRO,IDEALPRO-1-657,IDEALPRO-001,IDEALPRO-1-97643,EUR/USD.IDEALPRO-MLSignalStrategyV2-V2,SELL,LIMIT,100000.00,1.04512,USD,2.09 USD,MAKER,9226aacb-e79a-40d6-a2e8-20354f50c32a,2025-02-19 02:33:00+00:00,2025-02-19 02:33:00+00:00,{},False
O-20250219-170000-001-V2-658,BACKTESTER-001,MLSignalStrategyV2-V2,EUR/USD.IDEALPRO,IDEALPRO-1-658,IDEALPRO-001,IDEALPRO-1-99378,EUR/USD.IDEALPRO-MLSignalStrategyV2-V2,BUY,MARKET,100000.00,1.04047,USD,2.08 USD,TAKER,dbe8368d-bbb3-4771-aabf-eddcaadf1d74,2025-02-19 17:00:00+00:00,2025-02-19 17:00:00+00:00,{},False
O-20250219-170000-001-V2-660,BACKTESTER-001,MLSignalStrategyV2-V2,EUR/USD.IDEALPRO,IDEALPRO-1-660,IDEALPRO-001,IDEALPRO-1-99547,EUR/USD.IDEALPRO-MLSignalStrategyV2-V2,SELL,LIMIT,100000.00,1.04135,USD,2.08 USD,MAKER,610f5a6f-a851-4e63-a0a1-ec320bddbe4d,2025-02-19 18:24:00+00:00,2025-02-19 18:24:00+00:00,{},False
O-20250220-040000-001-V2-661,BACKTESTER-001,MLSignalStrategyV2-V2,EUR/USD.IDEALPRO,IDEALPRO-1-661,IDEALPRO-001,IDEALPRO-1-100670,EUR/USD.IDEALPRO-MLSignalStrategyV2-V2,SELL,MARKET,100000.00,1.04313,USD,2.09 USD,TAKER,2463d233-b3c4-4ff0-8300-ee830e7d6b57,2025-02-20 04:00:00+00:00,2025-02-20 04:00:00+00:00,{},False
O-20250220-040000-001-V2-663,BACKTESTER-001,MLSignalStrategyV2-V2,EUR/USD.IDEALPRO,IDEALPRO-1-663,IDEALPRO-001,IDEALPRO-1-100735,EUR/USD.IDEALPRO-MLSignalStrategyV2-V2,BUY,LIMIT,100000.00,1.04244,USD,2.08 USD,MAKER,e47489b7-d0a8-47b2-ad23-6fb8a9573fc6,2025-02-20 04:32:00+00:00,2025-02-20 04:32:00+00:00,{},False
O-20250220-133000-001-V2-664,BACKTESTER-001,MLSignalStrategyV2-V2,EUR/USD.IDEALPRO,IDEALPRO-1-664,IDEALPRO-001,IDEALPRO-1-101813,EUR/USD.IDEALPRO-MLSignalStrategyV2-V2,BUY,MARKET,100000.00,1.04510,USD,2.09 USD,TAKER,adf9b4b9-ce17-48c5-89a8-6e523c50c07d,2025-02-20 13:30:00+00:00,2025-02-20 13:30:00+00:00,{},False
O-20250220-133000-001-V2-665,BACKTESTER-001,MLSignalStrategyV2-V2,EUR/USD.IDEALPRO,IDEALPRO-1-665,IDEALPRO-001,IDEALPRO-1-101879,EUR/USD.IDEALPRO-MLSignalStrategyV2-V2,SELL,STOP_MARKET,100000.00,1.04422,USD,2.09 USD,TAKER,b812d2ac-3dc3-44ea-80fe-2c65812b94e8,2025-02-20 14:03:00+00:00,2025-02-20 14:03:00+00:00,{},False
O-20250220-151500-001-V2-667,BACKTESTER-001,MLSignalStrategyV2-V2,EUR/USD.IDEALPRO,IDEALPRO-1-667,IDEALPRO-001,IDEALPRO-1-102024,EUR/USD.IDEALPRO-MLSignalStrategyV2-V2,BUY,MARKET,100000.00,1.04554,USD,2.09 USD,TAKER,0fa87a92-f88a-4f07-bbaa-8e6cf855ef25,2025-02-20 15:15:00+00:00,2025-02-20 15:15:00+00:00,{},False
O-20250220-151500-001-V2-669,BACKTESTER-001,MLSignalStrategyV2-V2,EUR/USD.IDEALPRO,IDEALPRO-1-669,IDEALPRO-001,IDEALPRO-1-102047,EUR/USD.IDEALPRO-MLSignalStrategyV2-V2,SELL,LIMIT,100000.00,1.04658,USD,2.09 USD,MAKER,1e2784b1-5c5e-47b9-962f-de0d314627b3,2025-02-20 15:26:00+00:00,2025-02-20 15:26:00+00:00,{},False
O-20250220-200000-001-V2-670,BACKTESTER-001,MLSignalStrategyV2-V2,EUR/USD.IDEALPRO,IDEALPRO-1-670,IDEALPRO-001,IDEALPRO-1-102596,EUR/USD.IDEALPRO-MLSignalStrategyV2-V2,SELL,MARKET,100000.00,1.05015,USD,2.10 USD,TAKER,17ce84cd-c735-4b5e-b6ee-0c9b4734d876,2025-02-20 20:00:00+00:00,2025-02-20 20:00:00+00:00,{},False
O-20250220-200000-001-V2-672,BACKTESTER-001,MLSignalStrategyV2-V2,EUR/USD.IDEALPRO,IDEALPRO-1-672,IDEALPRO-001,IDEALPRO-1-103095,EUR/USD.IDEALPRO-MLSignalStrategyV2-V2,BUY,LIMIT,100000.00,1.04946,USD,2.10 USD,MAKER,fc0f9a83-bd2b-4522-b5d5-e908dac7fb39,2025-02-21 00:24:00+00:00,2025-02-21 00:24:00+00:00,{},False
O-20250221-020000-001-V2-673,BACKTESTER-001,MLSignalStrategyV2-V2,EUR/USD.IDEALPRO,IDEALPRO-1-673,IDEALPRO-001,IDEALPRO-1-103288,EUR/USD.IDEALPRO-MLSignalStrategyV2-V2,SELL,MARKET,100000.00,1.04867,USD,2.10 USD,TAKER,5e51b650-4965-4364-956e-951c61e4099d,2025-02-21 02:00:00+00:00,2025-02-21 02:00:00+00:00,{},False
O-20250221-020000-001-V2-674,BACKTESTER-001,MLSignalStrategyV2-V2,EUR/USD.IDEALPRO,IDEALPRO-1-674,IDEALPRO-001,IDEALPRO-1-103309,EUR/USD.IDEALPRO-MLSignalStrategyV2-V2,BUY,STOP_MARKET,100000.00,1.04920,USD,2.10 USD,TAKER,255c9c38-78d4-4aa9-9f75-95bfb0d16071,2025-02-21 02:10:00+00:00,2025-02-21 02:10:00+00:00,{},False
O-20250221-021500-001-V2-676,BACKTESTER-001,MLSignalStrategyV2-V2,EUR/USD.IDEALPRO,IDEALPRO-1-676,IDEALPRO-001,IDEALPRO-1-103321,EUR/USD.IDEALPRO-MLSignalStrategyV2-V2,BUY,MARKET,100000.00,1.04962,USD,2.10 USD,TAKER,8bf57c4c-311b-4b08-9fcb-0723ba5147ed,2025-02-21 02:15:00+00:00,2025-02-21 02:15:00+00:00,{},False
O-20250221-021500-001-V2-678,BACKTESTER-001,MLSignalStrategyV2-V2,EUR/USD.IDEALPRO,IDEALPRO-1-678,IDEALPRO-001,IDEALPRO-1-103393,EUR/USD.IDEALPRO-MLSignalStrategyV2-V2,SELL,LIMIT,100000.00,1.05014,USD,2.10 USD,MAKER,85b6e15d-81ac-4114-b48f-7efb4524ebc9,2025-02-21 02:51:00+00:00,2025-02-21 02:51:00+00:00,{},False
O-20250221-053000-001-V2-679,BACKTESTER-001,MLSignalStrategyV2-V2,EUR/USD.IDEALPRO,IDEALPRO-1-679,IDEALPRO-001,IDEALPRO-1-103713,EUR/USD.IDEALPRO-MLSignalStrategyV2-V2,SELL,MARKET,100000.00,1.04966,USD,2.10 USD,TAKER,9fcb32fa-bd56-4947-9693-4ea5bbb187b1,2025-02-21 05:30:00+00:00,2025-02-21 05:30:00+00:00,{},False
O-20250221-053000-001-V2-681,BACKTESTER-001,MLSignalStrategyV2-V2,EUR/USD.IDEALPRO,IDEALPRO-1-681,IDEALPRO-001,IDEALPRO-1-103761,EUR/USD.IDEALPRO-MLSignalStrategyV2-V2,BUY,LIMIT,100000.00,1.04916,USD,2.10 USD,MAKER,80b60909-1b69-4d9e-a576-19e6417e5c6c,2025-02-21 05:54:00+00:00,2025-02-21 05:54:00+00:00,{},False
O-20250221-060000-001-V2-682,BACKTESTER-001,MLSignalStrategyV2-V2,EUR/USD.IDEALPRO,IDEALPRO-1-682,IDEALPRO-001,IDEALPRO-1-103774,EUR/USD.IDEALPRO-MLSignalStrategyV2-V2,SELL,MARKET,100000.00,1.04928,USD,2.10 USD,TAKER,167d935f-28c4-49e5-8971-e0ac894f8b3c,2025-02-21 06:00:00+00:00,2025-02-21 06:00:00+00:00,{},False
O-20250221-060000-001-V2-684,BACKTESTER-001,MLSignalStrategyV2-V2,EUR/USD.IDEALPRO,IDEALPRO-1-684,IDEALPRO-001,IDEALPRO-1-103823,EUR/USD.IDEALPRO-MLSignalStrategyV2-V2,BUY,LIMIT,100000.00,1.04890,USD,2.10 USD,MAKER,1b018ff1-9059-4b1d-aa2d-15c6a45a635f,2025-02-21 06:24:00+00:00,2025-02-21 06:24:00+00:00,{},False
O-20250221-083000-001-V2-685,BACKTESTER-001,MLSignalStrategyV2-V2,EUR/USD.IDEALPRO,IDEALPRO-1-685,IDEALPRO-001,IDEALPRO-1-104077,EUR/USD.IDEALPRO-MLSignalStrategyV2-V2,BUY,MARKET,100000.00,1.04715,USD,2.09 USD,TAKER,7c4c4283-ec47-46aa-bacb-9cd9669eb689,2025-02-21 08:30:00+00:00,2025-02-21 08:30:00+00:00,{},False
O-20250221-083000-001-V2-687,BACKTESTER-001,MLSignalStrategyV2-V2,EUR/USD.IDEALPRO,IDEALPRO-1-687,IDEALPRO-001,IDEALPRO-1-104079,EUR/USD.IDEALPRO-MLSignalStrategyV2-V2,SELL,LIMIT,100000.00,1.04845,USD,2.10 USD,MAKER,890fd00a-cf86-484c-913e-cc92cac38b99,2025-02-21 08:31:00+00:00,2025-02-21 08:31:00+00:00,{},False
O-20250221-103000-001-V2-688,BACKTESTER-001,MLSignalStrategyV2-V2,EUR/USD.IDEALPRO,IDEALPRO-1-688,IDEALPRO-001,IDEALPRO-1-104318,EUR/USD.IDEALPRO-MLSignalStrategyV2-V2,SELL,MARKET,100000.00,1.04709,USD,2.09 USD,TAKER,60405c55-9262-4a3d-a7bc-1e1cec9d10fb,2025-02-21 10:30:00+00:00,2025-02-21 10:30:00+00:00,{},False
O-20250221-103000-001-V2-690,BACKTESTER-001,MLSignalStrategyV2-V2,EUR/USD.IDEALPRO,IDEALPRO-1-690,IDEALPRO-001,IDEALPRO-1-104383,EUR/USD.IDEALPRO-MLSignalStrategyV2-V2,BUY,LIMIT,100000.00,1.04635,USD,2.09 USD,MAKER,a3b5c79f-1549-45a0-8c7a-a3d0cb0f6570,2025-02-21 11:02:00+00:00,2025-02-21 11:02:00+00:00,{},False
O-20250221-111500-001-V2-691,BACKTESTER-001,MLSignalStrategyV2-V2,EUR/USD.IDEALPRO,IDEALPRO-1-691,IDEALPRO-001,IDEALPRO-1-104411,EUR/USD.IDEALPRO-MLSignalStrategyV2-V2,SELL,MARKET,100000.00,1.04673,USD,2.09 USD,TAKER,5aeaedfe-bef5-4a66-baa7-068950f01d61,2025-02-21 11:15:00+00:00,2025-02-21 11:15:00+00:00,{},False
O-20250221-111500-001-V2-693,BACKTESTER-001,MLSignalStrategyV2-V2,EUR/USD.IDEALPRO,IDEALPRO-1-693,IDEALPRO-001,IDEALPRO-1-104531,EUR/USD.IDEALPRO-MLSignalStrategyV2-V2,BUY,LIMIT,100000.00,1.04594,USD,2.09 USD,MAKER,5cc561d3-72b4-4b1a-9854-b4bbe873f54a,2025-02-21 12:15:00+00:00,2025-02-21 12:15:00+00:00,{},False
O-20250223-223000-001-V2-694,BACKTESTER-001,MLSignalStrategyV2-V2,EUR/USD.IDEALPRO,IDEALPRO-1-694,IDEALPRO-001,IDEALPRO-1-105732,EUR/USD.IDEALPRO-MLSignalStrategyV2-V2,BUY,MARKET,100000.00,1.04662,USD,2.09 USD,TAKER,47f543bc-b3e1-4d3b-96f0-9a8ea7e7f6f5,2025-02-23 22:30:00+00:00,2025-02-23 22:30:00+00:00,{},False
O-20250223-223000-001-V2-696,BACKTESTER-001,MLSignalStrategyV2-V2,EUR/USD.IDEALPRO,IDEALPRO-1-696,IDEALPRO-001,IDEALPRO-1-105753,EUR/USD.IDEALPRO-MLSignalStrategyV2-V2,SELL,LIMIT,100000.00,1.04716,USD,2.09 USD,MAKER,c1708c52-1e15-4919-a30b-91cf754da436,2025-02-23 22:40:00+00:00,2025-02-23 22:40:00+00:00,{},False
O-20250223-224500-001-V2-697,BACKTESTER-001,MLSignalStrategyV2-V2,EUR/USD.IDEALPRO,IDEALPRO-1-697,IDEALPRO-001,IDEALPRO-1-105763,EUR/USD.IDEALPRO-MLSignalStrategyV2-V2,BUY,MARKET,100000.00,1.04708,USD,2.09 USD,TAKER,a3373f97-c95a-45ed-8c76-53aea57304c8,2025-02-23 22:45:00+00:00,2025-02-23 22:45:00+00:00,{},False
O-20250223-224500-001-V2-699,BACKTESTER-001,MLSignalStrategyV2-V2,EUR/USD.IDEALPRO,IDEALPRO-1-699,IDEALPRO-001,IDEALPRO-1-105771,EUR/USD.IDEALPRO-MLSignalStrategyV2-V2,SELL,LIMIT,100000.00,1.04832,USD,2.10 USD,MAKER,0422cbef-a5aa-4b5f-b239-9388fb8cd867,2025-02-23 22:48:00+00:00,2025-02-23 22:48:00+00:00,{},False
O-20250223-230000-001-V2-700,BACKTESTER-001,MLSignalStrategyV2-V2,EUR/USD.IDEALPRO,IDEALPRO-1-700,IDEALPRO-001,IDEALPRO-1-105796,EUR/USD.IDEALPRO-MLSignalStrategyV2-V2,BUY,MARKET,100000.00,1.04747,USD,2.09 USD,TAKER,54d962cd-a4bd-4e8f-938a-7994abd4ced6,2025-02-23 23:00:00+00:00,2025-02-23 23:00:00+00:00,{},False
O-20250223-230000-001-V2-702,BACKTESTER-001,MLSignalStrategyV2-V2,EUR/USD.IDEALPRO,IDEALPRO-1-702,IDEALPRO-001,IDEALPRO-1-105807,EUR/USD.IDEALPRO-MLSignalStrategyV2-V2,SELL,LIMIT,100000.00,1.04824,USD,2.10 USD,MAKER,caeedccd-4f28-45be-9e52-c9649def0ef1,2025-02-23 23:05:00+00:00,2025-02-23 23:05:00+00:00,{},False
O-20250224-030000-001-V2-703,BACKTESTER-001,MLSignalStrategyV2-V2,EUR/USD.IDEALPRO,IDEALPRO-1-703,IDEALPRO-001,IDEALPRO-1-106278,EUR/USD.IDEALPRO-MLSignalStrategyV2-V2,BUY,MARKET,100000.00,1.05228,USD,2.10 USD,TAKER,09c24aa3-44b2-4bdb-8bf7-882bf2145b4d,2025-02-24 03:00:00+00:00,2025-02-24 03:00:00+00:00,{},False
O-20250224-030000-001-V2-704,BACKTESTER-001,MLSignalStrategyV2-V2,EUR/USD.IDEALPRO,IDEALPRO-1-704,IDEALPRO-001,IDEALPRO-1-106459,EUR/USD.IDEALPRO-MLSignalStrategyV2-V2,SELL,STOP_MARKET,100000.00,1.05124,USD,2.10 USD,TAKER,c336355d-50a3-4149-9c45-fb047800832c,2025-02-24 04:30:00+00:00,2025-02-24 04:30:00+00:00,{},False
O-20250224-081500-001-V2-706,BACKTESTER-001,MLSignalStrategyV2-V2,EUR/USD.IDEALPRO,IDEALPRO-1-706,IDEALPRO-001,IDEALPRO-1-106910,EUR/USD.IDEALPRO-MLSignalStrategyV2-V2,BUY,MARKET,100000.00,1.04830,USD,2.10 USD,TAKER,6cdf5e20-8359-496b-90c0-4b6145d680f6,2025-02-24 08:15:00+00:00,2025-02-24 08:15:00+00:00,{},False
O-20250224-081500-001-V2-707,BACKTESTER-001,MLSignalStrategyV2-V2,EUR/USD.IDEALPRO,IDEALPRO-1-707,IDEALPRO-001,IDEALPRO-1-106921,EUR/USD.IDEALPRO-MLSignalStrategyV2-V2,SELL,STOP_MARKET,100000.00,1.04697,USD,2.09 USD,TAKER,cc554fde-04e5-4577-9372-8528a2b523b9,2025-02-24 08:20:00+00:00,2025-02-24 08:20:00+00:00,{},False
O-20250224-093000-001-V2-709,BACKTESTER-001,MLSignalStrategyV2-V2,EUR/USD.IDEALPRO,IDEALPRO-1-709,IDEALPRO-001,IDEALPRO-1-107062,EUR/USD.IDEALPRO-MLSignalStrategyV2-V2,BUY,MARKET,100000.00,1.04747,USD,2.09 USD,TAKER,8b5c4593-f8ad-4844-84e1-59a57cd96b5d,2025-02-24 09:30:00+00:00,2025-02-24 09:30:00+00:00,{},False
O-20250224-093000-001-V2-710,BACKTESTER-001,MLSignalStrategyV2-V2,EUR/USD.IDEALPRO,IDEALPRO-1-710,IDEALPRO-001,IDEALPRO-1-107309,EUR/USD.IDEALPRO-MLSignalStrategyV2-V2,SELL,STOP_MARKET,100000.00,1.04639,USD,2.09 USD,TAKER,b12298d4-421d-4a68-9a55-3eb58d4576d9,2025-02-24 11:33:00+00:00,2025-02-24 11:33:00+00:00,{},False
O-20250224-114500-001-V2-712,BACKTESTER-001,MLSignalStrategyV2-V2,EUR/USD.IDEALPRO,IDEALPRO-1-712,IDEALPRO-001,IDEALPRO-1-107334,EUR/USD.IDEALPRO-MLSignalStrategyV2-V2,SELL,MARKET,100000.00,1.04706,USD,2.09 USD,TAKER,acd5baa5-3c64-4843-b770-475f6dc729ff,2025-02-24 11:45:00+00:00,2025-02-24 11:45:00+00:00,{},False
O-20250224-114500-001-V2-714,BACKTESTER-001,MLSignalStrategyV2-V2,EUR/USD.IDEALPRO,IDEALPRO-1-714,IDEALPRO-001,IDEALPRO-1-107429,EUR/USD.IDEALPRO-MLSignalStrategyV2-V2,BUY,LIMIT,100000.00,1.04616,USD,2.09 USD,MAKER,d4fb6835-34c0-4463-875a-cd934e6a0f25,2025-02-24 12:32:00+00:00,2025-02-24 12:32:00+00:00,{},False
O-20250224-133000-001-V2-715,BACKTESTER-001,MLSignalStrategyV2-V2,EUR/USD.IDEALPRO,IDEALPRO-1-715,IDEALPRO-001,IDEALPRO-1-107546,EUR/USD.IDEALPRO-MLSignalStrategyV2-V2,SELL,MARKET,100000.00,1.04711,USD,2.09 USD,TAKER,6e242dc5-850c-4655-b7ff-d453d921f7f8,2025-02-24 13:30:00+00:00,2025-02-24 13:30:00+00:00,{},False
O-20250224-133000-001-V2-717,BACKTESTER-001,MLSignalStrategyV2-V2,EUR/USD.IDEALPRO,IDEALPRO-1-717,IDEALPRO-001,IDEALPRO-1-107637,EUR/USD.IDEALPRO-MLSignalStrategyV2-V2,BUY,LIMIT,100000.00,1.04640,USD,2.09 USD,MAKER,8898ddad-d38a-4b85-b159-74cdb113343c,2025-02-24 14:15:00+00:00,2025-02-24 14:15:00+00:00,{},False
O-20250224-213000-001-V2-718,BACKTESTER-001,MLSignalStrategyV2-V2,EUR/USD.IDEALPRO,IDEALPRO-1-718,IDEALPRO-001,IDEALPRO-1-108508,EUR/USD.IDEALPRO-MLSignalStrategyV2-V2,BUY,MARKET,100000.00,1.04642,USD,2.09 USD,TAKER,e35d41c1-399e-4e42-84d0-0f2f8f29bed1,2025-02-24 21:30:00+00:00,2025-02-24 21:30:00+00:00,{},False
O-20250224-213000-001-V2-720,BACKTESTER-001,MLSignalStrategyV2-V2,EUR/USD.IDEALPRO,IDEALPRO-1-720,IDEALPRO-001,IDEALPRO-1-108659,EUR/USD.IDEALPRO-MLSignalStrategyV2-V2,SELL,LIMIT,100000.00,1.04704,USD,2.09 USD,MAKER,7fc97dec-f6ba-4be4-b360-01f667221f99,2025-02-24 23:00:00+00:00,2025-02-24 23:00:00+00:00,{},False
O-20250224-233000-001-V2-721,BACKTESTER-001,MLSignalStrategyV2-V2,EUR/USD.IDEALPRO,IDEALPRO-1-721,IDEALPRO-001,IDEALPRO-1-108721,EUR/USD.IDEALPRO-MLSignalStrategyV2-V2,BUY,MARKET,100000.00,1.04622,USD,2.09 USD,TAKER,c934d076-da53-440d-818d-05e155d10687,2025-02-24 23:30:00+00:00,2025-02-24 23:30:00+00:00,{},False
O-20250224-233000-001-V2-723,BACKTESTER-001,MLSignalStrategyV2-V2,EUR/USD.IDEALPRO,IDEALPRO-1-723,IDEALPRO-001,IDEALPRO-1-109023,EUR/USD.IDEALPRO-MLSignalStrategyV2-V2,SELL,LIMIT,100000.00,1.04662,USD,2.09 USD,MAKER,052a2601-7f23-42f7-9dca-585376136f32,2025-02-25 02:01:00+00:00,2025-02-25 02:01:00+00:00,{},False
O-20250225-083000-001-V2-724,BACKTESTER-001,MLSignalStrategyV2-V2,EUR/USD.IDEALPRO,IDEALPRO-1-724,IDEALPRO-001,IDEALPRO-1-109803,EUR/USD.IDEALPRO-MLSignalStrategyV2-V2,BUY,MARKET,100000.00,1.04676,USD,2.09 USD,TAKER,97648216-6247-4795-842e-650b5d4ffd9f,2025-02-25 08:30:00+00:00,2025-02-25 08:30:00+00:00,{},False
O-20250225-083000-001-V2-726,BACKTESTER-001,MLSignalStrategyV2-V2,EUR/USD.IDEALPRO,IDEALPRO-1-726,IDEALPRO-001,IDEALPRO-1-109903,EUR/USD.IDEALPRO-MLSignalStrategyV2-V2,SELL,LIMIT,100000.00,1.04770,USD,2.10 USD,MAKER,69e81512-1fe0-447f-bd5e-c4df4ba16df7,2025-02-25 09:20:00+00:00,2025-02-25 09:20:00+00:00,{},False
O-20250225-121500-001-V2-727,BACKTESTER-001,MLSignalStrategyV2-V2,EUR/USD.IDEALPRO,IDEALPRO-1-727,IDEALPRO-001,IDEALPRO-1-110255,EUR/USD.IDEALPRO-MLSignalStrategyV2-V2,BUY,MARKET,100000.00,1.04942,USD,2.10 USD,TAKER,97fc65cd-d00e-48a3-9933-db1fa4e8c689,2025-02-25 12:15:00+00:00,2025-02-25 12:15:00+00:00,{},False
O-20250225-121500-001-V2-729,BACKTESTER-001,MLSignalStrategyV2-V2,EUR/USD.IDEALPRO,IDEALPRO-1-729,IDEALPRO-001,IDEALPRO-1-110407,EUR/USD.IDEALPRO-MLSignalStrategyV2-V2,SELL,LIMIT,100000.00,1.05034,USD,2.10 USD,MAKER,196901b7-f3b0-41fc-8967-17003d959010,2025-02-25 13:31:00+00:00,2025-02-25 13:31:00+00:00,{},False
O-20250225-184500-001-V2-730,BACKTESTER-001,MLSignalStrategyV2-V2,EUR/USD.IDEALPRO,IDEALPRO-1-730,IDEALPRO-001,IDEALPRO-1-111036,EUR/USD.IDEALPRO-MLSignalStrategyV2-V2,BUY,MARKET,100000.00,1.05148,USD,2.10 USD,TAKER,447b2c4d-3a94-4a66-877f-98a96bdf7cec,2025-02-25 18:45:00+00:00,2025-02-25 18:45:00+00:00,{},False
O-20250225-184500-001-V2-731,BACKTESTER-001,MLSignalStrategyV2-V2,EUR/USD.IDEALPRO,IDEALPRO-1-731,IDEALPRO-001,IDEALPRO-1-111109,EUR/USD.IDEALPRO-MLSignalStrategyV2-V2,SELL,STOP_MARKET,100000.00,1.05045,USD,2.10 USD,TAKER,b2c3b5e1-ab90-4b88-bf26-2647f2627870,2025-02-25 19:21:00+00:00,2025-02-25 19:21:00+00:00,{},False
O-20250225-210000-001-V2-733,BACKTESTER-001,MLSignalStrategyV2-V2,EUR/USD.IDEALPRO,IDEALPRO-1-733,IDEALPRO-001,IDEALPRO-1-111308,EUR/USD.IDEALPRO-MLSignalStrategyV2-V2,BUY,MARKET,100000.00,1.05164,USD,2.10 USD,TAKER,a0e48d11-d0c3-49a5-b201-370fbb6664f3,2025-02-25 21:00:00+00:00,2025-02-25 21:00:00+00:00,{},False
O-20250225-210000-001-V2-735,BACKTESTER-001,MLSignalStrategyV2-V2,EUR/USD.IDEALPRO,IDEALPRO-1-735,IDEALPRO-001,IDEALPRO-1-111587,EUR/USD.IDEALPRO-MLSignalStrategyV2-V2,SELL,LIMIT,100000.00,1.05228,USD,2.10 USD,MAKER,35afa5b4-b05d-4978-9051-3da0676c5ff2,2025-02-25 23:34:00+00:00,2025-02-25 23:34:00+00:00,{},False
O-20250226-031500-001-V2-736,BACKTESTER-001,MLSignalStrategyV2-V2,EUR/USD.IDEALPRO,IDEALPRO-1-736,IDEALPRO-001,IDEALPRO-1-112030,EUR/USD.IDEALPRO-MLSignalStrategyV2-V2,SELL,MARKET,100000.00,1.05056,USD,2.10 USD,TAKER,93db09b9-9fb6-41f8-b65f-29718865025d,2025-02-26 03:15:00+00:00,2025-02-26 03:15:00+00:00,{},False
O-20250226-031500-001-V2-738,BACKTESTER-001,MLSignalStrategyV2-V2,EUR/USD.IDEALPRO,IDEALPRO-1-738,IDEALPRO-001,IDEALPRO-1-112153,EUR/USD.IDEALPRO-MLSignalStrategyV2-V2,BUY,LIMIT,100000.00,1.05010,USD,2.10 USD,MAKER,8b10f5f4-abce-479c-a61c-bab53b8eb2c1,2025-02-26 04:16:00+00:00,2025-02-26 04:16:00+00:00,{},False
O-20250226-043000-001-V2-739,BACKTESTER-001,MLSignalStrategyV2-V2,EUR/USD.IDEALPRO,IDEALPRO-1-739,IDEALPRO-001,IDEALPRO-1-112182,EUR/USD.IDEALPRO-MLSignalStrategyV2-V2,SELL,MARKET,100000.00,1.05035,USD,2.10 USD,TAKER,afaadced-9b56-4359-87c1-fcf4742addf1,2025-02-26 04:30:00+00:00,2025-02-26 04:30:00+00:00,{},False
O-20250226-043000-001-V2-741,BACKTESTER-001,MLSignalStrategyV2-V2,EUR/USD.IDEALPRO,IDEALPRO-1-741,IDEALPRO-001,IDEALPRO-1-112217,EUR/USD.IDEALPRO-MLSignalStrategyV2-V2,BUY,LIMIT,100000.00,1.04995,USD,2.10 USD,MAKER,ab93f72b-3dee-4f99-919e-1156e5cfb347,2025-02-26 04:47:00+00:00,2025-02-26 04:47:00+00:00,{},False
O-20250226-051500-001-V2-742,BACKTESTER-001,MLSignalStrategyV2-V2,EUR/USD.IDEALPRO,IDEALPRO-1-742,IDEALPRO-001,IDEALPRO-1-112274,EUR/USD.IDEALPRO-MLSignalStrategyV2-V2,BUY,MARKET,100000.00,1.04945,USD,2.10 USD,TAKER,79d2ff24-7a64-4d90-b5bd-3ee71890e7f9,2025-02-26 05:15:00+00:00,2025-02-26 05:15:00+00:00,{},False
O-20250226-051500-001-V2-743,BACKTESTER-001,MLSignalStrategyV2-V2,EUR/USD.IDEALPRO,IDEALPRO-1-743,IDEALPRO-001,IDEALPRO-1-112391,EUR/USD.IDEALPRO-MLSignalStrategyV2-V2,SELL,STOP_MARKET,100000.00,1.04892,USD,2.10 USD,TAKER,770d5a0e-5722-41a6-8ff1-7646a5ed488d,2025-02-26 06:13:00+00:00,2025-02-26 06:13:00+00:00,{},False
O-20250226-111500-001-V2-745,BACKTESTER-001,MLSignalStrategyV2-V2,EUR/USD.IDEALPRO,IDEALPRO-1-745,IDEALPRO-001,IDEALPRO-1-112996,EUR/USD.IDEALPRO-MLSignalStrategyV2-V2,BUY,MARKET,100000.00,1.05008,USD,2.10 USD,TAKER,f4c955c0-bc06-40be-98f9-ec39757f175e,2025-02-26 11:15:00+00:00,2025-02-26 11:15:00+00:00,{},False
O-20250226-111500-001-V2-746,BACKTESTER-001,MLSignalStrategyV2-V2,EUR/USD.IDEALPRO,IDEALPRO-1-746,IDEALPRO-001,IDEALPRO-1-113017,EUR/USD.IDEALPRO-MLSignalStrategyV2-V2,SELL,STOP_MARKET,100000.00,1.04928,USD,2.10 USD,TAKER,d3f9f265-c3cb-43f4-b40f-ff00032434fb,2025-02-26 11:25:00+00:00,2025-02-26 11:25:00+00:00,{},False
O-20250226-171500-001-V2-748,BACKTESTER-001,MLSignalStrategyV2-V2,EUR/USD.IDEALPRO,IDEALPRO-1-748,IDEALPRO-001,IDEALPRO-1-113718,EUR/USD.IDEALPRO-MLSignalStrategyV2-V2,BUY,MARKET,100000.00,1.05143,USD,2.10 USD,TAKER,a2a8e955-414b-48fa-9cde-939dfa813e67,2025-02-26 17:15:00+00:00,2025-02-26 17:15:00+00:00,{},False
O-20250226-171500-001-V2-750,BACKTESTER-001,MLSignalStrategyV2-V2,EUR/USD.IDEALPRO,IDEALPRO-1-750,IDEALPRO-001,IDEALPRO-1-113749,EUR/USD.IDEALPRO-MLSignalStrategyV2-V2,SELL,LIMIT,100000.00,1.05245,USD,2.10 USD,MAKER,3c9df050-3a7d-4a0e-ae63-80e25547260f,2025-02-26 17:30:00+00:00,2025-02-26 17:30:00+00:00,{},False
O-20250226-224500-001-V2-751,BACKTESTER-001,MLSignalStrategyV2-V2,EUR/USD.IDEALPRO,IDEALPRO-1-751,IDEALPRO-001,IDEALPRO-1-114349,EUR/USD.IDEALPRO-MLSignalStrategyV2-V2,SELL,MARKET,100000.00,1.04875,USD,2.10 USD,TAKER,e854823e-1dd1-457a-8d24-a9ca007bd522,2025-02-26 22:45:00+00:00,2025-02-26 22:45:00+00:00,{},False
O-20250226-224500-001-V2-753,BACKTESTER-001,MLSignalStrategyV2-V2,EUR/USD.IDEALPRO,IDEALPRO-1-753,IDEALPRO-001,IDEALPRO-1-114517,EUR/USD.IDEALPRO-MLSignalStrategyV2-V2,BUY,LIMIT,100000.00,1.04806,USD,2.10 USD,MAKER,409d2ba3-96ee-4c73-8b87-41e3ffd3a571,2025-02-27 00:08:00+00:00,2025-02-27 00:08:00+00:00,{},False
O-20250227-013000-001-V2-754,BACKTESTER-001,MLSignalStrategyV2-V2,EUR/USD.IDEALPRO,IDEALPRO-1-754,IDEALPRO-001,IDEALPRO-1-114682,EUR/USD.IDEALPRO-MLSignalStrategyV2-V2,BUY,MARKET,100000.00,1.04769,USD,2.10 USD,TAKER,8193911c-cb89-426d-ab3f-7954730c53f1,2025-02-27 01:30:00+00:00,2025-02-27 01:30:00+00:00,{},False
O-20250227-013000-001-V2-756,BACKTESTER-001,MLSignalStrategyV2-V2,EUR/USD.IDEALPRO,IDEALPRO-1-756,IDEALPRO-001,IDEALPRO-1-114709,EUR/USD.IDEALPRO-MLSignalStrategyV2-V2,SELL,LIMIT,100000.00,1.04815,USD,2.10 USD,MAKER,07669e79-6248-41c9-8fa6-e0674b8e77ad,2025-02-27 01:43:00+00:00,2025-02-27 01:43:00+00:00,{},False
O-20250227-043000-001-V2-757,BACKTESTER-001,MLSignalStrategyV2-V2,EUR/USD.IDEALPRO,IDEALPRO-1-757,IDEALPRO-001,IDEALPRO-1-115044,EUR/USD.IDEALPRO-MLSignalStrategyV2-V2,SELL,MARKET,100000.00,1.04658,USD,2.09 USD,TAKER,9fc4327a-3047-4a38-8686-ea2360d58c1e,2025-02-27 04:30:00+00:00,2025-02-27 04:30:00+00:00,{},False
O-20250227-043000-001-V2-759,BACKTESTER-001,MLSignalStrategyV2-V2,EUR/USD.IDEALPRO,IDEALPRO-1-759,IDEALPRO-001,IDEALPRO-1-115059,EUR/USD.IDEALPRO-MLSignalStrategyV2-V2,BUY,LIMIT,100000.00,1.04615,USD,2.09 USD,MAKER,3e853551-f1db-4edd-b863-c4150c6c3e7b,2025-02-27 04:37:00+00:00,2025-02-27 04:37:00+00:00,{},False
O-20250227-044500-001-V2-760,BACKTESTER-001,MLSignalStrategyV2-V2,EUR/USD.IDEALPRO,IDEALPRO-1-760,IDEALPRO-001,IDEALPRO-1-115076,EUR/USD.IDEALPRO-MLSignalStrategyV2-V2,BUY,MARKET,100000.00,1.04630,USD,2.09 USD,TAKER,9518e8ce-be74-497d-bbcd-8a5a4aee00dd,2025-02-27 04:45:00+00:00,2025-02-27 04:45:00+00:00,{},False
O-20250227-044500-001-V2-762,BACKTESTER-001,MLSignalStrategyV2-V2,EUR/USD.IDEALPRO,IDEALPRO-1-762,IDEALPRO-001,IDEALPRO-1-115239,EUR/USD.IDEALPRO-MLSignalStrategyV2-V2,SELL,LIMIT,100000.00,1.04680,USD,2.09 USD,MAKER,8872392a-7adf-4569-9999-3d1a39f08459,2025-02-27 06:06:00+00:00,2025-02-27 06:06:00+00:00,{},False
O-20250227-100000-001-V2-763,BACKTESTER-001,MLSignalStrategyV2-V2,EUR/USD.IDEALPRO,IDEALPRO-1-763,IDEALPRO-001,IDEALPRO-1-115708,EUR/USD.IDEALPRO-MLSignalStrategyV2-V2,BUY,MARKET,100000.00,1.04842,USD,2.10 USD,TAKER,6f02b2f3-12df-4399-8212-fe380be3f6f2,2025-02-27 10:00:00+00:00,2025-02-27 10:00:00+00:00,{},False
O-20250227-100000-001-V2-764,BACKTESTER-001,MLSignalStrategyV2-V2,EUR/USD.IDEALPRO,IDEALPRO-1-764,IDEALPRO-001,IDEALPRO-1-115727,EUR/USD.IDEALPRO-MLSignalStrategyV2-V2,SELL,STOP_MARKET,100000.00,1.04771,USD,2.10 USD,TAKER,601d7c41-d1a5-419d-bd20-5d397359e731,2025-02-27 10:09:00+00:00,2025-02-27 10:09:00+00:00,{},False
O-20250227-154500-001-V2-766,BACKTESTER-001,MLSignalStrategyV2-V2,EUR/USD.IDEALPRO,IDEALPRO-1-766,IDEALPRO-001,IDEALPRO-1-116400,EUR/USD.IDEALPRO-MLSignalStrategyV2-V2,BUY,MARKET,100000.00,1.04163,USD,2.08 USD,TAKER,8108b8f3-a4d3-4393-bdfb-9416ded37a07,2025-02-27 15:45:00+00:00,2025-02-27 15:45:00+00:00,{},False
O-20250227-154500-001-V2-767,BACKTESTER-001,MLSignalStrategyV2-V2,EUR/USD.IDEALPRO,IDEALPRO-1-767,IDEALPRO-001,IDEALPRO-1-117083,EUR/USD.IDEALPRO-MLSignalStrategyV2-V2,SELL,STOP_MARKET,100000.00,1.03981,USD,2.08 USD,TAKER,8aed4432-65cc-41e8-8fa2-7b09a3f804cd,2025-02-27 21:26:00+00:00,2025-02-27 21:26:00+00:00,{},False
O-20250227-220000-001-V2-769,BACKTESTER-001,MLSignalStrategyV2-V2,EUR/USD.IDEALPRO,IDEALPRO-1-769,IDEALPRO-001,IDEALPRO-1-117152,EUR/USD.IDEALPRO-MLSignalStrategyV2-V2,BUY,MARKET,100000.00,1.03982,USD,2.08 USD,TAKER,bc567d4b-2b30-407f-8303-58e9344765a0,2025-02-27 22:00:00+00:00,2025-02-27 22:00:00+00:00,{},False
O-20250227-220000-001-V2-770,BACKTESTER-001,MLSignalStrategyV2-V2,EUR/USD.IDEALPRO,IDEALPRO-1-770,IDEALPRO-001,IDEALPRO-1-117233,EUR/USD.IDEALPRO-MLSignalStrategyV2-V2,SELL,STOP_MARKET,100000.00,1.03915,USD,2.08 USD,TAKER,3698782c-2a26-4786-968e-10e22e6c2ec4,2025-02-27 22:55:00+00:00,2025-02-27 22:55:00+00:00,{},False
O-20250228-000000-001-V2-772,BACKTESTER-001,MLSignalStrategyV2-V2,EUR/USD.IDEALPRO,IDEALPRO-1-772,IDEALPRO-001,IDEALPRO-1-117364,EUR/USD.IDEALPRO-MLSignalStrategyV2-V2,BUY,MARKET,100000.00,1.03940,USD,2.08 USD,TAKER,0d84fb91-b502-4d0a-a62b-2cad8954a092,2025-02-28 00:00:00+00:00,2025-02-28 00:00:00+00:00,{},False
O-20250228-000000-001-V2-774,BACKTESTER-001,MLSignalStrategyV2-V2,EUR/USD.IDEALPRO,IDEALPRO-1-774,IDEALPRO-001,IDEALPRO-1-117401,EUR/USD.IDEALPRO-MLSignalStrategyV2-V2,SELL,LIMIT,100000.00,1.03981,USD,2.08 USD,MAKER,e1b79001-0de7-45c3-a5c4-7ff37b16fe31,2025-02-28 00:18:00+00:00,2025-02-28 00:18:00+00:00,{},False
O-20250228-003000-001-V2-775,BACKTESTER-001,MLSignalStrategyV2-V2,EUR/USD.IDEALPRO,IDEALPRO-1-775,IDEALPRO-001,IDEALPRO-1-117426,EUR/USD.IDEALPRO-MLSignalStrategyV2-V2,SELL,MARKET,100000.00,1.03998,USD,2.08 USD,TAKER,cad991c3-b324-4933-8e56-9cbe684f06dc,2025-02-28 00:30:00+00:00,2025-02-28 00:30:00+00:00,{},False
O-20250228-003000-001-V2-777,BACKTESTER-001,MLSignalStrategyV2-V2,EUR/USD.IDEALPRO,IDEALPRO-1-777,IDEALPRO-001,IDEALPRO-1-117549,EUR/USD.IDEALPRO-MLSignalStrategyV2-V2,BUY,LIMIT,100000.00,1.03947,USD,2.08 USD,MAKER,8f06ef5e-531e-451d-844e-eb11c8c02935,2025-02-28 01:31:00+00:00,2025-02-28 01:31:00+00:00,{},False
O-20250228-020000-001-V2-778,BACKTESTER-001,MLSignalStrategyV2-V2,EUR/USD.IDEALPRO,IDEALPRO-1-778,IDEALPRO-001,IDEALPRO-1-117608,EUR/USD.IDEALPRO-MLSignalStrategyV2-V2,BUY,MARKET,100000.00,1.03849,USD,2.08 USD,TAKER,c10fe2d4-66b1-413f-88fa-8333d7dbb3f1,2025-02-28 02:00:00+00:00,2025-02-28 02:00:00+00:00,{},False
O-20250228-020000-001-V2-780,BACKTESTER-001,MLSignalStrategyV2-V2,EUR/USD.IDEALPRO,IDEALPRO-1-780,IDEALPRO-001,IDEALPRO-1-117619,EUR/USD.IDEALPRO-MLSignalStrategyV2-V2,SELL,LIMIT,100000.00,1.03901,USD,2.08 USD,MAKER,b729198a-5074-4d8d-8f88-1b38c7b9dbcb,2025-02-28 02:05:00+00:00,2025-02-28 02:05:00+00:00,{},False
O-20250228-021500-001-V2-781,BACKTESTER-001,MLSignalStrategyV2-V2,EUR/USD.IDEALPRO,IDEALPRO-1-781,IDEALPRO-001,IDEALPRO-1-117640,EUR/USD.IDEALPRO-MLSignalStrategyV2-V2,BUY,MARKET,100000.00,1.03835,USD,2.08 USD,TAKER,12aa07a7-e561-491d-a677-f63c04651099,2025-02-28 02:15:00+00:00,2025-02-28 02:15:00+00:00,{},False
O-20250228-021500-001-V2-783,BACKTESTER-001,MLSignalStrategyV2-V2,EUR/USD.IDEALPRO,IDEALPRO-1-783,IDEALPRO-001,IDEALPRO-1-117663,EUR/USD.IDEALPRO-MLSignalStrategyV2-V2,SELL,LIMIT,100000.00,1.03895,USD,2.08 USD,MAKER,f828588a-4fc6-43da-b99f-e4da9d707a5c,2025-02-28 02:26:00+00:00,2025-02-28 02:26:00+00:00,{},False
O-20250228-031500-001-V2-784,BACKTESTER-001,MLSignalStrategyV2-V2,EUR/USD.IDEALPRO,IDEALPRO-1-784,IDEALPRO-001,IDEALPRO-1-117762,EUR/USD.IDEALPRO-MLSignalStrategyV2-V2,SELL,MARKET,100000.00,1.03860,USD,2.08 USD,TAKER,c3663baf-b0df-43f2-ae4d-029ee5e1d66c,2025-02-28 03:15:00+00:00,2025-02-28 03:15:00+00:00,{},False
O-20250228-031500-001-V2-785,BACKTESTER-001,MLSignalStrategyV2-V2,EUR/USD.IDEALPRO,IDEALPRO-1-785,IDEALPRO-001,IDEALPRO-1-118291,EUR/USD.IDEALPRO-MLSignalStrategyV2-V2,BUY,STOP_MARKET,100000.00,1.03933,USD,2.08 USD,TAKER,3bc42705-c485-4db8-b30c-fc3b4418c430,2025-02-28 07:39:00+00:00,2025-02-28 07:39:00+00:00,{},False
O-20250228-164500-001-V2-787,BACKTESTER-001,MLSignalStrategyV2-V2,EUR/USD.IDEALPRO,IDEALPRO-1-787,IDEALPRO-001,IDEALPRO-1-119385,EUR/USD.IDEALPRO-MLSignalStrategyV2-V2,SELL,MARKET,100000.00,1.04021,USD,2.08 USD,TAKER,1ed1373d-82f1-4196-8953-03ad8a7e446e,2025-02-28 16:45:00+00:00,2025-02-28 16:45:00+00:00,{},False
O-20250228-164500-001-V2-789,BACKTESTER-001,MLSignalStrategyV2-V2,EUR/USD.IDEALPRO,IDEALPRO-1-789,IDEALPRO-001,IDEALPRO-1-119463,EUR/USD.IDEALPRO-MLSignalStrategyV2-V2,BUY,LIMIT,100000.00,1.03901,USD,2.08 USD,MAKER,072a6e88-3dff-4f1a-90a7-d416cce6de4e,2025-02-28 17:24:00+00:00,2025-02-28 17:24:00+00:00,{},False
O-20250302-223000-001-V2-790,BACKTESTER-001,MLSignalStrategyV2-V2,EUR/USD.IDEALPRO,IDEALPRO-1-790,IDEALPRO-001,IDEALPRO-1-120046,EUR/USD.IDEALPRO-MLSignalStrategyV2-V2,BUY,MARKET,100000.00,1.04029,USD,2.08 USD,TAKER,b791a30f-be4d-4529-8973-67e0a9c6354d,2025-03-02 22:30:00+00:00,2025-03-02 22:30:00+00:00,{},False
O-20250302-223000-001-V2-792,BACKTESTER-001,MLSignalStrategyV2-V2,EUR/USD.IDEALPRO,IDEALPRO-1-792,IDEALPRO-001,IDEALPRO-1-120125,EUR/USD.IDEALPRO-MLSignalStrategyV2-V2,SELL,LIMIT,100000.00,1.04136,USD,2.08 USD,MAKER,810f496e-257f-43e0-8447-75bf1aeb7bf5,2025-03-02 23:09:00+00:00,2025-03-02 23:09:00+00:00,{},False
O-20250302-233000-001-V2-793,BACKTESTER-001,MLSignalStrategyV2-V2,EUR/USD.IDEALPRO,IDEALPRO-1-793,IDEALPRO-001,IDEALPRO-1-120168,EUR/USD.IDEALPRO-MLSignalStrategyV2-V2,SELL,MARKET,100000.00,1.04155,USD,2.08 USD,TAKER,6ad1dc98-a8c9-4038-bc26-48a30f914c1d,2025-03-02 23:30:00+00:00,2025-03-02 23:30:00+00:00,{},False
O-20250302-233000-001-V2-795,BACKTESTER-001,MLSignalStrategyV2-V2,EUR/USD.IDEALPRO,IDEALPRO-1-795,IDEALPRO-001,IDEALPRO-1-120237,EUR/USD.IDEALPRO-MLSignalStrategyV2-V2,BUY,LIMIT,100000.00,1.04032,USD,2.08 USD,MAKER,75cb982f-e53a-45b6-9a49-6a198b1af2ee,2025-03-03 00:04:00+00:00,2025-03-03 00:04:00+00:00,{},False
O-20250303-030000-001-V2-796,BACKTESTER-001,MLSignalStrategyV2-V2,EUR/USD.IDEALPRO,IDEALPRO-1-796,IDEALPRO-001,IDEALPRO-1-120591,EUR/USD.IDEALPRO-MLSignalStrategyV2-V2,BUY,MARKET,100000.00,1.04201,USD,2.08 USD,TAKER,77d62e90-768b-4164-a3b3-453b38f6bff1,2025-03-03 03:00:00+00:00,2025-03-03 03:00:00+00:00,{},False
O-20250303-030000-001-V2-797,BACKTESTER-001,MLSignalStrategyV2-V2,EUR/USD.IDEALPRO,IDEALPRO-1-797,IDEALPRO-001,IDEALPRO-1-120611,EUR/USD.IDEALPRO-MLSignalStrategyV2-V2,SELL,STOP_MARKET,100000.00,1.04117,USD,2.08 USD,TAKER,f6c8edac-ebee-4764-b7ed-fa612d32448d,2025-03-03 03:10:00+00:00,2025-03-03 03:10:00+00:00,{},False
O-20250303-031500-001-V2-799,BACKTESTER-001,MLSignalStrategyV2-V2,EUR/USD.IDEALPRO,IDEALPRO-1-799,IDEALPRO-001,IDEALPRO-1-120622,EUR/USD.IDEALPRO-MLSignalStrategyV2-V2,BUY,MARKET,100000.00,1.04121,USD,2.08 USD,TAKER,97776adc-b189-4e05-b97b-8c7ac2e09356,2025-03-03 03:15:00+00:00,2025-03-03 03:15:00+00:00,{},False
O-20250303-031500-001-V2-801,BACKTESTER-001,MLSignalStrategyV2-V2,EUR/USD.IDEALPRO,IDEALPRO-1-801,IDEALPRO-001,IDEALPRO-1-120729,EUR/USD.IDEALPRO-MLSignalStrategyV2-V2,SELL,LIMIT,100000.00,1.04191,USD,2.08 USD,MAKER,b22aaff1-06fd-4709-ba3d-446b6eac3647,2025-03-03 04:08:00+00:00,2025-03-03 04:08:00+00:00,{},False
O-20250303-121500-001-V2-802,BACKTESTER-001,MLSignalStrategyV2-V2,EUR/USD.IDEALPRO,IDEALPRO-1-802,IDEALPRO-001,IDEALPRO-1-121704,EUR/USD.IDEALPRO-MLSignalStrategyV2-V2,SELL,MARKET,100000.00,1.04641,USD,2.09 USD,TAKER,31b496b0-4988-4eed-8804-e6e8ea39f182,2025-03-03 12:15:00+00:00,2025-03-03 12:15:00+00:00,{},False
O-20250303-121500-001-V2-803,BACKTESTER-001,MLSignalStrategyV2-V2,EUR/USD.IDEALPRO,IDEALPRO-1-803,IDEALPRO-001,IDEALPRO-1-121771,EUR/USD.IDEALPRO-MLSignalStrategyV2-V2,BUY,STOP_MARKET,100000.00,1.04761,USD,2.10 USD,TAKER,ab42678a-30f9-4cd8-b883-5f004952f10a,2025-03-03 12:48:00+00:00,2025-03-03 12:48:00+00:00,{},False
O-20250303-130000-001-V2-805,BACKTESTER-001,MLSignalStrategyV2-V2,EUR/USD.IDEALPRO,IDEALPRO-1-805,IDEALPRO-001,IDEALPRO-1-121796,EUR/USD.IDEALPRO-MLSignalStrategyV2-V2,BUY,MARKET,100000.00,1.04704,USD,2.09 USD,TAKER,fb4d67ac-21c8-423f-9395-3647bd1a6ce3,2025-03-03 13:00:00+00:00,2025-03-03 13:00:00+00:00,{},False
O-20250303-130000-001-V2-807,BACKTESTER-001,MLSignalStrategyV2-V2,EUR/USD.IDEALPRO,IDEALPRO-1-807,IDEALPRO-001,IDEALPRO-1-121961,EUR/USD.IDEALPRO-MLSignalStrategyV2-V2,SELL,LIMIT,100000.00,1.04815,USD,2.10 USD,MAKER,c34e209d-9e08-4821-b3d9-56728e9797eb,2025-03-03 14:22:00+00:00,2025-03-03 14:22:00+00:00,{},False
O-20250303-180000-001-V2-808,BACKTESTER-001,MLSignalStrategyV2-V2,EUR/USD.IDEALPRO,IDEALPRO-1-808,IDEALPRO-001,IDEALPRO-1-122398,EUR/USD.IDEALPRO-MLSignalStrategyV2-V2,SELL,MARKET,100000.00,1.04905,USD,2.10 USD,TAKER,b5590cfc-9977-4678-81bc-5ea937500ecc,2025-03-03 18:00:00+00:00,2025-03-03 18:00:00+00:00,{},False
O-20250303-180000-001-V2-809,BACKTESTER-001,MLSignalStrategyV2-V2,EUR/USD.IDEALPRO,IDEALPRO-1-809,IDEALPRO-001,IDEALPRO-1-122497,EUR/USD.IDEALPRO-MLSignalStrategyV2-V2,BUY,STOP_MARKET,100000.00,1.05046,USD,2.10 USD,TAKER,828f7992-1be9-42f5-9a6e-7c3577da82b3,2025-03-03 18:49:00+00:00,2025-03-03 18:49:00+00:00,{},False
O-20250303-211500-001-V2-811,BACKTESTER-001,MLSignalStrategyV2-V2,EUR/USD.IDEALPRO,IDEALPRO-1-811,IDEALPRO-001,IDEALPRO-1-122790,EUR/USD.IDEALPRO-MLSignalStrategyV2-V2,SELL,MARKET,100000.00,1.04868,USD,2.10 USD,TAKER,c946d811-6f4c-45df-804b-70008365a32b,2025-03-03 21:15:00+00:00,2025-03-03 21:15:00+00:00,{},False
O-20250303-211500-001-V2-813,BACKTESTER-001,MLSignalStrategyV2-V2,EUR/USD.IDEALPRO,IDEALPRO-1-813,IDEALPRO-001,IDEALPRO-1-123535,EUR/USD.IDEALPRO-MLSignalStrategyV2-V2,BUY,LIMIT,100000.00,1.04750,USD,2.10 USD,MAKER,a060a004-a1d8-48c3-b4ff-fbc855240aa5,2025-03-04 03:42:00+00:00,2025-03-04 03:42:00+00:00,{},False
O-20250304-103000-001-V2-814,BACKTESTER-001,MLSignalStrategyV2-V2,EUR/USD.IDEALPRO,IDEALPRO-1-814,IDEALPRO-001,IDEALPRO-1-124352,EUR/USD.IDEALPRO-MLSignalStrategyV2-V2,SELL,MARKET,100000.00,1.05051,USD,2.10 USD,TAKER,eb353584-8521-47e4-b978-59901d830c17,2025-03-04 10:30:00+00:00,2025-03-04 10:30:00+00:00,{},False
O-20250304-103000-001-V2-815,BACKTESTER-001,MLSignalStrategyV2-V2,EUR/USD.IDEALPRO,IDEALPRO-1-815,IDEALPRO-001,IDEALPRO-1-124387,EUR/USD.IDEALPRO-MLSignalStrategyV2-V2,BUY,STOP_MARKET,100000.00,1.05181,USD,2.10 USD,TAKER,e740d877-0b7f-4f68-a1e9-356e81c46042,2025-03-04 10:47:00+00:00,2025-03-04 10:47:00+00:00,{},False
O-20250304-124500-001-V2-817,BACKTESTER-001,MLSignalStrategyV2-V2,EUR/USD.IDEALPRO,IDEALPRO-1-817,IDEALPRO-001,IDEALPRO-1-124624,EUR/USD.IDEALPRO-MLSignalStrategyV2-V2,SELL,MARKET,100000.00,1.05495,USD,2.11 USD,TAKER,ead673d5-d643-41cd-9469-9e28cc87d980,2025-03-04 12:45:00+00:00,2025-03-04 12:45:00+00:00,{},False
O-20250304-124500-001-V2-819,BACKTESTER-001,MLSignalStrategyV2-V2,EUR/USD.IDEALPRO,IDEALPRO-1-819,IDEALPRO-001,IDEALPRO-1-124713,EUR/USD.IDEALPRO-MLSignalStrategyV2-V2,BUY,LIMIT,100000.00,1.05377,USD,2.11 USD,MAKER,dad5ff36-ae20-49ec-8156-24def2535025,2025-03-04 13:29:00+00:00,2025-03-04 13:29:00+00:00,{},False
O-20250304-154500-001-V2-820,BACKTESTER-001,MLSignalStrategyV2-V2,EUR/USD.IDEALPRO,IDEALPRO-1-820,IDEALPRO-001,IDEALPRO-1-124987,EUR/USD.IDEALPRO-MLSignalStrategyV2-V2,SELL,MARKET,100000.00,1.05217,USD,2.10 USD,TAKER,0902a494-0527-44ff-bca4-96d0a1606414,2025-03-04 15:45:00+00:00,2025-03-04 15:45:00+00:00,{},False
O-20250304-154500-001-V2-821,BACKTESTER-001,MLSignalStrategyV2-V2,EUR/USD.IDEALPRO,IDEALPRO-1-821,IDEALPRO-001,IDEALPRO-1-125063,EUR/USD.IDEALPRO-MLSignalStrategyV2-V2,BUY,STOP_MARKET,100000.00,1.05398,USD,2.11 USD,TAKER,33e4e6c7-02ff-4342-b67b-3b4c5469bfba,2025-03-04 16:23:00+00:00,2025-03-04 16:23:00+00:00,{},False
O-20250304-181500-001-V2-823,BACKTESTER-001,MLSignalStrategyV2-V2,EUR/USD.IDEALPRO,IDEALPRO-1-823,IDEALPRO-001,IDEALPRO-1-125288,EUR/USD.IDEALPRO-MLSignalStrategyV2-V2,SELL,MARKET,100000.00,1.05691,USD,2.11 USD,TAKER,4b2afaa2-9fca-4ec6-b883-7bdaab10b767,2025-03-04 18:15:00+00:00,2025-03-04 18:15:00+00:00,{},False
O-20250304-181500-001-V2-824,BACKTESTER-001,MLSignalStrategyV2-V2,EUR/USD.IDEALPRO,IDEALPRO-1-824,IDEALPRO-001,IDEALPRO-1-125365,EUR/USD.IDEALPRO-MLSignalStrategyV2-V2,BUY,STOP_MARKET,100000.00,1.05849,USD,2.12 USD,TAKER,6f7f2c7c-b6b7-43d5-818d-8f89663e38c4,2025-03-04 18:53:00+00:00,2025-03-04 18:53:00+00:00,{},False
O-20250305-000000-001-V2-826,BACKTESTER-001,MLSignalStrategyV2-V2,EUR/USD.IDEALPRO,IDEALPRO-1-826,IDEALPRO-001,IDEALPRO-1-125950,EUR/USD.IDEALPRO-MLSignalStrategyV2-V2,BUY,MARKET,100000.00,1.06234,USD,2.12 USD,TAKER,f5fecedd-6473-4971-93b4-b0d45028a13b,2025-03-05 00:00:00+00:00,2025-03-05 00:00:00+00:00,{},False
O-20250305-000000-001-V2-827,BACKTESTER-001,MLSignalStrategyV2-V2,EUR/USD.IDEALPRO,IDEALPRO-1-827,IDEALPRO-001,IDEALPRO-1-125989,EUR/USD.IDEALPRO-MLSignalStrategyV2-V2,SELL,STOP_MARKET,100000.00,1.06115,USD,2.12 USD,TAKER,e746c3a5-3712-487b-9489-90f8f5eeb052,2025-03-05 00:19:00+00:00,2025-03-05 00:19:00+00:00,{},False
O-20250305-003000-001-V2-829,BACKTESTER-001,MLSignalStrategyV2-V2,EUR/USD.IDEALPRO,IDEALPRO-1-829,IDEALPRO-001,IDEALPRO-1-126012,EUR/USD.IDEALPRO-MLSignalStrategyV2-V2,SELL,MARKET,100000.00,1.06164,USD,2.12 USD,TAKER,c4d4b022-9c15-4011-84f5-5ee4f89d63c5,2025-03-05 00:30:00+00:00,2025-03-05 00:30:00+00:00,{},False
O-20250305-003000-001-V2-830,BACKTESTER-001,MLSignalStrategyV2-V2,EUR/USD.IDEALPRO,IDEALPRO-1-830,IDEALPRO-001,IDEALPRO-1-126063,EUR/USD.IDEALPRO-MLSignalStrategyV2-V2,BUY,STOP_MARKET,100000.00,1.06275,USD,2.13 USD,TAKER,7fb25369-533e-43fe-83e5-16daf78991d5,2025-03-05 00:55:00+00:00,2025-03-05 00:55:00+00:00,{},False
O-20250305-044500-001-V2-832,BACKTESTER-001,MLSignalStrategyV2-V2,EUR/USD.IDEALPRO,IDEALPRO-1-832,IDEALPRO-001,IDEALPRO-1-126524,EUR/USD.IDEALPRO-MLSignalStrategyV2-V2,BUY,MARKET,100000.00,1.06214,USD,2.12 USD,TAKER,6856edf9-7779-4a79-9ae3-e8f34f8a849b,2025-03-05 04:45:00+00:00,2025-03-05 04:45:00+00:00,{},False
O-20250305-044500-001-V2-834,BACKTESTER-001,MLSignalStrategyV2-V2,EUR/USD.IDEALPRO,IDEALPRO-1-834,IDEALPRO-001,IDEALPRO-1-126665,EUR/USD.IDEALPRO-MLSignalStrategyV2-V2,SELL,LIMIT,100000.00,1.06303,USD,2.13 USD,MAKER,e606e2ac-ef9d-4b7d-a4e9-0c05e242294d,2025-03-05 05:55:00+00:00,2025-03-05 05:55:00+00:00,{},False
O-20250305-064500-001-V2-835,BACKTESTER-001,MLSignalStrategyV2-V2,EUR/USD.IDEALPRO,IDEALPRO-1-835,IDEALPRO-001,IDEALPRO-1-126766,EUR/USD.IDEALPRO-MLSignalStrategyV2-V2,BUY,MARKET,100000.00,1.06295,USD,2.13 USD,TAKER,6a497867-87a7-414d-94e4-a7f815d8af2e,2025-03-05 06:45:00+00:00,2025-03-05 06:45:00+00:00,{},False
O-20250305-064500-001-V2-837,BACKTESTER-001,MLSignalStrategyV2-V2,EUR/USD.IDEALPRO,IDEALPRO-1-837,IDEALPRO-001,IDEALPRO-1-126801,EUR/USD.IDEALPRO-MLSignalStrategyV2-V2,SELL,LIMIT,100000.00,1.06427,USD,2.13 USD,MAKER,fa0b93dd-ae1d-49ec-b02e-cfdf54e44186,2025-03-05 07:02:00+00:00,2025-03-05 07:02:00+00:00,{},False
O-20250305-090000-001-V2-838,BACKTESTER-001,MLSignalStrategyV2-V2,EUR/USD.IDEALPRO,IDEALPRO-1-838,IDEALPRO-001,IDEALPRO-1-127039,EUR/USD.IDEALPRO-MLSignalStrategyV2-V2,BUY,MARKET,100000.00,1.06980,USD,2.14 USD,TAKER,30ea1a3b-ed5b-4508-90de-07dafd68e338,2025-03-05 09:00:00+00:00,2025-03-05 09:00:00+00:00,{},False
O-20250305-090000-001-V2-840,BACKTESTER-001,MLSignalStrategyV2-V2,EUR/USD.IDEALPRO,IDEALPRO-1-840,IDEALPRO-001,IDEALPRO-1-127047,EUR/USD.IDEALPRO-MLSignalStrategyV2-V2,SELL,LIMIT,100000.00,1.07134,USD,2.14 USD,MAKER,70ed4be6-6bec-42b4-ab6f-c8bae2a3e16c,2025-03-05 09:04:00+00:00,2025-03-05 09:04:00+00:00,{},False
O-20250305-113000-001-V2-841,BACKTESTER-001,MLSignalStrategyV2-V2,EUR/USD.IDEALPRO,IDEALPRO-1-841,IDEALPRO-001,IDEALPRO-1-127340,EUR/USD.IDEALPRO-MLSignalStrategyV2-V2,BUY,MARKET,100000.00,1.06804,USD,2.14 USD,TAKER,589d3cf5-13af-4f39-8637-f1b78fac9009,2025-03-05 11:30:00+00:00,2025-03-05 11:30:00+00:00,{},False
O-20250305-113000-001-V2-843,BACKTESTER-001,MLSignalStrategyV2-V2,EUR/USD.IDEALPRO,IDEALPRO-1-843,IDEALPRO-001,IDEALPRO-1-127419,EUR/USD.IDEALPRO-MLSignalStrategyV2-V2,SELL,LIMIT,100000.00,1.06944,USD,2.14 USD,MAKER,56b14ffd-671d-4628-8556-b07402f0010b,2025-03-05 12:09:00+00:00,2025-03-05 12:09:00+00:00,{},False
O-20250305-210000-001-V2-844,BACKTESTER-001,MLSignalStrategyV2-V2,EUR/USD.IDEALPRO,IDEALPRO-1-844,IDEALPRO-001,IDEALPRO-1-128482,EUR/USD.IDEALPRO-MLSignalStrategyV2-V2,SELL,MARKET,100000.00,1.07922,USD,2.16 USD,TAKER,bb4819f7-72cc-498d-8268-08c9f5a0762d,2025-03-05 21:00:00+00:00,2025-03-05 21:00:00+00:00,{},False
O-20250305-210000-001-V2-845,BACKTESTER-001,MLSignalStrategyV2-V2,EUR/USD.IDEALPRO,IDEALPRO-1-845,IDEALPRO-001,IDEALPRO-1-128923,EUR/USD.IDEALPRO-MLSignalStrategyV2-V2,BUY,STOP_MARKET,100000.00,1.08030,USD,2.16 USD,TAKER,baeffc81-6aef-4da0-bfca-6f31065d3152,2025-03-06 00:55:00+00:00,2025-03-06 00:55:00+00:00,{},False
O-20250306-040000-001-V2-847,BACKTESTER-001,MLSignalStrategyV2-V2,EUR/USD.IDEALPRO,IDEALPRO-1-847,IDEALPRO-001,IDEALPRO-1-129295,EUR/USD.IDEALPRO-MLSignalStrategyV2-V2,SELL,MARKET,100000.00,1.07896,USD,2.16 USD,TAKER,96fd33db-d6c1-4dc7-949a-73294caba334,2025-03-06 04:00:00+00:00,2025-03-06 04:00:00+00:00,{},False
O-20250306-040000-001-V2-848,BACKTESTER-001,MLSignalStrategyV2-V2,EUR/USD.IDEALPRO,IDEALPRO-1-848,IDEALPRO-001,IDEALPRO-1-129379,EUR/USD.IDEALPRO-MLSignalStrategyV2-V2,BUY,STOP_MARKET,100000.00,1.07987,USD,2.16 USD,TAKER,bc0c7025-2f68-45c4-b3b4-6775fc3b3710,2025-03-06 04:42:00+00:00,2025-03-06 04:42:00+00:00,{},False
O-20250306-044500-001-V2-850,BACKTESTER-001,MLSignalStrategyV2-V2,EUR/USD.IDEALPRO,IDEALPRO-1-850,IDEALPRO-001,IDEALPRO-1-129386,EUR/USD.IDEALPRO-MLSignalStrategyV2-V2,BUY,MARKET,100000.00,1.07986,USD,2.16 USD,TAKER,1dd5e511-c1e5-4d70-9593-f3ce650b4a2a,2025-03-06 04:45:00+00:00,2025-03-06 04:45:00+00:00,{},False
O-20250306-044500-001-V2-852,BACKTESTER-001,MLSignalStrategyV2-V2,EUR/USD.IDEALPRO,IDEALPRO-1-852,IDEALPRO-001,IDEALPRO-1-129425,EUR/USD.IDEALPRO-MLSignalStrategyV2-V2,SELL,LIMIT,100000.00,1.08071,USD,2.16 USD,MAKER,59cca779-d9a3-4ac9-a9f4-5b48d39e5fd1,2025-03-06 05:04:00+00:00,2025-03-06 05:04:00+00:00,{},False
O-20250306-053000-001-V2-853,BACKTESTER-001,MLSignalStrategyV2-V2,EUR/USD.IDEALPRO,IDEALPRO-1-853,IDEALPRO-001,IDEALPRO-1-129479,EUR/USD.IDEALPRO-MLSignalStrategyV2-V2,BUY,MARKET,100000.00,1.08033,USD,2.16 USD,TAKER,e3912546-d888-446f-a502-83b597baa666,2025-03-06 05:30:00+00:00,2025-03-06 05:30:00+00:00,{},False
O-20250306-053000-001-V2-855,BACKTESTER-001,MLSignalStrategyV2-V2,EUR/USD.IDEALPRO,IDEALPRO-1-855,IDEALPRO-001,IDEALPRO-1-129533,EUR/USD.IDEALPRO-MLSignalStrategyV2-V2,SELL,LIMIT,100000.00,1.08105,USD,2.16 USD,MAKER,f42eafcf-716b-4297-972a-bef5b8329512,2025-03-06 05:57:00+00:00,2025-03-06 05:57:00+00:00,{},False
O-20250306-070000-001-V2-856,BACKTESTER-001,MLSignalStrategyV2-V2,EUR/USD.IDEALPRO,IDEALPRO-1-856,IDEALPRO-001,IDEALPRO-1-129661,EUR/USD.IDEALPRO-MLSignalStrategyV2-V2,BUY,MARKET,100000.00,1.08029,USD,2.16 USD,TAKER,bf347e47-1269-47b8-b2d4-5ab440847825,2025-03-06 07:00:00+00:00,2025-03-06 07:00:00+00:00,{},False
O-20250306-070000-001-V2-858,BACKTESTER-001,MLSignalStrategyV2-V2,EUR/USD.IDEALPRO,IDEALPRO-1-858,IDEALPRO-001,IDEALPRO-1-129677,EUR/USD.IDEALPRO-MLSignalStrategyV2-V2,SELL,LIMIT,100000.00,1.08126,USD,2.16 USD,MAKER,cce239f6-0059-4efe-84cb-07969bad5521,2025-03-06 07:08:00+00:00,2025-03-06 07:08:00+00:00,{},False
O-20250306-073000-001-V2-859,BACKTESTER-001,MLSignalStrategyV2-V2,EUR/USD.IDEALPRO,IDEALPRO-1-859,IDEALPRO-001,IDEALPRO-1-129722,EUR/USD.IDEALPRO-MLSignalStrategyV2-V2,BUY,MARKET,100000.00,1.08014,USD,2.16 USD,TAKER,a1d7d6ce-6912-43e5-b29a-0d772f2a3fc7,2025-03-06 07:30:00+00:00,2025-03-06 07:30:00+00:00,{},False
O-20250306-073000-001-V2-861,BACKTESTER-001,MLSignalStrategyV2-V2,EUR/USD.IDEALPRO,IDEALPRO-1-861,IDEALPRO-001,IDEALPRO-1-129747,EUR/USD.IDEALPRO-MLSignalStrategyV2-V2,SELL,LIMIT,100000.00,1.08172,USD,2.16 USD,MAKER,1ad72947-dea1-4e99-827e-199f179ee904,2025-03-06 07:42:00+00:00,2025-03-06 07:42:00+00:00,{},False
O-20250306-190000-001-V2-862,BACKTESTER-001,MLSignalStrategyV2-V2,EUR/USD.IDEALPRO,IDEALPRO-1-862,IDEALPRO-001,IDEALPRO-1-131104,EUR/USD.IDEALPRO-MLSignalStrategyV2-V2,BUY,MARKET,100000.00,1.07840,USD,2.16 USD,TAKER,e797cf32-4168-4b7e-b294-7115c6d01383,2025-03-06 19:00:00+00:00,2025-03-06 19:00:00+00:00,{},False
O-20250306-190000-001-V2-864,BACKTESTER-001,MLSignalStrategyV2-V2,EUR/USD.IDEALPRO,IDEALPRO-1-864,IDEALPRO-001,IDEALPRO-1-131187,EUR/USD.IDEALPRO-MLSignalStrategyV2-V2,SELL,LIMIT,100000.00,1.07994,USD,2.16 USD,MAKER,0d61764e-0403-43c6-b48a-39e60b61387c,2025-03-06 19:41:00+00:00,2025-03-06 19:41:00+00:00,{},False
O-20250306-194500-001-V2-865,BACKTESTER-001,MLSignalStrategyV2-V2,EUR/USD.IDEALPRO,IDEALPRO-1-865,IDEALPRO-001,IDEALPRO-1-131197,EUR/USD.IDEALPRO-MLSignalStrategyV2-V2,BUY,MARKET,100000.00,1.08023,USD,2.16 USD,TAKER,ee950878-72ec-4cf6-bc58-64b9dfaaa4fd,2025-03-06 19:45:00+00:00,2025-03-06 19:45:00+00:00,{},False
O-20250306-194500-001-V2-866,BACKTESTER-001,MLSignalStrategyV2-V2,EUR/USD.IDEALPRO,IDEALPRO-1-866,IDEALPRO-001,IDEALPRO-1-131311,EUR/USD.IDEALPRO-MLSignalStrategyV2-V2,SELL,STOP_MARKET,100000.00,1.07858,USD,2.16 USD,TAKER,090ad1ed-8493-4d44-9d38-b41e72bf2251,2025-03-06 20:42:00+00:00,2025-03-06 20:42:00+00:00,{},False
O-20250307-033000-001-V2-868,BACKTESTER-001,MLSignalStrategyV2-V2,EUR/USD.IDEALPRO,IDEALPRO-1-868,IDEALPRO-001,IDEALPRO-1-132098,EUR/USD.IDEALPRO-MLSignalStrategyV2-V2,BUY,MARKET,100000.00,1.08065,USD,2.16 USD,TAKER,1b6638bb-7283-49f8-964e-6c947dc75dca,2025-03-07 03:30:00+00:00,2025-03-07 03:30:00+00:00,{},False
O-20250307-033000-001-V2-870,BACKTESTER-001,MLSignalStrategyV2-V2,EUR/USD.IDEALPRO,IDEALPRO-1-870,IDEALPRO-001,IDEALPRO-1-132117,EUR/USD.IDEALPRO-MLSignalStrategyV2-V2,SELL,LIMIT,100000.00,1.08139,USD,2.16 USD,MAKER,8f625398-998a-4dda-a7bb-0a5d5c84d948,2025-03-07 03:39:00+00:00,2025-03-07 03:39:00+00:00,{},False
O-20250307-034500-001-V2-871,BACKTESTER-001,MLSignalStrategyV2-V2,EUR/USD.IDEALPRO,IDEALPRO-1-871,IDEALPRO-001,IDEALPRO-1-132130,EUR/USD.IDEALPRO-MLSignalStrategyV2-V2,BUY,MARKET,100000.00,1.08092,USD,2.16 USD,TAKER,c7fa3f11-d08e-4944-b71e-4457bfdccf02,2025-03-07 03:45:00+00:00,2025-03-07 03:45:00+00:00,{},False
O-20250307-034500-001-V2-873,BACKTESTER-001,MLSignalStrategyV2-V2,EUR/USD.IDEALPRO,IDEALPRO-1-873,IDEALPRO-001,IDEALPRO-1-132373,EUR/USD.IDEALPRO-MLSignalStrategyV2-V2,SELL,LIMIT,100000.00,1.08177,USD,2.16 USD,MAKER,f32e0245-92f5-4c9c-bd6c-a328b88066ff,2025-03-07 05:46:00+00:00,2025-03-07 05:46:00+00:00,{},False
O-20250307-100000-001-V2-874,BACKTESTER-001,MLSignalStrategyV2-V2,EUR/USD.IDEALPRO,IDEALPRO-1-874,IDEALPRO-001,IDEALPRO-1-132882,EUR/USD.IDEALPRO-MLSignalStrategyV2-V2,SELL,MARKET,100000.00,1.08615,USD,2.17 USD,TAKER,6addc6f3-65d5-47ca-b066-93c051fc47c9,2025-03-07 10:00:00+00:00,2025-03-07 10:00:00+00:00,{},False
O-20250307-100000-001-V2-876,BACKTESTER-001,MLSignalStrategyV2-V2,EUR/USD.IDEALPRO,IDEALPRO-1-876,IDEALPRO-001,IDEALPRO-1-133017,EUR/USD.IDEALPRO-MLSignalStrategyV2-V2,BUY,LIMIT,100000.00,1.08508,USD,2.17 USD,MAKER,f842c65b-8a0a-411e-b9b5-47a8cf1bc52e,2025-03-07 11:07:00+00:00,2025-03-07 11:07:00+00:00,{},False
O-20250307-140000-001-V2-877,BACKTESTER-001,MLSignalStrategyV2-V2,EUR/USD.IDEALPRO,IDEALPRO-1-877,IDEALPRO-001,IDEALPRO-1-133364,EUR/USD.IDEALPRO-MLSignalStrategyV2-V2,SELL,MARKET,100000.00,1.08448,USD,2.17 USD,TAKER,ef8eb7f5-daeb-43bb-b19f-21e9c2343f89,2025-03-07 14:00:00+00:00,2025-03-07 14:00:00+00:00,{},False
O-20250307-140000-001-V2-878,BACKTESTER-001,MLSignalStrategyV2-V2,EUR/USD.IDEALPRO,IDEALPRO-1-878,IDEALPRO-001,IDEALPRO-1-133381,EUR/USD.IDEALPRO-MLSignalStrategyV2-V2,BUY,STOP_MARKET,100000.00,1.08642,USD,2.17 USD,TAKER,bcd05e4f-61bc-4dd7-8454-f444f287b994,2025-03-07 14:08:00+00:00,2025-03-07 14:08:00+00:00,{},False
O-20250307-144500-001-V2-880,BACKTESTER-001,MLSignalStrategyV2-V2,EUR/USD.IDEALPRO,IDEALPRO-1-880,IDEALPRO-001,IDEALPRO-1-133456,EUR/USD.IDEALPRO-MLSignalStrategyV2-V2,SELL,MARKET,100000.00,1.08691,USD,2.17 USD,TAKER,bc495397-3220-496c-a43f-082ce7e40f66,2025-03-07 14:45:00+00:00,2025-03-07 14:45:00+00:00,{},False
O-20250307-144500-001-V2-882,BACKTESTER-001,MLSignalStrategyV2-V2,EUR/USD.IDEALPRO,IDEALPRO-1-882,IDEALPRO-001,IDEALPRO-1-133485,EUR/USD.IDEALPRO-MLSignalStrategyV2-V2,BUY,LIMIT,100000.00,1.08502,USD,2.17 USD,MAKER,edb6fea0-5d51-4f0a-86f3-7e1db0498bfa,2025-03-07 14:59:00+00:00,2025-03-07 14:59:00+00:00,{},False
O-20250307-160000-001-V2-883,BACKTESTER-001,MLSignalStrategyV2-V2,EUR/USD.IDEALPRO,IDEALPRO-1-883,IDEALPRO-001,IDEALPRO-1-133608,EUR/USD.IDEALPRO-MLSignalStrategyV2-V2,SELL,MARKET,100000.00,1.08702,USD,2.17 USD,TAKER,9bf66977-1050-43ba-8316-9caef5b18ba7,2025-03-07 16:00:00+00:00,2025-03-07 16:00:00+00:00,{},False
O-20250307-160000-001-V2-885,BACKTESTER-001,MLSignalStrategyV2-V2,EUR/USD.IDEALPRO,IDEALPRO-1-885,IDEALPRO-001,IDEALPRO-1-133665,EUR/USD.IDEALPRO-MLSignalStrategyV2-V2,BUY,LIMIT,100000.00,1.08510,USD,2.17 USD,MAKER,7dc5c131-e5da-444f-95e3-f0cd6c2c3b1f,2025-03-07 16:28:00+00:00,2025-03-07 16:28:00+00:00,{},False
O-20250309-213000-001-V2-886,BACKTESTER-001,MLSignalStrategyV2-V2,EUR/USD.IDEALPRO,IDEALPRO-1-886,IDEALPRO-001,IDEALPRO-1-134360,EUR/USD.IDEALPRO-MLSignalStrategyV2-V2,BUY,MARKET,100000.00,1.08317,USD,2.17 USD,TAKER,6a7d8f35-ab55-4bc7-ac65-a6f5503d3ed3,2025-03-09 21:30:00+00:00,2025-03-09 21:30:00+00:00,{},False
O-20250309-213000-001-V2-888,BACKTESTER-001,MLSignalStrategyV2-V2,EUR/USD.IDEALPRO,IDEALPRO-1-888,IDEALPRO-001,IDEALPRO-1-134399,EUR/USD.IDEALPRO-MLSignalStrategyV2-V2,SELL,LIMIT,100000.00,1.08399,USD,2.17 USD,MAKER,503b8369-4305-4984-93ca-319f9d374704,2025-03-09 21:49:00+00:00,2025-03-09 21:49:00+00:00,{},False
O-20250309-220000-001-V2-889,BACKTESTER-001,MLSignalStrategyV2-V2,EUR/USD.IDEALPRO,IDEALPRO-1-889,IDEALPRO-001,IDEALPRO-1-134422,EUR/USD.IDEALPRO-MLSignalStrategyV2-V2,BUY,MARKET,100000.00,1.08400,USD,2.17 USD,TAKER,e61b0418-93a6-4a92-98ea-e904f450848b,2025-03-09 22:00:00+00:00,2025-03-09 22:00:00+00:00,{},False
O-20250309-220000-001-V2-891,BACKTESTER-001,MLSignalStrategyV2-V2,EUR/USD.IDEALPRO,IDEALPRO-1-891,IDEALPRO-001,IDEALPRO-1-134435,EUR/USD.IDEALPRO-MLSignalStrategyV2-V2,SELL,LIMIT,100000.00,1.08492,USD,2.17 USD,MAKER,819ffd39-9f7e-4c1f-a447-8d4e0738b96e,2025-03-09 22:06:00+00:00,2025-03-09 22:06:00+00:00,{},False
O-20250309-221500-001-V2-892,BACKTESTER-001,MLSignalStrategyV2-V2,EUR/USD.IDEALPRO,IDEALPRO-1-892,IDEALPRO-001,IDEALPRO-1-134454,EUR/USD.IDEALPRO-MLSignalStrategyV2-V2,BUY,MARKET,100000.00,1.08564,USD,2.17 USD,TAKER,bce1db05-4749-41f5-8d44-2bccbf56317d,2025-03-09 22:15:00+00:00,2025-03-09 22:15:00+00:00,{},False
O-20250309-221500-001-V2-893,BACKTESTER-001,MLSignalStrategyV2-V2,EUR/USD.IDEALPRO,IDEALPRO-1-893,IDEALPRO-001,IDEALPRO-1-134467,EUR/USD.IDEALPRO-MLSignalStrategyV2-V2,SELL,STOP_MARKET,100000.00,1.08445,USD,2.17 USD,TAKER,a24c7025-e5b9-4816-9a7d-16c54f8a5049,2025-03-09 22:21:00+00:00,2025-03-09 22:21:00+00:00,{},False
O-20250309-223000-001-V2-895,BACKTESTER-001,MLSignalStrategyV2-V2,EUR/USD.IDEALPRO,IDEALPRO-1-895,IDEALPRO-001,IDEALPRO-1-134486,EUR/USD.IDEALPRO-MLSignalStrategyV2-V2,BUY,MARKET,100000.00,1.08492,USD,2.17 USD,TAKER,e0a0980c-05f1-4a38-ab48-917fbcaa30fd,2025-03-09 22:30:00+00:00,2025-03-09 22:30:00+00:00,{},False
O-20250309-223000-001-V2-897,BACKTESTER-001,MLSignalStrategyV2-V2,EUR/USD.IDEALPRO,IDEALPRO-1-897,IDEALPRO-001,IDEALPRO-1-134575,EUR/USD.IDEALPRO-MLSignalStrategyV2-V2,SELL,LIMIT,100000.00,1.08591,USD,2.17 USD,MAKER,1266b51c-562f-4908-85e1-aa94f7a68d86,2025-03-09 23:14:00+00:00,2025-03-09 23:14:00+00:00,{},False
O-20250309-231500-001-V2-898,BACKTESTER-001,MLSignalStrategyV2-V2,EUR/USD.IDEALPRO,IDEALPRO-1-898,IDEALPRO-001,IDEALPRO-1-134578,EUR/USD.IDEALPRO-MLSignalStrategyV2-V2,BUY,MARKET,100000.00,1.08613,USD,2.17 USD,TAKER,2c5e965e-3f8c-44db-a45c-6865bca5e5bd,2025-03-09 23:15:00+00:00,2025-03-09 23:15:00+00:00,{},False
O-20250309-231500-001-V2-900,BACKTESTER-001,MLSignalStrategyV2-V2,EUR/USD.IDEALPRO,IDEALPRO-1-900,IDEALPRO-001,IDEALPRO-1-134795,EUR/USD.IDEALPRO-MLSignalStrategyV2-V2,SELL,LIMIT,100000.00,1.08706,USD,2.17 USD,MAKER,80588a53-fcab-4d52-9129-7f10eba91109,2025-03-10 01:03:00+00:00,2025-03-10 01:03:00+00:00,{},False
O-20250310-051500-001-V2-901,BACKTESTER-001,MLSignalStrategyV2-V2,EUR/USD.IDEALPRO,IDEALPRO-1-901,IDEALPRO-001,IDEALPRO-1-135300,EUR/USD.IDEALPRO-MLSignalStrategyV2-V2,SELL,MARKET,100000.00,1.08311,USD,2.17 USD,TAKER,5572eaea-1316-45c5-b9ee-2f97c57e5988,2025-03-10 05:15:00+00:00,2025-03-10 05:15:00+00:00,{},False
O-20250310-051500-001-V2-902,BACKTESTER-001,MLSignalStrategyV2-V2,EUR/USD.IDEALPRO,IDEALPRO-1-902,IDEALPRO-001,IDEALPRO-1-135405,EUR/USD.IDEALPRO-MLSignalStrategyV2-V2,BUY,STOP_MARKET,100000.00,1.08379,USD,2.17 USD,TAKER,70f37d61-9f8a-496b-ad68-9411b4141a0b,2025-03-10 06:07:00+00:00,2025-03-10 06:07:00+00:00,{},False
O-20250310-063000-001-V2-904,BACKTESTER-001,MLSignalStrategyV2-V2,EUR/USD.IDEALPRO,IDEALPRO-1-904,IDEALPRO-001,IDEALPRO-1-135452,EUR/USD.IDEALPRO-MLSignalStrategyV2-V2,SELL,MARKET,100000.00,1.08424,USD,2.17 USD,TAKER,313fb065-388c-4747-96d6-3e7def84e3eb,2025-03-10 06:30:00+00:00,2025-03-10 06:30:00+00:00,{},False
O-20250310-063000-001-V2-906,BACKTESTER-001,MLSignalStrategyV2-V2,EUR/USD.IDEALPRO,IDEALPRO-1-906,IDEALPRO-001,IDEALPRO-1-135491,EUR/USD.IDEALPRO-MLSignalStrategyV2-V2,BUY,LIMIT,100000.00,1.08372,USD,2.17 USD,MAKER,3302894f-3cfb-4d66-ae16-6ae25cddab30,2025-03-10 06:49:00+00:00,2025-03-10 06:49:00+00:00,{},False
O-20250310-070000-001-V2-907,BACKTESTER-001,MLSignalStrategyV2-V2,EUR/USD.IDEALPRO,IDEALPRO-1-907,IDEALPRO-001,IDEALPRO-1-135514,EUR/USD.IDEALPRO-MLSignalStrategyV2-V2,SELL,MARKET,100000.00,1.08373,USD,2.17 USD,TAKER,fcf57f4c-8a57-4c62-859d-610b37346928,2025-03-10 07:00:00+00:00,2025-03-10 07:00:00+00:00,{},False
O-20250310-070000-001-V2-908,BACKTESTER-001,MLSignalStrategyV2-V2,EUR/USD.IDEALPRO,IDEALPRO-1-908,IDEALPRO-001,IDEALPRO-1-135527,EUR/USD.IDEALPRO-MLSignalStrategyV2-V2,BUY,STOP_MARKET,100000.00,1.08442,USD,2.17 USD,TAKER,74bfc4b0-8489-40da-80e6-ea210fa8125b,2025-03-10 07:06:00+00:00,2025-03-10 07:06:00+00:00,{},False
O-20250310-071500-001-V2-910,BACKTESTER-001,MLSignalStrategyV2-V2,EUR/USD.IDEALPRO,IDEALPRO-1-910,IDEALPRO-001,IDEALPRO-1-135546,EUR/USD.IDEALPRO-MLSignalStrategyV2-V2,SELL,MARKET,100000.00,1.08370,USD,2.17 USD,TAKER,7bb47eb4-e72f-4e04-bb89-93e521bb8188,2025-03-10 07:15:00+00:00,2025-03-10 07:15:00+00:00,{},False
O-20250310-071500-001-V2-912,BACKTESTER-001,MLSignalStrategyV2-V2,EUR/USD.IDEALPRO,IDEALPRO-1-912,IDEALPRO-001,IDEALPRO-1-135565,EUR/USD.IDEALPRO-MLSignalStrategyV2-V2,BUY,LIMIT,100000.00,1.08309,USD,2.17 USD,MAKER,cdbce0bb-e080-4424-86ef-74849dea7503,2025-03-10 07:24:00+00:00,2025-03-10 07:24:00+00:00,{},False
O-20250310-081500-001-V2-913,BACKTESTER-001,MLSignalStrategyV2-V2,EUR/USD.IDEALPRO,IDEALPRO-1-913,IDEALPRO-001,IDEALPRO-1-135668,EUR/USD.IDEALPRO-MLSignalStrategyV2-V2,BUY,MARKET,100000.00,1.08115,USD,2.16 USD,TAKER,908437f1-f5ce-48e6-af54-f0e5f624a706,2025-03-10 08:15:00+00:00,2025-03-10 08:15:00+00:00,{},False
O-20250310-081500-001-V2-915,BACKTESTER-001,MLSignalStrategyV2-V2,EUR/USD.IDEALPRO,IDEALPRO-1-915,IDEALPRO-001,IDEALPRO-1-135705,EUR/USD.IDEALPRO-MLSignalStrategyV2-V2,SELL,LIMIT,100000.00,1.08219,USD,2.16 USD,MAKER,81a85c96-4b92-42f3-a352-16db69c62d7b,2025-03-10 08:33:00+00:00,2025-03-10 08:33:00+00:00,{},False
O-20250310-084500-001-V2-916,BACKTESTER-001,MLSignalStrategyV2-V2,EUR/USD.IDEALPRO,IDEALPRO-1-916,IDEALPRO-001,IDEALPRO-1-135730,EUR/USD.IDEALPRO-MLSignalStrategyV2-V2,BUY,MARKET,100000.00,1.08177,USD,2.16 USD,TAKER,b1fc3e1b-c1d4-4a65-9b2e-1c13b0868a69,2025-03-10 08:45:00+00:00,2025-03-10 08:45:00+00:00,{},False
O-20250310-084500-001-V2-917,BACKTESTER-001,MLSignalStrategyV2-V2,EUR/USD.IDEALPRO,IDEALPRO-1-917,IDEALPRO-001,IDEALPRO-1-135751,EUR/USD.IDEALPRO-MLSignalStrategyV2-V2,SELL,STOP_MARKET,100000.00,1.08051,USD,2.16 USD,TAKER,c2477e65-96a0-45c6-95d3-7a0787bde987,2025-03-10 08:55:00+00:00,2025-03-10 08:55:00+00:00,{},False
O-20250310-173000-001-V2-919,BACKTESTER-001,MLSignalStrategyV2-V2,EUR/USD.IDEALPRO,IDEALPRO-1-919,IDEALPRO-001,IDEALPRO-1-136783,EUR/USD.IDEALPRO-MLSignalStrategyV2-V2,BUY,MARKET,100000.00,1.08368,USD,2.17 USD,TAKER,01ea0aa0-6766-46e7-85d0-7a89556df87f,2025-03-10 17:30:00+00:00,2025-03-10 17:30:00+00:00,{},False
O-20250310-173000-001-V2-920,BACKTESTER-001,MLSignalStrategyV2-V2,EUR/USD.IDEALPRO,IDEALPRO-1-920,IDEALPRO-001,IDEALPRO-1-136851,EUR/USD.IDEALPRO-MLSignalStrategyV2-V2,SELL,STOP_MARKET,100000.00,1.08235,USD,2.16 USD,TAKER,c25ce329-92f7-40df-9af5-9545347dcc5c,2025-03-10 18:04:00+00:00,2025-03-10 18:04:00+00:00,{},False
O-20250310-194500-001-V2-922,BACKTESTER-001,MLSignalStrategyV2-V2,EUR/USD.IDEALPRO,IDEALPRO-1-922,IDEALPRO-001,IDEALPRO-1-137055,EUR/USD.IDEALPRO-MLSignalStrategyV2-V2,BUY,MARKET,100000.00,1.08256,USD,2.17 USD,TAKER,80e356f2-7d6b-406c-912b-bf6d6694e798,2025-03-10 19:45:00+00:00,2025-03-10 19:45:00+00:00,{},False
O-20250310-194500-001-V2-924,BACKTESTER-001,MLSignalStrategyV2-V2,EUR/USD.IDEALPRO,IDEALPRO-1-924,IDEALPRO-001,IDEALPRO-1-137089,EUR/USD.IDEALPRO-MLSignalStrategyV2-V2,SELL,LIMIT,100000.00,1.08352,USD,2.17 USD,MAKER,ab52d4b4-3bf2-438e-ac2d-6dd77a7cfbbd,2025-03-10 20:02:00+00:00,2025-03-10 20:02:00+00:00,{},False
O-20250310-230000-001-V2-925,BACKTESTER-001,MLSignalStrategyV2-V2,EUR/USD.IDEALPRO,IDEALPRO-1-925,IDEALPRO-001,IDEALPRO-1-137416,EUR/USD.IDEALPRO-MLSignalStrategyV2-V2,SELL,MARKET,100000.00,1.08348,USD,2.17 USD,TAKER,cb6ad32f-c149-43ea-8c93-694636b6cb65,2025-03-10 23:00:00+00:00,2025-03-10 23:00:00+00:00,{},False
O-20250310-230000-001-V2-926,BACKTESTER-001,MLSignalStrategyV2-V2,EUR/USD.IDEALPRO,IDEALPRO-1-926,IDEALPRO-001,IDEALPRO-1-137427,EUR/USD.IDEALPRO-MLSignalStrategyV2-V2,BUY,STOP_MARKET,100000.00,1.08414,USD,2.17 USD,TAKER,4a092442-e5c2-4f3e-9cd4-40123d3c4abb,2025-03-10 23:05:00+00:00,2025-03-10 23:05:00+00:00,{},False
O-20250311-071500-001-V2-928,BACKTESTER-001,MLSignalStrategyV2-V2,EUR/USD.IDEALPRO,IDEALPRO-1-928,IDEALPRO-001,IDEALPRO-1-138408,EUR/USD.IDEALPRO-MLSignalStrategyV2-V2,BUY,MARKET,100000.00,1.08722,USD,2.17 USD,TAKER,0db72c41-ef15-4964-9d04-32a762f91de7,2025-03-11 07:15:00+00:00,2025-03-11 07:15:00+00:00,{},False
O-20250311-071500-001-V2-930,BACKTESTER-001,MLSignalStrategyV2-V2,EUR/USD.IDEALPRO,IDEALPRO-1-930,IDEALPRO-001,IDEALPRO-1-138459,EUR/USD.IDEALPRO-MLSignalStrategyV2-V2,SELL,LIMIT,100000.00,1.08866,USD,2.18 USD,MAKER,42618dd0-9dc8-4713-9979-59888d4730ef,2025-03-11 07:40:00+00:00,2025-03-11 07:40:00+00:00,{},False
O-20250311-090000-001-V2-931,BACKTESTER-001,MLSignalStrategyV2-V2,EUR/USD.IDEALPRO,IDEALPRO-1-931,IDEALPRO-001,IDEALPRO-1-138620,EUR/USD.IDEALPRO-MLSignalStrategyV2-V2,SELL,MARKET,100000.00,1.09171,USD,2.18 USD,TAKER,7894f433-43a2-4469-aeff-f51f2a756cff,2025-03-11 09:00:00+00:00,2025-03-11 09:00:00+00:00,{},False
O-20250311-090000-001-V2-933,BACKTESTER-001,MLSignalStrategyV2-V2,EUR/USD.IDEALPRO,IDEALPRO-1-933,IDEALPRO-001,IDEALPRO-1-138657,EUR/USD.IDEALPRO-MLSignalStrategyV2-V2,BUY,LIMIT,100000.00,1.09034,USD,2.18 USD,MAKER,2bd8a22e-e9ec-45c2-9db9-8019ed45b2cc,2025-03-11 09:18:00+00:00,2025-03-11 09:18:00+00:00,{},False
O-20250311-101500-001-V2-934,BACKTESTER-001,MLSignalStrategyV2-V2,EUR/USD.IDEALPRO,IDEALPRO-1-934,IDEALPRO-001,IDEALPRO-1-138772,EUR/USD.IDEALPRO-MLSignalStrategyV2-V2,SELL,MARKET,100000.00,1.08953,USD,2.18 USD,TAKER,1336e02e-a7a9-4858-999c-f98aaded4e2b,2025-03-11 10:15:00+00:00,2025-03-11 10:15:00+00:00,{},False
O-20250311-101500-001-V2-936,BACKTESTER-001,MLSignalStrategyV2-V2,EUR/USD.IDEALPRO,IDEALPRO-1-936,IDEALPRO-001,IDEALPRO-1-138875,EUR/USD.IDEALPRO-MLSignalStrategyV2-V2,BUY,LIMIT,100000.00,1.08814,USD,2.18 USD,MAKER,9973706c-79a1-4018-84a4-e540cfb7cbc9,2025-03-11 11:06:00+00:00,2025-03-11 11:06:00+00:00,{},False
O-20250311-111500-001-V2-937,BACKTESTER-001,MLSignalStrategyV2-V2,EUR/USD.IDEALPRO,IDEALPRO-1-937,IDEALPRO-001,IDEALPRO-1-138895,EUR/USD.IDEALPRO-MLSignalStrategyV2-V2,BUY,MARKET,100000.00,1.08862,USD,2.18 USD,TAKER,4ac18c24-6774-43e4-92aa-23521cfa4d0a,2025-03-11 11:15:00+00:00,2025-03-11 11:15:00+00:00,{},False
O-20250311-111500-001-V2-939,BACKTESTER-001,MLSignalStrategyV2-V2,EUR/USD.IDEALPRO,IDEALPRO-1-939,IDEALPRO-001,IDEALPRO-1-138959,EUR/USD.IDEALPRO-MLSignalStrategyV2-V2,SELL,LIMIT,100000.00,1.08996,USD,2.18 USD,MAKER,a334cd15-c43b-49ca-b03f-3d07fa1e757e,2025-03-11 11:47:00+00:00,2025-03-11 11:47:00+00:00,{},False
O-20250311-160000-001-V2-940,BACKTESTER-001,MLSignalStrategyV2-V2,EUR/USD.IDEALPRO,IDEALPRO-1-940,IDEALPRO-001,IDEALPRO-1-139466,EUR/USD.IDEALPRO-MLSignalStrategyV2-V2,BUY,MARKET,100000.00,1.09272,USD,2.19 USD,TAKER,f18f0e33-5c74-40f1-97b0-070c9b81fc54,2025-03-11 16:00:00+00:00,2025-03-11 16:00:00+00:00,{},False
O-20250311-160000-001-V2-942,BACKTESTER-001,MLSignalStrategyV2-V2,EUR/USD.IDEALPRO,IDEALPRO-1-942,IDEALPRO-001,IDEALPRO-1-139709,EUR/USD.IDEALPRO-MLSignalStrategyV2-V2,SELL,LIMIT,100000.00,1.09388,USD,2.19 USD,MAKER,d7062ae3-5f50-48e3-a4cb-908fec7f556e,2025-03-11 18:01:00+00:00,2025-03-11 18:01:00+00:00,{},False
O-20250311-223000-001-V2-943,BACKTESTER-001,MLSignalStrategyV2-V2,EUR/USD.IDEALPRO,IDEALPRO-1-943,IDEALPRO-001,IDEALPRO-1-140218,EUR/USD.IDEALPRO-MLSignalStrategyV2-V2,SELL,MARKET,100000.00,1.09153,USD,2.18 USD,TAKER,4ef8ced2-4651-445e-8e5a-f0f9ffb1e665,2025-03-11 22:30:00+00:00,2025-03-11 22:30:00+00:00,{},False
O-20250311-223000-001-V2-945,BACKTESTER-001,MLSignalStrategyV2-V2,EUR/USD.IDEALPRO,IDEALPRO-1-945,IDEALPRO-001,IDEALPRO-1-140477,EUR/USD.IDEALPRO-MLSignalStrategyV2-V2,BUY,LIMIT,100000.00,1.09093,USD,2.18 USD,MAKER,961e6718-d218-452d-b12a-46d1459ca489,2025-03-12 00:39:00+00:00,2025-03-12 00:39:00+00:00,{},False
O-20250312-020000-001-V2-946,BACKTESTER-001,MLSignalStrategyV2-V2,EUR/USD.IDEALPRO,IDEALPRO-1-946,IDEALPRO-001,IDEALPRO-1-140640,EUR/USD.IDEALPRO-MLSignalStrategyV2-V2,SELL,MARKET,100000.00,1.09063,USD,2.18 USD,TAKER,0e497634-3acf-48fd-81b5-89fed2a81c4f,2025-03-12 02:00:00+00:00,2025-03-12 02:00:00+00:00,{},False
O-20250312-020000-001-V2-948,BACKTESTER-001,MLSignalStrategyV2-V2,EUR/USD.IDEALPRO,IDEALPRO-1-948,IDEALPRO-001,IDEALPRO-1-140785,EUR/USD.IDEALPRO-MLSignalStrategyV2-V2,BUY,LIMIT,100000.00,1.09018,USD,2.18 USD,MAKER,b2b503cd-5e32-45d2-9b2d-45487058b5a4,2025-03-12 03:12:00+00:00,2025-03-12 03:12:00+00:00,{},False
O-20250312-031500-001-V2-949,BACKTESTER-001,MLSignalStrategyV2-V2,EUR/USD.IDEALPRO,IDEALPRO-1-949,IDEALPRO-001,IDEALPRO-1-140793,EUR/USD.IDEALPRO-MLSignalStrategyV2-V2,SELL,MARKET,100000.00,1.09020,USD,2.18 USD,TAKER,8265e870-3ef9-4ee6-ae97-8dffc1937179,2025-03-12 03:15:00+00:00,2025-03-12 03:15:00+00:00,{},False
O-20250312-031500-001-V2-951,BACKTESTER-001,MLSignalStrategyV2-V2,EUR/USD.IDEALPRO,IDEALPRO-1-951,IDEALPRO-001,IDEALPRO-1-140811,EUR/USD.IDEALPRO-MLSignalStrategyV2-V2,BUY,LIMIT,100000.00,1.08976,USD,2.18 USD,MAKER,39777fc1-71c6-4861-8d90-1364bd6848f8,2025-03-12 03:24:00+00:00,2025-03-12 03:24:00+00:00,{},False
O-20250312-043000-001-V2-952,BACKTESTER-001,MLSignalStrategyV2-V2,EUR/USD.IDEALPRO,IDEALPRO-1-952,IDEALPRO-001,IDEALPRO-1-140945,EUR/USD.IDEALPRO-MLSignalStrategyV2-V2,SELL,MARKET,100000.00,1.09017,USD,2.18 USD,TAKER,099960dc-e9d9-42b5-8b99-889b0bce9295,2025-03-12 04:30:00+00:00,2025-03-12 04:30:00+00:00,{},False
O-20250312-043000-001-V2-954,BACKTESTER-001,MLSignalStrategyV2-V2,EUR/USD.IDEALPRO,IDEALPRO-1-954,IDEALPRO-001,IDEALPRO-1-141005,EUR/USD.IDEALPRO-MLSignalStrategyV2-V2,BUY,LIMIT,100000.00,1.08973,USD,2.18 USD,MAKER,ebda1814-53f4-4785-a217-5d52b19de73a,2025-03-12 05:00:00+00:00,2025-03-12 05:00:00+00:00,{},False
O-20250312-054500-001-V2-955,BACKTESTER-001,MLSignalStrategyV2-V2,EUR/USD.IDEALPRO,IDEALPRO-1-955,IDEALPRO-001,IDEALPRO-1-141096,EUR/USD.IDEALPRO-MLSignalStrategyV2-V2,SELL,MARKET,100000.00,1.09014,USD,2.18 USD,TAKER,b989f752-07fc-469e-8215-a15d01aee91e,2025-03-12 05:45:00+00:00,2025-03-12 05:45:00+00:00,{},False
O-20250312-054500-001-V2-956,BACKTESTER-001,MLSignalStrategyV2-V2,EUR/USD.IDEALPRO,IDEALPRO-1-956,IDEALPRO-001,IDEALPRO-1-141145,EUR/USD.IDEALPRO-MLSignalStrategyV2-V2,BUY,STOP_MARKET,100000.00,1.09072,USD,2.18 USD,TAKER,d9ff404d-302a-4750-a3cf-b8283ef15d1e,2025-03-12 06:09:00+00:00,2025-03-12 06:09:00+00:00,{},False
O-20250312-073000-001-V2-958,BACKTESTER-001,MLSignalStrategyV2-V2,EUR/USD.IDEALPRO,IDEALPRO-1-958,IDEALPRO-001,IDEALPRO-1-141308,EUR/USD.IDEALPRO-MLSignalStrategyV2-V2,BUY,MARKET,100000.00,1.08950,USD,2.18 USD,TAKER,79723f08-0248-4321-a713-870617a021da,2025-03-12 07:30:00+00:00,2025-03-12 07:30:00+00:00,{},False
O-20250312-073000-001-V2-960,BACKTESTER-001,MLSignalStrategyV2-V2,EUR/USD.IDEALPRO,IDEALPRO-1-960,IDEALPRO-001,IDEALPRO-1-141335,EUR/USD.IDEALPRO-MLSignalStrategyV2-V2,SELL,LIMIT,100000.00,1.09022,USD,2.18 USD,MAKER,db0a073b-86ac-4df8-804a-6f5491710310,2025-03-12 07:43:00+00:00,2025-03-12 07:43:00+00:00,{},False
O-20250312-074500-001-V2-961,BACKTESTER-001,MLSignalStrategyV2-V2,EUR/USD.IDEALPRO,IDEALPRO-1-961,IDEALPRO-001,IDEALPRO-1-141340,EUR/USD.IDEALPRO-MLSignalStrategyV2-V2,BUY,MARKET,100000.00,1.08998,USD,2.18 USD,TAKER,015dbabb-c31d-4f7f-ae0e-89fad1b1377c,2025-03-12 07:45:00+00:00,2025-03-12 07:45:00+00:00,{},False
O-20250312-074500-001-V2-962,BACKTESTER-001,MLSignalStrategyV2-V2,EUR/USD.IDEALPRO,IDEALPRO-1-962,IDEALPRO-001,IDEALPRO-1-141351,EUR/USD.IDEALPRO-MLSignalStrategyV2-V2,SELL,STOP_MARKET,100000.00,1.08914,USD,2.18 USD,TAKER,432592c0-6396-4f0e-83df-e34656e8d8b3,2025-03-12 07:50:00+00:00,2025-03-12 07:50:00+00:00,{},False
O-20250313-003000-001-V2-964,BACKTESTER-001,MLSignalStrategyV2-V2,EUR/USD.IDEALPRO,IDEALPRO-1-964,IDEALPRO-001,IDEALPRO-1-143323,EUR/USD.IDEALPRO-MLSignalStrategyV2-V2,SELL,MARKET,100000.00,1.08851,USD,2.18 USD,TAKER,2039386b-b0b5-4ae8-b332-0b1ed4140b3d,2025-03-13 00:30:00+00:00,2025-03-13 00:30:00+00:00,{},False
O-20250313-003000-001-V2-965,BACKTESTER-001,MLSignalStrategyV2-V2,EUR/USD.IDEALPRO,IDEALPRO-1-965,IDEALPRO-001,IDEALPRO-1-143365,EUR/USD.IDEALPRO-MLSignalStrategyV2-V2,BUY,STOP_MARKET,100000.00,1.08899,USD,2.18 USD,TAKER,056e2553-a27c-44b0-b67e-9c202eccec00,2025-03-13 00:51:00+00:00,2025-03-13 00:51:00+00:00,{},False
O-20250313-031500-001-V2-967,BACKTESTER-001,MLSignalStrategyV2-V2,EUR/USD.IDEALPRO,IDEALPRO-1-967,IDEALPRO-001,IDEALPRO-1-143654,EUR/USD.IDEALPRO-MLSignalStrategyV2-V2,SELL,MARKET,100000.00,1.08889,USD,2.18 USD,TAKER,9b3a2bbc-5f0c-489b-9ddc-bb158e49186c,2025-03-13 03:15:00+00:00,2025-03-13 03:15:00+00:00,{},False
O-20250313-031500-001-V2-969,BACKTESTER-001,MLSignalStrategyV2-V2,EUR/USD.IDEALPRO,IDEALPRO-1-969,IDEALPRO-001,IDEALPRO-1-143747,EUR/USD.IDEALPRO-MLSignalStrategyV2-V2,BUY,LIMIT,100000.00,1.08831,USD,2.18 USD,MAKER,2ed85737-a6de-46d4-9d2c-fb7f0ffd61cf,2025-03-13 04:01:00+00:00,2025-03-13 04:01:00+00:00,{},False
O-20250313-043000-001-V2-970,BACKTESTER-001,MLSignalStrategyV2-V2,EUR/USD.IDEALPRO,IDEALPRO-1-970,IDEALPRO-001,IDEALPRO-1-143806,EUR/USD.IDEALPRO-MLSignalStrategyV2-V2,BUY,MARKET,100000.00,1.08897,USD,2.18 USD,TAKER,783a51c6-e8cf-4e7e-ad24-3eab288e77ea,2025-03-13 04:30:00+00:00,2025-03-13 04:30:00+00:00,{},False
O-20250313-043000-001-V2-971,BACKTESTER-001,MLSignalStrategyV2-V2,EUR/USD.IDEALPRO,IDEALPRO-1-971,IDEALPRO-001,IDEALPRO-1-143905,EUR/USD.IDEALPRO-MLSignalStrategyV2-V2,SELL,STOP_MARKET,100000.00,1.08819,USD,2.18 USD,TAKER,ccbc802c-df8b-4b40-9d5b-8d02e1b67279,2025-03-13 05:19:00+00:00,2025-03-13 05:19:00+00:00,{},False
O-20250313-090000-001-V2-973,BACKTESTER-001,MLSignalStrategyV2-V2,EUR/USD.IDEALPRO,IDEALPRO-1-973,IDEALPRO-001,IDEALPRO-1-144348,EUR/USD.IDEALPRO-MLSignalStrategyV2-V2,SELL,MARKET,100000.00,1.08734,USD,2.17 USD,TAKER,c13bb102-e45e-47e3-a35d-72997a770eaa,2025-03-13 09:00:00+00:00,2025-03-13 09:00:00+00:00,{},False
O-20250313-090000-001-V2-975,BACKTESTER-001,MLSignalStrategyV2-V2,EUR/USD.IDEALPRO,IDEALPRO-1-975,IDEALPRO-001,IDEALPRO-1-144585,EUR/USD.IDEALPRO-MLSignalStrategyV2-V2,BUY,LIMIT,100000.00,1.08624,USD,2.17 USD,MAKER,f22abc17-7c37-4a36-b6e3-afbf4265a7c2,2025-03-13 10:58:00+00:00,2025-03-13 10:58:00+00:00,{},False
O-20250313-120000-001-V2-976,BACKTESTER-001,MLSignalStrategyV2-V2,EUR/USD.IDEALPRO,IDEALPRO-1-976,IDEALPRO-001,IDEALPRO-1-144710,EUR/USD.IDEALPRO-MLSignalStrategyV2-V2,BUY,MARKET,100000.00,1.08564,USD,2.17 USD,TAKER,cab7f754-0f67-461b-9438-77df46d177ec,2025-03-13 12:00:00+00:00,2025-03-13 12:00:00+00:00,{},False
O-20250313-120000-001-V2-978,BACKTESTER-001,MLSignalStrategyV2-V2,EUR/USD.IDEALPRO,IDEALPRO-1-978,IDEALPRO-001,IDEALPRO-1-144773,EUR/USD.IDEALPRO-MLSignalStrategyV2-V2,SELL,LIMIT,100000.00,1.08780,USD,2.18 USD,MAKER,38c6b3f6-330c-4371-8dde-92ff402d3257,2025-03-13 12:31:00+00:00,2025-03-13 12:31:00+00:00,{},False
O-20250313-124500-001-V2-979,BACKTESTER-001,MLSignalStrategyV2-V2,EUR/USD.IDEALPRO,IDEALPRO-1-979,IDEALPRO-001,IDEALPRO-1-144802,EUR/USD.IDEALPRO-MLSignalStrategyV2-V2,BUY,MARKET,100000.00,1.08390,USD,2.17 USD,TAKER,2299684b-a458-4301-9b0a-5fa57448ced3,2025-03-13 12:45:00+00:00,2025-03-13 12:45:00+00:00,{},False
O-20250313-124500-001-V2-980,BACKTESTER-001,MLSignalStrategyV2-V2,EUR/USD.IDEALPRO,IDEALPRO-1-980,IDEALPRO-001,IDEALPRO-1-144869,EUR/USD.IDEALPRO-MLSignalStrategyV2-V2,SELL,STOP_MARKET,100000.00,1.08225,USD,2.16 USD,TAKER,2a2987aa-04db-4d1f-a74c-a956b9407417,2025-03-13 13:18:00+00:00,2025-03-13 13:18:00+00:00,{},False
O-20250313-140000-001-V2-982,BACKTESTER-001,MLSignalStrategyV2-V2,EUR/USD.IDEALPRO,IDEALPRO-1-982,IDEALPRO-001,IDEALPRO-1-144954,EUR/USD.IDEALPRO-MLSignalStrategyV2-V2,BUY,MARKET,100000.00,1.08475,USD,2.17 USD,TAKER,d7ae1684-9606-4b22-bec7-ab87e292cd85,2025-03-13 14:00:00+00:00,2025-03-13 14:00:00+00:00,{},False
O-20250313-140000-001-V2-984,BACKTESTER-001,MLSignalStrategyV2-V2,EUR/USD.IDEALPRO,IDEALPRO-1-984,IDEALPRO-001,IDEALPRO-1-144983,EUR/USD.IDEALPRO-MLSignalStrategyV2-V2,SELL,LIMIT,100000.00,1.08628,USD,2.17 USD,MAKER,aeac15ce-81a8-482d-9b42-dd8aaeab9573,2025-03-13 14:14:00+00:00,2025-03-13 14:14:00+00:00,{},False
O-20250313-183000-001-V2-985,BACKTESTER-001,MLSignalStrategyV2-V2,EUR/USD.IDEALPRO,IDEALPRO-1-985,IDEALPRO-001,IDEALPRO-1-145496,EUR/USD.IDEALPRO-MLSignalStrategyV2-V2,BUY,MARKET,100000.00,1.08560,USD,2.17 USD,TAKER,1ce288b4-0b59-4c0a-8232-62888a91c83c,2025-03-13 18:30:00+00:00,2025-03-13 18:30:00+00:00,{},False
O-20250313-183000-001-V2-986,BACKTESTER-001,MLSignalStrategyV2-V2,EUR/USD.IDEALPRO,IDEALPRO-1-986,IDEALPRO-001,IDEALPRO-1-146261,EUR/USD.IDEALPRO-MLSignalStrategyV2-V2,SELL,STOP_MARKET,100000.00,1.08440,USD,2.17 USD,TAKER,0cf85fac-e560-41c2-b86d-d8ea351c71bb,2025-03-14 01:07:00+00:00,2025-03-14 01:07:00+00:00,{},False
O-20250314-011500-001-V2-988,BACKTESTER-001,MLSignalStrategyV2-V2,EUR/USD.IDEALPRO,IDEALPRO-1-988,IDEALPRO-001,IDEALPRO-1-146278,EUR/USD.IDEALPRO-MLSignalStrategyV2-V2,BUY,MARKET,100000.00,1.08456,USD,2.17 USD,TAKER,69525c8e-fa60-485a-aae0-7f296dcfa475,2025-03-14 01:15:00+00:00,2025-03-14 01:15:00+00:00,{},False
O-20250314-011500-001-V2-989,BACKTESTER-001,MLSignalStrategyV2-V2,EUR/USD.IDEALPRO,IDEALPRO-1-989,IDEALPRO-001,IDEALPRO-1-146405,EUR/USD.IDEALPRO-MLSignalStrategyV2-V2,SELL,STOP_MARKET,100000.00,1.08392,USD,2.17 USD,TAKER,5946b5eb-b760-4ec9-8191-40e96cc2bbfc,2025-03-14 02:18:00+00:00,2025-03-14 02:18:00+00:00,{},False
O-20250314-023000-001-V2-991,BACKTESTER-001,MLSignalStrategyV2-V2,EUR/USD.IDEALPRO,IDEALPRO-1-991,IDEALPRO-001,IDEALPRO-1-146430,EUR/USD.IDEALPRO-MLSignalStrategyV2-V2,SELL,MARKET,100000.00,1.08355,USD,2.17 USD,TAKER,2fa72ca9-f01c-43af-b886-723cf86fc66d,2025-03-14 02:30:00+00:00,2025-03-14 02:30:00+00:00,{},False
O-20250314-023000-001-V2-992,BACKTESTER-001,MLSignalStrategyV2-V2,EUR/USD.IDEALPRO,IDEALPRO-1-992,IDEALPRO-001,IDEALPRO-1-146531,EUR/USD.IDEALPRO-MLSignalStrategyV2-V2,BUY,STOP_MARKET,100000.00,1.08429,USD,2.17 USD,TAKER,7db96191-2189-4f58-a9b9-5ae6d0488755,2025-03-14 03:20:00+00:00,2025-03-14 03:20:00+00:00,{},False
O-20250314-034500-001-V2-994,BACKTESTER-001,MLSignalStrategyV2-V2,EUR/USD.IDEALPRO,IDEALPRO-1-994,IDEALPRO-001,IDEALPRO-1-146582,EUR/USD.IDEALPRO-MLSignalStrategyV2-V2,SELL,MARKET,100000.00,1.08444,USD,2.17 USD,TAKER,7798fa51-95d7-47a6-a9fa-4284c392d8a5,2025-03-14 03:45:00+00:00,2025-03-14 03:45:00+00:00,{},False
O-20250314-034500-001-V2-996,BACKTESTER-001,MLSignalStrategyV2-V2,EUR/USD.IDEALPRO,IDEALPRO-1-996,IDEALPRO-001,IDEALPRO-1-146689,EUR/USD.IDEALPRO-MLSignalStrategyV2-V2,BUY,LIMIT,100000.00,1.08396,USD,2.17 USD,MAKER,b1b39ccc-880b-43a8-88b6-7f227c82b1f8,2025-03-14 04:38:00+00:00,2025-03-14 04:38:00+00:00,{},False
O-20250314-070000-001-V2-997,BACKTESTER-001,MLSignalStrategyV2-V2,EUR/USD.IDEALPRO,IDEALPRO-1-997,IDEALPRO-001,IDEALPRO-1-146975,EUR/USD.IDEALPRO-MLSignalStrategyV2-V2,BUY,MARKET,100000.00,1.08387,USD,2.17 USD,TAKER,3c21ddd6-4b5b-445a-bf18-610114e022fa,2025-03-14 07:00:00+00:00,2025-03-14 07:00:00+00:00,{},False
O-20250314-070000-001-V2-999,BACKTESTER-001,MLSignalStrategyV2-V2,EUR/USD.IDEALPRO,IDEALPRO-1-999,IDEALPRO-001,IDEALPRO-1-147003,EUR/USD.IDEALPRO-MLSignalStrategyV2-V2,SELL,LIMIT,100000.00,1.08450,USD,2.17 USD,MAKER,d6f9cbe1-d0b5-4c38-b127-4131ff7c43fa,2025-03-14 07:14:00+00:00,2025-03-14 07:14:00+00:00,{},False
O-20250314-074500-001-V2-1000,BACKTESTER-001,MLSignalStrategyV2-V2,EUR/USD.IDEALPRO,IDEALPRO-1-1000,IDEALPRO-001,IDEALPRO-1-147066,EUR/USD.IDEALPRO-MLSignalStrategyV2-V2,BUY,MARKET,100000.00,1.08313,USD,2.17 USD,TAKER,3c1b9ed3-375e-41ef-a99b-5783b3952eac,2025-03-14 07:45:00+00:00,2025-03-14 07:45:00+00:00,{},False
O-20250314-074500-001-V2-1002,BACKTESTER-001,MLSignalStrategyV2-V2,EUR/USD.IDEALPRO,IDEALPRO-1-1002,IDEALPRO-001,IDEALPRO-1-147089,EUR/USD.IDEALPRO-MLSignalStrategyV2-V2,SELL,LIMIT,100000.00,1.08397,USD,2.17 USD,MAKER,ca650e07-be53-43af-b764-92ee68aee104,2025-03-14 07:56:00+00:00,2025-03-14 07:56:00+00:00,{},False
O-20250314-090000-001-V2-1003,BACKTESTER-001,MLSignalStrategyV2-V2,EUR/USD.IDEALPRO,IDEALPRO-1-1003,IDEALPRO-001,IDEALPRO-1-147218,EUR/USD.IDEALPRO-MLSignalStrategyV2-V2,BUY,MARKET,100000.00,1.08540,USD,2.17 USD,TAKER,554b6c91-9542-406b-90a6-3ca4ebbf5802,2025-03-14 09:00:00+00:00,2025-03-14 09:00:00+00:00,{},False
O-20250314-090000-001-V2-1005,BACKTESTER-001,MLSignalStrategyV2-V2,EUR/USD.IDEALPRO,IDEALPRO-1-1005,IDEALPRO-001,IDEALPRO-1-147353,EUR/USD.IDEALPRO-MLSignalStrategyV2-V2,SELL,LIMIT,100000.00,1.08632,USD,2.17 USD,MAKER,0b0911d6-bbb2-455c-a6f4-2431cd9c7159,2025-03-14 10:07:00+00:00,2025-03-14 10:07:00+00:00,{},False
O-20250314-101500-001-V2-1006,BACKTESTER-001,MLSignalStrategyV2-V2,EUR/USD.IDEALPRO,IDEALPRO-1-1006,IDEALPRO-001,IDEALPRO-1-147371,EUR/USD.IDEALPRO-MLSignalStrategyV2-V2,BUY,MARKET,100000.00,1.08620,USD,2.17 USD,TAKER,3b4b43e7-04f9-48ee-b0ab-baf338453357,2025-03-14 10:15:00+00:00,2025-03-14 10:15:00+00:00,{},False
O-20250314-101500-001-V2-1008,BACKTESTER-001,MLSignalStrategyV2-V2,EUR/USD.IDEALPRO,IDEALPRO-1-1008,IDEALPRO-001,IDEALPRO-1-147389,EUR/USD.IDEALPRO-MLSignalStrategyV2-V2,SELL,LIMIT,100000.00,1.08735,USD,2.17 USD,MAKER,beefd837-0693-4a8e-a3ec-d9d96783a358,2025-03-14 10:24:00+00:00,2025-03-14 10:24:00+00:00,{},False
O-20250314-104500-001-V2-1009,BACKTESTER-001,MLSignalStrategyV2-V2,EUR/USD.IDEALPRO,IDEALPRO-1-1009,IDEALPRO-001,IDEALPRO-1-147432,EUR/USD.IDEALPRO-MLSignalStrategyV2-V2,SELL,MARKET,100000.00,1.08901,USD,2.18 USD,TAKER,c50dc800-4ca4-4fb6-8162-6a5282170570,2025-03-14 10:45:00+00:00,2025-03-14 10:45:00+00:00,{},False
O-20250314-104500-001-V2-1010,BACKTESTER-001,MLSignalStrategyV2-V2,EUR/USD.IDEALPRO,IDEALPRO-1-1010,IDEALPRO-001,IDEALPRO-1-147437,EUR/USD.IDEALPRO-MLSignalStrategyV2-V2,BUY,STOP_MARKET,100000.00,1.09089,USD,2.18 USD,TAKER,d739ce54-ad51-4108-8304-88378bff7085,2025-03-14 10:47:00+00:00,2025-03-14 10:47:00+00:00,{},False
O-20250314-130000-001-V2-1012,BACKTESTER-001,MLSignalStrategyV2-V2,EUR/USD.IDEALPRO,IDEALPRO-1-1012,IDEALPRO-001,IDEALPRO-1-147704,EUR/USD.IDEALPRO-MLSignalStrategyV2-V2,SELL,MARKET,100000.00,1.08947,USD,2.18 USD,TAKER,66092dad-c9d2-4d09-9bd1-f25a4a36f739,2025-03-14 13:00:00+00:00,2025-03-14 13:00:00+00:00,{},False
O-20250314-130000-001-V2-1014,BACKTESTER-001,MLSignalStrategyV2-V2,EUR/USD.IDEALPRO,IDEALPRO-1-1014,IDEALPRO-001,IDEALPRO-1-147801,EUR/USD.IDEALPRO-MLSignalStrategyV2-V2,BUY,LIMIT,100000.00,1.08801,USD,2.18 USD,MAKER,1aa8c73f-6bd6-4d15-98e0-4df0b1d31077,2025-03-14 13:48:00+00:00,2025-03-14 13:48:00+00:00,{},False
O-20250314-161500-001-V2-1015,BACKTESTER-001,MLSignalStrategyV2-V2,EUR/USD.IDEALPRO,IDEALPRO-1-1015,IDEALPRO-001,IDEALPRO-1-148097,EUR/USD.IDEALPRO-MLSignalStrategyV2-V2,SELL,MARKET,100000.00,1.08814,USD,2.18 USD,TAKER,ac41c49a-b3cd-4753-a6a5-8e4f1288a5d6,2025-03-14 16:15:00+00:00,2025-03-14 16:15:00+00:00,{},False
O-20250314-161500-001-V2-1017,BACKTESTER-001,MLSignalStrategyV2-V2,EUR/USD.IDEALPRO,IDEALPRO-1-1017,IDEALPRO-001,IDEALPRO-1-149905,EUR/USD.IDEALPRO-MLSignalStrategyV2-V2,BUY,LIMIT,100000.00,1.08692,USD,2.17 USD,MAKER,507f988a-9fe2-4e25-ae5c-0352ad28ec63,2025-03-17 07:34:00+00:00,2025-03-17 07:34:00+00:00,{},False
O-20250317-081500-001-V2-1018,BACKTESTER-001,MLSignalStrategyV2-V2,EUR/USD.IDEALPRO,IDEALPRO-1-1018,IDEALPRO-001,IDEALPRO-1-149988,EUR/USD.IDEALPRO-MLSignalStrategyV2-V2,BUY,MARKET,100000.00,1.08832,USD,2.18 USD,TAKER,c48a530d-c195-42f8-8dc4-1a616c63e00a,2025-03-17 08:15:00+00:00,2025-03-17 08:15:00+00:00,{},False
O-20250317-081500-001-V2-1020,BACKTESTER-001,MLSignalStrategyV2-V2,EUR/USD.IDEALPRO,IDEALPRO-1-1020,IDEALPRO-001,IDEALPRO-1-150155,EUR/USD.IDEALPRO-MLSignalStrategyV2-V2,SELL,LIMIT,100000.00,1.08906,USD,2.18 USD,MAKER,6f72f2b1-303c-4bf1-8103-c1996bb48dfc,2025-03-17 09:38:00+00:00,2025-03-17 09:38:00+00:00,{},False
O-20250318-081500-001-V2-1021,BACKTESTER-001,MLSignalStrategyV2-V2,EUR/USD.IDEALPRO,IDEALPRO-1-1021,IDEALPRO-001,IDEALPRO-1-152841,EUR/USD.IDEALPRO-MLSignalStrategyV2-V2,SELL,MARKET,100000.00,1.09472,USD,2.19 USD,TAKER,19170717-a0e1-41fa-a857-48a1b4961af3,2025-03-18 08:15:00+00:00,2025-03-18 08:15:00+00:00,{},False
O-20250318-081500-001-V2-1023,BACKTESTER-001,MLSignalStrategyV2-V2,EUR/USD.IDEALPRO,IDEALPRO-1-1023,IDEALPRO-001,IDEALPRO-1-153103,EUR/USD.IDEALPRO-MLSignalStrategyV2-V2,BUY,LIMIT,100000.00,1.09381,USD,2.19 USD,MAKER,5c93b761-024e-4723-a28d-50ca755522c8,2025-03-18 10:26:00+00:00,2025-03-18 10:26:00+00:00,{},False
O-20250318-124500-001-V2-1024,BACKTESTER-001,MLSignalStrategyV2-V2,EUR/USD.IDEALPRO,IDEALPRO-1-1024,IDEALPRO-001,IDEALPRO-1-153382,EUR/USD.IDEALPRO-MLSignalStrategyV2-V2,BUY,MARKET,100000.00,1.09064,USD,2.18 USD,TAKER,52662615-f473-4879-aeee-a3a905a34a3d,2025-03-18 12:45:00+00:00,2025-03-18 12:45:00+00:00,{},False
O-20250318-124500-001-V2-1026,BACKTESTER-001,MLSignalStrategyV2-V2,EUR/USD.IDEALPRO,IDEALPRO-1-1026,IDEALPRO-001,IDEALPRO-1-153421,EUR/USD.IDEALPRO-MLSignalStrategyV2-V2,SELL,LIMIT,100000.00,1.09159,USD,2.18 USD,MAKER,192c0f9f-b378-47d5-a1de-12a9c0bcfb36,2025-03-18 13:04:00+00:00,2025-03-18 13:04:00+00:00,{},False
O-20250318-223000-001-V2-1027,BACKTESTER-001,MLSignalStrategyV2-V2,EUR/USD.IDEALPRO,IDEALPRO-1-1027,IDEALPRO-001,IDEALPRO-1-154525,EUR/USD.IDEALPRO-MLSignalStrategyV2-V2,BUY,MARKET,100000.00,1.09418,USD,2.19 USD,TAKER,c694bf98-4eeb-4298-9b94-ec141333c5e5,2025-03-18 22:30:00+00:00,2025-03-18 22:30:00+00:00,{},False
O-20250318-223000-001-V2-1028,BACKTESTER-001,MLSignalStrategyV2-V2,EUR/USD.IDEALPRO,IDEALPRO-1-1028,IDEALPRO-001,IDEALPRO-1-154715,EUR/USD.IDEALPRO-MLSignalStrategyV2-V2,SELL,STOP_MARKET,100000.00,1.09359,USD,2.19 USD,TAKER,83a88faa-f158-4984-9ad7-b0dfea84e676,2025-03-19 00:05:00+00:00,2025-03-19 00:05:00+00:00,{},False
O-20250319-043000-001-V2-1030,BACKTESTER-001,MLSignalStrategyV2-V2,EUR/USD.IDEALPRO,IDEALPRO-1-1030,IDEALPRO-001,IDEALPRO-1-155247,EUR/USD.IDEALPRO-MLSignalStrategyV2-V2,SELL,MARKET,100000.00,1.09333,USD,2.19 USD,TAKER,033dea26-699f-42d4-b112-591fbb3e1522,2025-03-19 04:30:00+00:00,2025-03-19 04:30:00+00:00,{},False
O-20250319-043000-001-V2-1032,BACKTESTER-001,MLSignalStrategyV2-V2,EUR/USD.IDEALPRO,IDEALPRO-1-1032,IDEALPRO-001,IDEALPRO-1-155295,EUR/USD.IDEALPRO-MLSignalStrategyV2-V2,BUY,LIMIT,100000.00,1.09287,USD,2.19 USD,MAKER,130cbae7-f560-4c26-b7ef-7410333f6f7e,2025-03-19 04:54:00+00:00,2025-03-19 04:54:00+00:00,{},False
O-20250319-050000-001-V2-1033,BACKTESTER-001,MLSignalStrategyV2-V2,EUR/USD.IDEALPRO,IDEALPRO-1-1033,IDEALPRO-001,IDEALPRO-1-155308,EUR/USD.IDEALPRO-MLSignalStrategyV2-V2,SELL,MARKET,100000.00,1.09299,USD,2.19 USD,TAKER,4057ee8e-cd2f-4b8e-811f-26c2fbfc9159,2025-03-19 05:00:00+00:00,2025-03-19 05:00:00+00:00,{},False
O-20250319-050000-001-V2-1034,BACKTESTER-001,MLSignalStrategyV2-V2,EUR/USD.IDEALPRO,IDEALPRO-1-1034,IDEALPRO-001,IDEALPRO-1-155325,EUR/USD.IDEALPRO-MLSignalStrategyV2-V2,BUY,STOP_MARKET,100000.00,1.09349,USD,2.19 USD,TAKER,624c493f-e553-4182-9af3-d3d5a88b1915,2025-03-19 05:08:00+00:00,2025-03-19 05:08:00+00:00,{},False
O-20250319-051500-001-V2-1036,BACKTESTER-001,MLSignalStrategyV2-V2,EUR/USD.IDEALPRO,IDEALPRO-1-1036,IDEALPRO-001,IDEALPRO-1-155340,EUR/USD.IDEALPRO-MLSignalStrategyV2-V2,SELL,MARKET,100000.00,1.09345,USD,2.19 USD,TAKER,131112dc-88a5-416e-945a-572832dc996e,2025-03-19 05:15:00+00:00,2025-03-19 05:15:00+00:00,{},False
O-20250319-051500-001-V2-1038,BACKTESTER-001,MLSignalStrategyV2-V2,EUR/USD.IDEALPRO,IDEALPRO-1-1038,IDEALPRO-001,IDEALPRO-1-155427,EUR/USD.IDEALPRO-MLSignalStrategyV2-V2,BUY,LIMIT,100000.00,1.09304,USD,2.19 USD,MAKER,5a1e5cbb-00c4-4299-a983-324e7c7a062b,2025-03-19 05:58:00+00:00,2025-03-19 05:58:00+00:00,{},False
O-20250319-074500-001-V2-1039,BACKTESTER-001,MLSignalStrategyV2-V2,EUR/USD.IDEALPRO,IDEALPRO-1-1039,IDEALPRO-001,IDEALPRO-1-155642,EUR/USD.IDEALPRO-MLSignalStrategyV2-V2,BUY,MARKET,100000.00,1.08826,USD,2.18 USD,TAKER,c8d4cf90-1069-4d4c-ba8b-91d3bbd75264,2025-03-19 07:45:00+00:00,2025-03-19 07:45:00+00:00,{},False
O-20250319-074500-001-V2-1041,BACKTESTER-001,MLSignalStrategyV2-V2,EUR/USD.IDEALPRO,IDEALPRO-1-1041,IDEALPRO-001,IDEALPRO-1-155657,EUR/USD.IDEALPRO-MLSignalStrategyV2-V2,SELL,LIMIT,100000.00,1.08918,USD,2.18 USD,MAKER,6c087abe-7f7e-42ca-8b38-02093bde50f4,2025-03-19 07:52:00+00:00,2025-03-19 07:52:00+00:00,{},False
O-20250319-080000-001-V2-1042,BACKTESTER-001,MLSignalStrategyV2-V2,EUR/USD.IDEALPRO,IDEALPRO-1-1042,IDEALPRO-001,IDEALPRO-1-155674,EUR/USD.IDEALPRO-MLSignalStrategyV2-V2,BUY,MARKET,100000.00,1.08927,USD,2.18 USD,TAKER,3435293c-df08-4dd7-9421-4a9b32a65e49,2025-03-19 08:00:00+00:00,2025-03-19 08:00:00+00:00,{},False
O-20250319-080000-001-V2-1044,BACKTESTER-001,MLSignalStrategyV2-V2,EUR/USD.IDEALPRO,IDEALPRO-1-1044,IDEALPRO-001,IDEALPRO-1-155681,EUR/USD.IDEALPRO-MLSignalStrategyV2-V2,SELL,LIMIT,100000.00,1.09044,USD,2.18 USD,MAKER,929c3da8-3549-45be-a40d-308096583c1a,2025-03-19 08:03:00+00:00,2025-03-19 08:03:00+00:00,{},False
O-20250319-081500-001-V2-1045,BACKTESTER-001,MLSignalStrategyV2-V2,EUR/USD.IDEALPRO,IDEALPRO-1-1045,IDEALPRO-001,IDEALPRO-1-155706,EUR/USD.IDEALPRO-MLSignalStrategyV2-V2,BUY,MARKET,100000.00,1.08991,USD,2.18 USD,TAKER,2ec2510a-3aad-4220-a903-99bf45606783,2025-03-19 08:15:00+00:00,2025-03-19 08:15:00+00:00,{},False
O-20250319-081500-001-V2-1047,BACKTESTER-001,MLSignalStrategyV2-V2,EUR/USD.IDEALPRO,IDEALPRO-1-1047,IDEALPRO-001,IDEALPRO-1-156151,EUR/USD.IDEALPRO-MLSignalStrategyV2-V2,SELL,LIMIT,100000.00,1.09133,USD,2.18 USD,MAKER,e00cb898-f0e4-4c13-8f3d-8f567de3ab5c,2025-03-19 11:57:00+00:00,2025-03-19 11:57:00+00:00,{},False
O-20250319-160000-001-V2-1048,BACKTESTER-001,MLSignalStrategyV2-V2,EUR/USD.IDEALPRO,IDEALPRO-1-1048,IDEALPRO-001,IDEALPRO-1-156638,EUR/USD.IDEALPRO-MLSignalStrategyV2-V2,BUY,MARKET,100000.00,1.08770,USD,2.18 USD,TAKER,f30742be-3cd3-4166-a592-f023a4b145cc,2025-03-19 16:00:00+00:00,2025-03-19 16:00:00+00:00,{},False
O-20250319-160000-001-V2-1050,BACKTESTER-001,MLSignalStrategyV2-V2,EUR/USD.IDEALPRO,IDEALPRO-1-1050,IDEALPRO-001,IDEALPRO-1-156671,EUR/USD.IDEALPRO-MLSignalStrategyV2-V2,SELL,LIMIT,100000.00,1.08853,USD,2.18 USD,MAKER,3328fa0c-fa52-4a2f-a589-30efc1dd32f3,2025-03-19 16:16:00+00:00,2025-03-19 16:16:00+00:00,{},False
O-20250320-003000-001-V2-1051,BACKTESTER-001,MLSignalStrategyV2-V2,EUR/USD.IDEALPRO,IDEALPRO-1-1051,IDEALPRO-001,IDEALPRO-1-157631,EUR/USD.IDEALPRO-MLSignalStrategyV2-V2,BUY,MARKET,100000.00,1.09084,USD,2.18 USD,TAKER,1e03ad70-a2a5-4123-b26d-6fbeb9c2c111,2025-03-20 00:30:00+00:00,2025-03-20 00:30:00+00:00,{},False
O-20250320-003000-001-V2-1053,BACKTESTER-001,MLSignalStrategyV2-V2,EUR/USD.IDEALPRO,IDEALPRO-1-1053,IDEALPRO-001,IDEALPRO-1-157641,EUR/USD.IDEALPRO-MLSignalStrategyV2-V2,SELL,LIMIT,100000.00,1.09129,USD,2.18 USD,MAKER,072942f7-9e7d-4a82-ad44-02d1271eb0e0,2025-03-20 00:35:00+00:00,2025-03-20 00:35:00+00:00,{},False
O-20250320-004500-001-V2-1054,BACKTESTER-001,MLSignalStrategyV2-V2,EUR/USD.IDEALPRO,IDEALPRO-1-1054,IDEALPRO-001,IDEALPRO-1-157662,EUR/USD.IDEALPRO-MLSignalStrategyV2-V2,BUY,MARKET,100000.00,1.09132,USD,2.18 USD,TAKER,d850ef93-d500-4285-856d-092128affefc,2025-03-20 00:45:00+00:00,2025-03-20 00:45:00+00:00,{},False
O-20250320-004500-001-V2-1055,BACKTESTER-001,MLSignalStrategyV2-V2,EUR/USD.IDEALPRO,IDEALPRO-1-1055,IDEALPRO-001,IDEALPRO-1-157703,EUR/USD.IDEALPRO-MLSignalStrategyV2-V2,SELL,STOP_MARKET,100000.00,1.09068,USD,2.18 USD,TAKER,fd50704a-4eb3-42cf-9748-e33eff55cef2,2025-03-20 01:05:00+00:00,2025-03-20 01:05:00+00:00,{},False
O-20250320-063000-001-V2-1057,BACKTESTER-001,MLSignalStrategyV2-V2,EUR/USD.IDEALPRO,IDEALPRO-1-1057,IDEALPRO-001,IDEALPRO-1-158354,EUR/USD.IDEALPRO-MLSignalStrategyV2-V2,SELL,MARKET,100000.00,1.08938,USD,2.18 USD,TAKER,32c933ec-f7a0-439f-b89e-22a020896833,2025-03-20 06:30:00+00:00,2025-03-20 06:30:00+00:00,{},False
O-20250320-063000-001-V2-1059,BACKTESTER-001,MLSignalStrategyV2-V2,EUR/USD.IDEALPRO,IDEALPRO-1-1059,IDEALPRO-001,IDEALPRO-1-158429,EUR/USD.IDEALPRO-MLSignalStrategyV2-V2,BUY,LIMIT,100000.00,1.08886,USD,2.18 USD,MAKER,8c9206d2-c874-4870-991a-cd8b55adb390,2025-03-20 07:07:00+00:00,2025-03-20 07:07:00+00:00,{},False
O-20250320-093000-001-V2-1060,BACKTESTER-001,MLSignalStrategyV2-V2,EUR/USD.IDEALPRO,IDEALPRO-1-1060,IDEALPRO-001,IDEALPRO-1-158716,EUR/USD.IDEALPRO-MLSignalStrategyV2-V2,BUY,MARKET,100000.00,1.08408,USD,2.17 USD,TAKER,7fc8c113-056c-4c6f-a394-e1a3c59c6542,2025-03-20 09:30:00+00:00,2025-03-20 09:30:00+00:00,{},False
O-20250320-093000-001-V2-1062,BACKTESTER-001,MLSignalStrategyV2-V2,EUR/USD.IDEALPRO,IDEALPRO-1-1062,IDEALPRO-001,IDEALPRO-1-158737,EUR/USD.IDEALPRO-MLSignalStrategyV2-V2,SELL,LIMIT,100000.00,1.08514,USD,2.17 USD,MAKER,d6690e7f-8e1c-4555-a989-f6e707358bd0,2025-03-20 09:40:00+00:00,2025-03-20 09:40:00+00:00,{},False
O-20250320-101500-001-V2-1063,BACKTESTER-001,MLSignalStrategyV2-V2,EUR/USD.IDEALPRO,IDEALPRO-1-1063,IDEALPRO-001,IDEALPRO-1-158808,EUR/USD.IDEALPRO-MLSignalStrategyV2-V2,BUY,MARKET,100000.00,1.08420,USD,2.17 USD,TAKER,a6fee8b3-fa77-4fee-9d47-e61b8cfa87ad,2025-03-20 10:15:00+00:00,2025-03-20 10:15:00+00:00,{},False
O-20250320-101500-001-V2-1065,BACKTESTER-001,MLSignalStrategyV2-V2,EUR/USD.IDEALPRO,IDEALPRO-1-1065,IDEALPRO-001,IDEALPRO-1-159029,EUR/USD.IDEALPRO-MLSignalStrategyV2-V2,SELL,LIMIT,100000.00,1.08550,USD,2.17 USD,MAKER,c3d9e4b8-d1ef-4261-a94f-e9656d930bfd,2025-03-20 12:05:00+00:00,2025-03-20 12:05:00+00:00,{},False
O-20250320-124500-001-V2-1066,BACKTESTER-001,MLSignalStrategyV2-V2,EUR/USD.IDEALPRO,IDEALPRO-1-1066,IDEALPRO-001,IDEALPRO-1-159110,EUR/USD.IDEALPRO-MLSignalStrategyV2-V2,BUY,MARKET,100000.00,1.08400,USD,2.17 USD,TAKER,62467072-964b-44e3-926d-7e29623c552a,2025-03-20 12:45:00+00:00,2025-03-20 12:45:00+00:00,{},False
O-20250320-124500-001-V2-1067,BACKTESTER-001,MLSignalStrategyV2-V2,EUR/USD.IDEALPRO,IDEALPRO-1-1067,IDEALPRO-001,IDEALPRO-1-159183,EUR/USD.IDEALPRO-MLSignalStrategyV2-V2,SELL,STOP_MARKET,100000.00,1.08255,USD,2.17 USD,TAKER,f7d389ed-0178-4087-98d0-5ff301459ba8,2025-03-20 13:21:00+00:00,2025-03-20 13:21:00+00:00,{},False
O-20250320-133000-001-V2-1069,BACKTESTER-001,MLSignalStrategyV2-V2,EUR/USD.IDEALPRO,IDEALPRO-1-1069,IDEALPRO-001,IDEALPRO-1-159202,EUR/USD.IDEALPRO-MLSignalStrategyV2-V2,BUY,MARKET,100000.00,1.08228,USD,2.16 USD,TAKER,10ac0e68-dc55-4d54-9853-f5724335e014,2025-03-20 13:30:00+00:00,2025-03-20 13:30:00+00:00,{},False
O-20250320-133000-001-V2-1071,BACKTESTER-001,MLSignalStrategyV2-V2,EUR/USD.IDEALPRO,IDEALPRO-1-1071,IDEALPRO-001,IDEALPRO-1-159271,EUR/USD.IDEALPRO-MLSignalStrategyV2-V2,SELL,LIMIT,100000.00,1.08335,USD,2.17 USD,MAKER,5d3dc243-4193-4d37-a7fb-10fc6ec95ccd,2025-03-20 14:04:00+00:00,2025-03-20 14:04:00+00:00,{},False
O-20250320-213000-001-V2-1072,BACKTESTER-001,MLSignalStrategyV2-V2,EUR/USD.IDEALPRO,IDEALPRO-1-1072,IDEALPRO-001,IDEALPRO-1-160134,EUR/USD.IDEALPRO-MLSignalStrategyV2-V2,BUY,MARKET,100000.00,1.08558,USD,2.17 USD,TAKER,c740c9a0-776c-42bf-85e8-db4f4e2ecd76,2025-03-20 21:30:00+00:00,2025-03-20 21:30:00+00:00,{},False
O-20250320-213000-001-V2-1073,BACKTESTER-001,MLSignalStrategyV2-V2,EUR/USD.IDEALPRO,IDEALPRO-1-1073,IDEALPRO-001,IDEALPRO-1-160561,EUR/USD.IDEALPRO-MLSignalStrategyV2-V2,SELL,STOP_MARKET,100000.00,1.08500,USD,2.17 USD,TAKER,5987d419-c523-4050-9082-28c8cec32b17,2025-03-21 01:03:00+00:00,2025-03-21 01:03:00+00:00,{},False
O-20250321-011500-001-V2-1075,BACKTESTER-001,MLSignalStrategyV2-V2,EUR/USD.IDEALPRO,IDEALPRO-1-1075,IDEALPRO-001,IDEALPRO-1-160587,EUR/USD.IDEALPRO-MLSignalStrategyV2-V2,BUY,MARKET,100000.00,1.08514,USD,2.17 USD,TAKER,b9a60196-729b-4d11-bc3a-f2556bfcebc1,2025-03-21 01:15:00+00:00,2025-03-21 01:15:00+00:00,{},False
O-20250321-011500-001-V2-1077,BACKTESTER-001,MLSignalStrategyV2-V2,EUR/USD.IDEALPRO,IDEALPRO-1-1077,IDEALPRO-001,IDEALPRO-1-160603,EUR/USD.IDEALPRO-MLSignalStrategyV2-V2,SELL,LIMIT,100000.00,1.08552,USD,2.17 USD,MAKER,a34431ee-4e80-4b98-887a-993eb56b023f,2025-03-21 01:23:00+00:00,2025-03-21 01:23:00+00:00,{},False
O-20250321-030000-001-V2-1078,BACKTESTER-001,MLSignalStrategyV2-V2,EUR/USD.IDEALPRO,IDEALPRO-1-1078,IDEALPRO-001,IDEALPRO-1-160798,EUR/USD.IDEALPRO-MLSignalStrategyV2-V2,BUY,MARKET,100000.00,1.08443,USD,2.17 USD,TAKER,33148696-266f-4b3d-80df-0c6905cff3a2,2025-03-21 03:00:00+00:00,2025-03-21 03:00:00+00:00,{},False
O-20250321-030000-001-V2-1079,BACKTESTER-001,MLSignalStrategyV2-V2,EUR/USD.IDEALPRO,IDEALPRO-1-1079,IDEALPRO-001,IDEALPRO-1-160865,EUR/USD.IDEALPRO-MLSignalStrategyV2-V2,SELL,STOP_MARKET,100000.00,1.08378,USD,2.17 USD,TAKER,486b4aee-d35d-46af-823f-fe9402325640,2025-03-21 03:33:00+00:00,2025-03-21 03:33:00+00:00,{},False
O-20250321-034500-001-V2-1081,BACKTESTER-001,MLSignalStrategyV2-V2,EUR/USD.IDEALPRO,IDEALPRO-1-1081,IDEALPRO-001,IDEALPRO-1-160890,EUR/USD.IDEALPRO-MLSignalStrategyV2-V2,SELL,MARKET,100000.00,1.08359,USD,2.17 USD,TAKER,6008584b-e666-4c51-a063-7eac4ab9c983,2025-03-21 03:45:00+00:00,2025-03-21 03:45:00+00:00,{},False
O-20250321-034500-001-V2-1083,BACKTESTER-001,MLSignalStrategyV2-V2,EUR/USD.IDEALPRO,IDEALPRO-1-1083,IDEALPRO-001,IDEALPRO-1-160959,EUR/USD.IDEALPRO-MLSignalStrategyV2-V2,BUY,LIMIT,100000.00,1.08309,USD,2.17 USD,MAKER,eee681fa-4b11-4760-aed0-aac22646a8ba,2025-03-21 04:19:00+00:00,2025-03-21 04:19:00+00:00,{},False
O-20250321-050000-001-V2-1084,BACKTESTER-001,MLSignalStrategyV2-V2,EUR/USD.IDEALPRO,IDEALPRO-1-1084,IDEALPRO-001,IDEALPRO-1-161042,EUR/USD.IDEALPRO-MLSignalStrategyV2-V2,BUY,MARKET,100000.00,1.08303,USD,2.17 USD,TAKER,d58c570a-9f00-42d5-8615-88c68ba1d5b3,2025-03-21 05:00:00+00:00,2025-03-21 05:00:00+00:00,{},False
O-20250321-050000-001-V2-1085,BACKTESTER-001,MLSignalStrategyV2-V2,EUR/USD.IDEALPRO,IDEALPRO-1-1085,IDEALPRO-001,IDEALPRO-1-161101,EUR/USD.IDEALPRO-MLSignalStrategyV2-V2,SELL,STOP_MARKET,100000.00,1.08251,USD,2.17 USD,TAKER,b8ab9943-27f6-41ee-9c9a-cf4a1d615aa8,2025-03-21 05:29:00+00:00,2025-03-21 05:29:00+00:00,{},False
O-20250321-053000-001-V2-1087,BACKTESTER-001,MLSignalStrategyV2-V2,EUR/USD.IDEALPRO,IDEALPRO-1-1087,IDEALPRO-001,IDEALPRO-1-161104,EUR/USD.IDEALPRO-MLSignalStrategyV2-V2,BUY,MARKET,100000.00,1.08251,USD,2.17 USD,TAKER,7857e178-7713-4053-b0fd-cd64916ce358,2025-03-21 05:30:00+00:00,2025-03-21 05:30:00+00:00,{},False
O-20250321-053000-001-V2-1088,BACKTESTER-001,MLSignalStrategyV2-V2,EUR/USD.IDEALPRO,IDEALPRO-1-1088,IDEALPRO-001,IDEALPRO-1-161133,EUR/USD.IDEALPRO-MLSignalStrategyV2-V2,SELL,STOP_MARKET,100000.00,1.08201,USD,2.16 USD,TAKER,a64c0ff9-6a7a-44b1-8c33-3e38011de048,2025-03-21 05:44:00+00:00,2025-03-21 05:44:00+00:00,{},False
O-20250321-054500-001-V2-1090,BACKTESTER-001,MLSignalStrategyV2-V2,EUR/USD.IDEALPRO,IDEALPRO-1-1090,IDEALPRO-001,IDEALPRO-1-161136,EUR/USD.IDEALPRO-MLSignalStrategyV2-V2,BUY,MARKET,100000.00,1.08203,USD,2.16 USD,TAKER,85ad0e26-762b-4ea8-9c84-8ed978d392f9,2025-03-21 05:45:00+00:00,2025-03-21 05:45:00+00:00,{},False
O-20250321-054500-001-V2-1092,BACKTESTER-001,MLSignalStrategyV2-V2,EUR/USD.IDEALPRO,IDEALPRO-1-1092,IDEALPRO-001,IDEALPRO-1-161157,EUR/USD.IDEALPRO-MLSignalStrategyV2-V2,SELL,LIMIT,100000.00,1.08251,USD,2.17 USD,MAKER,4856912d-32f6-4808-8578-50a90f0aa813,2025-03-21 05:55:00+00:00,2025-03-21 05:55:00+00:00,{},False
O-20250321-201500-001-V2-1093,BACKTESTER-001,MLSignalStrategyV2-V2,EUR/USD.IDEALPRO,IDEALPRO-1-1093,IDEALPRO-001,IDEALPRO-1-162878,EUR/USD.IDEALPRO-MLSignalStrategyV2-V2,BUY,MARKET,100000.00,1.08169,USD,2.16 USD,TAKER,eef95521-94f0-4f3d-966c-72ec678a79c4,2025-03-21 20:15:00+00:00,2025-03-21 20:15:00+00:00,{},False
O-20250321-201500-001-V2-1095,BACKTESTER-001,MLSignalStrategyV2-V2,EUR/USD.IDEALPRO,IDEALPRO-1-1095,IDEALPRO-001,IDEALPRO-1-163061,EUR/USD.IDEALPRO-MLSignalStrategyV2-V2,SELL,LIMIT,100000.00,1.08264,USD,2.17 USD,MAKER,5bf5d8a5-4e53-41ae-bb98-ebdbe8c04a55,2025-03-23 22:01:00+00:00,2025-03-23 22:01:00+00:00,{},False
O-20250323-221500-001-V2-1096,BACKTESTER-001,MLSignalStrategyV2-V2,EUR/USD.IDEALPRO,IDEALPRO-1-1096,IDEALPRO-001,IDEALPRO-1-163090,EUR/USD.IDEALPRO-MLSignalStrategyV2-V2,BUY,MARKET,100000.00,1.08179,USD,2.16 USD,TAKER,abe40c16-baec-4ed1-9918-5e48e6f3a900,2025-03-23 22:15:00+00:00,2025-03-23 22:15:00+00:00,{},False
O-20250323-221500-001-V2-1098,BACKTESTER-001,MLSignalStrategyV2-V2,EUR/USD.IDEALPRO,IDEALPRO-1-1098,IDEALPRO-001,IDEALPRO-1-163205,EUR/USD.IDEALPRO-MLSignalStrategyV2-V2,SELL,LIMIT,100000.00,1.08233,USD,2.16 USD,MAKER,5b830687-eb49-4d6e-90a1-174cd5b182e4,2025-03-23 23:12:00+00:00,2025-03-23 23:12:00+00:00,{},False
O-20250323-233000-001-V2-1099,BACKTESTER-001,MLSignalStrategyV2-V2,EUR/USD.IDEALPRO,IDEALPRO-1-1099,IDEALPRO-001,IDEALPRO-1-163243,EUR/USD.IDEALPRO-MLSignalStrategyV2-V2,BUY,MARKET,100000.00,1.08244,USD,2.16 USD,TAKER,116f5633-95d5-4861-9fc2-19a714644b78,2025-03-23 23:30:00+00:00,2025-03-23 23:30:00+00:00,{},False
O-20250323-233000-001-V2-1101,BACKTESTER-001,MLSignalStrategyV2-V2,EUR/USD.IDEALPRO,IDEALPRO-1-1101,IDEALPRO-001,IDEALPRO-1-163273,EUR/USD.IDEALPRO-MLSignalStrategyV2-V2,SELL,LIMIT,100000.00,1.08294,USD,2.17 USD,MAKER,3ad15c63-4529-47ca-b6a1-05dddfb2abc4,2025-03-23 23:45:00+00:00,2025-03-23 23:45:00+00:00,{},False
O-20250323-234500-001-V2-1102,BACKTESTER-001,MLSignalStrategyV2-V2,EUR/USD.IDEALPRO,IDEALPRO-1-1102,IDEALPRO-001,IDEALPRO-1-163274,EUR/USD.IDEALPRO-MLSignalStrategyV2-V2,BUY,MARKET,100000.00,1.08293,USD,2.17 USD,TAKER,65c48e51-d59b-4297-b348-8b11d0b2e8e5,2025-03-23 23:45:00+00:00,2025-03-23 23:45:00+00:00,{},False
O-20250323-234500-001-V2-1104,BACKTESTER-001,MLSignalStrategyV2-V2,EUR/USD.IDEALPRO,IDEALPRO-1-1104,IDEALPRO-001,IDEALPRO-1-163295,EUR/USD.IDEALPRO-MLSignalStrategyV2-V2,SELL,LIMIT,100000.00,1.08360,USD,2.17 USD,MAKER,7c40e964-9cad-4433-83c8-17e2a1805640,2025-03-23 23:55:00+00:00,2025-03-23 23:55:00+00:00,{},False
O-20250324-084500-001-V2-1105,BACKTESTER-001,MLSignalStrategyV2-V2,EUR/USD.IDEALPRO,IDEALPRO-1-1105,IDEALPRO-001,IDEALPRO-1-164356,EUR/USD.IDEALPRO-MLSignalStrategyV2-V2,SELL,MARKET,100000.00,1.08473,USD,2.17 USD,TAKER,f0c3d6a4-5110-495f-bed0-f2279199848b,2025-03-24 08:45:00+00:00,2025-03-24 08:45:00+00:00,{},False
O-20250324-084500-001-V2-1107,BACKTESTER-001,MLSignalStrategyV2-V2,EUR/USD.IDEALPRO,IDEALPRO-1-1107,IDEALPRO-001,IDEALPRO-1-164397,EUR/USD.IDEALPRO-MLSignalStrategyV2-V2,BUY,LIMIT,100000.00,1.08366,USD,2.17 USD,MAKER,f3a47cf2-4783-4820-b3fc-e2a853132721,2025-03-24 09:05:00+00:00,2025-03-24 09:05:00+00:00,{},False
O-20250324-100000-001-V2-1108,BACKTESTER-001,MLSignalStrategyV2-V2,EUR/USD.IDEALPRO,IDEALPRO-1-1108,IDEALPRO-001,IDEALPRO-1-164508,EUR/USD.IDEALPRO-MLSignalStrategyV2-V2,SELL,MARKET,100000.00,1.08394,USD,2.17 USD,TAKER,07c9f899-fcb6-4229-9e19-554c0050b371,2025-03-24 10:00:00+00:00,2025-03-24 10:00:00+00:00,{},False
O-20250324-100000-001-V2-1109,BACKTESTER-001,MLSignalStrategyV2-V2,EUR/USD.IDEALPRO,IDEALPRO-1-1109,IDEALPRO-001,IDEALPRO-1-164569,EUR/USD.IDEALPRO-MLSignalStrategyV2-V2,BUY,STOP_MARKET,100000.00,1.08523,USD,2.17 USD,TAKER,51791c0f-ca3c-4150-86f5-1bd9aded04ba,2025-03-24 10:30:00+00:00,2025-03-24 10:30:00+00:00,{},False
O-20250324-120000-001-V2-1111,BACKTESTER-001,MLSignalStrategyV2-V2,EUR/USD.IDEALPRO,IDEALPRO-1-1111,IDEALPRO-001,IDEALPRO-1-164750,EUR/USD.IDEALPRO-MLSignalStrategyV2-V2,SELL,MARKET,100000.00,1.08325,USD,2.17 USD,TAKER,d89bf210-2c64-46a8-8a09-5c1a0a5647ed,2025-03-24 12:00:00+00:00,2025-03-24 12:00:00+00:00,{},False
O-20250324-120000-001-V2-1113,BACKTESTER-001,MLSignalStrategyV2-V2,EUR/USD.IDEALPRO,IDEALPRO-1-1113,IDEALPRO-001,IDEALPRO-1-164787,EUR/USD.IDEALPRO-MLSignalStrategyV2-V2,BUY,LIMIT,100000.00,1.08228,USD,2.16 USD,MAKER,4ac62dae-88fe-477b-b0c9-2de2115b529b,2025-03-24 12:18:00+00:00,2025-03-24 12:18:00+00:00,{},False
O-20250324-140000-001-V2-1114,BACKTESTER-001,MLSignalStrategyV2-V2,EUR/USD.IDEALPRO,IDEALPRO-1-1114,IDEALPRO-001,IDEALPRO-1-164992,EUR/USD.IDEALPRO-MLSignalStrategyV2-V2,BUY,MARKET,100000.00,1.07934,USD,2.16 USD,TAKER,4f85e4ee-0371-43af-8f24-8c95122a87f0,2025-03-24 14:00:00+00:00,2025-03-24 14:00:00+00:00,{},False
O-20250324-140000-001-V2-1116,BACKTESTER-001,MLSignalStrategyV2-V2,EUR/USD.IDEALPRO,IDEALPRO-1-1116,IDEALPRO-001,IDEALPRO-1-165019,EUR/USD.IDEALPRO-MLSignalStrategyV2-V2,SELL,LIMIT,100000.00,1.08054,USD,2.16 USD,MAKER,8466af8a-f9a2-4ba7-aaf5-4dc33d7c0006,2025-03-24 14:13:00+00:00,2025-03-24 14:13:00+00:00,{},False
O-20250324-170000-001-V2-1117,BACKTESTER-001,MLSignalStrategyV2-V2,EUR/USD.IDEALPRO,IDEALPRO-1-1117,IDEALPRO-001,IDEALPRO-1-165354,EUR/USD.IDEALPRO-MLSignalStrategyV2-V2,BUY,MARKET,100000.00,1.07919,USD,2.16 USD,TAKER,a251c5b2-540b-453a-a9fb-9186e87f3fc4,2025-03-24 17:00:00+00:00,2025-03-24 17:00:00+00:00,{},False
O-20250324-170000-001-V2-1119,BACKTESTER-001,MLSignalStrategyV2-V2,EUR/USD.IDEALPRO,IDEALPRO-1-1119,IDEALPRO-001,IDEALPRO-1-165557,EUR/USD.IDEALPRO-MLSignalStrategyV2-V2,SELL,LIMIT,100000.00,1.08125,USD,2.16 USD,MAKER,ade706e4-9908-4979-b16f-a68a1169dcf0,2025-03-24 18:41:00+00:00,2025-03-24 18:41:00+00:00,{},False
O-20250324-220000-001-V2-1120,BACKTESTER-001,MLSignalStrategyV2-V2,EUR/USD.IDEALPRO,IDEALPRO-1-1120,IDEALPRO-001,IDEALPRO-1-165926,EUR/USD.IDEALPRO-MLSignalStrategyV2-V2,BUY,MARKET,100000.00,1.08007,USD,2.16 USD,TAKER,f26c09b2-9183-469c-83a3-f05ada39823f,2025-03-24 22:00:00+00:00,2025-03-24 22:00:00+00:00,{},False
O-20250324-220000-001-V2-1122,BACKTESTER-001,MLSignalStrategyV2-V2,EUR/USD.IDEALPRO,IDEALPRO-1-1122,IDEALPRO-001,IDEALPRO-1-166321,EUR/USD.IDEALPRO-MLSignalStrategyV2-V2,SELL,LIMIT,100000.00,1.08062,USD,2.16 USD,MAKER,727840cd-f530-4bad-b756-ac8ff89da5db,2025-03-25 01:17:00+00:00,2025-03-25 01:17:00+00:00,{},False
O-20250325-013000-001-V2-1123,BACKTESTER-001,MLSignalStrategyV2-V2,EUR/USD.IDEALPRO,IDEALPRO-1-1123,IDEALPRO-001,IDEALPRO-1-166349,EUR/USD.IDEALPRO-MLSignalStrategyV2-V2,SELL,MARKET,100000.00,1.08044,USD,2.16 USD,TAKER,4dbf72a7-887f-4601-aacd-baed7947b561,2025-03-25 01:30:00+00:00,2025-03-25 01:30:00+00:00,{},False
O-20250325-013000-001-V2-1125,BACKTESTER-001,MLSignalStrategyV2-V2,EUR/USD.IDEALPRO,IDEALPRO-1-1125,IDEALPRO-001,IDEALPRO-1-166455,EUR/USD.IDEALPRO-MLSignalStrategyV2-V2,BUY,LIMIT,100000.00,1.08001,USD,2.16 USD,MAKER,d30af4db-466b-4afe-b791-106343502b28,2025-03-25 02:23:00+00:00,2025-03-25 02:23:00+00:00,{},False
O-20250325-024500-001-V2-1126,BACKTESTER-001,MLSignalStrategyV2-V2,EUR/USD.IDEALPRO,IDEALPRO-1-1126,IDEALPRO-001,IDEALPRO-1-166501,EUR/USD.IDEALPRO-MLSignalStrategyV2-V2,SELL,MARKET,100000.00,1.07991,USD,2.16 USD,TAKER,8436463f-d0a9-4174-9266-1ba9bab81109,2025-03-25 02:45:00+00:00,2025-03-25 02:45:00+00:00,{},False
O-20250325-024500-001-V2-1128,BACKTESTER-001,MLSignalStrategyV2-V2,EUR/USD.IDEALPRO,IDEALPRO-1-1128,IDEALPRO-001,IDEALPRO-1-166515,EUR/USD.IDEALPRO-MLSignalStrategyV2-V2,BUY,LIMIT,100000.00,1.07943,USD,2.16 USD,MAKER,80b36ca5-ab8b-46cd-b0d7-dbbb23676063,2025-03-25 02:52:00+00:00,2025-03-25 02:52:00+00:00,{},False
O-20250325-041500-001-V2-1129,BACKTESTER-001,MLSignalStrategyV2-V2,EUR/USD.IDEALPRO,IDEALPRO-1-1129,IDEALPRO-001,IDEALPRO-1-166682,EUR/USD.IDEALPRO-MLSignalStrategyV2-V2,SELL,MARKET,100000.00,1.08054,USD,2.16 USD,TAKER,53f546b0-dd62-4dc6-b612-db2c7d6a2164,2025-03-25 04:15:00+00:00,2025-03-25 04:15:00+00:00,{},False
O-20250325-041500-001-V2-1131,BACKTESTER-001,MLSignalStrategyV2-V2,EUR/USD.IDEALPRO,IDEALPRO-1-1131,IDEALPRO-001,IDEALPRO-1-166888,EUR/USD.IDEALPRO-MLSignalStrategyV2-V2,BUY,LIMIT,100000.00,1.08013,USD,2.16 USD,MAKER,36797e51-3839-48ea-b570-9cf2e45325c5,2025-03-25 05:57:00+00:00,2025-03-25 05:57:00+00:00,{},False
O-20250325-070000-001-V2-1132,BACKTESTER-001,MLSignalStrategyV2-V2,EUR/USD.IDEALPRO,IDEALPRO-1-1132,IDEALPRO-001,IDEALPRO-1-167014,EUR/USD.IDEALPRO-MLSignalStrategyV2-V2,SELL,MARKET,100000.00,1.07946,USD,2.16 USD,TAKER,f41881aa-d42d-4b72-810d-e837f0a4ff78,2025-03-25 07:00:00+00:00,2025-03-25 07:00:00+00:00,{},False
O-20250325-070000-001-V2-1133,BACKTESTER-001,MLSignalStrategyV2-V2,EUR/USD.IDEALPRO,IDEALPRO-1-1133,IDEALPRO-001,IDEALPRO-1-167035,EUR/USD.IDEALPRO-MLSignalStrategyV2-V2,BUY,STOP_MARKET,100000.00,1.08004,USD,2.16 USD,TAKER,553a04d0-962c-4ef2-8417-78cccb45f433,2025-03-25 07:10:00+00:00,2025-03-25 07:10:00+00:00,{},False
O-20250325-080000-001-V2-1135,BACKTESTER-001,MLSignalStrategyV2-V2,EUR/USD.IDEALPRO,IDEALPRO-1-1135,IDEALPRO-001,IDEALPRO-1-167137,EUR/USD.IDEALPRO-MLSignalStrategyV2-V2,BUY,MARKET,100000.00,1.07874,USD,2.16 USD,TAKER,701c10b7-87dc-4a27-8726-531c28cba46d,2025-03-25 08:00:00+00:00,2025-03-25 08:00:00+00:00,{},False
O-20250325-080000-001-V2-1136,BACKTESTER-001,MLSignalStrategyV2-V2,EUR/USD.IDEALPRO,IDEALPRO-1-1136,IDEALPRO-001,IDEALPRO-1-167169,EUR/USD.IDEALPRO-MLSignalStrategyV2-V2,SELL,STOP_MARKET,100000.00,1.07782,USD,2.16 USD,TAKER,d2f15fc9-65fc-49ff-b547-4a429bfcc38d,2025-03-25 08:16:00+00:00,2025-03-25 08:16:00+00:00,{},False
O-20250325-103000-001-V2-1138,BACKTESTER-001,MLSignalStrategyV2-V2,EUR/USD.IDEALPRO,IDEALPRO-1-1138,IDEALPRO-001,IDEALPRO-1-167438,EUR/USD.IDEALPRO-MLSignalStrategyV2-V2,BUY,MARKET,100000.00,1.08171,USD,2.16 USD,TAKER,b7590a18-4a44-46e8-846d-8c3c154afa60,2025-03-25 10:30:00+00:00,2025-03-25 10:30:00+00:00,{},False
O-20250325-103000-001-V2-1140,BACKTESTER-001,MLSignalStrategyV2-V2,EUR/USD.IDEALPRO,IDEALPRO-1-1140,IDEALPRO-001,IDEALPRO-1-167565,EUR/USD.IDEALPRO-MLSignalStrategyV2-V2,SELL,LIMIT,100000.00,1.08254,USD,2.17 USD,MAKER,00e54af3-16ac-40ef-a678-bb283b43f482,2025-03-25 11:33:00+00:00,2025-03-25 11:33:00+00:00,{},False
O-20250325-201500-001-V2-1141,BACKTESTER-001,MLSignalStrategyV2-V2,EUR/USD.IDEALPRO,IDEALPRO-1-1141,IDEALPRO-001,IDEALPRO-1-168610,EUR/USD.IDEALPRO-MLSignalStrategyV2-V2,BUY,MARKET,100000.00,1.07925,USD,2.16 USD,TAKER,b3939cda-e887-45f8-8029-75f85839163b,2025-03-25 20:15:00+00:00,2025-03-25 20:15:00+00:00,{},False
O-20250325-201500-001-V2-1142,BACKTESTER-001,MLSignalStrategyV2-V2,EUR/USD.IDEALPRO,IDEALPRO-1-1142,IDEALPRO-001,IDEALPRO-1-169129,EUR/USD.IDEALPRO-MLSignalStrategyV2-V2,SELL,STOP_MARKET,100000.00,1.07845,USD,2.16 USD,TAKER,c5c25de9-4f22-45cc-9c2f-a1fc58187ca7,2025-03-26 00:49:00+00:00,2025-03-26 00:49:00+00:00,{},False
O-20250326-044500-001-V2-1144,BACKTESTER-001,MLSignalStrategyV2-V2,EUR/USD.IDEALPRO,IDEALPRO-1-1144,IDEALPRO-001,IDEALPRO-1-169602,EUR/USD.IDEALPRO-MLSignalStrategyV2-V2,BUY,MARKET,100000.00,1.07818,USD,2.16 USD,TAKER,85de3cbf-2f23-4d7e-9add-0b4bcd413b28,2025-03-26 04:45:00+00:00,2025-03-26 04:45:00+00:00,{},False
O-20250326-044500-001-V2-1146,BACKTESTER-001,MLSignalStrategyV2-V2,EUR/USD.IDEALPRO,IDEALPRO-1-1146,IDEALPRO-001,IDEALPRO-1-169709,EUR/USD.IDEALPRO-MLSignalStrategyV2-V2,SELL,LIMIT,100000.00,1.07861,USD,2.16 USD,MAKER,53c0c230-bd45-427a-b17e-564f4be15300,2025-03-26 05:38:00+00:00,2025-03-26 05:38:00+00:00,{},False
O-20250326-143000-001-V2-1147,BACKTESTER-001,MLSignalStrategyV2-V2,EUR/USD.IDEALPRO,IDEALPRO-1-1147,IDEALPRO-001,IDEALPRO-1-170775,EUR/USD.IDEALPRO-MLSignalStrategyV2-V2,BUY,MARKET,100000.00,1.07929,USD,2.16 USD,TAKER,86242bae-7d9b-4492-bd64-94697466d4e3,2025-03-26 14:30:00+00:00,2025-03-26 14:30:00+00:00,{},False
O-20250326-143000-001-V2-1148,BACKTESTER-001,MLSignalStrategyV2-V2,EUR/USD.IDEALPRO,IDEALPRO-1-1148,IDEALPRO-001,IDEALPRO-1-170933,EUR/USD.IDEALPRO-MLSignalStrategyV2-V2,SELL,STOP_MARKET,100000.00,1.07812,USD,2.16 USD,TAKER,4417cba0-5958-42da-8fc3-a2060d755598,2025-03-26 15:49:00+00:00,2025-03-26 15:49:00+00:00,{},False
O-20250326-213000-001-V2-1150,BACKTESTER-001,MLSignalStrategyV2-V2,EUR/USD.IDEALPRO,IDEALPRO-1-1150,IDEALPRO-001,IDEALPRO-1-171586,EUR/USD.IDEALPRO-MLSignalStrategyV2-V2,BUY,MARKET,100000.00,1.07387,USD,2.15 USD,TAKER,f33f9288-abfa-4ed9-a8d8-9d3513bc1f56,2025-03-26 21:30:00+00:00,2025-03-26 21:30:00+00:00,{},False
O-20250326-213000-001-V2-1152,BACKTESTER-001,MLSignalStrategyV2-V2,EUR/USD.IDEALPRO,IDEALPRO-1-1152,IDEALPRO-001,IDEALPRO-1-171899,EUR/USD.IDEALPRO-MLSignalStrategyV2-V2,SELL,LIMIT,100000.00,1.07466,USD,2.15 USD,MAKER,3814669d-833c-4e3a-872d-e82cc0dbe527,2025-03-27 00:06:00+00:00,2025-03-27 00:06:00+00:00,{},False
O-20250327-004500-001-V2-1153,BACKTESTER-001,MLSignalStrategyV2-V2,EUR/USD.IDEALPRO,IDEALPRO-1-1153,IDEALPRO-001,IDEALPRO-1-171978,EUR/USD.IDEALPRO-MLSignalStrategyV2-V2,BUY,MARKET,100000.00,1.07499,USD,2.15 USD,TAKER,d843e578-77ac-4732-9ede-a69abf2e5b9d,2025-03-27 00:45:00+00:00,2025-03-27 00:45:00+00:00,{},False
O-20250327-004500-001-V2-1155,BACKTESTER-001,MLSignalStrategyV2-V2,EUR/USD.IDEALPRO,IDEALPRO-1-1155,IDEALPRO-001,IDEALPRO-1-171999,EUR/USD.IDEALPRO-MLSignalStrategyV2-V2,SELL,LIMIT,100000.00,1.07559,USD,2.15 USD,MAKER,2cb7a4ee-3c99-468e-9a7b-ef8b1c300602,2025-03-27 00:55:00+00:00,2025-03-27 00:55:00+00:00,{},False
O-20250327-030000-001-V2-1156,BACKTESTER-001,MLSignalStrategyV2-V2,EUR/USD.IDEALPRO,IDEALPRO-1-1156,IDEALPRO-001,IDEALPRO-1-172250,EUR/USD.IDEALPRO-MLSignalStrategyV2-V2,SELL,MARKET,100000.00,1.07760,USD,2.16 USD,TAKER,f2298593-8f83-40d0-892e-868fdc9bc295,2025-03-27 03:00:00+00:00,2025-03-27 03:00:00+00:00,{},False
O-20250327-030000-001-V2-1157,BACKTESTER-001,MLSignalStrategyV2-V2,EUR/USD.IDEALPRO,IDEALPRO-1-1157,IDEALPRO-001,IDEALPRO-1-172385,EUR/USD.IDEALPRO-MLSignalStrategyV2-V2,BUY,STOP_MARKET,100000.00,1.07845,USD,2.16 USD,TAKER,20f28776-d4bc-4a5a-9d87-6697895841ec,2025-03-27 04:07:00+00:00,2025-03-27 04:07:00+00:00,{},False
O-20250327-043000-001-V2-1159,BACKTESTER-001,MLSignalStrategyV2-V2,EUR/USD.IDEALPRO,IDEALPRO-1-1159,IDEALPRO-001,IDEALPRO-1-172433,EUR/USD.IDEALPRO-MLSignalStrategyV2-V2,SELL,MARKET,100000.00,1.07858,USD,2.16 USD,TAKER,4b3762bc-34c0-4997-a0fa-94be07be0b1f,2025-03-27 04:30:00+00:00,2025-03-27 04:30:00+00:00,{},False
O-20250327-043000-001-V2-1161,BACKTESTER-001,MLSignalStrategyV2-V2,EUR/USD.IDEALPRO,IDEALPRO-1-1161,IDEALPRO-001,IDEALPRO-1-172465,EUR/USD.IDEALPRO-MLSignalStrategyV2-V2,BUY,LIMIT,100000.00,1.07804,USD,2.16 USD,MAKER,e1609b52-83ce-4e38-a249-24a5b796d810,2025-03-27 04:46:00+00:00,2025-03-27 04:46:00+00:00,{},False
O-20250327-184500-001-V2-1162,BACKTESTER-001,MLSignalStrategyV2-V2,EUR/USD.IDEALPRO,IDEALPRO-1-1162,IDEALPRO-001,IDEALPRO-1-174145,EUR/USD.IDEALPRO-MLSignalStrategyV2-V2,SELL,MARKET,100000.00,1.07947,USD,2.16 USD,TAKER,20fae34a-26d1-4b0f-8bc8-61d05c1ad4e9,2025-03-27 18:45:00+00:00,2025-03-27 18:45:00+00:00,{},False
O-20250327-184500-001-V2-1164,BACKTESTER-001,MLSignalStrategyV2-V2,EUR/USD.IDEALPRO,IDEALPRO-1-1164,IDEALPRO-001,IDEALPRO-1-175267,EUR/USD.IDEALPRO-MLSignalStrategyV2-V2,BUY,LIMIT,100000.00,1.07863,USD,2.16 USD,MAKER,f037b29b-a683-4eee-b164-bb7070d993d5,2025-03-28 04:21:00+00:00,2025-03-28 04:21:00+00:00,{},False
O-20250328-043000-001-V2-1165,BACKTESTER-001,MLSignalStrategyV2-V2,EUR/USD.IDEALPRO,IDEALPRO-1-1165,IDEALPRO-001,IDEALPRO-1-175286,EUR/USD.IDEALPRO-MLSignalStrategyV2-V2,BUY,MARKET,100000.00,1.07870,USD,2.16 USD,TAKER,1d9f8474-cd6c-43e3-bf99-9d9e4d913f33,2025-03-28 04:30:00+00:00,2025-03-28 04:30:00+00:00,{},False
O-20250328-043000-001-V2-1167,BACKTESTER-001,MLSignalStrategyV2-V2,EUR/USD.IDEALPRO,IDEALPRO-1-1167,IDEALPRO-001,IDEALPRO-1-175459,EUR/USD.IDEALPRO-MLSignalStrategyV2-V2,SELL,LIMIT,100000.00,1.07913,USD,2.16 USD,MAKER,f76c24f6-5c3e-4248-9fd9-ae9f8ee48244,2025-03-28 05:56:00+00:00,2025-03-28 05:56:00+00:00,{},False
O-20250328-070000-001-V2-1168,BACKTESTER-001,MLSignalStrategyV2-V2,EUR/USD.IDEALPRO,IDEALPRO-1-1168,IDEALPRO-001,IDEALPRO-1-175589,EUR/USD.IDEALPRO-MLSignalStrategyV2-V2,BUY,MARKET,100000.00,1.07851,USD,2.16 USD,TAKER,6ff6ebd3-e131-4cb6-8214-60bf1e6b4c11,2025-03-28 07:00:00+00:00,2025-03-28 07:00:00+00:00,{},False
O-20250328-070000-001-V2-1170,BACKTESTER-001,MLSignalStrategyV2-V2,EUR/USD.IDEALPRO,IDEALPRO-1-1170,IDEALPRO-001,IDEALPRO-1-175615,EUR/USD.IDEALPRO-MLSignalStrategyV2-V2,SELL,LIMIT,100000.00,1.07897,USD,2.16 USD,MAKER,9054d792-6469-4bcf-b525-3d2dd4f3d92c,2025-03-28 07:13:00+00:00,2025-03-28 07:13:00+00:00,{},False
O-20250328-090000-001-V2-1171,BACKTESTER-001,MLSignalStrategyV2-V2,EUR/USD.IDEALPRO,IDEALPRO-1-1171,IDEALPRO-001,IDEALPRO-1-175830,EUR/USD.IDEALPRO-MLSignalStrategyV2-V2,SELL,MARKET,100000.00,1.07783,USD,2.16 USD,TAKER,a28ec567-0507-456a-95e4-c96853ef3496,2025-03-28 09:00:00+00:00,2025-03-28 09:00:00+00:00,{},False
O-20250328-090000-001-V2-1173,BACKTESTER-001,MLSignalStrategyV2-V2,EUR/USD.IDEALPRO,IDEALPRO-1-1173,IDEALPRO-001,IDEALPRO-1-175875,EUR/USD.IDEALPRO-MLSignalStrategyV2-V2,BUY,LIMIT,100000.00,1.07701,USD,2.15 USD,MAKER,51ccf20f-1d5f-4739-8d0d-52116ed59305,2025-03-28 09:22:00+00:00,2025-03-28 09:22:00+00:00,{},False
O-20250328-100000-001-V2-1174,BACKTESTER-001,MLSignalStrategyV2-V2,EUR/USD.IDEALPRO,IDEALPRO-1-1174,IDEALPRO-001,IDEALPRO-1-175952,EUR/USD.IDEALPRO-MLSignalStrategyV2-V2,BUY,MARKET,100000.00,1.07738,USD,2.15 USD,TAKER,2aa5aae9-024d-4e7a-b893-623bc9b683f7,2025-03-28 10:00:00+00:00,2025-03-28 10:00:00+00:00,{},False
O-20250328-100000-001-V2-1176,BACKTESTER-001,MLSignalStrategyV2-V2,EUR/USD.IDEALPRO,IDEALPRO-1-1176,IDEALPRO-001,IDEALPRO-1-176285,EUR/USD.IDEALPRO-MLSignalStrategyV2-V2,SELL,LIMIT,100000.00,1.07825,USD,2.16 USD,MAKER,9827fc3f-d967-4ff4-bfd3-01ab38d12688,2025-03-28 12:46:00+00:00,2025-03-28 12:46:00+00:00,{},False
O-20250328-150000-001-V2-1177,BACKTESTER-001,MLSignalStrategyV2-V2,EUR/USD.IDEALPRO,IDEALPRO-1-1177,IDEALPRO-001,IDEALPRO-1-176554,EUR/USD.IDEALPRO-MLSignalStrategyV2-V2,SELL,MARKET,100000.00,1.08231,USD,2.16 USD,TAKER,8c4b55ec-1a33-4c60-932f-a9ad30617165,2025-03-28 15:00:00+00:00,2025-03-28 15:00:00+00:00,{},False
O-20250328-150000-001-V2-1178,BACKTESTER-001,MLSignalStrategyV2-V2,EUR/USD.IDEALPRO,IDEALPRO-1-1178,IDEALPRO-001,IDEALPRO-1-176597,EUR/USD.IDEALPRO-MLSignalStrategyV2-V2,BUY,STOP_MARKET,100000.00,1.08380,USD,2.17 USD,TAKER,435e2d4f-1970-48ea-9f97-28b8e55f55cb,2025-03-28 15:21:00+00:00,2025-03-28 15:21:00+00:00,{},False
O-20250328-153000-001-V2-1180,BACKTESTER-001,MLSignalStrategyV2-V2,EUR/USD.IDEALPRO,IDEALPRO-1-1180,IDEALPRO-001,IDEALPRO-1-176616,EUR/USD.IDEALPRO-MLSignalStrategyV2-V2,SELL,MARKET,100000.00,1.08408,USD,2.17 USD,TAKER,cdb3947f-8fc9-4355-87cb-4f983a89cbd2,2025-03-28 15:30:00+00:00,2025-03-28 15:30:00+00:00,{},False
O-20250328-153000-001-V2-1182,BACKTESTER-001,MLSignalStrategyV2-V2,EUR/USD.IDEALPRO,IDEALPRO-1-1182,IDEALPRO-001,IDEALPRO-1-176657,EUR/USD.IDEALPRO-MLSignalStrategyV2-V2,BUY,LIMIT,100000.00,1.08279,USD,2.17 USD,MAKER,2e3761a4-72eb-456f-b4fe-b8c74cd9882b,2025-03-28 15:50:00+00:00,2025-03-28 15:50:00+00:00,{},False
O-20250328-160000-001-V2-1183,BACKTESTER-001,MLSignalStrategyV2-V2,EUR/USD.IDEALPRO,IDEALPRO-1-1183,IDEALPRO-001,IDEALPRO-1-176678,EUR/USD.IDEALPRO-MLSignalStrategyV2-V2,SELL,MARKET,100000.00,1.08251,USD,2.17 USD,TAKER,fd920e95-fac5-42a5-be29-85587b7717ab,2025-03-28 16:00:00+00:00,2025-03-28 16:00:00+00:00,{},False
O-20250328-160000-001-V2-1185,BACKTESTER-001,MLSignalStrategyV2-V2,EUR/USD.IDEALPRO,IDEALPRO-1-1185,IDEALPRO-001,IDEALPRO-1-176843,EUR/USD.IDEALPRO-MLSignalStrategyV2-V2,BUY,LIMIT,100000.00,1.08122,USD,2.16 USD,MAKER,58c9ec5e-b7aa-40d7-b21a-53f03913fe69,2025-03-28 17:22:00+00:00,2025-03-28 17:22:00+00:00,{},False
O-20250328-200000-001-V2-1186,BACKTESTER-001,MLSignalStrategyV2-V2,EUR/USD.IDEALPRO,IDEALPRO-1-1186,IDEALPRO-001,IDEALPRO-1-177160,EUR/USD.IDEALPRO-MLSignalStrategyV2-V2,BUY,MARKET,100000.00,1.08257,USD,2.17 USD,TAKER,41e1ccb2-d102-479c-bc6a-820e8d8f0f93,2025-03-28 20:00:00+00:00,2025-03-28 20:00:00+00:00,{},False
O-20250328-200000-001-V2-1188,BACKTESTER-001,MLSignalStrategyV2-V2,EUR/USD.IDEALPRO,IDEALPRO-1-1188,IDEALPRO-001,IDEALPRO-1-177217,EUR/USD.IDEALPRO-MLSignalStrategyV2-V2,SELL,LIMIT,100000.00,1.08322,USD,2.17 USD,MAKER,f53fe816-b76e-45d3-965f-4544e50c603f,2025-03-28 20:28:00+00:00,2025-03-28 20:28:00+00:00,{},False
O-20250330-221500-001-V2-1189,BACKTESTER-001,MLSignalStrategyV2-V2,EUR/USD.IDEALPRO,IDEALPRO-1-1189,IDEALPRO-001,IDEALPRO-1-177402,EUR/USD.IDEALPRO-MLSignalStrategyV2-V2,BUY,MARKET,100000.00,1.08092,USD,2.16 USD,TAKER,24b21ea2-b32a-4b09-b9ad-fb22a852f073,2025-03-30 22:15:00+00:00,2025-03-30 22:15:00+00:00,{},False
O-20250330-221500-001-V2-1191,BACKTESTER-001,MLSignalStrategyV2-V2,EUR/USD.IDEALPRO,IDEALPRO-1-1191,IDEALPRO-001,IDEALPRO-1-177437,EUR/USD.IDEALPRO-MLSignalStrategyV2-V2,SELL,LIMIT,100000.00,1.08162,USD,2.16 USD,MAKER,1eb21d22-3dbc-4e26-bbc2-e6ce4148b0ee,2025-03-30 22:32:00+00:00,2025-03-30 22:32:00+00:00,{},False
O-20250330-224500-001-V2-1192,BACKTESTER-001,MLSignalStrategyV2-V2,EUR/USD.IDEALPRO,IDEALPRO-1-1192,IDEALPRO-001,IDEALPRO-1-177464,EUR/USD.IDEALPRO-MLSignalStrategyV2-V2,BUY,MARKET,100000.00,1.08209,USD,2.16 USD,TAKER,2db57656-054b-415b-bdc5-227d5caa1634,2025-03-30 22:45:00+00:00,2025-03-30 22:45:00+00:00,{},False
O-20250330-224500-001-V2-1194,BACKTESTER-001,MLSignalStrategyV2-V2,EUR/USD.IDEALPRO,IDEALPRO-1-1194,IDEALPRO-001,IDEALPRO-1-177513,EUR/USD.IDEALPRO-MLSignalStrategyV2-V2,SELL,LIMIT,100000.00,1.08294,USD,2.17 USD,MAKER,b9be08b5-ab52-4e25-895f-16a21a93ab96,2025-03-30 23:09:00+00:00,2025-03-30 23:09:00+00:00,{},False
O-20250330-233000-001-V2-1195,BACKTESTER-001,MLSignalStrategyV2-V2,EUR/USD.IDEALPRO,IDEALPRO-1-1195,IDEALPRO-001,IDEALPRO-1-177556,EUR/USD.IDEALPRO-MLSignalStrategyV2-V2,BUY,MARKET,100000.00,1.08123,USD,2.16 USD,TAKER,9c8bfb18-4e0c-4b1e-9abc-592e02bddb32,2025-03-30 23:30:00+00:00,2025-03-30 23:30:00+00:00,{},False
O-20250330-233000-001-V2-1197,BACKTESTER-001,MLSignalStrategyV2-V2,EUR/USD.IDEALPRO,IDEALPRO-1-1197,IDEALPRO-001,IDEALPRO-1-177579,EUR/USD.IDEALPRO-MLSignalStrategyV2-V2,SELL,LIMIT,100000.00,1.08201,USD,2.16 USD,MAKER,4772e140-cd21-4147-9518-6a13c56ba398,2025-03-30 23:41:00+00:00,2025-03-30 23:41:00+00:00,{},False
O-20250330-234500-001-V2-1198,BACKTESTER-001,MLSignalStrategyV2-V2,EUR/USD.IDEALPRO,IDEALPRO-1-1198,IDEALPRO-001,IDEALPRO-1-177588,EUR/USD.IDEALPRO-MLSignalStrategyV2-V2,BUY,MARKET,100000.00,1.08227,USD,2.16 USD,TAKER,2b726d2b-60c2-4e62-8413-127a280df2e9,2025-03-30 23:45:00+00:00,2025-03-30 23:45:00+00:00,{},False
O-20250330-234500-001-V2-1200,BACKTESTER-001,MLSignalStrategyV2-V2,EUR/USD.IDEALPRO,IDEALPRO-1-1200,IDEALPRO-001,IDEALPRO-1-177655,EUR/USD.IDEALPRO-MLSignalStrategyV2-V2,SELL,LIMIT,100000.00,1.08315,USD,2.17 USD,MAKER,5da997f8-93aa-4d98-84d6-66dbd8d91fa0,2025-03-31 00:18:00+00:00,2025-03-31 00:18:00+00:00,{},False
O-20250331-080000-001-V2-1201,BACKTESTER-001,MLSignalStrategyV2-V2,EUR/USD.IDEALPRO,IDEALPRO-1-1201,IDEALPRO-001,IDEALPRO-1-178581,EUR/USD.IDEALPRO-MLSignalStrategyV2-V2,BUY,MARKET,100000.00,1.08320,USD,2.17 USD,TAKER,31204be4-0587-4998-817b-4e6baedc23f7,2025-03-31 08:00:00+00:00,2025-03-31 08:00:00+00:00,{},False
O-20250331-080000-001-V2-1202,BACKTESTER-001,MLSignalStrategyV2-V2,EUR/USD.IDEALPRO,IDEALPRO-1-1202,IDEALPRO-001,IDEALPRO-1-178603,EUR/USD.IDEALPRO-MLSignalStrategyV2-V2,SELL,STOP_MARKET,100000.00,1.08194,USD,2.16 USD,TAKER,d6129f9a-8a0a-4425-854a-1e9be56388aa,2025-03-31 08:11:00+00:00,2025-03-31 08:11:00+00:00,{},False
O-20250331-100000-001-V2-1204,BACKTESTER-001,MLSignalStrategyV2-V2,EUR/USD.IDEALPRO,IDEALPRO-1-1204,IDEALPRO-001,IDEALPRO-1-178822,EUR/USD.IDEALPRO-MLSignalStrategyV2-V2,BUY,MARKET,100000.00,1.08163,USD,2.16 USD,TAKER,f0a1a932-f0dd-4c42-a508-e98106d4cd2b,2025-03-31 10:00:00+00:00,2025-03-31 10:00:00+00:00,{},False
O-20250331-100000-001-V2-1205,BACKTESTER-001,MLSignalStrategyV2-V2,EUR/USD.IDEALPRO,IDEALPRO-1-1205,IDEALPRO-001,IDEALPRO-1-178869,EUR/USD.IDEALPRO-MLSignalStrategyV2-V2,SELL,STOP_MARKET,100000.00,1.08055,USD,2.16 USD,TAKER,2fa0d56c-939d-4916-b522-b441846b7f6a,2025-03-31 10:23:00+00:00,2025-03-31 10:23:00+00:00,{},False
O-20250331-104500-001-V2-1207,BACKTESTER-001,MLSignalStrategyV2-V2,EUR/USD.IDEALPRO,IDEALPRO-1-1207,IDEALPRO-001,IDEALPRO-1-178914,EUR/USD.IDEALPRO-MLSignalStrategyV2-V2,BUY,MARKET,100000.00,1.08118,USD,2.16 USD,TAKER,f34e2f59-1a52-42ad-93cc-2ce0e72d3a6c,2025-03-31 10:45:00+00:00,2025-03-31 10:45:00+00:00,{},False
O-20250331-104500-001-V2-1209,BACKTESTER-001,MLSignalStrategyV2-V2,EUR/USD.IDEALPRO,IDEALPRO-1-1209,IDEALPRO-001,IDEALPRO-1-178949,EUR/USD.IDEALPRO-MLSignalStrategyV2-V2,SELL,LIMIT,100000.00,1.08214,USD,2.16 USD,MAKER,887f3e18-ce73-44e2-bed7-b3e83d5660cc,2025-03-31 11:02:00+00:00,2025-03-31 11:02:00+00:00,{},False
O-20250331-200000-001-V2-1210,BACKTESTER-001,MLSignalStrategyV2-V2,EUR/USD.IDEALPRO,IDEALPRO-1-1210,IDEALPRO-001,IDEALPRO-1-180026,EUR/USD.IDEALPRO-MLSignalStrategyV2-V2,BUY,MARKET,100000.00,1.08142,USD,2.16 USD,TAKER,4e63cdb2-dc4c-4226-acc4-00e0bdb1a30a,2025-03-31 20:00:00+00:00,2025-03-31 20:00:00+00:00,{},False
O-20250331-200000-001-V2-1212,BACKTESTER-001,MLSignalStrategyV2-V2,EUR/USD.IDEALPRO,IDEALPRO-1-1212,IDEALPRO-001,IDEALPRO-1-180505,EUR/USD.IDEALPRO-MLSignalStrategyV2-V2,SELL,LIMIT,100000.00,1.08236,USD,2.16 USD,MAKER,4707a08e-a27f-4e40-9e11-1a4043dea83e,2025-04-01 00:14:00+00:00,2025-04-01 00:14:00+00:00,{},False
O-20250401-090000-001-V2-1213,BACKTESTER-001,MLSignalStrategyV2-V2,EUR/USD.IDEALPRO,IDEALPRO-1-1213,IDEALPRO-001,IDEALPRO-1-181559,EUR/USD.IDEALPRO-MLSignalStrategyV2-V2,SELL,MARKET,100000.00,1.08178,USD,2.16 USD,TAKER,fd5fe2c0-eea8-4e6d-80fa-3de20e8b6a7d,2025-04-01 09:00:00+00:00,2025-04-01 09:00:00+00:00,{},False
O-20250401-090000-001-V2-1214,BACKTESTER-001,MLSignalStrategyV2-V2,EUR/USD.IDEALPRO,IDEALPRO-1-1214,IDEALPRO-001,IDEALPRO-1-181571,EUR/USD.IDEALPRO-MLSignalStrategyV2-V2,BUY,STOP_MARKET,100000.00,1.08292,USD,2.17 USD,TAKER,441f6623-d003-4e82-babf-3e4c618e2d6e,2025-04-01 09:06:00+00:00,2025-04-01 09:06:00+00:00,{},False
O-20250401-113000-001-V2-1216,BACKTESTER-001,MLSignalStrategyV2-V2,EUR/USD.IDEALPRO,IDEALPRO-1-1216,IDEALPRO-001,IDEALPRO-1-181860,EUR/USD.IDEALPRO-MLSignalStrategyV2-V2,BUY,MARKET,100000.00,1.07874,USD,2.16 USD,TAKER,19f086ca-847b-4182-a364-318207e1ce7c,2025-04-01 11:30:00+00:00,2025-04-01 11:30:00+00:00,{},False
O-20250401-113000-001-V2-1218,BACKTESTER-001,MLSignalStrategyV2-V2,EUR/USD.IDEALPRO,IDEALPRO-1-1218,IDEALPRO-001,IDEALPRO-1-182165,EUR/USD.IDEALPRO-MLSignalStrategyV2-V2,SELL,LIMIT,100000.00,1.07976,USD,2.16 USD,MAKER,97f34452-4880-411a-93b6-e94a8463f468,2025-04-01 14:02:00+00:00,2025-04-01 14:02:00+00:00,{},False
O-20250401-200000-001-V2-1219,BACKTESTER-001,MLSignalStrategyV2-V2,EUR/USD.IDEALPRO,IDEALPRO-1-1219,IDEALPRO-001,IDEALPRO-1-182882,EUR/USD.IDEALPRO-MLSignalStrategyV2-V2,BUY,MARKET,100000.00,1.07898,USD,2.16 USD,TAKER,4acb69c3-8c2b-46d1-a6c6-4be2e1ee339e,2025-04-01 20:00:00+00:00,2025-04-01 20:00:00+00:00,{},False
O-20250401-200000-001-V2-1221,BACKTESTER-001,MLSignalStrategyV2-V2,EUR/USD.IDEALPRO,IDEALPRO-1-1221,IDEALPRO-001,IDEALPRO-1-182979,EUR/USD.IDEALPRO-MLSignalStrategyV2-V2,SELL,LIMIT,100000.00,1.08023,USD,2.16 USD,MAKER,8ba6f47a-5858-4a82-b397-b1a9089bb5cf,2025-04-01 20:48:00+00:00,2025-04-01 20:48:00+00:00,{},False
O-20250401-223000-001-V2-1222,BACKTESTER-001,MLSignalStrategyV2-V2,EUR/USD.IDEALPRO,IDEALPRO-1-1222,IDEALPRO-001,IDEALPRO-1-183154,EUR/USD.IDEALPRO-MLSignalStrategyV2-V2,BUY,MARKET,100000.00,1.08067,USD,2.16 USD,TAKER,a7d63438-e37e-46d1-bc4f-1edc2d6bf1e3,2025-04-01 22:30:00+00:00,2025-04-01 22:30:00+00:00,{},False
O-20250401-223000-001-V2-1223,BACKTESTER-001,MLSignalStrategyV2-V2,EUR/USD.IDEALPRO,IDEALPRO-1-1223,IDEALPRO-001,IDEALPRO-1-183205,EUR/USD.IDEALPRO-MLSignalStrategyV2-V2,SELL,STOP_MARKET,100000.00,1.07998,USD,2.16 USD,TAKER,b368950b-e454-4b41-916a-3a85cf2610b9,2025-04-01 22:55:00+00:00,2025-04-01 22:55:00+00:00,{},False
O-20250402-031500-001-V2-1225,BACKTESTER-001,MLSignalStrategyV2-V2,EUR/USD.IDEALPRO,IDEALPRO-1-1225,IDEALPRO-001,IDEALPRO-1-183726,EUR/USD.IDEALPRO-MLSignalStrategyV2-V2,SELL,MARKET,100000.00,1.07991,USD,2.16 USD,TAKER,8bc9b7be-116b-4dfa-8b1e-89b280e47462,2025-04-02 03:15:00+00:00,2025-04-02 03:15:00+00:00,{},False
O-20250402-031500-001-V2-1227,BACKTESTER-001,MLSignalStrategyV2-V2,EUR/USD.IDEALPRO,IDEALPRO-1-1227,IDEALPRO-001,IDEALPRO-1-183839,EUR/USD.IDEALPRO-MLSignalStrategyV2-V2,BUY,LIMIT,100000.00,1.07946,USD,2.16 USD,MAKER,1c2e66dd-8c96-4379-8635-01dc1ce502de,2025-04-02 04:11:00+00:00,2025-04-02 04:11:00+00:00,{},False
O-20250402-074500-001-V2-1228,BACKTESTER-001,MLSignalStrategyV2-V2,EUR/USD.IDEALPRO,IDEALPRO-1-1228,IDEALPRO-001,IDEALPRO-1-184268,EUR/USD.IDEALPRO-MLSignalStrategyV2-V2,BUY,MARKET,100000.00,1.07866,USD,2.16 USD,TAKER,e0ea0605-7004-46ca-b09e-d8ca2fbaef20,2025-04-02 07:45:00+00:00,2025-04-02 07:45:00+00:00,{},False
O-20250402-074500-001-V2-1230,BACKTESTER-001,MLSignalStrategyV2-V2,EUR/USD.IDEALPRO,IDEALPRO-1-1230,IDEALPRO-001,IDEALPRO-1-184297,EUR/USD.IDEALPRO-MLSignalStrategyV2-V2,SELL,LIMIT,100000.00,1.07928,USD,2.16 USD,MAKER,2c8f8d95-cce0-41a2-9347-5d2204e8c489,2025-04-02 07:59:00+00:00,2025-04-02 07:59:00+00:00,{},False
O-20250402-080000-001-V2-1231,BACKTESTER-001,MLSignalStrategyV2-V2,EUR/USD.IDEALPRO,IDEALPRO-1-1231,IDEALPRO-001,IDEALPRO-1-184300,EUR/USD.IDEALPRO-MLSignalStrategyV2-V2,BUY,MARKET,100000.00,1.07919,USD,2.16 USD,TAKER,65150b88-4171-4a43-9892-bc09ca5472fb,2025-04-02 08:00:00+00:00,2025-04-02 08:00:00+00:00,{},False
O-20250402-080000-001-V2-1233,BACKTESTER-001,MLSignalStrategyV2-V2,EUR/USD.IDEALPRO,IDEALPRO-1-1233,IDEALPRO-001,IDEALPRO-1-184335,EUR/USD.IDEALPRO-MLSignalStrategyV2-V2,SELL,LIMIT,100000.00,1.07985,USD,2.16 USD,MAKER,27b8bb96-d5e1-4420-acdb-d6e199bbd64b,2025-04-02 08:17:00+00:00,2025-04-02 08:17:00+00:00,{},False
O-20250402-203000-001-V2-1234,BACKTESTER-001,MLSignalStrategyV2-V2,EUR/USD.IDEALPRO,IDEALPRO-1-1234,IDEALPRO-001,IDEALPRO-1-185802,EUR/USD.IDEALPRO-MLSignalStrategyV2-V2,SELL,MARKET,100000.00,1.08533,USD,2.17 USD,TAKER,f8af4125-327f-49ed-b027-25c864aa6f4d,2025-04-02 20:30:00+00:00,2025-04-02 20:30:00+00:00,{},False
O-20250402-203000-001-V2-1236,BACKTESTER-001,MLSignalStrategyV2-V2,EUR/USD.IDEALPRO,IDEALPRO-1-1236,IDEALPRO-001,IDEALPRO-1-185805,EUR/USD.IDEALPRO-MLSignalStrategyV2-V2,BUY,LIMIT,100000.00,1.08299,USD,2.17 USD,MAKER,3659013c-522d-4ded-be87-4d5a5397c5a1,2025-04-02 20:31:00+00:00,2025-04-02 20:31:00+00:00,{},False
O-20250402-204500-001-V2-1237,BACKTESTER-001,MLSignalStrategyV2-V2,EUR/USD.IDEALPRO,IDEALPRO-1-1237,IDEALPRO-001,IDEALPRO-1-185834,EUR/USD.IDEALPRO-MLSignalStrategyV2-V2,SELL,MARKET,100000.00,1.08183,USD,2.16 USD,TAKER,c283f030-43ef-4270-ab29-4fcbad37a70e,2025-04-02 20:45:00+00:00,2025-04-02 20:45:00+00:00,{},False
O-20250402-204500-001-V2-1238,BACKTESTER-001,MLSignalStrategyV2-V2,EUR/USD.IDEALPRO,IDEALPRO-1-1238,IDEALPRO-001,IDEALPRO-1-185857,EUR/USD.IDEALPRO-MLSignalStrategyV2-V2,BUY,STOP_MARKET,100000.00,1.08564,USD,2.17 USD,TAKER,ce52b205-a570-430a-ae7a-dac02e6ab6b1,2025-04-02 20:56:00+00:00,2025-04-02 20:56:00+00:00,{},False
O-20250402-223000-001-V2-1240,BACKTESTER-001,MLSignalStrategyV2-V2,EUR/USD.IDEALPRO,IDEALPRO-1-1240,IDEALPRO-001,IDEALPRO-1-186016,EUR/USD.IDEALPRO-MLSignalStrategyV2-V2,BUY,MARKET,100000.00,1.08220,USD,2.16 USD,TAKER,842fc4a0-173b-463b-8f5c-1ca54d461367,2025-04-02 22:30:00+00:00,2025-04-02 22:30:00+00:00,{},False
O-20250402-223000-001-V2-1242,BACKTESTER-001,MLSignalStrategyV2-V2,EUR/USD.IDEALPRO,IDEALPRO-1-1242,IDEALPRO-001,IDEALPRO-1-186103,EUR/USD.IDEALPRO-MLSignalStrategyV2-V2,SELL,LIMIT,100000.00,1.08523,USD,2.17 USD,MAKER,6f6546f3-12ed-40e8-b417-797334ce8f0d,2025-04-02 23:13:00+00:00,2025-04-02 23:13:00+00:00,{},False
O-20250403-030000-001-V2-1243,BACKTESTER-001,MLSignalStrategyV2-V2,EUR/USD.IDEALPRO,IDEALPRO-1-1243,IDEALPRO-001,IDEALPRO-1-186558,EUR/USD.IDEALPRO-MLSignalStrategyV2-V2,BUY,MARKET,100000.00,1.09122,USD,2.18 USD,TAKER,972398de-7704-4cf2-b05b-b21606d6895a,2025-04-03 03:00:00+00:00,2025-04-03 03:00:00+00:00,{},False
O-20250403-030000-001-V2-1245,BACKTESTER-001,MLSignalStrategyV2-V2,EUR/USD.IDEALPRO,IDEALPRO-1-1245,IDEALPRO-001,IDEALPRO-1-186847,EUR/USD.IDEALPRO-MLSignalStrategyV2-V2,SELL,LIMIT,100000.00,1.09342,USD,2.19 USD,MAKER,69b1abf1-7e20-4ff2-ba59-f219b8be0e41,2025-04-03 05:24:00+00:00,2025-04-03 05:24:00+00:00,{},False
O-20250403-061500-001-V2-1246,BACKTESTER-001,MLSignalStrategyV2-V2,EUR/USD.IDEALPRO,IDEALPRO-1-1246,IDEALPRO-001,IDEALPRO-1-186951,EUR/USD.IDEALPRO-MLSignalStrategyV2-V2,BUY,MARKET,100000.00,1.09459,USD,2.19 USD,TAKER,538a8854-6671-4ded-a5b1-e27f3027fcac,2025-04-03 06:15:00+00:00,2025-04-03 06:15:00+00:00,{},False
O-20250403-061500-001-V2-1248,BACKTESTER-001,MLSignalStrategyV2-V2,EUR/USD.IDEALPRO,IDEALPRO-1-1248,IDEALPRO-001,IDEALPRO-1-186991,EUR/USD.IDEALPRO-MLSignalStrategyV2-V2,SELL,LIMIT,100000.00,1.09660,USD,2.19 USD,MAKER,ca274fd1-c43d-4cdf-ac1f-528bdd0a5b5b,2025-04-03 06:35:00+00:00,2025-04-03 06:35:00+00:00,{},False
O-20250403-064500-001-V2-1249,BACKTESTER-001,MLSignalStrategyV2-V2,EUR/USD.IDEALPRO,IDEALPRO-1-1249,IDEALPRO-001,IDEALPRO-1-187012,EUR/USD.IDEALPRO-MLSignalStrategyV2-V2,BUY,MARKET,100000.00,1.09778,USD,2.20 USD,TAKER,c690d771-522d-4252-a92a-97310e7e0375,2025-04-03 06:45:00+00:00,2025-04-03 06:45:00+00:00,{},False
O-20250403-064500-001-V2-1250,BACKTESTER-001,MLSignalStrategyV2-V2,EUR/USD.IDEALPRO,IDEALPRO-1-1250,IDEALPRO-001,IDEALPRO-1-187091,EUR/USD.IDEALPRO-MLSignalStrategyV2-V2,SELL,STOP_MARKET,100000.00,1.09597,USD,2.19 USD,TAKER,7d3e38ff-b71a-4453-9771-76da4dd143e0,2025-04-03 07:24:00+00:00,2025-04-03 07:24:00+00:00,{},False
O-20250403-104500-001-V2-1252,BACKTESTER-001,MLSignalStrategyV2-V2,EUR/USD.IDEALPRO,IDEALPRO-1-1252,IDEALPRO-001,IDEALPRO-1-187494,EUR/USD.IDEALPRO-MLSignalStrategyV2-V2,SELL,MARKET,100000.00,1.10698,USD,2.21 USD,TAKER,aa29fd23-6968-46d0-8d07-bc570dd4d296,2025-04-03 10:45:00+00:00,2025-04-03 10:45:00+00:00,{},False
O-20250403-104500-001-V2-1253,BACKTESTER-001,MLSignalStrategyV2-V2,EUR/USD.IDEALPRO,IDEALPRO-1-1253,IDEALPRO-001,IDEALPRO-1-187659,EUR/USD.IDEALPRO-MLSignalStrategyV2-V2,BUY,STOP_MARKET,100000.00,1.11096,USD,2.22 USD,TAKER,c5cad522-cdda-46c2-ae44-f1882cfca410,2025-04-03 12:07:00+00:00,2025-04-03 12:07:00+00:00,{},False
O-20250403-121500-001-V2-1255,BACKTESTER-001,MLSignalStrategyV2-V2,EUR/USD.IDEALPRO,IDEALPRO-1-1255,IDEALPRO-001,IDEALPRO-1-187676,EUR/USD.IDEALPRO-MLSignalStrategyV2-V2,SELL,MARKET,100000.00,1.10868,USD,2.22 USD,TAKER,8093ea1f-8579-42f4-bf17-ddfcc8818b7b,2025-04-03 12:15:00+00:00,2025-04-03 12:15:00+00:00,{},False
O-20250403-121500-001-V2-1256,BACKTESTER-001,MLSignalStrategyV2-V2,EUR/USD.IDEALPRO,IDEALPRO-1-1256,IDEALPRO-001,IDEALPRO-1-187799,EUR/USD.IDEALPRO-MLSignalStrategyV2-V2,BUY,STOP_MARKET,100000.00,1.11201,USD,2.22 USD,TAKER,aa08e97a-a9ab-4113-afcb-3f7c5ebc21d5,2025-04-03 13:16:00+00:00,2025-04-03 13:16:00+00:00,{},False
O-20250403-133000-001-V2-1258,BACKTESTER-001,MLSignalStrategyV2-V2,EUR/USD.IDEALPRO,IDEALPRO-1-1258,IDEALPRO-001,IDEALPRO-1-187828,EUR/USD.IDEALPRO-MLSignalStrategyV2-V2,SELL,MARKET,100000.00,1.10944,USD,2.22 USD,TAKER,74cf7a46-4859-4040-89c4-dc6453fd40d8,2025-04-03 13:30:00+00:00,2025-04-03 13:30:00+00:00,{},False
O-20250403-133000-001-V2-1259,BACKTESTER-001,MLSignalStrategyV2-V2,EUR/USD.IDEALPRO,IDEALPRO-1-1259,IDEALPRO-001,IDEALPRO-1-187985,EUR/USD.IDEALPRO-MLSignalStrategyV2-V2,BUY,STOP_MARKET,100000.00,1.11276,USD,2.23 USD,TAKER,b3495b08-3383-47c4-b552-365656df7c19,2025-04-03 14:48:00+00:00,2025-04-03 14:48:00+00:00,{},False
O-20250403-150000-001-V2-1261,BACKTESTER-001,MLSignalStrategyV2-V2,EUR/USD.IDEALPRO,IDEALPRO-1-1261,IDEALPRO-001,IDEALPRO-1-188010,EUR/USD.IDEALPRO-MLSignalStrategyV2-V2,SELL,MARKET,100000.00,1.11182,USD,2.22 USD,TAKER,cd072ecf-7f70-4c18-91e5-17ad9f8ffdcf,2025-04-03 15:00:00+00:00,2025-04-03 15:00:00+00:00,{},False
O-20250403-150000-001-V2-1263,BACKTESTER-001,MLSignalStrategyV2-V2,EUR/USD.IDEALPRO,IDEALPRO-1-1263,IDEALPRO-001,IDEALPRO-1-188041,EUR/USD.IDEALPRO-MLSignalStrategyV2-V2,BUY,LIMIT,100000.00,1.10916,USD,2.22 USD,MAKER,f7585662-a2af-4ec5-8531-5ad0641c299d,2025-04-03 15:15:00+00:00,2025-04-03 15:15:00+00:00,{},False
O-20250403-151500-001-V2-1264,BACKTESTER-001,MLSignalStrategyV2-V2,EUR/USD.IDEALPRO,IDEALPRO-1-1264,IDEALPRO-001,IDEALPRO-1-188042,EUR/USD.IDEALPRO-MLSignalStrategyV2-V2,SELL,MARKET,100000.00,1.10923,USD,2.22 USD,TAKER,bc2c50b2-ed14-448b-b10b-ffa1fb80ed3b,2025-04-03 15:15:00+00:00,2025-04-03 15:15:00+00:00,{},False
O-20250403-151500-001-V2-1266,BACKTESTER-001,MLSignalStrategyV2-V2,EUR/USD.IDEALPRO,IDEALPRO-1-1266,IDEALPRO-001,IDEALPRO-1-188065,EUR/USD.IDEALPRO-MLSignalStrategyV2-V2,BUY,LIMIT,100000.00,1.10664,USD,2.21 USD,MAKER,68d150ce-6de5-42e2-9fe4-b8f9d0a8248e,2025-04-03 15:26:00+00:00,2025-04-03 15:26:00+00:00,{},False
O-20250403-154500-001-V2-1267,BACKTESTER-001,MLSignalStrategyV2-V2,EUR/USD.IDEALPRO,IDEALPRO-1-1267,IDEALPRO-001,IDEALPRO-1-188104,EUR/USD.IDEALPRO-MLSignalStrategyV2-V2,BUY,MARKET,100000.00,1.10451,USD,2.21 USD,TAKER,7a8092d1-9898-4f60-ab25-7e5c683c786c,2025-04-03 15:45:00+00:00,2025-04-03 15:45:00+00:00,{},False
O-20250403-154500-001-V2-1269,BACKTESTER-001,MLSignalStrategyV2-V2,EUR/USD.IDEALPRO,IDEALPRO-1-1269,IDEALPRO-001,IDEALPRO-1-188903,EUR/USD.IDEALPRO-MLSignalStrategyV2-V2,SELL,LIMIT,100000.00,1.10713,USD,2.21 USD,MAKER,ceaef1e3-bb8f-4d68-9edc-84b7e14bf61a,2025-04-03 22:39:00+00:00,2025-04-03 22:39:00+00:00,{},False
O-20250403-234500-001-V2-1270,BACKTESTER-001,MLSignalStrategyV2-V2,EUR/USD.IDEALPRO,IDEALPRO-1-1270,IDEALPRO-001,IDEALPRO-1-189037,EUR/USD.IDEALPRO-MLSignalStrategyV2-V2,SELL,MARKET,100000.00,1.10467,USD,2.21 USD,TAKER,efe18d7a-4e9e-482e-b068-66a760e64549,2025-04-03 23:45:00+00:00,2025-04-03 23:45:00+00:00,{},False
O-20250403-234500-001-V2-1272,BACKTESTER-001,MLSignalStrategyV2-V2,EUR/USD.IDEALPRO,IDEALPRO-1-1272,IDEALPRO-001,IDEALPRO-1-189107,EUR/USD.IDEALPRO-MLSignalStrategyV2-V2,BUY,LIMIT,100000.00,1.10368,USD,2.21 USD,MAKER,c2bc054f-d05e-4c0a-8fb2-1d72ed4d4bd0,2025-04-04 00:20:00+00:00,2025-04-04 00:20:00+00:00,{},False
O-20250404-013000-001-V2-1273,BACKTESTER-001,MLSignalStrategyV2-V2,EUR/USD.IDEALPRO,IDEALPRO-1-1273,IDEALPRO-001,IDEALPRO-1-189248,EUR/USD.IDEALPRO-MLSignalStrategyV2-V2,BUY,MARKET,100000.00,1.10612,USD,2.21 USD,TAKER,4df2b784-76a7-41d5-88b5-f73941cd6dcb,2025-04-04 01:30:00+00:00,2025-04-04 01:30:00+00:00,{},False
O-20250404-013000-001-V2-1275,BACKTESTER-001,MLSignalStrategyV2-V2,EUR/USD.IDEALPRO,IDEALPRO-1-1275,IDEALPRO-001,IDEALPRO-1-189293,EUR/USD.IDEALPRO-MLSignalStrategyV2-V2,SELL,LIMIT,100000.00,1.10714,USD,2.21 USD,MAKER,aad26bac-117b-4ee0-ad7f-5fa389004261,2025-04-04 01:52:00+00:00,2025-04-04 01:52:00+00:00,{},False
O-20250404-024500-001-V2-1276,BACKTESTER-001,MLSignalStrategyV2-V2,EUR/USD.IDEALPRO,IDEALPRO-1-1276,IDEALPRO-001,IDEALPRO-1-189400,EUR/USD.IDEALPRO-MLSignalStrategyV2-V2,BUY,MARKET,100000.00,1.10670,USD,2.21 USD,TAKER,75ffcf05-edd5-46e1-af19-7e0c4b1cfc2a,2025-04-04 02:45:00+00:00,2025-04-04 02:45:00+00:00,{},False
O-20250404-024500-001-V2-1278,BACKTESTER-001,MLSignalStrategyV2-V2,EUR/USD.IDEALPRO,IDEALPRO-1-1278,IDEALPRO-001,IDEALPRO-1-189479,EUR/USD.IDEALPRO-MLSignalStrategyV2-V2,SELL,LIMIT,100000.00,1.10789,USD,2.22 USD,MAKER,e5be9b5d-ca66-44fd-974b-728ab7f42a4d,2025-04-04 03:24:00+00:00,2025-04-04 03:24:00+00:00,{},False
O-20250404-053000-001-V2-1279,BACKTESTER-001,MLSignalStrategyV2-V2,EUR/USD.IDEALPRO,IDEALPRO-1-1279,IDEALPRO-001,IDEALPRO-1-189732,EUR/USD.IDEALPRO-MLSignalStrategyV2-V2,SELL,MARKET,100000.00,1.11056,USD,2.22 USD,TAKER,123412c5-fea5-446d-8faf-63164fe21a97,2025-04-04 05:30:00+00:00,2025-04-04 05:30:00+00:00,{},False
O-20250404-053000-001-V2-1281,BACKTESTER-001,MLSignalStrategyV2-V2,EUR/USD.IDEALPRO,IDEALPRO-1-1281,IDEALPRO-001,IDEALPRO-1-189739,EUR/USD.IDEALPRO-MLSignalStrategyV2-V2,BUY,LIMIT,100000.00,1.10908,USD,2.22 USD,MAKER,0380a46b-70dd-437c-b649-7a67bb0e4b7a,2025-04-04 05:33:00+00:00,2025-04-04 05:33:00+00:00,{},False
O-20250404-070000-001-V2-1282,BACKTESTER-001,MLSignalStrategyV2-V2,EUR/USD.IDEALPRO,IDEALPRO-1-1282,IDEALPRO-001,IDEALPRO-1-189914,EUR/USD.IDEALPRO-MLSignalStrategyV2-V2,BUY,MARKET,100000.00,1.10508,USD,2.21 USD,TAKER,66c58667-7cbc-4fdc-9985-03355cf055e0,2025-04-04 07:00:00+00:00,2025-04-04 07:00:00+00:00,{},False
O-20250404-070000-001-V2-1284,BACKTESTER-001,MLSignalStrategyV2-V2,EUR/USD.IDEALPRO,IDEALPRO-1-1284,IDEALPRO-001,IDEALPRO-1-189937,EUR/USD.IDEALPRO-MLSignalStrategyV2-V2,SELL,LIMIT,100000.00,1.10643,USD,2.21 USD,MAKER,44334a8c-adc3-4227-9e1e-3383441607bc,2025-04-04 07:11:00+00:00,2025-04-04 07:11:00+00:00,{},False
O-20250404-074500-001-V2-1285,BACKTESTER-001,MLSignalStrategyV2-V2,EUR/USD.IDEALPRO,IDEALPRO-1-1285,IDEALPRO-001,IDEALPRO-1-190006,EUR/USD.IDEALPRO-MLSignalStrategyV2-V2,BUY,MARKET,100000.00,1.10225,USD,2.20 USD,TAKER,07b3e9f0-70b7-44c7-880a-f1187d6a8a97,2025-04-04 07:45:00+00:00,2025-04-04 07:45:00+00:00,{},False
O-20250404-074500-001-V2-1286,BACKTESTER-001,MLSignalStrategyV2-V2,EUR/USD.IDEALPRO,IDEALPRO-1-1286,IDEALPRO-001,IDEALPRO-1-190033,EUR/USD.IDEALPRO-MLSignalStrategyV2-V2,SELL,STOP_MARKET,100000.00,1.10011,USD,2.20 USD,TAKER,ceb6743b-dc57-4507-b4f0-2205234ac35c,2025-04-04 07:58:00+00:00,2025-04-04 07:58:00+00:00,{},False
O-20250404-090000-001-V2-1288,BACKTESTER-001,MLSignalStrategyV2-V2,EUR/USD.IDEALPRO,IDEALPRO-1-1288,IDEALPRO-001,IDEALPRO-1-190159,EUR/USD.IDEALPRO-MLSignalStrategyV2-V2,BUY,MARKET,100000.00,1.09965,USD,2.20 USD,TAKER,adb84de7-b01b-4ca6-8594-7e060ba8d2a6,2025-04-04 09:00:00+00:00,2025-04-04 09:00:00+00:00,{},False
O-20250404-090000-001-V2-1289,BACKTESTER-001,MLSignalStrategyV2-V2,EUR/USD.IDEALPRO,IDEALPRO-1-1289,IDEALPRO-001,IDEALPRO-1-190173,EUR/USD.IDEALPRO-MLSignalStrategyV2-V2,SELL,STOP_MARKET,100000.00,1.09739,USD,2.19 USD,TAKER,abf75c69-bf93-4956-a65a-08151e42515b,2025-04-04 09:07:00+00:00,2025-04-04 09:07:00+00:00,{},False
O-20250404-091500-001-V2-1291,BACKTESTER-001,MLSignalStrategyV2-V2,EUR/USD.IDEALPRO,IDEALPRO-1-1291,IDEALPRO-001,IDEALPRO-1-190190,EUR/USD.IDEALPRO-MLSignalStrategyV2-V2,BUY,MARKET,100000.00,1.09788,USD,2.20 USD,TAKER,aca693bc-4358-42bb-a518-785955da8966,2025-04-04 09:15:00+00:00,2025-04-04 09:15:00+00:00,{},False
O-20250404-091500-001-V2-1293,BACKTESTER-001,MLSignalStrategyV2-V2,EUR/USD.IDEALPRO,IDEALPRO-1-1293,IDEALPRO-001,IDEALPRO-1-190319,EUR/USD.IDEALPRO-MLSignalStrategyV2-V2,SELL,LIMIT,100000.00,1.09983,USD,2.20 USD,MAKER,c2bca3ec-f43c-41df-9a8a-69d4a555eb8a,2025-04-04 10:19:00+00:00,2025-04-04 10:19:00+00:00,{},False
O-20250404-130000-001-V2-1294,BACKTESTER-001,MLSignalStrategyV2-V2,EUR/USD.IDEALPRO,IDEALPRO-1-1294,IDEALPRO-001,IDEALPRO-1-190642,EUR/USD.IDEALPRO-MLSignalStrategyV2-V2,SELL,MARKET,100000.00,1.10197,USD,2.20 USD,TAKER,c21e90e9-4189-4175-9d82-79b019bec6c2,2025-04-04 13:00:00+00:00,2025-04-04 13:00:00+00:00,{},False
O-20250404-130000-001-V2-1296,BACKTESTER-001,MLSignalStrategyV2-V2,EUR/USD.IDEALPRO,IDEALPRO-1-1296,IDEALPRO-001,IDEALPRO-1-190813,EUR/USD.IDEALPRO-MLSignalStrategyV2-V2,BUY,LIMIT,100000.00,1.09864,USD,2.20 USD,MAKER,b80512ad-51f6-46c6-9361-2909e6cb01d8,2025-04-04 14:25:00+00:00,2025-04-04 14:25:00+00:00,{},False
O-20250404-151500-001-V2-1297,BACKTESTER-001,MLSignalStrategyV2-V2,EUR/USD.IDEALPRO,IDEALPRO-1-1297,IDEALPRO-001,IDEALPRO-1-190915,EUR/USD.IDEALPRO-MLSignalStrategyV2-V2,SELL,MARKET,100000.00,1.09969,USD,2.20 USD,TAKER,91d7950c-f170-4d29-a7a0-36bf2559948e,2025-04-04 15:15:00+00:00,2025-04-04 15:15:00+00:00,{},False
O-20250404-151500-001-V2-1299,BACKTESTER-001,MLSignalStrategyV2-V2,EUR/USD.IDEALPRO,IDEALPRO-1-1299,IDEALPRO-001,IDEALPRO-1-190937,EUR/USD.IDEALPRO-MLSignalStrategyV2-V2,BUY,LIMIT,100000.00,1.09668,USD,2.19 USD,MAKER,4580e466-fdf5-45e4-a3ac-46e8447e4f54,2025-04-04 15:26:00+00:00,2025-04-04 15:26:00+00:00,{},False
O-20250404-154500-001-V2-1300,BACKTESTER-001,MLSignalStrategyV2-V2,EUR/USD.IDEALPRO,IDEALPRO-1-1300,IDEALPRO-001,IDEALPRO-1-190976,EUR/USD.IDEALPRO-MLSignalStrategyV2-V2,SELL,MARKET,100000.00,1.09993,USD,2.20 USD,TAKER,036d0b25-75f9-4283-81d1-d4bd289f4ab5,2025-04-04 15:45:00+00:00,2025-04-04 15:45:00+00:00,{},False
O-20250404-154500-001-V2-1302,BACKTESTER-001,MLSignalStrategyV2-V2,EUR/USD.IDEALPRO,IDEALPRO-1-1302,IDEALPRO-001,IDEALPRO-1-191095,EUR/USD.IDEALPRO-MLSignalStrategyV2-V2,BUY,LIMIT,100000.00,1.09698,USD,2.19 USD,MAKER,ee491815-2967-439c-b606-879cbbbe19c7,2025-04-04 16:44:00+00:00,2025-04-04 16:44:00+00:00,{},False
O-20250404-201500-001-V2-1303,BACKTESTER-001,MLSignalStrategyV2-V2,EUR/USD.IDEALPRO,IDEALPRO-1-1303,IDEALPRO-001,IDEALPRO-1-191519,EUR/USD.IDEALPRO-MLSignalStrategyV2-V2,SELL,MARKET,100000.00,1.09501,USD,2.19 USD,TAKER,088ae668-3382-4307-b43d-9be31ad4e7f0,2025-04-04 20:15:00+00:00,2025-04-04 20:15:00+00:00,{},False
O-20250404-201500-001-V2-1305,BACKTESTER-001,MLSignalStrategyV2-V2,EUR/USD.IDEALPRO,IDEALPRO-1-1305,IDEALPRO-001,IDEALPRO-1-191611,EUR/USD.IDEALPRO-MLSignalStrategyV2-V2,BUY,LIMIT,100000.00,1.08835,USD,2.18 USD,MAKER,bbf7d0c4-cc6f-4c3f-a093-f4652cd7dbb2,2025-04-06 21:16:00+00:00,2025-04-06 21:16:00+00:00,{},False
O-20250406-213000-001-V2-1306,BACKTESTER-001,MLSignalStrategyV2-V2,EUR/USD.IDEALPRO,IDEALPRO-1-1306,IDEALPRO-001,IDEALPRO-1-191640,EUR/USD.IDEALPRO-MLSignalStrategyV2-V2,BUY,MARKET,100000.00,1.08917,USD,2.18 USD,TAKER,3a268083-29c4-49b3-b45c-7cdec65b28e5,2025-04-06 21:30:00+00:00,2025-04-06 21:30:00+00:00,{},False
O-20250406-213000-001-V2-1308,BACKTESTER-001,MLSignalStrategyV2-V2,EUR/USD.IDEALPRO,IDEALPRO-1-1308,IDEALPRO-001,IDEALPRO-1-191669,EUR/USD.IDEALPRO-MLSignalStrategyV2-V2,SELL,LIMIT,100000.00,1.09151,USD,2.18 USD,MAKER,4f91dfa3-7738-4f36-b841-036f817548d2,2025-04-06 21:44:00+00:00,2025-04-06 21:44:00+00:00,{},False
O-20250406-214500-001-V2-1309,BACKTESTER-001,MLSignalStrategyV2-V2,EUR/USD.IDEALPRO,IDEALPRO-1-1309,IDEALPRO-001,IDEALPRO-1-191671,EUR/USD.IDEALPRO-MLSignalStrategyV2-V2,BUY,MARKET,100000.00,1.09076,USD,2.18 USD,TAKER,8a285b5c-400b-4ecb-942b-cc8d5374b861,2025-04-06 21:45:00+00:00,2025-04-06 21:45:00+00:00,{},False
O-20250406-214500-001-V2-1311,BACKTESTER-001,MLSignalStrategyV2-V2,EUR/USD.IDEALPRO,IDEALPRO-1-1311,IDEALPRO-001,IDEALPRO-1-191715,EUR/USD.IDEALPRO-MLSignalStrategyV2-V2,SELL,LIMIT,100000.00,1.09349,USD,2.19 USD,MAKER,1a7196eb-fc7e-4a2d-b115-9c43f58b4f30,2025-04-06 22:06:00+00:00,2025-04-06 22:06:00+00:00,{},False
O-20250406-221500-001-V2-1312,BACKTESTER-001,MLSignalStrategyV2-V2,EUR/USD.IDEALPRO,IDEALPRO-1-1312,IDEALPRO-001,IDEALPRO-1-191734,EUR/USD.IDEALPRO-MLSignalStrategyV2-V2,BUY,MARKET,100000.00,1.09535,USD,2.19 USD,TAKER,9aa610c8-52d0-4b59-91c3-5f0573bf0538,2025-04-06 22:15:00+00:00,2025-04-06 22:15:00+00:00,{},False
O-20250406-221500-001-V2-1314,BACKTESTER-001,MLSignalStrategyV2-V2,EUR/USD.IDEALPRO,IDEALPRO-1-1314,IDEALPRO-001,IDEALPRO-1-191749,EUR/USD.IDEALPRO-MLSignalStrategyV2-V2,SELL,LIMIT,100000.00,1.09801,USD,2.20 USD,MAKER,3ddfffaf-206a-4005-83df-d34d196f8a76,2025-04-06 22:22:00+00:00,2025-04-06 22:22:00+00:00,{},False
O-20250406-223000-001-V2-1315,BACKTESTER-001,MLSignalStrategyV2-V2,EUR/USD.IDEALPRO,IDEALPRO-1-1315,IDEALPRO-001,IDEALPRO-1-191766,EUR/USD.IDEALPRO-MLSignalStrategyV2-V2,BUY,MARKET,100000.00,1.09837,USD,2.20 USD,TAKER,3a47937d-92e6-4155-934b-fad9a5fcd61c,2025-04-06 22:30:00+00:00,2025-04-06 22:30:00+00:00,{},False
O-20250406-223000-001-V2-1316,BACKTESTER-001,MLSignalStrategyV2-V2,EUR/USD.IDEALPRO,IDEALPRO-1-1316,IDEALPRO-001,IDEALPRO-1-191973,EUR/USD.IDEALPRO-MLSignalStrategyV2-V2,SELL,STOP_MARKET,100000.00,1.09533,USD,2.19 USD,TAKER,84aff3a7-0fdf-46c2-8515-d4ba11d71c5a,2025-04-07 00:13:00+00:00,2025-04-07 00:13:00+00:00,{},False
O-20250407-020000-001-V2-1318,BACKTESTER-001,MLSignalStrategyV2-V2,EUR/USD.IDEALPRO,IDEALPRO-1-1318,IDEALPRO-001,IDEALPRO-1-192188,EUR/USD.IDEALPRO-MLSignalStrategyV2-V2,SELL,MARKET,100000.00,1.09679,USD,2.19 USD,TAKER,4c37ca12-abb9-44bc-8607-4d05a10f3ca0,2025-04-07 02:00:00+00:00,2025-04-07 02:00:00+00:00,{},False
O-20250407-020000-001-V2-1320,BACKTESTER-001,MLSignalStrategyV2-V2,EUR/USD.IDEALPRO,IDEALPRO-1-1320,IDEALPRO-001,IDEALPRO-1-192235,EUR/USD.IDEALPRO-MLSignalStrategyV2-V2,BUY,LIMIT,100000.00,1.09486,USD,2.19 USD,MAKER,94322e43-6d68-48d1-99b2-25611a89cb00,2025-04-07 02:23:00+00:00,2025-04-07 02:23:00+00:00,{},False
O-20250407-023000-001-V2-1321,BACKTESTER-001,MLSignalStrategyV2-V2,EUR/USD.IDEALPRO,IDEALPRO-1-1321,IDEALPRO-001,IDEALPRO-1-192250,EUR/USD.IDEALPRO-MLSignalStrategyV2-V2,BUY,MARKET,100000.00,1.09367,USD,2.19 USD,TAKER,9d591afa-e26d-4d11-9099-28ce44211efb,2025-04-07 02:30:00+00:00,2025-04-07 02:30:00+00:00,{},False
O-20250407-023000-001-V2-1323,BACKTESTER-001,MLSignalStrategyV2-V2,EUR/USD.IDEALPRO,IDEALPRO-1-1323,IDEALPRO-001,IDEALPRO-1-192453,EUR/USD.IDEALPRO-MLSignalStrategyV2-V2,SELL,LIMIT,100000.00,1.09553,USD,2.19 USD,MAKER,13479b3c-da53-4520-93d7-fb8824a734c7,2025-04-07 04:11:00+00:00,2025-04-07 04:11:00+00:00,{},False
O-20250407-053000-001-V2-1324,BACKTESTER-001,MLSignalStrategyV2-V2,EUR/USD.IDEALPRO,IDEALPRO-1-1324,IDEALPRO-001,IDEALPRO-1-192612,EUR/USD.IDEALPRO-MLSignalStrategyV2-V2,BUY,MARKET,100000.00,1.09940,USD,2.20 USD,TAKER,154e66a9-be02-4b84-ac9d-8b96fb8bbe0f,2025-04-07 05:30:00+00:00,2025-04-07 05:30:00+00:00,{},False
O-20250407-053000-001-V2-1326,BACKTESTER-001,MLSignalStrategyV2-V2,EUR/USD.IDEALPRO,IDEALPRO-1-1326,IDEALPRO-001,IDEALPRO-1-192663,EUR/USD.IDEALPRO-MLSignalStrategyV2-V2,SELL,LIMIT,100000.00,1.10078,USD,2.20 USD,MAKER,c6a92aab-39ce-46e3-b6a0-625dbe2bccff,2025-04-07 05:55:00+00:00,2025-04-07 05:55:00+00:00,{},False
O-20250407-071500-001-V2-1327,BACKTESTER-001,MLSignalStrategyV2-V2,EUR/USD.IDEALPRO,IDEALPRO-1-1327,IDEALPRO-001,IDEALPRO-1-192824,EUR/USD.IDEALPRO-MLSignalStrategyV2-V2,SELL,MARKET,100000.00,1.10398,USD,2.21 USD,TAKER,d447a88b-3987-400f-b084-6ab159908d76,2025-04-07 07:15:00+00:00,2025-04-07 07:15:00+00:00,{},False
O-20250407-071500-001-V2-1329,BACKTESTER-001,MLSignalStrategyV2-V2,EUR/USD.IDEALPRO,IDEALPRO-1-1329,IDEALPRO-001,IDEALPRO-1-192865,EUR/USD.IDEALPRO-MLSignalStrategyV2-V2,BUY,LIMIT,100000.00,1.10162,USD,2.20 USD,MAKER,0c2d1f4d-adea-4b4c-8174-42ef193f258b,2025-04-07 07:35:00+00:00,2025-04-07 07:35:00+00:00,{},False
O-20250407-074500-001-V2-1330,BACKTESTER-001,MLSignalStrategyV2-V2,EUR/USD.IDEALPRO,IDEALPRO-1-1330,IDEALPRO-001,IDEALPRO-1-192886,EUR/USD.IDEALPRO-MLSignalStrategyV2-V2,SELL,MARKET,100000.00,1.10230,USD,2.20 USD,TAKER,5cbc9053-ff03-494d-a8d5-e7c25a70448f,2025-04-07 07:45:00+00:00,2025-04-07 07:45:00+00:00,{},False
O-20250407-074500-001-V2-1332,BACKTESTER-001,MLSignalStrategyV2-V2,EUR/USD.IDEALPRO,IDEALPRO-1-1332,IDEALPRO-001,IDEALPRO-1-192909,EUR/USD.IDEALPRO-MLSignalStrategyV2-V2,BUY,LIMIT,100000.00,1.10011,USD,2.20 USD,MAKER,ca49b2bc-a82a-4a39-b70f-beb369f1a8e5,2025-04-07 07:56:00+00:00,2025-04-07 07:56:00+00:00,{},False
O-20250407-080000-001-V2-1333,BACKTESTER-001,MLSignalStrategyV2-V2,EUR/USD.IDEALPRO,IDEALPRO-1-1333,IDEALPRO-001,IDEALPRO-1-192918,EUR/USD.IDEALPRO-MLSignalStrategyV2-V2,SELL,MARKET,100000.00,1.10007,USD,2.20 USD,TAKER,a2082403-9f54-48fe-a1a9-a13cdaea582c,2025-04-07 08:00:00+00:00,2025-04-07 08:00:00+00:00,{},False
O-20250407-080000-001-V2-1335,BACKTESTER-001,MLSignalStrategyV2-V2,EUR/USD.IDEALPRO,IDEALPRO-1-1335,IDEALPRO-001,IDEALPRO-1-192967,EUR/USD.IDEALPRO-MLSignalStrategyV2-V2,BUY,LIMIT,100000.00,1.09798,USD,2.20 USD,MAKER,9be904bf-4f46-4fc8-a9ac-2a9f3ec13e7c,2025-04-07 08:24:00+00:00,2025-04-07 08:24:00+00:00,{},False
O-20250407-103000-001-V2-1336,BACKTESTER-001,MLSignalStrategyV2-V2,EUR/USD.IDEALPRO,IDEALPRO-1-1336,IDEALPRO-001,IDEALPRO-1-193220,EUR/USD.IDEALPRO-MLSignalStrategyV2-V2,SELL,MARKET,100000.00,1.09853,USD,2.20 USD,TAKER,1e2546d0-6821-466f-bbfa-4ec6d7025919,2025-04-07 10:30:00+00:00,2025-04-07 10:30:00+00:00,{},False
O-20250407-103000-001-V2-1338,BACKTESTER-001,MLSignalStrategyV2-V2,EUR/USD.IDEALPRO,IDEALPRO-1-1338,IDEALPRO-001,IDEALPRO-1-193269,EUR/USD.IDEALPRO-MLSignalStrategyV2-V2,BUY,LIMIT,100000.00,1.09652,USD,2.19 USD,MAKER,c1a571aa-f2af-490a-b300-b02086f8f78c,2025-04-07 10:54:00+00:00,2025-04-07 10:54:00+00:00,{},False
O-20250407-110000-001-V2-1339,BACKTESTER-001,MLSignalStrategyV2-V2,EUR/USD.IDEALPRO,IDEALPRO-1-1339,IDEALPRO-001,IDEALPRO-1-193283,EUR/USD.IDEALPRO-MLSignalStrategyV2-V2,SELL,MARKET,100000.00,1.09588,USD,2.19 USD,TAKER,666dedf2-941a-4bf0-9b71-5efcc199283c,2025-04-07 11:00:00+00:00,2025-04-07 11:00:00+00:00,{},False
O-20250407-110000-001-V2-1341,BACKTESTER-001,MLSignalStrategyV2-V2,EUR/USD.IDEALPRO,IDEALPRO-1-1341,IDEALPRO-001,IDEALPRO-1-193329,EUR/USD.IDEALPRO-MLSignalStrategyV2-V2,BUY,LIMIT,100000.00,1.09353,USD,2.19 USD,MAKER,5305b6e2-07bd-4bc9-a209-b0f6f825b58f,2025-04-07 11:23:00+00:00,2025-04-07 11:23:00+00:00,{},False
O-20250407-113000-001-V2-1342,BACKTESTER-001,MLSignalStrategyV2-V2,EUR/USD.IDEALPRO,IDEALPRO-1-1342,IDEALPRO-001,IDEALPRO-1-193344,EUR/USD.IDEALPRO-MLSignalStrategyV2-V2,BUY,MARKET,100000.00,1.09441,USD,2.19 USD,TAKER,8cd1948e-112b-4c6b-b3fb-15e81e652e82,2025-04-07 11:30:00+00:00,2025-04-07 11:30:00+00:00,{},False
O-20250407-113000-001-V2-1344,BACKTESTER-001,MLSignalStrategyV2-V2,EUR/USD.IDEALPRO,IDEALPRO-1-1344,IDEALPRO-001,IDEALPRO-1-193389,EUR/USD.IDEALPRO-MLSignalStrategyV2-V2,SELL,LIMIT,100000.00,1.09631,USD,2.19 USD,MAKER,8f0c8233-fb06-4aa0-9e15-2c439d0d6bb7,2025-04-07 11:52:00+00:00,2025-04-07 11:52:00+00:00,{},False
O-20250407-124500-001-V2-1345,BACKTESTER-001,MLSignalStrategyV2-V2,EUR/USD.IDEALPRO,IDEALPRO-1-1345,IDEALPRO-001,IDEALPRO-1-193496,EUR/USD.IDEALPRO-MLSignalStrategyV2-V2,SELL,MARKET,100000.00,1.09719,USD,2.19 USD,TAKER,fa564a3d-45f7-431e-9047-9562c383aeb8,2025-04-07 12:45:00+00:00,2025-04-07 12:45:00+00:00,{},False
O-20250407-124500-001-V2-1347,BACKTESTER-001,MLSignalStrategyV2-V2,EUR/USD.IDEALPRO,IDEALPRO-1-1347,IDEALPRO-001,IDEALPRO-1-193621,EUR/USD.IDEALPRO-MLSignalStrategyV2-V2,BUY,LIMIT,100000.00,1.09485,USD,2.19 USD,MAKER,ff6e75d1-92d7-46eb-a5f0-20e99bfb0b5c,2025-04-07 13:47:00+00:00,2025-04-07 13:47:00+00:00,{},False
O-20250407-140000-001-V2-1348,BACKTESTER-001,MLSignalStrategyV2-V2,EUR/USD.IDEALPRO,IDEALPRO-1-1348,IDEALPRO-001,IDEALPRO-1-193648,EUR/USD.IDEALPRO-MLSignalStrategyV2-V2,SELL,MARKET,100000.00,1.09415,USD,2.19 USD,TAKER,b76780ef-43e3-4626-863e-4858e02976c5,2025-04-07 14:00:00+00:00,2025-04-07 14:00:00+00:00,{},False
O-20250407-140000-001-V2-1349,BACKTESTER-001,MLSignalStrategyV2-V2,EUR/USD.IDEALPRO,IDEALPRO-1-1349,IDEALPRO-001,IDEALPRO-1-193671,EUR/USD.IDEALPRO-MLSignalStrategyV2-V2,BUY,STOP_MARKET,100000.00,1.09727,USD,2.19 USD,TAKER,49c2109c-1ca6-4e46-bb9b-d4309242c6da,2025-04-07 14:11:00+00:00,2025-04-07 14:11:00+00:00,{},False
O-20250407-141500-001-V2-1351,BACKTESTER-001,MLSignalStrategyV2-V2,EUR/USD.IDEALPRO,IDEALPRO-1-1351,IDEALPRO-001,IDEALPRO-1-193680,EUR/USD.IDEALPRO-MLSignalStrategyV2-V2,SELL,MARKET,100000.00,1.09643,USD,2.19 USD,TAKER,8610019f-8212-4f51-bf80-3c2b0647e05c,2025-04-07 14:15:00+00:00,2025-04-07 14:15:00+00:00,{},False
O-20250407-141500-001-V2-1353,BACKTESTER-001,MLSignalStrategyV2-V2,EUR/USD.IDEALPRO,IDEALPRO-1-1353,IDEALPRO-001,IDEALPRO-1-193703,EUR/USD.IDEALPRO-MLSignalStrategyV2-V2,BUY,LIMIT,100000.00,1.09367,USD,2.19 USD,MAKER,7dc4542c-f8e4-44e3-a874-8fde7b0fea49,2025-04-07 14:26:00+00:00,2025-04-07 14:26:00+00:00,{},False
O-20250407-171500-001-V2-1354,BACKTESTER-001,MLSignalStrategyV2-V2,EUR/USD.IDEALPRO,IDEALPRO-1-1354,IDEALPRO-001,IDEALPRO-1-194042,EUR/USD.IDEALPRO-MLSignalStrategyV2-V2,SELL,MARKET,100000.00,1.09366,USD,2.19 USD,TAKER,ec4a7c4a-8a89-4872-ae08-c87e6cb769d4,2025-04-07 17:15:00+00:00,2025-04-07 17:15:00+00:00,{},False
O-20250407-171500-001-V2-1356,BACKTESTER-001,MLSignalStrategyV2-V2,EUR/USD.IDEALPRO,IDEALPRO-1-1356,IDEALPRO-001,IDEALPRO-1-194373,EUR/USD.IDEALPRO-MLSignalStrategyV2-V2,BUY,LIMIT,100000.00,1.09137,USD,2.18 USD,MAKER,2090e909-c03d-410b-b140-905a44327e83,2025-04-07 20:00:00+00:00,2025-04-07 20:00:00+00:00,{},False
O-20250407-204500-001-V2-1357,BACKTESTER-001,MLSignalStrategyV2-V2,EUR/USD.IDEALPRO,IDEALPRO-1-1357,IDEALPRO-001,IDEALPRO-1-194464,EUR/USD.IDEALPRO-MLSignalStrategyV2-V2,BUY,MARKET,100000.00,1.09058,USD,2.18 USD,TAKER,ee3b9ac5-c18a-468c-9262-7c623c027fe1,2025-04-07 20:45:00+00:00,2025-04-07 20:45:00+00:00,{},False
O-20250407-204500-001-V2-1359,BACKTESTER-001,MLSignalStrategyV2-V2,EUR/USD.IDEALPRO,IDEALPRO-1-1359,IDEALPRO-001,IDEALPRO-1-194591,EUR/USD.IDEALPRO-MLSignalStrategyV2-V2,SELL,LIMIT,100000.00,1.09210,USD,2.18 USD,MAKER,bac93376-4043-4437-944e-6785aa84fd96,2025-04-07 22:03:00+00:00,2025-04-07 22:03:00+00:00,{},False
O-20250407-221500-001-V2-1360,BACKTESTER-001,MLSignalStrategyV2-V2,EUR/USD.IDEALPRO,IDEALPRO-1-1360,IDEALPRO-001,IDEALPRO-1-194617,EUR/USD.IDEALPRO-MLSignalStrategyV2-V2,BUY,MARKET,100000.00,1.09136,USD,2.18 USD,TAKER,ab833dca-8cb8-4da7-a3af-09d887e5bae9,2025-04-07 22:15:00+00:00,2025-04-07 22:15:00+00:00,{},False
O-20250407-221500-001-V2-1362,BACKTESTER-001,MLSignalStrategyV2-V2,EUR/USD.IDEALPRO,IDEALPRO-1-1362,IDEALPRO-001,IDEALPRO-1-194835,EUR/USD.IDEALPRO-MLSignalStrategyV2-V2,SELL,LIMIT,100000.00,1.09253,USD,2.19 USD,MAKER,851f7858-fd59-4c6b-865b-ab4239ee470d,2025-04-08 00:04:00+00:00,2025-04-08 00:04:00+00:00,{},False
O-20250408-001500-001-V2-1363,BACKTESTER-001,MLSignalStrategyV2-V2,EUR/USD.IDEALPRO,IDEALPRO-1-1363,IDEALPRO-001,IDEALPRO-1-194858,EUR/USD.IDEALPRO-MLSignalStrategyV2-V2,BUY,MARKET,100000.00,1.09257,USD,2.19 USD,TAKER,53ed907a-b75b-49eb-ae0a-ba93a5145a66,2025-04-08 00:15:00+00:00,2025-04-08 00:15:00+00:00,{},False
O-20250408-001500-001-V2-1365,BACKTESTER-001,MLSignalStrategyV2-V2,EUR/USD.IDEALPRO,IDEALPRO-1-1365,IDEALPRO-001,IDEALPRO-1-194887,EUR/USD.IDEALPRO-MLSignalStrategyV2-V2,SELL,LIMIT,100000.00,1.09341,USD,2.19 USD,MAKER,23725be4-1952-49a7-a432-c8fa1e375242,2025-04-08 00:29:00+00:00,2025-04-08 00:29:00+00:00,{},False
O-20250408-003000-001-V2-1366,BACKTESTER-001,MLSignalStrategyV2-V2,EUR/USD.IDEALPRO,IDEALPRO-1-1366,IDEALPRO-001,IDEALPRO-1-194890,EUR/USD.IDEALPRO-MLSignalStrategyV2-V2,BUY,MARKET,100000.00,1.09352,USD,2.19 USD,TAKER,98e8f5b1-d488-4e6e-b27a-4708ddaf1a0b,2025-04-08 00:30:00+00:00,2025-04-08 00:30:00+00:00,{},False
O-20250408-003000-001-V2-1368,BACKTESTER-001,MLSignalStrategyV2-V2,EUR/USD.IDEALPRO,IDEALPRO-1-1368,IDEALPRO-001,IDEALPRO-1-194913,EUR/USD.IDEALPRO-MLSignalStrategyV2-V2,SELL,LIMIT,100000.00,1.09445,USD,2.19 USD,MAKER,e37390a9-93a7-4e3d-aec7-56c0770962c0,2025-04-08 00:41:00+00:00,2025-04-08 00:41:00+00:00,{},False
O-20250408-004500-001-V2-1369,BACKTESTER-001,MLSignalStrategyV2-V2,EUR/USD.IDEALPRO,IDEALPRO-1-1369,IDEALPRO-001,IDEALPRO-1-194922,EUR/USD.IDEALPRO-MLSignalStrategyV2-V2,BUY,MARKET,100000.00,1.09421,USD,2.19 USD,TAKER,e50178b4-f22b-45f8-93e4-ec0ddfc4173f,2025-04-08 00:45:00+00:00,2025-04-08 00:45:00+00:00,{},False
O-20250408-004500-001-V2-1371,BACKTESTER-001,MLSignalStrategyV2-V2,EUR/USD.IDEALPRO,IDEALPRO-1-1371,IDEALPRO-001,IDEALPRO-1-194961,EUR/USD.IDEALPRO-MLSignalStrategyV2-V2,SELL,LIMIT,100000.00,1.09527,USD,2.19 USD,MAKER,f9adb806-3a0b-479a-b748-6a1aef821406,2025-04-08 01:04:00+00:00,2025-04-08 01:04:00+00:00,{},False
O-20250408-011500-001-V2-1372,BACKTESTER-001,MLSignalStrategyV2-V2,EUR/USD.IDEALPRO,IDEALPRO-1-1372,IDEALPRO-001,IDEALPRO-1-194984,EUR/USD.IDEALPRO-MLSignalStrategyV2-V2,BUY,MARKET,100000.00,1.09464,USD,2.19 USD,TAKER,d7a27484-c699-4c60-9499-0e7f25198531,2025-04-08 01:15:00+00:00,2025-04-08 01:15:00+00:00,{},False
O-20250408-011500-001-V2-1374,BACKTESTER-001,MLSignalStrategyV2-V2,EUR/USD.IDEALPRO,IDEALPRO-1-1374,IDEALPRO-001,IDEALPRO-1-195023,EUR/USD.IDEALPRO-MLSignalStrategyV2-V2,SELL,LIMIT,100000.00,1.09572,USD,2.19 USD,MAKER,dc2c47da-2ccc-4068-a344-a6ad38528bc7,2025-04-08 01:34:00+00:00,2025-04-08 01:34:00+00:00,{},False
O-20250408-014500-001-V2-1375,BACKTESTER-001,MLSignalStrategyV2-V2,EUR/USD.IDEALPRO,IDEALPRO-1-1375,IDEALPRO-001,IDEALPRO-1-195046,EUR/USD.IDEALPRO-MLSignalStrategyV2-V2,BUY,MARKET,100000.00,1.09597,USD,2.19 USD,TAKER,e0ebf477-87b7-49a2-ad09-bbd37cbf87a8,2025-04-08 01:45:00+00:00,2025-04-08 01:45:00+00:00,{},False
O-20250408-014500-001-V2-1377,BACKTESTER-001,MLSignalStrategyV2-V2,EUR/USD.IDEALPRO,IDEALPRO-1-1377,IDEALPRO-001,IDEALPRO-1-195153,EUR/USD.IDEALPRO-MLSignalStrategyV2-V2,SELL,LIMIT,100000.00,1.09728,USD,2.19 USD,MAKER,0d7bb56e-c728-4559-b08e-6bb4852c2b96,2025-04-08 02:38:00+00:00,2025-04-08 02:38:00+00:00,{},False
O-20250408-081500-001-V2-1378,BACKTESTER-001,MLSignalStrategyV2-V2,EUR/USD.IDEALPRO,IDEALPRO-1-1378,IDEALPRO-001,IDEALPRO-1-195828,EUR/USD.IDEALPRO-MLSignalStrategyV2-V2,SELL,MARKET,100000.00,1.09404,USD,2.19 USD,TAKER,c3ab223f-4cd4-44f9-8b7d-036526d80121,2025-04-08 08:15:00+00:00,2025-04-08 08:15:00+00:00,{},False
O-20250408-081500-001-V2-1380,BACKTESTER-001,MLSignalStrategyV2-V2,EUR/USD.IDEALPRO,IDEALPRO-1-1380,IDEALPRO-001,IDEALPRO-1-195941,EUR/USD.IDEALPRO-MLSignalStrategyV2-V2,BUY,LIMIT,100000.00,1.09227,USD,2.18 USD,MAKER,ded00fc4-182a-4147-aca1-8ed442996098,2025-04-08 09:11:00+00:00,2025-04-08 09:11:00+00:00,{},False
O-20250408-091500-001-V2-1381,BACKTESTER-001,MLSignalStrategyV2-V2,EUR/USD.IDEALPRO,IDEALPRO-1-1381,IDEALPRO-001,IDEALPRO-1-195950,EUR/USD.IDEALPRO-MLSignalStrategyV2-V2,BUY,MARKET,100000.00,1.09279,USD,2.19 USD,TAKER,b47e3ccf-ba98-47a1-aa12-7afe79a14471,2025-04-08 09:15:00+00:00,2025-04-08 09:15:00+00:00,{},False
O-20250408-091500-001-V2-1383,BACKTESTER-001,MLSignalStrategyV2-V2,EUR/USD.IDEALPRO,IDEALPRO-1-1383,IDEALPRO-001,IDEALPRO-1-196205,EUR/USD.IDEALPRO-MLSignalStrategyV2-V2,SELL,LIMIT,100000.00,1.09438,USD,2.19 USD,MAKER,84bb1af2-4da5-45e2-8625-dfc0b59d6819,2025-04-08 11:22:00+00:00,2025-04-08 11:22:00+00:00,{},False
O-20250408-144500-001-V2-1384,BACKTESTER-001,MLSignalStrategyV2-V2,EUR/USD.IDEALPRO,IDEALPRO-1-1384,IDEALPRO-001,IDEALPRO-1-196613,EUR/USD.IDEALPRO-MLSignalStrategyV2-V2,BUY,MARKET,100000.00,1.08953,USD,2.18 USD,TAKER,4c4975d3-d4ce-4562-ade5-86da2a54b400,2025-04-08 14:45:00+00:00,2025-04-08 14:45:00+00:00,{},False
O-20250408-144500-001-V2-1386,BACKTESTER-001,MLSignalStrategyV2-V2,EUR/USD.IDEALPRO,IDEALPRO-1-1386,IDEALPRO-001,IDEALPRO-1-196635,EUR/USD.IDEALPRO-MLSignalStrategyV2-V2,SELL,LIMIT,100000.00,1.09158,USD,2.18 USD,MAKER,1b67d3dd-1205-49b9-8f28-9108f9e40bb7,2025-04-08 14:56:00+00:00,2025-04-08 14:56:00+00:00,{},False
O-20250408-161500-001-V2-1387,BACKTESTER-001,MLSignalStrategyV2-V2,EUR/USD.IDEALPRO,IDEALPRO-1-1387,IDEALPRO-001,IDEALPRO-1-196794,EUR/USD.IDEALPRO-MLSignalStrategyV2-V2,BUY,MARKET,100000.00,1.09074,USD,2.18 USD,TAKER,ed72deeb-500c-465f-bab3-5be3ebce9a87,2025-04-08 16:15:00+00:00,2025-04-08 16:15:00+00:00,{},False
O-20250408-161500-001-V2-1389,BACKTESTER-001,MLSignalStrategyV2-V2,EUR/USD.IDEALPRO,IDEALPRO-1-1389,IDEALPRO-001,IDEALPRO-1-196857,EUR/USD.IDEALPRO-MLSignalStrategyV2-V2,SELL,LIMIT,100000.00,1.09258,USD,2.19 USD,MAKER,e4d609b0-ccfa-4fec-9491-1f8f450ed589,2025-04-08 16:46:00+00:00,2025-04-08 16:46:00+00:00,{},False
O-20250408-203000-001-V2-1390,BACKTESTER-001,MLSignalStrategyV2-V2,EUR/USD.IDEALPRO,IDEALPRO-1-1390,IDEALPRO-001,IDEALPRO-1-197307,EUR/USD.IDEALPRO-MLSignalStrategyV2-V2,BUY,MARKET,100000.00,1.09419,USD,2.19 USD,TAKER,bf5d5e3c-0f8d-441e-be73-ba80fde9d35d,2025-04-08 20:30:00+00:00,2025-04-08 20:30:00+00:00,{},False
O-20250408-203000-001-V2-1392,BACKTESTER-001,MLSignalStrategyV2-V2,EUR/USD.IDEALPRO,IDEALPRO-1-1392,IDEALPRO-001,IDEALPRO-1-197353,EUR/USD.IDEALPRO-MLSignalStrategyV2-V2,SELL,LIMIT,100000.00,1.09567,USD,2.19 USD,MAKER,34519a8d-ca79-4daf-aaa0-da6498015518,2025-04-08 20:53:00+00:00,2025-04-08 20:53:00+00:00,{},False
O-20250408-221500-001-V2-1393,BACKTESTER-001,MLSignalStrategyV2-V2,EUR/USD.IDEALPRO,IDEALPRO-1-1393,IDEALPRO-001,IDEALPRO-1-197489,EUR/USD.IDEALPRO-MLSignalStrategyV2-V2,BUY,MARKET,100000.00,1.09677,USD,2.19 USD,TAKER,f13f3178-fc36-4868-b0b8-d6b73f7085a6,2025-04-08 22:15:00+00:00,2025-04-08 22:15:00+00:00,{},False
O-20250408-221500-001-V2-1395,BACKTESTER-001,MLSignalStrategyV2-V2,EUR/USD.IDEALPRO,IDEALPRO-1-1395,IDEALPRO-001,IDEALPRO-1-197591,EUR/USD.IDEALPRO-MLSignalStrategyV2-V2,SELL,LIMIT,100000.00,1.09784,USD,2.20 USD,MAKER,55ce9fc9-509d-45c6-88cf-6c352ee69e33,2025-04-08 23:06:00+00:00,2025-04-08 23:06:00+00:00,{},False
O-20250408-233000-001-V2-1396,BACKTESTER-001,MLSignalStrategyV2-V2,EUR/USD.IDEALPRO,IDEALPRO-1-1396,IDEALPRO-001,IDEALPRO-1-197641,EUR/USD.IDEALPRO-MLSignalStrategyV2-V2,BUY,MARKET,100000.00,1.09791,USD,2.20 USD,TAKER,372dcbf1-3281-44f5-8ab3-49b42cabf3c2,2025-04-08 23:30:00+00:00,2025-04-08 23:30:00+00:00,{},False
O-20250408-233000-001-V2-1398,BACKTESTER-001,MLSignalStrategyV2-V2,EUR/USD.IDEALPRO,IDEALPRO-1-1398,IDEALPRO-001,IDEALPRO-1-197751,EUR/USD.IDEALPRO-MLSignalStrategyV2-V2,SELL,LIMIT,100000.00,1.09902,USD,2.20 USD,MAKER,f834c925-c54d-48c1-ba6b-2085c44103d9,2025-04-09 00:25:00+00:00,2025-04-09 00:25:00+00:00,{},False
O-20250409-020000-001-V2-1399,BACKTESTER-001,MLSignalStrategyV2-V2,EUR/USD.IDEALPRO,IDEALPRO-1-1399,IDEALPRO-001,IDEALPRO-1-197942,EUR/USD.IDEALPRO-MLSignalStrategyV2-V2,BUY,MARKET,100000.00,1.10203,USD,2.20 USD,TAKER,8167aa12-a31b-4d04-9e40-bc74596e1e87,2025-04-09 02:00:00+00:00,2025-04-09 02:00:00+00:00,{},False
O-20250409-020000-001-V2-1401,BACKTESTER-001,MLSignalStrategyV2-V2,EUR/USD.IDEALPRO,IDEALPRO-1-1401,IDEALPRO-001,IDEALPRO-1-198121,EUR/USD.IDEALPRO-MLSignalStrategyV2-V2,SELL,LIMIT,100000.00,1.10353,USD,2.21 USD,MAKER,0ce9cb26-b18d-483a-89a2-ecf90acd8a08,2025-04-09 03:29:00+00:00,2025-04-09 03:29:00+00:00,{},False
O-20250409-033000-001-V2-1402,BACKTESTER-001,MLSignalStrategyV2-V2,EUR/USD.IDEALPRO,IDEALPRO-1-1402,IDEALPRO-001,IDEALPRO-1-198125,EUR/USD.IDEALPRO-MLSignalStrategyV2-V2,BUY,MARKET,100000.00,1.10346,USD,2.21 USD,TAKER,6a31caab-37e1-4293-8afe-63c436d23803,2025-04-09 03:30:00+00:00,2025-04-09 03:30:00+00:00,{},False
O-20250409-033000-001-V2-1403,BACKTESTER-001,MLSignalStrategyV2-V2,EUR/USD.IDEALPRO,IDEALPRO-1-1403,IDEALPRO-001,IDEALPRO-1-198155,EUR/USD.IDEALPRO-MLSignalStrategyV2-V2,SELL,STOP_MARKET,100000.00,1.10156,USD,2.20 USD,TAKER,d075001e-1ab3-4620-95e9-797ae9c6a58d,2025-04-09 03:45:00+00:00,2025-04-09 03:45:00+00:00,{},False
O-20250409-034500-001-V2-1405,BACKTESTER-001,MLSignalStrategyV2-V2,EUR/USD.IDEALPRO,IDEALPRO-1-1405,IDEALPRO-001,IDEALPRO-1-198156,EUR/USD.IDEALPRO-MLSignalStrategyV2-V2,BUY,MARKET,100000.00,1.10186,USD,2.20 USD,TAKER,a2ee0185-cc74-433c-9fec-d9c1b161a486,2025-04-09 03:45:00+00:00,2025-04-09 03:45:00+00:00,{},False
O-20250409-034500-001-V2-1407,BACKTESTER-001,MLSignalStrategyV2-V2,EUR/USD.IDEALPRO,IDEALPRO-1-1407,IDEALPRO-001,IDEALPRO-1-198203,EUR/USD.IDEALPRO-MLSignalStrategyV2-V2,SELL,LIMIT,100000.00,1.10349,USD,2.21 USD,MAKER,dfa3f123-8034-4951-b9c8-4ab852dc3247,2025-04-09 04:08:00+00:00,2025-04-09 04:08:00+00:00,{},False
O-20250409-041500-001-V2-1408,BACKTESTER-001,MLSignalStrategyV2-V2,EUR/USD.IDEALPRO,IDEALPRO-1-1408,IDEALPRO-001,IDEALPRO-1-198218,EUR/USD.IDEALPRO-MLSignalStrategyV2-V2,BUY,MARKET,100000.00,1.10386,USD,2.21 USD,TAKER,f7dd3f7e-77b6-4a67-9e05-d493b79b31ab,2025-04-09 04:15:00+00:00,2025-04-09 04:15:00+00:00,{},False
O-20250409-041500-001-V2-1410,BACKTESTER-001,MLSignalStrategyV2-V2,EUR/USD.IDEALPRO,IDEALPRO-1-1410,IDEALPRO-001,IDEALPRO-1-198243,EUR/USD.IDEALPRO-MLSignalStrategyV2-V2,SELL,LIMIT,100000.00,1.10572,USD,2.21 USD,MAKER,f8da07db-810b-4227-bf5a-483207f71b71,2025-04-09 04:27:00+00:00,2025-04-09 04:27:00+00:00,{},False
O-20250409-054500-001-V2-1411,BACKTESTER-001,MLSignalStrategyV2-V2,EUR/USD.IDEALPRO,IDEALPRO-1-1411,IDEALPRO-001,IDEALPRO-1-198400,EUR/USD.IDEALPRO-MLSignalStrategyV2-V2,BUY,MARKET,100000.00,1.10456,USD,2.21 USD,TAKER,c6ec0ca2-5360-46e2-8751-d15a43ae45a2,2025-04-09 05:45:00+00:00,2025-04-09 05:45:00+00:00,{},False
O-20250409-054500-001-V2-1413,BACKTESTER-001,MLSignalStrategyV2-V2,EUR/USD.IDEALPRO,IDEALPRO-1-1413,IDEALPRO-001,IDEALPRO-1-198435,EUR/USD.IDEALPRO-MLSignalStrategyV2-V2,SELL,LIMIT,100000.00,1.10637,USD,2.21 USD,MAKER,1e372e67-73b3-40d6-aeb2-17ed93eb414f,2025-04-09 06:02:00+00:00,2025-04-09 06:02:00+00:00,{},False
O-20250409-080000-001-V2-1414,BACKTESTER-001,MLSignalStrategyV2-V2,EUR/USD.IDEALPRO,IDEALPRO-1-1414,IDEALPRO-001,IDEALPRO-1-198672,EUR/USD.IDEALPRO-MLSignalStrategyV2-V2,BUY,MARKET,100000.00,1.10154,USD,2.20 USD,TAKER,25c3d022-2aa5-4edb-8371-4dc25503b8a9,2025-04-09 08:00:00+00:00,2025-04-09 08:00:00+00:00,{},False
O-20250409-080000-001-V2-1416,BACKTESTER-001,MLSignalStrategyV2-V2,EUR/USD.IDEALPRO,IDEALPRO-1-1416,IDEALPRO-001,IDEALPRO-1-198875,EUR/USD.IDEALPRO-MLSignalStrategyV2-V2,SELL,LIMIT,100000.00,1.10371,USD,2.21 USD,MAKER,b83d5ca3-8743-4fca-901d-16de19f56537,2025-04-09 09:41:00+00:00,2025-04-09 09:41:00+00:00,{},False
O-20250409-143000-001-V2-1417,BACKTESTER-001,MLSignalStrategyV2-V2,EUR/USD.IDEALPRO,IDEALPRO-1-1417,IDEALPRO-001,IDEALPRO-1-199454,EUR/USD.IDEALPRO-MLSignalStrategyV2-V2,SELL,MARKET,100000.00,1.10434,USD,2.21 USD,TAKER,7ad93e63-57ee-49d6-9950-4bfcfce460a1,2025-04-09 14:30:00+00:00,2025-04-09 14:30:00+00:00,{},False
O-20250409-143000-001-V2-1418,BACKTESTER-001,MLSignalStrategyV2-V2,EUR/USD.IDEALPRO,IDEALPRO-1-1418,IDEALPRO-001,IDEALPRO-1-199591,EUR/USD.IDEALPRO-MLSignalStrategyV2-V2,BUY,STOP_MARKET,100000.00,1.10695,USD,2.21 USD,TAKER,4d6e2f77-4583-4e50-95b8-d4a67bbcffa4,2025-04-09 15:38:00+00:00,2025-04-09 15:38:00+00:00,{},False
O-20250409-160000-001-V2-1420,BACKTESTER-001,MLSignalStrategyV2-V2,EUR/USD.IDEALPRO,IDEALPRO-1-1420,IDEALPRO-001,IDEALPRO-1-199636,EUR/USD.IDEALPRO-MLSignalStrategyV2-V2,SELL,MARKET,100000.00,1.10383,USD,2.21 USD,TAKER,a764460b-efbe-4647-ae06-7e5932bbe729,2025-04-09 16:00:00+00:00,2025-04-09 16:00:00+00:00,{},False
O-20250409-160000-001-V2-1422,BACKTESTER-001,MLSignalStrategyV2-V2,EUR/USD.IDEALPRO,IDEALPRO-1-1422,IDEALPRO-001,IDEALPRO-1-199749,EUR/USD.IDEALPRO-MLSignalStrategyV2-V2,BUY,LIMIT,100000.00,1.10192,USD,2.20 USD,MAKER,ecf5296a-0a1c-4b91-b92a-91fefc683f54,2025-04-09 16:56:00+00:00,2025-04-09 16:56:00+00:00,{},False
O-20250409-200000-001-V2-1423,BACKTESTER-001,MLSignalStrategyV2-V2,EUR/USD.IDEALPRO,IDEALPRO-1-1423,IDEALPRO-001,IDEALPRO-1-200118,EUR/USD.IDEALPRO-MLSignalStrategyV2-V2,BUY,MARKET,100000.00,1.09356,USD,2.19 USD,TAKER,d1d672fb-e6f7-49a7-b0fd-f9980a4c4276,2025-04-09 20:00:00+00:00,2025-04-09 20:00:00+00:00,{},False
O-20250409-200000-001-V2-1425,BACKTESTER-001,MLSignalStrategyV2-V2,EUR/USD.IDEALPRO,IDEALPRO-1-1425,IDEALPRO-001,IDEALPRO-1-200627,EUR/USD.IDEALPRO-MLSignalStrategyV2-V2,SELL,LIMIT,100000.00,1.09721,USD,2.19 USD,MAKER,578a3891-10db-45ca-9a28-51113a0bd5d5,2025-04-10 00:29:00+00:00,2025-04-10 00:29:00+00:00,{},False
O-20250410-003000-001-V2-1426,BACKTESTER-001,MLSignalStrategyV2-V2,EUR/USD.IDEALPRO,IDEALPRO-1-1426,IDEALPRO-001,IDEALPRO-1-200630,EUR/USD.IDEALPRO-MLSignalStrategyV2-V2,BUY,MARKET,100000.00,1.09679,USD,2.19 USD,TAKER,d174c93b-0ad7-45ac-94c9-0a345c15a389,2025-04-10 00:30:00+00:00,2025-04-10 00:30:00+00:00,{},False
O-20250410-003000-001-V2-1428,BACKTESTER-001,MLSignalStrategyV2-V2,EUR/USD.IDEALPRO,IDEALPRO-1-1428,IDEALPRO-001,IDEALPRO-1-200677,EUR/USD.IDEALPRO-MLSignalStrategyV2-V2,SELL,LIMIT,100000.00,1.09802,USD,2.20 USD,MAKER,d70a291d-9ae4-4d5f-8575-4b27f1df2faa,2025-04-10 00:53:00+00:00,2025-04-10 00:53:00+00:00,{},False
O-20250410-030000-001-V2-1429,BACKTESTER-001,MLSignalStrategyV2-V2,EUR/USD.IDEALPRO,IDEALPRO-1-1429,IDEALPRO-001,IDEALPRO-1-200932,EUR/USD.IDEALPRO-MLSignalStrategyV2-V2,BUY,MARKET,100000.00,1.09719,USD,2.19 USD,TAKER,a477f51a-abbd-466a-85fb-86ef9892b4ca,2025-04-10 03:00:00+00:00,2025-04-10 03:00:00+00:00,{},False
O-20250410-030000-001-V2-1431,BACKTESTER-001,MLSignalStrategyV2-V2,EUR/USD.IDEALPRO,IDEALPRO-1-1431,IDEALPRO-001,IDEALPRO-1-200953,EUR/USD.IDEALPRO-MLSignalStrategyV2-V2,SELL,LIMIT,100000.00,1.09824,USD,2.20 USD,MAKER,daea430b-ea59-492e-8ecc-bb3a8199dec0,2025-04-10 03:10:00+00:00,2025-04-10 03:10:00+00:00,{},False
O-20250410-063000-001-V2-1432,BACKTESTER-001,MLSignalStrategyV2-V2,EUR/USD.IDEALPRO,IDEALPRO-1-1432,IDEALPRO-001,IDEALPRO-1-201354,EUR/USD.IDEALPRO-MLSignalStrategyV2-V2,BUY,MARKET,100000.00,1.09803,USD,2.20 USD,TAKER,7f43e233-7e79-4909-9c84-26575d85b7b5,2025-04-10 06:30:00+00:00,2025-04-10 06:30:00+00:00,{},False
O-20250410-063000-001-V2-1433,BACKTESTER-001,MLSignalStrategyV2-V2,EUR/USD.IDEALPRO,IDEALPRO-1-1433,IDEALPRO-001,IDEALPRO-1-201371,EUR/USD.IDEALPRO-MLSignalStrategyV2-V2,SELL,STOP_MARKET,100000.00,1.09668,USD,2.19 USD,TAKER,da268665-6aa7-45bd-b8d4-ccca398ec269,2025-04-10 06:38:00+00:00,2025-04-10 06:38:00+00:00,{},False
O-20250410-064500-001-V2-1435,BACKTESTER-001,MLSignalStrategyV2-V2,EUR/USD.IDEALPRO,IDEALPRO-1-1435,IDEALPRO-001,IDEALPRO-1-201386,EUR/USD.IDEALPRO-MLSignalStrategyV2-V2,BUY,MARKET,100000.00,1.09782,USD,2.20 USD,TAKER,8393c18a-f8df-4f5a-ba24-1e96e91baba6,2025-04-10 06:45:00+00:00,2025-04-10 06:45:00+00:00,{},False
O-20250410-064500-001-V2-1436,BACKTESTER-001,MLSignalStrategyV2-V2,EUR/USD.IDEALPRO,IDEALPRO-1-1436,IDEALPRO-001,IDEALPRO-1-201407,EUR/USD.IDEALPRO-MLSignalStrategyV2-V2,SELL,STOP_MARKET,100000.00,1.09635,USD,2.19 USD,TAKER,1669cc0f-e368-4752-8a3e-d3a78939e311,2025-04-10 06:55:00+00:00,2025-04-10 06:55:00+00:00,{},False
O-20250410-090000-001-V2-1438,BACKTESTER-001,MLSignalStrategyV2-V2,EUR/USD.IDEALPRO,IDEALPRO-1-1438,IDEALPRO-001,IDEALPRO-1-201658,EUR/USD.IDEALPRO-MLSignalStrategyV2-V2,SELL,MARKET,100000.00,1.10376,USD,2.21 USD,TAKER,6873255f-8f1a-48d0-add6-4d55020046fa,2025-04-10 09:00:00+00:00,2025-04-10 09:00:00+00:00,{},False
O-20250410-090000-001-V2-1439,BACKTESTER-001,MLSignalStrategyV2-V2,EUR/USD.IDEALPRO,IDEALPRO-1-1439,IDEALPRO-001,IDEALPRO-1-201781,EUR/USD.IDEALPRO-MLSignalStrategyV2-V2,BUY,STOP_MARKET,100000.00,1.10642,USD,2.21 USD,TAKER,a2fb847d-a56b-49df-ac16-a6f7b47107f8,2025-04-10 10:01:00+00:00,2025-04-10 10:01:00+00:00,{},False
O-20250410-104500-001-V2-1441,BACKTESTER-001,MLSignalStrategyV2-V2,EUR/USD.IDEALPRO,IDEALPRO-1-1441,IDEALPRO-001,IDEALPRO-1-201870,EUR/USD.IDEALPRO-MLSignalStrategyV2-V2,BUY,MARKET,100000.00,1.10713,USD,2.21 USD,TAKER,857700ce-09a1-4576-9956-fef9135ff265,2025-04-10 10:45:00+00:00,2025-04-10 10:45:00+00:00,{},False
O-20250410-104500-001-V2-1443,BACKTESTER-001,MLSignalStrategyV2-V2,EUR/USD.IDEALPRO,IDEALPRO-1-1443,IDEALPRO-001,IDEALPRO-1-201915,EUR/USD.IDEALPRO-MLSignalStrategyV2-V2,SELL,LIMIT,100000.00,1.10886,USD,2.22 USD,MAKER,f50e30aa-5b19-4f64-8476-cd106fb04eac,2025-04-10 11:07:00+00:00,2025-04-10 11:07:00+00:00,{},False
O-20250410-121500-001-V2-1444,BACKTESTER-001,MLSignalStrategyV2-V2,EUR/USD.IDEALPRO,IDEALPRO-1-1444,IDEALPRO-001,IDEALPRO-1-202052,EUR/USD.IDEALPRO-MLSignalStrategyV2-V2,BUY,MARKET,100000.00,1.10914,USD,2.22 USD,TAKER,5282c92f-5cb8-4a98-864c-84c4640e8871,2025-04-10 12:15:00+00:00,2025-04-10 12:15:00+00:00,{},False
O-20250410-121500-001-V2-1446,BACKTESTER-001,MLSignalStrategyV2-V2,EUR/USD.IDEALPRO,IDEALPRO-1-1446,IDEALPRO-001,IDEALPRO-1-202081,EUR/USD.IDEALPRO-MLSignalStrategyV2-V2,SELL,LIMIT,100000.00,1.11073,USD,2.22 USD,MAKER,a6e7faee-70ec-48be-8f2f-ca1515b86561,2025-04-10 12:29:00+00:00,2025-04-10 12:29:00+00:00,{},False
O-20250410-141500-001-V2-1447,BACKTESTER-001,MLSignalStrategyV2-V2,EUR/USD.IDEALPRO,IDEALPRO-1-1447,IDEALPRO-001,IDEALPRO-1-202295,EUR/USD.IDEALPRO-MLSignalStrategyV2-V2,BUY,MARKET,100000.00,1.11288,USD,2.23 USD,TAKER,ea5a3e57-ce23-43f4-b3c5-ddbb2bb00e84,2025-04-10 14:15:00+00:00,2025-04-10 14:15:00+00:00,{},False
O-20250410-141500-001-V2-1449,BACKTESTER-001,MLSignalStrategyV2-V2,EUR/USD.IDEALPRO,IDEALPRO-1-1449,IDEALPRO-001,IDEALPRO-1-202343,EUR/USD.IDEALPRO-MLSignalStrategyV2-V2,SELL,LIMIT,100000.00,1.11488,USD,2.23 USD,MAKER,dd33eb28-9734-47e6-be14-d1751a43bf64,2025-04-10 14:39:00+00:00,2025-04-10 14:39:00+00:00,{},False
O-20250410-180000-001-V2-1450,BACKTESTER-001,MLSignalStrategyV2-V2,EUR/USD.IDEALPRO,IDEALPRO-1-1450,IDEALPRO-001,IDEALPRO-1-202746,EUR/USD.IDEALPRO-MLSignalStrategyV2-V2,SELL,MARKET,100000.00,1.12101,USD,2.24 USD,TAKER,7a531b3a-0e24-4973-823c-4f32f893c707,2025-04-10 18:00:00+00:00,2025-04-10 18:00:00+00:00,{},False
O-20250410-180000-001-V2-1451,BACKTESTER-001,MLSignalStrategyV2-V2,EUR/USD.IDEALPRO,IDEALPRO-1-1451,IDEALPRO-001,IDEALPRO-1-202797,EUR/USD.IDEALPRO-MLSignalStrategyV2-V2,BUY,STOP_MARKET,100000.00,1.12394,USD,2.25 USD,TAKER,d6e6926d-52ba-4f9f-a8b4-de6f2dcbabe2,2025-04-10 18:25:00+00:00,2025-04-10 18:25:00+00:00,{},False
O-20250410-183000-001-V2-1453,BACKTESTER-001,MLSignalStrategyV2-V2,EUR/USD.IDEALPRO,IDEALPRO-1-1453,IDEALPRO-001,IDEALPRO-1-202808,EUR/USD.IDEALPRO-MLSignalStrategyV2-V2,SELL,MARKET,100000.00,1.12371,USD,2.25 USD,TAKER,8eb6eba3-fd67-4305-a198-f161f1945b84,2025-04-10 18:30:00+00:00,2025-04-10 18:30:00+00:00,{},False
O-20250410-183000-001-V2-1455,BACKTESTER-001,MLSignalStrategyV2-V2,EUR/USD.IDEALPRO,IDEALPRO-1-1455,IDEALPRO-001,IDEALPRO-1-202855,EUR/USD.IDEALPRO-MLSignalStrategyV2-V2,BUY,LIMIT,100000.00,1.12147,USD,2.24 USD,MAKER,8dbfae45-cb59-4e0f-bf8f-d40fd19721d5,2025-04-10 18:53:00+00:00,2025-04-10 18:53:00+00:00,{},False
O-20250410-190000-001-V2-1456,BACKTESTER-001,MLSignalStrategyV2-V2,EUR/USD.IDEALPRO,IDEALPRO-1-1456,IDEALPRO-001,IDEALPRO-1-202870,EUR/USD.IDEALPRO-MLSignalStrategyV2-V2,SELL,MARKET,100000.00,1.12155,USD,2.24 USD,TAKER,c2c8b299-0732-4940-b083-b48600555e79,2025-04-10 19:00:00+00:00,2025-04-10 19:00:00+00:00,{},False
O-20250410-190000-001-V2-1458,BACKTESTER-001,MLSignalStrategyV2-V2,EUR/USD.IDEALPRO,IDEALPRO-1-1458,IDEALPRO-001,IDEALPRO-1-202887,EUR/USD.IDEALPRO-MLSignalStrategyV2-V2,BUY,LIMIT,100000.00,1.11900,USD,2.24 USD,MAKER,dd07579d-c8c6-4b6d-91be-1377aabb1878,2025-04-10 19:08:00+00:00,2025-04-10 19:08:00+00:00,{},False
O-20250410-191500-001-V2-1459,BACKTESTER-001,MLSignalStrategyV2-V2,EUR/USD.IDEALPRO,IDEALPRO-1-1459,IDEALPRO-001,IDEALPRO-1-202902,EUR/USD.IDEALPRO-MLSignalStrategyV2-V2,SELL,MARKET,100000.00,1.11866,USD,2.24 USD,TAKER,c777f9cc-93e9-4c8e-bb5a-f25fc16c2898,2025-04-10 19:15:00+00:00,2025-04-10 19:15:00+00:00,{},False
O-20250410-191500-001-V2-1461,BACKTESTER-001,MLSignalStrategyV2-V2,EUR/USD.IDEALPRO,IDEALPRO-1-1461,IDEALPRO-001,IDEALPRO-1-202917,EUR/USD.IDEALPRO-MLSignalStrategyV2-V2,BUY,LIMIT,100000.00,1.11638,USD,2.23 USD,MAKER,29c3ad1a-3b5d-4af6-8077-44a028f64cdf,2025-04-10 19:22:00+00:00,2025-04-10 19:22:00+00:00,{},False
O-20250411-011500-001-V2-1462,BACKTESTER-001,MLSignalStrategyV2-V2,EUR/USD.IDEALPRO,IDEALPRO-1-1462,IDEALPRO-001,IDEALPRO-1-203595,EUR/USD.IDEALPRO-MLSignalStrategyV2-V2,SELL,MARKET,100000.00,1.12901,USD,2.26 USD,TAKER,2b1a6743-b133-4db1-866d-ee2f8204a77c,2025-04-11 01:15:00+00:00,2025-04-11 01:15:00+00:00,{},False
O-20250411-011500-001-V2-1463,BACKTESTER-001,MLSignalStrategyV2-V2,EUR/USD.IDEALPRO,IDEALPRO-1-1463,IDEALPRO-001,IDEALPRO-1-203861,EUR/USD.IDEALPRO-MLSignalStrategyV2-V2,BUY,STOP_MARKET,100000.00,1.13320,USD,2.27 USD,TAKER,6d8885f7-496f-47ec-a23a-018a40ea43e4,2025-04-11 03:28:00+00:00,2025-04-11 03:28:00+00:00,{},False
O-20250411-041500-001-V2-1465,BACKTESTER-001,MLSignalStrategyV2-V2,EUR/USD.IDEALPRO,IDEALPRO-1-1465,IDEALPRO-001,IDEALPRO-1-203956,EUR/USD.IDEALPRO-MLSignalStrategyV2-V2,SELL,MARKET,100000.00,1.13253,USD,2.27 USD,TAKER,dbfbcc0b-8417-4e0d-a25a-18bf67af2092,2025-04-11 04:15:00+00:00,2025-04-11 04:15:00+00:00,{},False
O-20250411-041500-001-V2-1467,BACKTESTER-001,MLSignalStrategyV2-V2,EUR/USD.IDEALPRO,IDEALPRO-1-1467,IDEALPRO-001,IDEALPRO-1-204053,EUR/USD.IDEALPRO-MLSignalStrategyV2-V2,BUY,LIMIT,100000.00,1.13032,USD,2.26 USD,MAKER,c5692ce8-2441-4776-9656-8d16577bc1d0,2025-04-11 05:03:00+00:00,2025-04-11 05:03:00+00:00,{},False
O-20250411-053000-001-V2-1468,BACKTESTER-001,MLSignalStrategyV2-V2,EUR/USD.IDEALPRO,IDEALPRO-1-1468,IDEALPRO-001,IDEALPRO-1-204108,EUR/USD.IDEALPRO-MLSignalStrategyV2-V2,BUY,MARKET,100000.00,1.13005,USD,2.26 USD,TAKER,a7ba9ee1-88e8-41e3-8865-09de5e1c4e5d,2025-04-11 05:30:00+00:00,2025-04-11 05:30:00+00:00,{},False
O-20250411-053000-001-V2-1469,BACKTESTER-001,MLSignalStrategyV2-V2,EUR/USD.IDEALPRO,IDEALPRO-1-1469,IDEALPRO-001,IDEALPRO-1-204133,EUR/USD.IDEALPRO-MLSignalStrategyV2-V2,SELL,STOP_MARKET,100000.00,1.12757,USD,2.26 USD,TAKER,00ca1887-d96b-476c-8381-180a7f4be6ee,2025-04-11 05:42:00+00:00,2025-04-11 05:42:00+00:00,{},False
O-20250411-054500-001-V2-1471,BACKTESTER-001,MLSignalStrategyV2-V2,EUR/USD.IDEALPRO,IDEALPRO-1-1471,IDEALPRO-001,IDEALPRO-1-204140,EUR/USD.IDEALPRO-MLSignalStrategyV2-V2,BUY,MARKET,100000.00,1.12753,USD,2.26 USD,TAKER,17e0bf8a-c799-4a94-aaa0-965e8de42184,2025-04-11 05:45:00+00:00,2025-04-11 05:45:00+00:00,{},False
O-20250411-054500-001-V2-1472,BACKTESTER-001,MLSignalStrategyV2-V2,EUR/USD.IDEALPRO,IDEALPRO-1-1472,IDEALPRO-001,IDEALPRO-1-204225,EUR/USD.IDEALPRO-MLSignalStrategyV2-V2,SELL,STOP_MARKET,100000.00,1.12526,USD,2.25 USD,TAKER,b6c28478-fdee-434e-bd90-f80ddf7cea80,2025-04-11 06:27:00+00:00,2025-04-11 06:27:00+00:00,{},False
O-20250411-070000-001-V2-1474,BACKTESTER-001,MLSignalStrategyV2-V2,EUR/USD.IDEALPRO,IDEALPRO-1-1474,IDEALPRO-001,IDEALPRO-1-204292,EUR/USD.IDEALPRO-MLSignalStrategyV2-V2,BUY,MARKET,100000.00,1.12869,USD,2.26 USD,TAKER,0b8ba31e-504e-480c-9fae-7601fc2ed554,2025-04-11 07:00:00+00:00,2025-04-11 07:00:00+00:00,{},False
O-20250411-070000-001-V2-1476,BACKTESTER-001,MLSignalStrategyV2-V2,EUR/USD.IDEALPRO,IDEALPRO-1-1476,IDEALPRO-001,IDEALPRO-1-204301,EUR/USD.IDEALPRO-MLSignalStrategyV2-V2,SELL,LIMIT,100000.00,1.13119,USD,2.26 USD,MAKER,75cbed73-c2b4-4a7f-83bc-acddae82845b,2025-04-11 07:04:00+00:00,2025-04-11 07:04:00+00:00,{},False
O-20250411-071500-001-V2-1477,BACKTESTER-001,MLSignalStrategyV2-V2,EUR/USD.IDEALPRO,IDEALPRO-1-1477,IDEALPRO-001,IDEALPRO-1-204324,EUR/USD.IDEALPRO-MLSignalStrategyV2-V2,SELL,MARKET,100000.00,1.13346,USD,2.27 USD,TAKER,be9a49af-cb9b-40ec-b36f-92f04de38b4f,2025-04-11 07:15:00+00:00,2025-04-11 07:15:00+00:00,{},False
O-20250411-071500-001-V2-1478,BACKTESTER-001,MLSignalStrategyV2-V2,EUR/USD.IDEALPRO,IDEALPRO-1-1478,IDEALPRO-001,IDEALPRO-1-204407,EUR/USD.IDEALPRO-MLSignalStrategyV2-V2,BUY,STOP_MARKET,100000.00,1.13689,USD,2.27 USD,TAKER,577c08ac-d8d8-437c-9912-b414ff1d0e9f,2025-04-11 07:56:00+00:00,2025-04-11 07:56:00+00:00,{},False
O-20250411-090000-001-V2-1480,BACKTESTER-001,MLSignalStrategyV2-V2,EUR/USD.IDEALPRO,IDEALPRO-1-1480,IDEALPRO-001,IDEALPRO-1-204536,EUR/USD.IDEALPRO-MLSignalStrategyV2-V2,SELL,MARKET,100000.00,1.14272,USD,2.29 USD,TAKER,40cd5882-c8f6-4f68-beed-14c6e1bf65f3,2025-04-11 09:00:00+00:00,2025-04-11 09:00:00+00:00,{},False
O-20250411-090000-001-V2-1482,BACKTESTER-001,MLSignalStrategyV2-V2,EUR/USD.IDEALPRO,IDEALPRO-1-1482,IDEALPRO-001,IDEALPRO-1-204559,EUR/USD.IDEALPRO-MLSignalStrategyV2-V2,BUY,LIMIT,100000.00,1.13852,USD,2.28 USD,MAKER,e0a9df2b-d198-4dc4-9477-1b335bc334ba,2025-04-11 09:11:00+00:00,2025-04-11 09:11:00+00:00,{},False
O-20250411-091500-001-V2-1483,BACKTESTER-001,MLSignalStrategyV2-V2,EUR/USD.IDEALPRO,IDEALPRO-1-1483,IDEALPRO-001,IDEALPRO-1-204568,EUR/USD.IDEALPRO-MLSignalStrategyV2-V2,SELL,MARKET,100000.00,1.13996,USD,2.28 USD,TAKER,4d1e08f6-152c-412a-a6fd-4d2cefff987c,2025-04-11 09:15:00+00:00,2025-04-11 09:15:00+00:00,{},False
O-20250411-091500-001-V2-1485,BACKTESTER-001,MLSignalStrategyV2-V2,EUR/USD.IDEALPRO,IDEALPRO-1-1485,IDEALPRO-001,IDEALPRO-1-204663,EUR/USD.IDEALPRO-MLSignalStrategyV2-V2,BUY,LIMIT,100000.00,1.13587,USD,2.27 USD,MAKER,0f29a8fb-be92-4f92-b231-a6481709b257,2025-04-11 10:02:00+00:00,2025-04-11 10:02:00+00:00,{},False
O-20250411-103000-001-V2-1486,BACKTESTER-001,MLSignalStrategyV2-V2,EUR/USD.IDEALPRO,IDEALPRO-1-1486,IDEALPRO-001,IDEALPRO-1-204720,EUR/USD.IDEALPRO-MLSignalStrategyV2-V2,BUY,MARKET,100000.00,1.13618,USD,2.27 USD,TAKER,674007ca-01f4-416d-ad61-dc819b8bcedd,2025-04-11 10:30:00+00:00,2025-04-11 10:30:00+00:00,{},False
O-20250411-103000-001-V2-1488,BACKTESTER-001,MLSignalStrategyV2-V2,EUR/USD.IDEALPRO,IDEALPRO-1-1488,IDEALPRO-001,IDEALPRO-1-205015,EUR/USD.IDEALPRO-MLSignalStrategyV2-V2,SELL,LIMIT,100000.00,1.13975,USD,2.28 USD,MAKER,217fabf6-bdc5-46e7-9609-3121daa90a92,2025-04-11 12:57:00+00:00,2025-04-11 12:57:00+00:00,{},False
O-20250411-130000-001-V2-1489,BACKTESTER-001,MLSignalStrategyV2-V2,EUR/USD.IDEALPRO,IDEALPRO-1-1489,IDEALPRO-001,IDEALPRO-1-205022,EUR/USD.IDEALPRO-MLSignalStrategyV2-V2,SELL,MARKET,100000.00,1.13955,USD,2.28 USD,TAKER,e90f01f6-2f6b-46d0-a53a-9a3ccde33e86,2025-04-11 13:00:00+00:00,2025-04-11 13:00:00+00:00,{},False
O-20250411-130000-001-V2-1491,BACKTESTER-001,MLSignalStrategyV2-V2,EUR/USD.IDEALPRO,IDEALPRO-1-1491,IDEALPRO-001,IDEALPRO-1-205101,EUR/USD.IDEALPRO-MLSignalStrategyV2-V2,BUY,LIMIT,100000.00,1.13569,USD,2.27 USD,MAKER,2f035a23-aa56-414c-8edc-77a0734988a2,2025-04-11 13:39:00+00:00,2025-04-11 13:39:00+00:00,{},False
O-20250411-134500-001-V2-1492,BACKTESTER-001,MLSignalStrategyV2-V2,EUR/USD.IDEALPRO,IDEALPRO-1-1492,IDEALPRO-001,IDEALPRO-1-205114,EUR/USD.IDEALPRO-MLSignalStrategyV2-V2,SELL,MARKET,100000.00,1.13813,USD,2.28 USD,TAKER,9b6be95d-65da-437b-9b7c-e0860e29cd7f,2025-04-11 13:45:00+00:00,2025-04-11 13:45:00+00:00,{},False
O-20250411-134500-001-V2-1494,BACKTESTER-001,MLSignalStrategyV2-V2,EUR/USD.IDEALPRO,IDEALPRO-1-1494,IDEALPRO-001,IDEALPRO-1-205121,EUR/USD.IDEALPRO-MLSignalStrategyV2-V2,BUY,LIMIT,100000.00,1.13355,USD,2.27 USD,MAKER,511eb0e7-b267-4dc5-9bc3-ff0bc66e99dc,2025-04-11 13:48:00+00:00,2025-04-11 13:48:00+00:00,{},False
O-20250411-151500-001-V2-1495,BACKTESTER-001,MLSignalStrategyV2-V2,EUR/USD.IDEALPRO,IDEALPRO-1-1495,IDEALPRO-001,IDEALPRO-1-205296,EUR/USD.IDEALPRO-MLSignalStrategyV2-V2,BUY,MARKET,100000.00,1.13278,USD,2.27 USD,TAKER,8dce05b0-6e2a-49b2-9182-78d4b58f260d,2025-04-11 15:15:00+00:00,2025-04-11 15:15:00+00:00,{},False
O-20250411-151500-001-V2-1496,BACKTESTER-001,MLSignalStrategyV2-V2,EUR/USD.IDEALPRO,IDEALPRO-1-1496,IDEALPRO-001,IDEALPRO-1-205431,EUR/USD.IDEALPRO-MLSignalStrategyV2-V2,SELL,STOP_MARKET,100000.00,1.12826,USD,2.26 USD,TAKER,e85b89c6-3233-4620-b7a4-c1c5eb2c52d0,2025-04-11 16:22:00+00:00,2025-04-11 16:22:00+00:00,{},False
O-20250411-163000-001-V2-1498,BACKTESTER-001,MLSignalStrategyV2-V2,EUR/USD.IDEALPRO,IDEALPRO-1-1498,IDEALPRO-001,IDEALPRO-1-205448,EUR/USD.IDEALPRO-MLSignalStrategyV2-V2,BUY,MARKET,100000.00,1.12899,USD,2.26 USD,TAKER,a79c2b7c-68b3-4025-a238-68dc920ac5be,2025-04-11 16:30:00+00:00,2025-04-11 16:30:00+00:00,{},False
O-20250411-163000-001-V2-1500,BACKTESTER-001,MLSignalStrategyV2-V2,EUR/USD.IDEALPRO,IDEALPRO-1-1500,IDEALPRO-001,IDEALPRO-1-205587,EUR/USD.IDEALPRO-MLSignalStrategyV2-V2,SELL,LIMIT,100000.00,1.13199,USD,2.26 USD,MAKER,51a5885a-df0b-4904-8cb8-b4414891bf73,2025-04-11 17:39:00+00:00,2025-04-11 17:39:00+00:00,{},False
O-20250411-200000-001-V2-1501,BACKTESTER-001,MLSignalStrategyV2-V2,EUR/USD.IDEALPRO,IDEALPRO-1-1501,IDEALPRO-001,IDEALPRO-1-205870,EUR/USD.IDEALPRO-MLSignalStrategyV2-V2,SELL,MARKET,100000.00,1.13417,USD,2.27 USD,TAKER,e18e7f8b-fa75-4e6b-adda-dde72e4d6511,2025-04-11 20:00:00+00:00,2025-04-11 20:00:00+00:00,{},False
O-20250411-200000-001-V2-1503,BACKTESTER-001,MLSignalStrategyV2-V2,EUR/USD.IDEALPRO,IDEALPRO-1-1503,IDEALPRO-001,IDEALPRO-1-205993,EUR/USD.IDEALPRO-MLSignalStrategyV2-V2,BUY,LIMIT,100000.00,1.13185,USD,2.26 USD,MAKER,647b3ae6-c077-4624-9c74-9add2c54b53b,2025-04-13 21:16:00+00:00,2025-04-13 21:16:00+00:00,{},False
O-20250413-213000-001-V2-1504,BACKTESTER-001,MLSignalStrategyV2-V2,EUR/USD.IDEALPRO,IDEALPRO-1-1504,IDEALPRO-001,IDEALPRO-1-206022,EUR/USD.IDEALPRO-MLSignalStrategyV2-V2,BUY,MARKET,100000.00,1.13194,USD,2.26 USD,TAKER,10090797-9872-4653-bfa8-12d63d59c657,2025-04-13 21:30:00+00:00,2025-04-13 21:30:00+00:00,{},False
O-20250413-213000-001-V2-1506,BACKTESTER-001,MLSignalStrategyV2-V2,EUR/USD.IDEALPRO,IDEALPRO-1-1506,IDEALPRO-001,IDEALPRO-1-206121,EUR/USD.IDEALPRO-MLSignalStrategyV2-V2,SELL,LIMIT,100000.00,1.13415,USD,2.27 USD,MAKER,c249376a-69ef-4c9c-9cdf-93e5c85eae65,2025-04-13 22:19:00+00:00,2025-04-13 22:19:00+00:00,{},False
O-20250413-223000-001-V2-1507,BACKTESTER-001,MLSignalStrategyV2-V2,EUR/USD.IDEALPRO,IDEALPRO-1-1507,IDEALPRO-001,IDEALPRO-1-206144,EUR/USD.IDEALPRO-MLSignalStrategyV2-V2,BUY,MARKET,100000.00,1.13438,USD,2.27 USD,TAKER,0b911ac5-8b82-4096-9c5b-54bed90b73a3,2025-04-13 22:30:00+00:00,2025-04-13 22:30:00+00:00,{},False
O-20250413-223000-001-V2-1508,BACKTESTER-001,MLSignalStrategyV2-V2,EUR/USD.IDEALPRO,IDEALPRO-1-1508,IDEALPRO-001,IDEALPRO-1-206261,EUR/USD.IDEALPRO-MLSignalStrategyV2-V2,SELL,STOP_MARKET,100000.00,1.13266,USD,2.27 USD,TAKER,9466bd34-aef9-4af0-88a8-267bd4b3fb8e,2025-04-13 23:28:00+00:00,2025-04-13 23:28:00+00:00,{},False
O-20250413-233000-001-V2-1510,BACKTESTER-001,MLSignalStrategyV2-V2,EUR/USD.IDEALPRO,IDEALPRO-1-1510,IDEALPRO-001,IDEALPRO-1-206266,EUR/USD.IDEALPRO-MLSignalStrategyV2-V2,BUY,MARKET,100000.00,1.13289,USD,2.27 USD,TAKER,e9b329e2-2249-4e6e-a289-28ccacd40df6,2025-04-13 23:30:00+00:00,2025-04-13 23:30:00+00:00,{},False
O-20250413-233000-001-V2-1512,BACKTESTER-001,MLSignalStrategyV2-V2,EUR/USD.IDEALPRO,IDEALPRO-1-1512,IDEALPRO-001,IDEALPRO-1-206303,EUR/USD.IDEALPRO-MLSignalStrategyV2-V2,SELL,LIMIT,100000.00,1.13494,USD,2.27 USD,MAKER,51af3f85-435a-4a96-ba1e-ac2aafcb0d20,2025-04-13 23:48:00+00:00,2025-04-13 23:48:00+00:00,{},False
O-20250414-023000-001-V2-1513,BACKTESTER-001,MLSignalStrategyV2-V2,EUR/USD.IDEALPRO,IDEALPRO-1-1513,IDEALPRO-001,IDEALPRO-1-206629,EUR/USD.IDEALPRO-MLSignalStrategyV2-V2,BUY,MARKET,100000.00,1.13895,USD,2.28 USD,TAKER,73b1483e-9932-4f5c-8686-d9be5c1df274,2025-04-14 02:30:00+00:00,2025-04-14 02:30:00+00:00,{},False
O-20250414-023000-001-V2-1514,BACKTESTER-001,MLSignalStrategyV2-V2,EUR/USD.IDEALPRO,IDEALPRO-1-1514,IDEALPRO-001,IDEALPRO-1-206737,EUR/USD.IDEALPRO-MLSignalStrategyV2-V2,SELL,STOP_MARKET,100000.00,1.13641,USD,2.27 USD,TAKER,c64039cd-d46e-410a-8e30-2419ea0d0545,2025-04-14 03:24:00+00:00,2025-04-14 03:24:00+00:00,{},False
O-20250414-073000-001-V2-1516,BACKTESTER-001,MLSignalStrategyV2-V2,EUR/USD.IDEALPRO,IDEALPRO-1-1516,IDEALPRO-001,IDEALPRO-1-207231,EUR/USD.IDEALPRO-MLSignalStrategyV2-V2,SELL,MARKET,100000.00,1.13994,USD,2.28 USD,TAKER,cb0d1a7d-6c6c-4c19-9b4c-dc37b1874c6a,2025-04-14 07:30:00+00:00,2025-04-14 07:30:00+00:00,{},False
O-20250414-073000-001-V2-1518,BACKTESTER-001,MLSignalStrategyV2-V2,EUR/USD.IDEALPRO,IDEALPRO-1-1518,IDEALPRO-001,IDEALPRO-1-207373,EUR/USD.IDEALPRO-MLSignalStrategyV2-V2,BUY,LIMIT,100000.00,1.13784,USD,2.28 USD,MAKER,65ba015f-ddf6-424a-8ed6-c84e078fb3ca,2025-04-14 08:41:00+00:00,2025-04-14 08:41:00+00:00,{},False
O-20250414-123000-001-V2-1519,BACKTESTER-001,MLSignalStrategyV2-V2,EUR/USD.IDEALPRO,IDEALPRO-1-1519,IDEALPRO-001,IDEALPRO-1-207832,EUR/USD.IDEALPRO-MLSignalStrategyV2-V2,BUY,MARKET,100000.00,1.13542,USD,2.27 USD,TAKER,4343b3ed-5e5a-4653-adf5-bdc55bd1d2cb,2025-04-14 12:30:00+00:00,2025-04-14 12:30:00+00:00,{},False
O-20250414-123000-001-V2-1521,BACKTESTER-001,MLSignalStrategyV2-V2,EUR/USD.IDEALPRO,IDEALPRO-1-1521,IDEALPRO-001,IDEALPRO-1-207847,EUR/USD.IDEALPRO-MLSignalStrategyV2-V2,SELL,LIMIT,100000.00,1.13714,USD,2.27 USD,MAKER,3841d38b-a0ea-48e5-ae6e-4b86a58f3717,2025-04-14 12:37:00+00:00,2025-04-14 12:37:00+00:00,{},False
O-20250414-133000-001-V2-1522,BACKTESTER-001,MLSignalStrategyV2-V2,EUR/USD.IDEALPRO,IDEALPRO-1-1522,IDEALPRO-001,IDEALPRO-1-207954,EUR/USD.IDEALPRO-MLSignalStrategyV2-V2,BUY,MARKET,100000.00,1.13064,USD,2.26 USD,TAKER,10b8794f-6208-46b3-873e-2712c8b5c1e6,2025-04-14 13:30:00+00:00,2025-04-14 13:30:00+00:00,{},False
O-20250414-133000-001-V2-1524,BACKTESTER-001,MLSignalStrategyV2-V2,EUR/USD.IDEALPRO,IDEALPRO-1-1524,IDEALPRO-001,IDEALPRO-1-207987,EUR/USD.IDEALPRO-MLSignalStrategyV2-V2,SELL,LIMIT,100000.00,1.13319,USD,2.27 USD,MAKER,dda7a456-e589-491c-af43-d6a058fad854,2025-04-14 13:46:00+00:00,2025-04-14 13:46:00+00:00,{},False
O-20250414-153000-001-V2-1525,BACKTESTER-001,MLSignalStrategyV2-V2,EUR/USD.IDEALPRO,IDEALPRO-1-1525,IDEALPRO-001,IDEALPRO-1-208196,EUR/USD.IDEALPRO-MLSignalStrategyV2-V2,SELL,MARKET,100000.00,1.13718,USD,2.27 USD,TAKER,2be6baca-927b-4821-af8c-a9bdde2ba9c9,2025-04-14 15:30:00+00:00,2025-04-14 15:30:00+00:00,{},False
O-20250414-153000-001-V2-1527,BACKTESTER-001,MLSignalStrategyV2-V2,EUR/USD.IDEALPRO,IDEALPRO-1-1527,IDEALPRO-001,IDEALPRO-1-208299,EUR/USD.IDEALPRO-MLSignalStrategyV2-V2,BUY,LIMIT,100000.00,1.13480,USD,2.27 USD,MAKER,7b97fe85-d511-48f1-b0a4-4cba6f616ac6,2025-04-14 16:21:00+00:00,2025-04-14 16:21:00+00:00,{},False
O-20250414-190000-001-V2-1528,BACKTESTER-001,MLSignalStrategyV2-V2,EUR/USD.IDEALPRO,IDEALPRO-1-1528,IDEALPRO-001,IDEALPRO-1-208618,EUR/USD.IDEALPRO-MLSignalStrategyV2-V2,SELL,MARKET,100000.00,1.13545,USD,2.27 USD,TAKER,db44e22f-0b76-4dd3-82e9-363e2476fa2f,2025-04-14 19:00:00+00:00,2025-04-14 19:00:00+00:00,{},False
O-20250414-190000-001-V2-1530,BACKTESTER-001,MLSignalStrategyV2-V2,EUR/USD.IDEALPRO,IDEALPRO-1-1530,IDEALPRO-001,IDEALPRO-1-209101,EUR/USD.IDEALPRO-MLSignalStrategyV2-V2,BUY,LIMIT,100000.00,1.13405,USD,2.27 USD,MAKER,5573ee71-b92f-4f2a-b62d-e356f4a9450f,2025-04-14 23:16:00+00:00,2025-04-14 23:16:00+00:00,{},False
O-20250414-233000-001-V2-1531,BACKTESTER-001,MLSignalStrategyV2-V2,EUR/USD.IDEALPRO,IDEALPRO-1-1531,IDEALPRO-001,IDEALPRO-1-209130,EUR/USD.IDEALPRO-MLSignalStrategyV2-V2,SELL,MARKET,100000.00,1.13429,USD,2.27 USD,TAKER,6e34364a-774e-4e61-a782-a2492eb59128,2025-04-14 23:30:00+00:00,2025-04-14 23:30:00+00:00,{},False
O-20250414-233000-001-V2-1533,BACKTESTER-001,MLSignalStrategyV2-V2,EUR/USD.IDEALPRO,IDEALPRO-1-1533,IDEALPRO-001,IDEALPRO-1-209173,EUR/USD.IDEALPRO-MLSignalStrategyV2-V2,BUY,LIMIT,100000.00,1.13339,USD,2.27 USD,MAKER,1c615295-f8b9-4f49-888d-855882790e11,2025-04-14 23:51:00+00:00,2025-04-14 23:51:00+00:00,{},False
O-20250415-000000-001-V2-1534,BACKTESTER-001,MLSignalStrategyV2-V2,EUR/USD.IDEALPRO,IDEALPRO-1-1534,IDEALPRO-001,IDEALPRO-1-209193,EUR/USD.IDEALPRO-MLSignalStrategyV2-V2,BUY,MARKET,100000.00,1.13364,USD,2.27 USD,TAKER,e052f5be-6fbc-4749-a4ca-9597baafc30a,2025-04-15 00:00:00+00:00,2025-04-15 00:00:00+00:00,{},False
O-20250415-000000-001-V2-1535,BACKTESTER-001,MLSignalStrategyV2-V2,EUR/USD.IDEALPRO,IDEALPRO-1-1535,IDEALPRO-001,IDEALPRO-1-209249,EUR/USD.IDEALPRO-MLSignalStrategyV2-V2,SELL,STOP_MARKET,100000.00,1.13258,USD,2.27 USD,TAKER,53289194-a222-44b9-b3b0-82caaa269b6a,2025-04-15 00:28:00+00:00,2025-04-15 00:28:00+00:00,{},False
O-20250415-003000-001-V2-1537,BACKTESTER-001,MLSignalStrategyV2-V2,EUR/USD.IDEALPRO,IDEALPRO-1-1537,IDEALPRO-001,IDEALPRO-1-209254,EUR/USD.IDEALPRO-MLSignalStrategyV2-V2,BUY,MARKET,100000.00,1.13266,USD,2.27 USD,TAKER,60041ad8-b5ee-4588-9ca4-59c978702489,2025-04-15 00:30:00+00:00,2025-04-15 00:30:00+00:00,{},False
O-20250415-003000-001-V2-1538,BACKTESTER-001,MLSignalStrategyV2-V2,EUR/USD.IDEALPRO,IDEALPRO-1-1538,IDEALPRO-001,IDEALPRO-1-209397,EUR/USD.IDEALPRO-MLSignalStrategyV2-V2,SELL,STOP_MARKET,100000.00,1.13161,USD,2.26 USD,TAKER,f316ff00-8354-4ccd-9f01-85eb916a7519,2025-04-15 01:41:00+00:00,2025-04-15 01:41:00+00:00,{},False
O-20250415-014500-001-V2-1540,BACKTESTER-001,MLSignalStrategyV2-V2,EUR/USD.IDEALPRO,IDEALPRO-1-1540,IDEALPRO-001,IDEALPRO-1-209406,EUR/USD.IDEALPRO-MLSignalStrategyV2-V2,BUY,MARKET,100000.00,1.13179,USD,2.26 USD,TAKER,f25c3b52-c2f1-4164-9cc5-d16d5c7d1754,2025-04-15 01:45:00+00:00,2025-04-15 01:45:00+00:00,{},False
O-20250415-014500-001-V2-1542,BACKTESTER-001,MLSignalStrategyV2-V2,EUR/USD.IDEALPRO,IDEALPRO-1-1542,IDEALPRO-001,IDEALPRO-1-209441,EUR/USD.IDEALPRO-MLSignalStrategyV2-V2,SELL,LIMIT,100000.00,1.13271,USD,2.27 USD,MAKER,4f009bae-e599-47ad-9ba1-4abc27fcfaa8,2025-04-15 02:02:00+00:00,2025-04-15 02:02:00+00:00,{},False
O-20250415-021500-001-V2-1543,BACKTESTER-001,MLSignalStrategyV2-V2,EUR/USD.IDEALPRO,IDEALPRO-1-1543,IDEALPRO-001,IDEALPRO-1-209468,EUR/USD.IDEALPRO-MLSignalStrategyV2-V2,BUY,MARKET,100000.00,1.13355,USD,2.27 USD,TAKER,70894a8d-de02-40ed-89db-0c1121f3cead,2025-04-15 02:15:00+00:00,2025-04-15 02:15:00+00:00,{},False
O-20250415-021500-001-V2-1545,BACKTESTER-001,MLSignalStrategyV2-V2,EUR/USD.IDEALPRO,IDEALPRO-1-1545,IDEALPRO-001,IDEALPRO-1-209521,EUR/USD.IDEALPRO-MLSignalStrategyV2-V2,SELL,LIMIT,100000.00,1.13464,USD,2.27 USD,MAKER,a7c7edf8-7b46-49d2-ae9b-35b6db26ee6e,2025-04-15 02:41:00+00:00,2025-04-15 02:41:00+00:00,{},False
O-20250415-024500-001-V2-1546,BACKTESTER-001,MLSignalStrategyV2-V2,EUR/USD.IDEALPRO,IDEALPRO-1-1546,IDEALPRO-001,IDEALPRO-1-209530,EUR/USD.IDEALPRO-MLSignalStrategyV2-V2,BUY,MARKET,100000.00,1.13448,USD,2.27 USD,TAKER,1e267ca8-482b-4695-b2dc-5df7776dc1e4,2025-04-15 02:45:00+00:00,2025-04-15 02:45:00+00:00,{},False
O-20250415-024500-001-V2-1548,BACKTESTER-001,MLSignalStrategyV2-V2,EUR/USD.IDEALPRO,IDEALPRO-1-1548,IDEALPRO-001,IDEALPRO-1-209731,EUR/USD.IDEALPRO-MLSignalStrategyV2-V2,SELL,LIMIT,100000.00,1.13542,USD,2.27 USD,MAKER,08b8cf32-ce5a-4f4d-800c-5b0289c8e795,2025-04-15 04:25:00+00:00,2025-04-15 04:25:00+00:00,{},False
O-20250415-044500-001-V2-1549,BACKTESTER-001,MLSignalStrategyV2-V2,EUR/USD.IDEALPRO,IDEALPRO-1-1549,IDEALPRO-001,IDEALPRO-1-209772,EUR/USD.IDEALPRO-MLSignalStrategyV2-V2,BUY,MARKET,100000.00,1.13590,USD,2.27 USD,TAKER,d06a24e1-80d0-4a9f-a3d9-438aab8793d9,2025-04-15 04:45:00+00:00,2025-04-15 04:45:00+00:00,{},False
O-20250415-044500-001-V2-1551,BACKTESTER-001,MLSignalStrategyV2-V2,EUR/USD.IDEALPRO,IDEALPRO-1-1551,IDEALPRO-001,IDEALPRO-1-209851,EUR/USD.IDEALPRO-MLSignalStrategyV2-V2,SELL,LIMIT,100000.00,1.13680,USD,2.27 USD,MAKER,f1282866-1997-4b8e-bf73-d3ca0b0cfb3d,2025-04-15 05:24:00+00:00,2025-04-15 05:24:00+00:00,{},False
O-20250415-070000-001-V2-1552,BACKTESTER-001,MLSignalStrategyV2-V2,EUR/USD.IDEALPRO,IDEALPRO-1-1552,IDEALPRO-001,IDEALPRO-1-210044,EUR/USD.IDEALPRO-MLSignalStrategyV2-V2,BUY,MARKET,100000.00,1.13322,USD,2.27 USD,TAKER,e52a30f3-7416-409e-908f-cdca9c35f5a3,2025-04-15 07:00:00+00:00,2025-04-15 07:00:00+00:00,{},False
O-20250415-070000-001-V2-1554,BACKTESTER-001,MLSignalStrategyV2-V2,EUR/USD.IDEALPRO,IDEALPRO-1-1554,IDEALPRO-001,IDEALPRO-1-210079,EUR/USD.IDEALPRO-MLSignalStrategyV2-V2,SELL,LIMIT,100000.00,1.13448,USD,2.27 USD,MAKER,25ed1b0c-169c-48e1-a77f-6b999ebbc298,2025-04-15 07:17:00+00:00,2025-04-15 07:17:00+00:00,{},False
O-20250415-114500-001-V2-1555,BACKTESTER-001,MLSignalStrategyV2-V2,EUR/USD.IDEALPRO,IDEALPRO-1-1555,IDEALPRO-001,IDEALPRO-1-210617,EUR/USD.IDEALPRO-MLSignalStrategyV2-V2,BUY,MARKET,100000.00,1.13213,USD,2.26 USD,TAKER,a6c4aca5-5acf-4c70-af01-72bbc4afd555,2025-04-15 11:45:00+00:00,2025-04-15 11:45:00+00:00,{},False
O-20250415-114500-001-V2-1557,BACKTESTER-001,MLSignalStrategyV2-V2,EUR/USD.IDEALPRO,IDEALPRO-1-1557,IDEALPRO-001,IDEALPRO-1-210673,EUR/USD.IDEALPRO-MLSignalStrategyV2-V2,SELL,LIMIT,100000.00,1.13353,USD,2.27 USD,MAKER,0ad5bb8a-7a15-456d-aa39-ac8472972fc0,2025-04-15 12:13:00+00:00,2025-04-15 12:13:00+00:00,{},False
O-20250415-141500-001-V2-1558,BACKTESTER-001,MLSignalStrategyV2-V2,EUR/USD.IDEALPRO,IDEALPRO-1-1558,IDEALPRO-001,IDEALPRO-1-210919,EUR/USD.IDEALPRO-MLSignalStrategyV2-V2,BUY,MARKET,100000.00,1.12901,USD,2.26 USD,TAKER,5102b0c8-f06c-457a-a2d7-2011cf93bf07,2025-04-15 14:15:00+00:00,2025-04-15 14:15:00+00:00,{},False
O-20250415-141500-001-V2-1560,BACKTESTER-001,MLSignalStrategyV2-V2,EUR/USD.IDEALPRO,IDEALPRO-1-1560,IDEALPRO-001,IDEALPRO-1-210937,EUR/USD.IDEALPRO-MLSignalStrategyV2-V2,SELL,LIMIT,100000.00,1.13096,USD,2.26 USD,MAKER,111f0deb-a5b5-4575-bce9-e2a2e6a3f4de,2025-04-15 14:24:00+00:00,2025-04-15 14:24:00+00:00,{},False
O-20250415-160000-001-V2-1561,BACKTESTER-001,MLSignalStrategyV2-V2,EUR/USD.IDEALPRO,IDEALPRO-1-1561,IDEALPRO-001,IDEALPRO-1-211130,EUR/USD.IDEALPRO-MLSignalStrategyV2-V2,BUY,MARKET,100000.00,1.12890,USD,2.26 USD,TAKER,4ab5e9c5-0380-4379-8f6c-2239fc500723,2025-04-15 16:00:00+00:00,2025-04-15 16:00:00+00:00,{},False
O-20250415-160000-001-V2-1562,BACKTESTER-001,MLSignalStrategyV2-V2,EUR/USD.IDEALPRO,IDEALPRO-1-1562,IDEALPRO-001,IDEALPRO-1-211201,EUR/USD.IDEALPRO-MLSignalStrategyV2-V2,SELL,STOP_MARKET,100000.00,1.12678,USD,2.25 USD,TAKER,00ee29f4-df36-419f-8313-89374cf28fb7,2025-04-15 16:35:00+00:00,2025-04-15 16:35:00+00:00,{},False
O-20250415-164500-001-V2-1564,BACKTESTER-001,MLSignalStrategyV2-V2,EUR/USD.IDEALPRO,IDEALPRO-1-1564,IDEALPRO-001,IDEALPRO-1-211222,EUR/USD.IDEALPRO-MLSignalStrategyV2-V2,BUY,MARKET,100000.00,1.12705,USD,2.25 USD,TAKER,d8fb08b5-122c-46fb-887a-b01460008fbd,2025-04-15 16:45:00+00:00,2025-04-15 16:45:00+00:00,{},False
O-20250415-164500-001-V2-1566,BACKTESTER-001,MLSignalStrategyV2-V2,EUR/USD.IDEALPRO,IDEALPRO-1-1566,IDEALPRO-001,IDEALPRO-1-211539,EUR/USD.IDEALPRO-MLSignalStrategyV2-V2,SELL,LIMIT,100000.00,1.12862,USD,2.26 USD,MAKER,0f5d819a-67a3-4d0e-917f-42522be8d6f6,2025-04-15 19:23:00+00:00,2025-04-15 19:23:00+00:00,{},False
O-20250415-201500-001-V2-1567,BACKTESTER-001,MLSignalStrategyV2-V2,EUR/USD.IDEALPRO,IDEALPRO-1-1567,IDEALPRO-001,IDEALPRO-1-211645,EUR/USD.IDEALPRO-MLSignalStrategyV2-V2,BUY,MARKET,100000.00,1.12819,USD,2.26 USD,TAKER,68324745-e3b0-47c4-88aa-f36a98157743,2025-04-15 20:15:00+00:00,2025-04-15 20:15:00+00:00,{},False
O-20250415-201500-001-V2-1569,BACKTESTER-001,MLSignalStrategyV2-V2,EUR/USD.IDEALPRO,IDEALPRO-1-1569,IDEALPRO-001,IDEALPRO-1-211841,EUR/USD.IDEALPRO-MLSignalStrategyV2-V2,SELL,LIMIT,100000.00,1.12904,USD,2.26 USD,MAKER,a742a8d8-5c8b-4123-91cc-5a9f7cdf4160,2025-04-15 22:08:00+00:00,2025-04-15 22:08:00+00:00,{},False
O-20250416-024500-001-V2-1570,BACKTESTER-001,MLSignalStrategyV2-V2,EUR/USD.IDEALPRO,IDEALPRO-1-1570,IDEALPRO-001,IDEALPRO-1-212397,EUR/USD.IDEALPRO-MLSignalStrategyV2-V2,BUY,MARKET,100000.00,1.13302,USD,2.27 USD,TAKER,bebf1aaf-55ef-4257-9f67-dff3fffb03bc,2025-04-16 02:45:00+00:00,2025-04-16 02:45:00+00:00,{},False
O-20250416-024500-001-V2-1572,BACKTESTER-001,MLSignalStrategyV2-V2,EUR/USD.IDEALPRO,IDEALPRO-1-1572,IDEALPRO-001,IDEALPRO-1-212517,EUR/USD.IDEALPRO-MLSignalStrategyV2-V2,SELL,LIMIT,100000.00,1.13399,USD,2.27 USD,MAKER,d044b537-7b82-4a4a-887f-838463fffb15,2025-04-16 03:45:00+00:00,2025-04-16 03:45:00+00:00,{},False
O-20250416-040000-001-V2-1573,BACKTESTER-001,MLSignalStrategyV2-V2,EUR/USD.IDEALPRO,IDEALPRO-1-1573,IDEALPRO-001,IDEALPRO-1-212549,EUR/USD.IDEALPRO-MLSignalStrategyV2-V2,BUY,MARKET,100000.00,1.13435,USD,2.27 USD,TAKER,3b66c94b-5fb4-44eb-9b92-28640d1f9721,2025-04-16 04:00:00+00:00,2025-04-16 04:00:00+00:00,{},False
O-20250416-040000-001-V2-1574,BACKTESTER-001,MLSignalStrategyV2-V2,EUR/USD.IDEALPRO,IDEALPRO-1-1574,IDEALPRO-001,IDEALPRO-1-212603,EUR/USD.IDEALPRO-MLSignalStrategyV2-V2,SELL,STOP_MARKET,100000.00,1.13332,USD,2.27 USD,TAKER,3c77b285-c098-4db3-802e-ef9196684c01,2025-04-16 04:27:00+00:00,2025-04-16 04:27:00+00:00,{},False
O-20250416-070000-001-V2-1576,BACKTESTER-001,MLSignalStrategyV2-V2,EUR/USD.IDEALPRO,IDEALPRO-1-1576,IDEALPRO-001,IDEALPRO-1-212910,EUR/USD.IDEALPRO-MLSignalStrategyV2-V2,SELL,MARKET,100000.00,1.13609,USD,2.27 USD,TAKER,c7a78a50-326f-41fb-a8f4-608ab39445f0,2025-04-16 07:00:00+00:00,2025-04-16 07:00:00+00:00,{},False
O-20250416-070000-001-V2-1577,BACKTESTER-001,MLSignalStrategyV2-V2,EUR/USD.IDEALPRO,IDEALPRO-1-1577,IDEALPRO-001,IDEALPRO-1-212927,EUR/USD.IDEALPRO-MLSignalStrategyV2-V2,BUY,STOP_MARKET,100000.00,1.13763,USD,2.28 USD,TAKER,51784cd3-542c-4e86-adef-6597cde4cd24,2025-04-16 07:08:00+00:00,2025-04-16 07:08:00+00:00,{},False
O-20250416-234500-001-V2-1579,BACKTESTER-001,MLSignalStrategyV2-V2,EUR/USD.IDEALPRO,IDEALPRO-1-1579,IDEALPRO-001,IDEALPRO-1-214892,EUR/USD.IDEALPRO-MLSignalStrategyV2-V2,BUY,MARKET,100000.00,1.14057,USD,2.28 USD,TAKER,6470e225-e54d-4767-8ad2-e0d841fdc10c,2025-04-16 23:45:00+00:00,2025-04-16 23:45:00+00:00,{},False
O-20250416-234500-001-V2-1580,BACKTESTER-001,MLSignalStrategyV2-V2,EUR/USD.IDEALPRO,IDEALPRO-1-1580,IDEALPRO-001,IDEALPRO-1-214917,EUR/USD.IDEALPRO-MLSignalStrategyV2-V2,SELL,STOP_MARKET,100000.00,1.13973,USD,2.28 USD,TAKER,1056d4f4-68a9-45cb-b924-24999398b500,2025-04-16 23:57:00+00:00,2025-04-16 23:57:00+00:00,{},False
O-20250417-004500-001-V2-1582,BACKTESTER-001,MLSignalStrategyV2-V2,EUR/USD.IDEALPRO,IDEALPRO-1-1582,IDEALPRO-001,IDEALPRO-1-215014,EUR/USD.IDEALPRO-MLSignalStrategyV2-V2,BUY,MARKET,100000.00,1.13730,USD,2.27 USD,TAKER,adbc802e-d0a5-4aff-951a-0e9105f7831b,2025-04-17 00:45:00+00:00,2025-04-17 00:45:00+00:00,{},False
O-20250417-004500-001-V2-1583,BACKTESTER-001,MLSignalStrategyV2-V2,EUR/USD.IDEALPRO,IDEALPRO-1-1583,IDEALPRO-001,IDEALPRO-1-215053,EUR/USD.IDEALPRO-MLSignalStrategyV2-V2,SELL,STOP_MARKET,100000.00,1.13572,USD,2.27 USD,TAKER,90f58811-3f23-4614-8900-9f1347a67032,2025-04-17 01:04:00+00:00,2025-04-17 01:04:00+00:00,{},False
O-20250417-040000-001-V2-1585,BACKTESTER-001,MLSignalStrategyV2-V2,EUR/USD.IDEALPRO,IDEALPRO-1-1585,IDEALPRO-001,IDEALPRO-1-215406,EUR/USD.IDEALPRO-MLSignalStrategyV2-V2,BUY,MARKET,100000.00,1.13644,USD,2.27 USD,TAKER,7d7dff4c-1c26-4425-9311-cd88c0af3844,2025-04-17 04:00:00+00:00,2025-04-17 04:00:00+00:00,{},False
O-20250417-040000-001-V2-1586,BACKTESTER-001,MLSignalStrategyV2-V2,EUR/USD.IDEALPRO,IDEALPRO-1-1586,IDEALPRO-001,IDEALPRO-1-215601,EUR/USD.IDEALPRO-MLSignalStrategyV2-V2,SELL,STOP_MARKET,100000.00,1.13543,USD,2.27 USD,TAKER,1c10805c-4475-45ed-8e49-8cc571ff93ba,2025-04-17 05:37:00+00:00,2025-04-17 05:37:00+00:00,{},False
O-20250417-060000-001-V2-1588,BACKTESTER-001,MLSignalStrategyV2-V2,EUR/USD.IDEALPRO,IDEALPRO-1-1588,IDEALPRO-001,IDEALPRO-1-215648,EUR/USD.IDEALPRO-MLSignalStrategyV2-V2,BUY,MARKET,100000.00,1.13523,USD,2.27 USD,TAKER,ba133eb0-a58e-4592-80b6-a94a69244184,2025-04-17 06:00:00+00:00,2025-04-17 06:00:00+00:00,{},False
O-20250417-060000-001-V2-1590,BACKTESTER-001,MLSignalStrategyV2-V2,EUR/USD.IDEALPRO,IDEALPRO-1-1590,IDEALPRO-001,IDEALPRO-1-215717,EUR/USD.IDEALPRO-MLSignalStrategyV2-V2,SELL,LIMIT,100000.00,1.13620,USD,2.27 USD,MAKER,a846f059-5ec8-4ede-9012-579902c4e663,2025-04-17 06:34:00+00:00,2025-04-17 06:34:00+00:00,{},False
O-20250417-093000-001-V2-1591,BACKTESTER-001,MLSignalStrategyV2-V2,EUR/USD.IDEALPRO,IDEALPRO-1-1591,IDEALPRO-001,IDEALPRO-1-216071,EUR/USD.IDEALPRO-MLSignalStrategyV2-V2,SELL,MARKET,100000.00,1.13715,USD,2.27 USD,TAKER,d7d8b898-e1a9-415e-9088-0c1db319813f,2025-04-17 09:30:00+00:00,2025-04-17 09:30:00+00:00,{},False
O-20250417-093000-001-V2-1593,BACKTESTER-001,MLSignalStrategyV2-V2,EUR/USD.IDEALPRO,IDEALPRO-1-1593,IDEALPRO-001,IDEALPRO-1-216157,EUR/USD.IDEALPRO-MLSignalStrategyV2-V2,BUY,LIMIT,100000.00,1.13603,USD,2.27 USD,MAKER,d581c2d5-2eda-4ace-8692-2f04952cc09c,2025-04-17 10:13:00+00:00,2025-04-17 10:13:00+00:00,{},False
O-20250417-120000-001-V2-1594,BACKTESTER-001,MLSignalStrategyV2-V2,EUR/USD.IDEALPRO,IDEALPRO-1-1594,IDEALPRO-001,IDEALPRO-1-216372,EUR/USD.IDEALPRO-MLSignalStrategyV2-V2,BUY,MARKET,100000.00,1.13566,USD,2.27 USD,TAKER,ba24cc53-8132-496e-ba4e-ceab9eef4592,2025-04-17 12:00:00+00:00,2025-04-17 12:00:00+00:00,{},False
O-20250417-120000-001-V2-1596,BACKTESTER-001,MLSignalStrategyV2-V2,EUR/USD.IDEALPRO,IDEALPRO-1-1596,IDEALPRO-001,IDEALPRO-1-216385,EUR/USD.IDEALPRO-MLSignalStrategyV2-V2,SELL,LIMIT,100000.00,1.13668,USD,2.27 USD,MAKER,a67332aa-ce7b-4eac-b74a-12c8a5d2fdc6,2025-04-17 12:06:00+00:00,2025-04-17 12:06:00+00:00,{},False
O-20250417-123000-001-V2-1597,BACKTESTER-001,MLSignalStrategyV2-V2,EUR/USD.IDEALPRO,IDEALPRO-1-1597,IDEALPRO-001,IDEALPRO-1-216434,EUR/USD.IDEALPRO-MLSignalStrategyV2-V2,BUY,MARKET,100000.00,1.13454,USD,2.27 USD,TAKER,f16ad33d-75b3-48f4-ad03-46a30779cda9,2025-04-17 12:30:00+00:00,2025-04-17 12:30:00+00:00,{},False
O-20250417-123000-001-V2-1599,BACKTESTER-001,MLSignalStrategyV2-V2,EUR/USD.IDEALPRO,IDEALPRO-1-1599,IDEALPRO-001,IDEALPRO-1-216463,EUR/USD.IDEALPRO-MLSignalStrategyV2-V2,SELL,LIMIT,100000.00,1.13586,USD,2.27 USD,MAKER,d16f2c65-df5b-4bf5-b571-9a4ce0b1b8ad,2025-04-17 12:44:00+00:00,2025-04-17 12:44:00+00:00,{},False
O-20250417-124500-001-V2-1600,BACKTESTER-001,MLSignalStrategyV2-V2,EUR/USD.IDEALPRO,IDEALPRO-1-1600,IDEALPRO-001,IDEALPRO-1-216466,EUR/USD.IDEALPRO-MLSignalStrategyV2-V2,BUY,MARKET,100000.00,1.13557,USD,2.27 USD,TAKER,6e6b0bc3-ecdb-4678-8164-f8555d6690e2,2025-04-17 12:45:00+00:00,2025-04-17 12:45:00+00:00,{},False
O-20250417-124500-001-V2-1602,BACKTESTER-001,MLSignalStrategyV2-V2,EUR/USD.IDEALPRO,IDEALPRO-1-1602,IDEALPRO-001,IDEALPRO-1-216505,EUR/USD.IDEALPRO-MLSignalStrategyV2-V2,SELL,LIMIT,100000.00,1.13694,USD,2.27 USD,MAKER,47f07f49-90be-4888-a81e-1b94182f6864,2025-04-17 13:04:00+00:00,2025-04-17 13:04:00+00:00,{},False
O-20250417-131500-001-V2-1603,BACKTESTER-001,MLSignalStrategyV2-V2,EUR/USD.IDEALPRO,IDEALPRO-1-1603,IDEALPRO-001,IDEALPRO-1-216529,EUR/USD.IDEALPRO-MLSignalStrategyV2-V2,SELL,MARKET,100000.00,1.13553,USD,2.27 USD,TAKER,45230f46-2cd3-4692-aa8f-435a78901fb4,2025-04-17 13:15:00+00:00,2025-04-17 13:15:00+00:00,{},False
O-20250417-131500-001-V2-1604,BACKTESTER-001,MLSignalStrategyV2-V2,EUR/USD.IDEALPRO,IDEALPRO-1-1604,IDEALPRO-001,IDEALPRO-1-216659,EUR/USD.IDEALPRO-MLSignalStrategyV2-V2,BUY,STOP_MARKET,100000.00,1.13784,USD,2.28 USD,TAKER,6718f07a-b4d5-44f4-9850-c6bb8731c6a9,2025-04-17 14:20:00+00:00,2025-04-17 14:20:00+00:00,{},False
O-20250418-054500-001-V2-1606,BACKTESTER-001,MLSignalStrategyV2-V2,EUR/USD.IDEALPRO,IDEALPRO-1-1606,IDEALPRO-001,IDEALPRO-1-218480,EUR/USD.IDEALPRO-MLSignalStrategyV2-V2,BUY,MARKET,100000.00,1.13698,USD,2.27 USD,TAKER,00dd98b5-8531-450a-b917-994937678a91,2025-04-18 05:45:00+00:00,2025-04-18 05:45:00+00:00,{},False
O-20250418-054500-001-V2-1608,BACKTESTER-001,MLSignalStrategyV2-V2,EUR/USD.IDEALPRO,IDEALPRO-1-1608,IDEALPRO-001,IDEALPRO-1-218539,EUR/USD.IDEALPRO-MLSignalStrategyV2-V2,SELL,LIMIT,100000.00,1.13756,USD,2.28 USD,MAKER,2a4bb820-70a6-40a3-9883-43d4b8b0981f,2025-04-18 06:14:00+00:00,2025-04-18 06:14:00+00:00,{},False
O-20250418-090000-001-V2-1609,BACKTESTER-001,MLSignalStrategyV2-V2,EUR/USD.IDEALPRO,IDEALPRO-1-1609,IDEALPRO-001,IDEALPRO-1-218872,EUR/USD.IDEALPRO-MLSignalStrategyV2-V2,BUY,MARKET,100000.00,1.13710,USD,2.27 USD,TAKER,6c962ec2-17cd-41c7-92d1-d4f8752170fb,2025-04-18 09:00:00+00:00,2025-04-18 09:00:00+00:00,{},False
O-20250418-090000-001-V2-1611,BACKTESTER-001,MLSignalStrategyV2-V2,EUR/USD.IDEALPRO,IDEALPRO-1-1611,IDEALPRO-001,IDEALPRO-1-219119,EUR/USD.IDEALPRO-MLSignalStrategyV2-V2,SELL,LIMIT,100000.00,1.13773,USD,2.28 USD,MAKER,21a46942-8206-4ef4-97f3-e6d4c313644e,2025-04-18 11:03:00+00:00,2025-04-18 11:03:00+00:00,{},False
O-20250418-154500-001-V2-1612,BACKTESTER-001,MLSignalStrategyV2-V2,EUR/USD.IDEALPRO,IDEALPRO-1-1612,IDEALPRO-001,IDEALPRO-1-219684,EUR/USD.IDEALPRO-MLSignalStrategyV2-V2,BUY,MARKET,100000.00,1.13929,USD,2.28 USD,TAKER,eabc6536-8e16-415a-98e7-7097d8460975,2025-04-18 15:45:00+00:00,2025-04-18 15:45:00+00:00,{},False
O-20250418-154500-001-V2-1614,BACKTESTER-001,MLSignalStrategyV2-V2,EUR/USD.IDEALPRO,IDEALPRO-1-1614,IDEALPRO-001,IDEALPRO-1-220317,EUR/USD.IDEALPRO-MLSignalStrategyV2-V2,SELL,LIMIT,100000.00,1.14491,USD,2.29 USD,MAKER,37bdc368-0d69-439a-aca4-5d941d983441,2025-04-21 00:01:00+00:00,2025-04-21 00:01:00+00:00,{},False
O-20250421-070000-001-V2-1615,BACKTESTER-001,MLSignalStrategyV2-V2,EUR/USD.IDEALPRO,IDEALPRO-1-1615,IDEALPRO-001,IDEALPRO-1-221156,EUR/USD.IDEALPRO-MLSignalStrategyV2-V2,SELL,MARKET,100000.00,1.15154,USD,2.30 USD,TAKER,873294a0-159e-4072-9237-42f594e2d3f2,2025-04-21 07:00:00+00:00,2025-04-21 07:00:00+00:00,{},False
O-20250421-070000-001-V2-1616,BACKTESTER-001,MLSignalStrategyV2-V2,EUR/USD.IDEALPRO,IDEALPRO-1-1616,IDEALPRO-001,IDEALPRO-1-221221,EUR/USD.IDEALPRO-MLSignalStrategyV2-V2,BUY,STOP_MARKET,100000.00,1.15349,USD,2.31 USD,TAKER,353d0613-8392-4f3b-9890-c0af2a6d1b31,2025-04-21 07:32:00+00:00,2025-04-21 07:32:00+00:00,{},False
O-20250421-080000-001-V2-1618,BACKTESTER-001,MLSignalStrategyV2-V2,EUR/USD.IDEALPRO,IDEALPRO-1-1618,IDEALPRO-001,IDEALPRO-1-221278,EUR/USD.IDEALPRO-MLSignalStrategyV2-V2,SELL,MARKET,100000.00,1.15555,USD,2.31 USD,TAKER,c3cceb5b-ce08-4364-8c6b-7753dfd26ed9,2025-04-21 08:00:00+00:00,2025-04-21 08:00:00+00:00,{},False
O-20250421-080000-001-V2-1620,BACKTESTER-001,MLSignalStrategyV2-V2,EUR/USD.IDEALPRO,IDEALPRO-1-1620,IDEALPRO-001,IDEALPRO-1-221311,EUR/USD.IDEALPRO-MLSignalStrategyV2-V2,BUY,LIMIT,100000.00,1.15408,USD,2.31 USD,MAKER,3ca7b0af-e32d-4642-a0dd-6cf14bdc58dd,2025-04-21 08:16:00+00:00,2025-04-21 08:16:00+00:00,{},False
O-20250421-083000-001-V2-1621,BACKTESTER-001,MLSignalStrategyV2-V2,EUR/USD.IDEALPRO,IDEALPRO-1-1621,IDEALPRO-001,IDEALPRO-1-221340,EUR/USD.IDEALPRO-MLSignalStrategyV2-V2,SELL,MARKET,100000.00,1.15438,USD,2.31 USD,TAKER,4793df9f-4b6c-46e7-ad19-114070fe6d87,2025-04-21 08:30:00+00:00,2025-04-21 08:30:00+00:00,{},False
O-20250421-083000-001-V2-1622,BACKTESTER-001,MLSignalStrategyV2-V2,EUR/USD.IDEALPRO,IDEALPRO-1-1622,IDEALPRO-001,IDEALPRO-1-221379,EUR/USD.IDEALPRO-MLSignalStrategyV2-V2,BUY,STOP_MARKET,100000.00,1.15638,USD,2.31 USD,TAKER,96adc999-db13-4fee-8c2d-04049aee1143,2025-04-21 08:49:00+00:00,2025-04-21 08:49:00+00:00,{},False
O-20250421-100000-001-V2-1624,BACKTESTER-001,MLSignalStrategyV2-V2,EUR/USD.IDEALPRO,IDEALPRO-1-1624,IDEALPRO-001,IDEALPRO-1-221522,EUR/USD.IDEALPRO-MLSignalStrategyV2-V2,SELL,MARKET,100000.00,1.15471,USD,2.31 USD,TAKER,a27c26ab-719a-4870-8644-9abc2cde377a,2025-04-21 10:00:00+00:00,2025-04-21 10:00:00+00:00,{},False
O-20250421-100000-001-V2-1626,BACKTESTER-001,MLSignalStrategyV2-V2,EUR/USD.IDEALPRO,IDEALPRO-1-1626,IDEALPRO-001,IDEALPRO-1-221585,EUR/USD.IDEALPRO-MLSignalStrategyV2-V2,BUY,LIMIT,100000.00,1.15303,USD,2.31 USD,MAKER,b98c8e8b-7256-40e2-b046-ac9bcafa1b55,2025-04-21 10:31:00+00:00,2025-04-21 10:31:00+00:00,{},False
O-20250421-120000-001-V2-1627,BACKTESTER-001,MLSignalStrategyV2-V2,EUR/USD.IDEALPRO,IDEALPRO-1-1627,IDEALPRO-001,IDEALPRO-1-221764,EUR/USD.IDEALPRO-MLSignalStrategyV2-V2,SELL,MARKET,100000.00,1.15430,USD,2.31 USD,TAKER,85d42c4f-d36f-4410-bc7a-d1f2b53f7898,2025-04-21 12:00:00+00:00,2025-04-21 12:00:00+00:00,{},False
O-20250421-120000-001-V2-1629,BACKTESTER-001,MLSignalStrategyV2-V2,EUR/USD.IDEALPRO,IDEALPRO-1-1629,IDEALPRO-001,IDEALPRO-1-221827,EUR/USD.IDEALPRO-MLSignalStrategyV2-V2,BUY,LIMIT,100000.00,1.15284,USD,2.31 USD,MAKER,4f7cbd08-9296-4874-b7a6-d31968bd9710,2025-04-21 12:31:00+00:00,2025-04-21 12:31:00+00:00,{},False
O-20250421-141500-001-V2-1630,BACKTESTER-001,MLSignalStrategyV2-V2,EUR/USD.IDEALPRO,IDEALPRO-1-1630,IDEALPRO-001,IDEALPRO-1-222037,EUR/USD.IDEALPRO-MLSignalStrategyV2-V2,SELL,MARKET,100000.00,1.15083,USD,2.30 USD,TAKER,f2d7f0bc-9524-4c1a-93fa-a08238e2807a,2025-04-21 14:15:00+00:00,2025-04-21 14:15:00+00:00,{},False
O-20250421-141500-001-V2-1632,BACKTESTER-001,MLSignalStrategyV2-V2,EUR/USD.IDEALPRO,IDEALPRO-1-1632,IDEALPRO-001,IDEALPRO-1-222101,EUR/USD.IDEALPRO-MLSignalStrategyV2-V2,BUY,LIMIT,100000.00,1.14898,USD,2.30 USD,MAKER,49004948-89ba-4f98-ad06-6bb0f1b1c702,2025-04-21 14:47:00+00:00,2025-04-21 14:47:00+00:00,{},False
O-20250421-151500-001-V2-1633,BACKTESTER-001,MLSignalStrategyV2-V2,EUR/USD.IDEALPRO,IDEALPRO-1-1633,IDEALPRO-001,IDEALPRO-1-222158,EUR/USD.IDEALPRO-MLSignalStrategyV2-V2,BUY,MARKET,100000.00,1.14821,USD,2.30 USD,TAKER,a60c93e6-8aa6-4905-91b1-46527fcb47c8,2025-04-21 15:15:00+00:00,2025-04-21 15:15:00+00:00,{},False
O-20250421-151500-001-V2-1635,BACKTESTER-001,MLSignalStrategyV2-V2,EUR/USD.IDEALPRO,IDEALPRO-1-1635,IDEALPRO-001,IDEALPRO-1-222185,EUR/USD.IDEALPRO-MLSignalStrategyV2-V2,SELL,LIMIT,100000.00,1.14969,USD,2.30 USD,MAKER,c52683c8-3625-4ac6-9ee2-74c006d50b65,2025-04-21 15:28:00+00:00,2025-04-21 15:28:00+00:00,{},False
O-20250421-204500-001-V2-1636,BACKTESTER-001,MLSignalStrategyV2-V2,EUR/USD.IDEALPRO,IDEALPRO-1-1636,IDEALPRO-001,IDEALPRO-1-222820,EUR/USD.IDEALPRO-MLSignalStrategyV2-V2,BUY,MARKET,100000.00,1.15058,USD,2.30 USD,TAKER,c335baf4-96d1-4c50-a53e-4597bd7d7858,2025-04-21 20:45:00+00:00,2025-04-21 20:45:00+00:00,{},False
O-20250421-204500-001-V2-1638,BACKTESTER-001,MLSignalStrategyV2-V2,EUR/USD.IDEALPRO,IDEALPRO-1-1638,IDEALPRO-001,IDEALPRO-1-222843,EUR/USD.IDEALPRO-MLSignalStrategyV2-V2,SELL,LIMIT,100000.00,1.15135,USD,2.30 USD,MAKER,484485bb-b9a0-4099-88d4-f6345a8831b9,2025-04-21 20:56:00+00:00,2025-04-21 20:56:00+00:00,{},False
O-20250422-003000-001-V2-1639,BACKTESTER-001,MLSignalStrategyV2-V2,EUR/USD.IDEALPRO,IDEALPRO-1-1639,IDEALPRO-001,IDEALPRO-1-223243,EUR/USD.IDEALPRO-MLSignalStrategyV2-V2,BUY,MARKET,100000.00,1.14966,USD,2.30 USD,TAKER,dcfb9551-3f6c-492b-b317-858537c2f8b2,2025-04-22 00:30:00+00:00,2025-04-22 00:30:00+00:00,{},False
O-20250422-003000-001-V2-1640,BACKTESTER-001,MLSignalStrategyV2-V2,EUR/USD.IDEALPRO,IDEALPRO-1-1640,IDEALPRO-001,IDEALPRO-1-223255,EUR/USD.IDEALPRO-MLSignalStrategyV2-V2,SELL,STOP_MARKET,100000.00,1.14852,USD,2.30 USD,TAKER,d50fc680-c77e-4a03-a7da-31cb738ac250,2025-04-22 00:36:00+00:00,2025-04-22 00:36:00+00:00,{},False
O-20250422-004500-001-V2-1642,BACKTESTER-001,MLSignalStrategyV2-V2,EUR/USD.IDEALPRO,IDEALPRO-1-1642,IDEALPRO-001,IDEALPRO-1-223274,EUR/USD.IDEALPRO-MLSignalStrategyV2-V2,BUY,MARKET,100000.00,1.14885,USD,2.30 USD,TAKER,0caf27d5-c5b2-4b61-abcf-bf28ef9ee42b,2025-04-22 00:45:00+00:00,2025-04-22 00:45:00+00:00,{},False
O-20250422-004500-001-V2-1644,BACKTESTER-001,MLSignalStrategyV2-V2,EUR/USD.IDEALPRO,IDEALPRO-1-1644,IDEALPRO-001,IDEALPRO-1-223315,EUR/USD.IDEALPRO-MLSignalStrategyV2-V2,SELL,LIMIT,100000.00,1.14975,USD,2.30 USD,MAKER,a4d6885d-048b-4d6f-8a9c-ef6e0c57335e,2025-04-22 01:05:00+00:00,2025-04-22 01:05:00+00:00,{},False
O-20250422-013000-001-V2-1645,BACKTESTER-001,MLSignalStrategyV2-V2,EUR/USD.IDEALPRO,IDEALPRO-1-1645,IDEALPRO-001,IDEALPRO-1-223367,EUR/USD.IDEALPRO-MLSignalStrategyV2-V2,BUY,MARKET,100000.00,1.14900,USD,2.30 USD,TAKER,2ead239c-e771-4238-9741-c77bf413912b,2025-04-22 01:30:00+00:00,2025-04-22 01:30:00+00:00,{},False
O-20250422-013000-001-V2-1647,BACKTESTER-001,MLSignalStrategyV2-V2,EUR/USD.IDEALPRO,IDEALPRO-1-1647,IDEALPRO-001,IDEALPRO-1-223451,EUR/USD.IDEALPRO-MLSignalStrategyV2-V2,SELL,LIMIT,100000.00,1.15045,USD,2.30 USD,MAKER,830cd7a8-3644-4881-b3ee-7f403a21a162,2025-04-22 02:12:00+00:00,2025-04-22 02:12:00+00:00,{},False
O-20250422-023000-001-V2-1648,BACKTESTER-001,MLSignalStrategyV2-V2,EUR/USD.IDEALPRO,IDEALPRO-1-1648,IDEALPRO-001,IDEALPRO-1-223488,EUR/USD.IDEALPRO-MLSignalStrategyV2-V2,BUY,MARKET,100000.00,1.15116,USD,2.30 USD,TAKER,1d850f52-016d-408e-936a-3fb6ef09b270,2025-04-22 02:30:00+00:00,2025-04-22 02:30:00+00:00,{},False
O-20250422-023000-001-V2-1650,BACKTESTER-001,MLSignalStrategyV2-V2,EUR/USD.IDEALPRO,IDEALPRO-1-1650,IDEALPRO-001,IDEALPRO-1-223551,EUR/USD.IDEALPRO-MLSignalStrategyV2-V2,SELL,LIMIT,100000.00,1.15216,USD,2.30 USD,MAKER,2116850f-af13-4c3d-8f92-127ead6c8cc3,2025-04-22 03:01:00+00:00,2025-04-22 03:01:00+00:00,{},False
O-20250422-070000-001-V2-1651,BACKTESTER-001,MLSignalStrategyV2-V2,EUR/USD.IDEALPRO,IDEALPRO-1-1651,IDEALPRO-001,IDEALPRO-1-224031,EUR/USD.IDEALPRO-MLSignalStrategyV2-V2,BUY,MARKET,100000.00,1.15009,USD,2.30 USD,TAKER,31ecfb90-6135-4361-9806-29cce67f1d57,2025-04-22 07:00:00+00:00,2025-04-22 07:00:00+00:00,{},False
O-20250422-070000-001-V2-1652,BACKTESTER-001,MLSignalStrategyV2-V2,EUR/USD.IDEALPRO,IDEALPRO-1-1652,IDEALPRO-001,IDEALPRO-1-224635,EUR/USD.IDEALPRO-MLSignalStrategyV2-V2,SELL,STOP_MARKET,100000.00,1.14742,USD,2.29 USD,TAKER,3348bee8-11bc-406d-9c20-6f30f97ec034,2025-04-22 12:02:00+00:00,2025-04-22 12:02:00+00:00,{},False
O-20250422-123000-001-V2-1654,BACKTESTER-001,MLSignalStrategyV2-V2,EUR/USD.IDEALPRO,IDEALPRO-1-1654,IDEALPRO-001,IDEALPRO-1-224692,EUR/USD.IDEALPRO-MLSignalStrategyV2-V2,BUY,MARKET,100000.00,1.14699,USD,2.29 USD,TAKER,cac912d3-8905-4446-b357-a8d5e5061056,2025-04-22 12:30:00+00:00,2025-04-22 12:30:00+00:00,{},False
O-20250422-123000-001-V2-1656,BACKTESTER-001,MLSignalStrategyV2-V2,EUR/USD.IDEALPRO,IDEALPRO-1-1656,IDEALPRO-001,IDEALPRO-1-224859,EUR/USD.IDEALPRO-MLSignalStrategyV2-V2,SELL,LIMIT,100000.00,1.14830,USD,2.30 USD,MAKER,d273c89b-132d-4f83-ac99-1515683c8bd0,2025-04-22 13:53:00+00:00,2025-04-22 13:53:00+00:00,{},False
O-20250422-170000-001-V2-1657,BACKTESTER-001,MLSignalStrategyV2-V2,EUR/USD.IDEALPRO,IDEALPRO-1-1657,IDEALPRO-001,IDEALPRO-1-225234,EUR/USD.IDEALPRO-MLSignalStrategyV2-V2,BUY,MARKET,100000.00,1.14341,USD,2.29 USD,TAKER,0f06eeee-194e-4e7c-8e81-690660145b6e,2025-04-22 17:00:00+00:00,2025-04-22 17:00:00+00:00,{},False
O-20250422-170000-001-V2-1659,BACKTESTER-001,MLSignalStrategyV2-V2,EUR/USD.IDEALPRO,IDEALPRO-1-1659,IDEALPRO-001,IDEALPRO-1-225281,EUR/USD.IDEALPRO-MLSignalStrategyV2-V2,SELL,LIMIT,100000.00,1.14488,USD,2.29 USD,MAKER,c523cbbf-0988-4d3e-be81-6f7241c0f97b,2025-04-22 17:23:00+00:00,2025-04-22 17:23:00+00:00,{},False
O-20250422-174500-001-V2-1660,BACKTESTER-001,MLSignalStrategyV2-V2,EUR/USD.IDEALPRO,IDEALPRO-1-1660,IDEALPRO-001,IDEALPRO-1-225327,EUR/USD.IDEALPRO-MLSignalStrategyV2-V2,BUY,MARKET,100000.00,1.14333,USD,2.29 USD,TAKER,f7b43a19-b824-46af-afa4-be44eaf9fd8e,2025-04-22 17:45:00+00:00,2025-04-22 17:45:00+00:00,{},False
O-20250422-174500-001-V2-1662,BACKTESTER-001,MLSignalStrategyV2-V2,EUR/USD.IDEALPRO,IDEALPRO-1-1662,IDEALPRO-001,IDEALPRO-1-225343,EUR/USD.IDEALPRO-MLSignalStrategyV2-V2,SELL,LIMIT,100000.00,1.14478,USD,2.29 USD,MAKER,095687ce-20a3-4b3e-8b30-d3c1bd604085,2025-04-22 17:53:00+00:00,2025-04-22 17:53:00+00:00,{},False
O-20250422-200000-001-V2-1663,BACKTESTER-001,MLSignalStrategyV2-V2,EUR/USD.IDEALPRO,IDEALPRO-1-1663,IDEALPRO-001,IDEALPRO-1-225598,EUR/USD.IDEALPRO-MLSignalStrategyV2-V2,BUY,MARKET,100000.00,1.14210,USD,2.28 USD,TAKER,5e85ee0b-8c0e-47f4-b7a4-b4f105ccb46d,2025-04-22 20:00:00+00:00,2025-04-22 20:00:00+00:00,{},False
O-20250422-200000-001-V2-1664,BACKTESTER-001,MLSignalStrategyV2-V2,EUR/USD.IDEALPRO,IDEALPRO-1-1664,IDEALPRO-001,IDEALPRO-1-225751,EUR/USD.IDEALPRO-MLSignalStrategyV2-V2,SELL,STOP_MARKET,100000.00,1.14044,USD,2.28 USD,TAKER,633e398e-5feb-44f2-8f3f-048676c6920a,2025-04-22 21:31:00+00:00,2025-04-22 21:31:00+00:00,{},False
O-20250422-220000-001-V2-1666,BACKTESTER-001,MLSignalStrategyV2-V2,EUR/USD.IDEALPRO,IDEALPRO-1-1666,IDEALPRO-001,IDEALPRO-1-225810,EUR/USD.IDEALPRO-MLSignalStrategyV2-V2,BUY,MARKET,100000.00,1.13641,USD,2.27 USD,TAKER,2371828f-e1d4-41ce-8c2a-cb81c06d8129,2025-04-22 22:00:00+00:00,2025-04-22 22:00:00+00:00,{},False
O-20250422-220000-001-V2-1667,BACKTESTER-001,MLSignalStrategyV2-V2,EUR/USD.IDEALPRO,IDEALPRO-1-1667,IDEALPRO-001,IDEALPRO-1-225821,EUR/USD.IDEALPRO-MLSignalStrategyV2-V2,SELL,STOP_MARKET,100000.00,1.13401,USD,2.27 USD,TAKER,ca206994-ad03-4144-b50b-f2009cefd3b2,2025-04-22 22:05:00+00:00,2025-04-22 22:05:00+00:00,{},False
O-20250422-221500-001-V2-1669,BACKTESTER-001,MLSignalStrategyV2-V2,EUR/USD.IDEALPRO,IDEALPRO-1-1669,IDEALPRO-001,IDEALPRO-1-225842,EUR/USD.IDEALPRO-MLSignalStrategyV2-V2,BUY,MARKET,100000.00,1.13586,USD,2.27 USD,TAKER,b42900a0-fd8f-488e-a600-e0e8272a8336,2025-04-22 22:15:00+00:00,2025-04-22 22:15:00+00:00,{},False
O-20250422-221500-001-V2-1670,BACKTESTER-001,MLSignalStrategyV2-V2,EUR/USD.IDEALPRO,IDEALPRO-1-1670,IDEALPRO-001,IDEALPRO-1-225857,EUR/USD.IDEALPRO-MLSignalStrategyV2-V2,SELL,STOP_MARKET,100000.00,1.13382,USD,2.27 USD,TAKER,02d7a1b2-fd3b-48b8-904e-b5979ce536d9,2025-04-22 22:22:00+00:00,2025-04-22 22:22:00+00:00,{},False
O-20250422-223000-001-V2-1672,BACKTESTER-001,MLSignalStrategyV2-V2,EUR/USD.IDEALPRO,IDEALPRO-1-1672,IDEALPRO-001,IDEALPRO-1-225874,EUR/USD.IDEALPRO-MLSignalStrategyV2-V2,BUY,MARKET,100000.00,1.13177,USD,2.26 USD,TAKER,01e607de-861c-4024-9a8f-c50849058eff,2025-04-22 22:30:00+00:00,2025-04-22 22:30:00+00:00,{},False
O-20250422-223000-001-V2-1674,BACKTESTER-001,MLSignalStrategyV2-V2,EUR/USD.IDEALPRO,IDEALPRO-1-1674,IDEALPRO-001,IDEALPRO-1-225905,EUR/USD.IDEALPRO-MLSignalStrategyV2-V2,SELL,LIMIT,100000.00,1.13375,USD,2.27 USD,MAKER,8f6e1b61-a627-4d22-bffd-0fedf5edb058,2025-04-22 22:45:00+00:00,2025-04-22 22:45:00+00:00,{},False
O-20250422-224500-001-V2-1675,BACKTESTER-001,MLSignalStrategyV2-V2,EUR/USD.IDEALPRO,IDEALPRO-1-1675,IDEALPRO-001,IDEALPRO-1-225906,EUR/USD.IDEALPRO-MLSignalStrategyV2-V2,BUY,MARKET,100000.00,1.13347,USD,2.27 USD,TAKER,737b112e-1225-46b5-964b-b278f9656bd8,2025-04-22 22:45:00+00:00,2025-04-22 22:45:00+00:00,{},False
O-20250422-224500-001-V2-1677,BACKTESTER-001,MLSignalStrategyV2-V2,EUR/USD.IDEALPRO,IDEALPRO-1-1677,IDEALPRO-001,IDEALPRO-1-225959,EUR/USD.IDEALPRO-MLSignalStrategyV2-V2,SELL,LIMIT,100000.00,1.13575,USD,2.27 USD,MAKER,4ba6a9d9-75ce-4b70-8a23-26c55369f534,2025-04-22 23:11:00+00:00,2025-04-22 23:11:00+00:00,{},False
O-20250422-231500-001-V2-1678,BACKTESTER-001,MLSignalStrategyV2-V2,EUR/USD.IDEALPRO,IDEALPRO-1-1678,IDEALPRO-001,IDEALPRO-1-225968,EUR/USD.IDEALPRO-MLSignalStrategyV2-V2,BUY,MARKET,100000.00,1.13540,USD,2.27 USD,TAKER,904c1fed-66e7-4c90-82d4-b485641a4597,2025-04-22 23:15:00+00:00,2025-04-22 23:15:00+00:00,{},False
O-20250422-231500-001-V2-1680,BACKTESTER-001,MLSignalStrategyV2-V2,EUR/USD.IDEALPRO,IDEALPRO-1-1680,IDEALPRO-001,IDEALPRO-1-226121,EUR/USD.IDEALPRO-MLSignalStrategyV2-V2,SELL,LIMIT,100000.00,1.13759,USD,2.28 USD,MAKER,557ad9fc-f0d1-440a-ab25-3450921731c3,2025-04-23 00:31:00+00:00,2025-04-23 00:31:00+00:00,{},False
O-20250423-033000-001-V2-1681,BACKTESTER-001,MLSignalStrategyV2-V2,EUR/USD.IDEALPRO,IDEALPRO-1-1681,IDEALPRO-001,IDEALPRO-1-226480,EUR/USD.IDEALPRO-MLSignalStrategyV2-V2,BUY,MARKET,100000.00,1.13837,USD,2.28 USD,TAKER,a3f6a222-7c9b-4732-97fb-113eb22a2b78,2025-04-23 03:30:00+00:00,2025-04-23 03:30:00+00:00,{},False
O-20250423-033000-001-V2-1683,BACKTESTER-001,MLSignalStrategyV2-V2,EUR/USD.IDEALPRO,IDEALPRO-1-1683,IDEALPRO-001,IDEALPRO-1-226703,EUR/USD.IDEALPRO-MLSignalStrategyV2-V2,SELL,LIMIT,100000.00,1.13975,USD,2.28 USD,MAKER,fc55a7ef-4ffe-48c6-8efe-411d2a85f3ad,2025-04-23 05:21:00+00:00,2025-04-23 05:21:00+00:00,{},False
O-20250423-110000-001-V2-1684,BACKTESTER-001,MLSignalStrategyV2-V2,EUR/USD.IDEALPRO,IDEALPRO-1-1684,IDEALPRO-001,IDEALPRO-1-227382,EUR/USD.IDEALPRO-MLSignalStrategyV2-V2,SELL,MARKET,100000.00,1.14020,USD,2.28 USD,TAKER,697275dd-e7a7-481d-8f1d-8865af39c1dc,2025-04-23 11:00:00+00:00,2025-04-23 11:00:00+00:00,{},False
O-20250423-110000-001-V2-1686,BACKTESTER-001,MLSignalStrategyV2-V2,EUR/USD.IDEALPRO,IDEALPRO-1-1686,IDEALPRO-001,IDEALPRO-1-227403,EUR/USD.IDEALPRO-MLSignalStrategyV2-V2,BUY,LIMIT,100000.00,1.13871,USD,2.28 USD,MAKER,53ae9bb3-e33e-454d-acd6-f7574df40b5e,2025-04-23 11:10:00+00:00,2025-04-23 11:10:00+00:00,{},False
O-20250423-111500-001-V2-1687,BACKTESTER-001,MLSignalStrategyV2-V2,EUR/USD.IDEALPRO,IDEALPRO-1-1687,IDEALPRO-001,IDEALPRO-1-227414,EUR/USD.IDEALPRO-MLSignalStrategyV2-V2,SELL,MARKET,100000.00,1.13996,USD,2.28 USD,TAKER,338e7388-4db4-4fea-b00b-0e5e40a5f49e,2025-04-23 11:15:00+00:00,2025-04-23 11:15:00+00:00,{},False
O-20250423-111500-001-V2-1688,BACKTESTER-001,MLSignalStrategyV2-V2,EUR/USD.IDEALPRO,IDEALPRO-1-1688,IDEALPRO-001,IDEALPRO-1-227485,EUR/USD.IDEALPRO-MLSignalStrategyV2-V2,BUY,STOP_MARKET,100000.00,1.14162,USD,2.28 USD,TAKER,23c2c506-f186-4d04-bd30-2d20dd7d92e2,2025-04-23 11:50:00+00:00,2025-04-23 11:50:00+00:00,{},False
O-20250423-201500-001-V2-1690,BACKTESTER-001,MLSignalStrategyV2-V2,EUR/USD.IDEALPRO,IDEALPRO-1-1690,IDEALPRO-001,IDEALPRO-1-228496,EUR/USD.IDEALPRO-MLSignalStrategyV2-V2,BUY,MARKET,100000.00,1.13232,USD,2.26 USD,TAKER,61bc98e8-28c2-4680-85e3-344144684987,2025-04-23 20:15:00+00:00,2025-04-23 20:15:00+00:00,{},False
O-20250423-201500-001-V2-1692,BACKTESTER-001,MLSignalStrategyV2-V2,EUR/USD.IDEALPRO,IDEALPRO-1-1692,IDEALPRO-001,IDEALPRO-1-228693,EUR/USD.IDEALPRO-MLSignalStrategyV2-V2,SELL,LIMIT,100000.00,1.13397,USD,2.27 USD,MAKER,b53ce4d2-4f4d-4b53-82ca-21b8ccb3ecd1,2025-04-23 22:08:00+00:00,2025-04-23 22:08:00+00:00,{},False
O-20250423-233000-001-V2-1693,BACKTESTER-001,MLSignalStrategyV2-V2,EUR/USD.IDEALPRO,IDEALPRO-1-1693,IDEALPRO-001,IDEALPRO-1-228859,EUR/USD.IDEALPRO-MLSignalStrategyV2-V2,BUY,MARKET,100000.00,1.13302,USD,2.27 USD,TAKER,7f817fd9-6ea9-4641-b905-f37bf3e6721a,2025-04-23 23:30:00+00:00,2025-04-23 23:30:00+00:00,{},False
O-20250423-233000-001-V2-1695,BACKTESTER-001,MLSignalStrategyV2-V2,EUR/USD.IDEALPRO,IDEALPRO-1-1695,IDEALPRO-001,IDEALPRO-1-228973,EUR/USD.IDEALPRO-MLSignalStrategyV2-V2,SELL,LIMIT,100000.00,1.13399,USD,2.27 USD,MAKER,167e3a54-1a02-49cf-9817-8034089fac11,2025-04-24 00:27:00+00:00,2025-04-24 00:27:00+00:00,{},False
O-20250424-003000-001-V2-1696,BACKTESTER-001,MLSignalStrategyV2-V2,EUR/USD.IDEALPRO,IDEALPRO-1-1696,IDEALPRO-001,IDEALPRO-1-228980,EUR/USD.IDEALPRO-MLSignalStrategyV2-V2,BUY,MARKET,100000.00,1.13397,USD,2.27 USD,TAKER,ea1d02d7-02ef-485e-8833-7a5e2605a950,2025-04-24 00:30:00+00:00,2025-04-24 00:30:00+00:00,{},False
O-20250424-003000-001-V2-1698,BACKTESTER-001,MLSignalStrategyV2-V2,EUR/USD.IDEALPRO,IDEALPRO-1-1698,IDEALPRO-001,IDEALPRO-1-229043,EUR/USD.IDEALPRO-MLSignalStrategyV2-V2,SELL,LIMIT,100000.00,1.13491,USD,2.27 USD,MAKER,969fc4d5-b7b4-4361-b9a0-b227b8fbde09,2025-04-24 01:01:00+00:00,2025-04-24 01:01:00+00:00,{},False
O-20250424-034500-001-V2-1699,BACKTESTER-001,MLSignalStrategyV2-V2,EUR/USD.IDEALPRO,IDEALPRO-1-1699,IDEALPRO-001,IDEALPRO-1-229373,EUR/USD.IDEALPRO-MLSignalStrategyV2-V2,SELL,MARKET,100000.00,1.13390,USD,2.27 USD,TAKER,a6a6bd1c-4135-40a7-8535-cf4724ca57fd,2025-04-24 03:45:00+00:00,2025-04-24 03:45:00+00:00,{},False
O-20250424-034500-001-V2-1700,BACKTESTER-001,MLSignalStrategyV2-V2,EUR/USD.IDEALPRO,IDEALPRO-1-1700,IDEALPRO-001,IDEALPRO-1-229667,EUR/USD.IDEALPRO-MLSignalStrategyV2-V2,BUY,STOP_MARKET,100000.00,1.13503,USD,2.27 USD,TAKER,1638494f-c5b5-488a-ba14-ac4b031f88e2,2025-04-24 06:12:00+00:00,2025-04-24 06:12:00+00:00,{},False
O-20250424-061500-001-V2-1702,BACKTESTER-001,MLSignalStrategyV2-V2,EUR/USD.IDEALPRO,IDEALPRO-1-1702,IDEALPRO-001,IDEALPRO-1-229675,EUR/USD.IDEALPRO-MLSignalStrategyV2-V2,BUY,MARKET,100000.00,1.13490,USD,2.27 USD,TAKER,bd4321a0-dfcc-4443-8ab4-aec6123ea614,2025-04-24 06:15:00+00:00,2025-04-24 06:15:00+00:00,{},False
O-20250424-061500-001-V2-1704,BACKTESTER-001,MLSignalStrategyV2-V2,EUR/USD.IDEALPRO,IDEALPRO-1-1704,IDEALPRO-001,IDEALPRO-1-229767,EUR/USD.IDEALPRO-MLSignalStrategyV2-V2,SELL,LIMIT,100000.00,1.13595,USD,2.27 USD,MAKER,a81c1d2c-a63e-4d18-bcd0-522c527d66ce,2025-04-24 07:01:00+00:00,2025-04-24 07:01:00+00:00,{},False
O-20250424-090000-001-V2-1705,BACKTESTER-001,MLSignalStrategyV2-V2,EUR/USD.IDEALPRO,IDEALPRO-1-1705,IDEALPRO-001,IDEALPRO-1-230006,EUR/USD.IDEALPRO-MLSignalStrategyV2-V2,SELL,MARKET,100000.00,1.13806,USD,2.28 USD,TAKER,daed4f41-8e2e-4ed9-8bc2-88c70c930d34,2025-04-24 09:00:00+00:00,2025-04-24 09:00:00+00:00,{},False
O-20250424-090000-001-V2-1706,BACKTESTER-001,MLSignalStrategyV2-V2,EUR/USD.IDEALPRO,IDEALPRO-1-1706,IDEALPRO-001,IDEALPRO-1-230147,EUR/USD.IDEALPRO-MLSignalStrategyV2-V2,BUY,STOP_MARKET,100000.00,1.13950,USD,2.28 USD,TAKER,8676f028-2d7d-4bac-9691-ed0f63b34e97,2025-04-24 10:10:00+00:00,2025-04-24 10:10:00+00:00,{},False
O-20250424-234500-001-V2-1708,BACKTESTER-001,MLSignalStrategyV2-V2,EUR/USD.IDEALPRO,IDEALPRO-1-1708,IDEALPRO-001,IDEALPRO-1-231748,EUR/USD.IDEALPRO-MLSignalStrategyV2-V2,SELL,MARKET,100000.00,1.13736,USD,2.27 USD,TAKER,6eaec7f9-0686-48f8-88a2-3742b3e39f6c,2025-04-24 23:45:00+00:00,2025-04-24 23:45:00+00:00,{},False
O-20250424-234500-001-V2-1710,BACKTESTER-001,MLSignalStrategyV2-V2,EUR/USD.IDEALPRO,IDEALPRO-1-1710,IDEALPRO-001,IDEALPRO-1-231783,EUR/USD.IDEALPRO-MLSignalStrategyV2-V2,BUY,LIMIT,100000.00,1.13650,USD,2.27 USD,MAKER,31e12cd2-c58f-46d4-a9f9-aef04a189bf5,2025-04-25 00:02:00+00:00,2025-04-25 00:02:00+00:00,{},False
O-20250425-010000-001-V2-1711,BACKTESTER-001,MLSignalStrategyV2-V2,EUR/USD.IDEALPRO,IDEALPRO-1-1711,IDEALPRO-001,IDEALPRO-1-231900,EUR/USD.IDEALPRO-MLSignalStrategyV2-V2,BUY,MARKET,100000.00,1.13473,USD,2.27 USD,TAKER,a7cb0ec7-925f-4fea-b8e7-454d034a4bc4,2025-04-25 01:00:00+00:00,2025-04-25 01:00:00+00:00,{},False
O-20250425-010000-001-V2-1713,BACKTESTER-001,MLSignalStrategyV2-V2,EUR/USD.IDEALPRO,IDEALPRO-1-1713,IDEALPRO-001,IDEALPRO-1-231929,EUR/USD.IDEALPRO-MLSignalStrategyV2-V2,SELL,LIMIT,100000.00,1.13551,USD,2.27 USD,MAKER,d29103b8-5a15-4690-82bc-c14ca6fc326d,2025-04-25 01:14:00+00:00,2025-04-25 01:14:00+00:00,{},False
O-20250425-030000-001-V2-1714,BACKTESTER-001,MLSignalStrategyV2-V2,EUR/USD.IDEALPRO,IDEALPRO-1-1714,IDEALPRO-001,IDEALPRO-1-232142,EUR/USD.IDEALPRO-MLSignalStrategyV2-V2,SELL,MARKET,100000.00,1.13480,USD,2.27 USD,TAKER,8361c05c-30de-4890-8d18-e781a2e5df3a,2025-04-25 03:00:00+00:00,2025-04-25 03:00:00+00:00,{},False
O-20250425-030000-001-V2-1715,BACKTESTER-001,MLSignalStrategyV2-V2,EUR/USD.IDEALPRO,IDEALPRO-1-1715,IDEALPRO-001,IDEALPRO-1-232187,EUR/USD.IDEALPRO-MLSignalStrategyV2-V2,BUY,STOP_MARKET,100000.00,1.13582,USD,2.27 USD,TAKER,21660a7d-2360-4e22-b3e9-0a60e33c9d74,2025-04-25 03:22:00+00:00,2025-04-25 03:22:00+00:00,{},False
O-20250425-034500-001-V2-1717,BACKTESTER-001,MLSignalStrategyV2-V2,EUR/USD.IDEALPRO,IDEALPRO-1-1717,IDEALPRO-001,IDEALPRO-1-232234,EUR/USD.IDEALPRO-MLSignalStrategyV2-V2,BUY,MARKET,100000.00,1.13331,USD,2.27 USD,TAKER,a1d72488-6442-4af9-bdac-0d67e74262d3,2025-04-25 03:45:00+00:00,2025-04-25 03:45:00+00:00,{},False
O-20250425-034500-001-V2-1718,BACKTESTER-001,MLSignalStrategyV2-V2,EUR/USD.IDEALPRO,IDEALPRO-1-1718,IDEALPRO-001,IDEALPRO-1-232267,EUR/USD.IDEALPRO-MLSignalStrategyV2-V2,SELL,STOP_MARKET,100000.00,1.13218,USD,2.26 USD,TAKER,2a9f17d6-21cf-43bf-9579-7cd9a3750aed,2025-04-25 04:01:00+00:00,2025-04-25 04:01:00+00:00,{},False
O-20250425-041500-001-V2-1720,BACKTESTER-001,MLSignalStrategyV2-V2,EUR/USD.IDEALPRO,IDEALPRO-1-1720,IDEALPRO-001,IDEALPRO-1-232296,EUR/USD.IDEALPRO-MLSignalStrategyV2-V2,BUY,MARKET,100000.00,1.13266,USD,2.27 USD,TAKER,e4743b14-e70b-4cae-b256-2bf71bdb4407,2025-04-25 04:15:00+00:00,2025-04-25 04:15:00+00:00,{},False
O-20250425-041500-001-V2-1722,BACKTESTER-001,MLSignalStrategyV2-V2,EUR/USD.IDEALPRO,IDEALPRO-1-1722,IDEALPRO-001,IDEALPRO-1-232385,EUR/USD.IDEALPRO-MLSignalStrategyV2-V2,SELL,LIMIT,100000.00,1.13363,USD,2.27 USD,MAKER,b2f84e27-a8a6-4b00-90cd-8809e09cffdb,2025-04-25 04:59:00+00:00,2025-04-25 04:59:00+00:00,{},False
O-20250425-050000-001-V2-1723,BACKTESTER-001,MLSignalStrategyV2-V2,EUR/USD.IDEALPRO,IDEALPRO-1-1723,IDEALPRO-001,IDEALPRO-1-232388,EUR/USD.IDEALPRO-MLSignalStrategyV2-V2,BUY,MARKET,100000.00,1.13353,USD,2.27 USD,TAKER,c908637b-365d-4d65-81c4-c8af8474be78,2025-04-25 05:00:00+00:00,2025-04-25 05:00:00+00:00,{},False
O-20250425-050000-001-V2-1724,BACKTESTER-001,MLSignalStrategyV2-V2,EUR/USD.IDEALPRO,IDEALPRO-1-1724,IDEALPRO-001,IDEALPRO-1-232523,EUR/USD.IDEALPRO-MLSignalStrategyV2-V2,SELL,STOP_MARKET,100000.00,1.13226,USD,2.26 USD,TAKER,456fdd61-896c-4375-9067-f370cb6b8316,2025-04-25 06:07:00+00:00,2025-04-25 06:07:00+00:00,{},False
O-20250425-093000-001-V2-1726,BACKTESTER-001,MLSignalStrategyV2-V2,EUR/USD.IDEALPRO,IDEALPRO-1-1726,IDEALPRO-001,IDEALPRO-1-232930,EUR/USD.IDEALPRO-MLSignalStrategyV2-V2,SELL,MARKET,100000.00,1.13543,USD,2.27 USD,TAKER,cdf60582-01e2-448d-83da-304089e8c0fd,2025-04-25 09:30:00+00:00,2025-04-25 09:30:00+00:00,{},False
O-20250425-093000-001-V2-1728,BACKTESTER-001,MLSignalStrategyV2-V2,EUR/USD.IDEALPRO,IDEALPRO-1-1728,IDEALPRO-001,IDEALPRO-1-233031,EUR/USD.IDEALPRO-MLSignalStrategyV2-V2,BUY,LIMIT,100000.00,1.13426,USD,2.27 USD,MAKER,a0f106d4-5fdd-4ab6-a9ff-4b8a0b6ef733,2025-04-25 10:20:00+00:00,2025-04-25 10:20:00+00:00,{},False
O-20250425-103000-001-V2-1729,BACKTESTER-001,MLSignalStrategyV2-V2,EUR/USD.IDEALPRO,IDEALPRO-1-1729,IDEALPRO-001,IDEALPRO-1-233052,EUR/USD.IDEALPRO-MLSignalStrategyV2-V2,BUY,MARKET,100000.00,1.13431,USD,2.27 USD,TAKER,72d660d8-2906-46d8-ae83-6278976746ab,2025-04-25 10:30:00+00:00,2025-04-25 10:30:00+00:00,{},False
O-20250425-103000-001-V2-1731,BACKTESTER-001,MLSignalStrategyV2-V2,EUR/USD.IDEALPRO,IDEALPRO-1-1731,IDEALPRO-001,IDEALPRO-1-233065,EUR/USD.IDEALPRO-MLSignalStrategyV2-V2,SELL,LIMIT,100000.00,1.13548,USD,2.27 USD,MAKER,53e9e2c2-a602-4647-a1ee-b1d8e0c2ccbe,2025-04-25 10:36:00+00:00,2025-04-25 10:36:00+00:00,{},False
O-20250425-134500-001-V2-1732,BACKTESTER-001,MLSignalStrategyV2-V2,EUR/USD.IDEALPRO,IDEALPRO-1-1732,IDEALPRO-001,IDEALPRO-1-233445,EUR/USD.IDEALPRO-MLSignalStrategyV2-V2,BUY,MARKET,100000.00,1.13406,USD,2.27 USD,TAKER,5da737ea-afde-448a-ab4d-00ff703f9cb6,2025-04-25 13:45:00+00:00,2025-04-25 13:45:00+00:00,{},False
O-20250425-134500-001-V2-1734,BACKTESTER-001,MLSignalStrategyV2-V2,EUR/USD.IDEALPRO,IDEALPRO-1-1734,IDEALPRO-001,IDEALPRO-1-233467,EUR/USD.IDEALPRO-MLSignalStrategyV2-V2,SELL,LIMIT,100000.00,1.13531,USD,2.27 USD,MAKER,58f456e2-9a48-4578-b92c-150d91053192,2025-04-25 13:56:00+00:00,2025-04-25 13:56:00+00:00,{},False
O-20250427-213000-001-V2-1735,BACKTESTER-001,MLSignalStrategyV2-V2,EUR/USD.IDEALPRO,IDEALPRO-1-1735,IDEALPRO-001,IDEALPRO-1-234346,EUR/USD.IDEALPRO-MLSignalStrategyV2-V2,BUY,MARKET,100000.00,1.13649,USD,2.27 USD,TAKER,4b22ecbb-f654-4c67-adc6-556260f335e3,2025-04-27 21:30:00+00:00,2025-04-27 21:30:00+00:00,{},False
O-20250427-213000-001-V2-1736,BACKTESTER-001,MLSignalStrategyV2-V2,EUR/USD.IDEALPRO,IDEALPRO-1-1736,IDEALPRO-001,IDEALPRO-1-234439,EUR/USD.IDEALPRO-MLSignalStrategyV2-V2,SELL,STOP_MARKET,100000.00,1.13549,USD,2.27 USD,TAKER,5d03794a-559b-422f-b774-57e5b8f9ba21,2025-04-27 22:16:00+00:00,2025-04-27 22:16:00+00:00,{},False
O-20250427-223000-001-V2-1738,BACKTESTER-001,MLSignalStrategyV2-V2,EUR/USD.IDEALPRO,IDEALPRO-1-1738,IDEALPRO-001,IDEALPRO-1-234468,EUR/USD.IDEALPRO-MLSignalStrategyV2-V2,BUY,MARKET,100000.00,1.13499,USD,2.27 USD,TAKER,a0d1a3dd-8d86-4c4d-8fd9-249e87a9b14c,2025-04-27 22:30:00+00:00,2025-04-27 22:30:00+00:00,{},False
O-20250427-223000-001-V2-1739,BACKTESTER-001,MLSignalStrategyV2-V2,EUR/USD.IDEALPRO,IDEALPRO-1-1739,IDEALPRO-001,IDEALPRO-1-234471,EUR/USD.IDEALPRO-MLSignalStrategyV2-V2,SELL,STOP_MARKET,100000.00,1.13399,USD,2.27 USD,TAKER,79a5c117-ac00-4069-bf11-e82046ae4c8a,2025-04-27 22:31:00+00:00,2025-04-27 22:31:00+00:00,{},False
O-20250427-224500-001-V2-1741,BACKTESTER-001,MLSignalStrategyV2-V2,EUR/USD.IDEALPRO,IDEALPRO-1-1741,IDEALPRO-001,IDEALPRO-1-234500,EUR/USD.IDEALPRO-MLSignalStrategyV2-V2,BUY,MARKET,100000.00,1.13499,USD,2.27 USD,TAKER,a6e6229f-8ec1-4699-82f5-a81515c0874e,2025-04-27 22:45:00+00:00,2025-04-27 22:45:00+00:00,{},False
O-20250427-224500-001-V2-1742,BACKTESTER-001,MLSignalStrategyV2-V2,EUR/USD.IDEALPRO,IDEALPRO-1-1742,IDEALPRO-001,IDEALPRO-1-234649,EUR/USD.IDEALPRO-MLSignalStrategyV2-V2,SELL,STOP_MARKET,100000.00,1.13412,USD,2.27 USD,TAKER,5a007cf8-81cd-4542-9570-b65171675ce6,2025-04-27 23:59:00+00:00,2025-04-27 23:59:00+00:00,{},False
O-20250428-020000-001-V2-1744,BACKTESTER-001,MLSignalStrategyV2-V2,EUR/USD.IDEALPRO,IDEALPRO-1-1744,IDEALPRO-001,IDEALPRO-1-234892,EUR/USD.IDEALPRO-MLSignalStrategyV2-V2,BUY,MARKET,100000.00,1.13513,USD,2.27 USD,TAKER,a1bf99b7-a2d5-447b-b91a-f27746bc770f,2025-04-28 02:00:00+00:00,2025-04-28 02:00:00+00:00,{},False
O-20250428-020000-001-V2-1746,BACKTESTER-001,MLSignalStrategyV2-V2,EUR/USD.IDEALPRO,IDEALPRO-1-1746,IDEALPRO-001,IDEALPRO-1-235053,EUR/USD.IDEALPRO-MLSignalStrategyV2-V2,SELL,LIMIT,100000.00,1.13600,USD,2.27 USD,MAKER,f4acd910-a116-434f-8ad5-1cff42c6e73b,2025-04-28 03:20:00+00:00,2025-04-28 03:20:00+00:00,{},False
O-20250428-070000-001-V2-1747,BACKTESTER-001,MLSignalStrategyV2-V2,EUR/USD.IDEALPRO,IDEALPRO-1-1747,IDEALPRO-001,IDEALPRO-1-235494,EUR/USD.IDEALPRO-MLSignalStrategyV2-V2,BUY,MARKET,100000.00,1.13316,USD,2.27 USD,TAKER,dce0b29e-645c-46b9-af05-029c6a984028,2025-04-28 07:00:00+00:00,2025-04-28 07:00:00+00:00,{},False
O-20250428-070000-001-V2-1749,BACKTESTER-001,MLSignalStrategyV2-V2,EUR/USD.IDEALPRO,IDEALPRO-1-1749,IDEALPRO-001,IDEALPRO-1-235509,EUR/USD.IDEALPRO-MLSignalStrategyV2-V2,SELL,LIMIT,100000.00,1.13415,USD,2.27 USD,MAKER,b322673e-e2bc-446c-a8c4-66ce0e367327,2025-04-28 07:07:00+00:00,2025-04-28 07:07:00+00:00,{},False
O-20250428-071500-001-V2-1750,BACKTESTER-001,MLSignalStrategyV2-V2,EUR/USD.IDEALPRO,IDEALPRO-1-1750,IDEALPRO-001,IDEALPRO-1-235526,EUR/USD.IDEALPRO-MLSignalStrategyV2-V2,BUY,MARKET,100000.00,1.13427,USD,2.27 USD,TAKER,d0d49a49-136f-4cbc-a279-ce4aa8cd874b,2025-04-28 07:15:00+00:00,2025-04-28 07:15:00+00:00,{},False
O-20250428-071500-001-V2-1752,BACKTESTER-001,MLSignalStrategyV2-V2,EUR/USD.IDEALPRO,IDEALPRO-1-1752,IDEALPRO-001,IDEALPRO-1-235573,EUR/USD.IDEALPRO-MLSignalStrategyV2-V2,SELL,LIMIT,100000.00,1.13536,USD,2.27 USD,MAKER,27073627-962a-4bb9-b3da-2652216ec154,2025-04-28 07:38:00+00:00,2025-04-28 07:38:00+00:00,{},False
O-20250428-081500-001-V2-1753,BACKTESTER-001,MLSignalStrategyV2-V2,EUR/USD.IDEALPRO,IDEALPRO-1-1753,IDEALPRO-001,IDEALPRO-1-235648,EUR/USD.IDEALPRO-MLSignalStrategyV2-V2,BUY,MARKET,100000.00,1.13439,USD,2.27 USD,TAKER,dd7797a0-b90d-48cd-9bee-d90301dc0358,2025-04-28 08:15:00+00:00,2025-04-28 08:15:00+00:00,{},False
O-20250428-081500-001-V2-1755,BACKTESTER-001,MLSignalStrategyV2-V2,EUR/USD.IDEALPRO,IDEALPRO-1-1755,IDEALPRO-001,IDEALPRO-1-235803,EUR/USD.IDEALPRO-MLSignalStrategyV2-V2,SELL,LIMIT,100000.00,1.13568,USD,2.27 USD,MAKER,6c27b81a-9804-44d1-a162-2ab570cda3ec,2025-04-28 09:32:00+00:00,2025-04-28 09:32:00+00:00,{},False
O-20250428-144500-001-V2-1756,BACKTESTER-001,MLSignalStrategyV2-V2,EUR/USD.IDEALPRO,IDEALPRO-1-1756,IDEALPRO-001,IDEALPRO-1-236430,EUR/USD.IDEALPRO-MLSignalStrategyV2-V2,SELL,MARKET,100000.00,1.13991,USD,2.28 USD,TAKER,711b4165-da37-42e1-b968-456ab8fd5010,2025-04-28 14:45:00+00:00,2025-04-28 14:45:00+00:00,{},False
O-20250428-144500-001-V2-1758,BACKTESTER-001,MLSignalStrategyV2-V2,EUR/USD.IDEALPRO,IDEALPRO-1-1758,IDEALPRO-001,IDEALPRO-1-236453,EUR/USD.IDEALPRO-MLSignalStrategyV2-V2,BUY,LIMIT,100000.00,1.13797,USD,2.28 USD,MAKER,d109226d-5950-43e8-972d-2affa05db0ad,2025-04-28 14:56:00+00:00,2025-04-28 14:56:00+00:00,{},False
O-20250428-151500-001-V2-1759,BACKTESTER-001,MLSignalStrategyV2-V2,EUR/USD.IDEALPRO,IDEALPRO-1-1759,IDEALPRO-001,IDEALPRO-1-236493,EUR/USD.IDEALPRO-MLSignalStrategyV2-V2,SELL,MARKET,100000.00,1.13730,USD,2.27 USD,TAKER,e7f05068-ef43-41bc-9066-130d134213eb,2025-04-28 15:15:00+00:00,2025-04-28 15:15:00+00:00,{},False
O-20250428-151500-001-V2-1760,BACKTESTER-001,MLSignalStrategyV2-V2,EUR/USD.IDEALPRO,IDEALPRO-1-1760,IDEALPRO-001,IDEALPRO-1-236595,EUR/USD.IDEALPRO-MLSignalStrategyV2-V2,BUY,STOP_MARKET,100000.00,1.13963,USD,2.28 USD,TAKER,9f0756b7-ade7-4052-95e9-8cfa3f65b774,2025-04-28 16:06:00+00:00,2025-04-28 16:06:00+00:00,{},False
O-20250428-170000-001-V2-1762,BACKTESTER-001,MLSignalStrategyV2-V2,EUR/USD.IDEALPRO,IDEALPRO-1-1762,IDEALPRO-001,IDEALPRO-1-236704,EUR/USD.IDEALPRO-MLSignalStrategyV2-V2,SELL,MARKET,100000.00,1.14115,USD,2.28 USD,TAKER,e1137d91-682f-43f7-bbc0-362d337fbc74,2025-04-28 17:00:00+00:00,2025-04-28 17:00:00+00:00,{},False
O-20250428-170000-001-V2-1764,BACKTESTER-001,MLSignalStrategyV2-V2,EUR/USD.IDEALPRO,IDEALPRO-1-1764,IDEALPRO-001,IDEALPRO-1-237731,EUR/USD.IDEALPRO-MLSignalStrategyV2-V2,BUY,LIMIT,100000.00,1.13943,USD,2.28 USD,MAKER,fb8a41a6-542a-4569-8b30-345247740e7f,2025-04-29 01:48:00+00:00,2025-04-29 01:48:00+00:00,{},False
O-20250429-020000-001-V2-1765,BACKTESTER-001,MLSignalStrategyV2-V2,EUR/USD.IDEALPRO,IDEALPRO-1-1765,IDEALPRO-001,IDEALPRO-1-237757,EUR/USD.IDEALPRO-MLSignalStrategyV2-V2,BUY,MARKET,100000.00,1.13925,USD,2.28 USD,TAKER,0fe5f67a-639e-4a09-ade7-2458f37db6a7,2025-04-29 02:00:00+00:00,2025-04-29 02:00:00+00:00,{},False
O-20250429-020000-001-V2-1767,BACKTESTER-001,MLSignalStrategyV2-V2,EUR/USD.IDEALPRO,IDEALPRO-1-1767,IDEALPRO-001,IDEALPRO-1-237771,EUR/USD.IDEALPRO-MLSignalStrategyV2-V2,SELL,LIMIT,100000.00,1.14002,USD,2.28 USD,MAKER,c10b90b4-7a1f-44cd-9ea2-3843bb996bd2,2025-04-29 02:07:00+00:00,2025-04-29 02:07:00+00:00,{},False
O-20250429-021500-001-V2-1768,BACKTESTER-001,MLSignalStrategyV2-V2,EUR/USD.IDEALPRO,IDEALPRO-1-1768,IDEALPRO-001,IDEALPRO-1-237788,EUR/USD.IDEALPRO-MLSignalStrategyV2-V2,BUY,MARKET,100000.00,1.14194,USD,2.28 USD,TAKER,3ef91216-bf10-40ab-b075-3f10761dd5a0,2025-04-29 02:15:00+00:00,2025-04-29 02:15:00+00:00,{},False
O-20250429-021500-001-V2-1769,BACKTESTER-001,MLSignalStrategyV2-V2,EUR/USD.IDEALPRO,IDEALPRO-1-1769,IDEALPRO-001,IDEALPRO-1-237807,EUR/USD.IDEALPRO-MLSignalStrategyV2-V2,SELL,STOP_MARKET,100000.00,1.14083,USD,2.28 USD,TAKER,c720e00f-ab45-40be-a1a1-6f2925233558,2025-04-29 02:24:00+00:00,2025-04-29 02:24:00+00:00,{},False
O-20250429-100000-001-V2-1771,BACKTESTER-001,MLSignalStrategyV2-V2,EUR/USD.IDEALPRO,IDEALPRO-1-1771,IDEALPRO-001,IDEALPRO-1-238720,EUR/USD.IDEALPRO-MLSignalStrategyV2-V2,BUY,MARKET,100000.00,1.13806,USD,2.28 USD,TAKER,88f914b4-e26b-4cfd-a187-937db48534ad,2025-04-29 10:00:00+00:00,2025-04-29 10:00:00+00:00,{},False
O-20250429-100000-001-V2-1773,BACKTESTER-001,MLSignalStrategyV2-V2,EUR/USD.IDEALPRO,IDEALPRO-1-1773,IDEALPRO-001,IDEALPRO-1-239045,EUR/USD.IDEALPRO-MLSignalStrategyV2-V2,SELL,LIMIT,100000.00,1.13924,USD,2.28 USD,MAKER,e51d04b3-1dc0-4e09-86f5-d40fc86d3a90,2025-04-29 12:42:00+00:00,2025-04-29 12:42:00+00:00,{},False
O-20250429-230000-001-V2-1774,BACKTESTER-001,MLSignalStrategyV2-V2,EUR/USD.IDEALPRO,IDEALPRO-1-1774,IDEALPRO-001,IDEALPRO-1-240252,EUR/USD.IDEALPRO-MLSignalStrategyV2-V2,SELL,MARKET,100000.00,1.13915,USD,2.28 USD,TAKER,51db2da4-4c16-48c6-831f-b28850bde68b,2025-04-29 23:00:00+00:00,2025-04-29 23:00:00+00:00,{},False
O-20250429-230000-001-V2-1776,BACKTESTER-001,MLSignalStrategyV2-V2,EUR/USD.IDEALPRO,IDEALPRO-1-1776,IDEALPRO-001,IDEALPRO-1-240475,EUR/USD.IDEALPRO-MLSignalStrategyV2-V2,BUY,LIMIT,100000.00,1.13811,USD,2.28 USD,MAKER,bb30b058-61ee-485b-88b1-eb4f13a207ba,2025-04-30 00:51:00+00:00,2025-04-30 00:51:00+00:00,{},False
O-20250430-020000-001-V2-1777,BACKTESTER-001,MLSignalStrategyV2-V2,EUR/USD.IDEALPRO,IDEALPRO-1-1777,IDEALPRO-001,IDEALPRO-1-240614,EUR/USD.IDEALPRO-MLSignalStrategyV2-V2,BUY,MARKET,100000.00,1.13587,USD,2.27 USD,TAKER,4eda90a4-3d89-43d4-8f47-a49d1ef417e5,2025-04-30 02:00:00+00:00,2025-04-30 02:00:00+00:00,{},False
O-20250430-020000-001-V2-1779,BACKTESTER-001,MLSignalStrategyV2-V2,EUR/USD.IDEALPRO,IDEALPRO-1-1779,IDEALPRO-001,IDEALPRO-1-240637,EUR/USD.IDEALPRO-MLSignalStrategyV2-V2,SELL,LIMIT,100000.00,1.13670,USD,2.27 USD,MAKER,5b6683a7-600a-47e3-beec-41a5947e6a81,2025-04-30 02:11:00+00:00,2025-04-30 02:11:00+00:00,{},False
O-20250430-021500-001-V2-1780,BACKTESTER-001,MLSignalStrategyV2-V2,EUR/USD.IDEALPRO,IDEALPRO-1-1780,IDEALPRO-001,IDEALPRO-1-240646,EUR/USD.IDEALPRO-MLSignalStrategyV2-V2,BUY,MARKET,100000.00,1.13650,USD,2.27 USD,TAKER,521437f7-ea31-408f-9976-15eacb68ea0f,2025-04-30 02:15:00+00:00,2025-04-30 02:15:00+00:00,{},False
O-20250430-021500-001-V2-1782,BACKTESTER-001,MLSignalStrategyV2-V2,EUR/USD.IDEALPRO,IDEALPRO-1-1782,IDEALPRO-001,IDEALPRO-1-240745,EUR/USD.IDEALPRO-MLSignalStrategyV2-V2,SELL,LIMIT,100000.00,1.13748,USD,2.27 USD,MAKER,41bc5178-94c2-4a13-afba-d242247f5b72,2025-04-30 03:04:00+00:00,2025-04-30 03:04:00+00:00,{},False
O-20250430-031500-001-V2-1783,BACKTESTER-001,MLSignalStrategyV2-V2,EUR/USD.IDEALPRO,IDEALPRO-1-1783,IDEALPRO-001,IDEALPRO-1-240768,EUR/USD.IDEALPRO-MLSignalStrategyV2-V2,BUY,MARKET,100000.00,1.13749,USD,2.27 USD,TAKER,1f0c1e06-83e9-4b62-89e1-a7632936bf55,2025-04-30 03:15:00+00:00,2025-04-30 03:15:00+00:00,{},False
O-20250430-031500-001-V2-1785,BACKTESTER-001,MLSignalStrategyV2-V2,EUR/USD.IDEALPRO,IDEALPRO-1-1785,IDEALPRO-001,IDEALPRO-1-241091,EUR/USD.IDEALPRO-MLSignalStrategyV2-V2,SELL,LIMIT,100000.00,1.13844,USD,2.28 USD,MAKER,8366f458-0d8f-4330-9d1a-a14630be72b0,2025-04-30 05:56:00+00:00,2025-04-30 05:56:00+00:00,{},False
O-20250430-073000-001-V2-1786,BACKTESTER-001,MLSignalStrategyV2-V2,EUR/USD.IDEALPRO,IDEALPRO-1-1786,IDEALPRO-001,IDEALPRO-1-241280,EUR/USD.IDEALPRO-MLSignalStrategyV2-V2,BUY,MARKET,100000.00,1.13805,USD,2.28 USD,TAKER,ffca8b9f-fb2c-4ccd-8215-476d578b72cb,2025-04-30 07:30:00+00:00,2025-04-30 07:30:00+00:00,{},False
O-20250430-073000-001-V2-1787,BACKTESTER-001,MLSignalStrategyV2-V2,EUR/USD.IDEALPRO,IDEALPRO-1-1787,IDEALPRO-001,IDEALPRO-1-241387,EUR/USD.IDEALPRO-MLSignalStrategyV2-V2,SELL,STOP_MARKET,100000.00,1.13677,USD,2.27 USD,TAKER,ebfec7bf-f3c3-400d-b86d-c399155c54c6,2025-04-30 08:23:00+00:00,2025-04-30 08:23:00+00:00,{},False
O-20250430-100000-001-V2-1789,BACKTESTER-001,MLSignalStrategyV2-V2,EUR/USD.IDEALPRO,IDEALPRO-1-1789,IDEALPRO-001,IDEALPRO-1-241583,EUR/USD.IDEALPRO-MLSignalStrategyV2-V2,BUY,MARKET,100000.00,1.13624,USD,2.27 USD,TAKER,acf89162-9b13-4bdd-804f-ee282bd043ff,2025-04-30 10:00:00+00:00,2025-04-30 10:00:00+00:00,{},False
O-20250430-100000-001-V2-1791,BACKTESTER-001,MLSignalStrategyV2-V2,EUR/USD.IDEALPRO,IDEALPRO-1-1791,IDEALPRO-001,IDEALPRO-1-241757,EUR/USD.IDEALPRO-MLSignalStrategyV2-V2,SELL,LIMIT,100000.00,1.13725,USD,2.27 USD,MAKER,49d1eebb-3cb8-42ce-9c2d-3a0969dad081,2025-04-30 11:27:00+00:00,2025-04-30 11:27:00+00:00,{},False
O-20250430-200000-001-V2-1792,BACKTESTER-001,MLSignalStrategyV2-V2,EUR/USD.IDEALPRO,IDEALPRO-1-1792,IDEALPRO-001,IDEALPRO-1-242784,EUR/USD.IDEALPRO-MLSignalStrategyV2-V2,BUY,MARKET,100000.00,1.13299,USD,2.27 USD,TAKER,ae74dbde-90bc-451a-ba0a-8166f95c46bd,2025-04-30 20:00:00+00:00,2025-04-30 20:00:00+00:00,{},False
O-20250430-200000-001-V2-1793,BACKTESTER-001,MLSignalStrategyV2-V2,EUR/USD.IDEALPRO,IDEALPRO-1-1793,IDEALPRO-001,IDEALPRO-1-242839,EUR/USD.IDEALPRO-MLSignalStrategyV2-V2,SELL,STOP_MARKET,100000.00,1.13172,USD,2.26 USD,TAKER,02fc63ce-6f75-4812-be16-422902aeb3a7,2025-04-30 20:27:00+00:00,2025-04-30 20:27:00+00:00,{},False
O-20250430-203000-001-V2-1795,BACKTESTER-001,MLSignalStrategyV2-V2,EUR/USD.IDEALPRO,IDEALPRO-1-1795,IDEALPRO-001,IDEALPRO-1-242846,EUR/USD.IDEALPRO-MLSignalStrategyV2-V2,BUY,MARKET,100000.00,1.13243,USD,2.26 USD,TAKER,e343a543-0fc2-4f4a-b7e1-435177f8efcf,2025-04-30 20:30:00+00:00,2025-04-30 20:30:00+00:00,{},False
O-20250430-203000-001-V2-1796,BACKTESTER-001,MLSignalStrategyV2-V2,EUR/USD.IDEALPRO,IDEALPRO-1-1796,IDEALPRO-001,IDEALPRO-1-243387,EUR/USD.IDEALPRO-MLSignalStrategyV2-V2,SELL,STOP_MARKET,100000.00,1.13118,USD,2.26 USD,TAKER,51efad28-6e2d-40c0-a771-181b7b5f4fe1,2025-05-01 01:15:00+00:00,2025-05-01 01:15:00+00:00,{},False
O-20250501-034500-001-V2-1798,BACKTESTER-001,MLSignalStrategyV2-V2,EUR/USD.IDEALPRO,IDEALPRO-1-1798,IDEALPRO-001,IDEALPRO-1-243688,EUR/USD.IDEALPRO-MLSignalStrategyV2-V2,BUY,MARKET,100000.00,1.13017,USD,2.26 USD,TAKER,0c0f01f9-cdc0-4d17-a2bb-acee6fb91a1b,2025-05-01 03:45:00+00:00,2025-05-01 03:45:00+00:00,{},False
O-20250501-034500-001-V2-1800,BACKTESTER-001,MLSignalStrategyV2-V2,EUR/USD.IDEALPRO,IDEALPRO-1-1800,IDEALPRO-001,IDEALPRO-1-243697,EUR/USD.IDEALPRO-MLSignalStrategyV2-V2,SELL,LIMIT,100000.00,1.13086,USD,2.26 USD,MAKER,d1f8e1a6-441c-4516-8668-bf5d29499896,2025-05-01 03:49:00+00:00,2025-05-01 03:49:00+00:00,{},False
O-20250501-091500-001-V2-1801,BACKTESTER-001,MLSignalStrategyV2-V2,EUR/USD.IDEALPRO,IDEALPRO-1-1801,IDEALPRO-001,IDEALPRO-1-244350,EUR/USD.IDEALPRO-MLSignalStrategyV2-V2,BUY,MARKET,100000.00,1.13169,USD,2.26 USD,TAKER,7810ce30-67df-47ea-b760-e15701f506d0,2025-05-01 09:15:00+00:00,2025-05-01 09:15:00+00:00,{},False
O-20250501-091500-001-V2-1803,BACKTESTER-001,MLSignalStrategyV2-V2,EUR/USD.IDEALPRO,IDEALPRO-1-1803,IDEALPRO-001,IDEALPRO-1-244475,EUR/USD.IDEALPRO-MLSignalStrategyV2-V2,SELL,LIMIT,100000.00,1.13267,USD,2.27 USD,MAKER,f52c489e-5f6b-4f1c-aafd-6a2aa1f0e716,2025-05-01 10:17:00+00:00,2025-05-01 10:17:00+00:00,{},False
O-20250501-124500-001-V2-1804,BACKTESTER-001,MLSignalStrategyV2-V2,EUR/USD.IDEALPRO,IDEALPRO-1-1804,IDEALPRO-001,IDEALPRO-1-244773,EUR/USD.IDEALPRO-MLSignalStrategyV2-V2,SELL,MARKET,100000.00,1.13171,USD,2.26 USD,TAKER,3bb5f039-9164-4adf-8223-1eee5a5a5165,2025-05-01 12:45:00+00:00,2025-05-01 12:45:00+00:00,{},False
O-20250501-124500-001-V2-1806,BACKTESTER-001,MLSignalStrategyV2-V2,EUR/USD.IDEALPRO,IDEALPRO-1-1806,IDEALPRO-001,IDEALPRO-1-244925,EUR/USD.IDEALPRO-MLSignalStrategyV2-V2,BUY,LIMIT,100000.00,1.12981,USD,2.26 USD,MAKER,8bbf01d7-c154-4d5c-892c-a3631149e29f,2025-05-01 14:01:00+00:00,2025-05-01 14:01:00+00:00,{},False
O-20250501-150000-001-V2-1807,BACKTESTER-001,MLSignalStrategyV2-V2,EUR/USD.IDEALPRO,IDEALPRO-1-1807,IDEALPRO-001,IDEALPRO-1-245044,EUR/USD.IDEALPRO-MLSignalStrategyV2-V2,BUY,MARKET,100000.00,1.12817,USD,2.26 USD,TAKER,47ab2d9e-e4cb-468c-a07e-4dd83f0135f8,2025-05-01 15:00:00+00:00,2025-05-01 15:00:00+00:00,{},False
O-20250501-150000-001-V2-1809,BACKTESTER-001,MLSignalStrategyV2-V2,EUR/USD.IDEALPRO,IDEALPRO-1-1809,IDEALPRO-001,IDEALPRO-1-245907,EUR/USD.IDEALPRO-MLSignalStrategyV2-V2,SELL,LIMIT,100000.00,1.12949,USD,2.26 USD,MAKER,f7df00fb-e2d3-476c-8c8a-ae515edc095e,2025-05-01 22:26:00+00:00,2025-05-01 22:26:00+00:00,{},False
O-20250501-230000-001-V2-1810,BACKTESTER-001,MLSignalStrategyV2-V2,EUR/USD.IDEALPRO,IDEALPRO-1-1810,IDEALPRO-001,IDEALPRO-1-245976,EUR/USD.IDEALPRO-MLSignalStrategyV2-V2,BUY,MARKET,100000.00,1.12953,USD,2.26 USD,TAKER,bf9cf3e0-0418-430e-b045-b371699b2c66,2025-05-01 23:00:00+00:00,2025-05-01 23:00:00+00:00,{},False
O-20250501-230000-001-V2-1811,BACKTESTER-001,MLSignalStrategyV2-V2,EUR/USD.IDEALPRO,IDEALPRO-1-1811,IDEALPRO-001,IDEALPRO-1-246129,EUR/USD.IDEALPRO-MLSignalStrategyV2-V2,SELL,STOP_MARKET,100000.00,1.12884,USD,2.26 USD,TAKER,e56d1f1c-be50-49e9-9aa0-7aaa9f2f2135,2025-05-02 00:16:00+00:00,2025-05-02 00:16:00+00:00,{},False
O-20250502-011500-001-V2-1813,BACKTESTER-001,MLSignalStrategyV2-V2,EUR/USD.IDEALPRO,IDEALPRO-1-1813,IDEALPRO-001,IDEALPRO-1-246248,EUR/USD.IDEALPRO-MLSignalStrategyV2-V2,BUY,MARKET,100000.00,1.12867,USD,2.26 USD,TAKER,5b730c06-94eb-4d00-acd6-6de79b70aeae,2025-05-02 01:15:00+00:00,2025-05-02 01:15:00+00:00,{},False
O-20250502-011500-001-V2-1815,BACKTESTER-001,MLSignalStrategyV2-V2,EUR/USD.IDEALPRO,IDEALPRO-1-1815,IDEALPRO-001,IDEALPRO-1-246327,EUR/USD.IDEALPRO-MLSignalStrategyV2-V2,SELL,LIMIT,100000.00,1.12944,USD,2.26 USD,MAKER,1167bbe7-4264-4f08-868e-42db186148c0,2025-05-02 01:54:00+00:00,2025-05-02 01:54:00+00:00,{},False
O-20250502-033000-001-V2-1816,BACKTESTER-001,MLSignalStrategyV2-V2,EUR/USD.IDEALPRO,IDEALPRO-1-1816,IDEALPRO-001,IDEALPRO-1-246520,EUR/USD.IDEALPRO-MLSignalStrategyV2-V2,BUY,MARKET,100000.00,1.13081,USD,2.26 USD,TAKER,1dd921ba-9cf1-42d6-b8d1-e07f4f8acc81,2025-05-02 03:30:00+00:00,2025-05-02 03:30:00+00:00,{},False
O-20250502-033000-001-V2-1818,BACKTESTER-001,MLSignalStrategyV2-V2,EUR/USD.IDEALPRO,IDEALPRO-1-1818,IDEALPRO-001,IDEALPRO-1-246577,EUR/USD.IDEALPRO-MLSignalStrategyV2-V2,SELL,LIMIT,100000.00,1.13157,USD,2.26 USD,MAKER,c4a0e68e-815a-4164-9458-faab3af855c6,2025-05-02 03:58:00+00:00,2025-05-02 03:58:00+00:00,{},False
O-20250502-040000-001-V2-1819,BACKTESTER-001,MLSignalStrategyV2-V2,EUR/USD.IDEALPRO,IDEALPRO-1-1819,IDEALPRO-001,IDEALPRO-1-246582,EUR/USD.IDEALPRO-MLSignalStrategyV2-V2,BUY,MARKET,100000.00,1.13129,USD,2.26 USD,TAKER,382c0065-07be-4f9a-b414-4af6e60f7444,2025-05-02 04:00:00+00:00,2025-05-02 04:00:00+00:00,{},False
O-20250502-040000-001-V2-1820,BACKTESTER-001,MLSignalStrategyV2-V2,EUR/USD.IDEALPRO,IDEALPRO-1-1820,IDEALPRO-001,IDEALPRO-1-246673,EUR/USD.IDEALPRO-MLSignalStrategyV2-V2,SELL,STOP_MARKET,100000.00,1.13035,USD,2.26 USD,TAKER,f3d9eaa3-e33a-448c-8956-c1e9214845ee,2025-05-02 04:45:00+00:00,2025-05-02 04:45:00+00:00,{},False
O-20250502-054500-001-V2-1822,BACKTESTER-001,MLSignalStrategyV2-V2,EUR/USD.IDEALPRO,IDEALPRO-1-1822,IDEALPRO-001,IDEALPRO-1-246794,EUR/USD.IDEALPRO-MLSignalStrategyV2-V2,BUY,MARKET,100000.00,1.13098,USD,2.26 USD,TAKER,add93e00-b48c-4ac6-aae1-9d120498c0dc,2025-05-02 05:45:00+00:00,2025-05-02 05:45:00+00:00,{},False
O-20250502-054500-001-V2-1824,BACKTESTER-001,MLSignalStrategyV2-V2,EUR/USD.IDEALPRO,IDEALPRO-1-1824,IDEALPRO-001,IDEALPRO-1-246837,EUR/USD.IDEALPRO-MLSignalStrategyV2-V2,SELL,LIMIT,100000.00,1.13167,USD,2.26 USD,MAKER,362e577c-89cb-40b3-b0ee-31e0773e7074,2025-05-02 06:06:00+00:00,2025-05-02 06:06:00+00:00,{},False
O-20250502-073000-001-V2-1825,BACKTESTER-001,MLSignalStrategyV2-V2,EUR/USD.IDEALPRO,IDEALPRO-1-1825,IDEALPRO-001,IDEALPRO-1-247007,EUR/USD.IDEALPRO-MLSignalStrategyV2-V2,BUY,MARKET,100000.00,1.13211,USD,2.26 USD,TAKER,4b61961c-28f9-4769-a17b-17c5e8077eb5,2025-05-02 07:30:00+00:00,2025-05-02 07:30:00+00:00,{},False
O-20250502-073000-001-V2-1827,BACKTESTER-001,MLSignalStrategyV2-V2,EUR/USD.IDEALPRO,IDEALPRO-1-1827,IDEALPRO-001,IDEALPRO-1-247049,EUR/USD.IDEALPRO-MLSignalStrategyV2-V2,SELL,LIMIT,100000.00,1.13311,USD,2.27 USD,MAKER,e5fbc4a0-d893-454d-b9ae-a3206fd724c2,2025-05-02 07:51:00+00:00,2025-05-02 07:51:00+00:00,{},False
O-20250502-134500-001-V2-1828,BACKTESTER-001,MLSignalStrategyV2-V2,EUR/USD.IDEALPRO,IDEALPRO-1-1828,IDEALPRO-001,IDEALPRO-1-247758,EUR/USD.IDEALPRO-MLSignalStrategyV2-V2,SELL,MARKET,100000.00,1.13677,USD,2.27 USD,TAKER,41881406-3519-4373-bfe3-3312eae42ff6,2025-05-02 13:45:00+00:00,2025-05-02 13:45:00+00:00,{},False
O-20250502-134500-001-V2-1830,BACKTESTER-001,MLSignalStrategyV2-V2,EUR/USD.IDEALPRO,IDEALPRO-1-1830,IDEALPRO-001,IDEALPRO-1-247953,EUR/USD.IDEALPRO-MLSignalStrategyV2-V2,BUY,LIMIT,100000.00,1.13466,USD,2.27 USD,MAKER,8a1dad67-f70b-403c-965e-2035d4bb2f9a,2025-05-02 15:22:00+00:00,2025-05-02 15:22:00+00:00,{},False
O-20250502-161500-001-V2-1831,BACKTESTER-001,MLSignalStrategyV2-V2,EUR/USD.IDEALPRO,IDEALPRO-1-1831,IDEALPRO-001,IDEALPRO-1-248060,EUR/USD.IDEALPRO-MLSignalStrategyV2-V2,SELL,MARKET,100000.00,1.13373,USD,2.27 USD,TAKER,d127ecde-4746-4b95-9ccc-dfaf3a1d07c2,2025-05-02 16:15:00+00:00,2025-05-02 16:15:00+00:00,{},False
O-20250502-161500-001-V2-1833,BACKTESTER-001,MLSignalStrategyV2-V2,EUR/USD.IDEALPRO,IDEALPRO-1-1833,IDEALPRO-001,IDEALPRO-1-248131,EUR/USD.IDEALPRO-MLSignalStrategyV2-V2,BUY,LIMIT,100000.00,1.13199,USD,2.26 USD,MAKER,6eea33c9-51e5-432d-b668-b3ebc9bc3b5b,2025-05-02 16:50:00+00:00,2025-05-02 16:50:00+00:00,{},False
O-20250504-213000-001-V2-1834,BACKTESTER-001,MLSignalStrategyV2-V2,EUR/USD.IDEALPRO,IDEALPRO-1-1834,IDEALPRO-001,IDEALPRO-1-248663,EUR/USD.IDEALPRO-MLSignalStrategyV2-V2,BUY,MARKET,100000.00,1.13031,USD,2.26 USD,TAKER,f1fe0c5f-317c-4186-a823-0dfdd3303db6,2025-05-04 21:30:00+00:00,2025-05-04 21:30:00+00:00,{},False
O-20250504-213000-001-V2-1836,BACKTESTER-001,MLSignalStrategyV2-V2,EUR/USD.IDEALPRO,IDEALPRO-1-1836,IDEALPRO-001,IDEALPRO-1-248803,EUR/USD.IDEALPRO-MLSignalStrategyV2-V2,SELL,LIMIT,100000.00,1.13124,USD,2.26 USD,MAKER,b897d54a-219c-456c-b978-6091e47f8848,2025-05-04 22:40:00+00:00,2025-05-04 22:40:00+00:00,{},False
O-20250504-224500-001-V2-1837,BACKTESTER-001,MLSignalStrategyV2-V2,EUR/USD.IDEALPRO,IDEALPRO-1-1837,IDEALPRO-001,IDEALPRO-1-248814,EUR/USD.IDEALPRO-MLSignalStrategyV2-V2,BUY,MARKET,100000.00,1.13135,USD,2.26 USD,TAKER,dca12ad5-d075-4432-81b6-b880ab344df2,2025-05-04 22:45:00+00:00,2025-05-04 22:45:00+00:00,{},False
O-20250504-224500-001-V2-1838,BACKTESTER-001,MLSignalStrategyV2-V2,EUR/USD.IDEALPRO,IDEALPRO-1-1838,IDEALPRO-001,IDEALPRO-1-248849,EUR/USD.IDEALPRO-MLSignalStrategyV2-V2,SELL,STOP_MARKET,100000.00,1.13033,USD,2.26 USD,TAKER,d2d2d484-c990-4859-81ad-b1bc2074a7d9,2025-05-04 23:02:00+00:00,2025-05-04 23:02:00+00:00,{},False
O-20250504-231500-001-V2-1840,BACKTESTER-001,MLSignalStrategyV2-V2,EUR/USD.IDEALPRO,IDEALPRO-1-1840,IDEALPRO-001,IDEALPRO-1-248876,EUR/USD.IDEALPRO-MLSignalStrategyV2-V2,BUY,MARKET,100000.00,1.13034,USD,2.26 USD,TAKER,425395e3-1287-405a-ace3-411d16d4c730,2025-05-04 23:15:00+00:00,2025-05-04 23:15:00+00:00,{},False
O-20250504-231500-001-V2-1842,BACKTESTER-001,MLSignalStrategyV2-V2,EUR/USD.IDEALPRO,IDEALPRO-1-1842,IDEALPRO-001,IDEALPRO-1-248893,EUR/USD.IDEALPRO-MLSignalStrategyV2-V2,SELL,LIMIT,100000.00,1.13119,USD,2.26 USD,MAKER,b9a7103e-eca3-4ee7-9cdc-74a159f4fe98,2025-05-04 23:23:00+00:00,2025-05-04 23:23:00+00:00,{},False
O-20250504-233000-001-V2-1843,BACKTESTER-001,MLSignalStrategyV2-V2,EUR/USD.IDEALPRO,IDEALPRO-1-1843,IDEALPRO-001,IDEALPRO-1-248908,EUR/USD.IDEALPRO-MLSignalStrategyV2-V2,BUY,MARKET,100000.00,1.13121,USD,2.26 USD,TAKER,88ce2835-5f9a-44ca-8ea3-756494616620,2025-05-04 23:30:00+00:00,2025-05-04 23:30:00+00:00,{},False
O-20250504-233000-001-V2-1845,BACKTESTER-001,MLSignalStrategyV2-V2,EUR/USD.IDEALPRO,IDEALPRO-1-1845,IDEALPRO-001,IDEALPRO-1-248935,EUR/USD.IDEALPRO-MLSignalStrategyV2-V2,SELL,LIMIT,100000.00,1.13209,USD,2.26 USD,MAKER,75b92820-69ce-4635-9293-88ce8738bf40,2025-05-04 23:43:00+00:00,2025-05-04 23:43:00+00:00,{},False
O-20250504-234500-001-V2-1846,BACKTESTER-001,MLSignalStrategyV2-V2,EUR/USD.IDEALPRO,IDEALPRO-1-1846,IDEALPRO-001,IDEALPRO-1-248940,EUR/USD.IDEALPRO-MLSignalStrategyV2-V2,BUY,MARKET,100000.00,1.13205,USD,2.26 USD,TAKER,0971e931-980c-4da2-aaa9-f69c3de0511f,2025-05-04 23:45:00+00:00,2025-05-04 23:45:00+00:00,{},False
O-20250504-234500-001-V2-1848,BACKTESTER-001,MLSignalStrategyV2-V2,EUR/USD.IDEALPRO,IDEALPRO-1-1848,IDEALPRO-001,IDEALPRO-1-249103,EUR/USD.IDEALPRO-MLSignalStrategyV2-V2,SELL,LIMIT,100000.00,1.13286,USD,2.27 USD,MAKER,1f82afe5-134d-41b6-af88-cb37f360bea3,2025-05-05 01:06:00+00:00,2025-05-05 01:06:00+00:00,{},False
O-20250505-023000-001-V2-1849,BACKTESTER-001,MLSignalStrategyV2-V2,EUR/USD.IDEALPRO,IDEALPRO-1-1849,IDEALPRO-001,IDEALPRO-1-249273,EUR/USD.IDEALPRO-MLSignalStrategyV2-V2,BUY,MARKET,100000.00,1.13397,USD,2.27 USD,TAKER,316f18b8-64e6-4e6a-98ff-8e43e1380723,2025-05-05 02:30:00+00:00,2025-05-05 02:30:00+00:00,{},False
O-20250505-023000-001-V2-1850,BACKTESTER-001,MLSignalStrategyV2-V2,EUR/USD.IDEALPRO,IDEALPRO-1-1850,IDEALPRO-001,IDEALPRO-1-249417,EUR/USD.IDEALPRO-MLSignalStrategyV2-V2,SELL,STOP_MARKET,100000.00,1.13285,USD,2.27 USD,TAKER,d02de1e1-c66c-4e65-9be3-97bd7c4ad3fd,2025-05-05 03:42:00+00:00,2025-05-05 03:42:00+00:00,{},False
O-20250505-080000-001-V2-1852,BACKTESTER-001,MLSignalStrategyV2-V2,EUR/USD.IDEALPRO,IDEALPRO-1-1852,IDEALPRO-001,IDEALPRO-1-249934,EUR/USD.IDEALPRO-MLSignalStrategyV2-V2,BUY,MARKET,100000.00,1.13132,USD,2.26 USD,TAKER,1358f9af-753e-4f9c-89fb-0adc1d78d018,2025-05-05 08:00:00+00:00,2025-05-05 08:00:00+00:00,{},False
O-20250505-080000-001-V2-1854,BACKTESTER-001,MLSignalStrategyV2-V2,EUR/USD.IDEALPRO,IDEALPRO-1-1854,IDEALPRO-001,IDEALPRO-1-249957,EUR/USD.IDEALPRO-MLSignalStrategyV2-V2,SELL,LIMIT,100000.00,1.13226,USD,2.26 USD,MAKER,29f72080-7d2a-487f-a8c8-75e17ffca93c,2025-05-05 08:11:00+00:00,2025-05-05 08:11:00+00:00,{},False
O-20250505-081500-001-V2-1855,BACKTESTER-001,MLSignalStrategyV2-V2,EUR/USD.IDEALPRO,IDEALPRO-1-1855,IDEALPRO-001,IDEALPRO-1-249966,EUR/USD.IDEALPRO-MLSignalStrategyV2-V2,BUY,MARKET,100000.00,1.13255,USD,2.27 USD,TAKER,64927bfb-2a95-425f-a91d-8d9f5443c5ad,2025-05-05 08:15:00+00:00,2025-05-05 08:15:00+00:00,{},False
O-20250505-081500-001-V2-1857,BACKTESTER-001,MLSignalStrategyV2-V2,EUR/USD.IDEALPRO,IDEALPRO-1-1857,IDEALPRO-001,IDEALPRO-1-250069,EUR/USD.IDEALPRO-MLSignalStrategyV2-V2,SELL,LIMIT,100000.00,1.13364,USD,2.27 USD,MAKER,484f3a63-0b1e-41a0-a949-cfd0dfbe4221,2025-05-05 09:06:00+00:00,2025-05-05 09:06:00+00:00,{},False
O-20250505-124500-001-V2-1858,BACKTESTER-001,MLSignalStrategyV2-V2,EUR/USD.IDEALPRO,IDEALPRO-1-1858,IDEALPRO-001,IDEALPRO-1-250509,EUR/USD.IDEALPRO-MLSignalStrategyV2-V2,SELL,MARKET,100000.00,1.13502,USD,2.27 USD,TAKER,0e4a4c7b-5d10-479e-b2e7-6c5354441f05,2025-05-05 12:45:00+00:00,2025-05-05 12:45:00+00:00,{},False
O-20250505-124500-001-V2-1859,BACKTESTER-001,MLSignalStrategyV2-V2,EUR/USD.IDEALPRO,IDEALPRO-1-1859,IDEALPRO-001,IDEALPRO-1-250535,EUR/USD.IDEALPRO-MLSignalStrategyV2-V2,BUY,STOP_MARKET,100000.00,1.13634,USD,2.27 USD,TAKER,0950dbb2-f8c5-4738-9c15-ebbcb540aa27,2025-05-05 12:58:00+00:00,2025-05-05 12:58:00+00:00,{},False
O-20250505-150000-001-V2-1861,BACKTESTER-001,MLSignalStrategyV2-V2,EUR/USD.IDEALPRO,IDEALPRO-1-1861,IDEALPRO-001,IDEALPRO-1-250780,EUR/USD.IDEALPRO-MLSignalStrategyV2-V2,SELL,MARKET,100000.00,1.13386,USD,2.27 USD,TAKER,1ae6f5b7-39d1-459d-aea2-ba4a643ca63f,2025-05-05 15:00:00+00:00,2025-05-05 15:00:00+00:00,{},False
O-20250505-150000-001-V2-1863,BACKTESTER-001,MLSignalStrategyV2-V2,EUR/USD.IDEALPRO,IDEALPRO-1-1863,IDEALPRO-001,IDEALPRO-1-250849,EUR/USD.IDEALPRO-MLSignalStrategyV2-V2,BUY,LIMIT,100000.00,1.13241,USD,2.26 USD,MAKER,4b3ffd97-ab18-429b-876d-a90f63cefac0,2025-05-05 15:34:00+00:00,2025-05-05 15:34:00+00:00,{},False
O-20250505-170000-001-V2-1864,BACKTESTER-001,MLSignalStrategyV2-V2,EUR/USD.IDEALPRO,IDEALPRO-1-1864,IDEALPRO-001,IDEALPRO-1-251022,EUR/USD.IDEALPRO-MLSignalStrategyV2-V2,BUY,MARKET,100000.00,1.13024,USD,2.26 USD,TAKER,6210ed3d-efcf-4b54-8845-34dce06368c9,2025-05-05 17:00:00+00:00,2025-05-05 17:00:00+00:00,{},False
O-20250505-170000-001-V2-1866,BACKTESTER-001,MLSignalStrategyV2-V2,EUR/USD.IDEALPRO,IDEALPRO-1-1866,IDEALPRO-001,IDEALPRO-1-251253,EUR/USD.IDEALPRO-MLSignalStrategyV2-V2,SELL,LIMIT,100000.00,1.13129,USD,2.26 USD,MAKER,473f9c8a-5522-4b10-9f1b-c0a20bfb42b7,2025-05-05 18:55:00+00:00,2025-05-05 18:55:00+00:00,{},False
O-20250505-190000-001-V2-1867,BACKTESTER-001,MLSignalStrategyV2-V2,EUR/USD.IDEALPRO,IDEALPRO-1-1867,IDEALPRO-001,IDEALPRO-1-251265,EUR/USD.IDEALPRO-MLSignalStrategyV2-V2,BUY,MARKET,100000.00,1.13133,USD,2.26 USD,TAKER,7f054615-38c9-4a1e-b550-c4e395ff607a,2025-05-05 19:00:00+00:00,2025-05-05 19:00:00+00:00,{},False
O-20250505-190000-001-V2-1869,BACKTESTER-001,MLSignalStrategyV2-V2,EUR/USD.IDEALPRO,IDEALPRO-1-1869,IDEALPRO-001,IDEALPRO-1-251321,EUR/USD.IDEALPRO-MLSignalStrategyV2-V2,SELL,LIMIT,100000.00,1.13211,USD,2.26 USD,MAKER,9c22b5b9-10d9-4a50-bce3-c1e1a78e5f8d,2025-05-05 19:28:00+00:00,2025-05-05 19:28:00+00:00,{},False
O-20250505-221500-001-V2-1870,BACKTESTER-001,MLSignalStrategyV2-V2,EUR/USD.IDEALPRO,IDEALPRO-1-1870,IDEALPRO-001,IDEALPRO-1-251627,EUR/USD.IDEALPRO-MLSignalStrategyV2-V2,BUY,MARKET,100000.00,1.13197,USD,2.26 USD,TAKER,9ee1fcf8-1112-4016-915c-413e3092f872,2025-05-05 22:15:00+00:00,2025-05-05 22:15:00+00:00,{},False
O-20250505-221500-001-V2-1871,BACKTESTER-001,MLSignalStrategyV2-V2,EUR/USD.IDEALPRO,IDEALPRO-1-1871,IDEALPRO-001,IDEALPRO-1-251683,EUR/USD.IDEALPRO-MLSignalStrategyV2-V2,SELL,STOP_MARKET,100000.00,1.13136,USD,2.26 USD,TAKER,bdacf969-1f92-410e-aaf7-14dcbb2356b4,2025-05-05 22:43:00+00:00,2025-05-05 22:43:00+00:00,{},False
O-20250505-234500-001-V2-1873,BACKTESTER-001,MLSignalStrategyV2-V2,EUR/USD.IDEALPRO,IDEALPRO-1-1873,IDEALPRO-001,IDEALPRO-1-251809,EUR/USD.IDEALPRO-MLSignalStrategyV2-V2,BUY,MARKET,100000.00,1.13163,USD,2.26 USD,TAKER,94dd2509-3c24-4a39-b5d0-64525ca9c46d,2025-05-05 23:45:00+00:00,2025-05-05 23:45:00+00:00,{},False
O-20250505-234500-001-V2-1874,BACKTESTER-001,MLSignalStrategyV2-V2,EUR/USD.IDEALPRO,IDEALPRO-1-1874,IDEALPRO-001,IDEALPRO-1-251841,EUR/USD.IDEALPRO-MLSignalStrategyV2-V2,SELL,STOP_MARKET,100000.00,1.13105,USD,2.26 USD,TAKER,c14c44ff-8d36-409b-9f7a-8845549eebd3,2025-05-06 00:01:00+00:00,2025-05-06 00:01:00+00:00,{},False
O-20250506-001500-001-V2-1876,BACKTESTER-001,MLSignalStrategyV2-V2,EUR/USD.IDEALPRO,IDEALPRO-1-1876,IDEALPRO-001,IDEALPRO-1-251870,EUR/USD.IDEALPRO-MLSignalStrategyV2-V2,BUY,MARKET,100000.00,1.12989,USD,2.26 USD,TAKER,fee234f1-d778-4112-9525-029d4fb07644,2025-05-06 00:15:00+00:00,2025-05-06 00:15:00+00:00,{},False
O-20250506-001500-001-V2-1877,BACKTESTER-001,MLSignalStrategyV2-V2,EUR/USD.IDEALPRO,IDEALPRO-1-1877,IDEALPRO-001,IDEALPRO-1-251881,EUR/USD.IDEALPRO-MLSignalStrategyV2-V2,SELL,STOP_MARKET,100000.00,1.12897,USD,2.26 USD,TAKER,94a4e6e7-b976-41e9-beda-2b297784cf00,2025-05-06 00:20:00+00:00,2025-05-06 00:20:00+00:00,{},False
O-20250506-003000-001-V2-1879,BACKTESTER-001,MLSignalStrategyV2-V2,EUR/USD.IDEALPRO,IDEALPRO-1-1879,IDEALPRO-001,IDEALPRO-1-251902,EUR/USD.IDEALPRO-MLSignalStrategyV2-V2,BUY,MARKET,100000.00,1.12869,USD,2.26 USD,TAKER,71226f24-b95d-43bc-9d08-d315a169dfcc,2025-05-06 00:30:00+00:00,2025-05-06 00:30:00+00:00,{},False
O-20250506-003000-001-V2-1881,BACKTESTER-001,MLSignalStrategyV2-V2,EUR/USD.IDEALPRO,IDEALPRO-1-1881,IDEALPRO-001,IDEALPRO-1-251913,EUR/USD.IDEALPRO-MLSignalStrategyV2-V2,SELL,LIMIT,100000.00,1.12936,USD,2.26 USD,MAKER,8766c624-70b6-487a-b17e-9148b6dffd3a,2025-05-06 00:35:00+00:00,2025-05-06 00:35:00+00:00,{},False
O-20250506-004500-001-V2-1882,BACKTESTER-001,MLSignalStrategyV2-V2,EUR/USD.IDEALPRO,IDEALPRO-1-1882,IDEALPRO-001,IDEALPRO-1-251934,EUR/USD.IDEALPRO-MLSignalStrategyV2-V2,BUY,MARKET,100000.00,1.12870,USD,2.26 USD,TAKER,c31c66fc-e86a-460f-a3e0-67de9f174731,2025-05-06 00:45:00+00:00,2025-05-06 00:45:00+00:00,{},False
O-20250506-004500-001-V2-1884,BACKTESTER-001,MLSignalStrategyV2-V2,EUR/USD.IDEALPRO,IDEALPRO-1-1884,IDEALPRO-001,IDEALPRO-1-252069,EUR/USD.IDEALPRO-MLSignalStrategyV2-V2,SELL,LIMIT,100000.00,1.12946,USD,2.26 USD,MAKER,3be27a55-60a6-493c-a592-eb1e823ca22f,2025-05-06 01:52:00+00:00,2025-05-06 01:52:00+00:00,{},False
O-20250506-020000-001-V2-1885,BACKTESTER-001,MLSignalStrategyV2-V2,EUR/USD.IDEALPRO,IDEALPRO-1-1885,IDEALPRO-001,IDEALPRO-1-252086,EUR/USD.IDEALPRO-MLSignalStrategyV2-V2,BUY,MARKET,100000.00,1.12936,USD,2.26 USD,TAKER,b7c53005-9c9e-4bdd-a06f-6670ecca5e1f,2025-05-06 02:00:00+00:00,2025-05-06 02:00:00+00:00,{},False
O-20250506-020000-001-V2-1887,BACKTESTER-001,MLSignalStrategyV2-V2,EUR/USD.IDEALPRO,IDEALPRO-1-1887,IDEALPRO-001,IDEALPRO-1-252101,EUR/USD.IDEALPRO-MLSignalStrategyV2-V2,SELL,LIMIT,100000.00,1.13027,USD,2.26 USD,MAKER,65a97490-3aa1-4a8d-9636-e9dc02076360,2025-05-06 02:07:00+00:00,2025-05-06 02:07:00+00:00,{},False
O-20250506-041500-001-V2-1888,BACKTESTER-001,MLSignalStrategyV2-V2,EUR/USD.IDEALPRO,IDEALPRO-1-1888,IDEALPRO-001,IDEALPRO-1-252358,EUR/USD.IDEALPRO-MLSignalStrategyV2-V2,BUY,MARKET,100000.00,1.13188,USD,2.26 USD,TAKER,07d5adb0-ef7e-403e-82d6-6ba2f1290da6,2025-05-06 04:15:00+00:00,2025-05-06 04:15:00+00:00,{},False
O-20250506-041500-001-V2-1890,BACKTESTER-001,MLSignalStrategyV2-V2,EUR/USD.IDEALPRO,IDEALPRO-1-1890,IDEALPRO-001,IDEALPRO-1-252421,EUR/USD.IDEALPRO-MLSignalStrategyV2-V2,SELL,LIMIT,100000.00,1.13270,USD,2.27 USD,MAKER,4d653767-3718-407e-b46c-5a914e875997,2025-05-06 04:46:00+00:00,2025-05-06 04:46:00+00:00,{},False
O-20250506-084500-001-V2-1891,BACKTESTER-001,MLSignalStrategyV2-V2,EUR/USD.IDEALPRO,IDEALPRO-1-1891,IDEALPRO-001,IDEALPRO-1-252900,EUR/USD.IDEALPRO-MLSignalStrategyV2-V2,BUY,MARKET,100000.00,1.13357,USD,2.27 USD,TAKER,d354cf51-01e4-479e-b92d-cdca4f4432ec,2025-05-06 08:45:00+00:00,2025-05-06 08:45:00+00:00,{},False
O-20250506-084500-001-V2-1892,BACKTESTER-001,MLSignalStrategyV2-V2,EUR/USD.IDEALPRO,IDEALPRO-1-1892,IDEALPRO-001,IDEALPRO-1-252947,EUR/USD.IDEALPRO-MLSignalStrategyV2-V2,SELL,STOP_MARKET,100000.00,1.13212,USD,2.26 USD,TAKER,433406ea-afea-4da5-afa1-d7167bde4290,2025-05-06 09:08:00+00:00,2025-05-06 09:08:00+00:00,{},False
O-20250506-201500-001-V2-1894,BACKTESTER-001,MLSignalStrategyV2-V2,EUR/USD.IDEALPRO,IDEALPRO-1-1894,IDEALPRO-001,IDEALPRO-1-254282,EUR/USD.IDEALPRO-MLSignalStrategyV2-V2,BUY,MARKET,100000.00,1.13780,USD,2.28 USD,TAKER,32cb8d92-0319-41b4-8a45-7e8599ad4a79,2025-05-06 20:15:00+00:00,2025-05-06 20:15:00+00:00,{},False
O-20250506-201500-001-V2-1895,BACKTESTER-001,MLSignalStrategyV2-V2,EUR/USD.IDEALPRO,IDEALPRO-1-1895,IDEALPRO-001,IDEALPRO-1-254319,EUR/USD.IDEALPRO-MLSignalStrategyV2-V2,SELL,STOP_MARKET,100000.00,1.13658,USD,2.27 USD,TAKER,54d6e63c-9447-4c22-b3cc-a2745f7ab179,2025-05-06 20:33:00+00:00,2025-05-06 20:33:00+00:00,{},False
O-20250506-223000-001-V2-1897,BACKTESTER-001,MLSignalStrategyV2-V2,EUR/USD.IDEALPRO,IDEALPRO-1-1897,IDEALPRO-001,IDEALPRO-1-254524,EUR/USD.IDEALPRO-MLSignalStrategyV2-V2,BUY,MARKET,100000.00,1.13296,USD,2.27 USD,TAKER,1d31e54e-34c0-4824-b4d4-e9f2297a4283,2025-05-06 22:30:00+00:00,2025-05-06 22:30:00+00:00,{},False
O-20250506-223000-001-V2-1899,BACKTESTER-001,MLSignalStrategyV2-V2,EUR/USD.IDEALPRO,IDEALPRO-1-1899,IDEALPRO-001,IDEALPRO-1-254535,EUR/USD.IDEALPRO-MLSignalStrategyV2-V2,SELL,LIMIT,100000.00,1.13449,USD,2.27 USD,MAKER,1aa261eb-9628-4e81-a0d1-18fcaea472ec,2025-05-06 22:35:00+00:00,2025-05-06 22:35:00+00:00,{},False
O-20250506-230000-001-V2-1900,BACKTESTER-001,MLSignalStrategyV2-V2,EUR/USD.IDEALPRO,IDEALPRO-1-1900,IDEALPRO-001,IDEALPRO-1-254586,EUR/USD.IDEALPRO-MLSignalStrategyV2-V2,BUY,MARKET,100000.00,1.13426,USD,2.27 USD,TAKER,ef009a95-95a5-4462-85dc-af40f1671a4f,2025-05-06 23:00:00+00:00,2025-05-06 23:00:00+00:00,{},False
O-20250506-230000-001-V2-1901,BACKTESTER-001,MLSignalStrategyV2-V2,EUR/USD.IDEALPRO,IDEALPRO-1-1901,IDEALPRO-001,IDEALPRO-1-254755,EUR/USD.IDEALPRO-MLSignalStrategyV2-V2,SELL,STOP_MARKET,100000.00,1.13255,USD,2.27 USD,TAKER,ba1f1420-c810-416b-80bd-44198403df20,2025-05-07 00:24:00+00:00,2025-05-07 00:24:00+00:00,{},False
O-20250507-023000-001-V2-1903,BACKTESTER-001,MLSignalStrategyV2-V2,EUR/USD.IDEALPRO,IDEALPRO-1-1903,IDEALPRO-001,IDEALPRO-1-255008,EUR/USD.IDEALPRO-MLSignalStrategyV2-V2,BUY,MARKET,100000.00,1.13433,USD,2.27 USD,TAKER,a800e410-216f-4d60-b4af-a1490cd504db,2025-05-07 02:30:00+00:00,2025-05-07 02:30:00+00:00,{},False
O-20250507-023000-001-V2-1905,BACKTESTER-001,MLSignalStrategyV2-V2,EUR/USD.IDEALPRO,IDEALPRO-1-1905,IDEALPRO-001,IDEALPRO-1-255351,EUR/USD.IDEALPRO-MLSignalStrategyV2-V2,SELL,LIMIT,100000.00,1.13578,USD,2.27 USD,MAKER,7eb0a000-f4d0-4e3b-bb55-5e46299d06e9,2025-05-07 05:21:00+00:00,2025-05-07 05:21:00+00:00,{},False
O-20250507-053000-001-V2-1906,BACKTESTER-001,MLSignalStrategyV2-V2,EUR/USD.IDEALPRO,IDEALPRO-1-1906,IDEALPRO-001,IDEALPRO-1-255370,EUR/USD.IDEALPRO-MLSignalStrategyV2-V2,BUY,MARKET,100000.00,1.13554,USD,2.27 USD,TAKER,3a44e905-7e40-46fb-918a-eebfa9b922d1,2025-05-07 05:30:00+00:00,2025-05-07 05:30:00+00:00,{},False
O-20250507-053000-001-V2-1908,BACKTESTER-001,MLSignalStrategyV2-V2,EUR/USD.IDEALPRO,IDEALPRO-1-1908,IDEALPRO-001,IDEALPRO-1-255415,EUR/USD.IDEALPRO-MLSignalStrategyV2-V2,SELL,LIMIT,100000.00,1.13633,USD,2.27 USD,MAKER,07a723e0-c8d6-4a92-ac70-ab36d33b0dbe,2025-05-07 05:52:00+00:00,2025-05-07 05:52:00+00:00,{},False
O-20250507-140000-001-V2-1909,BACKTESTER-001,MLSignalStrategyV2-V2,EUR/USD.IDEALPRO,IDEALPRO-1-1909,IDEALPRO-001,IDEALPRO-1-256393,EUR/USD.IDEALPRO-MLSignalStrategyV2-V2,BUY,MARKET,100000.00,1.13670,USD,2.27 USD,TAKER,3acb91cf-1318-4df6-87d6-8d14102bb671,2025-05-07 14:00:00+00:00,2025-05-07 14:00:00+00:00,{},False
O-20250507-140000-001-V2-1910,BACKTESTER-001,MLSignalStrategyV2-V2,EUR/USD.IDEALPRO,IDEALPRO-1-1910,IDEALPRO-001,IDEALPRO-1-256413,EUR/USD.IDEALPRO-MLSignalStrategyV2-V2,SELL,STOP_MARKET,100000.00,1.13553,USD,2.27 USD,TAKER,61b70e00-ec99-475b-a27c-accbf040eb71,2025-05-07 14:10:00+00:00,2025-05-07 14:10:00+00:00,{},False
O-20250507-143000-001-V2-1912,BACKTESTER-001,MLSignalStrategyV2-V2,EUR/USD.IDEALPRO,IDEALPRO-1-1912,IDEALPRO-001,IDEALPRO-1-256454,EUR/USD.IDEALPRO-MLSignalStrategyV2-V2,BUY,MARKET,100000.00,1.13618,USD,2.27 USD,TAKER,637981ea-b9bc-46a1-a89f-3408b62c4203,2025-05-07 14:30:00+00:00,2025-05-07 14:30:00+00:00,{},False
O-20250507-143000-001-V2-1913,BACKTESTER-001,MLSignalStrategyV2-V2,EUR/USD.IDEALPRO,IDEALPRO-1-1913,IDEALPRO-001,IDEALPRO-1-256559,EUR/USD.IDEALPRO-MLSignalStrategyV2-V2,SELL,STOP_MARKET,100000.00,1.13497,USD,2.27 USD,TAKER,7af0f3f0-09c1-4f73-9489-f77bb0522452,2025-05-07 15:22:00+00:00,2025-05-07 15:22:00+00:00,{},False
O-20250507-201500-001-V2-1915,BACKTESTER-001,MLSignalStrategyV2-V2,EUR/USD.IDEALPRO,IDEALPRO-1-1915,IDEALPRO-001,IDEALPRO-1-257146,EUR/USD.IDEALPRO-MLSignalStrategyV2-V2,BUY,MARKET,100000.00,1.12952,USD,2.26 USD,TAKER,dbbf9a31-9ee9-48ad-af1d-99e3ef61aefb,2025-05-07 20:15:00+00:00,2025-05-07 20:15:00+00:00,{},False
O-20250507-201500-001-V2-1917,BACKTESTER-001,MLSignalStrategyV2-V2,EUR/USD.IDEALPRO,IDEALPRO-1-1917,IDEALPRO-001,IDEALPRO-1-257239,EUR/USD.IDEALPRO-MLSignalStrategyV2-V2,SELL,LIMIT,100000.00,1.13127,USD,2.26 USD,MAKER,9adba8f7-b943-46a8-8742-4234abb2d9c0,2025-05-07 21:16:00+00:00,2025-05-07 21:16:00+00:00,{},False
O-20250507-214500-001-V2-1918,BACKTESTER-001,MLSignalStrategyV2-V2,EUR/USD.IDEALPRO,IDEALPRO-1-1918,IDEALPRO-001,IDEALPRO-1-257297,EUR/USD.IDEALPRO-MLSignalStrategyV2-V2,BUY,MARKET,100000.00,1.13112,USD,2.26 USD,TAKER,c9c053cb-6661-401e-a980-b2dc035a248e,2025-05-07 21:45:00+00:00,2025-05-07 21:45:00+00:00,{},False
O-20250507-214500-001-V2-1920,BACKTESTER-001,MLSignalStrategyV2-V2,EUR/USD.IDEALPRO,IDEALPRO-1-1920,IDEALPRO-001,IDEALPRO-1-257793,EUR/USD.IDEALPRO-MLSignalStrategyV2-V2,SELL,LIMIT,100000.00,1.13321,USD,2.27 USD,MAKER,dbee3fbe-c4e3-493a-a037-5fcc93eff543,2025-05-08 01:52:00+00:00,2025-05-08 01:52:00+00:00,{},False
O-20250508-060000-001-V2-1921,BACKTESTER-001,MLSignalStrategyV2-V2,EUR/USD.IDEALPRO,IDEALPRO-1-1921,IDEALPRO-001,IDEALPRO-1-258290,EUR/USD.IDEALPRO-MLSignalStrategyV2-V2,BUY,MARKET,100000.00,1.13039,USD,2.26 USD,TAKER,26c7df8b-9b15-43f3-90ce-18fa64c7133b,2025-05-08 06:00:00+00:00,2025-05-08 06:00:00+00:00,{},False
O-20250508-060000-001-V2-1922,BACKTESTER-001,MLSignalStrategyV2-V2,EUR/USD.IDEALPRO,IDEALPRO-1-1922,IDEALPRO-001,IDEALPRO-1-258325,EUR/USD.IDEALPRO-MLSignalStrategyV2-V2,SELL,STOP_MARKET,100000.00,1.12902,USD,2.26 USD,TAKER,ad75db35-9115-401e-a059-08bad29b7573,2025-05-08 06:17:00+00:00,2025-05-08 06:17:00+00:00,{},False
O-20250508-063000-001-V2-1924,BACKTESTER-001,MLSignalStrategyV2-V2,EUR/USD.IDEALPRO,IDEALPRO-1-1924,IDEALPRO-001,IDEALPRO-1-258353,EUR/USD.IDEALPRO-MLSignalStrategyV2-V2,BUY,MARKET,100000.00,1.12858,USD,2.26 USD,TAKER,987af179-16d8-4266-b41e-bc9d4dbc6299,2025-05-08 06:30:00+00:00,2025-05-08 06:30:00+00:00,{},False
O-20250508-063000-001-V2-1925,BACKTESTER-001,MLSignalStrategyV2-V2,EUR/USD.IDEALPRO,IDEALPRO-1-1925,IDEALPRO-001,IDEALPRO-1-258419,EUR/USD.IDEALPRO-MLSignalStrategyV2-V2,SELL,STOP_MARKET,100000.00,1.12704,USD,2.25 USD,TAKER,425158e7-d1c3-4b4a-8a93-4372b0d47864,2025-05-08 07:03:00+00:00,2025-05-08 07:03:00+00:00,{},False
O-20250508-101500-001-V2-1927,BACKTESTER-001,MLSignalStrategyV2-V2,EUR/USD.IDEALPRO,IDEALPRO-1-1927,IDEALPRO-001,IDEALPRO-1-258804,EUR/USD.IDEALPRO-MLSignalStrategyV2-V2,BUY,MARKET,100000.00,1.12793,USD,2.26 USD,TAKER,8a720bf7-4d72-4fe4-a47f-2a14975d2c94,2025-05-08 10:15:00+00:00,2025-05-08 10:15:00+00:00,{},False
O-20250508-101500-001-V2-1929,BACKTESTER-001,MLSignalStrategyV2-V2,EUR/USD.IDEALPRO,IDEALPRO-1-1929,IDEALPRO-001,IDEALPRO-1-258829,EUR/USD.IDEALPRO-MLSignalStrategyV2-V2,SELL,LIMIT,100000.00,1.12899,USD,2.26 USD,MAKER,5b4dc44a-b38c-4806-b1bc-80924bbe7828,2025-05-08 10:27:00+00:00,2025-05-08 10:27:00+00:00,{},False
O-20250508-151500-001-V2-1930,BACKTESTER-001,MLSignalStrategyV2-V2,EUR/USD.IDEALPRO,IDEALPRO-1-1930,IDEALPRO-001,IDEALPRO-1-259406,EUR/USD.IDEALPRO-MLSignalStrategyV2-V2,SELL,MARKET,100000.00,1.12872,USD,2.26 USD,TAKER,936889ac-1b5b-4639-a2ef-e2287d1289f5,2025-05-08 15:15:00+00:00,2025-05-08 15:15:00+00:00,{},False
O-20250508-151500-001-V2-1932,BACKTESTER-001,MLSignalStrategyV2-V2,EUR/USD.IDEALPRO,IDEALPRO-1-1932,IDEALPRO-001,IDEALPRO-1-259421,EUR/USD.IDEALPRO-MLSignalStrategyV2-V2,BUY,LIMIT,100000.00,1.12708,USD,2.25 USD,MAKER,9a0eefd9-dbb6-4c62-a754-b34d5ae39c5e,2025-05-08 15:22:00+00:00,2025-05-08 15:22:00+00:00,{},False
O-20250508-180000-001-V2-1933,BACKTESTER-001,MLSignalStrategyV2-V2,EUR/USD.IDEALPRO,IDEALPRO-1-1933,IDEALPRO-001,IDEALPRO-1-259738,EUR/USD.IDEALPRO-MLSignalStrategyV2-V2,BUY,MARKET,100000.00,1.12269,USD,2.25 USD,TAKER,459619b5-153d-423f-a1f6-31afe28494f8,2025-05-08 18:00:00+00:00,2025-05-08 18:00:00+00:00,{},False
O-20250508-180000-001-V2-1934,BACKTESTER-001,MLSignalStrategyV2-V2,EUR/USD.IDEALPRO,IDEALPRO-1-1934,IDEALPRO-001,IDEALPRO-1-260673,EUR/USD.IDEALPRO-MLSignalStrategyV2-V2,SELL,STOP_MARKET,100000.00,1.12092,USD,2.24 USD,TAKER,a702113e-c805-4195-8725-5d13835c7a02,2025-05-09 02:02:00+00:00,2025-05-09 02:02:00+00:00,{},False
O-20250509-021500-001-V2-1936,BACKTESTER-001,MLSignalStrategyV2-V2,EUR/USD.IDEALPRO,IDEALPRO-1-1936,IDEALPRO-001,IDEALPRO-1-260700,EUR/USD.IDEALPRO-MLSignalStrategyV2-V2,BUY,MARKET,100000.00,1.12000,USD,2.24 USD,TAKER,6e42db4a-931a-4136-a35c-9e7782529ce6,2025-05-09 02:15:00+00:00,2025-05-09 02:15:00+00:00,{},False
O-20250509-021500-001-V2-1938,BACKTESTER-001,MLSignalStrategyV2-V2,EUR/USD.IDEALPRO,IDEALPRO-1-1938,IDEALPRO-001,IDEALPRO-1-260727,EUR/USD.IDEALPRO-MLSignalStrategyV2-V2,SELL,LIMIT,100000.00,1.12085,USD,2.24 USD,MAKER,cb1d1c6c-3c32-46ae-928d-1addc023f8ca,2025-05-09 02:28:00+00:00,2025-05-09 02:28:00+00:00,{},False
O-20250509-023000-001-V2-1939,BACKTESTER-001,MLSignalStrategyV2-V2,EUR/USD.IDEALPRO,IDEALPRO-1-1939,IDEALPRO-001,IDEALPRO-1-260732,EUR/USD.IDEALPRO-MLSignalStrategyV2-V2,BUY,MARKET,100000.00,1.12065,USD,2.24 USD,TAKER,3e6a696a-97f1-4b85-b51d-66ab69fcb82b,2025-05-09 02:30:00+00:00,2025-05-09 02:30:00+00:00,{},False
O-20250509-023000-001-V2-1941,BACKTESTER-001,MLSignalStrategyV2-V2,EUR/USD.IDEALPRO,IDEALPRO-1-1941,IDEALPRO-001,IDEALPRO-1-260779,EUR/USD.IDEALPRO-MLSignalStrategyV2-V2,SELL,LIMIT,100000.00,1.12154,USD,2.24 USD,MAKER,1d09e84b-959c-42a1-9a02-a995ce9cdb0a,2025-05-09 02:53:00+00:00,2025-05-09 02:53:00+00:00,{},False
O-20250509-030000-001-V2-1942,BACKTESTER-001,MLSignalStrategyV2-V2,EUR/USD.IDEALPRO,IDEALPRO-1-1942,IDEALPRO-001,IDEALPRO-1-260794,EUR/USD.IDEALPRO-MLSignalStrategyV2-V2,BUY,MARKET,100000.00,1.12183,USD,2.24 USD,TAKER,a1a9973a-5867-4b26-96ca-a6889c9efba8,2025-05-09 03:00:00+00:00,2025-05-09 03:00:00+00:00,{},False
O-20250509-030000-001-V2-1944,BACKTESTER-001,MLSignalStrategyV2-V2,EUR/USD.IDEALPRO,IDEALPRO-1-1944,IDEALPRO-001,IDEALPRO-1-260799,EUR/USD.IDEALPRO-MLSignalStrategyV2-V2,SELL,LIMIT,100000.00,1.12275,USD,2.25 USD,MAKER,ae7fa271-56a9-45b9-9003-56683e559d57,2025-05-09 03:02:00+00:00,2025-05-09 03:02:00+00:00,{},False
O-20250509-041500-001-V2-1945,BACKTESTER-001,MLSignalStrategyV2-V2,EUR/USD.IDEALPRO,IDEALPRO-1-1945,IDEALPRO-001,IDEALPRO-1-260946,EUR/USD.IDEALPRO-MLSignalStrategyV2-V2,BUY,MARKET,100000.00,1.12278,USD,2.25 USD,TAKER,24eef287-9880-4593-8342-cba326108486,2025-05-09 04:15:00+00:00,2025-05-09 04:15:00+00:00,{},False
O-20250509-041500-001-V2-1947,BACKTESTER-001,MLSignalStrategyV2-V2,EUR/USD.IDEALPRO,IDEALPRO-1-1947,IDEALPRO-001,IDEALPRO-1-261153,EUR/USD.IDEALPRO-MLSignalStrategyV2-V2,SELL,LIMIT,100000.00,1.12354,USD,2.25 USD,MAKER,47805aca-721c-4416-b33e-caa7ce6a340e,2025-05-09 05:58:00+00:00,2025-05-09 05:58:00+00:00,{},False
O-20250509-070000-001-V2-1948,BACKTESTER-001,MLSignalStrategyV2-V2,EUR/USD.IDEALPRO,IDEALPRO-1-1948,IDEALPRO-001,IDEALPRO-1-261279,EUR/USD.IDEALPRO-MLSignalStrategyV2-V2,BUY,MARKET,100000.00,1.12404,USD,2.25 USD,TAKER,7e2a44e5-6118-468c-9dfb-0c0c82dccd5a,2025-05-09 07:00:00+00:00,2025-05-09 07:00:00+00:00,{},False
O-20250509-070000-001-V2-1950,BACKTESTER-001,MLSignalStrategyV2-V2,EUR/USD.IDEALPRO,IDEALPRO-1-1950,IDEALPRO-001,IDEALPRO-1-261345,EUR/USD.IDEALPRO-MLSignalStrategyV2-V2,SELL,LIMIT,100000.00,1.12498,USD,2.25 USD,MAKER,ab1f1e3e-71d0-4d21-91d8-5dc3953453ec,2025-05-09 07:33:00+00:00,2025-05-09 07:33:00+00:00,{},False
O-20250509-150000-001-V2-1951,BACKTESTER-001,MLSignalStrategyV2-V2,EUR/USD.IDEALPRO,IDEALPRO-1-1951,IDEALPRO-001,IDEALPRO-1-262240,EUR/USD.IDEALPRO-MLSignalStrategyV2-V2,SELL,MARKET,100000.00,1.12677,USD,2.25 USD,TAKER,62b84a06-8d6b-445d-b238-8a6d27403a42,2025-05-09 15:00:00+00:00,2025-05-09 15:00:00+00:00,{},False
O-20250509-150000-001-V2-1953,BACKTESTER-001,MLSignalStrategyV2-V2,EUR/USD.IDEALPRO,IDEALPRO-1-1953,IDEALPRO-001,IDEALPRO-1-262503,EUR/USD.IDEALPRO-MLSignalStrategyV2-V2,BUY,LIMIT,100000.00,1.12541,USD,2.25 USD,MAKER,2cd497b6-d644-4441-a18e-5a78da24f9e8,2025-05-09 17:11:00+00:00,2025-05-09 17:11:00+00:00,{},False
O-20250511-213000-001-V2-1954,BACKTESTER-001,MLSignalStrategyV2-V2,EUR/USD.IDEALPRO,IDEALPRO-1-1954,IDEALPRO-001,IDEALPRO-1-262992,EUR/USD.IDEALPRO-MLSignalStrategyV2-V2,BUY,MARKET,100000.00,1.12130,USD,2.24 USD,TAKER,c66ccb1f-08d1-4c8f-b44a-a0634320cc7a,2025-05-11 21:30:00+00:00,2025-05-11 21:30:00+00:00,{},False
O-20250511-213000-001-V2-1956,BACKTESTER-001,MLSignalStrategyV2-V2,EUR/USD.IDEALPRO,IDEALPRO-1-1956,IDEALPRO-001,IDEALPRO-1-263057,EUR/USD.IDEALPRO-MLSignalStrategyV2-V2,SELL,LIMIT,100000.00,1.12217,USD,2.24 USD,MAKER,d3730931-67a9-4656-93de-727f9ba3fe70,2025-05-11 22:02:00+00:00,2025-05-11 22:02:00+00:00,{},False
O-20250511-221500-001-V2-1957,BACKTESTER-001,MLSignalStrategyV2-V2,EUR/USD.IDEALPRO,IDEALPRO-1-1957,IDEALPRO-001,IDEALPRO-1-263084,EUR/USD.IDEALPRO-MLSignalStrategyV2-V2,BUY,MARKET,100000.00,1.12252,USD,2.25 USD,TAKER,ffd91fea-1cfd-459b-99db-0c903a8ac880,2025-05-11 22:15:00+00:00,2025-05-11 22:15:00+00:00,{},False
O-20250511-221500-001-V2-1959,BACKTESTER-001,MLSignalStrategyV2-V2,EUR/USD.IDEALPRO,IDEALPRO-1-1959,IDEALPRO-001,IDEALPRO-1-263205,EUR/USD.IDEALPRO-MLSignalStrategyV2-V2,SELL,LIMIT,100000.00,1.12351,USD,2.25 USD,MAKER,40284fb3-2d82-4402-8b00-b673881f2ede,2025-05-11 23:15:00+00:00,2025-05-11 23:15:00+00:00,{},False
O-20250511-231500-001-V2-1960,BACKTESTER-001,MLSignalStrategyV2-V2,EUR/USD.IDEALPRO,IDEALPRO-1-1960,IDEALPRO-001,IDEALPRO-1-263206,EUR/USD.IDEALPRO-MLSignalStrategyV2-V2,BUY,MARKET,100000.00,1.12338,USD,2.25 USD,TAKER,e8f188e5-041b-49fa-a45d-f1a63cce74be,2025-05-11 23:15:00+00:00,2025-05-11 23:15:00+00:00,{},False
O-20250511-231500-001-V2-1962,BACKTESTER-001,MLSignalStrategyV2-V2,EUR/USD.IDEALPRO,IDEALPRO-1-1962,IDEALPRO-001,IDEALPRO-1-263432,EUR/USD.IDEALPRO-MLSignalStrategyV2-V2,SELL,LIMIT,100000.00,1.12427,USD,2.25 USD,MAKER,57efcfee-ac61-46e1-934c-b733f2388aee,2025-05-12 01:07:00+00:00,2025-05-12 01:07:00+00:00,{},False
O-20250512-051500-001-V2-1963,BACKTESTER-001,MLSignalStrategyV2-V2,EUR/USD.IDEALPRO,IDEALPRO-1-1963,IDEALPRO-001,IDEALPRO-1-263928,EUR/USD.IDEALPRO-MLSignalStrategyV2-V2,BUY,MARKET,100000.00,1.12244,USD,2.24 USD,TAKER,4ae16855-7a8f-4f80-9fb4-96a83b522742,2025-05-12 05:15:00+00:00,2025-05-12 05:15:00+00:00,{},False
O-20250512-051500-001-V2-1964,BACKTESTER-001,MLSignalStrategyV2-V2,EUR/USD.IDEALPRO,IDEALPRO-1-1964,IDEALPRO-001,IDEALPRO-1-263995,EUR/USD.IDEALPRO-MLSignalStrategyV2-V2,SELL,STOP_MARKET,100000.00,1.12152,USD,2.24 USD,TAKER,4146db56-9afc-419d-83d8-473b852a7065,2025-05-12 05:48:00+00:00,2025-05-12 05:48:00+00:00,{},False
O-20250512-071500-001-V2-1966,BACKTESTER-001,MLSignalStrategyV2-V2,EUR/USD.IDEALPRO,IDEALPRO-1-1966,IDEALPRO-001,IDEALPRO-1-264170,EUR/USD.IDEALPRO-MLSignalStrategyV2-V2,BUY,MARKET,100000.00,1.11594,USD,2.23 USD,TAKER,bde51bbb-5eea-4152-b4d1-b093ad4efb79,2025-05-12 07:15:00+00:00,2025-05-12 07:15:00+00:00,{},False
O-20250512-071500-001-V2-1967,BACKTESTER-001,MLSignalStrategyV2-V2,EUR/USD.IDEALPRO,IDEALPRO-1-1967,IDEALPRO-001,IDEALPRO-1-264187,EUR/USD.IDEALPRO-MLSignalStrategyV2-V2,SELL,STOP_MARKET,100000.00,1.11406,USD,2.23 USD,TAKER,53e97d82-3cef-4f97-ab4a-26121cbda7a5,2025-05-12 07:23:00+00:00,2025-05-12 07:23:00+00:00,{},False
O-20250512-073000-001-V2-1969,BACKTESTER-001,MLSignalStrategyV2-V2,EUR/USD.IDEALPRO,IDEALPRO-1-1969,IDEALPRO-001,IDEALPRO-1-264202,EUR/USD.IDEALPRO-MLSignalStrategyV2-V2,BUY,MARKET,100000.00,1.11156,USD,2.22 USD,TAKER,fadc9fe7-d081-43cd-ad05-7b6ef711c7bf,2025-05-12 07:30:00+00:00,2025-05-12 07:30:00+00:00,{},False
O-20250512-073000-001-V2-1970,BACKTESTER-001,MLSignalStrategyV2-V2,EUR/USD.IDEALPRO,IDEALPRO-1-1970,IDEALPRO-001,IDEALPRO-1-264293,EUR/USD.IDEALPRO-MLSignalStrategyV2-V2,SELL,STOP_MARKET,100000.00,1.10819,USD,2.22 USD,TAKER,6ec1d1af-0a2a-435b-825d-83f2fefcb9b5,2025-05-12 08:15:00+00:00,2025-05-12 08:15:00+00:00,{},False
O-20250512-081500-001-V2-1972,BACKTESTER-001,MLSignalStrategyV2-V2,EUR/USD.IDEALPRO,IDEALPRO-1-1972,IDEALPRO-001,IDEALPRO-1-264294,EUR/USD.IDEALPRO-MLSignalStrategyV2-V2,BUY,MARKET,100000.00,1.10937,USD,2.22 USD,TAKER,9519f042-a35a-48ad-b486-678609c482f9,2025-05-12 08:15:00+00:00,2025-05-12 08:15:00+00:00,{},False
O-20250512-081500-001-V2-1974,BACKTESTER-001,MLSignalStrategyV2-V2,EUR/USD.IDEALPRO,IDEALPRO-1-1974,IDEALPRO-001,IDEALPRO-1-264331,EUR/USD.IDEALPRO-MLSignalStrategyV2-V2,SELL,LIMIT,100000.00,1.11166,USD,2.22 USD,MAKER,8ba9957b-3768-473d-b2c4-8d1411db81f4,2025-05-12 08:33:00+00:00,2025-05-12 08:33:00+00:00,{},False
O-20250512-100000-001-V2-1975,BACKTESTER-001,MLSignalStrategyV2-V2,EUR/USD.IDEALPRO,IDEALPRO-1-1975,IDEALPRO-001,IDEALPRO-1-264506,EUR/USD.IDEALPRO-MLSignalStrategyV2-V2,BUY,MARKET,100000.00,1.11187,USD,2.22 USD,TAKER,ec5febd1-7cbb-4448-b591-6dc2843689da,2025-05-12 10:00:00+00:00,2025-05-12 10:00:00+00:00,{},False
O-20250512-100000-001-V2-1976,BACKTESTER-001,MLSignalStrategyV2-V2,EUR/USD.IDEALPRO,IDEALPRO-1-1976,IDEALPRO-001,IDEALPRO-1-264543,EUR/USD.IDEALPRO-MLSignalStrategyV2-V2,SELL,STOP_MARKET,100000.00,1.10939,USD,2.22 USD,TAKER,98a2d9fb-3894-4289-960a-4d47411ce53b,2025-05-12 10:18:00+00:00,2025-05-12 10:18:00+00:00,{},False
O-20250512-103000-001-V2-1978,BACKTESTER-001,MLSignalStrategyV2-V2,EUR/USD.IDEALPRO,IDEALPRO-1-1978,IDEALPRO-001,IDEALPRO-1-264568,EUR/USD.IDEALPRO-MLSignalStrategyV2-V2,BUY,MARKET,100000.00,1.10907,USD,2.22 USD,TAKER,87b35c6a-6aa7-4def-b0b5-bfcea60bba27,2025-05-12 10:30:00+00:00,2025-05-12 10:30:00+00:00,{},False
O-20250512-103000-001-V2-1980,BACKTESTER-001,MLSignalStrategyV2-V2,EUR/USD.IDEALPRO,IDEALPRO-1-1980,IDEALPRO-001,IDEALPRO-1-264731,EUR/USD.IDEALPRO-MLSignalStrategyV2-V2,SELL,LIMIT,100000.00,1.11152,USD,2.22 USD,MAKER,cbe173f6-3f02-4a35-8325-eeb921b6e69e,2025-05-12 11:51:00+00:00,2025-05-12 11:51:00+00:00,{},False
O-20250512-170000-001-V2-1981,BACKTESTER-001,MLSignalStrategyV2-V2,EUR/USD.IDEALPRO,IDEALPRO-1-1981,IDEALPRO-001,IDEALPRO-1-265350,EUR/USD.IDEALPRO-MLSignalStrategyV2-V2,BUY,MARKET,100000.00,1.10847,USD,2.22 USD,TAKER,9c0114c6-c324-4bcb-abb7-666149e9e546,2025-05-12 17:00:00+00:00,2025-05-12 17:00:00+00:00,{},False
O-20250512-170000-001-V2-1982,BACKTESTER-001,MLSignalStrategyV2-V2,EUR/USD.IDEALPRO,IDEALPRO-1-1982,IDEALPRO-001,IDEALPRO-1-265491,EUR/USD.IDEALPRO-MLSignalStrategyV2-V2,SELL,STOP_MARKET,100000.00,1.10692,USD,2.21 USD,TAKER,c395e72b-fc46-445d-8ea5-7f82cf3f8602,2025-05-12 18:10:00+00:00,2025-05-12 18:10:00+00:00,{},False
O-20250513-103000-001-V2-1984,BACKTESTER-001,MLSignalStrategyV2-V2,EUR/USD.IDEALPRO,IDEALPRO-1-1984,IDEALPRO-001,IDEALPRO-1-267422,EUR/USD.IDEALPRO-MLSignalStrategyV2-V2,BUY,MARKET,100000.00,1.11094,USD,2.22 USD,TAKER,41a45ad8-1058-4f2e-9ca7-22929efd5023,2025-05-13 10:30:00+00:00,2025-05-13 10:30:00+00:00,{},False
O-20250513-103000-001-V2-1986,BACKTESTER-001,MLSignalStrategyV2-V2,EUR/USD.IDEALPRO,IDEALPRO-1-1986,IDEALPRO-001,IDEALPRO-1-267665,EUR/USD.IDEALPRO-MLSignalStrategyV2-V2,SELL,LIMIT,100000.00,1.11300,USD,2.23 USD,MAKER,b3b2a169-b26b-442c-9ace-48ba00d8ad6f,2025-05-13 12:31:00+00:00,2025-05-13 12:31:00+00:00,{},False
O-20250513-201500-001-V2-1987,BACKTESTER-001,MLSignalStrategyV2-V2,EUR/USD.IDEALPRO,IDEALPRO-1-1987,IDEALPRO-001,IDEALPRO-1-268594,EUR/USD.IDEALPRO-MLSignalStrategyV2-V2,BUY,MARKET,100000.00,1.11888,USD,2.24 USD,TAKER,834c142b-4aad-40cf-948c-c0c9c5609599,2025-05-13 20:15:00+00:00,2025-05-13 20:15:00+00:00,{},False
O-20250513-201500-001-V2-1989,BACKTESTER-001,MLSignalStrategyV2-V2,EUR/USD.IDEALPRO,IDEALPRO-1-1989,IDEALPRO-001,IDEALPRO-1-268881,EUR/USD.IDEALPRO-MLSignalStrategyV2-V2,SELL,LIMIT,100000.00,1.11961,USD,2.24 USD,MAKER,2061cc75-6b71-4de6-aaf7-5241ecdfd591,2025-05-13 22:53:00+00:00,2025-05-13 22:53:00+00:00,{},False
O-20250513-230000-001-V2-1990,BACKTESTER-001,MLSignalStrategyV2-V2,EUR/USD.IDEALPRO,IDEALPRO-1-1990,IDEALPRO-001,IDEALPRO-1-268897,EUR/USD.IDEALPRO-MLSignalStrategyV2-V2,BUY,MARKET,100000.00,1.11974,USD,2.24 USD,TAKER,4464fc1f-f37a-4f6b-b114-f8966525fd8d,2025-05-13 23:00:00+00:00,2025-05-13 23:00:00+00:00,{},False
O-20250513-230000-001-V2-1991,BACKTESTER-001,MLSignalStrategyV2-V2,EUR/USD.IDEALPRO,IDEALPRO-1-1991,IDEALPRO-001,IDEALPRO-1-268909,EUR/USD.IDEALPRO-MLSignalStrategyV2-V2,SELL,STOP_MARKET,100000.00,1.11905,USD,2.24 USD,TAKER,5d8756f3-061d-400c-bed0-5d9db7c176ae,2025-05-13 23:06:00+00:00,2025-05-13 23:06:00+00:00,{},False
O-20250514-024500-001-V2-1993,BACKTESTER-001,MLSignalStrategyV2-V2,EUR/USD.IDEALPRO,IDEALPRO-1-1993,IDEALPRO-001,IDEALPRO-1-269349,EUR/USD.IDEALPRO-MLSignalStrategyV2-V2,SELL,MARKET,100000.00,1.11851,USD,2.24 USD,TAKER,51bae6f6-eb87-42b2-9990-b7e1de95149a,2025-05-14 02:45:00+00:00,2025-05-14 02:45:00+00:00,{},False
O-20250514-024500-001-V2-1994,BACKTESTER-001,MLSignalStrategyV2-V2,EUR/USD.IDEALPRO,IDEALPRO-1-1994,IDEALPRO-001,IDEALPRO-1-269499,EUR/USD.IDEALPRO-MLSignalStrategyV2-V2,BUY,STOP_MARKET,100000.00,1.11963,USD,2.24 USD,TAKER,4800e2e7-79ec-4087-9b26-06f22fedda38,2025-05-14 04:00:00+00:00,2025-05-14 04:00:00+00:00,{},False
O-20250514-043000-001-V2-1996,BACKTESTER-001,MLSignalStrategyV2-V2,EUR/USD.IDEALPRO,IDEALPRO-1-1996,IDEALPRO-001,IDEALPRO-1-269560,EUR/USD.IDEALPRO-MLSignalStrategyV2-V2,BUY,MARKET,100000.00,1.11953,USD,2.24 USD,TAKER,15e2953c-62dd-485e-8bbf-2dcd2acb7b13,2025-05-14 04:30:00+00:00,2025-05-14 04:30:00+00:00,{},False
O-20250514-043000-001-V2-1997,BACKTESTER-001,MLSignalStrategyV2-V2,EUR/USD.IDEALPRO,IDEALPRO-1-1997,IDEALPRO-001,IDEALPRO-1-269661,EUR/USD.IDEALPRO-MLSignalStrategyV2-V2,SELL,STOP_MARKET,100000.00,1.11860,USD,2.24 USD,TAKER,c766d874-fd84-4f4f-a4dc-3604600b5477,2025-05-14 05:20:00+00:00,2025-05-14 05:20:00+00:00,{},False
O-20250514-074500-001-V2-1999,BACKTESTER-001,MLSignalStrategyV2-V2,EUR/USD.IDEALPRO,IDEALPRO-1-1999,IDEALPRO-001,IDEALPRO-1-269952,EUR/USD.IDEALPRO-MLSignalStrategyV2-V2,BUY,MARKET,100000.00,1.12047,USD,2.24 USD,TAKER,3b285979-eac4-46a7-8cc2-5681c1120e2b,2025-05-14 07:45:00+00:00,2025-05-14 07:45:00+00:00,{},False
O-20250514-074500-001-V2-2001,BACKTESTER-001,MLSignalStrategyV2-V2,EUR/USD.IDEALPRO,IDEALPRO-1-2001,IDEALPRO-001,IDEALPRO-1-269981,EUR/USD.IDEALPRO-MLSignalStrategyV2-V2,SELL,LIMIT,100000.00,1.12167,USD,2.24 USD,MAKER,5dc7c83c-b0af-42c8-ba60-cfc5c8ddd2e4,2025-05-14 07:59:00+00:00,2025-05-14 07:59:00+00:00,{},False
O-20250514-101500-001-V2-2002,BACKTESTER-001,MLSignalStrategyV2-V2,EUR/USD.IDEALPRO,IDEALPRO-1-2002,IDEALPRO-001,IDEALPRO-1-270255,EUR/USD.IDEALPRO-MLSignalStrategyV2-V2,SELL,MARKET,100000.00,1.12448,USD,2.25 USD,TAKER,5c9ce11e-526b-4f7c-8891-373c601b3c7d,2025-05-14 10:15:00+00:00,2025-05-14 10:15:00+00:00,{},False
O-20250514-101500-001-V2-2004,BACKTESTER-001,MLSignalStrategyV2-V2,EUR/USD.IDEALPRO,IDEALPRO-1-2004,IDEALPRO-001,IDEALPRO-1-270325,EUR/USD.IDEALPRO-MLSignalStrategyV2-V2,BUY,LIMIT,100000.00,1.12275,USD,2.25 USD,MAKER,dc119260-ecf8-4c0f-9722-1f4dc0d3212e,2025-05-14 10:50:00+00:00,2025-05-14 10:50:00+00:00,{},False
O-20250514-110000-001-V2-2005,BACKTESTER-001,MLSignalStrategyV2-V2,EUR/USD.IDEALPRO,IDEALPRO-1-2005,IDEALPRO-001,IDEALPRO-1-270346,EUR/USD.IDEALPRO-MLSignalStrategyV2-V2,SELL,MARKET,100000.00,1.12309,USD,2.25 USD,TAKER,216d26e4-ff73-457a-9b36-26b168715e5c,2025-05-14 11:00:00+00:00,2025-05-14 11:00:00+00:00,{},False
O-20250514-110000-001-V2-2007,BACKTESTER-001,MLSignalStrategyV2-V2,EUR/USD.IDEALPRO,IDEALPRO-1-2007,IDEALPRO-001,IDEALPRO-1-270387,EUR/USD.IDEALPRO-MLSignalStrategyV2-V2,BUY,LIMIT,100000.00,1.12158,USD,2.24 USD,MAKER,453281b9-b178-464e-ae1b-e30a6893b66f,2025-05-14 11:20:00+00:00,2025-05-14 11:20:00+00:00,{},False
O-20250514-164500-001-V2-2008,BACKTESTER-001,MLSignalStrategyV2-V2,EUR/USD.IDEALPRO,IDEALPRO-1-2008,IDEALPRO-001,IDEALPRO-1-271038,EUR/USD.IDEALPRO-MLSignalStrategyV2-V2,BUY,MARKET,100000.00,1.11860,USD,2.24 USD,TAKER,de1e09b4-cde1-41b3-935f-581f03205bed,2025-05-14 16:45:00+00:00,2025-05-14 16:45:00+00:00,{},False
O-20250514-164500-001-V2-2009,BACKTESTER-001,MLSignalStrategyV2-V2,EUR/USD.IDEALPRO,IDEALPRO-1-2009,IDEALPRO-001,IDEALPRO-1-271319,EUR/USD.IDEALPRO-MLSignalStrategyV2-V2,SELL,STOP_MARKET,100000.00,1.11678,USD,2.23 USD,TAKER,d4766655-5355-4e2f-a002-86db11207086,2025-05-14 19:05:00+00:00,2025-05-14 19:05:00+00:00,{},False
O-20250514-200000-001-V2-2011,BACKTESTER-001,MLSignalStrategyV2-V2,EUR/USD.IDEALPRO,IDEALPRO-1-2011,IDEALPRO-001,IDEALPRO-1-271430,EUR/USD.IDEALPRO-MLSignalStrategyV2-V2,BUY,MARKET,100000.00,1.11675,USD,2.23 USD,TAKER,ba235644-eb11-4a8c-a399-b58d9848ba76,2025-05-14 20:00:00+00:00,2025-05-14 20:00:00+00:00,{},False
O-20250514-200000-001-V2-2013,BACKTESTER-001,MLSignalStrategyV2-V2,EUR/USD.IDEALPRO,IDEALPRO-1-2013,IDEALPRO-001,IDEALPRO-1-271557,EUR/USD.IDEALPRO-MLSignalStrategyV2-V2,SELL,LIMIT,100000.00,1.11765,USD,2.24 USD,MAKER,2c36bd02-8b22-4bdb-bdcd-8e2b71c43234,2025-05-14 21:18:00+00:00,2025-05-14 21:18:00+00:00,{},False
O-20250514-213000-001-V2-2014,BACKTESTER-001,MLSignalStrategyV2-V2,EUR/USD.IDEALPRO,IDEALPRO-1-2014,IDEALPRO-001,IDEALPRO-1-271583,EUR/USD.IDEALPRO-MLSignalStrategyV2-V2,BUY,MARKET,100000.00,1.11765,USD,2.24 USD,TAKER,978b6b95-bb4d-495b-a963-a4972e04171d,2025-05-14 21:30:00+00:00,2025-05-14 21:30:00+00:00,{},False
O-20250514-213000-001-V2-2016,BACKTESTER-001,MLSignalStrategyV2-V2,EUR/USD.IDEALPRO,IDEALPRO-1-2016,IDEALPRO-001,IDEALPRO-1-271655,EUR/USD.IDEALPRO-MLSignalStrategyV2-V2,SELL,LIMIT,100000.00,1.11827,USD,2.24 USD,MAKER,d854a06b-57c3-4e4a-a3a7-95d3f375865a,2025-05-14 22:06:00+00:00,2025-05-14 22:06:00+00:00,{},False
O-20250515-003000-001-V2-2017,BACKTESTER-001,MLSignalStrategyV2-V2,EUR/USD.IDEALPRO,IDEALPRO-1-2017,IDEALPRO-001,IDEALPRO-1-271945,EUR/USD.IDEALPRO-MLSignalStrategyV2-V2,BUY,MARKET,100000.00,1.11886,USD,2.24 USD,TAKER,c0a6ed33-aefd-4cdc-9704-6a6f0daa19f6,2025-05-15 00:30:00+00:00,2025-05-15 00:30:00+00:00,{},False
O-20250515-003000-001-V2-2019,BACKTESTER-001,MLSignalStrategyV2-V2,EUR/USD.IDEALPRO,IDEALPRO-1-2019,IDEALPRO-001,IDEALPRO-1-271953,EUR/USD.IDEALPRO-MLSignalStrategyV2-V2,SELL,LIMIT,100000.00,1.11946,USD,2.24 USD,MAKER,2cfbe2aa-56aa-43d2-ad38-2fc5ed216d2c,2025-05-15 00:34:00+00:00,2025-05-15 00:34:00+00:00,{},False
O-20250515-100000-001-V2-2020,BACKTESTER-001,MLSignalStrategyV2-V2,EUR/USD.IDEALPRO,IDEALPRO-1-2020,IDEALPRO-001,IDEALPRO-1-273086,EUR/USD.IDEALPRO-MLSignalStrategyV2-V2,SELL,MARKET,100000.00,1.12025,USD,2.24 USD,TAKER,757a5773-2fb8-464f-9130-e7ae0b3eb536,2025-05-15 10:00:00+00:00,2025-05-15 10:00:00+00:00,{},False
O-20250515-100000-001-V2-2022,BACKTESTER-001,MLSignalStrategyV2-V2,EUR/USD.IDEALPRO,IDEALPRO-1-2022,IDEALPRO-001,IDEALPRO-1-273219,EUR/USD.IDEALPRO-MLSignalStrategyV2-V2,BUY,LIMIT,100000.00,1.11929,USD,2.24 USD,MAKER,31b4baf4-03a4-4a8d-ad4e-8388b5431269,2025-05-15 11:06:00+00:00,2025-05-15 11:06:00+00:00,{},False
O-20250515-120000-001-V2-2023,BACKTESTER-001,MLSignalStrategyV2-V2,EUR/USD.IDEALPRO,IDEALPRO-1-2023,IDEALPRO-001,IDEALPRO-1-273328,EUR/USD.IDEALPRO-MLSignalStrategyV2-V2,BUY,MARKET,100000.00,1.11831,USD,2.24 USD,TAKER,de6a0aa1-9638-4f87-9ddb-f8ca071dbce3,2025-05-15 12:00:00+00:00,2025-05-15 12:00:00+00:00,{},False
O-20250515-120000-001-V2-2025,BACKTESTER-001,MLSignalStrategyV2-V2,EUR/USD.IDEALPRO,IDEALPRO-1-2025,IDEALPRO-001,IDEALPRO-1-273371,EUR/USD.IDEALPRO-MLSignalStrategyV2-V2,SELL,LIMIT,100000.00,1.11927,USD,2.24 USD,MAKER,de90dd4c-95d5-4f23-bd81-e5c13c5ac007,2025-05-15 12:21:00+00:00,2025-05-15 12:21:00+00:00,{},False
O-20250515-180000-001-V2-2026,BACKTESTER-001,MLSignalStrategyV2-V2,EUR/USD.IDEALPRO,IDEALPRO-1-2026,IDEALPRO-001,IDEALPRO-1-274050,EUR/USD.IDEALPRO-MLSignalStrategyV2-V2,BUY,MARKET,100000.00,1.11713,USD,2.23 USD,TAKER,6d883133-4cce-464d-bab2-bd4ea94281e2,2025-05-15 18:00:00+00:00,2025-05-15 18:00:00+00:00,{},False
O-20250515-180000-001-V2-2028,BACKTESTER-001,MLSignalStrategyV2-V2,EUR/USD.IDEALPRO,IDEALPRO-1-2028,IDEALPRO-001,IDEALPRO-1-274231,EUR/USD.IDEALPRO-MLSignalStrategyV2-V2,SELL,LIMIT,100000.00,1.11813,USD,2.24 USD,MAKER,6ca82682-6c38-4817-b1ec-9e257cc6468f,2025-05-15 19:30:00+00:00,2025-05-15 19:30:00+00:00,{},False
O-20250515-210000-001-V2-2029,BACKTESTER-001,MLSignalStrategyV2-V2,EUR/USD.IDEALPRO,IDEALPRO-1-2029,IDEALPRO-001,IDEALPRO-1-274412,EUR/USD.IDEALPRO-MLSignalStrategyV2-V2,BUY,MARKET,100000.00,1.11876,USD,2.24 USD,TAKER,50dec321-9574-4d59-947e-bf0cc6c22011,2025-05-15 21:00:00+00:00,2025-05-15 21:00:00+00:00,{},False
O-20250515-210000-001-V2-2031,BACKTESTER-001,MLSignalStrategyV2-V2,EUR/USD.IDEALPRO,IDEALPRO-1-2031,IDEALPRO-001,IDEALPRO-1-274625,EUR/USD.IDEALPRO-MLSignalStrategyV2-V2,SELL,LIMIT,100000.00,1.11934,USD,2.24 USD,MAKER,81cd590e-4c37-488e-9c13-d7c9b88cd8fc,2025-05-15 23:01:00+00:00,2025-05-15 23:01:00+00:00,{},False
O-20250516-093000-001-V2-2032,BACKTESTER-001,MLSignalStrategyV2-V2,EUR/USD.IDEALPRO,IDEALPRO-1-2032,IDEALPRO-001,IDEALPRO-1-275884,EUR/USD.IDEALPRO-MLSignalStrategyV2-V2,BUY,MARKET,100000.00,1.12077,USD,2.24 USD,TAKER,7f4afd84-e95b-490d-93e8-91b5057596ee,2025-05-16 09:30:00+00:00,2025-05-16 09:30:00+00:00,{},False
O-20250516-093000-001-V2-2033,BACKTESTER-001,MLSignalStrategyV2-V2,EUR/USD.IDEALPRO,IDEALPRO-1-2033,IDEALPRO-001,IDEALPRO-1-275925,EUR/USD.IDEALPRO-MLSignalStrategyV2-V2,SELL,STOP_MARKET,100000.00,1.11980,USD,2.24 USD,TAKER,6d62bb88-e5ef-4875-b4c1-91f718ea2b3b,2025-05-16 09:50:00+00:00,2025-05-16 09:50:00+00:00,{},False
O-20250516-100000-001-V2-2035,BACKTESTER-001,MLSignalStrategyV2-V2,EUR/USD.IDEALPRO,IDEALPRO-1-2035,IDEALPRO-001,IDEALPRO-1-275946,EUR/USD.IDEALPRO-MLSignalStrategyV2-V2,BUY,MARKET,100000.00,1.11946,USD,2.24 USD,TAKER,63b702ba-0812-4e13-b52f-4b8256e64d01,2025-05-16 10:00:00+00:00,2025-05-16 10:00:00+00:00,{},False
O-20250516-100000-001-V2-2037,BACKTESTER-001,MLSignalStrategyV2-V2,EUR/USD.IDEALPRO,IDEALPRO-1-2037,IDEALPRO-001,IDEALPRO-1-276077,EUR/USD.IDEALPRO-MLSignalStrategyV2-V2,SELL,LIMIT,100000.00,1.12033,USD,2.24 USD,MAKER,fed491a7-b93f-43e0-ba21-b510e6ad8093,2025-05-16 11:05:00+00:00,2025-05-16 11:05:00+00:00,{},False
O-20250516-153000-001-V2-2038,BACKTESTER-001,MLSignalStrategyV2-V2,EUR/USD.IDEALPRO,IDEALPRO-1-2038,IDEALPRO-001,IDEALPRO-1-276608,EUR/USD.IDEALPRO-MLSignalStrategyV2-V2,BUY,MARKET,100000.00,1.11435,USD,2.23 USD,TAKER,30c04f07-4ccc-45b9-bfdd-965cd8ec6dd6,2025-05-16 15:30:00+00:00,2025-05-16 15:30:00+00:00,{},False
O-20250516-153000-001-V2-2040,BACKTESTER-001,MLSignalStrategyV2-V2,EUR/USD.IDEALPRO,IDEALPRO-1-2040,IDEALPRO-001,IDEALPRO-1-277033,EUR/USD.IDEALPRO-MLSignalStrategyV2-V2,SELL,LIMIT,100000.00,1.11557,USD,2.23 USD,MAKER,acd7e151-a851-4c2a-8e41-626b2d30fa2e,2025-05-16 19:02:00+00:00,2025-05-16 19:02:00+00:00,{},False
O-20250518-213000-001-V2-2041,BACKTESTER-001,MLSignalStrategyV2-V2,EUR/USD.IDEALPRO,IDEALPRO-1-2041,IDEALPRO-001,IDEALPRO-1-277300,EUR/USD.IDEALPRO-MLSignalStrategyV2-V2,BUY,MARKET,100000.00,1.11818,USD,2.24 USD,TAKER,aed92ecf-2d2a-4e3b-980a-6c2d9f23e163,2025-05-18 21:30:00+00:00,2025-05-18 21:30:00+00:00,{},False
O-20250518-213000-001-V2-2043,BACKTESTER-001,MLSignalStrategyV2-V2,EUR/USD.IDEALPRO,IDEALPRO-1-2043,IDEALPRO-001,IDEALPRO-1-277423,EUR/USD.IDEALPRO-MLSignalStrategyV2-V2,SELL,LIMIT,100000.00,1.11902,USD,2.24 USD,MAKER,914d9cdb-d0fe-4b00-af5c-b44d9f19cc0c,2025-05-18 22:31:00+00:00,2025-05-18 22:31:00+00:00,{},False
O-20250518-230000-001-V2-2044,BACKTESTER-001,MLSignalStrategyV2-V2,EUR/USD.IDEALPRO,IDEALPRO-1-2044,IDEALPRO-001,IDEALPRO-1-277483,EUR/USD.IDEALPRO-MLSignalStrategyV2-V2,SELL,MARKET,100000.00,1.11902,USD,2.24 USD,TAKER,9a4d218a-e01c-4549-bbb4-7f46a7c13a66,2025-05-18 23:00:00+00:00,2025-05-18 23:00:00+00:00,{},False
O-20250518-230000-001-V2-2046,BACKTESTER-001,MLSignalStrategyV2-V2,EUR/USD.IDEALPRO,IDEALPRO-1-2046,IDEALPRO-001,IDEALPRO-1-277571,EUR/USD.IDEALPRO-MLSignalStrategyV2-V2,BUY,LIMIT,100000.00,1.11821,USD,2.24 USD,MAKER,f38ab45a-2358-44c3-b42c-e9e44fc61758,2025-05-18 23:44:00+00:00,2025-05-18 23:44:00+00:00,{},False
O-20250519-081500-001-V2-2047,BACKTESTER-001,MLSignalStrategyV2-V2,EUR/USD.IDEALPRO,IDEALPRO-1-2047,IDEALPRO-001,IDEALPRO-1-278594,EUR/USD.IDEALPRO-MLSignalStrategyV2-V2,SELL,MARKET,100000.00,1.12482,USD,2.25 USD,TAKER,1e9f1631-41e5-4882-8320-130492fbad93,2025-05-19 08:15:00+00:00,2025-05-19 08:15:00+00:00,{},False
O-20250519-081500-001-V2-2048,BACKTESTER-001,MLSignalStrategyV2-V2,EUR/USD.IDEALPRO,IDEALPRO-1-2048,IDEALPRO-001,IDEALPRO-1-278691,EUR/USD.IDEALPRO-MLSignalStrategyV2-V2,BUY,STOP_MARKET,100000.00,1.12615,USD,2.25 USD,TAKER,aaef6436-b862-41d1-9088-be4cddd10944,2025-05-19 09:03:00+00:00,2025-05-19 09:03:00+00:00,{},False
O-20250519-123000-001-V2-2050,BACKTESTER-001,MLSignalStrategyV2-V2,EUR/USD.IDEALPRO,IDEALPRO-1-2050,IDEALPRO-001,IDEALPRO-1-279106,EUR/USD.IDEALPRO-MLSignalStrategyV2-V2,SELL,MARKET,100000.00,1.12641,USD,2.25 USD,TAKER,d6224705-04ed-4041-9dd1-e513507d0184,2025-05-19 12:30:00+00:00,2025-05-19 12:30:00+00:00,{},False
O-20250519-123000-001-V2-2052,BACKTESTER-001,MLSignalStrategyV2-V2,EUR/USD.IDEALPRO,IDEALPRO-1-2052,IDEALPRO-001,IDEALPRO-1-279173,EUR/USD.IDEALPRO-MLSignalStrategyV2-V2,BUY,LIMIT,100000.00,1.12517,USD,2.25 USD,MAKER,468a4418-96d0-4540-8ef3-8b2274f9b295,2025-05-19 13:03:00+00:00,2025-05-19 13:03:00+00:00,{},False
O-20250519-131500-001-V2-2053,BACKTESTER-001,MLSignalStrategyV2-V2,EUR/USD.IDEALPRO,IDEALPRO-1-2053,IDEALPRO-001,IDEALPRO-1-279198,EUR/USD.IDEALPRO-MLSignalStrategyV2-V2,SELL,MARKET,100000.00,1.12603,USD,2.25 USD,TAKER,3bac50fe-5424-4e13-9a63-57c208644073,2025-05-19 13:15:00+00:00,2025-05-19 13:15:00+00:00,{},False
O-20250519-131500-001-V2-2055,BACKTESTER-001,MLSignalStrategyV2-V2,EUR/USD.IDEALPRO,IDEALPRO-1-2055,IDEALPRO-001,IDEALPRO-1-279271,EUR/USD.IDEALPRO-MLSignalStrategyV2-V2,BUY,LIMIT,100000.00,1.12472,USD,2.25 USD,MAKER,059cb749-353c-436e-b648-18e1d0f019df,2025-05-19 13:51:00+00:00,2025-05-19 13:51:00+00:00,{},False
O-20250519-170000-001-V2-2056,BACKTESTER-001,MLSignalStrategyV2-V2,EUR/USD.IDEALPRO,IDEALPRO-1-2056,IDEALPRO-001,IDEALPRO-1-279650,EUR/USD.IDEALPRO-MLSignalStrategyV2-V2,BUY,MARKET,100000.00,1.12353,USD,2.25 USD,TAKER,339c1233-cddd-47c8-bc72-a4bde2310dcd,2025-05-19 17:00:00+00:00,2025-05-19 17:00:00+00:00,{},False
O-20250519-170000-001-V2-2057,BACKTESTER-001,MLSignalStrategyV2-V2,EUR/USD.IDEALPRO,IDEALPRO-1-2057,IDEALPRO-001,IDEALPRO-1-279705,EUR/USD.IDEALPRO-MLSignalStrategyV2-V2,SELL,STOP_MARKET,100000.00,1.12243,USD,2.24 USD,TAKER,1e87afba-7207-40e8-bc2f-c9718efdc5f4,2025-05-19 17:27:00+00:00,2025-05-19 17:27:00+00:00,{},False
O-20250519-173000-001-V2-2059,BACKTESTER-001,MLSignalStrategyV2-V2,EUR/USD.IDEALPRO,IDEALPRO-1-2059,IDEALPRO-001,IDEALPRO-1-279712,EUR/USD.IDEALPRO-MLSignalStrategyV2-V2,BUY,MARKET,100000.00,1.12282,USD,2.25 USD,TAKER,4dc3b4a1-f128-4170-bcdc-8ed0c5f20656,2025-05-19 17:30:00+00:00,2025-05-19 17:30:00+00:00,{},False
O-20250519-173000-001-V2-2061,BACKTESTER-001,MLSignalStrategyV2-V2,EUR/USD.IDEALPRO,IDEALPRO-1-2061,IDEALPRO-001,IDEALPRO-1-279919,EUR/USD.IDEALPRO-MLSignalStrategyV2-V2,SELL,LIMIT,100000.00,1.12372,USD,2.25 USD,MAKER,02ae1802-f392-44ab-90eb-6ecae8517436,2025-05-19 19:13:00+00:00,2025-05-19 19:13:00+00:00,{},False
O-20250519-220000-001-V2-2062,BACKTESTER-001,MLSignalStrategyV2-V2,EUR/USD.IDEALPRO,IDEALPRO-1-2062,IDEALPRO-001,IDEALPRO-1-280225,EUR/USD.IDEALPRO-MLSignalStrategyV2-V2,BUY,MARKET,100000.00,1.12434,USD,2.25 USD,TAKER,6bd1e54a-69f3-45fd-99e5-ec545341f058,2025-05-19 22:00:00+00:00,2025-05-19 22:00:00+00:00,{},False
O-20250519-220000-001-V2-2063,BACKTESTER-001,MLSignalStrategyV2-V2,EUR/USD.IDEALPRO,IDEALPRO-1-2063,IDEALPRO-001,IDEALPRO-1-280267,EUR/USD.IDEALPRO-MLSignalStrategyV2-V2,SELL,STOP_MARKET,100000.00,1.12383,USD,2.25 USD,TAKER,27670165-70eb-48ca-a9ba-a8b8d8789c6d,2025-05-19 22:21:00+00:00,2025-05-19 22:21:00+00:00,{},False
O-20250519-223000-001-V2-2065,BACKTESTER-001,MLSignalStrategyV2-V2,EUR/USD.IDEALPRO,IDEALPRO-1-2065,IDEALPRO-001,IDEALPRO-1-280286,EUR/USD.IDEALPRO-MLSignalStrategyV2-V2,BUY,MARKET,100000.00,1.12407,USD,2.25 USD,TAKER,95676c42-b68f-42ae-b6d4-4be588685ff4,2025-05-19 22:30:00+00:00,2025-05-19 22:30:00+00:00,{},False
O-20250519-223000-001-V2-2066,BACKTESTER-001,MLSignalStrategyV2-V2,EUR/USD.IDEALPRO,IDEALPRO-1-2066,IDEALPRO-001,IDEALPRO-1-280343,EUR/USD.IDEALPRO-MLSignalStrategyV2-V2,SELL,STOP_MARKET,100000.00,1.12351,USD,2.25 USD,TAKER,0d96e2bf-c8ff-4823-9130-a5d69cfdb50b,2025-05-19 22:58:00+00:00,2025-05-19 22:58:00+00:00,{},False
O-20250519-230000-001-V2-2068,BACKTESTER-001,MLSignalStrategyV2-V2,EUR/USD.IDEALPRO,IDEALPRO-1-2068,IDEALPRO-001,IDEALPRO-1-280348,EUR/USD.IDEALPRO-MLSignalStrategyV2-V2,BUY,MARKET,100000.00,1.12355,USD,2.25 USD,TAKER,66341fbf-4142-4694-a097-bd71335f3905,2025-05-19 23:00:00+00:00,2025-05-19 23:00:00+00:00,{},False
O-20250519-230000-001-V2-2069,BACKTESTER-001,MLSignalStrategyV2-V2,EUR/USD.IDEALPRO,IDEALPRO-1-2069,IDEALPRO-001,IDEALPRO-1-280473,EUR/USD.IDEALPRO-MLSignalStrategyV2-V2,SELL,STOP_MARKET,100000.00,1.12304,USD,2.25 USD,TAKER,f6a7c785-5427-432a-9218-3a46555f47ad,2025-05-20 00:02:00+00:00,2025-05-20 00:02:00+00:00,{},False
O-20250520-001500-001-V2-2071,BACKTESTER-001,MLSignalStrategyV2-V2,EUR/USD.IDEALPRO,IDEALPRO-1-2071,IDEALPRO-001,IDEALPRO-1-280500,EUR/USD.IDEALPRO-MLSignalStrategyV2-V2,BUY,MARKET,100000.00,1.12276,USD,2.25 USD,TAKER,eba7a13a-4851-45a8-a9cb-0ac8dfd20892,2025-05-20 00:15:00+00:00,2025-05-20 00:15:00+00:00,{},False
O-20250520-001500-001-V2-2072,BACKTESTER-001,MLSignalStrategyV2-V2,EUR/USD.IDEALPRO,IDEALPRO-1-2072,IDEALPRO-001,IDEALPRO-1-280523,EUR/USD.IDEALPRO-MLSignalStrategyV2-V2,SELL,STOP_MARKET,100000.00,1.12219,USD,2.24 USD,TAKER,f880049a-28e1-400d-89e0-31aa55e91563,2025-05-20 00:26:00+00:00,2025-05-20 00:26:00+00:00,{},False
O-20250520-003000-001-V2-2074,BACKTESTER-001,MLSignalStrategyV2-V2,EUR/USD.IDEALPRO,IDEALPRO-1-2074,IDEALPRO-001,IDEALPRO-1-280532,EUR/USD.IDEALPRO-MLSignalStrategyV2-V2,BUY,MARKET,100000.00,1.12217,USD,2.24 USD,TAKER,387c15da-e986-4186-b364-0a6e00a40410,2025-05-20 00:30:00+00:00,2025-05-20 00:30:00+00:00,{},False
O-20250520-003000-001-V2-2076,BACKTESTER-001,MLSignalStrategyV2-V2,EUR/USD.IDEALPRO,IDEALPRO-1-2076,IDEALPRO-001,IDEALPRO-1-280583,EUR/USD.IDEALPRO-MLSignalStrategyV2-V2,SELL,LIMIT,100000.00,1.12260,USD,2.25 USD,MAKER,8abe06dd-48d9-4445-a7dc-0cb660d9249d,2025-05-20 00:55:00+00:00,2025-05-20 00:55:00+00:00,{},False
O-20250520-020000-001-V2-2077,BACKTESTER-001,MLSignalStrategyV2-V2,EUR/USD.IDEALPRO,IDEALPRO-1-2077,IDEALPRO-001,IDEALPRO-1-280714,EUR/USD.IDEALPRO-MLSignalStrategyV2-V2,SELL,MARKET,100000.00,1.12385,USD,2.25 USD,TAKER,3f688a97-c34f-4b5c-8288-ba5b082e25c8,2025-05-20 02:00:00+00:00,2025-05-20 02:00:00+00:00,{},False
O-20250520-020000-001-V2-2078,BACKTESTER-001,MLSignalStrategyV2-V2,EUR/USD.IDEALPRO,IDEALPRO-1-2078,IDEALPRO-001,IDEALPRO-1-280771,EUR/USD.IDEALPRO-MLSignalStrategyV2-V2,BUY,STOP_MARKET,100000.00,1.12465,USD,2.25 USD,TAKER,4efa0082-2f6e-4f46-9f04-b70203c29796,2025-05-20 02:28:00+00:00,2025-05-20 02:28:00+00:00,{},False
O-20250520-070000-001-V2-2080,BACKTESTER-001,MLSignalStrategyV2-V2,EUR/USD.IDEALPRO,IDEALPRO-1-2080,IDEALPRO-001,IDEALPRO-1-281316,EUR/USD.IDEALPRO-MLSignalStrategyV2-V2,BUY,MARKET,100000.00,1.12577,USD,2.25 USD,TAKER,bba469d2-a2e3-43d9-a835-13bd15b69b5d,2025-05-20 07:00:00+00:00,2025-05-20 07:00:00+00:00,{},False
O-20250520-070000-001-V2-2082,BACKTESTER-001,MLSignalStrategyV2-V2,EUR/USD.IDEALPRO,IDEALPRO-1-2082,IDEALPRO-001,IDEALPRO-1-281339,EUR/USD.IDEALPRO-MLSignalStrategyV2-V2,SELL,LIMIT,100000.00,1.12662,USD,2.25 USD,MAKER,8f1b0182-dd98-465f-a52b-85e7b22145fb,2025-05-20 07:11:00+00:00,2025-05-20 07:11:00+00:00,{},False
O-20250520-110000-001-V2-2083,BACKTESTER-001,MLSignalStrategyV2-V2,EUR/USD.IDEALPRO,IDEALPRO-1-2083,IDEALPRO-001,IDEALPRO-1-281798,EUR/USD.IDEALPRO-MLSignalStrategyV2-V2,BUY,MARKET,100000.00,1.12445,USD,2.25 USD,TAKER,60d39c3a-88bc-4af0-9aa3-8b935a3ee664,2025-05-20 11:00:00+00:00,2025-05-20 11:00:00+00:00,{},False
O-20250520-110000-001-V2-2084,BACKTESTER-001,MLSignalStrategyV2-V2,EUR/USD.IDEALPRO,IDEALPRO-1-2084,IDEALPRO-001,IDEALPRO-1-281957,EUR/USD.IDEALPRO-MLSignalStrategyV2-V2,SELL,STOP_MARKET,100000.00,1.12294,USD,2.25 USD,TAKER,82fd83a1-6f80-4450-bdd9-1a445cd27c16,2025-05-20 12:19:00+00:00,2025-05-20 12:19:00+00:00,{},False
O-20250520-123000-001-V2-2086,BACKTESTER-001,MLSignalStrategyV2-V2,EUR/USD.IDEALPRO,IDEALPRO-1-2086,IDEALPRO-001,IDEALPRO-1-281980,EUR/USD.IDEALPRO-MLSignalStrategyV2-V2,BUY,MARKET,100000.00,1.12279,USD,2.25 USD,TAKER,9061d0fc-1825-40db-98a1-151dd3f4e7b6,2025-05-20 12:30:00+00:00,2025-05-20 12:30:00+00:00,{},False
O-20250520-123000-001-V2-2088,BACKTESTER-001,MLSignalStrategyV2-V2,EUR/USD.IDEALPRO,IDEALPRO-1-2088,IDEALPRO-001,IDEALPRO-1-281991,EUR/USD.IDEALPRO-MLSignalStrategyV2-V2,SELL,LIMIT,100000.00,1.12362,USD,2.25 USD,MAKER,b2314d40-ca08-4604-b80e-cf457ecf02fe,2025-05-20 12:35:00+00:00,2025-05-20 12:35:00+00:00,{},False
O-20250520-200000-001-V2-2089,BACKTESTER-001,MLSignalStrategyV2-V2,EUR/USD.IDEALPRO,IDEALPRO-1-2089,IDEALPRO-001,IDEALPRO-1-282883,EUR/USD.IDEALPRO-MLSignalStrategyV2-V2,BUY,MARKET,100000.00,1.12806,USD,2.26 USD,TAKER,145c403d-5e24-404e-8cc9-bcd5afed39a6,2025-05-20 20:00:00+00:00,2025-05-20 20:00:00+00:00,{},False
O-20250520-200000-001-V2-2091,BACKTESTER-001,MLSignalStrategyV2-V2,EUR/USD.IDEALPRO,IDEALPRO-1-2091,IDEALPRO-001,IDEALPRO-1-283119,EUR/USD.IDEALPRO-MLSignalStrategyV2-V2,SELL,LIMIT,100000.00,1.12875,USD,2.26 USD,MAKER,10372a68-d18f-491f-8c71-e30fefbd8ca9,2025-05-20 22:13:00+00:00,2025-05-20 22:13:00+00:00,{},False
O-20250521-024500-001-V2-2092,BACKTESTER-001,MLSignalStrategyV2-V2,EUR/USD.IDEALPRO,IDEALPRO-1-2092,IDEALPRO-001,IDEALPRO-1-283664,EUR/USD.IDEALPRO-MLSignalStrategyV2-V2,BUY,MARKET,100000.00,1.13218,USD,2.26 USD,TAKER,be85bf07-d943-4d31-8a99-03b96a5bfb02,2025-05-21 02:45:00+00:00,2025-05-21 02:45:00+00:00,{},False
O-20250521-024500-001-V2-2094,BACKTESTER-001,MLSignalStrategyV2-V2,EUR/USD.IDEALPRO,IDEALPRO-1-2094,IDEALPRO-001,IDEALPRO-1-283771,EUR/USD.IDEALPRO-MLSignalStrategyV2-V2,SELL,LIMIT,100000.00,1.13308,USD,2.27 USD,MAKER,c8e2cb97-2080-464b-9f46-2573b791c429,2025-05-21 03:38:00+00:00,2025-05-21 03:38:00+00:00,{},False
O-20250521-203000-001-V2-2095,BACKTESTER-001,MLSignalStrategyV2-V2,EUR/USD.IDEALPRO,IDEALPRO-1-2095,IDEALPRO-001,IDEALPRO-1-285797,EUR/USD.IDEALPRO-MLSignalStrategyV2-V2,BUY,MARKET,100000.00,1.13276,USD,2.27 USD,TAKER,81c47dd6-bb6f-4953-b8fa-504a2a985b14,2025-05-21 20:30:00+00:00,2025-05-21 20:30:00+00:00,{},False
O-20250521-203000-001-V2-2096,BACKTESTER-001,MLSignalStrategyV2-V2,EUR/USD.IDEALPRO,IDEALPRO-1-2096,IDEALPRO-001,IDEALPRO-1-285983,EUR/USD.IDEALPRO-MLSignalStrategyV2-V2,SELL,STOP_MARKET,100000.00,1.13157,USD,2.26 USD,TAKER,c8dc0555-ac0f-4939-84cd-359e086d770b,2025-05-21 22:18:00+00:00,2025-05-21 22:18:00+00:00,{},False
O-20250521-234500-001-V2-2098,BACKTESTER-001,MLSignalStrategyV2-V2,EUR/USD.IDEALPRO,IDEALPRO-1-2098,IDEALPRO-001,IDEALPRO-1-286158,EUR/USD.IDEALPRO-MLSignalStrategyV2-V2,SELL,MARKET,100000.00,1.13268,USD,2.27 USD,TAKER,ca5a0c7e-ce5b-4f13-a07a-0d02d9ba12fc,2025-05-21 23:45:00+00:00,2025-05-21 23:45:00+00:00,{},False
O-20250521-234500-001-V2-2099,BACKTESTER-001,MLSignalStrategyV2-V2,EUR/USD.IDEALPRO,IDEALPRO-1-2099,IDEALPRO-001,IDEALPRO-1-286205,EUR/USD.IDEALPRO-MLSignalStrategyV2-V2,BUY,STOP_MARKET,100000.00,1.13354,USD,2.27 USD,TAKER,8b70ea8a-4c70-4cf9-8b6c-ba49c1df16e4,2025-05-22 00:08:00+00:00,2025-05-22 00:08:00+00:00,{},False
O-20250522-030000-001-V2-2101,BACKTESTER-001,MLSignalStrategyV2-V2,EUR/USD.IDEALPRO,IDEALPRO-1-2101,IDEALPRO-001,IDEALPRO-1-286551,EUR/USD.IDEALPRO-MLSignalStrategyV2-V2,BUY,MARKET,100000.00,1.13390,USD,2.27 USD,TAKER,368af17b-377b-4e6b-8b10-acacbe86a821,2025-05-22 03:00:00+00:00,2025-05-22 03:00:00+00:00,{},False
O-20250522-030000-001-V2-2102,BACKTESTER-001,MLSignalStrategyV2-V2,EUR/USD.IDEALPRO,IDEALPRO-1-2102,IDEALPRO-001,IDEALPRO-1-286721,EUR/USD.IDEALPRO-MLSignalStrategyV2-V2,SELL,STOP_MARKET,100000.00,1.13278,USD,2.27 USD,TAKER,cd130c4e-4c8e-4a33-af87-ab360e0409d8,2025-05-22 04:25:00+00:00,2025-05-22 04:25:00+00:00,{},False
O-20250522-044500-001-V2-2104,BACKTESTER-001,MLSignalStrategyV2-V2,EUR/USD.IDEALPRO,IDEALPRO-1-2104,IDEALPRO-001,IDEALPRO-1-286762,EUR/USD.IDEALPRO-MLSignalStrategyV2-V2,BUY,MARKET,100000.00,1.13305,USD,2.27 USD,TAKER,dab00557-66b4-48cd-8b06-cfeeb53beff7,2025-05-22 04:45:00+00:00,2025-05-22 04:45:00+00:00,{},False
O-20250522-044500-001-V2-2106,BACKTESTER-001,MLSignalStrategyV2-V2,EUR/USD.IDEALPRO,IDEALPRO-1-2106,IDEALPRO-001,IDEALPRO-1-286919,EUR/USD.IDEALPRO-MLSignalStrategyV2-V2,SELL,LIMIT,100000.00,1.13369,USD,2.27 USD,MAKER,2f1dad05-a082-4bb1-b044-2c2b8b146ea4,2025-05-22 06:03:00+00:00,2025-05-22 06:03:00+00:00,{},False
O-20250522-093000-001-V2-2107,BACKTESTER-001,MLSignalStrategyV2-V2,EUR/USD.IDEALPRO,IDEALPRO-1-2107,IDEALPRO-001,IDEALPRO-1-287334,EUR/USD.IDEALPRO-MLSignalStrategyV2-V2,BUY,MARKET,100000.00,1.12941,USD,2.26 USD,TAKER,9b44257f-2e9d-4d78-8141-110ac6c487d3,2025-05-22 09:30:00+00:00,2025-05-22 09:30:00+00:00,{},False
O-20250522-093000-001-V2-2109,BACKTESTER-001,MLSignalStrategyV2-V2,EUR/USD.IDEALPRO,IDEALPRO-1-2109,IDEALPRO-001,IDEALPRO-1-287573,EUR/USD.IDEALPRO-MLSignalStrategyV2-V2,SELL,LIMIT,100000.00,1.13069,USD,2.26 USD,MAKER,b1f2a38d-6da0-404a-9a26-4ad934873142,2025-05-22 11:29:00+00:00,2025-05-22 11:29:00+00:00,{},False
O-20250522-151500-001-V2-2110,BACKTESTER-001,MLSignalStrategyV2-V2,EUR/USD.IDEALPRO,IDEALPRO-1-2110,IDEALPRO-001,IDEALPRO-1-288026,EUR/USD.IDEALPRO-MLSignalStrategyV2-V2,BUY,MARKET,100000.00,1.12733,USD,2.25 USD,TAKER,c9a11b88-f0b7-4c3a-9b0f-1730a29ecd06,2025-05-22 15:15:00+00:00,2025-05-22 15:15:00+00:00,{},False
O-20250522-151500-001-V2-2112,BACKTESTER-001,MLSignalStrategyV2-V2,EUR/USD.IDEALPRO,IDEALPRO-1-2112,IDEALPRO-001,IDEALPRO-1-288053,EUR/USD.IDEALPRO-MLSignalStrategyV2-V2,SELL,LIMIT,100000.00,1.12870,USD,2.26 USD,MAKER,2dacc9f8-0222-44a1-9505-fbd91f09faeb,2025-05-22 15:28:00+00:00,2025-05-22 15:28:00+00:00,{},False
O-20250522-180000-001-V2-2113,BACKTESTER-001,MLSignalStrategyV2-V2,EUR/USD.IDEALPRO,IDEALPRO-1-2113,IDEALPRO-001,IDEALPRO-1-288359,EUR/USD.IDEALPRO-MLSignalStrategyV2-V2,BUY,MARKET,100000.00,1.12681,USD,2.25 USD,TAKER,3bd3b2af-82b7-48fa-87f0-4d60685d1c7e,2025-05-22 18:00:00+00:00,2025-05-22 18:00:00+00:00,{},False
O-20250522-180000-001-V2-2115,BACKTESTER-001,MLSignalStrategyV2-V2,EUR/USD.IDEALPRO,IDEALPRO-1-2115,IDEALPRO-001,IDEALPRO-1-288453,EUR/USD.IDEALPRO-MLSignalStrategyV2-V2,SELL,LIMIT,100000.00,1.12787,USD,2.26 USD,MAKER,def3e7d9-4e2a-4387-af3b-957b9f489fd2,2025-05-22 18:47:00+00:00,2025-05-22 18:47:00+00:00,{},False
O-20250523-053000-001-V2-2116,BACKTESTER-001,MLSignalStrategyV2-V2,EUR/USD.IDEALPRO,IDEALPRO-1-2116,IDEALPRO-001,IDEALPRO-1-289711,EUR/USD.IDEALPRO-MLSignalStrategyV2-V2,BUY,MARKET,100000.00,1.13210,USD,2.26 USD,TAKER,f1e42bbf-66d4-4cfa-8525-3f67d512dfda,2025-05-23 05:30:00+00:00,2025-05-23 05:30:00+00:00,{},False
O-20250523-053000-001-V2-2117,BACKTESTER-001,MLSignalStrategyV2-V2,EUR/USD.IDEALPRO,IDEALPRO-1-2117,IDEALPRO-001,IDEALPRO-1-289721,EUR/USD.IDEALPRO-MLSignalStrategyV2-V2,SELL,STOP_MARKET,100000.00,1.13149,USD,2.26 USD,TAKER,dd2f3105-fa2f-4b45-be11-194647799823,2025-05-23 05:35:00+00:00,2025-05-23 05:35:00+00:00,{},False
O-20250523-074500-001-V2-2119,BACKTESTER-001,MLSignalStrategyV2-V2,EUR/USD.IDEALPRO,IDEALPRO-1-2119,IDEALPRO-001,IDEALPRO-1-289982,EUR/USD.IDEALPRO-MLSignalStrategyV2-V2,BUY,MARKET,100000.00,1.13359,USD,2.27 USD,TAKER,f51aef34-402a-4d66-b620-0a987d364f32,2025-05-23 07:45:00+00:00,2025-05-23 07:45:00+00:00,{},False
O-20250523-074500-001-V2-2121,BACKTESTER-001,MLSignalStrategyV2-V2,EUR/USD.IDEALPRO,IDEALPRO-1-2121,IDEALPRO-001,IDEALPRO-1-290141,EUR/USD.IDEALPRO-MLSignalStrategyV2-V2,SELL,LIMIT,100000.00,1.13466,USD,2.27 USD,MAKER,2ae7af3d-24ee-409a-985a-3fee56d7f19b,2025-05-23 09:04:00+00:00,2025-05-23 09:04:00+00:00,{},False
O-20250523-200000-001-V2-2122,BACKTESTER-001,MLSignalStrategyV2-V2,EUR/USD.IDEALPRO,IDEALPRO-1-2122,IDEALPRO-001,IDEALPRO-1-291454,EUR/USD.IDEALPRO-MLSignalStrategyV2-V2,BUY,MARKET,100000.00,1.13638,USD,2.27 USD,TAKER,bfd4af22-2058-4c9e-b895-37e8215da29d,2025-05-23 20:00:00+00:00,2025-05-23 20:00:00+00:00,{},False
O-20250523-200000-001-V2-2124,BACKTESTER-001,MLSignalStrategyV2-V2,EUR/USD.IDEALPRO,IDEALPRO-1-2124,IDEALPRO-001,IDEALPRO-1-291687,EUR/USD.IDEALPRO-MLSignalStrategyV2-V2,SELL,LIMIT,100000.00,1.13794,USD,2.28 USD,MAKER,df64f82c-924b-460d-8dc5-6dd305bed053,2025-05-25 22:11:00+00:00,2025-05-25 22:11:00+00:00,{},False
O-20250525-224500-001-V2-2125,BACKTESTER-001,MLSignalStrategyV2-V2,EUR/USD.IDEALPRO,IDEALPRO-1-2125,IDEALPRO-001,IDEALPRO-1-291757,EUR/USD.IDEALPRO-MLSignalStrategyV2-V2,SELL,MARKET,100000.00,1.13745,USD,2.27 USD,TAKER,b6fbe52a-5dc5-47a1-ae67-db59a63d5429,2025-05-25 22:45:00+00:00,2025-05-25 22:45:00+00:00,{},False
O-20250525-224500-001-V2-2126,BACKTESTER-001,MLSignalStrategyV2-V2,EUR/USD.IDEALPRO,IDEALPRO-1-2126,IDEALPRO-001,IDEALPRO-1-291947,EUR/USD.IDEALPRO-MLSignalStrategyV2-V2,BUY,STOP_MARKET,100000.00,1.13855,USD,2.28 USD,TAKER,e6b58e3e-a267-42c6-bccf-8ae0793499d1,2025-05-26 00:20:00+00:00,2025-05-26 00:20:00+00:00,{},False
O-20250526-101500-001-V2-2128,BACKTESTER-001,MLSignalStrategyV2-V2,EUR/USD.IDEALPRO,IDEALPRO-1-2128,IDEALPRO-001,IDEALPRO-1-293138,EUR/USD.IDEALPRO-MLSignalStrategyV2-V2,SELL,MARKET,100000.00,1.13829,USD,2.28 USD,TAKER,8fc9e2cf-e22b-4e02-9b4a-b89009db27d2,2025-05-26 10:15:00+00:00,2025-05-26 10:15:00+00:00,{},False
O-20250526-101500-001-V2-2130,BACKTESTER-001,MLSignalStrategyV2-V2,EUR/USD.IDEALPRO,IDEALPRO-1-2130,IDEALPRO-001,IDEALPRO-1-293319,EUR/USD.IDEALPRO-MLSignalStrategyV2-V2,BUY,LIMIT,100000.00,1.13743,USD,2.27 USD,MAKER,9f7f7db5-4d87-403b-80ed-1cd5595945d5,2025-05-26 11:45:00+00:00,2025-05-26 11:45:00+00:00,{},False
O-20250526-120000-001-V2-2131,BACKTESTER-001,MLSignalStrategyV2-V2,EUR/USD.IDEALPRO,IDEALPRO-1-2131,IDEALPRO-001,IDEALPRO-1-293350,EUR/USD.IDEALPRO-MLSignalStrategyV2-V2,SELL,MARKET,100000.00,1.13772,USD,2.28 USD,TAKER,dff10674-b10f-40e6-b3d0-f4ab2758b094,2025-05-26 12:00:00+00:00,2025-05-26 12:00:00+00:00,{},False
O-20250526-120000-001-V2-2133,BACKTESTER-001,MLSignalStrategyV2-V2,EUR/USD.IDEALPRO,IDEALPRO-1-2133,IDEALPRO-001,IDEALPRO-1-293401,EUR/USD.IDEALPRO-MLSignalStrategyV2-V2,BUY,LIMIT,100000.00,1.13701,USD,2.27 USD,MAKER,ddabc802-9c07-46be-b3fa-81140fb37fd4,2025-05-26 12:25:00+00:00,2025-05-26 12:25:00+00:00,{},False
O-20250526-124500-001-V2-2134,BACKTESTER-001,MLSignalStrategyV2-V2,EUR/USD.IDEALPRO,IDEALPRO-1-2134,IDEALPRO-001,IDEALPRO-1-293443,EUR/USD.IDEALPRO-MLSignalStrategyV2-V2,SELL,MARKET,100000.00,1.13750,USD,2.28 USD,TAKER,3083e111-9267-47ca-acf5-b9dd1b6315f4,2025-05-26 12:45:00+00:00,2025-05-26 12:45:00+00:00,{},False
O-20250526-124500-001-V2-2135,BACKTESTER-001,MLSignalStrategyV2-V2,EUR/USD.IDEALPRO,IDEALPRO-1-2135,IDEALPRO-001,IDEALPRO-1-293591,EUR/USD.IDEALPRO-MLSignalStrategyV2-V2,BUY,STOP_MARKET,100000.00,1.13836,USD,2.28 USD,TAKER,4cd5d4f9-248e-472a-b5ac-6dcc52399a66,2025-05-26 13:59:00+00:00,2025-05-26 13:59:00+00:00,{},False
O-20250526-141500-001-V2-2137,BACKTESTER-001,MLSignalStrategyV2-V2,EUR/USD.IDEALPRO,IDEALPRO-1-2137,IDEALPRO-001,IDEALPRO-1-293624,EUR/USD.IDEALPRO-MLSignalStrategyV2-V2,SELL,MARKET,100000.00,1.13796,USD,2.28 USD,TAKER,5eb647e1-209d-460d-8911-fcfc3cf3e124,2025-05-26 14:15:00+00:00,2025-05-26 14:15:00+00:00,{},False
O-20250526-141500-001-V2-2138,BACKTESTER-001,MLSignalStrategyV2-V2,EUR/USD.IDEALPRO,IDEALPRO-1-2138,IDEALPRO-001,IDEALPRO-1-294407,EUR/USD.IDEALPRO-MLSignalStrategyV2-V2,BUY,STOP_MARKET,100000.00,1.13881,USD,2.28 USD,TAKER,4199f775-b4e9-419f-af62-a63ce7d970f0,2025-05-26 20:46:00+00:00,2025-05-26 20:46:00+00:00,{},False
O-20250527-011500-001-V2-2140,BACKTESTER-001,MLSignalStrategyV2-V2,EUR/USD.IDEALPRO,IDEALPRO-1-2140,IDEALPRO-001,IDEALPRO-1-294916,EUR/USD.IDEALPRO-MLSignalStrategyV2-V2,SELL,MARKET,100000.00,1.14064,USD,2.28 USD,TAKER,fc5b5608-1dd6-4b0e-a373-20c4a944bee7,2025-05-27 01:15:00+00:00,2025-05-27 01:15:00+00:00,{},False
O-20250527-011500-001-V2-2142,BACKTESTER-001,MLSignalStrategyV2-V2,EUR/USD.IDEALPRO,IDEALPRO-1-2142,IDEALPRO-001,IDEALPRO-1-294967,EUR/USD.IDEALPRO-MLSignalStrategyV2-V2,BUY,LIMIT,100000.00,1.14007,USD,2.28 USD,MAKER,7db5c935-d895-4143-9950-f1a192333cd2,2025-05-27 01:40:00+00:00,2025-05-27 01:40:00+00:00,{},False
O-20250527-014500-001-V2-2143,BACKTESTER-001,MLSignalStrategyV2-V2,EUR/USD.IDEALPRO,IDEALPRO-1-2143,IDEALPRO-001,IDEALPRO-1-294978,EUR/USD.IDEALPRO-MLSignalStrategyV2-V2,SELL,MARKET,100000.00,1.13960,USD,2.28 USD,TAKER,e807fe12-61ba-487b-86c0-5f3e723a083a,2025-05-27 01:45:00+00:00,2025-05-27 01:45:00+00:00,{},False
O-20250527-014500-001-V2-2144,BACKTESTER-001,MLSignalStrategyV2-V2,EUR/USD.IDEALPRO,IDEALPRO-1-2144,IDEALPRO-001,IDEALPRO-1-295047,EUR/USD.IDEALPRO-MLSignalStrategyV2-V2,BUY,STOP_MARKET,100000.00,1.14033,USD,2.28 USD,TAKER,e476ad61-cd28-4a9f-aba8-711afb530e79,2025-05-27 02:19:00+00:00,2025-05-27 02:19:00+00:00,{},False
O-20250527-073000-001-V2-2146,BACKTESTER-001,MLSignalStrategyV2-V2,EUR/USD.IDEALPRO,IDEALPRO-1-2146,IDEALPRO-001,IDEALPRO-1-295670,EUR/USD.IDEALPRO-MLSignalStrategyV2-V2,BUY,MARKET,100000.00,1.13471,USD,2.27 USD,TAKER,b111f872-8b0a-4606-bca8-53313a442a3a,2025-05-27 07:30:00+00:00,2025-05-27 07:30:00+00:00,{},False
O-20250527-073000-001-V2-2148,BACKTESTER-001,MLSignalStrategyV2-V2,EUR/USD.IDEALPRO,IDEALPRO-1-2148,IDEALPRO-001,IDEALPRO-1-295825,EUR/USD.IDEALPRO-MLSignalStrategyV2-V2,SELL,LIMIT,100000.00,1.13575,USD,2.27 USD,MAKER,7c5b12de-dd51-423c-82e6-02f2f41aee42,2025-05-27 08:47:00+00:00,2025-05-27 08:47:00+00:00,{},False
O-20250527-090000-001-V2-2149,BACKTESTER-001,MLSignalStrategyV2-V2,EUR/USD.IDEALPRO,IDEALPRO-1-2149,IDEALPRO-001,IDEALPRO-1-295852,EUR/USD.IDEALPRO-MLSignalStrategyV2-V2,BUY,MARKET,100000.00,1.13487,USD,2.27 USD,TAKER,65650697-28da-4ecd-993c-767d093d99eb,2025-05-27 09:00:00+00:00,2025-05-27 09:00:00+00:00,{},False
O-20250527-090000-001-V2-2151,BACKTESTER-001,MLSignalStrategyV2-V2,EUR/USD.IDEALPRO,IDEALPRO-1-2151,IDEALPRO-001,IDEALPRO-1-296259,EUR/USD.IDEALPRO-MLSignalStrategyV2-V2,SELL,LIMIT,100000.00,1.13596,USD,2.27 USD,MAKER,1d6de123-4d7b-4c06-b329-9b56e439405d,2025-05-27 12:23:00+00:00,2025-05-27 12:23:00+00:00,{},False
O-20250527-164500-001-V2-2152,BACKTESTER-001,MLSignalStrategyV2-V2,EUR/USD.IDEALPRO,IDEALPRO-1-2152,IDEALPRO-001,IDEALPRO-1-296784,EUR/USD.IDEALPRO-MLSignalStrategyV2-V2,BUY,MARKET,100000.00,1.13334,USD,2.27 USD,TAKER,b0a2c312-e6d2-4686-85d3-ee485fcebd32,2025-05-27 16:45:00+00:00,2025-05-27 16:45:00+00:00,{},False
O-20250527-164500-001-V2-2154,BACKTESTER-001,MLSignalStrategyV2-V2,EUR/USD.IDEALPRO,IDEALPRO-1-2154,IDEALPRO-001,IDEALPRO-1-297677,EUR/USD.IDEALPRO-MLSignalStrategyV2-V2,SELL,LIMIT,100000.00,1.13439,USD,2.27 USD,MAKER,d6d0e8ea-7be6-4ea1-bcc1-f704aaa6ce3f,2025-05-28 00:26:00+00:00,2025-05-28 00:26:00+00:00,{},False
O-20250528-020000-001-V2-2155,BACKTESTER-001,MLSignalStrategyV2-V2,EUR/USD.IDEALPRO,IDEALPRO-1-2155,IDEALPRO-001,IDEALPRO-1-297866,EUR/USD.IDEALPRO-MLSignalStrategyV2-V2,BUY,MARKET,100000.00,1.13177,USD,2.26 USD,TAKER,0f3cf177-2676-41bf-9087-4af87ceb8162,2025-05-28 02:00:00+00:00,2025-05-28 02:00:00+00:00,{},False
O-20250528-020000-001-V2-2156,BACKTESTER-001,MLSignalStrategyV2-V2,EUR/USD.IDEALPRO,IDEALPRO-1-2156,IDEALPRO-001,IDEALPRO-1-297971,EUR/USD.IDEALPRO-MLSignalStrategyV2-V2,SELL,STOP_MARKET,100000.00,1.13054,USD,2.26 USD,TAKER,eb6c1956-8661-49fb-991b-3f6e40a1c1f4,2025-05-28 02:52:00+00:00,2025-05-28 02:52:00+00:00,{},False
O-20250528-030000-001-V2-2158,BACKTESTER-001,MLSignalStrategyV2-V2,EUR/USD.IDEALPRO,IDEALPRO-1-2158,IDEALPRO-001,IDEALPRO-1-297988,EUR/USD.IDEALPRO-MLSignalStrategyV2-V2,BUY,MARKET,100000.00,1.13055,USD,2.26 USD,TAKER,ef562de9-a85a-46dc-b35b-c960f1724b5a,2025-05-28 03:00:00+00:00,2025-05-28 03:00:00+00:00,{},False
O-20250528-030000-001-V2-2160,BACKTESTER-001,MLSignalStrategyV2-V2,EUR/USD.IDEALPRO,IDEALPRO-1-2160,IDEALPRO-001,IDEALPRO-1-298409,EUR/USD.IDEALPRO-MLSignalStrategyV2-V2,SELL,LIMIT,100000.00,1.13168,USD,2.26 USD,MAKER,727cd5f3-19c3-43bb-82e1-1ba81b232a21,2025-05-28 06:30:00+00:00,2025-05-28 06:30:00+00:00,{},False
O-20250528-074500-001-V2-2161,BACKTESTER-001,MLSignalStrategyV2-V2,EUR/USD.IDEALPRO,IDEALPRO-1-2161,IDEALPRO-001,IDEALPRO-1-298560,EUR/USD.IDEALPRO-MLSignalStrategyV2-V2,BUY,MARKET,100000.00,1.13253,USD,2.27 USD,TAKER,28493a64-a7b4-4b48-ac40-65125fcb4af8,2025-05-28 07:45:00+00:00,2025-05-28 07:45:00+00:00,{},False
O-20250528-074500-001-V2-2163,BACKTESTER-001,MLSignalStrategyV2-V2,EUR/USD.IDEALPRO,IDEALPRO-1-2163,IDEALPRO-001,IDEALPRO-1-298601,EUR/USD.IDEALPRO-MLSignalStrategyV2-V2,SELL,LIMIT,100000.00,1.13343,USD,2.27 USD,MAKER,605703ed-79cf-461d-8fed-be72495b5326,2025-05-28 08:05:00+00:00,2025-05-28 08:05:00+00:00,{},False
O-20250528-160000-001-V2-2164,BACKTESTER-001,MLSignalStrategyV2-V2,EUR/USD.IDEALPRO,IDEALPRO-1-2164,IDEALPRO-001,IDEALPRO-1-299552,EUR/USD.IDEALPRO-MLSignalStrategyV2-V2,BUY,MARKET,100000.00,1.12847,USD,2.26 USD,TAKER,69ad4d35-81b3-4f94-98ad-dcff30ba530c,2025-05-28 16:00:00+00:00,2025-05-28 16:00:00+00:00,{},False
O-20250528-160000-001-V2-2166,BACKTESTER-001,MLSignalStrategyV2-V2,EUR/USD.IDEALPRO,IDEALPRO-1-2166,IDEALPRO-001,IDEALPRO-1-299593,EUR/USD.IDEALPRO-MLSignalStrategyV2-V2,SELL,LIMIT,100000.00,1.12967,USD,2.26 USD,MAKER,b70f9f99-49db-4978-a9ef-3b8a7ae64084,2025-05-28 16:20:00+00:00,2025-05-28 16:20:00+00:00,{},False
O-20250528-203000-001-V2-2167,BACKTESTER-001,MLSignalStrategyV2-V2,EUR/USD.IDEALPRO,IDEALPRO-1-2167,IDEALPRO-001,IDEALPRO-1-300094,EUR/USD.IDEALPRO-MLSignalStrategyV2-V2,SELL,MARKET,100000.00,1.12952,USD,2.26 USD,TAKER,0ada2688-2935-485b-bcb9-433dddb56f9c,2025-05-28 20:30:00+00:00,2025-05-28 20:30:00+00:00,{},False
O-20250528-203000-001-V2-2169,BACKTESTER-001,MLSignalStrategyV2-V2,EUR/USD.IDEALPRO,IDEALPRO-1-2169,IDEALPRO-001,IDEALPRO-1-300371,EUR/USD.IDEALPRO-MLSignalStrategyV2-V2,BUY,LIMIT,100000.00,1.12883,USD,2.26 USD,MAKER,4b3ee943-01dc-42c8-bf9b-b6775df29103,2025-05-28 23:03:00+00:00,2025-05-28 23:03:00+00:00,{},False
O-20250528-231500-001-V2-2170,BACKTESTER-001,MLSignalStrategyV2-V2,EUR/USD.IDEALPRO,IDEALPRO-1-2170,IDEALPRO-001,IDEALPRO-1-300396,EUR/USD.IDEALPRO-MLSignalStrategyV2-V2,BUY,MARKET,100000.00,1.12786,USD,2.26 USD,TAKER,1218cf26-21f4-4f2f-b95e-a67ddc6e3661,2025-05-28 23:15:00+00:00,2025-05-28 23:15:00+00:00,{},False
O-20250528-231500-001-V2-2171,BACKTESTER-001,MLSignalStrategyV2-V2,EUR/USD.IDEALPRO,IDEALPRO-1-2171,IDEALPRO-001,IDEALPRO-1-300401,EUR/USD.IDEALPRO-MLSignalStrategyV2-V2,SELL,STOP_MARKET,100000.00,1.12705,USD,2.25 USD,TAKER,a3e6a02a-17c9-4d15-bca4-5f8bf9e27500,2025-05-28 23:17:00+00:00,2025-05-28 23:17:00+00:00,{},False
O-20250528-233000-001-V2-2173,BACKTESTER-001,MLSignalStrategyV2-V2,EUR/USD.IDEALPRO,IDEALPRO-1-2173,IDEALPRO-001,IDEALPRO-1-300428,EUR/USD.IDEALPRO-MLSignalStrategyV2-V2,BUY,MARKET,100000.00,1.12700,USD,2.25 USD,TAKER,5ece748c-e434-427c-abfd-23be652138be,2025-05-28 23:30:00+00:00,2025-05-28 23:30:00+00:00,{},False
O-20250528-233000-001-V2-2174,BACKTESTER-001,MLSignalStrategyV2-V2,EUR/USD.IDEALPRO,IDEALPRO-1-2174,IDEALPRO-001,IDEALPRO-1-300435,EUR/USD.IDEALPRO-MLSignalStrategyV2-V2,SELL,STOP_MARKET,100000.00,1.12621,USD,2.25 USD,TAKER,2c5b4975-f2b8-4921-985a-b6514dbd0094,2025-05-28 23:33:00+00:00,2025-05-28 23:33:00+00:00,{},False
O-20250528-234500-001-V2-2176,BACKTESTER-001,MLSignalStrategyV2-V2,EUR/USD.IDEALPRO,IDEALPRO-1-2176,IDEALPRO-001,IDEALPRO-1-300460,EUR/USD.IDEALPRO-MLSignalStrategyV2-V2,BUY,MARKET,100000.00,1.12108,USD,2.24 USD,TAKER,01503534-a533-4f7f-a24d-9cea1257af8b,2025-05-28 23:45:00+00:00,2025-05-28 23:45:00+00:00,{},False
O-20250528-234500-001-V2-2178,BACKTESTER-001,MLSignalStrategyV2-V2,EUR/USD.IDEALPRO,IDEALPRO-1-2178,IDEALPRO-001,IDEALPRO-1-300463,EUR/USD.IDEALPRO-MLSignalStrategyV2-V2,SELL,LIMIT,100000.00,1.12231,USD,2.24 USD,MAKER,cdcd6423-6933-4a8e-b623-bc7754e3d20d,2025-05-28 23:46:00+00:00,2025-05-28 23:46:00+00:00,{},False
O-20250529-000000-001-V2-2179,BACKTESTER-001,MLSignalStrategyV2-V2,EUR/USD.IDEALPRO,IDEALPRO-1-2179,IDEALPRO-001,IDEALPRO-1-300492,EUR/USD.IDEALPRO-MLSignalStrategyV2-V2,BUY,MARKET,100000.00,1.12298,USD,2.25 USD,TAKER,5bdc6544-8876-4925-8f71-dbd22ec0a488,2025-05-29 00:00:00+00:00,2025-05-29 00:00:00+00:00,{},False
O-20250529-000000-001-V2-2181,BACKTESTER-001,MLSignalStrategyV2-V2,EUR/USD.IDEALPRO,IDEALPRO-1-2181,IDEALPRO-001,IDEALPRO-1-300509,EUR/USD.IDEALPRO-MLSignalStrategyV2-V2,SELL,LIMIT,100000.00,1.12471,USD,2.25 USD,MAKER,6dbc5aae-abe1-4fba-ba59-617bdd208a17,2025-05-29 00:08:00+00:00,2025-05-29 00:08:00+00:00,{},False
O-20250529-001500-001-V2-2182,BACKTESTER-001,MLSignalStrategyV2-V2,EUR/USD.IDEALPRO,IDEALPRO-1-2182,IDEALPRO-001,IDEALPRO-1-300524,EUR/USD.IDEALPRO-MLSignalStrategyV2-V2,BUY,MARKET,100000.00,1.12392,USD,2.25 USD,TAKER,7d6769f0-da3b-4517-b3b5-591b1b546fc8,2025-05-29 00:15:00+00:00,2025-05-29 00:15:00+00:00,{},False
O-20250529-001500-001-V2-2184,BACKTESTER-001,MLSignalStrategyV2-V2,EUR/USD.IDEALPRO,IDEALPRO-1-2184,IDEALPRO-001,IDEALPRO-1-300831,EUR/USD.IDEALPRO-MLSignalStrategyV2-V2,SELL,LIMIT,100000.00,1.12563,USD,2.25 USD,MAKER,7e790a58-19b3-489e-bf1d-a9b8b2baae60,2025-05-29 02:48:00+00:00,2025-05-29 02:48:00+00:00,{},False
O-20250529-060000-001-V2-2185,BACKTESTER-001,MLSignalStrategyV2-V2,EUR/USD.IDEALPRO,IDEALPRO-1-2185,IDEALPRO-001,IDEALPRO-1-301216,EUR/USD.IDEALPRO-MLSignalStrategyV2-V2,BUY,MARKET,100000.00,1.12437,USD,2.25 USD,TAKER,48ab86c3-06b9-474f-b177-2b2ed9e39342,2025-05-29 06:00:00+00:00,2025-05-29 06:00:00+00:00,{},False
O-20250529-060000-001-V2-2187,BACKTESTER-001,MLSignalStrategyV2-V2,EUR/USD.IDEALPRO,IDEALPRO-1-2187,IDEALPRO-001,IDEALPRO-1-301245,EUR/USD.IDEALPRO-MLSignalStrategyV2-V2,SELL,LIMIT,100000.00,1.12544,USD,2.25 USD,MAKER,58c4fd73-69fc-40b5-97b2-e24748314b10,2025-05-29 06:14:00+00:00,2025-05-29 06:14:00+00:00,{},False
O-20250529-061500-001-V2-2188,BACKTESTER-001,MLSignalStrategyV2-V2,EUR/USD.IDEALPRO,IDEALPRO-1-2188,IDEALPRO-001,IDEALPRO-1-301248,EUR/USD.IDEALPRO-MLSignalStrategyV2-V2,BUY,MARKET,100000.00,1.12542,USD,2.25 USD,TAKER,e9438013-1d00-4489-b3fc-4419f2b8b9b7,2025-05-29 06:15:00+00:00,2025-05-29 06:15:00+00:00,{},False
O-20250529-061500-001-V2-2190,BACKTESTER-001,MLSignalStrategyV2-V2,EUR/USD.IDEALPRO,IDEALPRO-1-2190,IDEALPRO-001,IDEALPRO-1-301265,EUR/USD.IDEALPRO-MLSignalStrategyV2-V2,SELL,LIMIT,100000.00,1.12652,USD,2.25 USD,MAKER,13fca6a8-084c-4117-bc09-17bca76401fb,2025-05-29 06:23:00+00:00,2025-05-29 06:23:00+00:00,{},False
O-20250529-124500-001-V2-2191,BACKTESTER-001,MLSignalStrategyV2-V2,EUR/USD.IDEALPRO,IDEALPRO-1-2191,IDEALPRO-001,IDEALPRO-1-302030,EUR/USD.IDEALPRO-MLSignalStrategyV2-V2,SELL,MARKET,100000.00,1.13266,USD,2.27 USD,TAKER,b5785256-fd61-4667-83b7-6d07986d1ce1,2025-05-29 12:45:00+00:00,2025-05-29 12:45:00+00:00,{},False
O-20250529-124500-001-V2-2192,BACKTESTER-001,MLSignalStrategyV2-V2,EUR/USD.IDEALPRO,IDEALPRO-1-2192,IDEALPRO-001,IDEALPRO-1-302057,EUR/USD.IDEALPRO-MLSignalStrategyV2-V2,BUY,STOP_MARKET,100000.00,1.13480,USD,2.27 USD,TAKER,3a4e67af-567e-4549-943e-41544167421f,2025-05-29 12:58:00+00:00,2025-05-29 12:58:00+00:00,{},False
O-20250529-131500-001-V2-2194,BACKTESTER-001,MLSignalStrategyV2-V2,EUR/USD.IDEALPRO,IDEALPRO-1-2194,IDEALPRO-001,IDEALPRO-1-302092,EUR/USD.IDEALPRO-MLSignalStrategyV2-V2,SELL,MARKET,100000.00,1.13451,USD,2.27 USD,TAKER,4062efdd-f633-4606-b045-2e19b3e48d89,2025-05-29 13:15:00+00:00,2025-05-29 13:15:00+00:00,{},False
O-20250529-131500-001-V2-2195,BACKTESTER-001,MLSignalStrategyV2-V2,EUR/USD.IDEALPRO,IDEALPRO-1-2195,IDEALPRO-001,IDEALPRO-1-302229,EUR/USD.IDEALPRO-MLSignalStrategyV2-V2,BUY,STOP_MARKET,100000.00,1.13697,USD,2.27 USD,TAKER,d26c306d-4dca-49df-85d7-b5c10070ce44,2025-05-29 14:23:00+00:00,2025-05-29 14:23:00+00:00,{},False
O-20250529-191500-001-V2-2197,BACKTESTER-001,MLSignalStrategyV2-V2,EUR/USD.IDEALPRO,IDEALPRO-1-2197,IDEALPRO-001,IDEALPRO-1-302814,EUR/USD.IDEALPRO-MLSignalStrategyV2-V2,SELL,MARKET,100000.00,1.13753,USD,2.28 USD,TAKER,8c5ee04e-8515-4bd9-82f6-6a3d31e86ad1,2025-05-29 19:15:00+00:00,2025-05-29 19:15:00+00:00,{},False
O-20250529-191500-001-V2-2199,BACKTESTER-001,MLSignalStrategyV2-V2,EUR/USD.IDEALPRO,IDEALPRO-1-2199,IDEALPRO-001,IDEALPRO-1-302889,EUR/USD.IDEALPRO-MLSignalStrategyV2-V2,BUY,LIMIT,100000.00,1.13664,USD,2.27 USD,MAKER,ea4398df-e90f-4c96-95ea-b826531a657c,2025-05-29 19:52:00+00:00,2025-05-29 19:52:00+00:00,{},False
O-20250529-233000-001-V2-2200,BACKTESTER-001,MLSignalStrategyV2-V2,EUR/USD.IDEALPRO,IDEALPRO-1-2200,IDEALPRO-001,IDEALPRO-1-303297,EUR/USD.IDEALPRO-MLSignalStrategyV2-V2,BUY,MARKET,100000.00,1.13760,USD,2.28 USD,TAKER,ec88d9e3-dfc7-4276-96ec-5fe59c2c5d3c,2025-05-29 23:30:00+00:00,2025-05-29 23:30:00+00:00,{},False
O-20250529-233000-001-V2-2202,BACKTESTER-001,MLSignalStrategyV2-V2,EUR/USD.IDEALPRO,IDEALPRO-1-2202,IDEALPRO-001,IDEALPRO-1-303363,EUR/USD.IDEALPRO-MLSignalStrategyV2-V2,SELL,LIMIT,100000.00,1.13811,USD,2.28 USD,MAKER,b4bde30e-130c-4c59-989a-2b28f6514c87,2025-05-30 00:03:00+00:00,2025-05-30 00:03:00+00:00,{},False
O-20250530-020000-001-V2-2203,BACKTESTER-001,MLSignalStrategyV2-V2,EUR/USD.IDEALPRO,IDEALPRO-1-2203,IDEALPRO-001,IDEALPRO-1-303599,EUR/USD.IDEALPRO-MLSignalStrategyV2-V2,BUY,MARKET,100000.00,1.13549,USD,2.27 USD,TAKER,b41af30c-e132-4cdf-98c6-1d8f6063b08b,2025-05-30 02:00:00+00:00,2025-05-30 02:00:00+00:00,{},False
O-20250530-020000-001-V2-2204,BACKTESTER-001,MLSignalStrategyV2-V2,EUR/USD.IDEALPRO,IDEALPRO-1-2204,IDEALPRO-001,IDEALPRO-1-304091,EUR/USD.IDEALPRO-MLSignalStrategyV2-V2,SELL,STOP_MARKET,100000.00,1.13414,USD,2.27 USD,TAKER,6a8749db-1e09-4ba7-b673-1ddd51bd8f6d,2025-05-30 06:06:00+00:00,2025-05-30 06:06:00+00:00,{},False
O-20250530-070000-001-V2-2206,BACKTESTER-001,MLSignalStrategyV2-V2,EUR/USD.IDEALPRO,IDEALPRO-1-2206,IDEALPRO-001,IDEALPRO-1-304200,EUR/USD.IDEALPRO-MLSignalStrategyV2-V2,SELL,MARKET,100000.00,1.13465,USD,2.27 USD,TAKER,355691f1-d665-43ca-b717-bb40c9b42ffc,2025-05-30 07:00:00+00:00,2025-05-30 07:00:00+00:00,{},False
O-20250530-070000-001-V2-2208,BACKTESTER-001,MLSignalStrategyV2-V2,EUR/USD.IDEALPRO,IDEALPRO-1-2208,IDEALPRO-001,IDEALPRO-1-304205,EUR/USD.IDEALPRO-MLSignalStrategyV2-V2,BUY,LIMIT,100000.00,1.13374,USD,2.27 USD,MAKER,c1407936-7a61-439e-9af2-b9f2ab16574d,2025-05-30 07:02:00+00:00,2025-05-30 07:02:00+00:00,{},False
O-20250530-093000-001-V2-2209,BACKTESTER-001,MLSignalStrategyV2-V2,EUR/USD.IDEALPRO,IDEALPRO-1-2209,IDEALPRO-001,IDEALPRO-1-304502,EUR/USD.IDEALPRO-MLSignalStrategyV2-V2,BUY,MARKET,100000.00,1.13288,USD,2.27 USD,TAKER,a3f8a478-fc88-45dc-8fc7-83391f26f66d,2025-05-30 09:30:00+00:00,2025-05-30 09:30:00+00:00,{},False
O-20250530-093000-001-V2-2211,BACKTESTER-001,MLSignalStrategyV2-V2,EUR/USD.IDEALPRO,IDEALPRO-1-2211,IDEALPRO-001,IDEALPRO-1-304805,EUR/USD.IDEALPRO-MLSignalStrategyV2-V2,SELL,LIMIT,100000.00,1.13395,USD,2.27 USD,MAKER,37420ad0-506c-46f8-a82a-df95dc76ec0a,2025-05-30 12:01:00+00:00,2025-05-30 12:01:00+00:00,{},False
O-20250530-204500-001-V2-2212,BACKTESTER-001,MLSignalStrategyV2-V2,EUR/USD.IDEALPRO,IDEALPRO-1-2212,IDEALPRO-001,IDEALPRO-1-305855,EUR/USD.IDEALPRO-MLSignalStrategyV2-V2,BUY,MARKET,100000.00,1.13462,USD,2.27 USD,TAKER,259b3c3f-c172-48b5-8378-5863f0a9a6d3,2025-05-30 20:45:00+00:00,2025-05-30 20:45:00+00:00,{},False
O-20250530-204500-001-V2-2214,BACKTESTER-001,MLSignalStrategyV2-V2,EUR/USD.IDEALPRO,IDEALPRO-1-2214,IDEALPRO-001,IDEALPRO-1-305967,EUR/USD.IDEALPRO-MLSignalStrategyV2-V2,SELL,LIMIT,100000.00,1.13528,USD,2.27 USD,MAKER,c51578b8-e8f1-4622-a25f-1686cf91a2f6,2025-06-01 21:56:00+00:00,2025-06-01 21:56:00+00:00,{},False
O-20250601-220000-001-V2-2215,BACKTESTER-001,MLSignalStrategyV2-V2,EUR/USD.IDEALPRO,IDEALPRO-1-2215,IDEALPRO-001,IDEALPRO-1-305976,EUR/USD.IDEALPRO-MLSignalStrategyV2-V2,BUY,MARKET,100000.00,1.13507,USD,2.27 USD,TAKER,918be88e-7191-4d61-bdae-f6a21b89a870,2025-06-01 22:00:00+00:00,2025-06-01 22:00:00+00:00,{},False
O-20250601-220000-001-V2-2217,BACKTESTER-001,MLSignalStrategyV2-V2,EUR/USD.IDEALPRO,IDEALPRO-1-2217,IDEALPRO-001,IDEALPRO-1-305993,EUR/USD.IDEALPRO-MLSignalStrategyV2-V2,SELL,LIMIT,100000.00,1.13575,USD,2.27 USD,MAKER,6b82ab3b-cf7e-49e7-9f49-54bd7641fae0,2025-06-01 22:08:00+00:00,2025-06-01 22:08:00+00:00,{},False
O-20250601-221500-001-V2-2218,BACKTESTER-001,MLSignalStrategyV2-V2,EUR/USD.IDEALPRO,IDEALPRO-1-2218,IDEALPRO-001,IDEALPRO-1-306008,EUR/USD.IDEALPRO-MLSignalStrategyV2-V2,BUY,MARKET,100000.00,1.13563,USD,2.27 USD,TAKER,3c4cb676-0597-465d-9dfd-f4e9fb559592,2025-06-01 22:15:00+00:00,2025-06-01 22:15:00+00:00,{},False
O-20250601-221500-001-V2-2219,BACKTESTER-001,MLSignalStrategyV2-V2,EUR/USD.IDEALPRO,IDEALPRO-1-2219,IDEALPRO-001,IDEALPRO-1-306041,EUR/USD.IDEALPRO-MLSignalStrategyV2-V2,SELL,STOP_MARKET,100000.00,1.13482,USD,2.27 USD,TAKER,e367f202-b8ed-4239-a700-8635728e8681,2025-06-01 22:31:00+00:00,2025-06-01 22:31:00+00:00,{},False
O-20250601-224500-001-V2-2221,BACKTESTER-001,MLSignalStrategyV2-V2,EUR/USD.IDEALPRO,IDEALPRO-1-2221,IDEALPRO-001,IDEALPRO-1-306070,EUR/USD.IDEALPRO-MLSignalStrategyV2-V2,BUY,MARKET,100000.00,1.13501,USD,2.27 USD,TAKER,ab7a1225-aded-43b7-9678-54174ea722fb,2025-06-01 22:45:00+00:00,2025-06-01 22:45:00+00:00,{},False
O-20250601-224500-001-V2-2223,BACKTESTER-001,MLSignalStrategyV2-V2,EUR/USD.IDEALPRO,IDEALPRO-1-2223,IDEALPRO-001,IDEALPRO-1-306087,EUR/USD.IDEALPRO-MLSignalStrategyV2-V2,SELL,LIMIT,100000.00,1.13564,USD,2.27 USD,MAKER,a01996d7-c75b-4957-8c90-fa1fedaf2e5e,2025-06-01 22:53:00+00:00,2025-06-01 22:53:00+00:00,{},False
O-20250601-230000-001-V2-2224,BACKTESTER-001,MLSignalStrategyV2-V2,EUR/USD.IDEALPRO,IDEALPRO-1-2224,IDEALPRO-001,IDEALPRO-1-306102,EUR/USD.IDEALPRO-MLSignalStrategyV2-V2,BUY,MARKET,100000.00,1.13552,USD,2.27 USD,TAKER,6eaabf5e-962b-4cfe-9671-4d51154a7c5b,2025-06-01 23:00:00+00:00,2025-06-01 23:00:00+00:00,{},False
O-20250601-230000-001-V2-2226,BACKTESTER-001,MLSignalStrategyV2-V2,EUR/USD.IDEALPRO,IDEALPRO-1-2226,IDEALPRO-001,IDEALPRO-1-306229,EUR/USD.IDEALPRO-MLSignalStrategyV2-V2,SELL,LIMIT,100000.00,1.13607,USD,2.27 USD,MAKER,b7270c5e-4284-4644-96ae-1e507cc3a290,2025-06-02 00:03:00+00:00,2025-06-02 00:03:00+00:00,{},False
O-20250602-063000-001-V2-2227,BACKTESTER-001,MLSignalStrategyV2-V2,EUR/USD.IDEALPRO,IDEALPRO-1-2227,IDEALPRO-001,IDEALPRO-1-307004,EUR/USD.IDEALPRO-MLSignalStrategyV2-V2,SELL,MARKET,100000.00,1.13908,USD,2.28 USD,TAKER,c116f422-ef10-43be-9f3b-3b675e562793,2025-06-02 06:30:00+00:00,2025-06-02 06:30:00+00:00,{},False
O-20250602-063000-001-V2-2228,BACKTESTER-001,MLSignalStrategyV2-V2,EUR/USD.IDEALPRO,IDEALPRO-1-2228,IDEALPRO-001,IDEALPRO-1-307015,EUR/USD.IDEALPRO-MLSignalStrategyV2-V2,BUY,STOP_MARKET,100000.00,1.13976,USD,2.28 USD,TAKER,193fa4de-ed30-4556-9004-5e93921206c2,2025-06-02 06:35:00+00:00,2025-06-02 06:35:00+00:00,{},False
O-20250602-064500-001-V2-2230,BACKTESTER-001,MLSignalStrategyV2-V2,EUR/USD.IDEALPRO,IDEALPRO-1-2230,IDEALPRO-001,IDEALPRO-1-307036,EUR/USD.IDEALPRO-MLSignalStrategyV2-V2,SELL,MARKET,100000.00,1.14051,USD,2.28 USD,TAKER,b6af8ace-1447-46a7-a3f8-dedc386c0f63,2025-06-02 06:45:00+00:00,2025-06-02 06:45:00+00:00,{},False
O-20250602-064500-001-V2-2231,BACKTESTER-001,MLSignalStrategyV2-V2,EUR/USD.IDEALPRO,IDEALPRO-1-2231,IDEALPRO-001,IDEALPRO-1-307097,EUR/USD.IDEALPRO-MLSignalStrategyV2-V2,BUY,STOP_MARKET,100000.00,1.14133,USD,2.28 USD,TAKER,28028e58-24d0-4c70-9cb4-db8af1dda5e6,2025-06-02 07:15:00+00:00,2025-06-02 07:15:00+00:00,{},False
O-20250602-100000-001-V2-2233,BACKTESTER-001,MLSignalStrategyV2-V2,EUR/USD.IDEALPRO,IDEALPRO-1-2233,IDEALPRO-001,IDEALPRO-1-307428,EUR/USD.IDEALPRO-MLSignalStrategyV2-V2,SELL,MARKET,100000.00,1.14233,USD,2.28 USD,TAKER,26334757-00d3-4919-bda0-2e0cc9d50d2a,2025-06-02 10:00:00+00:00,2025-06-02 10:00:00+00:00,{},False
O-20250602-100000-001-V2-2235,BACKTESTER-001,MLSignalStrategyV2-V2,EUR/USD.IDEALPRO,IDEALPRO-1-2235,IDEALPRO-001,IDEALPRO-1-307507,EUR/USD.IDEALPRO-MLSignalStrategyV2-V2,BUY,LIMIT,100000.00,1.14132,USD,2.28 USD,MAKER,55833725-2b19-4be7-a58d-a64c24986aa6,2025-06-02 10:39:00+00:00,2025-06-02 10:39:00+00:00,{},False
O-20250602-104500-001-V2-2236,BACKTESTER-001,MLSignalStrategyV2-V2,EUR/USD.IDEALPRO,IDEALPRO-1-2236,IDEALPRO-001,IDEALPRO-1-307521,EUR/USD.IDEALPRO-MLSignalStrategyV2-V2,SELL,MARKET,100000.00,1.14190,USD,2.28 USD,TAKER,3eab34f7-a4c7-4eb4-a169-c4f44a7499d7,2025-06-02 10:45:00+00:00,2025-06-02 10:45:00+00:00,{},False
O-20250602-104500-001-V2-2238,BACKTESTER-001,MLSignalStrategyV2-V2,EUR/USD.IDEALPRO,IDEALPRO-1-2238,IDEALPRO-001,IDEALPRO-1-307657,EUR/USD.IDEALPRO-MLSignalStrategyV2-V2,BUY,LIMIT,100000.00,1.14094,USD,2.28 USD,MAKER,4405a48a-aff8-43ae-b14f-0434bf8281aa,2025-06-02 11:53:00+00:00,2025-06-02 11:53:00+00:00,{},False
O-20250602-121500-001-V2-2239,BACKTESTER-001,MLSignalStrategyV2-V2,EUR/USD.IDEALPRO,IDEALPRO-1-2239,IDEALPRO-001,IDEALPRO-1-307702,EUR/USD.IDEALPRO-MLSignalStrategyV2-V2,SELL,MARKET,100000.00,1.14149,USD,2.28 USD,TAKER,8377b77e-3201-4cdc-8ca7-a598f649db4e,2025-06-02 12:15:00+00:00,2025-06-02 12:15:00+00:00,{},False
O-20250602-121500-001-V2-2240,BACKTESTER-001,MLSignalStrategyV2-V2,EUR/USD.IDEALPRO,IDEALPRO-1-2240,IDEALPRO-001,IDEALPRO-1-307743,EUR/USD.IDEALPRO-MLSignalStrategyV2-V2,BUY,STOP_MARKET,100000.00,1.14267,USD,2.29 USD,TAKER,019b753c-28bb-4217-bab4-32190a4ee2ac,2025-06-02 12:35:00+00:00,2025-06-02 12:35:00+00:00,{},False
O-20250602-141500-001-V2-2242,BACKTESTER-001,MLSignalStrategyV2-V2,EUR/USD.IDEALPRO,IDEALPRO-1-2242,IDEALPRO-001,IDEALPRO-1-307944,EUR/USD.IDEALPRO-MLSignalStrategyV2-V2,SELL,MARKET,100000.00,1.14417,USD,2.29 USD,TAKER,a32bb0f1-00a2-4caa-9751-a5d9cc98c72c,2025-06-02 14:15:00+00:00,2025-06-02 14:15:00+00:00,{},False
O-20250602-141500-001-V2-2244,BACKTESTER-001,MLSignalStrategyV2-V2,EUR/USD.IDEALPRO,IDEALPRO-1-2244,IDEALPRO-001,IDEALPRO-1-308049,EUR/USD.IDEALPRO-MLSignalStrategyV2-V2,BUY,LIMIT,100000.00,1.14304,USD,2.29 USD,MAKER,d91d73d5-cf0f-4deb-bae0-a43560e3a9ca,2025-06-02 15:07:00+00:00,2025-06-02 15:07:00+00:00,{},False
O-20250602-153000-001-V2-2245,BACKTESTER-001,MLSignalStrategyV2-V2,EUR/USD.IDEALPRO,IDEALPRO-1-2245,IDEALPRO-001,IDEALPRO-1-308096,EUR/USD.IDEALPRO-MLSignalStrategyV2-V2,SELL,MARKET,100000.00,1.14332,USD,2.29 USD,TAKER,c52ea7c6-e9e0-41ce-ac65-de33249bfe52,2025-06-02 15:30:00+00:00,2025-06-02 15:30:00+00:00,{},False
O-20250602-153000-001-V2-2247,BACKTESTER-001,MLSignalStrategyV2-V2,EUR/USD.IDEALPRO,IDEALPRO-1-2247,IDEALPRO-001,IDEALPRO-1-308175,EUR/USD.IDEALPRO-MLSignalStrategyV2-V2,BUY,LIMIT,100000.00,1.14224,USD,2.28 USD,MAKER,19bdf9a7-1045-4dfd-bbcb-a66d1d0cc431,2025-06-02 16:09:00+00:00,2025-06-02 16:09:00+00:00,{},False
O-20250602-204500-001-V2-2248,BACKTESTER-001,MLSignalStrategyV2-V2,EUR/USD.IDEALPRO,IDEALPRO-1-2248,IDEALPRO-001,IDEALPRO-1-308728,EUR/USD.IDEALPRO-MLSignalStrategyV2-V2,BUY,MARKET,100000.00,1.14408,USD,2.29 USD,TAKER,a9245bc3-ef84-4992-b479-3cc96972265b,2025-06-02 20:45:00+00:00,2025-06-02 20:45:00+00:00,{},False
O-20250602-204500-001-V2-2250,BACKTESTER-001,MLSignalStrategyV2-V2,EUR/USD.IDEALPRO,IDEALPRO-1-2250,IDEALPRO-001,IDEALPRO-1-308971,EUR/USD.IDEALPRO-MLSignalStrategyV2-V2,SELL,LIMIT,100000.00,1.14477,USD,2.29 USD,MAKER,7e4d7105-0166-4f9f-9802-ae3f07ea47a7,2025-06-02 23:01:00+00:00,2025-06-02 23:01:00+00:00,{},False
O-20250603-020000-001-V2-2251,BACKTESTER-001,MLSignalStrategyV2-V2,EUR/USD.IDEALPRO,IDEALPRO-1-2251,IDEALPRO-001,IDEALPRO-1-309330,EUR/USD.IDEALPRO-MLSignalStrategyV2-V2,BUY,MARKET,100000.00,1.14280,USD,2.29 USD,TAKER,e682e109-44f8-4567-8ac5-6f03a67ba2f2,2025-06-03 02:00:00+00:00,2025-06-03 02:00:00+00:00,{},False
O-20250603-020000-001-V2-2252,BACKTESTER-001,MLSignalStrategyV2-V2,EUR/USD.IDEALPRO,IDEALPRO-1-2252,IDEALPRO-001,IDEALPRO-1-309413,EUR/USD.IDEALPRO-MLSignalStrategyV2-V2,SELL,STOP_MARKET,100000.00,1.14191,USD,2.28 USD,TAKER,cc0e05da-aa3b-4179-ba7e-4c3ec9d79dc6,2025-06-03 02:41:00+00:00,2025-06-03 02:41:00+00:00,{},False
O-20250603-040000-001-V2-2254,BACKTESTER-001,MLSignalStrategyV2-V2,EUR/USD.IDEALPRO,IDEALPRO-1-2254,IDEALPRO-001,IDEALPRO-1-309573,EUR/USD.IDEALPRO-MLSignalStrategyV2-V2,SELL,MARKET,100000.00,1.14199,USD,2.28 USD,TAKER,f9629940-03ce-4b2b-9b14-5ed039111309,2025-06-03 04:00:00+00:00,2025-06-03 04:00:00+00:00,{},False
O-20250603-040000-001-V2-2255,BACKTESTER-001,MLSignalStrategyV2-V2,EUR/USD.IDEALPRO,IDEALPRO-1-2255,IDEALPRO-001,IDEALPRO-1-309699,EUR/USD.IDEALPRO-MLSignalStrategyV2-V2,BUY,STOP_MARKET,100000.00,1.14278,USD,2.29 USD,TAKER,b21b42f8-5b13-48fc-a5d7-3e2bf690e6c8,2025-06-03 05:03:00+00:00,2025-06-03 05:03:00+00:00,{},False
O-20250603-091500-001-V2-2257,BACKTESTER-001,MLSignalStrategyV2-V2,EUR/USD.IDEALPRO,IDEALPRO-1-2257,IDEALPRO-001,IDEALPRO-1-310204,EUR/USD.IDEALPRO-MLSignalStrategyV2-V2,BUY,MARKET,100000.00,1.14125,USD,2.28 USD,TAKER,149dd3bb-848d-4dc6-b897-30c1d35c29f6,2025-06-03 09:15:00+00:00,2025-06-03 09:15:00+00:00,{},False
O-20250603-091500-001-V2-2258,BACKTESTER-001,MLSignalStrategyV2-V2,EUR/USD.IDEALPRO,IDEALPRO-1-2258,IDEALPRO-001,IDEALPRO-1-310345,EUR/USD.IDEALPRO-MLSignalStrategyV2-V2,SELL,STOP_MARKET,100000.00,1.14012,USD,2.28 USD,TAKER,25c6e4fb-b31a-4db6-b1b0-995330362763,2025-06-03 10:25:00+00:00,2025-06-03 10:25:00+00:00,{},False
O-20250603-113000-001-V2-2260,BACKTESTER-001,MLSignalStrategyV2-V2,EUR/USD.IDEALPRO,IDEALPRO-1-2260,IDEALPRO-001,IDEALPRO-1-310476,EUR/USD.IDEALPRO-MLSignalStrategyV2-V2,BUY,MARKET,100000.00,1.13871,USD,2.28 USD,TAKER,9a705629-69cc-4b91-8e43-47980c441140,2025-06-03 11:30:00+00:00,2025-06-03 11:30:00+00:00,{},False
O-20250603-113000-001-V2-2261,BACKTESTER-001,MLSignalStrategyV2-V2,EUR/USD.IDEALPRO,IDEALPRO-1-2261,IDEALPRO-001,IDEALPRO-1-310779,EUR/USD.IDEALPRO-MLSignalStrategyV2-V2,SELL,STOP_MARKET,100000.00,1.13730,USD,2.27 USD,TAKER,84c43386-0b20-4e14-ba23-1afda1ff773d,2025-06-03 14:01:00+00:00,2025-06-03 14:01:00+00:00,{},False
O-20250603-141500-001-V2-2263,BACKTESTER-001,MLSignalStrategyV2-V2,EUR/USD.IDEALPRO,IDEALPRO-1-2263,IDEALPRO-001,IDEALPRO-1-310808,EUR/USD.IDEALPRO-MLSignalStrategyV2-V2,BUY,MARKET,100000.00,1.13784,USD,2.28 USD,TAKER,9f36b32c-461b-41b5-88c2-4679c66669a3,2025-06-03 14:15:00+00:00,2025-06-03 14:15:00+00:00,{},False
O-20250603-141500-001-V2-2265,BACKTESTER-001,MLSignalStrategyV2-V2,EUR/USD.IDEALPRO,IDEALPRO-1-2265,IDEALPRO-001,IDEALPRO-1-310823,EUR/USD.IDEALPRO-MLSignalStrategyV2-V2,SELL,LIMIT,100000.00,1.13898,USD,2.28 USD,MAKER,6eb44d75-60b9-403c-b0c3-b99e917b5084,2025-06-03 14:22:00+00:00,2025-06-03 14:22:00+00:00,{},False
O-20250603-160000-001-V2-2266,BACKTESTER-001,MLSignalStrategyV2-V2,EUR/USD.IDEALPRO,IDEALPRO-1-2266,IDEALPRO-001,IDEALPRO-1-311020,EUR/USD.IDEALPRO-MLSignalStrategyV2-V2,BUY,MARKET,100000.00,1.13722,USD,2.27 USD,TAKER,e9ec8bfb-56f8-4aed-a070-8f1dfabbc7c7,2025-06-03 16:00:00+00:00,2025-06-03 16:00:00+00:00,{},False
O-20250603-160000-001-V2-2268,BACKTESTER-001,MLSignalStrategyV2-V2,EUR/USD.IDEALPRO,IDEALPRO-1-2268,IDEALPRO-001,IDEALPRO-1-311043,EUR/USD.IDEALPRO-MLSignalStrategyV2-V2,SELL,LIMIT,100000.00,1.13832,USD,2.28 USD,MAKER,4500f6cf-5705-467c-82d4-8aa23428364a,2025-06-03 16:11:00+00:00,2025-06-03 16:11:00+00:00,{},False
O-20250603-164500-001-V2-2269,BACKTESTER-001,MLSignalStrategyV2-V2,EUR/USD.IDEALPRO,IDEALPRO-1-2269,IDEALPRO-001,IDEALPRO-1-311112,EUR/USD.IDEALPRO-MLSignalStrategyV2-V2,BUY,MARKET,100000.00,1.13702,USD,2.27 USD,TAKER,26e2bc79-a278-429f-92f3-bcf2809924ba,2025-06-03 16:45:00+00:00,2025-06-03 16:45:00+00:00,{},False
O-20250603-164500-001-V2-2271,BACKTESTER-001,MLSignalStrategyV2-V2,EUR/USD.IDEALPRO,IDEALPRO-1-2271,IDEALPRO-001,IDEALPRO-1-311171,EUR/USD.IDEALPRO-MLSignalStrategyV2-V2,SELL,LIMIT,100000.00,1.13805,USD,2.28 USD,MAKER,2daa48e2-b315-4b65-b0fb-5101930c90d2,2025-06-03 17:14:00+00:00,2025-06-03 17:14:00+00:00,{},False
O-20250603-173000-001-V2-2272,BACKTESTER-001,MLSignalStrategyV2-V2,EUR/USD.IDEALPRO,IDEALPRO-1-2272,IDEALPRO-001,IDEALPRO-1-311204,EUR/USD.IDEALPRO-MLSignalStrategyV2-V2,BUY,MARKET,100000.00,1.13780,USD,2.28 USD,TAKER,da3ed399-41cc-4d0e-963c-33a483a82a34,2025-06-03 17:30:00+00:00,2025-06-03 17:30:00+00:00,{},False
O-20250603-173000-001-V2-2274,BACKTESTER-001,MLSignalStrategyV2-V2,EUR/USD.IDEALPRO,IDEALPRO-1-2274,IDEALPRO-001,IDEALPRO-1-311959,EUR/USD.IDEALPRO-MLSignalStrategyV2-V2,SELL,LIMIT,100000.00,1.13892,USD,2.28 USD,MAKER,7ec4e5f3-ede2-41ca-9c1f-2505f8d82e5d,2025-06-04 00:02:00+00:00,2025-06-04 00:02:00+00:00,{},False
O-20250604-050000-001-V2-2275,BACKTESTER-001,MLSignalStrategyV2-V2,EUR/USD.IDEALPRO,IDEALPRO-1-2275,IDEALPRO-001,IDEALPRO-1-312556,EUR/USD.IDEALPRO-MLSignalStrategyV2-V2,BUY,MARKET,100000.00,1.13668,USD,2.27 USD,TAKER,a9b90aec-3d79-4f01-993a-2dfb5ac4d668,2025-06-04 05:00:00+00:00,2025-06-04 05:00:00+00:00,{},False
O-20250604-050000-001-V2-2276,BACKTESTER-001,MLSignalStrategyV2-V2,EUR/USD.IDEALPRO,IDEALPRO-1-2276,IDEALPRO-001,IDEALPRO-1-312627,EUR/USD.IDEALPRO-MLSignalStrategyV2-V2,SELL,STOP_MARKET,100000.00,1.13572,USD,2.27 USD,TAKER,c276ae78-0c4b-4811-af1c-81cfef8d8ae3,2025-06-04 05:35:00+00:00,2025-06-04 05:35:00+00:00,{},False
O-20250604-081500-001-V2-2278,BACKTESTER-001,MLSignalStrategyV2-V2,EUR/USD.IDEALPRO,IDEALPRO-1-2278,IDEALPRO-001,IDEALPRO-1-312948,EUR/USD.IDEALPRO-MLSignalStrategyV2-V2,BUY,MARKET,100000.00,1.13875,USD,2.28 USD,TAKER,9784805c-a260-47cb-b043-261d644b097e,2025-06-04 08:15:00+00:00,2025-06-04 08:15:00+00:00,{},False
O-20250604-081500-001-V2-2280,BACKTESTER-001,MLSignalStrategyV2-V2,EUR/USD.IDEALPRO,IDEALPRO-1-2280,IDEALPRO-001,IDEALPRO-1-312985,EUR/USD.IDEALPRO-MLSignalStrategyV2-V2,SELL,LIMIT,100000.00,1.13966,USD,2.28 USD,MAKER,d02beb0f-3a2c-4dea-ac70-f120339a9f1d,2025-06-04 08:33:00+00:00,2025-06-04 08:33:00+00:00,{},False
O-20250604-200000-001-V2-2281,BACKTESTER-001,MLSignalStrategyV2-V2,EUR/USD.IDEALPRO,IDEALPRO-1-2281,IDEALPRO-001,IDEALPRO-1-314361,EUR/USD.IDEALPRO-MLSignalStrategyV2-V2,BUY,MARKET,100000.00,1.14123,USD,2.28 USD,TAKER,c4536c71-7a50-48c0-b706-42cbfe153504,2025-06-04 20:00:00+00:00,2025-06-04 20:00:00+00:00,{},False
O-20250604-200000-001-V2-2283,BACKTESTER-001,MLSignalStrategyV2-V2,EUR/USD.IDEALPRO,IDEALPRO-1-2283,IDEALPRO-001,IDEALPRO-1-314419,EUR/USD.IDEALPRO-MLSignalStrategyV2-V2,SELL,LIMIT,100000.00,1.14182,USD,2.28 USD,MAKER,1d8b36fe-44f8-4d94-9344-aa3a279d418d,2025-06-04 20:29:00+00:00,2025-06-04 20:29:00+00:00,{},False
O-20250604-223000-001-V2-2284,BACKTESTER-001,MLSignalStrategyV2-V2,EUR/USD.IDEALPRO,IDEALPRO-1-2284,IDEALPRO-001,IDEALPRO-1-314633,EUR/USD.IDEALPRO-MLSignalStrategyV2-V2,BUY,MARKET,100000.00,1.14203,USD,2.28 USD,TAKER,70f5fd52-adf8-4c89-8879-ec36e8e4e6be,2025-06-04 22:30:00+00:00,2025-06-04 22:30:00+00:00,{},False
O-20250604-223000-001-V2-2286,BACKTESTER-001,MLSignalStrategyV2-V2,EUR/USD.IDEALPRO,IDEALPRO-1-2286,IDEALPRO-001,IDEALPRO-1-314727,EUR/USD.IDEALPRO-MLSignalStrategyV2-V2,SELL,LIMIT,100000.00,1.14240,USD,2.28 USD,MAKER,5d941a78-3afe-4359-b0b6-6c68df75d709,2025-06-04 23:17:00+00:00,2025-06-04 23:17:00+00:00,{},False
O-20250605-093000-001-V2-2287,BACKTESTER-001,MLSignalStrategyV2-V2,EUR/USD.IDEALPRO,IDEALPRO-1-2287,IDEALPRO-001,IDEALPRO-1-315955,EUR/USD.IDEALPRO-MLSignalStrategyV2-V2,BUY,MARKET,100000.00,1.14193,USD,2.28 USD,TAKER,bc4d73b3-a3d5-4193-a45e-ecd95b650e9c,2025-06-05 09:30:00+00:00,2025-06-05 09:30:00+00:00,{},False
O-20250605-093000-001-V2-2289,BACKTESTER-001,MLSignalStrategyV2-V2,EUR/USD.IDEALPRO,IDEALPRO-1-2289,IDEALPRO-001,IDEALPRO-1-316047,EUR/USD.IDEALPRO-MLSignalStrategyV2-V2,SELL,LIMIT,100000.00,1.14272,USD,2.29 USD,MAKER,ea2acb08-c057-487f-9193-b27e4cce94b8,2025-06-05 10:16:00+00:00,2025-06-05 10:16:00+00:00,{},False
O-20250605-133000-001-V2-2290,BACKTESTER-001,MLSignalStrategyV2-V2,EUR/USD.IDEALPRO,IDEALPRO-1-2290,IDEALPRO-001,IDEALPRO-1-316436,EUR/USD.IDEALPRO-MLSignalStrategyV2-V2,SELL,MARKET,100000.00,1.14911,USD,2.30 USD,TAKER,3a0b8ea2-d4f1-474a-bd70-8f74a88b4840,2025-06-05 13:30:00+00:00,2025-06-05 13:30:00+00:00,{},False
O-20250605-133000-001-V2-2292,BACKTESTER-001,MLSignalStrategyV2-V2,EUR/USD.IDEALPRO,IDEALPRO-1-2292,IDEALPRO-001,IDEALPRO-1-316507,EUR/USD.IDEALPRO-MLSignalStrategyV2-V2,BUY,LIMIT,100000.00,1.14702,USD,2.29 USD,MAKER,36a7e135-5fce-4588-a85b-bc47ccc2e2a9,2025-06-05 14:05:00+00:00,2025-06-05 14:05:00+00:00,{},False
O-20250605-141500-001-V2-2293,BACKTESTER-001,MLSignalStrategyV2-V2,EUR/USD.IDEALPRO,IDEALPRO-1-2293,IDEALPRO-001,IDEALPRO-1-316528,EUR/USD.IDEALPRO-MLSignalStrategyV2-V2,SELL,MARKET,100000.00,1.14765,USD,2.30 USD,TAKER,81d29732-6486-429b-bcdd-ae31063ef00d,2025-06-05 14:15:00+00:00,2025-06-05 14:15:00+00:00,{},False
O-20250605-141500-001-V2-2295,BACKTESTER-001,MLSignalStrategyV2-V2,EUR/USD.IDEALPRO,IDEALPRO-1-2295,IDEALPRO-001,IDEALPRO-1-316597,EUR/USD.IDEALPRO-MLSignalStrategyV2-V2,BUY,LIMIT,100000.00,1.14567,USD,2.29 USD,MAKER,04af1cb4-1971-4083-ad74-769461416a63,2025-06-05 14:49:00+00:00,2025-06-05 14:49:00+00:00,{},False
O-20250605-190000-001-V2-2296,BACKTESTER-001,MLSignalStrategyV2-V2,EUR/USD.IDEALPRO,IDEALPRO-1-2296,IDEALPRO-001,IDEALPRO-1-317100,EUR/USD.IDEALPRO-MLSignalStrategyV2-V2,BUY,MARKET,100000.00,1.14423,USD,2.29 USD,TAKER,6238a576-235c-44c4-a3b0-e76ff83d3cc7,2025-06-05 19:00:00+00:00,2025-06-05 19:00:00+00:00,{},False
O-20250605-190000-001-V2-2298,BACKTESTER-001,MLSignalStrategyV2-V2,EUR/USD.IDEALPRO,IDEALPRO-1-2298,IDEALPRO-001,IDEALPRO-1-317549,EUR/USD.IDEALPRO-MLSignalStrategyV2-V2,SELL,LIMIT,100000.00,1.14517,USD,2.29 USD,MAKER,0c05e1fc-8071-460e-b334-bd50fe2665de,2025-06-05 22:59:00+00:00,2025-06-05 22:59:00+00:00,{},False
O-20250605-230000-001-V2-2299,BACKTESTER-001,MLSignalStrategyV2-V2,EUR/USD.IDEALPRO,IDEALPRO-1-2299,IDEALPRO-001,IDEALPRO-1-317552,EUR/USD.IDEALPRO-MLSignalStrategyV2-V2,BUY,MARKET,100000.00,1.14518,USD,2.29 USD,TAKER,28bbd8ba-0c65-4590-b397-d1b474ece520,2025-06-05 23:00:00+00:00,2025-06-05 23:00:00+00:00,{},False
O-20250605-230000-001-V2-2301,BACKTESTER-001,MLSignalStrategyV2-V2,EUR/USD.IDEALPRO,IDEALPRO-1-2301,IDEALPRO-001,IDEALPRO-1-317685,EUR/USD.IDEALPRO-MLSignalStrategyV2-V2,SELL,LIMIT,100000.00,1.14571,USD,2.29 USD,MAKER,e8d5f81f-0a63-4537-a10f-1f106acb2e7f,2025-06-06 00:06:00+00:00,2025-06-06 00:06:00+00:00,{},False
O-20250606-014500-001-V2-2302,BACKTESTER-001,MLSignalStrategyV2-V2,EUR/USD.IDEALPRO,IDEALPRO-1-2302,IDEALPRO-001,IDEALPRO-1-317884,EUR/USD.IDEALPRO-MLSignalStrategyV2-V2,SELL,MARKET,100000.00,1.14460,USD,2.29 USD,TAKER,ee13aed0-474e-4b18-aefa-dfff74ffe973,2025-06-06 01:45:00+00:00,2025-06-06 01:45:00+00:00,{},False
O-20250606-014500-001-V2-2304,BACKTESTER-001,MLSignalStrategyV2-V2,EUR/USD.IDEALPRO,IDEALPRO-1-2304,IDEALPRO-001,IDEALPRO-1-317921,EUR/USD.IDEALPRO-MLSignalStrategyV2-V2,BUY,LIMIT,100000.00,1.14396,USD,2.29 USD,MAKER,bee099e6-4dbf-4a2a-a404-2e2a5dc0d920,2025-06-06 02:03:00+00:00,2025-06-06 02:03:00+00:00,{},False
O-20250606-021500-001-V2-2305,BACKTESTER-001,MLSignalStrategyV2-V2,EUR/USD.IDEALPRO,IDEALPRO-1-2305,IDEALPRO-001,IDEALPRO-1-317946,EUR/USD.IDEALPRO-MLSignalStrategyV2-V2,BUY,MARKET,100000.00,1.14383,USD,2.29 USD,TAKER,5cb34daf-ec8a-4aad-b4ac-13dc385f35f2,2025-06-06 02:15:00+00:00,2025-06-06 02:15:00+00:00,{},False
O-20250606-021500-001-V2-2307,BACKTESTER-001,MLSignalStrategyV2-V2,EUR/USD.IDEALPRO,IDEALPRO-1-2307,IDEALPRO-001,IDEALPRO-1-318139,EUR/USD.IDEALPRO-MLSignalStrategyV2-V2,SELL,LIMIT,100000.00,1.14436,USD,2.29 USD,MAKER,12e8bc00-f261-4f1e-aed3-a226f0dec2dc,2025-06-06 03:51:00+00:00,2025-06-06 03:51:00+00:00,{},False
O-20250606-093000-001-V2-2308,BACKTESTER-001,MLSignalStrategyV2-V2,EUR/USD.IDEALPRO,IDEALPRO-1-2308,IDEALPRO-001,IDEALPRO-1-318818,EUR/USD.IDEALPRO-MLSignalStrategyV2-V2,SELL,MARKET,100000.00,1.14142,USD,2.28 USD,TAKER,ac988866-9bab-40aa-a833-7e87a5045eba,2025-06-06 09:30:00+00:00,2025-06-06 09:30:00+00:00,{},False
O-20250606-093000-001-V2-2309,BACKTESTER-001,MLSignalStrategyV2-V2,EUR/USD.IDEALPRO,IDEALPRO-1-2309,IDEALPRO-001,IDEALPRO-1-318939,EUR/USD.IDEALPRO-MLSignalStrategyV2-V2,BUY,STOP_MARKET,100000.00,1.14223,USD,2.28 USD,TAKER,e67ca863-cf42-404d-9931-3952b591b7b5,2025-06-06 10:30:00+00:00,2025-06-06 10:30:00+00:00,{},False
O-20250606-104500-001-V2-2311,BACKTESTER-001,MLSignalStrategyV2-V2,EUR/USD.IDEALPRO,IDEALPRO-1-2311,IDEALPRO-001,IDEALPRO-1-318970,EUR/USD.IDEALPRO-MLSignalStrategyV2-V2,SELL,MARKET,100000.00,1.14211,USD,2.28 USD,TAKER,5f4c86df-a44b-48b9-9c72-b2e11f59307b,2025-06-06 10:45:00+00:00,2025-06-06 10:45:00+00:00,{},False
O-20250606-104500-001-V2-2312,BACKTESTER-001,MLSignalStrategyV2-V2,EUR/USD.IDEALPRO,IDEALPRO-1-2312,IDEALPRO-001,IDEALPRO-1-319071,EUR/USD.IDEALPRO-MLSignalStrategyV2-V2,BUY,STOP_MARKET,100000.00,1.14286,USD,2.29 USD,TAKER,0171a288-c3dc-4476-a5ae-7773106dd7e8,2025-06-06 11:35:00+00:00,2025-06-06 11:35:00+00:00,{},False
O-20250606-131500-001-V2-2314,BACKTESTER-001,MLSignalStrategyV2-V2,EUR/USD.IDEALPRO,IDEALPRO-1-2314,IDEALPRO-001,IDEALPRO-1-319272,EUR/USD.IDEALPRO-MLSignalStrategyV2-V2,BUY,MARKET,100000.00,1.13942,USD,2.28 USD,TAKER,7d851d51-0c93-4dde-8f10-aa5dbc819336,2025-06-06 13:15:00+00:00,2025-06-06 13:15:00+00:00,{},False
O-20250606-131500-001-V2-2315,BACKTESTER-001,MLSignalStrategyV2-V2,EUR/USD.IDEALPRO,IDEALPRO-1-2315,IDEALPRO-001,IDEALPRO-1-319293,EUR/USD.IDEALPRO-MLSignalStrategyV2-V2,SELL,STOP_MARKET,100000.00,1.13742,USD,2.27 USD,TAKER,894ef5c5-b991-4627-b873-2a9761dd336b,2025-06-06 13:25:00+00:00,2025-06-06 13:25:00+00:00,{},False
O-20250606-133000-001-V2-2317,BACKTESTER-001,MLSignalStrategyV2-V2,EUR/USD.IDEALPRO,IDEALPRO-1-2317,IDEALPRO-001,IDEALPRO-1-319304,EUR/USD.IDEALPRO-MLSignalStrategyV2-V2,BUY,MARKET,100000.00,1.13770,USD,2.28 USD,TAKER,68f18058-17b7-45c5-9783-c5dc9b421a42,2025-06-06 13:30:00+00:00,2025-06-06 13:30:00+00:00,{},False
O-20250606-133000-001-V2-2319,BACKTESTER-001,MLSignalStrategyV2-V2,EUR/USD.IDEALPRO,IDEALPRO-1-2319,IDEALPRO-001,IDEALPRO-1-319331,EUR/USD.IDEALPRO-MLSignalStrategyV2-V2,SELL,LIMIT,100000.00,1.13944,USD,2.28 USD,MAKER,321e720e-d8ca-4142-8607-b70438d64387,2025-06-06 13:43:00+00:00,2025-06-06 13:43:00+00:00,{},False
O-20250606-154500-001-V2-2320,BACKTESTER-001,MLSignalStrategyV2-V2,EUR/USD.IDEALPRO,IDEALPRO-1-2320,IDEALPRO-001,IDEALPRO-1-319577,EUR/USD.IDEALPRO-MLSignalStrategyV2-V2,SELL,MARKET,100000.00,1.14016,USD,2.28 USD,TAKER,df7f2e73-8713-4a48-9012-0080bffa9cbd,2025-06-06 15:45:00+00:00,2025-06-06 15:45:00+00:00,{},False
O-20250606-154500-001-V2-2322,BACKTESTER-001,MLSignalStrategyV2-V2,EUR/USD.IDEALPRO,IDEALPRO-1-2322,IDEALPRO-001,IDEALPRO-1-319721,EUR/USD.IDEALPRO-MLSignalStrategyV2-V2,BUY,LIMIT,100000.00,1.13861,USD,2.28 USD,MAKER,de66c403-8255-457f-9216-13770529262b,2025-06-06 16:57:00+00:00,2025-06-06 16:57:00+00:00,{},False
O-20250606-204500-001-V2-2323,BACKTESTER-001,MLSignalStrategyV2-V2,EUR/USD.IDEALPRO,IDEALPRO-1-2323,IDEALPRO-001,IDEALPRO-1-320179,EUR/USD.IDEALPRO-MLSignalStrategyV2-V2,BUY,MARKET,100000.00,1.13937,USD,2.28 USD,TAKER,f41b99e0-fe13-42c9-ac88-ae7b4253cc15,2025-06-06 20:45:00+00:00,2025-06-06 20:45:00+00:00,{},False
O-20250606-204500-001-V2-2325,BACKTESTER-001,MLSignalStrategyV2-V2,EUR/USD.IDEALPRO,IDEALPRO-1-2325,IDEALPRO-001,IDEALPRO-1-320311,EUR/USD.IDEALPRO-MLSignalStrategyV2-V2,SELL,LIMIT,100000.00,1.13994,USD,2.28 USD,MAKER,a673fcde-3754-4a84-8d0c-603cac6ab958,2025-06-08 22:06:00+00:00,2025-06-08 22:06:00+00:00,{},False
O-20250608-221500-001-V2-2326,BACKTESTER-001,MLSignalStrategyV2-V2,EUR/USD.IDEALPRO,IDEALPRO-1-2326,IDEALPRO-001,IDEALPRO-1-320330,EUR/USD.IDEALPRO-MLSignalStrategyV2-V2,BUY,MARKET,100000.00,1.14028,USD,2.28 USD,TAKER,26adb5f6-7871-4469-b4e9-63b5211dba26,2025-06-08 22:15:00+00:00,2025-06-08 22:15:00+00:00,{},False
O-20250608-221500-001-V2-2328,BACKTESTER-001,MLSignalStrategyV2-V2,EUR/USD.IDEALPRO,IDEALPRO-1-2328,IDEALPRO-001,IDEALPRO-1-320423,EUR/USD.IDEALPRO-MLSignalStrategyV2-V2,SELL,LIMIT,100000.00,1.14085,USD,2.28 USD,MAKER,d1f7e705-4f7f-4e82-b11d-ef4d7da5bcee,2025-06-08 23:01:00+00:00,2025-06-08 23:01:00+00:00,{},False
O-20250608-234500-001-V2-2329,BACKTESTER-001,MLSignalStrategyV2-V2,EUR/USD.IDEALPRO,IDEALPRO-1-2329,IDEALPRO-001,IDEALPRO-1-320512,EUR/USD.IDEALPRO-MLSignalStrategyV2-V2,BUY,MARKET,100000.00,1.14045,USD,2.28 USD,TAKER,52096e8e-e7c7-4a5b-805c-f867921d3376,2025-06-08 23:45:00+00:00,2025-06-08 23:45:00+00:00,{},False
O-20250608-234500-001-V2-2331,BACKTESTER-001,MLSignalStrategyV2-V2,EUR/USD.IDEALPRO,IDEALPRO-1-2331,IDEALPRO-001,IDEALPRO-1-320533,EUR/USD.IDEALPRO-MLSignalStrategyV2-V2,SELL,LIMIT,100000.00,1.14088,USD,2.28 USD,MAKER,f079e97b-e0a7-4cb6-a91a-f91889faf944,2025-06-08 23:55:00+00:00,2025-06-08 23:55:00+00:00,{},False
O-20250609-021500-001-V2-2332,BACKTESTER-001,MLSignalStrategyV2-V2,EUR/USD.IDEALPRO,IDEALPRO-1-2332,IDEALPRO-001,IDEALPRO-1-320815,EUR/USD.IDEALPRO-MLSignalStrategyV2-V2,SELL,MARKET,100000.00,1.14223,USD,2.28 USD,TAKER,ab38dbaf-88bb-4d8a-88bf-b951d48ae9a8,2025-06-09 02:15:00+00:00,2025-06-09 02:15:00+00:00,{},False
O-20250609-021500-001-V2-2334,BACKTESTER-001,MLSignalStrategyV2-V2,EUR/USD.IDEALPRO,IDEALPRO-1-2334,IDEALPRO-001,IDEALPRO-1-320959,EUR/USD.IDEALPRO-MLSignalStrategyV2-V2,BUY,LIMIT,100000.00,1.14153,USD,2.28 USD,MAKER,344c1ad0-cc2d-4af7-b933-dbfc363c43ae,2025-06-09 03:27:00+00:00,2025-06-09 03:27:00+00:00,{},False
O-20250609-104500-001-V2-2335,BACKTESTER-001,MLSignalStrategyV2-V2,EUR/USD.IDEALPRO,IDEALPRO-1-2335,IDEALPRO-001,IDEALPRO-1-321837,EUR/USD.IDEALPRO-MLSignalStrategyV2-V2,SELL,MARKET,100000.00,1.14181,USD,2.28 USD,TAKER,b1d5dddb-b1e9-4284-a764-2fdddea51259,2025-06-09 10:45:00+00:00,2025-06-09 10:45:00+00:00,{},False
O-20250609-104500-001-V2-2337,BACKTESTER-001,MLSignalStrategyV2-V2,EUR/USD.IDEALPRO,IDEALPRO-1-2337,IDEALPRO-001,IDEALPRO-1-321935,EUR/USD.IDEALPRO-MLSignalStrategyV2-V2,BUY,LIMIT,100000.00,1.14080,USD,2.28 USD,MAKER,f505371f-a524-458b-b285-e732cdf0a221,2025-06-09 11:34:00+00:00,2025-06-09 11:34:00+00:00,{},False
O-20250609-150000-001-V2-2338,BACKTESTER-001,MLSignalStrategyV2-V2,EUR/USD.IDEALPRO,IDEALPRO-1-2338,IDEALPRO-001,IDEALPRO-1-322348,EUR/USD.IDEALPRO-MLSignalStrategyV2-V2,SELL,MARKET,100000.00,1.14078,USD,2.28 USD,TAKER,019ed9a6-4dd0-4e5b-a91d-5039cd0fbf75,2025-06-09 15:00:00+00:00,2025-06-09 15:00:00+00:00,{},False
O-20250609-150000-001-V2-2339,BACKTESTER-001,MLSignalStrategyV2-V2,EUR/USD.IDEALPRO,IDEALPRO-1-2339,IDEALPRO-001,IDEALPRO-1-322391,EUR/USD.IDEALPRO-MLSignalStrategyV2-V2,BUY,STOP_MARKET,100000.00,1.14193,USD,2.28 USD,TAKER,732678b2-4a8a-48c3-ac68-0d8a5b16b17c,2025-06-09 15:21:00+00:00,2025-06-09 15:21:00+00:00,{},False
O-20250609-191500-001-V2-2341,BACKTESTER-001,MLSignalStrategyV2-V2,EUR/USD.IDEALPRO,IDEALPRO-1-2341,IDEALPRO-001,IDEALPRO-1-322861,EUR/USD.IDEALPRO-MLSignalStrategyV2-V2,BUY,MARKET,100000.00,1.14284,USD,2.29 USD,TAKER,98eb0f8b-4baf-4503-a3d9-bb013b81dbf8,2025-06-09 19:15:00+00:00,2025-06-09 19:15:00+00:00,{},False
O-20250609-191500-001-V2-2342,BACKTESTER-001,MLSignalStrategyV2-V2,EUR/USD.IDEALPRO,IDEALPRO-1-2342,IDEALPRO-001,IDEALPRO-1-323003,EUR/USD.IDEALPRO-MLSignalStrategyV2-V2,SELL,STOP_MARKET,100000.00,1.14220,USD,2.28 USD,TAKER,3f4c6a12-3289-4e25-9ae0-727508708e3d,2025-06-09 20:26:00+00:00,2025-06-09 20:26:00+00:00,{},False
O-20250610-024500-001-V2-2344,BACKTESTER-001,MLSignalStrategyV2-V2,EUR/USD.IDEALPRO,IDEALPRO-1-2344,IDEALPRO-001,IDEALPRO-1-323733,EUR/USD.IDEALPRO-MLSignalStrategyV2-V2,BUY,MARKET,100000.00,1.13941,USD,2.28 USD,TAKER,3c9596c6-d6cc-43f8-b725-aeae9bdf7532,2025-06-10 02:45:00+00:00,2025-06-10 02:45:00+00:00,{},False
O-20250610-024500-001-V2-2346,BACKTESTER-001,MLSignalStrategyV2-V2,EUR/USD.IDEALPRO,IDEALPRO-1-2346,IDEALPRO-001,IDEALPRO-1-323803,EUR/USD.IDEALPRO-MLSignalStrategyV2-V2,SELL,LIMIT,100000.00,1.14024,USD,2.28 USD,MAKER,8f98f9cf-a7c0-4316-8f7f-11046bd3f566,2025-06-10 03:20:00+00:00,2025-06-10 03:20:00+00:00,{},False
O-20250610-073000-001-V2-2347,BACKTESTER-001,MLSignalStrategyV2-V2,EUR/USD.IDEALPRO,IDEALPRO-1-2347,IDEALPRO-001,IDEALPRO-1-324304,EUR/USD.IDEALPRO-MLSignalStrategyV2-V2,BUY,MARKET,100000.00,1.13913,USD,2.28 USD,TAKER,fcc8892d-bfae-4fe3-bad3-afaf09ae778b,2025-06-10 07:30:00+00:00,2025-06-10 07:30:00+00:00,{},False
O-20250610-073000-001-V2-2349,BACKTESTER-001,MLSignalStrategyV2-V2,EUR/USD.IDEALPRO,IDEALPRO-1-2349,IDEALPRO-001,IDEALPRO-1-324387,EUR/USD.IDEALPRO-MLSignalStrategyV2-V2,SELL,LIMIT,100000.00,1.14037,USD,2.28 USD,MAKER,921ea7f0-73ad-4861-a14f-a854ed27ac1f,2025-06-10 08:11:00+00:00,2025-06-10 08:11:00+00:00,{},False
O-20250610-101500-001-V2-2350,BACKTESTER-001,MLSignalStrategyV2-V2,EUR/USD.IDEALPRO,IDEALPRO-1-2350,IDEALPRO-001,IDEALPRO-1-324636,EUR/USD.IDEALPRO-MLSignalStrategyV2-V2,BUY,MARKET,100000.00,1.14130,USD,2.28 USD,TAKER,3beed3ea-08cf-4fd8-83f0-663088c6f3ac,2025-06-10 10:15:00+00:00,2025-06-10 10:15:00+00:00,{},False
O-20250610-101500-001-V2-2352,BACKTESTER-001,MLSignalStrategyV2-V2,EUR/USD.IDEALPRO,IDEALPRO-1-2352,IDEALPRO-001,IDEALPRO-1-324660,EUR/USD.IDEALPRO-MLSignalStrategyV2-V2,SELL,LIMIT,100000.00,1.14221,USD,2.28 USD,MAKER,19690d75-2a7a-4580-81ed-3be2a48bad60,2025-06-10 10:26:00+00:00,2025-06-10 10:26:00+00:00,{},False
O-20250610-141500-001-V2-2353,BACKTESTER-001,MLSignalStrategyV2-V2,EUR/USD.IDEALPRO,IDEALPRO-1-2353,IDEALPRO-001,IDEALPRO-1-325119,EUR/USD.IDEALPRO-MLSignalStrategyV2-V2,BUY,MARKET,100000.00,1.14322,USD,2.29 USD,TAKER,1ddcbc7e-8553-43f6-aa01-cfb11eb0df61,2025-06-10 14:15:00+00:00,2025-06-10 14:15:00+00:00,{},False
O-20250610-141500-001-V2-2354,BACKTESTER-001,MLSignalStrategyV2-V2,EUR/USD.IDEALPRO,IDEALPRO-1-2354,IDEALPRO-001,IDEALPRO-1-325189,EUR/USD.IDEALPRO-MLSignalStrategyV2-V2,SELL,STOP_MARKET,100000.00,1.14209,USD,2.28 USD,TAKER,d709244a-8da8-42ee-aaf3-eee6c668d35d,2025-06-10 14:50:00+00:00,2025-06-10 14:50:00+00:00,{},False
O-20250610-160000-001-V2-2356,BACKTESTER-001,MLSignalStrategyV2-V2,EUR/USD.IDEALPRO,IDEALPRO-1-2356,IDEALPRO-001,IDEALPRO-1-325330,EUR/USD.IDEALPRO-MLSignalStrategyV2-V2,SELL,MARKET,100000.00,1.14224,USD,2.28 USD,TAKER,455bda5e-4275-4756-84b7-a6de7e2d07b1,2025-06-10 16:00:00+00:00,2025-06-10 16:00:00+00:00,{},False
O-20250610-160000-001-V2-2357,BACKTESTER-001,MLSignalStrategyV2-V2,EUR/USD.IDEALPRO,IDEALPRO-1-2357,IDEALPRO-001,IDEALPRO-1-325737,EUR/USD.IDEALPRO-MLSignalStrategyV2-V2,BUY,STOP_MARKET,100000.00,1.14323,USD,2.29 USD,TAKER,de0b527f-e49b-4288-bdbd-3b815f2914bf,2025-06-10 19:23:00+00:00,2025-06-10 19:23:00+00:00,{},False
O-20250610-220000-001-V2-2359,BACKTESTER-001,MLSignalStrategyV2-V2,EUR/USD.IDEALPRO,IDEALPRO-1-2359,IDEALPRO-001,IDEALPRO-1-326022,EUR/USD.IDEALPRO-MLSignalStrategyV2-V2,BUY,MARKET,100000.00,1.14248,USD,2.28 USD,TAKER,e2aa906a-face-4200-bd51-9aa85acf98d1,2025-06-10 22:00:00+00:00,2025-06-10 22:00:00+00:00,{},False
O-20250610-220000-001-V2-2361,BACKTESTER-001,MLSignalStrategyV2-V2,EUR/USD.IDEALPRO,IDEALPRO-1-2361,IDEALPRO-001,IDEALPRO-1-326157,EUR/USD.IDEALPRO-MLSignalStrategyV2-V2,SELL,LIMIT,100000.00,1.14308,USD,2.29 USD,MAKER,3333fa1b-3c03-4213-b763-a04c4622e003,2025-06-10 23:07:00+00:00,2025-06-10 23:07:00+00:00,{},False
O-20250611-020000-001-V2-2362,BACKTESTER-001,MLSignalStrategyV2-V2,EUR/USD.IDEALPRO,IDEALPRO-1-2362,IDEALPRO-001,IDEALPRO-1-326505,EUR/USD.IDEALPRO-MLSignalStrategyV2-V2,BUY,MARKET,100000.00,1.14086,USD,2.28 USD,TAKER,8721bd51-5f36-4e54-a0b9-45cf21c59e2f,2025-06-11 02:00:00+00:00,2025-06-11 02:00:00+00:00,{},False
O-20250611-020000-001-V2-2364,BACKTESTER-001,MLSignalStrategyV2-V2,EUR/USD.IDEALPRO,IDEALPRO-1-2364,IDEALPRO-001,IDEALPRO-1-326583,EUR/USD.IDEALPRO-MLSignalStrategyV2-V2,SELL,LIMIT,100000.00,1.14161,USD,2.28 USD,MAKER,d06415e2-25f5-49a3-afc6-1b700ecd8a5c,2025-06-11 02:39:00+00:00,2025-06-11 02:39:00+00:00,{},False
O-20250611-024500-001-V2-2365,BACKTESTER-001,MLSignalStrategyV2-V2,EUR/USD.IDEALPRO,IDEALPRO-1-2365,IDEALPRO-001,IDEALPRO-1-326596,EUR/USD.IDEALPRO-MLSignalStrategyV2-V2,BUY,MARKET,100000.00,1.14167,USD,2.28 USD,TAKER,78e277c3-c1aa-41f7-a4fa-28bc8eeb0ff0,2025-06-11 02:45:00+00:00,2025-06-11 02:45:00+00:00,{},False
O-20250611-024500-001-V2-2367,BACKTESTER-001,MLSignalStrategyV2-V2,EUR/USD.IDEALPRO,IDEALPRO-1-2367,IDEALPRO-001,IDEALPRO-1-326989,EUR/USD.IDEALPRO-MLSignalStrategyV2-V2,SELL,LIMIT,100000.00,1.14236,USD,2.28 USD,MAKER,f5ecef00-8cd4-45ed-8911-a95d138b7f86,2025-06-11 06:01:00+00:00,2025-06-11 06:01:00+00:00,{},False
O-20250611-070000-001-V2-2368,BACKTESTER-001,MLSignalStrategyV2-V2,EUR/USD.IDEALPRO,IDEALPRO-1-2368,IDEALPRO-001,IDEALPRO-1-327108,EUR/USD.IDEALPRO-MLSignalStrategyV2-V2,BUY,MARKET,100000.00,1.14101,USD,2.28 USD,TAKER,08abc2f9-ad7f-44e2-afc7-848253e5788d,2025-06-11 07:00:00+00:00,2025-06-11 07:00:00+00:00,{},False
O-20250611-070000-001-V2-2370,BACKTESTER-001,MLSignalStrategyV2-V2,EUR/USD.IDEALPRO,IDEALPRO-1-2370,IDEALPRO-001,IDEALPRO-1-327201,EUR/USD.IDEALPRO-MLSignalStrategyV2-V2,SELL,LIMIT,100000.00,1.14175,USD,2.28 USD,MAKER,21ae92c5-ffd2-46fe-a0e1-65ab1b6dea97,2025-06-11 07:46:00+00:00,2025-06-11 07:46:00+00:00,{},False
O-20250611-081500-001-V2-2371,BACKTESTER-001,MLSignalStrategyV2-V2,EUR/USD.IDEALPRO,IDEALPRO-1-2371,IDEALPRO-001,IDEALPRO-1-327260,EUR/USD.IDEALPRO-MLSignalStrategyV2-V2,BUY,MARKET,100000.00,1.14227,USD,2.28 USD,TAKER,b6761f49-d318-41c6-b034-711cc0978d46,2025-06-11 08:15:00+00:00,2025-06-11 08:15:00+00:00,{},False
O-20250611-081500-001-V2-2373,BACKTESTER-001,MLSignalStrategyV2-V2,EUR/USD.IDEALPRO,IDEALPRO-1-2373,IDEALPRO-001,IDEALPRO-1-327303,EUR/USD.IDEALPRO-MLSignalStrategyV2-V2,SELL,LIMIT,100000.00,1.14308,USD,2.29 USD,MAKER,affeade2-8364-4235-9d16-1918bb99d668,2025-06-11 08:36:00+00:00,2025-06-11 08:36:00+00:00,{},False
O-20250611-160000-001-V2-2374,BACKTESTER-001,MLSignalStrategyV2-V2,EUR/USD.IDEALPRO,IDEALPRO-1-2374,IDEALPRO-001,IDEALPRO-1-328192,EUR/USD.IDEALPRO-MLSignalStrategyV2-V2,SELL,MARKET,100000.00,1.14894,USD,2.30 USD,TAKER,5e780863-654b-447f-8741-36cd61058ffc,2025-06-11 16:00:00+00:00,2025-06-11 16:00:00+00:00,{},False
O-20250611-160000-001-V2-2375,BACKTESTER-001,MLSignalStrategyV2-V2,EUR/USD.IDEALPRO,IDEALPRO-1-2375,IDEALPRO-001,IDEALPRO-1-328999,EUR/USD.IDEALPRO-MLSignalStrategyV2-V2,BUY,STOP_MARKET,100000.00,1.15037,USD,2.30 USD,TAKER,95d0dbe3-dbc4-4367-bbe3-fd134a8d1dfb,2025-06-11 22:58:00+00:00,2025-06-11 22:58:00+00:00,{},False
O-20250611-230000-001-V2-2377,BACKTESTER-001,MLSignalStrategyV2-V2,EUR/USD.IDEALPRO,IDEALPRO-1-2377,IDEALPRO-001,IDEALPRO-1-329005,EUR/USD.IDEALPRO-MLSignalStrategyV2-V2,BUY,MARKET,100000.00,1.15060,USD,2.30 USD,TAKER,a6b948e6-e0d9-491d-8db6-d9c3ec73f9bf,2025-06-11 23:00:00+00:00,2025-06-11 23:00:00+00:00,{},False
O-20250611-230000-001-V2-2379,BACKTESTER-001,MLSignalStrategyV2-V2,EUR/USD.IDEALPRO,IDEALPRO-1-2379,IDEALPRO-001,IDEALPRO-1-329013,EUR/USD.IDEALPRO-MLSignalStrategyV2-V2,SELL,LIMIT,100000.00,1.15131,USD,2.30 USD,MAKER,5ff7e2fc-8582-46d2-8e86-9764ff03700b,2025-06-11 23:04:00+00:00,2025-06-11 23:04:00+00:00,{},False
O-20250611-233000-001-V2-2380,BACKTESTER-001,MLSignalStrategyV2-V2,EUR/USD.IDEALPRO,IDEALPRO-1-2380,IDEALPRO-001,IDEALPRO-1-329067,EUR/USD.IDEALPRO-MLSignalStrategyV2-V2,BUY,MARKET,100000.00,1.15055,USD,2.30 USD,TAKER,3d03d5b7-9927-4aa0-a75f-f149a891bcde,2025-06-11 23:30:00+00:00,2025-06-11 23:30:00+00:00,{},False
O-20250611-233000-001-V2-2382,BACKTESTER-001,MLSignalStrategyV2-V2,EUR/USD.IDEALPRO,IDEALPRO-1-2382,IDEALPRO-001,IDEALPRO-1-329129,EUR/USD.IDEALPRO-MLSignalStrategyV2-V2,SELL,LIMIT,100000.00,1.15124,USD,2.30 USD,MAKER,9152744f-766a-4075-852a-f102bfcd4bc6,2025-06-12 00:01:00+00:00,2025-06-12 00:01:00+00:00,{},False
O-20250612-003000-001-V2-2383,BACKTESTER-001,MLSignalStrategyV2-V2,EUR/USD.IDEALPRO,IDEALPRO-1-2383,IDEALPRO-001,IDEALPRO-1-329189,EUR/USD.IDEALPRO-MLSignalStrategyV2-V2,SELL,MARKET,100000.00,1.15121,USD,2.30 USD,TAKER,65c23656-7bf0-46e7-8fd9-4dcab61c706e,2025-06-12 00:30:00+00:00,2025-06-12 00:30:00+00:00,{},False
O-20250612-003000-001-V2-2385,BACKTESTER-001,MLSignalStrategyV2-V2,EUR/USD.IDEALPRO,IDEALPRO-1-2385,IDEALPRO-001,IDEALPRO-1-329199,EUR/USD.IDEALPRO-MLSignalStrategyV2-V2,BUY,LIMIT,100000.00,1.15053,USD,2.30 USD,MAKER,2c4ae535-5824-475b-886d-3b50b72dea43,2025-06-12 00:35:00+00:00,2025-06-12 00:35:00+00:00,{},False
O-20250612-061500-001-V2-2386,BACKTESTER-001,MLSignalStrategyV2-V2,EUR/USD.IDEALPRO,IDEALPRO-1-2386,IDEALPRO-001,IDEALPRO-1-329880,EUR/USD.IDEALPRO-MLSignalStrategyV2-V2,SELL,MARKET,100000.00,1.15193,USD,2.30 USD,TAKER,de867afe-c80e-4ef3-a421-2ef12d0ed0bf,2025-06-12 06:15:00+00:00,2025-06-12 06:15:00+00:00,{},False
O-20250612-061500-001-V2-2388,BACKTESTER-001,MLSignalStrategyV2-V2,EUR/USD.IDEALPRO,IDEALPRO-1-2388,IDEALPRO-001,IDEALPRO-1-329891,EUR/USD.IDEALPRO-MLSignalStrategyV2-V2,BUY,LIMIT,100000.00,1.15125,USD,2.30 USD,MAKER,6e5a1c3b-7c67-4620-8a94-dbbc1fed0282,2025-06-12 06:20:00+00:00,2025-06-12 06:20:00+00:00,{},False
O-20250612-093000-001-V2-2389,BACKTESTER-001,MLSignalStrategyV2-V2,EUR/USD.IDEALPRO,IDEALPRO-1-2389,IDEALPRO-001,IDEALPRO-1-330272,EUR/USD.IDEALPRO-MLSignalStrategyV2-V2,SELL,MARKET,100000.00,1.15576,USD,2.31 USD,TAKER,587493bb-1955-4fb9-b393-8d383fe60408,2025-06-12 09:30:00+00:00,2025-06-12 09:30:00+00:00,{},False
O-20250612-093000-001-V2-2390,BACKTESTER-001,MLSignalStrategyV2-V2,EUR/USD.IDEALPRO,IDEALPRO-1-2390,IDEALPRO-001,IDEALPRO-1-330321,EUR/USD.IDEALPRO-MLSignalStrategyV2-V2,BUY,STOP_MARKET,100000.00,1.15859,USD,2.32 USD,TAKER,f1278d41-d2ae-42e0-84f5-5e8d8e298b3a,2025-06-12 09:54:00+00:00,2025-06-12 09:54:00+00:00,{},False
O-20250612-100000-001-V2-2392,BACKTESTER-001,MLSignalStrategyV2-V2,EUR/USD.IDEALPRO,IDEALPRO-1-2392,IDEALPRO-001,IDEALPRO-1-330334,EUR/USD.IDEALPRO-MLSignalStrategyV2-V2,SELL,MARKET,100000.00,1.15721,USD,2.31 USD,TAKER,d5864127-7271-40d9-8c79-c2036fc83d0c,2025-06-12 10:00:00+00:00,2025-06-12 10:00:00+00:00,{},False
O-20250612-100000-001-V2-2393,BACKTESTER-001,MLSignalStrategyV2-V2,EUR/USD.IDEALPRO,IDEALPRO-1-2393,IDEALPRO-001,IDEALPRO-1-330377,EUR/USD.IDEALPRO-MLSignalStrategyV2-V2,BUY,STOP_MARKET,100000.00,1.15874,USD,2.32 USD,TAKER,14938f2c-1101-4392-afac-3e4ab8fa9891,2025-06-12 10:21:00+00:00,2025-06-12 10:21:00+00:00,{},False
O-20250612-103000-001-V2-2395,BACKTESTER-001,MLSignalStrategyV2-V2,EUR/USD.IDEALPRO,IDEALPRO-1-2395,IDEALPRO-001,IDEALPRO-1-330396,EUR/USD.IDEALPRO-MLSignalStrategyV2-V2,SELL,MARKET,100000.00,1.15902,USD,2.32 USD,TAKER,7034b682-172e-47da-8fce-b7b790071991,2025-06-12 10:30:00+00:00,2025-06-12 10:30:00+00:00,{},False
O-20250612-103000-001-V2-2396,BACKTESTER-001,MLSignalStrategyV2-V2,EUR/USD.IDEALPRO,IDEALPRO-1-2396,IDEALPRO-001,IDEALPRO-1-330441,EUR/USD.IDEALPRO-MLSignalStrategyV2-V2,BUY,STOP_MARKET,100000.00,1.16108,USD,2.32 USD,TAKER,b3bc1c3c-e461-471f-8ee5-aafd162083cc,2025-06-12 10:52:00+00:00,2025-06-12 10:52:00+00:00,{},False
O-20250612-121500-001-V2-2398,BACKTESTER-001,MLSignalStrategyV2-V2,EUR/USD.IDEALPRO,IDEALPRO-1-2398,IDEALPRO-001,IDEALPRO-1-330608,EUR/USD.IDEALPRO-MLSignalStrategyV2-V2,BUY,MARKET,100000.00,1.15963,USD,2.32 USD,TAKER,ab23b36d-2752-4c55-afab-1ab02ba66d21,2025-06-12 12:15:00+00:00,2025-06-12 12:15:00+00:00,{},False
O-20250612-121500-001-V2-2400,BACKTESTER-001,MLSignalStrategyV2-V2,EUR/USD.IDEALPRO,IDEALPRO-1-2400,IDEALPRO-001,IDEALPRO-1-330641,EUR/USD.IDEALPRO-MLSignalStrategyV2-V2,SELL,LIMIT,100000.00,1.16319,USD,2.33 USD,MAKER,58d1363e-4c09-410e-bd63-3bce182e0a2f,2025-06-12 12:31:00+00:00,2025-06-12 12:31:00+00:00,{},False
O-20250612-140000-001-V2-2401,BACKTESTER-001,MLSignalStrategyV2-V2,EUR/USD.IDEALPRO,IDEALPRO-1-2401,IDEALPRO-001,IDEALPRO-1-330820,EUR/USD.IDEALPRO-MLSignalStrategyV2-V2,BUY,MARKET,100000.00,1.15851,USD,2.32 USD,TAKER,ca62044e-33ec-4ce8-b577-3af697a513c9,2025-06-12 14:00:00+00:00,2025-06-12 14:00:00+00:00,{},False
O-20250612-140000-001-V2-2402,BACKTESTER-001,MLSignalStrategyV2-V2,EUR/USD.IDEALPRO,IDEALPRO-1-2402,IDEALPRO-001,IDEALPRO-1-331223,EUR/USD.IDEALPRO-MLSignalStrategyV2-V2,SELL,STOP_MARKET,100000.00,1.15637,USD,2.31 USD,TAKER,8a40175c-caa4-4d35-b43c-11a714b9bb2b,2025-06-12 17:21:00+00:00,2025-06-12 17:21:00+00:00,{},False
O-20250612-184500-001-V2-2404,BACKTESTER-001,MLSignalStrategyV2-V2,EUR/USD.IDEALPRO,IDEALPRO-1-2404,IDEALPRO-001,IDEALPRO-1-331393,EUR/USD.IDEALPRO-MLSignalStrategyV2-V2,BUY,MARKET,100000.00,1.15748,USD,2.31 USD,TAKER,c04a15c8-93eb-44b9-bbb4-25cb51e429b3,2025-06-12 18:45:00+00:00,2025-06-12 18:45:00+00:00,{},False
O-20250612-184500-001-V2-2406,BACKTESTER-001,MLSignalStrategyV2-V2,EUR/USD.IDEALPRO,IDEALPRO-1-2406,IDEALPRO-001,IDEALPRO-1-331615,EUR/USD.IDEALPRO-MLSignalStrategyV2-V2,SELL,LIMIT,100000.00,1.15833,USD,2.32 USD,MAKER,8cc785c4-d4e2-4a28-af7a-34a3bece1d7d,2025-06-12 20:36:00+00:00,2025-06-12 20:36:00+00:00,{},False
O-20250612-213000-001-V2-2407,BACKTESTER-001,MLSignalStrategyV2-V2,EUR/USD.IDEALPRO,IDEALPRO-1-2407,IDEALPRO-001,IDEALPRO-1-331695,EUR/USD.IDEALPRO-MLSignalStrategyV2-V2,BUY,MARKET,100000.00,1.15878,USD,2.32 USD,TAKER,95551cdc-3b15-486d-9374-cfe1b524e6c9,2025-06-12 21:30:00+00:00,2025-06-12 21:30:00+00:00,{},False
O-20250612-213000-001-V2-2409,BACKTESTER-001,MLSignalStrategyV2-V2,EUR/USD.IDEALPRO,IDEALPRO-1-2409,IDEALPRO-001,IDEALPRO-1-331909,EUR/USD.IDEALPRO-MLSignalStrategyV2-V2,SELL,LIMIT,100000.00,1.15931,USD,2.32 USD,MAKER,866ff443-8539-4dfa-a492-f512c7a72343,2025-06-12 23:17:00+00:00,2025-06-12 23:17:00+00:00,{},False
O-20250613-014500-001-V2-2410,BACKTESTER-001,MLSignalStrategyV2-V2,EUR/USD.IDEALPRO,IDEALPRO-1-2410,IDEALPRO-001,IDEALPRO-1-332206,EUR/USD.IDEALPRO-MLSignalStrategyV2-V2,BUY,MARKET,100000.00,1.15449,USD,2.31 USD,TAKER,e7d77bce-2a6e-437f-b8c4-526b82490e30,2025-06-13 01:45:00+00:00,2025-06-13 01:45:00+00:00,{},False
O-20250613-014500-001-V2-2411,BACKTESTER-001,MLSignalStrategyV2-V2,EUR/USD.IDEALPRO,IDEALPRO-1-2411,IDEALPRO-001,IDEALPRO-1-332519,EUR/USD.IDEALPRO-MLSignalStrategyV2-V2,SELL,STOP_MARKET,100000.00,1.15234,USD,2.30 USD,TAKER,eb993402-02f2-44ca-9d90-f44409bb671f,2025-06-13 04:21:00+00:00,2025-06-13 04:21:00+00:00,{},False
O-20250613-043000-001-V2-2413,BACKTESTER-001,MLSignalStrategyV2-V2,EUR/USD.IDEALPRO,IDEALPRO-1-2413,IDEALPRO-001,IDEALPRO-1-332538,EUR/USD.IDEALPRO-MLSignalStrategyV2-V2,BUY,MARKET,100000.00,1.15212,USD,2.30 USD,TAKER,fb93a584-805e-44d5-884c-d96f96a9e59c,2025-06-13 04:30:00+00:00,2025-06-13 04:30:00+00:00,{},False
O-20250613-043000-001-V2-2415,BACKTESTER-001,MLSignalStrategyV2-V2,EUR/USD.IDEALPRO,IDEALPRO-1-2415,IDEALPRO-001,IDEALPRO-1-332613,EUR/USD.IDEALPRO-MLSignalStrategyV2-V2,SELL,LIMIT,100000.00,1.15362,USD,2.31 USD,MAKER,b24e4046-3e4d-485d-b9d4-319889d9dffd,2025-06-13 05:07:00+00:00,2025-06-13 05:07:00+00:00,{},False
O-20250613-054500-001-V2-2416,BACKTESTER-001,MLSignalStrategyV2-V2,EUR/USD.IDEALPRO,IDEALPRO-1-2416,IDEALPRO-001,IDEALPRO-1-332690,EUR/USD.IDEALPRO-MLSignalStrategyV2-V2,BUY,MARKET,100000.00,1.15252,USD,2.31 USD,TAKER,afbf3a9a-ce4e-48bc-9c15-cb419c003641,2025-06-13 05:45:00+00:00,2025-06-13 05:45:00+00:00,{},False
O-20250613-054500-001-V2-2418,BACKTESTER-001,MLSignalStrategyV2-V2,EUR/USD.IDEALPRO,IDEALPRO-1-2418,IDEALPRO-001,IDEALPRO-1-332731,EUR/USD.IDEALPRO-MLSignalStrategyV2-V2,SELL,LIMIT,100000.00,1.15394,USD,2.31 USD,MAKER,cc8b8522-f6ac-49a8-875f-0711b228861a,2025-06-13 06:05:00+00:00,2025-06-13 06:05:00+00:00,{},False
O-20250613-090000-001-V2-2419,BACKTESTER-001,MLSignalStrategyV2-V2,EUR/USD.IDEALPRO,IDEALPRO-1-2419,IDEALPRO-001,IDEALPRO-1-333082,EUR/USD.IDEALPRO-MLSignalStrategyV2-V2,BUY,MARKET,100000.00,1.15287,USD,2.31 USD,TAKER,f2ee2ef5-a104-49b7-a4db-988f27d15003,2025-06-13 09:00:00+00:00,2025-06-13 09:00:00+00:00,{},False
O-20250613-090000-001-V2-2420,BACKTESTER-001,MLSignalStrategyV2-V2,EUR/USD.IDEALPRO,IDEALPRO-1-2420,IDEALPRO-001,IDEALPRO-1-333277,EUR/USD.IDEALPRO-MLSignalStrategyV2-V2,SELL,STOP_MARKET,100000.00,1.15108,USD,2.30 USD,TAKER,bed75509-be0a-43e5-948c-87583ff1d601,2025-06-13 10:37:00+00:00,2025-06-13 10:37:00+00:00,{},False
O-20250613-104500-001-V2-2422,BACKTESTER-001,MLSignalStrategyV2-V2,EUR/USD.IDEALPRO,IDEALPRO-1-2422,IDEALPRO-001,IDEALPRO-1-333294,EUR/USD.IDEALPRO-MLSignalStrategyV2-V2,BUY,MARKET,100000.00,1.15123,USD,2.30 USD,TAKER,97ea9b79-9072-4c99-b128-1c36f339c081,2025-06-13 10:45:00+00:00,2025-06-13 10:45:00+00:00,{},False
O-20250613-104500-001-V2-2423,BACKTESTER-001,MLSignalStrategyV2-V2,EUR/USD.IDEALPRO,IDEALPRO-1-2423,IDEALPRO-001,IDEALPRO-1-333303,EUR/USD.IDEALPRO-MLSignalStrategyV2-V2,SELL,STOP_MARKET,100000.00,1.14938,USD,2.30 USD,TAKER,60956124-8318-4997-a058-b7221b2a0d81,2025-06-13 10:49:00+00:00,2025-06-13 10:49:00+00:00,{},False
O-20250613-154500-001-V2-2425,BACKTESTER-001,MLSignalStrategyV2-V2,EUR/USD.IDEALPRO,IDEALPRO-1-2425,IDEALPRO-001,IDEALPRO-1-333897,EUR/USD.IDEALPRO-MLSignalStrategyV2-V2,SELL,MARKET,100000.00,1.15629,USD,2.31 USD,TAKER,06202289-89a2-4a77-8ed3-db32ca6e71ad,2025-06-13 15:45:00+00:00,2025-06-13 15:45:00+00:00,{},False
O-20250613-154500-001-V2-2427,BACKTESTER-001,MLSignalStrategyV2-V2,EUR/USD.IDEALPRO,IDEALPRO-1-2427,IDEALPRO-001,IDEALPRO-1-334053,EUR/USD.IDEALPRO-MLSignalStrategyV2-V2,BUY,LIMIT,100000.00,1.15507,USD,2.31 USD,MAKER,d4fdfe1d-4c54-4c8f-94e4-62b7ed12693a,2025-06-13 17:03:00+00:00,2025-06-13 17:03:00+00:00,{},False
O-20250615-213000-001-V2-2428,BACKTESTER-001,MLSignalStrategyV2-V2,EUR/USD.IDEALPRO,IDEALPRO-1-2428,IDEALPRO-001,IDEALPRO-1-334558,EUR/USD.IDEALPRO-MLSignalStrategyV2-V2,BUY,MARKET,100000.00,1.15326,USD,2.31 USD,TAKER,cce734dd-6b16-4e39-a329-9da04e260010,2025-06-15 21:30:00+00:00,2025-06-15 21:30:00+00:00,{},False
O-20250615-213000-001-V2-2430,BACKTESTER-001,MLSignalStrategyV2-V2,EUR/USD.IDEALPRO,IDEALPRO-1-2430,IDEALPRO-001,IDEALPRO-1-334707,EUR/USD.IDEALPRO-MLSignalStrategyV2-V2,SELL,LIMIT,100000.00,1.15430,USD,2.31 USD,MAKER,df0cfda5-7d4a-459b-b94b-fa5b2877e312,2025-06-15 22:44:00+00:00,2025-06-15 22:44:00+00:00,{},False
O-20250615-224500-001-V2-2431,BACKTESTER-001,MLSignalStrategyV2-V2,EUR/USD.IDEALPRO,IDEALPRO-1-2431,IDEALPRO-001,IDEALPRO-1-334710,EUR/USD.IDEALPRO-MLSignalStrategyV2-V2,BUY,MARKET,100000.00,1.15394,USD,2.31 USD,TAKER,f82fb070-c900-484d-ab56-e7ac847d97d3,2025-06-15 22:45:00+00:00,2025-06-15 22:45:00+00:00,{},False
O-20250615-224500-001-V2-2432,BACKTESTER-001,MLSignalStrategyV2-V2,EUR/USD.IDEALPRO,IDEALPRO-1-2432,IDEALPRO-001,IDEALPRO-1-334773,EUR/USD.IDEALPRO-MLSignalStrategyV2-V2,SELL,STOP_MARKET,100000.00,1.15277,USD,2.31 USD,TAKER,13089289-8ef3-4bd9-9114-d8604bb3061f,2025-06-15 23:16:00+00:00,2025-06-15 23:16:00+00:00,{},False
O-20250615-233000-001-V2-2434,BACKTESTER-001,MLSignalStrategyV2-V2,EUR/USD.IDEALPRO,IDEALPRO-1-2434,IDEALPRO-001,IDEALPRO-1-334802,EUR/USD.IDEALPRO-MLSignalStrategyV2-V2,BUY,MARKET,100000.00,1.15336,USD,2.31 USD,TAKER,6f387169-5d95-45fd-8071-ed3325b74222,2025-06-15 23:30:00+00:00,2025-06-15 23:30:00+00:00,{},False
O-20250615-233000-001-V2-2436,BACKTESTER-001,MLSignalStrategyV2-V2,EUR/USD.IDEALPRO,IDEALPRO-1-2436,IDEALPRO-001,IDEALPRO-1-334887,EUR/USD.IDEALPRO-MLSignalStrategyV2-V2,SELL,LIMIT,100000.00,1.15429,USD,2.31 USD,MAKER,ba2f0958-7f1e-40a4-b1b3-d58fd4a23503,2025-06-16 00:12:00+00:00,2025-06-16 00:12:00+00:00,{},False
O-20250616-023000-001-V2-2437,BACKTESTER-001,MLSignalStrategyV2-V2,EUR/USD.IDEALPRO,IDEALPRO-1-2437,IDEALPRO-001,IDEALPRO-1-335164,EUR/USD.IDEALPRO-MLSignalStrategyV2-V2,SELL,MARKET,100000.00,1.15321,USD,2.31 USD,TAKER,a2644eac-1e83-4515-ac73-2dbb1f34eb09,2025-06-16 02:30:00+00:00,2025-06-16 02:30:00+00:00,{},False
O-20250616-023000-001-V2-2439,BACKTESTER-001,MLSignalStrategyV2-V2,EUR/USD.IDEALPRO,IDEALPRO-1-2439,IDEALPRO-001,IDEALPRO-1-335267,EUR/USD.IDEALPRO-MLSignalStrategyV2-V2,BUY,LIMIT,100000.00,1.15237,USD,2.30 USD,MAKER,e36a8553-4dbe-4afa-a719-4f21bef901c2,2025-06-16 03:21:00+00:00,2025-06-16 03:21:00+00:00,{},False
O-20250616-051500-001-V2-2440,BACKTESTER-001,MLSignalStrategyV2-V2,EUR/USD.IDEALPRO,IDEALPRO-1-2440,IDEALPRO-001,IDEALPRO-1-335497,EUR/USD.IDEALPRO-MLSignalStrategyV2-V2,BUY,MARKET,100000.00,1.15464,USD,2.31 USD,TAKER,d38bc0b2-36b3-4c6f-99b6-ee76c9285f41,2025-06-16 05:15:00+00:00,2025-06-16 05:15:00+00:00,{},False
O-20250616-051500-001-V2-2442,BACKTESTER-001,MLSignalStrategyV2-V2,EUR/USD.IDEALPRO,IDEALPRO-1-2442,IDEALPRO-001,IDEALPRO-1-335515,EUR/USD.IDEALPRO-MLSignalStrategyV2-V2,SELL,LIMIT,100000.00,1.15538,USD,2.31 USD,MAKER,d10d83d5-810b-4a13-80ce-8d68f441da7a,2025-06-16 05:24:00+00:00,2025-06-16 05:24:00+00:00,{},False
O-20250616-073000-001-V2-2443,BACKTESTER-001,MLSignalStrategyV2-V2,EUR/USD.IDEALPRO,IDEALPRO-1-2443,IDEALPRO-001,IDEALPRO-1-335768,EUR/USD.IDEALPRO-MLSignalStrategyV2-V2,SELL,MARKET,100000.00,1.15818,USD,2.32 USD,TAKER,3048a140-5978-4a9d-b1f4-a90882a821d8,2025-06-16 07:30:00+00:00,2025-06-16 07:30:00+00:00,{},False
O-20250616-073000-001-V2-2445,BACKTESTER-001,MLSignalStrategyV2-V2,EUR/USD.IDEALPRO,IDEALPRO-1-2445,IDEALPRO-001,IDEALPRO-1-336273,EUR/USD.IDEALPRO-MLSignalStrategyV2-V2,BUY,LIMIT,100000.00,1.15700,USD,2.31 USD,MAKER,a344f2bd-da96-4a6a-bd99-90b3939d79ab,2025-06-16 11:42:00+00:00,2025-06-16 11:42:00+00:00,{},False
O-20250616-141500-001-V2-2446,BACKTESTER-001,MLSignalStrategyV2-V2,EUR/USD.IDEALPRO,IDEALPRO-1-2446,IDEALPRO-001,IDEALPRO-1-336580,EUR/USD.IDEALPRO-MLSignalStrategyV2-V2,SELL,MARKET,100000.00,1.16095,USD,2.32 USD,TAKER,bb6667da-e0ac-4e3b-ae9e-db3a0cecc79e,2025-06-16 14:15:00+00:00,2025-06-16 14:15:00+00:00,{},False
O-20250616-141500-001-V2-2448,BACKTESTER-001,MLSignalStrategyV2-V2,EUR/USD.IDEALPRO,IDEALPRO-1-2448,IDEALPRO-001,IDEALPRO-1-336637,EUR/USD.IDEALPRO-MLSignalStrategyV2-V2,BUY,LIMIT,100000.00,1.15970,USD,2.32 USD,MAKER,bcc909b2-24cb-4244-a83f-35653619bac6,2025-06-16 14:43:00+00:00,2025-06-16 14:43:00+00:00,{},False
O-20250616-150000-001-V2-2449,BACKTESTER-001,MLSignalStrategyV2-V2,EUR/USD.IDEALPRO,IDEALPRO-1-2449,IDEALPRO-001,IDEALPRO-1-336672,EUR/USD.IDEALPRO-MLSignalStrategyV2-V2,SELL,MARKET,100000.00,1.15915,USD,2.32 USD,TAKER,299c4173-1345-499b-be97-d1c184219702,2025-06-16 15:00:00+00:00,2025-06-16 15:00:00+00:00,{},False
O-20250616-150000-001-V2-2451,BACKTESTER-001,MLSignalStrategyV2-V2,EUR/USD.IDEALPRO,IDEALPRO-1-2451,IDEALPRO-001,IDEALPRO-1-336777,EUR/USD.IDEALPRO-MLSignalStrategyV2-V2,BUY,LIMIT,100000.00,1.15797,USD,2.32 USD,MAKER,30aaa7c8-5cef-4c19-b38d-5d7382ea9c10,2025-06-16 15:52:00+00:00,2025-06-16 15:52:00+00:00,{},False
O-20250616-200000-001-V2-2452,BACKTESTER-001,MLSignalStrategyV2-V2,EUR/USD.IDEALPRO,IDEALPRO-1-2452,IDEALPRO-001,IDEALPRO-1-337274,EUR/USD.IDEALPRO-MLSignalStrategyV2-V2,BUY,MARKET,100000.00,1.15556,USD,2.31 USD,TAKER,2f05c42c-95e3-46e5-b37d-00456ed194cf,2025-06-16 20:00:00+00:00,2025-06-16 20:00:00+00:00,{},False
O-20250616-200000-001-V2-2454,BACKTESTER-001,MLSignalStrategyV2-V2,EUR/USD.IDEALPRO,IDEALPRO-1-2454,IDEALPRO-001,IDEALPRO-1-337287,EUR/USD.IDEALPRO-MLSignalStrategyV2-V2,SELL,LIMIT,100000.00,1.15633,USD,2.31 USD,MAKER,5b5e929e-db2f-4af2-b9f2-8809c21d4fa1,2025-06-16 20:06:00+00:00,2025-06-16 20:06:00+00:00,{},False
O-20250616-224500-001-V2-2455,BACKTESTER-001,MLSignalStrategyV2-V2,EUR/USD.IDEALPRO,IDEALPRO-1-2455,IDEALPRO-001,IDEALPRO-1-337576,EUR/USD.IDEALPRO-MLSignalStrategyV2-V2,BUY,MARKET,100000.00,1.15570,USD,2.31 USD,TAKER,2bb0e11e-a242-4eea-9fb4-72d2586aa6fa,2025-06-16 22:45:00+00:00,2025-06-16 22:45:00+00:00,{},False
O-20250616-224500-001-V2-2456,BACKTESTER-001,MLSignalStrategyV2-V2,EUR/USD.IDEALPRO,IDEALPRO-1-2456,IDEALPRO-001,IDEALPRO-1-337723,EUR/USD.IDEALPRO-MLSignalStrategyV2-V2,SELL,STOP_MARKET,100000.00,1.15492,USD,2.31 USD,TAKER,5ed8ee1f-4eb7-4ddc-8ba0-3e063916e712,2025-06-16 23:58:00+00:00,2025-06-16 23:58:00+00:00,{},False
O-20250617-010000-001-V2-2458,BACKTESTER-001,MLSignalStrategyV2-V2,EUR/USD.IDEALPRO,IDEALPRO-1-2458,IDEALPRO-001,IDEALPRO-1-337848,EUR/USD.IDEALPRO-MLSignalStrategyV2-V2,SELL,MARKET,100000.00,1.15499,USD,2.31 USD,TAKER,04080fc9-8193-48e7-beff-2496d5d468fd,2025-06-17 01:00:00+00:00,2025-06-17 01:00:00+00:00,{},False
O-20250617-010000-001-V2-2459,BACKTESTER-001,MLSignalStrategyV2-V2,EUR/USD.IDEALPRO,IDEALPRO-1-2459,IDEALPRO-001,IDEALPRO-1-337949,EUR/USD.IDEALPRO-MLSignalStrategyV2-V2,BUY,STOP_MARKET,100000.00,1.15576,USD,2.31 USD,TAKER,c108edeb-86ed-4242-aa06-fe457e42b01a,2025-06-17 01:50:00+00:00,2025-06-17 01:50:00+00:00,{},False
O-20250617-021500-001-V2-2461,BACKTESTER-001,MLSignalStrategyV2-V2,EUR/USD.IDEALPRO,IDEALPRO-1-2461,IDEALPRO-001,IDEALPRO-1-338000,EUR/USD.IDEALPRO-MLSignalStrategyV2-V2,SELL,MARKET,100000.00,1.15501,USD,2.31 USD,TAKER,fdea065d-25a9-4199-b827-0ea049b1397e,2025-06-17 02:15:00+00:00,2025-06-17 02:15:00+00:00,{},False
O-20250617-021500-001-V2-2462,BACKTESTER-001,MLSignalStrategyV2-V2,EUR/USD.IDEALPRO,IDEALPRO-1-2462,IDEALPRO-001,IDEALPRO-1-338079,EUR/USD.IDEALPRO-MLSignalStrategyV2-V2,BUY,STOP_MARKET,100000.00,1.15609,USD,2.31 USD,TAKER,bb61a67c-7c18-45b7-a0a3-5a7bb7577f19,2025-06-17 02:54:00+00:00,2025-06-17 02:54:00+00:00,{},False
O-20250617-094500-001-V2-2464,BACKTESTER-001,MLSignalStrategyV2-V2,EUR/USD.IDEALPRO,IDEALPRO-1-2464,IDEALPRO-001,IDEALPRO-1-338903,EUR/USD.IDEALPRO-MLSignalStrategyV2-V2,BUY,MARKET,100000.00,1.15579,USD,2.31 USD,TAKER,9f4f88fb-406d-415b-bb56-7f708cef3362,2025-06-17 09:45:00+00:00,2025-06-17 09:45:00+00:00,{},False
O-20250617-094500-001-V2-2466,BACKTESTER-001,MLSignalStrategyV2-V2,EUR/USD.IDEALPRO,IDEALPRO-1-2466,IDEALPRO-001,IDEALPRO-1-339009,EUR/USD.IDEALPRO-MLSignalStrategyV2-V2,SELL,LIMIT,100000.00,1.15659,USD,2.31 USD,MAKER,61965c55-1087-474e-baa7-e57ac02e417b,2025-06-17 10:38:00+00:00,2025-06-17 10:38:00+00:00,{},False
O-20250617-163000-001-V2-2467,BACKTESTER-001,MLSignalStrategyV2-V2,EUR/USD.IDEALPRO,IDEALPRO-1-2467,IDEALPRO-001,IDEALPRO-1-339714,EUR/USD.IDEALPRO-MLSignalStrategyV2-V2,BUY,MARKET,100000.00,1.15239,USD,2.30 USD,TAKER,8751cdbf-6657-4918-9247-eeb324406cb5,2025-06-17 16:30:00+00:00,2025-06-17 16:30:00+00:00,{},False
O-20250617-163000-001-V2-2468,BACKTESTER-001,MLSignalStrategyV2-V2,EUR/USD.IDEALPRO,IDEALPRO-1-2468,IDEALPRO-001,IDEALPRO-1-339755,EUR/USD.IDEALPRO-MLSignalStrategyV2-V2,SELL,STOP_MARKET,100000.00,1.15062,USD,2.30 USD,TAKER,646ba883-cb73-4e81-adbb-e199fb535528,2025-06-17 16:50:00+00:00,2025-06-17 16:50:00+00:00,{},False
O-20250617-171500-001-V2-2470,BACKTESTER-001,MLSignalStrategyV2-V2,EUR/USD.IDEALPRO,IDEALPRO-1-2470,IDEALPRO-001,IDEALPRO-1-339807,EUR/USD.IDEALPRO-MLSignalStrategyV2-V2,BUY,MARKET,100000.00,1.14975,USD,2.30 USD,TAKER,eed3c2fa-d76e-4d74-8a1c-72b8f01b0561,2025-06-17 17:15:00+00:00,2025-06-17 17:15:00+00:00,{},False
O-20250617-171500-001-V2-2471,BACKTESTER-001,MLSignalStrategyV2-V2,EUR/USD.IDEALPRO,IDEALPRO-1-2471,IDEALPRO-001,IDEALPRO-1-339871,EUR/USD.IDEALPRO-MLSignalStrategyV2-V2,SELL,STOP_MARKET,100000.00,1.14785,USD,2.30 USD,TAKER,72cf7803-6322-40db-9613-372a4781c161,2025-06-17 17:47:00+00:00,2025-06-17 17:47:00+00:00,{},False
O-20250617-200000-001-V2-2473,BACKTESTER-001,MLSignalStrategyV2-V2,EUR/USD.IDEALPRO,IDEALPRO-1-2473,IDEALPRO-001,IDEALPRO-1-340138,EUR/USD.IDEALPRO-MLSignalStrategyV2-V2,BUY,MARKET,100000.00,1.14848,USD,2.30 USD,TAKER,b7ef0637-570a-4ef1-b894-3598d009147f,2025-06-17 20:00:00+00:00,2025-06-17 20:00:00+00:00,{},False
O-20250617-200000-001-V2-2475,BACKTESTER-001,MLSignalStrategyV2-V2,EUR/USD.IDEALPRO,IDEALPRO-1-2475,IDEALPRO-001,IDEALPRO-1-340679,EUR/USD.IDEALPRO-MLSignalStrategyV2-V2,SELL,LIMIT,100000.00,1.14945,USD,2.30 USD,MAKER,3aff529f-63ee-4a24-86a0-853d185dfbbb,2025-06-18 00:45:00+00:00,2025-06-18 00:45:00+00:00,{},False
O-20250618-041500-001-V2-2476,BACKTESTER-001,MLSignalStrategyV2-V2,EUR/USD.IDEALPRO,IDEALPRO-1-2476,IDEALPRO-001,IDEALPRO-1-341100,EUR/USD.IDEALPRO-MLSignalStrategyV2-V2,BUY,MARKET,100000.00,1.15000,USD,2.30 USD,TAKER,29c5e15f-ebf4-4e73-8d99-d2ba65d53b36,2025-06-18 04:15:00+00:00,2025-06-18 04:15:00+00:00,{},False
O-20250618-041500-001-V2-2478,BACKTESTER-001,MLSignalStrategyV2-V2,EUR/USD.IDEALPRO,IDEALPRO-1-2478,IDEALPRO-001,IDEALPRO-1-341147,EUR/USD.IDEALPRO-MLSignalStrategyV2-V2,SELL,LIMIT,100000.00,1.15056,USD,2.30 USD,MAKER,a7d16e6f-4224-40e0-9fa8-f06c46a16b59,2025-06-18 04:38:00+00:00,2025-06-18 04:38:00+00:00,{},False
O-20250618-101500-001-V2-2479,BACKTESTER-001,MLSignalStrategyV2-V2,EUR/USD.IDEALPRO,IDEALPRO-1-2479,IDEALPRO-001,IDEALPRO-1-341823,EUR/USD.IDEALPRO-MLSignalStrategyV2-V2,BUY,MARKET,100000.00,1.15065,USD,2.30 USD,TAKER,1007d889-7c9e-4ce8-9270-b56aa66384fd,2025-06-18 10:15:00+00:00,2025-06-18 10:15:00+00:00,{},False
O-20250618-101500-001-V2-2480,BACKTESTER-001,MLSignalStrategyV2-V2,EUR/USD.IDEALPRO,IDEALPRO-1-2480,IDEALPRO-001,IDEALPRO-1-341903,EUR/USD.IDEALPRO-MLSignalStrategyV2-V2,SELL,STOP_MARKET,100000.00,1.14951,USD,2.30 USD,TAKER,df40b0cd-3afb-4314-a63d-c520352087bb,2025-06-18 10:55:00+00:00,2025-06-18 10:55:00+00:00,{},False
O-20250618-203000-001-V2-2482,BACKTESTER-001,MLSignalStrategyV2-V2,EUR/USD.IDEALPRO,IDEALPRO-1-2482,IDEALPRO-001,IDEALPRO-1-343054,EUR/USD.IDEALPRO-MLSignalStrategyV2-V2,BUY,MARKET,100000.00,1.14785,USD,2.30 USD,TAKER,5b7261e5-403d-4467-aa18-8b6ccbe1cf1c,2025-06-18 20:30:00+00:00,2025-06-18 20:30:00+00:00,{},False
O-20250618-203000-001-V2-2483,BACKTESTER-001,MLSignalStrategyV2-V2,EUR/USD.IDEALPRO,IDEALPRO-1-2483,IDEALPRO-001,IDEALPRO-1-343681,EUR/USD.IDEALPRO-MLSignalStrategyV2-V2,SELL,STOP_MARKET,100000.00,1.14539,USD,2.29 USD,TAKER,e0accf15-6bfd-4b3c-9d2e-21687fe57ba0,2025-06-19 01:58:00+00:00,2025-06-19 01:58:00+00:00,{},False
O-20250619-040000-001-V2-2485,BACKTESTER-001,MLSignalStrategyV2-V2,EUR/USD.IDEALPRO,IDEALPRO-1-2485,IDEALPRO-001,IDEALPRO-1-343927,EUR/USD.IDEALPRO-MLSignalStrategyV2-V2,SELL,MARKET,100000.00,1.14658,USD,2.29 USD,TAKER,34b01021-724d-4d1c-96a2-e28dd58a4cf8,2025-06-19 04:00:00+00:00,2025-06-19 04:00:00+00:00,{},False
O-20250619-040000-001-V2-2487,BACKTESTER-001,MLSignalStrategyV2-V2,EUR/USD.IDEALPRO,IDEALPRO-1-2487,IDEALPRO-001,IDEALPRO-1-344141,EUR/USD.IDEALPRO-MLSignalStrategyV2-V2,BUY,LIMIT,100000.00,1.14589,USD,2.29 USD,MAKER,5e37f3d0-ecd6-4c76-82ed-b1155ff05975,2025-06-19 05:47:00+00:00,2025-06-19 05:47:00+00:00,{},False
O-20250619-060000-001-V2-2488,BACKTESTER-001,MLSignalStrategyV2-V2,EUR/USD.IDEALPRO,IDEALPRO-1-2488,IDEALPRO-001,IDEALPRO-1-344168,EUR/USD.IDEALPRO-MLSignalStrategyV2-V2,BUY,MARKET,100000.00,1.14567,USD,2.29 USD,TAKER,f8ec9298-966e-46a8-b114-8a7df249749c,2025-06-19 06:00:00+00:00,2025-06-19 06:00:00+00:00,{},False
O-20250619-060000-001-V2-2489,BACKTESTER-001,MLSignalStrategyV2-V2,EUR/USD.IDEALPRO,IDEALPRO-1-2489,IDEALPRO-001,IDEALPRO-1-344235,EUR/USD.IDEALPRO-MLSignalStrategyV2-V2,SELL,STOP_MARKET,100000.00,1.14464,USD,2.29 USD,TAKER,578308f1-0a7e-4e60-b5aa-2a55f63ddafd,2025-06-19 06:33:00+00:00,2025-06-19 06:33:00+00:00,{},False
O-20250619-064500-001-V2-2491,BACKTESTER-001,MLSignalStrategyV2-V2,EUR/USD.IDEALPRO,IDEALPRO-1-2491,IDEALPRO-001,IDEALPRO-1-344260,EUR/USD.IDEALPRO-MLSignalStrategyV2-V2,BUY,MARKET,100000.00,1.14569,USD,2.29 USD,TAKER,1f5c87dd-50de-4c1e-b1f1-e9e5b5edf7bc,2025-06-19 06:45:00+00:00,2025-06-19 06:45:00+00:00,{},False
O-20250619-064500-001-V2-2493,BACKTESTER-001,MLSignalStrategyV2-V2,EUR/USD.IDEALPRO,IDEALPRO-1-2493,IDEALPRO-001,IDEALPRO-1-344271,EUR/USD.IDEALPRO-MLSignalStrategyV2-V2,SELL,LIMIT,100000.00,1.14642,USD,2.29 USD,MAKER,3b99d9d2-12ab-43e2-aa53-f035049ab7ae,2025-06-19 06:50:00+00:00,2025-06-19 06:50:00+00:00,{},False
O-20250619-133000-001-V2-2494,BACKTESTER-001,MLSignalStrategyV2-V2,EUR/USD.IDEALPRO,IDEALPRO-1-2494,IDEALPRO-001,IDEALPRO-1-345072,EUR/USD.IDEALPRO-MLSignalStrategyV2-V2,BUY,MARKET,100000.00,1.14799,USD,2.30 USD,TAKER,f0a019c9-e964-4170-9ce7-bd918a998c5f,2025-06-19 13:30:00+00:00,2025-06-19 13:30:00+00:00,{},False
O-20250619-133000-001-V2-2495,BACKTESTER-001,MLSignalStrategyV2-V2,EUR/USD.IDEALPRO,IDEALPRO-1-2495,IDEALPRO-001,IDEALPRO-1-345191,EUR/USD.IDEALPRO-MLSignalStrategyV2-V2,SELL,STOP_MARKET,100000.00,1.14684,USD,2.29 USD,TAKER,b57188f7-77a9-452d-af6e-64d5635b4f39,2025-06-19 14:29:00+00:00,2025-06-19 14:29:00+00:00,{},False
O-20250619-180000-001-V2-2497,BACKTESTER-001,MLSignalStrategyV2-V2,EUR/USD.IDEALPRO,IDEALPRO-1-2497,IDEALPRO-001,IDEALPRO-1-345614,EUR/USD.IDEALPRO-MLSignalStrategyV2-V2,BUY,MARKET,100000.00,1.14790,USD,2.30 USD,TAKER,07f4013c-51d5-49b7-a6af-190331c5fff9,2025-06-19 18:00:00+00:00,2025-06-19 18:00:00+00:00,{},False
O-20250619-180000-001-V2-2499,BACKTESTER-001,MLSignalStrategyV2-V2,EUR/USD.IDEALPRO,IDEALPRO-1-2499,IDEALPRO-001,IDEALPRO-1-345681,EUR/USD.IDEALPRO-MLSignalStrategyV2-V2,SELL,LIMIT,100000.00,1.14866,USD,2.30 USD,MAKER,3e9da461-bb04-4879-bd4b-a0de0e8f6f01,2025-06-19 18:33:00+00:00,2025-06-19 18:33:00+00:00,{},False
O-20250620-030000-001-V2-2500,BACKTESTER-001,MLSignalStrategyV2-V2,EUR/USD.IDEALPRO,IDEALPRO-1-2500,IDEALPRO-001,IDEALPRO-1-346666,EUR/USD.IDEALPRO-MLSignalStrategyV2-V2,BUY,MARKET,100000.00,1.15182,USD,2.30 USD,TAKER,d7dc5d91-3b94-4725-b67c-de816b6bf37f,2025-06-20 03:00:00+00:00,2025-06-20 03:00:00+00:00,{},False
O-20250620-030000-001-V2-2502,BACKTESTER-001,MLSignalStrategyV2-V2,EUR/USD.IDEALPRO,IDEALPRO-1-2502,IDEALPRO-001,IDEALPRO-1-346705,EUR/USD.IDEALPRO-MLSignalStrategyV2-V2,SELL,LIMIT,100000.00,1.15261,USD,2.31 USD,MAKER,cfd88811-3338-477b-9eac-6de611aca926,2025-06-20 03:19:00+00:00,2025-06-20 03:19:00+00:00,{},False
O-20250620-160000-001-V2-2503,BACKTESTER-001,MLSignalStrategyV2-V2,EUR/USD.IDEALPRO,IDEALPRO-1-2503,IDEALPRO-001,IDEALPRO-1-348228,EUR/USD.IDEALPRO-MLSignalStrategyV2-V2,BUY,MARKET,100000.00,1.15197,USD,2.30 USD,TAKER,1420a2cd-d9af-4721-96d9-711c187dcfd0,2025-06-20 16:00:00+00:00,2025-06-20 16:00:00+00:00,{},False
O-20250620-160000-001-V2-2505,BACKTESTER-001,MLSignalStrategyV2-V2,EUR/USD.IDEALPRO,IDEALPRO-1-2505,IDEALPRO-001,IDEALPRO-1-348271,EUR/USD.IDEALPRO-MLSignalStrategyV2-V2,SELL,LIMIT,100000.00,1.15305,USD,2.31 USD,MAKER,9e0356f9-9191-4bdf-a6c9-66caddb9ac96,2025-06-20 16:21:00+00:00,2025-06-20 16:21:00+00:00,{},False
O-20250622-213000-001-V2-2506,BACKTESTER-001,MLSignalStrategyV2-V2,EUR/USD.IDEALPRO,IDEALPRO-1-2506,IDEALPRO-001,IDEALPRO-1-348860,EUR/USD.IDEALPRO-MLSignalStrategyV2-V2,BUY,MARKET,100000.00,1.14720,USD,2.29 USD,TAKER,ca83128a-3e58-4415-8c9c-d5f3e39729e0,2025-06-22 21:30:00+00:00,2025-06-22 21:30:00+00:00,{},False
O-20250622-213000-001-V2-2508,BACKTESTER-001,MLSignalStrategyV2-V2,EUR/USD.IDEALPRO,IDEALPRO-1-2508,IDEALPRO-001,IDEALPRO-1-348925,EUR/USD.IDEALPRO-MLSignalStrategyV2-V2,SELL,LIMIT,100000.00,1.14890,USD,2.30 USD,MAKER,957fc6ab-549d-4f08-9814-26cb1ae7b2d3,2025-06-22 22:02:00+00:00,2025-06-22 22:02:00+00:00,{},False
O-20250622-221500-001-V2-2509,BACKTESTER-001,MLSignalStrategyV2-V2,EUR/USD.IDEALPRO,IDEALPRO-1-2509,IDEALPRO-001,IDEALPRO-1-348952,EUR/USD.IDEALPRO-MLSignalStrategyV2-V2,BUY,MARKET,100000.00,1.14869,USD,2.30 USD,TAKER,89de1176-426e-462d-8ec5-0e8d53430623,2025-06-22 22:15:00+00:00,2025-06-22 22:15:00+00:00,{},False
O-20250622-221500-001-V2-2511,BACKTESTER-001,MLSignalStrategyV2-V2,EUR/USD.IDEALPRO,IDEALPRO-1-2511,IDEALPRO-001,IDEALPRO-1-349079,EUR/USD.IDEALPRO-MLSignalStrategyV2-V2,SELL,LIMIT,100000.00,1.14966,USD,2.30 USD,MAKER,94eacf61-21e3-496b-adf2-3454a2887046,2025-06-22 23:18:00+00:00,2025-06-22 23:18:00+00:00,{},False
O-20250622-233000-001-V2-2512,BACKTESTER-001,MLSignalStrategyV2-V2,EUR/USD.IDEALPRO,IDEALPRO-1-2512,IDEALPRO-001,IDEALPRO-1-349104,EUR/USD.IDEALPRO-MLSignalStrategyV2-V2,BUY,MARKET,100000.00,1.14985,USD,2.30 USD,TAKER,22d75ef0-d02d-4112-91a8-62257e0d2752,2025-06-22 23:30:00+00:00,2025-06-22 23:30:00+00:00,{},False
O-20250622-233000-001-V2-2513,BACKTESTER-001,MLSignalStrategyV2-V2,EUR/USD.IDEALPRO,IDEALPRO-1-2513,IDEALPRO-001,IDEALPRO-1-349205,EUR/USD.IDEALPRO-MLSignalStrategyV2-V2,SELL,STOP_MARKET,100000.00,1.14857,USD,2.30 USD,TAKER,d8e18cac-faba-4532-afaa-89302dd0e121,2025-06-23 00:20:00+00:00,2025-06-23 00:20:00+00:00,{},False
O-20250623-050000-001-V2-2515,BACKTESTER-001,MLSignalStrategyV2-V2,EUR/USD.IDEALPRO,IDEALPRO-1-2515,IDEALPRO-001,IDEALPRO-1-349766,EUR/USD.IDEALPRO-MLSignalStrategyV2-V2,BUY,MARKET,100000.00,1.14908,USD,2.30 USD,TAKER,465d034a-4256-4985-a672-d7a9477059bf,2025-06-23 05:00:00+00:00,2025-06-23 05:00:00+00:00,{},False
O-20250623-050000-001-V2-2517,BACKTESTER-001,MLSignalStrategyV2-V2,EUR/USD.IDEALPRO,IDEALPRO-1-2517,IDEALPRO-001,IDEALPRO-1-349791,EUR/USD.IDEALPRO-MLSignalStrategyV2-V2,SELL,LIMIT,100000.00,1.14987,USD,2.30 USD,MAKER,e205943c-3117-453b-bd08-4b6c45313e3a,2025-06-23 05:12:00+00:00,2025-06-23 05:12:00+00:00,{},False
O-20250623-051500-001-V2-2518,BACKTESTER-001,MLSignalStrategyV2-V2,EUR/USD.IDEALPRO,IDEALPRO-1-2518,IDEALPRO-001,IDEALPRO-1-349798,EUR/USD.IDEALPRO-MLSignalStrategyV2-V2,BUY,MARKET,100000.00,1.14958,USD,2.30 USD,TAKER,db1ca804-2fc7-45bf-875b-bec0fea5f1cd,2025-06-23 05:15:00+00:00,2025-06-23 05:15:00+00:00,{},False
O-20250623-051500-001-V2-2520,BACKTESTER-001,MLSignalStrategyV2-V2,EUR/USD.IDEALPRO,IDEALPRO-1-2520,IDEALPRO-001,IDEALPRO-1-349831,EUR/USD.IDEALPRO-MLSignalStrategyV2-V2,SELL,LIMIT,100000.00,1.15036,USD,2.30 USD,MAKER,51cc5df4-a10c-4b79-a78f-bd958da1531f,2025-06-23 05:31:00+00:00,2025-06-23 05:31:00+00:00,{},False
O-20250623-070000-001-V2-2521,BACKTESTER-001,MLSignalStrategyV2-V2,EUR/USD.IDEALPRO,IDEALPRO-1-2521,IDEALPRO-001,IDEALPRO-1-350011,EUR/USD.IDEALPRO-MLSignalStrategyV2-V2,SELL,MARKET,100000.00,1.15070,USD,2.30 USD,TAKER,ae2f8497-fa15-4ceb-ae57-64771bd5832e,2025-06-23 07:00:00+00:00,2025-06-23 07:00:00+00:00,{},False
O-20250623-070000-001-V2-2523,BACKTESTER-001,MLSignalStrategyV2-V2,EUR/USD.IDEALPRO,IDEALPRO-1-2523,IDEALPRO-001,IDEALPRO-1-350041,EUR/USD.IDEALPRO-MLSignalStrategyV2-V2,BUY,LIMIT,100000.00,1.14990,USD,2.30 USD,MAKER,5c1897e6-4960-48c9-9bd2-7bff05fe5b2d,2025-06-23 07:15:00+00:00,2025-06-23 07:15:00+00:00,{},False
O-20250623-084500-001-V2-2524,BACKTESTER-001,MLSignalStrategyV2-V2,EUR/USD.IDEALPRO,IDEALPRO-1-2524,IDEALPRO-001,IDEALPRO-1-350222,EUR/USD.IDEALPRO-MLSignalStrategyV2-V2,BUY,MARKET,100000.00,1.14875,USD,2.30 USD,TAKER,0ef43367-3e1c-48cb-8932-543c45ca13c5,2025-06-23 08:45:00+00:00,2025-06-23 08:45:00+00:00,{},False
O-20250623-084500-001-V2-2525,BACKTESTER-001,MLSignalStrategyV2-V2,EUR/USD.IDEALPRO,IDEALPRO-1-2525,IDEALPRO-001,IDEALPRO-1-350261,EUR/USD.IDEALPRO-MLSignalStrategyV2-V2,SELL,STOP_MARKET,100000.00,1.14753,USD,2.30 USD,TAKER,c8375cbe-9832-4d47-86d8-ef57c3205625,2025-06-23 09:04:00+00:00,2025-06-23 09:04:00+00:00,{},False
O-20250623-103000-001-V2-2527,BACKTESTER-001,MLSignalStrategyV2-V2,EUR/USD.IDEALPRO,IDEALPRO-1-2527,IDEALPRO-001,IDEALPRO-1-350434,EUR/USD.IDEALPRO-MLSignalStrategyV2-V2,BUY,MARKET,100000.00,1.14678,USD,2.29 USD,TAKER,5313d047-d12a-4622-842d-9d7bf1d602ad,2025-06-23 10:30:00+00:00,2025-06-23 10:30:00+00:00,{},False
O-20250623-103000-001-V2-2529,BACKTESTER-001,MLSignalStrategyV2-V2,EUR/USD.IDEALPRO,IDEALPRO-1-2529,IDEALPRO-001,IDEALPRO-1-350815,EUR/USD.IDEALPRO-MLSignalStrategyV2-V2,SELL,LIMIT,100000.00,1.14857,USD,2.30 USD,MAKER,c66b014d-ce58-4e2c-9d70-b43df6f7ea74,2025-06-23 13:40:00+00:00,2025-06-23 13:40:00+00:00,{},False
O-20250623-143000-001-V2-2530,BACKTESTER-001,MLSignalStrategyV2-V2,EUR/USD.IDEALPRO,IDEALPRO-1-2530,IDEALPRO-001,IDEALPRO-1-350916,EUR/USD.IDEALPRO-MLSignalStrategyV2-V2,SELL,MARKET,100000.00,1.15300,USD,2.31 USD,TAKER,1c816b71-75d6-4c25-abb9-a8d02296f3ad,2025-06-23 14:30:00+00:00,2025-06-23 14:30:00+00:00,{},False
O-20250623-143000-001-V2-2531,BACKTESTER-001,MLSignalStrategyV2-V2,EUR/USD.IDEALPRO,IDEALPRO-1-2531,IDEALPRO-001,IDEALPRO-1-351031,EUR/USD.IDEALPRO-MLSignalStrategyV2-V2,BUY,STOP_MARKET,100000.00,1.15488,USD,2.31 USD,TAKER,3454f1ce-a2c7-41de-8b82-dc70e5fdfb8e,2025-06-23 15:27:00+00:00,2025-06-23 15:27:00+00:00,{},False
O-20250623-191500-001-V2-2533,BACKTESTER-001,MLSignalStrategyV2-V2,EUR/USD.IDEALPRO,IDEALPRO-1-2533,IDEALPRO-001,IDEALPRO-1-351489,EUR/USD.IDEALPRO-MLSignalStrategyV2-V2,BUY,MARKET,100000.00,1.15768,USD,2.32 USD,TAKER,09019065-97f3-45cc-9dae-440aa2b4e5eb,2025-06-23 19:15:00+00:00,2025-06-23 19:15:00+00:00,{},False
O-20250623-191500-001-V2-2535,BACKTESTER-001,MLSignalStrategyV2-V2,EUR/USD.IDEALPRO,IDEALPRO-1-2535,IDEALPRO-001,IDEALPRO-1-351801,EUR/USD.IDEALPRO-MLSignalStrategyV2-V2,SELL,LIMIT,100000.00,1.15893,USD,2.32 USD,MAKER,fccf59d2-ef02-4ac3-84b4-08874704d630,2025-06-23 22:06:00+00:00,2025-06-23 22:06:00+00:00,{},False
O-20250624-004500-001-V2-2536,BACKTESTER-001,MLSignalStrategyV2-V2,EUR/USD.IDEALPRO,IDEALPRO-1-2536,IDEALPRO-001,IDEALPRO-1-352120,EUR/USD.IDEALPRO-MLSignalStrategyV2-V2,BUY,MARKET,100000.00,1.16041,USD,2.32 USD,TAKER,a27f9420-02b0-4174-910d-3c6463712d70,2025-06-24 00:45:00+00:00,2025-06-24 00:45:00+00:00,{},False
O-20250624-004500-001-V2-2537,BACKTESTER-001,MLSignalStrategyV2-V2,EUR/USD.IDEALPRO,IDEALPRO-1-2537,IDEALPRO-001,IDEALPRO-1-352133,EUR/USD.IDEALPRO-MLSignalStrategyV2-V2,SELL,STOP_MARKET,100000.00,1.15896,USD,2.32 USD,TAKER,ea2503ab-916f-4b5a-a29d-f2809b10bcd7,2025-06-24 00:51:00+00:00,2025-06-24 00:51:00+00:00,{},False
O-20250624-010000-001-V2-2539,BACKTESTER-001,MLSignalStrategyV2-V2,EUR/USD.IDEALPRO,IDEALPRO-1-2539,IDEALPRO-001,IDEALPRO-1-352152,EUR/USD.IDEALPRO-MLSignalStrategyV2-V2,BUY,MARKET,100000.00,1.15994,USD,2.32 USD,TAKER,8e5e8c85-434e-4fd1-9247-c95dd44a114f,2025-06-24 01:00:00+00:00,2025-06-24 01:00:00+00:00,{},False
O-20250624-010000-001-V2-2540,BACKTESTER-001,MLSignalStrategyV2-V2,EUR/USD.IDEALPRO,IDEALPRO-1-2540,IDEALPRO-001,IDEALPRO-1-352293,EUR/USD.IDEALPRO-MLSignalStrategyV2-V2,SELL,STOP_MARKET,100000.00,1.15867,USD,2.32 USD,TAKER,2a96258d-00a4-4a10-87b6-bf23b1beb8c2,2025-06-24 02:10:00+00:00,2025-06-24 02:10:00+00:00,{},False
O-20250624-041500-001-V2-2542,BACKTESTER-001,MLSignalStrategyV2-V2,EUR/USD.IDEALPRO,IDEALPRO-1-2542,IDEALPRO-001,IDEALPRO-1-352545,EUR/USD.IDEALPRO-MLSignalStrategyV2-V2,BUY,MARKET,100000.00,1.16041,USD,2.32 USD,TAKER,c142f559-1449-4961-af6e-a82188ec17ca,2025-06-24 04:15:00+00:00,2025-06-24 04:15:00+00:00,{},False
O-20250624-041500-001-V2-2544,BACKTESTER-001,MLSignalStrategyV2-V2,EUR/USD.IDEALPRO,IDEALPRO-1-2544,IDEALPRO-001,IDEALPRO-1-352609,EUR/USD.IDEALPRO-MLSignalStrategyV2-V2,SELL,LIMIT,100000.00,1.16131,USD,2.32 USD,MAKER,2158ca55-bf4f-4a2c-a1bf-a5bcbb6a0f3b,2025-06-24 04:47:00+00:00,2025-06-24 04:47:00+00:00,{},False
O-20250624-080000-001-V2-2545,BACKTESTER-001,MLSignalStrategyV2-V2,EUR/USD.IDEALPRO,IDEALPRO-1-2545,IDEALPRO-001,IDEALPRO-1-352996,EUR/USD.IDEALPRO-MLSignalStrategyV2-V2,BUY,MARKET,100000.00,1.15917,USD,2.32 USD,TAKER,5d9828a2-5623-4410-b70e-402e4900426d,2025-06-24 08:00:00+00:00,2025-06-24 08:00:00+00:00,{},False
O-20250624-080000-001-V2-2547,BACKTESTER-001,MLSignalStrategyV2-V2,EUR/USD.IDEALPRO,IDEALPRO-1-2547,IDEALPRO-001,IDEALPRO-1-353157,EUR/USD.IDEALPRO-MLSignalStrategyV2-V2,SELL,LIMIT,100000.00,1.16081,USD,2.32 USD,MAKER,29bfd47e-c381-4723-8715-aba204435de4,2025-06-24 09:20:00+00:00,2025-06-24 09:20:00+00:00,{},False
O-20250624-171500-001-V2-2548,BACKTESTER-001,MLSignalStrategyV2-V2,EUR/USD.IDEALPRO,IDEALPRO-1-2548,IDEALPRO-001,IDEALPRO-1-354108,EUR/USD.IDEALPRO-MLSignalStrategyV2-V2,SELL,MARKET,100000.00,1.16253,USD,2.33 USD,TAKER,7354114e-28d0-47d7-a26c-ca4194f60de2,2025-06-24 17:15:00+00:00,2025-06-24 17:15:00+00:00,{},False
O-20250624-171500-001-V2-2550,BACKTESTER-001,MLSignalStrategyV2-V2,EUR/USD.IDEALPRO,IDEALPRO-1-2550,IDEALPRO-001,IDEALPRO-1-354431,EUR/USD.IDEALPRO-MLSignalStrategyV2-V2,BUY,LIMIT,100000.00,1.16143,USD,2.32 USD,MAKER,12143355-21f7-4828-b01a-f9c1843fe534,2025-06-24 19:56:00+00:00,2025-06-24 19:56:00+00:00,{},False
O-20250624-220000-001-V2-2551,BACKTESTER-001,MLSignalStrategyV2-V2,EUR/USD.IDEALPRO,IDEALPRO-1-2551,IDEALPRO-001,IDEALPRO-1-354650,EUR/USD.IDEALPRO-MLSignalStrategyV2-V2,SELL,MARKET,100000.00,1.16104,USD,2.32 USD,TAKER,8b744e85-2be3-44e1-ada8-68d1ba950dc9,2025-06-24 22:00:00+00:00,2025-06-24 22:00:00+00:00,{},False
O-20250624-220000-001-V2-2552,BACKTESTER-001,MLSignalStrategyV2-V2,EUR/USD.IDEALPRO,IDEALPRO-1-2552,IDEALPRO-001,IDEALPRO-1-354897,EUR/USD.IDEALPRO-MLSignalStrategyV2-V2,BUY,STOP_MARKET,100000.00,1.16187,USD,2.32 USD,TAKER,a9c5d791-a647-4c87-b314-f54ed510242b,2025-06-25 00:03:00+00:00,2025-06-25 00:03:00+00:00,{},False
O-20250625-023000-001-V2-2554,BACKTESTER-001,MLSignalStrategyV2-V2,EUR/USD.IDEALPRO,IDEALPRO-1-2554,IDEALPRO-001,IDEALPRO-1-355192,EUR/USD.IDEALPRO-MLSignalStrategyV2-V2,SELL,MARKET,100000.00,1.16247,USD,2.32 USD,TAKER,fea24233-a0bf-4f32-895e-8f42c261e595,2025-06-25 02:30:00+00:00,2025-06-25 02:30:00+00:00,{},False
O-20250625-023000-001-V2-2556,BACKTESTER-001,MLSignalStrategyV2-V2,EUR/USD.IDEALPRO,IDEALPRO-1-2556,IDEALPRO-001,IDEALPRO-1-355241,EUR/USD.IDEALPRO-MLSignalStrategyV2-V2,BUY,LIMIT,100000.00,1.16178,USD,2.32 USD,MAKER,d0f460f6-23dc-49cb-8173-955b4dbd6f37,2025-06-25 02:54:00+00:00,2025-06-25 02:54:00+00:00,{},False
O-20250625-030000-001-V2-2557,BACKTESTER-001,MLSignalStrategyV2-V2,EUR/USD.IDEALPRO,IDEALPRO-1-2557,IDEALPRO-001,IDEALPRO-1-355254,EUR/USD.IDEALPRO-MLSignalStrategyV2-V2,SELL,MARKET,100000.00,1.16206,USD,2.32 USD,TAKER,21d2790b-3b95-46d5-bb7c-1208d2b43c68,2025-06-25 03:00:00+00:00,2025-06-25 03:00:00+00:00,{},False
O-20250625-030000-001-V2-2559,BACKTESTER-001,MLSignalStrategyV2-V2,EUR/USD.IDEALPRO,IDEALPRO-1-2559,IDEALPRO-001,IDEALPRO-1-355359,EUR/USD.IDEALPRO-MLSignalStrategyV2-V2,BUY,LIMIT,100000.00,1.16142,USD,2.32 USD,MAKER,aab2aa83-e62f-448e-8791-7baaf8e366a2,2025-06-25 03:52:00+00:00,2025-06-25 03:52:00+00:00,{},False
O-20250625-044500-001-V2-2560,BACKTESTER-001,MLSignalStrategyV2-V2,EUR/USD.IDEALPRO,IDEALPRO-1-2560,IDEALPRO-001,IDEALPRO-1-355467,EUR/USD.IDEALPRO-MLSignalStrategyV2-V2,SELL,MARKET,100000.00,1.16137,USD,2.32 USD,TAKER,1d2003ab-ddd9-472c-9284-31a47c9a6ea3,2025-06-25 04:45:00+00:00,2025-06-25 04:45:00+00:00,{},False
O-20250625-044500-001-V2-2561,BACKTESTER-001,MLSignalStrategyV2-V2,EUR/USD.IDEALPRO,IDEALPRO-1-2561,IDEALPRO-001,IDEALPRO-1-355617,EUR/USD.IDEALPRO-MLSignalStrategyV2-V2,BUY,STOP_MARKET,100000.00,1.16204,USD,2.32 USD,TAKER,77866eb8-f996-4a5d-a7c5-9b0247db1887,2025-06-25 06:00:00+00:00,2025-06-25 06:00:00+00:00,{},False
O-20250625-074500-001-V2-2563,BACKTESTER-001,MLSignalStrategyV2-V2,EUR/USD.IDEALPRO,IDEALPRO-1-2563,IDEALPRO-001,IDEALPRO-1-355828,EUR/USD.IDEALPRO-MLSignalStrategyV2-V2,BUY,MARKET,100000.00,1.16078,USD,2.32 USD,TAKER,6697e466-8dc2-487c-9229-3002a30a926c,2025-06-25 07:45:00+00:00,2025-06-25 07:45:00+00:00,{},False
O-20250625-074500-001-V2-2564,BACKTESTER-001,MLSignalStrategyV2-V2,EUR/USD.IDEALPRO,IDEALPRO-1-2564,IDEALPRO-001,IDEALPRO-1-355843,EUR/USD.IDEALPRO-MLSignalStrategyV2-V2,SELL,STOP_MARKET,100000.00,1.15975,USD,2.32 USD,TAKER,3e526081-e9ff-4763-ab83-89552c7472a4,2025-06-25 07:52:00+00:00,2025-06-25 07:52:00+00:00,{},False
O-20250625-080000-001-V2-2566,BACKTESTER-001,MLSignalStrategyV2-V2,EUR/USD.IDEALPRO,IDEALPRO-1-2566,IDEALPRO-001,IDEALPRO-1-355860,EUR/USD.IDEALPRO-MLSignalStrategyV2-V2,BUY,MARKET,100000.00,1.15991,USD,2.32 USD,TAKER,f3c82372-c638-4326-868f-4b4e3839073c,2025-06-25 08:00:00+00:00,2025-06-25 08:00:00+00:00,{},False
O-20250625-080000-001-V2-2568,BACKTESTER-001,MLSignalStrategyV2-V2,EUR/USD.IDEALPRO,IDEALPRO-1-2568,IDEALPRO-001,IDEALPRO-1-355951,EUR/USD.IDEALPRO-MLSignalStrategyV2-V2,SELL,LIMIT,100000.00,1.16073,USD,2.32 USD,MAKER,239e65f6-12c2-47b2-9135-abe9d189f78d,2025-06-25 08:45:00+00:00,2025-06-25 08:45:00+00:00,{},False
O-20250625-213000-001-V2-2569,BACKTESTER-001,MLSignalStrategyV2-V2,EUR/USD.IDEALPRO,IDEALPRO-1-2569,IDEALPRO-001,IDEALPRO-1-357453,EUR/USD.IDEALPRO-MLSignalStrategyV2-V2,BUY,MARKET,100000.00,1.16553,USD,2.33 USD,TAKER,f88679c9-27ec-4f91-b472-875299f58f2d,2025-06-25 21:30:00+00:00,2025-06-25 21:30:00+00:00,{},False
O-20250625-213000-001-V2-2571,BACKTESTER-001,MLSignalStrategyV2-V2,EUR/USD.IDEALPRO,IDEALPRO-1-2571,IDEALPRO-001,IDEALPRO-1-357635,EUR/USD.IDEALPRO-MLSignalStrategyV2-V2,SELL,LIMIT,100000.00,1.16647,USD,2.33 USD,MAKER,5c0bbd83-25af-40cc-ab95-1da19803bfe9,2025-06-25 23:01:00+00:00,2025-06-25 23:01:00+00:00,{},False
O-20250625-234500-001-V2-2572,BACKTESTER-001,MLSignalStrategyV2-V2,EUR/USD.IDEALPRO,IDEALPRO-1-2572,IDEALPRO-001,IDEALPRO-1-357725,EUR/USD.IDEALPRO-MLSignalStrategyV2-V2,SELL,MARKET,100000.00,1.16771,USD,2.34 USD,TAKER,095490c9-b38b-4371-a937-fbcd1d026307,2025-06-25 23:45:00+00:00,2025-06-25 23:45:00+00:00,{},False
O-20250625-234500-001-V2-2573,BACKTESTER-001,MLSignalStrategyV2-V2,EUR/USD.IDEALPRO,IDEALPRO-1-2573,IDEALPRO-001,IDEALPRO-1-357749,EUR/USD.IDEALPRO-MLSignalStrategyV2-V2,BUY,STOP_MARKET,100000.00,1.16848,USD,2.34 USD,TAKER,c8abd519-48b7-448a-a5f6-b13ca6184d8a,2025-06-25 23:57:00+00:00,2025-06-25 23:57:00+00:00,{},False
O-20250626-000000-001-V2-2575,BACKTESTER-001,MLSignalStrategyV2-V2,EUR/USD.IDEALPRO,IDEALPRO-1-2575,IDEALPRO-001,IDEALPRO-1-357756,EUR/USD.IDEALPRO-MLSignalStrategyV2-V2,SELL,MARKET,100000.00,1.16834,USD,2.34 USD,TAKER,2fa1693b-0c21-4f22-9266-4eba6258fdaf,2025-06-26 00:00:00+00:00,2025-06-26 00:00:00+00:00,{},False
O-20250626-000000-001-V2-2577,BACKTESTER-001,MLSignalStrategyV2-V2,EUR/USD.IDEALPRO,IDEALPRO-1-2577,IDEALPRO-001,IDEALPRO-1-357907,EUR/USD.IDEALPRO-MLSignalStrategyV2-V2,BUY,LIMIT,100000.00,1.16759,USD,2.34 USD,MAKER,c0e5c6d6-db53-49c3-ab2d-0d9e9e7e741b,2025-06-26 01:15:00+00:00,2025-06-26 01:15:00+00:00,{},False
O-20250626-033000-001-V2-2578,BACKTESTER-001,MLSignalStrategyV2-V2,EUR/USD.IDEALPRO,IDEALPRO-1-2578,IDEALPRO-001,IDEALPRO-1-358178,EUR/USD.IDEALPRO-MLSignalStrategyV2-V2,SELL,MARKET,100000.00,1.16949,USD,2.34 USD,TAKER,4bec756b-2534-4927-814a-e1594c105eea,2025-06-26 03:30:00+00:00,2025-06-26 03:30:00+00:00,{},False
O-20250626-033000-001-V2-2580,BACKTESTER-001,MLSignalStrategyV2-V2,EUR/USD.IDEALPRO,IDEALPRO-1-2580,IDEALPRO-001,IDEALPRO-1-358263,EUR/USD.IDEALPRO-MLSignalStrategyV2-V2,BUY,LIMIT,100000.00,1.16847,USD,2.34 USD,MAKER,5a311c2b-1ce9-43a3-8d5b-5399926f6258,2025-06-26 04:12:00+00:00,2025-06-26 04:12:00+00:00,{},False
O-20250626-063000-001-V2-2581,BACKTESTER-001,MLSignalStrategyV2-V2,EUR/USD.IDEALPRO,IDEALPRO-1-2581,IDEALPRO-001,IDEALPRO-1-358541,EUR/USD.IDEALPRO-MLSignalStrategyV2-V2,SELL,MARKET,100000.00,1.16776,USD,2.34 USD,TAKER,a97c91d4-15e6-40cb-99a6-ee460d6b3d2c,2025-06-26 06:30:00+00:00,2025-06-26 06:30:00+00:00,{},False
O-20250626-063000-001-V2-2582,BACKTESTER-001,MLSignalStrategyV2-V2,EUR/USD.IDEALPRO,IDEALPRO-1-2582,IDEALPRO-001,IDEALPRO-1-358575,EUR/USD.IDEALPRO-MLSignalStrategyV2-V2,BUY,STOP_MARKET,100000.00,1.16886,USD,2.34 USD,TAKER,eee25139-e77c-4d12-a5e7-09da1e51c0b0,2025-06-26 06:47:00+00:00,2025-06-26 06:47:00+00:00,{},False
O-20250626-090000-001-V2-2584,BACKTESTER-001,MLSignalStrategyV2-V2,EUR/USD.IDEALPRO,IDEALPRO-1-2584,IDEALPRO-001,IDEALPRO-1-358843,EUR/USD.IDEALPRO-MLSignalStrategyV2-V2,SELL,MARKET,100000.00,1.17278,USD,2.35 USD,TAKER,cb7c059c-830c-4124-be33-911903a4dde6,2025-06-26 09:00:00+00:00,2025-06-26 09:00:00+00:00,{},False
O-20250626-090000-001-V2-2586,BACKTESTER-001,MLSignalStrategyV2-V2,EUR/USD.IDEALPRO,IDEALPRO-1-2586,IDEALPRO-001,IDEALPRO-1-358895,EUR/USD.IDEALPRO-MLSignalStrategyV2-V2,BUY,LIMIT,100000.00,1.17143,USD,2.34 USD,MAKER,c3f9f485-beb7-4552-9da7-b1b84a6a4d24,2025-06-26 09:26:00+00:00,2025-06-26 09:26:00+00:00,{},False
O-20250626-093000-001-V2-2587,BACKTESTER-001,MLSignalStrategyV2-V2,EUR/USD.IDEALPRO,IDEALPRO-1-2587,IDEALPRO-001,IDEALPRO-1-358904,EUR/USD.IDEALPRO-MLSignalStrategyV2-V2,SELL,MARKET,100000.00,1.17193,USD,2.34 USD,TAKER,d3bf2850-1220-43ca-9489-8ae9c2331c83,2025-06-26 09:30:00+00:00,2025-06-26 09:30:00+00:00,{},False
O-20250626-093000-001-V2-2589,BACKTESTER-001,MLSignalStrategyV2-V2,EUR/USD.IDEALPRO,IDEALPRO-1-2589,IDEALPRO-001,IDEALPRO-1-359103,EUR/USD.IDEALPRO-MLSignalStrategyV2-V2,BUY,LIMIT,100000.00,1.17066,USD,2.34 USD,MAKER,b71fd72c-ca80-468f-8db4-653cdf092253,2025-06-26 11:09:00+00:00,2025-06-26 11:09:00+00:00,{},False
O-20250626-181500-001-V2-2590,BACKTESTER-001,MLSignalStrategyV2-V2,EUR/USD.IDEALPRO,IDEALPRO-1-2590,IDEALPRO-001,IDEALPRO-1-359957,EUR/USD.IDEALPRO-MLSignalStrategyV2-V2,BUY,MARKET,100000.00,1.17271,USD,2.35 USD,TAKER,56bad44c-2697-4e4c-87ba-5e5dfb1ee8c0,2025-06-26 18:15:00+00:00,2025-06-26 18:15:00+00:00,{},False
O-20250626-181500-001-V2-2591,BACKTESTER-001,MLSignalStrategyV2-V2,EUR/USD.IDEALPRO,IDEALPRO-1-2591,IDEALPRO-001,IDEALPRO-1-360059,EUR/USD.IDEALPRO-MLSignalStrategyV2-V2,SELL,STOP_MARKET,100000.00,1.17163,USD,2.34 USD,TAKER,173ed69b-e968-441a-b43a-d72241a4b825,2025-06-26 19:06:00+00:00,2025-06-26 19:06:00+00:00,{},False
O-20250626-213000-001-V2-2593,BACKTESTER-001,MLSignalStrategyV2-V2,EUR/USD.IDEALPRO,IDEALPRO-1-2593,IDEALPRO-001,IDEALPRO-1-360318,EUR/USD.IDEALPRO-MLSignalStrategyV2-V2,BUY,MARKET,100000.00,1.16970,USD,2.34 USD,TAKER,3b604090-6025-4584-ae5b-e1a94d1f3b88,2025-06-26 21:30:00+00:00,2025-06-26 21:30:00+00:00,{},False
O-20250626-213000-001-V2-2594,BACKTESTER-001,MLSignalStrategyV2-V2,EUR/USD.IDEALPRO,IDEALPRO-1-2594,IDEALPRO-001,IDEALPRO-1-360455,EUR/USD.IDEALPRO-MLSignalStrategyV2-V2,SELL,STOP_MARKET,100000.00,1.16833,USD,2.34 USD,TAKER,2be5e776-d8f5-4674-ab06-88d14ecef251,2025-06-26 22:38:00+00:00,2025-06-26 22:38:00+00:00,{},False
O-20250626-230000-001-V2-2596,BACKTESTER-001,MLSignalStrategyV2-V2,EUR/USD.IDEALPRO,IDEALPRO-1-2596,IDEALPRO-001,IDEALPRO-1-360500,EUR/USD.IDEALPRO-MLSignalStrategyV2-V2,BUY,MARKET,100000.00,1.16831,USD,2.34 USD,TAKER,4b25ce08-aaa2-43a3-9a21-9d1c91dd8f96,2025-06-26 23:00:00+00:00,2025-06-26 23:00:00+00:00,{},False
O-20250626-230000-001-V2-2598,BACKTESTER-001,MLSignalStrategyV2-V2,EUR/USD.IDEALPRO,IDEALPRO-1-2598,IDEALPRO-001,IDEALPRO-1-360509,EUR/USD.IDEALPRO-MLSignalStrategyV2-V2,SELL,LIMIT,100000.00,1.16914,USD,2.34 USD,MAKER,5b470c14-0f0f-4708-84fe-fc2e63c3924a,2025-06-26 23:04:00+00:00,2025-06-26 23:04:00+00:00,{},False
O-20250626-231500-001-V2-2599,BACKTESTER-001,MLSignalStrategyV2-V2,EUR/USD.IDEALPRO,IDEALPRO-1-2599,IDEALPRO-001,IDEALPRO-1-360532,EUR/USD.IDEALPRO-MLSignalStrategyV2-V2,BUY,MARKET,100000.00,1.16925,USD,2.34 USD,TAKER,21bc6760-2a39-4142-a34e-a24e1df1b7a5,2025-06-26 23:15:00+00:00,2025-06-26 23:15:00+00:00,{},False
O-20250626-231500-001-V2-2601,BACKTESTER-001,MLSignalStrategyV2-V2,EUR/USD.IDEALPRO,IDEALPRO-1-2601,IDEALPRO-001,IDEALPRO-1-360847,EUR/USD.IDEALPRO-MLSignalStrategyV2-V2,SELL,LIMIT,100000.00,1.17021,USD,2.34 USD,MAKER,7b36bd08-3c8f-43bb-96be-7db4d391c070,2025-06-27 01:52:00+00:00,2025-06-27 01:52:00+00:00,{},False
O-20250627-034500-001-V2-2602,BACKTESTER-001,MLSignalStrategyV2-V2,EUR/USD.IDEALPRO,IDEALPRO-1-2602,IDEALPRO-001,IDEALPRO-1-361074,EUR/USD.IDEALPRO-MLSignalStrategyV2-V2,SELL,MARKET,100000.00,1.17051,USD,2.34 USD,TAKER,ad15f424-1dd3-4e63-b44a-00f513f503cb,2025-06-27 03:45:00+00:00,2025-06-27 03:45:00+00:00,{},False
O-20250627-034500-001-V2-2604,BACKTESTER-001,MLSignalStrategyV2-V2,EUR/USD.IDEALPRO,IDEALPRO-1-2604,IDEALPRO-001,IDEALPRO-1-361091,EUR/USD.IDEALPRO-MLSignalStrategyV2-V2,BUY,LIMIT,100000.00,1.16962,USD,2.34 USD,MAKER,5d15c882-c735-4247-aec2-7a2b06fe88d5,2025-06-27 03:53:00+00:00,2025-06-27 03:53:00+00:00,{},False
O-20250627-040000-001-V2-2605,BACKTESTER-001,MLSignalStrategyV2-V2,EUR/USD.IDEALPRO,IDEALPRO-1-2605,IDEALPRO-001,IDEALPRO-1-361106,EUR/USD.IDEALPRO-MLSignalStrategyV2-V2,BUY,MARKET,100000.00,1.16958,USD,2.34 USD,TAKER,6c20ad58-a5a9-4846-ab40-304a09a1666d,2025-06-27 04:00:00+00:00,2025-06-27 04:00:00+00:00,{},False
O-20250627-040000-001-V2-2606,BACKTESTER-001,MLSignalStrategyV2-V2,EUR/USD.IDEALPRO,IDEALPRO-1-2606,IDEALPRO-001,IDEALPRO-1-361223,EUR/USD.IDEALPRO-MLSignalStrategyV2-V2,SELL,STOP_MARKET,100000.00,1.16866,USD,2.34 USD,TAKER,29aee9eb-3443-4272-bac9-cf0fab511deb,2025-06-27 04:58:00+00:00,2025-06-27 04:58:00+00:00,{},False
O-20250627-050000-001-V2-2608,BACKTESTER-001,MLSignalStrategyV2-V2,EUR/USD.IDEALPRO,IDEALPRO-1-2608,IDEALPRO-001,IDEALPRO-1-361229,EUR/USD.IDEALPRO-MLSignalStrategyV2-V2,BUY,MARKET,100000.00,1.16851,USD,2.34 USD,TAKER,5f8f640a-286e-4acd-af2f-7782228c832b,2025-06-27 05:00:00+00:00,2025-06-27 05:00:00+00:00,{},False
O-20250627-050000-001-V2-2610,BACKTESTER-001,MLSignalStrategyV2-V2,EUR/USD.IDEALPRO,IDEALPRO-1-2610,IDEALPRO-001,IDEALPRO-1-361293,EUR/USD.IDEALPRO-MLSignalStrategyV2-V2,SELL,LIMIT,100000.00,1.16916,USD,2.34 USD,MAKER,6697b6dd-bb24-4485-8705-741883588c6a,2025-06-27 05:32:00+00:00,2025-06-27 05:32:00+00:00,{},False
O-20250627-073000-001-V2-2611,BACKTESTER-001,MLSignalStrategyV2-V2,EUR/USD.IDEALPRO,IDEALPRO-1-2611,IDEALPRO-001,IDEALPRO-1-361530,EUR/USD.IDEALPRO-MLSignalStrategyV2-V2,BUY,MARKET,100000.00,1.17125,USD,2.34 USD,TAKER,3e3214bd-858d-4e8d-997e-705c6ba4df4b,2025-06-27 07:30:00+00:00,2025-06-27 07:30:00+00:00,{},False
O-20250627-073000-001-V2-2613,BACKTESTER-001,MLSignalStrategyV2-V2,EUR/USD.IDEALPRO,IDEALPRO-1-2613,IDEALPRO-001,IDEALPRO-1-361607,EUR/USD.IDEALPRO-MLSignalStrategyV2-V2,SELL,LIMIT,100000.00,1.17237,USD,2.34 USD,MAKER,ef8e752e-8607-48d4-b442-2a8ce18f81b9,2025-06-27 08:08:00+00:00,2025-06-27 08:08:00+00:00,{},False
O-20250627-133000-001-V2-2614,BACKTESTER-001,MLSignalStrategyV2-V2,EUR/USD.IDEALPRO,IDEALPRO-1-2614,IDEALPRO-001,IDEALPRO-1-362252,EUR/USD.IDEALPRO-MLSignalStrategyV2-V2,SELL,MARKET,100000.00,1.17239,USD,2.34 USD,TAKER,c645bb04-1d38-4390-b40c-72bd2907b61c,2025-06-27 13:30:00+00:00,2025-06-27 13:30:00+00:00,{},False
O-20250627-133000-001-V2-2616,BACKTESTER-001,MLSignalStrategyV2-V2,EUR/USD.IDEALPRO,IDEALPRO-1-2616,IDEALPRO-001,IDEALPRO-1-362407,EUR/USD.IDEALPRO-MLSignalStrategyV2-V2,BUY,LIMIT,100000.00,1.17079,USD,2.34 USD,MAKER,6031dfd5-b7b6-4a04-9836-ca4de6c590d8,2025-06-27 14:47:00+00:00,2025-06-27 14:47:00+00:00,{},False
O-20250627-160000-001-V2-2617,BACKTESTER-001,MLSignalStrategyV2-V2,EUR/USD.IDEALPRO,IDEALPRO-1-2617,IDEALPRO-001,IDEALPRO-1-362554,EUR/USD.IDEALPRO-MLSignalStrategyV2-V2,SELL,MARKET,100000.00,1.17236,USD,2.34 USD,TAKER,6e3ff11a-d5ff-43a1-aaff-6bf1cf3764ed,2025-06-27 16:00:00+00:00,2025-06-27 16:00:00+00:00,{},False
O-20250627-160000-001-V2-2619,BACKTESTER-001,MLSignalStrategyV2-V2,EUR/USD.IDEALPRO,IDEALPRO-1-2619,IDEALPRO-001,IDEALPRO-1-362725,EUR/USD.IDEALPRO-MLSignalStrategyV2-V2,BUY,LIMIT,100000.00,1.17094,USD,2.34 USD,MAKER,d6390175-aad8-4148-abe5-260f4c317364,2025-06-27 17:25:00+00:00,2025-06-27 17:25:00+00:00,{},False
O-20250627-201500-001-V2-2620,BACKTESTER-001,MLSignalStrategyV2-V2,EUR/USD.IDEALPRO,IDEALPRO-1-2620,IDEALPRO-001,IDEALPRO-1-363066,EUR/USD.IDEALPRO-MLSignalStrategyV2-V2,BUY,MARKET,100000.00,1.17116,USD,2.34 USD,TAKER,44c64860-3884-4c62-ae20-02327ef1e1f7,2025-06-27 20:15:00+00:00,2025-06-27 20:15:00+00:00,{},False
O-20250627-201500-001-V2-2622,BACKTESTER-001,MLSignalStrategyV2-V2,EUR/USD.IDEALPRO,IDEALPRO-1-2622,IDEALPRO-001,IDEALPRO-1-363141,EUR/USD.IDEALPRO-MLSignalStrategyV2-V2,SELL,LIMIT,100000.00,1.17195,USD,2.34 USD,MAKER,ac9c55d1-bd21-4999-84a0-10af1a668485,2025-06-27 20:52:00+00:00,2025-06-27 20:52:00+00:00,{},False
O-20250629-213000-001-V2-2623,BACKTESTER-001,MLSignalStrategyV2-V2,EUR/USD.IDEALPRO,IDEALPRO-1-2623,IDEALPRO-001,IDEALPRO-1-363188,EUR/USD.IDEALPRO-MLSignalStrategyV2-V2,BUY,MARKET,100000.00,1.17258,USD,2.35 USD,TAKER,0563f8ab-1393-41ce-a661-78e722c6d20f,2025-06-29 21:30:00+00:00,2025-06-29 21:30:00+00:00,{},False
O-20250629-213000-001-V2-2625,BACKTESTER-001,MLSignalStrategyV2-V2,EUR/USD.IDEALPRO,IDEALPRO-1-2625,IDEALPRO-001,IDEALPRO-1-363375,EUR/USD.IDEALPRO-MLSignalStrategyV2-V2,SELL,LIMIT,100000.00,1.17353,USD,2.35 USD,MAKER,d06015d6-0aa7-4ef3-b9ce-1c545ecf5aad,2025-06-29 23:03:00+00:00,2025-06-29 23:03:00+00:00,{},False
O-20250629-231500-001-V2-2626,BACKTESTER-001,MLSignalStrategyV2-V2,EUR/USD.IDEALPRO,IDEALPRO-1-2626,IDEALPRO-001,IDEALPRO-1-363400,EUR/USD.IDEALPRO-MLSignalStrategyV2-V2,SELL,MARKET,100000.00,1.17367,USD,2.35 USD,TAKER,c59ed46c-33a6-4413-ac69-b2af2cd5d633,2025-06-29 23:15:00+00:00,2025-06-29 23:15:00+00:00,{},False
O-20250629-231500-001-V2-2628,BACKTESTER-001,MLSignalStrategyV2-V2,EUR/USD.IDEALPRO,IDEALPRO-1-2628,IDEALPRO-001,IDEALPRO-1-363473,EUR/USD.IDEALPRO-MLSignalStrategyV2-V2,BUY,LIMIT,100000.00,1.17284,USD,2.35 USD,MAKER,05e63fc7-dfde-4971-a839-80aa341a958b,2025-06-29 23:51:00+00:00,2025-06-29 23:51:00+00:00,{},False
O-20250630-050000-001-V2-2629,BACKTESTER-001,MLSignalStrategyV2-V2,EUR/USD.IDEALPRO,IDEALPRO-1-2629,IDEALPRO-001,IDEALPRO-1-364093,EUR/USD.IDEALPRO-MLSignalStrategyV2-V2,BUY,MARKET,100000.00,1.17304,USD,2.35 USD,TAKER,bee0c53d-d288-44eb-96bb-884753ce0f74,2025-06-30 05:00:00+00:00,2025-06-30 05:00:00+00:00,{},False
O-20250630-050000-001-V2-2631,BACKTESTER-001,MLSignalStrategyV2-V2,EUR/USD.IDEALPRO,IDEALPRO-1-2631,IDEALPRO-001,IDEALPRO-1-364133,EUR/USD.IDEALPRO-MLSignalStrategyV2-V2,SELL,LIMIT,100000.00,1.17385,USD,2.35 USD,MAKER,bc041dda-cb4a-473f-a764-43478be6a717,2025-06-30 05:20:00+00:00,2025-06-30 05:20:00+00:00,{},False
O-20250630-071500-001-V2-2632,BACKTESTER-001,MLSignalStrategyV2-V2,EUR/USD.IDEALPRO,IDEALPRO-1-2632,IDEALPRO-001,IDEALPRO-1-364364,EUR/USD.IDEALPRO-MLSignalStrategyV2-V2,SELL,MARKET,100000.00,1.17381,USD,2.35 USD,TAKER,b9cd8b8f-9bd8-4d0e-8b4c-e138c1ef4ac6,2025-06-30 07:15:00+00:00,2025-06-30 07:15:00+00:00,{},False
O-20250630-071500-001-V2-2634,BACKTESTER-001,MLSignalStrategyV2-V2,EUR/USD.IDEALPRO,IDEALPRO-1-2634,IDEALPRO-001,IDEALPRO-1-364395,EUR/USD.IDEALPRO-MLSignalStrategyV2-V2,BUY,LIMIT,100000.00,1.17281,USD,2.35 USD,MAKER,04ec23af-55f0-48e5-be7d-3e9a8d448caf,2025-06-30 07:30:00+00:00,2025-06-30 07:30:00+00:00,{},False
O-20250630-104500-001-V2-2635,BACKTESTER-001,MLSignalStrategyV2-V2,EUR/USD.IDEALPRO,IDEALPRO-1-2635,IDEALPRO-001,IDEALPRO-1-364787,EUR/USD.IDEALPRO-MLSignalStrategyV2-V2,SELL,MARKET,100000.00,1.17178,USD,2.34 USD,TAKER,b4c110d3-22c0-49c7-84db-d8b72a9b0091,2025-06-30 10:45:00+00:00,2025-06-30 10:45:00+00:00,{},False
O-20250630-104500-001-V2-2636,BACKTESTER-001,MLSignalStrategyV2-V2,EUR/USD.IDEALPRO,IDEALPRO-1-2636,IDEALPRO-001,IDEALPRO-1-364821,EUR/USD.IDEALPRO-MLSignalStrategyV2-V2,BUY,STOP_MARKET,100000.00,1.17274,USD,2.35 USD,TAKER,60729c27-c1ad-4e78-aa7e-6d377ffa41ac,2025-06-30 11:02:00+00:00,2025-06-30 11:02:00+00:00,{},False
O-20250630-124500-001-V2-2638,BACKTESTER-001,MLSignalStrategyV2-V2,EUR/USD.IDEALPRO,IDEALPRO-1-2638,IDEALPRO-001,IDEALPRO-1-365029,EUR/USD.IDEALPRO-MLSignalStrategyV2-V2,BUY,MARKET,100000.00,1.17123,USD,2.34 USD,TAKER,bc08473e-2a67-4c37-8b7d-c11acc32b6ec,2025-06-30 12:45:00+00:00,2025-06-30 12:45:00+00:00,{},False
O-20250630-124500-001-V2-2640,BACKTESTER-001,MLSignalStrategyV2-V2,EUR/USD.IDEALPRO,IDEALPRO-1-2640,IDEALPRO-001,IDEALPRO-1-365103,EUR/USD.IDEALPRO-MLSignalStrategyV2-V2,SELL,LIMIT,100000.00,1.17199,USD,2.34 USD,MAKER,35cd2cfc-8d19-4302-9b59-9889da7e5ee6,2025-06-30 13:22:00+00:00,2025-06-30 13:22:00+00:00,{},False
O-20250630-133000-001-V2-2641,BACKTESTER-001,MLSignalStrategyV2-V2,EUR/USD.IDEALPRO,IDEALPRO-1-2641,IDEALPRO-001,IDEALPRO-1-365120,EUR/USD.IDEALPRO-MLSignalStrategyV2-V2,SELL,MARKET,100000.00,1.17178,USD,2.34 USD,TAKER,73da68b4-1a37-47fe-8744-fd62970b39b8,2025-06-30 13:30:00+00:00,2025-06-30 13:30:00+00:00,{},False
O-20250630-133000-001-V2-2643,BACKTESTER-001,MLSignalStrategyV2-V2,EUR/USD.IDEALPRO,IDEALPRO-1-2643,IDEALPRO-001,IDEALPRO-1-365189,EUR/USD.IDEALPRO-MLSignalStrategyV2-V2,BUY,LIMIT,100000.00,1.17108,USD,2.34 USD,MAKER,4bfb88ea-39a8-4e75-ba95-86627b65800f,2025-06-30 14:04:00+00:00,2025-06-30 14:04:00+00:00,{},False
O-20250630-170000-001-V2-2644,BACKTESTER-001,MLSignalStrategyV2-V2,EUR/USD.IDEALPRO,IDEALPRO-1-2644,IDEALPRO-001,IDEALPRO-1-365542,EUR/USD.IDEALPRO-MLSignalStrategyV2-V2,SELL,MARKET,100000.00,1.17626,USD,2.35 USD,TAKER,1c68b295-ebda-4ca7-9ae8-73ad2c6064c1,2025-06-30 17:00:00+00:00,2025-06-30 17:00:00+00:00,{},False
O-20250630-170000-001-V2-2645,BACKTESTER-001,MLSignalStrategyV2-V2,EUR/USD.IDEALPRO,IDEALPRO-1-2645,IDEALPRO-001,IDEALPRO-1-365699,EUR/USD.IDEALPRO-MLSignalStrategyV2-V2,BUY,STOP_MARKET,100000.00,1.17776,USD,2.36 USD,TAKER,79be6cc4-af92-4f25-af3d-54fb541f35f0,2025-06-30 18:18:00+00:00,2025-06-30 18:18:00+00:00,{},False
O-20250630-190000-001-V2-2647,BACKTESTER-001,MLSignalStrategyV2-V2,EUR/USD.IDEALPRO,IDEALPRO-1-2647,IDEALPRO-001,IDEALPRO-1-365784,EUR/USD.IDEALPRO-MLSignalStrategyV2-V2,SELL,MARKET,100000.00,1.17759,USD,2.36 USD,TAKER,237dda2d-0913-4b09-b122-4e98adbc08cb,2025-06-30 19:00:00+00:00,2025-06-30 19:00:00+00:00,{},False
O-20250630-190000-001-V2-2648,BACKTESTER-001,MLSignalStrategyV2-V2,EUR/USD.IDEALPRO,IDEALPRO-1-2648,IDEALPRO-001,IDEALPRO-1-365969,EUR/USD.IDEALPRO-MLSignalStrategyV2-V2,BUY,STOP_MARKET,100000.00,1.17867,USD,2.36 USD,TAKER,b5a528c4-b111-490d-901e-0fd6ccc7f3cb,2025-06-30 20:32:00+00:00,2025-06-30 20:32:00+00:00,{},False
O-20250630-220000-001-V2-2650,BACKTESTER-001,MLSignalStrategyV2-V2,EUR/USD.IDEALPRO,IDEALPRO-1-2650,IDEALPRO-001,IDEALPRO-1-366116,EUR/USD.IDEALPRO-MLSignalStrategyV2-V2,BUY,MARKET,100000.00,1.17821,USD,2.36 USD,TAKER,e6dfc1ff-f847-427c-84a7-72ea1c70b1d3,2025-06-30 22:00:00+00:00,2025-06-30 22:00:00+00:00,{},False
O-20250630-220000-001-V2-2652,BACKTESTER-001,MLSignalStrategyV2-V2,EUR/USD.IDEALPRO,IDEALPRO-1-2652,IDEALPRO-001,IDEALPRO-1-366157,EUR/USD.IDEALPRO-MLSignalStrategyV2-V2,SELL,LIMIT,100000.00,1.17880,USD,2.36 USD,MAKER,0d8f4ad9-7856-499a-8d0c-2b9720a68ffc,2025-06-30 22:20:00+00:00,2025-06-30 22:20:00+00:00,{},False
O-20250630-224500-001-V2-2653,BACKTESTER-001,MLSignalStrategyV2-V2,EUR/USD.IDEALPRO,IDEALPRO-1-2653,IDEALPRO-001,IDEALPRO-1-366208,EUR/USD.IDEALPRO-MLSignalStrategyV2-V2,BUY,MARKET,100000.00,1.17870,USD,2.36 USD,TAKER,5cb185b4-f28b-4b89-8059-9ecd43060878,2025-06-30 22:45:00+00:00,2025-06-30 22:45:00+00:00,{},False
O-20250630-224500-001-V2-2655,BACKTESTER-001,MLSignalStrategyV2-V2,EUR/USD.IDEALPRO,IDEALPRO-1-2655,IDEALPRO-001,IDEALPRO-1-366387,EUR/USD.IDEALPRO-MLSignalStrategyV2-V2,SELL,LIMIT,100000.00,1.17930,USD,2.36 USD,MAKER,57217c6b-d73d-4dfb-afbb-a69117264d07,2025-07-01 00:14:00+00:00,2025-07-01 00:14:00+00:00,{},False
O-20250701-014500-001-V2-2656,BACKTESTER-001,MLSignalStrategyV2-V2,EUR/USD.IDEALPRO,IDEALPRO-1-2656,IDEALPRO-001,IDEALPRO-1-366570,EUR/USD.IDEALPRO-MLSignalStrategyV2-V2,SELL,MARKET,100000.00,1.17880,USD,2.36 USD,TAKER,b01796db-560c-4f39-977c-8133eb2c9cdf,2025-07-01 01:45:00+00:00,2025-07-01 01:45:00+00:00,{},False
O-20250701-014500-001-V2-2658,BACKTESTER-001,MLSignalStrategyV2-V2,EUR/USD.IDEALPRO,IDEALPRO-1-2658,IDEALPRO-001,IDEALPRO-1-366591,EUR/USD.IDEALPRO-MLSignalStrategyV2-V2,BUY,LIMIT,100000.00,1.17797,USD,2.36 USD,MAKER,eef1881d-fe5a-4d9a-8d91-20e4b6bdab0f,2025-07-01 01:55:00+00:00,2025-07-01 01:55:00+00:00,{},False
O-20250701-020000-001-V2-2659,BACKTESTER-001,MLSignalStrategyV2-V2,EUR/USD.IDEALPRO,IDEALPRO-1-2659,IDEALPRO-001,IDEALPRO-1-366603,EUR/USD.IDEALPRO-MLSignalStrategyV2-V2,SELL,MARKET,100000.00,1.17805,USD,2.36 USD,TAKER,4947a863-14b1-409f-99bf-e443e832bcb0,2025-07-01 02:00:00+00:00,2025-07-01 02:00:00+00:00,{},False
O-20250701-020000-001-V2-2660,BACKTESTER-001,MLSignalStrategyV2-V2,EUR/USD.IDEALPRO,IDEALPRO-1-2660,IDEALPRO-001,IDEALPRO-1-366719,EUR/USD.IDEALPRO-MLSignalStrategyV2-V2,BUY,STOP_MARKET,100000.00,1.17896,USD,2.36 USD,TAKER,9c33c8ed-364b-4d17-a1c5-9da1a68e3184,2025-07-01 02:58:00+00:00,2025-07-01 02:58:00+00:00,{},False
O-20250701-043000-001-V2-2662,BACKTESTER-001,MLSignalStrategyV2-V2,EUR/USD.IDEALPRO,IDEALPRO-1-2662,IDEALPRO-001,IDEALPRO-1-366904,EUR/USD.IDEALPRO-MLSignalStrategyV2-V2,SELL,MARKET,100000.00,1.17906,USD,2.36 USD,TAKER,034a67bf-b954-49c9-9a6b-57534b507622,2025-07-01 04:30:00+00:00,2025-07-01 04:30:00+00:00,{},False
O-20250701-043000-001-V2-2664,BACKTESTER-001,MLSignalStrategyV2-V2,EUR/USD.IDEALPRO,IDEALPRO-1-2664,IDEALPRO-001,IDEALPRO-1-366937,EUR/USD.IDEALPRO-MLSignalStrategyV2-V2,BUY,LIMIT,100000.00,1.17848,USD,2.36 USD,MAKER,3137b11b-71a6-4649-9673-64672396a947,2025-07-01 04:46:00+00:00,2025-07-01 04:46:00+00:00,{},False
O-20250701-070000-001-V2-2665,BACKTESTER-001,MLSignalStrategyV2-V2,EUR/USD.IDEALPRO,IDEALPRO-1-2665,IDEALPRO-001,IDEALPRO-1-367206,EUR/USD.IDEALPRO-MLSignalStrategyV2-V2,SELL,MARKET,100000.00,1.17794,USD,2.36 USD,TAKER,ba888da0-03f8-44d0-be92-7d7f955f189c,2025-07-01 07:00:00+00:00,2025-07-01 07:00:00+00:00,{},False
O-20250701-070000-001-V2-2667,BACKTESTER-001,MLSignalStrategyV2-V2,EUR/USD.IDEALPRO,IDEALPRO-1-2667,IDEALPRO-001,IDEALPRO-1-367213,EUR/USD.IDEALPRO-MLSignalStrategyV2-V2,BUY,LIMIT,100000.00,1.17692,USD,2.35 USD,MAKER,3ae7edce-32fe-4329-b440-e98b3dafe99d,2025-07-01 07:03:00+00:00,2025-07-01 07:03:00+00:00,{},False
O-20250701-111500-001-V2-2668,BACKTESTER-001,MLSignalStrategyV2-V2,EUR/USD.IDEALPRO,IDEALPRO-1-2668,IDEALPRO-001,IDEALPRO-1-367718,EUR/USD.IDEALPRO-MLSignalStrategyV2-V2,BUY,MARKET,100000.00,1.18103,USD,2.36 USD,TAKER,81561552-4881-4c6f-9cb0-bdd7976b505f,2025-07-01 11:15:00+00:00,2025-07-01 11:15:00+00:00,{},False
O-20250701-111500-001-V2-2669,BACKTESTER-001,MLSignalStrategyV2-V2,EUR/USD.IDEALPRO,IDEALPRO-1-2669,IDEALPRO-001,IDEALPRO-1-367979,EUR/USD.IDEALPRO-MLSignalStrategyV2-V2,SELL,STOP_MARKET,100000.00,1.17962,USD,2.36 USD,TAKER,f16c8162-de5a-485a-bcbc-b966d18a0c36,2025-07-01 13:25:00+00:00,2025-07-01 13:25:00+00:00,{},False
O-20250701-161500-001-V2-2671,BACKTESTER-001,MLSignalStrategyV2-V2,EUR/USD.IDEALPRO,IDEALPRO-1-2671,IDEALPRO-001,IDEALPRO-1-368320,EUR/USD.IDEALPRO-MLSignalStrategyV2-V2,BUY,MARKET,100000.00,1.17704,USD,2.35 USD,TAKER,25e9c588-1551-46a3-812e-52c96df76de5,2025-07-01 16:15:00+00:00,2025-07-01 16:15:00+00:00,{},False
O-20250701-161500-001-V2-2673,BACKTESTER-001,MLSignalStrategyV2-V2,EUR/USD.IDEALPRO,IDEALPRO-1-2673,IDEALPRO-001,IDEALPRO-1-368475,EUR/USD.IDEALPRO-MLSignalStrategyV2-V2,SELL,LIMIT,100000.00,1.17816,USD,2.36 USD,MAKER,1fed5296-35a8-4a4d-9eb6-ec8496bf50c1,2025-07-01 17:32:00+00:00,2025-07-01 17:32:00+00:00,{},False
O-20250701-204500-001-V2-2674,BACKTESTER-001,MLSignalStrategyV2-V2,EUR/USD.IDEALPRO,IDEALPRO-1-2674,IDEALPRO-001,IDEALPRO-1-368863,EUR/USD.IDEALPRO-MLSignalStrategyV2-V2,SELL,MARKET,100000.00,1.18043,USD,2.36 USD,TAKER,3cf445ac-d1c0-46f5-aa9a-c72482a7e781,2025-07-01 20:45:00+00:00,2025-07-01 20:45:00+00:00,{},False
O-20250701-204500-001-V2-2676,BACKTESTER-001,MLSignalStrategyV2-V2,EUR/USD.IDEALPRO,IDEALPRO-1-2676,IDEALPRO-001,IDEALPRO-1-369445,EUR/USD.IDEALPRO-MLSignalStrategyV2-V2,BUY,LIMIT,100000.00,1.17942,USD,2.36 USD,MAKER,bfcaf1b9-6dcb-49fd-ab07-cca02fde96da,2025-07-02 01:51:00+00:00,2025-07-02 01:51:00+00:00,{},False
O-20250702-030000-001-V2-2677,BACKTESTER-001,MLSignalStrategyV2-V2,EUR/USD.IDEALPRO,IDEALPRO-1-2677,IDEALPRO-001,IDEALPRO-1-369584,EUR/USD.IDEALPRO-MLSignalStrategyV2-V2,SELL,MARKET,100000.00,1.18003,USD,2.36 USD,TAKER,8b478e22-9592-431d-8ceb-0ffe6b05f068,2025-07-02 03:00:00+00:00,2025-07-02 03:00:00+00:00,{},False
O-20250702-030000-001-V2-2679,BACKTESTER-001,MLSignalStrategyV2-V2,EUR/USD.IDEALPRO,IDEALPRO-1-2679,IDEALPRO-001,IDEALPRO-1-369841,EUR/USD.IDEALPRO-MLSignalStrategyV2-V2,BUY,LIMIT,100000.00,1.17928,USD,2.36 USD,MAKER,950dd9dc-a73e-4c7f-9fa9-ce782e8a4f01,2025-07-02 05:08:00+00:00,2025-07-02 05:08:00+00:00,{},False
O-20250702-073000-001-V2-2680,BACKTESTER-001,MLSignalStrategyV2-V2,EUR/USD.IDEALPRO,IDEALPRO-1-2680,IDEALPRO-001,IDEALPRO-1-370127,EUR/USD.IDEALPRO-MLSignalStrategyV2-V2,BUY,MARKET,100000.00,1.17777,USD,2.36 USD,TAKER,18554fdc-2565-4eab-af21-1b679f6393c7,2025-07-02 07:30:00+00:00,2025-07-02 07:30:00+00:00,{},False
O-20250702-073000-001-V2-2681,BACKTESTER-001,MLSignalStrategyV2-V2,EUR/USD.IDEALPRO,IDEALPRO-1-2681,IDEALPRO-001,IDEALPRO-1-370359,EUR/USD.IDEALPRO-MLSignalStrategyV2-V2,SELL,STOP_MARKET,100000.00,1.17686,USD,2.35 USD,TAKER,7e2a5221-1f71-412a-b065-e08a5be74e24,2025-07-02 09:26:00+00:00,2025-07-02 09:26:00+00:00,{},False
O-20250702-101500-001-V2-2683,BACKTESTER-001,MLSignalStrategyV2-V2,EUR/USD.IDEALPRO,IDEALPRO-1-2683,IDEALPRO-001,IDEALPRO-1-370458,EUR/USD.IDEALPRO-MLSignalStrategyV2-V2,SELL,MARKET,100000.00,1.17798,USD,2.36 USD,TAKER,2ff59f8d-8dfc-4c78-b7d6-5b9fd59a3804,2025-07-02 10:15:00+00:00,2025-07-02 10:15:00+00:00,{},False
O-20250702-101500-001-V2-2685,BACKTESTER-001,MLSignalStrategyV2-V2,EUR/USD.IDEALPRO,IDEALPRO-1-2685,IDEALPRO-001,IDEALPRO-1-370491,EUR/USD.IDEALPRO-MLSignalStrategyV2-V2,BUY,LIMIT,100000.00,1.17714,USD,2.35 USD,MAKER,aaad4155-0976-45b0-b20f-c5cf9a6789c9,2025-07-02 10:31:00+00:00,2025-07-02 10:31:00+00:00,{},False
O-20250702-104500-001-V2-2686,BACKTESTER-001,MLSignalStrategyV2-V2,EUR/USD.IDEALPRO,IDEALPRO-1-2686,IDEALPRO-001,IDEALPRO-1-370520,EUR/USD.IDEALPRO-MLSignalStrategyV2-V2,SELL,MARKET,100000.00,1.17754,USD,2.36 USD,TAKER,a60efd8e-32fb-487a-905b-860095fcc7d6,2025-07-02 10:45:00+00:00,2025-07-02 10:45:00+00:00,{},False
O-20250702-104500-001-V2-2688,BACKTESTER-001,MLSignalStrategyV2-V2,EUR/USD.IDEALPRO,IDEALPRO-1-2688,IDEALPRO-001,IDEALPRO-1-370533,EUR/USD.IDEALPRO-MLSignalStrategyV2-V2,BUY,LIMIT,100000.00,1.17676,USD,2.35 USD,MAKER,402f067f-4b8a-4cbf-8985-cce15682f24c,2025-07-02 10:51:00+00:00,2025-07-02 10:51:00+00:00,{},False
O-20250702-114500-001-V2-2689,BACKTESTER-001,MLSignalStrategyV2-V2,EUR/USD.IDEALPRO,IDEALPRO-1-2689,IDEALPRO-001,IDEALPRO-1-370642,EUR/USD.IDEALPRO-MLSignalStrategyV2-V2,BUY,MARKET,100000.00,1.17572,USD,2.35 USD,TAKER,af7f4ff9-dcd5-4aa3-b41e-309335806dfd,2025-07-02 11:45:00+00:00,2025-07-02 11:45:00+00:00,{},False
O-20250702-114500-001-V2-2690,BACKTESTER-001,MLSignalStrategyV2-V2,EUR/USD.IDEALPRO,IDEALPRO-1-2690,IDEALPRO-001,IDEALPRO-1-370669,EUR/USD.IDEALPRO-MLSignalStrategyV2-V2,SELL,STOP_MARKET,100000.00,1.17477,USD,2.35 USD,TAKER,d62e42f9-67ee-4b4f-b42f-2de7d252dfd2,2025-07-02 11:58:00+00:00,2025-07-02 11:58:00+00:00,{},False
O-20250702-143000-001-V2-2692,BACKTESTER-001,MLSignalStrategyV2-V2,EUR/USD.IDEALPRO,IDEALPRO-1-2692,IDEALPRO-001,IDEALPRO-1-370975,EUR/USD.IDEALPRO-MLSignalStrategyV2-V2,SELL,MARKET,100000.00,1.17628,USD,2.35 USD,TAKER,64fefaae-cc71-4d5a-9afc-1d094c99fb5b,2025-07-02 14:30:00+00:00,2025-07-02 14:30:00+00:00,{},False
O-20250702-143000-001-V2-2693,BACKTESTER-001,MLSignalStrategyV2-V2,EUR/USD.IDEALPRO,IDEALPRO-1-2693,IDEALPRO-001,IDEALPRO-1-371067,EUR/USD.IDEALPRO-MLSignalStrategyV2-V2,BUY,STOP_MARKET,100000.00,1.17816,USD,2.36 USD,TAKER,0c9bf19e-bebb-4af2-874e-082c245150d3,2025-07-02 15:16:00+00:00,2025-07-02 15:16:00+00:00,{},False
O-20250702-221500-001-V2-2695,BACKTESTER-001,MLSignalStrategyV2-V2,EUR/USD.IDEALPRO,IDEALPRO-1-2695,IDEALPRO-001,IDEALPRO-1-371876,EUR/USD.IDEALPRO-MLSignalStrategyV2-V2,BUY,MARKET,100000.00,1.18001,USD,2.36 USD,TAKER,6be3ce96-e450-4c62-b8f8-aec468d0f5cd,2025-07-02 22:15:00+00:00,2025-07-02 22:15:00+00:00,{},False
O-20250702-221500-001-V2-2697,BACKTESTER-001,MLSignalStrategyV2-V2,EUR/USD.IDEALPRO,IDEALPRO-1-2697,IDEALPRO-001,IDEALPRO-1-372121,EUR/USD.IDEALPRO-MLSignalStrategyV2-V2,SELL,LIMIT,100000.00,1.18069,USD,2.36 USD,MAKER,8076ae57-8180-4b0c-8073-27d2dfe4f3b8,2025-07-03 00:17:00+00:00,2025-07-03 00:17:00+00:00,{},False
O-20250703-030000-001-V2-2698,BACKTESTER-001,MLSignalStrategyV2-V2,EUR/USD.IDEALPRO,IDEALPRO-1-2698,IDEALPRO-001,IDEALPRO-1-372449,EUR/USD.IDEALPRO-MLSignalStrategyV2-V2,SELL,MARKET,100000.00,1.17979,USD,2.36 USD,TAKER,e310a9e6-d655-4cb5-940e-3be9ab4c8404,2025-07-03 03:00:00+00:00,2025-07-03 03:00:00+00:00,{},False
O-20250703-030000-001-V2-2700,BACKTESTER-001,MLSignalStrategyV2-V2,EUR/USD.IDEALPRO,IDEALPRO-1-2700,IDEALPRO-001,IDEALPRO-1-372529,EUR/USD.IDEALPRO-MLSignalStrategyV2-V2,BUY,LIMIT,100000.00,1.17931,USD,2.36 USD,MAKER,92a77b77-1d9f-4713-856e-b9e04845b2c6,2025-07-03 03:40:00+00:00,2025-07-03 03:40:00+00:00,{},False
O-20250703-043000-001-V2-2701,BACKTESTER-001,MLSignalStrategyV2-V2,EUR/USD.IDEALPRO,IDEALPRO-1-2701,IDEALPRO-001,IDEALPRO-1-372630,EUR/USD.IDEALPRO-MLSignalStrategyV2-V2,SELL,MARKET,100000.00,1.17899,USD,2.36 USD,TAKER,7d8bbd50-2d68-4a42-9d90-c97cc723bb74,2025-07-03 04:30:00+00:00,2025-07-03 04:30:00+00:00,{},False
O-20250703-043000-001-V2-2702,BACKTESTER-001,MLSignalStrategyV2-V2,EUR/USD.IDEALPRO,IDEALPRO-1-2702,IDEALPRO-001,IDEALPRO-1-372803,EUR/USD.IDEALPRO-MLSignalStrategyV2-V2,BUY,STOP_MARKET,100000.00,1.17957,USD,2.36 USD,TAKER,a1c4ff1b-f2a3-48a0-a053-fd5d006a7cae,2025-07-03 05:56:00+00:00,2025-07-03 05:56:00+00:00,{},False
O-20250703-121500-001-V2-2704,BACKTESTER-001,MLSignalStrategyV2-V2,EUR/USD.IDEALPRO,IDEALPRO-1-2704,IDEALPRO-001,IDEALPRO-1-373563,EUR/USD.IDEALPRO-MLSignalStrategyV2-V2,SELL,MARKET,100000.00,1.17832,USD,2.36 USD,TAKER,1a451f2e-a74e-4e5c-840a-5ce8a7572724,2025-07-03 12:15:00+00:00,2025-07-03 12:15:00+00:00,{},False
O-20250703-121500-001-V2-2706,BACKTESTER-001,MLSignalStrategyV2-V2,EUR/USD.IDEALPRO,IDEALPRO-1-2706,IDEALPRO-001,IDEALPRO-1-373595,EUR/USD.IDEALPRO-MLSignalStrategyV2-V2,BUY,LIMIT,100000.00,1.17256,USD,2.35 USD,MAKER,fed11527-dfdd-43e6-b1a5-60345f94cf24,2025-07-03 12:31:00+00:00,2025-07-03 12:31:00+00:00,{},False
O-20250703-124500-001-V2-2707,BACKTESTER-001,MLSignalStrategyV2-V2,EUR/USD.IDEALPRO,IDEALPRO-1-2707,IDEALPRO-001,IDEALPRO-1-373624,EUR/USD.IDEALPRO-MLSignalStrategyV2-V2,BUY,MARKET,100000.00,1.17351,USD,2.35 USD,TAKER,e67f331d-b916-44af-bd96-0c662936b5d1,2025-07-03 12:45:00+00:00,2025-07-03 12:45:00+00:00,{},False
O-20250703-124500-001-V2-2708,BACKTESTER-001,MLSignalStrategyV2-V2,EUR/USD.IDEALPRO,IDEALPRO-1-2708,IDEALPRO-001,IDEALPRO-1-373637,EUR/USD.IDEALPRO-MLSignalStrategyV2-V2,SELL,STOP_MARKET,100000.00,1.17191,USD,2.34 USD,TAKER,683488c4-84da-4ac0-b0a4-de851111f34b,2025-07-03 12:51:00+00:00,2025-07-03 12:51:00+00:00,{},False
O-20250703-130000-001-V2-2710,BACKTESTER-001,MLSignalStrategyV2-V2,EUR/USD.IDEALPRO,IDEALPRO-1-2710,IDEALPRO-001,IDEALPRO-1-373656,EUR/USD.IDEALPRO-MLSignalStrategyV2-V2,BUY,MARKET,100000.00,1.17386,USD,2.35 USD,TAKER,007b7e7d-450a-4c57-a08f-48a3d7cbdf18,2025-07-03 13:00:00+00:00,2025-07-03 13:00:00+00:00,{},False
O-20250703-130000-001-V2-2712,BACKTESTER-001,MLSignalStrategyV2-V2,EUR/USD.IDEALPRO,IDEALPRO-1-2712,IDEALPRO-001,IDEALPRO-1-373689,EUR/USD.IDEALPRO-MLSignalStrategyV2-V2,SELL,LIMIT,100000.00,1.17564,USD,2.35 USD,MAKER,954c9be6-e75b-4282-ab16-d12f88976f9a,2025-07-03 13:16:00+00:00,2025-07-03 13:16:00+00:00,{},False
O-20250703-133000-001-V2-2713,BACKTESTER-001,MLSignalStrategyV2-V2,EUR/USD.IDEALPRO,IDEALPRO-1-2713,IDEALPRO-001,IDEALPRO-1-373718,EUR/USD.IDEALPRO-MLSignalStrategyV2-V2,BUY,MARKET,100000.00,1.17645,USD,2.35 USD,TAKER,66886641-6720-4cc2-9de2-6e4d53a78fa7,2025-07-03 13:30:00+00:00,2025-07-03 13:30:00+00:00,{},False
O-20250703-133000-001-V2-2715,BACKTESTER-001,MLSignalStrategyV2-V2,EUR/USD.IDEALPRO,IDEALPRO-1-2715,IDEALPRO-001,IDEALPRO-1-373781,EUR/USD.IDEALPRO-MLSignalStrategyV2-V2,SELL,LIMIT,100000.00,1.17898,USD,2.36 USD,MAKER,5fa3be33-7cf3-45c9-8464-6f518a6b1455,2025-07-03 14:01:00+00:00,2025-07-03 14:01:00+00:00,{},False
O-20250703-191500-001-V2-2716,BACKTESTER-001,MLSignalStrategyV2-V2,EUR/USD.IDEALPRO,IDEALPRO-1-2716,IDEALPRO-001,IDEALPRO-1-374411,EUR/USD.IDEALPRO-MLSignalStrategyV2-V2,BUY,MARKET,100000.00,1.17467,USD,2.35 USD,TAKER,b8bd6e80-762a-4c32-937a-e61ba73e0604,2025-07-03 19:15:00+00:00,2025-07-03 19:15:00+00:00,{},False
O-20250703-191500-001-V2-2718,BACKTESTER-001,MLSignalStrategyV2-V2,EUR/USD.IDEALPRO,IDEALPRO-1-2718,IDEALPRO-001,IDEALPRO-1-374553,EUR/USD.IDEALPRO-MLSignalStrategyV2-V2,SELL,LIMIT,100000.00,1.17534,USD,2.35 USD,MAKER,e01faa93-04ac-4e3e-921d-6c72a72465c1,2025-07-03 20:26:00+00:00,2025-07-03 20:26:00+00:00,{},False
O-20250703-213000-001-V2-2719,BACKTESTER-001,MLSignalStrategyV2-V2,EUR/USD.IDEALPRO,IDEALPRO-1-2719,IDEALPRO-001,IDEALPRO-1-374652,EUR/USD.IDEALPRO-MLSignalStrategyV2-V2,BUY,MARKET,100000.00,1.17535,USD,2.35 USD,TAKER,e21bcb97-6d1c-4614-bc32-d4a69ee85887,2025-07-03 21:30:00+00:00,2025-07-03 21:30:00+00:00,{},False
O-20250703-213000-001-V2-2721,BACKTESTER-001,MLSignalStrategyV2-V2,EUR/USD.IDEALPRO,IDEALPRO-1-2721,IDEALPRO-001,IDEALPRO-1-374827,EUR/USD.IDEALPRO-MLSignalStrategyV2-V2,SELL,LIMIT,100000.00,1.17587,USD,2.35 USD,MAKER,c023eb1e-5478-409b-9a6a-c207639baf15,2025-07-03 22:57:00+00:00,2025-07-03 22:57:00+00:00,{},False
O-20250703-230000-001-V2-2722,BACKTESTER-001,MLSignalStrategyV2-V2,EUR/USD.IDEALPRO,IDEALPRO-1-2722,IDEALPRO-001,IDEALPRO-1-374834,EUR/USD.IDEALPRO-MLSignalStrategyV2-V2,BUY,MARKET,100000.00,1.17596,USD,2.35 USD,TAKER,3edb7501-1bb8-42bd-9924-5696aec9dd1c,2025-07-03 23:00:00+00:00,2025-07-03 23:00:00+00:00,{},False
O-20250703-230000-001-V2-2724,BACKTESTER-001,MLSignalStrategyV2-V2,EUR/USD.IDEALPRO,IDEALPRO-1-2724,IDEALPRO-001,IDEALPRO-1-374897,EUR/USD.IDEALPRO-MLSignalStrategyV2-V2,SELL,LIMIT,100000.00,1.17642,USD,2.35 USD,MAKER,7aec1ca4-d978-4ece-bde6-2bd938c02e99,2025-07-03 23:31:00+00:00,2025-07-03 23:31:00+00:00,{},False
O-20250704-020000-001-V2-2725,BACKTESTER-001,MLSignalStrategyV2-V2,EUR/USD.IDEALPRO,IDEALPRO-1-2725,IDEALPRO-001,IDEALPRO-1-375196,EUR/USD.IDEALPRO-MLSignalStrategyV2-V2,SELL,MARKET,100000.00,1.17595,USD,2.35 USD,TAKER,248aaef7-95d1-4987-a12c-9fdac0520590,2025-07-04 02:00:00+00:00,2025-07-04 02:00:00+00:00,{},False
O-20250704-020000-001-V2-2726,BACKTESTER-001,MLSignalStrategyV2-V2,EUR/USD.IDEALPRO,IDEALPRO-1-2726,IDEALPRO-001,IDEALPRO-1-375237,EUR/USD.IDEALPRO-MLSignalStrategyV2-V2,BUY,STOP_MARKET,100000.00,1.17665,USD,2.35 USD,TAKER,211f8fbd-e889-451a-aabf-18a19105694d,2025-07-04 02:20:00+00:00,2025-07-04 02:20:00+00:00,{},False
O-20250704-074500-001-V2-2728,BACKTESTER-001,MLSignalStrategyV2-V2,EUR/USD.IDEALPRO,IDEALPRO-1-2728,IDEALPRO-001,IDEALPRO-1-375888,EUR/USD.IDEALPRO-MLSignalStrategyV2-V2,BUY,MARKET,100000.00,1.17716,USD,2.35 USD,TAKER,ff26d907-c0e3-49d4-9711-9515a4c12c05,2025-07-04 07:45:00+00:00,2025-07-04 07:45:00+00:00,{},False
O-20250704-074500-001-V2-2730,BACKTESTER-001,MLSignalStrategyV2-V2,EUR/USD.IDEALPRO,IDEALPRO-1-2730,IDEALPRO-001,IDEALPRO-1-375899,EUR/USD.IDEALPRO-MLSignalStrategyV2-V2,SELL,LIMIT,100000.00,1.17776,USD,2.36 USD,MAKER,2e5ceed6-1af0-46fe-8419-5e8c37387890,2025-07-04 07:50:00+00:00,2025-07-04 07:50:00+00:00,{},False
O-20250704-134500-001-V2-2731,BACKTESTER-001,MLSignalStrategyV2-V2,EUR/USD.IDEALPRO,IDEALPRO-1-2731,IDEALPRO-001,IDEALPRO-1-376610,EUR/USD.IDEALPRO-MLSignalStrategyV2-V2,BUY,MARKET,100000.00,1.17766,USD,2.36 USD,TAKER,53ddc60a-ee72-46c2-a1fb-dc939e349614,2025-07-04 13:45:00+00:00,2025-07-04 13:45:00+00:00,{},False
O-20250704-134500-001-V2-2733,BACKTESTER-001,MLSignalStrategyV2-V2,EUR/USD.IDEALPRO,IDEALPRO-1-2733,IDEALPRO-001,IDEALPRO-1-376645,EUR/USD.IDEALPRO-MLSignalStrategyV2-V2,SELL,LIMIT,100000.00,1.17823,USD,2.36 USD,MAKER,c0f79b3c-6e16-4e92-8682-68f119feb14d,2025-07-04 14:02:00+00:00,2025-07-04 14:02:00+00:00,{},False
O-20250704-163000-001-V2-2734,BACKTESTER-001,MLSignalStrategyV2-V2,EUR/USD.IDEALPRO,IDEALPRO-1-2734,IDEALPRO-001,IDEALPRO-1-376942,EUR/USD.IDEALPRO-MLSignalStrategyV2-V2,BUY,MARKET,100000.00,1.17817,USD,2.36 USD,TAKER,84a9c62e-2c6f-411e-9f98-2288b74e795b,2025-07-04 16:30:00+00:00,2025-07-04 16:30:00+00:00,{},False
O-20250704-163000-001-V2-2735,BACKTESTER-001,MLSignalStrategyV2-V2,EUR/USD.IDEALPRO,IDEALPRO-1-2735,IDEALPRO-001,IDEALPRO-1-376983,EUR/USD.IDEALPRO-MLSignalStrategyV2-V2,SELL,STOP_MARKET,100000.00,1.17751,USD,2.36 USD,TAKER,9e114bdf-7fd4-4e4d-94b3-de625fe72004,2025-07-04 16:50:00+00:00,2025-07-04 16:50:00+00:00,{},False
O-20250706-213000-001-V2-2737,BACKTESTER-001,MLSignalStrategyV2-V2,EUR/USD.IDEALPRO,IDEALPRO-1-2737,IDEALPRO-001,IDEALPRO-1-377514,EUR/USD.IDEALPRO-MLSignalStrategyV2-V2,BUY,MARKET,100000.00,1.17809,USD,2.36 USD,TAKER,57123801-10d9-4eef-9b6b-9a4f90e3da14,2025-07-06 21:30:00+00:00,2025-07-06 21:30:00+00:00,{},False
O-20250706-213000-001-V2-2738,BACKTESTER-001,MLSignalStrategyV2-V2,EUR/USD.IDEALPRO,IDEALPRO-1-2738,IDEALPRO-001,IDEALPRO-1-377591,EUR/USD.IDEALPRO-MLSignalStrategyV2-V2,SELL,STOP_MARKET,100000.00,1.17734,USD,2.35 USD,TAKER,fa3d0833-5c34-4665-ad00-e84c75658996,2025-07-06 22:08:00+00:00,2025-07-06 22:08:00+00:00,{},False
O-20250706-221500-001-V2-2740,BACKTESTER-001,MLSignalStrategyV2-V2,EUR/USD.IDEALPRO,IDEALPRO-1-2740,IDEALPRO-001,IDEALPRO-1-377606,EUR/USD.IDEALPRO-MLSignalStrategyV2-V2,BUY,MARKET,100000.00,1.17773,USD,2.36 USD,TAKER,3390948d-5018-4e34-9be4-c1d41bf57b47,2025-07-06 22:15:00+00:00,2025-07-06 22:15:00+00:00,{},False
O-20250706-221500-001-V2-2742,BACKTESTER-001,MLSignalStrategyV2-V2,EUR/USD.IDEALPRO,IDEALPRO-1-2742,IDEALPRO-001,IDEALPRO-1-377701,EUR/USD.IDEALPRO-MLSignalStrategyV2-V2,SELL,LIMIT,100000.00,1.17821,USD,2.36 USD,MAKER,f36eaf78-2c4a-4229-bd09-abc17595c306,2025-07-06 23:02:00+00:00,2025-07-06 23:02:00+00:00,{},False
O-20250706-231500-001-V2-2743,BACKTESTER-001,MLSignalStrategyV2-V2,EUR/USD.IDEALPRO,IDEALPRO-1-2743,IDEALPRO-001,IDEALPRO-1-377728,EUR/USD.IDEALPRO-MLSignalStrategyV2-V2,BUY,MARKET,100000.00,1.17800,USD,2.36 USD,TAKER,f55a68f5-6c1f-44e0-8484-725175e0d46d,2025-07-06 23:15:00+00:00,2025-07-06 23:15:00+00:00,{},False
O-20250706-231500-001-V2-2745,BACKTESTER-001,MLSignalStrategyV2-V2,EUR/USD.IDEALPRO,IDEALPRO-1-2745,IDEALPRO-001,IDEALPRO-1-377825,EUR/USD.IDEALPRO-MLSignalStrategyV2-V2,SELL,LIMIT,100000.00,1.17851,USD,2.36 USD,MAKER,07ad9835-0b46-406a-89b7-aed54452050c,2025-07-07 00:03:00+00:00,2025-07-07 00:03:00+00:00,{},False
O-20250707-020000-001-V2-2746,BACKTESTER-001,MLSignalStrategyV2-V2,EUR/USD.IDEALPRO,IDEALPRO-1-2746,IDEALPRO-001,IDEALPRO-1-378060,EUR/USD.IDEALPRO-MLSignalStrategyV2-V2,SELL,MARKET,100000.00,1.17720,USD,2.35 USD,TAKER,2c75d750-5ff8-4a3f-a35b-5da48d00e032,2025-07-07 02:00:00+00:00,2025-07-07 02:00:00+00:00,{},False
O-20250707-020000-001-V2-2748,BACKTESTER-001,MLSignalStrategyV2-V2,EUR/USD.IDEALPRO,IDEALPRO-1-2748,IDEALPRO-001,IDEALPRO-1-378125,EUR/USD.IDEALPRO-MLSignalStrategyV2-V2,BUY,LIMIT,100000.00,1.17659,USD,2.35 USD,MAKER,2b8792c5-bf53-4ee2-9a6e-197e48be938c,2025-07-07 02:32:00+00:00,2025-07-07 02:32:00+00:00,{},False
O-20250707-053000-001-V2-2749,BACKTESTER-001,MLSignalStrategyV2-V2,EUR/USD.IDEALPRO,IDEALPRO-1-2749,IDEALPRO-001,IDEALPRO-1-378482,EUR/USD.IDEALPRO-MLSignalStrategyV2-V2,BUY,MARKET,100000.00,1.17647,USD,2.35 USD,TAKER,ca448802-f1cf-4a37-aaff-4865ce1b9908,2025-07-07 05:30:00+00:00,2025-07-07 05:30:00+00:00,{},False
O-20250707-053000-001-V2-2751,BACKTESTER-001,MLSignalStrategyV2-V2,EUR/USD.IDEALPRO,IDEALPRO-1-2751,IDEALPRO-001,IDEALPRO-1-378509,EUR/USD.IDEALPRO-MLSignalStrategyV2-V2,SELL,LIMIT,100000.00,1.17699,USD,2.35 USD,MAKER,8d8c83b6-db88-4bb1-a15c-5900ea0d8e6e,2025-07-07 05:43:00+00:00,2025-07-07 05:43:00+00:00,{},False
O-20250707-054500-001-V2-2752,BACKTESTER-001,MLSignalStrategyV2-V2,EUR/USD.IDEALPRO,IDEALPRO-1-2752,IDEALPRO-001,IDEALPRO-1-378514,EUR/USD.IDEALPRO-MLSignalStrategyV2-V2,SELL,MARKET,100000.00,1.17696,USD,2.35 USD,TAKER,63d37937-d857-465a-9ee3-063a1dd2df16,2025-07-07 05:45:00+00:00,2025-07-07 05:45:00+00:00,{},False
O-20250707-054500-001-V2-2754,BACKTESTER-001,MLSignalStrategyV2-V2,EUR/USD.IDEALPRO,IDEALPRO-1-2754,IDEALPRO-001,IDEALPRO-1-378561,EUR/USD.IDEALPRO-MLSignalStrategyV2-V2,BUY,LIMIT,100000.00,1.17640,USD,2.35 USD,MAKER,a8a89219-99ff-41fe-b1ca-a407f049b02f,2025-07-07 06:08:00+00:00,2025-07-07 06:08:00+00:00,{},False
O-20250707-070000-001-V2-2755,BACKTESTER-001,MLSignalStrategyV2-V2,EUR/USD.IDEALPRO,IDEALPRO-1-2755,IDEALPRO-001,IDEALPRO-1-378667,EUR/USD.IDEALPRO-MLSignalStrategyV2-V2,SELL,MARKET,100000.00,1.17558,USD,2.35 USD,TAKER,0a1dbe48-46d0-4024-9821-2d44b76d9556,2025-07-07 07:00:00+00:00,2025-07-07 07:00:00+00:00,{},False
O-20250707-070000-001-V2-2757,BACKTESTER-001,MLSignalStrategyV2-V2,EUR/USD.IDEALPRO,IDEALPRO-1-2757,IDEALPRO-001,IDEALPRO-1-378687,EUR/USD.IDEALPRO-MLSignalStrategyV2-V2,BUY,LIMIT,100000.00,1.17483,USD,2.35 USD,MAKER,4217ccf6-948f-42cc-911a-21feae9278ed,2025-07-07 07:10:00+00:00,2025-07-07 07:10:00+00:00,{},False
O-20250707-084500-001-V2-2758,BACKTESTER-001,MLSignalStrategyV2-V2,EUR/USD.IDEALPRO,IDEALPRO-1-2758,IDEALPRO-001,IDEALPRO-1-378878,EUR/USD.IDEALPRO-MLSignalStrategyV2-V2,BUY,MARKET,100000.00,1.17331,USD,2.35 USD,TAKER,dd4d4369-363a-43a6-8d93-9c4f2f125eba,2025-07-07 08:45:00+00:00,2025-07-07 08:45:00+00:00,{},False
O-20250707-084500-001-V2-2759,BACKTESTER-001,MLSignalStrategyV2-V2,EUR/USD.IDEALPRO,IDEALPRO-1-2759,IDEALPRO-001,IDEALPRO-1-378909,EUR/USD.IDEALPRO-MLSignalStrategyV2-V2,SELL,STOP_MARKET,100000.00,1.17233,USD,2.34 USD,TAKER,175f2773-b37c-4631-b561-baaf3de787ad,2025-07-07 09:00:00+00:00,2025-07-07 09:00:00+00:00,{},False
O-20250707-110000-001-V2-2761,BACKTESTER-001,MLSignalStrategyV2-V2,EUR/USD.IDEALPRO,IDEALPRO-1-2761,IDEALPRO-001,IDEALPRO-1-379150,EUR/USD.IDEALPRO-MLSignalStrategyV2-V2,SELL,MARKET,100000.00,1.17276,USD,2.35 USD,TAKER,49325c64-1d54-47e8-8a00-c4fbc2428900,2025-07-07 11:00:00+00:00,2025-07-07 11:00:00+00:00,{},False
O-20250707-110000-001-V2-2763,BACKTESTER-001,MLSignalStrategyV2-V2,EUR/USD.IDEALPRO,IDEALPRO-1-2763,IDEALPRO-001,IDEALPRO-1-379327,EUR/USD.IDEALPRO-MLSignalStrategyV2-V2,BUY,LIMIT,100000.00,1.17199,USD,2.34 USD,MAKER,e655d0bf-d62f-460c-940d-bd1fa789b979,2025-07-07 12:28:00+00:00,2025-07-07 12:28:00+00:00,{},False
O-20250707-124500-001-V2-2764,BACKTESTER-001,MLSignalStrategyV2-V2,EUR/USD.IDEALPRO,IDEALPRO-1-2764,IDEALPRO-001,IDEALPRO-1-379363,EUR/USD.IDEALPRO-MLSignalStrategyV2-V2,SELL,MARKET,100000.00,1.17228,USD,2.34 USD,TAKER,8c392943-acaf-4f4a-ab64-413448712dde,2025-07-07 12:45:00+00:00,2025-07-07 12:45:00+00:00,{},False
O-20250707-124500-001-V2-2765,BACKTESTER-001,MLSignalStrategyV2-V2,EUR/USD.IDEALPRO,IDEALPRO-1-2765,IDEALPRO-001,IDEALPRO-1-379429,EUR/USD.IDEALPRO-MLSignalStrategyV2-V2,BUY,STOP_MARKET,100000.00,1.17313,USD,2.35 USD,TAKER,aeaa9058-426e-40db-8b87-ebf80e23638c,2025-07-07 13:18:00+00:00,2025-07-07 13:18:00+00:00,{},False
O-20250707-133000-001-V2-2767,BACKTESTER-001,MLSignalStrategyV2-V2,EUR/USD.IDEALPRO,IDEALPRO-1-2767,IDEALPRO-001,IDEALPRO-1-379454,EUR/USD.IDEALPRO-MLSignalStrategyV2-V2,SELL,MARKET,100000.00,1.17369,USD,2.35 USD,TAKER,30cafc44-3b06-4399-9cf1-9d483b6cacda,2025-07-07 13:30:00+00:00,2025-07-07 13:30:00+00:00,{},False
O-20250707-133000-001-V2-2768,BACKTESTER-001,MLSignalStrategyV2-V2,EUR/USD.IDEALPRO,IDEALPRO-1-2768,IDEALPRO-001,IDEALPRO-1-379609,EUR/USD.IDEALPRO-MLSignalStrategyV2-V2,BUY,STOP_MARKET,100000.00,1.17456,USD,2.35 USD,TAKER,b5caef9a-2d0a-4ecd-9f22-e9c856974d67,2025-07-07 14:47:00+00:00,2025-07-07 14:47:00+00:00,{},False
O-20250707-170000-001-V2-2770,BACKTESTER-001,MLSignalStrategyV2-V2,EUR/USD.IDEALPRO,IDEALPRO-1-2770,IDEALPRO-001,IDEALPRO-1-379876,EUR/USD.IDEALPRO-MLSignalStrategyV2-V2,BUY,MARKET,100000.00,1.16943,USD,2.34 USD,TAKER,d1d2db71-1075-467f-8851-4e68170e208c,2025-07-07 17:00:00+00:00,2025-07-07 17:00:00+00:00,{},False
O-20250707-170000-001-V2-2772,BACKTESTER-001,MLSignalStrategyV2-V2,EUR/USD.IDEALPRO,IDEALPRO-1-2772,IDEALPRO-001,IDEALPRO-1-379939,EUR/USD.IDEALPRO-MLSignalStrategyV2-V2,SELL,LIMIT,100000.00,1.17088,USD,2.34 USD,MAKER,0d5c8128-7d7e-4f96-8994-834a6caec41b,2025-07-07 17:31:00+00:00,2025-07-07 17:31:00+00:00,{},False
O-20250707-230000-001-V2-2773,BACKTESTER-001,MLSignalStrategyV2-V2,EUR/USD.IDEALPRO,IDEALPRO-1-2773,IDEALPRO-001,IDEALPRO-1-380568,EUR/USD.IDEALPRO-MLSignalStrategyV2-V2,BUY,MARKET,100000.00,1.17356,USD,2.35 USD,TAKER,73f1c286-8e22-405f-8d90-66e7ddd69090,2025-07-07 23:00:00+00:00,2025-07-07 23:00:00+00:00,{},False
O-20250707-230000-001-V2-2775,BACKTESTER-001,MLSignalStrategyV2-V2,EUR/USD.IDEALPRO,IDEALPRO-1-2775,IDEALPRO-001,IDEALPRO-1-380703,EUR/USD.IDEALPRO-MLSignalStrategyV2-V2,SELL,LIMIT,100000.00,1.17432,USD,2.35 USD,MAKER,818a5110-f836-4237-929e-9b77208dc93d,2025-07-08 00:07:00+00:00,2025-07-08 00:07:00+00:00,{},False
O-20250708-001500-001-V2-2776,BACKTESTER-001,MLSignalStrategyV2-V2,EUR/USD.IDEALPRO,IDEALPRO-1-2776,IDEALPRO-001,IDEALPRO-1-380720,EUR/USD.IDEALPRO-MLSignalStrategyV2-V2,SELL,MARKET,100000.00,1.17467,USD,2.35 USD,TAKER,01b94699-a4b8-41e8-b571-d4758ee9dd9a,2025-07-08 00:15:00+00:00,2025-07-08 00:15:00+00:00,{},False
O-20250708-001500-001-V2-2778,BACKTESTER-001,MLSignalStrategyV2-V2,EUR/USD.IDEALPRO,IDEALPRO-1-2778,IDEALPRO-001,IDEALPRO-1-380747,EUR/USD.IDEALPRO-MLSignalStrategyV2-V2,BUY,LIMIT,100000.00,1.17403,USD,2.35 USD,MAKER,5de80560-e5b9-48f7-9466-47d1559c416d,2025-07-08 00:28:00+00:00,2025-07-08 00:28:00+00:00,{},False
O-20250708-004500-001-V2-2779,BACKTESTER-001,MLSignalStrategyV2-V2,EUR/USD.IDEALPRO,IDEALPRO-1-2779,IDEALPRO-001,IDEALPRO-1-380782,EUR/USD.IDEALPRO-MLSignalStrategyV2-V2,BUY,MARKET,100000.00,1.17461,USD,2.35 USD,TAKER,35cd825f-22f1-49e2-ba4b-af313fa907e9,2025-07-08 00:45:00+00:00,2025-07-08 00:45:00+00:00,{},False
O-20250708-004500-001-V2-2780,BACKTESTER-001,MLSignalStrategyV2-V2,EUR/USD.IDEALPRO,IDEALPRO-1-2780,IDEALPRO-001,IDEALPRO-1-380837,EUR/USD.IDEALPRO-MLSignalStrategyV2-V2,SELL,STOP_MARKET,100000.00,1.17352,USD,2.35 USD,TAKER,4b064045-da2e-4788-9875-fc2b0cfb7b6d,2025-07-08 01:12:00+00:00,2025-07-08 01:12:00+00:00,{},False
O-20250708-011500-001-V2-2782,BACKTESTER-001,MLSignalStrategyV2-V2,EUR/USD.IDEALPRO,IDEALPRO-1-2782,IDEALPRO-001,IDEALPRO-1-380844,EUR/USD.IDEALPRO-MLSignalStrategyV2-V2,BUY,MARKET,100000.00,1.17352,USD,2.35 USD,TAKER,8fa23e0b-b779-4a58-a0dd-2a4b0e6b06dd,2025-07-08 01:15:00+00:00,2025-07-08 01:15:00+00:00,{},False
O-20250708-011500-001-V2-2784,BACKTESTER-001,MLSignalStrategyV2-V2,EUR/USD.IDEALPRO,IDEALPRO-1-2784,IDEALPRO-001,IDEALPRO-1-380893,EUR/USD.IDEALPRO-MLSignalStrategyV2-V2,SELL,LIMIT,100000.00,1.17435,USD,2.35 USD,MAKER,77151e6c-4c9b-4b9e-9cfb-c53d8180f4d8,2025-07-08 01:39:00+00:00,2025-07-08 01:39:00+00:00,{},False
O-20250708-024500-001-V2-2785,BACKTESTER-001,MLSignalStrategyV2-V2,EUR/USD.IDEALPRO,IDEALPRO-1-2785,IDEALPRO-001,IDEALPRO-1-381026,EUR/USD.IDEALPRO-MLSignalStrategyV2-V2,BUY,MARKET,100000.00,1.17420,USD,2.35 USD,TAKER,60182800-43bd-4a3b-bbe4-8af933e91f0b,2025-07-08 02:45:00+00:00,2025-07-08 02:45:00+00:00,{},False
O-20250708-024500-001-V2-2787,BACKTESTER-001,MLSignalStrategyV2-V2,EUR/USD.IDEALPRO,IDEALPRO-1-2787,IDEALPRO-001,IDEALPRO-1-381191,EUR/USD.IDEALPRO-MLSignalStrategyV2-V2,SELL,LIMIT,100000.00,1.17495,USD,2.35 USD,MAKER,78bb4e7f-3c67-4b90-ba81-ada88f5a0540,2025-07-08 04:07:00+00:00,2025-07-08 04:07:00+00:00,{},False
O-20250708-093000-001-V2-2788,BACKTESTER-001,MLSignalStrategyV2-V2,EUR/USD.IDEALPRO,IDEALPRO-1-2788,IDEALPRO-001,IDEALPRO-1-381839,EUR/USD.IDEALPRO-MLSignalStrategyV2-V2,SELL,MARKET,100000.00,1.17488,USD,2.35 USD,TAKER,5240c656-01d5-4162-800b-c326c2e4cd94,2025-07-08 09:30:00+00:00,2025-07-08 09:30:00+00:00,{},False
O-20250708-093000-001-V2-2790,BACKTESTER-001,MLSignalStrategyV2-V2,EUR/USD.IDEALPRO,IDEALPRO-1-2790,IDEALPRO-001,IDEALPRO-1-381869,EUR/USD.IDEALPRO-MLSignalStrategyV2-V2,BUY,LIMIT,100000.00,1.17412,USD,2.35 USD,MAKER,58dc2c82-60f5-43cb-9383-75f490a9bb9c,2025-07-08 09:45:00+00:00,2025-07-08 09:45:00+00:00,{},False
O-20250708-101500-001-V2-2791,BACKTESTER-001,MLSignalStrategyV2-V2,EUR/USD.IDEALPRO,IDEALPRO-1-2791,IDEALPRO-001,IDEALPRO-1-381931,EUR/USD.IDEALPRO-MLSignalStrategyV2-V2,SELL,MARKET,100000.00,1.17379,USD,2.35 USD,TAKER,084b86bc-aeec-4b90-bb95-7675e16e3ddb,2025-07-08 10:15:00+00:00,2025-07-08 10:15:00+00:00,{},False
O-20250708-101500-001-V2-2793,BACKTESTER-001,MLSignalStrategyV2-V2,EUR/USD.IDEALPRO,IDEALPRO-1-2793,IDEALPRO-001,IDEALPRO-1-381961,EUR/USD.IDEALPRO-MLSignalStrategyV2-V2,BUY,LIMIT,100000.00,1.17306,USD,2.35 USD,MAKER,57cc02a3-8db1-4648-9798-8c86bc5c7139,2025-07-08 10:30:00+00:00,2025-07-08 10:30:00+00:00,{},False
O-20250708-103000-001-V2-2794,BACKTESTER-001,MLSignalStrategyV2-V2,EUR/USD.IDEALPRO,IDEALPRO-1-2794,IDEALPRO-001,IDEALPRO-1-381962,EUR/USD.IDEALPRO-MLSignalStrategyV2-V2,SELL,MARKET,100000.00,1.17311,USD,2.35 USD,TAKER,de6f9024-ddd0-4bac-961d-b136eb389226,2025-07-08 10:30:00+00:00,2025-07-08 10:30:00+00:00,{},False
O-20250708-103000-001-V2-2796,BACKTESTER-001,MLSignalStrategyV2-V2,EUR/USD.IDEALPRO,IDEALPRO-1-2796,IDEALPRO-001,IDEALPRO-1-381999,EUR/USD.IDEALPRO-MLSignalStrategyV2-V2,BUY,LIMIT,100000.00,1.17233,USD,2.34 USD,MAKER,47a6e5d7-3f9a-41e4-9235-bab643ce7234,2025-07-08 10:48:00+00:00,2025-07-08 10:48:00+00:00,{},False
O-20250708-114500-001-V2-2797,BACKTESTER-001,MLSignalStrategyV2-V2,EUR/USD.IDEALPRO,IDEALPRO-1-2797,IDEALPRO-001,IDEALPRO-1-382115,EUR/USD.IDEALPRO-MLSignalStrategyV2-V2,SELL,MARKET,100000.00,1.17301,USD,2.35 USD,TAKER,384b86d5-6a47-47dd-ab79-825a3ca09b3b,2025-07-08 11:45:00+00:00,2025-07-08 11:45:00+00:00,{},False
O-20250708-114500-001-V2-2799,BACKTESTER-001,MLSignalStrategyV2-V2,EUR/USD.IDEALPRO,IDEALPRO-1-2799,IDEALPRO-001,IDEALPRO-1-382135,EUR/USD.IDEALPRO-MLSignalStrategyV2-V2,BUY,LIMIT,100000.00,1.17240,USD,2.34 USD,MAKER,b79b3079-dc72-4430-8e7e-afe9ec09a8e5,2025-07-08 11:55:00+00:00,2025-07-08 11:55:00+00:00,{},False
O-20250708-141500-001-V2-2800,BACKTESTER-001,MLSignalStrategyV2-V2,EUR/USD.IDEALPRO,IDEALPRO-1-2800,IDEALPRO-001,IDEALPRO-1-382416,EUR/USD.IDEALPRO-MLSignalStrategyV2-V2,BUY,MARKET,100000.00,1.16894,USD,2.34 USD,TAKER,e42c5c30-4756-425c-93e0-4245c97771ae,2025-07-08 14:15:00+00:00,2025-07-08 14:15:00+00:00,{},False
O-20250708-141500-001-V2-2802,BACKTESTER-001,MLSignalStrategyV2-V2,EUR/USD.IDEALPRO,IDEALPRO-1-2802,IDEALPRO-001,IDEALPRO-1-382483,EUR/USD.IDEALPRO-MLSignalStrategyV2-V2,SELL,LIMIT,100000.00,1.17007,USD,2.34 USD,MAKER,7ea6dc44-10ce-441d-b5b1-959d587f523f,2025-07-08 14:48:00+00:00,2025-07-08 14:48:00+00:00,{},False
O-20250708-161500-001-V2-2803,BACKTESTER-001,MLSignalStrategyV2-V2,EUR/USD.IDEALPRO,IDEALPRO-1-2803,IDEALPRO-001,IDEALPRO-1-382659,EUR/USD.IDEALPRO-MLSignalStrategyV2-V2,BUY,MARKET,100000.00,1.17096,USD,2.34 USD,TAKER,3e826b1c-ee45-429f-b716-b0780db1915f,2025-07-08 16:15:00+00:00,2025-07-08 16:15:00+00:00,{},False
O-20250708-161500-001-V2-2804,BACKTESTER-001,MLSignalStrategyV2-V2,EUR/USD.IDEALPRO,IDEALPRO-1-2804,IDEALPRO-001,IDEALPRO-1-382701,EUR/USD.IDEALPRO-MLSignalStrategyV2-V2,SELL,STOP_MARKET,100000.00,1.16981,USD,2.34 USD,TAKER,f8e38076-dd6a-437e-ad9e-bfb07999b021,2025-07-08 16:36:00+00:00,2025-07-08 16:36:00+00:00,{},False
O-20250708-164500-001-V2-2806,BACKTESTER-001,MLSignalStrategyV2-V2,EUR/USD.IDEALPRO,IDEALPRO-1-2806,IDEALPRO-001,IDEALPRO-1-382720,EUR/USD.IDEALPRO-MLSignalStrategyV2-V2,BUY,MARKET,100000.00,1.17028,USD,2.34 USD,TAKER,c8299185-5961-4fed-9503-738f3329ad42,2025-07-08 16:45:00+00:00,2025-07-08 16:45:00+00:00,{},False
O-20250708-164500-001-V2-2808,BACKTESTER-001,MLSignalStrategyV2-V2,EUR/USD.IDEALPRO,IDEALPRO-1-2808,IDEALPRO-001,IDEALPRO-1-382757,EUR/USD.IDEALPRO-MLSignalStrategyV2-V2,SELL,LIMIT,100000.00,1.17135,USD,2.34 USD,MAKER,d193cb0f-bb69-4a9e-9c79-4eda4e8fb9c6,2025-07-08 17:03:00+00:00,2025-07-08 17:03:00+00:00,{},False
O-20250709-024500-001-V2-2809,BACKTESTER-001,MLSignalStrategyV2-V2,EUR/USD.IDEALPRO,IDEALPRO-1-2809,IDEALPRO-001,IDEALPRO-1-383892,EUR/USD.IDEALPRO-MLSignalStrategyV2-V2,BUY,MARKET,100000.00,1.17071,USD,2.34 USD,TAKER,dfed4d99-0008-4f88-b229-61e09831efc1,2025-07-09 02:45:00+00:00,2025-07-09 02:45:00+00:00,{},False
O-20250709-024500-001-V2-2811,BACKTESTER-001,MLSignalStrategyV2-V2,EUR/USD.IDEALPRO,IDEALPRO-1-2811,IDEALPRO-001,IDEALPRO-1-384151,EUR/USD.IDEALPRO-MLSignalStrategyV2-V2,SELL,LIMIT,100000.00,1.17130,USD,2.34 USD,MAKER,8efa8ad0-dce1-444d-a8b1-57da47151b74,2025-07-09 04:54:00+00:00,2025-07-09 04:54:00+00:00,{},False
O-20250709-114500-001-V2-2812,BACKTESTER-001,MLSignalStrategyV2-V2,EUR/USD.IDEALPRO,IDEALPRO-1-2812,IDEALPRO-001,IDEALPRO-1-384974,EUR/USD.IDEALPRO-MLSignalStrategyV2-V2,SELL,MARKET,100000.00,1.17048,USD,2.34 USD,TAKER,99f0b313-f7f9-4d8a-9760-35418d7d8930,2025-07-09 11:45:00+00:00,2025-07-09 11:45:00+00:00,{},False
O-20250709-114500-001-V2-2814,BACKTESTER-001,MLSignalStrategyV2-V2,EUR/USD.IDEALPRO,IDEALPRO-1-2814,IDEALPRO-001,IDEALPRO-1-384993,EUR/USD.IDEALPRO-MLSignalStrategyV2-V2,BUY,LIMIT,100000.00,1.16975,USD,2.34 USD,MAKER,0802174f-b334-41d6-a4b0-1a4e2d7fc195,2025-07-09 11:54:00+00:00,2025-07-09 11:54:00+00:00,{},False
O-20250709-204500-001-V2-2815,BACKTESTER-001,MLSignalStrategyV2-V2,EUR/USD.IDEALPRO,IDEALPRO-1-2815,IDEALPRO-001,IDEALPRO-1-386057,EUR/USD.IDEALPRO-MLSignalStrategyV2-V2,BUY,MARKET,100000.00,1.17173,USD,2.34 USD,TAKER,c911203b-5a73-483e-95c7-7983687c7946,2025-07-09 20:45:00+00:00,2025-07-09 20:45:00+00:00,{},False
O-20250709-204500-001-V2-2817,BACKTESTER-001,MLSignalStrategyV2-V2,EUR/USD.IDEALPRO,IDEALPRO-1-2817,IDEALPRO-001,IDEALPRO-1-386079,EUR/USD.IDEALPRO-MLSignalStrategyV2-V2,SELL,LIMIT,100000.00,1.17234,USD,2.34 USD,MAKER,0b538d63-067f-4278-96f7-452a273e97cb,2025-07-09 20:56:00+00:00,2025-07-09 20:56:00+00:00,{},False
O-20250709-210000-001-V2-2818,BACKTESTER-001,MLSignalStrategyV2-V2,EUR/USD.IDEALPRO,IDEALPRO-1-2818,IDEALPRO-001,IDEALPRO-1-386088,EUR/USD.IDEALPRO-MLSignalStrategyV2-V2,BUY,MARKET,100000.00,1.17205,USD,2.34 USD,TAKER,21497ac0-96a7-4204-8262-13fdb992e39e,2025-07-09 21:00:00+00:00,2025-07-09 21:00:00+00:00,{},False
O-20250709-210000-001-V2-2820,BACKTESTER-001,MLSignalStrategyV2-V2,EUR/USD.IDEALPRO,IDEALPRO-1-2820,IDEALPRO-001,IDEALPRO-1-386345,EUR/USD.IDEALPRO-MLSignalStrategyV2-V2,SELL,LIMIT,100000.00,1.17271,USD,2.35 USD,MAKER,8103fe2c-55a7-403b-9e48-64edd181b8ed,2025-07-09 23:23:00+00:00,2025-07-09 23:23:00+00:00,{},False
O-20250710-000000-001-V2-2821,BACKTESTER-001,MLSignalStrategyV2-V2,EUR/USD.IDEALPRO,IDEALPRO-1-2821,IDEALPRO-001,IDEALPRO-1-386420,EUR/USD.IDEALPRO-MLSignalStrategyV2-V2,SELL,MARKET,100000.00,1.17381,USD,2.35 USD,TAKER,348be2a0-b59d-4e53-9e5a-12412d804e01,2025-07-10 00:00:00+00:00,2025-07-10 00:00:00+00:00,{},False
O-20250710-000000-001-V2-2822,BACKTESTER-001,MLSignalStrategyV2-V2,EUR/USD.IDEALPRO,IDEALPRO-1-2822,IDEALPRO-001,IDEALPRO-1-386437,EUR/USD.IDEALPRO-MLSignalStrategyV2-V2,BUY,STOP_MARKET,100000.00,1.17434,USD,2.35 USD,TAKER,f60765d8-ad65-4171-9bee-19010656822a,2025-07-10 00:08:00+00:00,2025-07-10 00:08:00+00:00,{},False
O-20250710-003000-001-V2-2824,BACKTESTER-001,MLSignalStrategyV2-V2,EUR/USD.IDEALPRO,IDEALPRO-1-2824,IDEALPRO-001,IDEALPRO-1-386483,EUR/USD.IDEALPRO-MLSignalStrategyV2-V2,SELL,MARKET,100000.00,1.17458,USD,2.35 USD,TAKER,3473b927-1b90-4ae8-89ea-116859442124,2025-07-10 00:30:00+00:00,2025-07-10 00:30:00+00:00,{},False
O-20250710-003000-001-V2-2826,BACKTESTER-001,MLSignalStrategyV2-V2,EUR/USD.IDEALPRO,IDEALPRO-1-2826,IDEALPRO-001,IDEALPRO-1-386571,EUR/USD.IDEALPRO-MLSignalStrategyV2-V2,BUY,LIMIT,100000.00,1.17389,USD,2.35 USD,MAKER,138d1dd3-dbf9-46ab-880a-94da8bd78f6f,2025-07-10 01:14:00+00:00,2025-07-10 01:14:00+00:00,{},False
O-20250710-120000-001-V2-2827,BACKTESTER-001,MLSignalStrategyV2-V2,EUR/USD.IDEALPRO,IDEALPRO-1-2827,IDEALPRO-001,IDEALPRO-1-387864,EUR/USD.IDEALPRO-MLSignalStrategyV2-V2,SELL,MARKET,100000.00,1.17119,USD,2.34 USD,TAKER,76b46771-d055-491b-b3b8-4e8a185ffee4,2025-07-10 12:00:00+00:00,2025-07-10 12:00:00+00:00,{},False
O-20250710-120000-001-V2-2829,BACKTESTER-001,MLSignalStrategyV2-V2,EUR/USD.IDEALPRO,IDEALPRO-1-2829,IDEALPRO-001,IDEALPRO-1-387925,EUR/USD.IDEALPRO-MLSignalStrategyV2-V2,BUY,LIMIT,100000.00,1.17054,USD,2.34 USD,MAKER,088ec9bc-29e5-42ed-994a-f91f2002fb3a,2025-07-10 12:30:00+00:00,2025-07-10 12:30:00+00:00,{},False
O-20250710-124500-001-V2-2830,BACKTESTER-001,MLSignalStrategyV2-V2,EUR/USD.IDEALPRO,IDEALPRO-1-2830,IDEALPRO-001,IDEALPRO-1-387957,EUR/USD.IDEALPRO-MLSignalStrategyV2-V2,BUY,MARKET,100000.00,1.17042,USD,2.34 USD,TAKER,41934c43-e023-4cca-8173-22bbec2d03ee,2025-07-10 12:45:00+00:00,2025-07-10 12:45:00+00:00,{},False
O-20250710-124500-001-V2-2832,BACKTESTER-001,MLSignalStrategyV2-V2,EUR/USD.IDEALPRO,IDEALPRO-1-2832,IDEALPRO-001,IDEALPRO-1-387991,EUR/USD.IDEALPRO-MLSignalStrategyV2-V2,SELL,LIMIT,100000.00,1.17107,USD,2.34 USD,MAKER,4d5086e4-14fc-4d65-93e9-2975575cf480,2025-07-10 13:02:00+00:00,2025-07-10 13:02:00+00:00,{},False
O-20250710-131500-001-V2-2833,BACKTESTER-001,MLSignalStrategyV2-V2,EUR/USD.IDEALPRO,IDEALPRO-1-2833,IDEALPRO-001,IDEALPRO-1-388018,EUR/USD.IDEALPRO-MLSignalStrategyV2-V2,SELL,MARKET,100000.00,1.17100,USD,2.34 USD,TAKER,d5e374e5-c977-4dd5-804e-9016b1922849,2025-07-10 13:15:00+00:00,2025-07-10 13:15:00+00:00,{},False
O-20250710-131500-001-V2-2835,BACKTESTER-001,MLSignalStrategyV2-V2,EUR/USD.IDEALPRO,IDEALPRO-1-2835,IDEALPRO-001,IDEALPRO-1-388039,EUR/USD.IDEALPRO-MLSignalStrategyV2-V2,BUY,LIMIT,100000.00,1.17036,USD,2.34 USD,MAKER,1bd89a25-5c21-4db1-b08a-561dbff13070,2025-07-10 13:25:00+00:00,2025-07-10 13:25:00+00:00,{},False
O-20250710-143000-001-V2-2836,BACKTESTER-001,MLSignalStrategyV2-V2,EUR/USD.IDEALPRO,IDEALPRO-1-2836,IDEALPRO-001,IDEALPRO-1-388170,EUR/USD.IDEALPRO-MLSignalStrategyV2-V2,BUY,MARKET,100000.00,1.16680,USD,2.33 USD,TAKER,e247f593-0d55-4a6c-b2dc-7c6897f9b671,2025-07-10 14:30:00+00:00,2025-07-10 14:30:00+00:00,{},False
O-20250710-143000-001-V2-2838,BACKTESTER-001,MLSignalStrategyV2-V2,EUR/USD.IDEALPRO,IDEALPRO-1-2838,IDEALPRO-001,IDEALPRO-1-388209,EUR/USD.IDEALPRO-MLSignalStrategyV2-V2,SELL,LIMIT,100000.00,1.16798,USD,2.34 USD,MAKER,75b69c43-90be-4875-99f5-48bcd8dfd890,2025-07-10 14:49:00+00:00,2025-07-10 14:49:00+00:00,{},False
O-20250710-150000-001-V2-2839,BACKTESTER-001,MLSignalStrategyV2-V2,EUR/USD.IDEALPRO,IDEALPRO-1-2839,IDEALPRO-001,IDEALPRO-1-388232,EUR/USD.IDEALPRO-MLSignalStrategyV2-V2,BUY,MARKET,100000.00,1.16800,USD,2.34 USD,TAKER,385c3b36-9351-4720-be28-1c2787be7fbe,2025-07-10 15:00:00+00:00,2025-07-10 15:00:00+00:00,{},False
O-20250710-150000-001-V2-2841,BACKTESTER-001,MLSignalStrategyV2-V2,EUR/USD.IDEALPRO,IDEALPRO-1-2841,IDEALPRO-001,IDEALPRO-1-388577,EUR/USD.IDEALPRO-MLSignalStrategyV2-V2,SELL,LIMIT,100000.00,1.16914,USD,2.34 USD,MAKER,cf2eb1d2-edfa-46e5-8fc4-bf422d480aa4,2025-07-10 17:52:00+00:00,2025-07-10 17:52:00+00:00,{},False
O-20250710-183000-001-V2-2842,BACKTESTER-001,MLSignalStrategyV2-V2,EUR/USD.IDEALPRO,IDEALPRO-1-2842,IDEALPRO-001,IDEALPRO-1-388654,EUR/USD.IDEALPRO-MLSignalStrategyV2-V2,BUY,MARKET,100000.00,1.16923,USD,2.34 USD,TAKER,9cc5246b-6ff1-44e5-94ca-c91c4e7c7665,2025-07-10 18:30:00+00:00,2025-07-10 18:30:00+00:00,{},False
O-20250710-183000-001-V2-2844,BACKTESTER-001,MLSignalStrategyV2-V2,EUR/USD.IDEALPRO,IDEALPRO-1-2844,IDEALPRO-001,IDEALPRO-1-388817,EUR/USD.IDEALPRO-MLSignalStrategyV2-V2,SELL,LIMIT,100000.00,1.16991,USD,2.34 USD,MAKER,9360bdff-ff9b-4532-b7cd-85669fec591d,2025-07-10 19:51:00+00:00,2025-07-10 19:51:00+00:00,{},False
O-20250710-213000-001-V2-2845,BACKTESTER-001,MLSignalStrategyV2-V2,EUR/USD.IDEALPRO,IDEALPRO-1-2845,IDEALPRO-001,IDEALPRO-1-388986,EUR/USD.IDEALPRO-MLSignalStrategyV2-V2,BUY,MARKET,100000.00,1.16996,USD,2.34 USD,TAKER,a27aa8e7-c337-4d34-866a-2d3ad447e19c,2025-07-10 21:30:00+00:00,2025-07-10 21:30:00+00:00,{},False
O-20250710-213000-001-V2-2847,BACKTESTER-001,MLSignalStrategyV2-V2,EUR/USD.IDEALPRO,IDEALPRO-1-2847,IDEALPRO-001,IDEALPRO-1-389049,EUR/USD.IDEALPRO-MLSignalStrategyV2-V2,SELL,LIMIT,100000.00,1.17038,USD,2.34 USD,MAKER,c3c94ec5-d192-4222-9a94-5020e3d4474a,2025-07-10 22:01:00+00:00,2025-07-10 22:01:00+00:00,{},False
O-20250711-010000-001-V2-2848,BACKTESTER-001,MLSignalStrategyV2-V2,EUR/USD.IDEALPRO,IDEALPRO-1-2848,IDEALPRO-001,IDEALPRO-1-389408,EUR/USD.IDEALPRO-MLSignalStrategyV2-V2,BUY,MARKET,100000.00,1.16750,USD,2.34 USD,TAKER,ef53bc1b-4837-4b9e-a35f-56c4c7a67fd0,2025-07-11 01:00:00+00:00,2025-07-11 01:00:00+00:00,{},False
O-20250711-010000-001-V2-2850,BACKTESTER-001,MLSignalStrategyV2-V2,EUR/USD.IDEALPRO,IDEALPRO-1-2850,IDEALPRO-001,IDEALPRO-1-389493,EUR/USD.IDEALPRO-MLSignalStrategyV2-V2,SELL,LIMIT,100000.00,1.16838,USD,2.34 USD,MAKER,71e410a3-42ce-4f4c-9f52-f2e590ce6868,2025-07-11 01:42:00+00:00,2025-07-11 01:42:00+00:00,{},False
O-20250711-014500-001-V2-2851,BACKTESTER-001,MLSignalStrategyV2-V2,EUR/USD.IDEALPRO,IDEALPRO-1-2851,IDEALPRO-001,IDEALPRO-1-389500,EUR/USD.IDEALPRO-MLSignalStrategyV2-V2,BUY,MARKET,100000.00,1.16833,USD,2.34 USD,TAKER,cfbd4e06-d4ce-4658-8d3f-7a071b139db7,2025-07-11 01:45:00+00:00,2025-07-11 01:45:00+00:00,{},False
O-20250711-014500-001-V2-2852,BACKTESTER-001,MLSignalStrategyV2-V2,EUR/USD.IDEALPRO,IDEALPRO-1-2852,IDEALPRO-001,IDEALPRO-1-389629,EUR/USD.IDEALPRO-MLSignalStrategyV2-V2,SELL,STOP_MARKET,100000.00,1.16726,USD,2.33 USD,TAKER,d8edc789-a62f-45c6-915b-e6edda86a940,2025-07-11 02:49:00+00:00,2025-07-11 02:49:00+00:00,{},False
O-20250711-030000-001-V2-2854,BACKTESTER-001,MLSignalStrategyV2-V2,EUR/USD.IDEALPRO,IDEALPRO-1-2854,IDEALPRO-001,IDEALPRO-1-389652,EUR/USD.IDEALPRO-MLSignalStrategyV2-V2,BUY,MARKET,100000.00,1.16711,USD,2.33 USD,TAKER,5d174b76-01d2-4761-ad21-b16e86f071bf,2025-07-11 03:00:00+00:00,2025-07-11 03:00:00+00:00,{},False
O-20250711-030000-001-V2-2856,BACKTESTER-001,MLSignalStrategyV2-V2,EUR/USD.IDEALPRO,IDEALPRO-1-2856,IDEALPRO-001,IDEALPRO-1-389695,EUR/USD.IDEALPRO-MLSignalStrategyV2-V2,SELL,LIMIT,100000.00,1.16784,USD,2.34 USD,MAKER,cea79f6d-9817-41ff-9667-a9845ec6f4b7,2025-07-11 03:21:00+00:00,2025-07-11 03:21:00+00:00,{},False
O-20250711-100000-001-V2-2857,BACKTESTER-001,MLSignalStrategyV2-V2,EUR/USD.IDEALPRO,IDEALPRO-1-2857,IDEALPRO-001,IDEALPRO-1-390494,EUR/USD.IDEALPRO-MLSignalStrategyV2-V2,BUY,MARKET,100000.00,1.16951,USD,2.34 USD,TAKER,25dccc51-8064-4889-80b0-d672cfe8cafc,2025-07-11 10:00:00+00:00,2025-07-11 10:00:00+00:00,{},False
O-20250711-100000-001-V2-2858,BACKTESTER-001,MLSignalStrategyV2-V2,EUR/USD.IDEALPRO,IDEALPRO-1-2858,IDEALPRO-001,IDEALPRO-1-390753,EUR/USD.IDEALPRO-MLSignalStrategyV2-V2,SELL,STOP_MARKET,100000.00,1.16852,USD,2.34 USD,TAKER,aef001a6-3ac8-4d77-a8ce-6aa7209620e4,2025-07-11 12:09:00+00:00,2025-07-11 12:09:00+00:00,{},False
O-20250711-160000-001-V2-2860,BACKTESTER-001,MLSignalStrategyV2-V2,EUR/USD.IDEALPRO,IDEALPRO-1-2860,IDEALPRO-001,IDEALPRO-1-391217,EUR/USD.IDEALPRO-MLSignalStrategyV2-V2,BUY,MARKET,100000.00,1.16962,USD,2.34 USD,TAKER,a8e49818-4805-4099-8996-af25141f6a28,2025-07-11 16:00:00+00:00,2025-07-11 16:00:00+00:00,{},False
O-20250711-160000-001-V2-2861,BACKTESTER-001,MLSignalStrategyV2-V2,EUR/USD.IDEALPRO,IDEALPRO-1-2861,IDEALPRO-001,IDEALPRO-1-391739,EUR/USD.IDEALPRO-MLSignalStrategyV2-V2,SELL,STOP_MARKET,100000.00,1.16848,USD,2.34 USD,TAKER,61120cba-dca5-4599-ae69-71e7243eb6c3,2025-07-11 20:21:00+00:00,2025-07-11 20:21:00+00:00,{},False
O-20250711-204500-001-V2-2863,BACKTESTER-001,MLSignalStrategyV2-V2,EUR/USD.IDEALPRO,IDEALPRO-1-2863,IDEALPRO-001,IDEALPRO-1-391789,EUR/USD.IDEALPRO-MLSignalStrategyV2-V2,BUY,MARKET,100000.00,1.16872,USD,2.34 USD,TAKER,ffa50db6-2d31-452f-8d5e-ffd73262ea57,2025-07-11 20:45:00+00:00,2025-07-11 20:45:00+00:00,{},False
O-20250711-204500-001-V2-2865,BACKTESTER-001,MLSignalStrategyV2-V2,EUR/USD.IDEALPRO,IDEALPRO-1-2865,IDEALPRO-001,IDEALPRO-1-391807,EUR/USD.IDEALPRO-MLSignalStrategyV2-V2,SELL,LIMIT,100000.00,1.16944,USD,2.34 USD,MAKER,7e29c90e-752b-41bf-ad07-089dc9a85faf,2025-07-11 20:54:00+00:00,2025-07-11 20:54:00+00:00,{},False
O-20250713-213000-001-V2-2866,BACKTESTER-001,MLSignalStrategyV2-V2,EUR/USD.IDEALPRO,IDEALPRO-1-2866,IDEALPRO-001,IDEALPRO-1-391850,EUR/USD.IDEALPRO-MLSignalStrategyV2-V2,BUY,MARKET,100000.00,1.16660,USD,2.33 USD,TAKER,2321ad29-91e1-4be7-a327-638046196e45,2025-07-13 21:30:00+00:00,2025-07-13 21:30:00+00:00,{},False
O-20250713-213000-001-V2-2868,BACKTESTER-001,MLSignalStrategyV2-V2,EUR/USD.IDEALPRO,IDEALPRO-1-2868,IDEALPRO-001,IDEALPRO-1-391895,EUR/USD.IDEALPRO-MLSignalStrategyV2-V2,SELL,LIMIT,100000.00,1.16735,USD,2.33 USD,MAKER,8fd00aa4-45cb-4440-b80d-ede1eac51382,2025-07-13 21:52:00+00:00,2025-07-13 21:52:00+00:00,{},False
O-20250713-220000-001-V2-2869,BACKTESTER-001,MLSignalStrategyV2-V2,EUR/USD.IDEALPRO,IDEALPRO-1-2869,IDEALPRO-001,IDEALPRO-1-391912,EUR/USD.IDEALPRO-MLSignalStrategyV2-V2,BUY,MARKET,100000.00,1.16696,USD,2.33 USD,TAKER,015fb782-9c2d-4dc3-96f1-9c55b1f3d64a,2025-07-13 22:00:00+00:00,2025-07-13 22:00:00+00:00,{},False
O-20250713-220000-001-V2-2871,BACKTESTER-001,MLSignalStrategyV2-V2,EUR/USD.IDEALPRO,IDEALPRO-1-2871,IDEALPRO-001,IDEALPRO-1-391919,EUR/USD.IDEALPRO-MLSignalStrategyV2-V2,SELL,LIMIT,100000.00,1.16795,USD,2.34 USD,MAKER,2da143aa-d5b2-44ca-b3fd-2d266ff34488,2025-07-13 22:03:00+00:00,2025-07-13 22:03:00+00:00,{},False
O-20250713-221500-001-V2-2872,BACKTESTER-001,MLSignalStrategyV2-V2,EUR/USD.IDEALPRO,IDEALPRO-1-2872,IDEALPRO-001,IDEALPRO-1-391944,EUR/USD.IDEALPRO-MLSignalStrategyV2-V2,BUY,MARKET,100000.00,1.16705,USD,2.33 USD,TAKER,1a04e919-206a-45aa-a82f-8eb1a947f74f,2025-07-13 22:15:00+00:00,2025-07-13 22:15:00+00:00,{},False
O-20250713-221500-001-V2-2874,BACKTESTER-001,MLSignalStrategyV2-V2,EUR/USD.IDEALPRO,IDEALPRO-1-2874,IDEALPRO-001,IDEALPRO-1-392103,EUR/USD.IDEALPRO-MLSignalStrategyV2-V2,SELL,LIMIT,100000.00,1.16795,USD,2.34 USD,MAKER,cc4fb0e8-3852-4059-b50e-9486d705013f,2025-07-13 23:34:00+00:00,2025-07-13 23:34:00+00:00,{},False
O-20250713-234500-001-V2-2875,BACKTESTER-001,MLSignalStrategyV2-V2,EUR/USD.IDEALPRO,IDEALPRO-1-2875,IDEALPRO-001,IDEALPRO-1-392126,EUR/USD.IDEALPRO-MLSignalStrategyV2-V2,BUY,MARKET,100000.00,1.16791,USD,2.34 USD,TAKER,9b7ca2f7-bcb2-4ada-ab58-9b2bc5f46a8e,2025-07-13 23:45:00+00:00,2025-07-13 23:45:00+00:00,{},False
O-20250713-234500-001-V2-2877,BACKTESTER-001,MLSignalStrategyV2-V2,EUR/USD.IDEALPRO,IDEALPRO-1-2877,IDEALPRO-001,IDEALPRO-1-392169,EUR/USD.IDEALPRO-MLSignalStrategyV2-V2,SELL,LIMIT,100000.00,1.16875,USD,2.34 USD,MAKER,e64ebf80-7574-4348-9c08-65357c1463be,2025-07-14 00:06:00+00:00,2025-07-14 00:06:00+00:00,{},False
O-20250714-064500-001-V2-2878,BACKTESTER-001,MLSignalStrategyV2-V2,EUR/USD.IDEALPRO,IDEALPRO-1-2878,IDEALPRO-001,IDEALPRO-1-392968,EUR/USD.IDEALPRO-MLSignalStrategyV2-V2,SELL,MARKET,100000.00,1.16642,USD,2.33 USD,TAKER,bf585836-c641-46c2-9288-5483fd6dd26f,2025-07-14 06:45:00+00:00,2025-07-14 06:45:00+00:00,{},False
O-20250714-064500-001-V2-2879,BACKTESTER-001,MLSignalStrategyV2-V2,EUR/USD.IDEALPRO,IDEALPRO-1-2879,IDEALPRO-001,IDEALPRO-1-393023,EUR/USD.IDEALPRO-MLSignalStrategyV2-V2,BUY,STOP_MARKET,100000.00,1.16739,USD,2.33 USD,TAKER,dda8850f-96c4-4a5d-9e82-ef6065da952a,2025-07-14 07:12:00+00:00,2025-07-14 07:12:00+00:00,{},False
O-20250714-071500-001-V2-2881,BACKTESTER-001,MLSignalStrategyV2-V2,EUR/USD.IDEALPRO,IDEALPRO-1-2881,IDEALPRO-001,IDEALPRO-1-393030,EUR/USD.IDEALPRO-MLSignalStrategyV2-V2,SELL,MARKET,100000.00,1.16725,USD,2.33 USD,TAKER,1fb300a1-d3f3-47ac-9352-c2916eff33fe,2025-07-14 07:15:00+00:00,2025-07-14 07:15:00+00:00,{},False
O-20250714-071500-001-V2-2882,BACKTESTER-001,MLSignalStrategyV2-V2,EUR/USD.IDEALPRO,IDEALPRO-1-2882,IDEALPRO-001,IDEALPRO-1-393077,EUR/USD.IDEALPRO-MLSignalStrategyV2-V2,BUY,STOP_MARKET,100000.00,1.16813,USD,2.34 USD,TAKER,a351f8a8-d4a3-4446-baf5-20f479ed2a3f,2025-07-14 07:38:00+00:00,2025-07-14 07:38:00+00:00,{},False
O-20250714-131500-001-V2-2884,BACKTESTER-001,MLSignalStrategyV2-V2,EUR/USD.IDEALPRO,IDEALPRO-1-2884,IDEALPRO-001,IDEALPRO-1-393753,EUR/USD.IDEALPRO-MLSignalStrategyV2-V2,BUY,MARKET,100000.00,1.16801,USD,2.34 USD,TAKER,6cb784c8-503a-4425-a835-9b58139d2c80,2025-07-14 13:15:00+00:00,2025-07-14 13:15:00+00:00,{},False
O-20250714-131500-001-V2-2886,BACKTESTER-001,MLSignalStrategyV2-V2,EUR/USD.IDEALPRO,IDEALPRO-1-2886,IDEALPRO-001,IDEALPRO-1-393879,EUR/USD.IDEALPRO-MLSignalStrategyV2-V2,SELL,LIMIT,100000.00,1.16871,USD,2.34 USD,MAKER,79e05e98-ece5-41e6-b6e8-08edb7b04cd1,2025-07-14 14:18:00+00:00,2025-07-14 14:18:00+00:00,{},False
O-20250714-191500-001-V2-2887,BACKTESTER-001,MLSignalStrategyV2-V2,EUR/USD.IDEALPRO,IDEALPRO-1-2887,IDEALPRO-001,IDEALPRO-1-394474,EUR/USD.IDEALPRO-MLSignalStrategyV2-V2,SELL,MARKET,100000.00,1.16697,USD,2.33 USD,TAKER,b5a3fb6b-b833-4ec1-8eaa-ebfccac3dffa,2025-07-14 19:15:00+00:00,2025-07-14 19:15:00+00:00,{},False
O-20250714-191500-001-V2-2889,BACKTESTER-001,MLSignalStrategyV2-V2,EUR/USD.IDEALPRO,IDEALPRO-1-2889,IDEALPRO-001,IDEALPRO-1-394667,EUR/USD.IDEALPRO-MLSignalStrategyV2-V2,BUY,LIMIT,100000.00,1.16637,USD,2.33 USD,MAKER,6ed09a0e-2569-48d7-a6b3-6400f84cd814,2025-07-14 20:51:00+00:00,2025-07-14 20:51:00+00:00,{},False
O-20250715-070000-001-V2-2890,BACKTESTER-001,MLSignalStrategyV2-V2,EUR/USD.IDEALPRO,IDEALPRO-1-2890,IDEALPRO-001,IDEALPRO-1-395856,EUR/USD.IDEALPRO-MLSignalStrategyV2-V2,SELL,MARKET,100000.00,1.16778,USD,2.34 USD,TAKER,8c265eeb-f8ef-4b58-8f5c-43d5a4163094,2025-07-15 07:00:00+00:00,2025-07-15 07:00:00+00:00,{},False
O-20250715-070000-001-V2-2892,BACKTESTER-001,MLSignalStrategyV2-V2,EUR/USD.IDEALPRO,IDEALPRO-1-2892,IDEALPRO-001,IDEALPRO-1-395869,EUR/USD.IDEALPRO-MLSignalStrategyV2-V2,BUY,LIMIT,100000.00,1.16723,USD,2.33 USD,MAKER,b235f9dd-89ef-48d1-a6a3-8ff635574c07,2025-07-15 07:06:00+00:00,2025-07-15 07:06:00+00:00,{},False
O-20250715-084500-001-V2-2893,BACKTESTER-001,MLSignalStrategyV2-V2,EUR/USD.IDEALPRO,IDEALPRO-1-2893,IDEALPRO-001,IDEALPRO-1-396069,EUR/USD.IDEALPRO-MLSignalStrategyV2-V2,BUY,MARKET,100000.00,1.16841,USD,2.34 USD,TAKER,2f611d73-2892-475f-a9f2-de3b85ba0969,2025-07-15 08:45:00+00:00,2025-07-15 08:45:00+00:00,{},False
O-20250715-084500-001-V2-2895,BACKTESTER-001,MLSignalStrategyV2-V2,EUR/USD.IDEALPRO,IDEALPRO-1-2895,IDEALPRO-001,IDEALPRO-1-396115,EUR/USD.IDEALPRO-MLSignalStrategyV2-V2,SELL,LIMIT,100000.00,1.16909,USD,2.34 USD,MAKER,1df655e3-3bfa-4a53-b473-801016cc6304,2025-07-15 09:08:00+00:00,2025-07-15 09:08:00+00:00,{},False
O-20250715-111500-001-V2-2896,BACKTESTER-001,MLSignalStrategyV2-V2,EUR/USD.IDEALPRO,IDEALPRO-1-2896,IDEALPRO-001,IDEALPRO-1-396371,EUR/USD.IDEALPRO-MLSignalStrategyV2-V2,BUY,MARKET,100000.00,1.16776,USD,2.34 USD,TAKER,d17cefa2-4ad6-4be0-b32f-84d7737ecfb1,2025-07-15 11:15:00+00:00,2025-07-15 11:15:00+00:00,{},False
O-20250715-111500-001-V2-2897,BACKTESTER-001,MLSignalStrategyV2-V2,EUR/USD.IDEALPRO,IDEALPRO-1-2897,IDEALPRO-001,IDEALPRO-1-396405,EUR/USD.IDEALPRO-MLSignalStrategyV2-V2,SELL,STOP_MARKET,100000.00,1.16701,USD,2.33 USD,TAKER,7f349d01-41d2-492a-aed0-47b01863eec2,2025-07-15 11:32:00+00:00,2025-07-15 11:32:00+00:00,{},False
O-20250715-114500-001-V2-2899,BACKTESTER-001,MLSignalStrategyV2-V2,EUR/USD.IDEALPRO,IDEALPRO-1-2899,IDEALPRO-001,IDEALPRO-1-396432,EUR/USD.IDEALPRO-MLSignalStrategyV2-V2,BUY,MARKET,100000.00,1.16687,USD,2.33 USD,TAKER,4797e963-8a91-4502-8bd0-0801c1d6becd,2025-07-15 11:45:00+00:00,2025-07-15 11:45:00+00:00,{},False
O-20250715-114500-001-V2-2901,BACKTESTER-001,MLSignalStrategyV2-V2,EUR/USD.IDEALPRO,IDEALPRO-1-2901,IDEALPRO-001,IDEALPRO-1-396525,EUR/USD.IDEALPRO-MLSignalStrategyV2-V2,SELL,LIMIT,100000.00,1.16863,USD,2.34 USD,MAKER,c75f4075-f5bb-4426-8ada-748646e77d47,2025-07-15 12:31:00+00:00,2025-07-15 12:31:00+00:00,{},False
O-20250715-124500-001-V2-2902,BACKTESTER-001,MLSignalStrategyV2-V2,EUR/USD.IDEALPRO,IDEALPRO-1-2902,IDEALPRO-001,IDEALPRO-1-396554,EUR/USD.IDEALPRO-MLSignalStrategyV2-V2,SELL,MARKET,100000.00,1.16695,USD,2.33 USD,TAKER,973f21b8-3cc2-425f-98e9-ef3460466e44,2025-07-15 12:45:00+00:00,2025-07-15 12:45:00+00:00,{},False
O-20250715-124500-001-V2-2903,BACKTESTER-001,MLSignalStrategyV2-V2,EUR/USD.IDEALPRO,IDEALPRO-1-2903,IDEALPRO-001,IDEALPRO-1-396575,EUR/USD.IDEALPRO-MLSignalStrategyV2-V2,BUY,STOP_MARKET,100000.00,1.16806,USD,2.34 USD,TAKER,4ce4110f-183c-4b1d-99d0-e56d1650eeba,2025-07-15 12:55:00+00:00,2025-07-15 12:55:00+00:00,{},False
O-20250715-140000-001-V2-2905,BACKTESTER-001,MLSignalStrategyV2-V2,EUR/USD.IDEALPRO,IDEALPRO-1-2905,IDEALPRO-001,IDEALPRO-1-396706,EUR/USD.IDEALPRO-MLSignalStrategyV2-V2,BUY,MARKET,100000.00,1.16432,USD,2.33 USD,TAKER,278ffe39-a656-4498-b6be-1dfdfa306569,2025-07-15 14:00:00+00:00,2025-07-15 14:00:00+00:00,{},False
O-20250715-140000-001-V2-2906,BACKTESTER-001,MLSignalStrategyV2-V2,EUR/USD.IDEALPRO,IDEALPRO-1-2906,IDEALPRO-001,IDEALPRO-1-396713,EUR/USD.IDEALPRO-MLSignalStrategyV2-V2,SELL,STOP_MARKET,100000.00,1.16276,USD,2.33 USD,TAKER,cbcdc003-3fc0-4044-b492-53c837ae8e1c,2025-07-15 14:03:00+00:00,2025-07-15 14:03:00+00:00,{},False
O-20250715-141500-001-V2-2908,BACKTESTER-001,MLSignalStrategyV2-V2,EUR/USD.IDEALPRO,IDEALPRO-1-2908,IDEALPRO-001,IDEALPRO-1-396738,EUR/USD.IDEALPRO-MLSignalStrategyV2-V2,BUY,MARKET,100000.00,1.16359,USD,2.33 USD,TAKER,df857100-1b95-437c-97d8-411e101443d0,2025-07-15 14:15:00+00:00,2025-07-15 14:15:00+00:00,{},False
O-20250715-141500-001-V2-2909,BACKTESTER-001,MLSignalStrategyV2-V2,EUR/USD.IDEALPRO,IDEALPRO-1-2909,IDEALPRO-001,IDEALPRO-1-396773,EUR/USD.IDEALPRO-MLSignalStrategyV2-V2,SELL,STOP_MARKET,100000.00,1.16202,USD,2.32 USD,TAKER,e04e2da3-fa4a-40c8-abd6-0cbcd7ea5678,2025-07-15 14:32:00+00:00,2025-07-15 14:32:00+00:00,{},False
O-20250715-160000-001-V2-2911,BACKTESTER-001,MLSignalStrategyV2-V2,EUR/USD.IDEALPRO,IDEALPRO-1-2911,IDEALPRO-001,IDEALPRO-1-396950,EUR/USD.IDEALPRO-MLSignalStrategyV2-V2,BUY,MARKET,100000.00,1.16179,USD,2.32 USD,TAKER,b96154d6-74ad-4eae-899c-6c56b88c2ef8,2025-07-15 16:00:00+00:00,2025-07-15 16:00:00+00:00,{},False
O-20250715-160000-001-V2-2912,BACKTESTER-001,MLSignalStrategyV2-V2,EUR/USD.IDEALPRO,IDEALPRO-1-2912,IDEALPRO-001,IDEALPRO-1-396999,EUR/USD.IDEALPRO-MLSignalStrategyV2-V2,SELL,STOP_MARKET,100000.00,1.16054,USD,2.32 USD,TAKER,ad348146-f117-46fd-bdc3-4e5e1286219f,2025-07-15 16:24:00+00:00,2025-07-15 16:24:00+00:00,{},False
O-20250715-163000-001-V2-2914,BACKTESTER-001,MLSignalStrategyV2-V2,EUR/USD.IDEALPRO,IDEALPRO-1-2914,IDEALPRO-001,IDEALPRO-1-397012,EUR/USD.IDEALPRO-MLSignalStrategyV2-V2,BUY,MARKET,100000.00,1.16033,USD,2.32 USD,TAKER,f611eb29-74f2-4c41-9a66-ab274b850477,2025-07-15 16:30:00+00:00,2025-07-15 16:30:00+00:00,{},False
O-20250715-163000-001-V2-2916,BACKTESTER-001,MLSignalStrategyV2-V2,EUR/USD.IDEALPRO,IDEALPRO-1-2916,IDEALPRO-001,IDEALPRO-1-398049,EUR/USD.IDEALPRO-MLSignalStrategyV2-V2,SELL,LIMIT,100000.00,1.16150,USD,2.32 USD,MAKER,d61e0360-b0f2-436f-b964-c747e4685a83,2025-07-16 01:23:00+00:00,2025-07-16 01:23:00+00:00,{},False
O-20250716-050000-001-V2-2917,BACKTESTER-001,MLSignalStrategyV2-V2,EUR/USD.IDEALPRO,IDEALPRO-1-2917,IDEALPRO-001,IDEALPRO-1-398484,EUR/USD.IDEALPRO-MLSignalStrategyV2-V2,BUY,MARKET,100000.00,1.16196,USD,2.32 USD,TAKER,b74f2567-11be-4edd-a35f-f734267225e3,2025-07-16 05:00:00+00:00,2025-07-16 05:00:00+00:00,{},False
O-20250716-050000-001-V2-2918,BACKTESTER-001,MLSignalStrategyV2-V2,EUR/USD.IDEALPRO,IDEALPRO-1-2918,IDEALPRO-001,IDEALPRO-1-398565,EUR/USD.IDEALPRO-MLSignalStrategyV2-V2,SELL,STOP_MARKET,100000.00,1.16146,USD,2.32 USD,TAKER,0cb1aa56-5f3d-4a0b-afc6-c174e4653dfd,2025-07-16 05:40:00+00:00,2025-07-16 05:40:00+00:00,{},False
O-20250716-140000-001-V2-2920,BACKTESTER-001,MLSignalStrategyV2-V2,EUR/USD.IDEALPRO,IDEALPRO-1-2920,IDEALPRO-001,IDEALPRO-1-399566,EUR/USD.IDEALPRO-MLSignalStrategyV2-V2,BUY,MARKET,100000.00,1.15725,USD,2.31 USD,TAKER,0ed781c8-084b-44c6-86dc-6a9c549334cc,2025-07-16 14:00:00+00:00,2025-07-16 14:00:00+00:00,{},False
O-20250716-140000-001-V2-2922,BACKTESTER-001,MLSignalStrategyV2-V2,EUR/USD.IDEALPRO,IDEALPRO-1-2922,IDEALPRO-001,IDEALPRO-1-399677,EUR/USD.IDEALPRO-MLSignalStrategyV2-V2,SELL,LIMIT,100000.00,1.15982,USD,2.32 USD,MAKER,1c544d89-f24d-4152-9bc9-1bb7907de853,2025-07-16 14:55:00+00:00,2025-07-16 14:55:00+00:00,{},False
O-20250716-160000-001-V2-2923,BACKTESTER-001,MLSignalStrategyV2-V2,EUR/USD.IDEALPRO,IDEALPRO-1-2923,IDEALPRO-001,IDEALPRO-1-399808,EUR/USD.IDEALPRO-MLSignalStrategyV2-V2,SELL,MARKET,100000.00,1.16288,USD,2.33 USD,TAKER,c3b1502c-2517-4ba7-b60d-742c4eed7b55,2025-07-16 16:00:00+00:00,2025-07-16 16:00:00+00:00,{},False
O-20250716-160000-001-V2-2925,BACKTESTER-001,MLSignalStrategyV2-V2,EUR/USD.IDEALPRO,IDEALPRO-1-2925,IDEALPRO-001,IDEALPRO-1-401501,EUR/USD.IDEALPRO-MLSignalStrategyV2-V2,BUY,LIMIT,100000.00,1.15947,USD,2.32 USD,MAKER,eb0e831f-39fb-4083-9fa9-f101be5376db,2025-07-17 06:21:00+00:00,2025-07-17 06:21:00+00:00,{},False
O-20250717-063000-001-V2-2926,BACKTESTER-001,MLSignalStrategyV2-V2,EUR/USD.IDEALPRO,IDEALPRO-1-2926,IDEALPRO-001,IDEALPRO-1-401520,EUR/USD.IDEALPRO-MLSignalStrategyV2-V2,BUY,MARKET,100000.00,1.15831,USD,2.32 USD,TAKER,d19659e5-7ca7-4125-9127-b25152b48950,2025-07-17 06:30:00+00:00,2025-07-17 06:30:00+00:00,{},False
O-20250717-063000-001-V2-2927,BACKTESTER-001,MLSignalStrategyV2-V2,EUR/USD.IDEALPRO,IDEALPRO-1-2927,IDEALPRO-001,IDEALPRO-1-401535,EUR/USD.IDEALPRO-MLSignalStrategyV2-V2,SELL,STOP_MARKET,100000.00,1.15733,USD,2.31 USD,TAKER,f5942aa8-d9f2-47ba-9d5f-aa139fbce21b,2025-07-17 06:37:00+00:00,2025-07-17 06:37:00+00:00,{},False
O-20250717-064500-001-V2-2929,BACKTESTER-001,MLSignalStrategyV2-V2,EUR/USD.IDEALPRO,IDEALPRO-1-2929,IDEALPRO-001,IDEALPRO-1-401552,EUR/USD.IDEALPRO-MLSignalStrategyV2-V2,BUY,MARKET,100000.00,1.15784,USD,2.32 USD,TAKER,30299db6-cf10-4aac-88c0-656696e51442,2025-07-17 06:45:00+00:00,2025-07-17 06:45:00+00:00,{},False
O-20250717-064500-001-V2-2931,BACKTESTER-001,MLSignalStrategyV2-V2,EUR/USD.IDEALPRO,IDEALPRO-1-2931,IDEALPRO-001,IDEALPRO-1-401607,EUR/USD.IDEALPRO-MLSignalStrategyV2-V2,SELL,LIMIT,100000.00,1.15874,USD,2.32 USD,MAKER,a8b6c68c-3e4e-49d7-8a31-0a9e87703543,2025-07-17 07:12:00+00:00,2025-07-17 07:12:00+00:00,{},False
O-20250717-124500-001-V2-2932,BACKTESTER-001,MLSignalStrategyV2-V2,EUR/USD.IDEALPRO,IDEALPRO-1-2932,IDEALPRO-001,IDEALPRO-1-402274,EUR/USD.IDEALPRO-MLSignalStrategyV2-V2,BUY,MARKET,100000.00,1.15812,USD,2.32 USD,TAKER,e24947f1-3025-4d37-a118-82b9d0d3b259,2025-07-17 12:45:00+00:00,2025-07-17 12:45:00+00:00,{},False
O-20250717-124500-001-V2-2934,BACKTESTER-001,MLSignalStrategyV2-V2,EUR/USD.IDEALPRO,IDEALPRO-1-2934,IDEALPRO-001,IDEALPRO-1-402283,EUR/USD.IDEALPRO-MLSignalStrategyV2-V2,SELL,LIMIT,100000.00,1.15899,USD,2.32 USD,MAKER,2a71a1f4-51db-457f-b83e-6345239a6ccb,2025-07-17 12:49:00+00:00,2025-07-17 12:49:00+00:00,{},False
O-20250717-183000-001-V2-2935,BACKTESTER-001,MLSignalStrategyV2-V2,EUR/USD.IDEALPRO,IDEALPRO-1-2935,IDEALPRO-001,IDEALPRO-1-402966,EUR/USD.IDEALPRO-MLSignalStrategyV2-V2,BUY,MARKET,100000.00,1.15836,USD,2.32 USD,TAKER,97750c27-8c9e-46b6-abf9-90c94a1bf201,2025-07-17 18:30:00+00:00,2025-07-17 18:30:00+00:00,{},False
O-20250717-183000-001-V2-2937,BACKTESTER-001,MLSignalStrategyV2-V2,EUR/USD.IDEALPRO,IDEALPRO-1-2937,IDEALPRO-001,IDEALPRO-1-403043,EUR/USD.IDEALPRO-MLSignalStrategyV2-V2,SELL,LIMIT,100000.00,1.15905,USD,2.32 USD,MAKER,6b0106a5-cd28-4128-a0e1-1305c94cb5e4,2025-07-17 19:08:00+00:00,2025-07-17 19:08:00+00:00,{},False
O-20250717-191500-001-V2-2938,BACKTESTER-001,MLSignalStrategyV2-V2,EUR/USD.IDEALPRO,IDEALPRO-1-2938,IDEALPRO-001,IDEALPRO-1-403058,EUR/USD.IDEALPRO-MLSignalStrategyV2-V2,BUY,MARKET,100000.00,1.15919,USD,2.32 USD,TAKER,c85f2e25-6e37-4bd2-a1bb-d89f1472f1fb,2025-07-17 19:15:00+00:00,2025-07-17 19:15:00+00:00,{},False
O-20250717-191500-001-V2-2940,BACKTESTER-001,MLSignalStrategyV2-V2,EUR/USD.IDEALPRO,IDEALPRO-1-2940,IDEALPRO-001,IDEALPRO-1-403103,EUR/USD.IDEALPRO-MLSignalStrategyV2-V2,SELL,LIMIT,100000.00,1.15986,USD,2.32 USD,MAKER,22a0bcab-879f-47a3-8c6c-772508a11bba,2025-07-17 19:37:00+00:00,2025-07-17 19:37:00+00:00,{},False
O-20250718-160000-001-V2-2941,BACKTESTER-001,MLSignalStrategyV2-V2,EUR/USD.IDEALPRO,IDEALPRO-1-2941,IDEALPRO-001,IDEALPRO-1-405520,EUR/USD.IDEALPRO-MLSignalStrategyV2-V2,SELL,MARKET,100000.00,1.16447,USD,2.33 USD,TAKER,1884c087-ac72-4df3-bdd7-eea32f54633a,2025-07-18 16:00:00+00:00,2025-07-18 16:00:00+00:00,{},False
O-20250718-160000-001-V2-2943,BACKTESTER-001,MLSignalStrategyV2-V2,EUR/USD.IDEALPRO,IDEALPRO-1-2943,IDEALPRO-001,IDEALPRO-1-405569,EUR/USD.IDEALPRO-MLSignalStrategyV2-V2,BUY,LIMIT,100000.00,1.16323,USD,2.33 USD,MAKER,e87f43ae-261b-48d5-b64f-a310089c0ed4,2025-07-18 16:24:00+00:00,2025-07-18 16:24:00+00:00,{},False
O-20250720-220000-001-V2-2944,BACKTESTER-001,MLSignalStrategyV2-V2,EUR/USD.IDEALPRO,IDEALPRO-1-2944,IDEALPRO-001,IDEALPRO-1-406212,EUR/USD.IDEALPRO-MLSignalStrategyV2-V2,BUY,MARKET,100000.00,1.16346,USD,2.33 USD,TAKER,9463f93d-d331-4b23-9063-e1bfb938e5cf,2025-07-20 22:00:00+00:00,2025-07-20 22:00:00+00:00,{},False
O-20250720-220000-001-V2-2945,BACKTESTER-001,MLSignalStrategyV2-V2,EUR/USD.IDEALPRO,IDEALPRO-1-2945,IDEALPRO-001,IDEALPRO-1-406223,EUR/USD.IDEALPRO-MLSignalStrategyV2-V2,SELL,STOP_MARKET,100000.00,1.16249,USD,2.32 USD,TAKER,71c9aed0-82ee-4460-afbe-cde964d20c6e,2025-07-20 22:05:00+00:00,2025-07-20 22:05:00+00:00,{},False
O-20250720-221500-001-V2-2947,BACKTESTER-001,MLSignalStrategyV2-V2,EUR/USD.IDEALPRO,IDEALPRO-1-2947,IDEALPRO-001,IDEALPRO-1-406244,EUR/USD.IDEALPRO-MLSignalStrategyV2-V2,BUY,MARKET,100000.00,1.16311,USD,2.33 USD,TAKER,0eb19a4b-29e1-461f-bf62-72884ea195e4,2025-07-20 22:15:00+00:00,2025-07-20 22:15:00+00:00,{},False
O-20250720-221500-001-V2-2948,BACKTESTER-001,MLSignalStrategyV2-V2,EUR/USD.IDEALPRO,IDEALPRO-1-2948,IDEALPRO-001,IDEALPRO-1-406303,EUR/USD.IDEALPRO-MLSignalStrategyV2-V2,SELL,STOP_MARKET,100000.00,1.16229,USD,2.32 USD,TAKER,dea4a457-c3e3-47b5-b75b-14e6d73c1686,2025-07-20 22:44:00+00:00,2025-07-20 22:44:00+00:00,{},False
O-20250720-224500-001-V2-2950,BACKTESTER-001,MLSignalStrategyV2-V2,EUR/USD.IDEALPRO,IDEALPRO-1-2950,IDEALPRO-001,IDEALPRO-1-406306,EUR/USD.IDEALPRO-MLSignalStrategyV2-V2,BUY,MARKET,100000.00,1.16252,USD,2.33 USD,TAKER,efce1d88-2cfb-4a9e-8a8a-05ec7afb1815,2025-07-20 22:45:00+00:00,2025-07-20 22:45:00+00:00,{},False
O-20250720-224500-001-V2-2952,BACKTESTER-001,MLSignalStrategyV2-V2,EUR/USD.IDEALPRO,IDEALPRO-1-2952,IDEALPRO-001,IDEALPRO-1-406393,EUR/USD.IDEALPRO-MLSignalStrategyV2-V2,SELL,LIMIT,100000.00,1.16312,USD,2.33 USD,MAKER,5bcfc6c1-50d7-4526-b760-e9de0e801f9c,2025-07-20 23:28:00+00:00,2025-07-20 23:28:00+00:00,{},False
O-20250720-233000-001-V2-2953,BACKTESTER-001,MLSignalStrategyV2-V2,EUR/USD.IDEALPRO,IDEALPRO-1-2953,IDEALPRO-001,IDEALPRO-1-406399,EUR/USD.IDEALPRO-MLSignalStrategyV2-V2,BUY,MARKET,100000.00,1.16304,USD,2.33 USD,TAKER,67090340-3459-4f43-9f1e-084bc4ae5ec4,2025-07-20 23:30:00+00:00,2025-07-20 23:30:00+00:00,{},False
O-20250720-233000-001-V2-2955,BACKTESTER-001,MLSignalStrategyV2-V2,EUR/USD.IDEALPRO,IDEALPRO-1-2955,IDEALPRO-001,IDEALPRO-1-406489,EUR/USD.IDEALPRO-MLSignalStrategyV2-V2,SELL,LIMIT,100000.00,1.16361,USD,2.33 USD,MAKER,1042e54d-ea29-45a5-ad53-c928d7aec250,2025-07-21 00:15:00+00:00,2025-07-21 00:15:00+00:00,{},False
O-20250721-023000-001-V2-2956,BACKTESTER-001,MLSignalStrategyV2-V2,EUR/USD.IDEALPRO,IDEALPRO-1-2956,IDEALPRO-001,IDEALPRO-1-406761,EUR/USD.IDEALPRO-MLSignalStrategyV2-V2,BUY,MARKET,100000.00,1.16217,USD,2.32 USD,TAKER,af4a8f7d-fad1-4a0a-9f9f-aa6083083542,2025-07-21 02:30:00+00:00,2025-07-21 02:30:00+00:00,{},False
O-20250721-023000-001-V2-2958,BACKTESTER-001,MLSignalStrategyV2-V2,EUR/USD.IDEALPRO,IDEALPRO-1-2958,IDEALPRO-001,IDEALPRO-1-406959,EUR/USD.IDEALPRO-MLSignalStrategyV2-V2,SELL,LIMIT,100000.00,1.16274,USD,2.33 USD,MAKER,5ab91912-8768-49f8-bf13-cdb0fe4b64e2,2025-07-21 04:09:00+00:00,2025-07-21 04:09:00+00:00,{},False
O-20250721-121500-001-V2-2959,BACKTESTER-001,MLSignalStrategyV2-V2,EUR/USD.IDEALPRO,IDEALPRO-1-2959,IDEALPRO-001,IDEALPRO-1-407932,EUR/USD.IDEALPRO-MLSignalStrategyV2-V2,SELL,MARKET,100000.00,1.16686,USD,2.33 USD,TAKER,c4d93314-5bfc-4adb-8c3c-4ee0a82eb253,2025-07-21 12:15:00+00:00,2025-07-21 12:15:00+00:00,{},False
O-20250721-121500-001-V2-2961,BACKTESTER-001,MLSignalStrategyV2-V2,EUR/USD.IDEALPRO,IDEALPRO-1-2961,IDEALPRO-001,IDEALPRO-1-408035,EUR/USD.IDEALPRO-MLSignalStrategyV2-V2,BUY,LIMIT,100000.00,1.16591,USD,2.33 USD,MAKER,e3fe1be4-6c1f-4198-9f9b-87fa1a6e6297,2025-07-21 13:06:00+00:00,2025-07-21 13:06:00+00:00,{},False
O-20250721-144500-001-V2-2962,BACKTESTER-001,MLSignalStrategyV2-V2,EUR/USD.IDEALPRO,IDEALPRO-1-2962,IDEALPRO-001,IDEALPRO-1-408235,EUR/USD.IDEALPRO-MLSignalStrategyV2-V2,SELL,MARKET,100000.00,1.16884,USD,2.34 USD,TAKER,82db8892-491f-4a46-b67a-245d320d2d38,2025-07-21 14:45:00+00:00,2025-07-21 14:45:00+00:00,{},False
O-20250721-144500-001-V2-2963,BACKTESTER-001,MLSignalStrategyV2-V2,EUR/USD.IDEALPRO,IDEALPRO-1-2963,IDEALPRO-001,IDEALPRO-1-408265,EUR/USD.IDEALPRO-MLSignalStrategyV2-V2,BUY,STOP_MARKET,100000.00,1.16986,USD,2.34 USD,TAKER,f4002670-f428-4482-9d9d-978245e679da,2025-07-21 15:00:00+00:00,2025-07-21 15:00:00+00:00,{},False
O-20250721-150000-001-V2-2965,BACKTESTER-001,MLSignalStrategyV2-V2,EUR/USD.IDEALPRO,IDEALPRO-1-2965,IDEALPRO-001,IDEALPRO-1-408266,EUR/USD.IDEALPRO-MLSignalStrategyV2-V2,SELL,MARKET,100000.00,1.16967,USD,2.34 USD,TAKER,7acf4716-838e-47f9-a788-888266427747,2025-07-21 15:00:00+00:00,2025-07-21 15:00:00+00:00,{},False
O-20250721-150000-001-V2-2966,BACKTESTER-001,MLSignalStrategyV2-V2,EUR/USD.IDEALPRO,IDEALPRO-1-2966,IDEALPRO-001,IDEALPRO-1-408297,EUR/USD.IDEALPRO-MLSignalStrategyV2-V2,BUY,STOP_MARKET,100000.00,1.17077,USD,2.34 USD,TAKER,6daa0210-2127-48dd-8565-5b9b6f9bcdc3,2025-07-21 15:15:00+00:00,2025-07-21 15:15:00+00:00,{},False
O-20250721-151500-001-V2-2968,BACKTESTER-001,MLSignalStrategyV2-V2,EUR/USD.IDEALPRO,IDEALPRO-1-2968,IDEALPRO-001,IDEALPRO-1-408298,EUR/USD.IDEALPRO-MLSignalStrategyV2-V2,SELL,MARKET,100000.00,1.17055,USD,2.34 USD,TAKER,c66eff6a-ac9f-44db-8b35-7154c485c4cd,2025-07-21 15:15:00+00:00,2025-07-21 15:15:00+00:00,{},False
O-20250721-151500-001-V2-2969,BACKTESTER-001,MLSignalStrategyV2-V2,EUR/USD.IDEALPRO,IDEALPRO-1-2969,IDEALPRO-001,IDEALPRO-1-408317,EUR/USD.IDEALPRO-MLSignalStrategyV2-V2,BUY,STOP_MARKET,100000.00,1.17169,USD,2.34 USD,TAKER,c9710394-fd82-457d-b052-4d191e45b177,2025-07-21 15:24:00+00:00,2025-07-21 15:24:00+00:00,{},False
O-20250721-153000-001-V2-2971,BACKTESTER-001,MLSignalStrategyV2-V2,EUR/USD.IDEALPRO,IDEALPRO-1-2971,IDEALPRO-001,IDEALPRO-1-408330,EUR/USD.IDEALPRO-MLSignalStrategyV2-V2,SELL,MARKET,100000.00,1.17134,USD,2.34 USD,TAKER,e04727e0-f614-41e2-bea8-88fc66fe853f,2025-07-21 15:30:00+00:00,2025-07-21 15:30:00+00:00,{},False
O-20250721-153000-001-V2-2973,BACKTESTER-001,MLSignalStrategyV2-V2,EUR/USD.IDEALPRO,IDEALPRO-1-2973,IDEALPRO-001,IDEALPRO-1-408381,EUR/USD.IDEALPRO-MLSignalStrategyV2-V2,BUY,LIMIT,100000.00,1.17030,USD,2.34 USD,MAKER,74f663bb-c3a8-449e-a7ef-7b454767b9b8,2025-07-21 15:55:00+00:00,2025-07-21 15:55:00+00:00,{},False
O-20250721-170000-001-V2-2974,BACKTESTER-001,MLSignalStrategyV2-V2,EUR/USD.IDEALPRO,IDEALPRO-1-2974,IDEALPRO-001,IDEALPRO-1-408512,EUR/USD.IDEALPRO-MLSignalStrategyV2-V2,SELL,MARKET,100000.00,1.17002,USD,2.34 USD,TAKER,a5962af1-8409-4a1e-aca2-8b48a410e6f3,2025-07-21 17:00:00+00:00,2025-07-21 17:00:00+00:00,{},False
O-20250721-170000-001-V2-2976,BACKTESTER-001,MLSignalStrategyV2-V2,EUR/USD.IDEALPRO,IDEALPRO-1-2976,IDEALPRO-001,IDEALPRO-1-408528,EUR/USD.IDEALPRO-MLSignalStrategyV2-V2,BUY,LIMIT,100000.00,1.16921,USD,2.34 USD,MAKER,89af5239-ddd1-459d-b035-f40dc091ba5c,2025-07-21 17:07:00+00:00,2025-07-21 17:07:00+00:00,{},False
O-20250721-171500-001-V2-2977,BACKTESTER-001,MLSignalStrategyV2-V2,EUR/USD.IDEALPRO,IDEALPRO-1-2977,IDEALPRO-001,IDEALPRO-1-408544,EUR/USD.IDEALPRO-MLSignalStrategyV2-V2,SELL,MARKET,100000.00,1.16944,USD,2.34 USD,TAKER,e72dc530-c015-4814-906c-d851575ec34d,2025-07-21 17:15:00+00:00,2025-07-21 17:15:00+00:00,{},False
O-20250721-171500-001-V2-2979,BACKTESTER-001,MLSignalStrategyV2-V2,EUR/USD.IDEALPRO,IDEALPRO-1-2979,IDEALPRO-001,IDEALPRO-1-408581,EUR/USD.IDEALPRO-MLSignalStrategyV2-V2,BUY,LIMIT,100000.00,1.16861,USD,2.34 USD,MAKER,3f0569a9-55df-4892-b280-bbf4e19f41c9,2025-07-21 17:33:00+00:00,2025-07-21 17:33:00+00:00,{},False
O-20250721-174500-001-V2-2980,BACKTESTER-001,MLSignalStrategyV2-V2,EUR/USD.IDEALPRO,IDEALPRO-1-2980,IDEALPRO-001,IDEALPRO-1-408606,EUR/USD.IDEALPRO-MLSignalStrategyV2-V2,SELL,MARKET,100000.00,1.16935,USD,2.34 USD,TAKER,6f7feda7-af60-4d32-bb55-47bc7ec9588d,2025-07-21 17:45:00+00:00,2025-07-21 17:45:00+00:00,{},False
O-20250721-174500-001-V2-2982,BACKTESTER-001,MLSignalStrategyV2-V2,EUR/USD.IDEALPRO,IDEALPRO-1-2982,IDEALPRO-001,IDEALPRO-1-409351,EUR/USD.IDEALPRO-MLSignalStrategyV2-V2,BUY,LIMIT,100000.00,1.16848,USD,2.34 USD,MAKER,d9908cec-9e45-4a15-8a56-967410e7f024,2025-07-22 00:12:00+00:00,2025-07-22 00:12:00+00:00,{},False
O-20250722-001500-001-V2-2983,BACKTESTER-001,MLSignalStrategyV2-V2,EUR/USD.IDEALPRO,IDEALPRO-1-2983,IDEALPRO-001,IDEALPRO-1-409358,EUR/USD.IDEALPRO-MLSignalStrategyV2-V2,SELL,MARKET,100000.00,1.16842,USD,2.34 USD,TAKER,8db1c04e-898f-457b-9a96-46fedc61dcb4,2025-07-22 00:15:00+00:00,2025-07-22 00:15:00+00:00,{},False
O-20250722-001500-001-V2-2984,BACKTESTER-001,MLSignalStrategyV2-V2,EUR/USD.IDEALPRO,IDEALPRO-1-2984,IDEALPRO-001,IDEALPRO-1-409387,EUR/USD.IDEALPRO-MLSignalStrategyV2-V2,BUY,STOP_MARKET,100000.00,1.16888,USD,2.34 USD,TAKER,98d0debf-ee75-4823-bcfe-90164c29b1ac,2025-07-22 00:29:00+00:00,2025-07-22 00:29:00+00:00,{},False
O-20250722-040000-001-V2-2986,BACKTESTER-001,MLSignalStrategyV2-V2,EUR/USD.IDEALPRO,IDEALPRO-1-2986,IDEALPRO-001,IDEALPRO-1-409811,EUR/USD.IDEALPRO-MLSignalStrategyV2-V2,BUY,MARKET,100000.00,1.16873,USD,2.34 USD,TAKER,9b372d81-d984-4d12-9f3d-f482f8ee516d,2025-07-22 04:00:00+00:00,2025-07-22 04:00:00+00:00,{},False
O-20250722-040000-001-V2-2988,BACKTESTER-001,MLSignalStrategyV2-V2,EUR/USD.IDEALPRO,IDEALPRO-1-2988,IDEALPRO-001,IDEALPRO-1-409859,EUR/USD.IDEALPRO-MLSignalStrategyV2-V2,SELL,LIMIT,100000.00,1.16918,USD,2.34 USD,MAKER,e5034c16-f7ca-47d1-9769-962518f9cea2,2025-07-22 04:24:00+00:00,2025-07-22 04:24:00+00:00,{},False
O-20250722-071500-001-V2-2989,BACKTESTER-001,MLSignalStrategyV2-V2,EUR/USD.IDEALPRO,IDEALPRO-1-2989,IDEALPRO-001,IDEALPRO-1-410203,EUR/USD.IDEALPRO-MLSignalStrategyV2-V2,BUY,MARKET,100000.00,1.16863,USD,2.34 USD,TAKER,9e6f66ec-e61d-41fa-8bdf-15877a982537,2025-07-22 07:15:00+00:00,2025-07-22 07:15:00+00:00,{},False
O-20250722-071500-001-V2-2991,BACKTESTER-001,MLSignalStrategyV2-V2,EUR/USD.IDEALPRO,IDEALPRO-1-2991,IDEALPRO-001,IDEALPRO-1-410305,EUR/USD.IDEALPRO-MLSignalStrategyV2-V2,SELL,LIMIT,100000.00,1.16941,USD,2.34 USD,MAKER,ea9f90a5-d530-4303-bb07-50c7a894c72b,2025-07-22 08:06:00+00:00,2025-07-22 08:06:00+00:00,{},False
O-20250722-161500-001-V2-2992,BACKTESTER-001,MLSignalStrategyV2-V2,EUR/USD.IDEALPRO,IDEALPRO-1-2992,IDEALPRO-001,IDEALPRO-1-411284,EUR/USD.IDEALPRO-MLSignalStrategyV2-V2,SELL,MARKET,100000.00,1.17551,USD,2.35 USD,TAKER,46305ac0-2271-40d9-a593-c3376503f597,2025-07-22 16:15:00+00:00,2025-07-22 16:15:00+00:00,{},False
O-20250722-161500-001-V2-2994,BACKTESTER-001,MLSignalStrategyV2-V2,EUR/USD.IDEALPRO,IDEALPRO-1-2994,IDEALPRO-001,IDEALPRO-1-411509,EUR/USD.IDEALPRO-MLSignalStrategyV2-V2,BUY,LIMIT,100000.00,1.17420,USD,2.35 USD,MAKER,9b7afd77-11f1-4817-ba97-10021dd412f2,2025-07-22 18:07:00+00:00,2025-07-22 18:07:00+00:00,{},False
O-20250722-234500-001-V2-2995,BACKTESTER-001,MLSignalStrategyV2-V2,EUR/USD.IDEALPRO,IDEALPRO-1-2995,IDEALPRO-001,IDEALPRO-1-412156,EUR/USD.IDEALPRO-MLSignalStrategyV2-V2,BUY,MARKET,100000.00,1.17395,USD,2.35 USD,TAKER,7e2678e5-6db2-4747-b842-7ba787566240,2025-07-22 23:45:00+00:00,2025-07-22 23:45:00+00:00,{},False
O-20250722-234500-001-V2-2997,BACKTESTER-001,MLSignalStrategyV2-V2,EUR/USD.IDEALPRO,IDEALPRO-1-2997,IDEALPRO-001,IDEALPRO-1-412297,EUR/USD.IDEALPRO-MLSignalStrategyV2-V2,SELL,LIMIT,100000.00,1.17459,USD,2.35 USD,MAKER,191d7452-f2c8-4dfc-afc0-783cf8df7f7c,2025-07-23 00:55:00+00:00,2025-07-23 00:55:00+00:00,{},False
O-20250723-030000-001-V2-2998,BACKTESTER-001,MLSignalStrategyV2-V2,EUR/USD.IDEALPRO,IDEALPRO-1-2998,IDEALPRO-001,IDEALPRO-1-412548,EUR/USD.IDEALPRO-MLSignalStrategyV2-V2,SELL,MARKET,100000.00,1.17349,USD,2.35 USD,TAKER,08139b23-9a0d-4c76-b24f-4f017c0c2dfa,2025-07-23 03:00:00+00:00,2025-07-23 03:00:00+00:00,{},False
O-20250723-030000-001-V2-2999,BACKTESTER-001,MLSignalStrategyV2-V2,EUR/USD.IDEALPRO,IDEALPRO-1-2999,IDEALPRO-001,IDEALPRO-1-412607,EUR/USD.IDEALPRO-MLSignalStrategyV2-V2,BUY,STOP_MARKET,100000.00,1.17430,USD,2.35 USD,TAKER,96044e68-e175-4aaf-9cf7-290466a148dc,2025-07-23 03:29:00+00:00,2025-07-23 03:29:00+00:00,{},False
O-20250723-043000-001-V2-3001,BACKTESTER-001,MLSignalStrategyV2-V2,EUR/USD.IDEALPRO,IDEALPRO-1-3001,IDEALPRO-001,IDEALPRO-1-412730,EUR/USD.IDEALPRO-MLSignalStrategyV2-V2,SELL,MARKET,100000.00,1.17359,USD,2.35 USD,TAKER,1974517c-19b8-4439-812d-449399d746b7,2025-07-23 04:30:00+00:00,2025-07-23 04:30:00+00:00,{},False
O-20250723-043000-001-V2-3003,BACKTESTER-001,MLSignalStrategyV2-V2,EUR/USD.IDEALPRO,IDEALPRO-1-3003,IDEALPRO-001,IDEALPRO-1-412877,EUR/USD.IDEALPRO-MLSignalStrategyV2-V2,BUY,LIMIT,100000.00,1.17281,USD,2.35 USD,MAKER,715b2605-8b11-4cc4-94e3-f6afbba64bd2,2025-07-23 05:43:00+00:00,2025-07-23 05:43:00+00:00,{},False
O-20250723-144500-001-V2-3004,BACKTESTER-001,MLSignalStrategyV2-V2,EUR/USD.IDEALPRO,IDEALPRO-1-3004,IDEALPRO-001,IDEALPRO-1-413963,EUR/USD.IDEALPRO-MLSignalStrategyV2-V2,SELL,MARKET,100000.00,1.17337,USD,2.35 USD,TAKER,98601cc8-20fb-4e58-86a3-c8aeb3952265,2025-07-23 14:45:00+00:00,2025-07-23 14:45:00+00:00,{},False
O-20250723-144500-001-V2-3006,BACKTESTER-001,MLSignalStrategyV2-V2,EUR/USD.IDEALPRO,IDEALPRO-1-3006,IDEALPRO-001,IDEALPRO-1-414063,EUR/USD.IDEALPRO-MLSignalStrategyV2-V2,BUY,LIMIT,100000.00,1.17237,USD,2.34 USD,MAKER,8ecbce24-e7c3-4a39-b3b8-91e2197ecf3a,2025-07-23 15:35:00+00:00,2025-07-23 15:35:00+00:00,{},False
O-20250723-203000-001-V2-3007,BACKTESTER-001,MLSignalStrategyV2-V2,EUR/USD.IDEALPRO,IDEALPRO-1-3007,IDEALPRO-001,IDEALPRO-1-414654,EUR/USD.IDEALPRO-MLSignalStrategyV2-V2,BUY,MARKET,100000.00,1.17732,USD,2.35 USD,TAKER,99659e11-37e7-45cf-96d5-a2e69d1a7676,2025-07-23 20:30:00+00:00,2025-07-23 20:30:00+00:00,{},False
O-20250723-203000-001-V2-3008,BACKTESTER-001,MLSignalStrategyV2-V2,EUR/USD.IDEALPRO,IDEALPRO-1-3008,IDEALPRO-001,IDEALPRO-1-415109,EUR/USD.IDEALPRO-MLSignalStrategyV2-V2,SELL,STOP_MARKET,100000.00,1.17656,USD,2.35 USD,TAKER,3f316275-5d9a-487f-a892-77dd78fde7f2,2025-07-24 00:32:00+00:00,2025-07-24 00:32:00+00:00,{},False
O-20250724-004500-001-V2-3010,BACKTESTER-001,MLSignalStrategyV2-V2,EUR/USD.IDEALPRO,IDEALPRO-1-3010,IDEALPRO-001,IDEALPRO-1-415136,EUR/USD.IDEALPRO-MLSignalStrategyV2-V2,BUY,MARKET,100000.00,1.17641,USD,2.35 USD,TAKER,216c00a4-e6f3-41c9-a541-b4f020820544,2025-07-24 00:45:00+00:00,2025-07-24 00:45:00+00:00,{},False
O-20250724-004500-001-V2-3012,BACKTESTER-001,MLSignalStrategyV2-V2,EUR/USD.IDEALPRO,IDEALPRO-1-3012,IDEALPRO-001,IDEALPRO-1-415157,EUR/USD.IDEALPRO-MLSignalStrategyV2-V2,SELL,LIMIT,100000.00,1.17700,USD,2.35 USD,MAKER,26e73104-41b0-41d2-a72f-deccf48a26d2,2025-07-24 00:55:00+00:00,2025-07-24 00:55:00+00:00,{},False
O-20250724-060000-001-V2-3013,BACKTESTER-001,MLSignalStrategyV2-V2,EUR/USD.IDEALPRO,IDEALPRO-1-3013,IDEALPRO-001,IDEALPRO-1-415769,EUR/USD.IDEALPRO-MLSignalStrategyV2-V2,BUY,MARKET,100000.00,1.17711,USD,2.35 USD,TAKER,8cf69d2f-922b-4d86-b061-4f2675d24b9d,2025-07-24 06:00:00+00:00,2025-07-24 06:00:00+00:00,{},False
O-20250724-060000-001-V2-3014,BACKTESTER-001,MLSignalStrategyV2-V2,EUR/USD.IDEALPRO,IDEALPRO-1-3014,IDEALPRO-001,IDEALPRO-1-415801,EUR/USD.IDEALPRO-MLSignalStrategyV2-V2,SELL,STOP_MARKET,100000.00,1.17657,USD,2.35 USD,TAKER,bbe7e279-7b37-4f56-9ab7-4d97f267446a,2025-07-24 06:16:00+00:00,2025-07-24 06:16:00+00:00,{},False
O-20250724-063000-001-V2-3016,BACKTESTER-001,MLSignalStrategyV2-V2,EUR/USD.IDEALPRO,IDEALPRO-1-3016,IDEALPRO-001,IDEALPRO-1-415830,EUR/USD.IDEALPRO-MLSignalStrategyV2-V2,BUY,MARKET,100000.00,1.17667,USD,2.35 USD,TAKER,e8feeb3d-c5db-46b1-80ca-f36d1f36dc40,2025-07-24 06:30:00+00:00,2025-07-24 06:30:00+00:00,{},False
O-20250724-063000-001-V2-3017,BACKTESTER-001,MLSignalStrategyV2-V2,EUR/USD.IDEALPRO,IDEALPRO-1-3017,IDEALPRO-001,IDEALPRO-1-415879,EUR/USD.IDEALPRO-MLSignalStrategyV2-V2,SELL,STOP_MARKET,100000.00,1.17605,USD,2.35 USD,TAKER,1c355581-965a-409f-a0d8-f3909ef395f5,2025-07-24 06:54:00+00:00,2025-07-24 06:54:00+00:00,{},False
O-20250724-124500-001-V2-3019,BACKTESTER-001,MLSignalStrategyV2-V2,EUR/USD.IDEALPRO,IDEALPRO-1-3019,IDEALPRO-001,IDEALPRO-1-416582,EUR/USD.IDEALPRO-MLSignalStrategyV2-V2,BUY,MARKET,100000.00,1.17378,USD,2.35 USD,TAKER,d8a08790-ec8b-4cb7-8b2a-862764e52db7,2025-07-24 12:45:00+00:00,2025-07-24 12:45:00+00:00,{},False
O-20250724-124500-001-V2-3021,BACKTESTER-001,MLSignalStrategyV2-V2,EUR/USD.IDEALPRO,IDEALPRO-1-3021,IDEALPRO-001,IDEALPRO-1-416625,EUR/USD.IDEALPRO-MLSignalStrategyV2-V2,SELL,LIMIT,100000.00,1.17470,USD,2.35 USD,MAKER,140b74bb-2877-4adb-b17b-06c6af233f74,2025-07-24 13:06:00+00:00,2025-07-24 13:06:00+00:00,{},False
O-20250724-194500-001-V2-3022,BACKTESTER-001,MLSignalStrategyV2-V2,EUR/USD.IDEALPRO,IDEALPRO-1-3022,IDEALPRO-001,IDEALPRO-1-417425,EUR/USD.IDEALPRO-MLSignalStrategyV2-V2,BUY,MARKET,100000.00,1.17668,USD,2.35 USD,TAKER,5cf7c29d-defd-4dc1-acff-235277197634,2025-07-24 19:45:00+00:00,2025-07-24 19:45:00+00:00,{},False
O-20250724-194500-001-V2-3023,BACKTESTER-001,MLSignalStrategyV2-V2,EUR/USD.IDEALPRO,IDEALPRO-1-3023,IDEALPRO-001,IDEALPRO-1-417453,EUR/USD.IDEALPRO-MLSignalStrategyV2-V2,SELL,STOP_MARKET,100000.00,1.17585,USD,2.35 USD,TAKER,55f07e1f-22c6-4cd3-bc4a-db1fb72e8c33,2025-07-24 19:59:00+00:00,2025-07-24 19:59:00+00:00,{},False
O-20250724-210000-001-V2-3025,BACKTESTER-001,MLSignalStrategyV2-V2,EUR/USD.IDEALPRO,IDEALPRO-1-3025,IDEALPRO-001,IDEALPRO-1-417576,EUR/USD.IDEALPRO-MLSignalStrategyV2-V2,BUY,MARKET,100000.00,1.17479,USD,2.35 USD,TAKER,b510d495-0b43-45bf-acef-edcc223dfd15,2025-07-24 21:00:00+00:00,2025-07-24 21:00:00+00:00,{},False
O-20250724-210000-001-V2-3027,BACKTESTER-001,MLSignalStrategyV2-V2,EUR/USD.IDEALPRO,IDEALPRO-1-3027,IDEALPRO-001,IDEALPRO-1-417793,EUR/USD.IDEALPRO-MLSignalStrategyV2-V2,SELL,LIMIT,100000.00,1.17542,USD,2.35 USD,MAKER,cbafbcb2-8ef4-4741-ae33-2e27fdaafbc3,2025-07-24 23:03:00+00:00,2025-07-24 23:03:00+00:00,{},False
O-20250724-231500-001-V2-3028,BACKTESTER-001,MLSignalStrategyV2-V2,EUR/USD.IDEALPRO,IDEALPRO-1-3028,IDEALPRO-001,IDEALPRO-1-417818,EUR/USD.IDEALPRO-MLSignalStrategyV2-V2,SELL,MARKET,100000.00,1.17542,USD,2.35 USD,TAKER,154559fd-f592-4072-b69f-8800dd8359fc,2025-07-24 23:15:00+00:00,2025-07-24 23:15:00+00:00,{},False
O-20250724-231500-001-V2-3030,BACKTESTER-001,MLSignalStrategyV2-V2,EUR/USD.IDEALPRO,IDEALPRO-1-3030,IDEALPRO-001,IDEALPRO-1-417857,EUR/USD.IDEALPRO-MLSignalStrategyV2-V2,BUY,LIMIT,100000.00,1.17501,USD,2.35 USD,MAKER,049ed0c1-daca-471d-a32d-0f605898b3a1,2025-07-24 23:34:00+00:00,2025-07-24 23:34:00+00:00,{},False
O-20250724-234500-001-V2-3031,BACKTESTER-001,MLSignalStrategyV2-V2,EUR/USD.IDEALPRO,IDEALPRO-1-3031,IDEALPRO-001,IDEALPRO-1-417880,EUR/USD.IDEALPRO-MLSignalStrategyV2-V2,SELL,MARKET,100000.00,1.17550,USD,2.35 USD,TAKER,ce260d7f-137b-414c-bea0-2e61685f2732,2025-07-24 23:45:00+00:00,2025-07-24 23:45:00+00:00,{},False
O-20250724-234500-001-V2-3033,BACKTESTER-001,MLSignalStrategyV2-V2,EUR/USD.IDEALPRO,IDEALPRO-1-3033,IDEALPRO-001,IDEALPRO-1-417925,EUR/USD.IDEALPRO-MLSignalStrategyV2-V2,BUY,LIMIT,100000.00,1.17507,USD,2.35 USD,MAKER,180a3358-75ef-4bc8-9834-dc83f604304e,2025-07-25 00:07:00+00:00,2025-07-25 00:07:00+00:00,{},False
O-20250725-013000-001-V2-3034,BACKTESTER-001,MLSignalStrategyV2-V2,EUR/USD.IDEALPRO,IDEALPRO-1-3034,IDEALPRO-001,IDEALPRO-1-418092,EUR/USD.IDEALPRO-MLSignalStrategyV2-V2,SELL,MARKET,100000.00,1.17441,USD,2.35 USD,TAKER,70616f69-5378-40e6-a888-3ad9b0aa8a5c,2025-07-25 01:30:00+00:00,2025-07-25 01:30:00+00:00,{},False
O-20250725-013000-001-V2-3036,BACKTESTER-001,MLSignalStrategyV2-V2,EUR/USD.IDEALPRO,IDEALPRO-1-3036,IDEALPRO-001,IDEALPRO-1-418239,EUR/USD.IDEALPRO-MLSignalStrategyV2-V2,BUY,LIMIT,100000.00,1.17376,USD,2.35 USD,MAKER,00b29fc5-26d8-4ac0-82d6-f19513765e5c,2025-07-25 02:43:00+00:00,2025-07-25 02:43:00+00:00,{},False
O-20250725-073000-001-V2-3037,BACKTESTER-001,MLSignalStrategyV2-V2,EUR/USD.IDEALPRO,IDEALPRO-1-3037,IDEALPRO-001,IDEALPRO-1-418815,EUR/USD.IDEALPRO-MLSignalStrategyV2-V2,BUY,MARKET,100000.00,1.17526,USD,2.35 USD,TAKER,104d8b3a-c79d-4c2c-9254-66f4cfee5690,2025-07-25 07:30:00+00:00,2025-07-25 07:30:00+00:00,{},False
O-20250725-073000-001-V2-3038,BACKTESTER-001,MLSignalStrategyV2-V2,EUR/USD.IDEALPRO,IDEALPRO-1-3038,IDEALPRO-001,IDEALPRO-1-418905,EUR/USD.IDEALPRO-MLSignalStrategyV2-V2,SELL,STOP_MARKET,100000.00,1.17419,USD,2.35 USD,TAKER,0ba27afd-e05b-4803-adb2-044d0d1c8dc0,2025-07-25 08:15:00+00:00,2025-07-25 08:15:00+00:00,{},False
O-20250725-093000-001-V2-3040,BACKTESTER-001,MLSignalStrategyV2-V2,EUR/USD.IDEALPRO,IDEALPRO-1-3040,IDEALPRO-001,IDEALPRO-1-419057,EUR/USD.IDEALPRO-MLSignalStrategyV2-V2,BUY,MARKET,100000.00,1.17369,USD,2.35 USD,TAKER,1a0c32bb-bab9-463f-b35d-b6bcd3d92e4d,2025-07-25 09:30:00+00:00,2025-07-25 09:30:00+00:00,{},False
O-20250725-093000-001-V2-3041,BACKTESTER-001,MLSignalStrategyV2-V2,EUR/USD.IDEALPRO,IDEALPRO-1-3041,IDEALPRO-001,IDEALPRO-1-419219,EUR/USD.IDEALPRO-MLSignalStrategyV2-V2,SELL,STOP_MARKET,100000.00,1.17261,USD,2.35 USD,TAKER,c436299c-38a5-465f-afd5-2ea10c486280,2025-07-25 10:51:00+00:00,2025-07-25 10:51:00+00:00,{},False
O-20250725-201500-001-V2-3043,BACKTESTER-001,MLSignalStrategyV2-V2,EUR/USD.IDEALPRO,IDEALPRO-1-3043,IDEALPRO-001,IDEALPRO-1-420348,EUR/USD.IDEALPRO-MLSignalStrategyV2-V2,BUY,MARKET,100000.00,1.17399,USD,2.35 USD,TAKER,b7c408a9-d9b4-4ee3-8d4a-f5b093aefe8b,2025-07-25 20:15:00+00:00,2025-07-25 20:15:00+00:00,{},False
O-20250725-201500-001-V2-3045,BACKTESTER-001,MLSignalStrategyV2-V2,EUR/USD.IDEALPRO,IDEALPRO-1-3045,IDEALPRO-001,IDEALPRO-1-420441,EUR/USD.IDEALPRO-MLSignalStrategyV2-V2,SELL,LIMIT,100000.00,1.17566,USD,2.35 USD,MAKER,7a46435d-e5a2-4bad-8fd7-e772ffa989e8,2025-07-27 21:16:00+00:00,2025-07-27 21:16:00+00:00,{},False
O-20250728-050000-001-V2-3046,BACKTESTER-001,MLSignalStrategyV2-V2,EUR/USD.IDEALPRO,IDEALPRO-1-3046,IDEALPRO-001,IDEALPRO-1-421371,EUR/USD.IDEALPRO-MLSignalStrategyV2-V2,SELL,MARKET,100000.00,1.17473,USD,2.35 USD,TAKER,cd9a1bf9-2541-4655-b169-9cad3958f66a,2025-07-28 05:00:00+00:00,2025-07-28 05:00:00+00:00,{},False
O-20250728-050000-001-V2-3048,BACKTESTER-001,MLSignalStrategyV2-V2,EUR/USD.IDEALPRO,IDEALPRO-1-3048,IDEALPRO-001,IDEALPRO-1-421407,EUR/USD.IDEALPRO-MLSignalStrategyV2-V2,BUY,LIMIT,100000.00,1.17415,USD,2.35 USD,MAKER,1b37e78e-bc3b-4acb-88d1-1225d123d62e,2025-07-28 05:18:00+00:00,2025-07-28 05:18:00+00:00,{},False
O-20250728-054500-001-V2-3049,BACKTESTER-001,MLSignalStrategyV2-V2,EUR/USD.IDEALPRO,IDEALPRO-1-3049,IDEALPRO-001,IDEALPRO-1-421462,EUR/USD.IDEALPRO-MLSignalStrategyV2-V2,SELL,MARKET,100000.00,1.17420,USD,2.35 USD,TAKER,325b9cf7-fa2f-4051-ad7f-78c8ea87bbd3,2025-07-28 05:45:00+00:00,2025-07-28 05:45:00+00:00,{},False
O-20250728-054500-001-V2-3051,BACKTESTER-001,MLSignalStrategyV2-V2,EUR/USD.IDEALPRO,IDEALPRO-1-3051,IDEALPRO-001,IDEALPRO-1-421515,EUR/USD.IDEALPRO-MLSignalStrategyV2-V2,BUY,LIMIT,100000.00,1.17353,USD,2.35 USD,MAKER,c6c900e7-2538-41ba-a690-5b1832669dcc,2025-07-28 06:11:00+00:00,2025-07-28 06:11:00+00:00,{},False
O-20250728-074500-001-V2-3052,BACKTESTER-001,MLSignalStrategyV2-V2,EUR/USD.IDEALPRO,IDEALPRO-1-3052,IDEALPRO-001,IDEALPRO-1-421704,EUR/USD.IDEALPRO-MLSignalStrategyV2-V2,BUY,MARKET,100000.00,1.16914,USD,2.34 USD,TAKER,3aa87bc0-074b-4cd2-8079-a3b5aaaa3b7e,2025-07-28 07:45:00+00:00,2025-07-28 07:45:00+00:00,{},False
O-20250728-074500-001-V2-3053,BACKTESTER-001,MLSignalStrategyV2-V2,EUR/USD.IDEALPRO,IDEALPRO-1-3053,IDEALPRO-001,IDEALPRO-1-421731,EUR/USD.IDEALPRO-MLSignalStrategyV2-V2,SELL,STOP_MARKET,100000.00,1.16760,USD,2.34 USD,TAKER,418b6b6c-9be5-4081-85c9-a70aa68a5ec8,2025-07-28 07:58:00+00:00,2025-07-28 07:58:00+00:00,{},False
O-20250728-080000-001-V2-3055,BACKTESTER-001,MLSignalStrategyV2-V2,EUR/USD.IDEALPRO,IDEALPRO-1-3055,IDEALPRO-001,IDEALPRO-1-421736,EUR/USD.IDEALPRO-MLSignalStrategyV2-V2,BUY,MARKET,100000.00,1.16749,USD,2.33 USD,TAKER,9f314a3a-3973-4661-9489-46965c85bd98,2025-07-28 08:00:00+00:00,2025-07-28 08:00:00+00:00,{},False
O-20250728-080000-001-V2-3057,BACKTESTER-001,MLSignalStrategyV2-V2,EUR/USD.IDEALPRO,IDEALPRO-1-3057,IDEALPRO-001,IDEALPRO-1-421781,EUR/USD.IDEALPRO-MLSignalStrategyV2-V2,SELL,LIMIT,100000.00,1.16867,USD,2.34 USD,MAKER,98594c76-2672-47ce-bb9f-2cce00d38e8e,2025-07-28 08:22:00+00:00,2025-07-28 08:22:00+00:00,{},False
O-20250728-084500-001-V2-3058,BACKTESTER-001,MLSignalStrategyV2-V2,EUR/USD.IDEALPRO,IDEALPRO-1-3058,IDEALPRO-001,IDEALPRO-1-421828,EUR/USD.IDEALPRO-MLSignalStrategyV2-V2,BUY,MARKET,100000.00,1.16786,USD,2.34 USD,TAKER,bed1e329-6d78-4d58-a5b4-f2aeb0ebce16,2025-07-28 08:45:00+00:00,2025-07-28 08:45:00+00:00,{},False
O-20250728-084500-001-V2-3059,BACKTESTER-001,MLSignalStrategyV2-V2,EUR/USD.IDEALPRO,IDEALPRO-1-3059,IDEALPRO-001,IDEALPRO-1-421931,EUR/USD.IDEALPRO-MLSignalStrategyV2-V2,SELL,STOP_MARKET,100000.00,1.16633,USD,2.33 USD,TAKER,6e411bed-bdf5-49a9-9df5-2ba7a0e6b395,2025-07-28 09:36:00+00:00,2025-07-28 09:36:00+00:00,{},False
O-20250728-100000-001-V2-3061,BACKTESTER-001,MLSignalStrategyV2-V2,EUR/USD.IDEALPRO,IDEALPRO-1-3061,IDEALPRO-001,IDEALPRO-1-421980,EUR/USD.IDEALPRO-MLSignalStrategyV2-V2,BUY,MARKET,100000.00,1.16670,USD,2.33 USD,TAKER,0e0fbaaa-1f50-4db9-a1ad-cb240f072356,2025-07-28 10:00:00+00:00,2025-07-28 10:00:00+00:00,{},False
O-20250728-100000-001-V2-3062,BACKTESTER-001,MLSignalStrategyV2-V2,EUR/USD.IDEALPRO,IDEALPRO-1-3062,IDEALPRO-001,IDEALPRO-1-422107,EUR/USD.IDEALPRO-MLSignalStrategyV2-V2,SELL,STOP_MARKET,100000.00,1.16529,USD,2.33 USD,TAKER,eb9d08be-735e-45e2-abe9-fab5e9b5077d,2025-07-28 11:03:00+00:00,2025-07-28 11:03:00+00:00,{},False
O-20250728-111500-001-V2-3064,BACKTESTER-001,MLSignalStrategyV2-V2,EUR/USD.IDEALPRO,IDEALPRO-1-3064,IDEALPRO-001,IDEALPRO-1-422132,EUR/USD.IDEALPRO-MLSignalStrategyV2-V2,BUY,MARKET,100000.00,1.16555,USD,2.33 USD,TAKER,a4ddd416-b29e-4449-a5e7-7e165de6ce41,2025-07-28 11:15:00+00:00,2025-07-28 11:15:00+00:00,{},False
O-20250728-111500-001-V2-3065,BACKTESTER-001,MLSignalStrategyV2-V2,EUR/USD.IDEALPRO,IDEALPRO-1-3065,IDEALPRO-001,IDEALPRO-1-422387,EUR/USD.IDEALPRO-MLSignalStrategyV2-V2,SELL,STOP_MARKET,100000.00,1.16381,USD,2.33 USD,TAKER,9978f00b-2c74-40b4-a7eb-89ca7924ff0d,2025-07-28 13:22:00+00:00,2025-07-28 13:22:00+00:00,{},False
O-20250728-134500-001-V2-3067,BACKTESTER-001,MLSignalStrategyV2-V2,EUR/USD.IDEALPRO,IDEALPRO-1-3067,IDEALPRO-001,IDEALPRO-1-422434,EUR/USD.IDEALPRO-MLSignalStrategyV2-V2,BUY,MARKET,100000.00,1.16336,USD,2.33 USD,TAKER,d0435592-ee92-4c9e-8bc9-651d6eeb2969,2025-07-28 13:45:00+00:00,2025-07-28 13:45:00+00:00,{},False
O-20250728-134500-001-V2-3069,BACKTESTER-001,MLSignalStrategyV2-V2,EUR/USD.IDEALPRO,IDEALPRO-1-3069,IDEALPRO-001,IDEALPRO-1-422535,EUR/USD.IDEALPRO-MLSignalStrategyV2-V2,SELL,LIMIT,100000.00,1.16456,USD,2.33 USD,MAKER,3f5bcaa4-710c-4c73-9091-c886d8b01a0b,2025-07-28 14:35:00+00:00,2025-07-28 14:35:00+00:00,{},False
O-20250728-150000-001-V2-3070,BACKTESTER-001,MLSignalStrategyV2-V2,EUR/USD.IDEALPRO,IDEALPRO-1-3070,IDEALPRO-001,IDEALPRO-1-422586,EUR/USD.IDEALPRO-MLSignalStrategyV2-V2,BUY,MARKET,100000.00,1.16372,USD,2.33 USD,TAKER,2a54a2a4-e408-4c79-a2f6-7e946567804d,2025-07-28 15:00:00+00:00,2025-07-28 15:00:00+00:00,{},False
O-20250728-150000-001-V2-3071,BACKTESTER-001,MLSignalStrategyV2-V2,EUR/USD.IDEALPRO,IDEALPRO-1-3071,IDEALPRO-001,IDEALPRO-1-422625,EUR/USD.IDEALPRO-MLSignalStrategyV2-V2,SELL,STOP_MARKET,100000.00,1.16238,USD,2.32 USD,TAKER,ada15c9d-760b-4c8b-aacb-9361a4c73833,2025-07-28 15:19:00+00:00,2025-07-28 15:19:00+00:00,{},False
O-20250728-153000-001-V2-3073,BACKTESTER-001,MLSignalStrategyV2-V2,EUR/USD.IDEALPRO,IDEALPRO-1-3073,IDEALPRO-001,IDEALPRO-1-422648,EUR/USD.IDEALPRO-MLSignalStrategyV2-V2,BUY,MARKET,100000.00,1.16221,USD,2.32 USD,TAKER,5f0e864c-867e-45ee-b425-f49f4724496c,2025-07-28 15:30:00+00:00,2025-07-28 15:30:00+00:00,{},False
O-20250728-153000-001-V2-3074,BACKTESTER-001,MLSignalStrategyV2-V2,EUR/USD.IDEALPRO,IDEALPRO-1-3074,IDEALPRO-001,IDEALPRO-1-422705,EUR/USD.IDEALPRO-MLSignalStrategyV2-V2,SELL,STOP_MARKET,100000.00,1.16081,USD,2.32 USD,TAKER,872d15e5-a872-44e5-a1c2-ed584d82f08d,2025-07-28 15:58:00+00:00,2025-07-28 15:58:00+00:00,{},False
O-20250728-170000-001-V2-3076,BACKTESTER-001,MLSignalStrategyV2-V2,EUR/USD.IDEALPRO,IDEALPRO-1-3076,IDEALPRO-001,IDEALPRO-1-422830,EUR/USD.IDEALPRO-MLSignalStrategyV2-V2,BUY,MARKET,100000.00,1.15993,USD,2.32 USD,TAKER,a8a7a87d-a735-4a7e-bdc4-88b65a36217e,2025-07-28 17:00:00+00:00,2025-07-28 17:00:00+00:00,{},False
O-20250728-170000-001-V2-3077,BACKTESTER-001,MLSignalStrategyV2-V2,EUR/USD.IDEALPRO,IDEALPRO-1-3077,IDEALPRO-001,IDEALPRO-1-422961,EUR/USD.IDEALPRO-MLSignalStrategyV2-V2,SELL,STOP_MARKET,100000.00,1.15882,USD,2.32 USD,TAKER,38f7a838-e713-4423-9b9d-025590b24d79,2025-07-28 18:05:00+00:00,2025-07-28 18:05:00+00:00,{},False
O-20250728-191500-001-V2-3079,BACKTESTER-001,MLSignalStrategyV2-V2,EUR/USD.IDEALPRO,IDEALPRO-1-3079,IDEALPRO-001,IDEALPRO-1-423103,EUR/USD.IDEALPRO-MLSignalStrategyV2-V2,BUY,MARKET,100000.00,1.15916,USD,2.32 USD,TAKER,047eceb0-d021-4f11-9508-b0ae5676f1d3,2025-07-28 19:15:00+00:00,2025-07-28 19:15:00+00:00,{},False
O-20250728-191500-001-V2-3081,BACKTESTER-001,MLSignalStrategyV2-V2,EUR/USD.IDEALPRO,IDEALPRO-1-3081,IDEALPRO-001,IDEALPRO-1-423851,EUR/USD.IDEALPRO-MLSignalStrategyV2-V2,SELL,LIMIT,100000.00,1.15981,USD,2.32 USD,MAKER,528ccdb7-9c1a-4b5d-a952-929e42a73b05,2025-07-29 01:44:00+00:00,2025-07-29 01:44:00+00:00,{},False
O-20250729-040000-001-V2-3082,BACKTESTER-001,MLSignalStrategyV2-V2,EUR/USD.IDEALPRO,IDEALPRO-1-3082,IDEALPRO-001,IDEALPRO-1-424124,EUR/USD.IDEALPRO-MLSignalStrategyV2-V2,BUY,MARKET,100000.00,1.15831,USD,2.32 USD,TAKER,f93c8aad-ce0f-4b28-a0c5-b2ca4ed69019,2025-07-29 04:00:00+00:00,2025-07-29 04:00:00+00:00,{},False
O-20250729-040000-001-V2-3083,BACKTESTER-001,MLSignalStrategyV2-V2,EUR/USD.IDEALPRO,IDEALPRO-1-3083,IDEALPRO-001,IDEALPRO-1-424161,EUR/USD.IDEALPRO-MLSignalStrategyV2-V2,SELL,STOP_MARKET,100000.00,1.15762,USD,2.32 USD,TAKER,61ee6032-f27e-4dfa-abdf-87a531876fa6,2025-07-29 04:18:00+00:00,2025-07-29 04:18:00+00:00,{},False
O-20250729-070000-001-V2-3085,BACKTESTER-001,MLSignalStrategyV2-V2,EUR/USD.IDEALPRO,IDEALPRO-1-3085,IDEALPRO-001,IDEALPRO-1-424486,EUR/USD.IDEALPRO-MLSignalStrategyV2-V2,BUY,MARKET,100000.00,1.15339,USD,2.31 USD,TAKER,0b668af8-21dc-4f9a-bbe1-4ea3db3e85be,2025-07-29 07:00:00+00:00,2025-07-29 07:00:00+00:00,{},False
O-20250729-070000-001-V2-3087,BACKTESTER-001,MLSignalStrategyV2-V2,EUR/USD.IDEALPRO,IDEALPRO-1-3087,IDEALPRO-001,IDEALPRO-1-424489,EUR/USD.IDEALPRO-MLSignalStrategyV2-V2,SELL,LIMIT,100000.00,1.15451,USD,2.31 USD,MAKER,c89c28fc-6c24-45ae-8710-b90588c83280,2025-07-29 07:01:00+00:00,2025-07-29 07:01:00+00:00,{},False
O-20250729-071500-001-V2-3088,BACKTESTER-001,MLSignalStrategyV2-V2,EUR/USD.IDEALPRO,IDEALPRO-1-3088,IDEALPRO-001,IDEALPRO-1-424518,EUR/USD.IDEALPRO-MLSignalStrategyV2-V2,BUY,MARKET,100000.00,1.15308,USD,2.31 USD,TAKER,14f4ffa9-2fd2-4ade-b2e0-464efb1002ac,2025-07-29 07:15:00+00:00,2025-07-29 07:15:00+00:00,{},False
O-20250729-071500-001-V2-3090,BACKTESTER-001,MLSignalStrategyV2-V2,EUR/USD.IDEALPRO,IDEALPRO-1-3090,IDEALPRO-001,IDEALPRO-1-424537,EUR/USD.IDEALPRO-MLSignalStrategyV2-V2,SELL,LIMIT,100000.00,1.15447,USD,2.31 USD,MAKER,11ffe6ff-c161-4de4-9ac8-b7e5e41702f6,2025-07-29 07:24:00+00:00,2025-07-29 07:24:00+00:00,{},False
O-20250729-073000-001-V2-3091,BACKTESTER-001,MLSignalStrategyV2-V2,EUR/USD.IDEALPRO,IDEALPRO-1-3091,IDEALPRO-001,IDEALPRO-1-424550,EUR/USD.IDEALPRO-MLSignalStrategyV2-V2,BUY,MARKET,100000.00,1.15365,USD,2.31 USD,TAKER,0927c8a4-17a7-4e5b-a608-e7fd98b62b85,2025-07-29 07:30:00+00:00,2025-07-29 07:30:00+00:00,{},False
O-20250729-073000-001-V2-3093,BACKTESTER-001,MLSignalStrategyV2-V2,EUR/USD.IDEALPRO,IDEALPRO-1-3093,IDEALPRO-001,IDEALPRO-1-424601,EUR/USD.IDEALPRO-MLSignalStrategyV2-V2,SELL,LIMIT,100000.00,1.15514,USD,2.31 USD,MAKER,a0ca7fe4-a23b-44c8-97f7-799035b78d95,2025-07-29 07:55:00+00:00,2025-07-29 07:55:00+00:00,{},False
O-20250729-080000-001-V2-3094,BACKTESTER-001,MLSignalStrategyV2-V2,EUR/USD.IDEALPRO,IDEALPRO-1-3094,IDEALPRO-001,IDEALPRO-1-424612,EUR/USD.IDEALPRO-MLSignalStrategyV2-V2,BUY,MARKET,100000.00,1.15549,USD,2.31 USD,TAKER,a8363ead-0b1f-4467-9b9b-c6c1182eb09b,2025-07-29 08:00:00+00:00,2025-07-29 08:00:00+00:00,{},False
O-20250729-080000-001-V2-3096,BACKTESTER-001,MLSignalStrategyV2-V2,EUR/USD.IDEALPRO,IDEALPRO-1-3096,IDEALPRO-001,IDEALPRO-1-424647,EUR/USD.IDEALPRO-MLSignalStrategyV2-V2,SELL,LIMIT,100000.00,1.15682,USD,2.31 USD,MAKER,162fc98c-6796-4ed5-a97f-0ffc36767ba7,2025-07-29 08:17:00+00:00,2025-07-29 08:17:00+00:00,{},False
O-20250729-084500-001-V2-3097,BACKTESTER-001,MLSignalStrategyV2-V2,EUR/USD.IDEALPRO,IDEALPRO-1-3097,IDEALPRO-001,IDEALPRO-1-424705,EUR/USD.IDEALPRO-MLSignalStrategyV2-V2,BUY,MARKET,100000.00,1.15656,USD,2.31 USD,TAKER,3d3f7a8e-c5c9-4795-aa88-a763a753ddaa,2025-07-29 08:45:00+00:00,2025-07-29 08:45:00+00:00,{},False
O-20250729-084500-001-V2-3099,BACKTESTER-001,MLSignalStrategyV2-V2,EUR/USD.IDEALPRO,IDEALPRO-1-3099,IDEALPRO-001,IDEALPRO-1-424779,EUR/USD.IDEALPRO-MLSignalStrategyV2-V2,SELL,LIMIT,100000.00,1.15775,USD,2.32 USD,MAKER,14f7b4a9-0893-4f04-bd41-a32ae5adeca7,2025-07-29 09:22:00+00:00,2025-07-29 09:22:00+00:00,{},False
O-20250729-100000-001-V2-3100,BACKTESTER-001,MLSignalStrategyV2-V2,EUR/USD.IDEALPRO,IDEALPRO-1-3100,IDEALPRO-001,IDEALPRO-1-424857,EUR/USD.IDEALPRO-MLSignalStrategyV2-V2,SELL,MARKET,100000.00,1.15768,USD,2.32 USD,TAKER,e26d7133-c735-4205-a844-4eea6c7a553a,2025-07-29 10:00:00+00:00,2025-07-29 10:00:00+00:00,{},False
O-20250729-100000-001-V2-3102,BACKTESTER-001,MLSignalStrategyV2-V2,EUR/USD.IDEALPRO,IDEALPRO-1-3102,IDEALPRO-001,IDEALPRO-1-424995,EUR/USD.IDEALPRO-MLSignalStrategyV2-V2,BUY,LIMIT,100000.00,1.15654,USD,2.31 USD,MAKER,352f8ba3-f0bf-4e7e-8a46-a254b5f0bca6,2025-07-29 11:09:00+00:00,2025-07-29 11:09:00+00:00,{},False
O-20250729-114500-001-V2-3103,BACKTESTER-001,MLSignalStrategyV2-V2,EUR/USD.IDEALPRO,IDEALPRO-1-3103,IDEALPRO-001,IDEALPRO-1-425068,EUR/USD.IDEALPRO-MLSignalStrategyV2-V2,BUY,MARKET,100000.00,1.15450,USD,2.31 USD,TAKER,ed34a351-fbde-4cef-a703-1b351cc263e6,2025-07-29 11:45:00+00:00,2025-07-29 11:45:00+00:00,{},False
O-20250729-114500-001-V2-3104,BACKTESTER-001,MLSignalStrategyV2-V2,EUR/USD.IDEALPRO,IDEALPRO-1-3104,IDEALPRO-001,IDEALPRO-1-425141,EUR/USD.IDEALPRO-MLSignalStrategyV2-V2,SELL,STOP_MARKET,100000.00,1.15300,USD,2.31 USD,TAKER,0dfe3451-72da-4ecd-a34e-acc0e51b0776,2025-07-29 12:21:00+00:00,2025-07-29 12:21:00+00:00,{},False
O-20250729-124500-001-V2-3106,BACKTESTER-001,MLSignalStrategyV2-V2,EUR/USD.IDEALPRO,IDEALPRO-1-3106,IDEALPRO-001,IDEALPRO-1-425190,EUR/USD.IDEALPRO-MLSignalStrategyV2-V2,BUY,MARKET,100000.00,1.15313,USD,2.31 USD,TAKER,4988806b-1826-47c0-9c74-a186f14e80da,2025-07-29 12:45:00+00:00,2025-07-29 12:45:00+00:00,{},False
O-20250729-124500-001-V2-3108,BACKTESTER-001,MLSignalStrategyV2-V2,EUR/USD.IDEALPRO,IDEALPRO-1-3108,IDEALPRO-001,IDEALPRO-1-425335,EUR/USD.IDEALPRO-MLSignalStrategyV2-V2,SELL,LIMIT,100000.00,1.15452,USD,2.31 USD,MAKER,78c11171-2d02-4556-ac1f-5797e27b097d,2025-07-29 13:57:00+00:00,2025-07-29 13:57:00+00:00,{},False
O-20250729-201500-001-V2-3109,BACKTESTER-001,MLSignalStrategyV2-V2,EUR/USD.IDEALPRO,IDEALPRO-1-3109,IDEALPRO-001,IDEALPRO-1-426093,EUR/USD.IDEALPRO-MLSignalStrategyV2-V2,BUY,MARKET,100000.00,1.15515,USD,2.31 USD,TAKER,9e204516-8c3b-4d58-8c6e-9a91dd27e0ae,2025-07-29 20:15:00+00:00,2025-07-29 20:15:00+00:00,{},False
O-20250729-201500-001-V2-3110,BACKTESTER-001,MLSignalStrategyV2-V2,EUR/USD.IDEALPRO,IDEALPRO-1-3110,IDEALPRO-001,IDEALPRO-1-426179,EUR/USD.IDEALPRO-MLSignalStrategyV2-V2,SELL,STOP_MARKET,100000.00,1.15444,USD,2.31 USD,TAKER,1925a88e-6ffc-446a-8903-e0970478cd99,2025-07-29 20:58:00+00:00,2025-07-29 20:58:00+00:00,{},False
O-20250730-023000-001-V2-3112,BACKTESTER-001,MLSignalStrategyV2-V2,EUR/USD.IDEALPRO,IDEALPRO-1-3112,IDEALPRO-001,IDEALPRO-1-426814,EUR/USD.IDEALPRO-MLSignalStrategyV2-V2,SELL,MARKET,100000.00,1.15647,USD,2.31 USD,TAKER,1ee967a9-60b1-4f08-9fc3-62bdb7242275,2025-07-30 02:30:00+00:00,2025-07-30 02:30:00+00:00,{},False
O-20250730-023000-001-V2-3114,BACKTESTER-001,MLSignalStrategyV2-V2,EUR/USD.IDEALPRO,IDEALPRO-1-3114,IDEALPRO-001,IDEALPRO-1-426951,EUR/USD.IDEALPRO-MLSignalStrategyV2-V2,BUY,LIMIT,100000.00,1.15582,USD,2.31 USD,MAKER,c83fb184-665b-4001-abb2-864b2addce37,2025-07-30 03:38:00+00:00,2025-07-30 03:38:00+00:00,{},False
O-20250730-040000-001-V2-3115,BACKTESTER-001,MLSignalStrategyV2-V2,EUR/USD.IDEALPRO,IDEALPRO-1-3115,IDEALPRO-001,IDEALPRO-1-426996,EUR/USD.IDEALPRO-MLSignalStrategyV2-V2,SELL,MARKET,100000.00,1.15616,USD,2.31 USD,TAKER,0fa57cda-ba27-4de2-be70-4515eaf62b5f,2025-07-30 04:00:00+00:00,2025-07-30 04:00:00+00:00,{},False
O-20250730-040000-001-V2-3117,BACKTESTER-001,MLSignalStrategyV2-V2,EUR/USD.IDEALPRO,IDEALPRO-1-3117,IDEALPRO-001,IDEALPRO-1-427005,EUR/USD.IDEALPRO-MLSignalStrategyV2-V2,BUY,LIMIT,100000.00,1.15533,USD,2.31 USD,MAKER,172475b2-7efb-4a7d-91a5-0ae4f2d138d2,2025-07-30 04:04:00+00:00,2025-07-30 04:04:00+00:00,{},False
O-20250730-053000-001-V2-3118,BACKTESTER-001,MLSignalStrategyV2-V2,EUR/USD.IDEALPRO,IDEALPRO-1-3118,IDEALPRO-001,IDEALPRO-1-427179,EUR/USD.IDEALPRO-MLSignalStrategyV2-V2,SELL,MARKET,100000.00,1.15541,USD,2.31 USD,TAKER,184f50e5-46c6-43df-b7d9-f9dffdf329c3,2025-07-30 05:30:00+00:00,2025-07-30 05:30:00+00:00,{},False
O-20250730-053000-001-V2-3120,BACKTESTER-001,MLSignalStrategyV2-V2,EUR/USD.IDEALPRO,IDEALPRO-1-3120,IDEALPRO-001,IDEALPRO-1-427235,EUR/USD.IDEALPRO-MLSignalStrategyV2-V2,BUY,LIMIT,100000.00,1.15486,USD,2.31 USD,MAKER,92eab9f7-d707-4658-9e62-f48ffa66f0ba,2025-07-30 05:58:00+00:00,2025-07-30 05:58:00+00:00,{},False
O-20250730-083000-001-V2-3121,BACKTESTER-001,MLSignalStrategyV2-V2,EUR/USD.IDEALPRO,IDEALPRO-1-3121,IDEALPRO-001,IDEALPRO-1-427540,EUR/USD.IDEALPRO-MLSignalStrategyV2-V2,BUY,MARKET,100000.00,1.15552,USD,2.31 USD,TAKER,6e9eb6d2-36bf-49a4-a2bb-718a968dd63a,2025-07-30 08:30:00+00:00,2025-07-30 08:30:00+00:00,{},False
O-20250730-083000-001-V2-3122,BACKTESTER-001,MLSignalStrategyV2-V2,EUR/USD.IDEALPRO,IDEALPRO-1-3122,IDEALPRO-001,IDEALPRO-1-427703,EUR/USD.IDEALPRO-MLSignalStrategyV2-V2,SELL,STOP_MARKET,100000.00,1.15454,USD,2.31 USD,TAKER,4ccc0e90-36ab-434b-b69e-848d03f06080,2025-07-30 09:51:00+00:00,2025-07-30 09:51:00+00:00,{},False
O-20250730-103000-001-V2-3124,BACKTESTER-001,MLSignalStrategyV2-V2,EUR/USD.IDEALPRO,IDEALPRO-1-3124,IDEALPRO-001,IDEALPRO-1-427782,EUR/USD.IDEALPRO-MLSignalStrategyV2-V2,BUY,MARKET,100000.00,1.15421,USD,2.31 USD,TAKER,101966f8-0f42-4fea-bb28-398265fce334,2025-07-30 10:30:00+00:00,2025-07-30 10:30:00+00:00,{},False
O-20250730-103000-001-V2-3125,BACKTESTER-001,MLSignalStrategyV2-V2,EUR/USD.IDEALPRO,IDEALPRO-1-3125,IDEALPRO-001,IDEALPRO-1-427801,EUR/USD.IDEALPRO-MLSignalStrategyV2-V2,SELL,STOP_MARKET,100000.00,1.15335,USD,2.31 USD,TAKER,e94d770b-08d0-4184-8192-1a2a6491a1a3,2025-07-30 10:39:00+00:00,2025-07-30 10:39:00+00:00,{},False
O-20250730-104500-001-V2-3127,BACKTESTER-001,MLSignalStrategyV2-V2,EUR/USD.IDEALPRO,IDEALPRO-1-3127,IDEALPRO-001,IDEALPRO-1-427814,EUR/USD.IDEALPRO-MLSignalStrategyV2-V2,BUY,MARKET,100000.00,1.15396,USD,2.31 USD,TAKER,131fb2cc-ddb9-4611-90da-9189c79f37a4,2025-07-30 10:45:00+00:00,2025-07-30 10:45:00+00:00,{},False
O-20250730-104500-001-V2-3128,BACKTESTER-001,MLSignalStrategyV2-V2,EUR/USD.IDEALPRO,IDEALPRO-1-3128,IDEALPRO-001,IDEALPRO-1-427863,EUR/USD.IDEALPRO-MLSignalStrategyV2-V2,SELL,STOP_MARKET,100000.00,1.15305,USD,2.31 USD,TAKER,87fe0541-4e43-4900-80dc-cbbba5af64b4,2025-07-30 11:09:00+00:00,2025-07-30 11:09:00+00:00,{},False
O-20250730-144500-001-V2-3130,BACKTESTER-001,MLSignalStrategyV2-V2,EUR/USD.IDEALPRO,IDEALPRO-1-3130,IDEALPRO-001,IDEALPRO-1-428296,EUR/USD.IDEALPRO-MLSignalStrategyV2-V2,BUY,MARKET,100000.00,1.14770,USD,2.30 USD,TAKER,4b887b5a-ca48-4bc8-af16-7aa00b7ed88e,2025-07-30 14:45:00+00:00,2025-07-30 14:45:00+00:00,{},False
O-20250730-144500-001-V2-3132,BACKTESTER-001,MLSignalStrategyV2-V2,EUR/USD.IDEALPRO,IDEALPRO-1-3132,IDEALPRO-001,IDEALPRO-1-428689,EUR/USD.IDEALPRO-MLSignalStrategyV2-V2,SELL,LIMIT,100000.00,1.14913,USD,2.30 USD,MAKER,f62d07e2-50fe-4157-a191-13433a92bb69,2025-07-30 18:01:00+00:00,2025-07-30 18:01:00+00:00,{},False
O-20250730-200000-001-V2-3133,BACKTESTER-001,MLSignalStrategyV2-V2,EUR/USD.IDEALPRO,IDEALPRO-1-3133,IDEALPRO-001,IDEALPRO-1-428928,EUR/USD.IDEALPRO-MLSignalStrategyV2-V2,BUY,MARKET,100000.00,1.14241,USD,2.28 USD,TAKER,8a92bc22-7eed-4308-831b-c80bd5a1917d,2025-07-30 20:00:00+00:00,2025-07-30 20:00:00+00:00,{},False
O-20250730-200000-001-V2-3134,BACKTESTER-001,MLSignalStrategyV2-V2,EUR/USD.IDEALPRO,IDEALPRO-1-3134,IDEALPRO-001,IDEALPRO-1-428977,EUR/USD.IDEALPRO-MLSignalStrategyV2-V2,SELL,STOP_MARKET,100000.00,1.14022,USD,2.28 USD,TAKER,6b0b7f4c-0e1f-4e8d-b64c-1364640e778f,2025-07-30 20:24:00+00:00,2025-07-30 20:24:00+00:00,{},False
O-20250730-203000-001-V2-3136,BACKTESTER-001,MLSignalStrategyV2-V2,EUR/USD.IDEALPRO,IDEALPRO-1-3136,IDEALPRO-001,IDEALPRO-1-428990,EUR/USD.IDEALPRO-MLSignalStrategyV2-V2,BUY,MARKET,100000.00,1.14060,USD,2.28 USD,TAKER,72a628b9-31b8-4d61-8a85-2398c342fb9f,2025-07-30 20:30:00+00:00,2025-07-30 20:30:00+00:00,{},False
O-20250730-203000-001-V2-3138,BACKTESTER-001,MLSignalStrategyV2-V2,EUR/USD.IDEALPRO,IDEALPRO-1-3138,IDEALPRO-001,IDEALPRO-1-429215,EUR/USD.IDEALPRO-MLSignalStrategyV2-V2,SELL,LIMIT,100000.00,1.14215,USD,2.28 USD,MAKER,d067ef45-90b6-4573-a5a3-81124934b2ce,2025-07-30 22:37:00+00:00,2025-07-30 22:37:00+00:00,{},False
O-20250730-230000-001-V2-3139,BACKTESTER-001,MLSignalStrategyV2-V2,EUR/USD.IDEALPRO,IDEALPRO-1-3139,IDEALPRO-001,IDEALPRO-1-429262,EUR/USD.IDEALPRO-MLSignalStrategyV2-V2,BUY,MARKET,100000.00,1.14230,USD,2.28 USD,TAKER,15ee180b-d3ce-4d44-850c-ec8d158dc6d8,2025-07-30 23:00:00+00:00,2025-07-30 23:00:00+00:00,{},False
O-20250730-230000-001-V2-3141,BACKTESTER-001,MLSignalStrategyV2-V2,EUR/USD.IDEALPRO,IDEALPRO-1-3141,IDEALPRO-001,IDEALPRO-1-429385,EUR/USD.IDEALPRO-MLSignalStrategyV2-V2,SELL,LIMIT,100000.00,1.14334,USD,2.29 USD,MAKER,dea694d1-ccb8-47f1-a2fc-662869c3d37c,2025-07-31 00:01:00+00:00,2025-07-31 00:01:00+00:00,{},False
O-20250731-001500-001-V2-3142,BACKTESTER-001,MLSignalStrategyV2-V2,EUR/USD.IDEALPRO,IDEALPRO-1-3142,IDEALPRO-001,IDEALPRO-1-429414,EUR/USD.IDEALPRO-MLSignalStrategyV2-V2,BUY,MARKET,100000.00,1.14347,USD,2.29 USD,TAKER,16abeeb2-a3bd-406a-a7e2-50ec251a699b,2025-07-31 00:15:00+00:00,2025-07-31 00:15:00+00:00,{},False
O-20250731-001500-001-V2-3143,BACKTESTER-001,MLSignalStrategyV2-V2,EUR/USD.IDEALPRO,IDEALPRO-1-3143,IDEALPRO-001,IDEALPRO-1-429521,EUR/USD.IDEALPRO-MLSignalStrategyV2-V2,SELL,STOP_MARKET,100000.00,1.14264,USD,2.29 USD,TAKER,a5bf7b9e-5e62-4e24-88fa-47a57d7fd65c,2025-07-31 01:08:00+00:00,2025-07-31 01:08:00+00:00,{},False
O-20250731-034500-001-V2-3145,BACKTESTER-001,MLSignalStrategyV2-V2,EUR/USD.IDEALPRO,IDEALPRO-1-3145,IDEALPRO-001,IDEALPRO-1-429836,EUR/USD.IDEALPRO-MLSignalStrategyV2-V2,BUY,MARKET,100000.00,1.14206,USD,2.28 USD,TAKER,1d9f479a-9c53-4f91-b98f-2b8963004501,2025-07-31 03:45:00+00:00,2025-07-31 03:45:00+00:00,{},False
O-20250731-034500-001-V2-3147,BACKTESTER-001,MLSignalStrategyV2-V2,EUR/USD.IDEALPRO,IDEALPRO-1-3147,IDEALPRO-001,IDEALPRO-1-429975,EUR/USD.IDEALPRO-MLSignalStrategyV2-V2,SELL,LIMIT,100000.00,1.14305,USD,2.29 USD,MAKER,9605906e-9e6b-46c1-bb48-f7f3425942b2,2025-07-31 04:54:00+00:00,2025-07-31 04:54:00+00:00,{},False
O-20250731-131500-001-V2-3148,BACKTESTER-001,MLSignalStrategyV2-V2,EUR/USD.IDEALPRO,IDEALPRO-1-3148,IDEALPRO-001,IDEALPRO-1-430978,EUR/USD.IDEALPRO-MLSignalStrategyV2-V2,BUY,MARKET,100000.00,1.14170,USD,2.28 USD,TAKER,26a762bd-d9d8-46bb-a2ca-4b9b64df4f1a,2025-07-31 13:15:00+00:00,2025-07-31 13:15:00+00:00,{},False
O-20250731-131500-001-V2-3150,BACKTESTER-001,MLSignalStrategyV2-V2,EUR/USD.IDEALPRO,IDEALPRO-1-3150,IDEALPRO-001,IDEALPRO-1-431131,EUR/USD.IDEALPRO-MLSignalStrategyV2-V2,SELL,LIMIT,100000.00,1.14326,USD,2.29 USD,MAKER,5bc40c0f-a14c-48a5-ae72-caaef5fe58cf,2025-07-31 14:31:00+00:00,2025-07-31 14:31:00+00:00,{},False
O-20250731-184500-001-V2-3151,BACKTESTER-001,MLSignalStrategyV2-V2,EUR/USD.IDEALPRO,IDEALPRO-1-3151,IDEALPRO-001,IDEALPRO-1-431641,EUR/USD.IDEALPRO-MLSignalStrategyV2-V2,BUY,MARKET,100000.00,1.14293,USD,2.29 USD,TAKER,12523ed7-4e1d-46a7-afa8-61997c60f18b,2025-07-31 18:45:00+00:00,2025-07-31 18:45:00+00:00,{},False
O-20250731-184500-001-V2-3152,BACKTESTER-001,MLSignalStrategyV2-V2,EUR/USD.IDEALPRO,IDEALPRO-1-3152,IDEALPRO-001,IDEALPRO-1-431781,EUR/USD.IDEALPRO-MLSignalStrategyV2-V2,SELL,STOP_MARKET,100000.00,1.14183,USD,2.28 USD,TAKER,5c90be98-bc90-4948-88dc-c2c629128c12,2025-07-31 19:55:00+00:00,2025-07-31 19:55:00+00:00,{},False
O-20250731-210000-001-V2-3154,BACKTESTER-001,MLSignalStrategyV2-V2,EUR/USD.IDEALPRO,IDEALPRO-1-3154,IDEALPRO-001,IDEALPRO-1-431912,EUR/USD.IDEALPRO-MLSignalStrategyV2-V2,SELL,MARKET,100000.00,1.14151,USD,2.28 USD,TAKER,72503fb7-26d0-47ab-a5a3-d4c3b1934747,2025-07-31 21:00:00+00:00,2025-07-31 21:00:00+00:00,{},False
O-20250731-210000-001-V2-3155,BACKTESTER-001,MLSignalStrategyV2-V2,EUR/USD.IDEALPRO,IDEALPRO-1-3155,IDEALPRO-001,IDEALPRO-1-432145,EUR/USD.IDEALPRO-MLSignalStrategyV2-V2,BUY,STOP_MARKET,100000.00,1.14241,USD,2.28 USD,TAKER,768309ef-9033-45a8-b118-2453a3ef1aeb,2025-07-31 23:11:00+00:00,2025-07-31 23:11:00+00:00,{},False
O-20250801-020000-001-V2-3157,BACKTESTER-001,MLSignalStrategyV2-V2,EUR/USD.IDEALPRO,IDEALPRO-1-3157,IDEALPRO-001,IDEALPRO-1-432484,EUR/USD.IDEALPRO-MLSignalStrategyV2-V2,BUY,MARKET,100000.00,1.14071,USD,2.28 USD,TAKER,05b4cf7b-3e37-4471-ae6e-b04bfaa0b3fe,2025-08-01 02:00:00+00:00,2025-08-01 02:00:00+00:00,{},False
O-20250801-020000-001-V2-3159,BACKTESTER-001,MLSignalStrategyV2-V2,EUR/USD.IDEALPRO,IDEALPRO-1-3159,IDEALPRO-001,IDEALPRO-1-432611,EUR/USD.IDEALPRO-MLSignalStrategyV2-V2,SELL,LIMIT,100000.00,1.14152,USD,2.28 USD,MAKER,ae42fcce-3b12-4ec5-a352-205644b7b6ba,2025-08-01 03:03:00+00:00,2025-08-01 03:03:00+00:00,{},False
O-20250801-131500-001-V2-3160,BACKTESTER-001,MLSignalStrategyV2-V2,EUR/USD.IDEALPRO,IDEALPRO-1-3160,IDEALPRO-001,IDEALPRO-1-433836,EUR/USD.IDEALPRO-MLSignalStrategyV2-V2,SELL,MARKET,100000.00,1.15647,USD,2.31 USD,TAKER,c6a7e986-3243-4844-9979-335f05aeeba9,2025-08-01 13:15:00+00:00,2025-08-01 13:15:00+00:00,{},False
O-20250801-131500-001-V2-3162,BACKTESTER-001,MLSignalStrategyV2-V2,EUR/USD.IDEALPRO,IDEALPRO-1-3162,IDEALPRO-001,IDEALPRO-1-434105,EUR/USD.IDEALPRO-MLSignalStrategyV2-V2,BUY,LIMIT,100000.00,1.15371,USD,2.31 USD,MAKER,f9dfdfa0-f017-4b1c-8064-fc0516e59160,2025-08-01 15:29:00+00:00,2025-08-01 15:29:00+00:00,{},False
O-20250801-160000-001-V2-3163,BACKTESTER-001,MLSignalStrategyV2-V2,EUR/USD.IDEALPRO,IDEALPRO-1-3163,IDEALPRO-001,IDEALPRO-1-434168,EUR/USD.IDEALPRO-MLSignalStrategyV2-V2,SELL,MARKET,100000.00,1.15544,USD,2.31 USD,TAKER,a2c739b7-f3ec-425f-9d2c-acfc4ab2898e,2025-08-01 16:00:00+00:00,2025-08-01 16:00:00+00:00,{},False
O-20250801-160000-001-V2-3165,BACKTESTER-001,MLSignalStrategyV2-V2,EUR/USD.IDEALPRO,IDEALPRO-1-3165,IDEALPRO-001,IDEALPRO-1-434297,EUR/USD.IDEALPRO-MLSignalStrategyV2-V2,BUY,LIMIT,100000.00,1.15319,USD,2.31 USD,MAKER,b870a95a-2e77-4390-bce3-06b02078fb82,2025-08-01 17:04:00+00:00,2025-08-01 17:04:00+00:00,{},False
O-20250801-200000-001-V2-3166,BACKTESTER-001,MLSignalStrategyV2-V2,EUR/USD.IDEALPRO,IDEALPRO-1-3166,IDEALPRO-001,IDEALPRO-1-434650,EUR/USD.IDEALPRO-MLSignalStrategyV2-V2,SELL,MARKET,100000.00,1.15691,USD,2.31 USD,TAKER,3073ef51-5653-4dcb-a58a-78b6f68cef20,2025-08-01 20:00:00+00:00,2025-08-01 20:00:00+00:00,{},False
O-20250801-200000-001-V2-3167,BACKTESTER-001,MLSignalStrategyV2-V2,EUR/USD.IDEALPRO,IDEALPRO-1-3167,IDEALPRO-001,IDEALPRO-1-434711,EUR/USD.IDEALPRO-MLSignalStrategyV2-V2,BUY,STOP_MARKET,100000.00,1.15900,USD,2.32 USD,TAKER,8199e74f-0d7b-428f-a5f5-b20a9ccc199d,2025-08-01 20:30:00+00:00,2025-08-01 20:30:00+00:00,{},False
O-20250801-203000-001-V2-3169,BACKTESTER-001,MLSignalStrategyV2-V2,EUR/USD.IDEALPRO,IDEALPRO-1-3169,IDEALPRO-001,IDEALPRO-1-434712,EUR/USD.IDEALPRO-MLSignalStrategyV2-V2,SELL,MARKET,100000.00,1.15892,USD,2.32 USD,TAKER,1001a116-f341-4427-b635-07027820d19c,2025-08-01 20:30:00+00:00,2025-08-01 20:30:00+00:00,{},False
O-20250801-203000-001-V2-3171,BACKTESTER-001,MLSignalStrategyV2-V2,EUR/USD.IDEALPRO,IDEALPRO-1-3171,IDEALPRO-001,IDEALPRO-1-435131,EUR/USD.IDEALPRO-MLSignalStrategyV2-V2,BUY,LIMIT,100000.00,1.15732,USD,2.31 USD,MAKER,aa59eede-e505-452c-bfac-1aefaba9bcf5,2025-08-04 00:14:00+00:00,2025-08-04 00:14:00+00:00,{},False
O-20250804-020000-001-V2-3172,BACKTESTER-001,MLSignalStrategyV2-V2,EUR/USD.IDEALPRO,IDEALPRO-1-3172,IDEALPRO-001,IDEALPRO-1-435344,EUR/USD.IDEALPRO-MLSignalStrategyV2-V2,BUY,MARKET,100000.00,1.15712,USD,2.31 USD,TAKER,be45be6e-ddd1-489b-b6d9-7e8d507f5fa8,2025-08-04 02:00:00+00:00,2025-08-04 02:00:00+00:00,{},False
O-20250804-020000-001-V2-3174,BACKTESTER-001,MLSignalStrategyV2-V2,EUR/USD.IDEALPRO,IDEALPRO-1-3174,IDEALPRO-001,IDEALPRO-1-435469,EUR/USD.IDEALPRO-MLSignalStrategyV2-V2,SELL,LIMIT,100000.00,1.15826,USD,2.32 USD,MAKER,62c46e02-d9fa-4292-a66c-cb44a1d04200,2025-08-04 03:02:00+00:00,2025-08-04 03:02:00+00:00,{},False
O-20250804-080000-001-V2-3175,BACKTESTER-001,MLSignalStrategyV2-V2,EUR/USD.IDEALPRO,IDEALPRO-1-3175,IDEALPRO-001,IDEALPRO-1-436067,EUR/USD.IDEALPRO-MLSignalStrategyV2-V2,BUY,MARKET,100000.00,1.15638,USD,2.31 USD,TAKER,64d56127-b4e8-48a5-a28f-e22bce412339,2025-08-04 08:00:00+00:00,2025-08-04 08:00:00+00:00,{},False
O-20250804-080000-001-V2-3176,BACKTESTER-001,MLSignalStrategyV2-V2,EUR/USD.IDEALPRO,IDEALPRO-1-3176,IDEALPRO-001,IDEALPRO-1-436143,EUR/USD.IDEALPRO-MLSignalStrategyV2-V2,SELL,STOP_MARKET,100000.00,1.15497,USD,2.31 USD,TAKER,83f2a227-698a-42d4-9280-e63c1a3b591a,2025-08-04 08:38:00+00:00,2025-08-04 08:38:00+00:00,{},False
O-20250804-110000-001-V2-3178,BACKTESTER-001,MLSignalStrategyV2-V2,EUR/USD.IDEALPRO,IDEALPRO-1-3178,IDEALPRO-001,IDEALPRO-1-436429,EUR/USD.IDEALPRO-MLSignalStrategyV2-V2,SELL,MARKET,100000.00,1.15738,USD,2.31 USD,TAKER,eb2683b8-4d7e-4ed4-b7ca-b34088280d98,2025-08-04 11:00:00+00:00,2025-08-04 11:00:00+00:00,{},False
O-20250804-110000-001-V2-3179,BACKTESTER-001,MLSignalStrategyV2-V2,EUR/USD.IDEALPRO,IDEALPRO-1-3179,IDEALPRO-001,IDEALPRO-1-436467,EUR/USD.IDEALPRO-MLSignalStrategyV2-V2,BUY,STOP_MARKET,100000.00,1.15864,USD,2.32 USD,TAKER,d7d591c5-6859-452e-bdfd-edb1e7eb714a,2025-08-04 11:19:00+00:00,2025-08-04 11:19:00+00:00,{},False
O-20250804-144500-001-V2-3181,BACKTESTER-001,MLSignalStrategyV2-V2,EUR/USD.IDEALPRO,IDEALPRO-1-3181,IDEALPRO-001,IDEALPRO-1-436881,EUR/USD.IDEALPRO-MLSignalStrategyV2-V2,SELL,MARKET,100000.00,1.15745,USD,2.31 USD,TAKER,373a8640-30b9-414f-9994-ed8b15edb4c1,2025-08-04 14:45:00+00:00,2025-08-04 14:45:00+00:00,{},False
O-20250804-144500-001-V2-3183,BACKTESTER-001,MLSignalStrategyV2-V2,EUR/USD.IDEALPRO,IDEALPRO-1-3183,IDEALPRO-001,IDEALPRO-1-436901,EUR/USD.IDEALPRO-MLSignalStrategyV2-V2,BUY,LIMIT,100000.00,1.15591,USD,2.31 USD,MAKER,0aaa9fd2-2167-449b-bd4e-8fcd46d11cc5,2025-08-04 14:55:00+00:00,2025-08-04 14:55:00+00:00,{},False
O-20250804-190000-001-V2-3184,BACKTESTER-001,MLSignalStrategyV2-V2,EUR/USD.IDEALPRO,IDEALPRO-1-3184,IDEALPRO-001,IDEALPRO-1-437393,EUR/USD.IDEALPRO-MLSignalStrategyV2-V2,BUY,MARKET,100000.00,1.15654,USD,2.31 USD,TAKER,19ce799c-f564-48d4-b0b5-b9865351fb0c,2025-08-04 19:00:00+00:00,2025-08-04 19:00:00+00:00,{},False
O-20250804-190000-001-V2-3186,BACKTESTER-001,MLSignalStrategyV2-V2,EUR/USD.IDEALPRO,IDEALPRO-1-3186,IDEALPRO-001,IDEALPRO-1-437545,EUR/USD.IDEALPRO-MLSignalStrategyV2-V2,SELL,LIMIT,100000.00,1.15745,USD,2.31 USD,MAKER,79fbd3f9-30c3-4a2d-ac85-0ad367a5973d,2025-08-04 20:16:00+00:00,2025-08-04 20:16:00+00:00,{},False
O-20250804-204500-001-V2-3187,BACKTESTER-001,MLSignalStrategyV2-V2,EUR/USD.IDEALPRO,IDEALPRO-1-3187,IDEALPRO-001,IDEALPRO-1-437605,EUR/USD.IDEALPRO-MLSignalStrategyV2-V2,BUY,MARKET,100000.00,1.15724,USD,2.31 USD,TAKER,07f9e2e4-1775-4faf-a2d5-346002073729,2025-08-04 20:45:00+00:00,2025-08-04 20:45:00+00:00,{},False
O-20250804-204500-001-V2-3189,BACKTESTER-001,MLSignalStrategyV2-V2,EUR/USD.IDEALPRO,IDEALPRO-1-3189,IDEALPRO-001,IDEALPRO-1-437779,EUR/USD.IDEALPRO-MLSignalStrategyV2-V2,SELL,LIMIT,100000.00,1.15786,USD,2.32 USD,MAKER,5f393d56-e3e8-4938-8a0d-6f99bfcd36d9,2025-08-04 22:27:00+00:00,2025-08-04 22:27:00+00:00,{},False
O-20250804-233000-001-V2-3190,BACKTESTER-001,MLSignalStrategyV2-V2,EUR/USD.IDEALPRO,IDEALPRO-1-3190,IDEALPRO-001,IDEALPRO-1-437906,EUR/USD.IDEALPRO-MLSignalStrategyV2-V2,SELL,MARKET,100000.00,1.15847,USD,2.32 USD,TAKER,ed1a30fe-7028-4df1-bee4-8b21f5ff5f1b,2025-08-04 23:30:00+00:00,2025-08-04 23:30:00+00:00,{},False
O-20250804-233000-001-V2-3192,BACKTESTER-001,MLSignalStrategyV2-V2,EUR/USD.IDEALPRO,IDEALPRO-1-3192,IDEALPRO-001,IDEALPRO-1-438021,EUR/USD.IDEALPRO-MLSignalStrategyV2-V2,BUY,LIMIT,100000.00,1.15789,USD,2.32 USD,MAKER,612457e7-d788-4f79-a034-40cd2d32f3f9,2025-08-05 00:27:00+00:00,2025-08-05 00:27:00+00:00,{},False
O-20250805-004500-001-V2-3193,BACKTESTER-001,MLSignalStrategyV2-V2,EUR/USD.IDEALPRO,IDEALPRO-1-3193,IDEALPRO-001,IDEALPRO-1-438058,EUR/USD.IDEALPRO-MLSignalStrategyV2-V2,SELL,MARKET,100000.00,1.15756,USD,2.32 USD,TAKER,48e48191-3d94-46e6-94db-d089c241272e,2025-08-05 00:45:00+00:00,2025-08-05 00:45:00+00:00,{},False
O-20250805-004500-001-V2-3195,BACKTESTER-001,MLSignalStrategyV2-V2,EUR/USD.IDEALPRO,IDEALPRO-1-3195,IDEALPRO-001,IDEALPRO-1-438095,EUR/USD.IDEALPRO-MLSignalStrategyV2-V2,BUY,LIMIT,100000.00,1.15705,USD,2.31 USD,MAKER,f912d46a-13cc-412f-9e4c-2a365c9112d5,2025-08-05 01:03:00+00:00,2025-08-05 01:03:00+00:00,{},False
O-20250805-013000-001-V2-3196,BACKTESTER-001,MLSignalStrategyV2-V2,EUR/USD.IDEALPRO,IDEALPRO-1-3196,IDEALPRO-001,IDEALPRO-1-438150,EUR/USD.IDEALPRO-MLSignalStrategyV2-V2,BUY,MARKET,100000.00,1.15674,USD,2.31 USD,TAKER,a2abd74d-7269-4014-9fa7-92933289fc54,2025-08-05 01:30:00+00:00,2025-08-05 01:30:00+00:00,{},False
O-20250805-013000-001-V2-3197,BACKTESTER-001,MLSignalStrategyV2-V2,EUR/USD.IDEALPRO,IDEALPRO-1-3197,IDEALPRO-001,IDEALPRO-1-438219,EUR/USD.IDEALPRO-MLSignalStrategyV2-V2,SELL,STOP_MARKET,100000.00,1.15572,USD,2.31 USD,TAKER,e8e621b7-e152-432f-baa0-c2abb900d6c3,2025-08-05 02:04:00+00:00,2025-08-05 02:04:00+00:00,{},False
O-20250805-023000-001-V2-3199,BACKTESTER-001,MLSignalStrategyV2-V2,EUR/USD.IDEALPRO,IDEALPRO-1-3199,IDEALPRO-001,IDEALPRO-1-438272,EUR/USD.IDEALPRO-MLSignalStrategyV2-V2,BUY,MARKET,100000.00,1.15598,USD,2.31 USD,TAKER,28558005-08ba-433a-8870-e81ba27c2099,2025-08-05 02:30:00+00:00,2025-08-05 02:30:00+00:00,{},False
O-20250805-023000-001-V2-3200,BACKTESTER-001,MLSignalStrategyV2-V2,EUR/USD.IDEALPRO,IDEALPRO-1-3200,IDEALPRO-001,IDEALPRO-1-438643,EUR/USD.IDEALPRO-MLSignalStrategyV2-V2,SELL,STOP_MARKET,100000.00,1.15496,USD,2.31 USD,TAKER,74645e40-3894-4001-96e2-e09805dad89d,2025-08-05 05:35:00+00:00,2025-08-05 05:35:00+00:00,{},False
O-20250805-070000-001-V2-3202,BACKTESTER-001,MLSignalStrategyV2-V2,EUR/USD.IDEALPRO,IDEALPRO-1-3202,IDEALPRO-001,IDEALPRO-1-438814,EUR/USD.IDEALPRO-MLSignalStrategyV2-V2,SELL,MARKET,100000.00,1.15508,USD,2.31 USD,TAKER,d7f42d6e-47a8-4bef-b9cc-46928fbd3223,2025-08-05 07:00:00+00:00,2025-08-05 07:00:00+00:00,{},False
O-20250805-070000-001-V2-3203,BACKTESTER-001,MLSignalStrategyV2-V2,EUR/USD.IDEALPRO,IDEALPRO-1-3203,IDEALPRO-001,IDEALPRO-1-438847,EUR/USD.IDEALPRO-MLSignalStrategyV2-V2,BUY,STOP_MARKET,100000.00,1.15595,USD,2.31 USD,TAKER,ebc2044d-5a8c-4996-9aa6-a89afc300db8,2025-08-05 07:16:00+00:00,2025-08-05 07:16:00+00:00,{},False
O-20250805-080000-001-V2-3205,BACKTESTER-001,MLSignalStrategyV2-V2,EUR/USD.IDEALPRO,IDEALPRO-1-3205,IDEALPRO-001,IDEALPRO-1-438936,EUR/USD.IDEALPRO-MLSignalStrategyV2-V2,BUY,MARKET,100000.00,1.15462,USD,2.31 USD,TAKER,9032d50a-d913-45cd-980d-7acf6c44e3a0,2025-08-05 08:00:00+00:00,2025-08-05 08:00:00+00:00,{},False
O-20250805-080000-001-V2-3206,BACKTESTER-001,MLSignalStrategyV2-V2,EUR/USD.IDEALPRO,IDEALPRO-1-3206,IDEALPRO-001,IDEALPRO-1-439023,EUR/USD.IDEALPRO-MLSignalStrategyV2-V2,SELL,STOP_MARKET,100000.00,1.15362,USD,2.31 USD,TAKER,570ac42e-637a-4062-a88c-08e7145e4764,2025-08-05 08:43:00+00:00,2025-08-05 08:43:00+00:00,{},False
O-20250806-020000-001-V2-3208,BACKTESTER-001,MLSignalStrategyV2-V2,EUR/USD.IDEALPRO,IDEALPRO-1-3208,IDEALPRO-001,IDEALPRO-1-441068,EUR/USD.IDEALPRO-MLSignalStrategyV2-V2,SELL,MARKET,100000.00,1.15671,USD,2.31 USD,TAKER,5a77308a-2725-4872-aed0-96b408b464ea,2025-08-06 02:00:00+00:00,2025-08-06 02:00:00+00:00,{},False
O-20250806-020000-001-V2-3209,BACKTESTER-001,MLSignalStrategyV2-V2,EUR/USD.IDEALPRO,IDEALPRO-1-3209,IDEALPRO-001,IDEALPRO-1-441201,EUR/USD.IDEALPRO-MLSignalStrategyV2-V2,BUY,STOP_MARKET,100000.00,1.15727,USD,2.31 USD,TAKER,bd995530-a1ce-45b5-a82b-471305e4cdd2,2025-08-06 03:06:00+00:00,2025-08-06 03:06:00+00:00,{},False
O-20250806-031500-001-V2-3211,BACKTESTER-001,MLSignalStrategyV2-V2,EUR/USD.IDEALPRO,IDEALPRO-1-3211,IDEALPRO-001,IDEALPRO-1-441220,EUR/USD.IDEALPRO-MLSignalStrategyV2-V2,SELL,MARKET,100000.00,1.15739,USD,2.31 USD,TAKER,5eca7ea5-eca4-4223-b867-e321b4ea7d40,2025-08-06 03:15:00+00:00,2025-08-06 03:15:00+00:00,{},False
O-20250806-031500-001-V2-3212,BACKTESTER-001,MLSignalStrategyV2-V2,EUR/USD.IDEALPRO,IDEALPRO-1-3212,IDEALPRO-001,IDEALPRO-1-441251,EUR/USD.IDEALPRO-MLSignalStrategyV2-V2,BUY,STOP_MARKET,100000.00,1.15790,USD,2.32 USD,TAKER,fde6d108-2ca8-40d2-a3e0-651424fe5306,2025-08-06 03:30:00+00:00,2025-08-06 03:30:00+00:00,{},False
O-20250806-104500-001-V2-3214,BACKTESTER-001,MLSignalStrategyV2-V2,EUR/USD.IDEALPRO,IDEALPRO-1-3214,IDEALPRO-001,IDEALPRO-1-442123,EUR/USD.IDEALPRO-MLSignalStrategyV2-V2,BUY,MARKET,100000.00,1.16020,USD,2.32 USD,TAKER,577140bf-75a7-4d13-9c79-d458be1b64cb,2025-08-06 10:45:00+00:00,2025-08-06 10:45:00+00:00,{},False
O-20250806-104500-001-V2-3216,BACKTESTER-001,MLSignalStrategyV2-V2,EUR/USD.IDEALPRO,IDEALPRO-1-3216,IDEALPRO-001,IDEALPRO-1-442201,EUR/USD.IDEALPRO-MLSignalStrategyV2-V2,SELL,LIMIT,100000.00,1.16124,USD,2.32 USD,MAKER,6ee5acc3-eaa7-40e7-a408-3a70a2dd7a11,2025-08-06 11:24:00+00:00,2025-08-06 11:24:00+00:00,{},False
O-20250806-214500-001-V2-3217,BACKTESTER-001,MLSignalStrategyV2-V2,EUR/USD.IDEALPRO,IDEALPRO-1-3217,IDEALPRO-001,IDEALPRO-1-443473,EUR/USD.IDEALPRO-MLSignalStrategyV2-V2,SELL,MARKET,100000.00,1.16552,USD,2.33 USD,TAKER,96b4143c-bab8-4e07-a007-145eca40f909,2025-08-06 21:45:00+00:00,2025-08-06 21:45:00+00:00,{},False
O-20250806-214500-001-V2-3218,BACKTESTER-001,MLSignalStrategyV2-V2,EUR/USD.IDEALPRO,IDEALPRO-1-3218,IDEALPRO-001,IDEALPRO-1-443537,EUR/USD.IDEALPRO-MLSignalStrategyV2-V2,BUY,STOP_MARKET,100000.00,1.16624,USD,2.33 USD,TAKER,ce5d46fb-659c-4de6-905b-48d7874fc962,2025-08-06 22:01:00+00:00,2025-08-06 22:01:00+00:00,{},False
O-20250806-221500-001-V2-3220,BACKTESTER-001,MLSignalStrategyV2-V2,EUR/USD.IDEALPRO,IDEALPRO-1-3220,IDEALPRO-001,IDEALPRO-1-443595,EUR/USD.IDEALPRO-MLSignalStrategyV2-V2,BUY,MARKET,100000.00,1.16648,USD,2.33 USD,TAKER,a697249b-f2d2-4e3b-9104-343fe6e2852d,2025-08-06 22:15:00+00:00,2025-08-06 22:15:00+00:00,{},False
O-20250806-221500-001-V2-3221,BACKTESTER-001,MLSignalStrategyV2-V2,EUR/USD.IDEALPRO,IDEALPRO-1-3221,IDEALPRO-001,IDEALPRO-1-444027,EUR/USD.IDEALPRO-MLSignalStrategyV2-V2,SELL,STOP_MARKET,100000.00,1.16582,USD,2.33 USD,TAKER,7817ce96-ff76-470c-949d-0c9409d2a067,2025-08-07 00:03:00+00:00,2025-08-07 00:03:00+00:00,{},False
O-20251010-153000-001-V2-3223,BACKTESTER-001,MLSignalStrategyV2-V2,EUR/USD.IDEALPRO,IDEALPRO-1-3223,IDEALPRO-001,IDEALPRO-1-748458,EUR/USD.IDEALPRO-MLSignalStrategyV2-V2,SELL,MARKET,100000.00,1.16273,USD,2.33 USD,TAKER,ca76c47d-ab78-4de9-9df5-56b2d909b9ff,2025-10-10 15:30:00+00:00,2025-10-10 15:30:00+00:00,{},False
O-20251010-153000-001-V2-3225,BACKTESTER-001,MLSignalStrategyV2-V2,EUR/USD.IDEALPRO,IDEALPRO-1-3225,IDEALPRO-001,IDEALPRO-1-748495,EUR/USD.IDEALPRO-MLSignalStrategyV2-V2,BUY,LIMIT,100000.00,1.16123,USD,2.32 USD,MAKER,355dbf7d-4fa7-410f-81e2-daa405d4ed32,2025-10-10 15:48:00+00:00,2025-10-10 15:48:00+00:00,{},False
O-20251010-161500-001-V2-3226,BACKTESTER-001,MLSignalStrategyV2-V2,EUR/USD.IDEALPRO,IDEALPRO-1-3226,IDEALPRO-001,IDEALPRO-1-748550,EUR/USD.IDEALPRO-MLSignalStrategyV2-V2,SELL,MARKET,100000.00,1.16211,USD,2.32 USD,TAKER,ac836b5c-963f-4998-9446-31715a608f01,2025-10-10 16:15:00+00:00,2025-10-10 16:15:00+00:00,{},False
O-20251010-161500-001-V2-3228,BACKTESTER-001,MLSignalStrategyV2-V2,EUR/USD.IDEALPRO,IDEALPRO-1-3228,IDEALPRO-001,IDEALPRO-1-748607,EUR/USD.IDEALPRO-MLSignalStrategyV2-V2,BUY,LIMIT,100000.00,1.16066,USD,2.32 USD,MAKER,09bfa2ed-cbd2-499a-999a-6dbe7d526fe5,2025-10-10 16:43:00+00:00,2025-10-10 16:43:00+00:00,{},False
O-20251010-164500-001-V2-3229,BACKTESTER-001,MLSignalStrategyV2-V2,EUR/USD.IDEALPRO,IDEALPRO-1-3229,IDEALPRO-001,IDEALPRO-1-748613,EUR/USD.IDEALPRO-MLSignalStrategyV2-V2,SELL,MARKET,100000.00,1.16091,USD,2.32 USD,TAKER,d464e09a-9b76-4988-8bcb-b79a7d0ea949,2025-10-10 16:45:00+00:00,2025-10-10 16:45:00+00:00,{},False
O-20251010-164500-001-V2-3230,BACKTESTER-001,MLSignalStrategyV2-V2,EUR/USD.IDEALPRO,IDEALPRO-1-3230,IDEALPRO-001,IDEALPRO-1-749113,EUR/USD.IDEALPRO-MLSignalStrategyV2-V2,BUY,STOP_MARKET,100000.00,1.16254,USD,2.33 USD,TAKER,b6b0ddb4-bb5a-440c-a307-a4810e4c7130,2025-10-10 20:55:00+00:00,2025-10-10 20:55:00+00:00,{},False
O-20251012-213000-001-V2-3232,BACKTESTER-001,MLSignalStrategyV2-V2,EUR/USD.IDEALPRO,IDEALPRO-1-3232,IDEALPRO-001,IDEALPRO-1-749154,EUR/USD.IDEALPRO-MLSignalStrategyV2-V2,BUY,MARKET,100000.00,1.16105,USD,2.32 USD,TAKER,2c03e02b-90b3-4013-be00-eb3b041c9269,2025-10-12 21:30:00+00:00,2025-10-12 21:30:00+00:00,{},False
O-20251012-213000-001-V2-3233,BACKTESTER-001,MLSignalStrategyV2-V2,EUR/USD.IDEALPRO,IDEALPRO-1-3233,IDEALPRO-001,IDEALPRO-1-749235,EUR/USD.IDEALPRO-MLSignalStrategyV2-V2,SELL,STOP_MARKET,100000.00,1.15953,USD,2.32 USD,TAKER,9c560afa-ace2-4768-a6ec-215e3d0eb78e,2025-10-12 22:10:00+00:00,2025-10-12 22:10:00+00:00,{},False
O-20251012-223000-001-V2-3235,BACKTESTER-001,MLSignalStrategyV2-V2,EUR/USD.IDEALPRO,IDEALPRO-1-3235,IDEALPRO-001,IDEALPRO-1-749277,EUR/USD.IDEALPRO-MLSignalStrategyV2-V2,BUY,MARKET,100000.00,1.15958,USD,2.32 USD,TAKER,750a19cb-5abe-45ed-9638-1831dc110bc9,2025-10-12 22:30:00+00:00,2025-10-12 22:30:00+00:00,{},False
O-20251012-223000-001-V2-3237,BACKTESTER-001,MLSignalStrategyV2-V2,EUR/USD.IDEALPRO,IDEALPRO-1-3237,IDEALPRO-001,IDEALPRO-1-749345,EUR/USD.IDEALPRO-MLSignalStrategyV2-V2,SELL,LIMIT,100000.00,1.16084,USD,2.32 USD,MAKER,69436e12-8e6f-46a1-a795-4fae965ab2c4,2025-10-12 23:04:00+00:00,2025-10-12 23:04:00+00:00,{},False
O-20251012-231500-001-V2-3238,BACKTESTER-001,MLSignalStrategyV2-V2,EUR/USD.IDEALPRO,IDEALPRO-1-3238,IDEALPRO-001,IDEALPRO-1-749367,EUR/USD.IDEALPRO-MLSignalStrategyV2-V2,BUY,MARKET,100000.00,1.16045,USD,2.32 USD,TAKER,45994475-cb0e-404d-b02d-75bbcc8d2586,2025-10-12 23:15:00+00:00,2025-10-12 23:15:00+00:00,{},False
O-20251012-231500-001-V2-3240,BACKTESTER-001,MLSignalStrategyV2-V2,EUR/USD.IDEALPRO,IDEALPRO-1-3240,IDEALPRO-001,IDEALPRO-1-749555,EUR/USD.IDEALPRO-MLSignalStrategyV2-V2,SELL,LIMIT,100000.00,1.16123,USD,2.32 USD,MAKER,00403bbb-2a72-4fbd-b288-9a93dd765dd8,2025-10-13 00:48:00+00:00,2025-10-13 00:48:00+00:00,{},False
O-20251013-080000-001-V2-3241,BACKTESTER-001,MLSignalStrategyV2-V2,EUR/USD.IDEALPRO,IDEALPRO-1-3241,IDEALPRO-001,IDEALPRO-1-750420,EUR/USD.IDEALPRO-MLSignalStrategyV2-V2,SELL,MARKET,100000.00,1.15998,USD,2.32 USD,TAKER,3707ec0d-1dc7-42ed-8ac2-ec979569d15b,2025-10-13 08:00:00+00:00,2025-10-13 08:00:00+00:00,{},False
O-20251013-080000-001-V2-3243,BACKTESTER-001,MLSignalStrategyV2-V2,EUR/USD.IDEALPRO,IDEALPRO-1-3243,IDEALPRO-001,IDEALPRO-1-750477,EUR/USD.IDEALPRO-MLSignalStrategyV2-V2,BUY,LIMIT,100000.00,1.15902,USD,2.32 USD,MAKER,901fa8c5-6419-4b1e-b741-b30aba3a6db1,2025-10-13 08:28:00+00:00,2025-10-13 08:28:00+00:00,{},False
O-20251013-123000-001-V2-3244,BACKTESTER-001,MLSignalStrategyV2-V2,EUR/USD.IDEALPRO,IDEALPRO-1-3244,IDEALPRO-001,IDEALPRO-1-750962,EUR/USD.IDEALPRO-MLSignalStrategyV2-V2,BUY,MARKET,100000.00,1.15662,USD,2.31 USD,TAKER,2d954de6-f611-4b50-ae1a-24fe6f45c754,2025-10-13 12:30:00+00:00,2025-10-13 12:30:00+00:00,{},False
O-20251013-123000-001-V2-3246,BACKTESTER-001,MLSignalStrategyV2-V2,EUR/USD.IDEALPRO,IDEALPRO-1-3246,IDEALPRO-001,IDEALPRO-1-751127,EUR/USD.IDEALPRO-MLSignalStrategyV2-V2,SELL,LIMIT,100000.00,1.15775,USD,2.32 USD,MAKER,854c40dc-5cc4-4b9e-bddf-40a1a44b643a,2025-10-13 13:52:00+00:00,2025-10-13 13:52:00+00:00,{},False
O-20251013-140000-001-V2-3247,BACKTESTER-001,MLSignalStrategyV2-V2,EUR/USD.IDEALPRO,IDEALPRO-1-3247,IDEALPRO-001,IDEALPRO-1-751144,EUR/USD.IDEALPRO-MLSignalStrategyV2-V2,SELL,MARKET,100000.00,1.15752,USD,2.32 USD,TAKER,21b4a77d-2ca8-44f8-9cca-d9959986af21,2025-10-13 14:00:00+00:00,2025-10-13 14:00:00+00:00,{},False
O-20251013-140000-001-V2-3249,BACKTESTER-001,MLSignalStrategyV2-V2,EUR/USD.IDEALPRO,IDEALPRO-1-3249,IDEALPRO-001,IDEALPRO-1-751171,EUR/USD.IDEALPRO-MLSignalStrategyV2-V2,BUY,LIMIT,100000.00,1.15661,USD,2.31 USD,MAKER,2967330b-be9b-4a90-9787-8ca86ebb63bd,2025-10-13 14:13:00+00:00,2025-10-13 14:13:00+00:00,{},False
O-20251013-144500-001-V2-3250,BACKTESTER-001,MLSignalStrategyV2-V2,EUR/USD.IDEALPRO,IDEALPRO-1-3250,IDEALPRO-001,IDEALPRO-1-751235,EUR/USD.IDEALPRO-MLSignalStrategyV2-V2,SELL,MARKET,100000.00,1.15640,USD,2.31 USD,TAKER,7343d316-6f00-40f8-aff4-2f35fd6e2ae6,2025-10-13 14:45:00+00:00,2025-10-13 14:45:00+00:00,{},False
O-20251013-144500-001-V2-3251,BACKTESTER-001,MLSignalStrategyV2-V2,EUR/USD.IDEALPRO,IDEALPRO-1-3251,IDEALPRO-001,IDEALPRO-1-751379,EUR/USD.IDEALPRO-MLSignalStrategyV2-V2,BUY,STOP_MARKET,100000.00,1.15749,USD,2.31 USD,TAKER,6b093e83-d058-4a58-afd1-832edd734e4f,2025-10-13 15:56:00+00:00,2025-10-13 15:56:00+00:00,{},False
O-20251013-190000-001-V2-3253,BACKTESTER-001,MLSignalStrategyV2-V2,EUR/USD.IDEALPRO,IDEALPRO-1-3253,IDEALPRO-001,IDEALPRO-1-751748,EUR/USD.IDEALPRO-MLSignalStrategyV2-V2,BUY,MARKET,100000.00,1.15686,USD,2.31 USD,TAKER,f7d1a450-ca7e-4f27-8652-b257a574cd18,2025-10-13 19:00:00+00:00,2025-10-13 19:00:00+00:00,{},False
O-20251013-190000-001-V2-3255,BACKTESTER-001,MLSignalStrategyV2-V2,EUR/USD.IDEALPRO,IDEALPRO-1-3255,IDEALPRO-001,IDEALPRO-1-751793,EUR/USD.IDEALPRO-MLSignalStrategyV2-V2,SELL,LIMIT,100000.00,1.15736,USD,2.31 USD,MAKER,efc89e0d-3572-4c61-ab06-12585446c272,2025-10-13 19:22:00+00:00,2025-10-13 19:22:00+00:00,{},False
O-20251013-193000-001-V2-3256,BACKTESTER-001,MLSignalStrategyV2-V2,EUR/USD.IDEALPRO,IDEALPRO-1-3256,IDEALPRO-001,IDEALPRO-1-751810,EUR/USD.IDEALPRO-MLSignalStrategyV2-V2,BUY,MARKET,100000.00,1.15720,USD,2.31 USD,TAKER,9ed0aac9-bd06-4866-987e-ffcddc9fc22a,2025-10-13 19:30:00+00:00,2025-10-13 19:30:00+00:00,{},False
O-20251013-193000-001-V2-3257,BACKTESTER-001,MLSignalStrategyV2-V2,EUR/USD.IDEALPRO,IDEALPRO-1-3257,IDEALPRO-001,IDEALPRO-1-751873,EUR/USD.IDEALPRO-MLSignalStrategyV2-V2,SELL,STOP_MARKET,100000.00,1.15657,USD,2.31 USD,TAKER,d813ee52-bd74-448c-92f7-970ad4c2ab46,2025-10-13 20:01:00+00:00,2025-10-13 20:01:00+00:00,{},False
O-20251013-201500-001-V2-3259,BACKTESTER-001,MLSignalStrategyV2-V2,EUR/USD.IDEALPRO,IDEALPRO-1-3259,IDEALPRO-001,IDEALPRO-1-751901,EUR/USD.IDEALPRO-MLSignalStrategyV2-V2,BUY,MARKET,100000.00,1.15685,USD,2.31 USD,TAKER,e15636cf-6782-4aa7-a6e7-cbf7c394485a,2025-10-13 20:15:00+00:00,2025-10-13 20:15:00+00:00,{},False
O-20251013-201500-001-V2-3261,BACKTESTER-001,MLSignalStrategyV2-V2,EUR/USD.IDEALPRO,IDEALPRO-1-3261,IDEALPRO-001,IDEALPRO-1-752023,EUR/USD.IDEALPRO-MLSignalStrategyV2-V2,SELL,LIMIT,100000.00,1.15737,USD,2.31 USD,MAKER,ba47ad29-0fe5-4d3a-9214-005e68bf3b70,2025-10-13 21:30:00+00:00,2025-10-13 21:30:00+00:00,{},False
O-20251013-220000-001-V2-3262,BACKTESTER-001,MLSignalStrategyV2-V2,EUR/USD.IDEALPRO,IDEALPRO-1-3262,IDEALPRO-001,IDEALPRO-1-752084,EUR/USD.IDEALPRO-MLSignalStrategyV2-V2,BUY,MARKET,100000.00,1.15720,USD,2.31 USD,TAKER,eeef55c9-d3da-43c4-9a35-228407773199,2025-10-13 22:00:00+00:00,2025-10-13 22:00:00+00:00,{},False
O-20251013-220000-001-V2-3263,BACKTESTER-001,MLSignalStrategyV2-V2,EUR/USD.IDEALPRO,IDEALPRO-1-3263,IDEALPRO-001,IDEALPRO-1-752209,EUR/USD.IDEALPRO-MLSignalStrategyV2-V2,SELL,STOP_MARKET,100000.00,1.15673,USD,2.31 USD,TAKER,c94cc975-dbac-4c22-a8ba-494c7958fd41,2025-10-13 23:02:00+00:00,2025-10-13 23:02:00+00:00,{},False
O-20251014-001500-001-V2-3265,BACKTESTER-001,MLSignalStrategyV2-V2,EUR/USD.IDEALPRO,IDEALPRO-1-3265,IDEALPRO-001,IDEALPRO-1-752356,EUR/USD.IDEALPRO-MLSignalStrategyV2-V2,BUY,MARKET,100000.00,1.15591,USD,2.31 USD,TAKER,7363a59c-1f92-40f9-8278-77d14774bcf1,2025-10-14 00:15:00+00:00,2025-10-14 00:15:00+00:00,{},False
O-20251014-001500-001-V2-3267,BACKTESTER-001,MLSignalStrategyV2-V2,EUR/USD.IDEALPRO,IDEALPRO-1-3267,IDEALPRO-001,IDEALPRO-1-752449,EUR/USD.IDEALPRO-MLSignalStrategyV2-V2,SELL,LIMIT,100000.00,1.15634,USD,2.31 USD,MAKER,a9eaa6f0-ae78-4040-aa33-163258d7a695,2025-10-14 01:01:00+00:00,2025-10-14 01:01:00+00:00,{},False
O-20251014-011500-001-V2-3268,BACKTESTER-001,MLSignalStrategyV2-V2,EUR/USD.IDEALPRO,IDEALPRO-1-3268,IDEALPRO-001,IDEALPRO-1-752478,EUR/USD.IDEALPRO-MLSignalStrategyV2-V2,SELL,MARKET,100000.00,1.15680,USD,2.31 USD,TAKER,367c54f6-9d43-4c45-8b58-3a979143ba5b,2025-10-14 01:15:00+00:00,2025-10-14 01:15:00+00:00,{},False
O-20251014-011500-001-V2-3269,BACKTESTER-001,MLSignalStrategyV2-V2,EUR/USD.IDEALPRO,IDEALPRO-1-3269,IDEALPRO-001,IDEALPRO-1-752677,EUR/USD.IDEALPRO-MLSignalStrategyV2-V2,BUY,STOP_MARKET,100000.00,1.15744,USD,2.31 USD,TAKER,3113496f-7b21-40db-b7a2-b234d90c1c53,2025-10-14 02:54:00+00:00,2025-10-14 02:54:00+00:00,{},False
O-20251014-074500-001-V2-3271,BACKTESTER-001,MLSignalStrategyV2-V2,EUR/USD.IDEALPRO,IDEALPRO-1-3271,IDEALPRO-001,IDEALPRO-1-753260,EUR/USD.IDEALPRO-MLSignalStrategyV2-V2,BUY,MARKET,100000.00,1.15442,USD,2.31 USD,TAKER,e26504c8-e1c0-43ff-b458-d9d4952404d8,2025-10-14 07:45:00+00:00,2025-10-14 07:45:00+00:00,{},False
O-20251014-074500-001-V2-3273,BACKTESTER-001,MLSignalStrategyV2-V2,EUR/USD.IDEALPRO,IDEALPRO-1-3273,IDEALPRO-001,IDEALPRO-1-753279,EUR/USD.IDEALPRO-MLSignalStrategyV2-V2,SELL,LIMIT,100000.00,1.15537,USD,2.31 USD,MAKER,35c0531f-49b1-4adf-81a3-ebd02499eb96,2025-10-14 07:54:00+00:00,2025-10-14 07:54:00+00:00,{},False
O-20251014-121500-001-V2-3274,BACKTESTER-001,MLSignalStrategyV2-V2,EUR/USD.IDEALPRO,IDEALPRO-1-3274,IDEALPRO-001,IDEALPRO-1-753802,EUR/USD.IDEALPRO-MLSignalStrategyV2-V2,SELL,MARKET,100000.00,1.15592,USD,2.31 USD,TAKER,cc75bf59-825e-49bc-b0cc-1277815d55b6,2025-10-14 12:15:00+00:00,2025-10-14 12:15:00+00:00,{},False
O-20251014-121500-001-V2-3276,BACKTESTER-001,MLSignalStrategyV2-V2,EUR/USD.IDEALPRO,IDEALPRO-1-3276,IDEALPRO-001,IDEALPRO-1-753855,EUR/USD.IDEALPRO-MLSignalStrategyV2-V2,BUY,LIMIT,100000.00,1.15505,USD,2.31 USD,MAKER,8aa0f001-ea7d-481d-8da6-4607d4acc51e,2025-10-14 12:41:00+00:00,2025-10-14 12:41:00+00:00,{},False
O-20251014-143000-001-V2-3277,BACKTESTER-001,MLSignalStrategyV2-V2,EUR/USD.IDEALPRO,IDEALPRO-1-3277,IDEALPRO-001,IDEALPRO-1-754074,EUR/USD.IDEALPRO-MLSignalStrategyV2-V2,BUY,MARKET,100000.00,1.15806,USD,2.32 USD,TAKER,5b210c38-1593-4ad4-84e9-8ef2ebe7ca3b,2025-10-14 14:30:00+00:00,2025-10-14 14:30:00+00:00,{},False
O-20251014-143000-001-V2-3279,BACKTESTER-001,MLSignalStrategyV2-V2,EUR/USD.IDEALPRO,IDEALPRO-1-3279,IDEALPRO-001,IDEALPRO-1-754091,EUR/USD.IDEALPRO-MLSignalStrategyV2-V2,SELL,LIMIT,100000.00,1.15907,USD,2.32 USD,MAKER,0bc14f0f-a6e0-4045-9132-f77634a2d9f9,2025-10-14 14:38:00+00:00,2025-10-14 14:38:00+00:00,{},False
O-20251014-144500-001-V2-3280,BACKTESTER-001,MLSignalStrategyV2-V2,EUR/USD.IDEALPRO,IDEALPRO-1-3280,IDEALPRO-001,IDEALPRO-1-754106,EUR/USD.IDEALPRO-MLSignalStrategyV2-V2,BUY,MARKET,100000.00,1.15891,USD,2.32 USD,TAKER,b21c3e5e-8fb8-447d-9c6b-83687b7326f8,2025-10-14 14:45:00+00:00,2025-10-14 14:45:00+00:00,{},False
O-20251014-144500-001-V2-3282,BACKTESTER-001,MLSignalStrategyV2-V2,EUR/USD.IDEALPRO,IDEALPRO-1-3282,IDEALPRO-001,IDEALPRO-1-754241,EUR/USD.IDEALPRO-MLSignalStrategyV2-V2,SELL,LIMIT,100000.00,1.16014,USD,2.32 USD,MAKER,182dd63f-8197-40eb-8159-6ab898e81642,2025-10-14 15:52:00+00:00,2025-10-14 15:52:00+00:00,{},False
O-20251014-163000-001-V2-3283,BACKTESTER-001,MLSignalStrategyV2-V2,EUR/USD.IDEALPRO,IDEALPRO-1-3283,IDEALPRO-001,IDEALPRO-1-754318,EUR/USD.IDEALPRO-MLSignalStrategyV2-V2,SELL,MARKET,100000.00,1.16085,USD,2.32 USD,TAKER,c5468e59-d81b-4d39-91d9-5925956e4646,2025-10-14 16:30:00+00:00,2025-10-14 16:30:00+00:00,{},False
O-20251014-163000-001-V2-3284,BACKTESTER-001,MLSignalStrategyV2-V2,EUR/USD.IDEALPRO,IDEALPRO-1-3284,IDEALPRO-001,IDEALPRO-1-755353,EUR/USD.IDEALPRO-MLSignalStrategyV2-V2,BUY,STOP_MARKET,100000.00,1.16228,USD,2.32 USD,TAKER,c6087bd6-c8fa-4a00-883a-ea33bc4320fc,2025-10-15 01:22:00+00:00,2025-10-15 01:22:00+00:00,{},False
O-20251015-020000-001-V2-3286,BACKTESTER-001,MLSignalStrategyV2-V2,EUR/USD.IDEALPRO,IDEALPRO-1-3286,IDEALPRO-001,IDEALPRO-1-755430,EUR/USD.IDEALPRO-MLSignalStrategyV2-V2,SELL,MARKET,100000.00,1.16192,USD,2.32 USD,TAKER,7bd30c8f-a5be-4499-a13b-b09d016e54a1,2025-10-15 02:00:00+00:00,2025-10-15 02:00:00+00:00,{},False
O-20251015-020000-001-V2-3287,BACKTESTER-001,MLSignalStrategyV2-V2,EUR/USD.IDEALPRO,IDEALPRO-1-3287,IDEALPRO-001,IDEALPRO-1-755539,EUR/USD.IDEALPRO-MLSignalStrategyV2-V2,BUY,STOP_MARKET,100000.00,1.16258,USD,2.33 USD,TAKER,be42a23f-1a5e-4a93-911f-47bbcd293287,2025-10-15 02:54:00+00:00,2025-10-15 02:54:00+00:00,{},False
O-20251015-033000-001-V2-3289,BACKTESTER-001,MLSignalStrategyV2-V2,EUR/USD.IDEALPRO,IDEALPRO-1-3289,IDEALPRO-001,IDEALPRO-1-755612,EUR/USD.IDEALPRO-MLSignalStrategyV2-V2,SELL,MARKET,100000.00,1.16206,USD,2.32 USD,TAKER,4bb0badd-8e53-43a8-900e-340623106bd6,2025-10-15 03:30:00+00:00,2025-10-15 03:30:00+00:00,{},False
O-20251015-033000-001-V2-3290,BACKTESTER-001,MLSignalStrategyV2-V2,EUR/USD.IDEALPRO,IDEALPRO-1-3290,IDEALPRO-001,IDEALPRO-1-755865,EUR/USD.IDEALPRO-MLSignalStrategyV2-V2,BUY,STOP_MARKET,100000.00,1.16268,USD,2.33 USD,TAKER,e58c7a05-994a-4225-ae22-fba568364865,2025-10-15 05:36:00+00:00,2025-10-15 05:36:00+00:00,{},False
O-20251015-080000-001-V2-3292,BACKTESTER-001,MLSignalStrategyV2-V2,EUR/USD.IDEALPRO,IDEALPRO-1-3292,IDEALPRO-001,IDEALPRO-1-756155,EUR/USD.IDEALPRO-MLSignalStrategyV2-V2,BUY,MARKET,100000.00,1.16357,USD,2.33 USD,TAKER,f799f488-86f1-427a-8b26-a75bf400606c,2025-10-15 08:00:00+00:00,2025-10-15 08:00:00+00:00,{},False
O-20251015-080000-001-V2-3294,BACKTESTER-001,MLSignalStrategyV2-V2,EUR/USD.IDEALPRO,IDEALPRO-1-3294,IDEALPRO-001,IDEALPRO-1-756257,EUR/USD.IDEALPRO-MLSignalStrategyV2-V2,SELL,LIMIT,100000.00,1.16455,USD,2.33 USD,MAKER,f96b7900-3765-4087-9605-f9bcca88a665,2025-10-15 08:51:00+00:00,2025-10-15 08:51:00+00:00,{},False
O-20251015-161500-001-V2-3295,BACKTESTER-001,MLSignalStrategyV2-V2,EUR/USD.IDEALPRO,IDEALPRO-1-3295,IDEALPRO-001,IDEALPRO-1-757146,EUR/USD.IDEALPRO-MLSignalStrategyV2-V2,BUY,MARKET,100000.00,1.16311,USD,2.33 USD,TAKER,8ef07c26-8b81-42c5-9e71-9294c3d10882,2025-10-15 16:15:00+00:00,2025-10-15 16:15:00+00:00,{},False
O-20251015-161500-001-V2-3297,BACKTESTER-001,MLSignalStrategyV2-V2,EUR/USD.IDEALPRO,IDEALPRO-1-3297,IDEALPRO-001,IDEALPRO-1-757232,EUR/USD.IDEALPRO-MLSignalStrategyV2-V2,SELL,LIMIT,100000.00,1.16405,USD,2.33 USD,MAKER,03d45496-3f63-47a4-8bc4-e71f812a5d1f,2025-10-15 16:57:00+00:00,2025-10-15 16:57:00+00:00,{},False
O-20251016-033000-001-V2-3298,BACKTESTER-001,MLSignalStrategyV2-V2,EUR/USD.IDEALPRO,IDEALPRO-1-3298,IDEALPRO-001,IDEALPRO-1-758469,EUR/USD.IDEALPRO-MLSignalStrategyV2-V2,SELL,MARKET,100000.00,1.16634,USD,2.33 USD,TAKER,8e872867-696d-452a-a730-f18868c2b56d,2025-10-16 03:30:00+00:00,2025-10-16 03:30:00+00:00,{},False
O-20251016-033000-001-V2-3300,BACKTESTER-001,MLSignalStrategyV2-V2,EUR/USD.IDEALPRO,IDEALPRO-1-3300,IDEALPRO-001,IDEALPRO-1-758585,EUR/USD.IDEALPRO-MLSignalStrategyV2-V2,BUY,LIMIT,100000.00,1.16582,USD,2.33 USD,MAKER,94efaa4d-7f19-4c61-a6a0-5739238a1bf3,2025-10-16 04:28:00+00:00,2025-10-16 04:28:00+00:00,{},False
O-20251016-121500-001-V2-3301,BACKTESTER-001,MLSignalStrategyV2-V2,EUR/USD.IDEALPRO,IDEALPRO-1-3301,IDEALPRO-001,IDEALPRO-1-759521,EUR/USD.IDEALPRO-MLSignalStrategyV2-V2,SELL,MARKET,100000.00,1.16516,USD,2.33 USD,TAKER,973ae244-5a32-4974-bad1-2d13874ca666,2025-10-16 12:15:00+00:00,2025-10-16 12:15:00+00:00,{},False
O-20251016-121500-001-V2-3302,BACKTESTER-001,MLSignalStrategyV2-V2,EUR/USD.IDEALPRO,IDEALPRO-1-3302,IDEALPRO-001,IDEALPRO-1-759599,EUR/USD.IDEALPRO-MLSignalStrategyV2-V2,BUY,STOP_MARKET,100000.00,1.16598,USD,2.33 USD,TAKER,b908e064-a768-4c68-ba3e-abffd68c0176,2025-10-16 12:54:00+00:00,2025-10-16 12:54:00+00:00,{},False
O-20251016-143000-001-V2-3304,BACKTESTER-001,MLSignalStrategyV2-V2,EUR/USD.IDEALPRO,IDEALPRO-1-3304,IDEALPRO-001,IDEALPRO-1-759792,EUR/USD.IDEALPRO-MLSignalStrategyV2-V2,BUY,MARKET,100000.00,1.16709,USD,2.33 USD,TAKER,81beb086-ea4e-425e-96c5-0475368d1df7,2025-10-16 14:30:00+00:00,2025-10-16 14:30:00+00:00,{},False
O-20251016-143000-001-V2-3305,BACKTESTER-001,MLSignalStrategyV2-V2,EUR/USD.IDEALPRO,IDEALPRO-1-3305,IDEALPRO-001,IDEALPRO-1-759959,EUR/USD.IDEALPRO-MLSignalStrategyV2-V2,SELL,STOP_MARKET,100000.00,1.16611,USD,2.33 USD,TAKER,25334317-3e0a-491d-9e2a-b4f355df6ab6,2025-10-16 15:53:00+00:00,2025-10-16 15:53:00+00:00,{},False
O-20251016-184500-001-V2-3307,BACKTESTER-001,MLSignalStrategyV2-V2,EUR/USD.IDEALPRO,IDEALPRO-1-3307,IDEALPRO-001,IDEALPRO-1-760305,EUR/USD.IDEALPRO-MLSignalStrategyV2-V2,BUY,MARKET,100000.00,1.16870,USD,2.34 USD,TAKER,3ee16278-6413-4663-ba99-302dbcce4715,2025-10-16 18:45:00+00:00,2025-10-16 18:45:00+00:00,{},False
O-20251016-184500-001-V2-3309,BACKTESTER-001,MLSignalStrategyV2-V2,EUR/USD.IDEALPRO,IDEALPRO-1-3309,IDEALPRO-001,IDEALPRO-1-760761,EUR/USD.IDEALPRO-MLSignalStrategyV2-V2,SELL,LIMIT,100000.00,1.16957,USD,2.34 USD,MAKER,d45a7673-e471-4d34-8bd5-e4b5a8e1a40e,2025-10-16 22:48:00+00:00,2025-10-16 22:48:00+00:00,{},False
O-20251016-230000-001-V2-3310,BACKTESTER-001,MLSignalStrategyV2-V2,EUR/USD.IDEALPRO,IDEALPRO-1-3310,IDEALPRO-001,IDEALPRO-1-760786,EUR/USD.IDEALPRO-MLSignalStrategyV2-V2,BUY,MARKET,100000.00,1.16945,USD,2.34 USD,TAKER,edb0f2a0-2c03-40e1-8101-fc8bf5241385,2025-10-16 23:00:00+00:00,2025-10-16 23:00:00+00:00,{},False
O-20251016-230000-001-V2-3312,BACKTESTER-001,MLSignalStrategyV2-V2,EUR/USD.IDEALPRO,IDEALPRO-1-3312,IDEALPRO-001,IDEALPRO-1-760857,EUR/USD.IDEALPRO-MLSignalStrategyV2-V2,SELL,LIMIT,100000.00,1.16985,USD,2.34 USD,MAKER,7c5d5172-ca6a-4297-bd91-a01cd84aaae0,2025-10-16 23:35:00+00:00,2025-10-16 23:35:00+00:00,{},False
O-20251017-020000-001-V2-3313,BACKTESTER-001,MLSignalStrategyV2-V2,EUR/USD.IDEALPRO,IDEALPRO-1-3313,IDEALPRO-001,IDEALPRO-1-761149,EUR/USD.IDEALPRO-MLSignalStrategyV2-V2,SELL,MARKET,100000.00,1.17010,USD,2.34 USD,TAKER,44943773-089a-44bc-bc83-b62d0968c747,2025-10-17 02:00:00+00:00,2025-10-17 02:00:00+00:00,{},False
O-20251017-020000-001-V2-3315,BACKTESTER-001,MLSignalStrategyV2-V2,EUR/USD.IDEALPRO,IDEALPRO-1-3315,IDEALPRO-001,IDEALPRO-1-761165,EUR/USD.IDEALPRO-MLSignalStrategyV2-V2,BUY,LIMIT,100000.00,1.16953,USD,2.34 USD,MAKER,4974fa19-5957-44b2-82d8-ec2989080d5b,2025-10-17 02:08:00+00:00,2025-10-17 02:08:00+00:00,{},False
O-20251017-090000-001-V2-3316,BACKTESTER-001,MLSignalStrategyV2-V2,EUR/USD.IDEALPRO,IDEALPRO-1-3316,IDEALPRO-001,IDEALPRO-1-761991,EUR/USD.IDEALPRO-MLSignalStrategyV2-V2,BUY,MARKET,100000.00,1.16973,USD,2.34 USD,TAKER,c61e774d-eee8-444b-9a5a-13cde4537762,2025-10-17 09:00:00+00:00,2025-10-17 09:00:00+00:00,{},False
O-20251017-090000-001-V2-3318,BACKTESTER-001,MLSignalStrategyV2-V2,EUR/USD.IDEALPRO,IDEALPRO-1-3318,IDEALPRO-001,IDEALPRO-1-762033,EUR/USD.IDEALPRO-MLSignalStrategyV2-V2,SELL,LIMIT,100000.00,1.17077,USD,2.34 USD,MAKER,75157a32-ea12-401c-a3f5-2fb08867d8de,2025-10-17 09:21:00+00:00,2025-10-17 09:21:00+00:00,{},False
O-20251017-101500-001-V2-3319,BACKTESTER-001,MLSignalStrategyV2-V2,EUR/USD.IDEALPRO,IDEALPRO-1-3319,IDEALPRO-001,IDEALPRO-1-762142,EUR/USD.IDEALPRO-MLSignalStrategyV2-V2,BUY,MARKET,100000.00,1.16963,USD,2.34 USD,TAKER,8f2a0c6f-8849-409b-b198-c4ecf44ea8a2,2025-10-17 10:15:00+00:00,2025-10-17 10:15:00+00:00,{},False
O-20251017-101500-001-V2-3320,BACKTESTER-001,MLSignalStrategyV2-V2,EUR/USD.IDEALPRO,IDEALPRO-1-3320,IDEALPRO-001,IDEALPRO-1-762261,EUR/USD.IDEALPRO-MLSignalStrategyV2-V2,SELL,STOP_MARKET,100000.00,1.16803,USD,2.34 USD,TAKER,f572e129-cb19-4428-a935-27830b517c36,2025-10-17 11:14:00+00:00,2025-10-17 11:14:00+00:00,{},False
O-20251017-160000-001-V2-3322,BACKTESTER-001,MLSignalStrategyV2-V2,EUR/USD.IDEALPRO,IDEALPRO-1-3322,IDEALPRO-001,IDEALPRO-1-762834,EUR/USD.IDEALPRO-MLSignalStrategyV2-V2,SELL,MARKET,100000.00,1.16735,USD,2.33 USD,TAKER,2b0e3154-42b5-447d-8bef-82e0bc48ae29,2025-10-17 16:00:00+00:00,2025-10-17 16:00:00+00:00,{},False
O-20251017-160000-001-V2-3324,BACKTESTER-001,MLSignalStrategyV2-V2,EUR/USD.IDEALPRO,IDEALPRO-1-3324,IDEALPRO-001,IDEALPRO-1-763077,EUR/USD.IDEALPRO-MLSignalStrategyV2-V2,BUY,LIMIT,100000.00,1.16639,USD,2.33 USD,MAKER,76f9e5a3-0785-416c-8325-376731a2602a,2025-10-17 18:01:00+00:00,2025-10-17 18:01:00+00:00,{},False
O-20251017-200000-001-V2-3325,BACKTESTER-001,MLSignalStrategyV2-V2,EUR/USD.IDEALPRO,IDEALPRO-1-3325,IDEALPRO-001,IDEALPRO-1-763316,EUR/USD.IDEALPRO-MLSignalStrategyV2-V2,BUY,MARKET,100000.00,1.16707,USD,2.33 USD,TAKER,c0fe9302-c195-41f0-abf0-07cbd009ef80,2025-10-17 20:00:00+00:00,2025-10-17 20:00:00+00:00,{},False
O-20251017-200000-001-V2-3326,BACKTESTER-001,MLSignalStrategyV2-V2,EUR/USD.IDEALPRO,IDEALPRO-1-3326,IDEALPRO-001,IDEALPRO-1-763343,EUR/USD.IDEALPRO-MLSignalStrategyV2-V2,SELL,STOP_MARKET,100000.00,1.16610,USD,2.33 USD,TAKER,0217d5a0-141e-4cf0-87e0-5b66f48a30b5,2025-10-17 20:13:00+00:00,2025-10-17 20:13:00+00:00,{},False
O-20251017-201500-001-V2-3328,BACKTESTER-001,MLSignalStrategyV2-V2,EUR/USD.IDEALPRO,IDEALPRO-1-3328,IDEALPRO-001,IDEALPRO-1-763349,EUR/USD.IDEALPRO-MLSignalStrategyV2-V2,BUY,MARKET,100000.00,1.16666,USD,2.33 USD,TAKER,2683419d-3ecd-4e42-85ed-2d5bdda6f6f0,2025-10-17 20:15:00+00:00,2025-10-17 20:15:00+00:00,{},False
O-20251017-201500-001-V2-3329,BACKTESTER-001,MLSignalStrategyV2-V2,EUR/USD.IDEALPRO,IDEALPRO-1-3329,IDEALPRO-001,IDEALPRO-1-763393,EUR/USD.IDEALPRO-MLSignalStrategyV2-V2,SELL,STOP_MARKET,100000.00,1.16599,USD,2.33 USD,TAKER,dcd823d5-381b-4bca-8df9-94f18436157a,2025-10-17 20:37:00+00:00,2025-10-17 20:37:00+00:00,{},False
O-20251017-204500-001-V2-3331,BACKTESTER-001,MLSignalStrategyV2-V2,EUR/USD.IDEALPRO,IDEALPRO-1-3331,IDEALPRO-001,IDEALPRO-1-763410,EUR/USD.IDEALPRO-MLSignalStrategyV2-V2,BUY,MARKET,100000.00,1.16590,USD,2.33 USD,TAKER,e9cf4af8-23f0-4951-8563-34a548412cfc,2025-10-17 20:45:00+00:00,2025-10-17 20:45:00+00:00,{},False
O-20251017-204500-001-V2-3332,BACKTESTER-001,MLSignalStrategyV2-V2,EUR/USD.IDEALPRO,IDEALPRO-1-3332,IDEALPRO-001,IDEALPRO-1-763425,EUR/USD.IDEALPRO-MLSignalStrategyV2-V2,SELL,STOP_MARKET,100000.00,1.16507,USD,2.33 USD,TAKER,a88547c4-4087-437a-b976-52bce4835192,2025-10-17 20:52:00+00:00,2025-10-17 20:52:00+00:00,{},False
O-20251019-213000-001-V2-3334,BACKTESTER-001,MLSignalStrategyV2-V2,EUR/USD.IDEALPRO,IDEALPRO-1-3334,IDEALPRO-001,IDEALPRO-1-763472,EUR/USD.IDEALPRO-MLSignalStrategyV2-V2,BUY,MARKET,100000.00,1.16622,USD,2.33 USD,TAKER,07b97b18-def4-4ebb-b04a-a4002bffbe6e,2025-10-19 21:30:00+00:00,2025-10-19 21:30:00+00:00,{},False
O-20251019-213000-001-V2-3335,BACKTESTER-001,MLSignalStrategyV2-V2,EUR/USD.IDEALPRO,IDEALPRO-1-3335,IDEALPRO-001,IDEALPRO-1-763553,EUR/USD.IDEALPRO-MLSignalStrategyV2-V2,SELL,STOP_MARKET,100000.00,1.16539,USD,2.33 USD,TAKER,7bc58d3f-cef7-4c58-b23a-d5173ea084b5,2025-10-19 22:10:00+00:00,2025-10-19 22:10:00+00:00,{},False
O-20251019-221500-001-V2-3337,BACKTESTER-001,MLSignalStrategyV2-V2,EUR/USD.IDEALPRO,IDEALPRO-1-3337,IDEALPRO-001,IDEALPRO-1-763563,EUR/USD.IDEALPRO-MLSignalStrategyV2-V2,BUY,MARKET,100000.00,1.16543,USD,2.33 USD,TAKER,bea9bc8c-1e1e-4905-9e88-113a942d45f6,2025-10-19 22:15:00+00:00,2025-10-19 22:15:00+00:00,{},False
O-20251019-221500-001-V2-3339,BACKTESTER-001,MLSignalStrategyV2-V2,EUR/USD.IDEALPRO,IDEALPRO-1-3339,IDEALPRO-001,IDEALPRO-1-763732,EUR/USD.IDEALPRO-MLSignalStrategyV2-V2,SELL,LIMIT,100000.00,1.16599,USD,2.33 USD,MAKER,78dc5c6e-8867-441b-a421-bb9a7ec4d7fc,2025-10-19 23:38:00+00:00,2025-10-19 23:38:00+00:00,{},False
O-20251019-234500-001-V2-3340,BACKTESTER-001,MLSignalStrategyV2-V2,EUR/USD.IDEALPRO,IDEALPRO-1-3340,IDEALPRO-001,IDEALPRO-1-763745,EUR/USD.IDEALPRO-MLSignalStrategyV2-V2,BUY,MARKET,100000.00,1.16596,USD,2.33 USD,TAKER,2257cabd-6944-4971-a4ad-eb6ebb922888,2025-10-19 23:45:00+00:00,2025-10-19 23:45:00+00:00,{},False
O-20251019-234500-001-V2-3342,BACKTESTER-001,MLSignalStrategyV2-V2,EUR/USD.IDEALPRO,IDEALPRO-1-3342,IDEALPRO-001,IDEALPRO-1-763895,EUR/USD.IDEALPRO-MLSignalStrategyV2-V2,SELL,LIMIT,100000.00,1.16660,USD,2.33 USD,MAKER,758d02d3-5dc0-4d63-8b49-d84506dd44b9,2025-10-20 00:59:00+00:00,2025-10-20 00:59:00+00:00,{},False
O-20251020-020000-001-V2-3343,BACKTESTER-001,MLSignalStrategyV2-V2,EUR/USD.IDEALPRO,IDEALPRO-1-3343,IDEALPRO-001,IDEALPRO-1-764018,EUR/USD.IDEALPRO-MLSignalStrategyV2-V2,SELL,MARKET,100000.00,1.16601,USD,2.33 USD,TAKER,43499aa8-b39c-4bda-8749-7c5a3002967d,2025-10-20 02:00:00+00:00,2025-10-20 02:00:00+00:00,{},False
O-20251020-020000-001-V2-3344,BACKTESTER-001,MLSignalStrategyV2-V2,EUR/USD.IDEALPRO,IDEALPRO-1-3344,IDEALPRO-001,IDEALPRO-1-764033,EUR/USD.IDEALPRO-MLSignalStrategyV2-V2,BUY,STOP_MARKET,100000.00,1.16665,USD,2.33 USD,TAKER,3cec28f8-99d6-42d8-bf57-ac26cf09549a,2025-10-20 02:07:00+00:00,2025-10-20 02:07:00+00:00,{},False
O-20251020-080000-001-V2-3346,BACKTESTER-001,MLSignalStrategyV2-V2,EUR/USD.IDEALPRO,IDEALPRO-1-3346,IDEALPRO-001,IDEALPRO-1-764741,EUR/USD.IDEALPRO-MLSignalStrategyV2-V2,BUY,MARKET,100000.00,1.16625,USD,2.33 USD,TAKER,42146b80-e999-44e4-b058-acfb26bdadc2,2025-10-20 08:00:00+00:00,2025-10-20 08:00:00+00:00,{},False
O-20251020-080000-001-V2-3347,BACKTESTER-001,MLSignalStrategyV2-V2,EUR/USD.IDEALPRO,IDEALPRO-1-3347,IDEALPRO-001,IDEALPRO-1-765005,EUR/USD.IDEALPRO-MLSignalStrategyV2-V2,SELL,STOP_MARKET,100000.00,1.16541,USD,2.33 USD,TAKER,97460431-4092-498a-a99a-09292ff6042a,2025-10-20 10:12:00+00:00,2025-10-20 10:12:00+00:00,{},False
O-20251020-103000-001-V2-3349,BACKTESTER-001,MLSignalStrategyV2-V2,EUR/USD.IDEALPRO,IDEALPRO-1-3349,IDEALPRO-001,IDEALPRO-1-765042,EUR/USD.IDEALPRO-MLSignalStrategyV2-V2,BUY,MARKET,100000.00,1.16541,USD,2.33 USD,TAKER,1be527bb-47c6-4ef5-b783-a44f27588ef7,2025-10-20 10:30:00+00:00,2025-10-20 10:30:00+00:00,{},False
O-20251020-103000-001-V2-3350,BACKTESTER-001,MLSignalStrategyV2-V2,EUR/USD.IDEALPRO,IDEALPRO-1-3350,IDEALPRO-001,IDEALPRO-1-765171,EUR/USD.IDEALPRO-MLSignalStrategyV2-V2,SELL,STOP_MARKET,100000.00,1.16459,USD,2.33 USD,TAKER,32c1ddbc-e2c5-4089-81ed-e0deb41f469f,2025-10-20 11:34:00+00:00,2025-10-20 11:34:00+00:00,{},False
O-20251020-121500-001-V2-3352,BACKTESTER-001,MLSignalStrategyV2-V2,EUR/USD.IDEALPRO,IDEALPRO-1-3352,IDEALPRO-001,IDEALPRO-1-765254,EUR/USD.IDEALPRO-MLSignalStrategyV2-V2,SELL,MARKET,100000.00,1.16582,USD,2.33 USD,TAKER,de116386-753e-45c5-b84a-10179998980f,2025-10-20 12:15:00+00:00,2025-10-20 12:15:00+00:00,{},False
O-20251020-121500-001-V2-3354,BACKTESTER-001,MLSignalStrategyV2-V2,EUR/USD.IDEALPRO,IDEALPRO-1-3354,IDEALPRO-001,IDEALPRO-1-765337,EUR/USD.IDEALPRO-MLSignalStrategyV2-V2,BUY,LIMIT,100000.00,1.16520,USD,2.33 USD,MAKER,7adbe5dd-0be4-490b-81d1-a8386190b015,2025-10-20 12:56:00+00:00,2025-10-20 12:56:00+00:00,{},False
O-20251020-174500-001-V2-3355,BACKTESTER-001,MLSignalStrategyV2-V2,EUR/USD.IDEALPRO,IDEALPRO-1-3355,IDEALPRO-001,IDEALPRO-1-765916,EUR/USD.IDEALPRO-MLSignalStrategyV2-V2,BUY,MARKET,100000.00,1.16431,USD,2.33 USD,TAKER,66d1d9f4-5f55-4c09-a2f6-464ac99b1845,2025-10-20 17:45:00+00:00,2025-10-20 17:45:00+00:00,{},False
O-20251020-174500-001-V2-3357,BACKTESTER-001,MLSignalStrategyV2-V2,EUR/USD.IDEALPRO,IDEALPRO-1-3357,IDEALPRO-001,IDEALPRO-1-766081,EUR/USD.IDEALPRO-MLSignalStrategyV2-V2,SELL,LIMIT,100000.00,1.16488,USD,2.33 USD,MAKER,70df7dce-6446-4f76-9fa9-9c4b195c50f1,2025-10-20 19:07:00+00:00,2025-10-20 19:07:00+00:00,{},False
O-20251020-194500-001-V2-3358,BACKTESTER-001,MLSignalStrategyV2-V2,EUR/USD.IDEALPRO,IDEALPRO-1-3358,IDEALPRO-001,IDEALPRO-1-766158,EUR/USD.IDEALPRO-MLSignalStrategyV2-V2,BUY,MARKET,100000.00,1.16440,USD,2.33 USD,TAKER,f45b40fc-d3b4-4ed2-b391-b37801ce543a,2025-10-20 19:45:00+00:00,2025-10-20 19:45:00+00:00,{},False
O-20251020-194500-001-V2-3360,BACKTESTER-001,MLSignalStrategyV2-V2,EUR/USD.IDEALPRO,IDEALPRO-1-3360,IDEALPRO-001,IDEALPRO-1-766645,EUR/USD.IDEALPRO-MLSignalStrategyV2-V2,SELL,LIMIT,100000.00,1.16484,USD,2.33 USD,MAKER,5cbaa972-9dd2-482d-a60a-2e867d4e7975,2025-10-21 00:03:00+00:00,2025-10-21 00:03:00+00:00,{},False
O-20251021-013000-001-V2-3361,BACKTESTER-001,MLSignalStrategyV2-V2,EUR/USD.IDEALPRO,IDEALPRO-1-3361,IDEALPRO-001,IDEALPRO-1-766821,EUR/USD.IDEALPRO-MLSignalStrategyV2-V2,SELL,MARKET,100000.00,1.16468,USD,2.33 USD,TAKER,b929c16c-280c-4235-a0e2-830dc98639cb,2025-10-21 01:30:00+00:00,2025-10-21 01:30:00+00:00,{},False
O-20251021-013000-001-V2-3363,BACKTESTER-001,MLSignalStrategyV2-V2,EUR/USD.IDEALPRO,IDEALPRO-1-3363,IDEALPRO-001,IDEALPRO-1-766851,EUR/USD.IDEALPRO-MLSignalStrategyV2-V2,BUY,LIMIT,100000.00,1.16421,USD,2.33 USD,MAKER,710a323d-0476-4cc6-907a-2407e1b924bf,2025-10-21 01:45:00+00:00,2025-10-21 01:45:00+00:00,{},False
O-20251021-023000-001-V2-3364,BACKTESTER-001,MLSignalStrategyV2-V2,EUR/USD.IDEALPRO,IDEALPRO-1-3364,IDEALPRO-001,IDEALPRO-1-766943,EUR/USD.IDEALPRO-MLSignalStrategyV2-V2,SELL,MARKET,100000.00,1.16431,USD,2.33 USD,TAKER,2ef16c76-9199-4017-811c-f1d77e4370fb,2025-10-21 02:30:00+00:00,2025-10-21 02:30:00+00:00,{},False
O-20251021-023000-001-V2-3366,BACKTESTER-001,MLSignalStrategyV2-V2,EUR/USD.IDEALPRO,IDEALPRO-1-3366,IDEALPRO-001,IDEALPRO-1-766959,EUR/USD.IDEALPRO-MLSignalStrategyV2-V2,BUY,LIMIT,100000.00,1.16389,USD,2.33 USD,MAKER,13c9af4a-d6bc-4d3d-bb08-4808e6673ec0,2025-10-21 02:38:00+00:00,2025-10-21 02:38:00+00:00,{},False
O-20251021-024500-001-V2-3367,BACKTESTER-001,MLSignalStrategyV2-V2,EUR/USD.IDEALPRO,IDEALPRO-1-3367,IDEALPRO-001,IDEALPRO-1-766974,EUR/USD.IDEALPRO-MLSignalStrategyV2-V2,SELL,MARKET,100000.00,1.16361,USD,2.33 USD,TAKER,731a169e-d11d-4708-a5e3-f729c6d79c51,2025-10-21 02:45:00+00:00,2025-10-21 02:45:00+00:00,{},False
O-20251021-024500-001-V2-3369,BACKTESTER-001,MLSignalStrategyV2-V2,EUR/USD.IDEALPRO,IDEALPRO-1-3369,IDEALPRO-001,IDEALPRO-1-767283,EUR/USD.IDEALPRO-MLSignalStrategyV2-V2,BUY,LIMIT,100000.00,1.16317,USD,2.33 USD,MAKER,8f2a0a7d-6cd8-4a4b-9f5e-84ee4838ce4e,2025-10-21 05:19:00+00:00,2025-10-21 05:19:00+00:00,{},False
O-20251021-104500-001-V2-3370,BACKTESTER-001,MLSignalStrategyV2-V2,EUR/USD.IDEALPRO,IDEALPRO-1-3370,IDEALPRO-001,IDEALPRO-1-767936,EUR/USD.IDEALPRO-MLSignalStrategyV2-V2,BUY,MARKET,100000.00,1.16092,USD,2.32 USD,TAKER,42c81f70-5ce8-44a6-ac0d-fe8558d0a1c7,2025-10-21 10:45:00+00:00,2025-10-21 10:45:00+00:00,{},False
O-20251021-104500-001-V2-3372,BACKTESTER-001,MLSignalStrategyV2-V2,EUR/USD.IDEALPRO,IDEALPRO-1-3372,IDEALPRO-001,IDEALPRO-1-767961,EUR/USD.IDEALPRO-MLSignalStrategyV2-V2,SELL,LIMIT,100000.00,1.16176,USD,2.32 USD,MAKER,797340b6-db79-45df-8b13-02b8fb45b645,2025-10-21 10:57:00+00:00,2025-10-21 10:57:00+00:00,{},False
O-20251021-161500-001-V2-3373,BACKTESTER-001,MLSignalStrategyV2-V2,EUR/USD.IDEALPRO,IDEALPRO-1-3373,IDEALPRO-001,IDEALPRO-1-768598,EUR/USD.IDEALPRO-MLSignalStrategyV2-V2,BUY,MARKET,100000.00,1.16176,USD,2.32 USD,TAKER,31ceea47-361c-4508-9a07-851a88de8b2a,2025-10-21 16:15:00+00:00,2025-10-21 16:15:00+00:00,{},False
O-20251021-161500-001-V2-3374,BACKTESTER-001,MLSignalStrategyV2-V2,EUR/USD.IDEALPRO,IDEALPRO-1-3374,IDEALPRO-001,IDEALPRO-1-768691,EUR/USD.IDEALPRO-MLSignalStrategyV2-V2,SELL,STOP_MARKET,100000.00,1.16075,USD,2.32 USD,TAKER,6b745693-ae1a-4f39-9775-b02be6803f26,2025-10-21 17:01:00+00:00,2025-10-21 17:01:00+00:00,{},False
O-20251021-200000-001-V2-3376,BACKTESTER-001,MLSignalStrategyV2-V2,EUR/USD.IDEALPRO,IDEALPRO-1-3376,IDEALPRO-001,IDEALPRO-1-769051,EUR/USD.IDEALPRO-MLSignalStrategyV2-V2,BUY,MARKET,100000.00,1.16006,USD,2.32 USD,TAKER,2a32a3de-71b0-4c59-a9da-730a081a5b08,2025-10-21 20:00:00+00:00,2025-10-21 20:00:00+00:00,{},False
O-20251021-200000-001-V2-3378,BACKTESTER-001,MLSignalStrategyV2-V2,EUR/USD.IDEALPRO,IDEALPRO-1-3378,IDEALPRO-001,IDEALPRO-1-769259,EUR/USD.IDEALPRO-MLSignalStrategyV2-V2,SELL,LIMIT,100000.00,1.16055,USD,2.32 USD,MAKER,42e7658f-a01b-4319-a11b-499f2355105f,2025-10-21 21:59:00+00:00,2025-10-21 21:59:00+00:00,{},False
O-20251022-081500-001-V2-3379,BACKTESTER-001,MLSignalStrategyV2-V2,EUR/USD.IDEALPRO,IDEALPRO-1-3379,IDEALPRO-001,IDEALPRO-1-770492,EUR/USD.IDEALPRO-MLSignalStrategyV2-V2,BUY,MARKET,100000.00,1.15916,USD,2.32 USD,TAKER,e2e6646d-3a61-4459-8e35-214cd01eb28a,2025-10-22 08:15:00+00:00,2025-10-22 08:15:00+00:00,{},False
O-20251022-081500-001-V2-3381,BACKTESTER-001,MLSignalStrategyV2-V2,EUR/USD.IDEALPRO,IDEALPRO-1-3381,IDEALPRO-001,IDEALPRO-1-770511,EUR/USD.IDEALPRO-MLSignalStrategyV2-V2,SELL,LIMIT,100000.00,1.15980,USD,2.32 USD,MAKER,23a5ad64-b8d2-4a0a-86fd-56e528e954be,2025-10-22 08:24:00+00:00,2025-10-22 08:24:00+00:00,{},False
O-20251022-101500-001-V2-3382,BACKTESTER-001,MLSignalStrategyV2-V2,EUR/USD.IDEALPRO,IDEALPRO-1-3382,IDEALPRO-001,IDEALPRO-1-770734,EUR/USD.IDEALPRO-MLSignalStrategyV2-V2,BUY,MARKET,100000.00,1.15915,USD,2.32 USD,TAKER,a9251160-b451-407c-8b20-08c54559669d,2025-10-22 10:15:00+00:00,2025-10-22 10:15:00+00:00,{},False
O-20251022-101500-001-V2-3383,BACKTESTER-001,MLSignalStrategyV2-V2,EUR/USD.IDEALPRO,IDEALPRO-1-3383,IDEALPRO-001,IDEALPRO-1-770779,EUR/USD.IDEALPRO-MLSignalStrategyV2-V2,SELL,STOP_MARKET,100000.00,1.15840,USD,2.32 USD,TAKER,d9504d24-2506-4e7a-847e-2b25bae993b0,2025-10-22 10:37:00+00:00,2025-10-22 10:37:00+00:00,{},False
O-20251022-111500-001-V2-3385,BACKTESTER-001,MLSignalStrategyV2-V2,EUR/USD.IDEALPRO,IDEALPRO-1-3385,IDEALPRO-001,IDEALPRO-1-770856,EUR/USD.IDEALPRO-MLSignalStrategyV2-V2,SELL,MARKET,100000.00,1.15870,USD,2.32 USD,TAKER,a7f5ee00-41cb-44a7-b1b9-cd6a6e40269b,2025-10-22 11:15:00+00:00,2025-10-22 11:15:00+00:00,{},False
O-20251022-111500-001-V2-3387,BACKTESTER-001,MLSignalStrategyV2-V2,EUR/USD.IDEALPRO,IDEALPRO-1-3387,IDEALPRO-001,IDEALPRO-1-770997,EUR/USD.IDEALPRO-MLSignalStrategyV2-V2,BUY,LIMIT,100000.00,1.15817,USD,2.32 USD,MAKER,252b3fd3-da02-4e34-a133-560e9dd4b6e0,2025-10-22 12:25:00+00:00,2025-10-22 12:25:00+00:00,{},False
O-20251022-200000-001-V2-3388,BACKTESTER-001,MLSignalStrategyV2-V2,EUR/USD.IDEALPRO,IDEALPRO-1-3388,IDEALPRO-001,IDEALPRO-1-771909,EUR/USD.IDEALPRO-MLSignalStrategyV2-V2,BUY,MARKET,100000.00,1.16060,USD,2.32 USD,TAKER,e19894c5-0633-4684-90cb-3b7161fb8c80,2025-10-22 20:00:00+00:00,2025-10-22 20:00:00+00:00,{},False
O-20251022-200000-001-V2-3390,BACKTESTER-001,MLSignalStrategyV2-V2,EUR/USD.IDEALPRO,IDEALPRO-1-3390,IDEALPRO-001,IDEALPRO-1-771921,EUR/USD.IDEALPRO-MLSignalStrategyV2-V2,SELL,LIMIT,100000.00,1.16104,USD,2.32 USD,MAKER,4fc4fb25-6c13-40e1-a04c-5efa36615484,2025-10-22 20:06:00+00:00,2025-10-22 20:06:00+00:00,{},False
O-20251022-201500-001-V2-3391,BACKTESTER-001,MLSignalStrategyV2-V2,EUR/USD.IDEALPRO,IDEALPRO-1-3391,IDEALPRO-001,IDEALPRO-1-771940,EUR/USD.IDEALPRO-MLSignalStrategyV2-V2,BUY,MARKET,100000.00,1.16104,USD,2.32 USD,TAKER,4ab47a03-4795-4885-bf5a-468a66e5cee3,2025-10-22 20:15:00+00:00,2025-10-22 20:15:00+00:00,{},False
O-20251022-201500-001-V2-3393,BACKTESTER-001,MLSignalStrategyV2-V2,EUR/USD.IDEALPRO,IDEALPRO-1-3393,IDEALPRO-001,IDEALPRO-1-772153,EUR/USD.IDEALPRO-MLSignalStrategyV2-V2,SELL,LIMIT,100000.00,1.16143,USD,2.32 USD,MAKER,cfe33c4b-d219-4ff6-9be2-5c8cb91d7b6b,2025-10-22 22:16:00+00:00,2025-10-22 22:16:00+00:00,{},False
O-20251023-184500-001-V2-3394,BACKTESTER-001,MLSignalStrategyV2-V2,EUR/USD.IDEALPRO,IDEALPRO-1-3394,IDEALPRO-001,IDEALPRO-1-774612,EUR/USD.IDEALPRO-MLSignalStrategyV2-V2,BUY,MARKET,100000.00,1.16174,USD,2.32 USD,TAKER,462babe5-eee8-40cc-a04a-dc253021e2a8,2025-10-23 18:45:00+00:00,2025-10-23 18:45:00+00:00,{},False
O-20251023-184500-001-V2-3396,BACKTESTER-001,MLSignalStrategyV2-V2,EUR/USD.IDEALPRO,IDEALPRO-1-3396,IDEALPRO-001,IDEALPRO-1-775281,EUR/USD.IDEALPRO-MLSignalStrategyV2-V2,SELL,LIMIT,100000.00,1.16217,USD,2.32 USD,MAKER,49240d27-e13f-4d86-9bc8-ca401ddb7d7b,2025-10-24 00:34:00+00:00,2025-10-24 00:34:00+00:00,{},False
O-20251024-133000-001-V2-3397,BACKTESTER-001,MLSignalStrategyV2-V2,EUR/USD.IDEALPRO,IDEALPRO-1-3397,IDEALPRO-001,IDEALPRO-1-776834,EUR/USD.IDEALPRO-MLSignalStrategyV2-V2,SELL,MARKET,100000.00,1.16333,USD,2.33 USD,TAKER,d785cde7-0d0e-41d4-a13f-a5b69a2e35b6,2025-10-24 13:30:00+00:00,2025-10-24 13:30:00+00:00,{},False
O-20251024-133000-001-V2-3399,BACKTESTER-001,MLSignalStrategyV2-V2,EUR/USD.IDEALPRO,IDEALPRO-1-3399,IDEALPRO-001,IDEALPRO-1-776873,EUR/USD.IDEALPRO-MLSignalStrategyV2-V2,BUY,LIMIT,100000.00,1.16216,USD,2.32 USD,MAKER,42f864c5-d889-48f5-90d2-86bff86e51f4,2025-10-24 13:49:00+00:00,2025-10-24 13:49:00+00:00,{},False
O-20251026-213000-001-V2-3400,BACKTESTER-001,MLSignalStrategyV2-V2,EUR/USD.IDEALPRO,IDEALPRO-1-3400,IDEALPRO-001,IDEALPRO-1-777794,EUR/USD.IDEALPRO-MLSignalStrategyV2-V2,BUY,MARKET,100000.00,1.16353,USD,2.33 USD,TAKER,c480ccd8-4d2b-472f-83db-4ae9088abe50,2025-10-26 21:30:00+00:00,2025-10-26 21:30:00+00:00,{},False
O-20251026-213000-001-V2-3401,BACKTESTER-001,MLSignalStrategyV2-V2,EUR/USD.IDEALPRO,IDEALPRO-1-3401,IDEALPRO-001,IDEALPRO-1-777895,EUR/USD.IDEALPRO-MLSignalStrategyV2-V2,SELL,STOP_MARKET,100000.00,1.16273,USD,2.33 USD,TAKER,35576f7f-ed13-446f-8cd1-89c35cc3252d,2025-10-26 21:55:00+00:00,2025-10-26 21:55:00+00:00,{},False
O-20251026-220000-001-V2-3403,BACKTESTER-001,MLSignalStrategyV2-V2,EUR/USD.IDEALPRO,IDEALPRO-1-3403,IDEALPRO-001,IDEALPRO-1-777916,EUR/USD.IDEALPRO-MLSignalStrategyV2-V2,BUY,MARKET,100000.00,1.16321,USD,2.33 USD,TAKER,f70f9217-996e-4433-9509-61553b6249e9,2025-10-26 22:00:00+00:00,2025-10-26 22:00:00+00:00,{},False
O-20251026-220000-001-V2-3404,BACKTESTER-001,MLSignalStrategyV2-V2,EUR/USD.IDEALPRO,IDEALPRO-1-3404,IDEALPRO-001,IDEALPRO-1-777925,EUR/USD.IDEALPRO-MLSignalStrategyV2-V2,SELL,STOP_MARKET,100000.00,1.16257,USD,2.33 USD,TAKER,e017b447-6bc1-4eb5-8f85-ebf9782e284c,2025-10-26 22:02:00+00:00,2025-10-26 22:02:00+00:00,{},False
O-20251026-221500-001-V2-3406,BACKTESTER-001,MLSignalStrategyV2-V2,EUR/USD.IDEALPRO,IDEALPRO-1-3406,IDEALPRO-001,IDEALPRO-1-777978,EUR/USD.IDEALPRO-MLSignalStrategyV2-V2,BUY,MARKET,100000.00,1.16285,USD,2.33 USD,TAKER,77943322-d4e5-4240-b83b-a6a203174ad7,2025-10-26 22:15:00+00:00,2025-10-26 22:15:00+00:00,{},False
O-20251026-221500-001-V2-3408,BACKTESTER-001,MLSignalStrategyV2-V2,EUR/USD.IDEALPRO,IDEALPRO-1-3408,IDEALPRO-001,IDEALPRO-1-778023,EUR/USD.IDEALPRO-MLSignalStrategyV2-V2,SELL,LIMIT,100000.00,1.16355,USD,2.33 USD,MAKER,57417ab2-4007-4604-bac6-15f24c0aba81,2025-10-26 22:26:00+00:00,2025-10-26 22:26:00+00:00,{},False
O-20251026-223000-001-V2-3409,BACKTESTER-001,MLSignalStrategyV2-V2,EUR/USD.IDEALPRO,IDEALPRO-1-3409,IDEALPRO-001,IDEALPRO-1-778041,EUR/USD.IDEALPRO-MLSignalStrategyV2-V2,BUY,MARKET,100000.00,1.16302,USD,2.33 USD,TAKER,b854a7db-fb12-4c81-857f-25a2b34d0f2c,2025-10-26 22:30:00+00:00,2025-10-26 22:30:00+00:00,{},False
O-20251026-223000-001-V2-3411,BACKTESTER-001,MLSignalStrategyV2-V2,EUR/USD.IDEALPRO,IDEALPRO-1-3411,IDEALPRO-001,IDEALPRO-1-778609,EUR/USD.IDEALPRO-MLSignalStrategyV2-V2,SELL,LIMIT,100000.00,1.16375,USD,2.33 USD,MAKER,15a96a48-34c0-4271-8cc7-bea229cd13e6,2025-10-27 00:52:00+00:00,2025-10-27 00:52:00+00:00,{},False
O-20251106-191500-001-V2-3412,BACKTESTER-001,MLSignalStrategyV2-V2,EUR/USD.IDEALPRO,IDEALPRO-1-3412,IDEALPRO-001,IDEALPRO-1-821580,EUR/USD.IDEALPRO-MLSignalStrategyV2-V2,BUY,MARKET,100000.00,1.15495,USD,2.31 USD,TAKER,e6476cae-6666-4e94-8744-7c609a5be33e,2025-11-06 19:15:00+00:00,2025-11-06 19:15:00+00:00,{},False
O-20251106-191500-001-V2-3413,BACKTESTER-001,MLSignalStrategyV2-V2,EUR/USD.IDEALPRO,IDEALPRO-1-3413,IDEALPRO-001,IDEALPRO-1-821657,EUR/USD.IDEALPRO-MLSignalStrategyV2-V2,SELL,STOP_MARKET,100000.00,1.15419,USD,2.31 USD,TAKER,00cd284c-47b5-4d59-b00b-29dc781c9333,2025-11-06 19:53:00+00:00,2025-11-06 19:53:00+00:00,{},False
O-20251106-220000-001-V2-3415,BACKTESTER-001,MLSignalStrategyV2-V2,EUR/USD.IDEALPRO,IDEALPRO-1-3415,IDEALPRO-001,IDEALPRO-1-821913,EUR/USD.IDEALPRO-MLSignalStrategyV2-V2,BUY,MARKET,100000.00,1.15472,USD,2.31 USD,TAKER,c53abd6a-1cf4-4527-98f8-2322bfbee86e,2025-11-06 22:00:00+00:00,2025-11-06 22:00:00+00:00,{},False
O-20251106-220000-001-V2-3417,BACKTESTER-001,MLSignalStrategyV2-V2,EUR/USD.IDEALPRO,IDEALPRO-1-3417,IDEALPRO-001,IDEALPRO-1-822045,EUR/USD.IDEALPRO-MLSignalStrategyV2-V2,SELL,LIMIT,100000.00,1.15512,USD,2.31 USD,MAKER,cd778475-7102-4ca2-aa2e-bbe97221c602,2025-11-06 23:21:00+00:00,2025-11-06 23:21:00+00:00,{},False
O-20251107-020000-001-V2-3418,BACKTESTER-001,MLSignalStrategyV2-V2,EUR/USD.IDEALPRO,IDEALPRO-1-3418,IDEALPRO-001,IDEALPRO-1-822364,EUR/USD.IDEALPRO-MLSignalStrategyV2-V2,SELL,MARKET,100000.00,1.15379,USD,2.31 USD,TAKER,3de757c9-b7fd-4846-9dd6-c1fb43f1b598,2025-11-07 02:00:00+00:00,2025-11-07 02:00:00+00:00,{},False
O-20251107-020000-001-V2-3419,BACKTESTER-001,MLSignalStrategyV2-V2,EUR/USD.IDEALPRO,IDEALPRO-1-3419,IDEALPRO-001,IDEALPRO-1-822385,EUR/USD.IDEALPRO-MLSignalStrategyV2-V2,BUY,STOP_MARKET,100000.00,1.15428,USD,2.31 USD,TAKER,dd2e264e-6e93-4311-94aa-54a5abe066e2,2025-11-07 02:10:00+00:00,2025-11-07 02:10:00+00:00,{},False
O-20251107-081500-001-V2-3421,BACKTESTER-001,MLSignalStrategyV2-V2,EUR/USD.IDEALPRO,IDEALPRO-1-3421,IDEALPRO-001,IDEALPRO-1-823116,EUR/USD.IDEALPRO-MLSignalStrategyV2-V2,BUY,MARKET,100000.00,1.15384,USD,2.31 USD,TAKER,d57ceb14-0e48-456e-9d1d-bcca514fcb23,2025-11-07 08:15:00+00:00,2025-11-07 08:15:00+00:00,{},False
O-20251107-081500-001-V2-3422,BACKTESTER-001,MLSignalStrategyV2-V2,EUR/USD.IDEALPRO,IDEALPRO-1-3422,IDEALPRO-001,IDEALPRO-1-823179,EUR/USD.IDEALPRO-MLSignalStrategyV2-V2,SELL,STOP_MARKET,100000.00,1.15335,USD,2.31 USD,TAKER,714dfa88-3ebf-4479-adfa-c614b522eecc,2025-11-07 08:46:00+00:00,2025-11-07 08:46:00+00:00,{},False
O-20251107-101500-001-V2-3424,BACKTESTER-001,MLSignalStrategyV2-V2,EUR/USD.IDEALPRO,IDEALPRO-1-3424,IDEALPRO-001,IDEALPRO-1-823359,EUR/USD.IDEALPRO-MLSignalStrategyV2-V2,BUY,MARKET,100000.00,1.15438,USD,2.31 USD,TAKER,4dc1ca66-e892-4583-aa8b-7d5ab34a8ab1,2025-11-07 10:15:00+00:00,2025-11-07 10:15:00+00:00,{},False
O-20251107-101500-001-V2-3426,BACKTESTER-001,MLSignalStrategyV2-V2,EUR/USD.IDEALPRO,IDEALPRO-1-3426,IDEALPRO-001,IDEALPRO-1-823391,EUR/USD.IDEALPRO-MLSignalStrategyV2-V2,SELL,LIMIT,100000.00,1.15486,USD,2.31 USD,MAKER,30fe0b04-8762-4127-96b8-3768f2d82533,2025-11-07 10:31:00+00:00,2025-11-07 10:31:00+00:00,{},False
O-20251107-113000-001-V2-3427,BACKTESTER-001,MLSignalStrategyV2-V2,EUR/USD.IDEALPRO,IDEALPRO-1-3427,IDEALPRO-001,IDEALPRO-1-823510,EUR/USD.IDEALPRO-MLSignalStrategyV2-V2,SELL,MARKET,100000.00,1.15576,USD,2.31 USD,TAKER,308223fc-c327-48e5-9343-d14789e58121,2025-11-07 11:30:00+00:00,2025-11-07 11:30:00+00:00,{},False
O-20251107-113000-001-V2-3428,BACKTESTER-001,MLSignalStrategyV2-V2,EUR/USD.IDEALPRO,IDEALPRO-1-3428,IDEALPRO-001,IDEALPRO-1-823601,EUR/USD.IDEALPRO-MLSignalStrategyV2-V2,BUY,STOP_MARKET,100000.00,1.15643,USD,2.31 USD,TAKER,a0fce79f-9b88-47ff-9c26-2db35d87d4f3,2025-11-07 12:15:00+00:00,2025-11-07 12:15:00+00:00,{},False
O-20251109-223000-001-V2-3430,BACKTESTER-001,MLSignalStrategyV2-V2,EUR/USD.IDEALPRO,IDEALPRO-1-3430,IDEALPRO-001,IDEALPRO-1-824803,EUR/USD.IDEALPRO-MLSignalStrategyV2-V2,BUY,MARKET,100000.00,1.15570,USD,2.31 USD,TAKER,163bffd2-8e27-46a6-acd3-1bd902fa58f0,2025-11-09 22:30:00+00:00,2025-11-09 22:30:00+00:00,{},False
O-20251109-223000-001-V2-3431,BACKTESTER-001,MLSignalStrategyV2-V2,EUR/USD.IDEALPRO,IDEALPRO-1-3431,IDEALPRO-001,IDEALPRO-1-824875,EUR/USD.IDEALPRO-MLSignalStrategyV2-V2,SELL,STOP_MARKET,100000.00,1.15484,USD,2.31 USD,TAKER,55b4dcb5-8983-42b0-92d2-9f9184148a4e,2025-11-09 23:06:00+00:00,2025-11-09 23:06:00+00:00,{},False
O-20251109-231500-001-V2-3433,BACKTESTER-001,MLSignalStrategyV2-V2,EUR/USD.IDEALPRO,IDEALPRO-1-3433,IDEALPRO-001,IDEALPRO-1-824894,EUR/USD.IDEALPRO-MLSignalStrategyV2-V2,BUY,MARKET,100000.00,1.15492,USD,2.31 USD,TAKER,9271e016-e823-4561-adaf-006a0395b8c2,2025-11-09 23:15:00+00:00,2025-11-09 23:15:00+00:00,{},False
O-20251109-231500-001-V2-3434,BACKTESTER-001,MLSignalStrategyV2-V2,EUR/USD.IDEALPRO,IDEALPRO-1-3434,IDEALPRO-001,IDEALPRO-1-824957,EUR/USD.IDEALPRO-MLSignalStrategyV2-V2,SELL,STOP_MARKET,100000.00,1.15425,USD,2.31 USD,TAKER,c13497fd-82a8-421d-a1a7-2a3e9ab0b6a7,2025-11-09 23:46:00+00:00,2025-11-09 23:46:00+00:00,{},False
O-20251110-000000-001-V2-3436,BACKTESTER-001,MLSignalStrategyV2-V2,EUR/USD.IDEALPRO,IDEALPRO-1-3436,IDEALPRO-001,IDEALPRO-1-824986,EUR/USD.IDEALPRO-MLSignalStrategyV2-V2,BUY,MARKET,100000.00,1.15433,USD,2.31 USD,TAKER,e8eac1db-9328-46c9-94c8-9f25115e262b,2025-11-10 00:00:00+00:00,2025-11-10 00:00:00+00:00,{},False
O-20251110-000000-001-V2-3438,BACKTESTER-001,MLSignalStrategyV2-V2,EUR/USD.IDEALPRO,IDEALPRO-1-3438,IDEALPRO-001,IDEALPRO-1-824989,EUR/USD.IDEALPRO-MLSignalStrategyV2-V2,SELL,LIMIT,100000.00,1.15599,USD,2.31 USD,MAKER,e1353f03-f57b-4982-b58d-bd6999b0ba5f,2025-11-10 00:01:00+00:00,2025-11-10 00:01:00+00:00,{},False
O-20251110-003000-001-V2-3439,BACKTESTER-001,MLSignalStrategyV2-V2,EUR/USD.IDEALPRO,IDEALPRO-1-3439,IDEALPRO-001,IDEALPRO-1-825049,EUR/USD.IDEALPRO-MLSignalStrategyV2-V2,SELL,MARKET,100000.00,1.15522,USD,2.31 USD,TAKER,7e149785-5f8f-4bf0-b2d9-e51171b58af2,2025-11-10 00:30:00+00:00,2025-11-10 00:30:00+00:00,{},False
O-20251110-003000-001-V2-3440,BACKTESTER-001,MLSignalStrategyV2-V2,EUR/USD.IDEALPRO,IDEALPRO-1-3440,IDEALPRO-001,IDEALPRO-1-825209,EUR/USD.IDEALPRO-MLSignalStrategyV2-V2,BUY,STOP_MARKET,100000.00,1.15605,USD,2.31 USD,TAKER,b2f0c7a8-67ad-45f7-ad3e-9bb9c1434f6b,2025-11-10 01:50:00+00:00,2025-11-10 01:50:00+00:00,{},False
O-20251110-033000-001-V2-3442,BACKTESTER-001,MLSignalStrategyV2-V2,EUR/USD.IDEALPRO,IDEALPRO-1-3442,IDEALPRO-001,IDEALPRO-1-825410,EUR/USD.IDEALPRO-MLSignalStrategyV2-V2,SELL,MARKET,100000.00,1.15545,USD,2.31 USD,TAKER,66e16404-d432-4e92-a90b-aeb802720853,2025-11-10 03:30:00+00:00,2025-11-10 03:30:00+00:00,{},False
O-20251110-033000-001-V2-3443,BACKTESTER-001,MLSignalStrategyV2-V2,EUR/USD.IDEALPRO,IDEALPRO-1-3443,IDEALPRO-001,IDEALPRO-1-825537,EUR/USD.IDEALPRO-MLSignalStrategyV2-V2,BUY,STOP_MARKET,100000.00,1.15606,USD,2.31 USD,TAKER,b7fd2332-0b7b-4dbb-a55b-c2d54ce03276,2025-11-10 04:33:00+00:00,2025-11-10 04:33:00+00:00,{},False
O-20251110-084500-001-V2-3445,BACKTESTER-001,MLSignalStrategyV2-V2,EUR/USD.IDEALPRO,IDEALPRO-1-3445,IDEALPRO-001,IDEALPRO-1-826042,EUR/USD.IDEALPRO-MLSignalStrategyV2-V2,SELL,MARKET,100000.00,1.15784,USD,2.32 USD,TAKER,090416db-c2b9-4bc6-bfca-2ab45ce29579,2025-11-10 08:45:00+00:00,2025-11-10 08:45:00+00:00,{},False
O-20251110-084500-001-V2-3447,BACKTESTER-001,MLSignalStrategyV2-V2,EUR/USD.IDEALPRO,IDEALPRO-1-3447,IDEALPRO-001,IDEALPRO-1-826073,EUR/USD.IDEALPRO-MLSignalStrategyV2-V2,BUY,LIMIT,100000.00,1.15717,USD,2.31 USD,MAKER,06060b21-7f59-452e-a8a8-18eba4fee07d,2025-11-10 09:00:00+00:00,2025-11-10 09:00:00+00:00,{},False
O-20251110-201500-001-V2-3448,BACKTESTER-001,MLSignalStrategyV2-V2,EUR/USD.IDEALPRO,IDEALPRO-1-3448,IDEALPRO-001,IDEALPRO-1-827425,EUR/USD.IDEALPRO-MLSignalStrategyV2-V2,SELL,MARKET,100000.00,1.15626,USD,2.31 USD,TAKER,24ec4767-d443-4d82-963f-c93cd8942954,2025-11-10 20:15:00+00:00,2025-11-10 20:15:00+00:00,{},False
O-20251110-201500-001-V2-3450,BACKTESTER-001,MLSignalStrategyV2-V2,EUR/USD.IDEALPRO,IDEALPRO-1-3450,IDEALPRO-001,IDEALPRO-1-827587,EUR/USD.IDEALPRO-MLSignalStrategyV2-V2,BUY,LIMIT,100000.00,1.15582,USD,2.31 USD,MAKER,c926f38a-9231-4f7b-ae52-7c2f8117b981,2025-11-10 21:36:00+00:00,2025-11-10 21:36:00+00:00,{},False
O-20251111-013000-001-V2-3451,BACKTESTER-001,MLSignalStrategyV2-V2,EUR/USD.IDEALPRO,IDEALPRO-1-3451,IDEALPRO-001,IDEALPRO-1-828027,EUR/USD.IDEALPRO-MLSignalStrategyV2-V2,SELL,MARKET,100000.00,1.15495,USD,2.31 USD,TAKER,e55196b2-c93c-471f-8340-d8e64ee89ecc,2025-11-11 01:30:00+00:00,2025-11-11 01:30:00+00:00,{},False
O-20251111-013000-001-V2-3452,BACKTESTER-001,MLSignalStrategyV2-V2,EUR/USD.IDEALPRO,IDEALPRO-1-3452,IDEALPRO-001,IDEALPRO-1-828039,EUR/USD.IDEALPRO-MLSignalStrategyV2-V2,BUY,STOP_MARKET,100000.00,1.15541,USD,2.31 USD,TAKER,c03da01e-154b-45cd-ba86-df72d1af9779,2025-11-11 01:36:00+00:00,2025-11-11 01:36:00+00:00,{},False
O-20251111-210000-001-V2-3454,BACKTESTER-001,MLSignalStrategyV2-V2,EUR/USD.IDEALPRO,IDEALPRO-1-3454,IDEALPRO-001,IDEALPRO-1-830368,EUR/USD.IDEALPRO-MLSignalStrategyV2-V2,BUY,MARKET,100000.00,1.15835,USD,2.32 USD,TAKER,f43ac44c-7466-406f-b6ae-f28dfb0b2f5c,2025-11-11 21:00:00+00:00,2025-11-11 21:00:00+00:00,{},False
O-20251111-210000-001-V2-3455,BACKTESTER-001,MLSignalStrategyV2-V2,EUR/USD.IDEALPRO,IDEALPRO-1-3455,IDEALPRO-001,IDEALPRO-1-830865,EUR/USD.IDEALPRO-MLSignalStrategyV2-V2,SELL,STOP_MARKET,100000.00,1.15783,USD,2.32 USD,TAKER,2abc7420-cbc3-47ab-8d53-9203f1996206,2025-11-12 01:23:00+00:00,2025-11-12 01:23:00+00:00,{},False
O-20251112-111500-001-V2-3457,BACKTESTER-001,MLSignalStrategyV2-V2,EUR/USD.IDEALPRO,IDEALPRO-1-3457,IDEALPRO-001,IDEALPRO-1-832051,EUR/USD.IDEALPRO-MLSignalStrategyV2-V2,BUY,MARKET,100000.00,1.15692,USD,2.31 USD,TAKER,78b1ab62-524e-4ab8-93de-867cdd5a0cc7,2025-11-12 11:15:00+00:00,2025-11-12 11:15:00+00:00,{},False
O-20251112-111500-001-V2-3459,BACKTESTER-001,MLSignalStrategyV2-V2,EUR/USD.IDEALPRO,IDEALPRO-1-3459,IDEALPRO-001,IDEALPRO-1-832125,EUR/USD.IDEALPRO-MLSignalStrategyV2-V2,SELL,LIMIT,100000.00,1.15749,USD,2.31 USD,MAKER,02f338d3-b152-4577-8b12-d568f45847b1,2025-11-12 11:52:00+00:00,2025-11-12 11:52:00+00:00,{},False
O-20251112-154500-001-V2-3460,BACKTESTER-001,MLSignalStrategyV2-V2,EUR/USD.IDEALPRO,IDEALPRO-1-3460,IDEALPRO-001,IDEALPRO-1-832593,EUR/USD.IDEALPRO-MLSignalStrategyV2-V2,BUY,MARKET,100000.00,1.15844,USD,2.32 USD,TAKER,c4455f89-24bf-44bf-bdba-f6efdba5bb9b,2025-11-12 15:45:00+00:00,2025-11-12 15:45:00+00:00,{},False
O-20251112-154500-001-V2-3462,BACKTESTER-001,MLSignalStrategyV2-V2,EUR/USD.IDEALPRO,IDEALPRO-1-3462,IDEALPRO-001,IDEALPRO-1-832615,EUR/USD.IDEALPRO-MLSignalStrategyV2-V2,SELL,LIMIT,100000.00,1.15925,USD,2.32 USD,MAKER,d7c8bd61-3423-4468-b892-b755026c3d12,2025-11-12 15:56:00+00:00,2025-11-12 15:56:00+00:00,{},False
O-20251112-220000-001-V2-3463,BACKTESTER-001,MLSignalStrategyV2-V2,EUR/USD.IDEALPRO,IDEALPRO-1-3463,IDEALPRO-001,IDEALPRO-1-833344,EUR/USD.IDEALPRO-MLSignalStrategyV2-V2,BUY,MARKET,100000.00,1.15933,USD,2.32 USD,TAKER,0c4c72e9-0124-4c32-bffa-6b9076fd7047,2025-11-12 22:00:00+00:00,2025-11-12 22:00:00+00:00,{},False
O-20251112-220000-001-V2-3464,BACKTESTER-001,MLSignalStrategyV2-V2,EUR/USD.IDEALPRO,IDEALPRO-1-3464,IDEALPRO-001,IDEALPRO-1-833565,EUR/USD.IDEALPRO-MLSignalStrategyV2-V2,SELL,STOP_MARKET,100000.00,1.15889,USD,2.32 USD,TAKER,7a93c064-2108-4b12-9bbe-4e808719c776,2025-11-13 00:05:00+00:00,2025-11-13 00:05:00+00:00,{},False
O-20251113-004500-001-V2-3466,BACKTESTER-001,MLSignalStrategyV2-V2,EUR/USD.IDEALPRO,IDEALPRO-1-3466,IDEALPRO-001,IDEALPRO-1-833647,EUR/USD.IDEALPRO-MLSignalStrategyV2-V2,BUY,MARKET,100000.00,1.15824,USD,2.32 USD,TAKER,095e76be-71cd-4edd-b820-52ada4c5ae36,2025-11-13 00:45:00+00:00,2025-11-13 00:45:00+00:00,{},False
O-20251113-004500-001-V2-3468,BACKTESTER-001,MLSignalStrategyV2-V2,EUR/USD.IDEALPRO,IDEALPRO-1-3468,IDEALPRO-001,IDEALPRO-1-833759,EUR/USD.IDEALPRO-MLSignalStrategyV2-V2,SELL,LIMIT,100000.00,1.15861,USD,2.32 USD,MAKER,8e4b1428-85dc-45d7-a6c5-1af400d9f9a7,2025-11-13 01:41:00+00:00,2025-11-13 01:41:00+00:00,{},False
O-20251113-101500-001-V2-3469,BACKTESTER-001,MLSignalStrategyV2-V2,EUR/USD.IDEALPRO,IDEALPRO-1-3469,IDEALPRO-001,IDEALPRO-1-834788,EUR/USD.IDEALPRO-MLSignalStrategyV2-V2,SELL,MARKET,100000.00,1.16160,USD,2.32 USD,TAKER,0fd7278a-eb7f-446c-9cbb-639f48878ec0,2025-11-13 10:15:00+00:00,2025-11-13 10:15:00+00:00,{},False
O-20251113-101500-001-V2-3471,BACKTESTER-001,MLSignalStrategyV2-V2,EUR/USD.IDEALPRO,IDEALPRO-1-3471,IDEALPRO-001,IDEALPRO-1-834981,EUR/USD.IDEALPRO-MLSignalStrategyV2-V2,BUY,LIMIT,100000.00,1.16059,USD,2.32 USD,MAKER,d9f75565-dc5b-4a03-9285-949ca8d3e9a1,2025-11-13 11:51:00+00:00,2025-11-13 11:51:00+00:00,{},False
O-20251113-153000-001-V2-3472,BACKTESTER-001,MLSignalStrategyV2-V2,EUR/USD.IDEALPRO,IDEALPRO-1-3472,IDEALPRO-001,IDEALPRO-1-835420,EUR/USD.IDEALPRO-MLSignalStrategyV2-V2,BUY,MARKET,100000.00,1.16309,USD,2.33 USD,TAKER,84ab7a43-511a-4340-9025-b72a58ca47a6,2025-11-13 15:30:00+00:00,2025-11-13 15:30:00+00:00,{},False
O-20251113-153000-001-V2-3474,BACKTESTER-001,MLSignalStrategyV2-V2,EUR/USD.IDEALPRO,IDEALPRO-1-3474,IDEALPRO-001,IDEALPRO-1-835435,EUR/USD.IDEALPRO-MLSignalStrategyV2-V2,SELL,LIMIT,100000.00,1.16381,USD,2.33 USD,MAKER,2bdff4dd-a9a4-40b6-af3e-f9b066ea556d,2025-11-13 15:37:00+00:00,2025-11-13 15:37:00+00:00,{},False
O-20251113-163000-001-V2-3475,BACKTESTER-001,MLSignalStrategyV2-V2,EUR/USD.IDEALPRO,IDEALPRO-1-3475,IDEALPRO-001,IDEALPRO-1-835543,EUR/USD.IDEALPRO-MLSignalStrategyV2-V2,BUY,MARKET,100000.00,1.16440,USD,2.33 USD,TAKER,7be7f54b-708a-46d2-8325-a49f76f96dba,2025-11-13 16:30:00+00:00,2025-11-13 16:30:00+00:00,{},False
O-20251113-163000-001-V2-3477,BACKTESTER-001,MLSignalStrategyV2-V2,EUR/USD.IDEALPRO,IDEALPRO-1-3477,IDEALPRO-001,IDEALPRO-1-835639,EUR/USD.IDEALPRO-MLSignalStrategyV2-V2,SELL,LIMIT,100000.00,1.16510,USD,2.33 USD,MAKER,2fad506a-d08f-42e6-a564-5b2b8c448065,2025-11-13 17:18:00+00:00,2025-11-13 17:18:00+00:00,{},False
O-20251113-200000-001-V2-3478,BACKTESTER-001,MLSignalStrategyV2-V2,EUR/USD.IDEALPRO,IDEALPRO-1-3478,IDEALPRO-001,IDEALPRO-1-835964,EUR/USD.IDEALPRO-MLSignalStrategyV2-V2,SELL,MARKET,100000.00,1.16356,USD,2.33 USD,TAKER,8ab57c0f-18da-4603-82ec-e5abe52021c9,2025-11-13 20:00:00+00:00,2025-11-13 20:00:00+00:00,{},False
O-20251113-200000-001-V2-3480,BACKTESTER-001,MLSignalStrategyV2-V2,EUR/USD.IDEALPRO,IDEALPRO-1-3480,IDEALPRO-001,IDEALPRO-1-836301,EUR/USD.IDEALPRO-MLSignalStrategyV2-V2,BUY,LIMIT,100000.00,1.16296,USD,2.33 USD,MAKER,080ef815-1f47-405d-bea9-d53f7649c7b0,2025-11-13 23:03:00+00:00,2025-11-13 23:03:00+00:00,{},False
O-20251114-114500-001-V2-3481,BACKTESTER-001,MLSignalStrategyV2-V2,EUR/USD.IDEALPRO,IDEALPRO-1-3481,IDEALPRO-001,IDEALPRO-1-837826,EUR/USD.IDEALPRO-MLSignalStrategyV2-V2,SELL,MARKET,100000.00,1.16144,USD,2.32 USD,TAKER,5d6dd8f8-4485-4a6d-be2d-b899044f55c0,2025-11-14 11:45:00+00:00,2025-11-14 11:45:00+00:00,{},False
O-20251114-114500-001-V2-3482,BACKTESTER-001,MLSignalStrategyV2-V2,EUR/USD.IDEALPRO,IDEALPRO-1-3482,IDEALPRO-001,IDEALPRO-1-837871,EUR/USD.IDEALPRO-MLSignalStrategyV2-V2,BUY,STOP_MARKET,100000.00,1.16237,USD,2.32 USD,TAKER,138e030f-214f-4f08-a8a9-27d81e3ea29e,2025-11-14 12:07:00+00:00,2025-11-14 12:07:00+00:00,{},False
O-20251116-223000-001-V2-3484,BACKTESTER-001,MLSignalStrategyV2-V2,EUR/USD.IDEALPRO,IDEALPRO-1-3484,IDEALPRO-001,IDEALPRO-1-839088,EUR/USD.IDEALPRO-MLSignalStrategyV2-V2,BUY,MARKET,100000.00,1.16244,USD,2.32 USD,TAKER,529471c2-3a86-45a9-bb4d-6627830a9bd9,2025-11-16 22:30:00+00:00,2025-11-16 22:30:00+00:00,{},False
O-20251116-223000-001-V2-3485,BACKTESTER-001,MLSignalStrategyV2-V2,EUR/USD.IDEALPRO,IDEALPRO-1-3485,IDEALPRO-001,IDEALPRO-1-839153,EUR/USD.IDEALPRO-MLSignalStrategyV2-V2,SELL,STOP_MARKET,100000.00,1.16194,USD,2.32 USD,TAKER,cda59295-de68-49d4-a31d-9101549ddaf5,2025-11-16 23:02:00+00:00,2025-11-16 23:02:00+00:00,{},False
O-20251116-231500-001-V2-3487,BACKTESTER-001,MLSignalStrategyV2-V2,EUR/USD.IDEALPRO,IDEALPRO-1-3487,IDEALPRO-001,IDEALPRO-1-839180,EUR/USD.IDEALPRO-MLSignalStrategyV2-V2,BUY,MARKET,100000.00,1.16217,USD,2.32 USD,TAKER,962aaa7d-defa-4926-b4f0-279b44841249,2025-11-16 23:15:00+00:00,2025-11-16 23:15:00+00:00,{},False
O-20251116-231500-001-V2-3488,BACKTESTER-001,MLSignalStrategyV2-V2,EUR/USD.IDEALPRO,IDEALPRO-1-3488,IDEALPRO-001,IDEALPRO-1-839249,EUR/USD.IDEALPRO-MLSignalStrategyV2-V2,SELL,STOP_MARKET,100000.00,1.16167,USD,2.32 USD,TAKER,fb058d08-ed5c-458a-bea7-c02592c21838,2025-11-16 23:49:00+00:00,2025-11-16 23:49:00+00:00,{},False
O-20251117-090000-001-V2-3490,BACKTESTER-001,MLSignalStrategyV2-V2,EUR/USD.IDEALPRO,IDEALPRO-1-3490,IDEALPRO-001,IDEALPRO-1-840353,EUR/USD.IDEALPRO-MLSignalStrategyV2-V2,SELL,MARKET,100000.00,1.16033,USD,2.32 USD,TAKER,72897b80-9774-4750-b85c-246f19f20583,2025-11-17 09:00:00+00:00,2025-11-17 09:00:00+00:00,{},False
O-20251117-090000-001-V2-3492,BACKTESTER-001,MLSignalStrategyV2-V2,EUR/USD.IDEALPRO,IDEALPRO-1-3492,IDEALPRO-001,IDEALPRO-1-840363,EUR/USD.IDEALPRO-MLSignalStrategyV2-V2,BUY,LIMIT,100000.00,1.15981,USD,2.32 USD,MAKER,eb60f7a7-9599-4271-ae3b-99e4db6586fb,2025-11-17 09:05:00+00:00,2025-11-17 09:05:00+00:00,{},False
O-20251117-093000-001-V2-3493,BACKTESTER-001,MLSignalStrategyV2-V2,EUR/USD.IDEALPRO,IDEALPRO-1-3493,IDEALPRO-001,IDEALPRO-1-840414,EUR/USD.IDEALPRO-MLSignalStrategyV2-V2,SELL,MARKET,100000.00,1.15982,USD,2.32 USD,TAKER,7e256dd2-64eb-4cb7-9aec-5bbcc01513e9,2025-11-17 09:30:00+00:00,2025-11-17 09:30:00+00:00,{},False
O-20251117-093000-001-V2-3494,BACKTESTER-001,MLSignalStrategyV2-V2,EUR/USD.IDEALPRO,IDEALPRO-1-3494,IDEALPRO-001,IDEALPRO-1-840425,EUR/USD.IDEALPRO-MLSignalStrategyV2-V2,BUY,STOP_MARKET,100000.00,1.16047,USD,2.32 USD,TAKER,b61dfdea-3643-476c-bd12-b3b04cfe0d4f,2025-11-17 09:35:00+00:00,2025-11-17 09:35:00+00:00,{},False
O-20251117-141500-001-V2-3496,BACKTESTER-001,MLSignalStrategyV2-V2,EUR/USD.IDEALPRO,IDEALPRO-1-3496,IDEALPRO-001,IDEALPRO-1-840987,EUR/USD.IDEALPRO-MLSignalStrategyV2-V2,SELL,MARKET,100000.00,1.15937,USD,2.32 USD,TAKER,2e3a9260-c483-4e91-bf2c-b7de7c25a9ba,2025-11-17 14:15:00+00:00,2025-11-17 14:15:00+00:00,{},False
O-20251117-141500-001-V2-3498,BACKTESTER-001,MLSignalStrategyV2-V2,EUR/USD.IDEALPRO,IDEALPRO-1-3498,IDEALPRO-001,IDEALPRO-1-841033,EUR/USD.IDEALPRO-MLSignalStrategyV2-V2,BUY,LIMIT,100000.00,1.15884,USD,2.32 USD,MAKER,e9b3c132-4d3a-42c0-8207-5f548857d67e,2025-11-17 14:38:00+00:00,2025-11-17 14:38:00+00:00,{},False
O-20251117-160000-001-V2-3499,BACKTESTER-001,MLSignalStrategyV2-V2,EUR/USD.IDEALPRO,IDEALPRO-1-3499,IDEALPRO-001,IDEALPRO-1-841198,EUR/USD.IDEALPRO-MLSignalStrategyV2-V2,SELL,MARKET,100000.00,1.15976,USD,2.32 USD,TAKER,a1ec8d25-ac2a-40b5-b4f3-ed881536ccc7,2025-11-17 16:00:00+00:00,2025-11-17 16:00:00+00:00,{},False
O-20251117-160000-001-V2-3501,BACKTESTER-001,MLSignalStrategyV2-V2,EUR/USD.IDEALPRO,IDEALPRO-1-3501,IDEALPRO-001,IDEALPRO-1-841417,EUR/USD.IDEALPRO-MLSignalStrategyV2-V2,BUY,LIMIT,100000.00,1.15916,USD,2.32 USD,MAKER,f0536b92-9f1a-4847-a5f2-e15aa8ac9a49,2025-11-17 17:49:00+00:00,2025-11-17 17:49:00+00:00,{},False
O-20251118-184500-001-V2-3502,BACKTESTER-001,MLSignalStrategyV2-V2,EUR/USD.IDEALPRO,IDEALPRO-1-3502,IDEALPRO-001,IDEALPRO-1-844381,EUR/USD.IDEALPRO-MLSignalStrategyV2-V2,SELL,MARKET,100000.00,1.15850,USD,2.32 USD,TAKER,06356760-574a-43a8-84bf-fe868c88d946,2025-11-18 18:45:00+00:00,2025-11-18 18:45:00+00:00,{},False
O-20251118-184500-001-V2-3504,BACKTESTER-001,MLSignalStrategyV2-V2,EUR/USD.IDEALPRO,IDEALPRO-1-3504,IDEALPRO-001,IDEALPRO-1-844637,EUR/USD.IDEALPRO-MLSignalStrategyV2-V2,BUY,LIMIT,100000.00,1.15788,USD,2.32 USD,MAKER,048af714-67b8-4de7-9074-4d049da9f174,2025-11-18 20:53:00+00:00,2025-11-18 20:53:00+00:00,{},False
O-20251118-231500-001-V2-3505,BACKTESTER-001,MLSignalStrategyV2-V2,EUR/USD.IDEALPRO,IDEALPRO-1-3505,IDEALPRO-001,IDEALPRO-1-844893,EUR/USD.IDEALPRO-MLSignalStrategyV2-V2,BUY,MARKET,100000.00,1.15787,USD,2.32 USD,TAKER,c9fce821-8b6d-405d-b242-d17cfdceeac7,2025-11-18 23:15:00+00:00,2025-11-18 23:15:00+00:00,{},False
O-20251118-231500-001-V2-3507,BACKTESTER-001,MLSignalStrategyV2-V2,EUR/USD.IDEALPRO,IDEALPRO-1-3507,IDEALPRO-001,IDEALPRO-1-844993,EUR/USD.IDEALPRO-MLSignalStrategyV2-V2,SELL,LIMIT,100000.00,1.15822,USD,2.32 USD,MAKER,f1029e92-295b-465d-b30d-840ab22598ce,2025-11-19 00:05:00+00:00,2025-11-19 00:05:00+00:00,{},False
O-20251119-093000-001-V2-3508,BACKTESTER-001,MLSignalStrategyV2-V2,EUR/USD.IDEALPRO,IDEALPRO-1-3508,IDEALPRO-001,IDEALPRO-1-846125,EUR/USD.IDEALPRO-MLSignalStrategyV2-V2,BUY,MARKET,100000.00,1.15757,USD,2.32 USD,TAKER,bc97f66c-b189-4e7c-b1a8-89d82dc8276c,2025-11-19 09:30:00+00:00,2025-11-19 09:30:00+00:00,{},False
O-20251119-093000-001-V2-3509,BACKTESTER-001,MLSignalStrategyV2-V2,EUR/USD.IDEALPRO,IDEALPRO-1-3509,IDEALPRO-001,IDEALPRO-1-846163,EUR/USD.IDEALPRO-MLSignalStrategyV2-V2,SELL,STOP_MARKET,100000.00,1.15664,USD,2.31 USD,TAKER,95db2aa5-5cb0-4114-a587-8883467ac063,2025-11-19 09:49:00+00:00,2025-11-19 09:49:00+00:00,{},False
O-20251119-173000-001-V2-3511,BACKTESTER-001,MLSignalStrategyV2-V2,EUR/USD.IDEALPRO,IDEALPRO-1-3511,IDEALPRO-001,IDEALPRO-1-847086,EUR/USD.IDEALPRO-MLSignalStrategyV2-V2,BUY,MARKET,100000.00,1.15295,USD,2.31 USD,TAKER,c127755b-cd78-43a5-bc88-186edd57d71b,2025-11-19 17:30:00+00:00,2025-11-19 17:30:00+00:00,{},False
O-20251119-173000-001-V2-3513,BACKTESTER-001,MLSignalStrategyV2-V2,EUR/USD.IDEALPRO,IDEALPRO-1-3513,IDEALPRO-001,IDEALPRO-1-847243,EUR/USD.IDEALPRO-MLSignalStrategyV2-V2,SELL,LIMIT,100000.00,1.15373,USD,2.31 USD,MAKER,a3c9b501-754e-4298-9edd-8d0dba5d3203,2025-11-19 18:48:00+00:00,2025-11-19 18:48:00+00:00,{},False
O-20251119-210000-001-V2-3514,BACKTESTER-001,MLSignalStrategyV2-V2,EUR/USD.IDEALPRO,IDEALPRO-1-3514,IDEALPRO-001,IDEALPRO-1-847508,EUR/USD.IDEALPRO-MLSignalStrategyV2-V2,BUY,MARKET,100000.00,1.15263,USD,2.31 USD,TAKER,2b7482a9-6ce3-4dfa-a6b3-1fb7a879880d,2025-11-19 21:00:00+00:00,2025-11-19 21:00:00+00:00,{},False
O-20251119-210000-001-V2-3516,BACKTESTER-001,MLSignalStrategyV2-V2,EUR/USD.IDEALPRO,IDEALPRO-1-3516,IDEALPRO-001,IDEALPRO-1-847575,EUR/USD.IDEALPRO-MLSignalStrategyV2-V2,SELL,LIMIT,100000.00,1.15319,USD,2.31 USD,MAKER,c57a1a00-f713-49e3-9142-43ba707fe8f5,2025-11-19 21:33:00+00:00,2025-11-19 21:33:00+00:00,{},False
O-20251120-000000-001-V2-3517,BACKTESTER-001,MLSignalStrategyV2-V2,EUR/USD.IDEALPRO,IDEALPRO-1-3517,IDEALPRO-001,IDEALPRO-1-847840,EUR/USD.IDEALPRO-MLSignalStrategyV2-V2,SELL,MARKET,100000.00,1.15393,USD,2.31 USD,TAKER,bb875625-e024-427d-988f-a461149c14a3,2025-11-20 00:00:00+00:00,2025-11-20 00:00:00+00:00,{},False
O-20251120-000000-001-V2-3519,BACKTESTER-001,MLSignalStrategyV2-V2,EUR/USD.IDEALPRO,IDEALPRO-1-3519,IDEALPRO-001,IDEALPRO-1-847845,EUR/USD.IDEALPRO-MLSignalStrategyV2-V2,BUY,LIMIT,100000.00,1.15350,USD,2.31 USD,MAKER,5960e7c1-45b9-422c-a812-df1f47037d5e,2025-11-20 00:02:00+00:00,2025-11-20 00:02:00+00:00,{},False
O-20251120-003000-001-V2-3520,BACKTESTER-001,MLSignalStrategyV2-V2,EUR/USD.IDEALPRO,IDEALPRO-1-3520,IDEALPRO-001,IDEALPRO-1-847903,EUR/USD.IDEALPRO-MLSignalStrategyV2-V2,BUY,MARKET,100000.00,1.15314,USD,2.31 USD,TAKER,f5849d4a-41c2-48aa-9e90-9975f086ab02,2025-11-20 00:30:00+00:00,2025-11-20 00:30:00+00:00,{},False
O-20251120-003000-001-V2-3522,BACKTESTER-001,MLSignalStrategyV2-V2,EUR/USD.IDEALPRO,IDEALPRO-1-3522,IDEALPRO-001,IDEALPRO-1-847965,EUR/USD.IDEALPRO-MLSignalStrategyV2-V2,SELL,LIMIT,100000.00,1.15354,USD,2.31 USD,MAKER,4d3e1c84-230c-4367-abeb-7540a132205c,2025-11-20 01:01:00+00:00,2025-11-20 01:01:00+00:00,{},False
O-20251120-011500-001-V2-3523,BACKTESTER-001,MLSignalStrategyV2-V2,EUR/USD.IDEALPRO,IDEALPRO-1-3523,IDEALPRO-001,IDEALPRO-1-847994,EUR/USD.IDEALPRO-MLSignalStrategyV2-V2,BUY,MARKET,100000.00,1.15300,USD,2.31 USD,TAKER,0c75228a-2c69-4ce8-9b0a-d091c341ccc8,2025-11-20 01:15:00+00:00,2025-11-20 01:15:00+00:00,{},False
O-20251120-011500-001-V2-3524,BACKTESTER-001,MLSignalStrategyV2-V2,EUR/USD.IDEALPRO,IDEALPRO-1-3524,IDEALPRO-001,IDEALPRO-1-848071,EUR/USD.IDEALPRO-MLSignalStrategyV2-V2,SELL,STOP_MARKET,100000.00,1.15236,USD,2.30 USD,TAKER,0ecfb677-f4f1-4aa9-b167-3b81331566e3,2025-11-20 01:53:00+00:00,2025-11-20 01:53:00+00:00,{},False
O-20251120-044500-001-V2-3526,BACKTESTER-001,MLSignalStrategyV2-V2,EUR/USD.IDEALPRO,IDEALPRO-1-3526,IDEALPRO-001,IDEALPRO-1-848416,EUR/USD.IDEALPRO-MLSignalStrategyV2-V2,SELL,MARKET,100000.00,1.15199,USD,2.30 USD,TAKER,f98572dc-453c-4f80-8fe4-02083afa75a9,2025-11-20 04:45:00+00:00,2025-11-20 04:45:00+00:00,{},False
O-20251120-044500-001-V2-3528,BACKTESTER-001,MLSignalStrategyV2-V2,EUR/USD.IDEALPRO,IDEALPRO-1-3528,IDEALPRO-001,IDEALPRO-1-848467,EUR/USD.IDEALPRO-MLSignalStrategyV2-V2,BUY,LIMIT,100000.00,1.15157,USD,2.30 USD,MAKER,55d96db4-eeba-4baa-8a50-c612d8b82ea4,2025-11-20 05:10:00+00:00,2025-11-20 05:10:00+00:00,{},False
O-20251120-194500-001-V2-3529,BACKTESTER-001,MLSignalStrategyV2-V2,EUR/USD.IDEALPRO,IDEALPRO-1-3529,IDEALPRO-001,IDEALPRO-1-850219,EUR/USD.IDEALPRO-MLSignalStrategyV2-V2,BUY,MARKET,100000.00,1.15366,USD,2.31 USD,TAKER,898f379e-2302-4f67-b2ba-74dfb17c05ce,2025-11-20 19:45:00+00:00,2025-11-20 19:45:00+00:00,{},False
O-20251120-194500-001-V2-3530,BACKTESTER-001,MLSignalStrategyV2-V2,EUR/USD.IDEALPRO,IDEALPRO-1-3530,IDEALPRO-001,IDEALPRO-1-850295,EUR/USD.IDEALPRO-MLSignalStrategyV2-V2,SELL,STOP_MARKET,100000.00,1.15295,USD,2.31 USD,TAKER,0623dcac-be28-49d7-9ff4-a33fa6b470da,2025-11-20 20:23:00+00:00,2025-11-20 20:23:00+00:00,{},False
O-20251121-081500-001-V2-3532,BACKTESTER-001,MLSignalStrategyV2-V2,EUR/USD.IDEALPRO,IDEALPRO-1-3532,IDEALPRO-001,IDEALPRO-1-851690,EUR/USD.IDEALPRO-MLSignalStrategyV2-V2,BUY,MARKET,100000.00,1.15457,USD,2.31 USD,TAKER,78fdeea1-6bcb-43f7-ab54-c33830e18c1b,2025-11-21 08:15:00+00:00,2025-11-21 08:15:00+00:00,{},False
O-20251121-081500-001-V2-3534,BACKTESTER-001,MLSignalStrategyV2-V2,EUR/USD.IDEALPRO,IDEALPRO-1-3534,IDEALPRO-001,IDEALPRO-1-851697,EUR/USD.IDEALPRO-MLSignalStrategyV2-V2,SELL,LIMIT,100000.00,1.15522,USD,2.31 USD,MAKER,c8e919fd-6247-4a97-91bb-120a488d7a19,2025-11-21 08:18:00+00:00,2025-11-21 08:18:00+00:00,{},False
O-20251121-101500-001-V2-3535,BACKTESTER-001,MLSignalStrategyV2-V2,EUR/USD.IDEALPRO,IDEALPRO-1-3535,IDEALPRO-001,IDEALPRO-1-851932,EUR/USD.IDEALPRO-MLSignalStrategyV2-V2,BUY,MARKET,100000.00,1.15173,USD,2.30 USD,TAKER,413e3990-2d68-42ce-b4d1-27d6e5d35969,2025-11-21 10:15:00+00:00,2025-11-21 10:15:00+00:00,{},False
O-20251121-101500-001-V2-3536,BACKTESTER-001,MLSignalStrategyV2-V2,EUR/USD.IDEALPRO,IDEALPRO-1-3536,IDEALPRO-001,IDEALPRO-1-852131,EUR/USD.IDEALPRO-MLSignalStrategyV2-V2,SELL,STOP_MARKET,100000.00,1.15053,USD,2.30 USD,TAKER,aaf5b1fa-8534-43cb-968a-ee8a0fe32e7f,2025-11-21 11:54:00+00:00,2025-11-21 11:54:00+00:00,{},False
O-20251121-141500-001-V2-3538,BACKTESTER-001,MLSignalStrategyV2-V2,EUR/USD.IDEALPRO,IDEALPRO-1-3538,IDEALPRO-001,IDEALPRO-1-852414,EUR/USD.IDEALPRO-MLSignalStrategyV2-V2,SELL,MARKET,100000.00,1.15126,USD,2.30 USD,TAKER,043010dd-7eec-4237-9cd9-0e0e66f34474,2025-11-21 14:15:00+00:00,2025-11-21 14:15:00+00:00,{},False
O-20251121-141500-001-V2-3539,BACKTESTER-001,MLSignalStrategyV2-V2,EUR/USD.IDEALPRO,IDEALPRO-1-3539,IDEALPRO-001,IDEALPRO-1-852509,EUR/USD.IDEALPRO-MLSignalStrategyV2-V2,BUY,STOP_MARKET,100000.00,1.15232,USD,2.30 USD,TAKER,f01a36c1-3390-4e20-8aa4-315c4235c6ff,2025-11-21 15:02:00+00:00,2025-11-21 15:02:00+00:00,{},False
O-20251121-161500-001-V2-3541,BACKTESTER-001,MLSignalStrategyV2-V2,EUR/USD.IDEALPRO,IDEALPRO-1-3541,IDEALPRO-001,IDEALPRO-1-852657,EUR/USD.IDEALPRO-MLSignalStrategyV2-V2,BUY,MARKET,100000.00,1.14976,USD,2.30 USD,TAKER,edf90869-4e84-4847-854d-5fdd0e2a06e3,2025-11-21 16:15:00+00:00,2025-11-21 16:15:00+00:00,{},False
O-20251121-161500-001-V2-3543,BACKTESTER-001,MLSignalStrategyV2-V2,EUR/USD.IDEALPRO,IDEALPRO-1-3543,IDEALPRO-001,IDEALPRO-1-852749,EUR/USD.IDEALPRO-MLSignalStrategyV2-V2,SELL,LIMIT,100000.00,1.15086,USD,2.30 USD,MAKER,474481a4-3577-4b02-885a-226f2ff11d48,2025-11-21 17:01:00+00:00,2025-11-21 17:01:00+00:00,{},False
O-20251123-223000-001-V2-3544,BACKTESTER-001,MLSignalStrategyV2-V2,EUR/USD.IDEALPRO,IDEALPRO-1-3544,IDEALPRO-001,IDEALPRO-1-853378,EUR/USD.IDEALPRO-MLSignalStrategyV2-V2,BUY,MARKET,100000.00,1.15134,USD,2.30 USD,TAKER,3b1ae3c6-a55e-466f-af22-46505852cc7e,2025-11-23 22:30:00+00:00,2025-11-23 22:30:00+00:00,{},False
O-20251123-223000-001-V2-3545,BACKTESTER-001,MLSignalStrategyV2-V2,EUR/USD.IDEALPRO,IDEALPRO-1-3545,IDEALPRO-001,IDEALPRO-1-853493,EUR/USD.IDEALPRO-MLSignalStrategyV2-V2,SELL,STOP_MARKET,100000.00,1.15061,USD,2.30 USD,TAKER,a7feb657-1871-40ee-99c2-66e57ff5fed7,2025-11-23 23:27:00+00:00,2025-11-23 23:27:00+00:00,{},False
O-20251123-233000-001-V2-3547,BACKTESTER-001,MLSignalStrategyV2-V2,EUR/USD.IDEALPRO,IDEALPRO-1-3547,IDEALPRO-001,IDEALPRO-1-853500,EUR/USD.IDEALPRO-MLSignalStrategyV2-V2,BUY,MARKET,100000.00,1.15087,USD,2.30 USD,TAKER,ce74a5d2-9298-4011-9b6d-75d50b0cd30e,2025-11-23 23:30:00+00:00,2025-11-23 23:30:00+00:00,{},False
O-20251123-233000-001-V2-3548,BACKTESTER-001,MLSignalStrategyV2-V2,EUR/USD.IDEALPRO,IDEALPRO-1-3548,IDEALPRO-001,IDEALPRO-1-853599,EUR/USD.IDEALPRO-MLSignalStrategyV2-V2,SELL,STOP_MARKET,100000.00,1.15034,USD,2.30 USD,TAKER,4b9c8cbf-c5fc-4210-b95b-122011c3b3f7,2025-11-24 00:19:00+00:00,2025-11-24 00:19:00+00:00,{},False
O-20251124-030000-001-V2-3550,BACKTESTER-001,MLSignalStrategyV2-V2,EUR/USD.IDEALPRO,IDEALPRO-1-3550,IDEALPRO-001,IDEALPRO-1-853923,EUR/USD.IDEALPRO-MLSignalStrategyV2-V2,SELL,MARKET,100000.00,1.15158,USD,2.30 USD,TAKER,9d667bc5-4a6b-4dd0-95d2-dac4e6e783a0,2025-11-24 03:00:00+00:00,2025-11-24 03:00:00+00:00,{},False
O-20251124-030000-001-V2-3551,BACKTESTER-001,MLSignalStrategyV2-V2,EUR/USD.IDEALPRO,IDEALPRO-1-3551,IDEALPRO-001,IDEALPRO-1-854155,EUR/USD.IDEALPRO-MLSignalStrategyV2-V2,BUY,STOP_MARKET,100000.00,1.15211,USD,2.30 USD,TAKER,958428a5-e625-472b-a7f2-911800a765bc,2025-11-24 04:56:00+00:00,2025-11-24 04:56:00+00:00,{},False
O-20251124-153000-001-V2-3553,BACKTESTER-001,MLSignalStrategyV2-V2,EUR/USD.IDEALPRO,IDEALPRO-1-3553,IDEALPRO-001,IDEALPRO-1-855425,EUR/USD.IDEALPRO-MLSignalStrategyV2-V2,SELL,MARKET,100000.00,1.15216,USD,2.30 USD,TAKER,61685250-376b-4cf2-891b-349e7f3a5af1,2025-11-24 15:30:00+00:00,2025-11-24 15:30:00+00:00,{},False
O-20251124-153000-001-V2-3554,BACKTESTER-001,MLSignalStrategyV2-V2,EUR/USD.IDEALPRO,IDEALPRO-1-3554,IDEALPRO-001,IDEALPRO-1-855447,EUR/USD.IDEALPRO-MLSignalStrategyV2-V2,BUY,STOP_MARKET,100000.00,1.15302,USD,2.31 USD,TAKER,26ca39f8-3eb4-4530-980f-732ec733d781,2025-11-24 15:41:00+00:00,2025-11-24 15:41:00+00:00,{},False
O-20251124-184500-001-V2-3556,BACKTESTER-001,MLSignalStrategyV2-V2,EUR/USD.IDEALPRO,IDEALPRO-1-3556,IDEALPRO-001,IDEALPRO-1-855816,EUR/USD.IDEALPRO-MLSignalStrategyV2-V2,SELL,MARKET,100000.00,1.15234,USD,2.30 USD,TAKER,8a086361-0d14-458d-91e6-786a23592c05,2025-11-24 18:45:00+00:00,2025-11-24 18:45:00+00:00,{},False
O-20251124-184500-001-V2-3557,BACKTESTER-001,MLSignalStrategyV2-V2,EUR/USD.IDEALPRO,IDEALPRO-1-3557,IDEALPRO-001,IDEALPRO-1-856611,EUR/USD.IDEALPRO-MLSignalStrategyV2-V2,BUY,STOP_MARKET,100000.00,1.15301,USD,2.31 USD,TAKER,923f670e-f4e1-44ee-ae5e-f227fe9654eb,2025-11-25 01:37:00+00:00,2025-11-25 01:37:00+00:00,{},False
O-20251125-124500-001-V2-3559,BACKTESTER-001,MLSignalStrategyV2-V2,EUR/USD.IDEALPRO,IDEALPRO-1-3559,IDEALPRO-001,IDEALPRO-1-857948,EUR/USD.IDEALPRO-MLSignalStrategyV2-V2,SELL,MARKET,100000.00,1.15446,USD,2.31 USD,TAKER,379d5e0a-f5d1-4cd7-96c1-998f376b3196,2025-11-25 12:45:00+00:00,2025-11-25 12:45:00+00:00,{},False
O-20251125-124500-001-V2-3560,BACKTESTER-001,MLSignalStrategyV2-V2,EUR/USD.IDEALPRO,IDEALPRO-1-3560,IDEALPRO-001,IDEALPRO-1-857950,EUR/USD.IDEALPRO-MLSignalStrategyV2-V2,BUY,STOP_MARKET,100000.00,1.15558,USD,2.31 USD,TAKER,4a4c0170-7403-41aa-86a9-1775e4007f11,2025-11-25 12:45:00+00:00,2025-11-25 12:45:00+00:00,{},False
O-20251125-124500-001-V2-3562,BACKTESTER-001,MLSignalStrategyV2-V2,EUR/USD.IDEALPRO,IDEALPRO-1-3562,IDEALPRO-001,IDEALPRO-1-857951,EUR/USD.IDEALPRO-MLSignalStrategyV2-V2,SELL,MARKET,100000.00,1.15447,USD,2.31 USD,TAKER,b371ee6b-c734-4607-a951-4b634a9ff398,2025-11-25 12:45:00+00:00,2025-11-25 12:45:00+00:00,{},False
O-20251125-124500-001-V2-3564,BACKTESTER-001,MLSignalStrategyV2-V2,EUR/USD.IDEALPRO,IDEALPRO-1-3564,IDEALPRO-001,IDEALPRO-1-857957,EUR/USD.IDEALPRO-MLSignalStrategyV2-V2,BUY,LIMIT,100000.00,1.15359,USD,2.31 USD,MAKER,e14d4e3b-69e6-4428-afeb-880bc4389fee,2025-11-25 12:48:00+00:00,2025-11-25 12:48:00+00:00,{},False
O-20251125-134500-001-V2-3565,BACKTESTER-001,MLSignalStrategyV2-V2,EUR/USD.IDEALPRO,IDEALPRO-1-3565,IDEALPRO-001,IDEALPRO-1-858072,EUR/USD.IDEALPRO-MLSignalStrategyV2-V2,SELL,MARKET,100000.00,1.15466,USD,2.31 USD,TAKER,62ca7126-3fe6-4367-a587-8c1707c0d37f,2025-11-25 13:45:00+00:00,2025-11-25 13:45:00+00:00,{},False
O-20251125-134500-001-V2-3566,BACKTESTER-001,MLSignalStrategyV2-V2,EUR/USD.IDEALPRO,IDEALPRO-1-3566,IDEALPRO-001,IDEALPRO-1-858105,EUR/USD.IDEALPRO-MLSignalStrategyV2-V2,BUY,STOP_MARKET,100000.00,1.15607,USD,2.31 USD,TAKER,bbba61a8-58eb-4018-bf45-5ad84ffacda6,2025-11-25 14:01:00+00:00,2025-11-25 14:01:00+00:00,{},False
O-20251126-003000-001-V2-3568,BACKTESTER-001,MLSignalStrategyV2-V2,EUR/USD.IDEALPRO,IDEALPRO-1-3568,IDEALPRO-001,IDEALPRO-1-859335,EUR/USD.IDEALPRO-MLSignalStrategyV2-V2,SELL,MARKET,100000.00,1.15704,USD,2.31 USD,TAKER,8f90c7e5-9c3f-4735-8c3a-223fdcac9a4c,2025-11-26 00:30:00+00:00,2025-11-26 00:30:00+00:00,{},False
O-20251126-003000-001-V2-3570,BACKTESTER-001,MLSignalStrategyV2-V2,EUR/USD.IDEALPRO,IDEALPRO-1-3570,IDEALPRO-001,IDEALPRO-1-859361,EUR/USD.IDEALPRO-MLSignalStrategyV2-V2,BUY,LIMIT,100000.00,1.15665,USD,2.31 USD,MAKER,5e48e16e-1392-4964-ab32-418c86934e53,2025-11-26 00:43:00+00:00,2025-11-26 00:43:00+00:00,{},False
O-20251126-004500-001-V2-3571,BACKTESTER-001,MLSignalStrategyV2-V2,EUR/USD.IDEALPRO,IDEALPRO-1-3571,IDEALPRO-001,IDEALPRO-1-859366,EUR/USD.IDEALPRO-MLSignalStrategyV2-V2,SELL,MARKET,100000.00,1.15673,USD,2.31 USD,TAKER,059f7f81-b3c3-4ab3-b3b6-69d32692f00f,2025-11-26 00:45:00+00:00,2025-11-26 00:45:00+00:00,{},False
O-20251126-004500-001-V2-3572,BACKTESTER-001,MLSignalStrategyV2-V2,EUR/USD.IDEALPRO,IDEALPRO-1-3572,IDEALPRO-001,IDEALPRO-1-859455,EUR/USD.IDEALPRO-MLSignalStrategyV2-V2,BUY,STOP_MARKET,100000.00,1.15728,USD,2.31 USD,TAKER,e34584fc-ee26-4940-bc19-bbec35f93e03,2025-11-26 01:29:00+00:00,2025-11-26 01:29:00+00:00,{},False
O-20251126-040000-001-V2-3574,BACKTESTER-001,MLSignalStrategyV2-V2,EUR/USD.IDEALPRO,IDEALPRO-1-3574,IDEALPRO-001,IDEALPRO-1-859758,EUR/USD.IDEALPRO-MLSignalStrategyV2-V2,SELL,MARKET,100000.00,1.15907,USD,2.32 USD,TAKER,1488becd-107e-4c4f-b87c-d15374515341,2025-11-26 04:00:00+00:00,2025-11-26 04:00:00+00:00,{},False
O-20251126-040000-001-V2-3576,BACKTESTER-001,MLSignalStrategyV2-V2,EUR/USD.IDEALPRO,IDEALPRO-1-3576,IDEALPRO-001,IDEALPRO-1-859791,EUR/USD.IDEALPRO-MLSignalStrategyV2-V2,BUY,LIMIT,100000.00,1.15858,USD,2.32 USD,MAKER,415d3004-a288-4efa-98cb-70eaaddc7a92,2025-11-26 04:16:00+00:00,2025-11-26 04:16:00+00:00,{},False
O-20251126-080000-001-V2-3577,BACKTESTER-001,MLSignalStrategyV2-V2,EUR/USD.IDEALPRO,IDEALPRO-1-3577,IDEALPRO-001,IDEALPRO-1-860240,EUR/USD.IDEALPRO-MLSignalStrategyV2-V2,BUY,MARKET,100000.00,1.15794,USD,2.32 USD,TAKER,54579b4d-3cef-438c-a602-382919c03add,2025-11-26 08:00:00+00:00,2025-11-26 08:00:00+00:00,{},False
O-20251126-080000-001-V2-3578,BACKTESTER-001,MLSignalStrategyV2-V2,EUR/USD.IDEALPRO,IDEALPRO-1-3578,IDEALPRO-001,IDEALPRO-1-860311,EUR/USD.IDEALPRO-MLSignalStrategyV2-V2,SELL,STOP_MARKET,100000.00,1.15717,USD,2.31 USD,TAKER,c60b5d59-d321-4c34-94bd-48987e542cb6,2025-11-26 08:35:00+00:00,2025-11-26 08:35:00+00:00,{},False
O-20251126-154500-001-V2-3580,BACKTESTER-001,MLSignalStrategyV2-V2,EUR/USD.IDEALPRO,IDEALPRO-1-3580,IDEALPRO-001,IDEALPRO-1-861172,EUR/USD.IDEALPRO-MLSignalStrategyV2-V2,BUY,MARKET,100000.00,1.15858,USD,2.32 USD,TAKER,e9e181d0-3822-458e-aff5-086d419c0705,2025-11-26 15:45:00+00:00,2025-11-26 15:45:00+00:00,{},False
O-20251126-154500-001-V2-3582,BACKTESTER-001,MLSignalStrategyV2-V2,EUR/USD.IDEALPRO,IDEALPRO-1-3582,IDEALPRO-001,IDEALPRO-1-861213,EUR/USD.IDEALPRO-MLSignalStrategyV2-V2,SELL,LIMIT,100000.00,1.15962,USD,2.32 USD,MAKER,e2bbe4d8-bd6c-4db1-b431-ebbafbcad3c6,2025-11-26 16:05:00+00:00,2025-11-26 16:05:00+00:00,{},False
O-20251126-213000-001-V2-3583,BACKTESTER-001,MLSignalStrategyV2-V2,EUR/USD.IDEALPRO,IDEALPRO-1-3583,IDEALPRO-001,IDEALPRO-1-861865,EUR/USD.IDEALPRO-MLSignalStrategyV2-V2,BUY,MARKET,100000.00,1.15949,USD,2.32 USD,TAKER,c0a82f65-e086-4f04-b570-a5156286a45d,2025-11-26 21:30:00+00:00,2025-11-26 21:30:00+00:00,{},False
O-20251126-213000-001-V2-3585,BACKTESTER-001,MLSignalStrategyV2-V2,EUR/USD.IDEALPRO,IDEALPRO-1-3585,IDEALPRO-001,IDEALPRO-1-862227,EUR/USD.IDEALPRO-MLSignalStrategyV2-V2,SELL,LIMIT,100000.00,1.15997,USD,2.32 USD,MAKER,2d3df374-bd0b-4cbf-a7de-bf2926ceb5c9,2025-11-26 23:31:00+00:00,2025-11-26 23:31:00+00:00,{},False
O-20251128-160000-001-V2-3586,BACKTESTER-001,MLSignalStrategyV2-V2,EUR/USD.IDEALPRO,IDEALPRO-1-3586,IDEALPRO-001,IDEALPRO-1-870567,EUR/USD.IDEALPRO-MLSignalStrategyV2-V2,SELL,MARKET,100000.00,1.16074,USD,2.32 USD,TAKER,e6e0f90a-8be9-4f2e-8c1f-258e24c752cd,2025-11-28 16:00:00+00:00,2025-11-28 16:00:00+00:00,{},False
O-20251128-160000-001-V2-3588,BACKTESTER-001,MLSignalStrategyV2-V2,EUR/USD.IDEALPRO,IDEALPRO-1-3588,IDEALPRO-001,IDEALPRO-1-870585,EUR/USD.IDEALPRO-MLSignalStrategyV2-V2,BUY,LIMIT,100000.00,1.15979,USD,2.32 USD,MAKER,b4e18ecf-d2d8-4401-8c20-707172bbe12c,2025-11-28 16:09:00+00:00,2025-11-28 16:09:00+00:00,{},False
O-20251130-223000-001-V2-3589,BACKTESTER-001,MLSignalStrategyV2-V2,EUR/USD.IDEALPRO,IDEALPRO-1-3589,IDEALPRO-001,IDEALPRO-1-871319,EUR/USD.IDEALPRO-MLSignalStrategyV2-V2,BUY,MARKET,100000.00,1.15963,USD,2.32 USD,TAKER,f6a0c6b6-0d6c-4550-92f0-b531b0cfe826,2025-11-30 22:30:00+00:00,2025-11-30 22:30:00+00:00,{},False
O-20251130-223000-001-V2-3591,BACKTESTER-001,MLSignalStrategyV2-V2,EUR/USD.IDEALPRO,IDEALPRO-1-3591,IDEALPRO-001,IDEALPRO-1-871379,EUR/USD.IDEALPRO-MLSignalStrategyV2-V2,SELL,LIMIT,100000.00,1.16005,USD,2.32 USD,MAKER,67453a27-5d86-40ed-979a-1f1d8ac2eead,2025-11-30 23:00:00+00:00,2025-11-30 23:00:00+00:00,{},False
O-20251130-231500-001-V2-3592,BACKTESTER-001,MLSignalStrategyV2-V2,EUR/USD.IDEALPRO,IDEALPRO-1-3592,IDEALPRO-001,IDEALPRO-1-871410,EUR/USD.IDEALPRO-MLSignalStrategyV2-V2,BUY,MARKET,100000.00,1.16074,USD,2.32 USD,TAKER,5d5ec1db-3872-405c-b325-83d5950bf31d,2025-11-30 23:15:00+00:00,2025-11-30 23:15:00+00:00,{},False
O-20251130-231500-001-V2-3593,BACKTESTER-001,MLSignalStrategyV2-V2,EUR/USD.IDEALPRO,IDEALPRO-1-3593,IDEALPRO-001,IDEALPRO-1-871429,EUR/USD.IDEALPRO-MLSignalStrategyV2-V2,SELL,STOP_MARKET,100000.00,1.16026,USD,2.32 USD,TAKER,eee748e4-3446-4641-a5fc-8b92e0980394,2025-11-30 23:24:00+00:00,2025-11-30 23:24:00+00:00,{},False
O-20251130-233000-001-V2-3595,BACKTESTER-001,MLSignalStrategyV2-V2,EUR/USD.IDEALPRO,IDEALPRO-1-3595,IDEALPRO-001,IDEALPRO-1-871442,EUR/USD.IDEALPRO-MLSignalStrategyV2-V2,BUY,MARKET,100000.00,1.15993,USD,2.32 USD,TAKER,1e300304-9fc6-47b5-abdf-307b9c620ae3,2025-11-30 23:30:00+00:00,2025-11-30 23:30:00+00:00,{},False
O-20251130-233000-001-V2-3597,BACKTESTER-001,MLSignalStrategyV2-V2,EUR/USD.IDEALPRO,IDEALPRO-1-3597,IDEALPRO-001,IDEALPRO-1-871569,EUR/USD.IDEALPRO-MLSignalStrategyV2-V2,SELL,LIMIT,100000.00,1.16039,USD,2.32 USD,MAKER,b14c0766-977b-4e47-b5ff-d95319e34424,2025-12-01 00:33:00+00:00,2025-12-01 00:33:00+00:00,{},False
O-20251201-031500-001-V2-3598,BACKTESTER-001,MLSignalStrategyV2-V2,EUR/USD.IDEALPRO,IDEALPRO-1-3598,IDEALPRO-001,IDEALPRO-1-871895,EUR/USD.IDEALPRO-MLSignalStrategyV2-V2,SELL,MARKET,100000.00,1.15915,USD,2.32 USD,TAKER,80450dfa-23a5-4b22-858f-e22e867305a7,2025-12-01 03:15:00+00:00,2025-12-01 03:15:00+00:00,{},False
O-20251201-031500-001-V2-3599,BACKTESTER-001,MLSignalStrategyV2-V2,EUR/USD.IDEALPRO,IDEALPRO-1-3599,IDEALPRO-001,IDEALPRO-1-871987,EUR/USD.IDEALPRO-MLSignalStrategyV2-V2,BUY,STOP_MARKET,100000.00,1.15981,USD,2.32 USD,TAKER,291e2ab2-d5d5-4323-9e88-f596682dc252,2025-12-01 04:01:00+00:00,2025-12-01 04:01:00+00:00,{},False
O-20251201-081500-001-V2-3601,BACKTESTER-001,MLSignalStrategyV2-V2,EUR/USD.IDEALPRO,IDEALPRO-1-3601,IDEALPRO-001,IDEALPRO-1-872497,EUR/USD.IDEALPRO-MLSignalStrategyV2-V2,SELL,MARKET,100000.00,1.16155,USD,2.32 USD,TAKER,9c87bd7b-2b2c-457c-851b-6431ae11d39e,2025-12-01 08:15:00+00:00,2025-12-01 08:15:00+00:00,{},False
O-20251201-081500-001-V2-3603,BACKTESTER-001,MLSignalStrategyV2-V2,EUR/USD.IDEALPRO,IDEALPRO-1-3603,IDEALPRO-001,IDEALPRO-1-872551,EUR/USD.IDEALPRO-MLSignalStrategyV2-V2,BUY,LIMIT,100000.00,1.16084,USD,2.32 USD,MAKER,5323d4f4-5640-4587-8986-9271fd1fe2be,2025-12-01 08:42:00+00:00,2025-12-01 08:42:00+00:00,{},False
O-20251201-130000-001-V2-3604,BACKTESTER-001,MLSignalStrategyV2-V2,EUR/USD.IDEALPRO,IDEALPRO-1-3604,IDEALPRO-001,IDEALPRO-1-873068,EUR/USD.IDEALPRO-MLSignalStrategyV2-V2,SELL,MARKET,100000.00,1.16488,USD,2.33 USD,TAKER,cbb7e763-1dad-4736-8f08-d724a7d690a6,2025-12-01 13:00:00+00:00,2025-12-01 13:00:00+00:00,{},False
O-20251201-130000-001-V2-3606,BACKTESTER-001,MLSignalStrategyV2-V2,EUR/USD.IDEALPRO,IDEALPRO-1-3606,IDEALPRO-001,IDEALPRO-1-873103,EUR/USD.IDEALPRO-MLSignalStrategyV2-V2,BUY,LIMIT,100000.00,1.16420,USD,2.33 USD,MAKER,43e3c369-8d99-4d94-9f2c-eb4a4a8c0e90,2025-12-01 13:17:00+00:00,2025-12-01 13:17:00+00:00,{},False
O-20251201-200000-001-V2-3607,BACKTESTER-001,MLSignalStrategyV2-V2,EUR/USD.IDEALPRO,IDEALPRO-1-3607,IDEALPRO-001,IDEALPRO-1-873910,EUR/USD.IDEALPRO-MLSignalStrategyV2-V2,BUY,MARKET,100000.00,1.16084,USD,2.32 USD,TAKER,a9696fbd-6fed-48b6-9824-65b3c6e6fd58,2025-12-01 20:00:00+00:00,2025-12-01 20:00:00+00:00,{},False
O-20251201-200000-001-V2-3609,BACKTESTER-001,MLSignalStrategyV2-V2,EUR/USD.IDEALPRO,IDEALPRO-1-3609,IDEALPRO-001,IDEALPRO-1-874847,EUR/USD.IDEALPRO-MLSignalStrategyV2-V2,SELL,LIMIT,100000.00,1.16129,USD,2.32 USD,MAKER,23d2d250-a4ca-4a34-9da2-8596062c342f,2025-12-02 04:03:00+00:00,2025-12-02 04:03:00+00:00,{},False
O-20251202-211500-001-V2-3610,BACKTESTER-001,MLSignalStrategyV2-V2,EUR/USD.IDEALPRO,IDEALPRO-1-3610,IDEALPRO-001,IDEALPRO-1-876913,EUR/USD.IDEALPRO-MLSignalStrategyV2-V2,BUY,MARKET,100000.00,1.16226,USD,2.32 USD,TAKER,2dea20c7-4a5d-4fdb-acbf-2cda4bc7cc6d,2025-12-02 21:15:00+00:00,2025-12-02 21:15:00+00:00,{},False
O-20251202-211500-001-V2-3612,BACKTESTER-001,MLSignalStrategyV2-V2,EUR/USD.IDEALPRO,IDEALPRO-1-3612,IDEALPRO-001,IDEALPRO-1-877163,EUR/USD.IDEALPRO-MLSignalStrategyV2-V2,SELL,LIMIT,100000.00,1.16276,USD,2.33 USD,MAKER,c5d4f145-5200-49cb-9d27-3c913af3cd05,2025-12-02 23:35:00+00:00,2025-12-02 23:35:00+00:00,{},False
O-20251203-080000-001-V2-3613,BACKTESTER-001,MLSignalStrategyV2-V2,EUR/USD.IDEALPRO,IDEALPRO-1-3613,IDEALPRO-001,IDEALPRO-1-878175,EUR/USD.IDEALPRO-MLSignalStrategyV2-V2,SELL,MARKET,100000.00,1.16414,USD,2.33 USD,TAKER,0bc796f2-a608-4771-9f3b-25ae1bfe489c,2025-12-03 08:00:00+00:00,2025-12-03 08:00:00+00:00,{},False
O-20251203-080000-001-V2-3615,BACKTESTER-001,MLSignalStrategyV2-V2,EUR/USD.IDEALPRO,IDEALPRO-1-3615,IDEALPRO-001,IDEALPRO-1-878253,EUR/USD.IDEALPRO-MLSignalStrategyV2-V2,BUY,LIMIT,100000.00,1.16369,USD,2.33 USD,MAKER,3b307eb0-5123-4bac-b757-9f4b0add5a38,2025-12-03 08:39:00+00:00,2025-12-03 08:39:00+00:00,{},False
O-20251204-004500-001-V2-3616,BACKTESTER-001,MLSignalStrategyV2-V2,EUR/USD.IDEALPRO,IDEALPRO-1-3616,IDEALPRO-001,IDEALPRO-1-880157,EUR/USD.IDEALPRO-MLSignalStrategyV2-V2,BUY,MARKET,100000.00,1.16637,USD,2.33 USD,TAKER,78cd8359-c7e3-4573-b4f2-b8f7aa4ec1be,2025-12-04 00:45:00+00:00,2025-12-04 00:45:00+00:00,{},False
O-20251204-004500-001-V2-3617,BACKTESTER-001,MLSignalStrategyV2-V2,EUR/USD.IDEALPRO,IDEALPRO-1-3617,IDEALPRO-001,IDEALPRO-1-880237,EUR/USD.IDEALPRO-MLSignalStrategyV2-V2,SELL,STOP_MARKET,100000.00,1.16589,USD,2.33 USD,TAKER,e0fbb376-7b94-4a99-bb7c-0141aedaaf8f,2025-12-04 01:25:00+00:00,2025-12-04 01:25:00+00:00,{},False
O-20251204-013000-001-V2-3619,BACKTESTER-001,MLSignalStrategyV2-V2,EUR/USD.IDEALPRO,IDEALPRO-1-3619,IDEALPRO-001,IDEALPRO-1-880249,EUR/USD.IDEALPRO-MLSignalStrategyV2-V2,SELL,MARKET,100000.00,1.16607,USD,2.33 USD,TAKER,a1be4217-4bca-457d-ba55-35623d743621,2025-12-04 01:30:00+00:00,2025-12-04 01:30:00+00:00,{},False
O-20251204-013000-001-V2-3621,BACKTESTER-001,MLSignalStrategyV2-V2,EUR/USD.IDEALPRO,IDEALPRO-1-3621,IDEALPRO-001,IDEALPRO-1-880453,EUR/USD.IDEALPRO-MLSignalStrategyV2-V2,BUY,LIMIT,100000.00,1.16566,USD,2.33 USD,MAKER,c9ee8414-a656-4d90-b7c8-61d1ba5cb27f,2025-12-04 03:12:00+00:00,2025-12-04 03:12:00+00:00,{},False
O-20251204-200000-001-V2-3622,BACKTESTER-001,MLSignalStrategyV2-V2,EUR/USD.IDEALPRO,IDEALPRO-1-3622,IDEALPRO-001,IDEALPRO-1-882470,EUR/USD.IDEALPRO-MLSignalStrategyV2-V2,SELL,MARKET,100000.00,1.16527,USD,2.33 USD,TAKER,308ab0ab-1ead-49db-b893-99d57545046b,2025-12-04 20:00:00+00:00,2025-12-04 20:00:00+00:00,{},False
O-20251204-200000-001-V2-3624,BACKTESTER-001,MLSignalStrategyV2-V2,EUR/USD.IDEALPRO,IDEALPRO-1-3624,IDEALPRO-001,IDEALPRO-1-882509,EUR/USD.IDEALPRO-MLSignalStrategyV2-V2,BUY,LIMIT,100000.00,1.16481,USD,2.33 USD,MAKER,627ef18d-98f5-4559-b447-cb4427d80830,2025-12-04 20:19:00+00:00,2025-12-04 20:19:00+00:00,{},False
O-20251207-223000-001-V2-3625,BACKTESTER-001,MLSignalStrategyV2-V2,EUR/USD.IDEALPRO,IDEALPRO-1-3625,IDEALPRO-001,IDEALPRO-1-885592,EUR/USD.IDEALPRO-MLSignalStrategyV2-V2,BUY,MARKET,100000.00,1.16403,USD,2.33 USD,TAKER,debee610-80cc-44f9-b3b6-1870f56540dc,2025-12-07 22:30:00+00:00,2025-12-07 22:30:00+00:00,{},False
O-20251207-223000-001-V2-3627,BACKTESTER-001,MLSignalStrategyV2-V2,EUR/USD.IDEALPRO,IDEALPRO-1-3627,IDEALPRO-001,IDEALPRO-1-885643,EUR/USD.IDEALPRO-MLSignalStrategyV2-V2,SELL,LIMIT,100000.00,1.16462,USD,2.33 USD,MAKER,6d0f43b9-a76d-4383-b406-cc381daeb53f,2025-12-07 22:55:00+00:00,2025-12-07 22:55:00+00:00,{},False
O-20251207-230000-001-V2-3628,BACKTESTER-001,MLSignalStrategyV2-V2,EUR/USD.IDEALPRO,IDEALPRO-1-3628,IDEALPRO-001,IDEALPRO-1-885654,EUR/USD.IDEALPRO-MLSignalStrategyV2-V2,BUY,MARKET,100000.00,1.16463,USD,2.33 USD,TAKER,277c4daf-a64e-46e5-9926-9880ffad3b3a,2025-12-07 23:00:00+00:00,2025-12-07 23:00:00+00:00,{},False
O-20251207-230000-001-V2-3629,BACKTESTER-001,MLSignalStrategyV2-V2,EUR/USD.IDEALPRO,IDEALPRO-1-3629,IDEALPRO-001,IDEALPRO-1-885661,EUR/USD.IDEALPRO-MLSignalStrategyV2-V2,SELL,STOP_MARKET,100000.00,1.16405,USD,2.33 USD,TAKER,f88be3a9-abcc-47d6-af99-7a137c4b6bd4,2025-12-07 23:03:00+00:00,2025-12-07 23:03:00+00:00,{},False
O-20251207-231500-001-V2-3631,BACKTESTER-001,MLSignalStrategyV2-V2,EUR/USD.IDEALPRO,IDEALPRO-1-3631,IDEALPRO-001,IDEALPRO-1-885686,EUR/USD.IDEALPRO-MLSignalStrategyV2-V2,BUY,MARKET,100000.00,1.16428,USD,2.33 USD,TAKER,245ecaf2-3bfe-4dd0-8b77-a552510b4d97,2025-12-07 23:15:00+00:00,2025-12-07 23:15:00+00:00,{},False
O-20251207-231500-001-V2-3633,BACKTESTER-001,MLSignalStrategyV2-V2,EUR/USD.IDEALPRO,IDEALPRO-1-3633,IDEALPRO-001,IDEALPRO-1-885833,EUR/USD.IDEALPRO-MLSignalStrategyV2-V2,SELL,LIMIT,100000.00,1.16469,USD,2.33 USD,MAKER,d9e84e4b-504a-4281-9f24-4cebc20b34a0,2025-12-08 00:28:00+00:00,2025-12-08 00:28:00+00:00,{},False
O-20251208-061500-001-V2-3634,BACKTESTER-001,MLSignalStrategyV2-V2,EUR/USD.IDEALPRO,IDEALPRO-1-3634,IDEALPRO-001,IDEALPRO-1-886529,EUR/USD.IDEALPRO-MLSignalStrategyV2-V2,SELL,MARKET,100000.00,1.16646,USD,2.33 USD,TAKER,4ce2907b-057e-4c63-ae0f-81adaa857b49,2025-12-08 06:15:00+00:00,2025-12-08 06:15:00+00:00,{},False
O-20251208-061500-001-V2-3636,BACKTESTER-001,MLSignalStrategyV2-V2,EUR/USD.IDEALPRO,IDEALPRO-1-3636,IDEALPRO-001,IDEALPRO-1-886599,EUR/USD.IDEALPRO-MLSignalStrategyV2-V2,BUY,LIMIT,100000.00,1.16604,USD,2.33 USD,MAKER,ffb15e54-a61c-42bb-9fd6-3c32621eee8e,2025-12-08 06:50:00+00:00,2025-12-08 06:50:00+00:00,{},False
O-20251208-083000-001-V2-3637,BACKTESTER-001,MLSignalStrategyV2-V2,EUR/USD.IDEALPRO,IDEALPRO-1-3637,IDEALPRO-001,IDEALPRO-1-886800,EUR/USD.IDEALPRO-MLSignalStrategyV2-V2,SELL,MARKET,100000.00,1.16504,USD,2.33 USD,TAKER,677855d4-b682-4f90-a2fb-90fa8cbbbb72,2025-12-08 08:30:00+00:00,2025-12-08 08:30:00+00:00,{},False
O-20251208-083000-001-V2-3638,BACKTESTER-001,MLSignalStrategyV2-V2,EUR/USD.IDEALPRO,IDEALPRO-1-3638,IDEALPRO-001,IDEALPRO-1-886863,EUR/USD.IDEALPRO-MLSignalStrategyV2-V2,BUY,STOP_MARKET,100000.00,1.16576,USD,2.33 USD,TAKER,690f249f-15af-478f-aafb-2be294f83c9d,2025-12-08 09:01:00+00:00,2025-12-08 09:01:00+00:00,{},False
O-20251208-093000-001-V2-3640,BACKTESTER-001,MLSignalStrategyV2-V2,EUR/USD.IDEALPRO,IDEALPRO-1-3640,IDEALPRO-001,IDEALPRO-1-886922,EUR/USD.IDEALPRO-MLSignalStrategyV2-V2,SELL,MARKET,100000.00,1.16519,USD,2.33 USD,TAKER,757c9740-b37c-4585-be12-8a3f72c5951f,2025-12-08 09:30:00+00:00,2025-12-08 09:30:00+00:00,{},False
O-20251208-093000-001-V2-3642,BACKTESTER-001,MLSignalStrategyV2-V2,EUR/USD.IDEALPRO,IDEALPRO-1-3642,IDEALPRO-001,IDEALPRO-1-887427,EUR/USD.IDEALPRO-MLSignalStrategyV2-V2,BUY,LIMIT,100000.00,1.16458,USD,2.33 USD,MAKER,1b20d2c6-f082-4dc3-ba7f-f491c5f6ae10,2025-12-08 13:42:00+00:00,2025-12-08 13:42:00+00:00,{},False
O-20251208-184500-001-V2-3643,BACKTESTER-001,MLSignalStrategyV2-V2,EUR/USD.IDEALPRO,IDEALPRO-1-3643,IDEALPRO-001,IDEALPRO-1-888034,EUR/USD.IDEALPRO-MLSignalStrategyV2-V2,BUY,MARKET,100000.00,1.16407,USD,2.33 USD,TAKER,fa1ee204-6b5c-4680-9f66-2ae3d9059590,2025-12-08 18:45:00+00:00,2025-12-08 18:45:00+00:00,{},False
O-20251208-184500-001-V2-3645,BACKTESTER-001,MLSignalStrategyV2-V2,EUR/USD.IDEALPRO,IDEALPRO-1-3645,IDEALPRO-001,IDEALPRO-1-888867,EUR/USD.IDEALPRO-MLSignalStrategyV2-V2,SELL,LIMIT,100000.00,1.16470,USD,2.33 USD,MAKER,d693cb18-0e61-4031-a9a8-89e093ec7b09,2025-12-09 01:56:00+00:00,2025-12-09 01:56:00+00:00,{},False
O-20251209-103000-001-V2-3646,BACKTESTER-001,MLSignalStrategyV2-V2,EUR/USD.IDEALPRO,IDEALPRO-1-3646,IDEALPRO-001,IDEALPRO-1-889896,EUR/USD.IDEALPRO-MLSignalStrategyV2-V2,SELL,MARKET,100000.00,1.16448,USD,2.33 USD,TAKER,d32d2433-0da4-447c-bb1f-80b146c1bcfa,2025-12-09 10:30:00+00:00,2025-12-09 10:30:00+00:00,{},False
O-20251209-103000-001-V2-3648,BACKTESTER-001,MLSignalStrategyV2-V2,EUR/USD.IDEALPRO,IDEALPRO-1-3648,IDEALPRO-001,IDEALPRO-1-889967,EUR/USD.IDEALPRO-MLSignalStrategyV2-V2,BUY,LIMIT,100000.00,1.16392,USD,2.33 USD,MAKER,579a8ec4-7378-4deb-9f89-44a15740a2e3,2025-12-09 11:05:00+00:00,2025-12-09 11:05:00+00:00,{},False
O-20251209-111500-001-V2-3649,BACKTESTER-001,MLSignalStrategyV2-V2,EUR/USD.IDEALPRO,IDEALPRO-1-3649,IDEALPRO-001,IDEALPRO-1-889989,EUR/USD.IDEALPRO-MLSignalStrategyV2-V2,SELL,MARKET,100000.00,1.16389,USD,2.33 USD,TAKER,e6913443-336e-4bef-97cc-d8ff5f4304a1,2025-12-09 11:15:00+00:00,2025-12-09 11:15:00+00:00,{},False
O-20251209-111500-001-V2-3650,BACKTESTER-001,MLSignalStrategyV2-V2,EUR/USD.IDEALPRO,IDEALPRO-1-3650,IDEALPRO-001,IDEALPRO-1-890069,EUR/USD.IDEALPRO-MLSignalStrategyV2-V2,BUY,STOP_MARKET,100000.00,1.16476,USD,2.33 USD,TAKER,71b4a2c0-c368-4f54-9937-860931f93e48,2025-12-09 11:55:00+00:00,2025-12-09 11:55:00+00:00,{},False
O-20251209-174500-001-V2-3652,BACKTESTER-001,MLSignalStrategyV2-V2,EUR/USD.IDEALPRO,IDEALPRO-1-3652,IDEALPRO-001,IDEALPRO-1-890771,EUR/USD.IDEALPRO-MLSignalStrategyV2-V2,BUY,MARKET,100000.00,1.16253,USD,2.33 USD,TAKER,3a3a11f7-64a3-4e0c-aa3c-f5466feb13cd,2025-12-09 17:45:00+00:00,2025-12-09 17:45:00+00:00,{},False
O-20251209-174500-001-V2-3653,BACKTESTER-001,MLSignalStrategyV2-V2,EUR/USD.IDEALPRO,IDEALPRO-1-3653,IDEALPRO-001,IDEALPRO-1-890843,EUR/USD.IDEALPRO-MLSignalStrategyV2-V2,SELL,STOP_MARKET,100000.00,1.16168,USD,2.32 USD,TAKER,b18c9bbb-6440-49b6-a2e2-ebb8ef590071,2025-12-09 18:21:00+00:00,2025-12-09 18:21:00+00:00,{},False
O-20251209-184500-001-V2-3655,BACKTESTER-001,MLSignalStrategyV2-V2,EUR/USD.IDEALPRO,IDEALPRO-1-3655,IDEALPRO-001,IDEALPRO-1-890892,EUR/USD.IDEALPRO-MLSignalStrategyV2-V2,BUY,MARKET,100000.00,1.16220,USD,2.32 USD,TAKER,80a0fb5d-70b3-4f9e-83d1-b27c697a4708,2025-12-09 18:45:00+00:00,2025-12-09 18:45:00+00:00,{},False
O-20251209-184500-001-V2-3657,BACKTESTER-001,MLSignalStrategyV2-V2,EUR/USD.IDEALPRO,IDEALPRO-1-3657,IDEALPRO-001,IDEALPRO-1-890983,EUR/USD.IDEALPRO-MLSignalStrategyV2-V2,SELL,LIMIT,100000.00,1.16284,USD,2.33 USD,MAKER,f81af210-b711-4597-9e4e-a86ef200d30b,2025-12-09 19:30:00+00:00,2025-12-09 19:30:00+00:00,{},False
O-20251209-210000-001-V2-3658,BACKTESTER-001,MLSignalStrategyV2-V2,EUR/USD.IDEALPRO,IDEALPRO-1-3658,IDEALPRO-001,IDEALPRO-1-891164,EUR/USD.IDEALPRO-MLSignalStrategyV2-V2,BUY,MARKET,100000.00,1.16268,USD,2.33 USD,TAKER,67de6a34-4e55-4b28-a6a1-382c84a114b8,2025-12-09 21:00:00+00:00,2025-12-09 21:00:00+00:00,{},False
O-20251209-210000-001-V2-3659,BACKTESTER-001,MLSignalStrategyV2-V2,EUR/USD.IDEALPRO,IDEALPRO-1-3659,IDEALPRO-001,IDEALPRO-1-892447,EUR/USD.IDEALPRO-MLSignalStrategyV2-V2,SELL,STOP_MARKET,100000.00,1.16218,USD,2.32 USD,TAKER,c3edb94e-4d84-458e-a52a-3bcf1ef48993,2025-12-10 03:06:00+00:00,2025-12-10 03:06:00+00:00,{},False
O-20251211-000000-001-V2-3661,BACKTESTER-001,MLSignalStrategyV2-V2,EUR/USD.IDEALPRO,IDEALPRO-1-3661,IDEALPRO-001,IDEALPRO-1-895365,EUR/USD.IDEALPRO-MLSignalStrategyV2-V2,BUY,MARKET,100000.00,1.17016,USD,2.34 USD,TAKER,89e6fe69-7445-4962-94d5-bd71a131c909,2025-12-11 00:00:00+00:00,2025-12-11 00:00:00+00:00,{},False
O-20251211-000000-001-V2-3663,BACKTESTER-001,MLSignalStrategyV2-V2,EUR/USD.IDEALPRO,IDEALPRO-1-3663,IDEALPRO-001,IDEALPRO-1-895617,EUR/USD.IDEALPRO-MLSignalStrategyV2-V2,SELL,LIMIT,100000.00,1.17062,USD,2.34 USD,MAKER,4172fb72-4fb9-4d46-add0-b5f0a288ca51,2025-12-11 01:03:00+00:00,2025-12-11 01:03:00+00:00,{},False
O-20251211-144500-001-V2-3664,BACKTESTER-001,MLSignalStrategyV2-V2,EUR/USD.IDEALPRO,IDEALPRO-1-3664,IDEALPRO-001,IDEALPRO-1-897738,EUR/USD.IDEALPRO-MLSignalStrategyV2-V2,SELL,MARKET,100000.00,1.17434,USD,2.35 USD,TAKER,9b093e95-09c8-4b6e-bcd2-869b097e4dca,2025-12-11 14:45:00+00:00,2025-12-11 14:45:00+00:00,{},False
O-20251211-144500-001-V2-3666,BACKTESTER-001,MLSignalStrategyV2-V2,EUR/USD.IDEALPRO,IDEALPRO-1-3666,IDEALPRO-001,IDEALPRO-1-897763,EUR/USD.IDEALPRO-MLSignalStrategyV2-V2,BUY,LIMIT,100000.00,1.17353,USD,2.35 USD,MAKER,0a637b8d-705b-4fc0-bd78-dd7fc65ff05b,2025-12-11 14:57:00+00:00,2025-12-11 14:57:00+00:00,{},False
O-20251211-163000-001-V2-3667,BACKTESTER-001,MLSignalStrategyV2-V2,EUR/USD.IDEALPRO,IDEALPRO-1-3667,IDEALPRO-001,IDEALPRO-1-897951,EUR/USD.IDEALPRO-MLSignalStrategyV2-V2,SELL,MARKET,100000.00,1.17470,USD,2.35 USD,TAKER,a5b33480-35a1-4b33-be8a-68221d6605d1,2025-12-11 16:30:00+00:00,2025-12-11 16:30:00+00:00,{},False
O-20251211-163000-001-V2-3668,BACKTESTER-001,MLSignalStrategyV2-V2,EUR/USD.IDEALPRO,IDEALPRO-1-3668,IDEALPRO-001,IDEALPRO-1-898017,EUR/USD.IDEALPRO-MLSignalStrategyV2-V2,BUY,STOP_MARKET,100000.00,1.17580,USD,2.35 USD,TAKER,79f56097-8714-40b9-a3d1-e3b3829db52e,2025-12-11 17:03:00+00:00,2025-12-11 17:03:00+00:00,{},False
O-20251212-214500-001-V2-3670,BACKTESTER-001,MLSignalStrategyV2-V2,EUR/USD.IDEALPRO,IDEALPRO-1-3670,IDEALPRO-001,IDEALPRO-1-902243,EUR/USD.IDEALPRO-MLSignalStrategyV2-V2,BUY,MARKET,100000.00,1.17417,USD,2.35 USD,TAKER,179773a1-4575-46f4-bf4c-3cfa62d4c980,2025-12-12 21:45:00+00:00,2025-12-12 21:45:00+00:00,{},False
O-20251212-214500-001-V2-3671,BACKTESTER-001,MLSignalStrategyV2-V2,EUR/USD.IDEALPRO,IDEALPRO-1-3671,IDEALPRO-001,IDEALPRO-1-902371,EUR/USD.IDEALPRO-MLSignalStrategyV2-V2,SELL,STOP_MARKET,100000.00,1.17357,USD,2.35 USD,TAKER,94334282-4672-4d40-8b8f-f89706eee009,2025-12-14 23:04:00+00:00,2025-12-14 23:04:00+00:00,{},False
O-20251214-231500-001-V2-3673,BACKTESTER-001,MLSignalStrategyV2-V2,EUR/USD.IDEALPRO,IDEALPRO-1-3673,IDEALPRO-001,IDEALPRO-1-902393,EUR/USD.IDEALPRO-MLSignalStrategyV2-V2,BUY,MARKET,100000.00,1.17394,USD,2.35 USD,TAKER,546a0d58-4505-43a6-a9e5-f0dd79f745a7,2025-12-14 23:15:00+00:00,2025-12-14 23:15:00+00:00,{},False
O-20251214-231500-001-V2-3674,BACKTESTER-001,MLSignalStrategyV2-V2,EUR/USD.IDEALPRO,IDEALPRO-1-3674,IDEALPRO-001,IDEALPRO-1-902499,EUR/USD.IDEALPRO-MLSignalStrategyV2-V2,SELL,STOP_MARKET,100000.00,1.17342,USD,2.35 USD,TAKER,ea58674c-1c2d-4dfb-a880-e71eab728c39,2025-12-15 00:07:00+00:00,2025-12-15 00:07:00+00:00,{},False
O-20251215-234500-001-V2-3676,BACKTESTER-001,MLSignalStrategyV2-V2,EUR/USD.IDEALPRO,IDEALPRO-1-3676,IDEALPRO-001,IDEALPRO-1-903266,EUR/USD.IDEALPRO-MLSignalStrategyV2-V2,SELL,MARKET,100000.00,1.17539,USD,2.35 USD,TAKER,5108295b-2171-4bcb-8b44-88ac74c5b951,2025-12-15 23:45:00+00:00,2025-12-15 23:45:00+00:00,{},False
O-20251215-234500-001-V2-3678,BACKTESTER-001,MLSignalStrategyV2-V2,EUR/USD.IDEALPRO,IDEALPRO-1-3678,IDEALPRO-001,IDEALPRO-1-903403,EUR/USD.IDEALPRO-MLSignalStrategyV2-V2,BUY,LIMIT,100000.00,1.17502,USD,2.35 USD,MAKER,318a50bb-a659-4d41-96be-42da8f5e1204,2025-12-16 00:53:00+00:00,2025-12-16 00:53:00+00:00,{},False
O-20251216-020000-001-V2-3679,BACKTESTER-001,MLSignalStrategyV2-V2,EUR/USD.IDEALPRO,IDEALPRO-1-3679,IDEALPRO-001,IDEALPRO-1-903538,EUR/USD.IDEALPRO-MLSignalStrategyV2-V2,BUY,MARKET,100000.00,1.17520,USD,2.35 USD,TAKER,2dd76920-bfc9-4ff1-a1ac-3a92a7a952a6,2025-12-16 02:00:00+00:00,2025-12-16 02:00:00+00:00,{},False
O-20251216-020000-001-V2-3681,BACKTESTER-001,MLSignalStrategyV2-V2,EUR/USD.IDEALPRO,IDEALPRO-1-3681,IDEALPRO-001,IDEALPRO-1-903623,EUR/USD.IDEALPRO-MLSignalStrategyV2-V2,SELL,LIMIT,100000.00,1.17560,USD,2.35 USD,MAKER,d5d22c96-3f8c-4846-b2ac-ba915a63a3cc,2025-12-16 02:42:00+00:00,2025-12-16 02:42:00+00:00,{},False
O-20251216-134500-001-V2-3682,BACKTESTER-001,MLSignalStrategyV2-V2,EUR/USD.IDEALPRO,IDEALPRO-1-3682,IDEALPRO-001,IDEALPRO-1-904950,EUR/USD.IDEALPRO-MLSignalStrategyV2-V2,SELL,MARKET,100000.00,1.17637,USD,2.35 USD,TAKER,5b26eebf-f8e3-4f4a-864b-14e84952e251,2025-12-16 13:45:00+00:00,2025-12-16 13:45:00+00:00,{},False
O-20251216-134500-001-V2-3683,BACKTESTER-001,MLSignalStrategyV2-V2,EUR/USD.IDEALPRO,IDEALPRO-1-3683,IDEALPRO-001,IDEALPRO-1-904979,EUR/USD.IDEALPRO-MLSignalStrategyV2-V2,BUY,STOP_MARKET,100000.00,1.17745,USD,2.35 USD,TAKER,6f3ffa44-4bc5-4426-8276-90b2945ca921,2025-12-16 13:59:00+00:00,2025-12-16 13:59:00+00:00,{},False
O-20251216-173000-001-V2-3685,BACKTESTER-001,MLSignalStrategyV2-V2,EUR/USD.IDEALPRO,IDEALPRO-1-3685,IDEALPRO-001,IDEALPRO-1-905402,EUR/USD.IDEALPRO-MLSignalStrategyV2-V2,SELL,MARKET,100000.00,1.17736,USD,2.35 USD,TAKER,ccbd47d0-4f60-4622-8cf6-5d2470428ad3,2025-12-16 17:30:00+00:00,2025-12-16 17:30:00+00:00,{},False
O-20251216-173000-001-V2-3687,BACKTESTER-001,MLSignalStrategyV2-V2,EUR/USD.IDEALPRO,IDEALPRO-1-3687,IDEALPRO-001,IDEALPRO-1-905459,EUR/USD.IDEALPRO-MLSignalStrategyV2-V2,BUY,LIMIT,100000.00,1.17631,USD,2.35 USD,MAKER,68ba3a0e-149e-4985-bf2d-bd72565932d3,2025-12-16 17:58:00+00:00,2025-12-16 17:58:00+00:00,{},False
O-20251216-210000-001-V2-3688,BACKTESTER-001,MLSignalStrategyV2-V2,EUR/USD.IDEALPRO,IDEALPRO-1-3688,IDEALPRO-001,IDEALPRO-1-905824,EUR/USD.IDEALPRO-MLSignalStrategyV2-V2,BUY,MARKET,100000.00,1.17478,USD,2.35 USD,TAKER,7fe461d0-b0fb-43f4-8a48-b4d716caeacf,2025-12-16 21:00:00+00:00,2025-12-16 21:00:00+00:00,{},False
