{
  "pnls": {
    "PnL (total)": 2801.6,
    "PnL% (total)": 2.801600000000006,
    "Max Winner": 767.87,
    "Avg Winner": 744.9326,
    "Min Winner": 734.83,
    "Min Loser": -286.42,
    "Avg Loser": -355.10340206185543,
    "Max Loser": -394.69,
    "Expectancy": 19.058503401360653,
    "Win Rate": 0.3401360544217687
  },
  "general": {
    "Long Ratio": 0.5,
    "Total trades": 147,
    "Sharpe ratio": 0.049,
    "Profit factor": 0.0,
    "Max drawdown": 0.0
  },
  "rejected_signals_count": 13939
}