{
  "pnls": {
    "PnL (total)": -4361.55,
    "PnL% (total)": -4.361550000000003,
    "Max Winner": 517.87,
    "Avg Winner": 495.21230769230806,
    "Min Winner": 489.83,
    "Min Loser": -187.1,
    "Avg Loser": -255.88160714285732,
    "Max Loser": -303.72,
    "Expectancy": -17.729878048780485,
    "Win Rate": 0.3170731707317073
  },
  "general": {
    "Long Ratio": 0.5,
    "Total trades": 246,
    "Sharpe ratio": -0.037,
    "Profit factor": 0.0,
    "Max drawdown": 0.0
  },
  "rejected_signals_count": 9113
}