{
  "pnls": {
    "PnL (total)": -3246.23,
    "PnL% (total)": -3.2462299999999957,
    "Max Winner": 607.49,
    "Avg Winner": 495.6011111111111,
    "Min Winner": 54.84,
    "Min Loser": 0.0,
    "Avg Loser": -199.45983606557382,
    "Max Loser": -255.7,
    "Expectancy": -41.09151898734183,
    "Win Rate": 0.22784810126582278
  },
  "general": {
    "Long Ratio": "0.56",
    "Total trades": 0,
    "Sharpe ratio": 0.0,
    "Profit factor": 0.0,
    "Max drawdown": 0.0
  },
  "rejected_signals_count": 1565
}