{
  "pnls": {
    "PnL (total)": 5035.94,
    "PnL% (total)": 5.035940000000003,
    "Max Winner": 1189.64,
    "Avg Winner": 547.5344444444445,
    "Min Winner": 495.37,
    "Min Loser": -18.32,
    "Avg Loser": -192.7872,
    "Max Loser": -255.55,
    "Expectancy": 117.11488372093028,
    "Win Rate": 0.4186046511627907
  },
  "general": {
    "Long Ratio": "0.53"
  },
  "rejected_signals_count": 566
}