{
  "pnls": {
    "PnL (total)": 7871.12,
    "PnL% (total)": 7.871119999999995,
    "Max Winner": 494.89,
    "Avg Winner": 479.8703030303031,
    "Min Winner": 8.38,
    "Min Loser": -95.2,
    "Avg Loser": -331.85833333333335,
    "Max Loser": -356.6,
    "Expectancy": 138.08982456140353,
    "Win Rate": 0.5789473684210527
  },
  "general": {
    "Long Ratio": "0.49",
    "Total trades": 0,
    "Sharpe ratio": 0.0,
    "Profit factor": 0.0,
    "Max drawdown": 0.0
  },
  "rejected_signals_count": 297
}