{
  "pnls": {
    "PnL (total)": -1789.94,
    "PnL% (total)": -1.7899400000000023,
    "Max Winner": 615.47,
    "Avg Winner": 440.1689655172414,
    "Min Winner": 25.66,
    "Min Loser": 0.0,
    "Avg Loser": -204.99774647887324,
    "Max Loser": -255.71,
    "Expectancy": -17.899399999999986,
    "Win Rate": 0.29
  },
  "general": {
    "Long Ratio": "0.50",
    "Total trades": 0,
    "Sharpe ratio": 0.0,
    "Profit factor": 0.0,
    "Max drawdown": 0.0
  },
  "rejected_signals_count": 962
}