{
  "pnls": {
    "PnL (total)": 2332.64,
    "PnL% (total)": 2.332639999999999,
    "Max Winner": 594.89,
    "Avg Winner": 529.3164705882353,
    "Min Winner": 8.38,
    "Min Loser": -96.16,
    "Avg Loser": -155.01720930232557,
    "Max Loser": -156.7,
    "Expectancy": 38.877333333333354,
    "Win Rate": 0.2833333333333333
  },
  "general": {
    "Long Ratio": "0.50",
    "Total trades": 0,
    "Sharpe ratio": 0.0,
    "Profit factor": 0.0,
    "Max drawdown": 0.0
  },
  "rejected_signals_count": 241
}