{
  "pnls": {
    "PnL (total)": -3709.63,
    "PnL% (total)": -3.7096300000000046,
    "Max Winner": 531.35,
    "Avg Winner": 494.2334999999999,
    "Min Winner": 473.33,
    "Min Loser": -13.64,
    "Avg Loser": -354.03174157303374,
    "Max Loser": -375.65,
    "Expectancy": -12.44842281879203,
    "Win Rate": 0.40268456375838924
  },
  "general": {
    "Long Ratio": 0.5,
    "Total trades": 298,
    "Sharpe ratio": -0.023,
    "Profit factor": 0.0,
    "Max drawdown": 0.0
  },
  "rejected_signals_count": 143315
}