{
  "pnls": {
    "PnL (total)": -643.47,
    "PnL% (total)": -0.6434700000000012,
    "Max Winner": 666.43,
    "Avg Winner": 519.8223529411764,
    "Min Winner": 495.31,
    "Min Loser": 0.0,
    "Avg Loser": -215.46477272727273,
    "Max Loser": -255.71,
    "Expectancy": -10.548688524590204,
    "Win Rate": 0.2786885245901639
  },
  "general": {
    "Long Ratio": "0.52",
    "Total trades": 0,
    "Sharpe ratio": 0.0,
    "Profit factor": 0.0,
    "Max drawdown": 0.0
  },
  "rejected_signals_count": 482
}