{
  "pnls": {
    "PnL (total)": 8279.77,
    "PnL% (total)": 8.279770000000005,
    "Max Winner": 494.89,
    "Avg Winner": 480.289705882353,
    "Min Winner": 8.38,
    "Min Loser": -95.2,
    "Avg Loser": -322.0032,
    "Max Loser": -356.69,
    "Expectancy": 140.33508474576277,
    "Win Rate": 0.576271186440678
  },
  "general": {
    "Long Ratio": "0.51",
    "Total trades": 0,
    "Sharpe ratio": 0.0,
    "Profit factor": 0.0,
    "Max drawdown": 0.0
  },
  "rejected_signals_count": 241
}