{
  "pnls": {
    "PnL (total)": 1548.04,
    "PnL% (total)": 1.5480399999999936,
    "Max Winner": 394.9,
    "Avg Winner": 394.6010714285714,
    "Min Winner": 393.81,
    "Min Loser": -49.54,
    "Avg Loser": -197.93312500000002,
    "Max Loser": -206.71,
    "Expectancy": 20.36894736842102,
    "Win Rate": 0.3684210526315789
  },
  "general": {
    "Long Ratio": "0.49",
    "Total trades": 0,
    "Sharpe ratio": 0.0,
    "Profit factor": 0.0,
    "Max drawdown": 0.0
  },
  "rejected_signals_count": 313
}