{
  "pnls": {
    "PnL (total)": -11441.62,
    "PnL% (total)": -11.441619999999995,
    "Max Winner": 761.85,
    "Avg Winner": 744.9639655172409,
    "Min Winner": 734.83,
    "Min Loser": -334.17,
    "Avg Loser": -357.18647058823535,
    "Max Loser": -414.53,
    "Expectancy": -54.22568720379163,
    "Win Rate": 0.27488151658767773
  },
  "general": {
    "Long Ratio": 0.5,
    "Total trades": 211,
    "Sharpe ratio": -0.098,
    "Profit factor": 0.0,
    "Max drawdown": 0.0
  },
  "rejected_signals_count": 26218
}