{
  "pnls": {
    "PnL (total)": 2952.73,
    "PnL% (total)": 2.952729999999996,
    "Max Winner": 494.89,
    "Avg Winner": 494.02840000000003,
    "Min Winner": 479.89,
    "Min Loser": -30.48,
    "Avg Loser": -247.3152631578947,
    "Max Loser": -256.71,
    "Expectancy": 46.86873015873019,
    "Win Rate": 0.3968253968253968
  },
  "general": {
    "Long Ratio": "0.49",
    "Total trades": 0,
    "Sharpe ratio": 0.0,
    "Profit factor": 0.0,
    "Max drawdown": 0.0
  },
  "rejected_signals_count": 304
}