{
  "pnls": {
    "PnL (total)": 9979.78,
    "PnL% (total)": 9.97978,
    "Max Winner": 494.89,
    "Avg Winner": 481.46162162162165,
    "Min Winner": 8.38,
    "Min Loser": -30.54,
    "Avg Loser": -326.4291666666667,
    "Max Loser": -356.69,
    "Expectancy": 163.60295081967217,
    "Win Rate": 0.6065573770491803
  },
  "general": {
    "Long Ratio": "0.49",
    "Total trades": 0,
    "Sharpe ratio": 0.0,
    "Profit factor": 0.0,
    "Max drawdown": 0.0
  },
  "rejected_signals_count": 211
}