{
  "pnls": {
    "PnL (total)": 9381.75,
    "PnL% (total)": 9.38175,
    "Max Winner": 494.89,
    "Avg Winner": 469.34135135135136,
    "Min Winner": 8.38,
    "Min Loser": -101.19,
    "Avg Loser": -332.6616666666667,
    "Max Loser": -356.69,
    "Expectancy": 153.79918032786887,
    "Win Rate": 0.6065573770491803
  },
  "general": {
    "Long Ratio": "0.51",
    "Total trades": 0,
    "Sharpe ratio": 0.0,
    "Profit factor": 0.0,
    "Max drawdown": 0.0
  },
  "rejected_signals_count": 154
}