{
  "pnls": {
    "PnL (total)": -8338.14,
    "PnL% (total)": -8.33814,
    "Max Winner": 793.6,
    "Avg Winner": 745.2565671641792,
    "Min Winner": 743.4,
    "Min Loser": -223.28,
    "Avg Loser": -256.69748898678404,
    "Max Loser": -315.53,
    "Expectancy": -28.361020408163157,
    "Win Rate": 0.22789115646258504
  },
  "general": {
    "Long Ratio": 0.5,
    "Total trades": 294,
    "Sharpe ratio": -0.054,
    "Profit factor": 0.0,
    "Max drawdown": 0.0
  },
  "rejected_signals_count": 129524
}