{
  "pnls": {
    "PnL (total)": 8008.78,
    "PnL% (total)": 8.008779999999998,
    "Max Winner": 494.89,
    "Avg Winner": 480.2961764705883,
    "Min Winner": 8.38,
    "Min Loser": -95.2,
    "Avg Loser": -332.8516,
    "Max Loser": -356.69,
    "Expectancy": 135.74203389830512,
    "Win Rate": 0.576271186440678
  },
  "general": {
    "Long Ratio": "0.49",
    "Total trades": 0,
    "Sharpe ratio": 0.0,
    "Profit factor": 0.0,
    "Max drawdown": 0.0
  },
  "rejected_signals_count": 299
}