{
  "pnls": {
    "PnL (total)": 7525.51,
    "PnL% (total)": 7.525509999999995,
    "Max Winner": 494.91,
    "Avg Winner": 494.5000000000002,
    "Min Winner": 494.29,
    "Min Loser": -351.69,
    "Avg Loser": -356.4406578947367,
    "Max Loser": -356.75,
    "Expectancy": 51.54458904109603,
    "Win Rate": 0.4794520547945205
  },
  "general": {
    "Long Ratio": 0.5,
    "Total trades": 146,
    "Sharpe ratio": 0.132,
    "Profit factor": 0.0,
    "Max drawdown": 0.0
  },
  "rejected_signals_count": 5548
}