{
  "pnls": {
    "PnL (total)": 7333.66,
    "PnL% (total)": 7.333660000000003,
    "Max Winner": 394.89,
    "Avg Winner": 376.3935897435897,
    "Min Winner": 8.38,
    "Min Loser": -217.15,
    "Avg Loser": -349.7947619047619,
    "Max Loser": -356.69,
    "Expectancy": 122.22766666666665,
    "Win Rate": 0.65
  },
  "general": {
    "Long Ratio": "0.48",
    "Total trades": 0,
    "Sharpe ratio": 0.0,
    "Profit factor": 0.0,
    "Max drawdown": 0.0
  },
  "rejected_signals_count": 241
}