{
  "pnls": {
    "PnL (total)": 9841.84,
    "PnL% (total)": 9.841839999999996,
    "Max Winner": 494.89,
    "Avg Winner": 481.09000000000003,
    "Min Winner": 8.38,
    "Min Loser": -30.54,
    "Avg Loser": -325.104347826087,
    "Max Loser": -356.69,
    "Expectancy": 166.81084745762715,
    "Win Rate": 0.6101694915254238
  },
  "general": {
    "Long Ratio": "0.49",
    "Total trades": 0,
    "Sharpe ratio": 0.0,
    "Profit factor": 0.0,
    "Max drawdown": 0.0
  },
  "rejected_signals_count": 218
}