{
  "pnls": {
    "PnL (total)": 9253.81,
    "PnL% (total)": 9.253809999999998,
    "Max Winner": 494.89,
    "Avg Winner": 469.3166666666667,
    "Min Winner": 8.38,
    "Min Loser": -55.16,
    "Avg Loser": -332.24304347826086,
    "Max Loser": -356.71,
    "Expectancy": 156.84423728813567,
    "Win Rate": 0.6101694915254238
  },
  "general": {
    "Long Ratio": "0.49",
    "Total trades": 0,
    "Sharpe ratio": 0.0,
    "Profit factor": 0.0,
    "Max drawdown": 0.0
  },
  "rejected_signals_count": 264
}