{
  "pnls": {
    "PnL (total)": -10066.59,
    "PnL% (total)": -10.066589999999996,
    "Max Winner": 744.89,
    "Avg Winner": 744.5167692307693,
    "Min Winner": 744.28,
    "Min Loser": -13.64,
    "Avg Loser": -354.30412121212146,
    "Max Loser": -356.75,
    "Expectancy": -43.76778260869583,
    "Win Rate": 0.2826086956521739
  },
  "general": {
    "Long Ratio": 0.5,
    "Total trades": 230,
    "Sharpe ratio": -0.081,
    "Profit factor": 0.0,
    "Max drawdown": 0.0
  },
  "rejected_signals_count": 327184
}