{
  "pnls": {
    "PnL (total)": 8028.77,
    "PnL% (total)": 8.028770000000005,
    "Max Winner": 494.89,
    "Avg Winner": 480.30647058823536,
    "Min Winner": 8.38,
    "Min Loser": -95.2,
    "Avg Loser": -332.066,
    "Max Loser": -356.71,
    "Expectancy": 136.08084745762721,
    "Win Rate": 0.576271186440678
  },
  "general": {
    "Long Ratio": "0.49",
    "Total trades": 0,
    "Sharpe ratio": 0.0,
    "Profit factor": 0.0,
    "Max drawdown": 0.0
  },
  "rejected_signals_count": 247
}