{
  "pnls": {
    "PnL (total)": 8877.46,
    "PnL% (total)": 8.877460000000006,
    "Max Winner": 494.89,
    "Avg Winner": 494.14411764705886,
    "Min Winner": 479.89,
    "Min Loser": -60.62,
    "Avg Loser": -304.74769230769226,
    "Max Loser": -366.69,
    "Expectancy": 147.95766666666674,
    "Win Rate": 0.5666666666666667
  },
  "general": {
    "Long Ratio": "0.48",
    "Total trades": 0,
    "Sharpe ratio": 0.0,
    "Profit factor": 0.0,
    "Max drawdown": 0.0
  },
  "rejected_signals_count": 262
}