{
  "pnls": {
    "PnL (total)": 3345.42,
    "PnL% (total)": 3.345419999999998,
    "Max Winner": 494.89,
    "Avg Winner": 494.6374074074075,
    "Min Winner": 494.35,
    "Min Loser": -30.48,
    "Avg Loser": -244.14121951219514,
    "Max Loser": -256.72,
    "Expectancy": 49.19735294117649,
    "Win Rate": 0.39705882352941174
  },
  "general": {
    "Long Ratio": "0.50",
    "Total trades": 0,
    "Sharpe ratio": 0.0,
    "Profit factor": 0.0,
    "Max drawdown": 0.0
  },
  "rejected_signals_count": 290
}