{
  "pnls": {
    "PnL (total)": -3423.63,
    "PnL% (total)": -3.4236300000000046,
    "Max Winner": 744.91,
    "Avg Winner": 744.5765573770489,
    "Min Winner": 744.28,
    "Min Loser": -6.64,
    "Avg Loser": -353.9333333333333,
    "Max Loser": -356.75,
    "Expectancy": -17.204170854271414,
    "Win Rate": 0.3065326633165829
  },
  "general": {
    "Long Ratio": 0.5,
    "Total trades": 199,
    "Sharpe ratio": -0.015,
    "Profit factor": 0.0,
    "Max drawdown": 0.0
  },
  "rejected_signals_count": 18032
}