{
  "pnls": {
    "PnL (total)": -1543.42,
    "PnL% (total)": -1.5434199999999982,
    "Max Winner": 577.41,
    "Avg Winner": 515.0895833333334,
    "Min Winner": 495.31,
    "Min Loser": 0.0,
    "Avg Loser": -198.65099999999998,
    "Max Loser": -255.7,
    "Expectancy": -16.419361702127674,
    "Win Rate": 0.2553191489361702
  },
  "general": {
    "Long Ratio": "0.46",
    "Total trades": 0,
    "Sharpe ratio": 0.0,
    "Profit factor": 0.0,
    "Max drawdown": 0.0
  },
  "rejected_signals_count": 577
}