{
  "pnls": {
    "PnL (total)": -5944.05,
    "PnL% (total)": -5.9440500000000025,
    "Max Winner": 606.86,
    "Avg Winner": 466.7525,
    "Min Winner": 21.82,
    "Min Loser": -17.18,
    "Avg Loser": -213.06255102040816,
    "Max Loser": -255.72,
    "Expectancy": -45.723461538461535,
    "Win Rate": 0.24615384615384617
  },
  "general": {
    "Long Ratio": "0.51"
  },
  "rejected_signals_count": 881
}