{
  "pnls": {
    "PnL (total)": -11477.01,
    "PnL% (total)": -11.477009999999995,
    "Max Winner": 764.67,
    "Avg Winner": 744.7936363636364,
    "Min Winner": 735.51,
    "Min Loser": -353.69,
    "Avg Loser": -356.667,
    "Max Loser": -375.65,
    "Expectancy": -48.63139830508474,
    "Win Rate": 0.2796610169491525
  },
  "general": {
    "Long Ratio": 0.5,
    "Total trades": 236,
    "Sharpe ratio": -0.088,
    "Profit factor": 0.0,
    "Max drawdown": 0.0
  },
  "rejected_signals_count": 133683
}