{
  "pnls": {
    "PnL (total)": -558.11,
    "PnL% (total)": -0.5581100000000006,
    "Max Winner": 615.47,
    "Avg Winner": 502.77961538461534,
    "Min Winner": 125.84,
    "Min Loser": 0.0,
    "Avg Loser": -206.52090909090913,
    "Max Loser": -255.71,
    "Expectancy": -6.06641304347832,
    "Win Rate": 0.2826086956521739
  },
  "general": {
    "Long Ratio": "0.49",
    "Total trades": 0,
    "Sharpe ratio": 0.0,
    "Profit factor": 0.0,
    "Max drawdown": 0.0
  },
  "rejected_signals_count": 1301
}