{
  "pnls": {
    "PnL (total)": -8596.64,
    "PnL% (total)": -8.59664,
    "Max Winner": 545.35,
    "Avg Winner": 495.21476190476204,
    "Min Winner": 479.37,
    "Min Loser": -234.55,
    "Avg Loser": -256.29494584837533,
    "Max Loser": -278.33,
    "Expectancy": -21.331612903225675,
    "Win Rate": 0.31265508684863524
  },
  "general": {
    "Long Ratio": 0.5,
    "Total trades": 403,
    "Sharpe ratio": -0.051,
    "Profit factor": 0.0,
    "Max drawdown": 0.0
  },
  "rejected_signals_count": 132562
}