{
  "pnls": {
    "PnL (total)": 8902.12,
    "PnL% (total)": 8.902119999999995,
    "Max Winner": 494.89,
    "Avg Winner": 494.6082857142857,
    "Min Winner": 494.31,
    "Min Loser": -59.12,
    "Avg Loser": -323.4296153846154,
    "Max Loser": -366.69,
    "Expectancy": 145.93639344262297,
    "Win Rate": 0.5737704918032787
  },
  "general": {
    "Long Ratio": "0.46",
    "Total trades": 0,
    "Sharpe ratio": 0.0,
    "Profit factor": 0.0,
    "Max drawdown": 0.0
  },
  "rejected_signals_count": 309
}