{
  "pnls": {
    "PnL (total)": -15274.51,
    "PnL% (total)": -15.274509999999994,
    "Max Winner": 744.89,
    "Avg Winner": 744.530294117647,
    "Min Winner": 744.28,
    "Min Loser": -246.19,
    "Avg Loser": -256.43023346303494,
    "Max Loser": -256.75,
    "Expectancy": -46.998492307692274,
    "Win Rate": 0.20923076923076922
  },
  "general": {
    "Long Ratio": 0.5,
    "Total trades": 325,
    "Sharpe ratio": -0.104,
    "Profit factor": 0.0,
    "Max drawdown": 0.0
  },
  "rejected_signals_count": 345014
}