{
  "pnls": {
    "PnL (total)": 6437.5,
    "PnL% (total)": 6.4375,
    "Max Winner": 494.87,
    "Avg Winner": 494.120625,
    "Min Winner": 479.89,
    "Min Loser": -69.54,
    "Avg Loser": -360.5523076923077,
    "Max Loser": -396.69,
    "Expectancy": 110.99137931034483,
    "Win Rate": 0.5517241379310345
  },
  "general": {
    "Long Ratio": "0.50",
    "Total trades": 0,
    "Sharpe ratio": 0.0,
    "Profit factor": 0.0,
    "Max drawdown": 0.0
  },
  "rejected_signals_count": 218
}