{
  "pnls": {
    "PnL (total)": -227.53,
    "PnL% (total)": -0.22752999999999884,
    "Max Winner": 666.43,
    "Avg Winner": 523.5057894736842,
    "Min Winner": 495.33,
    "Min Loser": -50.52,
    "Avg Loser": -211.96124999999998,
    "Max Loser": -255.71,
    "Expectancy": -3.395970149253742,
    "Win Rate": 0.2835820895522388
  },
  "general": {
    "Long Ratio": "0.45",
    "Total trades": 0,
    "Sharpe ratio": 0.0,
    "Profit factor": 0.0,
    "Max drawdown": 0.0
  },
  "rejected_signals_count": 543
}