{
  "pnls": {
    "PnL (total)": 4863.67,
    "PnL% (total)": 4.863669999999998,
    "Max Winner": 494.89,
    "Avg Winner": 478.92740740740743,
    "Min Winner": 70.46,
    "Min Loser": -5.62,
    "Avg Loser": -244.46575757575758,
    "Max Loser": -256.71,
    "Expectancy": 81.06116666666665,
    "Win Rate": 0.45
  },
  "general": {
    "Long Ratio": "0.50",
    "Total trades": 0,
    "Sharpe ratio": 0.0,
    "Profit factor": 0.0,
    "Max drawdown": 0.0
  },
  "rejected_signals_count": 262
}