{
  "pnls": {
    "PnL (total)": 9228.27,
    "PnL% (total)": 9.228270000000004,
    "Max Winner": 494.89,
    "Avg Winner": 474.33916666666676,
    "Min Winner": 8.38,
    "Min Loser": -44.54,
    "Avg Loser": -326.9975,
    "Max Loser": -356.69,
    "Expectancy": 153.80450000000005,
    "Win Rate": 0.6
  },
  "general": {
    "Long Ratio": "0.50",
    "Total trades": 0,
    "Sharpe ratio": 0.0,
    "Profit factor": 0.0,
    "Max drawdown": 0.0
  },
  "rejected_signals_count": 271
}