{
  "pnls": {
    "PnL (total)": -1447.56,
    "PnL% (total)": -1.4475599999999977,
    "Max Winner": 615.4,
    "Avg Winner": 521.8788,
    "Min Winner": 495.33,
    "Min Loser": 0.0,
    "Avg Loser": -207.06471428571427,
    "Max Loser": -255.7,
    "Expectancy": -15.237473684210556,
    "Win Rate": 0.2631578947368421
  },
  "general": {
    "Long Ratio": "0.44"
  },
  "rejected_signals_count": 844
}