{
  "pnls": {
    "PnL (total)": -10819.24,
    "PnL% (total)": -10.819240000000004,
    "Max Winner": 543.59,
    "Avg Winner": 495.7346666666669,
    "Min Winner": 494.29,
    "Min Loser": -243.72,
    "Avg Loser": -256.61787755102046,
    "Max Loser": -284.34,
    "Expectancy": -30.912114285714246,
    "Win Rate": 0.3
  },
  "general": {
    "Long Ratio": 0.5,
    "Total trades": 350,
    "Sharpe ratio": -0.076,
    "Profit factor": 0.0,
    "Max drawdown": 0.0
  },
  "rejected_signals_count": 113040
}