{
  "pnls": {
    "PnL (total)": 8008.81,
    "PnL% (total)": 8.008809999999999,
    "Max Winner": 494.89,
    "Avg Winner": 480.29588235294113,
    "Min Winner": 8.38,
    "Min Loser": -95.2,
    "Avg Loser": -332.85,
    "Max Loser": -356.69,
    "Expectancy": 135.74254237288133,
    "Win Rate": 0.576271186440678
  },
  "general": {
    "Long Ratio": "0.49",
    "Total trades": 0,
    "Sharpe ratio": 0.0,
    "Profit factor": 0.0,
    "Max drawdown": 0.0
  },
  "rejected_signals_count": 252
}