{
  "pnls": {
    "PnL (total)": -720.57,
    "PnL% (total)": -0.720570000000007,
    "Max Winner": 670.38,
    "Avg Winner": 425.75951219512194,
    "Min Winner": 20.4,
    "Min Loser": 0.0,
    "Avg Loser": -189.34072916666665,
    "Max Loser": -255.7,
    "Expectancy": -5.259635036496334,
    "Win Rate": 0.29927007299270075
  },
  "general": {
    "Long Ratio": "0.46"
  },
  "rejected_signals_count": 2193
}