{
  "pnls": {
    "PnL (total)": -847.14,
    "PnL% (total)": -0.8471399999999993,
    "Max Winner": 577.41,
    "Avg Winner": 515.6727999999999,
    "Min Winner": 495.31,
    "Min Loser": 0.0,
    "Avg Loser": -199.1153623188406,
    "Max Loser": -255.7,
    "Expectancy": -9.012127659574503,
    "Win Rate": 0.26595744680851063
  },
  "general": {
    "Long Ratio": "0.47",
    "Total trades": 0,
    "Sharpe ratio": 0.0,
    "Profit factor": 0.0,
    "Max drawdown": 0.0
  },
  "rejected_signals_count": 590
}