{
  "pnls": {
    "PnL (total)": 7423.75,
    "PnL% (total)": 7.42375,
    "Max Winner": 494.89,
    "Avg Winner": 481.0012121212121,
    "Min Winner": 45.38,
    "Min Loser": -33.16,
    "Avg Loser": -324.9726923076923,
    "Max Loser": -356.71,
    "Expectancy": 125.82627118644066,
    "Win Rate": 0.559322033898305
  },
  "general": {
    "Long Ratio": "0.49",
    "Total trades": 0,
    "Sharpe ratio": 0.0,
    "Profit factor": 0.0,
    "Max drawdown": 0.0
  },
  "rejected_signals_count": 320
}