{
  "pnls": {
    "PnL (total)": -9034.35,
    "PnL% (total)": -9.034350000000007,
    "Max Winner": 494.91,
    "Avg Winner": 494.4969879518074,
    "Min Winner": 494.29,
    "Min Loser": -250.68,
    "Avg Loser": -256.80820512820515,
    "Max Loser": -285.72,
    "Expectancy": -32.49766187050358,
    "Win Rate": 0.29856115107913667
  },
  "general": {
    "Long Ratio": 0.5,
    "Total trades": 278,
    "Sharpe ratio": -0.081,
    "Profit factor": 0.0,
    "Max drawdown": 0.0
  },
  "rejected_signals_count": 10260
}