{
  "pnls": {
    "PnL (total)": 1145.66,
    "PnL% (total)": 1.1456600000000035,
    "Max Winner": 494.89,
    "Avg Winner": 494.635,
    "Min Winner": 494.33,
    "Min Loser": -211.71,
    "Avg Loser": -255.37095238095242,
    "Max Loser": -256.71,
    "Expectancy": 17.358484848484835,
    "Win Rate": 0.36363636363636365
  },
  "general": {
    "Long Ratio": "0.50",
    "Total trades": 0,
    "Sharpe ratio": 0.0,
    "Profit factor": 0.0,
    "Max drawdown": 0.0
  },
  "rejected_signals_count": 292
}