{
  "pnls": {
    "PnL (total)": 3646.92,
    "PnL% (total)": 3.646919999999998,
    "Max Winner": 494.89,
    "Avg Winner": 494.6404,
    "Min Winner": 494.35,
    "Min Loser": -256.12,
    "Avg Loser": -256.4438235294118,
    "Max Loser": -256.71,
    "Expectancy": 61.81220338983047,
    "Win Rate": 0.423728813559322
  },
  "general": {
    "Long Ratio": "0.49",
    "Total trades": 0,
    "Sharpe ratio": 0.0,
    "Profit factor": 0.0,
    "Max drawdown": 0.0
  },
  "rejected_signals_count": 271
}