{
  "pnls": {
    "PnL (total)": 9066.8,
    "PnL% (total)": 9.066800000000002,
    "Max Winner": 494.89,
    "Avg Winner": 468.6163888888889,
    "Min Winner": 8.38,
    "Min Loser": -101.19,
    "Avg Loser": -339.2778260869565,
    "Max Loser": -356.69,
    "Expectancy": 153.67457627118648,
    "Win Rate": 0.6101694915254238
  },
  "general": {
    "Long Ratio": "0.49",
    "Total trades": 0,
    "Sharpe ratio": 0.0,
    "Profit factor": 0.0,
    "Max drawdown": 0.0
  },
  "rejected_signals_count": 242
}