{
  "pnls": {
    "PnL (total)": 10276.94,
    "PnL% (total)": 10.276940000000003,
    "Max Winner": 494.89,
    "Avg Winner": 494.6077142857143,
    "Min Winner": 494.31,
    "Min Loser": -43.16,
    "Avg Loser": -319.74227272727273,
    "Max Loser": -356.69,
    "Expectancy": 180.29719298245618,
    "Win Rate": 0.6140350877192983
  },
  "general": {
    "Long Ratio": "0.49",
    "Total trades": 0,
    "Sharpe ratio": 0.0,
    "Profit factor": 0.0,
    "Max drawdown": 0.0
  },
  "rejected_signals_count": 320
}