{
  "pnls": {
    "PnL (total)": -12477.36,
    "PnL% (total)": -12.477360000000001,
    "Max Winner": 524.85,
    "Avg Winner": 495.77040000000017,
    "Min Winner": 494.29,
    "Min Loser": -305.55,
    "Avg Loser": -356.63448275862066,
    "Max Loser": -414.53,
    "Expectancy": -45.53781021897803,
    "Win Rate": 0.36496350364963503
  },
  "general": {
    "Long Ratio": 0.5,
    "Total trades": 274,
    "Sharpe ratio": -0.099,
    "Profit factor": 0.0,
    "Max drawdown": 0.0
  },
  "rejected_signals_count": 25171
}