{
  "pnls": {
    "PnL (total)": -10805.95,
    "PnL% (total)": -10.805949999999998,
    "Max Winner": 748.32,
    "Avg Winner": 744.6296078431373,
    "Min Winner": 744.29,
    "Min Loser": -6.64,
    "Avg Loser": -255.4034554973822,
    "Max Loser": -285.72,
    "Expectancy": -44.652685950413236,
    "Win Rate": 0.21074380165289255
  },
  "general": {
    "Long Ratio": 0.5,
    "Total trades": 242,
    "Sharpe ratio": -0.09,
    "Profit factor": 0.0,
    "Max drawdown": 0.0
  },
  "rejected_signals_count": 13511
}