{
  "pnls": {
    "PnL (total)": 9097.79,
    "PnL% (total)": 9.097789999999993,
    "Max Winner": 494.89,
    "Avg Winner": 469.3161111111111,
    "Min Winner": 8.38,
    "Min Loser": -95.2,
    "Avg Loser": -339.02565217391304,
    "Max Loser": -356.71,
    "Expectancy": 154.1998305084746,
    "Win Rate": 0.6101694915254238
  },
  "general": {
    "Long Ratio": "0.49",
    "Total trades": 0,
    "Sharpe ratio": 0.0,
    "Profit factor": 0.0,
    "Max drawdown": 0.0
  },
  "rejected_signals_count": 250
}