{
  "pnls": {
    "PnL (total)": 8160.98,
    "PnL% (total)": 8.160979999999995,
    "Max Winner": 494.89,
    "Avg Winner": 494.5854545454546,
    "Min Winner": 494.31,
    "Min Loser": -97.54,
    "Avg Loser": -340.01416666666665,
    "Max Loser": -366.69,
    "Expectancy": 143.1750877192983,
    "Win Rate": 0.5789473684210527
  },
  "general": {
    "Long Ratio": "0.47",
    "Total trades": 0,
    "Sharpe ratio": 0.0,
    "Profit factor": 0.0,
    "Max drawdown": 0.0
  },
  "rejected_signals_count": 229
}