{
  "pnls": {
    "PnL (total)": 7376.68,
    "PnL% (total)": 7.376679999999992,
    "Max Winner": 494.89,
    "Avg Winner": 494.61,
    "Min Winner": 494.31,
    "Min Loser": -75.12,
    "Avg Loser": -288.56290322580645,
    "Max Loser": -316.69,
    "Expectancy": 115.260625,
    "Win Rate": 0.515625
  },
  "general": {
    "Long Ratio": "0.48",
    "Total trades": 0,
    "Sharpe ratio": 0.0,
    "Profit factor": 0.0,
    "Max drawdown": 0.0
  },
  "rejected_signals_count": 314
}