{
  "pnls": {
    "PnL (total)": -5906.5,
    "PnL% (total)": -5.9065,
    "Max Winner": 744.91,
    "Avg Winner": 744.5537735849053,
    "Min Winner": 744.28,
    "Min Loser": -92.64,
    "Avg Loser": -354.436328125,
    "Max Loser": -356.75,
    "Expectancy": -32.63259668508296,
    "Win Rate": 0.292817679558011
  },
  "general": {
    "Long Ratio": 0.5,
    "Total trades": 181,
    "Sharpe ratio": -0.05,
    "Profit factor": 0.0,
    "Max drawdown": 0.0
  },
  "rejected_signals_count": 14495
}