{
  "pnls": {
    "PnL (total)": -6043.78,
    "PnL% (total)": -6.043779999999998,
    "Max Winner": 764.67,
    "Avg Winner": 744.480144927536,
    "Min Winner": 721.85,
    "Min Loser": -340.64,
    "Avg Loser": -356.6019254658384,
    "Max Loser": -375.65,
    "Expectancy": -26.277304347826067,
    "Win Rate": 0.3
  },
  "general": {
    "Long Ratio": 0.5,
    "Total trades": 230,
    "Sharpe ratio": -0.041,
    "Profit factor": 0.0,
    "Max drawdown": 0.0
  },
  "rejected_signals_count": 128974
}