{
  "pnls": {
    "PnL (total)": 9960.74,
    "PnL% (total)": 9.960740000000005,
    "Max Winner": 494.89,
    "Avg Winner": 481.46081081081087,
    "Min Winner": 8.38,
    "Min Loser": -55.54,
    "Avg Loser": -327.22125,
    "Max Loser": -356.69,
    "Expectancy": 163.2908196721312,
    "Win Rate": 0.6065573770491803
  },
  "general": {
    "Long Ratio": "0.49",
    "Total trades": 0,
    "Sharpe ratio": 0.0,
    "Profit factor": 0.0,
    "Max drawdown": 0.0
  },
  "rejected_signals_count": 222
}