{
  "pnls": {
    "PnL (total)": 3735.48,
    "PnL% (total)": 3.735479999999996,
    "Max Winner": 494.89,
    "Avg Winner": 494.55,
    "Min Winner": 494.31,
    "Min Loser": -133.62,
    "Avg Loser": -300.54281249999997,
    "Max Loser": -316.7,
    "Expectancy": 63.31322033898306,
    "Win Rate": 0.4576271186440678
  },
  "general": {
    "Long Ratio": "0.49",
    "Total trades": 0,
    "Sharpe ratio": 0.0,
    "Profit factor": 0.0,
    "Max drawdown": 0.0
  },
  "rejected_signals_count": 220
}