{
  "pnls": {
    "PnL (total)": 8948.45,
    "PnL% (total)": 8.948449999999998,
    "Max Winner": 494.89,
    "Avg Winner": 494.6,
    "Min Winner": 494.31,
    "Min Loser": -73.2,
    "Avg Loser": -327.83125,
    "Max Loser": -356.69,
    "Expectancy": 154.28362068965512,
    "Win Rate": 0.5862068965517241
  },
  "general": {
    "Long Ratio": "0.50",
    "Total trades": 0,
    "Sharpe ratio": 0.0,
    "Profit factor": 0.0,
    "Max drawdown": 0.0
  },
  "rejected_signals_count": 245
}