{
  "pnls": {
    "PnL (total)": -570.92,
    "PnL% (total)": -0.5709199999999983,
    "Max Winner": 234.91,
    "Avg Winner": 172.9626523297491,
    "Min Winner": 0.34,
    "Min Loser": -2.16,
    "Avg Loser": -109.97184684684684,
    "Max Loser": -206.7,
    "Expectancy": -0.7896542185338831,
    "Win Rate": 0.38589211618257263
  },
  "general": {
    "Long Ratio": "0.53",
    "Total trades": 0,
    "Sharpe ratio": 0.0,
    "Profit factor": 0.0,
    "Max drawdown": 0.0
  },
  "rejected_signals_count": 7854
}