{
  "pnls": {
    "PnL (total)": 6007.62,
    "PnL% (total)": 6.007619999999996,
    "Max Winner": 494.87,
    "Avg Winner": 494.0964516129032,
    "Min Winner": 479.89,
    "Min Loser": -69.54,
    "Avg Loser": -358.0526923076923,
    "Max Loser": -396.69,
    "Expectancy": 105.39684210526315,
    "Win Rate": 0.543859649122807
  },
  "general": {
    "Long Ratio": "0.49",
    "Total trades": 0,
    "Sharpe ratio": 0.0,
    "Profit factor": 0.0,
    "Max drawdown": 0.0
  },
  "rejected_signals_count": 220
}