{
  "pnls": {
    "PnL (total)": 9289.31,
    "PnL% (total)": 9.289309999999999,
    "Max Winner": 494.89,
    "Avg Winner": 456.25135135135133,
    "Min Winner": 8.38,
    "Min Loser": -101.19,
    "Avg Loser": -330.0865217391305,
    "Max Loser": -356.69,
    "Expectancy": 154.82183333333336,
    "Win Rate": 0.6166666666666667
  },
  "general": {
    "Long Ratio": "0.52",
    "Total trades": 0,
    "Sharpe ratio": 0.0,
    "Profit factor": 0.0,
    "Max drawdown": 0.0
  },
  "rejected_signals_count": 188
}