{
  "pnls": {
    "PnL (total)": 6254.38,
    "PnL% (total)": 6.254380000000006,
    "Max Winner": 494.87,
    "Avg Winner": 494.120625,
    "Min Winner": 479.89,
    "Min Loser": -69.54,
    "Avg Loser": -353.9807407407407,
    "Max Loser": -396.69,
    "Expectancy": 106.00644067796611,
    "Win Rate": 0.5423728813559322
  },
  "general": {
    "Long Ratio": "0.51",
    "Total trades": 0,
    "Sharpe ratio": 0.0,
    "Profit factor": 0.0,
    "Max drawdown": 0.0
  },
  "rejected_signals_count": 218
}