{
  "pnls": {
    "PnL (total)": 1634.43,
    "PnL% (total)": 1.634429999999993,
    "Max Winner": 494.89,
    "Avg Winner": 494.6383333333333,
    "Min Winner": 494.35,
    "Min Loser": -80.54,
    "Avg Loser": -249.680243902439,
    "Max Loser": -256.71,
    "Expectancy": 25.14507692307697,
    "Win Rate": 0.36923076923076925
  },
  "general": {
    "Long Ratio": "0.48",
    "Total trades": 0,
    "Sharpe ratio": 0.0,
    "Profit factor": 0.0,
    "Max drawdown": 0.0
  },
  "rejected_signals_count": 316
}