{
  "pnls": {
    "PnL (total)": -1399.59,
    "PnL% (total)": -1.3995899999999966,
    "Max Winner": 544.51,
    "Avg Winner": 485.94947368421066,
    "Min Winner": 96.44,
    "Min Loser": 0.0,
    "Avg Loser": -208.4829411764706,
    "Max Loser": -255.7,
    "Expectancy": -19.99414285714286,
    "Win Rate": 0.2714285714285714
  },
  "general": {
    "Long Ratio": "0.50",
    "Total trades": 0,
    "Sharpe ratio": 0.0,
    "Profit factor": 0.0,
    "Max drawdown": 0.0
  },
  "rejected_signals_count": 940
}