{
  "pnls": {
    "PnL (total)": 7200.31,
    "PnL% (total)": 7.200309999999997,
    "Max Winner": 494.89,
    "Avg Winner": 494.125625,
    "Min Winner": 479.89,
    "Min Loser": -30.54,
    "Avg Loser": -331.21961538461534,
    "Max Loser": -366.69,
    "Expectancy": 124.14327586206898,
    "Win Rate": 0.5517241379310345
  },
  "general": {
    "Long Ratio": "0.47",
    "Total trades": 0,
    "Sharpe ratio": 0.0,
    "Profit factor": 0.0,
    "Max drawdown": 0.0
  },
  "rejected_signals_count": 264
}