{
  "pnls": {
    "PnL (total)": 2.07,
    "PnL% (total)": 0.0020700000000069847,
    "Max Winner": 666.43,
    "Avg Winner": 522.104,
    "Min Winner": 495.33,
    "Min Loser": -50.52,
    "Avg Loser": -213.06142857142856,
    "Max Loser": -255.71,
    "Expectancy": 0.03000000000002956,
    "Win Rate": 0.2898550724637681
  },
  "general": {
    "Long Ratio": "0.46",
    "Total trades": 0,
    "Sharpe ratio": 0.0,
    "Profit factor": 0.0,
    "Max drawdown": 0.0
  },
  "rejected_signals_count": 503
}