{
  "pnls": {
    "PnL (total)": -14946.64,
    "PnL% (total)": -14.94664,
    "Max Winner": 286.47,
    "Avg Winner": 143.88970986460342,
    "Min Winner": 0.28,
    "Min Loser": -0.32,
    "Avg Loser": -72.69131000813638,
    "Max Loser": -133.65,
    "Expectancy": -8.5605040091636,
    "Win Rate": 0.2961053837342497
  },
  "general": {
    "Long Ratio": 0.48,
    "Total trades": 1746,
    "Sharpe ratio": -0.035,
    "Profit factor": 0.0,
    "Max drawdown": 0.0
  },
  "rejected_signals_count": 91079
}