{
  "pnls": {
    "PnL (total)": 5355.32,
    "PnL% (total)": 5.355320000000007,
    "Max Winner": 494.89,
    "Avg Winner": 479.996551724138,
    "Min Winner": 70.46,
    "Min Loser": -5.62,
    "Avg Loser": -244.70228571428575,
    "Max Loser": -256.71,
    "Expectancy": 83.676875,
    "Win Rate": 0.453125
  },
  "general": {
    "Long Ratio": "0.50",
    "Total trades": 0,
    "Sharpe ratio": 0.0,
    "Profit factor": 0.0,
    "Max drawdown": 0.0
  },
  "rejected_signals_count": 233
}