{
  "pnls": {
    "PnL (total)": 5644.69,
    "PnL% (total)": 5.644690000000002,
    "Max Winner": 494.89,
    "Avg Winner": 463.23758620689654,
    "Min Winner": 8.38,
    "Min Loser": -96.16,
    "Avg Loser": -251.26451612903224,
    "Max Loser": -256.71,
    "Expectancy": 94.0781666666667,
    "Win Rate": 0.48333333333333334
  },
  "general": {
    "Long Ratio": "0.50",
    "Total trades": 0,
    "Sharpe ratio": 0.0,
    "Profit factor": 0.0,
    "Max drawdown": 0.0
  },
  "rejected_signals_count": 241
}