{
  "pnls": {
    "PnL (total)": 1611.43,
    "PnL% (total)": 1.6114299999999928,
    "Max Winner": 494.89,
    "Avg Winner": 494.6383333333333,
    "Min Winner": 494.35,
    "Min Loser": -80.54,
    "Avg Loser": -250.2412195121951,
    "Max Loser": -256.71,
    "Expectancy": 24.791230769230793,
    "Win Rate": 0.36923076923076925
  },
  "general": {
    "Long Ratio": "0.48",
    "Total trades": 0,
    "Sharpe ratio": 0.0,
    "Profit factor": 0.0,
    "Max drawdown": 0.0
  },
  "rejected_signals_count": 276
}