{
  "pnls": {
    "PnL (total)": -90.51,
    "PnL% (total)": -0.09050999999999476,
    "Max Winner": 615.4,
    "Avg Winner": 510.96526315789475,
    "Min Winner": 495.31,
    "Min Loser": 0.0,
    "Avg Loser": -217.7522222222222,
    "Max Loser": -255.71,
    "Expectancy": -1.414218749999975,
    "Win Rate": 0.296875
  },
  "general": {
    "Long Ratio": "0.52",
    "Total trades": 0,
    "Sharpe ratio": 0.0,
    "Profit factor": 0.0,
    "Max drawdown": 0.0
  },
  "rejected_signals_count": 570
}