{
  "pnls": {
    "PnL (total)": -9417.34,
    "PnL% (total)": -9.417339999999996,
    "Max Winner": 545.35,
    "Avg Winner": 495.3789062500001,
    "Min Winner": 479.37,
    "Min Loser": -242.48,
    "Avg Loser": -256.42901408450683,
    "Max Loser": -271.65,
    "Expectancy": -22.857621359223153,
    "Win Rate": 0.3106796116504854
  },
  "general": {
    "Long Ratio": 0.5,
    "Total trades": 412,
    "Sharpe ratio": -0.053,
    "Profit factor": 0.0,
    "Max drawdown": 0.0
  },
  "rejected_signals_count": 134490
}