{
  "pnls": {
    "PnL (total)": -13481.59,
    "PnL% (total)": -13.481589999999995,
    "Max Winner": 516.43,
    "Avg Winner": 135.68905882352942,
    "Min Winner": 0.3,
    "Min Loser": 0.0,
    "Avg Loser": -53.46714798206278,
    "Max Loser": -613.35,
    "Expectancy": -9.26569759450171,
    "Win Rate": 0.23367697594501718
  },
  "general": {
    "Long Ratio": "0.50"
  },
  "rejected_signals_count": 3799
}