{
  "pnls": {
    "PnL (total)": -18076.64,
    "PnL% (total)": -18.076639999999998,
    "Max Winner": 512.73,
    "Avg Winner": 494.362380952381,
    "Min Winner": 467.85,
    "Min Loser": -18.64,
    "Avg Loser": -354.7802380952382,
    "Max Loser": -414.53,
    "Expectancy": -71.7326984126985,
    "Win Rate": 0.3333333333333333
  },
  "general": {
    "Long Ratio": 0.5,
    "Total trades": 252,
    "Sharpe ratio": -0.167,
    "Profit factor": 0.0,
    "Max drawdown": 0.0
  },
  "rejected_signals_count": 20240
}