{
  "pnls": {
    "PnL (total)": 6632.32,
    "PnL% (total)": 6.632320000000007,
    "Max Winner": 444.89,
    "Avg Winner": 444.19428571428574,
    "Min Winner": 429.88,
    "Min Loser": -75.12,
    "Avg Loser": -307.3958620689655,
    "Max Loser": -326.69,
    "Expectancy": 103.63000000000002,
    "Win Rate": 0.546875
  },
  "general": {
    "Long Ratio": "0.48",
    "Total trades": 0,
    "Sharpe ratio": 0.0,
    "Profit factor": 0.0,
    "Max drawdown": 0.0
  },
  "rejected_signals_count": 315
}