{
  "pnls": {
    "PnL (total)": -13505.98,
    "PnL% (total)": -13.505979999999996,
    "Max Winner": 494.91,
    "Avg Winner": 494.1389743589747,
    "Min Winner": 465.29,
    "Min Loser": -356.11,
    "Avg Loser": -356.4987671232878,
    "Max Loser": -356.75,
    "Expectancy": -60.294553571428544,
    "Win Rate": 0.3482142857142857
  },
  "general": {
    "Long Ratio": 0.5,
    "Total trades": 224,
    "Sharpe ratio": -0.136,
    "Profit factor": 0.0,
    "Max drawdown": 0.0
  },
  "rejected_signals_count": 12687
}