{
  "pnls": {
    "PnL (total)": -960.57,
    "PnL% (total)": -0.9605700000000069,
    "Max Winner": 44.38,
    "Avg Winner": 43.852916666666665,
    "Min Winner": 0.34,
    "Min Loser": -5.66,
    "Avg Loser": -26.515128205128203,
    "Max Loser": -26.74,
    "Expectancy": -3.3009278350515476,
    "Win Rate": 0.32989690721649484
  },
  "general": {
    "Long Ratio": "0.50"
  },
  "rejected_signals_count": 5751
}