{
  "pnls": {
    "PnL (total)": 8053.84,
    "PnL% (total)": 8.053839999999997,
    "Max Winner": 494.89,
    "Avg Winner": 494.5969696969697,
    "Min Winner": 494.31,
    "Min Loser": -97.54,
    "Avg Loser": -330.7144,
    "Max Loser": -346.69,
    "Expectancy": 138.85931034482763,
    "Win Rate": 0.5689655172413793
  },
  "general": {
    "Long Ratio": "0.48",
    "Total trades": 0,
    "Sharpe ratio": 0.0,
    "Profit factor": 0.0,
    "Max drawdown": 0.0
  },
  "rejected_signals_count": 228
}