{
  "pnls": {
    "PnL (total)": 3974.83,
    "PnL% (total)": 3.9748300000000016,
    "Max Winner": 494.89,
    "Avg Winner": 494.0707407407408,
    "Min Winner": 479.89,
    "Min Loser": -132.71,
    "Avg Loser": -253.11027027027026,
    "Max Loser": -256.71,
    "Expectancy": 62.10671875000003,
    "Win Rate": 0.421875
  },
  "general": {
    "Long Ratio": "0.50",
    "Total trades": 0,
    "Sharpe ratio": 0.0,
    "Profit factor": 0.0,
    "Max drawdown": 0.0
  },
  "rejected_signals_count": 249
}