{
  "pnls": {
    "PnL (total)": -8835.37,
    "PnL% (total)": -8.835369999999996,
    "Max Winner": 606.86,
    "Avg Winner": 412.3035,
    "Min Winner": 6.66,
    "Min Loser": -9.2,
    "Avg Loser": -212.836218487395,
    "Max Loser": -255.72,
    "Expectancy": -55.56836477987427,
    "Win Rate": 0.25157232704402516
  },
  "general": {
    "Long Ratio": "0.49"
  },
  "rejected_signals_count": 1042
}