{
  "pnls": {
    "PnL (total)": -2343.25,
    "PnL% (total)": -2.34325,
    "Max Winner": 952.42,
    "Avg Winner": 224.41125000000002,
    "Min Winner": 0.34,
    "Min Loser": 0.0,
    "Avg Loser": -33.69073342736249,
    "Max Loser": -455.67,
    "Expectancy": -2.910869565217393,
    "Win Rate": 0.11925465838509317
  },
  "general": {
    "Long Ratio": "0.48"
  },
  "rejected_signals_count": 3716
}