{
  "pnls": {
    "PnL (total)": 7425.29,
    "PnL% (total)": 7.425289999999994,
    "Max Winner": 444.89,
    "Avg Winner": 444.19972222222225,
    "Min Winner": 429.88,
    "Min Loser": -75.12,
    "Avg Loser": -305.925,
    "Max Loser": -326.69,
    "Expectancy": 116.02015625000001,
    "Win Rate": 0.5625
  },
  "general": {
    "Long Ratio": "0.48",
    "Total trades": 0,
    "Sharpe ratio": 0.0,
    "Profit factor": 0.0,
    "Max drawdown": 0.0
  },
  "rejected_signals_count": 313
}