{
  "pnls": {
    "PnL (total)": 9748.31,
    "PnL% (total)": 9.748309999999998,
    "Max Winner": 494.89,
    "Avg Winner": 481.09027777777777,
    "Min Winner": 8.38,
    "Min Loser": -30.54,
    "Avg Loser": -315.4558333333334,
    "Max Loser": -356.69,
    "Expectancy": 162.47183333333328,
    "Win Rate": 0.6
  },
  "general": {
    "Long Ratio": "0.50",
    "Total trades": 0,
    "Sharpe ratio": 0.0,
    "Profit factor": 0.0,
    "Max drawdown": 0.0
  },
  "rejected_signals_count": 250
}