trader_id,strategy_id,instrument_id,account_id,opening_order_id,closing_order_id,entry,side,quantity,peak_qty,ts_init,ts_opened,ts_last,ts_closed,duration_ns,avg_px_open,avg_px_close,commissions,realized_return,realized_pnl,is_snapshot
BACKTESTER-001,MLSignalStrategyV2-V2,EUR/USD.IDEALPRO,IDEALPRO-001,O-20250102-110000-001-V2-1,O-20250102-110000-001-V2-3,BUY,FLAT,0.00,100000.00,1735815600000000000,2025-01-02 11:00:00+00:00,1735816200000000000,2025-01-02 11:10:00+00:00,600000000000.0,1.03168,1.03285,['4.13 USD'],0.00113,112.87 USD,True
BACKTESTER-001,MLSignalStrategyV2-V2,EUR/USD.IDEALPRO,IDEALPRO-001,O-20250102-113000-001-V2-4,O-20250102-113000-001-V2-5,BUY,FLAT,0.00,100000.00,1735817400000000000,2025-01-02 11:30:00+00:00,1735829640000000000,2025-01-02 14:54:00+00:00,12240000000000.0,1.03222,1.03027,['4.12 USD'],-0.00189,-199.12 USD,True
BACKTESTER-001,MLSignalStrategyV2-V2,EUR/USD.IDEALPRO,IDEALPRO-001,O-20250102-153000-001-V2-7,O-20250102-153000-001-V2-8,BUY,FLAT,0.00,100000.00,1735831800000000000,2025-01-02 15:30:00+00:00,1735833780000000000,2025-01-02 16:03:00+00:00,1980000000000.0,1.02857,1.02608,['4.11 USD'],-0.00242,-253.11 USD,True
BACKTESTER-001,MLSignalStrategyV2-V2,EUR/USD.IDEALPRO,IDEALPRO-001,O-20250102-161500-001-V2-10,O-20250102-161500-001-V2-12,BUY,FLAT,0.00,100000.00,1735834500000000000,2025-01-02 16:15:00+00:00,1735887360000000000,2025-01-03 06:56:00+00:00,52860000000000.0,1.02575,1.02786,['4.11 USD'],0.00206,206.89 USD,True
BACKTESTER-001,MLSignalStrategyV2-V2,EUR/USD.IDEALPRO,IDEALPRO-001,O-20250103-081500-001-V2-13,O-20250103-081500-001-V2-14,BUY,FLAT,0.00,100000.00,1735892100000000000,2025-01-03 08:15:00+00:00,1735893540000000000,2025-01-03 08:39:00+00:00,1440000000000.0,1.02845,1.02742,['4.11 USD'],-0.001,-107.11 USD,True
BACKTESTER-001,MLSignalStrategyV2-V2,EUR/USD.IDEALPRO,IDEALPRO-001,O-20250103-164500-001-V2-16,O-20250103-164500-001-V2-18,BUY,FLAT,0.00,100000.00,1735922700000000000,2025-01-03 16:45:00+00:00,1735924080000000000,2025-01-03 17:08:00+00:00,1380000000000.0,1.02899,1.03026,['4.12 USD'],0.00123,122.88 USD,True
BACKTESTER-001,MLSignalStrategyV2-V2,EUR/USD.IDEALPRO,IDEALPRO-001,O-20250103-171500-001-V2-19,O-20250103-171500-001-V2-21,BUY,FLAT,0.00,100000.00,1735924500000000000,2025-01-03 17:15:00+00:00,1736129340000000000,2025-01-06 02:09:00+00:00,204840000000000.0,1.03026,1.03141,['4.12 USD'],0.00112,110.88 USD,True
BACKTESTER-001,MLSignalStrategyV2-V2,EUR/USD.IDEALPRO,IDEALPRO-001,O-20250106-030000-001-V2-22,O-20250106-030000-001-V2-24,SELL,FLAT,0.00,100000.00,1736132400000000000,2025-01-06 03:00:00+00:00,1736143080000000000,2025-01-06 05:58:00+00:00,10680000000000.0,1.03161,1.03098,['4.12 USD'],0.00061,58.88 USD,True
BACKTESTER-001,MLSignalStrategyV2-V2,EUR/USD.IDEALPRO,IDEALPRO-001,O-20250106-081500-001-V2-25,O-20250106-081500-001-V2-26,SELL,FLAT,0.00,100000.00,1736151300000000000,2025-01-06 08:15:00+00:00,1736153820000000000,2025-01-06 08:57:00+00:00,2520000000000.0,1.03371,1.03484,['4.14 USD'],-0.00109,-117.14 USD,True
BACKTESTER-001,MLSignalStrategyV2-V2,EUR/USD.IDEALPRO,IDEALPRO-001,O-20250106-090000-001-V2-28,O-20250106-090000-001-V2-30,SELL,FLAT,0.00,100000.00,1736154000000000000,2025-01-06 09:00:00+00:00,1736154180000000000,2025-01-06 09:03:00+00:00,180000000000.0,1.03503,1.03405,['4.14 USD'],0.00095,93.86 USD,True
BACKTESTER-001,MLSignalStrategyV2-V2,EUR/USD.IDEALPRO,IDEALPRO-001,O-20250106-093000-001-V2-31,O-20250106-093000-001-V2-33,SELL,FLAT,0.00,100000.00,1736155800000000000,2025-01-06 09:30:00+00:00,1736158560000000000,2025-01-06 10:16:00+00:00,2760000000000.0,1.03584,1.03446,['4.14 USD'],0.00133,133.86 USD,True
BACKTESTER-001,MLSignalStrategyV2-V2,EUR/USD.IDEALPRO,IDEALPRO-001,O-20250106-160000-001-V2-34,O-20250106-160000-001-V2-35,SELL,FLAT,0.00,100000.00,1736179200000000000,2025-01-06 16:00:00+00:00,1736240460000000000,2025-01-07 09:01:00+00:00,61260000000000.0,1.03936,1.04294,['4.17 USD'],-0.00344,-362.17 USD,True
BACKTESTER-001,MLSignalStrategyV2-V2,EUR/USD.IDEALPRO,IDEALPRO-001,O-20250107-091500-001-V2-37,O-20250107-091500-001-V2-39,SELL,FLAT,0.00,100000.00,1736241300000000000,2025-01-07 09:15:00+00:00,1736248920000000000,2025-01-07 11:22:00+00:00,7620000000000.0,1.04263,1.04135,['4.17 USD'],0.00123,123.83 USD,True
BACKTESTER-001,MLSignalStrategyV2-V2,EUR/USD.IDEALPRO,IDEALPRO-001,O-20250107-121500-001-V2-40,O-20250107-121500-001-V2-42,SELL,FLAT,0.00,100000.00,1736252100000000000,2025-01-07 12:15:00+00:00,1736253540000000000,2025-01-07 12:39:00+00:00,1440000000000.0,1.04098,1.03986,['4.16 USD'],0.00108,107.84 USD,True
BACKTESTER-001,MLSignalStrategyV2-V2,EUR/USD.IDEALPRO,IDEALPRO-001,O-20250107-151500-001-V2-43,O-20250107-151500-001-V2-45,BUY,FLAT,0.00,100000.00,1736262900000000000,2025-01-07 15:15:00+00:00,1736263860000000000,2025-01-07 15:31:00+00:00,960000000000.0,1.03682,1.03808,['4.15 USD'],0.00122,121.85 USD,True
BACKTESTER-001,MLSignalStrategyV2-V2,EUR/USD.IDEALPRO,IDEALPRO-001,O-20250107-154500-001-V2-46,O-20250107-154500-001-V2-48,BUY,FLAT,0.00,100000.00,1736264700000000000,2025-01-07 15:45:00+00:00,1736267520000000000,2025-01-07 16:32:00+00:00,2820000000000.0,1.03639,1.03798,['4.15 USD'],0.00153,154.85 USD,True
BACKTESTER-001,MLSignalStrategyV2-V2,EUR/USD.IDEALPRO,IDEALPRO-001,O-20250107-170000-001-V2-49,O-20250107-170000-001-V2-50,BUY,FLAT,0.00,100000.00,1736269200000000000,2025-01-07 17:00:00+00:00,1736281860000000000,2025-01-07 20:31:00+00:00,12660000000000.0,1.03683,1.03462,['4.14 USD'],-0.00213,-225.14 USD,True
BACKTESTER-001,MLSignalStrategyV2-V2,EUR/USD.IDEALPRO,IDEALPRO-001,O-20250107-211500-001-V2-52,O-20250107-211500-001-V2-54,BUY,FLAT,0.00,100000.00,1736284500000000000,2025-01-07 21:15:00+00:00,1736300100000000000,2025-01-08 01:35:00+00:00,15600000000000.0,1.03428,1.03505,['4.14 USD'],0.00074,72.86 USD,True
BACKTESTER-001,MLSignalStrategyV2-V2,EUR/USD.IDEALPRO,IDEALPRO-001,O-20250108-033000-001-V2-55,O-20250108-033000-001-V2-57,BUY,FLAT,0.00,100000.00,1736307000000000000,2025-01-08 03:30:00+00:00,1736314020000000000,2025-01-08 05:27:00+00:00,7020000000000.0,1.03503,1.03541,['4.14 USD'],0.00037,33.86 USD,True
BACKTESTER-001,MLSignalStrategyV2-V2,EUR/USD.IDEALPRO,IDEALPRO-001,O-20250108-080000-001-V2-58,O-20250108-080000-001-V2-59,BUY,FLAT,0.00,100000.00,1736323200000000000,2025-01-08 08:00:00+00:00,1736323800000000000,2025-01-08 08:10:00+00:00,600000000000.0,1.03323,1.03221,['4.13 USD'],-0.00099,-106.13 USD,True
BACKTESTER-001,MLSignalStrategyV2-V2,EUR/USD.IDEALPRO,IDEALPRO-001,O-20250108-081500-001-V2-61,O-20250108-081500-001-V2-63,BUY,FLAT,0.00,100000.00,1736324100000000000,2025-01-08 08:15:00+00:00,1736324400000000000,2025-01-08 08:20:00+00:00,300000000000.0,1.03309,1.03397,['4.14 USD'],0.00085,83.86 USD,True
BACKTESTER-001,MLSignalStrategyV2-V2,EUR/USD.IDEALPRO,IDEALPRO-001,O-20250108-083000-001-V2-64,O-20250108-083000-001-V2-65,BUY,FLAT,0.00,100000.00,1736325000000000000,2025-01-08 08:30:00+00:00,1736331000000000000,2025-01-08 10:10:00+00:00,6000000000000.0,1.03255,1.03123,['4.13 USD'],-0.00128,-136.13 USD,True
BACKTESTER-001,MLSignalStrategyV2-V2,EUR/USD.IDEALPRO,IDEALPRO-001,O-20250108-113000-001-V2-67,O-20250108-113000-001-V2-68,BUY,FLAT,0.00,100000.00,1736335800000000000,2025-01-08 11:30:00+00:00,1736336040000000000,2025-01-08 11:34:00+00:00,240000000000.0,1.03006,1.02798,['4.12 USD'],-0.00202,-212.12 USD,True
BACKTESTER-001,MLSignalStrategyV2-V2,EUR/USD.IDEALPRO,IDEALPRO-001,O-20250108-114500-001-V2-70,O-20250108-114500-001-V2-72,BUY,FLAT,0.00,100000.00,1736336700000000000,2025-01-08 11:45:00+00:00,1736337120000000000,2025-01-08 11:52:00+00:00,420000000000.0,1.02849,1.0297,['4.12 USD'],0.00118,116.88 USD,True
BACKTESTER-001,MLSignalStrategyV2-V2,EUR/USD.IDEALPRO,IDEALPRO-001,O-20250108-120000-001-V2-73,O-20250108-120000-001-V2-75,BUY,FLAT,0.00,100000.00,1736337600000000000,2025-01-08 12:00:00+00:00,1736354520000000000,2025-01-08 16:42:00+00:00,16920000000000.0,1.02979,1.03113,['4.12 USD'],0.0013,129.88 USD,True
BACKTESTER-001,MLSignalStrategyV2-V2,EUR/USD.IDEALPRO,IDEALPRO-001,O-20250109-004500-001-V2-76,O-20250109-004500-001-V2-78,BUY,FLAT,0.00,100000.00,1736383500000000000,2025-01-09 00:45:00+00:00,1736384340000000000,2025-01-09 00:59:00+00:00,840000000000.0,1.03086,1.03132,['4.12 USD'],0.00045,41.88 USD,True
BACKTESTER-001,MLSignalStrategyV2-V2,EUR/USD.IDEALPRO,IDEALPRO-001,O-20250109-010000-001-V2-79,O-20250109-010000-001-V2-81,BUY,FLAT,0.00,100000.00,1736384400000000000,2025-01-09 01:00:00+00:00,1736388960000000000,2025-01-09 02:16:00+00:00,4560000000000.0,1.03131,1.03181,['4.12 USD'],0.00048,45.88 USD,True
BACKTESTER-001,MLSignalStrategyV2-V2,EUR/USD.IDEALPRO,IDEALPRO-001,O-20250109-043000-001-V2-82,O-20250109-043000-001-V2-84,SELL,FLAT,0.00,100000.00,1736397000000000000,2025-01-09 04:30:00+00:00,1736402760000000000,2025-01-09 06:06:00+00:00,5760000000000.0,1.03095,1.03039,['4.12 USD'],0.00054,51.88 USD,True
BACKTESTER-001,MLSignalStrategyV2-V2,EUR/USD.IDEALPRO,IDEALPRO-001,O-20250109-074500-001-V2-85,O-20250109-074500-001-V2-87,SELL,FLAT,0.00,100000.00,1736408700000000000,2025-01-09 07:45:00+00:00,1736409900000000000,2025-01-09 08:05:00+00:00,1200000000000.0,1.02939,1.02837,['4.12 USD'],0.00099,97.88 USD,True
BACKTESTER-001,MLSignalStrategyV2-V2,EUR/USD.IDEALPRO,IDEALPRO-001,O-20250109-143000-001-V2-88,O-20250109-143000-001-V2-89,BUY,FLAT,0.00,100000.00,1736433000000000000,2025-01-09 14:30:00+00:00,1736437320000000000,2025-01-09 15:42:00+00:00,4320000000000.0,1.031,1.02991,['4.12 USD'],-0.00106,-113.12 USD,True
BACKTESTER-001,MLSignalStrategyV2-V2,EUR/USD.IDEALPRO,IDEALPRO-001,O-20250109-194500-001-V2-91,O-20250109-194500-001-V2-92,BUY,FLAT,0.00,100000.00,1736451900000000000,2025-01-09 19:45:00+00:00,1736468460000000000,2025-01-10 00:21:00+00:00,16560000000000.0,1.03001,1.02938,['4.12 USD'],-0.00061,-67.12 USD,True
BACKTESTER-001,MLSignalStrategyV2-V2,EUR/USD.IDEALPRO,IDEALPRO-001,O-20250110-003000-001-V2-94,O-20250110-003000-001-V2-96,BUY,FLAT,0.00,100000.00,1736469000000000000,2025-01-10 00:30:00+00:00,1736471340000000000,2025-01-10 01:09:00+00:00,2340000000000.0,1.02944,1.02985,['4.12 USD'],0.0004,36.88 USD,True
BACKTESTER-001,MLSignalStrategyV2-V2,EUR/USD.IDEALPRO,IDEALPRO-001,O-20250110-040000-001-V2-97,O-20250110-040000-001-V2-98,BUY,FLAT,0.00,100000.00,1736481600000000000,2025-01-10 04:00:00+00:00,1736487180000000000,2025-01-10 05:33:00+00:00,5580000000000.0,1.02986,1.02918,['4.12 USD'],-0.00066,-72.12 USD,True
BACKTESTER-001,MLSignalStrategyV2-V2,EUR/USD.IDEALPRO,IDEALPRO-001,O-20250110-054500-001-V2-100,O-20250110-054500-001-V2-101,BUY,FLAT,0.00,100000.00,1736487900000000000,2025-01-10 05:45:00+00:00,1736488680000000000,2025-01-10 05:58:00+00:00,780000000000.0,1.02928,1.02859,['4.12 USD'],-0.00067,-73.12 USD,True
BACKTESTER-001,MLSignalStrategyV2-V2,EUR/USD.IDEALPRO,IDEALPRO-001,O-20250110-060000-001-V2-103,O-20250110-060000-001-V2-105,BUY,FLAT,0.00,100000.00,1736488800000000000,2025-01-10 06:00:00+00:00,1736493600000000000,2025-01-10 07:20:00+00:00,4800000000000.0,1.02859,1.0291,['4.12 USD'],0.0005,46.88 USD,True
BACKTESTER-001,MLSignalStrategyV2-V2,EUR/USD.IDEALPRO,IDEALPRO-001,O-20250110-080000-001-V2-106,O-20250110-080000-001-V2-108,BUY,FLAT,0.00,100000.00,1736496000000000000,2025-01-10 08:00:00+00:00,1736497500000000000,2025-01-10 08:25:00+00:00,1500000000000.0,1.02971,1.03035,['4.12 USD'],0.00062,59.88 USD,True
BACKTESTER-001,MLSignalStrategyV2-V2,EUR/USD.IDEALPRO,IDEALPRO-001,O-20250110-140000-001-V2-109,O-20250110-140000-001-V2-111,SELL,FLAT,0.00,100000.00,1736517600000000000,2025-01-10 14:00:00+00:00,1736526000000000000,2025-01-10 16:20:00+00:00,8400000000000.0,1.02565,1.02305,['4.10 USD'],0.00253,255.90 USD,True
BACKTESTER-001,MLSignalStrategyV2-V2,EUR/USD.IDEALPRO,IDEALPRO-001,O-20250110-173000-001-V2-112,O-20250110-173000-001-V2-113,BUY,FLAT,0.00,100000.00,1736530200000000000,2025-01-10 17:30:00+00:00,1736739960000000000,2025-01-13 03:46:00+00:00,209760000000000.0,1.02392,1.02144,['4.09 USD'],-0.00242,-252.09 USD,True
BACKTESTER-001,MLSignalStrategyV2-V2,EUR/USD.IDEALPRO,IDEALPRO-001,O-20250113-061500-001-V2-115,O-20250113-061500-001-V2-117,SELL,FLAT,0.00,100000.00,1736748900000000000,2025-01-13 06:15:00+00:00,1736749680000000000,2025-01-13 06:28:00+00:00,780000000000.0,1.02234,1.02169,['4.08 USD'],0.00064,60.92 USD,True
BACKTESTER-001,MLSignalStrategyV2-V2,EUR/USD.IDEALPRO,IDEALPRO-001,O-20250113-093000-001-V2-118,O-20250113-093000-001-V2-120,BUY,FLAT,0.00,100000.00,1736760600000000000,2025-01-13 09:30:00+00:00,1736761620000000000,2025-01-13 09:47:00+00:00,1020000000000.0,1.01867,1.02005,['4.08 USD'],0.00135,133.92 USD,True
BACKTESTER-001,MLSignalStrategyV2-V2,EUR/USD.IDEALPRO,IDEALPRO-001,O-20250113-113000-001-V2-121,O-20250113-113000-001-V2-123,BUY,FLAT,0.00,100000.00,1736767800000000000,2025-01-13 11:30:00+00:00,1736772960000000000,2025-01-13 12:56:00+00:00,5160000000000.0,1.01908,1.02065,['4.08 USD'],0.00154,152.92 USD,True
BACKTESTER-001,MLSignalStrategyV2-V2,EUR/USD.IDEALPRO,IDEALPRO-001,O-20250113-181500-001-V2-124,O-20250113-181500-001-V2-126,BUY,FLAT,0.00,100000.00,1736792100000000000,2025-01-13 18:15:00+00:00,1736804640000000000,2025-01-13 21:44:00+00:00,12540000000000.0,1.02165,1.02298,['4.09 USD'],0.0013,128.91 USD,True
BACKTESTER-001,MLSignalStrategyV2-V2,EUR/USD.IDEALPRO,IDEALPRO-001,O-20250113-214500-001-V2-127,O-20250113-214500-001-V2-129,BUY,FLAT,0.00,100000.00,1736804700000000000,2025-01-13 21:45:00+00:00,1736805000000000000,2025-01-13 21:50:00+00:00,300000000000.0,1.02277,1.02364,['4.10 USD'],0.00085,82.90 USD,True
BACKTESTER-001,MLSignalStrategyV2-V2,EUR/USD.IDEALPRO,IDEALPRO-001,O-20250113-230000-001-V2-130,O-20250113-230000-001-V2-131,SELL,FLAT,0.00,100000.00,1736809200000000000,2025-01-13 23:00:00+00:00,1736811180000000000,2025-01-13 23:33:00+00:00,1980000000000.0,1.026,1.02741,['4.10 USD'],-0.00137,-145.10 USD,True
BACKTESTER-001,MLSignalStrategyV2-V2,EUR/USD.IDEALPRO,IDEALPRO-001,O-20250113-234500-001-V2-133,O-20250113-234500-001-V2-135,SELL,FLAT,0.00,100000.00,1736811900000000000,2025-01-13 23:45:00+00:00,1736812920000000000,2025-01-14 00:02:00+00:00,1020000000000.0,1.02699,1.0256,['4.10 USD'],0.00135,134.90 USD,True
BACKTESTER-001,MLSignalStrategyV2-V2,EUR/USD.IDEALPRO,IDEALPRO-001,O-20250114-004500-001-V2-136,O-20250114-004500-001-V2-138,BUY,FLAT,0.00,100000.00,1736815500000000000,2025-01-14 00:45:00+00:00,1736838060000000000,2025-01-14 07:01:00+00:00,22560000000000.0,1.02476,1.02588,['4.10 USD'],0.00109,107.90 USD,True
BACKTESTER-001,MLSignalStrategyV2-V2,EUR/USD.IDEALPRO,IDEALPRO-001,O-20250114-111500-001-V2-139,O-20250114-111500-001-V2-141,SELL,FLAT,0.00,100000.00,1736853300000000000,2025-01-14 11:15:00+00:00,1736856480000000000,2025-01-14 12:08:00+00:00,3180000000000.0,1.02581,1.02464,['4.10 USD'],0.00114,112.90 USD,True
BACKTESTER-001,MLSignalStrategyV2-V2,EUR/USD.IDEALPRO,IDEALPRO-001,O-20250114-184500-001-V2-142,O-20250114-184500-001-V2-144,BUY,FLAT,0.00,100000.00,1736880300000000000,2025-01-14 18:45:00+00:00,1736886540000000000,2025-01-14 20:29:00+00:00,6240000000000.0,1.02984,1.03087,['4.12 USD'],0.001,98.88 USD,True
BACKTESTER-001,MLSignalStrategyV2-V2,EUR/USD.IDEALPRO,IDEALPRO-001,O-20250114-210000-001-V2-145,O-20250114-210000-001-V2-146,BUY,FLAT,0.00,100000.00,1736888400000000000,2025-01-14 21:00:00+00:00,1736924520000000000,2025-01-15 07:02:00+00:00,36120000000000.0,1.03018,1.0291,['4.12 USD'],-0.00105,-112.12 USD,True
BACKTESTER-001,MLSignalStrategyV2-V2,EUR/USD.IDEALPRO,IDEALPRO-001,O-20250115-093000-001-V2-148,O-20250115-093000-001-V2-150,SELL,FLAT,0.00,100000.00,1736933400000000000,2025-01-15 09:30:00+00:00,1736945400000000000,2025-01-15 12:50:00+00:00,12000000000000.0,1.03052,1.02936,['4.12 USD'],0.00113,111.88 USD,True
BACKTESTER-001,MLSignalStrategyV2-V2,EUR/USD.IDEALPRO,IDEALPRO-001,O-20250115-154500-001-V2-151,O-20250115-154500-001-V2-153,SELL,FLAT,0.00,100000.00,1736955900000000000,2025-01-15 15:45:00+00:00,1736957340000000000,2025-01-15 16:09:00+00:00,1440000000000.0,1.03147,1.02931,['4.12 USD'],0.00209,211.88 USD,True
BACKTESTER-001,MLSignalStrategyV2-V2,EUR/USD.IDEALPRO,IDEALPRO-001,O-20250115-171500-001-V2-154,O-20250115-171500-001-V2-155,BUY,FLAT,0.00,100000.00,1736961300000000000,2025-01-15 17:15:00+00:00,1737034320000000000,2025-01-16 13:32:00+00:00,73020000000000.0,1.0286,1.02607,['4.11 USD'],-0.00246,-257.11 USD,True
BACKTESTER-001,MLSignalStrategyV2-V2,EUR/USD.IDEALPRO,IDEALPRO-001,O-20250116-134500-001-V2-157,O-20250116-134500-001-V2-159,BUY,FLAT,0.00,100000.00,1737035100000000000,2025-01-16 13:45:00+00:00,1737039960000000000,2025-01-16 15:06:00+00:00,4860000000000.0,1.02791,1.02931,['4.12 USD'],0.00136,135.88 USD,True
BACKTESTER-001,MLSignalStrategyV2-V2,EUR/USD.IDEALPRO,IDEALPRO-001,O-20250117-001500-001-V2-160,O-20250117-001500-001-V2-162,BUY,FLAT,0.00,100000.00,1737072900000000000,2025-01-17 00:15:00+00:00,1737073860000000000,2025-01-17 00:31:00+00:00,960000000000.0,1.02992,1.03036,['4.12 USD'],0.00043,39.88 USD,True
BACKTESTER-001,MLSignalStrategyV2-V2,EUR/USD.IDEALPRO,IDEALPRO-001,O-20250117-030000-001-V2-163,O-20250117-030000-001-V2-165,SELL,FLAT,0.00,100000.00,1737082800000000000,2025-01-17 03:00:00+00:00,1737087540000000000,2025-01-17 04:19:00+00:00,4740000000000.0,1.03033,1.02985,['4.12 USD'],0.00047,43.88 USD,True
BACKTESTER-001,MLSignalStrategyV2-V2,EUR/USD.IDEALPRO,IDEALPRO-001,O-20250117-044500-001-V2-166,O-20250117-044500-001-V2-167,BUY,FLAT,0.00,100000.00,1737089100000000000,2025-01-17 04:45:00+00:00,1737092880000000000,2025-01-17 05:48:00+00:00,3780000000000.0,1.02933,1.02874,['4.12 USD'],-0.00057,-63.12 USD,True
BACKTESTER-001,MLSignalStrategyV2-V2,EUR/USD.IDEALPRO,IDEALPRO-001,O-20250117-064500-001-V2-169,O-20250117-064500-001-V2-171,SELL,FLAT,0.00,100000.00,1737096300000000000,2025-01-17 06:45:00+00:00,1737098040000000000,2025-01-17 07:14:00+00:00,1740000000000.0,1.02879,1.02832,['4.12 USD'],0.00046,42.88 USD,True
BACKTESTER-001,MLSignalStrategyV2-V2,EUR/USD.IDEALPRO,IDEALPRO-001,O-20250117-080000-001-V2-172,O-20250117-080000-001-V2-173,SELL,FLAT,0.00,100000.00,1737100800000000000,2025-01-17 08:00:00+00:00,1737102000000000000,2025-01-17 08:20:00+00:00,1200000000000.0,1.02845,1.02929,['4.12 USD'],-0.00082,-88.12 USD,True
BACKTESTER-001,MLSignalStrategyV2-V2,EUR/USD.IDEALPRO,IDEALPRO-001,O-20250119-224500-001-V2-175,O-20250119-224500-001-V2-177,BUY,FLAT,0.00,100000.00,1737326700000000000,2025-01-19 22:45:00+00:00,1737327420000000000,2025-01-19 22:57:00+00:00,720000000000.0,1.02756,1.02847,['4.12 USD'],0.00089,86.88 USD,True
BACKTESTER-001,MLSignalStrategyV2-V2,EUR/USD.IDEALPRO,IDEALPRO-001,O-20250119-230000-001-V2-178,O-20250119-230000-001-V2-179,BUY,FLAT,0.00,100000.00,1737327600000000000,2025-01-19 23:00:00+00:00,1737328080000000000,2025-01-19 23:08:00+00:00,480000000000.0,1.02805,1.02705,['4.11 USD'],-0.00097,-104.11 USD,True
BACKTESTER-001,MLSignalStrategyV2-V2,EUR/USD.IDEALPRO,IDEALPRO-001,O-20250119-233000-001-V2-181,O-20250119-233000-001-V2-183,BUY,FLAT,0.00,100000.00,1737329400000000000,2025-01-19 23:30:00+00:00,1737330720000000000,2025-01-19 23:52:00+00:00,1320000000000.0,1.02685,1.0276,['4.11 USD'],0.00073,70.89 USD,True
BACKTESTER-001,MLSignalStrategyV2-V2,EUR/USD.IDEALPRO,IDEALPRO-001,O-20250120-033000-001-V2-184,O-20250120-033000-001-V2-185,SELL,FLAT,0.00,100000.00,1737343800000000000,2025-01-20 03:30:00+00:00,1737345480000000000,2025-01-20 03:58:00+00:00,1680000000000.0,1.02955,1.03035,['4.12 USD'],-0.00078,-84.12 USD,True
BACKTESTER-001,MLSignalStrategyV2-V2,EUR/USD.IDEALPRO,IDEALPRO-001,O-20250120-073000-001-V2-187,O-20250120-073000-001-V2-188,SELL,FLAT,0.00,100000.00,1737358200000000000,2025-01-20 07:30:00+00:00,1737369240000000000,2025-01-20 10:34:00+00:00,11040000000000.0,1.03104,1.03199,['4.12 USD'],-0.00092,-99.12 USD,True
BACKTESTER-001,MLSignalStrategyV2-V2,EUR/USD.IDEALPRO,IDEALPRO-001,O-20250120-113000-001-V2-190,O-20250120-113000-001-V2-192,BUY,FLAT,0.00,100000.00,1737372600000000000,2025-01-20 11:30:00+00:00,1737379860000000000,2025-01-20 13:31:00+00:00,7260000000000.0,1.03215,1.03504,['4.13 USD'],0.0028,284.87 USD,True
BACKTESTER-001,MLSignalStrategyV2-V2,EUR/USD.IDEALPRO,IDEALPRO-001,O-20250120-134500-001-V2-193,O-20250120-134500-001-V2-194,SELL,FLAT,0.00,100000.00,1737380700000000000,2025-01-20 13:45:00+00:00,1737381720000000000,2025-01-20 14:02:00+00:00,1020000000000.0,1.03807,1.04011,['4.16 USD'],-0.00197,-208.16 USD,True
BACKTESTER-001,MLSignalStrategyV2-V2,EUR/USD.IDEALPRO,IDEALPRO-001,O-20250120-141500-001-V2-196,O-20250120-141500-001-V2-197,SELL,FLAT,0.00,100000.00,1737382500000000000,2025-01-20 14:15:00+00:00,1737384180000000000,2025-01-20 14:43:00+00:00,1680000000000.0,1.03899,1.04218,['4.16 USD'],-0.00307,-323.16 USD,True
BACKTESTER-001,MLSignalStrategyV2-V2,EUR/USD.IDEALPRO,IDEALPRO-001,O-20250120-153000-001-V2-199,O-20250120-153000-001-V2-201,SELL,FLAT,0.00,100000.00,1737387000000000000,2025-01-20 15:30:00+00:00,1737393300000000000,2025-01-20 17:15:00+00:00,6300000000000.0,1.04033,1.03759,['4.16 USD'],0.00263,269.84 USD,True
BACKTESTER-001,MLSignalStrategyV2-V2,EUR/USD.IDEALPRO,IDEALPRO-001,O-20250120-183000-001-V2-202,O-20250120-183000-001-V2-204,BUY,FLAT,0.00,100000.00,1737397800000000000,2025-01-20 18:30:00+00:00,1737402360000000000,2025-01-20 19:46:00+00:00,4560000000000.0,1.03859,1.04067,['4.16 USD'],0.002,203.84 USD,True
BACKTESTER-001,MLSignalStrategyV2-V2,EUR/USD.IDEALPRO,IDEALPRO-001,O-20250120-210000-001-V2-205,O-20250120-210000-001-V2-207,SELL,FLAT,0.00,100000.00,1737406800000000000,2025-01-20 21:00:00+00:00,1737420660000000000,2025-01-21 00:51:00+00:00,13860000000000.0,1.04161,1.03865,['4.16 USD'],0.00284,291.84 USD,True
BACKTESTER-001,MLSignalStrategyV2-V2,EUR/USD.IDEALPRO,IDEALPRO-001,O-20250121-010000-001-V2-208,O-20250121-010000-001-V2-210,BUY,FLAT,0.00,100000.00,1737421200000000000,2025-01-21 01:00:00+00:00,1737421920000000000,2025-01-21 01:12:00+00:00,720000000000.0,1.03623,1.03808,['4.15 USD'],0.00179,180.85 USD,True
BACKTESTER-001,MLSignalStrategyV2-V2,EUR/USD.IDEALPRO,IDEALPRO-001,O-20250121-011500-001-V2-211,O-20250121-011500-001-V2-213,BUY,FLAT,0.00,100000.00,1737422100000000000,2025-01-21 01:15:00+00:00,1737422880000000000,2025-01-21 01:28:00+00:00,780000000000.0,1.03704,1.03977,['4.15 USD'],0.00263,268.85 USD,True
BACKTESTER-001,MLSignalStrategyV2-V2,EUR/USD.IDEALPRO,IDEALPRO-001,O-20250121-013000-001-V2-214,O-20250121-013000-001-V2-215,BUY,FLAT,0.00,100000.00,1737423000000000000,2025-01-21 01:30:00+00:00,1737448860000000000,2025-01-21 08:41:00+00:00,25860000000000.0,1.03842,1.03502,['4.15 USD'],-0.00327,-344.15 USD,True
BACKTESTER-001,MLSignalStrategyV2-V2,EUR/USD.IDEALPRO,IDEALPRO-001,O-20250121-084500-001-V2-217,O-20250121-084500-001-V2-219,BUY,FLAT,0.00,100000.00,1737449100000000000,2025-01-21 08:45:00+00:00,1737449460000000000,2025-01-21 08:51:00+00:00,360000000000.0,1.03536,1.03651,['4.14 USD'],0.00111,110.86 USD,True
BACKTESTER-001,MLSignalStrategyV2-V2,EUR/USD.IDEALPRO,IDEALPRO-001,O-20250121-090000-001-V2-220,O-20250121-090000-001-V2-221,BUY,FLAT,0.00,100000.00,1737450000000000000,2025-01-21 09:00:00+00:00,1737452460000000000,2025-01-21 09:41:00+00:00,2460000000000.0,1.03608,1.03418,['4.14 USD'],-0.00183,-194.14 USD,True
BACKTESTER-001,MLSignalStrategyV2-V2,EUR/USD.IDEALPRO,IDEALPRO-001,O-20250121-094500-001-V2-223,O-20250121-094500-001-V2-225,BUY,FLAT,0.00,100000.00,1737452700000000000,2025-01-21 09:45:00+00:00,1737455820000000000,2025-01-21 10:37:00+00:00,3120000000000.0,1.03462,1.03595,['4.14 USD'],0.00129,128.86 USD,True
BACKTESTER-001,MLSignalStrategyV2-V2,EUR/USD.IDEALPRO,IDEALPRO-001,O-20250121-113000-001-V2-226,O-20250121-113000-001-V2-228,BUY,FLAT,0.00,100000.00,1737459000000000000,2025-01-21 11:30:00+00:00,1737465360000000000,2025-01-21 13:16:00+00:00,6360000000000.0,1.03498,1.03608,['4.14 USD'],0.00106,105.86 USD,True
BACKTESTER-001,MLSignalStrategyV2-V2,EUR/USD.IDEALPRO,IDEALPRO-001,O-20250121-211500-001-V2-229,O-20250121-211500-001-V2-231,BUY,FLAT,0.00,100000.00,1737494100000000000,2025-01-21 21:15:00+00:00,1737499320000000000,2025-01-21 22:42:00+00:00,5220000000000.0,1.04239,1.04341,['4.17 USD'],0.00098,97.83 USD,True
BACKTESTER-001,MLSignalStrategyV2-V2,EUR/USD.IDEALPRO,IDEALPRO-001,O-20250122-000000-001-V2-232,O-20250122-000000-001-V2-234,BUY,FLAT,0.00,100000.00,1737504000000000000,2025-01-22 00:00:00+00:00,1737504660000000000,2025-01-22 00:11:00+00:00,660000000000.0,1.04059,1.04191,['4.16 USD'],0.00127,127.84 USD,True
BACKTESTER-001,MLSignalStrategyV2-V2,EUR/USD.IDEALPRO,IDEALPRO-001,O-20250122-001500-001-V2-235,O-20250122-001500-001-V2-236,BUY,FLAT,0.00,100000.00,1737504900000000000,2025-01-22 00:15:00+00:00,1737528480000000000,2025-01-22 06:48:00+00:00,23580000000000.0,1.04175,1.04015,['4.16 USD'],-0.00154,-164.16 USD,True
BACKTESTER-001,MLSignalStrategyV2-V2,EUR/USD.IDEALPRO,IDEALPRO-001,O-20250122-120000-001-V2-238,O-20250122-120000-001-V2-240,SELL,FLAT,0.00,100000.00,1737547200000000000,2025-01-22 12:00:00+00:00,1737548880000000000,2025-01-22 12:28:00+00:00,1680000000000.0,1.04428,1.04316,['4.18 USD'],0.00107,107.82 USD,True
BACKTESTER-001,MLSignalStrategyV2-V2,EUR/USD.IDEALPRO,IDEALPRO-001,O-20250122-223000-001-V2-241,O-20250122-223000-001-V2-243,BUY,FLAT,0.00,100000.00,1737585000000000000,2025-01-22 22:30:00+00:00,1737594720000000000,2025-01-23 01:12:00+00:00,9720000000000.0,1.0409,1.04133,['4.16 USD'],0.00041,38.84 USD,True
BACKTESTER-001,MLSignalStrategyV2-V2,EUR/USD.IDEALPRO,IDEALPRO-001,O-20250123-071500-001-V2-244,O-20250123-071500-001-V2-246,BUY,FLAT,0.00,100000.00,1737616500000000000,2025-01-23 07:15:00+00:00,1737623100000000000,2025-01-23 09:05:00+00:00,6600000000000.0,1.03964,1.04036,['4.16 USD'],0.00069,67.84 USD,True
BACKTESTER-001,MLSignalStrategyV2-V2,EUR/USD.IDEALPRO,IDEALPRO-001,O-20250124-020000-001-V2-247,O-20250124-020000-001-V2-249,BUY,FLAT,0.00,100000.00,1737684000000000000,2025-01-24 02:00:00+00:00,1737684780000000000,2025-01-24 02:13:00+00:00,780000000000.0,1.04158,1.04207,['4.16 USD'],0.00047,44.84 USD,True
BACKTESTER-001,MLSignalStrategyV2-V2,EUR/USD.IDEALPRO,IDEALPRO-001,O-20250124-021500-001-V2-250,O-20250124-021500-001-V2-252,BUY,FLAT,0.00,100000.00,1737684900000000000,2025-01-24 02:15:00+00:00,1737685020000000000,2025-01-24 02:17:00+00:00,120000000000.0,1.0431,1.0438,['4.18 USD'],0.00067,65.82 USD,True
BACKTESTER-001,MLSignalStrategyV2-V2,EUR/USD.IDEALPRO,IDEALPRO-001,O-20250124-030000-001-V2-253,O-20250124-030000-001-V2-254,BUY,FLAT,0.00,100000.00,1737687600000000000,2025-01-24 03:00:00+00:00,1737689100000000000,2025-01-24 03:25:00+00:00,1500000000000.0,1.04487,1.04367,['4.18 USD'],-0.00115,-124.18 USD,True
BACKTESTER-001,MLSignalStrategyV2-V2,EUR/USD.IDEALPRO,IDEALPRO-001,O-20250124-033000-001-V2-256,O-20250124-033000-001-V2-258,BUY,FLAT,0.00,100000.00,1737689400000000000,2025-01-24 03:30:00+00:00,1737692100000000000,2025-01-24 04:15:00+00:00,2700000000000.0,1.0441,1.04501,['4.18 USD'],0.00087,86.82 USD,True
BACKTESTER-001,MLSignalStrategyV2-V2,EUR/USD.IDEALPRO,IDEALPRO-001,O-20250124-041500-001-V2-259,O-20250124-041500-001-V2-261,BUY,FLAT,0.00,100000.00,1737692100000000000,2025-01-24 04:15:00+00:00,1737700680000000000,2025-01-24 06:38:00+00:00,8580000000000.0,1.04501,1.046,['4.18 USD'],0.00095,94.82 USD,True
BACKTESTER-001,MLSignalStrategyV2-V2,EUR/USD.IDEALPRO,IDEALPRO-001,O-20250124-083000-001-V2-262,O-20250124-083000-001-V2-263,SELL,FLAT,0.00,100000.00,1737707400000000000,2025-01-24 08:30:00+00:00,1737709320000000000,2025-01-24 09:02:00+00:00,1920000000000.0,1.04791,1.05012,['4.20 USD'],-0.00211,-225.20 USD,True
BACKTESTER-001,MLSignalStrategyV2-V2,EUR/USD.IDEALPRO,IDEALPRO-001,O-20250124-100000-001-V2-265,O-20250124-100000-001-V2-267,SELL,FLAT,0.00,100000.00,1737712800000000000,2025-01-24 10:00:00+00:00,1737720600000000000,2025-01-24 12:10:00+00:00,7800000000000.0,1.04945,1.04787,['4.20 USD'],0.00151,153.80 USD,True
BACKTESTER-001,MLSignalStrategyV2-V2,EUR/USD.IDEALPRO,IDEALPRO-001,O-20250124-144500-001-V2-268,O-20250124-144500-001-V2-270,BUY,FLAT,0.00,100000.00,1737729900000000000,2025-01-24 14:45:00+00:00,1737729960000000000,2025-01-24 14:46:00+00:00,60000000000.0,1.04776,1.04934,['4.20 USD'],0.00151,153.80 USD,True
BACKTESTER-001,MLSignalStrategyV2-V2,EUR/USD.IDEALPRO,IDEALPRO-001,O-20250126-223000-001-V2-271,O-20250126-223000-001-V2-272,BUY,FLAT,0.00,100000.00,1737930600000000000,2025-01-26 22:30:00+00:00,1737933600000000000,2025-01-26 23:20:00+00:00,3000000000000.0,1.04834,1.04734,['4.19 USD'],-0.00095,-104.19 USD,True
BACKTESTER-001,MLSignalStrategyV2-V2,EUR/USD.IDEALPRO,IDEALPRO-001,O-20250126-233000-001-V2-274,O-20250126-233000-001-V2-275,BUY,FLAT,0.00,100000.00,1737934200000000000,2025-01-26 23:30:00+00:00,1737942000000000000,2025-01-27 01:40:00+00:00,7800000000000.0,1.04728,1.04637,['4.18 USD'],-0.00087,-95.18 USD,True
BACKTESTER-001,MLSignalStrategyV2-V2,EUR/USD.IDEALPRO,IDEALPRO-001,O-20250127-074500-001-V2-277,O-20250127-074500-001-V2-279,SELL,FLAT,0.00,100000.00,1737963900000000000,2025-01-27 07:45:00+00:00,1737964560000000000,2025-01-27 07:56:00+00:00,660000000000.0,1.04706,1.04622,['4.18 USD'],0.0008,79.82 USD,True
BACKTESTER-001,MLSignalStrategyV2-V2,EUR/USD.IDEALPRO,IDEALPRO-001,O-20250127-081500-001-V2-280,O-20250127-081500-001-V2-282,BUY,FLAT,0.00,100000.00,1737965700000000000,2025-01-27 08:15:00+00:00,1737968040000000000,2025-01-27 08:54:00+00:00,2340000000000.0,1.04718,1.04848,['4.19 USD'],0.00124,125.81 USD,True
BACKTESTER-001,MLSignalStrategyV2-V2,EUR/USD.IDEALPRO,IDEALPRO-001,O-20250127-121500-001-V2-283,O-20250127-121500-001-V2-284,SELL,FLAT,0.00,100000.00,1737980100000000000,2025-01-27 12:15:00+00:00,1737982500000000000,2025-01-27 12:55:00+00:00,2400000000000.0,1.05105,1.05282,['4.21 USD'],-0.00168,-181.21 USD,True
BACKTESTER-001,MLSignalStrategyV2-V2,EUR/USD.IDEALPRO,IDEALPRO-001,O-20250127-130000-001-V2-286,O-20250127-130000-001-V2-288,SELL,FLAT,0.00,100000.00,1737982800000000000,2025-01-27 13:00:00+00:00,1737984360000000000,2025-01-27 13:26:00+00:00,1560000000000.0,1.05214,1.05109,['4.20 USD'],0.001,100.80 USD,True
BACKTESTER-001,MLSignalStrategyV2-V2,EUR/USD.IDEALPRO,IDEALPRO-001,O-20250127-161500-001-V2-289,O-20250127-161500-001-V2-291,SELL,FLAT,0.00,100000.00,1737994500000000000,2025-01-27 16:15:00+00:00,1737996000000000000,2025-01-27 16:40:00+00:00,1500000000000.0,1.05052,1.04917,['4.20 USD'],0.00129,130.80 USD,True
BACKTESTER-001,MLSignalStrategyV2-V2,EUR/USD.IDEALPRO,IDEALPRO-001,O-20250127-183000-001-V2-292,O-20250127-183000-001-V2-294,BUY,FLAT,0.00,100000.00,1738002600000000000,2025-01-27 18:30:00+00:00,1738010460000000000,2025-01-27 20:41:00+00:00,7860000000000.0,1.04846,1.04946,['4.20 USD'],0.00095,95.80 USD,True
BACKTESTER-001,MLSignalStrategyV2-V2,EUR/USD.IDEALPRO,IDEALPRO-001,O-20250127-204500-001-V2-295,O-20250127-204500-001-V2-297,SELL,FLAT,0.00,100000.00,1738010700000000000,2025-01-27 20:45:00+00:00,1738011720000000000,2025-01-27 21:02:00+00:00,1020000000000.0,1.04939,1.0486,['4.20 USD'],0.00075,74.80 USD,True
BACKTESTER-001,MLSignalStrategyV2-V2,EUR/USD.IDEALPRO,IDEALPRO-001,O-20250127-211500-001-V2-298,O-20250127-211500-001-V2-300,SELL,FLAT,0.00,100000.00,1738012500000000000,2025-01-27 21:15:00+00:00,1738018980000000000,2025-01-27 23:03:00+00:00,6480000000000.0,1.04899,1.04818,['4.20 USD'],0.00077,76.80 USD,True
BACKTESTER-001,MLSignalStrategyV2-V2,EUR/USD.IDEALPRO,IDEALPRO-001,O-20250127-233000-001-V2-301,O-20250127-233000-001-V2-302,BUY,FLAT,0.00,100000.00,1738020600000000000,2025-01-27 23:30:00+00:00,1738020900000000000,2025-01-27 23:35:00+00:00,300000000000.0,1.04458,1.04302,['4.18 USD'],-0.00149,-160.18 USD,True
BACKTESTER-001,MLSignalStrategyV2-V2,EUR/USD.IDEALPRO,IDEALPRO-001,O-20250127-234500-001-V2-304,O-20250127-234500-001-V2-306,BUY,FLAT,0.00,100000.00,1738021500000000000,2025-01-27 23:45:00+00:00,1738026960000000000,2025-01-28 01:16:00+00:00,5460000000000.0,1.04408,1.04534,['4.18 USD'],0.00121,121.82 USD,True
BACKTESTER-001,MLSignalStrategyV2-V2,EUR/USD.IDEALPRO,IDEALPRO-001,O-20250128-013000-001-V2-307,O-20250128-013000-001-V2-308,BUY,FLAT,0.00,100000.00,1738027800000000000,2025-01-28 01:30:00+00:00,1738029540000000000,2025-01-28 01:59:00+00:00,1740000000000.0,1.0455,1.043,['4.18 USD'],-0.00239,-254.18 USD,True
BACKTESTER-001,MLSignalStrategyV2-V2,EUR/USD.IDEALPRO,IDEALPRO-001,O-20250128-020000-001-V2-310,O-20250128-020000-001-V2-311,BUY,FLAT,0.00,100000.00,1738029600000000000,2025-01-28 02:00:00+00:00,1738054560000000000,2025-01-28 08:56:00+00:00,24960000000000.0,1.04379,1.04192,['4.17 USD'],-0.00179,-191.17 USD,True
BACKTESTER-001,MLSignalStrategyV2-V2,EUR/USD.IDEALPRO,IDEALPRO-001,O-20250128-090000-001-V2-313,O-20250128-090000-001-V2-315,BUY,FLAT,0.00,100000.00,1738054800000000000,2025-01-28 09:00:00+00:00,1738055820000000000,2025-01-28 09:17:00+00:00,1020000000000.0,1.04252,1.04349,['4.18 USD'],0.00093,92.82 USD,True
BACKTESTER-001,MLSignalStrategyV2-V2,EUR/USD.IDEALPRO,IDEALPRO-001,O-20250128-110000-001-V2-316,O-20250128-110000-001-V2-318,BUY,FLAT,0.00,100000.00,1738062000000000000,2025-01-28 11:00:00+00:00,1738074240000000000,2025-01-28 14:24:00+00:00,12240000000000.0,1.0425,1.04342,['4.18 USD'],0.00088,87.82 USD,True
BACKTESTER-001,MLSignalStrategyV2-V2,EUR/USD.IDEALPRO,IDEALPRO-001,O-20250129-030000-001-V2-319,O-20250129-030000-001-V2-320,SELL,FLAT,0.00,100000.00,1738119600000000000,2025-01-29 03:00:00+00:00,1738123860000000000,2025-01-29 04:11:00+00:00,4260000000000.0,1.04339,1.04414,['4.18 USD'],-0.00072,-79.18 USD,True
BACKTESTER-001,MLSignalStrategyV2-V2,EUR/USD.IDEALPRO,IDEALPRO-001,O-20250130-040000-001-V2-322,O-20250130-040000-001-V2-323,BUY,FLAT,0.00,100000.00,1738209600000000000,2025-01-30 04:00:00+00:00,1738212000000000000,2025-01-30 04:40:00+00:00,2400000000000.0,1.04253,1.04187,['4.17 USD'],-0.00063,-70.17 USD,True
BACKTESTER-001,MLSignalStrategyV2-V2,EUR/USD.IDEALPRO,IDEALPRO-001,O-20250130-071500-001-V2-325,O-20250130-071500-001-V2-327,BUY,FLAT,0.00,100000.00,1738221300000000000,2025-01-30 07:15:00+00:00,1738222920000000000,2025-01-30 07:42:00+00:00,1620000000000.0,1.04131,1.04184,['4.16 USD'],0.00051,48.84 USD,True
BACKTESTER-001,MLSignalStrategyV2-V2,EUR/USD.IDEALPRO,IDEALPRO-001,O-20250130-114500-001-V2-328,O-20250130-114500-001-V2-329,SELL,FLAT,0.00,100000.00,1738237500000000000,2025-01-30 11:45:00+00:00,1738243260000000000,2025-01-30 13:21:00+00:00,5760000000000.0,1.03985,1.04103,['4.16 USD'],-0.00113,-122.16 USD,True
BACKTESTER-001,MLSignalStrategyV2-V2,EUR/USD.IDEALPRO,IDEALPRO-001,O-20250130-141500-001-V2-331,O-20250130-141500-001-V2-333,SELL,FLAT,0.00,100000.00,1738246500000000000,2025-01-30 14:15:00+00:00,1738255800000000000,2025-01-30 16:50:00+00:00,9300000000000.0,1.04383,1.04171,['4.17 USD'],0.00203,207.83 USD,True
BACKTESTER-001,MLSignalStrategyV2-V2,EUR/USD.IDEALPRO,IDEALPRO-001,O-20250130-200000-001-V2-334,O-20250130-200000-001-V2-336,SELL,FLAT,0.00,100000.00,1738267200000000000,2025-01-30 20:00:00+00:00,1738269420000000000,2025-01-30 20:37:00+00:00,2220000000000.0,1.04278,1.04166,['4.17 USD'],0.00107,107.83 USD,True
BACKTESTER-001,MLSignalStrategyV2-V2,EUR/USD.IDEALPRO,IDEALPRO-001,O-20250130-220000-001-V2-337,O-20250130-220000-001-V2-339,BUY,FLAT,0.00,100000.00,1738274400000000000,2025-01-30 22:00:00+00:00,1738308660000000000,2025-01-31 07:31:00+00:00,34260000000000.0,1.0391,1.04064,['4.16 USD'],0.00148,149.84 USD,True
BACKTESTER-001,MLSignalStrategyV2-V2,EUR/USD.IDEALPRO,IDEALPRO-001,O-20250131-100000-001-V2-340,O-20250131-100000-001-V2-341,BUY,FLAT,0.00,100000.00,1738317600000000000,2025-01-31 10:00:00+00:00,1738333020000000000,2025-01-31 14:17:00+00:00,15420000000000.0,1.03838,1.03664,['4.15 USD'],-0.00168,-178.15 USD,True
BACKTESTER-001,MLSignalStrategyV2-V2,EUR/USD.IDEALPRO,IDEALPRO-001,O-20250131-161500-001-V2-343,O-20250131-161500-001-V2-345,BUY,FLAT,0.00,100000.00,1738340100000000000,2025-01-31 16:15:00+00:00,1738341240000000000,2025-01-31 16:34:00+00:00,1140000000000.0,1.03893,1.04031,['4.16 USD'],0.00133,133.84 USD,True
BACKTESTER-001,MLSignalStrategyV2-V2,EUR/USD.IDEALPRO,IDEALPRO-001,O-20250131-171500-001-V2-346,O-20250131-171500-001-V2-348,SELL,FLAT,0.00,100000.00,1738343700000000000,2025-01-31 17:15:00+00:00,1738347600000000000,2025-01-31 18:20:00+00:00,3900000000000.0,1.04256,1.03933,['4.17 USD'],0.0031,318.83 USD,True
BACKTESTER-001,MLSignalStrategyV2-V2,EUR/USD.IDEALPRO,IDEALPRO-001,O-20250202-223000-001-V2-349,O-20250202-223000-001-V2-350,BUY,FLAT,0.00,100000.00,1738535400000000000,2025-02-02 22:30:00+00:00,1738542240000000000,2025-02-03 00:24:00+00:00,6840000000000.0,1.0251,1.0211,['4.09 USD'],-0.0039,-404.09 USD,True
BACKTESTER-001,MLSignalStrategyV2-V2,EUR/USD.IDEALPRO,IDEALPRO-001,O-20250203-003000-001-V2-352,O-20250203-003000-001-V2-354,BUY,FLAT,0.00,100000.00,1738542600000000000,2025-02-03 00:30:00+00:00,1738585500000000000,2025-02-03 12:25:00+00:00,42900000000000.0,1.02367,1.02636,['4.10 USD'],0.00263,264.90 USD,True
BACKTESTER-001,MLSignalStrategyV2-V2,EUR/USD.IDEALPRO,IDEALPRO-001,O-20250203-154500-001-V2-355,O-20250203-154500-001-V2-357,SELL,FLAT,0.00,100000.00,1738597500000000000,2025-02-03 15:45:00+00:00,1738598640000000000,2025-02-03 16:04:00+00:00,1140000000000.0,1.03277,1.02946,['4.13 USD'],0.0032,326.87 USD,True
BACKTESTER-001,MLSignalStrategyV2-V2,EUR/USD.IDEALPRO,IDEALPRO-001,O-20250203-161500-001-V2-358,O-20250203-161500-001-V2-360,SELL,FLAT,0.00,100000.00,1738599300000000000,2025-02-03 16:15:00+00:00,1738601820000000000,2025-02-03 16:57:00+00:00,2520000000000.0,1.03173,1.02823,['4.12 USD'],0.00339,345.88 USD,True
BACKTESTER-001,MLSignalStrategyV2-V2,EUR/USD.IDEALPRO,IDEALPRO-001,O-20250203-181500-001-V2-361,O-20250203-181500-001-V2-362,SELL,FLAT,0.00,100000.00,1738606500000000000,2025-02-03 18:15:00+00:00,1738618620000000000,2025-02-03 21:37:00+00:00,12120000000000.0,1.02829,1.03298,['4.13 USD'],-0.00456,-473.13 USD,True
BACKTESTER-001,MLSignalStrategyV2-V2,EUR/USD.IDEALPRO,IDEALPRO-001,O-20250203-214500-001-V2-364,O-20250203-214500-001-V2-366,SELL,FLAT,0.00,100000.00,1738619100000000000,2025-02-03 21:45:00+00:00,1738627620000000000,2025-02-04 00:07:00+00:00,8520000000000.0,1.03383,1.03236,['4.13 USD'],0.00142,142.87 USD,True
BACKTESTER-001,MLSignalStrategyV2-V2,EUR/USD.IDEALPRO,IDEALPRO-001,O-20250204-011500-001-V2-367,O-20250204-011500-001-V2-369,BUY,FLAT,0.00,100000.00,1738631700000000000,2025-02-04 01:15:00+00:00,1738634100000000000,2025-02-04 01:55:00+00:00,2400000000000.0,1.0312,1.03221,['4.12 USD'],0.00098,96.88 USD,True
BACKTESTER-001,MLSignalStrategyV2-V2,EUR/USD.IDEALPRO,IDEALPRO-001,O-20250204-051500-001-V2-370,O-20250204-051500-001-V2-372,BUY,FLAT,0.00,100000.00,1738646100000000000,2025-02-04 05:15:00+00:00,1738647120000000000,2025-02-04 05:32:00+00:00,1020000000000.0,1.02793,1.02885,['4.12 USD'],0.0009,87.88 USD,True
BACKTESTER-001,MLSignalStrategyV2-V2,EUR/USD.IDEALPRO,IDEALPRO-001,O-20250204-054500-001-V2-373,O-20250204-054500-001-V2-375,BUY,FLAT,0.00,100000.00,1738647900000000000,2025-02-04 05:45:00+00:00,1738652340000000000,2025-02-04 06:59:00+00:00,4440000000000.0,1.02935,1.03071,['4.12 USD'],0.00132,131.88 USD,True
BACKTESTER-001,MLSignalStrategyV2-V2,EUR/USD.IDEALPRO,IDEALPRO-001,O-20250204-083000-001-V2-376,O-20250204-083000-001-V2-378,BUY,FLAT,0.00,100000.00,1738657800000000000,2025-02-04 08:30:00+00:00,1738660320000000000,2025-02-04 09:12:00+00:00,2520000000000.0,1.03319,1.03444,['4.14 USD'],0.00121,120.86 USD,True
BACKTESTER-001,MLSignalStrategyV2-V2,EUR/USD.IDEALPRO,IDEALPRO-001,O-20250204-091500-001-V2-379,O-20250204-091500-001-V2-381,SELL,FLAT,0.00,100000.00,1738660500000000000,2025-02-04 09:15:00+00:00,1738665240000000000,2025-02-04 10:34:00+00:00,4740000000000.0,1.03421,1.03299,['4.14 USD'],0.00118,117.86 USD,True
BACKTESTER-001,MLSignalStrategyV2-V2,EUR/USD.IDEALPRO,IDEALPRO-001,O-20250204-184500-001-V2-382,O-20250204-184500-001-V2-384,SELL,FLAT,0.00,100000.00,1738694700000000000,2025-02-04 18:45:00+00:00,1738708860000000000,2025-02-04 22:41:00+00:00,14160000000000.0,1.03853,1.03741,['4.15 USD'],0.00108,107.85 USD,True
BACKTESTER-001,MLSignalStrategyV2-V2,EUR/USD.IDEALPRO,IDEALPRO-001,O-20250205-031500-001-V2-385,O-20250205-031500-001-V2-387,SELL,FLAT,0.00,100000.00,1738725300000000000,2025-02-05 03:15:00+00:00,1738731900000000000,2025-02-05 05:05:00+00:00,6600000000000.0,1.03817,1.03749,['4.15 USD'],0.00065,63.85 USD,True
BACKTESTER-001,MLSignalStrategyV2-V2,EUR/USD.IDEALPRO,IDEALPRO-001,O-20250205-051500-001-V2-388,O-20250205-051500-001-V2-390,BUY,FLAT,0.00,100000.00,1738732500000000000,2025-02-05 05:15:00+00:00,1738736100000000000,2025-02-05 06:15:00+00:00,3600000000000.0,1.03752,1.03811,['4.16 USD'],0.00057,54.84 USD,True
BACKTESTER-001,MLSignalStrategyV2-V2,EUR/USD.IDEALPRO,IDEALPRO-001,O-20250205-123000-001-V2-391,O-20250205-123000-001-V2-393,SELL,FLAT,0.00,100000.00,1738758600000000000,2025-02-05 12:30:00+00:00,1738762500000000000,2025-02-05 13:35:00+00:00,3900000000000.0,1.04153,1.04065,['4.16 USD'],0.00084,83.84 USD,True
BACKTESTER-001,MLSignalStrategyV2-V2,EUR/USD.IDEALPRO,IDEALPRO-001,O-20250205-154500-001-V2-394,O-20250205-154500-001-V2-396,SELL,FLAT,0.00,100000.00,1738770300000000000,2025-02-05 15:45:00+00:00,1738785420000000000,2025-02-05 19:57:00+00:00,15120000000000.0,1.04176,1.04048,['4.16 USD'],0.00123,123.84 USD,True
BACKTESTER-001,MLSignalStrategyV2-V2,EUR/USD.IDEALPRO,IDEALPRO-001,O-20250205-223000-001-V2-397,O-20250205-223000-001-V2-399,SELL,FLAT,0.00,100000.00,1738794600000000000,2025-02-05 22:30:00+00:00,1738797300000000000,2025-02-05 23:15:00+00:00,2700000000000.0,1.0404,1.03976,['4.16 USD'],0.00062,59.84 USD,True
BACKTESTER-001,MLSignalStrategyV2-V2,EUR/USD.IDEALPRO,IDEALPRO-001,O-20250206-001500-001-V2-400,O-20250206-001500-001-V2-402,SELL,FLAT,0.00,100000.00,1738800900000000000,2025-02-06 00:15:00+00:00,1738803060000000000,2025-02-06 00:51:00+00:00,2160000000000.0,1.04019,1.03957,['4.16 USD'],0.0006,57.84 USD,True
BACKTESTER-001,MLSignalStrategyV2-V2,EUR/USD.IDEALPRO,IDEALPRO-001,O-20250206-010000-001-V2-403,O-20250206-010000-001-V2-404,SELL,FLAT,0.00,100000.00,1738803600000000000,2025-02-06 01:00:00+00:00,1738807860000000000,2025-02-06 02:11:00+00:00,4260000000000.0,1.03974,1.04055,['4.16 USD'],-0.00078,-85.16 USD,True
BACKTESTER-001,MLSignalStrategyV2-V2,EUR/USD.IDEALPRO,IDEALPRO-001,O-20250206-041500-001-V2-406,O-20250206-041500-001-V2-407,BUY,FLAT,0.00,100000.00,1738815300000000000,2025-02-06 04:15:00+00:00,1738817580000000000,2025-02-06 04:53:00+00:00,2280000000000.0,1.03922,1.03852,['4.16 USD'],-0.00067,-74.16 USD,True
BACKTESTER-001,MLSignalStrategyV2-V2,EUR/USD.IDEALPRO,IDEALPRO-001,O-20250206-110000-001-V2-409,O-20250206-110000-001-V2-411,SELL,FLAT,0.00,100000.00,1738839600000000000,2025-02-06 11:00:00+00:00,1738845420000000000,2025-02-06 12:37:00+00:00,5820000000000.0,1.03625,1.03527,['4.14 USD'],0.00095,93.86 USD,True
BACKTESTER-001,MLSignalStrategyV2-V2,EUR/USD.IDEALPRO,IDEALPRO-001,O-20250206-141500-001-V2-412,O-20250206-141500-001-V2-413,SELL,FLAT,0.00,100000.00,1738851300000000000,2025-02-06 14:15:00+00:00,1738862220000000000,2025-02-06 17:17:00+00:00,10920000000000.0,1.03662,1.03777,['4.15 USD'],-0.00111,-119.15 USD,True
BACKTESTER-001,MLSignalStrategyV2-V2,EUR/USD.IDEALPRO,IDEALPRO-001,O-20250207-084500-001-V2-415,O-20250207-084500-001-V2-417,SELL,FLAT,0.00,100000.00,1738917900000000000,2025-02-07 08:45:00+00:00,1738920060000000000,2025-02-07 09:21:00+00:00,2160000000000.0,1.03984,1.03922,['4.16 USD'],0.0006,57.84 USD,True
BACKTESTER-001,MLSignalStrategyV2-V2,EUR/USD.IDEALPRO,IDEALPRO-001,O-20250207-103000-001-V2-418,O-20250207-103000-001-V2-419,BUY,FLAT,0.00,100000.00,1738924200000000000,2025-02-07 10:30:00+00:00,1738925460000000000,2025-02-07 10:51:00+00:00,1260000000000.0,1.0388,1.03791,['4.16 USD'],-0.00086,-93.16 USD,True
BACKTESTER-001,MLSignalStrategyV2-V2,EUR/USD.IDEALPRO,IDEALPRO-001,O-20250207-170000-001-V2-421,O-20250207-170000-001-V2-422,SELL,FLAT,0.00,100000.00,1738947600000000000,2025-02-07 17:00:00+00:00,1738948140000000000,2025-02-07 17:09:00+00:00,540000000000.0,1.03278,1.03608,['4.14 USD'],-0.0032,-334.14 USD,True
BACKTESTER-001,MLSignalStrategyV2-V2,EUR/USD.IDEALPRO,IDEALPRO-001,O-20250207-171500-001-V2-424,O-20250207-171500-001-V2-425,BUY,FLAT,0.00,100000.00,1738948500000000000,2025-02-07 17:15:00+00:00,1738948740000000000,2025-02-07 17:19:00+00:00,240000000000.0,1.03428,1.03051,['4.13 USD'],-0.00365,-381.13 USD,True
BACKTESTER-001,MLSignalStrategyV2-V2,EUR/USD.IDEALPRO,IDEALPRO-001,O-20250207-173000-001-V2-427,O-20250207-173000-001-V2-429,BUY,FLAT,0.00,100000.00,1738949400000000000,2025-02-07 17:30:00+00:00,1739290080000000000,2025-02-11 16:08:00+00:00,340680000000000.0,1.03202,1.03478,['4.13 USD'],0.00267,271.87 USD,True
BACKTESTER-001,MLSignalStrategyV2-V2,EUR/USD.IDEALPRO,IDEALPRO-001,O-20250211-171500-001-V2-430,O-20250211-171500-001-V2-432,BUY,FLAT,0.00,100000.00,1739294100000000000,2025-02-11 17:15:00+00:00,1739302800000000000,2025-02-11 19:40:00+00:00,8700000000000.0,1.03453,1.03621,['4.14 USD'],0.00162,163.86 USD,True
BACKTESTER-001,MLSignalStrategyV2-V2,EUR/USD.IDEALPRO,IDEALPRO-001,O-20250211-233000-001-V2-433,O-20250211-233000-001-V2-435,SELL,FLAT,0.00,100000.00,1739316600000000000,2025-02-11 23:30:00+00:00,1739320320000000000,2025-02-12 00:32:00+00:00,3720000000000.0,1.0363,1.03571,['4.14 USD'],0.00057,54.86 USD,True
BACKTESTER-001,MLSignalStrategyV2-V2,EUR/USD.IDEALPRO,IDEALPRO-001,O-20250212-040000-001-V2-436,O-20250212-040000-001-V2-438,SELL,FLAT,0.00,100000.00,1739332800000000000,2025-02-12 04:00:00+00:00,1739336040000000000,2025-02-12 04:54:00+00:00,3240000000000.0,1.03622,1.03571,['4.14 USD'],0.00049,46.86 USD,True
BACKTESTER-001,MLSignalStrategyV2-V2,EUR/USD.IDEALPRO,IDEALPRO-001,O-20250212-080000-001-V2-439,O-20250212-080000-001-V2-441,SELL,FLAT,0.00,100000.00,1739347200000000000,2025-02-12 08:00:00+00:00,1739350680000000000,2025-02-12 08:58:00+00:00,3480000000000.0,1.03761,1.03682,['4.15 USD'],0.00076,74.85 USD,True
BACKTESTER-001,MLSignalStrategyV2-V2,EUR/USD.IDEALPRO,IDEALPRO-001,O-20250212-091500-001-V2-442,O-20250212-091500-001-V2-444,BUY,FLAT,0.00,100000.00,1739351700000000000,2025-02-12 09:15:00+00:00,1739354880000000000,2025-02-12 10:08:00+00:00,3180000000000.0,1.0368,1.03763,['4.15 USD'],0.0008,78.85 USD,True
BACKTESTER-001,MLSignalStrategyV2-V2,EUR/USD.IDEALPRO,IDEALPRO-001,O-20250212-150000-001-V2-445,O-20250212-150000-001-V2-447,BUY,FLAT,0.00,100000.00,1739372400000000000,2025-02-12 15:00:00+00:00,1739373900000000000,2025-02-12 15:25:00+00:00,1500000000000.0,1.03504,1.03744,['4.14 USD'],0.00232,235.86 USD,True
BACKTESTER-001,MLSignalStrategyV2-V2,EUR/USD.IDEALPRO,IDEALPRO-001,O-20250212-170000-001-V2-448,O-20250212-170000-001-V2-449,SELL,FLAT,0.00,100000.00,1739379600000000000,2025-02-12 17:00:00+00:00,1739380500000000000,2025-02-12 17:15:00+00:00,900000000000.0,1.03913,1.0417,['4.16 USD'],-0.00247,-261.16 USD,True
BACKTESTER-001,MLSignalStrategyV2-V2,EUR/USD.IDEALPRO,IDEALPRO-001,O-20250212-171500-001-V2-451,O-20250212-171500-001-V2-453,SELL,FLAT,0.00,100000.00,1739380500000000000,2025-02-12 17:15:00+00:00,1739386680000000000,2025-02-12 18:58:00+00:00,6180000000000.0,1.04111,1.03886,['4.16 USD'],0.00216,220.84 USD,True
BACKTESTER-001,MLSignalStrategyV2-V2,EUR/USD.IDEALPRO,IDEALPRO-001,O-20250213-000000-001-V2-454,O-20250213-000000-001-V2-456,BUY,FLAT,0.00,100000.00,1739404800000000000,2025-02-13 00:00:00+00:00,1739407380000000000,2025-02-13 00:43:00+00:00,2580000000000.0,1.03924,1.03999,['4.16 USD'],0.00072,70.84 USD,True
BACKTESTER-001,MLSignalStrategyV2-V2,EUR/USD.IDEALPRO,IDEALPRO-001,O-20250213-011500-001-V2-457,O-20250213-011500-001-V2-459,BUY,FLAT,0.00,100000.00,1739409300000000000,2025-02-13 01:15:00+00:00,1739411220000000000,2025-02-13 01:47:00+00:00,1920000000000.0,1.03925,1.04001,['4.16 USD'],0.00073,71.84 USD,True
BACKTESTER-001,MLSignalStrategyV2-V2,EUR/USD.IDEALPRO,IDEALPRO-001,O-20250213-040000-001-V2-460,O-20250213-040000-001-V2-462,BUY,FLAT,0.00,100000.00,1739419200000000000,2025-02-13 04:00:00+00:00,1739419620000000000,2025-02-13 04:07:00+00:00,420000000000.0,1.04192,1.04279,['4.17 USD'],0.00083,82.83 USD,True
BACKTESTER-001,MLSignalStrategyV2-V2,EUR/USD.IDEALPRO,IDEALPRO-001,O-20250213-130000-001-V2-463,O-20250213-130000-001-V2-465,BUY,FLAT,0.00,100000.00,1739451600000000000,2025-02-13 13:00:00+00:00,1739453880000000000,2025-02-13 13:38:00+00:00,2280000000000.0,1.039,1.04025,['4.16 USD'],0.0012,120.84 USD,True
BACKTESTER-001,MLSignalStrategyV2-V2,EUR/USD.IDEALPRO,IDEALPRO-001,O-20250213-134500-001-V2-466,O-20250213-134500-001-V2-468,BUY,FLAT,0.00,100000.00,1739454300000000000,2025-02-13 13:45:00+00:00,1739458980000000000,2025-02-13 15:03:00+00:00,4680000000000.0,1.03994,1.04154,['4.16 USD'],0.00154,155.84 USD,True
BACKTESTER-001,MLSignalStrategyV2-V2,EUR/USD.IDEALPRO,IDEALPRO-001,O-20250213-160000-001-V2-469,O-20250213-160000-001-V2-471,SELL,FLAT,0.00,100000.00,1739462400000000000,2025-02-13 16:00:00+00:00,1739472060000000000,2025-02-13 18:41:00+00:00,9660000000000.0,1.04334,1.04051,['4.17 USD'],0.00271,278.83 USD,True
BACKTESTER-001,MLSignalStrategyV2-V2,EUR/USD.IDEALPRO,IDEALPRO-001,O-20250213-191500-001-V2-472,O-20250213-191500-001-V2-474,BUY,FLAT,0.00,100000.00,1739474100000000000,2025-02-13 19:15:00+00:00,1739477940000000000,2025-02-13 20:19:00+00:00,3840000000000.0,1.04303,1.04532,['4.18 USD'],0.0022,224.82 USD,True
BACKTESTER-001,MLSignalStrategyV2-V2,EUR/USD.IDEALPRO,IDEALPRO-001,O-20250214-000000-001-V2-475,O-20250214-000000-001-V2-476,BUY,FLAT,0.00,100000.00,1739491200000000000,2025-02-14 00:00:00+00:00,1739509980000000000,2025-02-14 05:13:00+00:00,18780000000000.0,1.04619,1.04508,['4.18 USD'],-0.00106,-115.18 USD,True
BACKTESTER-001,MLSignalStrategyV2-V2,EUR/USD.IDEALPRO,IDEALPRO-001,O-20250214-051500-001-V2-478,O-20250214-051500-001-V2-480,BUY,FLAT,0.00,100000.00,1739510100000000000,2025-02-14 05:15:00+00:00,1739513940000000000,2025-02-14 06:19:00+00:00,3840000000000.0,1.04512,1.04562,['4.18 USD'],0.00048,45.82 USD,True
BACKTESTER-001,MLSignalStrategyV2-V2,EUR/USD.IDEALPRO,IDEALPRO-001,O-20250214-063000-001-V2-481,O-20250214-063000-001-V2-483,BUY,FLAT,0.00,100000.00,1739514600000000000,2025-02-14 06:30:00+00:00,1739515680000000000,2025-02-14 06:48:00+00:00,1080000000000.0,1.04557,1.04608,['4.18 USD'],0.00049,46.82 USD,True
BACKTESTER-001,MLSignalStrategyV2-V2,EUR/USD.IDEALPRO,IDEALPRO-001,O-20250214-084500-001-V2-484,O-20250214-084500-001-V2-486,SELL,FLAT,0.00,100000.00,1739522700000000000,2025-02-14 08:45:00+00:00,1739523420000000000,2025-02-14 08:57:00+00:00,720000000000.0,1.04858,1.04772,['4.20 USD'],0.00082,81.80 USD,True
BACKTESTER-001,MLSignalStrategyV2-V2,EUR/USD.IDEALPRO,IDEALPRO-001,O-20250214-161500-001-V2-487,O-20250214-161500-001-V2-489,SELL,FLAT,0.00,100000.00,1739549700000000000,2025-02-14 16:15:00+00:00,1739566680000000000,2025-02-14 20:58:00+00:00,16980000000000.0,1.05052,1.04928,['4.20 USD'],0.00118,119.80 USD,True
BACKTESTER-001,MLSignalStrategyV2-V2,EUR/USD.IDEALPRO,IDEALPRO-001,O-20250214-210000-001-V2-490,O-20250214-210000-001-V2-491,BUY,FLAT,0.00,100000.00,1739566800000000000,2025-02-14 21:00:00+00:00,1739748420000000000,2025-02-16 23:27:00+00:00,181620000000000.0,1.04922,1.04849,['4.20 USD'],-0.0007,-77.20 USD,True
BACKTESTER-001,MLSignalStrategyV2-V2,EUR/USD.IDEALPRO,IDEALPRO-001,O-20250216-233000-001-V2-493,O-20250216-233000-001-V2-495,BUY,FLAT,0.00,100000.00,1739748600000000000,2025-02-16 23:30:00+00:00,1739753760000000000,2025-02-17 00:56:00+00:00,5160000000000.0,1.04866,1.04932,['4.20 USD'],0.00063,61.80 USD,True
BACKTESTER-001,MLSignalStrategyV2-V2,EUR/USD.IDEALPRO,IDEALPRO-001,O-20250217-030000-001-V2-496,O-20250217-030000-001-V2-498,SELL,FLAT,0.00,100000.00,1739761200000000000,2025-02-17 03:00:00+00:00,1739762640000000000,2025-02-17 03:24:00+00:00,1440000000000.0,1.05012,1.04952,['4.20 USD'],0.00057,55.80 USD,True
BACKTESTER-001,MLSignalStrategyV2-V2,EUR/USD.IDEALPRO,IDEALPRO-001,O-20250217-033000-001-V2-499,O-20250217-033000-001-V2-501,SELL,FLAT,0.00,100000.00,1739763000000000000,2025-02-17 03:30:00+00:00,1739765520000000000,2025-02-17 04:12:00+00:00,2520000000000.0,1.04957,1.04894,['4.20 USD'],0.0006,58.80 USD,True
BACKTESTER-001,MLSignalStrategyV2-V2,EUR/USD.IDEALPRO,IDEALPRO-001,O-20250217-081500-001-V2-502,O-20250217-081500-001-V2-503,BUY,FLAT,0.00,100000.00,1739780100000000000,2025-02-17 08:15:00+00:00,1739781180000000000,2025-02-17 08:33:00+00:00,1080000000000.0,1.04813,1.0471,['4.19 USD'],-0.00098,-107.19 USD,True
BACKTESTER-001,MLSignalStrategyV2-V2,EUR/USD.IDEALPRO,IDEALPRO-001,O-20250217-133000-001-V2-505,O-20250217-133000-001-V2-506,SELL,FLAT,0.00,100000.00,1739799000000000000,2025-02-17 13:30:00+00:00,1739803860000000000,2025-02-17 14:51:00+00:00,4860000000000.0,1.04687,1.04785,['4.19 USD'],-0.00094,-102.19 USD,True
BACKTESTER-001,MLSignalStrategyV2-V2,EUR/USD.IDEALPRO,IDEALPRO-001,O-20250217-181500-001-V2-508,O-20250217-181500-001-V2-510,BUY,FLAT,0.00,100000.00,1739816100000000000,2025-02-17 18:15:00+00:00,1739828340000000000,2025-02-17 21:39:00+00:00,12240000000000.0,1.04799,1.04851,['4.20 USD'],0.0005,47.80 USD,True
BACKTESTER-001,MLSignalStrategyV2-V2,EUR/USD.IDEALPRO,IDEALPRO-001,O-20250218-021500-001-V2-511,O-20250218-021500-001-V2-513,SELL,FLAT,0.00,100000.00,1739844900000000000,2025-02-18 02:15:00+00:00,1739850840000000000,2025-02-18 03:54:00+00:00,5940000000000.0,1.04684,1.04627,['4.18 USD'],0.00054,52.82 USD,True
BACKTESTER-001,MLSignalStrategyV2-V2,EUR/USD.IDEALPRO,IDEALPRO-001,O-20250218-053000-001-V2-514,O-20250218-053000-001-V2-516,BUY,FLAT,0.00,100000.00,1739856600000000000,2025-02-18 05:30:00+00:00,1739859720000000000,2025-02-18 06:22:00+00:00,3120000000000.0,1.04548,1.04601,['4.18 USD'],0.00051,48.82 USD,True
BACKTESTER-001,MLSignalStrategyV2-V2,EUR/USD.IDEALPRO,IDEALPRO-001,O-20250218-123000-001-V2-517,O-20250218-123000-001-V2-519,BUY,FLAT,0.00,100000.00,1739881800000000000,2025-02-18 12:30:00+00:00,1739882160000000000,2025-02-18 12:36:00+00:00,360000000000.0,1.04542,1.046,['4.18 USD'],0.00055,53.82 USD,True
BACKTESTER-001,MLSignalStrategyV2-V2,EUR/USD.IDEALPRO,IDEALPRO-001,O-20250218-130000-001-V2-520,O-20250218-130000-001-V2-521,BUY,FLAT,0.00,100000.00,1739883600000000000,2025-02-18 13:00:00+00:00,1739884260000000000,2025-02-18 13:11:00+00:00,660000000000.0,1.04552,1.04459,['4.18 USD'],-0.00089,-97.18 USD,True
BACKTESTER-001,MLSignalStrategyV2-V2,EUR/USD.IDEALPRO,IDEALPRO-001,O-20250218-131500-001-V2-523,O-20250218-131500-001-V2-525,BUY,FLAT,0.00,100000.00,1739884500000000000,2025-02-18 13:15:00+00:00,1739890980000000000,2025-02-18 15:03:00+00:00,6480000000000.0,1.04497,1.04566,['4.18 USD'],0.00066,64.82 USD,True
BACKTESTER-001,MLSignalStrategyV2-V2,EUR/USD.IDEALPRO,IDEALPRO-001,O-20250218-231500-001-V2-526,O-20250218-231500-001-V2-528,BUY,FLAT,0.00,100000.00,1739920500000000000,2025-02-18 23:15:00+00:00,1739933640000000000,2025-02-19 02:54:00+00:00,13140000000000.0,1.04462,1.04518,['4.18 USD'],0.00054,51.82 USD,True
BACKTESTER-001,MLSignalStrategyV2-V2,EUR/USD.IDEALPRO,IDEALPRO-001,O-20250219-170000-001-V2-529,O-20250219-170000-001-V2-531,BUY,FLAT,0.00,100000.00,1739984400000000000,2025-02-19 17:00:00+00:00,1739990040000000000,2025-02-19 18:34:00+00:00,5640000000000.0,1.04046,1.04155,['4.16 USD'],0.00105,104.84 USD,True
BACKTESTER-001,MLSignalStrategyV2-V2,EUR/USD.IDEALPRO,IDEALPRO-001,O-20250220-040000-001-V2-532,O-20250220-040000-001-V2-534,SELL,FLAT,0.00,100000.00,1740024000000000000,2025-02-20 04:00:00+00:00,1740025920000000000,2025-02-20 04:32:00+00:00,1920000000000.0,1.04313,1.04244,['4.17 USD'],0.00066,64.83 USD,True
BACKTESTER-001,MLSignalStrategyV2-V2,EUR/USD.IDEALPRO,IDEALPRO-001,O-20250220-133000-001-V2-535,O-20250220-133000-001-V2-537,BUY,FLAT,0.00,100000.00,1740058200000000000,2025-02-20 13:30:00+00:00,1740062340000000000,2025-02-20 14:39:00+00:00,4140000000000.0,1.0451,1.04606,['4.18 USD'],0.00092,91.82 USD,True
BACKTESTER-001,MLSignalStrategyV2-V2,EUR/USD.IDEALPRO,IDEALPRO-001,O-20250220-151500-001-V2-538,O-20250220-151500-001-V2-540,BUY,FLAT,0.00,100000.00,1740064500000000000,2025-02-20 15:15:00+00:00,1740065160000000000,2025-02-20 15:26:00+00:00,660000000000.0,1.04553,1.04659,['4.18 USD'],0.00101,101.82 USD,True
BACKTESTER-001,MLSignalStrategyV2-V2,EUR/USD.IDEALPRO,IDEALPRO-001,O-20250220-200000-001-V2-541,O-20250220-200000-001-V2-543,SELL,FLAT,0.00,100000.00,1740081600000000000,2025-02-20 20:00:00+00:00,1740097740000000000,2025-02-21 00:29:00+00:00,16140000000000.0,1.05015,1.04931,['4.20 USD'],0.0008,79.80 USD,True
BACKTESTER-001,MLSignalStrategyV2-V2,EUR/USD.IDEALPRO,IDEALPRO-001,O-20250221-020000-001-V2-544,O-20250221-020000-001-V2-545,SELL,FLAT,0.00,100000.00,1740103200000000000,2025-02-21 02:00:00+00:00,1740103920000000000,2025-02-21 02:12:00+00:00,720000000000.0,1.04868,1.0494,['4.20 USD'],-0.00069,-76.20 USD,True
BACKTESTER-001,MLSignalStrategyV2-V2,EUR/USD.IDEALPRO,IDEALPRO-001,O-20250221-021500-001-V2-547,O-20250221-021500-001-V2-549,BUY,FLAT,0.00,100000.00,1740104100000000000,2025-02-21 02:15:00+00:00,1740106500000000000,2025-02-21 02:55:00+00:00,2400000000000.0,1.04962,1.05021,['4.20 USD'],0.00056,54.80 USD,True
BACKTESTER-001,MLSignalStrategyV2-V2,EUR/USD.IDEALPRO,IDEALPRO-001,O-20250221-053000-001-V2-550,O-20250221-053000-001-V2-552,SELL,FLAT,0.00,100000.00,1740115800000000000,2025-02-21 05:30:00+00:00,1740117240000000000,2025-02-21 05:54:00+00:00,1440000000000.0,1.04966,1.04917,['4.20 USD'],0.00047,44.80 USD,True
BACKTESTER-001,MLSignalStrategyV2-V2,EUR/USD.IDEALPRO,IDEALPRO-001,O-20250221-060000-001-V2-553,O-20250221-060000-001-V2-555,SELL,FLAT,0.00,100000.00,1740117600000000000,2025-02-21 06:00:00+00:00,1740119220000000000,2025-02-21 06:27:00+00:00,1620000000000.0,1.04928,1.04879,['4.20 USD'],0.00047,44.80 USD,True
BACKTESTER-001,MLSignalStrategyV2-V2,EUR/USD.IDEALPRO,IDEALPRO-001,O-20250221-083000-001-V2-556,O-20250221-083000-001-V2-558,BUY,FLAT,0.00,100000.00,1740126600000000000,2025-02-21 08:30:00+00:00,1740126660000000000,2025-02-21 08:31:00+00:00,60000000000.0,1.04715,1.04844,['4.19 USD'],0.00123,124.81 USD,True
BACKTESTER-001,MLSignalStrategyV2-V2,EUR/USD.IDEALPRO,IDEALPRO-001,O-20250221-103000-001-V2-559,O-20250221-103000-001-V2-561,SELL,FLAT,0.00,100000.00,1740133800000000000,2025-02-21 10:30:00+00:00,1740139980000000000,2025-02-21 12:13:00+00:00,6180000000000.0,1.04709,1.04621,['4.18 USD'],0.00084,83.82 USD,True
BACKTESTER-001,MLSignalStrategyV2-V2,EUR/USD.IDEALPRO,IDEALPRO-001,O-20250223-223000-001-V2-562,O-20250223-223000-001-V2-564,BUY,FLAT,0.00,100000.00,1740349800000000000,2025-02-23 22:30:00+00:00,1740350400000000000,2025-02-23 22:40:00+00:00,600000000000.0,1.04662,1.04716,['4.18 USD'],0.00052,49.82 USD,True
BACKTESTER-001,MLSignalStrategyV2-V2,EUR/USD.IDEALPRO,IDEALPRO-001,O-20250223-224500-001-V2-565,O-20250223-224500-001-V2-567,BUY,FLAT,0.00,100000.00,1740350700000000000,2025-02-23 22:45:00+00:00,1740350880000000000,2025-02-23 22:48:00+00:00,180000000000.0,1.04708,1.04833,['4.19 USD'],0.00119,120.81 USD,True
BACKTESTER-001,MLSignalStrategyV2-V2,EUR/USD.IDEALPRO,IDEALPRO-001,O-20250223-230000-001-V2-568,O-20250223-230000-001-V2-570,BUY,FLAT,0.00,100000.00,1740351600000000000,2025-02-23 23:00:00+00:00,1740351900000000000,2025-02-23 23:05:00+00:00,300000000000.0,1.04747,1.04825,['4.19 USD'],0.00074,73.81 USD,True
BACKTESTER-001,MLSignalStrategyV2-V2,EUR/USD.IDEALPRO,IDEALPRO-001,O-20250224-030000-001-V2-571,O-20250224-030000-001-V2-572,BUY,FLAT,0.00,100000.00,1740366000000000000,2025-02-24 03:00:00+00:00,1740378360000000000,2025-02-24 06:26:00+00:00,12360000000000.0,1.05229,1.05092,['4.20 USD'],-0.0013,-141.20 USD,True
BACKTESTER-001,MLSignalStrategyV2-V2,EUR/USD.IDEALPRO,IDEALPRO-001,O-20250224-081500-001-V2-574,O-20250224-081500-001-V2-575,BUY,FLAT,0.00,100000.00,1740384900000000000,2025-02-24 08:15:00+00:00,1740385200000000000,2025-02-24 08:20:00+00:00,300000000000.0,1.0483,1.04697,['4.19 USD'],-0.00127,-137.19 USD,True
BACKTESTER-001,MLSignalStrategyV2-V2,EUR/USD.IDEALPRO,IDEALPRO-001,O-20250224-093000-001-V2-577,O-20250224-093000-001-V2-578,BUY,FLAT,0.00,100000.00,1740389400000000000,2025-02-24 09:30:00+00:00,1740401100000000000,2025-02-24 12:45:00+00:00,11700000000000.0,1.04747,1.04604,['4.18 USD'],-0.00137,-147.18 USD,True
BACKTESTER-001,MLSignalStrategyV2-V2,EUR/USD.IDEALPRO,IDEALPRO-001,O-20250224-133000-001-V2-580,O-20250224-133000-001-V2-582,SELL,FLAT,0.00,100000.00,1740403800000000000,2025-02-24 13:30:00+00:00,1740406680000000000,2025-02-24 14:18:00+00:00,2880000000000.0,1.04712,1.04621,['4.18 USD'],0.00087,86.82 USD,True
BACKTESTER-001,MLSignalStrategyV2-V2,EUR/USD.IDEALPRO,IDEALPRO-001,O-20250224-213000-001-V2-583,O-20250224-213000-001-V2-585,BUY,FLAT,0.00,100000.00,1740432600000000000,2025-02-24 21:30:00+00:00,1740451140000000000,2025-02-25 02:39:00+00:00,18540000000000.0,1.04641,1.04717,['4.18 USD'],0.00073,71.82 USD,True
BACKTESTER-001,MLSignalStrategyV2-V2,EUR/USD.IDEALPRO,IDEALPRO-001,O-20250225-083000-001-V2-586,O-20250225-083000-001-V2-588,BUY,FLAT,0.00,100000.00,1740472200000000000,2025-02-25 08:30:00+00:00,1740475260000000000,2025-02-25 09:21:00+00:00,3060000000000.0,1.04675,1.04782,['4.19 USD'],0.00102,102.81 USD,True
BACKTESTER-001,MLSignalStrategyV2-V2,EUR/USD.IDEALPRO,IDEALPRO-001,O-20250225-121500-001-V2-589,O-20250225-121500-001-V2-591,BUY,FLAT,0.00,100000.00,1740485700000000000,2025-02-25 12:15:00+00:00,1740490260000000000,2025-02-25 13:31:00+00:00,4560000000000.0,1.04942,1.05034,['4.20 USD'],0.00088,87.80 USD,True
BACKTESTER-001,MLSignalStrategyV2-V2,EUR/USD.IDEALPRO,IDEALPRO-001,O-20250225-184500-001-V2-592,O-20250225-184500-001-V2-594,BUY,FLAT,0.00,100000.00,1740509100000000000,2025-02-25 18:45:00+00:00,1740529140000000000,2025-02-26 00:19:00+00:00,20040000000000.0,1.05147,1.05245,['4.20 USD'],0.00093,93.80 USD,True
BACKTESTER-001,MLSignalStrategyV2-V2,EUR/USD.IDEALPRO,IDEALPRO-001,O-20250226-031500-001-V2-595,O-20250226-031500-001-V2-597,SELL,FLAT,0.00,100000.00,1740539700000000000,2025-02-26 03:15:00+00:00,1740545220000000000,2025-02-26 04:47:00+00:00,5520000000000.0,1.05057,1.04994,['4.20 USD'],0.0006,58.80 USD,True
BACKTESTER-001,MLSignalStrategyV2-V2,EUR/USD.IDEALPRO,IDEALPRO-001,O-20250226-051500-001-V2-598,O-20250226-051500-001-V2-599,BUY,FLAT,0.00,100000.00,1740546900000000000,2025-02-26 05:15:00+00:00,1740551040000000000,2025-02-26 06:24:00+00:00,4140000000000.0,1.04945,1.04875,['4.20 USD'],-0.00067,-74.20 USD,True
BACKTESTER-001,MLSignalStrategyV2-V2,EUR/USD.IDEALPRO,IDEALPRO-001,O-20250226-111500-001-V2-601,O-20250226-111500-001-V2-602,BUY,FLAT,0.00,100000.00,1740568500000000000,2025-02-26 11:15:00+00:00,1740570600000000000,2025-02-26 11:50:00+00:00,2100000000000.0,1.05009,1.04903,['4.20 USD'],-0.00101,-110.20 USD,True
BACKTESTER-001,MLSignalStrategyV2-V2,EUR/USD.IDEALPRO,IDEALPRO-001,O-20250226-171500-001-V2-604,O-20250226-171500-001-V2-606,BUY,FLAT,0.00,100000.00,1740590100000000000,2025-02-26 17:15:00+00:00,1740591000000000000,2025-02-26 17:30:00+00:00,900000000000.0,1.05143,1.05245,['4.20 USD'],0.00097,97.80 USD,True
BACKTESTER-001,MLSignalStrategyV2-V2,EUR/USD.IDEALPRO,IDEALPRO-001,O-20250226-224500-001-V2-607,O-20250226-224500-001-V2-609,SELL,FLAT,0.00,100000.00,1740609900000000000,2025-02-26 22:45:00+00:00,1740614880000000000,2025-02-27 00:08:00+00:00,4980000000000.0,1.04875,1.04805,['4.20 USD'],0.00067,65.80 USD,True
BACKTESTER-001,MLSignalStrategyV2-V2,EUR/USD.IDEALPRO,IDEALPRO-001,O-20250227-013000-001-V2-610,O-20250227-013000-001-V2-612,BUY,FLAT,0.00,100000.00,1740619800000000000,2025-02-27 01:30:00+00:00,1740620820000000000,2025-02-27 01:47:00+00:00,1020000000000.0,1.04768,1.04823,['4.20 USD'],0.00052,50.80 USD,True
BACKTESTER-001,MLSignalStrategyV2-V2,EUR/USD.IDEALPRO,IDEALPRO-001,O-20250227-043000-001-V2-613,O-20250227-043000-001-V2-615,SELL,FLAT,0.00,100000.00,1740630600000000000,2025-02-27 04:30:00+00:00,1740631140000000000,2025-02-27 04:39:00+00:00,540000000000.0,1.04658,1.04606,['4.18 USD'],0.0005,47.82 USD,True
BACKTESTER-001,MLSignalStrategyV2-V2,EUR/USD.IDEALPRO,IDEALPRO-001,O-20250227-044500-001-V2-616,O-20250227-044500-001-V2-618,BUY,FLAT,0.00,100000.00,1740631500000000000,2025-02-27 04:45:00+00:00,1740636540000000000,2025-02-27 06:09:00+00:00,5040000000000.0,1.04631,1.04681,['4.18 USD'],0.00048,45.82 USD,True
BACKTESTER-001,MLSignalStrategyV2-V2,EUR/USD.IDEALPRO,IDEALPRO-001,O-20250227-100000-001-V2-619,O-20250227-100000-001-V2-620,BUY,FLAT,0.00,100000.00,1740650400000000000,2025-02-27 10:00:00+00:00,1740651600000000000,2025-02-27 10:20:00+00:00,1200000000000.0,1.04842,1.04746,['4.19 USD'],-0.00092,-100.19 USD,True
BACKTESTER-001,MLSignalStrategyV2-V2,EUR/USD.IDEALPRO,IDEALPRO-001,O-20250227-154500-001-V2-622,O-20250227-154500-001-V2-623,BUY,FLAT,0.00,100000.00,1740671100000000000,2025-02-27 15:45:00+00:00,1740696600000000000,2025-02-27 22:50:00+00:00,25500000000000.0,1.04164,1.03933,['4.16 USD'],-0.00222,-235.16 USD,True
BACKTESTER-001,MLSignalStrategyV2-V2,EUR/USD.IDEALPRO,IDEALPRO-001,O-20250228-000000-001-V2-625,O-20250228-000000-001-V2-627,BUY,FLAT,0.00,100000.00,1740700800000000000,2025-02-28 00:00:00+00:00,1740702120000000000,2025-02-28 00:22:00+00:00,1320000000000.0,1.0394,1.0399,['4.16 USD'],0.00048,45.84 USD,True
BACKTESTER-001,MLSignalStrategyV2-V2,EUR/USD.IDEALPRO,IDEALPRO-001,O-20250228-003000-001-V2-628,O-20250228-003000-001-V2-630,SELL,FLAT,0.00,100000.00,1740702600000000000,2025-02-28 00:30:00+00:00,1740706260000000000,2025-02-28 01:31:00+00:00,3660000000000.0,1.03998,1.03947,['4.16 USD'],0.00049,46.84 USD,True
BACKTESTER-001,MLSignalStrategyV2-V2,EUR/USD.IDEALPRO,IDEALPRO-001,O-20250228-020000-001-V2-631,O-20250228-020000-001-V2-633,BUY,FLAT,0.00,100000.00,1740708000000000000,2025-02-28 02:00:00+00:00,1740708360000000000,2025-02-28 02:06:00+00:00,360000000000.0,1.0385,1.03917,['4.16 USD'],0.00065,62.84 USD,True
BACKTESTER-001,MLSignalStrategyV2-V2,EUR/USD.IDEALPRO,IDEALPRO-001,O-20250228-021500-001-V2-634,O-20250228-021500-001-V2-636,BUY,FLAT,0.00,100000.00,1740708900000000000,2025-02-28 02:15:00+00:00,1740709860000000000,2025-02-28 02:31:00+00:00,960000000000.0,1.03835,1.03906,['4.16 USD'],0.00068,66.84 USD,True
BACKTESTER-001,MLSignalStrategyV2-V2,EUR/USD.IDEALPRO,IDEALPRO-001,O-20250228-031500-001-V2-637,O-20250228-031500-001-V2-638,SELL,FLAT,0.00,100000.00,1740712500000000000,2025-02-28 03:15:00+00:00,1740729360000000000,2025-02-28 07:56:00+00:00,16860000000000.0,1.03861,1.03992,['4.16 USD'],-0.00126,-135.16 USD,True
BACKTESTER-001,MLSignalStrategyV2-V2,EUR/USD.IDEALPRO,IDEALPRO-001,O-20250228-164500-001-V2-640,O-20250228-164500-001-V2-642,SELL,FLAT,0.00,100000.00,1740761100000000000,2025-02-28 16:45:00+00:00,1740766620000000000,2025-02-28 18:17:00+00:00,5520000000000.0,1.04021,1.03844,['4.16 USD'],0.0017,172.84 USD,True
BACKTESTER-001,MLSignalStrategyV2-V2,EUR/USD.IDEALPRO,IDEALPRO-001,O-20250302-223000-001-V2-643,O-20250302-223000-001-V2-645,BUY,FLAT,0.00,100000.00,1740954600000000000,2025-03-02 22:30:00+00:00,1740956940000000000,2025-03-02 23:09:00+00:00,2340000000000.0,1.04028,1.04137,['4.16 USD'],0.00105,104.84 USD,True
BACKTESTER-001,MLSignalStrategyV2-V2,EUR/USD.IDEALPRO,IDEALPRO-001,O-20250302-233000-001-V2-646,O-20250302-233000-001-V2-648,SELL,FLAT,0.00,100000.00,1740958200000000000,2025-03-02 23:30:00+00:00,1740960240000000000,2025-03-03 00:04:00+00:00,2040000000000.0,1.04155,1.04032,['4.16 USD'],0.00118,118.84 USD,True
BACKTESTER-001,MLSignalStrategyV2-V2,EUR/USD.IDEALPRO,IDEALPRO-001,O-20250303-030000-001-V2-649,O-20250303-030000-001-V2-650,BUY,FLAT,0.00,100000.00,1740970800000000000,2025-03-03 03:00:00+00:00,1740984180000000000,2025-03-03 06:43:00+00:00,13380000000000.0,1.042,1.04082,['4.16 USD'],-0.00113,-122.16 USD,True
BACKTESTER-001,MLSignalStrategyV2-V2,EUR/USD.IDEALPRO,IDEALPRO-001,O-20250303-121500-001-V2-652,O-20250303-121500-001-V2-653,SELL,FLAT,0.00,100000.00,1741004100000000000,2025-03-03 12:15:00+00:00,1741011720000000000,2025-03-03 14:22:00+00:00,7620000000000.0,1.04641,1.04815,['4.19 USD'],-0.00166,-178.19 USD,True
BACKTESTER-001,MLSignalStrategyV2-V2,EUR/USD.IDEALPRO,IDEALPRO-001,O-20250303-180000-001-V2-655,O-20250303-180000-001-V2-656,SELL,FLAT,0.00,100000.00,1741024800000000000,2025-03-03 18:00:00+00:00,1741027740000000000,2025-03-03 18:49:00+00:00,2940000000000.0,1.04905,1.05046,['4.20 USD'],-0.00134,-145.20 USD,True
BACKTESTER-001,MLSignalStrategyV2-V2,EUR/USD.IDEALPRO,IDEALPRO-001,O-20250303-211500-001-V2-658,O-20250303-211500-001-V2-660,SELL,FLAT,0.00,100000.00,1741036500000000000,2025-03-03 21:15:00+00:00,1741060980000000000,2025-03-04 04:03:00+00:00,24480000000000.0,1.04867,1.04726,['4.19 USD'],0.00134,136.81 USD,True
BACKTESTER-001,MLSignalStrategyV2-V2,EUR/USD.IDEALPRO,IDEALPRO-001,O-20250304-103000-001-V2-661,O-20250304-103000-001-V2-662,SELL,FLAT,0.00,100000.00,1741084200000000000,2025-03-04 10:30:00+00:00,1741088100000000000,2025-03-04 11:35:00+00:00,3900000000000.0,1.05052,1.05219,['4.20 USD'],-0.00159,-171.20 USD,True
BACKTESTER-001,MLSignalStrategyV2-V2,EUR/USD.IDEALPRO,IDEALPRO-001,O-20250304-124500-001-V2-664,O-20250304-124500-001-V2-666,SELL,FLAT,0.00,100000.00,1741092300000000000,2025-03-04 12:45:00+00:00,1741095300000000000,2025-03-04 13:35:00+00:00,3000000000000.0,1.05496,1.05361,['4.22 USD'],0.00128,130.78 USD,True
BACKTESTER-001,MLSignalStrategyV2-V2,EUR/USD.IDEALPRO,IDEALPRO-001,O-20250304-154500-001-V2-667,O-20250304-154500-001-V2-668,SELL,FLAT,0.00,100000.00,1741103100000000000,2025-03-04 15:45:00+00:00,1741111020000000000,2025-03-04 17:57:00+00:00,7920000000000.0,1.05217,1.05432,['4.21 USD'],-0.00204,-219.21 USD,True
BACKTESTER-001,MLSignalStrategyV2-V2,EUR/USD.IDEALPRO,IDEALPRO-001,O-20250304-181500-001-V2-670,O-20250304-181500-001-V2-671,SELL,FLAT,0.00,100000.00,1741112100000000000,2025-03-04 18:15:00+00:00,1741114620000000000,2025-03-04 18:57:00+00:00,2520000000000.0,1.0569,1.05895,['4.23 USD'],-0.00194,-209.23 USD,True
BACKTESTER-001,MLSignalStrategyV2-V2,EUR/USD.IDEALPRO,IDEALPRO-001,O-20250305-000000-001-V2-673,O-20250305-000000-001-V2-674,BUY,FLAT,0.00,100000.00,1741132800000000000,2025-03-05 00:00:00+00:00,1741140600000000000,2025-03-05 02:10:00+00:00,7800000000000.0,1.06234,1.06064,['4.24 USD'],-0.0016,-174.24 USD,True
BACKTESTER-001,MLSignalStrategyV2-V2,EUR/USD.IDEALPRO,IDEALPRO-001,O-20250305-044500-001-V2-676,O-20250305-044500-001-V2-678,BUY,FLAT,0.00,100000.00,1741149900000000000,2025-03-05 04:45:00+00:00,1741154100000000000,2025-03-05 05:55:00+00:00,4200000000000.0,1.06215,1.06303,['4.25 USD'],0.00083,83.75 USD,True
BACKTESTER-001,MLSignalStrategyV2-V2,EUR/USD.IDEALPRO,IDEALPRO-001,O-20250305-064500-001-V2-679,O-20250305-064500-001-V2-681,BUY,FLAT,0.00,100000.00,1741157100000000000,2025-03-05 06:45:00+00:00,1741158120000000000,2025-03-05 07:02:00+00:00,1020000000000.0,1.06295,1.06427,['4.26 USD'],0.00124,127.74 USD,True
BACKTESTER-001,MLSignalStrategyV2-V2,EUR/USD.IDEALPRO,IDEALPRO-001,O-20250305-090000-001-V2-682,O-20250305-090000-001-V2-684,BUY,FLAT,0.00,100000.00,1741165200000000000,2025-03-05 09:00:00+00:00,1741167060000000000,2025-03-05 09:31:00+00:00,1860000000000.0,1.0698,1.07153,['4.28 USD'],0.00162,168.72 USD,True
BACKTESTER-001,MLSignalStrategyV2-V2,EUR/USD.IDEALPRO,IDEALPRO-001,O-20250305-113000-001-V2-685,O-20250305-113000-001-V2-687,BUY,FLAT,0.00,100000.00,1741174200000000000,2025-03-05 11:30:00+00:00,1741176960000000000,2025-03-05 12:16:00+00:00,2760000000000.0,1.06804,1.06973,['4.28 USD'],0.00158,164.72 USD,True
BACKTESTER-001,MLSignalStrategyV2-V2,EUR/USD.IDEALPRO,IDEALPRO-001,O-20250305-210000-001-V2-688,O-20250305-210000-001-V2-689,SELL,FLAT,0.00,100000.00,1741208400000000000,2025-03-05 21:00:00+00:00,1741225080000000000,2025-03-06 01:38:00+00:00,16680000000000.0,1.07923,1.08075,['4.32 USD'],-0.00141,-156.32 USD,True
BACKTESTER-001,MLSignalStrategyV2-V2,EUR/USD.IDEALPRO,IDEALPRO-001,O-20250306-040000-001-V2-691,O-20250306-040000-001-V2-692,SELL,FLAT,0.00,100000.00,1741233600000000000,2025-03-06 04:00:00+00:00,1741236720000000000,2025-03-06 04:52:00+00:00,3120000000000.0,1.07896,1.08019,['4.32 USD'],-0.00114,-127.32 USD,True
BACKTESTER-001,MLSignalStrategyV2-V2,EUR/USD.IDEALPRO,IDEALPRO-001,O-20250306-050000-001-V2-694,O-20250306-050000-001-V2-696,BUY,FLAT,0.00,100000.00,1741237200000000000,2025-03-06 05:00:00+00:00,1741240860000000000,2025-03-06 06:01:00+00:00,3660000000000.0,1.08036,1.08126,['4.32 USD'],0.00083,85.68 USD,True
BACKTESTER-001,MLSignalStrategyV2-V2,EUR/USD.IDEALPRO,IDEALPRO-001,O-20250306-070000-001-V2-697,O-20250306-070000-001-V2-699,BUY,FLAT,0.00,100000.00,1741244400000000000,2025-03-06 07:00:00+00:00,1741244880000000000,2025-03-06 07:08:00+00:00,480000000000.0,1.08029,1.08126,['4.32 USD'],0.0009,92.68 USD,True
BACKTESTER-001,MLSignalStrategyV2-V2,EUR/USD.IDEALPRO,IDEALPRO-001,O-20250306-073000-001-V2-700,O-20250306-073000-001-V2-702,BUY,FLAT,0.00,100000.00,1741246200000000000,2025-03-06 07:30:00+00:00,1741246920000000000,2025-03-06 07:42:00+00:00,720000000000.0,1.08015,1.08173,['4.32 USD'],0.00146,153.68 USD,True
BACKTESTER-001,MLSignalStrategyV2-V2,EUR/USD.IDEALPRO,IDEALPRO-001,O-20250306-190000-001-V2-703,O-20250306-190000-001-V2-705,BUY,FLAT,0.00,100000.00,1741287600000000000,2025-03-06 19:00:00+00:00,1741290180000000000,2025-03-06 19:43:00+00:00,2580000000000.0,1.07839,1.08031,['4.32 USD'],0.00178,187.68 USD,True
BACKTESTER-001,MLSignalStrategyV2-V2,EUR/USD.IDEALPRO,IDEALPRO-001,O-20250306-194500-001-V2-706,O-20250306-194500-001-V2-707,BUY,FLAT,0.00,100000.00,1741290300000000000,2025-03-06 19:45:00+00:00,1741296000000000000,2025-03-06 21:20:00+00:00,5700000000000.0,1.08022,1.07797,['4.32 USD'],-0.00208,-229.32 USD,True
BACKTESTER-001,MLSignalStrategyV2-V2,EUR/USD.IDEALPRO,IDEALPRO-001,O-20250307-033000-001-V2-709,O-20250307-033000-001-V2-711,BUY,FLAT,0.00,100000.00,1741318200000000000,2025-03-07 03:30:00+00:00,1741318740000000000,2025-03-07 03:39:00+00:00,540000000000.0,1.08065,1.0814,['4.32 USD'],0.00069,70.68 USD,True
BACKTESTER-001,MLSignalStrategyV2-V2,EUR/USD.IDEALPRO,IDEALPRO-001,O-20250307-034500-001-V2-712,O-20250307-034500-001-V2-714,BUY,FLAT,0.00,100000.00,1741319100000000000,2025-03-07 03:45:00+00:00,1741326360000000000,2025-03-07 05:46:00+00:00,7260000000000.0,1.08092,1.08176,['4.32 USD'],0.00078,79.68 USD,True
BACKTESTER-001,MLSignalStrategyV2-V2,EUR/USD.IDEALPRO,IDEALPRO-001,O-20250307-100000-001-V2-715,O-20250307-100000-001-V2-717,SELL,FLAT,0.00,100000.00,1741341600000000000,2025-03-07 10:00:00+00:00,1741345740000000000,2025-03-07 11:09:00+00:00,4140000000000.0,1.08616,1.08483,['4.34 USD'],0.00122,128.66 USD,True
BACKTESTER-001,MLSignalStrategyV2-V2,EUR/USD.IDEALPRO,IDEALPRO-001,O-20250307-140000-001-V2-718,O-20250307-140000-001-V2-719,SELL,FLAT,0.00,100000.00,1741356000000000000,2025-03-07 14:00:00+00:00,1741357440000000000,2025-03-07 14:24:00+00:00,1440000000000.0,1.08447,1.08699,['4.34 USD'],-0.00232,-256.34 USD,True
BACKTESTER-001,MLSignalStrategyV2-V2,EUR/USD.IDEALPRO,IDEALPRO-001,O-20250307-144500-001-V2-721,O-20250307-144500-001-V2-723,SELL,FLAT,0.00,100000.00,1741358700000000000,2025-03-07 14:45:00+00:00,1741360140000000000,2025-03-07 15:09:00+00:00,1440000000000.0,1.08691,1.08453,['4.34 USD'],0.00219,233.66 USD,True
BACKTESTER-001,MLSignalStrategyV2-V2,EUR/USD.IDEALPRO,IDEALPRO-001,O-20250307-160000-001-V2-724,O-20250307-160000-001-V2-726,SELL,FLAT,0.00,100000.00,1741363200000000000,2025-03-07 16:00:00+00:00,1741365000000000000,2025-03-07 16:30:00+00:00,1800000000000.0,1.08702,1.08461,['4.34 USD'],0.00222,236.66 USD,True
BACKTESTER-001,MLSignalStrategyV2-V2,EUR/USD.IDEALPRO,IDEALPRO-001,O-20250309-213000-001-V2-727,O-20250309-213000-001-V2-729,BUY,FLAT,0.00,100000.00,1741555800000000000,2025-03-09 21:30:00+00:00,1741557300000000000,2025-03-09 21:55:00+00:00,1500000000000.0,1.08316,1.08412,['4.34 USD'],0.00089,91.66 USD,True
BACKTESTER-001,MLSignalStrategyV2-V2,EUR/USD.IDEALPRO,IDEALPRO-001,O-20250309-220000-001-V2-730,O-20250309-220000-001-V2-732,BUY,FLAT,0.00,100000.00,1741557600000000000,2025-03-09 22:00:00+00:00,1741557960000000000,2025-03-09 22:06:00+00:00,360000000000.0,1.08401,1.08493,['4.34 USD'],0.00085,87.66 USD,True
BACKTESTER-001,MLSignalStrategyV2-V2,EUR/USD.IDEALPRO,IDEALPRO-001,O-20250309-221500-001-V2-733,O-20250309-221500-001-V2-735,BUY,FLAT,0.00,100000.00,1741558500000000000,2025-03-09 22:15:00+00:00,1741567560000000000,2025-03-10 00:46:00+00:00,9060000000000.0,1.08565,1.08668,['4.34 USD'],0.00095,98.66 USD,True
BACKTESTER-001,MLSignalStrategyV2-V2,EUR/USD.IDEALPRO,IDEALPRO-001,O-20250310-051500-001-V2-736,O-20250310-051500-001-V2-737,SELL,FLAT,0.00,100000.00,1741583700000000000,2025-03-10 05:15:00+00:00,1741587060000000000,2025-03-10 06:11:00+00:00,3360000000000.0,1.08311,1.08397,['4.34 USD'],-0.00079,-90.34 USD,True
BACKTESTER-001,MLSignalStrategyV2-V2,EUR/USD.IDEALPRO,IDEALPRO-001,O-20250310-063000-001-V2-739,O-20250310-063000-001-V2-741,SELL,FLAT,0.00,100000.00,1741588200000000000,2025-03-10 06:30:00+00:00,1741589460000000000,2025-03-10 06:51:00+00:00,1260000000000.0,1.08424,1.08349,['4.34 USD'],0.00069,70.66 USD,True
BACKTESTER-001,MLSignalStrategyV2-V2,EUR/USD.IDEALPRO,IDEALPRO-001,O-20250310-070000-001-V2-742,O-20250310-070000-001-V2-744,SELL,FLAT,0.00,100000.00,1741590000000000000,2025-03-10 07:00:00+00:00,1741591500000000000,2025-03-10 07:25:00+00:00,1500000000000.0,1.08373,1.08303,['4.34 USD'],0.00065,65.66 USD,True
BACKTESTER-001,MLSignalStrategyV2-V2,EUR/USD.IDEALPRO,IDEALPRO-001,O-20250310-081500-001-V2-745,O-20250310-081500-001-V2-747,BUY,FLAT,0.00,100000.00,1741594500000000000,2025-03-10 08:15:00+00:00,1741598280000000000,2025-03-10 09:18:00+00:00,3780000000000.0,1.08115,1.08251,['4.33 USD'],0.00126,131.67 USD,True
BACKTESTER-001,MLSignalStrategyV2-V2,EUR/USD.IDEALPRO,IDEALPRO-001,O-20250310-173000-001-V2-748,O-20250310-173000-001-V2-749,BUY,FLAT,0.00,100000.00,1741627800000000000,2025-03-10 17:30:00+00:00,1741631160000000000,2025-03-10 18:26:00+00:00,3360000000000.0,1.08367,1.08203,['4.33 USD'],-0.00151,-168.33 USD,True
BACKTESTER-001,MLSignalStrategyV2-V2,EUR/USD.IDEALPRO,IDEALPRO-001,O-20250310-194500-001-V2-751,O-20250310-194500-001-V2-753,BUY,FLAT,0.00,100000.00,1741635900000000000,2025-03-10 19:45:00+00:00,1741644900000000000,2025-03-10 22:15:00+00:00,9000000000000.0,1.08256,1.08378,['4.34 USD'],0.00113,117.66 USD,True
BACKTESTER-001,MLSignalStrategyV2-V2,EUR/USD.IDEALPRO,IDEALPRO-001,O-20250310-230000-001-V2-754,O-20250310-230000-001-V2-755,SELL,FLAT,0.00,100000.00,1741647600000000000,2025-03-10 23:00:00+00:00,1741648080000000000,2025-03-10 23:08:00+00:00,480000000000.0,1.08348,1.08435,['4.34 USD'],-0.0008,-91.34 USD,True
BACKTESTER-001,MLSignalStrategyV2-V2,EUR/USD.IDEALPRO,IDEALPRO-001,O-20250311-071500-001-V2-757,O-20250311-071500-001-V2-759,BUY,FLAT,0.00,100000.00,1741677300000000000,2025-03-11 07:15:00+00:00,1741678800000000000,2025-03-11 07:40:00+00:00,1500000000000.0,1.08722,1.08866,['4.35 USD'],0.00132,139.65 USD,True
BACKTESTER-001,MLSignalStrategyV2-V2,EUR/USD.IDEALPRO,IDEALPRO-001,O-20250311-090000-001-V2-760,O-20250311-090000-001-V2-762,SELL,FLAT,0.00,100000.00,1741683600000000000,2025-03-11 09:00:00+00:00,1741684740000000000,2025-03-11 09:19:00+00:00,1140000000000.0,1.09171,1.09015,['4.36 USD'],0.00143,151.64 USD,True
BACKTESTER-001,MLSignalStrategyV2-V2,EUR/USD.IDEALPRO,IDEALPRO-001,O-20250311-101500-001-V2-763,O-20250311-101500-001-V2-764,SELL,FLAT,0.00,100000.00,1741688100000000000,2025-03-11 10:15:00+00:00,1741697100000000000,2025-03-11 12:45:00+00:00,9000000000000.0,1.08953,1.09177,['4.36 USD'],-0.00206,-228.36 USD,True
BACKTESTER-001,MLSignalStrategyV2-V2,EUR/USD.IDEALPRO,IDEALPRO-001,O-20250311-160000-001-V2-766,O-20250311-160000-001-V2-768,BUY,FLAT,0.00,100000.00,1741708800000000000,2025-03-11 16:00:00+00:00,1741716180000000000,2025-03-11 18:03:00+00:00,7380000000000.0,1.09273,1.09407,['4.38 USD'],0.00123,129.62 USD,True
BACKTESTER-001,MLSignalStrategyV2-V2,EUR/USD.IDEALPRO,IDEALPRO-001,O-20250311-223000-001-V2-769,O-20250311-223000-001-V2-771,SELL,FLAT,0.00,100000.00,1741732200000000000,2025-03-11 22:30:00+00:00,1741740180000000000,2025-03-12 00:43:00+00:00,7980000000000.0,1.09152,1.09076,['4.36 USD'],0.0007,71.64 USD,True
BACKTESTER-001,MLSignalStrategyV2-V2,EUR/USD.IDEALPRO,IDEALPRO-001,O-20250312-020000-001-V2-772,O-20250312-020000-001-V2-774,SELL,FLAT,0.00,100000.00,1741744800000000000,2025-03-12 02:00:00+00:00,1741749600000000000,2025-03-12 03:20:00+00:00,4800000000000.0,1.09064,1.09002,['4.36 USD'],0.00057,57.64 USD,True
BACKTESTER-001,MLSignalStrategyV2-V2,EUR/USD.IDEALPRO,IDEALPRO-001,O-20250312-043000-001-V2-775,O-20250312-043000-001-V2-777,SELL,FLAT,0.00,100000.00,1741753800000000000,2025-03-12 04:30:00+00:00,1741755660000000000,2025-03-12 05:01:00+00:00,1860000000000.0,1.09016,1.08964,['4.36 USD'],0.00048,47.64 USD,True
BACKTESTER-001,MLSignalStrategyV2-V2,EUR/USD.IDEALPRO,IDEALPRO-001,O-20250312-054500-001-V2-778,O-20250312-054500-001-V2-779,SELL,FLAT,0.00,100000.00,1741758300000000000,2025-03-12 05:45:00+00:00,1741759800000000000,2025-03-12 06:10:00+00:00,1500000000000.0,1.09015,1.0909,['4.36 USD'],-0.00069,-79.36 USD,True
BACKTESTER-001,MLSignalStrategyV2-V2,EUR/USD.IDEALPRO,IDEALPRO-001,O-20250312-073000-001-V2-781,O-20250312-073000-001-V2-783,BUY,FLAT,0.00,100000.00,1741764600000000000,2025-03-12 07:30:00+00:00,1741765380000000000,2025-03-12 07:43:00+00:00,780000000000.0,1.08949,1.09023,['4.36 USD'],0.00068,69.64 USD,True
BACKTESTER-001,MLSignalStrategyV2-V2,EUR/USD.IDEALPRO,IDEALPRO-001,O-20250312-074500-001-V2-784,O-20250312-074500-001-V2-786,BUY,FLAT,0.00,100000.00,1741765500000000000,2025-03-12 07:45:00+00:00,1741766760000000000,2025-03-12 08:06:00+00:00,1260000000000.0,1.08999,1.09078,['4.36 USD'],0.00072,74.64 USD,True
BACKTESTER-001,MLSignalStrategyV2-V2,EUR/USD.IDEALPRO,IDEALPRO-001,O-20250313-003000-001-V2-787,O-20250313-003000-001-V2-788,SELL,FLAT,0.00,100000.00,1741825800000000000,2025-03-13 00:30:00+00:00,1741827540000000000,2025-03-13 00:59:00+00:00,1740000000000.0,1.08851,1.0891,['4.36 USD'],-0.00054,-63.36 USD,True
BACKTESTER-001,MLSignalStrategyV2-V2,EUR/USD.IDEALPRO,IDEALPRO-001,O-20250313-031500-001-V2-790,O-20250313-031500-001-V2-792,SELL,FLAT,0.00,100000.00,1741835700000000000,2025-03-13 03:15:00+00:00,1741838460000000000,2025-03-13 04:01:00+00:00,2760000000000.0,1.08888,1.08832,['4.36 USD'],0.00051,51.64 USD,True
BACKTESTER-001,MLSignalStrategyV2-V2,EUR/USD.IDEALPRO,IDEALPRO-001,O-20250313-043000-001-V2-793,O-20250313-043000-001-V2-794,BUY,FLAT,0.00,100000.00,1741840200000000000,2025-03-13 04:30:00+00:00,1741843140000000000,2025-03-13 05:19:00+00:00,2940000000000.0,1.08897,1.0882,['4.36 USD'],-0.00071,-81.36 USD,True
BACKTESTER-001,MLSignalStrategyV2-V2,EUR/USD.IDEALPRO,IDEALPRO-001,O-20250313-090000-001-V2-796,O-20250313-090000-001-V2-798,SELL,FLAT,0.00,100000.00,1741856400000000000,2025-03-13 09:00:00+00:00,1741864920000000000,2025-03-13 11:22:00+00:00,8520000000000.0,1.08733,1.08608,['4.34 USD'],0.00115,120.66 USD,True
BACKTESTER-001,MLSignalStrategyV2-V2,EUR/USD.IDEALPRO,IDEALPRO-001,O-20250313-120000-001-V2-799,O-20250313-120000-001-V2-801,BUY,FLAT,0.00,100000.00,1741867200000000000,2025-03-13 12:00:00+00:00,1741869060000000000,2025-03-13 12:31:00+00:00,1860000000000.0,1.08564,1.0878,['4.35 USD'],0.00199,211.65 USD,True
BACKTESTER-001,MLSignalStrategyV2-V2,EUR/USD.IDEALPRO,IDEALPRO-001,O-20250313-124500-001-V2-802,O-20250313-124500-001-V2-804,BUY,FLAT,0.00,100000.00,1741869900000000000,2025-03-13 12:45:00+00:00,1741874520000000000,2025-03-13 14:02:00+00:00,4620000000000.0,1.08391,1.08556,['4.34 USD'],0.00152,160.66 USD,True
BACKTESTER-001,MLSignalStrategyV2-V2,EUR/USD.IDEALPRO,IDEALPRO-001,O-20250313-183000-001-V2-805,O-20250313-183000-001-V2-806,BUY,FLAT,0.00,100000.00,1741890600000000000,2025-03-13 18:30:00+00:00,1741917420000000000,2025-03-14 01:57:00+00:00,26820000000000.0,1.0856,1.08409,['4.34 USD'],-0.00139,-155.34 USD,True
BACKTESTER-001,MLSignalStrategyV2-V2,EUR/USD.IDEALPRO,IDEALPRO-001,O-20250314-020000-001-V2-808,O-20250314-020000-001-V2-810,SELL,FLAT,0.00,100000.00,1741917600000000000,2025-03-14 02:00:00+00:00,1741919580000000000,2025-03-14 02:33:00+00:00,1980000000000.0,1.08409,1.08344,['4.34 USD'],0.0006,60.66 USD,True
BACKTESTER-001,MLSignalStrategyV2-V2,EUR/USD.IDEALPRO,IDEALPRO-001,O-20250314-030000-001-V2-811,O-20250314-030000-001-V2-812,SELL,FLAT,0.00,100000.00,1741921200000000000,2025-03-14 03:00:00+00:00,1741931760000000000,2025-03-14 05:56:00+00:00,10560000000000.0,1.08404,1.085,['4.34 USD'],-0.00089,-100.34 USD,True
BACKTESTER-001,MLSignalStrategyV2-V2,EUR/USD.IDEALPRO,IDEALPRO-001,O-20250314-070000-001-V2-814,O-20250314-070000-001-V2-816,BUY,FLAT,0.00,100000.00,1741935600000000000,2025-03-14 07:00:00+00:00,1741936500000000000,2025-03-14 07:15:00+00:00,900000000000.0,1.08386,1.08458,['4.34 USD'],0.00066,67.66 USD,True
BACKTESTER-001,MLSignalStrategyV2-V2,EUR/USD.IDEALPRO,IDEALPRO-001,O-20250314-074500-001-V2-817,O-20250314-074500-001-V2-819,BUY,FLAT,0.00,100000.00,1741938300000000000,2025-03-14 07:45:00+00:00,1741939020000000000,2025-03-14 07:57:00+00:00,720000000000.0,1.08313,1.08413,['4.34 USD'],0.00092,95.66 USD,True
BACKTESTER-001,MLSignalStrategyV2-V2,EUR/USD.IDEALPRO,IDEALPRO-001,O-20250314-090000-001-V2-820,O-20250314-090000-001-V2-822,BUY,FLAT,0.00,100000.00,1741942800000000000,2025-03-14 09:00:00+00:00,1741946880000000000,2025-03-14 10:08:00+00:00,4080000000000.0,1.08539,1.08672,['4.34 USD'],0.00123,128.66 USD,True
BACKTESTER-001,MLSignalStrategyV2-V2,EUR/USD.IDEALPRO,IDEALPRO-001,O-20250314-101500-001-V2-823,O-20250314-101500-001-V2-825,BUY,FLAT,0.00,100000.00,1741947300000000000,2025-03-14 10:15:00+00:00,1741947900000000000,2025-03-14 10:25:00+00:00,600000000000.0,1.08621,1.08753,['4.35 USD'],0.00122,127.65 USD,True
BACKTESTER-001,MLSignalStrategyV2-V2,EUR/USD.IDEALPRO,IDEALPRO-001,O-20250314-104500-001-V2-826,O-20250314-104500-001-V2-827,SELL,FLAT,0.00,100000.00,1741949100000000000,2025-03-14 10:45:00+00:00,1741949220000000000,2025-03-14 10:47:00+00:00,120000000000.0,1.08901,1.09089,['4.36 USD'],-0.00173,-192.36 USD,True
BACKTESTER-001,MLSignalStrategyV2-V2,EUR/USD.IDEALPRO,IDEALPRO-001,O-20250314-130000-001-V2-829,O-20250314-130000-001-V2-831,SELL,FLAT,0.00,100000.00,1741957200000000000,2025-03-14 13:00:00+00:00,1741960140000000000,2025-03-14 13:49:00+00:00,2940000000000.0,1.08947,1.08771,['4.36 USD'],0.00162,171.64 USD,True
BACKTESTER-001,MLSignalStrategyV2-V2,EUR/USD.IDEALPRO,IDEALPRO-001,O-20250314-161500-001-V2-832,O-20250314-161500-001-V2-833,SELL,FLAT,0.00,100000.00,1741968900000000000,2025-03-14 16:15:00+00:00,1742205600000000000,2025-03-17 10:00:00+00:00,236700000000000.0,1.08814,1.09004,['4.36 USD'],-0.00175,-194.36 USD,True
BACKTESTER-001,MLSignalStrategyV2-V2,EUR/USD.IDEALPRO,IDEALPRO-001,O-20250318-081500-001-V2-835,O-20250318-081500-001-V2-837,SELL,FLAT,0.00,100000.00,1742285700000000000,2025-03-18 08:15:00+00:00,1742293620000000000,2025-03-18 10:27:00+00:00,7920000000000.0,1.09471,1.09373,['4.38 USD'],0.0009,93.62 USD,True
BACKTESTER-001,MLSignalStrategyV2-V2,EUR/USD.IDEALPRO,IDEALPRO-001,O-20250318-124500-001-V2-838,O-20250318-124500-001-V2-840,BUY,FLAT,0.00,100000.00,1742301900000000000,2025-03-18 12:45:00+00:00,1742303160000000000,2025-03-18 13:06:00+00:00,1260000000000.0,1.09064,1.09188,['4.36 USD'],0.00114,119.64 USD,True
BACKTESTER-001,MLSignalStrategyV2-V2,EUR/USD.IDEALPRO,IDEALPRO-001,O-20250318-223000-001-V2-841,O-20250318-223000-001-V2-842,BUY,FLAT,0.00,100000.00,1742337000000000000,2025-03-18 22:30:00+00:00,1742342880000000000,2025-03-19 00:08:00+00:00,5880000000000.0,1.09417,1.09346,['4.38 USD'],-0.00065,-75.38 USD,True
BACKTESTER-001,MLSignalStrategyV2-V2,EUR/USD.IDEALPRO,IDEALPRO-001,O-20250319-043000-001-V2-844,O-20250319-043000-001-V2-846,SELL,FLAT,0.00,100000.00,1742358600000000000,2025-03-19 04:30:00+00:00,1742360160000000000,2025-03-19 04:56:00+00:00,1560000000000.0,1.09332,1.09282,['4.38 USD'],0.00046,45.62 USD,True
BACKTESTER-001,MLSignalStrategyV2-V2,EUR/USD.IDEALPRO,IDEALPRO-001,O-20250319-050000-001-V2-847,O-20250319-050000-001-V2-848,SELL,FLAT,0.00,100000.00,1742360400000000000,2025-03-19 05:00:00+00:00,1742361360000000000,2025-03-19 05:16:00+00:00,960000000000.0,1.093,1.09364,['4.38 USD'],-0.00059,-68.38 USD,True
BACKTESTER-001,MLSignalStrategyV2-V2,EUR/USD.IDEALPRO,IDEALPRO-001,O-20250319-074500-001-V2-850,O-20250319-074500-001-V2-852,BUY,FLAT,0.00,100000.00,1742370300000000000,2025-03-19 07:45:00+00:00,1742370780000000000,2025-03-19 07:53:00+00:00,480000000000.0,1.08826,1.08951,['4.36 USD'],0.00115,120.64 USD,True
BACKTESTER-001,MLSignalStrategyV2-V2,EUR/USD.IDEALPRO,IDEALPRO-001,O-20250319-080000-001-V2-853,O-20250319-080000-001-V2-855,BUY,FLAT,0.00,100000.00,1742371200000000000,2025-03-19 08:00:00+00:00,1742371440000000000,2025-03-19 08:04:00+00:00,240000000000.0,1.08927,1.09069,['4.36 USD'],0.0013,137.64 USD,True
BACKTESTER-001,MLSignalStrategyV2-V2,EUR/USD.IDEALPRO,IDEALPRO-001,O-20250319-081500-001-V2-856,O-20250319-081500-001-V2-858,BUY,FLAT,0.00,100000.00,1742372100000000000,2025-03-19 08:15:00+00:00,1742385900000000000,2025-03-19 12:05:00+00:00,13800000000000.0,1.08991,1.09142,['4.36 USD'],0.00139,146.64 USD,True
BACKTESTER-001,MLSignalStrategyV2-V2,EUR/USD.IDEALPRO,IDEALPRO-001,O-20250319-160000-001-V2-859,O-20250319-160000-001-V2-860,BUY,FLAT,0.00,100000.00,1742400000000000000,2025-03-19 16:00:00+00:00,1742405460000000000,2025-03-19 17:31:00+00:00,5460000000000.0,1.08769,1.0863,['4.35 USD'],-0.00128,-143.35 USD,True
BACKTESTER-001,MLSignalStrategyV2-V2,EUR/USD.IDEALPRO,IDEALPRO-001,O-20250320-003000-001-V2-862,O-20250320-003000-001-V2-864,BUY,FLAT,0.00,100000.00,1742430600000000000,2025-03-20 00:30:00+00:00,1742430960000000000,2025-03-20 00:36:00+00:00,360000000000.0,1.09084,1.09136,['4.36 USD'],0.00048,47.64 USD,True
BACKTESTER-001,MLSignalStrategyV2-V2,EUR/USD.IDEALPRO,IDEALPRO-001,O-20250320-004500-001-V2-865,O-20250320-004500-001-V2-866,BUY,FLAT,0.00,100000.00,1742431500000000000,2025-03-20 00:45:00+00:00,1742432820000000000,2025-03-20 01:07:00+00:00,1320000000000.0,1.09133,1.09054,['4.36 USD'],-0.00072,-83.36 USD,True
BACKTESTER-001,MLSignalStrategyV2-V2,EUR/USD.IDEALPRO,IDEALPRO-001,O-20250320-063000-001-V2-868,O-20250320-063000-001-V2-870,SELL,FLAT,0.00,100000.00,1742452200000000000,2025-03-20 06:30:00+00:00,1742455020000000000,2025-03-20 07:17:00+00:00,2820000000000.0,1.08938,1.08875,['4.36 USD'],0.00058,58.64 USD,True
BACKTESTER-001,MLSignalStrategyV2-V2,EUR/USD.IDEALPRO,IDEALPRO-001,O-20250320-093000-001-V2-871,O-20250320-093000-001-V2-873,BUY,FLAT,0.00,100000.00,1742463000000000000,2025-03-20 09:30:00+00:00,1742463720000000000,2025-03-20 09:42:00+00:00,720000000000.0,1.08409,1.08541,['4.34 USD'],0.00122,127.66 USD,True
BACKTESTER-001,MLSignalStrategyV2-V2,EUR/USD.IDEALPRO,IDEALPRO-001,O-20250320-101500-001-V2-874,O-20250320-101500-001-V2-876,BUY,FLAT,0.00,100000.00,1742465700000000000,2025-03-20 10:15:00+00:00,1742472780000000000,2025-03-20 12:13:00+00:00,7080000000000.0,1.08421,1.08559,['4.34 USD'],0.00127,133.66 USD,True
BACKTESTER-001,MLSignalStrategyV2-V2,EUR/USD.IDEALPRO,IDEALPRO-001,O-20250320-124500-001-V2-877,O-20250320-124500-001-V2-878,BUY,FLAT,0.00,100000.00,1742474700000000000,2025-03-20 12:45:00+00:00,1742477340000000000,2025-03-20 13:29:00+00:00,2640000000000.0,1.084,1.08227,['4.33 USD'],-0.0016,-177.33 USD,True
BACKTESTER-001,MLSignalStrategyV2-V2,EUR/USD.IDEALPRO,IDEALPRO-001,O-20250320-133000-001-V2-880,O-20250320-133000-001-V2-882,BUY,FLAT,0.00,100000.00,1742477400000000000,2025-03-20 13:30:00+00:00,1742479500000000000,2025-03-20 14:05:00+00:00,2100000000000.0,1.08227,1.08353,['4.33 USD'],0.00116,121.67 USD,True
BACKTESTER-001,MLSignalStrategyV2-V2,EUR/USD.IDEALPRO,IDEALPRO-001,O-20250320-213000-001-V2-883,O-20250320-213000-001-V2-884,BUY,FLAT,0.00,100000.00,1742506200000000000,2025-03-20 21:30:00+00:00,1742523660000000000,2025-03-21 02:21:00+00:00,17460000000000.0,1.08558,1.08478,['4.34 USD'],-0.00074,-84.34 USD,True
BACKTESTER-001,MLSignalStrategyV2-V2,EUR/USD.IDEALPRO,IDEALPRO-001,O-20250321-030000-001-V2-886,O-20250321-030000-001-V2-887,BUY,FLAT,0.00,100000.00,1742526000000000000,2025-03-21 03:00:00+00:00,1742528160000000000,2025-03-21 03:36:00+00:00,2160000000000.0,1.08443,1.08367,['4.34 USD'],-0.0007,-80.34 USD,True
BACKTESTER-001,MLSignalStrategyV2-V2,EUR/USD.IDEALPRO,IDEALPRO-001,O-20250321-034500-001-V2-889,O-20250321-034500-001-V2-891,SELL,FLAT,0.00,100000.00,1742528700000000000,2025-03-21 03:45:00+00:00,1742531100000000000,2025-03-21 04:25:00+00:00,2400000000000.0,1.08358,1.08303,['4.34 USD'],0.00051,50.66 USD,True
BACKTESTER-001,MLSignalStrategyV2-V2,EUR/USD.IDEALPRO,IDEALPRO-001,O-20250321-050000-001-V2-892,O-20250321-050000-001-V2-893,BUY,FLAT,0.00,100000.00,1742533200000000000,2025-03-21 05:00:00+00:00,1742535360000000000,2025-03-21 05:36:00+00:00,2160000000000.0,1.08303,1.0823,['4.33 USD'],-0.00067,-77.33 USD,True
BACKTESTER-001,MLSignalStrategyV2-V2,EUR/USD.IDEALPRO,IDEALPRO-001,O-20250321-054500-001-V2-895,O-20250321-054500-001-V2-897,BUY,FLAT,0.00,100000.00,1742535900000000000,2025-03-21 05:45:00+00:00,1742536560000000000,2025-03-21 05:56:00+00:00,660000000000.0,1.08203,1.08272,['4.33 USD'],0.00064,64.67 USD,True
BACKTESTER-001,MLSignalStrategyV2-V2,EUR/USD.IDEALPRO,IDEALPRO-001,O-20250321-201500-001-V2-898,O-20250321-201500-001-V2-900,BUY,FLAT,0.00,100000.00,1742588100000000000,2025-03-21 20:15:00+00:00,1742767260000000000,2025-03-23 22:01:00+00:00,179160000000000.0,1.08169,1.08265,['4.33 USD'],0.00089,91.67 USD,True
BACKTESTER-001,MLSignalStrategyV2-V2,EUR/USD.IDEALPRO,IDEALPRO-001,O-20250323-221500-001-V2-901,O-20250323-221500-001-V2-903,BUY,FLAT,0.00,100000.00,1742768100000000000,2025-03-23 22:15:00+00:00,1742771640000000000,2025-03-23 23:14:00+00:00,3540000000000.0,1.0818,1.08244,['4.32 USD'],0.00059,59.68 USD,True
BACKTESTER-001,MLSignalStrategyV2-V2,EUR/USD.IDEALPRO,IDEALPRO-001,O-20250323-233000-001-V2-904,O-20250323-233000-001-V2-906,BUY,FLAT,0.00,100000.00,1742772600000000000,2025-03-23 23:30:00+00:00,1742773560000000000,2025-03-23 23:46:00+00:00,960000000000.0,1.08245,1.08303,['4.33 USD'],0.00054,53.67 USD,True
BACKTESTER-001,MLSignalStrategyV2-V2,EUR/USD.IDEALPRO,IDEALPRO-001,O-20250324-084500-001-V2-907,O-20250324-084500-001-V2-909,SELL,FLAT,0.00,100000.00,1742805900000000000,2025-03-24 08:45:00+00:00,1742807100000000000,2025-03-24 09:05:00+00:00,1200000000000.0,1.08474,1.08366,['4.34 USD'],0.001,103.66 USD,True
BACKTESTER-001,MLSignalStrategyV2-V2,EUR/USD.IDEALPRO,IDEALPRO-001,O-20250324-100000-001-V2-910,O-20250324-100000-001-V2-911,SELL,FLAT,0.00,100000.00,1742810400000000000,2025-03-24 10:00:00+00:00,1742812680000000000,2025-03-24 10:38:00+00:00,2280000000000.0,1.08393,1.08547,['4.34 USD'],-0.00142,-158.34 USD,True
BACKTESTER-001,MLSignalStrategyV2-V2,EUR/USD.IDEALPRO,IDEALPRO-001,O-20250324-120000-001-V2-913,O-20250324-120000-001-V2-915,SELL,FLAT,0.00,100000.00,1742817600000000000,2025-03-24 12:00:00+00:00,1742818680000000000,2025-03-24 12:18:00+00:00,1080000000000.0,1.08326,1.08228,['4.33 USD'],0.0009,93.67 USD,True
BACKTESTER-001,MLSignalStrategyV2-V2,EUR/USD.IDEALPRO,IDEALPRO-001,O-20250324-140000-001-V2-916,O-20250324-140000-001-V2-918,BUY,FLAT,0.00,100000.00,1742824800000000000,2025-03-24 14:00:00+00:00,1742825580000000000,2025-03-24 14:13:00+00:00,780000000000.0,1.07934,1.08054,['4.32 USD'],0.00111,115.68 USD,True
BACKTESTER-001,MLSignalStrategyV2-V2,EUR/USD.IDEALPRO,IDEALPRO-001,O-20250324-170000-001-V2-919,O-20250324-170000-001-V2-921,BUY,FLAT,0.00,100000.00,1742835600000000000,2025-03-24 17:00:00+00:00,1742841660000000000,2025-03-24 18:41:00+00:00,6060000000000.0,1.0792,1.08125,['4.32 USD'],0.0019,200.68 USD,True
BACKTESTER-001,MLSignalStrategyV2-V2,EUR/USD.IDEALPRO,IDEALPRO-001,O-20250324-220000-001-V2-922,O-20250324-220000-001-V2-924,BUY,FLAT,0.00,100000.00,1742853600000000000,2025-03-24 22:00:00+00:00,1742865540000000000,2025-03-25 01:19:00+00:00,11940000000000.0,1.08008,1.08073,['4.32 USD'],0.0006,60.68 USD,True
BACKTESTER-001,MLSignalStrategyV2-V2,EUR/USD.IDEALPRO,IDEALPRO-001,O-20250325-013000-001-V2-925,O-20250325-013000-001-V2-927,SELL,FLAT,0.00,100000.00,1742866200000000000,2025-03-25 01:30:00+00:00,1742869500000000000,2025-03-25 02:25:00+00:00,3300000000000.0,1.08044,1.07989,['4.32 USD'],0.00051,50.68 USD,True
BACKTESTER-001,MLSignalStrategyV2-V2,EUR/USD.IDEALPRO,IDEALPRO-001,O-20250325-024500-001-V2-928,O-20250325-024500-001-V2-929,SELL,FLAT,0.00,100000.00,1742870700000000000,2025-03-25 02:45:00+00:00,1742875980000000000,2025-03-25 04:13:00+00:00,5280000000000.0,1.07991,1.08063,['4.32 USD'],-0.00067,-76.32 USD,True
BACKTESTER-001,MLSignalStrategyV2-V2,EUR/USD.IDEALPRO,IDEALPRO-001,O-20250325-041500-001-V2-931,O-20250325-041500-001-V2-933,SELL,FLAT,0.00,100000.00,1742876100000000000,2025-03-25 04:15:00+00:00,1742883180000000000,2025-03-25 06:13:00+00:00,7080000000000.0,1.08055,1.07994,['4.32 USD'],0.00056,56.68 USD,True
BACKTESTER-001,MLSignalStrategyV2-V2,EUR/USD.IDEALPRO,IDEALPRO-001,O-20250325-070000-001-V2-934,O-20250325-070000-001-V2-935,SELL,FLAT,0.00,100000.00,1742886000000000000,2025-03-25 07:00:00+00:00,1742886720000000000,2025-03-25 07:12:00+00:00,720000000000.0,1.07947,1.08022,['4.32 USD'],-0.00069,-79.32 USD,True
BACKTESTER-001,MLSignalStrategyV2-V2,EUR/USD.IDEALPRO,IDEALPRO-001,O-20250325-080000-001-V2-937,O-20250325-080000-001-V2-938,BUY,FLAT,0.00,100000.00,1742889600000000000,2025-03-25 08:00:00+00:00,1742890860000000000,2025-03-25 08:21:00+00:00,1260000000000.0,1.07874,1.0777,['4.32 USD'],-0.00096,-108.32 USD,True
BACKTESTER-001,MLSignalStrategyV2-V2,EUR/USD.IDEALPRO,IDEALPRO-001,O-20250325-103000-001-V2-940,O-20250325-103000-001-V2-942,BUY,FLAT,0.00,100000.00,1742898600000000000,2025-03-25 10:30:00+00:00,1742903160000000000,2025-03-25 11:46:00+00:00,4560000000000.0,1.08171,1.08274,['4.33 USD'],0.00095,98.67 USD,True
BACKTESTER-001,MLSignalStrategyV2-V2,EUR/USD.IDEALPRO,IDEALPRO-001,O-20250325-201500-001-V2-943,O-20250325-201500-001-V2-944,BUY,FLAT,0.00,100000.00,1742933700000000000,2025-03-25 20:15:00+00:00,1742951100000000000,2025-03-26 01:05:00+00:00,17400000000000.0,1.07925,1.07812,['4.32 USD'],-0.00105,-117.32 USD,True
BACKTESTER-001,MLSignalStrategyV2-V2,EUR/USD.IDEALPRO,IDEALPRO-001,O-20250326-044500-001-V2-946,O-20250326-044500-001-V2-948,BUY,FLAT,0.00,100000.00,1742964300000000000,2025-03-26 04:45:00+00:00,1742968680000000000,2025-03-26 05:58:00+00:00,4380000000000.0,1.07818,1.0787,['4.32 USD'],0.00048,47.68 USD,True
BACKTESTER-001,MLSignalStrategyV2-V2,EUR/USD.IDEALPRO,IDEALPRO-001,O-20250326-143000-001-V2-949,O-20250326-143000-001-V2-950,BUY,FLAT,0.00,100000.00,1742999400000000000,2025-03-26 14:30:00+00:00,1743004620000000000,2025-03-26 15:57:00+00:00,5220000000000.0,1.07928,1.07676,['4.31 USD'],-0.00233,-256.31 USD,True
BACKTESTER-001,MLSignalStrategyV2-V2,EUR/USD.IDEALPRO,IDEALPRO-001,O-20250326-213000-001-V2-952,O-20250326-213000-001-V2-954,BUY,FLAT,0.00,100000.00,1743024600000000000,2025-03-26 21:30:00+00:00,1743034020000000000,2025-03-27 00:07:00+00:00,9420000000000.0,1.07387,1.07491,['4.30 USD'],0.00097,99.70 USD,True
BACKTESTER-001,MLSignalStrategyV2-V2,EUR/USD.IDEALPRO,IDEALPRO-001,O-20250327-004500-001-V2-955,O-20250327-004500-001-V2-957,BUY,FLAT,0.00,100000.00,1743036300000000000,2025-03-27 00:45:00+00:00,1743037140000000000,2025-03-27 00:59:00+00:00,840000000000.0,1.075,1.07577,['4.30 USD'],0.00072,72.70 USD,True
BACKTESTER-001,MLSignalStrategyV2-V2,EUR/USD.IDEALPRO,IDEALPRO-001,O-20250327-030000-001-V2-958,O-20250327-030000-001-V2-959,SELL,FLAT,0.00,100000.00,1743044400000000000,2025-03-27 03:00:00+00:00,1743049260000000000,2025-03-27 04:21:00+00:00,4860000000000.0,1.07759,1.07853,['4.32 USD'],-0.00087,-98.32 USD,True
BACKTESTER-001,MLSignalStrategyV2-V2,EUR/USD.IDEALPRO,IDEALPRO-001,O-20250327-043000-001-V2-961,O-20250327-043000-001-V2-963,SELL,FLAT,0.00,100000.00,1743049800000000000,2025-03-27 04:30:00+00:00,1743051720000000000,2025-03-27 05:02:00+00:00,1920000000000.0,1.07858,1.07795,['4.32 USD'],0.00058,58.68 USD,True
BACKTESTER-001,MLSignalStrategyV2-V2,EUR/USD.IDEALPRO,IDEALPRO-001,O-20250327-184500-001-V2-964,O-20250327-184500-001-V2-966,SELL,FLAT,0.00,100000.00,1743101100000000000,2025-03-27 18:45:00+00:00,1743135780000000000,2025-03-28 04:23:00+00:00,34680000000000.0,1.07947,1.07846,['4.32 USD'],0.00094,96.68 USD,True
BACKTESTER-001,MLSignalStrategyV2-V2,EUR/USD.IDEALPRO,IDEALPRO-001,O-20250328-043000-001-V2-967,O-20250328-043000-001-V2-969,BUY,FLAT,0.00,100000.00,1743136200000000000,2025-03-28 04:30:00+00:00,1743141420000000000,2025-03-28 05:57:00+00:00,5220000000000.0,1.07869,1.07923,['4.32 USD'],0.0005,49.68 USD,True
BACKTESTER-001,MLSignalStrategyV2-V2,EUR/USD.IDEALPRO,IDEALPRO-001,O-20250328-070000-001-V2-970,O-20250328-070000-001-V2-972,BUY,FLAT,0.00,100000.00,1743145200000000000,2025-03-28 07:00:00+00:00,1743146100000000000,2025-03-28 07:15:00+00:00,900000000000.0,1.07851,1.07911,['4.32 USD'],0.00056,55.68 USD,True
BACKTESTER-001,MLSignalStrategyV2-V2,EUR/USD.IDEALPRO,IDEALPRO-001,O-20250328-090000-001-V2-973,O-20250328-090000-001-V2-975,SELL,FLAT,0.00,100000.00,1743152400000000000,2025-03-28 09:00:00+00:00,1743154140000000000,2025-03-28 09:29:00+00:00,1740000000000.0,1.07784,1.07689,['4.31 USD'],0.00088,90.69 USD,True
BACKTESTER-001,MLSignalStrategyV2-V2,EUR/USD.IDEALPRO,IDEALPRO-001,O-20250328-100000-001-V2-976,O-20250328-100000-001-V2-978,BUY,FLAT,0.00,100000.00,1743156000000000000,2025-03-28 10:00:00+00:00,1743166140000000000,2025-03-28 12:49:00+00:00,10140000000000.0,1.07737,1.07834,['4.31 USD'],0.0009,92.69 USD,True
BACKTESTER-001,MLSignalStrategyV2-V2,EUR/USD.IDEALPRO,IDEALPRO-001,O-20250328-150000-001-V2-979,O-20250328-150000-001-V2-980,SELL,FLAT,0.00,100000.00,1743174000000000000,2025-03-28 15:00:00+00:00,1743175500000000000,2025-03-28 15:25:00+00:00,1500000000000.0,1.08231,1.08427,['4.33 USD'],-0.00181,-200.33 USD,True
BACKTESTER-001,MLSignalStrategyV2-V2,EUR/USD.IDEALPRO,IDEALPRO-001,O-20250328-153000-001-V2-982,O-20250328-153000-001-V2-984,SELL,FLAT,0.00,100000.00,1743175800000000000,2025-03-28 15:30:00+00:00,1743177120000000000,2025-03-28 15:52:00+00:00,1320000000000.0,1.08409,1.08247,['4.33 USD'],0.00149,157.67 USD,True
BACKTESTER-001,MLSignalStrategyV2-V2,EUR/USD.IDEALPRO,IDEALPRO-001,O-20250328-160000-001-V2-985,O-20250328-160000-001-V2-987,SELL,FLAT,0.00,100000.00,1743177600000000000,2025-03-28 16:00:00+00:00,1743372240000000000,2025-03-30 22:04:00+00:00,194640000000000.0,1.08251,1.08103,['4.33 USD'],0.00137,143.67 USD,True
BACKTESTER-001,MLSignalStrategyV2-V2,EUR/USD.IDEALPRO,IDEALPRO-001,O-20250330-221500-001-V2-988,O-20250330-221500-001-V2-990,BUY,FLAT,0.00,100000.00,1743372900000000000,2025-03-30 22:15:00+00:00,1743374160000000000,2025-03-30 22:36:00+00:00,1260000000000.0,1.08093,1.0818,['4.32 USD'],0.0008,82.68 USD,True
BACKTESTER-001,MLSignalStrategyV2-V2,EUR/USD.IDEALPRO,IDEALPRO-001,O-20250330-224500-001-V2-991,O-20250330-224500-001-V2-993,BUY,FLAT,0.00,100000.00,1743374700000000000,2025-03-30 22:45:00+00:00,1743379860000000000,2025-03-31 00:11:00+00:00,5160000000000.0,1.08209,1.08302,['4.33 USD'],0.00086,88.67 USD,True
BACKTESTER-001,MLSignalStrategyV2-V2,EUR/USD.IDEALPRO,IDEALPRO-001,O-20250331-080000-001-V2-994,O-20250331-080000-001-V2-995,BUY,FLAT,0.00,100000.00,1743408000000000000,2025-03-31 08:00:00+00:00,1743409560000000000,2025-03-31 08:26:00+00:00,1560000000000.0,1.0832,1.08135,['4.33 USD'],-0.00171,-189.33 USD,True
BACKTESTER-001,MLSignalStrategyV2-V2,EUR/USD.IDEALPRO,IDEALPRO-001,O-20250331-100000-001-V2-997,O-20250331-100000-001-V2-999,BUY,FLAT,0.00,100000.00,1743415200000000000,2025-03-31 10:00:00+00:00,1743419400000000000,2025-03-31 11:10:00+00:00,4200000000000.0,1.08164,1.08273,['4.33 USD'],0.00101,104.67 USD,True
BACKTESTER-001,MLSignalStrategyV2-V2,EUR/USD.IDEALPRO,IDEALPRO-001,O-20250331-200000-001-V2-1000,O-20250331-200000-001-V2-1002,BUY,FLAT,0.00,100000.00,1743451200000000000,2025-03-31 20:00:00+00:00,1743466440000000000,2025-04-01 00:14:00+00:00,15240000000000.0,1.08142,1.08235,['4.32 USD'],0.00086,88.68 USD,True
BACKTESTER-001,MLSignalStrategyV2-V2,EUR/USD.IDEALPRO,IDEALPRO-001,O-20250401-090000-001-V2-1003,O-20250401-090000-001-V2-1005,SELL,FLAT,0.00,100000.00,1743498000000000000,2025-04-01 09:00:00+00:00,1743501960000000000,2025-04-01 10:06:00+00:00,3960000000000.0,1.08177,1.08085,['4.32 USD'],0.00085,87.68 USD,True
BACKTESTER-001,MLSignalStrategyV2-V2,EUR/USD.IDEALPRO,IDEALPRO-001,O-20250401-113000-001-V2-1006,O-20250401-113000-001-V2-1008,BUY,FLAT,0.00,100000.00,1743507000000000000,2025-04-01 11:30:00+00:00,1743516180000000000,2025-04-01 14:03:00+00:00,9180000000000.0,1.07874,1.07995,['4.32 USD'],0.00112,116.68 USD,True
BACKTESTER-001,MLSignalStrategyV2-V2,EUR/USD.IDEALPRO,IDEALPRO-001,O-20250401-200000-001-V2-1009,O-20250401-200000-001-V2-1011,BUY,FLAT,0.00,100000.00,1743537600000000000,2025-04-01 20:00:00+00:00,1743540480000000000,2025-04-01 20:48:00+00:00,2880000000000.0,1.07898,1.08023,['4.32 USD'],0.00116,120.68 USD,True
BACKTESTER-001,MLSignalStrategyV2-V2,EUR/USD.IDEALPRO,IDEALPRO-001,O-20250401-223000-001-V2-1012,O-20250401-223000-001-V2-1013,BUY,FLAT,0.00,100000.00,1743546600000000000,2025-04-01 22:30:00+00:00,1743548220000000000,2025-04-01 22:57:00+00:00,1620000000000.0,1.08066,1.07977,['4.32 USD'],-0.00082,-93.32 USD,True
BACKTESTER-001,MLSignalStrategyV2-V2,EUR/USD.IDEALPRO,IDEALPRO-001,O-20250402-031500-001-V2-1015,O-20250402-031500-001-V2-1017,SELL,FLAT,0.00,100000.00,1743563700000000000,2025-04-02 03:15:00+00:00,1743569700000000000,2025-04-02 04:55:00+00:00,6000000000000.0,1.07991,1.07933,['4.32 USD'],0.00054,53.68 USD,True
BACKTESTER-001,MLSignalStrategyV2-V2,EUR/USD.IDEALPRO,IDEALPRO-001,O-20250402-074500-001-V2-1018,O-20250402-074500-001-V2-1020,BUY,FLAT,0.00,100000.00,1743579900000000000,2025-04-02 07:45:00+00:00,1743580980000000000,2025-04-02 08:03:00+00:00,1080000000000.0,1.07866,1.07933,['4.32 USD'],0.00062,62.68 USD,True
BACKTESTER-001,MLSignalStrategyV2-V2,EUR/USD.IDEALPRO,IDEALPRO-001,O-20250402-203000-001-V2-1021,O-20250402-203000-001-V2-1023,SELL,FLAT,0.00,100000.00,1743625800000000000,2025-04-02 20:30:00+00:00,1743626400000000000,2025-04-02 20:40:00+00:00,600000000000.0,1.08533,1.08157,['4.33 USD'],0.00346,371.67 USD,True
BACKTESTER-001,MLSignalStrategyV2-V2,EUR/USD.IDEALPRO,IDEALPRO-001,O-20250402-204500-001-V2-1024,O-20250402-204500-001-V2-1025,SELL,FLAT,0.00,100000.00,1743626700000000000,2025-04-02 20:45:00+00:00,1743636060000000000,2025-04-02 23:21:00+00:00,9360000000000.0,1.08183,1.0865,['4.33 USD'],-0.00432,-471.33 USD,True
BACKTESTER-001,MLSignalStrategyV2-V2,EUR/USD.IDEALPRO,IDEALPRO-001,O-20250403-030000-001-V2-1027,O-20250403-030000-001-V2-1029,BUY,FLAT,0.00,100000.00,1743649200000000000,2025-04-03 03:00:00+00:00,1743657840000000000,2025-04-03 05:24:00+00:00,8640000000000.0,1.09123,1.09342,['4.37 USD'],0.00201,214.63 USD,True
BACKTESTER-001,MLSignalStrategyV2-V2,EUR/USD.IDEALPRO,IDEALPRO-001,O-20250403-061500-001-V2-1030,O-20250403-061500-001-V2-1032,BUY,FLAT,0.00,100000.00,1743660900000000000,2025-04-03 06:15:00+00:00,1743662100000000000,2025-04-03 06:35:00+00:00,1200000000000.0,1.09459,1.0966,['4.38 USD'],0.00184,196.62 USD,True
BACKTESTER-001,MLSignalStrategyV2-V2,EUR/USD.IDEALPRO,IDEALPRO-001,O-20250403-064500-001-V2-1033,O-20250403-064500-001-V2-1034,BUY,FLAT,0.00,100000.00,1743662700000000000,2025-04-03 06:45:00+00:00,1743665100000000000,2025-04-03 07:25:00+00:00,2400000000000.0,1.09779,1.09542,['4.39 USD'],-0.00216,-241.39 USD,True
BACKTESTER-001,MLSignalStrategyV2-V2,EUR/USD.IDEALPRO,IDEALPRO-001,O-20250403-104500-001-V2-1036,O-20250403-104500-001-V2-1037,SELL,FLAT,0.00,100000.00,1743677100000000000,2025-04-03 10:45:00+00:00,1743686220000000000,2025-04-03 13:17:00+00:00,9120000000000.0,1.10698,1.11238,['4.43 USD'],-0.00488,-544.43 USD,True
BACKTESTER-001,MLSignalStrategyV2-V2,EUR/USD.IDEALPRO,IDEALPRO-001,O-20250403-133000-001-V2-1039,O-20250403-133000-001-V2-1041,SELL,FLAT,0.00,100000.00,1743687000000000000,2025-04-03 13:30:00+00:00,1743694020000000000,2025-04-03 15:27:00+00:00,7020000000000.0,1.10944,1.10608,['4.43 USD'],0.00303,331.57 USD,True
BACKTESTER-001,MLSignalStrategyV2-V2,EUR/USD.IDEALPRO,IDEALPRO-001,O-20250403-154500-001-V2-1042,O-20250403-154500-001-V2-1044,BUY,FLAT,0.00,100000.00,1743695100000000000,2025-04-03 15:45:00+00:00,1743732720000000000,2025-04-04 02:12:00+00:00,37620000000000.0,1.10452,1.10766,['4.43 USD'],0.00284,309.57 USD,True
BACKTESTER-001,MLSignalStrategyV2-V2,EUR/USD.IDEALPRO,IDEALPRO-001,O-20250404-024500-001-V2-1045,O-20250404-024500-001-V2-1047,BUY,FLAT,0.00,100000.00,1743734700000000000,2025-04-04 02:45:00+00:00,1743737580000000000,2025-04-04 03:33:00+00:00,2880000000000.0,1.10669,1.10807,['4.43 USD'],0.00125,133.57 USD,True
BACKTESTER-001,MLSignalStrategyV2-V2,EUR/USD.IDEALPRO,IDEALPRO-001,O-20250404-053000-001-V2-1048,O-20250404-053000-001-V2-1050,SELL,FLAT,0.00,100000.00,1743744600000000000,2025-04-04 05:30:00+00:00,1743744780000000000,2025-04-04 05:33:00+00:00,180000000000.0,1.11056,1.10907,['4.44 USD'],0.00134,144.56 USD,True
BACKTESTER-001,MLSignalStrategyV2-V2,EUR/USD.IDEALPRO,IDEALPRO-001,O-20250404-070000-001-V2-1051,O-20250404-070000-001-V2-1053,BUY,FLAT,0.00,100000.00,1743750000000000000,2025-04-04 07:00:00+00:00,1743750780000000000,2025-04-04 07:13:00+00:00,780000000000.0,1.10507,1.10671,['4.42 USD'],0.00148,159.58 USD,True
BACKTESTER-001,MLSignalStrategyV2-V2,EUR/USD.IDEALPRO,IDEALPRO-001,O-20250404-074500-001-V2-1054,O-20250404-074500-001-V2-1055,BUY,FLAT,0.00,100000.00,1743752700000000000,2025-04-04 07:45:00+00:00,1743753660000000000,2025-04-04 08:01:00+00:00,960000000000.0,1.10225,1.09773,['4.40 USD'],-0.0041,-456.40 USD,True
BACKTESTER-001,MLSignalStrategyV2-V2,EUR/USD.IDEALPRO,IDEALPRO-001,O-20250404-090000-001-V2-1057,O-20250404-090000-001-V2-1058,BUY,FLAT,0.00,100000.00,1743757200000000000,2025-04-04 09:00:00+00:00,1743761220000000000,2025-04-04 10:07:00+00:00,4020000000000.0,1.09964,1.09645,['4.39 USD'],-0.0029,-323.39 USD,True
BACKTESTER-001,MLSignalStrategyV2-V2,EUR/USD.IDEALPRO,IDEALPRO-001,O-20250404-130000-001-V2-1060,O-20250404-130000-001-V2-1062,SELL,FLAT,0.00,100000.00,1743771600000000000,2025-04-04 13:00:00+00:00,1743777360000000000,2025-04-04 14:36:00+00:00,5760000000000.0,1.10196,1.098,['4.40 USD'],0.00359,391.60 USD,True
BACKTESTER-001,MLSignalStrategyV2-V2,EUR/USD.IDEALPRO,IDEALPRO-001,O-20250404-151500-001-V2-1063,O-20250404-151500-001-V2-1065,SELL,FLAT,0.00,100000.00,1743779700000000000,2025-04-04 15:15:00+00:00,1743785340000000000,2025-04-04 16:49:00+00:00,5640000000000.0,1.0997,1.09616,['4.39 USD'],0.00322,349.61 USD,True
BACKTESTER-001,MLSignalStrategyV2-V2,EUR/USD.IDEALPRO,IDEALPRO-001,O-20250404-201500-001-V2-1066,O-20250404-201500-001-V2-1068,SELL,FLAT,0.00,100000.00,1743797700000000000,2025-04-04 20:15:00+00:00,1743974160000000000,2025-04-06 21:16:00+00:00,176460000000000.0,1.09502,1.08836,['4.37 USD'],0.00608,661.63 USD,True
BACKTESTER-001,MLSignalStrategyV2-V2,EUR/USD.IDEALPRO,IDEALPRO-001,O-20250406-213000-001-V2-1069,O-20250406-213000-001-V2-1071,BUY,FLAT,0.00,100000.00,1743975000000000000,2025-04-06 21:30:00+00:00,1743976260000000000,2025-04-06 21:51:00+00:00,1260000000000.0,1.08917,1.09228,['4.36 USD'],0.00286,306.64 USD,True
BACKTESTER-001,MLSignalStrategyV2-V2,EUR/USD.IDEALPRO,IDEALPRO-001,O-20250406-220000-001-V2-1072,O-20250406-220000-001-V2-1074,BUY,FLAT,0.00,100000.00,1743976800000000000,2025-04-06 22:00:00+00:00,1743977400000000000,2025-04-06 22:10:00+00:00,600000000000.0,1.09172,1.09448,['4.37 USD'],0.00253,271.63 USD,True
BACKTESTER-001,MLSignalStrategyV2-V2,EUR/USD.IDEALPRO,IDEALPRO-001,O-20250406-221500-001-V2-1075,O-20250406-221500-001-V2-1077,BUY,FLAT,0.00,100000.00,1743977700000000000,2025-04-06 22:15:00+00:00,1743978180000000000,2025-04-06 22:23:00+00:00,480000000000.0,1.09536,1.09847,['4.39 USD'],0.00284,306.61 USD,True
BACKTESTER-001,MLSignalStrategyV2-V2,EUR/USD.IDEALPRO,IDEALPRO-001,O-20250406-223000-001-V2-1078,O-20250406-223000-001-V2-1079,BUY,FLAT,0.00,100000.00,1743978600000000000,2025-04-06 22:30:00+00:00,1743992820000000000,2025-04-07 02:27:00+00:00,14220000000000.0,1.09837,1.09394,['4.39 USD'],-0.00403,-447.39 USD,True
BACKTESTER-001,MLSignalStrategyV2-V2,EUR/USD.IDEALPRO,IDEALPRO-001,O-20250407-023000-001-V2-1081,O-20250407-023000-001-V2-1083,BUY,FLAT,0.00,100000.00,1743993000000000000,2025-04-07 02:30:00+00:00,1743999180000000000,2025-04-07 04:13:00+00:00,6180000000000.0,1.09368,1.09606,['4.38 USD'],0.00218,233.62 USD,True
BACKTESTER-001,MLSignalStrategyV2-V2,EUR/USD.IDEALPRO,IDEALPRO-001,O-20250407-053000-001-V2-1084,O-20250407-053000-001-V2-1086,BUY,FLAT,0.00,100000.00,1744003800000000000,2025-04-07 05:30:00+00:00,1744005420000000000,2025-04-07 05:57:00+00:00,1620000000000.0,1.09941,1.10095,['4.40 USD'],0.0014,149.60 USD,True
BACKTESTER-001,MLSignalStrategyV2-V2,EUR/USD.IDEALPRO,IDEALPRO-001,O-20250407-071500-001-V2-1087,O-20250407-071500-001-V2-1089,SELL,FLAT,0.00,100000.00,1744010100000000000,2025-04-07 07:15:00+00:00,1744011360000000000,2025-04-07 07:36:00+00:00,1260000000000.0,1.10398,1.10123,['4.41 USD'],0.00249,270.59 USD,True
BACKTESTER-001,MLSignalStrategyV2-V2,EUR/USD.IDEALPRO,IDEALPRO-001,O-20250407-074500-001-V2-1090,O-20250407-074500-001-V2-1092,SELL,FLAT,0.00,100000.00,1744011900000000000,2025-04-07 07:45:00+00:00,1744012680000000000,2025-04-07 07:58:00+00:00,780000000000.0,1.10231,1.09981,['4.40 USD'],0.00227,245.60 USD,True
BACKTESTER-001,MLSignalStrategyV2-V2,EUR/USD.IDEALPRO,IDEALPRO-001,O-20250407-080000-001-V2-1093,O-20250407-080000-001-V2-1095,SELL,FLAT,0.00,100000.00,1744012800000000000,2025-04-07 08:00:00+00:00,1744014600000000000,2025-04-07 08:30:00+00:00,1800000000000.0,1.10007,1.09706,['4.39 USD'],0.00274,296.61 USD,True
BACKTESTER-001,MLSignalStrategyV2-V2,EUR/USD.IDEALPRO,IDEALPRO-001,O-20250407-103000-001-V2-1096,O-20250407-103000-001-V2-1098,SELL,FLAT,0.00,100000.00,1744021800000000000,2025-04-07 10:30:00+00:00,1744023480000000000,2025-04-07 10:58:00+00:00,1680000000000.0,1.09853,1.09591,['4.39 USD'],0.00239,257.61 USD,True
BACKTESTER-001,MLSignalStrategyV2-V2,EUR/USD.IDEALPRO,IDEALPRO-001,O-20250407-110000-001-V2-1099,O-20250407-110000-001-V2-1101,SELL,FLAT,0.00,100000.00,1744023600000000000,2025-04-07 11:00:00+00:00,1744024980000000000,2025-04-07 11:23:00+00:00,1380000000000.0,1.09588,1.09353,['4.38 USD'],0.00214,230.62 USD,True
BACKTESTER-001,MLSignalStrategyV2-V2,EUR/USD.IDEALPRO,IDEALPRO-001,O-20250407-113000-001-V2-1102,O-20250407-113000-001-V2-1104,BUY,FLAT,0.00,100000.00,1744025400000000000,2025-04-07 11:30:00+00:00,1744026960000000000,2025-04-07 11:56:00+00:00,1560000000000.0,1.09441,1.09677,['4.38 USD'],0.00216,231.62 USD,True
BACKTESTER-001,MLSignalStrategyV2-V2,EUR/USD.IDEALPRO,IDEALPRO-001,O-20250407-124500-001-V2-1105,O-20250407-124500-001-V2-1107,SELL,FLAT,0.00,100000.00,1744029900000000000,2025-04-07 12:45:00+00:00,1744033680000000000,2025-04-07 13:48:00+00:00,3780000000000.0,1.09718,1.09447,['4.38 USD'],0.00247,266.62 USD,True
BACKTESTER-001,MLSignalStrategyV2-V2,EUR/USD.IDEALPRO,IDEALPRO-001,O-20250407-140000-001-V2-1108,O-20250407-140000-001-V2-1109,SELL,FLAT,0.00,100000.00,1744034400000000000,2025-04-07 14:00:00+00:00,1744035120000000000,2025-04-07 14:12:00+00:00,720000000000.0,1.09415,1.0983,['4.39 USD'],-0.00379,-419.39 USD,True
BACKTESTER-001,MLSignalStrategyV2-V2,EUR/USD.IDEALPRO,IDEALPRO-001,O-20250407-141500-001-V2-1111,O-20250407-141500-001-V2-1113,SELL,FLAT,0.00,100000.00,1744035300000000000,2025-04-07 14:15:00+00:00,1744035960000000000,2025-04-07 14:26:00+00:00,660000000000.0,1.09643,1.09367,['4.38 USD'],0.00252,271.62 USD,True
BACKTESTER-001,MLSignalStrategyV2-V2,EUR/USD.IDEALPRO,IDEALPRO-001,O-20250407-171500-001-V2-1114,O-20250407-171500-001-V2-1116,SELL,FLAT,0.00,100000.00,1744046100000000000,2025-04-07 17:15:00+00:00,1744056120000000000,2025-04-07 20:02:00+00:00,10020000000000.0,1.09367,1.09113,['4.37 USD'],0.00232,249.63 USD,True
BACKTESTER-001,MLSignalStrategyV2-V2,EUR/USD.IDEALPRO,IDEALPRO-001,O-20250407-204500-001-V2-1117,O-20250407-204500-001-V2-1119,BUY,FLAT,0.00,100000.00,1744058700000000000,2025-04-07 20:45:00+00:00,1744070520000000000,2025-04-08 00:02:00+00:00,11820000000000.0,1.09058,1.09239,['4.36 USD'],0.00166,176.64 USD,True
BACKTESTER-001,MLSignalStrategyV2-V2,EUR/USD.IDEALPRO,IDEALPRO-001,O-20250408-001500-001-V2-1120,O-20250408-001500-001-V2-1122,BUY,FLAT,0.00,100000.00,1744071300000000000,2025-04-08 00:15:00+00:00,1744072200000000000,2025-04-08 00:30:00+00:00,900000000000.0,1.09257,1.09356,['4.38 USD'],0.00091,94.62 USD,True
BACKTESTER-001,MLSignalStrategyV2-V2,EUR/USD.IDEALPRO,IDEALPRO-001,O-20250408-003000-001-V2-1123,O-20250408-003000-001-V2-1125,BUY,FLAT,0.00,100000.00,1744072200000000000,2025-04-08 00:30:00+00:00,1744073640000000000,2025-04-08 00:54:00+00:00,1440000000000.0,1.09353,1.09501,['4.38 USD'],0.00135,143.62 USD,True
BACKTESTER-001,MLSignalStrategyV2-V2,EUR/USD.IDEALPRO,IDEALPRO-001,O-20250408-011500-001-V2-1126,O-20250408-011500-001-V2-1128,BUY,FLAT,0.00,100000.00,1744074900000000000,2025-04-08 01:15:00+00:00,1744076160000000000,2025-04-08 01:36:00+00:00,1260000000000.0,1.09463,1.09586,['4.38 USD'],0.00112,118.62 USD,True
BACKTESTER-001,MLSignalStrategyV2-V2,EUR/USD.IDEALPRO,IDEALPRO-001,O-20250408-014500-001-V2-1129,O-20250408-014500-001-V2-1131,BUY,FLAT,0.00,100000.00,1744076700000000000,2025-04-08 01:45:00+00:00,1744079940000000000,2025-04-08 02:39:00+00:00,3240000000000.0,1.09597,1.0975,['4.39 USD'],0.0014,148.61 USD,True
BACKTESTER-001,MLSignalStrategyV2-V2,EUR/USD.IDEALPRO,IDEALPRO-001,O-20250408-081500-001-V2-1132,O-20250408-081500-001-V2-1134,SELL,FLAT,0.00,100000.00,1744100100000000000,2025-04-08 08:15:00+00:00,1744103580000000000,2025-04-08 09:13:00+00:00,3480000000000.0,1.09404,1.09164,['4.37 USD'],0.00219,235.63 USD,True
BACKTESTER-001,MLSignalStrategyV2-V2,EUR/USD.IDEALPRO,IDEALPRO-001,O-20250408-091500-001-V2-1135,O-20250408-091500-001-V2-1137,BUY,FLAT,0.00,100000.00,1744103700000000000,2025-04-08 09:15:00+00:00,1744114020000000000,2025-04-08 12:07:00+00:00,10320000000000.0,1.09279,1.09467,['4.38 USD'],0.00172,183.62 USD,True
BACKTESTER-001,MLSignalStrategyV2-V2,EUR/USD.IDEALPRO,IDEALPRO-001,O-20250408-144500-001-V2-1138,O-20250408-144500-001-V2-1140,BUY,FLAT,0.00,100000.00,1744123500000000000,2025-04-08 14:45:00+00:00,1744126440000000000,2025-04-08 15:34:00+00:00,2940000000000.0,1.08953,1.09182,['4.36 USD'],0.0021,224.64 USD,True
BACKTESTER-001,MLSignalStrategyV2-V2,EUR/USD.IDEALPRO,IDEALPRO-001,O-20250408-161500-001-V2-1141,O-20250408-161500-001-V2-1143,BUY,FLAT,0.00,100000.00,1744128900000000000,2025-04-08 16:15:00+00:00,1744130820000000000,2025-04-08 16:47:00+00:00,1920000000000.0,1.09073,1.09291,['4.37 USD'],0.002,213.63 USD,True
BACKTESTER-001,MLSignalStrategyV2-V2,EUR/USD.IDEALPRO,IDEALPRO-001,O-20250408-203000-001-V2-1144,O-20250408-203000-001-V2-1146,BUY,FLAT,0.00,100000.00,1744144200000000000,2025-04-08 20:30:00+00:00,1744145760000000000,2025-04-08 20:56:00+00:00,1560000000000.0,1.09419,1.09579,['4.38 USD'],0.00146,155.62 USD,True
BACKTESTER-001,MLSignalStrategyV2-V2,EUR/USD.IDEALPRO,IDEALPRO-001,O-20250408-221500-001-V2-1147,O-20250408-221500-001-V2-1149,BUY,FLAT,0.00,100000.00,1744150500000000000,2025-04-08 22:15:00+00:00,1744155300000000000,2025-04-08 23:35:00+00:00,4800000000000.0,1.09677,1.09811,['4.39 USD'],0.00122,129.61 USD,True
BACKTESTER-001,MLSignalStrategyV2-V2,EUR/USD.IDEALPRO,IDEALPRO-001,O-20250409-020000-001-V2-1150,O-20250409-020000-001-V2-1152,BUY,FLAT,0.00,100000.00,1744164000000000000,2025-04-09 02:00:00+00:00,1744171740000000000,2025-04-09 04:09:00+00:00,7740000000000.0,1.10203,1.104,['4.41 USD'],0.00179,192.59 USD,True
BACKTESTER-001,MLSignalStrategyV2-V2,EUR/USD.IDEALPRO,IDEALPRO-001,O-20250409-041500-001-V2-1153,O-20250409-041500-001-V2-1155,BUY,FLAT,0.00,100000.00,1744172100000000000,2025-04-09 04:15:00+00:00,1744172820000000000,2025-04-09 04:27:00+00:00,720000000000.0,1.10387,1.10573,['4.42 USD'],0.00168,181.58 USD,True
BACKTESTER-001,MLSignalStrategyV2-V2,EUR/USD.IDEALPRO,IDEALPRO-001,O-20250409-054500-001-V2-1156,O-20250409-054500-001-V2-1158,BUY,FLAT,0.00,100000.00,1744177500000000000,2025-04-09 05:45:00+00:00,1744181640000000000,2025-04-09 06:54:00+00:00,4140000000000.0,1.10455,1.10867,['4.43 USD'],0.00373,407.57 USD,True
BACKTESTER-001,MLSignalStrategyV2-V2,EUR/USD.IDEALPRO,IDEALPRO-001,O-20250409-080000-001-V2-1159,O-20250409-080000-001-V2-1161,BUY,FLAT,0.00,100000.00,1744185600000000000,2025-04-09 08:00:00+00:00,1744192260000000000,2025-04-09 09:51:00+00:00,6660000000000.0,1.10154,1.10406,['4.41 USD'],0.00229,247.59 USD,True
BACKTESTER-001,MLSignalStrategyV2-V2,EUR/USD.IDEALPRO,IDEALPRO-001,O-20250409-143000-001-V2-1162,O-20250409-143000-001-V2-1164,SELL,FLAT,0.00,100000.00,1744209000000000000,2025-04-09 14:30:00+00:00,1744217820000000000,2025-04-09 16:57:00+00:00,8820000000000.0,1.10433,1.10177,['4.41 USD'],0.00232,251.59 USD,True
BACKTESTER-001,MLSignalStrategyV2-V2,EUR/USD.IDEALPRO,IDEALPRO-001,O-20250409-200000-001-V2-1165,O-20250409-200000-001-V2-1167,BUY,FLAT,0.00,100000.00,1744228800000000000,2025-04-09 20:00:00+00:00,1744245480000000000,2025-04-10 00:38:00+00:00,16680000000000.0,1.09356,1.09763,['4.39 USD'],0.00372,402.61 USD,True
BACKTESTER-001,MLSignalStrategyV2-V2,EUR/USD.IDEALPRO,IDEALPRO-001,O-20250410-004500-001-V2-1168,O-20250410-004500-001-V2-1170,BUY,FLAT,0.00,100000.00,1744245900000000000,2025-04-10 00:45:00+00:00,1744263000000000000,2025-04-10 05:30:00+00:00,17100000000000.0,1.09747,1.09913,['4.39 USD'],0.00151,161.61 USD,True
BACKTESTER-001,MLSignalStrategyV2-V2,EUR/USD.IDEALPRO,IDEALPRO-001,O-20250410-063000-001-V2-1171,O-20250410-063000-001-V2-1172,BUY,FLAT,0.00,100000.00,1744266600000000000,2025-04-10 06:30:00+00:00,1744268100000000000,2025-04-10 06:55:00+00:00,1500000000000.0,1.09804,1.09635,['4.39 USD'],-0.00154,-173.39 USD,True
BACKTESTER-001,MLSignalStrategyV2-V2,EUR/USD.IDEALPRO,IDEALPRO-001,O-20250410-090000-001-V2-1174,O-20250410-090000-001-V2-1175,SELL,FLAT,0.00,100000.00,1744275600000000000,2025-04-10 09:00:00+00:00,1744279380000000000,2025-04-10 10:03:00+00:00,3780000000000.0,1.10377,1.10695,['4.42 USD'],-0.00288,-322.42 USD,True
BACKTESTER-001,MLSignalStrategyV2-V2,EUR/USD.IDEALPRO,IDEALPRO-001,O-20250410-104500-001-V2-1177,O-20250410-104500-001-V2-1179,BUY,FLAT,0.00,100000.00,1744281900000000000,2025-04-10 10:45:00+00:00,1744287180000000000,2025-04-10 12:13:00+00:00,5280000000000.0,1.10713,1.10924,['4.43 USD'],0.00191,206.57 USD,True
BACKTESTER-001,MLSignalStrategyV2-V2,EUR/USD.IDEALPRO,IDEALPRO-001,O-20250410-121500-001-V2-1180,O-20250410-121500-001-V2-1182,BUY,FLAT,0.00,100000.00,1744287300000000000,2025-04-10 12:15:00+00:00,1744288260000000000,2025-04-10 12:31:00+00:00,960000000000.0,1.10914,1.11312,['4.45 USD'],0.00359,393.55 USD,True
BACKTESTER-001,MLSignalStrategyV2-V2,EUR/USD.IDEALPRO,IDEALPRO-001,O-20250410-141500-001-V2-1183,O-20250410-141500-001-V2-1185,BUY,FLAT,0.00,100000.00,1744294500000000000,2025-04-10 14:15:00+00:00,1744296780000000000,2025-04-10 14:53:00+00:00,2280000000000.0,1.11288,1.11509,['4.46 USD'],0.00199,216.54 USD,True
BACKTESTER-001,MLSignalStrategyV2-V2,EUR/USD.IDEALPRO,IDEALPRO-001,O-20250410-180000-001-V2-1186,O-20250410-180000-001-V2-1188,SELL,FLAT,0.00,100000.00,1744308000000000000,2025-04-10 18:00:00+00:00,1744312500000000000,2025-04-10 19:15:00+00:00,4500000000000.0,1.121,1.11799,['4.48 USD'],0.00269,296.52 USD,True
BACKTESTER-001,MLSignalStrategyV2-V2,EUR/USD.IDEALPRO,IDEALPRO-001,O-20250410-191500-001-V2-1189,O-20250410-191500-001-V2-1191,SELL,FLAT,0.00,100000.00,1744312500000000000,2025-04-10 19:15:00+00:00,1744313340000000000,2025-04-10 19:29:00+00:00,840000000000.0,1.11866,1.11597,['4.47 USD'],0.0024,264.53 USD,True
BACKTESTER-001,MLSignalStrategyV2-V2,EUR/USD.IDEALPRO,IDEALPRO-001,O-20250411-011500-001-V2-1192,O-20250411-011500-001-V2-1193,SELL,FLAT,0.00,100000.00,1744334100000000000,2025-04-11 01:15:00+00:00,1744342800000000000,2025-04-11 03:40:00+00:00,8700000000000.0,1.12902,1.13446,['4.53 USD'],-0.00482,-548.53 USD,True
BACKTESTER-001,MLSignalStrategyV2-V2,EUR/USD.IDEALPRO,IDEALPRO-001,O-20250411-041500-001-V2-1195,O-20250411-041500-001-V2-1197,SELL,FLAT,0.00,100000.00,1744344900000000000,2025-04-11 04:15:00+00:00,1744348080000000000,2025-04-11 05:08:00+00:00,3180000000000.0,1.13254,1.12997,['4.53 USD'],0.00227,252.47 USD,True
BACKTESTER-001,MLSignalStrategyV2-V2,EUR/USD.IDEALPRO,IDEALPRO-001,O-20250411-053000-001-V2-1198,O-20250411-053000-001-V2-1199,BUY,FLAT,0.00,100000.00,1744349400000000000,2025-04-11 05:30:00+00:00,1744350240000000000,2025-04-11 05:44:00+00:00,840000000000.0,1.13006,1.12711,['4.51 USD'],-0.00261,-299.51 USD,True
BACKTESTER-001,MLSignalStrategyV2-V2,EUR/USD.IDEALPRO,IDEALPRO-001,O-20250411-054500-001-V2-1201,O-20250411-054500-001-V2-1203,BUY,FLAT,0.00,100000.00,1744350300000000000,2025-04-11 05:45:00+00:00,1744354920000000000,2025-04-11 07:02:00+00:00,4620000000000.0,1.12753,1.12987,['4.52 USD'],0.00208,229.48 USD,True
BACKTESTER-001,MLSignalStrategyV2-V2,EUR/USD.IDEALPRO,IDEALPRO-001,O-20250411-071500-001-V2-1204,O-20250411-071500-001-V2-1205,SELL,FLAT,0.00,100000.00,1744355700000000000,2025-04-11 07:15:00+00:00,1744358520000000000,2025-04-11 08:02:00+00:00,2820000000000.0,1.13347,1.13778,['4.55 USD'],-0.0038,-435.55 USD,True
BACKTESTER-001,MLSignalStrategyV2-V2,EUR/USD.IDEALPRO,IDEALPRO-001,O-20250411-090000-001-V2-1207,O-20250411-090000-001-V2-1209,SELL,FLAT,0.00,100000.00,1744362000000000000,2025-04-11 09:00:00+00:00,1744365660000000000,2025-04-11 10:01:00+00:00,3660000000000.0,1.14272,1.1362,['4.56 USD'],0.00571,647.44 USD,True
BACKTESTER-001,MLSignalStrategyV2-V2,EUR/USD.IDEALPRO,IDEALPRO-001,O-20250411-103000-001-V2-1210,O-20250411-103000-001-V2-1212,BUY,FLAT,0.00,100000.00,1744367400000000000,2025-04-11 10:30:00+00:00,1744376580000000000,2025-04-11 13:03:00+00:00,9180000000000.0,1.13617,1.14046,['4.55 USD'],0.00378,424.45 USD,True
BACKTESTER-001,MLSignalStrategyV2-V2,EUR/USD.IDEALPRO,IDEALPRO-001,O-20250411-131500-001-V2-1213,O-20250411-131500-001-V2-1215,SELL,FLAT,0.00,100000.00,1744377300000000000,2025-04-11 13:15:00+00:00,1744378740000000000,2025-04-11 13:39:00+00:00,1440000000000.0,1.14014,1.13569,['4.55 USD'],0.0039,440.45 USD,True
BACKTESTER-001,MLSignalStrategyV2-V2,EUR/USD.IDEALPRO,IDEALPRO-001,O-20250411-134500-001-V2-1216,O-20250411-134500-001-V2-1218,SELL,FLAT,0.00,100000.00,1744379100000000000,2025-04-11 13:45:00+00:00,1744379280000000000,2025-04-11 13:48:00+00:00,180000000000.0,1.13813,1.13354,['4.55 USD'],0.00403,454.45 USD,True
BACKTESTER-001,MLSignalStrategyV2-V2,EUR/USD.IDEALPRO,IDEALPRO-001,O-20250411-151500-001-V2-1219,O-20250411-151500-001-V2-1221,BUY,FLAT,0.00,100000.00,1744384500000000000,2025-04-11 15:15:00+00:00,1744589520000000000,2025-04-14 00:12:00+00:00,205020000000000.0,1.13279,1.13705,['4.54 USD'],0.00376,421.46 USD,True
BACKTESTER-001,MLSignalStrategyV2-V2,EUR/USD.IDEALPRO,IDEALPRO-001,O-20250414-023000-001-V2-1222,O-20250414-023000-001-V2-1223,BUY,FLAT,0.00,100000.00,1744597800000000000,2025-04-14 02:30:00+00:00,1744602060000000000,2025-04-14 03:41:00+00:00,4260000000000.0,1.13894,1.13577,['4.55 USD'],-0.00278,-321.55 USD,True
BACKTESTER-001,MLSignalStrategyV2-V2,EUR/USD.IDEALPRO,IDEALPRO-001,O-20250414-073000-001-V2-1225,O-20250414-073000-001-V2-1227,SELL,FLAT,0.00,100000.00,1744615800000000000,2025-04-14 07:30:00+00:00,1744625460000000000,2025-04-14 10:11:00+00:00,9660000000000.0,1.13994,1.13758,['4.56 USD'],0.00207,231.44 USD,True
BACKTESTER-001,MLSignalStrategyV2-V2,EUR/USD.IDEALPRO,IDEALPRO-001,O-20250414-123000-001-V2-1228,O-20250414-123000-001-V2-1229,BUY,FLAT,0.00,100000.00,1744633800000000000,2025-04-14 12:30:00+00:00,1744635900000000000,2025-04-14 13:05:00+00:00,2100000000000.0,1.13543,1.13162,['4.53 USD'],-0.00336,-385.53 USD,True
BACKTESTER-001,MLSignalStrategyV2-V2,EUR/USD.IDEALPRO,IDEALPRO-001,O-20250414-133000-001-V2-1231,O-20250414-133000-001-V2-1233,BUY,FLAT,0.00,100000.00,1744637400000000000,2025-04-14 13:30:00+00:00,1744638480000000000,2025-04-14 13:48:00+00:00,1080000000000.0,1.13064,1.13353,['4.53 USD'],0.00256,284.47 USD,True
BACKTESTER-001,MLSignalStrategyV2-V2,EUR/USD.IDEALPRO,IDEALPRO-001,O-20250414-153000-001-V2-1234,O-20250414-153000-001-V2-1236,SELL,FLAT,0.00,100000.00,1744644600000000000,2025-04-14 15:30:00+00:00,1744647660000000000,2025-04-14 16:21:00+00:00,3060000000000.0,1.13718,1.13481,['4.54 USD'],0.00208,232.46 USD,True
BACKTESTER-001,MLSignalStrategyV2-V2,EUR/USD.IDEALPRO,IDEALPRO-001,O-20250414-190000-001-V2-1237,O-20250414-190000-001-V2-1239,SELL,FLAT,0.00,100000.00,1744657200000000000,2025-04-14 19:00:00+00:00,1744674420000000000,2025-04-14 23:47:00+00:00,17220000000000.0,1.13545,1.13349,['4.54 USD'],0.00173,191.46 USD,True
BACKTESTER-001,MLSignalStrategyV2-V2,EUR/USD.IDEALPRO,IDEALPRO-001,O-20250415-000000-001-V2-1240,O-20250415-000000-001-V2-1241,BUY,FLAT,0.00,100000.00,1744675200000000000,2025-04-15 00:00:00+00:00,1744677180000000000,2025-04-15 00:33:00+00:00,1980000000000.0,1.13363,1.13226,['4.53 USD'],-0.00121,-141.53 USD,True
BACKTESTER-001,MLSignalStrategyV2-V2,EUR/USD.IDEALPRO,IDEALPRO-001,O-20250415-004500-001-V2-1243,O-20250415-004500-001-V2-1245,BUY,FLAT,0.00,100000.00,1744677900000000000,2025-04-15 00:45:00+00:00,1744678620000000000,2025-04-15 00:57:00+00:00,720000000000.0,1.13187,1.13295,['4.53 USD'],0.00095,103.47 USD,True
BACKTESTER-001,MLSignalStrategyV2-V2,EUR/USD.IDEALPRO,IDEALPRO-001,O-20250415-010000-001-V2-1246,O-20250415-010000-001-V2-1248,BUY,FLAT,0.00,100000.00,1744678800000000000,2025-04-15 01:00:00+00:00,1744684020000000000,2025-04-15 02:27:00+00:00,5220000000000.0,1.13289,1.13396,['4.54 USD'],0.00094,102.46 USD,True
BACKTESTER-001,MLSignalStrategyV2-V2,EUR/USD.IDEALPRO,IDEALPRO-001,O-20250415-023000-001-V2-1249,O-20250415-023000-001-V2-1251,BUY,FLAT,0.00,100000.00,1744684200000000000,2025-04-15 02:30:00+00:00,1744685880000000000,2025-04-15 02:58:00+00:00,1680000000000.0,1.13397,1.13524,['4.54 USD'],0.00112,122.46 USD,True
BACKTESTER-001,MLSignalStrategyV2-V2,EUR/USD.IDEALPRO,IDEALPRO-001,O-20250415-044500-001-V2-1252,O-20250415-044500-001-V2-1253,BUY,FLAT,0.00,100000.00,1744692300000000000,2025-04-15 04:45:00+00:00,1744697040000000000,2025-04-15 06:04:00+00:00,4740000000000.0,1.13589,1.13456,['4.54 USD'],-0.00117,-137.54 USD,True
BACKTESTER-001,MLSignalStrategyV2-V2,EUR/USD.IDEALPRO,IDEALPRO-001,O-20250415-070000-001-V2-1255,O-20250415-070000-001-V2-1257,BUY,FLAT,0.00,100000.00,1744700400000000000,2025-04-15 07:00:00+00:00,1744701600000000000,2025-04-15 07:20:00+00:00,1200000000000.0,1.13322,1.13476,['4.54 USD'],0.00136,149.46 USD,True
BACKTESTER-001,MLSignalStrategyV2-V2,EUR/USD.IDEALPRO,IDEALPRO-001,O-20250415-114500-001-V2-1258,O-20250415-114500-001-V2-1260,BUY,FLAT,0.00,100000.00,1744717500000000000,2025-04-15 11:45:00+00:00,1744719360000000000,2025-04-15 12:16:00+00:00,1860000000000.0,1.13214,1.13395,['4.53 USD'],0.0016,176.47 USD,True
BACKTESTER-001,MLSignalStrategyV2-V2,EUR/USD.IDEALPRO,IDEALPRO-001,O-20250415-141500-001-V2-1261,O-20250415-141500-001-V2-1263,BUY,FLAT,0.00,100000.00,1744726500000000000,2025-04-15 14:15:00+00:00,1744727100000000000,2025-04-15 14:25:00+00:00,600000000000.0,1.12901,1.13123,['4.52 USD'],0.00197,217.48 USD,True
BACKTESTER-001,MLSignalStrategyV2-V2,EUR/USD.IDEALPRO,IDEALPRO-001,O-20250415-160000-001-V2-1264,O-20250415-160000-001-V2-1266,BUY,FLAT,0.00,100000.00,1744732800000000000,2025-04-15 16:00:00+00:00,1744762380000000000,2025-04-16 00:13:00+00:00,29580000000000.0,1.1289,1.13113,['4.52 USD'],0.00198,218.48 USD,True
BACKTESTER-001,MLSignalStrategyV2-V2,EUR/USD.IDEALPRO,IDEALPRO-001,O-20250416-024500-001-V2-1267,O-20250416-024500-001-V2-1269,BUY,FLAT,0.00,100000.00,1744771500000000000,2025-04-16 02:45:00+00:00,1744775520000000000,2025-04-16 03:52:00+00:00,4020000000000.0,1.13302,1.13423,['4.54 USD'],0.00107,116.46 USD,True
BACKTESTER-001,MLSignalStrategyV2-V2,EUR/USD.IDEALPRO,IDEALPRO-001,O-20250416-040000-001-V2-1270,O-20250416-040000-001-V2-1272,BUY,FLAT,0.00,100000.00,1744776000000000000,2025-04-16 04:00:00+00:00,1744781700000000000,2025-04-16 05:35:00+00:00,5700000000000.0,1.13435,1.13535,['4.54 USD'],0.00088,95.46 USD,True
BACKTESTER-001,MLSignalStrategyV2-V2,EUR/USD.IDEALPRO,IDEALPRO-001,O-20250416-070000-001-V2-1273,O-20250416-070000-001-V2-1274,SELL,FLAT,0.00,100000.00,1744786800000000000,2025-04-16 07:00:00+00:00,1744788000000000000,2025-04-16 07:20:00+00:00,1200000000000.0,1.13608,1.13811,['4.55 USD'],-0.00179,-207.55 USD,True
BACKTESTER-001,MLSignalStrategyV2-V2,EUR/USD.IDEALPRO,IDEALPRO-001,O-20250416-234500-001-V2-1276,O-20250416-234500-001-V2-1277,BUY,FLAT,0.00,100000.00,1744847100000000000,2025-04-16 23:45:00+00:00,1744847880000000000,2025-04-16 23:58:00+00:00,780000000000.0,1.14058,1.13955,['4.56 USD'],-0.0009,-107.56 USD,True
BACKTESTER-001,MLSignalStrategyV2-V2,EUR/USD.IDEALPRO,IDEALPRO-001,O-20250417-004500-001-V2-1279,O-20250417-004500-001-V2-1280,BUY,FLAT,0.00,100000.00,1744850700000000000,2025-04-17 00:45:00+00:00,1744851840000000000,2025-04-17 01:04:00+00:00,1140000000000.0,1.1373,1.13573,['4.54 USD'],-0.00138,-161.54 USD,True
BACKTESTER-001,MLSignalStrategyV2-V2,EUR/USD.IDEALPRO,IDEALPRO-001,O-20250417-040000-001-V2-1282,O-20250417-040000-001-V2-1283,BUY,FLAT,0.00,100000.00,1744862400000000000,2025-04-17 04:00:00+00:00,1744868400000000000,2025-04-17 05:40:00+00:00,6000000000000.0,1.13644,1.1348,['4.54 USD'],-0.00144,-168.54 USD,True
BACKTESTER-001,MLSignalStrategyV2-V2,EUR/USD.IDEALPRO,IDEALPRO-001,O-20250417-060000-001-V2-1285,O-20250417-060000-001-V2-1287,BUY,FLAT,0.00,100000.00,1744869600000000000,2025-04-17 06:00:00+00:00,1744871820000000000,2025-04-17 06:37:00+00:00,2220000000000.0,1.13524,1.13633,['4.54 USD'],0.00096,104.46 USD,True
BACKTESTER-001,MLSignalStrategyV2-V2,EUR/USD.IDEALPRO,IDEALPRO-001,O-20250417-093000-001-V2-1288,O-20250417-093000-001-V2-1290,SELL,FLAT,0.00,100000.00,1744882200000000000,2025-04-17 09:30:00+00:00,1744887420000000000,2025-04-17 10:57:00+00:00,5220000000000.0,1.13715,1.13578,['4.54 USD'],0.0012,132.46 USD,True
BACKTESTER-001,MLSignalStrategyV2-V2,EUR/USD.IDEALPRO,IDEALPRO-001,O-20250417-120000-001-V2-1291,O-20250417-120000-001-V2-1292,BUY,FLAT,0.00,100000.00,1744891200000000000,2025-04-17 12:00:00+00:00,1744892460000000000,2025-04-17 12:21:00+00:00,1260000000000.0,1.13566,1.13353,['4.54 USD'],-0.00188,-217.54 USD,True
BACKTESTER-001,MLSignalStrategyV2-V2,EUR/USD.IDEALPRO,IDEALPRO-001,O-20250417-123000-001-V2-1294,O-20250417-123000-001-V2-1296,BUY,FLAT,0.00,100000.00,1744893000000000000,2025-04-17 12:30:00+00:00,1744893960000000000,2025-04-17 12:46:00+00:00,960000000000.0,1.13455,1.13598,['4.54 USD'],0.00126,138.46 USD,True
BACKTESTER-001,MLSignalStrategyV2-V2,EUR/USD.IDEALPRO,IDEALPRO-001,O-20250417-131500-001-V2-1297,O-20250417-131500-001-V2-1298,SELL,FLAT,0.00,100000.00,1744895700000000000,2025-04-17 13:15:00+00:00,1744899780000000000,2025-04-17 14:23:00+00:00,4080000000000.0,1.13552,1.13847,['4.55 USD'],-0.0026,-299.55 USD,True
BACKTESTER-001,MLSignalStrategyV2-V2,EUR/USD.IDEALPRO,IDEALPRO-001,O-20250418-054500-001-V2-1300,O-20250418-054500-001-V2-1302,BUY,FLAT,0.00,100000.00,1744955100000000000,2025-04-18 05:45:00+00:00,1744956900000000000,2025-04-18 06:15:00+00:00,1800000000000.0,1.13699,1.13762,['4.55 USD'],0.00055,58.45 USD,True
BACKTESTER-001,MLSignalStrategyV2-V2,EUR/USD.IDEALPRO,IDEALPRO-001,O-20250418-090000-001-V2-1303,O-20250418-090000-001-V2-1305,BUY,FLAT,0.00,100000.00,1744966800000000000,2025-04-18 09:00:00+00:00,1744976340000000000,2025-04-18 11:39:00+00:00,9540000000000.0,1.1371,1.13788,['4.55 USD'],0.00069,73.45 USD,True
BACKTESTER-001,MLSignalStrategyV2-V2,EUR/USD.IDEALPRO,IDEALPRO-001,O-20250418-154500-001-V2-1306,O-20250418-154500-001-V2-1308,BUY,FLAT,0.00,100000.00,1744991100000000000,2025-04-18 15:45:00+00:00,1745193660000000000,2025-04-21 00:01:00+00:00,202560000000000.0,1.13929,1.14491,['4.57 USD'],0.00493,557.43 USD,True
BACKTESTER-001,MLSignalStrategyV2-V2,EUR/USD.IDEALPRO,IDEALPRO-001,O-20250421-070000-001-V2-1309,O-20250421-070000-001-V2-1310,SELL,FLAT,0.00,100000.00,1745218800000000000,2025-04-21 07:00:00+00:00,1745220720000000000,2025-04-21 07:32:00+00:00,1920000000000.0,1.15155,1.1535,['4.61 USD'],-0.00169,-199.61 USD,True
BACKTESTER-001,MLSignalStrategyV2-V2,EUR/USD.IDEALPRO,IDEALPRO-001,O-20250421-080000-001-V2-1312,O-20250421-080000-001-V2-1314,SELL,FLAT,0.00,100000.00,1745222400000000000,2025-04-21 08:00:00+00:00,1745223420000000000,2025-04-21 08:17:00+00:00,1020000000000.0,1.15556,1.15379,['4.62 USD'],0.00153,172.38 USD,True
BACKTESTER-001,MLSignalStrategyV2-V2,EUR/USD.IDEALPRO,IDEALPRO-001,O-20250421-083000-001-V2-1315,O-20250421-083000-001-V2-1316,SELL,FLAT,0.00,100000.00,1745224200000000000,2025-04-21 08:30:00+00:00,1745226780000000000,2025-04-21 09:13:00+00:00,2580000000000.0,1.15438,1.15735,['4.62 USD'],-0.00257,-301.62 USD,True
BACKTESTER-001,MLSignalStrategyV2-V2,EUR/USD.IDEALPRO,IDEALPRO-001,O-20250421-100000-001-V2-1318,O-20250421-100000-001-V2-1320,SELL,FLAT,0.00,100000.00,1745229600000000000,2025-04-21 10:00:00+00:00,1745231760000000000,2025-04-21 10:36:00+00:00,2160000000000.0,1.15471,1.15291,['4.62 USD'],0.00156,175.38 USD,True
BACKTESTER-001,MLSignalStrategyV2-V2,EUR/USD.IDEALPRO,IDEALPRO-001,O-20250421-120000-001-V2-1321,O-20250421-120000-001-V2-1323,SELL,FLAT,0.00,100000.00,1745236800000000000,2025-04-21 12:00:00+00:00,1745238900000000000,2025-04-21 12:35:00+00:00,2100000000000.0,1.1543,1.15271,['4.62 USD'],0.00138,154.38 USD,True
BACKTESTER-001,MLSignalStrategyV2-V2,EUR/USD.IDEALPRO,IDEALPRO-001,O-20250421-141500-001-V2-1324,O-20250421-141500-001-V2-1326,SELL,FLAT,0.00,100000.00,1745244900000000000,2025-04-21 14:15:00+00:00,1745246820000000000,2025-04-21 14:47:00+00:00,1920000000000.0,1.15083,1.14899,['4.60 USD'],0.0016,179.40 USD,True
BACKTESTER-001,MLSignalStrategyV2-V2,EUR/USD.IDEALPRO,IDEALPRO-001,O-20250421-151500-001-V2-1327,O-20250421-151500-001-V2-1329,BUY,FLAT,0.00,100000.00,1745248500000000000,2025-04-21 15:15:00+00:00,1745249520000000000,2025-04-21 15:32:00+00:00,1020000000000.0,1.14821,1.14997,['4.60 USD'],0.00153,171.40 USD,True
BACKTESTER-001,MLSignalStrategyV2-V2,EUR/USD.IDEALPRO,IDEALPRO-001,O-20250421-204500-001-V2-1330,O-20250421-204500-001-V2-1332,BUY,FLAT,0.00,100000.00,1745268300000000000,2025-04-21 20:45:00+00:00,1745269200000000000,2025-04-21 21:00:00+00:00,900000000000.0,1.15057,1.15152,['4.60 USD'],0.00083,90.40 USD,True
BACKTESTER-001,MLSignalStrategyV2-V2,EUR/USD.IDEALPRO,IDEALPRO-001,O-20250422-003000-001-V2-1333,O-20250422-003000-001-V2-1334,BUY,FLAT,0.00,100000.00,1745281800000000000,2025-04-22 00:30:00+00:00,1745282520000000000,2025-04-22 00:42:00+00:00,720000000000.0,1.14966,1.14827,['4.60 USD'],-0.00121,-143.60 USD,True
BACKTESTER-001,MLSignalStrategyV2-V2,EUR/USD.IDEALPRO,IDEALPRO-001,O-20250422-004500-001-V2-1336,O-20250422-004500-001-V2-1338,BUY,FLAT,0.00,100000.00,1745282700000000000,2025-04-22 00:45:00+00:00,1745287920000000000,2025-04-22 02:12:00+00:00,5220000000000.0,1.14884,1.15046,['4.60 USD'],0.00141,157.40 USD,True
BACKTESTER-001,MLSignalStrategyV2-V2,EUR/USD.IDEALPRO,IDEALPRO-001,O-20250422-023000-001-V2-1339,O-20250422-023000-001-V2-1341,BUY,FLAT,0.00,100000.00,1745289000000000000,2025-04-22 02:30:00+00:00,1745290920000000000,2025-04-22 03:02:00+00:00,1920000000000.0,1.15115,1.15248,['4.60 USD'],0.00116,128.40 USD,True
BACKTESTER-001,MLSignalStrategyV2-V2,EUR/USD.IDEALPRO,IDEALPRO-001,O-20250422-070000-001-V2-1342,O-20250422-070000-001-V2-1343,BUY,FLAT,0.00,100000.00,1745305200000000000,2025-04-22 07:00:00+00:00,1745323320000000000,2025-04-22 12:02:00+00:00,18120000000000.0,1.15009,1.14742,['4.59 USD'],-0.00232,-271.59 USD,True
BACKTESTER-001,MLSignalStrategyV2-V2,EUR/USD.IDEALPRO,IDEALPRO-001,O-20250422-123000-001-V2-1345,O-20250422-123000-001-V2-1347,BUY,FLAT,0.00,100000.00,1745325000000000000,2025-04-22 12:30:00+00:00,1745330160000000000,2025-04-22 13:56:00+00:00,5160000000000.0,1.14698,1.1485,['4.59 USD'],0.00133,147.41 USD,True
BACKTESTER-001,MLSignalStrategyV2-V2,EUR/USD.IDEALPRO,IDEALPRO-001,O-20250422-170000-001-V2-1348,O-20250422-170000-001-V2-1350,BUY,FLAT,0.00,100000.00,1745341200000000000,2025-04-22 17:00:00+00:00,1745343120000000000,2025-04-22 17:32:00+00:00,1920000000000.0,1.1434,1.14515,['4.58 USD'],0.00153,170.42 USD,True
BACKTESTER-001,MLSignalStrategyV2-V2,EUR/USD.IDEALPRO,IDEALPRO-001,O-20250422-174500-001-V2-1351,O-20250422-174500-001-V2-1353,BUY,FLAT,0.00,100000.00,1745343900000000000,2025-04-22 17:45:00+00:00,1745344440000000000,2025-04-22 17:54:00+00:00,540000000000.0,1.14333,1.14515,['4.58 USD'],0.00159,177.42 USD,True
BACKTESTER-001,MLSignalStrategyV2-V2,EUR/USD.IDEALPRO,IDEALPRO-001,O-20250422-200000-001-V2-1354,O-20250422-200000-001-V2-1355,BUY,FLAT,0.00,100000.00,1745352000000000000,2025-04-22 20:00:00+00:00,1745357520000000000,2025-04-22 21:32:00+00:00,5520000000000.0,1.14209,1.14022,['4.56 USD'],-0.00164,-191.56 USD,True
BACKTESTER-001,MLSignalStrategyV2-V2,EUR/USD.IDEALPRO,IDEALPRO-001,O-20250422-220000-001-V2-1357,O-20250422-220000-001-V2-1358,BUY,FLAT,0.00,100000.00,1745359200000000000,2025-04-22 22:00:00+00:00,1745359500000000000,2025-04-22 22:05:00+00:00,300000000000.0,1.13641,1.13401,['4.54 USD'],-0.00211,-244.54 USD,True
BACKTESTER-001,MLSignalStrategyV2-V2,EUR/USD.IDEALPRO,IDEALPRO-001,O-20250422-221500-001-V2-1360,O-20250422-221500-001-V2-1361,BUY,FLAT,0.00,100000.00,1745360100000000000,2025-04-22 22:15:00+00:00,1745360820000000000,2025-04-22 22:27:00+00:00,720000000000.0,1.13587,1.13294,['4.54 USD'],-0.00258,-297.54 USD,True
BACKTESTER-001,MLSignalStrategyV2-V2,EUR/USD.IDEALPRO,IDEALPRO-001,O-20250422-223000-001-V2-1363,O-20250422-223000-001-V2-1365,BUY,FLAT,0.00,100000.00,1745361000000000000,2025-04-22 22:30:00+00:00,1745362020000000000,2025-04-22 22:47:00+00:00,1020000000000.0,1.13176,1.13429,['4.53 USD'],0.00224,248.47 USD,True
BACKTESTER-001,MLSignalStrategyV2-V2,EUR/USD.IDEALPRO,IDEALPRO-001,O-20250422-230000-001-V2-1366,O-20250422-230000-001-V2-1368,BUY,FLAT,0.00,100000.00,1745362800000000000,2025-04-22 23:00:00+00:00,1745366520000000000,2025-04-23 00:02:00+00:00,3720000000000.0,1.13372,1.13644,['4.54 USD'],0.0024,267.46 USD,True
BACKTESTER-001,MLSignalStrategyV2-V2,EUR/USD.IDEALPRO,IDEALPRO-001,O-20250423-033000-001-V2-1369,O-20250423-033000-001-V2-1371,BUY,FLAT,0.00,100000.00,1745379000000000000,2025-04-23 03:30:00+00:00,1745385720000000000,2025-04-23 05:22:00+00:00,6720000000000.0,1.13838,1.13997,['4.56 USD'],0.0014,154.44 USD,True
BACKTESTER-001,MLSignalStrategyV2-V2,EUR/USD.IDEALPRO,IDEALPRO-001,O-20250423-110000-001-V2-1372,O-20250423-110000-001-V2-1374,SELL,FLAT,0.00,100000.00,1745406000000000000,2025-04-23 11:00:00+00:00,1745415480000000000,2025-04-23 13:38:00+00:00,9480000000000.0,1.14021,1.138,['4.56 USD'],0.00194,216.44 USD,True
BACKTESTER-001,MLSignalStrategyV2-V2,EUR/USD.IDEALPRO,IDEALPRO-001,O-20250423-201500-001-V2-1375,O-20250423-201500-001-V2-1377,BUY,FLAT,0.00,100000.00,1745439300000000000,2025-04-23 20:15:00+00:00,1745446080000000000,2025-04-23 22:08:00+00:00,6780000000000.0,1.13231,1.13397,['4.53 USD'],0.00147,161.47 USD,True
BACKTESTER-001,MLSignalStrategyV2-V2,EUR/USD.IDEALPRO,IDEALPRO-001,O-20250423-233000-001-V2-1378,O-20250423-233000-001-V2-1380,BUY,FLAT,0.00,100000.00,1745451000000000000,2025-04-23 23:30:00+00:00,1745456160000000000,2025-04-24 00:56:00+00:00,5160000000000.0,1.13302,1.1343,['4.54 USD'],0.00113,123.46 USD,True
BACKTESTER-001,MLSignalStrategyV2-V2,EUR/USD.IDEALPRO,IDEALPRO-001,O-20250424-034500-001-V2-1381,O-20250424-034500-001-V2-1382,SELL,FLAT,0.00,100000.00,1745466300000000000,2025-04-24 03:45:00+00:00,1745476680000000000,2025-04-24 06:38:00+00:00,10380000000000.0,1.1339,1.13546,['4.54 USD'],-0.00138,-160.54 USD,True
BACKTESTER-001,MLSignalStrategyV2-V2,EUR/USD.IDEALPRO,IDEALPRO-001,O-20250424-090000-001-V2-1384,O-20250424-090000-001-V2-1386,SELL,FLAT,0.00,100000.00,1745485200000000000,2025-04-24 09:00:00+00:00,1745496960000000000,2025-04-24 12:16:00+00:00,11760000000000.0,1.13807,1.13669,['4.55 USD'],0.00121,133.45 USD,True
BACKTESTER-001,MLSignalStrategyV2-V2,EUR/USD.IDEALPRO,IDEALPRO-001,O-20250424-234500-001-V2-1387,O-20250424-234500-001-V2-1389,SELL,FLAT,0.00,100000.00,1745538300000000000,2025-04-24 23:45:00+00:00,1745539320000000000,2025-04-25 00:02:00+00:00,1020000000000.0,1.13737,1.13649,['4.54 USD'],0.00077,83.46 USD,True
BACKTESTER-001,MLSignalStrategyV2-V2,EUR/USD.IDEALPRO,IDEALPRO-001,O-20250425-010000-001-V2-1390,O-20250425-010000-001-V2-1392,BUY,FLAT,0.00,100000.00,1745542800000000000,2025-04-25 01:00:00+00:00,1745551320000000000,2025-04-25 03:22:00+00:00,8520000000000.0,1.13473,1.13582,['4.54 USD'],0.00096,104.46 USD,True
BACKTESTER-001,MLSignalStrategyV2-V2,EUR/USD.IDEALPRO,IDEALPRO-001,O-20250425-034500-001-V2-1393,O-20250425-034500-001-V2-1394,BUY,FLAT,0.00,100000.00,1745552700000000000,2025-04-25 03:45:00+00:00,1745553900000000000,2025-04-25 04:05:00+00:00,1200000000000.0,1.13331,1.13156,['4.53 USD'],-0.00154,-179.53 USD,True
BACKTESTER-001,MLSignalStrategyV2-V2,EUR/USD.IDEALPRO,IDEALPRO-001,O-20250425-041500-001-V2-1396,O-20250425-041500-001-V2-1398,BUY,FLAT,0.00,100000.00,1745554500000000000,2025-04-25 04:15:00+00:00,1745557680000000000,2025-04-25 05:08:00+00:00,3180000000000.0,1.13267,1.13392,['4.54 USD'],0.0011,120.46 USD,True
BACKTESTER-001,MLSignalStrategyV2-V2,EUR/USD.IDEALPRO,IDEALPRO-001,O-20250425-093000-001-V2-1399,O-20250425-093000-001-V2-1401,SELL,FLAT,0.00,100000.00,1745573400000000000,2025-04-25 09:30:00+00:00,1745576460000000000,2025-04-25 10:21:00+00:00,3060000000000.0,1.13543,1.13383,['4.54 USD'],0.00141,155.46 USD,True
BACKTESTER-001,MLSignalStrategyV2-V2,EUR/USD.IDEALPRO,IDEALPRO-001,O-20250425-103000-001-V2-1402,O-20250425-103000-001-V2-1404,BUY,FLAT,0.00,100000.00,1745577000000000000,2025-04-25 10:30:00+00:00,1745577420000000000,2025-04-25 10:37:00+00:00,420000000000.0,1.13431,1.13562,['4.54 USD'],0.00115,126.46 USD,True
BACKTESTER-001,MLSignalStrategyV2-V2,EUR/USD.IDEALPRO,IDEALPRO-001,O-20250425-134500-001-V2-1405,O-20250425-134500-001-V2-1407,BUY,FLAT,0.00,100000.00,1745588700000000000,2025-04-25 13:45:00+00:00,1745589480000000000,2025-04-25 13:58:00+00:00,780000000000.0,1.13407,1.13553,['4.54 USD'],0.00129,141.46 USD,True
BACKTESTER-001,MLSignalStrategyV2-V2,EUR/USD.IDEALPRO,IDEALPRO-001,O-20250427-213000-001-V2-1408,O-20250427-213000-001-V2-1409,BUY,FLAT,0.00,100000.00,1745789400000000000,2025-04-27 21:30:00+00:00,1745792280000000000,2025-04-27 22:18:00+00:00,2880000000000.0,1.13648,1.13514,['4.54 USD'],-0.00118,-138.54 USD,True
BACKTESTER-001,MLSignalStrategyV2-V2,EUR/USD.IDEALPRO,IDEALPRO-001,O-20250427-223000-001-V2-1411,O-20250427-223000-001-V2-1412,BUY,FLAT,0.00,100000.00,1745793000000000000,2025-04-27 22:30:00+00:00,1745793060000000000,2025-04-27 22:31:00+00:00,60000000000.0,1.13498,1.13398,['4.54 USD'],-0.00088,-104.54 USD,True
BACKTESTER-001,MLSignalStrategyV2-V2,EUR/USD.IDEALPRO,IDEALPRO-001,O-20250427-224500-001-V2-1414,O-20250427-224500-001-V2-1416,BUY,FLAT,0.00,100000.00,1745793900000000000,2025-04-27 22:45:00+00:00,1745798820000000000,2025-04-28 00:07:00+00:00,4920000000000.0,1.13499,1.13586,['4.54 USD'],0.00077,82.46 USD,True
BACKTESTER-001,MLSignalStrategyV2-V2,EUR/USD.IDEALPRO,IDEALPRO-001,O-20250428-020000-001-V2-1417,O-20250428-020000-001-V2-1419,BUY,FLAT,0.00,100000.00,1745805600000000000,2025-04-28 02:00:00+00:00,1745814300000000000,2025-04-28 04:25:00+00:00,8700000000000.0,1.13513,1.13613,['4.54 USD'],0.00088,95.46 USD,True
BACKTESTER-001,MLSignalStrategyV2-V2,EUR/USD.IDEALPRO,IDEALPRO-001,O-20250428-070000-001-V2-1420,O-20250428-070000-001-V2-1422,BUY,FLAT,0.00,100000.00,1745823600000000000,2025-04-28 07:00:00+00:00,1745824140000000000,2025-04-28 07:09:00+00:00,540000000000.0,1.13317,1.13436,['4.54 USD'],0.00105,114.46 USD,True
BACKTESTER-001,MLSignalStrategyV2-V2,EUR/USD.IDEALPRO,IDEALPRO-001,O-20250428-071500-001-V2-1423,O-20250428-071500-001-V2-1425,BUY,FLAT,0.00,100000.00,1745824500000000000,2025-04-28 07:15:00+00:00,1745825940000000000,2025-04-28 07:39:00+00:00,1440000000000.0,1.13427,1.13556,['4.54 USD'],0.00114,124.46 USD,True
BACKTESTER-001,MLSignalStrategyV2-V2,EUR/USD.IDEALPRO,IDEALPRO-001,O-20250428-081500-001-V2-1426,O-20250428-081500-001-V2-1428,BUY,FLAT,0.00,100000.00,1745828100000000000,2025-04-28 08:15:00+00:00,1745833800000000000,2025-04-28 09:50:00+00:00,5700000000000.0,1.13438,1.13587,['4.54 USD'],0.00131,144.46 USD,True
BACKTESTER-001,MLSignalStrategyV2-V2,EUR/USD.IDEALPRO,IDEALPRO-001,O-20250428-144500-001-V2-1429,O-20250428-144500-001-V2-1431,SELL,FLAT,0.00,100000.00,1745851500000000000,2025-04-28 14:45:00+00:00,1745852160000000000,2025-04-28 14:56:00+00:00,660000000000.0,1.13992,1.13797,['4.56 USD'],0.00171,190.44 USD,True
BACKTESTER-001,MLSignalStrategyV2-V2,EUR/USD.IDEALPRO,IDEALPRO-001,O-20250428-151500-001-V2-1432,O-20250428-151500-001-V2-1433,SELL,FLAT,0.00,100000.00,1745853300000000000,2025-04-28 15:15:00+00:00,1745856780000000000,2025-04-28 16:13:00+00:00,3480000000000.0,1.13731,1.14028,['4.55 USD'],-0.00261,-301.55 USD,True
BACKTESTER-001,MLSignalStrategyV2-V2,EUR/USD.IDEALPRO,IDEALPRO-001,O-20250428-170000-001-V2-1435,O-20250428-170000-001-V2-1437,SELL,FLAT,0.00,100000.00,1745859600000000000,2025-04-28 17:00:00+00:00,1745891400000000000,2025-04-29 01:50:00+00:00,31800000000000.0,1.14116,1.13915,['4.56 USD'],0.00176,196.44 USD,True
BACKTESTER-001,MLSignalStrategyV2-V2,EUR/USD.IDEALPRO,IDEALPRO-001,O-20250429-020000-001-V2-1438,O-20250429-020000-001-V2-1440,BUY,FLAT,0.00,100000.00,1745892000000000000,2025-04-29 02:00:00+00:00,1745892600000000000,2025-04-29 02:10:00+00:00,600000000000.0,1.13925,1.14032,['4.56 USD'],0.00094,102.44 USD,True
BACKTESTER-001,MLSignalStrategyV2-V2,EUR/USD.IDEALPRO,IDEALPRO-001,O-20250429-021500-001-V2-1441,O-20250429-021500-001-V2-1442,BUY,FLAT,0.00,100000.00,1745892900000000000,2025-04-29 02:15:00+00:00,1745894280000000000,2025-04-29 02:38:00+00:00,1380000000000.0,1.14195,1.14039,['4.56 USD'],-0.00137,-160.56 USD,True
BACKTESTER-001,MLSignalStrategyV2-V2,EUR/USD.IDEALPRO,IDEALPRO-001,O-20250429-100000-001-V2-1444,O-20250429-100000-001-V2-1446,BUY,FLAT,0.00,100000.00,1745920800000000000,2025-04-29 10:00:00+00:00,1745930640000000000,2025-04-29 12:44:00+00:00,9840000000000.0,1.13806,1.13993,['4.56 USD'],0.00164,182.44 USD,True
BACKTESTER-001,MLSignalStrategyV2-V2,EUR/USD.IDEALPRO,IDEALPRO-001,O-20250429-230000-001-V2-1447,O-20250429-230000-001-V2-1449,SELL,FLAT,0.00,100000.00,1745967600000000000,2025-04-29 23:00:00+00:00,1745974260000000000,2025-04-30 00:51:00+00:00,6660000000000.0,1.13915,1.1381,['4.56 USD'],0.00092,100.44 USD,True
BACKTESTER-001,MLSignalStrategyV2-V2,EUR/USD.IDEALPRO,IDEALPRO-001,O-20250430-020000-001-V2-1450,O-20250430-020000-001-V2-1452,BUY,FLAT,0.00,100000.00,1745978400000000000,2025-04-30 02:00:00+00:00,1745979420000000000,2025-04-30 02:17:00+00:00,1020000000000.0,1.13587,1.13695,['4.54 USD'],0.00095,103.46 USD,True
BACKTESTER-001,MLSignalStrategyV2-V2,EUR/USD.IDEALPRO,IDEALPRO-001,O-20250430-023000-001-V2-1453,O-20250430-023000-001-V2-1455,BUY,FLAT,0.00,100000.00,1745980200000000000,2025-04-30 02:30:00+00:00,1745991240000000000,2025-04-30 05:34:00+00:00,11040000000000.0,1.13689,1.13809,['4.55 USD'],0.00106,115.45 USD,True
BACKTESTER-001,MLSignalStrategyV2-V2,EUR/USD.IDEALPRO,IDEALPRO-001,O-20250430-073000-001-V2-1456,O-20250430-073000-001-V2-1457,BUY,FLAT,0.00,100000.00,1745998200000000000,2025-04-30 07:30:00+00:00,1746001560000000000,2025-04-30 08:26:00+00:00,3360000000000.0,1.13806,1.13621,['4.55 USD'],-0.00163,-189.55 USD,True
BACKTESTER-001,MLSignalStrategyV2-V2,EUR/USD.IDEALPRO,IDEALPRO-001,O-20250430-100000-001-V2-1459,O-20250430-100000-001-V2-1461,BUY,FLAT,0.00,100000.00,1746007200000000000,2025-04-30 10:00:00+00:00,1746013080000000000,2025-04-30 11:38:00+00:00,5880000000000.0,1.13624,1.13751,['4.55 USD'],0.00112,122.45 USD,True
BACKTESTER-001,MLSignalStrategyV2-V2,EUR/USD.IDEALPRO,IDEALPRO-001,O-20250430-200000-001-V2-1462,O-20250430-200000-001-V2-1463,BUY,FLAT,0.00,100000.00,1746043200000000000,2025-04-30 20:00:00+00:00,1746061680000000000,2025-05-01 01:08:00+00:00,18480000000000.0,1.13299,1.13138,['4.53 USD'],-0.00142,-165.53 USD,True
BACKTESTER-001,MLSignalStrategyV2-V2,EUR/USD.IDEALPRO,IDEALPRO-001,O-20250501-034500-001-V2-1465,O-20250501-034500-001-V2-1467,BUY,FLAT,0.00,100000.00,1746071100000000000,2025-05-01 03:45:00+00:00,1746071760000000000,2025-05-01 03:56:00+00:00,660000000000.0,1.13016,1.13107,['4.52 USD'],0.00081,86.48 USD,True
BACKTESTER-001,MLSignalStrategyV2-V2,EUR/USD.IDEALPRO,IDEALPRO-001,O-20250501-091500-001-V2-1468,O-20250501-091500-001-V2-1470,BUY,FLAT,0.00,100000.00,1746090900000000000,2025-05-01 09:15:00+00:00,1746096120000000000,2025-05-01 10:42:00+00:00,5220000000000.0,1.13169,1.13291,['4.53 USD'],0.00108,117.47 USD,True
BACKTESTER-001,MLSignalStrategyV2-V2,EUR/USD.IDEALPRO,IDEALPRO-001,O-20250501-124500-001-V2-1471,O-20250501-124500-001-V2-1473,SELL,FLAT,0.00,100000.00,1746103500000000000,2025-05-01 12:45:00+00:00,1746108060000000000,2025-05-01 14:01:00+00:00,4560000000000.0,1.13171,1.1298,['4.52 USD'],0.00169,186.48 USD,True
BACKTESTER-001,MLSignalStrategyV2-V2,EUR/USD.IDEALPRO,IDEALPRO-001,O-20250501-150000-001-V2-1474,O-20250501-150000-001-V2-1476,BUY,FLAT,0.00,100000.00,1746111600000000000,2025-05-01 15:00:00+00:00,1746139020000000000,2025-05-01 22:37:00+00:00,27420000000000.0,1.12818,1.12984,['4.52 USD'],0.00147,161.48 USD,True
BACKTESTER-001,MLSignalStrategyV2-V2,EUR/USD.IDEALPRO,IDEALPRO-001,O-20250501-230000-001-V2-1477,O-20250501-230000-001-V2-1478,BUY,FLAT,0.00,100000.00,1746140400000000000,2025-05-01 23:00:00+00:00,1746145200000000000,2025-05-02 00:20:00+00:00,4800000000000.0,1.12953,1.12855,['4.52 USD'],-0.00087,-102.52 USD,True
BACKTESTER-001,MLSignalStrategyV2-V2,EUR/USD.IDEALPRO,IDEALPRO-001,O-20250502-011500-001-V2-1480,O-20250502-011500-001-V2-1482,BUY,FLAT,0.00,100000.00,1746148500000000000,2025-05-02 01:15:00+00:00,1746150900000000000,2025-05-02 01:55:00+00:00,2400000000000.0,1.12866,1.12948,['4.52 USD'],0.00073,77.48 USD,True
BACKTESTER-001,MLSignalStrategyV2-V2,EUR/USD.IDEALPRO,IDEALPRO-001,O-20250502-033000-001-V2-1483,O-20250502-033000-001-V2-1485,BUY,FLAT,0.00,100000.00,1746156600000000000,2025-05-02 03:30:00+00:00,1746165960000000000,2025-05-02 06:06:00+00:00,9360000000000.0,1.13082,1.13166,['4.52 USD'],0.00074,79.48 USD,True
BACKTESTER-001,MLSignalStrategyV2-V2,EUR/USD.IDEALPRO,IDEALPRO-001,O-20250502-073000-001-V2-1486,O-20250502-073000-001-V2-1488,BUY,FLAT,0.00,100000.00,1746171000000000000,2025-05-02 07:30:00+00:00,1746172320000000000,2025-05-02 07:52:00+00:00,1320000000000.0,1.13211,1.13333,['4.53 USD'],0.00108,117.47 USD,True
BACKTESTER-001,MLSignalStrategyV2-V2,EUR/USD.IDEALPRO,IDEALPRO-001,O-20250502-134500-001-V2-1489,O-20250502-134500-001-V2-1491,SELL,FLAT,0.00,100000.00,1746193500000000000,2025-05-02 13:45:00+00:00,1746199380000000000,2025-05-02 15:23:00+00:00,5880000000000.0,1.13676,1.13429,['4.54 USD'],0.00217,242.46 USD,True
BACKTESTER-001,MLSignalStrategyV2-V2,EUR/USD.IDEALPRO,IDEALPRO-001,O-20250502-161500-001-V2-1492,O-20250502-161500-001-V2-1494,SELL,FLAT,0.00,100000.00,1746202500000000000,2025-05-02 16:15:00+00:00,1746204900000000000,2025-05-02 16:55:00+00:00,2400000000000.0,1.13373,1.13173,['4.53 USD'],0.00176,195.47 USD,True
BACKTESTER-001,MLSignalStrategyV2-V2,EUR/USD.IDEALPRO,IDEALPRO-001,O-20250504-213000-001-V2-1495,O-20250504-213000-001-V2-1497,BUY,FLAT,0.00,100000.00,1746394200000000000,2025-05-04 21:30:00+00:00,1746398400000000000,2025-05-04 22:40:00+00:00,4200000000000.0,1.13031,1.13124,['4.52 USD'],0.00082,88.48 USD,True
BACKTESTER-001,MLSignalStrategyV2-V2,EUR/USD.IDEALPRO,IDEALPRO-001,O-20250504-224500-001-V2-1498,O-20250504-224500-001-V2-1500,BUY,FLAT,0.00,100000.00,1746398700000000000,2025-05-04 22:45:00+00:00,1746402360000000000,2025-05-04 23:46:00+00:00,3660000000000.0,1.13134,1.13249,['4.52 USD'],0.00102,110.48 USD,True
BACKTESTER-001,MLSignalStrategyV2-V2,EUR/USD.IDEALPRO,IDEALPRO-001,O-20250505-023000-001-V2-1501,O-20250505-023000-001-V2-1502,BUY,FLAT,0.00,100000.00,1746412200000000000,2025-05-05 02:30:00+00:00,1746426180000000000,2025-05-05 06:23:00+00:00,13980000000000.0,1.13398,1.13241,['4.53 USD'],-0.00138,-161.53 USD,True
BACKTESTER-001,MLSignalStrategyV2-V2,EUR/USD.IDEALPRO,IDEALPRO-001,O-20250505-080000-001-V2-1504,O-20250505-080000-001-V2-1506,BUY,FLAT,0.00,100000.00,1746432000000000000,2025-05-05 08:00:00+00:00,1746432720000000000,2025-05-05 08:12:00+00:00,720000000000.0,1.13132,1.1325,['4.53 USD'],0.00104,113.47 USD,True
BACKTESTER-001,MLSignalStrategyV2-V2,EUR/USD.IDEALPRO,IDEALPRO-001,O-20250505-081500-001-V2-1507,O-20250505-081500-001-V2-1509,BUY,FLAT,0.00,100000.00,1746432900000000000,2025-05-05 08:15:00+00:00,1746436020000000000,2025-05-05 09:07:00+00:00,3120000000000.0,1.13255,1.13384,['4.54 USD'],0.00114,124.46 USD,True
BACKTESTER-001,MLSignalStrategyV2-V2,EUR/USD.IDEALPRO,IDEALPRO-001,O-20250505-124500-001-V2-1510,O-20250505-124500-001-V2-1512,SELL,FLAT,0.00,100000.00,1746449100000000000,2025-05-05 12:45:00+00:00,1746453660000000000,2025-05-05 14:01:00+00:00,4560000000000.0,1.13502,1.1337,['4.54 USD'],0.00116,127.46 USD,True
BACKTESTER-001,MLSignalStrategyV2-V2,EUR/USD.IDEALPRO,IDEALPRO-001,O-20250505-150000-001-V2-1513,O-20250505-150000-001-V2-1515,SELL,FLAT,0.00,100000.00,1746457200000000000,2025-05-05 15:00:00+00:00,1746459240000000000,2025-05-05 15:34:00+00:00,2040000000000.0,1.13386,1.13241,['4.53 USD'],0.00128,140.47 USD,True
BACKTESTER-001,MLSignalStrategyV2-V2,EUR/USD.IDEALPRO,IDEALPRO-001,O-20250505-170000-001-V2-1516,O-20250505-170000-001-V2-1518,BUY,FLAT,0.00,100000.00,1746464400000000000,2025-05-05 17:00:00+00:00,1746471360000000000,2025-05-05 18:56:00+00:00,6960000000000.0,1.13023,1.13141,['4.52 USD'],0.00104,113.48 USD,True
BACKTESTER-001,MLSignalStrategyV2-V2,EUR/USD.IDEALPRO,IDEALPRO-001,O-20250505-190000-001-V2-1519,O-20250505-190000-001-V2-1520,BUY,FLAT,0.00,100000.00,1746471600000000000,2025-05-05 19:00:00+00:00,1746490440000000000,2025-05-06 00:14:00+00:00,18840000000000.0,1.13132,1.13002,['4.52 USD'],-0.00115,-134.52 USD,True
BACKTESTER-001,MLSignalStrategyV2-V2,EUR/USD.IDEALPRO,IDEALPRO-001,O-20250506-001500-001-V2-1522,O-20250506-001500-001-V2-1523,BUY,FLAT,0.00,100000.00,1746490500000000000,2025-05-06 00:15:00+00:00,1746490800000000000,2025-05-06 00:20:00+00:00,300000000000.0,1.12989,1.12898,['4.52 USD'],-0.00081,-95.52 USD,True
BACKTESTER-001,MLSignalStrategyV2-V2,EUR/USD.IDEALPRO,IDEALPRO-001,O-20250506-003000-001-V2-1525,O-20250506-003000-001-V2-1527,BUY,FLAT,0.00,100000.00,1746491400000000000,2025-05-06 00:30:00+00:00,1746496320000000000,2025-05-06 01:52:00+00:00,4920000000000.0,1.12868,1.12946,['4.52 USD'],0.00069,73.48 USD,True
BACKTESTER-001,MLSignalStrategyV2-V2,EUR/USD.IDEALPRO,IDEALPRO-001,O-20250506-020000-001-V2-1528,O-20250506-020000-001-V2-1530,BUY,FLAT,0.00,100000.00,1746496800000000000,2025-05-06 02:00:00+00:00,1746497280000000000,2025-05-06 02:08:00+00:00,480000000000.0,1.12936,1.13059,['4.52 USD'],0.00109,118.48 USD,True
BACKTESTER-001,MLSignalStrategyV2-V2,EUR/USD.IDEALPRO,IDEALPRO-001,O-20250506-041500-001-V2-1531,O-20250506-041500-001-V2-1533,BUY,FLAT,0.00,100000.00,1746504900000000000,2025-05-06 04:15:00+00:00,1746513480000000000,2025-05-06 06:38:00+00:00,8580000000000.0,1.13187,1.13296,['4.53 USD'],0.00096,104.47 USD,True
BACKTESTER-001,MLSignalStrategyV2-V2,EUR/USD.IDEALPRO,IDEALPRO-001,O-20250506-084500-001-V2-1534,O-20250506-084500-001-V2-1535,BUY,FLAT,0.00,100000.00,1746521100000000000,2025-05-06 08:45:00+00:00,1746523680000000000,2025-05-06 09:28:00+00:00,2580000000000.0,1.13357,1.13167,['4.53 USD'],-0.00168,-194.53 USD,True
BACKTESTER-001,MLSignalStrategyV2-V2,EUR/USD.IDEALPRO,IDEALPRO-001,O-20250506-201500-001-V2-1537,O-20250506-201500-001-V2-1538,BUY,FLAT,0.00,100000.00,1746562500000000000,2025-05-06 20:15:00+00:00,1746569040000000000,2025-05-06 22:04:00+00:00,6540000000000.0,1.13781,1.13535,['4.55 USD'],-0.00216,-250.55 USD,True
BACKTESTER-001,MLSignalStrategyV2-V2,EUR/USD.IDEALPRO,IDEALPRO-001,O-20250506-223000-001-V2-1540,O-20250506-223000-001-V2-1542,BUY,FLAT,0.00,100000.00,1746570600000000000,2025-05-06 22:30:00+00:00,1746570900000000000,2025-05-06 22:35:00+00:00,300000000000.0,1.13297,1.13448,['4.54 USD'],0.00133,146.46 USD,True
BACKTESTER-001,MLSignalStrategyV2-V2,EUR/USD.IDEALPRO,IDEALPRO-001,O-20250506-230000-001-V2-1543,O-20250506-230000-001-V2-1545,BUY,FLAT,0.00,100000.00,1746572400000000000,2025-05-06 23:00:00+00:00,1746596940000000000,2025-05-07 05:49:00+00:00,24540000000000.0,1.13426,1.13599,['4.54 USD'],0.00153,168.46 USD,True
BACKTESTER-001,MLSignalStrategyV2-V2,EUR/USD.IDEALPRO,IDEALPRO-001,O-20250507-140000-001-V2-1546,O-20250507-140000-001-V2-1547,BUY,FLAT,0.00,100000.00,1746626400000000000,2025-05-07 14:00:00+00:00,1746631320000000000,2025-05-07 15:22:00+00:00,4920000000000.0,1.1367,1.13498,['4.54 USD'],-0.00151,-176.54 USD,True
BACKTESTER-001,MLSignalStrategyV2-V2,EUR/USD.IDEALPRO,IDEALPRO-001,O-20250507-201500-001-V2-1549,O-20250507-201500-001-V2-1551,BUY,FLAT,0.00,100000.00,1746648900000000000,2025-05-07 20:15:00+00:00,1746653220000000000,2025-05-07 21:27:00+00:00,4320000000000.0,1.12951,1.13157,['4.52 USD'],0.00182,201.48 USD,True
BACKTESTER-001,MLSignalStrategyV2-V2,EUR/USD.IDEALPRO,IDEALPRO-001,O-20250507-214500-001-V2-1552,O-20250507-214500-001-V2-1554,BUY,FLAT,0.00,100000.00,1746654300000000000,2025-05-07 21:45:00+00:00,1746669120000000000,2025-05-08 01:52:00+00:00,14820000000000.0,1.13112,1.13321,['4.53 USD'],0.00185,204.47 USD,True
BACKTESTER-001,MLSignalStrategyV2-V2,EUR/USD.IDEALPRO,IDEALPRO-001,O-20250508-060000-001-V2-1555,O-20250508-060000-001-V2-1556,BUY,FLAT,0.00,100000.00,1746684000000000000,2025-05-08 06:00:00+00:00,1746685080000000000,2025-05-08 06:18:00+00:00,1080000000000.0,1.13039,1.12878,['4.52 USD'],-0.00142,-165.52 USD,True
BACKTESTER-001,MLSignalStrategyV2-V2,EUR/USD.IDEALPRO,IDEALPRO-001,O-20250508-063000-001-V2-1558,O-20250508-063000-001-V2-1560,BUY,FLAT,0.00,100000.00,1746685800000000000,2025-05-08 06:30:00+00:00,1746691260000000000,2025-05-08 08:01:00+00:00,5460000000000.0,1.12858,1.12988,['4.52 USD'],0.00115,125.48 USD,True
BACKTESTER-001,MLSignalStrategyV2-V2,EUR/USD.IDEALPRO,IDEALPRO-001,O-20250508-101500-001-V2-1561,O-20250508-101500-001-V2-1563,BUY,FLAT,0.00,100000.00,1746699300000000000,2025-05-08 10:15:00+00:00,1746700080000000000,2025-05-08 10:28:00+00:00,780000000000.0,1.12792,1.12918,['4.52 USD'],0.00112,121.48 USD,True
BACKTESTER-001,MLSignalStrategyV2-V2,EUR/USD.IDEALPRO,IDEALPRO-001,O-20250508-151500-001-V2-1564,O-20250508-151500-001-V2-1566,SELL,FLAT,0.00,100000.00,1746717300000000000,2025-05-08 15:15:00+00:00,1746718800000000000,2025-05-08 15:40:00+00:00,1500000000000.0,1.12873,1.12652,['4.51 USD'],0.00196,216.49 USD,True
BACKTESTER-001,MLSignalStrategyV2-V2,EUR/USD.IDEALPRO,IDEALPRO-001,O-20250508-180000-001-V2-1567,O-20250508-180000-001-V2-1568,BUY,FLAT,0.00,100000.00,1746727200000000000,2025-05-08 18:00:00+00:00,1746756540000000000,2025-05-09 02:09:00+00:00,29340000000000.0,1.12269,1.12031,['4.49 USD'],-0.00212,-242.49 USD,True
BACKTESTER-001,MLSignalStrategyV2-V2,EUR/USD.IDEALPRO,IDEALPRO-001,O-20250509-021500-001-V2-1570,O-20250509-021500-001-V2-1572,BUY,FLAT,0.00,100000.00,1746756900000000000,2025-05-09 02:15:00+00:00,1746758280000000000,2025-05-09 02:38:00+00:00,1380000000000.0,1.12,1.12117,['4.48 USD'],0.00104,112.52 USD,True
BACKTESTER-001,MLSignalStrategyV2-V2,EUR/USD.IDEALPRO,IDEALPRO-001,O-20250509-024500-001-V2-1573,O-20250509-024500-001-V2-1575,BUY,FLAT,0.00,100000.00,1746758700000000000,2025-05-09 02:45:00+00:00,1746759660000000000,2025-05-09 03:01:00+00:00,960000000000.0,1.12134,1.12243,['4.48 USD'],0.00097,104.52 USD,True
BACKTESTER-001,MLSignalStrategyV2-V2,EUR/USD.IDEALPRO,IDEALPRO-001,O-20250509-041500-001-V2-1576,O-20250509-041500-001-V2-1578,BUY,FLAT,0.00,100000.00,1746764100000000000,2025-05-09 04:15:00+00:00,1746770940000000000,2025-05-09 06:09:00+00:00,6840000000000.0,1.12278,1.12383,['4.50 USD'],0.00094,100.50 USD,True
BACKTESTER-001,MLSignalStrategyV2-V2,EUR/USD.IDEALPRO,IDEALPRO-001,O-20250509-070000-001-V2-1579,O-20250509-070000-001-V2-1581,BUY,FLAT,0.00,100000.00,1746774000000000000,2025-05-09 07:00:00+00:00,1746776100000000000,2025-05-09 07:35:00+00:00,2100000000000.0,1.12404,1.12508,['4.50 USD'],0.00093,99.50 USD,True
BACKTESTER-001,MLSignalStrategyV2-V2,EUR/USD.IDEALPRO,IDEALPRO-001,O-20250509-150000-001-V2-1582,O-20250509-150000-001-V2-1584,SELL,FLAT,0.00,100000.00,1746802800000000000,2025-05-09 15:00:00+00:00,1746818700000000000,2025-05-09 19:25:00+00:00,15900000000000.0,1.12677,1.12515,['4.50 USD'],0.00144,157.50 USD,True
BACKTESTER-001,MLSignalStrategyV2-V2,EUR/USD.IDEALPRO,IDEALPRO-001,O-20250511-213000-001-V2-1585,O-20250511-213000-001-V2-1587,BUY,FLAT,0.00,100000.00,1746999000000000000,2025-05-11 21:30:00+00:00,1747001100000000000,2025-05-11 22:05:00+00:00,2100000000000.0,1.12131,1.12267,['4.49 USD'],0.00121,131.51 USD,True
BACKTESTER-001,MLSignalStrategyV2-V2,EUR/USD.IDEALPRO,IDEALPRO-001,O-20250511-221500-001-V2-1588,O-20250511-221500-001-V2-1590,BUY,FLAT,0.00,100000.00,1747001700000000000,2025-05-11 22:15:00+00:00,1747008600000000000,2025-05-12 00:10:00+00:00,6900000000000.0,1.12252,1.12373,['4.50 USD'],0.00108,116.50 USD,True
BACKTESTER-001,MLSignalStrategyV2-V2,EUR/USD.IDEALPRO,IDEALPRO-001,O-20250512-051500-001-V2-1591,O-20250512-051500-001-V2-1592,BUY,FLAT,0.00,100000.00,1747026900000000000,2025-05-12 05:15:00+00:00,1747028940000000000,2025-05-12 05:49:00+00:00,2040000000000.0,1.12243,1.12138,['4.48 USD'],-0.00094,-109.48 USD,True
BACKTESTER-001,MLSignalStrategyV2-V2,EUR/USD.IDEALPRO,IDEALPRO-001,O-20250512-071500-001-V2-1594,O-20250512-071500-001-V2-1595,BUY,FLAT,0.00,100000.00,1747034100000000000,2025-05-12 07:15:00+00:00,1747034760000000000,2025-05-12 07:26:00+00:00,660000000000.0,1.11595,1.11308,['4.46 USD'],-0.00257,-291.46 USD,True
BACKTESTER-001,MLSignalStrategyV2-V2,EUR/USD.IDEALPRO,IDEALPRO-001,O-20250512-073000-001-V2-1597,O-20250512-073000-001-V2-1598,BUY,FLAT,0.00,100000.00,1747035000000000000,2025-05-12 07:30:00+00:00,1747037700000000000,2025-05-12 08:15:00+00:00,2700000000000.0,1.11157,1.1082,['4.44 USD'],-0.00303,-341.44 USD,True
BACKTESTER-001,MLSignalStrategyV2-V2,EUR/USD.IDEALPRO,IDEALPRO-001,O-20250512-081500-001-V2-1600,O-20250512-081500-001-V2-1602,BUY,FLAT,0.00,100000.00,1747037700000000000,2025-05-12 08:15:00+00:00,1747038960000000000,2025-05-12 08:36:00+00:00,1260000000000.0,1.10936,1.11224,['4.44 USD'],0.0026,283.56 USD,True
BACKTESTER-001,MLSignalStrategyV2-V2,EUR/USD.IDEALPRO,IDEALPRO-001,O-20250512-100000-001-V2-1603,O-20250512-100000-001-V2-1604,BUY,FLAT,0.00,100000.00,1747044000000000000,2025-05-12 10:00:00+00:00,1747045620000000000,2025-05-12 10:27:00+00:00,1620000000000.0,1.11187,1.10868,['4.44 USD'],-0.00287,-323.44 USD,True
BACKTESTER-001,MLSignalStrategyV2-V2,EUR/USD.IDEALPRO,IDEALPRO-001,O-20250512-103000-001-V2-1606,O-20250512-103000-001-V2-1608,BUY,FLAT,0.00,100000.00,1747045800000000000,2025-05-12 10:30:00+00:00,1747050660000000000,2025-05-12 11:51:00+00:00,4860000000000.0,1.10906,1.11151,['4.44 USD'],0.00221,240.56 USD,True
BACKTESTER-001,MLSignalStrategyV2-V2,EUR/USD.IDEALPRO,IDEALPRO-001,O-20250512-170000-001-V2-1609,O-20250512-170000-001-V2-1611,BUY,FLAT,0.00,100000.00,1747069200000000000,2025-05-12 17:00:00+00:00,1747093680000000000,2025-05-12 23:48:00+00:00,24480000000000.0,1.10847,1.11,['4.44 USD'],0.00138,148.56 USD,True
BACKTESTER-001,MLSignalStrategyV2-V2,EUR/USD.IDEALPRO,IDEALPRO-001,O-20250513-103000-001-V2-1612,O-20250513-103000-001-V2-1614,BUY,FLAT,0.00,100000.00,1747132200000000000,2025-05-13 10:30:00+00:00,1747139460000000000,2025-05-13 12:31:00+00:00,7260000000000.0,1.11094,1.113,['4.45 USD'],0.00185,201.55 USD,True
BACKTESTER-001,MLSignalStrategyV2-V2,EUR/USD.IDEALPRO,IDEALPRO-001,O-20250513-201500-001-V2-1615,O-20250513-201500-001-V2-1617,BUY,FLAT,0.00,100000.00,1747167300000000000,2025-05-13 20:15:00+00:00,1747176900000000000,2025-05-13 22:55:00+00:00,9600000000000.0,1.11889,1.11965,['4.48 USD'],0.00068,71.52 USD,True
BACKTESTER-001,MLSignalStrategyV2-V2,EUR/USD.IDEALPRO,IDEALPRO-001,O-20250513-230000-001-V2-1618,O-20250513-230000-001-V2-1619,BUY,FLAT,0.00,100000.00,1747177200000000000,2025-05-13 23:00:00+00:00,1747177680000000000,2025-05-13 23:08:00+00:00,480000000000.0,1.11975,1.11888,['4.48 USD'],-0.00078,-91.48 USD,True
BACKTESTER-001,MLSignalStrategyV2-V2,EUR/USD.IDEALPRO,IDEALPRO-001,O-20250514-024500-001-V2-1621,O-20250514-024500-001-V2-1622,SELL,FLAT,0.00,100000.00,1747190700000000000,2025-05-14 02:45:00+00:00,1747195260000000000,2025-05-14 04:01:00+00:00,4560000000000.0,1.11852,1.12008,['4.48 USD'],-0.00139,-160.48 USD,True
BACKTESTER-001,MLSignalStrategyV2-V2,EUR/USD.IDEALPRO,IDEALPRO-001,O-20250514-043000-001-V2-1624,O-20250514-043000-001-V2-1625,BUY,FLAT,0.00,100000.00,1747197000000000000,2025-05-14 04:30:00+00:00,1747202760000000000,2025-05-14 06:06:00+00:00,5760000000000.0,1.11952,1.11803,['4.48 USD'],-0.00133,-153.48 USD,True
BACKTESTER-001,MLSignalStrategyV2-V2,EUR/USD.IDEALPRO,IDEALPRO-001,O-20250514-074500-001-V2-1627,O-20250514-074500-001-V2-1629,BUY,FLAT,0.00,100000.00,1747208700000000000,2025-05-14 07:45:00+00:00,1747209840000000000,2025-05-14 08:04:00+00:00,1140000000000.0,1.12046,1.1225,['4.49 USD'],0.00182,199.51 USD,True
BACKTESTER-001,MLSignalStrategyV2-V2,EUR/USD.IDEALPRO,IDEALPRO-001,O-20250514-101500-001-V2-1630,O-20250514-101500-001-V2-1632,SELL,FLAT,0.00,100000.00,1747217700000000000,2025-05-14 10:15:00+00:00,1747221000000000000,2025-05-14 11:10:00+00:00,3300000000000.0,1.12449,1.12248,['4.49 USD'],0.00179,196.51 USD,True
BACKTESTER-001,MLSignalStrategyV2-V2,EUR/USD.IDEALPRO,IDEALPRO-001,O-20250514-164500-001-V2-1633,O-20250514-164500-001-V2-1634,BUY,FLAT,0.00,100000.00,1747241100000000000,2025-05-14 16:45:00+00:00,1747252620000000000,2025-05-14 19:57:00+00:00,11520000000000.0,1.1186,1.11655,['4.47 USD'],-0.00183,-209.47 USD,True
BACKTESTER-001,MLSignalStrategyV2-V2,EUR/USD.IDEALPRO,IDEALPRO-001,O-20250514-200000-001-V2-1636,O-20250514-200000-001-V2-1638,BUY,FLAT,0.00,100000.00,1747252800000000000,2025-05-14 20:00:00+00:00,1747260060000000000,2025-05-14 22:01:00+00:00,7260000000000.0,1.11676,1.11787,['4.47 USD'],0.00099,106.53 USD,True
BACKTESTER-001,MLSignalStrategyV2-V2,EUR/USD.IDEALPRO,IDEALPRO-001,O-20250515-003000-001-V2-1639,O-20250515-003000-001-V2-1641,BUY,FLAT,0.00,100000.00,1747269000000000000,2025-05-15 00:30:00+00:00,1747270980000000000,2025-05-15 01:03:00+00:00,1980000000000.0,1.11885,1.11958,['4.48 USD'],0.00065,68.52 USD,True
BACKTESTER-001,MLSignalStrategyV2-V2,EUR/USD.IDEALPRO,IDEALPRO-001,O-20250515-100000-001-V2-1642,O-20250515-100000-001-V2-1644,SELL,FLAT,0.00,100000.00,1747303200000000000,2025-05-15 10:00:00+00:00,1747308060000000000,2025-05-15 11:21:00+00:00,4860000000000.0,1.12024,1.11904,['4.48 USD'],0.00107,115.52 USD,True
BACKTESTER-001,MLSignalStrategyV2-V2,EUR/USD.IDEALPRO,IDEALPRO-001,O-20250515-120000-001-V2-1645,O-20250515-120000-001-V2-1647,BUY,FLAT,0.00,100000.00,1747310400000000000,2025-05-15 12:00:00+00:00,1747311720000000000,2025-05-15 12:22:00+00:00,1320000000000.0,1.1183,1.11955,['4.48 USD'],0.00112,120.52 USD,True
BACKTESTER-001,MLSignalStrategyV2-V2,EUR/USD.IDEALPRO,IDEALPRO-001,O-20250515-180000-001-V2-1648,O-20250515-180000-001-V2-1650,BUY,FLAT,0.00,100000.00,1747332000000000000,2025-05-15 18:00:00+00:00,1747337760000000000,2025-05-15 19:36:00+00:00,5760000000000.0,1.11713,1.11836,['4.47 USD'],0.0011,118.53 USD,True
BACKTESTER-001,MLSignalStrategyV2-V2,EUR/USD.IDEALPRO,IDEALPRO-001,O-20250515-210000-001-V2-1651,O-20250515-210000-001-V2-1653,BUY,FLAT,0.00,100000.00,1747342800000000000,2025-05-15 21:00:00+00:00,1747353780000000000,2025-05-16 00:03:00+00:00,10980000000000.0,1.11876,1.11958,['4.48 USD'],0.00073,77.52 USD,True
BACKTESTER-001,MLSignalStrategyV2-V2,EUR/USD.IDEALPRO,IDEALPRO-001,O-20250516-093000-001-V2-1654,O-20250516-093000-001-V2-1655,BUY,FLAT,0.00,100000.00,1747387800000000000,2025-05-16 09:30:00+00:00,1747389540000000000,2025-05-16 09:59:00+00:00,1740000000000.0,1.12076,1.11917,['4.48 USD'],-0.00142,-163.48 USD,True
BACKTESTER-001,MLSignalStrategyV2-V2,EUR/USD.IDEALPRO,IDEALPRO-001,O-20250516-100000-001-V2-1657,O-20250516-100000-001-V2-1659,BUY,FLAT,0.00,100000.00,1747389600000000000,2025-05-16 10:00:00+00:00,1747393680000000000,2025-05-16 11:08:00+00:00,4080000000000.0,1.11945,1.12048,['4.48 USD'],0.00092,98.52 USD,True
BACKTESTER-001,MLSignalStrategyV2-V2,EUR/USD.IDEALPRO,IDEALPRO-001,O-20250516-153000-001-V2-1660,O-20250516-153000-001-V2-1662,BUY,FLAT,0.00,100000.00,1747409400000000000,2025-05-16 15:30:00+00:00,1747423620000000000,2025-05-16 19:27:00+00:00,14220000000000.0,1.11436,1.11586,['4.46 USD'],0.00135,145.54 USD,True
BACKTESTER-001,MLSignalStrategyV2-V2,EUR/USD.IDEALPRO,IDEALPRO-001,O-20250518-213000-001-V2-1663,O-20250518-213000-001-V2-1665,BUY,FLAT,0.00,100000.00,1747603800000000000,2025-05-18 21:30:00+00:00,1747608600000000000,2025-05-18 22:50:00+00:00,4800000000000.0,1.11817,1.11926,['4.48 USD'],0.00097,104.52 USD,True
BACKTESTER-001,MLSignalStrategyV2-V2,EUR/USD.IDEALPRO,IDEALPRO-001,O-20250518-230000-001-V2-1666,O-20250518-230000-001-V2-1668,SELL,FLAT,0.00,100000.00,1747609200000000000,2025-05-18 23:00:00+00:00,1747615800000000000,2025-05-19 00:50:00+00:00,6600000000000.0,1.11901,1.11803,['4.48 USD'],0.00088,93.52 USD,True
BACKTESTER-001,MLSignalStrategyV2-V2,EUR/USD.IDEALPRO,IDEALPRO-001,O-20250519-081500-001-V2-1669,O-20250519-081500-001-V2-1670,SELL,FLAT,0.00,100000.00,1747642500000000000,2025-05-19 08:15:00+00:00,1747645620000000000,2025-05-19 09:07:00+00:00,3120000000000.0,1.12482,1.12695,['4.50 USD'],-0.00189,-217.50 USD,True
BACKTESTER-001,MLSignalStrategyV2-V2,EUR/USD.IDEALPRO,IDEALPRO-001,O-20250519-123000-001-V2-1672,O-20250519-123000-001-V2-1674,SELL,FLAT,0.00,100000.00,1747657800000000000,2025-05-19 12:30:00+00:00,1747659840000000000,2025-05-19 13:04:00+00:00,2040000000000.0,1.12641,1.12511,['4.50 USD'],0.00115,125.50 USD,True
BACKTESTER-001,MLSignalStrategyV2-V2,EUR/USD.IDEALPRO,IDEALPRO-001,O-20250519-131500-001-V2-1675,O-20250519-131500-001-V2-1677,SELL,FLAT,0.00,100000.00,1747660500000000000,2025-05-19 13:15:00+00:00,1747662660000000000,2025-05-19 13:51:00+00:00,2160000000000.0,1.12604,1.12472,['4.50 USD'],0.00117,127.50 USD,True
BACKTESTER-001,MLSignalStrategyV2-V2,EUR/USD.IDEALPRO,IDEALPRO-001,O-20250519-170000-001-V2-1678,O-20250519-170000-001-V2-1679,BUY,FLAT,0.00,100000.00,1747674000000000000,2025-05-19 17:00:00+00:00,1747701120000000000,2025-05-20 00:32:00+00:00,27120000000000.0,1.12354,1.122,['4.49 USD'],-0.00137,-158.49 USD,True
BACKTESTER-001,MLSignalStrategyV2-V2,EUR/USD.IDEALPRO,IDEALPRO-001,O-20250520-004500-001-V2-1681,O-20250520-004500-001-V2-1683,BUY,FLAT,0.00,100000.00,1747701900000000000,2025-05-20 00:45:00+00:00,1747702740000000000,2025-05-20 00:59:00+00:00,840000000000.0,1.12226,1.12281,['4.49 USD'],0.00049,50.51 USD,True
BACKTESTER-001,MLSignalStrategyV2-V2,EUR/USD.IDEALPRO,IDEALPRO-001,O-20250520-020000-001-V2-1684,O-20250520-020000-001-V2-1686,SELL,FLAT,0.00,100000.00,1747706400000000000,2025-05-20 02:00:00+00:00,1747709880000000000,2025-05-20 02:58:00+00:00,3480000000000.0,1.12384,1.12261,['4.50 USD'],0.00109,118.50 USD,True
BACKTESTER-001,MLSignalStrategyV2-V2,EUR/USD.IDEALPRO,IDEALPRO-001,O-20250520-070000-001-V2-1687,O-20250520-070000-001-V2-1689,BUY,FLAT,0.00,100000.00,1747724400000000000,2025-05-20 07:00:00+00:00,1747725180000000000,2025-05-20 07:13:00+00:00,780000000000.0,1.12577,1.12724,['4.50 USD'],0.00131,142.50 USD,True
BACKTESTER-001,MLSignalStrategyV2-V2,EUR/USD.IDEALPRO,IDEALPRO-001,O-20250520-110000-001-V2-1690,O-20250520-110000-001-V2-1691,BUY,FLAT,0.00,100000.00,1747738800000000000,2025-05-20 11:00:00+00:00,1747743540000000000,2025-05-20 12:19:00+00:00,4740000000000.0,1.12446,1.12293,['4.50 USD'],-0.00136,-157.50 USD,True
BACKTESTER-001,MLSignalStrategyV2-V2,EUR/USD.IDEALPRO,IDEALPRO-001,O-20250520-123000-001-V2-1693,O-20250520-123000-001-V2-1695,BUY,FLAT,0.00,100000.00,1747744200000000000,2025-05-20 12:30:00+00:00,1747748220000000000,2025-05-20 13:37:00+00:00,4020000000000.0,1.12278,1.12381,['4.50 USD'],0.00092,98.50 USD,True
BACKTESTER-001,MLSignalStrategyV2-V2,EUR/USD.IDEALPRO,IDEALPRO-001,O-20250520-200000-001-V2-1696,O-20250520-200000-001-V2-1698,BUY,FLAT,0.00,100000.00,1747771200000000000,2025-05-20 20:00:00+00:00,1747783680000000000,2025-05-20 23:28:00+00:00,12480000000000.0,1.12807,1.12885,['4.52 USD'],0.00069,73.48 USD,True
BACKTESTER-001,MLSignalStrategyV2-V2,EUR/USD.IDEALPRO,IDEALPRO-001,O-20250521-024500-001-V2-1699,O-20250521-024500-001-V2-1701,BUY,FLAT,0.00,100000.00,1747795500000000000,2025-05-21 02:45:00+00:00,1747799340000000000,2025-05-21 03:49:00+00:00,3840000000000.0,1.13218,1.13321,['4.53 USD'],0.00091,98.47 USD,True
BACKTESTER-001,MLSignalStrategyV2-V2,EUR/USD.IDEALPRO,IDEALPRO-001,O-20250521-203000-001-V2-1702,O-20250521-203000-001-V2-1703,BUY,FLAT,0.00,100000.00,1747859400000000000,2025-05-21 20:30:00+00:00,1747868580000000000,2025-05-21 23:03:00+00:00,9180000000000.0,1.13277,1.13122,['4.53 USD'],-0.00137,-159.53 USD,True
BACKTESTER-001,MLSignalStrategyV2-V2,EUR/USD.IDEALPRO,IDEALPRO-001,O-20250521-234500-001-V2-1705,O-20250521-234500-001-V2-1706,SELL,FLAT,0.00,100000.00,1747871100000000000,2025-05-21 23:45:00+00:00,1747872780000000000,2025-05-22 00:13:00+00:00,1680000000000.0,1.13268,1.13397,['4.54 USD'],-0.00114,-133.54 USD,True
BACKTESTER-001,MLSignalStrategyV2-V2,EUR/USD.IDEALPRO,IDEALPRO-001,O-20250522-030000-001-V2-1708,O-20250522-030000-001-V2-1709,BUY,FLAT,0.00,100000.00,1747882800000000000,2025-05-22 03:00:00+00:00,1747888380000000000,2025-05-22 04:33:00+00:00,5580000000000.0,1.1339,1.13248,['4.53 USD'],-0.00125,-146.53 USD,True
BACKTESTER-001,MLSignalStrategyV2-V2,EUR/USD.IDEALPRO,IDEALPRO-001,O-20250522-044500-001-V2-1711,O-20250522-044500-001-V2-1713,BUY,FLAT,0.00,100000.00,1747889100000000000,2025-05-22 04:45:00+00:00,1747893900000000000,2025-05-22 06:05:00+00:00,4800000000000.0,1.13305,1.13385,['4.54 USD'],0.00071,75.46 USD,True
BACKTESTER-001,MLSignalStrategyV2-V2,EUR/USD.IDEALPRO,IDEALPRO-001,O-20250522-093000-001-V2-1714,O-20250522-093000-001-V2-1716,BUY,FLAT,0.00,100000.00,1747906200000000000,2025-05-22 09:30:00+00:00,1747913460000000000,2025-05-22 11:31:00+00:00,7260000000000.0,1.1294,1.13096,['4.52 USD'],0.00138,151.48 USD,True
BACKTESTER-001,MLSignalStrategyV2-V2,EUR/USD.IDEALPRO,IDEALPRO-001,O-20250522-151500-001-V2-1717,O-20250522-151500-001-V2-1719,BUY,FLAT,0.00,100000.00,1747926900000000000,2025-05-22 15:15:00+00:00,1747927800000000000,2025-05-22 15:30:00+00:00,900000000000.0,1.12732,1.12883,['4.51 USD'],0.00134,146.49 USD,True
BACKTESTER-001,MLSignalStrategyV2-V2,EUR/USD.IDEALPRO,IDEALPRO-001,O-20250522-180000-001-V2-1720,O-20250522-180000-001-V2-1722,BUY,FLAT,0.00,100000.00,1747936800000000000,2025-05-22 18:00:00+00:00,1747939680000000000,2025-05-22 18:48:00+00:00,2880000000000.0,1.12682,1.12802,['4.51 USD'],0.00106,115.49 USD,True
BACKTESTER-001,MLSignalStrategyV2-V2,EUR/USD.IDEALPRO,IDEALPRO-001,O-20250523-053000-001-V2-1723,O-20250523-053000-001-V2-1724,BUY,FLAT,0.00,100000.00,1747978200000000000,2025-05-23 05:30:00+00:00,1747978680000000000,2025-05-23 05:38:00+00:00,480000000000.0,1.1321,1.13112,['4.52 USD'],-0.00087,-102.52 USD,True
BACKTESTER-001,MLSignalStrategyV2-V2,EUR/USD.IDEALPRO,IDEALPRO-001,O-20250523-074500-001-V2-1726,O-20250523-074500-001-V2-1728,BUY,FLAT,0.00,100000.00,1747986300000000000,2025-05-23 07:45:00+00:00,1747991100000000000,2025-05-23 09:05:00+00:00,4800000000000.0,1.13359,1.13487,['4.54 USD'],0.00113,123.46 USD,True
BACKTESTER-001,MLSignalStrategyV2-V2,EUR/USD.IDEALPRO,IDEALPRO-001,O-20250523-200000-001-V2-1729,O-20250523-200000-001-V2-1731,BUY,FLAT,0.00,100000.00,1748030400000000000,2025-05-23 20:00:00+00:00,1748211060000000000,2025-05-25 22:11:00+00:00,180660000000000.0,1.13637,1.13793,['4.55 USD'],0.00137,151.45 USD,True
BACKTESTER-001,MLSignalStrategyV2-V2,EUR/USD.IDEALPRO,IDEALPRO-001,O-20250525-224500-001-V2-1732,O-20250525-224500-001-V2-1733,SELL,FLAT,0.00,100000.00,1748213100000000000,2025-05-25 22:45:00+00:00,1748218920000000000,2025-05-26 00:22:00+00:00,5820000000000.0,1.13744,1.13898,['4.55 USD'],-0.00135,-158.55 USD,True
BACKTESTER-001,MLSignalStrategyV2-V2,EUR/USD.IDEALPRO,IDEALPRO-001,O-20250526-101500-001-V2-1735,O-20250526-101500-001-V2-1737,SELL,FLAT,0.00,100000.00,1748254500000000000,2025-05-26 10:15:00+00:00,1748261940000000000,2025-05-26 12:19:00+00:00,7440000000000.0,1.1383,1.13729,['4.55 USD'],0.00089,96.45 USD,True
BACKTESTER-001,MLSignalStrategyV2-V2,EUR/USD.IDEALPRO,IDEALPRO-001,O-20250526-124500-001-V2-1738,O-20250526-124500-001-V2-1739,SELL,FLAT,0.00,100000.00,1748263500000000000,2025-05-26 12:45:00+00:00,1748292360000000000,2025-05-26 20:46:00+00:00,28860000000000.0,1.1375,1.13881,['4.56 USD'],-0.00115,-135.56 USD,True
BACKTESTER-001,MLSignalStrategyV2-V2,EUR/USD.IDEALPRO,IDEALPRO-001,O-20250527-011500-001-V2-1741,O-20250527-011500-001-V2-1743,SELL,FLAT,0.00,100000.00,1748308500000000000,2025-05-27 01:15:00+00:00,1748310060000000000,2025-05-27 01:41:00+00:00,1560000000000.0,1.14063,1.13999,['4.56 USD'],0.00056,59.44 USD,True
BACKTESTER-001,MLSignalStrategyV2-V2,EUR/USD.IDEALPRO,IDEALPRO-001,O-20250527-014500-001-V2-1744,O-20250527-014500-001-V2-1746,SELL,FLAT,0.00,100000.00,1748310300000000000,2025-05-27 01:45:00+00:00,1748320500000000000,2025-05-27 04:35:00+00:00,10200000000000.0,1.13959,1.1386,['4.56 USD'],0.00087,94.44 USD,True
BACKTESTER-001,MLSignalStrategyV2-V2,EUR/USD.IDEALPRO,IDEALPRO-001,O-20250527-073000-001-V2-1747,O-20250527-073000-001-V2-1749,BUY,FLAT,0.00,100000.00,1748331000000000000,2025-05-27 07:30:00+00:00,1748348580000000000,2025-05-27 12:23:00+00:00,17580000000000.0,1.13471,1.13595,['4.54 USD'],0.00109,119.46 USD,True
BACKTESTER-001,MLSignalStrategyV2-V2,EUR/USD.IDEALPRO,IDEALPRO-001,O-20250527-164500-001-V2-1750,O-20250527-164500-001-V2-1752,BUY,FLAT,0.00,100000.00,1748364300000000000,2025-05-27 16:45:00+00:00,1748392200000000000,2025-05-28 00:30:00+00:00,27900000000000.0,1.13334,1.13448,['4.54 USD'],0.00101,109.46 USD,True
BACKTESTER-001,MLSignalStrategyV2-V2,EUR/USD.IDEALPRO,IDEALPRO-001,O-20250528-020000-001-V2-1753,O-20250528-020000-001-V2-1754,BUY,FLAT,0.00,100000.00,1748397600000000000,2025-05-28 02:00:00+00:00,1748400960000000000,2025-05-28 02:56:00+00:00,3360000000000.0,1.13178,1.13019,['4.52 USD'],-0.0014,-163.52 USD,True
BACKTESTER-001,MLSignalStrategyV2-V2,EUR/USD.IDEALPRO,IDEALPRO-001,O-20250528-030000-001-V2-1756,O-20250528-030000-001-V2-1758,BUY,FLAT,0.00,100000.00,1748401200000000000,2025-05-28 03:00:00+00:00,1748416200000000000,2025-05-28 07:10:00+00:00,15000000000000.0,1.13055,1.13178,['4.52 USD'],0.00109,118.48 USD,True
BACKTESTER-001,MLSignalStrategyV2-V2,EUR/USD.IDEALPRO,IDEALPRO-001,O-20250528-074500-001-V2-1759,O-20250528-074500-001-V2-1761,BUY,FLAT,0.00,100000.00,1748418300000000000,2025-05-28 07:45:00+00:00,1748422980000000000,2025-05-28 09:03:00+00:00,4680000000000.0,1.13253,1.13361,['4.54 USD'],0.00095,103.46 USD,True
BACKTESTER-001,MLSignalStrategyV2-V2,EUR/USD.IDEALPRO,IDEALPRO-001,O-20250528-160000-001-V2-1762,O-20250528-160000-001-V2-1764,BUY,FLAT,0.00,100000.00,1748448000000000000,2025-05-28 16:00:00+00:00,1748452980000000000,2025-05-28 17:23:00+00:00,4980000000000.0,1.12847,1.12992,['4.52 USD'],0.00128,140.48 USD,True
BACKTESTER-001,MLSignalStrategyV2-V2,EUR/USD.IDEALPRO,IDEALPRO-001,O-20250528-203000-001-V2-1765,O-20250528-203000-001-V2-1767,SELL,FLAT,0.00,100000.00,1748464200000000000,2025-05-28 20:30:00+00:00,1748473440000000000,2025-05-28 23:04:00+00:00,9240000000000.0,1.12952,1.12869,['4.52 USD'],0.00073,78.48 USD,True
BACKTESTER-001,MLSignalStrategyV2-V2,EUR/USD.IDEALPRO,IDEALPRO-001,O-20250528-231500-001-V2-1768,O-20250528-231500-001-V2-1769,BUY,FLAT,0.00,100000.00,1748474100000000000,2025-05-28 23:15:00+00:00,1748474220000000000,2025-05-28 23:17:00+00:00,120000000000.0,1.12787,1.12704,['4.51 USD'],-0.00074,-87.51 USD,True
BACKTESTER-001,MLSignalStrategyV2-V2,EUR/USD.IDEALPRO,IDEALPRO-001,O-20250528-233000-001-V2-1771,O-20250528-233000-001-V2-1772,BUY,FLAT,0.00,100000.00,1748475000000000000,2025-05-28 23:30:00+00:00,1748475240000000000,2025-05-28 23:34:00+00:00,240000000000.0,1.12699,1.12576,['4.50 USD'],-0.00109,-127.50 USD,True
BACKTESTER-001,MLSignalStrategyV2-V2,EUR/USD.IDEALPRO,IDEALPRO-001,O-20250528-234500-001-V2-1774,O-20250528-234500-001-V2-1776,BUY,FLAT,0.00,100000.00,1748475900000000000,2025-05-28 23:45:00+00:00,1748475960000000000,2025-05-28 23:46:00+00:00,60000000000.0,1.12107,1.1223,['4.48 USD'],0.0011,118.52 USD,True
BACKTESTER-001,MLSignalStrategyV2-V2,EUR/USD.IDEALPRO,IDEALPRO-001,O-20250529-000000-001-V2-1777,O-20250529-000000-001-V2-1779,BUY,FLAT,0.00,100000.00,1748476800000000000,2025-05-29 00:00:00+00:00,1748477340000000000,2025-05-29 00:09:00+00:00,540000000000.0,1.12298,1.12482,['4.50 USD'],0.00164,179.50 USD,True
BACKTESTER-001,MLSignalStrategyV2-V2,EUR/USD.IDEALPRO,IDEALPRO-001,O-20250529-001500-001-V2-1780,O-20250529-001500-001-V2-1782,BUY,FLAT,0.00,100000.00,1748477700000000000,2025-05-29 00:15:00+00:00,1748499660000000000,2025-05-29 06:21:00+00:00,21960000000000.0,1.12391,1.12607,['4.50 USD'],0.00192,211.50 USD,True
BACKTESTER-001,MLSignalStrategyV2-V2,EUR/USD.IDEALPRO,IDEALPRO-001,O-20250529-124500-001-V2-1783,O-20250529-124500-001-V2-1784,SELL,FLAT,0.00,100000.00,1748522700000000000,2025-05-29 12:45:00+00:00,1748523480000000000,2025-05-29 12:58:00+00:00,780000000000.0,1.13267,1.13479,['4.54 USD'],-0.00187,-216.54 USD,True
BACKTESTER-001,MLSignalStrategyV2-V2,EUR/USD.IDEALPRO,IDEALPRO-001,O-20250529-131500-001-V2-1786,O-20250529-131500-001-V2-1787,SELL,FLAT,0.00,100000.00,1748524500000000000,2025-05-29 13:15:00+00:00,1748534340000000000,2025-05-29 15:59:00+00:00,9840000000000.0,1.13451,1.13708,['4.54 USD'],-0.00227,-261.54 USD,True
BACKTESTER-001,MLSignalStrategyV2-V2,EUR/USD.IDEALPRO,IDEALPRO-001,O-20250529-191500-001-V2-1789,O-20250529-191500-001-V2-1791,SELL,FLAT,0.00,100000.00,1748546100000000000,2025-05-29 19:15:00+00:00,1748548980000000000,2025-05-29 20:03:00+00:00,2880000000000.0,1.13753,1.13647,['4.55 USD'],0.00093,101.45 USD,True
BACKTESTER-001,MLSignalStrategyV2-V2,EUR/USD.IDEALPRO,IDEALPRO-001,O-20250529-233000-001-V2-1792,O-20250529-233000-001-V2-1794,BUY,FLAT,0.00,100000.00,1748561400000000000,2025-05-29 23:30:00+00:00,1748564340000000000,2025-05-30 00:19:00+00:00,2940000000000.0,1.13759,1.13822,['4.56 USD'],0.00055,58.44 USD,True
BACKTESTER-001,MLSignalStrategyV2-V2,EUR/USD.IDEALPRO,IDEALPRO-001,O-20250530-020000-001-V2-1795,O-20250530-020000-001-V2-1796,BUY,FLAT,0.00,100000.00,1748570400000000000,2025-05-30 02:00:00+00:00,1748585460000000000,2025-05-30 06:11:00+00:00,15060000000000.0,1.1355,1.13369,['4.54 USD'],-0.00159,-185.54 USD,True
BACKTESTER-001,MLSignalStrategyV2-V2,EUR/USD.IDEALPRO,IDEALPRO-001,O-20250530-070000-001-V2-1798,O-20250530-070000-001-V2-1800,SELL,FLAT,0.00,100000.00,1748588400000000000,2025-05-30 07:00:00+00:00,1748588820000000000,2025-05-30 07:07:00+00:00,420000000000.0,1.13465,1.13366,['4.54 USD'],0.00087,94.46 USD,True
BACKTESTER-001,MLSignalStrategyV2-V2,EUR/USD.IDEALPRO,IDEALPRO-001,O-20250530-093000-001-V2-1801,O-20250530-093000-001-V2-1803,BUY,FLAT,0.00,100000.00,1748597400000000000,2025-05-30 09:30:00+00:00,1748607000000000000,2025-05-30 12:10:00+00:00,9600000000000.0,1.13288,1.13467,['4.54 USD'],0.00158,174.46 USD,True
BACKTESTER-001,MLSignalStrategyV2-V2,EUR/USD.IDEALPRO,IDEALPRO-001,O-20250530-204500-001-V2-1804,O-20250530-204500-001-V2-1806,BUY,FLAT,0.00,100000.00,1748637900000000000,2025-05-30 20:45:00+00:00,1748815320000000000,2025-06-01 22:02:00+00:00,177420000000000.0,1.13463,1.1355,['4.54 USD'],0.00077,82.46 USD,True
BACKTESTER-001,MLSignalStrategyV2-V2,EUR/USD.IDEALPRO,IDEALPRO-001,O-20250601-221500-001-V2-1807,O-20250601-221500-001-V2-1809,BUY,FLAT,0.00,100000.00,1748816100000000000,2025-06-01 22:15:00+00:00,1748822880000000000,2025-06-02 00:08:00+00:00,6780000000000.0,1.13563,1.13631,['4.54 USD'],0.0006,63.46 USD,True
BACKTESTER-001,MLSignalStrategyV2-V2,EUR/USD.IDEALPRO,IDEALPRO-001,O-20250602-063000-001-V2-1810,O-20250602-063000-001-V2-1811,SELL,FLAT,0.00,100000.00,1748845800000000000,2025-06-02 06:30:00+00:00,1748846460000000000,2025-06-02 06:41:00+00:00,660000000000.0,1.13907,1.14016,['4.56 USD'],-0.00096,-113.56 USD,True
BACKTESTER-001,MLSignalStrategyV2-V2,EUR/USD.IDEALPRO,IDEALPRO-001,O-20250602-064500-001-V2-1813,O-20250602-064500-001-V2-1814,SELL,FLAT,0.00,100000.00,1748846700000000000,2025-06-02 06:45:00+00:00,1748848680000000000,2025-06-02 07:18:00+00:00,1980000000000.0,1.14051,1.14162,['4.56 USD'],-0.00097,-115.56 USD,True
BACKTESTER-001,MLSignalStrategyV2-V2,EUR/USD.IDEALPRO,IDEALPRO-001,O-20250602-100000-001-V2-1816,O-20250602-100000-001-V2-1818,SELL,FLAT,0.00,100000.00,1748858400000000000,2025-06-02 10:00:00+00:00,1748864700000000000,2025-06-02 11:45:00+00:00,6300000000000.0,1.14234,1.14106,['4.56 USD'],0.00112,123.44 USD,True
BACKTESTER-001,MLSignalStrategyV2-V2,EUR/USD.IDEALPRO,IDEALPRO-001,O-20250602-121500-001-V2-1819,O-20250602-121500-001-V2-1820,SELL,FLAT,0.00,100000.00,1748866500000000000,2025-06-02 12:15:00+00:00,1748872860000000000,2025-06-02 14:01:00+00:00,6360000000000.0,1.1415,1.1436,['4.57 USD'],-0.00184,-214.57 USD,True
BACKTESTER-001,MLSignalStrategyV2-V2,EUR/USD.IDEALPRO,IDEALPRO-001,O-20250602-141500-001-V2-1822,O-20250602-141500-001-V2-1824,SELL,FLAT,0.00,100000.00,1748873700000000000,2025-06-02 14:15:00+00:00,1748878560000000000,2025-06-02 15:36:00+00:00,4860000000000.0,1.14417,1.14281,['4.58 USD'],0.00119,131.42 USD,True
BACKTESTER-001,MLSignalStrategyV2-V2,EUR/USD.IDEALPRO,IDEALPRO-001,O-20250602-154500-001-V2-1825,O-20250602-154500-001-V2-1827,SELL,FLAT,0.00,100000.00,1748879100000000000,2025-06-02 15:45:00+00:00,1748879820000000000,2025-06-02 15:57:00+00:00,720000000000.0,1.14372,1.14243,['4.57 USD'],0.00113,124.43 USD,True
BACKTESTER-001,MLSignalStrategyV2-V2,EUR/USD.IDEALPRO,IDEALPRO-001,O-20250602-204500-001-V2-1828,O-20250602-204500-001-V2-1830,BUY,FLAT,0.00,100000.00,1748897100000000000,2025-06-02 20:45:00+00:00,1748905500000000000,2025-06-02 23:05:00+00:00,8400000000000.0,1.14408,1.14487,['4.58 USD'],0.00069,74.42 USD,True
BACKTESTER-001,MLSignalStrategyV2-V2,EUR/USD.IDEALPRO,IDEALPRO-001,O-20250603-020000-001-V2-1831,O-20250603-020000-001-V2-1832,BUY,FLAT,0.00,100000.00,1748916000000000000,2025-06-03 02:00:00+00:00,1748921760000000000,2025-06-03 03:36:00+00:00,5760000000000.0,1.14281,1.14168,['4.57 USD'],-0.00099,-117.57 USD,True
BACKTESTER-001,MLSignalStrategyV2-V2,EUR/USD.IDEALPRO,IDEALPRO-001,O-20250603-040000-001-V2-1834,O-20250603-040000-001-V2-1836,SELL,FLAT,0.00,100000.00,1748923200000000000,2025-06-03 04:00:00+00:00,1748929560000000000,2025-06-03 05:46:00+00:00,6360000000000.0,1.142,1.14123,['4.56 USD'],0.00067,72.44 USD,True
BACKTESTER-001,MLSignalStrategyV2-V2,EUR/USD.IDEALPRO,IDEALPRO-001,O-20250603-091500-001-V2-1837,O-20250603-091500-001-V2-1838,BUY,FLAT,0.00,100000.00,1748942100000000000,2025-06-03 09:15:00+00:00,1748946660000000000,2025-06-03 10:31:00+00:00,4560000000000.0,1.14125,1.13963,['4.56 USD'],-0.00142,-166.56 USD,True
BACKTESTER-001,MLSignalStrategyV2-V2,EUR/USD.IDEALPRO,IDEALPRO-001,O-20250603-113000-001-V2-1840,O-20250603-113000-001-V2-1841,BUY,FLAT,0.00,100000.00,1748950200000000000,2025-06-03 11:30:00+00:00,1748959620000000000,2025-06-03 14:07:00+00:00,9420000000000.0,1.13872,1.13682,['4.55 USD'],-0.00167,-194.55 USD,True
BACKTESTER-001,MLSignalStrategyV2-V2,EUR/USD.IDEALPRO,IDEALPRO-001,O-20250603-141500-001-V2-1843,O-20250603-141500-001-V2-1845,BUY,FLAT,0.00,100000.00,1748960100000000000,2025-06-03 14:15:00+00:00,1748961120000000000,2025-06-03 14:32:00+00:00,1020000000000.0,1.13784,1.13926,['4.56 USD'],0.00125,137.44 USD,True
BACKTESTER-001,MLSignalStrategyV2-V2,EUR/USD.IDEALPRO,IDEALPRO-001,O-20250603-160000-001-V2-1846,O-20250603-160000-001-V2-1848,BUY,FLAT,0.00,100000.00,1748966400000000000,2025-06-03 16:00:00+00:00,1748994420000000000,2025-06-03 23:47:00+00:00,28020000000000.0,1.13722,1.13856,['4.55 USD'],0.00118,129.45 USD,True
BACKTESTER-001,MLSignalStrategyV2-V2,EUR/USD.IDEALPRO,IDEALPRO-001,O-20250604-050000-001-V2-1849,O-20250604-050000-001-V2-1851,BUY,FLAT,0.00,100000.00,1749013200000000000,2025-06-04 05:00:00+00:00,1749018960000000000,2025-06-04 06:36:00+00:00,5760000000000.0,1.13669,1.13761,['4.55 USD'],0.00081,87.45 USD,True
BACKTESTER-001,MLSignalStrategyV2-V2,EUR/USD.IDEALPRO,IDEALPRO-001,O-20250604-081500-001-V2-1852,O-20250604-081500-001-V2-1854,BUY,FLAT,0.00,100000.00,1749024900000000000,2025-06-04 08:15:00+00:00,1749026340000000000,2025-06-04 08:39:00+00:00,1440000000000.0,1.13874,1.13974,['4.56 USD'],0.00088,95.44 USD,True
BACKTESTER-001,MLSignalStrategyV2-V2,EUR/USD.IDEALPRO,IDEALPRO-001,O-20250604-200000-001-V2-1855,O-20250604-200000-001-V2-1857,BUY,FLAT,0.00,100000.00,1749067200000000000,2025-06-04 20:00:00+00:00,1749069120000000000,2025-06-04 20:32:00+00:00,1920000000000.0,1.14123,1.14197,['4.56 USD'],0.00065,69.44 USD,True
BACKTESTER-001,MLSignalStrategyV2-V2,EUR/USD.IDEALPRO,IDEALPRO-001,O-20250604-223000-001-V2-1858,O-20250604-223000-001-V2-1860,BUY,FLAT,0.00,100000.00,1749076200000000000,2025-06-04 22:30:00+00:00,1749079140000000000,2025-06-04 23:19:00+00:00,2940000000000.0,1.14203,1.14244,['4.56 USD'],0.00036,36.44 USD,True
BACKTESTER-001,MLSignalStrategyV2-V2,EUR/USD.IDEALPRO,IDEALPRO-001,O-20250605-093000-001-V2-1861,O-20250605-093000-001-V2-1863,BUY,FLAT,0.00,100000.00,1749115800000000000,2025-06-05 09:30:00+00:00,1749118680000000000,2025-06-05 10:18:00+00:00,2880000000000.0,1.14193,1.14282,['4.57 USD'],0.00078,84.43 USD,True
BACKTESTER-001,MLSignalStrategyV2-V2,EUR/USD.IDEALPRO,IDEALPRO-001,O-20250605-133000-001-V2-1864,O-20250605-133000-001-V2-1866,SELL,FLAT,0.00,100000.00,1749130200000000000,2025-06-05 13:30:00+00:00,1749132360000000000,2025-06-05 14:06:00+00:00,2160000000000.0,1.14911,1.14655,['4.59 USD'],0.00223,251.41 USD,True
BACKTESTER-001,MLSignalStrategyV2-V2,EUR/USD.IDEALPRO,IDEALPRO-001,O-20250605-141500-001-V2-1867,O-20250605-141500-001-V2-1869,SELL,FLAT,0.00,100000.00,1749132900000000000,2025-06-05 14:15:00+00:00,1749135300000000000,2025-06-05 14:55:00+00:00,2400000000000.0,1.14765,1.14543,['4.59 USD'],0.00193,217.41 USD,True
BACKTESTER-001,MLSignalStrategyV2-V2,EUR/USD.IDEALPRO,IDEALPRO-001,O-20250605-190000-001-V2-1870,O-20250605-190000-001-V2-1872,BUY,FLAT,0.00,100000.00,1749150000000000000,2025-06-05 19:00:00+00:00,1749167700000000000,2025-06-05 23:55:00+00:00,17700000000000.0,1.14424,1.14535,['4.58 USD'],0.00097,106.42 USD,True
BACKTESTER-001,MLSignalStrategyV2-V2,EUR/USD.IDEALPRO,IDEALPRO-001,O-20250606-014500-001-V2-1873,O-20250606-014500-001-V2-1875,SELL,FLAT,0.00,100000.00,1749174300000000000,2025-06-06 01:45:00+00:00,1749175380000000000,2025-06-06 02:03:00+00:00,1080000000000.0,1.1446,1.14395,['4.58 USD'],0.00057,60.42 USD,True
BACKTESTER-001,MLSignalStrategyV2-V2,EUR/USD.IDEALPRO,IDEALPRO-001,O-20250606-021500-001-V2-1876,O-20250606-021500-001-V2-1877,BUY,FLAT,0.00,100000.00,1749176100000000000,2025-06-06 02:15:00+00:00,1749190740000000000,2025-06-06 06:19:00+00:00,14640000000000.0,1.14383,1.14267,['4.58 USD'],-0.00101,-120.58 USD,True
BACKTESTER-001,MLSignalStrategyV2-V2,EUR/USD.IDEALPRO,IDEALPRO-001,O-20250606-093000-001-V2-1879,O-20250606-093000-001-V2-1880,SELL,FLAT,0.00,100000.00,1749202200000000000,2025-06-06 09:30:00+00:00,1749209580000000000,2025-06-06 11:33:00+00:00,7380000000000.0,1.14142,1.14251,['4.57 USD'],-0.00095,-113.57 USD,True
BACKTESTER-001,MLSignalStrategyV2-V2,EUR/USD.IDEALPRO,IDEALPRO-001,O-20250606-131500-001-V2-1882,O-20250606-131500-001-V2-1883,BUY,FLAT,0.00,100000.00,1749215700000000000,2025-06-06 13:15:00+00:00,1749216420000000000,2025-06-06 13:27:00+00:00,720000000000.0,1.13943,1.13716,['4.55 USD'],-0.00199,-231.55 USD,True
BACKTESTER-001,MLSignalStrategyV2-V2,EUR/USD.IDEALPRO,IDEALPRO-001,O-20250606-133000-001-V2-1885,O-20250606-133000-001-V2-1887,BUY,FLAT,0.00,100000.00,1749216600000000000,2025-06-06 13:30:00+00:00,1749217920000000000,2025-06-06 13:52:00+00:00,1320000000000.0,1.13769,1.13963,['4.56 USD'],0.00171,189.44 USD,True
BACKTESTER-001,MLSignalStrategyV2-V2,EUR/USD.IDEALPRO,IDEALPRO-001,O-20250606-154500-001-V2-1888,O-20250606-154500-001-V2-1889,SELL,FLAT,0.00,100000.00,1749224700000000000,2025-06-06 15:45:00+00:00,1749436020000000000,2025-06-09 02:27:00+00:00,211320000000000.0,1.14016,1.14253,['4.57 USD'],-0.00208,-241.57 USD,True
BACKTESTER-001,MLSignalStrategyV2-V2,EUR/USD.IDEALPRO,IDEALPRO-001,O-20250609-104500-001-V2-1891,O-20250609-104500-001-V2-1893,SELL,FLAT,0.00,100000.00,1749465900000000000,2025-06-09 10:45:00+00:00,1749468840000000000,2025-06-09 11:34:00+00:00,2940000000000.0,1.14182,1.14079,['4.56 USD'],0.0009,98.44 USD,True
BACKTESTER-001,MLSignalStrategyV2-V2,EUR/USD.IDEALPRO,IDEALPRO-001,O-20250609-150000-001-V2-1894,O-20250609-150000-001-V2-1895,SELL,FLAT,0.00,100000.00,1749481200000000000,2025-06-09 15:00:00+00:00,1749483480000000000,2025-06-09 15:38:00+00:00,2280000000000.0,1.14078,1.1422,['4.56 USD'],-0.00124,-146.56 USD,True
BACKTESTER-001,MLSignalStrategyV2-V2,EUR/USD.IDEALPRO,IDEALPRO-001,O-20250609-191500-001-V2-1897,O-20250609-191500-001-V2-1898,BUY,FLAT,0.00,100000.00,1749496500000000000,2025-06-09 19:15:00+00:00,1749501120000000000,2025-06-09 20:32:00+00:00,4620000000000.0,1.14284,1.14199,['4.57 USD'],-0.00074,-89.57 USD,True
BACKTESTER-001,MLSignalStrategyV2-V2,EUR/USD.IDEALPRO,IDEALPRO-001,O-20250610-024500-001-V2-1900,O-20250610-024500-001-V2-1902,BUY,FLAT,0.00,100000.00,1749523500000000000,2025-06-10 02:45:00+00:00,1749526080000000000,2025-06-10 03:28:00+00:00,2580000000000.0,1.13942,1.14042,['4.56 USD'],0.00088,95.44 USD,True
BACKTESTER-001,MLSignalStrategyV2-V2,EUR/USD.IDEALPRO,IDEALPRO-001,O-20250610-073000-001-V2-1903,O-20250610-073000-001-V2-1905,BUY,FLAT,0.00,100000.00,1749540600000000000,2025-06-10 07:30:00+00:00,1749544500000000000,2025-06-10 08:35:00+00:00,3900000000000.0,1.13914,1.14051,['4.56 USD'],0.0012,132.44 USD,True
BACKTESTER-001,MLSignalStrategyV2-V2,EUR/USD.IDEALPRO,IDEALPRO-001,O-20250610-101500-001-V2-1906,O-20250610-101500-001-V2-1908,BUY,FLAT,0.00,100000.00,1749550500000000000,2025-06-10 10:15:00+00:00,1749552240000000000,2025-06-10 10:44:00+00:00,1740000000000.0,1.1413,1.14251,['4.57 USD'],0.00106,116.43 USD,True
BACKTESTER-001,MLSignalStrategyV2-V2,EUR/USD.IDEALPRO,IDEALPRO-001,O-20250610-141500-001-V2-1909,O-20250610-141500-001-V2-1910,BUY,FLAT,0.00,100000.00,1749564900000000000,2025-06-10 14:15:00+00:00,1749568860000000000,2025-06-10 15:21:00+00:00,3960000000000.0,1.14323,1.14177,['4.57 USD'],-0.00128,-150.57 USD,True
BACKTESTER-001,MLSignalStrategyV2-V2,EUR/USD.IDEALPRO,IDEALPRO-001,O-20250610-160000-001-V2-1912,O-20250610-160000-001-V2-1913,SELL,FLAT,0.00,100000.00,1749571200000000000,2025-06-10 16:00:00+00:00,1749584820000000000,2025-06-10 19:47:00+00:00,13620000000000.0,1.14224,1.14366,['4.57 USD'],-0.00124,-146.57 USD,True
BACKTESTER-001,MLSignalStrategyV2-V2,EUR/USD.IDEALPRO,IDEALPRO-001,O-20250610-220000-001-V2-1915,O-20250610-220000-001-V2-1917,BUY,FLAT,0.00,100000.00,1749592800000000000,2025-06-10 22:00:00+00:00,1749597000000000000,2025-06-10 23:10:00+00:00,4200000000000.0,1.14248,1.14329,['4.57 USD'],0.00071,76.43 USD,True
BACKTESTER-001,MLSignalStrategyV2-V2,EUR/USD.IDEALPRO,IDEALPRO-001,O-20250611-020000-001-V2-1918,O-20250611-020000-001-V2-1920,BUY,FLAT,0.00,100000.00,1749607200000000000,2025-06-11 02:00:00+00:00,1749609900000000000,2025-06-11 02:45:00+00:00,2700000000000.0,1.14086,1.14178,['4.56 USD'],0.00081,87.44 USD,True
BACKTESTER-001,MLSignalStrategyV2-V2,EUR/USD.IDEALPRO,IDEALPRO-001,O-20250611-024500-001-V2-1921,O-20250611-024500-001-V2-1922,BUY,FLAT,0.00,100000.00,1749609900000000000,2025-06-11 02:45:00+00:00,1749625920000000000,2025-06-11 07:12:00+00:00,16020000000000.0,1.14168,1.14054,['4.56 USD'],-0.001,-118.56 USD,True
BACKTESTER-001,MLSignalStrategyV2-V2,EUR/USD.IDEALPRO,IDEALPRO-001,O-20250611-071500-001-V2-1924,O-20250611-071500-001-V2-1926,BUY,FLAT,0.00,100000.00,1749626100000000000,2025-06-11 07:15:00+00:00,1749627900000000000,2025-06-11 07:45:00+00:00,1800000000000.0,1.14066,1.14162,['4.56 USD'],0.00084,91.44 USD,True
BACKTESTER-001,MLSignalStrategyV2-V2,EUR/USD.IDEALPRO,IDEALPRO-001,O-20250611-081500-001-V2-1927,O-20250611-081500-001-V2-1929,BUY,FLAT,0.00,100000.00,1749629700000000000,2025-06-11 08:15:00+00:00,1749631020000000000,2025-06-11 08:37:00+00:00,1320000000000.0,1.14226,1.14316,['4.57 USD'],0.00079,85.43 USD,True
BACKTESTER-001,MLSignalStrategyV2-V2,EUR/USD.IDEALPRO,IDEALPRO-001,O-20250611-160000-001-V2-1930,O-20250611-160000-001-V2-1931,SELL,FLAT,0.00,100000.00,1749657600000000000,2025-06-11 16:00:00+00:00,1749682740000000000,2025-06-11 22:59:00+00:00,25140000000000.0,1.14895,1.15088,['4.60 USD'],-0.00168,-197.60 USD,True
BACKTESTER-001,MLSignalStrategyV2-V2,EUR/USD.IDEALPRO,IDEALPRO-001,O-20250611-230000-001-V2-1933,O-20250611-230000-001-V2-1935,BUY,FLAT,0.00,100000.00,1749682800000000000,2025-06-11 23:00:00+00:00,1749683040000000000,2025-06-11 23:04:00+00:00,240000000000.0,1.15059,1.15131,['4.60 USD'],0.00063,67.40 USD,True
BACKTESTER-001,MLSignalStrategyV2-V2,EUR/USD.IDEALPRO,IDEALPRO-001,O-20250611-233000-001-V2-1936,O-20250611-233000-001-V2-1938,BUY,FLAT,0.00,100000.00,1749684600000000000,2025-06-11 23:30:00+00:00,1749686460000000000,2025-06-12 00:01:00+00:00,1860000000000.0,1.15054,1.15124,['4.60 USD'],0.00061,65.40 USD,True
BACKTESTER-001,MLSignalStrategyV2-V2,EUR/USD.IDEALPRO,IDEALPRO-001,O-20250612-003000-001-V2-1939,O-20250612-003000-001-V2-1940,SELL,FLAT,0.00,100000.00,1749688200000000000,2025-06-12 00:30:00+00:00,1749689400000000000,2025-06-12 00:50:00+00:00,1200000000000.0,1.15122,1.15261,['4.61 USD'],-0.00121,-143.61 USD,True
BACKTESTER-001,MLSignalStrategyV2-V2,EUR/USD.IDEALPRO,IDEALPRO-001,O-20250612-061500-001-V2-1942,O-20250612-061500-001-V2-1944,SELL,FLAT,0.00,100000.00,1749708900000000000,2025-06-12 06:15:00+00:00,1749712500000000000,2025-06-12 07:15:00+00:00,3600000000000.0,1.15194,1.15107,['4.60 USD'],0.00076,82.40 USD,True
BACKTESTER-001,MLSignalStrategyV2-V2,EUR/USD.IDEALPRO,IDEALPRO-001,O-20250612-093000-001-V2-1945,O-20250612-093000-001-V2-1946,SELL,FLAT,0.00,100000.00,1749720600000000000,2025-06-12 09:30:00+00:00,1749722040000000000,2025-06-12 09:54:00+00:00,1440000000000.0,1.15577,1.15858,['4.63 USD'],-0.00243,-285.63 USD,True
BACKTESTER-001,MLSignalStrategyV2-V2,EUR/USD.IDEALPRO,IDEALPRO-001,O-20250612-100000-001-V2-1948,O-20250612-100000-001-V2-1949,SELL,FLAT,0.00,100000.00,1749722400000000000,2025-06-12 10:00:00+00:00,1749724140000000000,2025-06-12 10:29:00+00:00,1740000000000.0,1.15721,1.15923,['4.63 USD'],-0.00175,-206.63 USD,True
BACKTESTER-001,MLSignalStrategyV2-V2,EUR/USD.IDEALPRO,IDEALPRO-001,O-20250612-103000-001-V2-1951,O-20250612-103000-001-V2-1952,SELL,FLAT,0.00,100000.00,1749724200000000000,2025-06-12 10:30:00+00:00,1749731460000000000,2025-06-12 12:31:00+00:00,7260000000000.0,1.15902,1.16319,['4.65 USD'],-0.0036,-421.65 USD,True
BACKTESTER-001,MLSignalStrategyV2-V2,EUR/USD.IDEALPRO,IDEALPRO-001,O-20250612-140000-001-V2-1954,O-20250612-140000-001-V2-1956,BUY,FLAT,0.00,100000.00,1749736800000000000,2025-06-12 14:00:00+00:00,1749772800000000000,2025-06-13 00:00:00+00:00,36000000000000.0,1.1585,1.16095,['4.64 USD'],0.00211,240.36 USD,True
BACKTESTER-001,MLSignalStrategyV2-V2,EUR/USD.IDEALPRO,IDEALPRO-001,O-20250613-014500-001-V2-1957,O-20250613-014500-001-V2-1958,BUY,FLAT,0.00,100000.00,1749779100000000000,2025-06-13 01:45:00+00:00,1749788880000000000,2025-06-13 04:28:00+00:00,9780000000000.0,1.15449,1.15143,['4.61 USD'],-0.00265,-310.61 USD,True
BACKTESTER-001,MLSignalStrategyV2-V2,EUR/USD.IDEALPRO,IDEALPRO-001,O-20250613-043000-001-V2-1960,O-20250613-043000-001-V2-1962,BUY,FLAT,0.00,100000.00,1749789000000000000,2025-06-13 04:30:00+00:00,1749791400000000000,2025-06-13 05:10:00+00:00,2400000000000.0,1.15212,1.1537,['4.61 USD'],0.00137,153.39 USD,True
BACKTESTER-001,MLSignalStrategyV2-V2,EUR/USD.IDEALPRO,IDEALPRO-001,O-20250613-054500-001-V2-1963,O-20250613-054500-001-V2-1965,BUY,FLAT,0.00,100000.00,1749793500000000000,2025-06-13 05:45:00+00:00,1749794820000000000,2025-06-13 06:07:00+00:00,1320000000000.0,1.15253,1.15451,['4.62 USD'],0.00172,193.38 USD,True
BACKTESTER-001,MLSignalStrategyV2-V2,EUR/USD.IDEALPRO,IDEALPRO-001,O-20250613-090000-001-V2-1966,O-20250613-090000-001-V2-1967,BUY,FLAT,0.00,100000.00,1749805200000000000,2025-06-13 09:00:00+00:00,1749811200000000000,2025-06-13 10:40:00+00:00,6000000000000.0,1.15287,1.15042,['4.61 USD'],-0.00213,-249.61 USD,True
BACKTESTER-001,MLSignalStrategyV2-V2,EUR/USD.IDEALPRO,IDEALPRO-001,O-20250613-104500-001-V2-1969,O-20250613-104500-001-V2-1970,BUY,FLAT,0.00,100000.00,1749811500000000000,2025-06-13 10:45:00+00:00,1749811800000000000,2025-06-13 10:50:00+00:00,300000000000.0,1.15123,1.14887,['4.60 USD'],-0.00205,-240.60 USD,True
BACKTESTER-001,MLSignalStrategyV2-V2,EUR/USD.IDEALPRO,IDEALPRO-001,O-20250613-154500-001-V2-1972,O-20250613-154500-001-V2-1974,SELL,FLAT,0.00,100000.00,1749829500000000000,2025-06-13 15:45:00+00:00,1749834480000000000,2025-06-13 17:08:00+00:00,4980000000000.0,1.15629,1.15482,['4.62 USD'],0.00127,142.38 USD,True
BACKTESTER-001,MLSignalStrategyV2-V2,EUR/USD.IDEALPRO,IDEALPRO-001,O-20250615-213000-001-V2-1975,O-20250615-213000-001-V2-1977,BUY,FLAT,0.00,100000.00,1750023000000000000,2025-06-15 21:30:00+00:00,1750027740000000000,2025-06-15 22:49:00+00:00,4740000000000.0,1.15326,1.15443,['4.62 USD'],0.00101,112.38 USD,True
BACKTESTER-001,MLSignalStrategyV2-V2,EUR/USD.IDEALPRO,IDEALPRO-001,O-20250615-230000-001-V2-1978,O-20250615-230000-001-V2-1979,BUY,FLAT,0.00,100000.00,1750028400000000000,2025-06-15 23:00:00+00:00,1750039620000000000,2025-06-16 02:07:00+00:00,11220000000000.0,1.15414,1.15265,['4.62 USD'],-0.00129,-153.62 USD,True
BACKTESTER-001,MLSignalStrategyV2-V2,EUR/USD.IDEALPRO,IDEALPRO-001,O-20250616-023000-001-V2-1981,O-20250616-023000-001-V2-1982,SELL,FLAT,0.00,100000.00,1750041000000000000,2025-06-16 02:30:00+00:00,1750050600000000000,2025-06-16 05:10:00+00:00,9600000000000.0,1.1532,1.15453,['4.62 USD'],-0.00115,-137.62 USD,True
BACKTESTER-001,MLSignalStrategyV2-V2,EUR/USD.IDEALPRO,IDEALPRO-001,O-20250616-051500-001-V2-1984,O-20250616-051500-001-V2-1986,BUY,FLAT,0.00,100000.00,1750050900000000000,2025-06-16 05:15:00+00:00,1750051560000000000,2025-06-16 05:26:00+00:00,660000000000.0,1.15463,1.15554,['4.62 USD'],0.00079,86.38 USD,True
BACKTESTER-001,MLSignalStrategyV2-V2,EUR/USD.IDEALPRO,IDEALPRO-001,O-20250616-073000-001-V2-1987,O-20250616-073000-001-V2-1988,SELL,FLAT,0.00,100000.00,1750059000000000000,2025-06-16 07:30:00+00:00,1750079280000000000,2025-06-16 13:08:00+00:00,20280000000000.0,1.15818,1.15998,['4.64 USD'],-0.00155,-184.64 USD,True
BACKTESTER-001,MLSignalStrategyV2-V2,EUR/USD.IDEALPRO,IDEALPRO-001,O-20250616-141500-001-V2-1990,O-20250616-141500-001-V2-1992,SELL,FLAT,0.00,100000.00,1750083300000000000,2025-06-16 14:15:00+00:00,1750085040000000000,2025-06-16 14:44:00+00:00,1740000000000.0,1.16094,1.15954,['4.64 USD'],0.00121,135.36 USD,True
BACKTESTER-001,MLSignalStrategyV2-V2,EUR/USD.IDEALPRO,IDEALPRO-001,O-20250616-150000-001-V2-1993,O-20250616-150000-001-V2-1995,SELL,FLAT,0.00,100000.00,1750086000000000000,2025-06-16 15:00:00+00:00,1750093740000000000,2025-06-16 17:09:00+00:00,7740000000000.0,1.15915,1.15767,['4.64 USD'],0.00128,143.36 USD,True
BACKTESTER-001,MLSignalStrategyV2-V2,EUR/USD.IDEALPRO,IDEALPRO-001,O-20250616-200000-001-V2-1996,O-20250616-200000-001-V2-1998,BUY,FLAT,0.00,100000.00,1750104000000000000,2025-06-16 20:00:00+00:00,1750108560000000000,2025-06-16 21:16:00+00:00,4560000000000.0,1.15556,1.15666,['4.62 USD'],0.00095,105.38 USD,True
BACKTESTER-001,MLSignalStrategyV2-V2,EUR/USD.IDEALPRO,IDEALPRO-001,O-20250616-224500-001-V2-1999,O-20250616-224500-001-V2-2000,BUY,FLAT,0.00,100000.00,1750113900000000000,2025-06-16 22:45:00+00:00,1750118520000000000,2025-06-17 00:02:00+00:00,4620000000000.0,1.1557,1.15485,['4.62 USD'],-0.00074,-89.62 USD,True
BACKTESTER-001,MLSignalStrategyV2-V2,EUR/USD.IDEALPRO,IDEALPRO-001,O-20250617-010000-001-V2-2002,O-20250617-010000-001-V2-2003,SELL,FLAT,0.00,100000.00,1750122000000000000,2025-06-17 01:00:00+00:00,1750125120000000000,2025-06-17 01:52:00+00:00,3120000000000.0,1.15499,1.15599,['4.62 USD'],-0.00087,-104.62 USD,True
BACKTESTER-001,MLSignalStrategyV2-V2,EUR/USD.IDEALPRO,IDEALPRO-001,O-20250617-021500-001-V2-2005,O-20250617-021500-001-V2-2006,SELL,FLAT,0.00,100000.00,1750126500000000000,2025-06-17 02:15:00+00:00,1750128840000000000,2025-06-17 02:54:00+00:00,2340000000000.0,1.15502,1.15609,['4.62 USD'],-0.00093,-111.62 USD,True
BACKTESTER-001,MLSignalStrategyV2-V2,EUR/USD.IDEALPRO,IDEALPRO-001,O-20250617-094500-001-V2-2008,O-20250617-094500-001-V2-2010,BUY,FLAT,0.00,100000.00,1750153500000000000,2025-06-17 09:45:00+00:00,1750157160000000000,2025-06-17 10:46:00+00:00,3660000000000.0,1.1558,1.15674,['4.62 USD'],0.00081,89.38 USD,True
BACKTESTER-001,MLSignalStrategyV2-V2,EUR/USD.IDEALPRO,IDEALPRO-001,O-20250617-163000-001-V2-2011,O-20250617-163000-001-V2-2012,BUY,FLAT,0.00,100000.00,1750177800000000000,2025-06-17 16:30:00+00:00,1750179300000000000,2025-06-17 16:55:00+00:00,1500000000000.0,1.15239,1.15022,['4.60 USD'],-0.00188,-221.60 USD,True
BACKTESTER-001,MLSignalStrategyV2-V2,EUR/USD.IDEALPRO,IDEALPRO-001,O-20250617-171500-001-V2-2014,O-20250617-171500-001-V2-2015,BUY,FLAT,0.00,100000.00,1750180500000000000,2025-06-17 17:15:00+00:00,1750186080000000000,2025-06-17 18:48:00+00:00,5580000000000.0,1.14974,1.14762,['4.60 USD'],-0.00184,-216.60 USD,True
BACKTESTER-001,MLSignalStrategyV2-V2,EUR/USD.IDEALPRO,IDEALPRO-001,O-20250617-200000-001-V2-2017,O-20250617-200000-001-V2-2019,BUY,FLAT,0.00,100000.00,1750190400000000000,2025-06-17 20:00:00+00:00,1750207680000000000,2025-06-18 00:48:00+00:00,17280000000000.0,1.14848,1.14957,['4.60 USD'],0.00095,104.40 USD,True
BACKTESTER-001,MLSignalStrategyV2-V2,EUR/USD.IDEALPRO,IDEALPRO-001,O-20250618-041500-001-V2-2020,O-20250618-041500-001-V2-2022,BUY,FLAT,0.00,100000.00,1750220100000000000,2025-06-18 04:15:00+00:00,1750222620000000000,2025-06-18 04:57:00+00:00,2520000000000.0,1.15001,1.15081,['4.60 USD'],0.0007,75.40 USD,True
BACKTESTER-001,MLSignalStrategyV2-V2,EUR/USD.IDEALPRO,IDEALPRO-001,O-20250618-101500-001-V2-2023,O-20250618-101500-001-V2-2024,BUY,FLAT,0.00,100000.00,1750241700000000000,2025-06-18 10:15:00+00:00,1750244160000000000,2025-06-18 10:56:00+00:00,2460000000000.0,1.15064,1.14932,['4.60 USD'],-0.00115,-136.60 USD,True
BACKTESTER-001,MLSignalStrategyV2-V2,EUR/USD.IDEALPRO,IDEALPRO-001,O-20250618-203000-001-V2-2026,O-20250618-203000-001-V2-2027,BUY,FLAT,0.00,100000.00,1750278600000000000,2025-06-18 20:30:00+00:00,1750298280000000000,2025-06-19 01:58:00+00:00,19680000000000.0,1.14785,1.14538,['4.59 USD'],-0.00215,-251.59 USD,True
BACKTESTER-001,MLSignalStrategyV2-V2,EUR/USD.IDEALPRO,IDEALPRO-001,O-20250619-040000-001-V2-2029,O-20250619-040000-001-V2-2031,SELL,FLAT,0.00,100000.00,1750305600000000000,2025-06-19 04:00:00+00:00,1750312140000000000,2025-06-19 05:49:00+00:00,6540000000000.0,1.14658,1.14558,['4.58 USD'],0.00087,95.42 USD,True
BACKTESTER-001,MLSignalStrategyV2-V2,EUR/USD.IDEALPRO,IDEALPRO-001,O-20250619-060000-001-V2-2032,O-20250619-060000-001-V2-2033,BUY,FLAT,0.00,100000.00,1750312800000000000,2025-06-19 06:00:00+00:00,1750314780000000000,2025-06-19 06:33:00+00:00,1980000000000.0,1.14567,1.14464,['4.58 USD'],-0.0009,-107.58 USD,True
BACKTESTER-001,MLSignalStrategyV2-V2,EUR/USD.IDEALPRO,IDEALPRO-001,O-20250619-064500-001-V2-2035,O-20250619-064500-001-V2-2037,BUY,FLAT,0.00,100000.00,1750315500000000000,2025-06-19 06:45:00+00:00,1750315860000000000,2025-06-19 06:51:00+00:00,360000000000.0,1.14569,1.1467,['4.58 USD'],0.00088,96.42 USD,True
BACKTESTER-001,MLSignalStrategyV2-V2,EUR/USD.IDEALPRO,IDEALPRO-001,O-20250619-133000-001-V2-2038,O-20250619-133000-001-V2-2039,BUY,FLAT,0.00,100000.00,1750339800000000000,2025-06-19 13:30:00+00:00,1750343400000000000,2025-06-19 14:30:00+00:00,3600000000000.0,1.148,1.14663,['4.59 USD'],-0.00119,-141.59 USD,True
BACKTESTER-001,MLSignalStrategyV2-V2,EUR/USD.IDEALPRO,IDEALPRO-001,O-20250619-180000-001-V2-2041,O-20250619-180000-001-V2-2043,BUY,FLAT,0.00,100000.00,1750356000000000000,2025-06-19 18:00:00+00:00,1750360320000000000,2025-06-19 19:12:00+00:00,4320000000000.0,1.1479,1.14916,['4.60 USD'],0.0011,121.40 USD,True
BACKTESTER-001,MLSignalStrategyV2-V2,EUR/USD.IDEALPRO,IDEALPRO-001,O-20250620-030000-001-V2-2044,O-20250620-030000-001-V2-2046,BUY,FLAT,0.00,100000.00,1750388400000000000,2025-06-20 03:00:00+00:00,1750391040000000000,2025-06-20 03:44:00+00:00,2640000000000.0,1.15182,1.15262,['4.61 USD'],0.00069,75.39 USD,True
BACKTESTER-001,MLSignalStrategyV2-V2,EUR/USD.IDEALPRO,IDEALPRO-001,O-20250620-160000-001-V2-2047,O-20250620-160000-001-V2-2049,BUY,FLAT,0.00,100000.00,1750435200000000000,2025-06-20 16:00:00+00:00,1750437120000000000,2025-06-20 16:32:00+00:00,1920000000000.0,1.15197,1.15353,['4.61 USD'],0.00135,151.39 USD,True
BACKTESTER-001,MLSignalStrategyV2-V2,EUR/USD.IDEALPRO,IDEALPRO-001,O-20250622-213000-001-V2-2050,O-20250622-213000-001-V2-2052,BUY,FLAT,0.00,100000.00,1750627800000000000,2025-06-22 21:30:00+00:00,1750629720000000000,2025-06-22 22:02:00+00:00,1920000000000.0,1.14721,1.1489,['4.59 USD'],0.00147,164.41 USD,True
BACKTESTER-001,MLSignalStrategyV2-V2,EUR/USD.IDEALPRO,IDEALPRO-001,O-20250622-221500-001-V2-2053,O-20250622-221500-001-V2-2055,BUY,FLAT,0.00,100000.00,1750630500000000000,2025-06-22 22:15:00+00:00,1750634400000000000,2025-06-22 23:20:00+00:00,3900000000000.0,1.14868,1.14984,['4.60 USD'],0.00101,111.40 USD,True
BACKTESTER-001,MLSignalStrategyV2-V2,EUR/USD.IDEALPRO,IDEALPRO-001,O-20250622-233000-001-V2-2056,O-20250622-233000-001-V2-2057,BUY,FLAT,0.00,100000.00,1750635000000000000,2025-06-22 23:30:00+00:00,1750638060000000000,2025-06-23 00:21:00+00:00,3060000000000.0,1.14985,1.14823,['4.60 USD'],-0.00141,-166.60 USD,True
BACKTESTER-001,MLSignalStrategyV2-V2,EUR/USD.IDEALPRO,IDEALPRO-001,O-20250623-050000-001-V2-2059,O-20250623-050000-001-V2-2061,BUY,FLAT,0.00,100000.00,1750654800000000000,2025-06-23 05:00:00+00:00,1750655880000000000,2025-06-23 05:18:00+00:00,1080000000000.0,1.14907,1.14997,['4.60 USD'],0.00078,85.40 USD,True
BACKTESTER-001,MLSignalStrategyV2-V2,EUR/USD.IDEALPRO,IDEALPRO-001,O-20250623-070000-001-V2-2062,O-20250623-070000-001-V2-2064,SELL,FLAT,0.00,100000.00,1750662000000000000,2025-06-23 07:00:00+00:00,1750662960000000000,2025-06-23 07:16:00+00:00,960000000000.0,1.15071,1.14905,['4.60 USD'],0.00144,161.40 USD,True
BACKTESTER-001,MLSignalStrategyV2-V2,EUR/USD.IDEALPRO,IDEALPRO-001,O-20250623-084500-001-V2-2065,O-20250623-084500-001-V2-2066,BUY,FLAT,0.00,100000.00,1750668300000000000,2025-06-23 08:45:00+00:00,1750669560000000000,2025-06-23 09:06:00+00:00,1260000000000.0,1.14875,1.14705,['4.59 USD'],-0.00148,-174.59 USD,True
BACKTESTER-001,MLSignalStrategyV2-V2,EUR/USD.IDEALPRO,IDEALPRO-001,O-20250623-103000-001-V2-2068,O-20250623-103000-001-V2-2070,BUY,FLAT,0.00,100000.00,1750674600000000000,2025-06-23 10:30:00+00:00,1750686000000000000,2025-06-23 13:40:00+00:00,11400000000000.0,1.14678,1.14857,['4.59 USD'],0.00156,174.41 USD,True
BACKTESTER-001,MLSignalStrategyV2-V2,EUR/USD.IDEALPRO,IDEALPRO-001,O-20250623-143000-001-V2-2071,O-20250623-143000-001-V2-2072,SELL,FLAT,0.00,100000.00,1750689000000000000,2025-06-23 14:30:00+00:00,1750697160000000000,2025-06-23 16:46:00+00:00,8160000000000.0,1.15299,1.1554,['4.62 USD'],-0.00209,-245.62 USD,True
BACKTESTER-001,MLSignalStrategyV2-V2,EUR/USD.IDEALPRO,IDEALPRO-001,O-20250623-191500-001-V2-2074,O-20250623-191500-001-V2-2076,BUY,FLAT,0.00,100000.00,1750706100000000000,2025-06-23 19:15:00+00:00,1750716360000000000,2025-06-23 22:06:00+00:00,10260000000000.0,1.15768,1.15893,['4.64 USD'],0.00108,120.36 USD,True
BACKTESTER-001,MLSignalStrategyV2-V2,EUR/USD.IDEALPRO,IDEALPRO-001,O-20250624-004500-001-V2-2077,O-20250624-004500-001-V2-2078,BUY,FLAT,0.00,100000.00,1750725900000000000,2025-06-24 00:45:00+00:00,1750726260000000000,2025-06-24 00:51:00+00:00,360000000000.0,1.1604,1.15897,['4.64 USD'],-0.00123,-147.64 USD,True
BACKTESTER-001,MLSignalStrategyV2-V2,EUR/USD.IDEALPRO,IDEALPRO-001,O-20250624-010000-001-V2-2080,O-20250624-010000-001-V2-2082,BUY,FLAT,0.00,100000.00,1750726800000000000,2025-06-24 01:00:00+00:00,1750740420000000000,2025-06-24 04:47:00+00:00,13620000000000.0,1.15993,1.16132,['4.64 USD'],0.0012,134.36 USD,True
BACKTESTER-001,MLSignalStrategyV2-V2,EUR/USD.IDEALPRO,IDEALPRO-001,O-20250624-080000-001-V2-2083,O-20250624-080000-001-V2-2085,BUY,FLAT,0.00,100000.00,1750752000000000000,2025-06-24 08:00:00+00:00,1750756800000000000,2025-06-24 09:20:00+00:00,4800000000000.0,1.15917,1.1608,['4.64 USD'],0.00141,158.36 USD,True
BACKTESTER-001,MLSignalStrategyV2-V2,EUR/USD.IDEALPRO,IDEALPRO-001,O-20250624-171500-001-V2-2086,O-20250624-171500-001-V2-2088,SELL,FLAT,0.00,100000.00,1750785300000000000,2025-06-24 17:15:00+00:00,1750795140000000000,2025-06-24 19:59:00+00:00,9840000000000.0,1.16254,1.16126,['4.65 USD'],0.0011,123.35 USD,True
BACKTESTER-001,MLSignalStrategyV2-V2,EUR/USD.IDEALPRO,IDEALPRO-001,O-20250624-220000-001-V2-2089,O-20250624-220000-001-V2-2090,SELL,FLAT,0.00,100000.00,1750802400000000000,2025-06-24 22:00:00+00:00,1750810260000000000,2025-06-25 00:11:00+00:00,7860000000000.0,1.16104,1.16212,['4.64 USD'],-0.00093,-112.64 USD,True
BACKTESTER-001,MLSignalStrategyV2-V2,EUR/USD.IDEALPRO,IDEALPRO-001,O-20250625-023000-001-V2-2092,O-20250625-023000-001-V2-2094,SELL,FLAT,0.00,100000.00,1750818600000000000,2025-06-25 02:30:00+00:00,1750823400000000000,2025-06-25 03:50:00+00:00,4800000000000.0,1.16247,1.16159,['4.64 USD'],0.00076,83.36 USD,True
BACKTESTER-001,MLSignalStrategyV2-V2,EUR/USD.IDEALPRO,IDEALPRO-001,O-20250625-044500-001-V2-2095,O-20250625-044500-001-V2-2096,SELL,FLAT,0.00,100000.00,1750826700000000000,2025-06-25 04:45:00+00:00,1750832820000000000,2025-06-25 06:27:00+00:00,6120000000000.0,1.16138,1.16222,['4.64 USD'],-0.00072,-88.64 USD,True
BACKTESTER-001,MLSignalStrategyV2-V2,EUR/USD.IDEALPRO,IDEALPRO-001,O-20250625-074500-001-V2-2098,O-20250625-074500-001-V2-2099,BUY,FLAT,0.00,100000.00,1750837500000000000,2025-06-25 07:45:00+00:00,1750837980000000000,2025-06-25 07:53:00+00:00,480000000000.0,1.16077,1.15955,['4.64 USD'],-0.00105,-126.64 USD,True
BACKTESTER-001,MLSignalStrategyV2-V2,EUR/USD.IDEALPRO,IDEALPRO-001,O-20250625-080000-001-V2-2101,O-20250625-080000-001-V2-2103,BUY,FLAT,0.00,100000.00,1750838400000000000,2025-06-25 08:00:00+00:00,1750841220000000000,2025-06-25 08:47:00+00:00,2820000000000.0,1.15991,1.16083,['4.64 USD'],0.00079,87.36 USD,True
BACKTESTER-001,MLSignalStrategyV2-V2,EUR/USD.IDEALPRO,IDEALPRO-001,O-20250625-213000-001-V2-2104,O-20250625-213000-001-V2-2106,BUY,FLAT,0.00,100000.00,1750887000000000000,2025-06-25 21:30:00+00:00,1750892460000000000,2025-06-25 23:01:00+00:00,5460000000000.0,1.16553,1.16647,['4.66 USD'],0.00081,89.34 USD,True
BACKTESTER-001,MLSignalStrategyV2-V2,EUR/USD.IDEALPRO,IDEALPRO-001,O-20250625-234500-001-V2-2107,O-20250625-234500-001-V2-2108,SELL,FLAT,0.00,100000.00,1750895100000000000,2025-06-25 23:45:00+00:00,1750896300000000000,2025-06-26 00:05:00+00:00,1200000000000.0,1.16772,1.16881,['4.68 USD'],-0.00093,-113.68 USD,True
BACKTESTER-001,MLSignalStrategyV2-V2,EUR/USD.IDEALPRO,IDEALPRO-001,O-20250626-033000-001-V2-2110,O-20250626-033000-001-V2-2112,SELL,FLAT,0.00,100000.00,1750908600000000000,2025-06-26 03:30:00+00:00,1750911360000000000,2025-06-26 04:16:00+00:00,2760000000000.0,1.1695,1.16832,['4.68 USD'],0.00101,113.32 USD,True
BACKTESTER-001,MLSignalStrategyV2-V2,EUR/USD.IDEALPRO,IDEALPRO-001,O-20250626-063000-001-V2-2113,O-20250626-063000-001-V2-2114,SELL,FLAT,0.00,100000.00,1750919400000000000,2025-06-26 06:30:00+00:00,1750920840000000000,2025-06-26 06:54:00+00:00,1440000000000.0,1.16776,1.16946,['4.68 USD'],-0.00146,-174.68 USD,True
BACKTESTER-001,MLSignalStrategyV2-V2,EUR/USD.IDEALPRO,IDEALPRO-001,O-20250626-090000-001-V2-2116,O-20250626-090000-001-V2-2118,SELL,FLAT,0.00,100000.00,1750928400000000000,2025-06-26 09:00:00+00:00,1750935960000000000,2025-06-26 11:06:00+00:00,7560000000000.0,1.17277,1.171,['4.69 USD'],0.00151,172.31 USD,True
BACKTESTER-001,MLSignalStrategyV2-V2,EUR/USD.IDEALPRO,IDEALPRO-001,O-20250626-181500-001-V2-2119,O-20250626-181500-001-V2-2120,BUY,FLAT,0.00,100000.00,1750961700000000000,2025-06-26 18:15:00+00:00,1750964880000000000,2025-06-26 19:08:00+00:00,3180000000000.0,1.1727,1.17107,['4.69 USD'],-0.00139,-167.69 USD,True
BACKTESTER-001,MLSignalStrategyV2-V2,EUR/USD.IDEALPRO,IDEALPRO-001,O-20250626-213000-001-V2-2122,O-20250626-213000-001-V2-2123,BUY,FLAT,0.00,100000.00,1750973400000000000,2025-06-26 21:30:00+00:00,1750977480000000000,2025-06-26 22:38:00+00:00,4080000000000.0,1.16971,1.16833,['4.68 USD'],-0.00118,-142.68 USD,True
BACKTESTER-001,MLSignalStrategyV2-V2,EUR/USD.IDEALPRO,IDEALPRO-001,O-20250626-230000-001-V2-2125,O-20250626-230000-001-V2-2127,BUY,FLAT,0.00,100000.00,1750978800000000000,2025-06-26 23:00:00+00:00,1750979760000000000,2025-06-26 23:16:00+00:00,960000000000.0,1.16831,1.16939,['4.68 USD'],0.00092,103.32 USD,True
BACKTESTER-001,MLSignalStrategyV2-V2,EUR/USD.IDEALPRO,IDEALPRO-001,O-20250627-034500-001-V2-2128,O-20250627-034500-001-V2-2130,SELL,FLAT,0.00,100000.00,1750995900000000000,2025-06-27 03:45:00+00:00,1750996380000000000,2025-06-27 03:53:00+00:00,480000000000.0,1.17051,1.16963,['4.68 USD'],0.00075,83.32 USD,True
BACKTESTER-001,MLSignalStrategyV2-V2,EUR/USD.IDEALPRO,IDEALPRO-001,O-20250627-040000-001-V2-2131,O-20250627-040000-001-V2-2132,BUY,FLAT,0.00,100000.00,1750996800000000000,2025-06-27 04:00:00+00:00,1751004420000000000,2025-06-27 06:07:00+00:00,7620000000000.0,1.16958,1.16836,['4.68 USD'],-0.00104,-126.68 USD,True
BACKTESTER-001,MLSignalStrategyV2-V2,EUR/USD.IDEALPRO,IDEALPRO-001,O-20250627-073000-001-V2-2134,O-20250627-073000-001-V2-2136,BUY,FLAT,0.00,100000.00,1751009400000000000,2025-06-27 07:30:00+00:00,1751012280000000000,2025-06-27 08:18:00+00:00,2880000000000.0,1.17125,1.17263,['4.69 USD'],0.00118,133.31 USD,True
BACKTESTER-001,MLSignalStrategyV2-V2,EUR/USD.IDEALPRO,IDEALPRO-001,O-20250627-133000-001-V2-2137,O-20250627-133000-001-V2-2139,SELL,FLAT,0.00,100000.00,1751031000000000000,2025-06-27 13:30:00+00:00,1751035680000000000,2025-06-27 14:48:00+00:00,4680000000000.0,1.17239,1.17054,['4.68 USD'],0.00158,180.32 USD,True
BACKTESTER-001,MLSignalStrategyV2-V2,EUR/USD.IDEALPRO,IDEALPRO-001,O-20250627-160000-001-V2-2140,O-20250627-160000-001-V2-2142,SELL,FLAT,0.00,100000.00,1751040000000000000,2025-06-27 16:00:00+00:00,1751046060000000000,2025-06-27 17:41:00+00:00,6060000000000.0,1.17236,1.17089,['4.68 USD'],0.00125,142.32 USD,True
BACKTESTER-001,MLSignalStrategyV2-V2,EUR/USD.IDEALPRO,IDEALPRO-001,O-20250627-201500-001-V2-2143,O-20250627-201500-001-V2-2145,BUY,FLAT,0.00,100000.00,1751055300000000000,2025-06-27 20:15:00+00:00,1751057820000000000,2025-06-27 20:57:00+00:00,2520000000000.0,1.17115,1.17213,['4.68 USD'],0.00084,93.32 USD,True
BACKTESTER-001,MLSignalStrategyV2-V2,EUR/USD.IDEALPRO,IDEALPRO-001,O-20250629-213000-001-V2-2146,O-20250629-213000-001-V2-2148,BUY,FLAT,0.00,100000.00,1751232600000000000,2025-06-29 21:30:00+00:00,1751238720000000000,2025-06-29 23:12:00+00:00,6120000000000.0,1.17258,1.17365,['4.70 USD'],0.00091,102.30 USD,True
BACKTESTER-001,MLSignalStrategyV2-V2,EUR/USD.IDEALPRO,IDEALPRO-001,O-20250629-231500-001-V2-2149,O-20250629-231500-001-V2-2151,SELL,FLAT,0.00,100000.00,1751238900000000000,2025-06-29 23:15:00+00:00,1751241120000000000,2025-06-29 23:52:00+00:00,2220000000000.0,1.17366,1.17273,['4.70 USD'],0.00079,88.30 USD,True
BACKTESTER-001,MLSignalStrategyV2-V2,EUR/USD.IDEALPRO,IDEALPRO-001,O-20250630-050000-001-V2-2152,O-20250630-050000-001-V2-2154,BUY,FLAT,0.00,100000.00,1751259600000000000,2025-06-30 05:00:00+00:00,1751265840000000000,2025-06-30 06:44:00+00:00,6240000000000.0,1.17305,1.17394,['4.70 USD'],0.00076,84.30 USD,True
BACKTESTER-001,MLSignalStrategyV2-V2,EUR/USD.IDEALPRO,IDEALPRO-001,O-20250630-071500-001-V2-2155,O-20250630-071500-001-V2-2157,SELL,FLAT,0.00,100000.00,1751267700000000000,2025-06-30 07:15:00+00:00,1751268660000000000,2025-06-30 07:31:00+00:00,960000000000.0,1.17382,1.17264,['4.70 USD'],0.00101,113.30 USD,True
BACKTESTER-001,MLSignalStrategyV2-V2,EUR/USD.IDEALPRO,IDEALPRO-001,O-20250630-104500-001-V2-2158,O-20250630-104500-001-V2-2159,SELL,FLAT,0.00,100000.00,1751280300000000000,2025-06-30 10:45:00+00:00,1751282700000000000,2025-06-30 11:25:00+00:00,2400000000000.0,1.17178,1.17307,['4.69 USD'],-0.0011,-133.69 USD,True
BACKTESTER-001,MLSignalStrategyV2-V2,EUR/USD.IDEALPRO,IDEALPRO-001,O-20250630-124500-001-V2-2161,O-20250630-124500-001-V2-2163,BUY,FLAT,0.00,100000.00,1751287500000000000,2025-06-30 12:45:00+00:00,1751290380000000000,2025-06-30 13:33:00+00:00,2880000000000.0,1.17123,1.17214,['4.68 USD'],0.00078,86.32 USD,True
BACKTESTER-001,MLSignalStrategyV2-V2,EUR/USD.IDEALPRO,IDEALPRO-001,O-20250630-140000-001-V2-2164,O-20250630-140000-001-V2-2166,BUY,FLAT,0.00,100000.00,1751292000000000000,2025-06-30 14:00:00+00:00,1751293080000000000,2025-06-30 14:18:00+00:00,1080000000000.0,1.17214,1.17299,['4.69 USD'],0.00073,80.31 USD,True
BACKTESTER-001,MLSignalStrategyV2-V2,EUR/USD.IDEALPRO,IDEALPRO-001,O-20250630-170000-001-V2-2167,O-20250630-170000-001-V2-2168,SELL,FLAT,0.00,100000.00,1751302800000000000,2025-06-30 17:00:00+00:00,1751314020000000000,2025-06-30 20:07:00+00:00,11220000000000.0,1.17626,1.17822,['4.71 USD'],-0.00167,-200.71 USD,True
BACKTESTER-001,MLSignalStrategyV2-V2,EUR/USD.IDEALPRO,IDEALPRO-001,O-20250630-220000-001-V2-2170,O-20250630-220000-001-V2-2172,BUY,FLAT,0.00,100000.00,1751320800000000000,2025-06-30 22:00:00+00:00,1751322660000000000,2025-06-30 22:31:00+00:00,1860000000000.0,1.17822,1.17912,['4.72 USD'],0.00076,85.28 USD,True
BACKTESTER-001,MLSignalStrategyV2-V2,EUR/USD.IDEALPRO,IDEALPRO-001,O-20250630-224500-001-V2-2173,O-20250630-224500-001-V2-2175,BUY,FLAT,0.00,100000.00,1751323500000000000,2025-06-30 22:45:00+00:00,1751328900000000000,2025-07-01 00:15:00+00:00,5400000000000.0,1.17871,1.17942,['4.72 USD'],0.0006,66.28 USD,True
BACKTESTER-001,MLSignalStrategyV2-V2,EUR/USD.IDEALPRO,IDEALPRO-001,O-20250701-014500-001-V2-2176,O-20250701-014500-001-V2-2178,SELL,FLAT,0.00,100000.00,1751334300000000000,2025-07-01 01:45:00+00:00,1751334900000000000,2025-07-01 01:55:00+00:00,600000000000.0,1.1788,1.17798,['4.72 USD'],0.0007,77.28 USD,True
BACKTESTER-001,MLSignalStrategyV2-V2,EUR/USD.IDEALPRO,IDEALPRO-001,O-20250701-020000-001-V2-2179,O-20250701-020000-001-V2-2180,SELL,FLAT,0.00,100000.00,1751335200000000000,2025-07-01 02:00:00+00:00,1751340000000000000,2025-07-01 03:20:00+00:00,4800000000000.0,1.17805,1.17928,['4.72 USD'],-0.00104,-127.72 USD,True
BACKTESTER-001,MLSignalStrategyV2-V2,EUR/USD.IDEALPRO,IDEALPRO-001,O-20250701-043000-001-V2-2182,O-20250701-043000-001-V2-2184,SELL,FLAT,0.00,100000.00,1751344200000000000,2025-07-01 04:30:00+00:00,1751345700000000000,2025-07-01 04:55:00+00:00,1500000000000.0,1.17905,1.17838,['4.72 USD'],0.00057,62.28 USD,True
BACKTESTER-001,MLSignalStrategyV2-V2,EUR/USD.IDEALPRO,IDEALPRO-001,O-20250701-070000-001-V2-2185,O-20250701-070000-001-V2-2187,SELL,FLAT,0.00,100000.00,1751353200000000000,2025-07-01 07:00:00+00:00,1751353380000000000,2025-07-01 07:03:00+00:00,180000000000.0,1.17794,1.17692,['4.71 USD'],0.00087,97.29 USD,True
BACKTESTER-001,MLSignalStrategyV2-V2,EUR/USD.IDEALPRO,IDEALPRO-001,O-20250701-111500-001-V2-2188,O-20250701-111500-001-V2-2189,BUY,FLAT,0.00,100000.00,1751368500000000000,2025-07-01 11:15:00+00:00,1751377620000000000,2025-07-01 13:47:00+00:00,9120000000000.0,1.18104,1.17929,['4.72 USD'],-0.00148,-179.72 USD,True
BACKTESTER-001,MLSignalStrategyV2-V2,EUR/USD.IDEALPRO,IDEALPRO-001,O-20250701-161500-001-V2-2191,O-20250701-161500-001-V2-2193,BUY,FLAT,0.00,100000.00,1751386500000000000,2025-07-01 16:15:00+00:00,1751392440000000000,2025-07-01 17:54:00+00:00,5940000000000.0,1.17704,1.17837,['4.71 USD'],0.00113,128.29 USD,True
BACKTESTER-001,MLSignalStrategyV2-V2,EUR/USD.IDEALPRO,IDEALPRO-001,O-20250701-204500-001-V2-2194,O-20250701-204500-001-V2-2196,SELL,FLAT,0.00,100000.00,1751402700000000000,2025-07-01 20:45:00+00:00,1751421060000000000,2025-07-02 01:51:00+00:00,18360000000000.0,1.18043,1.17943,['4.72 USD'],0.00085,95.28 USD,True
BACKTESTER-001,MLSignalStrategyV2-V2,EUR/USD.IDEALPRO,IDEALPRO-001,O-20250702-030000-001-V2-2197,O-20250702-030000-001-V2-2199,SELL,FLAT,0.00,100000.00,1751425200000000000,2025-07-02 03:00:00+00:00,1751432880000000000,2025-07-02 05:08:00+00:00,7680000000000.0,1.18003,1.17928,['4.72 USD'],0.00064,70.28 USD,True
BACKTESTER-001,MLSignalStrategyV2-V2,EUR/USD.IDEALPRO,IDEALPRO-001,O-20250702-073000-001-V2-2200,O-20250702-073000-001-V2-2201,BUY,FLAT,0.00,100000.00,1751441400000000000,2025-07-02 07:30:00+00:00,1751453580000000000,2025-07-02 10:53:00+00:00,12180000000000.0,1.17776,1.17656,['4.71 USD'],-0.00102,-124.71 USD,True
BACKTESTER-001,MLSignalStrategyV2-V2,EUR/USD.IDEALPRO,IDEALPRO-001,O-20250702-114500-001-V2-2203,O-20250702-114500-001-V2-2205,BUY,FLAT,0.00,100000.00,1751456700000000000,2025-07-02 11:45:00+00:00,1751458560000000000,2025-07-02 12:16:00+00:00,1860000000000.0,1.17572,1.1781,['4.71 USD'],0.00202,233.29 USD,True
BACKTESTER-001,MLSignalStrategyV2-V2,EUR/USD.IDEALPRO,IDEALPRO-001,O-20250702-143000-001-V2-2206,O-20250702-143000-001-V2-2207,SELL,FLAT,0.00,100000.00,1751466600000000000,2025-07-02 14:30:00+00:00,1751471160000000000,2025-07-02 15:46:00+00:00,4560000000000.0,1.17627,1.17872,['4.71 USD'],-0.00208,-249.71 USD,True
BACKTESTER-001,MLSignalStrategyV2-V2,EUR/USD.IDEALPRO,IDEALPRO-001,O-20250702-221500-001-V2-2209,O-20250702-221500-001-V2-2211,BUY,FLAT,0.00,100000.00,1751494500000000000,2025-07-02 22:15:00+00:00,1751501820000000000,2025-07-03 00:17:00+00:00,7320000000000.0,1.18,1.18068,['4.72 USD'],0.00058,63.28 USD,True
BACKTESTER-001,MLSignalStrategyV2-V2,EUR/USD.IDEALPRO,IDEALPRO-001,O-20250703-030000-001-V2-2212,O-20250703-030000-001-V2-2214,SELL,FLAT,0.00,100000.00,1751511600000000000,2025-07-03 03:00:00+00:00,1751514060000000000,2025-07-03 03:41:00+00:00,2460000000000.0,1.17979,1.17923,['4.72 USD'],0.00047,51.28 USD,True
BACKTESTER-001,MLSignalStrategyV2-V2,EUR/USD.IDEALPRO,IDEALPRO-001,O-20250703-043000-001-V2-2215,O-20250703-043000-001-V2-2216,SELL,FLAT,0.00,100000.00,1751517000000000000,2025-07-03 04:30:00+00:00,1751522520000000000,2025-07-03 06:02:00+00:00,5520000000000.0,1.17898,1.17976,['4.72 USD'],-0.00066,-82.72 USD,True
BACKTESTER-001,MLSignalStrategyV2-V2,EUR/USD.IDEALPRO,IDEALPRO-001,O-20250703-121500-001-V2-2218,O-20250703-121500-001-V2-2220,SELL,FLAT,0.00,100000.00,1751544900000000000,2025-07-03 12:15:00+00:00,1751545860000000000,2025-07-03 12:31:00+00:00,960000000000.0,1.17832,1.17256,['4.71 USD'],0.00489,571.29 USD,True
BACKTESTER-001,MLSignalStrategyV2-V2,EUR/USD.IDEALPRO,IDEALPRO-001,O-20250703-124500-001-V2-2221,O-20250703-124500-001-V2-2223,BUY,FLAT,0.00,100000.00,1751546700000000000,2025-07-03 12:45:00+00:00,1751548320000000000,2025-07-03 13:12:00+00:00,1620000000000.0,1.1735,1.1749,['4.70 USD'],0.00119,135.30 USD,True
BACKTESTER-001,MLSignalStrategyV2-V2,EUR/USD.IDEALPRO,IDEALPRO-001,O-20250703-131500-001-V2-2224,O-20250703-131500-001-V2-2226,BUY,FLAT,0.00,100000.00,1751548500000000000,2025-07-03 13:15:00+00:00,1751550180000000000,2025-07-03 13:43:00+00:00,1680000000000.0,1.17519,1.17723,['4.70 USD'],0.00174,199.30 USD,True
BACKTESTER-001,MLSignalStrategyV2-V2,EUR/USD.IDEALPRO,IDEALPRO-001,O-20250703-134500-001-V2-2227,O-20250703-134500-001-V2-2228,BUY,FLAT,0.00,100000.00,1751550300000000000,2025-07-03 13:45:00+00:00,1751560020000000000,2025-07-03 16:27:00+00:00,9720000000000.0,1.17715,1.17447,['4.70 USD'],-0.00228,-272.70 USD,True
BACKTESTER-001,MLSignalStrategyV2-V2,EUR/USD.IDEALPRO,IDEALPRO-001,O-20250703-191500-001-V2-2230,O-20250703-191500-001-V2-2232,BUY,FLAT,0.00,100000.00,1751570100000000000,2025-07-03 19:15:00+00:00,1751575140000000000,2025-07-03 20:39:00+00:00,5040000000000.0,1.17467,1.1755,['4.70 USD'],0.00071,78.30 USD,True
BACKTESTER-001,MLSignalStrategyV2-V2,EUR/USD.IDEALPRO,IDEALPRO-001,O-20250703-213000-001-V2-2233,O-20250703-213000-001-V2-2235,BUY,FLAT,0.00,100000.00,1751578200000000000,2025-07-03 21:30:00+00:00,1751583660000000000,2025-07-03 23:01:00+00:00,5460000000000.0,1.17535,1.17606,['4.70 USD'],0.0006,66.30 USD,True
BACKTESTER-001,MLSignalStrategyV2-V2,EUR/USD.IDEALPRO,IDEALPRO-001,O-20250704-020000-001-V2-2236,O-20250704-020000-001-V2-2237,SELL,FLAT,0.00,100000.00,1751594400000000000,2025-07-04 02:00:00+00:00,1751596140000000000,2025-07-04 02:29:00+00:00,1740000000000.0,1.17595,1.17682,['4.70 USD'],-0.00074,-91.70 USD,True
BACKTESTER-001,MLSignalStrategyV2-V2,EUR/USD.IDEALPRO,IDEALPRO-001,O-20250704-074500-001-V2-2239,O-20250704-074500-001-V2-2241,BUY,FLAT,0.00,100000.00,1751615100000000000,2025-07-04 07:45:00+00:00,1751621880000000000,2025-07-04 09:38:00+00:00,6780000000000.0,1.17717,1.17791,['4.71 USD'],0.00063,69.29 USD,True
BACKTESTER-001,MLSignalStrategyV2-V2,EUR/USD.IDEALPRO,IDEALPRO-001,O-20250704-134500-001-V2-2242,O-20250704-134500-001-V2-2244,BUY,FLAT,0.00,100000.00,1751636700000000000,2025-07-04 13:45:00+00:00,1751637780000000000,2025-07-04 14:03:00+00:00,1080000000000.0,1.17766,1.17848,['4.72 USD'],0.0007,77.28 USD,True
BACKTESTER-001,MLSignalStrategyV2-V2,EUR/USD.IDEALPRO,IDEALPRO-001,O-20250704-163000-001-V2-2245,O-20250704-163000-001-V2-2246,BUY,FLAT,0.00,100000.00,1751646600000000000,2025-07-04 16:30:00+00:00,1751648460000000000,2025-07-04 17:01:00+00:00,1860000000000.0,1.17816,1.17726,['4.71 USD'],-0.00076,-94.71 USD,True
BACKTESTER-001,MLSignalStrategyV2-V2,EUR/USD.IDEALPRO,IDEALPRO-001,O-20250706-213000-001-V2-2248,O-20250706-213000-001-V2-2250,BUY,FLAT,0.00,100000.00,1751837400000000000,2025-07-06 21:30:00+00:00,1751846820000000000,2025-07-07 00:07:00+00:00,9420000000000.0,1.17808,1.17888,['4.72 USD'],0.00068,75.28 USD,True
BACKTESTER-001,MLSignalStrategyV2-V2,EUR/USD.IDEALPRO,IDEALPRO-001,O-20250707-020000-001-V2-2251,O-20250707-020000-001-V2-2253,SELL,FLAT,0.00,100000.00,1751853600000000000,2025-07-07 02:00:00+00:00,1751863680000000000,2025-07-07 04:48:00+00:00,10080000000000.0,1.1772,1.17647,['4.70 USD'],0.00062,68.30 USD,True
BACKTESTER-001,MLSignalStrategyV2-V2,EUR/USD.IDEALPRO,IDEALPRO-001,O-20250707-053000-001-V2-2254,O-20250707-053000-001-V2-2256,BUY,FLAT,0.00,100000.00,1751866200000000000,2025-07-07 05:30:00+00:00,1751867220000000000,2025-07-07 05:47:00+00:00,1020000000000.0,1.17648,1.17711,['4.70 USD'],0.00054,58.30 USD,True
BACKTESTER-001,MLSignalStrategyV2-V2,EUR/USD.IDEALPRO,IDEALPRO-001,O-20250707-060000-001-V2-2257,O-20250707-060000-001-V2-2259,SELL,FLAT,0.00,100000.00,1751868000000000000,2025-07-07 06:00:00+00:00,1751868480000000000,2025-07-07 06:08:00+00:00,480000000000.0,1.17717,1.17641,['4.70 USD'],0.00065,71.30 USD,True
BACKTESTER-001,MLSignalStrategyV2-V2,EUR/USD.IDEALPRO,IDEALPRO-001,O-20250707-070000-001-V2-2260,O-20250707-070000-001-V2-2262,SELL,FLAT,0.00,100000.00,1751871600000000000,2025-07-07 07:00:00+00:00,1751873400000000000,2025-07-07 07:30:00+00:00,1800000000000.0,1.17559,1.17479,['4.70 USD'],0.00068,75.30 USD,True
BACKTESTER-001,MLSignalStrategyV2-V2,EUR/USD.IDEALPRO,IDEALPRO-001,O-20250707-084500-001-V2-2263,O-20250707-084500-001-V2-2264,BUY,FLAT,0.00,100000.00,1751877900000000000,2025-07-07 08:45:00+00:00,1751891280000000000,2025-07-07 12:28:00+00:00,13380000000000.0,1.17331,1.17199,['4.69 USD'],-0.00113,-136.69 USD,True
BACKTESTER-001,MLSignalStrategyV2-V2,EUR/USD.IDEALPRO,IDEALPRO-001,O-20250707-124500-001-V2-2266,O-20250707-124500-001-V2-2267,SELL,FLAT,0.00,100000.00,1751892300000000000,2025-07-07 12:45:00+00:00,1751894580000000000,2025-07-07 13:23:00+00:00,2280000000000.0,1.17228,1.17341,['4.69 USD'],-0.00096,-117.69 USD,True
BACKTESTER-001,MLSignalStrategyV2-V2,EUR/USD.IDEALPRO,IDEALPRO-001,O-20250707-133000-001-V2-2269,O-20250707-133000-001-V2-2271,SELL,FLAT,0.00,100000.00,1751895000000000000,2025-07-07 13:30:00+00:00,1751905320000000000,2025-07-07 16:22:00+00:00,10320000000000.0,1.17368,1.1725,['4.70 USD'],0.00101,113.30 USD,True
BACKTESTER-001,MLSignalStrategyV2-V2,EUR/USD.IDEALPRO,IDEALPRO-001,O-20250707-170000-001-V2-2272,O-20250707-170000-001-V2-2274,BUY,FLAT,0.00,100000.00,1751907600000000000,2025-07-07 17:00:00+00:00,1751909460000000000,2025-07-07 17:31:00+00:00,1860000000000.0,1.16943,1.17088,['4.68 USD'],0.00124,140.32 USD,True
BACKTESTER-001,MLSignalStrategyV2-V2,EUR/USD.IDEALPRO,IDEALPRO-001,O-20250707-230000-001-V2-2275,O-20250707-230000-001-V2-2277,BUY,FLAT,0.00,100000.00,1751929200000000000,2025-07-07 23:00:00+00:00,1751933460000000000,2025-07-08 00:11:00+00:00,4260000000000.0,1.17356,1.17439,['4.70 USD'],0.00071,78.30 USD,True
BACKTESTER-001,MLSignalStrategyV2-V2,EUR/USD.IDEALPRO,IDEALPRO-001,O-20250708-001500-001-V2-2278,O-20250708-001500-001-V2-2280,SELL,FLAT,0.00,100000.00,1751933700000000000,2025-07-08 00:15:00+00:00,1751937000000000000,2025-07-08 01:10:00+00:00,3300000000000.0,1.17468,1.17392,['4.70 USD'],0.00065,71.30 USD,True
BACKTESTER-001,MLSignalStrategyV2-V2,EUR/USD.IDEALPRO,IDEALPRO-001,O-20250708-011500-001-V2-2281,O-20250708-011500-001-V2-2283,BUY,FLAT,0.00,100000.00,1751937300000000000,2025-07-08 01:15:00+00:00,1751940300000000000,2025-07-08 02:05:00+00:00,3000000000000.0,1.17352,1.17446,['4.70 USD'],0.0008,89.30 USD,True
BACKTESTER-001,MLSignalStrategyV2-V2,EUR/USD.IDEALPRO,IDEALPRO-001,O-20250708-024500-001-V2-2284,O-20250708-024500-001-V2-2286,BUY,FLAT,0.00,100000.00,1751942700000000000,2025-07-08 02:45:00+00:00,1751958660000000000,2025-07-08 07:11:00+00:00,15960000000000.0,1.17421,1.17528,['4.70 USD'],0.00091,102.30 USD,True
BACKTESTER-001,MLSignalStrategyV2-V2,EUR/USD.IDEALPRO,IDEALPRO-001,O-20250708-093000-001-V2-2287,O-20250708-093000-001-V2-2289,SELL,FLAT,0.00,100000.00,1751967000000000000,2025-07-08 09:30:00+00:00,1751967900000000000,2025-07-08 09:45:00+00:00,900000000000.0,1.17488,1.17412,['4.70 USD'],0.00065,71.30 USD,True
BACKTESTER-001,MLSignalStrategyV2-V2,EUR/USD.IDEALPRO,IDEALPRO-001,O-20250708-101500-001-V2-2290,O-20250708-101500-001-V2-2292,SELL,FLAT,0.00,100000.00,1751969700000000000,2025-07-08 10:15:00+00:00,1751970600000000000,2025-07-08 10:30:00+00:00,900000000000.0,1.17378,1.17305,['4.70 USD'],0.00062,68.30 USD,True
BACKTESTER-001,MLSignalStrategyV2-V2,EUR/USD.IDEALPRO,IDEALPRO-001,O-20250708-103000-001-V2-2293,O-20250708-103000-001-V2-2295,SELL,FLAT,0.00,100000.00,1751970600000000000,2025-07-08 10:30:00+00:00,1751971680000000000,2025-07-08 10:48:00+00:00,1080000000000.0,1.17311,1.17233,['4.69 USD'],0.00066,73.31 USD,True
BACKTESTER-001,MLSignalStrategyV2-V2,EUR/USD.IDEALPRO,IDEALPRO-001,O-20250708-114500-001-V2-2296,O-20250708-114500-001-V2-2298,SELL,FLAT,0.00,100000.00,1751975100000000000,2025-07-08 11:45:00+00:00,1751975760000000000,2025-07-08 11:56:00+00:00,660000000000.0,1.173,1.17219,['4.69 USD'],0.00069,76.31 USD,True
BACKTESTER-001,MLSignalStrategyV2-V2,EUR/USD.IDEALPRO,IDEALPRO-001,O-20250708-141500-001-V2-2299,O-20250708-141500-001-V2-2301,BUY,FLAT,0.00,100000.00,1751984100000000000,2025-07-08 14:15:00+00:00,1751987700000000000,2025-07-08 15:15:00+00:00,3600000000000.0,1.16895,1.17029,['4.68 USD'],0.00115,129.32 USD,True
BACKTESTER-001,MLSignalStrategyV2-V2,EUR/USD.IDEALPRO,IDEALPRO-001,O-20250708-161500-001-V2-2302,O-20250708-161500-001-V2-2304,BUY,FLAT,0.00,100000.00,1751991300000000000,2025-07-08 16:15:00+00:00,1751994300000000000,2025-07-08 17:05:00+00:00,3000000000000.0,1.17096,1.17217,['4.68 USD'],0.00103,116.32 USD,True
BACKTESTER-001,MLSignalStrategyV2-V2,EUR/USD.IDEALPRO,IDEALPRO-001,O-20250709-024500-001-V2-2305,O-20250709-024500-001-V2-2307,BUY,FLAT,0.00,100000.00,1752029100000000000,2025-07-09 02:45:00+00:00,1752036900000000000,2025-07-09 04:55:00+00:00,7800000000000.0,1.17072,1.17138,['4.68 USD'],0.00056,61.32 USD,True
BACKTESTER-001,MLSignalStrategyV2-V2,EUR/USD.IDEALPRO,IDEALPRO-001,O-20250709-114500-001-V2-2308,O-20250709-114500-001-V2-2310,SELL,FLAT,0.00,100000.00,1752061500000000000,2025-07-09 11:45:00+00:00,1752062100000000000,2025-07-09 11:55:00+00:00,600000000000.0,1.17048,1.16967,['4.68 USD'],0.00069,76.32 USD,True
BACKTESTER-001,MLSignalStrategyV2-V2,EUR/USD.IDEALPRO,IDEALPRO-001,O-20250709-204500-001-V2-2311,O-20250709-204500-001-V2-2313,BUY,FLAT,0.00,100000.00,1752093900000000000,2025-07-09 20:45:00+00:00,1752098460000000000,2025-07-09 22:01:00+00:00,4560000000000.0,1.17173,1.17244,['4.68 USD'],0.00061,66.32 USD,True
BACKTESTER-001,MLSignalStrategyV2-V2,EUR/USD.IDEALPRO,IDEALPRO-001,O-20250709-221500-001-V2-2314,O-20250709-221500-001-V2-2316,BUY,FLAT,0.00,100000.00,1752099300000000000,2025-07-09 22:15:00+00:00,1752104400000000000,2025-07-09 23:40:00+00:00,5100000000000.0,1.17241,1.17306,['4.69 USD'],0.00055,60.31 USD,True
BACKTESTER-001,MLSignalStrategyV2-V2,EUR/USD.IDEALPRO,IDEALPRO-001,O-20250710-000000-001-V2-2317,O-20250710-000000-001-V2-2318,SELL,FLAT,0.00,100000.00,1752105600000000000,2025-07-10 00:00:00+00:00,1752106260000000000,2025-07-10 00:11:00+00:00,660000000000.0,1.17381,1.17457,['4.70 USD'],-0.00065,-80.70 USD,True
BACKTESTER-001,MLSignalStrategyV2-V2,EUR/USD.IDEALPRO,IDEALPRO-001,O-20250710-003000-001-V2-2320,O-20250710-003000-001-V2-2322,SELL,FLAT,0.00,100000.00,1752107400000000000,2025-07-10 00:30:00+00:00,1752110040000000000,2025-07-10 01:14:00+00:00,2640000000000.0,1.17457,1.17388,['4.70 USD'],0.00059,64.30 USD,True
BACKTESTER-001,MLSignalStrategyV2-V2,EUR/USD.IDEALPRO,IDEALPRO-001,O-20250710-120000-001-V2-2323,O-20250710-120000-001-V2-2325,SELL,FLAT,0.00,100000.00,1752148800000000000,2025-07-10 12:00:00+00:00,1752150660000000000,2025-07-10 12:31:00+00:00,1860000000000.0,1.17118,1.17019,['4.68 USD'],0.00085,94.32 USD,True
BACKTESTER-001,MLSignalStrategyV2-V2,EUR/USD.IDEALPRO,IDEALPRO-001,O-20250710-124500-001-V2-2326,O-20250710-124500-001-V2-2328,BUY,FLAT,0.00,100000.00,1752151500000000000,2025-07-10 12:45:00+00:00,1752152700000000000,2025-07-10 13:05:00+00:00,1200000000000.0,1.17041,1.17135,['4.68 USD'],0.0008,89.32 USD,True
BACKTESTER-001,MLSignalStrategyV2-V2,EUR/USD.IDEALPRO,IDEALPRO-001,O-20250710-131500-001-V2-2329,O-20250710-131500-001-V2-2331,SELL,FLAT,0.00,100000.00,1752153300000000000,2025-07-10 13:15:00+00:00,1752154020000000000,2025-07-10 13:27:00+00:00,720000000000.0,1.171,1.17023,['4.68 USD'],0.00066,72.32 USD,True
BACKTESTER-001,MLSignalStrategyV2-V2,EUR/USD.IDEALPRO,IDEALPRO-001,O-20250710-143000-001-V2-2332,O-20250710-143000-001-V2-2334,BUY,FLAT,0.00,100000.00,1752157800000000000,2025-07-10 14:30:00+00:00,1752159000000000000,2025-07-10 14:50:00+00:00,1200000000000.0,1.1668,1.16839,['4.67 USD'],0.00136,154.33 USD,True
BACKTESTER-001,MLSignalStrategyV2-V2,EUR/USD.IDEALPRO,IDEALPRO-001,O-20250710-150000-001-V2-2335,O-20250710-150000-001-V2-2337,BUY,FLAT,0.00,100000.00,1752159600000000000,2025-07-10 15:00:00+00:00,1752170940000000000,2025-07-10 18:09:00+00:00,11340000000000.0,1.168,1.16937,['4.68 USD'],0.00117,132.32 USD,True
BACKTESTER-001,MLSignalStrategyV2-V2,EUR/USD.IDEALPRO,IDEALPRO-001,O-20250710-183000-001-V2-2338,O-20250710-183000-001-V2-2340,BUY,FLAT,0.00,100000.00,1752172200000000000,2025-07-10 18:30:00+00:00,1752181080000000000,2025-07-10 20:58:00+00:00,8880000000000.0,1.16923,1.17004,['4.68 USD'],0.00069,76.32 USD,True
BACKTESTER-001,MLSignalStrategyV2-V2,EUR/USD.IDEALPRO,IDEALPRO-001,O-20250710-213000-001-V2-2341,O-20250710-213000-001-V2-2343,BUY,FLAT,0.00,100000.00,1752183000000000000,2025-07-10 21:30:00+00:00,1752185880000000000,2025-07-10 22:18:00+00:00,2880000000000.0,1.16995,1.17046,['4.68 USD'],0.00044,46.32 USD,True
BACKTESTER-001,MLSignalStrategyV2-V2,EUR/USD.IDEALPRO,IDEALPRO-001,O-20250711-010000-001-V2-2344,O-20250711-010000-001-V2-2346,BUY,FLAT,0.00,100000.00,1752195600000000000,2025-07-11 01:00:00+00:00,1752198180000000000,2025-07-11 01:43:00+00:00,2580000000000.0,1.1675,1.1686,['4.68 USD'],0.00094,105.32 USD,True
BACKTESTER-001,MLSignalStrategyV2-V2,EUR/USD.IDEALPRO,IDEALPRO-001,O-20250711-014500-001-V2-2347,O-20250711-014500-001-V2-2348,BUY,FLAT,0.00,100000.00,1752198300000000000,2025-07-11 01:45:00+00:00,1752208260000000000,2025-07-11 04:31:00+00:00,9960000000000.0,1.16833,1.16692,['4.67 USD'],-0.00121,-145.67 USD,True
BACKTESTER-001,MLSignalStrategyV2-V2,EUR/USD.IDEALPRO,IDEALPRO-001,O-20250711-100000-001-V2-2350,O-20250711-100000-001-V2-2351,BUY,FLAT,0.00,100000.00,1752228000000000000,2025-07-11 10:00:00+00:00,1752235860000000000,2025-07-11 12:11:00+00:00,7860000000000.0,1.1695,1.16824,['4.68 USD'],-0.00108,-130.68 USD,True
BACKTESTER-001,MLSignalStrategyV2-V2,EUR/USD.IDEALPRO,IDEALPRO-001,O-20250711-160000-001-V2-2353,O-20250711-160000-001-V2-2354,BUY,FLAT,0.00,100000.00,1752249600000000000,2025-07-11 16:00:00+00:00,1752265620000000000,2025-07-11 20:27:00+00:00,16020000000000.0,1.16963,1.16812,['4.68 USD'],-0.00129,-155.68 USD,True
BACKTESTER-001,MLSignalStrategyV2-V2,EUR/USD.IDEALPRO,IDEALPRO-001,O-20250711-204500-001-V2-2356,O-20250711-204500-001-V2-2358,BUY,FLAT,0.00,100000.00,1752266700000000000,2025-07-11 20:45:00+00:00,1752267240000000000,2025-07-11 20:54:00+00:00,540000000000.0,1.16871,1.16944,['4.68 USD'],0.00062,68.32 USD,True
BACKTESTER-001,MLSignalStrategyV2-V2,EUR/USD.IDEALPRO,IDEALPRO-001,O-20250713-213000-001-V2-2359,O-20250713-213000-001-V2-2361,BUY,FLAT,0.00,100000.00,1752442200000000000,2025-07-13 21:30:00+00:00,1752444120000000000,2025-07-13 22:02:00+00:00,1920000000000.0,1.16661,1.16766,['4.67 USD'],0.0009,100.33 USD,True
BACKTESTER-001,MLSignalStrategyV2-V2,EUR/USD.IDEALPRO,IDEALPRO-001,O-20250713-221500-001-V2-2362,O-20250713-221500-001-V2-2364,BUY,FLAT,0.00,100000.00,1752444900000000000,2025-07-13 22:15:00+00:00,1752450240000000000,2025-07-13 23:44:00+00:00,5340000000000.0,1.16705,1.16813,['4.67 USD'],0.00093,103.33 USD,True
BACKTESTER-001,MLSignalStrategyV2-V2,EUR/USD.IDEALPRO,IDEALPRO-001,O-20250713-234500-001-V2-2365,O-20250713-234500-001-V2-2367,BUY,FLAT,0.00,100000.00,1752450300000000000,2025-07-13 23:45:00+00:00,1752451680000000000,2025-07-14 00:08:00+00:00,1380000000000.0,1.1679,1.16899,['4.68 USD'],0.00093,104.32 USD,True
BACKTESTER-001,MLSignalStrategyV2-V2,EUR/USD.IDEALPRO,IDEALPRO-001,O-20250714-064500-001-V2-2368,O-20250714-064500-001-V2-2369,SELL,FLAT,0.00,100000.00,1752475500000000000,2025-07-14 06:45:00+00:00,1752477720000000000,2025-07-14 07:22:00+00:00,2220000000000.0,1.16643,1.16756,['4.67 USD'],-0.00097,-117.67 USD,True
BACKTESTER-001,MLSignalStrategyV2-V2,EUR/USD.IDEALPRO,IDEALPRO-001,O-20250714-131500-001-V2-2371,O-20250714-131500-001-V2-2373,BUY,FLAT,0.00,100000.00,1752498900000000000,2025-07-14 13:15:00+00:00,1752502740000000000,2025-07-14 14:19:00+00:00,3840000000000.0,1.16801,1.16891,['4.68 USD'],0.00077,85.32 USD,True
BACKTESTER-001,MLSignalStrategyV2-V2,EUR/USD.IDEALPRO,IDEALPRO-001,O-20250714-191500-001-V2-2374,O-20250714-191500-001-V2-2376,SELL,FLAT,0.00,100000.00,1752520500000000000,2025-07-14 19:15:00+00:00,1752527760000000000,2025-07-14 21:16:00+00:00,7260000000000.0,1.16697,1.16627,['4.66 USD'],0.0006,65.34 USD,True
BACKTESTER-001,MLSignalStrategyV2-V2,EUR/USD.IDEALPRO,IDEALPRO-001,O-20250715-070000-001-V2-2377,O-20250715-070000-001-V2-2379,SELL,FLAT,0.00,100000.00,1752562800000000000,2025-07-15 07:00:00+00:00,1752563160000000000,2025-07-15 07:06:00+00:00,360000000000.0,1.16778,1.16724,['4.67 USD'],0.00046,49.33 USD,True
BACKTESTER-001,MLSignalStrategyV2-V2,EUR/USD.IDEALPRO,IDEALPRO-001,O-20250715-084500-001-V2-2380,O-20250715-084500-001-V2-2381,BUY,FLAT,0.00,100000.00,1752569100000000000,2025-07-15 08:45:00+00:00,1752578580000000000,2025-07-15 11:23:00+00:00,9480000000000.0,1.16842,1.16724,['4.67 USD'],-0.00101,-122.67 USD,True
BACKTESTER-001,MLSignalStrategyV2-V2,EUR/USD.IDEALPRO,IDEALPRO-001,O-20250715-113000-001-V2-2383,O-20250715-113000-001-V2-2385,BUY,FLAT,0.00,100000.00,1752579000000000000,2025-07-15 11:30:00+00:00,1752582660000000000,2025-07-15 12:31:00+00:00,3660000000000.0,1.16723,1.16864,['4.67 USD'],0.00121,136.33 USD,True
BACKTESTER-001,MLSignalStrategyV2-V2,EUR/USD.IDEALPRO,IDEALPRO-001,O-20250715-124500-001-V2-2386,O-20250715-124500-001-V2-2387,SELL,FLAT,0.00,100000.00,1752583500000000000,2025-07-15 12:45:00+00:00,1752584160000000000,2025-07-15 12:56:00+00:00,660000000000.0,1.16695,1.1685,['4.67 USD'],-0.00133,-159.67 USD,True
BACKTESTER-001,MLSignalStrategyV2-V2,EUR/USD.IDEALPRO,IDEALPRO-001,O-20250715-140000-001-V2-2389,O-20250715-140000-001-V2-2390,BUY,FLAT,0.00,100000.00,1752588000000000000,2025-07-15 14:00:00+00:00,1752589440000000000,2025-07-15 14:24:00+00:00,1440000000000.0,1.16432,1.1623,['4.65 USD'],-0.00173,-206.65 USD,True
BACKTESTER-001,MLSignalStrategyV2-V2,EUR/USD.IDEALPRO,IDEALPRO-001,O-20250715-143000-001-V2-2392,O-20250715-143000-001-V2-2393,BUY,FLAT,0.00,100000.00,1752589800000000000,2025-07-15 14:30:00+00:00,1752593760000000000,2025-07-15 15:36:00+00:00,3960000000000.0,1.16219,1.16007,['4.64 USD'],-0.00182,-216.64 USD,True
BACKTESTER-001,MLSignalStrategyV2-V2,EUR/USD.IDEALPRO,IDEALPRO-001,O-20250715-160000-001-V2-2395,O-20250715-160000-001-V2-2396,BUY,FLAT,0.00,100000.00,1752595200000000000,2025-07-15 16:00:00+00:00,1752597240000000000,2025-07-15 16:34:00+00:00,2040000000000.0,1.16179,1.16005,['4.64 USD'],-0.0015,-178.64 USD,True
BACKTESTER-001,MLSignalStrategyV2-V2,EUR/USD.IDEALPRO,IDEALPRO-001,O-20250715-164500-001-V2-2398,O-20250715-164500-001-V2-2400,BUY,FLAT,0.00,100000.00,1752597900000000000,2025-07-15 16:45:00+00:00,1752626460000000000,2025-07-16 00:41:00+00:00,28560000000000.0,1.15985,1.16122,['4.64 USD'],0.00118,132.36 USD,True
BACKTESTER-001,MLSignalStrategyV2-V2,EUR/USD.IDEALPRO,IDEALPRO-001,O-20250716-050000-001-V2-2401,O-20250716-050000-001-V2-2403,BUY,FLAT,0.00,100000.00,1752642000000000000,2025-07-16 05:00:00+00:00,1752646080000000000,2025-07-16 06:08:00+00:00,4080000000000.0,1.16197,1.16239,['4.64 USD'],0.00036,37.36 USD,True
BACKTESTER-001,MLSignalStrategyV2-V2,EUR/USD.IDEALPRO,IDEALPRO-001,O-20250716-140000-001-V2-2404,O-20250716-140000-001-V2-2406,BUY,FLAT,0.00,100000.00,1752674400000000000,2025-07-16 14:00:00+00:00,1752677700000000000,2025-07-16 14:55:00+00:00,3300000000000.0,1.15725,1.15982,['4.63 USD'],0.00222,252.37 USD,True
BACKTESTER-001,MLSignalStrategyV2-V2,EUR/USD.IDEALPRO,IDEALPRO-001,O-20250716-160000-001-V2-2407,O-20250716-160000-001-V2-2409,SELL,FLAT,0.00,100000.00,1752681600000000000,2025-07-16 16:00:00+00:00,1752733380000000000,2025-07-17 06:23:00+00:00,51780000000000.0,1.16287,1.15886,['4.65 USD'],0.00345,396.35 USD,True
BACKTESTER-001,MLSignalStrategyV2-V2,EUR/USD.IDEALPRO,IDEALPRO-001,O-20250717-063000-001-V2-2410,O-20250717-063000-001-V2-2412,BUY,FLAT,0.00,100000.00,1752733800000000000,2025-07-17 06:30:00+00:00,1752737220000000000,2025-07-17 07:27:00+00:00,3420000000000.0,1.15832,1.15913,['4.64 USD'],0.0007,76.36 USD,True
BACKTESTER-001,MLSignalStrategyV2-V2,EUR/USD.IDEALPRO,IDEALPRO-001,O-20250717-124500-001-V2-2413,O-20250717-124500-001-V2-2415,BUY,FLAT,0.00,100000.00,1752756300000000000,2025-07-17 12:45:00+00:00,1752756720000000000,2025-07-17 12:52:00+00:00,420000000000.0,1.15812,1.15926,['4.64 USD'],0.00098,109.36 USD,True
BACKTESTER-001,MLSignalStrategyV2-V2,EUR/USD.IDEALPRO,IDEALPRO-001,O-20250717-183000-001-V2-2416,O-20250717-183000-001-V2-2418,BUY,FLAT,0.00,100000.00,1752777000000000000,2025-07-17 18:30:00+00:00,1752779460000000000,2025-07-17 19:11:00+00:00,2460000000000.0,1.15836,1.15921,['4.64 USD'],0.00073,80.36 USD,True
BACKTESTER-001,MLSignalStrategyV2-V2,EUR/USD.IDEALPRO,IDEALPRO-001,O-20250717-191500-001-V2-2419,O-20250717-191500-001-V2-2421,BUY,FLAT,0.00,100000.00,1752779700000000000,2025-07-17 19:15:00+00:00,1752782580000000000,2025-07-17 20:03:00+00:00,2880000000000.0,1.15919,1.16003,['4.64 USD'],0.00072,79.36 USD,True
BACKTESTER-001,MLSignalStrategyV2-V2,EUR/USD.IDEALPRO,IDEALPRO-001,O-20250718-160000-001-V2-2422,O-20250718-160000-001-V2-2424,SELL,FLAT,0.00,100000.00,1752854400000000000,2025-07-18 16:00:00+00:00,1752855840000000000,2025-07-18 16:24:00+00:00,1440000000000.0,1.16447,1.16322,['4.66 USD'],0.00107,120.34 USD,True
BACKTESTER-001,MLSignalStrategyV2-V2,EUR/USD.IDEALPRO,IDEALPRO-001,O-20250720-220000-001-V2-2425,O-20250720-220000-001-V2-2426,BUY,FLAT,0.00,100000.00,1753048800000000000,2025-07-20 22:00:00+00:00,1753049100000000000,2025-07-20 22:05:00+00:00,300000000000.0,1.16346,1.1625,['4.66 USD'],-0.00083,-100.66 USD,True
BACKTESTER-001,MLSignalStrategyV2-V2,EUR/USD.IDEALPRO,IDEALPRO-001,O-20250720-221500-001-V2-2428,O-20250720-221500-001-V2-2429,BUY,FLAT,0.00,100000.00,1753049700000000000,2025-07-20 22:15:00+00:00,1753059300000000000,2025-07-21 00:55:00+00:00,9600000000000.0,1.16311,1.16218,['4.65 USD'],-0.0008,-97.65 USD,True
BACKTESTER-001,MLSignalStrategyV2-V2,EUR/USD.IDEALPRO,IDEALPRO-001,O-20250721-023000-001-V2-2431,O-20250721-023000-001-V2-2433,BUY,FLAT,0.00,100000.00,1753065000000000000,2025-07-21 02:30:00+00:00,1753073580000000000,2025-07-21 04:53:00+00:00,8580000000000.0,1.16216,1.16293,['4.65 USD'],0.00066,72.35 USD,True
BACKTESTER-001,MLSignalStrategyV2-V2,EUR/USD.IDEALPRO,IDEALPRO-001,O-20250721-121500-001-V2-2434,O-20250721-121500-001-V2-2436,SELL,FLAT,0.00,100000.00,1753100100000000000,2025-07-21 12:15:00+00:00,1753103160000000000,2025-07-21 13:06:00+00:00,3060000000000.0,1.16686,1.1659,['4.66 USD'],0.00082,91.34 USD,True
BACKTESTER-001,MLSignalStrategyV2-V2,EUR/USD.IDEALPRO,IDEALPRO-001,O-20250721-144500-001-V2-2437,O-20250721-144500-001-V2-2438,SELL,FLAT,0.00,100000.00,1753109100000000000,2025-07-21 14:45:00+00:00,1753110240000000000,2025-07-21 15:04:00+00:00,1140000000000.0,1.16883,1.1703,['4.68 USD'],-0.00126,-151.68 USD,True
BACKTESTER-001,MLSignalStrategyV2-V2,EUR/USD.IDEALPRO,IDEALPRO-001,O-20250721-151500-001-V2-2440,O-20250721-151500-001-V2-2442,SELL,FLAT,0.00,100000.00,1753110900000000000,2025-07-21 15:15:00+00:00,1753117440000000000,2025-07-21 17:04:00+00:00,6540000000000.0,1.17055,1.16943,['4.68 USD'],0.00096,107.32 USD,True
BACKTESTER-001,MLSignalStrategyV2-V2,EUR/USD.IDEALPRO,IDEALPRO-001,O-20250721-171500-001-V2-2443,O-20250721-171500-001-V2-2445,SELL,FLAT,0.00,100000.00,1753118100000000000,2025-07-21 17:15:00+00:00,1753143120000000000,2025-07-22 00:12:00+00:00,25020000000000.0,1.16944,1.16847,['4.68 USD'],0.00083,92.32 USD,True
BACKTESTER-001,MLSignalStrategyV2-V2,EUR/USD.IDEALPRO,IDEALPRO-001,O-20250722-001500-001-V2-2446,O-20250722-001500-001-V2-2447,SELL,FLAT,0.00,100000.00,1753143300000000000,2025-07-22 00:15:00+00:00,1753144440000000000,2025-07-22 00:34:00+00:00,1140000000000.0,1.16841,1.16902,['4.68 USD'],-0.00052,-65.68 USD,True
BACKTESTER-001,MLSignalStrategyV2-V2,EUR/USD.IDEALPRO,IDEALPRO-001,O-20250722-040000-001-V2-2449,O-20250722-040000-001-V2-2451,BUY,FLAT,0.00,100000.00,1753156800000000000,2025-07-22 04:00:00+00:00,1753158300000000000,2025-07-22 04:25:00+00:00,1500000000000.0,1.16873,1.16926,['4.68 USD'],0.00045,48.32 USD,True
BACKTESTER-001,MLSignalStrategyV2-V2,EUR/USD.IDEALPRO,IDEALPRO-001,O-20250722-071500-001-V2-2452,O-20250722-071500-001-V2-2454,BUY,FLAT,0.00,100000.00,1753168500000000000,2025-07-22 07:15:00+00:00,1753171560000000000,2025-07-22 08:06:00+00:00,3060000000000.0,1.16863,1.16941,['4.68 USD'],0.00067,73.32 USD,True
BACKTESTER-001,MLSignalStrategyV2-V2,EUR/USD.IDEALPRO,IDEALPRO-001,O-20250722-161500-001-V2-2455,O-20250722-161500-001-V2-2457,SELL,FLAT,0.00,100000.00,1753200900000000000,2025-07-22 16:15:00+00:00,1753227300000000000,2025-07-22 23:35:00+00:00,26400000000000.0,1.17551,1.17403,['4.70 USD'],0.00126,143.30 USD,True
BACKTESTER-001,MLSignalStrategyV2-V2,EUR/USD.IDEALPRO,IDEALPRO-001,O-20250722-234500-001-V2-2458,O-20250722-234500-001-V2-2460,BUY,FLAT,0.00,100000.00,1753227900000000000,2025-07-22 23:45:00+00:00,1753232100000000000,2025-07-23 00:55:00+00:00,4200000000000.0,1.17395,1.1746,['4.70 USD'],0.00055,60.30 USD,True
BACKTESTER-001,MLSignalStrategyV2-V2,EUR/USD.IDEALPRO,IDEALPRO-001,O-20250723-030000-001-V2-2461,O-20250723-030000-001-V2-2462,SELL,FLAT,0.00,100000.00,1753239600000000000,2025-07-23 03:00:00+00:00,1753241460000000000,2025-07-23 03:31:00+00:00,1860000000000.0,1.17349,1.17464,['4.70 USD'],-0.00098,-119.70 USD,True
BACKTESTER-001,MLSignalStrategyV2-V2,EUR/USD.IDEALPRO,IDEALPRO-001,O-20250723-043000-001-V2-2464,O-20250723-043000-001-V2-2466,SELL,FLAT,0.00,100000.00,1753245000000000000,2025-07-23 04:30:00+00:00,1753249380000000000,2025-07-23 05:43:00+00:00,4380000000000.0,1.17359,1.17282,['4.70 USD'],0.00066,72.30 USD,True
BACKTESTER-001,MLSignalStrategyV2-V2,EUR/USD.IDEALPRO,IDEALPRO-001,O-20250723-144500-001-V2-2467,O-20250723-144500-001-V2-2469,SELL,FLAT,0.00,100000.00,1753281900000000000,2025-07-23 14:45:00+00:00,1753285440000000000,2025-07-23 15:44:00+00:00,3540000000000.0,1.17338,1.17218,['4.69 USD'],0.00102,115.31 USD,True
BACKTESTER-001,MLSignalStrategyV2-V2,EUR/USD.IDEALPRO,IDEALPRO-001,O-20250723-203000-001-V2-2470,O-20250723-203000-001-V2-2471,BUY,FLAT,0.00,100000.00,1753302600000000000,2025-07-23 20:30:00+00:00,1753317660000000000,2025-07-24 00:41:00+00:00,15060000000000.0,1.17733,1.1763,['4.70 USD'],-0.00087,-107.70 USD,True
BACKTESTER-001,MLSignalStrategyV2-V2,EUR/USD.IDEALPRO,IDEALPRO-001,O-20250724-004500-001-V2-2473,O-20250724-004500-001-V2-2475,BUY,FLAT,0.00,100000.00,1753317900000000000,2025-07-24 00:45:00+00:00,1753318500000000000,2025-07-24 00:55:00+00:00,600000000000.0,1.1764,1.17701,['4.70 USD'],0.00052,56.30 USD,True
BACKTESTER-001,MLSignalStrategyV2-V2,EUR/USD.IDEALPRO,IDEALPRO-001,O-20250724-060000-001-V2-2476,O-20250724-060000-001-V2-2477,BUY,FLAT,0.00,100000.00,1753336800000000000,2025-07-24 06:00:00+00:00,1753339260000000000,2025-07-24 06:41:00+00:00,2460000000000.0,1.17711,1.17636,['4.70 USD'],-0.00064,-79.70 USD,True
BACKTESTER-001,MLSignalStrategyV2-V2,EUR/USD.IDEALPRO,IDEALPRO-001,O-20250724-124500-001-V2-2479,O-20250724-124500-001-V2-2481,BUY,FLAT,0.00,100000.00,1753361100000000000,2025-07-24 12:45:00+00:00,1753362360000000000,2025-07-24 13:06:00+00:00,1260000000000.0,1.17377,1.1747,['4.70 USD'],0.00079,88.30 USD,True
BACKTESTER-001,MLSignalStrategyV2-V2,EUR/USD.IDEALPRO,IDEALPRO-001,O-20250724-194500-001-V2-2482,O-20250724-194500-001-V2-2483,BUY,FLAT,0.00,100000.00,1753386300000000000,2025-07-24 19:45:00+00:00,1753388220000000000,2025-07-24 20:17:00+00:00,1920000000000.0,1.17668,1.17563,['4.70 USD'],-0.00089,-109.70 USD,True
BACKTESTER-001,MLSignalStrategyV2-V2,EUR/USD.IDEALPRO,IDEALPRO-001,O-20250724-210000-001-V2-2485,O-20250724-210000-001-V2-2487,BUY,FLAT,0.00,100000.00,1753390800000000000,2025-07-24 21:00:00+00:00,1753399620000000000,2025-07-24 23:27:00+00:00,8820000000000.0,1.17479,1.1756,['4.70 USD'],0.00069,76.30 USD,True
BACKTESTER-001,MLSignalStrategyV2-V2,EUR/USD.IDEALPRO,IDEALPRO-001,O-20250724-233000-001-V2-2488,O-20250724-233000-001-V2-2490,SELL,FLAT,0.00,100000.00,1753399800000000000,2025-07-24 23:30:00+00:00,1753402440000000000,2025-07-25 00:14:00+00:00,2640000000000.0,1.17537,1.17488,['4.70 USD'],0.00042,44.30 USD,True
BACKTESTER-001,MLSignalStrategyV2-V2,EUR/USD.IDEALPRO,IDEALPRO-001,O-20250725-013000-001-V2-2491,O-20250725-013000-001-V2-2493,SELL,FLAT,0.00,100000.00,1753407000000000000,2025-07-25 01:30:00+00:00,1753411500000000000,2025-07-25 02:45:00+00:00,4500000000000.0,1.17441,1.17368,['4.70 USD'],0.00062,68.30 USD,True
BACKTESTER-001,MLSignalStrategyV2-V2,EUR/USD.IDEALPRO,IDEALPRO-001,O-20250725-073000-001-V2-2494,O-20250725-073000-001-V2-2495,BUY,FLAT,0.00,100000.00,1753428600000000000,2025-07-25 07:30:00+00:00,1753434300000000000,2025-07-25 09:05:00+00:00,5700000000000.0,1.17525,1.17399,['4.70 USD'],-0.00107,-130.70 USD,True
BACKTESTER-001,MLSignalStrategyV2-V2,EUR/USD.IDEALPRO,IDEALPRO-001,O-20250725-093000-001-V2-2497,O-20250725-093000-001-V2-2498,BUY,FLAT,0.00,100000.00,1753435800000000000,2025-07-25 09:30:00+00:00,1753441920000000000,2025-07-25 11:12:00+00:00,6120000000000.0,1.17369,1.17233,['4.69 USD'],-0.00116,-140.69 USD,True
BACKTESTER-001,MLSignalStrategyV2-V2,EUR/USD.IDEALPRO,IDEALPRO-001,O-20250725-201500-001-V2-2500,O-20250725-201500-001-V2-2502,BUY,FLAT,0.00,100000.00,1753474500000000000,2025-07-25 20:15:00+00:00,1753650960000000000,2025-07-27 21:16:00+00:00,176460000000000.0,1.17399,1.17565,['4.70 USD'],0.00141,161.30 USD,True
BACKTESTER-001,MLSignalStrategyV2-V2,EUR/USD.IDEALPRO,IDEALPRO-001,O-20250728-050000-001-V2-2503,O-20250728-050000-001-V2-2505,SELL,FLAT,0.00,100000.00,1753678800000000000,2025-07-28 05:00:00+00:00,1753680180000000000,2025-07-28 05:23:00+00:00,1380000000000.0,1.17474,1.17408,['4.70 USD'],0.00056,61.30 USD,True
BACKTESTER-001,MLSignalStrategyV2-V2,EUR/USD.IDEALPRO,IDEALPRO-001,O-20250728-054500-001-V2-2506,O-20250728-054500-001-V2-2508,SELL,FLAT,0.00,100000.00,1753681500000000000,2025-07-28 05:45:00+00:00,1753683060000000000,2025-07-28 06:11:00+00:00,1560000000000.0,1.1742,1.17354,['4.70 USD'],0.00056,61.30 USD,True
BACKTESTER-001,MLSignalStrategyV2-V2,EUR/USD.IDEALPRO,IDEALPRO-001,O-20250728-074500-001-V2-2509,O-20250728-074500-001-V2-2510,BUY,FLAT,0.00,100000.00,1753688700000000000,2025-07-28 07:45:00+00:00,1753689540000000000,2025-07-28 07:59:00+00:00,840000000000.0,1.16914,1.16705,['4.67 USD'],-0.00179,-213.67 USD,True
BACKTESTER-001,MLSignalStrategyV2-V2,EUR/USD.IDEALPRO,IDEALPRO-001,O-20250728-080000-001-V2-2512,O-20250728-080000-001-V2-2514,BUY,FLAT,0.00,100000.00,1753689600000000000,2025-07-28 08:00:00+00:00,1753691640000000000,2025-07-28 08:34:00+00:00,2040000000000.0,1.16749,1.16891,['4.67 USD'],0.00122,137.33 USD,True
BACKTESTER-001,MLSignalStrategyV2-V2,EUR/USD.IDEALPRO,IDEALPRO-001,O-20250728-084500-001-V2-2515,O-20250728-084500-001-V2-2516,BUY,FLAT,0.00,100000.00,1753692300000000000,2025-07-28 08:45:00+00:00,1753695420000000000,2025-07-28 09:37:00+00:00,3120000000000.0,1.16786,1.16583,['4.67 USD'],-0.00174,-207.67 USD,True
BACKTESTER-001,MLSignalStrategyV2-V2,EUR/USD.IDEALPRO,IDEALPRO-001,O-20250728-100000-001-V2-2518,O-20250728-100000-001-V2-2519,BUY,FLAT,0.00,100000.00,1753696800000000000,2025-07-28 10:00:00+00:00,1753701480000000000,2025-07-28 11:18:00+00:00,4680000000000.0,1.1667,1.16467,['4.66 USD'],-0.00174,-207.66 USD,True
BACKTESTER-001,MLSignalStrategyV2-V2,EUR/USD.IDEALPRO,IDEALPRO-001,O-20250728-113000-001-V2-2521,O-20250728-113000-001-V2-2523,BUY,FLAT,0.00,100000.00,1753702200000000000,2025-07-28 11:30:00+00:00,1753704180000000000,2025-07-28 12:03:00+00:00,1980000000000.0,1.16514,1.1665,['4.66 USD'],0.00117,131.34 USD,True
BACKTESTER-001,MLSignalStrategyV2-V2,EUR/USD.IDEALPRO,IDEALPRO-001,O-20250728-121500-001-V2-2524,O-20250728-121500-001-V2-2526,SELL,FLAT,0.00,100000.00,1753704900000000000,2025-07-28 12:15:00+00:00,1753708920000000000,2025-07-28 13:22:00+00:00,4020000000000.0,1.16551,1.16381,['4.66 USD'],0.00146,165.34 USD,True
BACKTESTER-001,MLSignalStrategyV2-V2,EUR/USD.IDEALPRO,IDEALPRO-001,O-20250728-134500-001-V2-2527,O-20250728-134500-001-V2-2529,BUY,FLAT,0.00,100000.00,1753710300000000000,2025-07-28 13:45:00+00:00,1753714020000000000,2025-07-28 14:47:00+00:00,3720000000000.0,1.16336,1.16474,['4.66 USD'],0.00119,133.34 USD,True
BACKTESTER-001,MLSignalStrategyV2-V2,EUR/USD.IDEALPRO,IDEALPRO-001,O-20250728-150000-001-V2-2530,O-20250728-150000-001-V2-2531,BUY,FLAT,0.00,100000.00,1753714800000000000,2025-07-28 15:00:00+00:00,1753716120000000000,2025-07-28 15:22:00+00:00,1320000000000.0,1.16373,1.16189,['4.65 USD'],-0.00158,-188.65 USD,True
BACKTESTER-001,MLSignalStrategyV2-V2,EUR/USD.IDEALPRO,IDEALPRO-001,O-20250728-153000-001-V2-2533,O-20250728-153000-001-V2-2534,BUY,FLAT,0.00,100000.00,1753716600000000000,2025-07-28 15:30:00+00:00,1753719360000000000,2025-07-28 16:16:00+00:00,2760000000000.0,1.16221,1.16037,['4.64 USD'],-0.00158,-188.64 USD,True
BACKTESTER-001,MLSignalStrategyV2-V2,EUR/USD.IDEALPRO,IDEALPRO-001,O-20250728-170000-001-V2-2536,O-20250728-170000-001-V2-2537,BUY,FLAT,0.00,100000.00,1753722000000000000,2025-07-28 17:00:00+00:00,1753750800000000000,2025-07-29 01:00:00+00:00,28800000000000.0,1.15992,1.15845,['4.64 USD'],-0.00127,-151.64 USD,True
BACKTESTER-001,MLSignalStrategyV2-V2,EUR/USD.IDEALPRO,IDEALPRO-001,O-20250729-010000-001-V2-2539,O-20250729-010000-001-V2-2541,BUY,FLAT,0.00,100000.00,1753750800000000000,2025-07-29 01:00:00+00:00,1753751820000000000,2025-07-29 01:17:00+00:00,1020000000000.0,1.15853,1.15918,['4.64 USD'],0.00056,60.36 USD,True
BACKTESTER-001,MLSignalStrategyV2-V2,EUR/USD.IDEALPRO,IDEALPRO-001,O-20250729-040000-001-V2-2542,O-20250729-040000-001-V2-2544,BUY,FLAT,0.00,100000.00,1753761600000000000,2025-07-29 04:00:00+00:00,1753767300000000000,2025-07-29 05:35:00+00:00,5700000000000.0,1.15831,1.15897,['4.64 USD'],0.00057,61.36 USD,True
BACKTESTER-001,MLSignalStrategyV2-V2,EUR/USD.IDEALPRO,IDEALPRO-001,O-20250729-070000-001-V2-2545,O-20250729-070000-001-V2-2547,BUY,FLAT,0.00,100000.00,1753772400000000000,2025-07-29 07:00:00+00:00,1753775400000000000,2025-07-29 07:50:00+00:00,3000000000000.0,1.15339,1.1548,['4.62 USD'],0.00122,136.38 USD,True
BACKTESTER-001,MLSignalStrategyV2-V2,EUR/USD.IDEALPRO,IDEALPRO-001,O-20250729-080000-001-V2-2548,O-20250729-080000-001-V2-2550,BUY,FLAT,0.00,100000.00,1753776000000000000,2025-07-29 08:00:00+00:00,1753779660000000000,2025-07-29 09:01:00+00:00,3660000000000.0,1.15548,1.15751,['4.63 USD'],0.00176,198.37 USD,True
BACKTESTER-001,MLSignalStrategyV2-V2,EUR/USD.IDEALPRO,IDEALPRO-001,O-20250729-100000-001-V2-2551,O-20250729-100000-001-V2-2553,SELL,FLAT,0.00,100000.00,1753783200000000000,2025-07-29 10:00:00+00:00,1753787940000000000,2025-07-29 11:19:00+00:00,4740000000000.0,1.15767,1.15615,['4.63 USD'],0.00131,147.37 USD,True
BACKTESTER-001,MLSignalStrategyV2-V2,EUR/USD.IDEALPRO,IDEALPRO-001,O-20250729-114500-001-V2-2554,O-20250729-114500-001-V2-2555,BUY,FLAT,0.00,100000.00,1753789500000000000,2025-07-29 11:45:00+00:00,1753792620000000000,2025-07-29 12:37:00+00:00,3120000000000.0,1.1545,1.1528,['4.62 USD'],-0.00147,-174.62 USD,True
BACKTESTER-001,MLSignalStrategyV2-V2,EUR/USD.IDEALPRO,IDEALPRO-001,O-20250729-124500-001-V2-2557,O-20250729-124500-001-V2-2559,BUY,FLAT,0.00,100000.00,1753793100000000000,2025-07-29 12:45:00+00:00,1753797420000000000,2025-07-29 13:57:00+00:00,4320000000000.0,1.15313,1.15451,['4.62 USD'],0.0012,133.38 USD,True
BACKTESTER-001,MLSignalStrategyV2-V2,EUR/USD.IDEALPRO,IDEALPRO-001,O-20250729-201500-001-V2-2560,O-20250729-201500-001-V2-2562,BUY,FLAT,0.00,100000.00,1753820100000000000,2025-07-29 20:15:00+00:00,1753834620000000000,2025-07-30 00:17:00+00:00,14520000000000.0,1.15516,1.15586,['4.62 USD'],0.00061,65.38 USD,True
BACKTESTER-001,MLSignalStrategyV2-V2,EUR/USD.IDEALPRO,IDEALPRO-001,O-20250730-023000-001-V2-2563,O-20250730-023000-001-V2-2565,SELL,FLAT,0.00,100000.00,1753842600000000000,2025-07-30 02:30:00+00:00,1753846680000000000,2025-07-30 03:38:00+00:00,4080000000000.0,1.15646,1.15582,['4.62 USD'],0.00055,59.38 USD,True
BACKTESTER-001,MLSignalStrategyV2-V2,EUR/USD.IDEALPRO,IDEALPRO-001,O-20250730-040000-001-V2-2566,O-20250730-040000-001-V2-2568,SELL,FLAT,0.00,100000.00,1753848000000000000,2025-07-30 04:00:00+00:00,1753848240000000000,2025-07-30 04:04:00+00:00,240000000000.0,1.15617,1.15533,['4.62 USD'],0.00073,79.38 USD,True
BACKTESTER-001,MLSignalStrategyV2-V2,EUR/USD.IDEALPRO,IDEALPRO-001,O-20250730-053000-001-V2-2569,O-20250730-053000-001-V2-2571,SELL,FLAT,0.00,100000.00,1753853400000000000,2025-07-30 05:30:00+00:00,1753855320000000000,2025-07-30 06:02:00+00:00,1920000000000.0,1.15541,1.15474,['4.62 USD'],0.00058,62.38 USD,True
BACKTESTER-001,MLSignalStrategyV2-V2,EUR/USD.IDEALPRO,IDEALPRO-001,O-20250730-083000-001-V2-2572,O-20250730-083000-001-V2-2573,BUY,FLAT,0.00,100000.00,1753864200000000000,2025-07-30 08:30:00+00:00,1753871100000000000,2025-07-30 10:25:00+00:00,6900000000000.0,1.15551,1.15422,['4.62 USD'],-0.00112,-133.62 USD,True
BACKTESTER-001,MLSignalStrategyV2-V2,EUR/USD.IDEALPRO,IDEALPRO-001,O-20250730-103000-001-V2-2575,O-20250730-103000-001-V2-2576,BUY,FLAT,0.00,100000.00,1753871400000000000,2025-07-30 10:30:00+00:00,1753873740000000000,2025-07-30 11:09:00+00:00,2340000000000.0,1.15421,1.15305,['4.62 USD'],-0.00101,-120.62 USD,True
BACKTESTER-001,MLSignalStrategyV2-V2,EUR/USD.IDEALPRO,IDEALPRO-001,O-20250730-144500-001-V2-2578,O-20250730-144500-001-V2-2580,BUY,FLAT,0.00,100000.00,1753886700000000000,2025-07-30 14:45:00+00:00,1753898940000000000,2025-07-30 18:09:00+00:00,12240000000000.0,1.14769,1.14924,['4.60 USD'],0.00135,150.40 USD,True
BACKTESTER-001,MLSignalStrategyV2-V2,EUR/USD.IDEALPRO,IDEALPRO-001,O-20250730-200000-001-V2-2581,O-20250730-200000-001-V2-2583,BUY,FLAT,0.00,100000.00,1753905600000000000,2025-07-30 20:00:00+00:00,1753942620000000000,2025-07-31 06:17:00+00:00,37020000000000.0,1.14241,1.14435,['4.57 USD'],0.0017,189.43 USD,True
BACKTESTER-001,MLSignalStrategyV2-V2,EUR/USD.IDEALPRO,IDEALPRO-001,O-20250731-131500-001-V2-2584,O-20250731-131500-001-V2-2586,BUY,FLAT,0.00,100000.00,1753967700000000000,2025-07-31 13:15:00+00:00,1753972260000000000,2025-07-31 14:31:00+00:00,4560000000000.0,1.14169,1.14325,['4.57 USD'],0.00137,151.43 USD,True
BACKTESTER-001,MLSignalStrategyV2-V2,EUR/USD.IDEALPRO,IDEALPRO-001,O-20250731-184500-001-V2-2587,O-20250731-184500-001-V2-2588,BUY,FLAT,0.00,100000.00,1753987500000000000,2025-07-31 18:45:00+00:00,1753991760000000000,2025-07-31 19:56:00+00:00,4260000000000.0,1.14292,1.14163,['4.57 USD'],-0.00113,-133.57 USD,True
BACKTESTER-001,MLSignalStrategyV2-V2,EUR/USD.IDEALPRO,IDEALPRO-001,O-20250731-210000-001-V2-2590,O-20250731-210000-001-V2-2591,SELL,FLAT,0.00,100000.00,1753995600000000000,2025-07-31 21:00:00+00:00,1754008980000000000,2025-08-01 00:43:00+00:00,13380000000000.0,1.14151,1.14266,['4.57 USD'],-0.00101,-119.57 USD,True
BACKTESTER-001,MLSignalStrategyV2-V2,EUR/USD.IDEALPRO,IDEALPRO-001,O-20250801-020000-001-V2-2593,O-20250801-020000-001-V2-2595,BUY,FLAT,0.00,100000.00,1754013600000000000,2025-08-01 02:00:00+00:00,1754017560000000000,2025-08-01 03:06:00+00:00,3960000000000.0,1.14071,1.14177,['4.56 USD'],0.00093,101.44 USD,True
BACKTESTER-001,MLSignalStrategyV2-V2,EUR/USD.IDEALPRO,IDEALPRO-001,O-20250801-131500-001-V2-2596,O-20250801-131500-001-V2-2598,SELL,FLAT,0.00,100000.00,1754054100000000000,2025-08-01 13:15:00+00:00,1754067900000000000,2025-08-01 17:05:00+00:00,13800000000000.0,1.15648,1.15301,['4.62 USD'],0.003,342.38 USD,True
BACKTESTER-001,MLSignalStrategyV2-V2,EUR/USD.IDEALPRO,IDEALPRO-001,O-20250801-200000-001-V2-2599,O-20250801-200000-001-V2-2600,SELL,FLAT,0.00,100000.00,1754078400000000000,2025-08-01 20:00:00+00:00,1754080500000000000,2025-08-01 20:35:00+00:00,2100000000000.0,1.15691,1.1597,['4.63 USD'],-0.00241,-283.63 USD,True
BACKTESTER-001,MLSignalStrategyV2-V2,EUR/USD.IDEALPRO,IDEALPRO-001,O-20250801-204500-001-V2-2602,O-20250801-204500-001-V2-2604,SELL,FLAT,0.00,100000.00,1754081100000000000,2025-08-01 20:45:00+00:00,1754266800000000000,2025-08-04 00:20:00+00:00,185700000000000.0,1.15859,1.15676,['4.63 USD'],0.00158,178.37 USD,True
BACKTESTER-001,MLSignalStrategyV2-V2,EUR/USD.IDEALPRO,IDEALPRO-001,O-20250804-020000-001-V2-2605,O-20250804-020000-001-V2-2607,BUY,FLAT,0.00,100000.00,1754272800000000000,2025-08-04 02:00:00+00:00,1754276580000000000,2025-08-04 03:03:00+00:00,3780000000000.0,1.15712,1.15839,['4.63 USD'],0.0011,122.37 USD,True
BACKTESTER-001,MLSignalStrategyV2-V2,EUR/USD.IDEALPRO,IDEALPRO-001,O-20250804-080000-001-V2-2608,O-20250804-080000-001-V2-2610,BUY,FLAT,0.00,100000.00,1754294400000000000,2025-08-04 08:00:00+00:00,1754300400000000000,2025-08-04 09:40:00+00:00,6000000000000.0,1.15639,1.15775,['4.63 USD'],0.00118,131.37 USD,True
BACKTESTER-001,MLSignalStrategyV2-V2,EUR/USD.IDEALPRO,IDEALPRO-001,O-20250804-110000-001-V2-2611,O-20250804-110000-001-V2-2613,SELL,FLAT,0.00,100000.00,1754305200000000000,2025-08-04 11:00:00+00:00,1754309040000000000,2025-08-04 12:04:00+00:00,3840000000000.0,1.15739,1.15615,['4.62 USD'],0.00107,119.38 USD,True
BACKTESTER-001,MLSignalStrategyV2-V2,EUR/USD.IDEALPRO,IDEALPRO-001,O-20250804-144500-001-V2-2614,O-20250804-144500-001-V2-2616,SELL,FLAT,0.00,100000.00,1754318700000000000,2025-08-04 14:45:00+00:00,1754319300000000000,2025-08-04 14:55:00+00:00,600000000000.0,1.15745,1.15591,['4.62 USD'],0.00133,149.38 USD,True
BACKTESTER-001,MLSignalStrategyV2-V2,EUR/USD.IDEALPRO,IDEALPRO-001,O-20250804-190000-001-V2-2617,O-20250804-190000-001-V2-2619,BUY,FLAT,0.00,100000.00,1754334000000000000,2025-08-04 19:00:00+00:00,1754338680000000000,2025-08-04 20:18:00+00:00,4680000000000.0,1.15654,1.15761,['4.63 USD'],0.00093,102.37 USD,True
BACKTESTER-001,MLSignalStrategyV2-V2,EUR/USD.IDEALPRO,IDEALPRO-001,O-20250804-204500-001-V2-2620,O-20250804-204500-001-V2-2622,BUY,FLAT,0.00,100000.00,1754340300000000000,2025-08-04 20:45:00+00:00,1754346660000000000,2025-08-04 22:31:00+00:00,6360000000000.0,1.15723,1.15808,['4.63 USD'],0.00073,80.37 USD,True
BACKTESTER-001,MLSignalStrategyV2-V2,EUR/USD.IDEALPRO,IDEALPRO-001,O-20250804-233000-001-V2-2623,O-20250804-233000-001-V2-2625,SELL,FLAT,0.00,100000.00,1754350200000000000,2025-08-04 23:30:00+00:00,1754353860000000000,2025-08-05 00:31:00+00:00,3660000000000.0,1.15848,1.1577,['4.64 USD'],0.00067,73.36 USD,True
BACKTESTER-001,MLSignalStrategyV2-V2,EUR/USD.IDEALPRO,IDEALPRO-001,O-20250805-004500-001-V2-2626,O-20250805-004500-001-V2-2628,SELL,FLAT,0.00,100000.00,1754354700000000000,2025-08-05 00:45:00+00:00,1754355840000000000,2025-08-05 01:04:00+00:00,1140000000000.0,1.15755,1.15688,['4.63 USD'],0.00058,62.37 USD,True
BACKTESTER-001,MLSignalStrategyV2-V2,EUR/USD.IDEALPRO,IDEALPRO-001,O-20250805-013000-001-V2-2629,O-20250805-013000-001-V2-2630,BUY,FLAT,0.00,100000.00,1754357400000000000,2025-08-05 01:30:00+00:00,1754361180000000000,2025-08-05 02:33:00+00:00,3780000000000.0,1.15675,1.15568,['4.62 USD'],-0.00093,-111.62 USD,True
BACKTESTER-001,MLSignalStrategyV2-V2,EUR/USD.IDEALPRO,IDEALPRO-001,O-20250805-044500-001-V2-2632,O-20250805-044500-001-V2-2634,SELL,FLAT,0.00,100000.00,1754369100000000000,2025-08-05 04:45:00+00:00,1754371200000000000,2025-08-05 05:20:00+00:00,2100000000000.0,1.15586,1.15522,['4.62 USD'],0.00055,59.38 USD,True
BACKTESTER-001,MLSignalStrategyV2-V2,EUR/USD.IDEALPRO,IDEALPRO-001,O-20250805-070000-001-V2-2635,O-20250805-070000-001-V2-2636,SELL,FLAT,0.00,100000.00,1754377200000000000,2025-08-05 07:00:00+00:00,1754378880000000000,2025-08-05 07:28:00+00:00,1680000000000.0,1.15509,1.15623,['4.62 USD'],-0.00099,-118.62 USD,True
BACKTESTER-001,MLSignalStrategyV2-V2,EUR/USD.IDEALPRO,IDEALPRO-001,O-20250805-080000-001-V2-2638,O-20250805-080000-001-V2-2639,BUY,FLAT,0.00,100000.00,1754380800000000000,2025-08-05 08:00:00+00:00,1754383560000000000,2025-08-05 08:46:00+00:00,2760000000000.0,1.15462,1.15325,['4.62 USD'],-0.00119,-141.62 USD,True
BACKTESTER-001,MLSignalStrategyV2-V2,EUR/USD.IDEALPRO,IDEALPRO-001,O-20250806-020000-001-V2-2641,O-20250806-020000-001-V2-2642,SELL,FLAT,0.00,100000.00,1754445600000000000,2025-08-06 02:00:00+00:00,1754449860000000000,2025-08-06 03:11:00+00:00,4260000000000.0,1.15672,1.15741,['4.62 USD'],-0.0006,-73.62 USD,True
BACKTESTER-001,MLSignalStrategyV2-V2,EUR/USD.IDEALPRO,IDEALPRO-001,O-20250806-031500-001-V2-2644,O-20250806-031500-001-V2-2645,SELL,FLAT,0.00,100000.00,1754450100000000000,2025-08-06 03:15:00+00:00,1754452680000000000,2025-08-06 03:58:00+00:00,2580000000000.0,1.15739,1.1582,['4.63 USD'],-0.0007,-85.63 USD,True
BACKTESTER-001,MLSignalStrategyV2-V2,EUR/USD.IDEALPRO,IDEALPRO-001,O-20250806-104500-001-V2-2647,O-20250806-104500-001-V2-2649,BUY,FLAT,0.00,100000.00,1754477100000000000,2025-08-06 10:45:00+00:00,1754479860000000000,2025-08-06 11:31:00+00:00,2760000000000.0,1.1602,1.16151,['4.64 USD'],0.00113,126.36 USD,True
BACKTESTER-001,MLSignalStrategyV2-V2,EUR/USD.IDEALPRO,IDEALPRO-001,O-20250806-214500-001-V2-2650,O-20250806-214500-001-V2-2651,SELL,FLAT,0.00,100000.00,1754516700000000000,2025-08-06 21:45:00+00:00,1754517720000000000,2025-08-06 22:02:00+00:00,1020000000000.0,1.16552,1.16645,['4.66 USD'],-0.0008,-97.66 USD,True
BACKTESTER-001,MLSignalStrategyV2-V2,EUR/USD.IDEALPRO,IDEALPRO-001,O-20250806-221500-001-V2-2653,O-20250806-221500-001-V2-2654,BUY,FLAT,0.00,100000.00,1754518500000000000,2025-08-06 22:15:00+00:00,1754525160000000000,2025-08-07 00:06:00+00:00,6660000000000.0,1.16647,1.16552,['4.66 USD'],-0.00081,-99.66 USD,True
BACKTESTER-001,MLSignalStrategyV2-V2,EUR/USD.IDEALPRO,IDEALPRO-001,O-20251010-153000-001-V2-2656,O-20251010-153000-001-V2-2658,SELL,FLAT,0.00,100000.00,1760110200000000000,2025-10-10 15:30:00+00:00,1760111520000000000,2025-10-10 15:52:00+00:00,1320000000000.0,1.16274,1.16098,['4.65 USD'],0.00151,171.35 USD,True
BACKTESTER-001,MLSignalStrategyV2-V2,EUR/USD.IDEALPRO,IDEALPRO-001,O-20251010-161500-001-V2-2659,O-20251010-161500-001-V2-2661,SELL,FLAT,0.00,100000.00,1760112900000000000,2025-10-10 16:15:00+00:00,1760115600000000000,2025-10-10 17:00:00+00:00,2700000000000.0,1.16211,1.16043,['4.64 USD'],0.00145,163.36 USD,True
BACKTESTER-001,MLSignalStrategyV2-V2,EUR/USD.IDEALPRO,IDEALPRO-001,O-20251010-200000-001-V2-2662,O-20251010-200000-001-V2-2664,SELL,FLAT,0.00,100000.00,1760126400000000000,2025-10-10 20:00:00+00:00,1760128680000000000,2025-10-10 20:38:00+00:00,2280000000000.0,1.16128,1.16041,['4.64 USD'],0.00075,82.36 USD,True
BACKTESTER-001,MLSignalStrategyV2-V2,EUR/USD.IDEALPRO,IDEALPRO-001,O-20251010-204500-001-V2-2665,O-20251010-204500-001-V2-2667,BUY,FLAT,0.00,100000.00,1760129100000000000,2025-10-10 20:45:00+00:00,1760129520000000000,2025-10-10 20:52:00+00:00,420000000000.0,1.16073,1.162,['4.64 USD'],0.00109,122.36 USD,True
BACKTESTER-001,MLSignalStrategyV2-V2,EUR/USD.IDEALPRO,IDEALPRO-001,O-20251012-213000-001-V2-2668,O-20251012-213000-001-V2-2669,BUY,FLAT,0.00,100000.00,1760304600000000000,2025-10-12 21:30:00+00:00,1760307000000000000,2025-10-12 22:10:00+00:00,2400000000000.0,1.16104,1.15954,['4.64 USD'],-0.00129,-154.64 USD,True
BACKTESTER-001,MLSignalStrategyV2-V2,EUR/USD.IDEALPRO,IDEALPRO-001,O-20251012-223000-001-V2-2671,O-20251012-223000-001-V2-2673,BUY,FLAT,0.00,100000.00,1760308200000000000,2025-10-12 22:30:00+00:00,1760310240000000000,2025-10-12 23:04:00+00:00,2040000000000.0,1.15957,1.16084,['4.64 USD'],0.0011,122.36 USD,True
BACKTESTER-001,MLSignalStrategyV2-V2,EUR/USD.IDEALPRO,IDEALPRO-001,O-20251012-231500-001-V2-2674,O-20251012-231500-001-V2-2676,BUY,FLAT,0.00,100000.00,1760310900000000000,2025-10-12 23:15:00+00:00,1760316840000000000,2025-10-13 00:54:00+00:00,5940000000000.0,1.16045,1.16137,['4.64 USD'],0.00079,87.36 USD,True
BACKTESTER-001,MLSignalStrategyV2-V2,EUR/USD.IDEALPRO,IDEALPRO-001,O-20251013-080000-001-V2-2677,O-20251013-080000-001-V2-2679,SELL,FLAT,0.00,100000.00,1760342400000000000,2025-10-13 08:00:00+00:00,1760344260000000000,2025-10-13 08:31:00+00:00,1860000000000.0,1.15998,1.15881,['4.64 USD'],0.00101,112.36 USD,True
BACKTESTER-001,MLSignalStrategyV2-V2,EUR/USD.IDEALPRO,IDEALPRO-001,O-20251013-123000-001-V2-2680,O-20251013-123000-001-V2-2682,BUY,FLAT,0.00,100000.00,1760358600000000000,2025-10-13 12:30:00+00:00,1760363520000000000,2025-10-13 13:52:00+00:00,4920000000000.0,1.15662,1.15774,['4.63 USD'],0.00097,107.37 USD,True
BACKTESTER-001,MLSignalStrategyV2-V2,EUR/USD.IDEALPRO,IDEALPRO-001,O-20251013-140000-001-V2-2683,O-20251013-140000-001-V2-2685,SELL,FLAT,0.00,100000.00,1760364000000000000,2025-10-13 14:00:00+00:00,1760364840000000000,2025-10-13 14:14:00+00:00,840000000000.0,1.15752,1.15645,['4.63 USD'],0.00092,102.37 USD,True
BACKTESTER-001,MLSignalStrategyV2-V2,EUR/USD.IDEALPRO,IDEALPRO-001,O-20251013-144500-001-V2-2686,O-20251013-144500-001-V2-2687,SELL,FLAT,0.00,100000.00,1760366700000000000,2025-10-13 14:45:00+00:00,1760372700000000000,2025-10-13 16:25:00+00:00,6000000000000.0,1.1564,1.15796,['4.63 USD'],-0.00135,-160.63 USD,True
BACKTESTER-001,MLSignalStrategyV2-V2,EUR/USD.IDEALPRO,IDEALPRO-001,O-20251013-190000-001-V2-2689,O-20251013-190000-001-V2-2690,BUY,FLAT,0.00,100000.00,1760382000000000000,2025-10-13 19:00:00+00:00,1760400120000000000,2025-10-14 00:02:00+00:00,18120000000000.0,1.15686,1.15596,['4.62 USD'],-0.00078,-94.62 USD,True
BACKTESTER-001,MLSignalStrategyV2-V2,EUR/USD.IDEALPRO,IDEALPRO-001,O-20251014-001500-001-V2-2692,O-20251014-001500-001-V2-2694,BUY,FLAT,0.00,100000.00,1760400900000000000,2025-10-14 00:15:00+00:00,1760403720000000000,2025-10-14 01:02:00+00:00,2820000000000.0,1.1559,1.15646,['4.62 USD'],0.00048,51.38 USD,True
BACKTESTER-001,MLSignalStrategyV2-V2,EUR/USD.IDEALPRO,IDEALPRO-001,O-20251014-011500-001-V2-2695,O-20251014-011500-001-V2-2696,SELL,FLAT,0.00,100000.00,1760404500000000000,2025-10-14 01:15:00+00:00,1760410560000000000,2025-10-14 02:56:00+00:00,6060000000000.0,1.1568,1.15763,['4.63 USD'],-0.00072,-87.63 USD,True
BACKTESTER-001,MLSignalStrategyV2-V2,EUR/USD.IDEALPRO,IDEALPRO-001,O-20251014-074500-001-V2-2698,O-20251014-074500-001-V2-2700,BUY,FLAT,0.00,100000.00,1760427900000000000,2025-10-14 07:45:00+00:00,1760429040000000000,2025-10-14 08:04:00+00:00,1140000000000.0,1.15441,1.15561,['4.62 USD'],0.00104,115.38 USD,True
BACKTESTER-001,MLSignalStrategyV2-V2,EUR/USD.IDEALPRO,IDEALPRO-001,O-20251014-121500-001-V2-2701,O-20251014-121500-001-V2-2703,SELL,FLAT,0.00,100000.00,1760444100000000000,2025-10-14 12:15:00+00:00,1760445660000000000,2025-10-14 12:41:00+00:00,1560000000000.0,1.15591,1.15505,['4.62 USD'],0.00074,81.38 USD,True
BACKTESTER-001,MLSignalStrategyV2-V2,EUR/USD.IDEALPRO,IDEALPRO-001,O-20251014-143000-001-V2-2704,O-20251014-143000-001-V2-2706,BUY,FLAT,0.00,100000.00,1760452200000000000,2025-10-14 14:30:00+00:00,1760453220000000000,2025-10-14 14:47:00+00:00,1020000000000.0,1.15807,1.15923,['4.64 USD'],0.001,111.36 USD,True
BACKTESTER-001,MLSignalStrategyV2-V2,EUR/USD.IDEALPRO,IDEALPRO-001,O-20251014-163000-001-V2-2707,O-20251014-163000-001-V2-2708,SELL,FLAT,0.00,100000.00,1760459400000000000,2025-10-14 16:30:00+00:00,1760496840000000000,2025-10-15 02:54:00+00:00,37440000000000.0,1.16085,1.16257,['4.65 USD'],-0.00148,-176.65 USD,True
BACKTESTER-001,MLSignalStrategyV2-V2,EUR/USD.IDEALPRO,IDEALPRO-001,O-20251015-033000-001-V2-2710,O-20251015-033000-001-V2-2711,SELL,FLAT,0.00,100000.00,1760499000000000000,2025-10-15 03:30:00+00:00,1760508900000000000,2025-10-15 06:15:00+00:00,9900000000000.0,1.16206,1.16284,['4.65 USD'],-0.00067,-82.65 USD,True
BACKTESTER-001,MLSignalStrategyV2-V2,EUR/USD.IDEALPRO,IDEALPRO-001,O-20251015-080000-001-V2-2713,O-20251015-080000-001-V2-2715,BUY,FLAT,0.00,100000.00,1760515200000000000,2025-10-15 08:00:00+00:00,1760518260000000000,2025-10-15 08:51:00+00:00,3060000000000.0,1.16357,1.16456,['4.66 USD'],0.00085,94.34 USD,True
BACKTESTER-001,MLSignalStrategyV2-V2,EUR/USD.IDEALPRO,IDEALPRO-001,O-20251015-161500-001-V2-2716,O-20251015-161500-001-V2-2718,BUY,FLAT,0.00,100000.00,1760544900000000000,2025-10-15 16:15:00+00:00,1760558280000000000,2025-10-15 19:58:00+00:00,13380000000000.0,1.16311,1.16433,['4.66 USD'],0.00105,117.34 USD,True
BACKTESTER-001,MLSignalStrategyV2-V2,EUR/USD.IDEALPRO,IDEALPRO-001,O-20251016-033000-001-V2-2719,O-20251016-033000-001-V2-2721,SELL,FLAT,0.00,100000.00,1760585400000000000,2025-10-16 03:30:00+00:00,1760588940000000000,2025-10-16 04:29:00+00:00,3540000000000.0,1.16633,1.16577,['4.66 USD'],0.00048,51.34 USD,True
BACKTESTER-001,MLSignalStrategyV2-V2,EUR/USD.IDEALPRO,IDEALPRO-001,O-20251016-121500-001-V2-2722,O-20251016-121500-001-V2-2723,SELL,FLAT,0.00,100000.00,1760616900000000000,2025-10-16 12:15:00+00:00,1760619720000000000,2025-10-16 13:02:00+00:00,2820000000000.0,1.16517,1.16624,['4.66 USD'],-0.00092,-111.66 USD,True
BACKTESTER-001,MLSignalStrategyV2-V2,EUR/USD.IDEALPRO,IDEALPRO-001,O-20251016-143000-001-V2-2725,O-20251016-143000-001-V2-2727,BUY,FLAT,0.00,100000.00,1760625000000000000,2025-10-16 14:30:00+00:00,1760634360000000000,2025-10-16 17:06:00+00:00,9360000000000.0,1.16709,1.16809,['4.67 USD'],0.00086,95.33 USD,True
BACKTESTER-001,MLSignalStrategyV2-V2,EUR/USD.IDEALPRO,IDEALPRO-001,O-20251016-184500-001-V2-2728,O-20251016-184500-001-V2-2730,BUY,FLAT,0.00,100000.00,1760640300000000000,2025-10-16 18:45:00+00:00,1760656140000000000,2025-10-16 23:09:00+00:00,15840000000000.0,1.1687,1.16972,['4.68 USD'],0.00087,97.32 USD,True
BACKTESTER-001,MLSignalStrategyV2-V2,EUR/USD.IDEALPRO,IDEALPRO-001,O-20251016-231500-001-V2-2731,O-20251016-231500-001-V2-2733,BUY,FLAT,0.00,100000.00,1760656500000000000,2025-10-16 23:15:00+00:00,1760660280000000000,2025-10-17 00:18:00+00:00,3780000000000.0,1.16954,1.17009,['4.68 USD'],0.00047,50.32 USD,True
BACKTESTER-001,MLSignalStrategyV2-V2,EUR/USD.IDEALPRO,IDEALPRO-001,O-20251017-020000-001-V2-2734,O-20251017-020000-001-V2-2735,SELL,FLAT,0.00,100000.00,1760666400000000000,2025-10-17 02:00:00+00:00,1760668620000000000,2025-10-17 02:37:00+00:00,2220000000000.0,1.17009,1.17095,['4.68 USD'],-0.00073,-90.68 USD,True
BACKTESTER-001,MLSignalStrategyV2-V2,EUR/USD.IDEALPRO,IDEALPRO-001,O-20251017-090000-001-V2-2737,O-20251017-090000-001-V2-2738,BUY,FLAT,0.00,100000.00,1760691600000000000,2025-10-17 09:00:00+00:00,1760699640000000000,2025-10-17 11:14:00+00:00,8040000000000.0,1.16974,1.16804,['4.68 USD'],-0.00145,-174.68 USD,True
BACKTESTER-001,MLSignalStrategyV2-V2,EUR/USD.IDEALPRO,IDEALPRO-001,O-20251017-160000-001-V2-2740,O-20251017-160000-001-V2-2742,SELL,FLAT,0.00,100000.00,1760716800000000000,2025-10-17 16:00:00+00:00,1760731980000000000,2025-10-17 20:13:00+00:00,15180000000000.0,1.16735,1.1661,['4.66 USD'],0.00107,120.34 USD,True
BACKTESTER-001,MLSignalStrategyV2-V2,EUR/USD.IDEALPRO,IDEALPRO-001,O-20251017-201500-001-V2-2743,O-20251017-201500-001-V2-2744,BUY,FLAT,0.00,100000.00,1760732100000000000,2025-10-17 20:15:00+00:00,1760733600000000000,2025-10-17 20:40:00+00:00,1500000000000.0,1.16666,1.16572,['4.66 USD'],-0.00081,-98.66 USD,True
BACKTESTER-001,MLSignalStrategyV2-V2,EUR/USD.IDEALPRO,IDEALPRO-001,O-20251017-204500-001-V2-2746,O-20251017-204500-001-V2-2748,BUY,FLAT,0.00,100000.00,1760733900000000000,2025-10-17 20:45:00+00:00,1760908560000000000,2025-10-19 21:16:00+00:00,174660000000000.0,1.16589,1.1667,['4.66 USD'],0.00069,76.34 USD,True
BACKTESTER-001,MLSignalStrategyV2-V2,EUR/USD.IDEALPRO,IDEALPRO-001,O-20251019-213000-001-V2-2749,O-20251019-213000-001-V2-2751,BUY,FLAT,0.00,100000.00,1760909400000000000,2025-10-19 21:30:00+00:00,1760927700000000000,2025-10-20 02:35:00+00:00,18300000000000.0,1.16623,1.16706,['4.66 USD'],0.00071,78.34 USD,True
BACKTESTER-001,MLSignalStrategyV2-V2,EUR/USD.IDEALPRO,IDEALPRO-001,O-20251020-080000-001-V2-2752,O-20251020-080000-001-V2-2753,BUY,FLAT,0.00,100000.00,1760947200000000000,2025-10-20 08:00:00+00:00,1760955540000000000,2025-10-20 10:19:00+00:00,8340000000000.0,1.16625,1.16528,['4.66 USD'],-0.00083,-101.66 USD,True
BACKTESTER-001,MLSignalStrategyV2-V2,EUR/USD.IDEALPRO,IDEALPRO-001,O-20251020-103000-001-V2-2755,O-20251020-103000-001-V2-2757,BUY,FLAT,0.00,100000.00,1760956200000000000,2025-10-20 10:30:00+00:00,1760971080000000000,2025-10-20 14:38:00+00:00,14880000000000.0,1.16542,1.16644,['4.66 USD'],0.00088,97.34 USD,True
BACKTESTER-001,MLSignalStrategyV2-V2,EUR/USD.IDEALPRO,IDEALPRO-001,O-20251020-174500-001-V2-2758,O-20251020-174500-001-V2-2760,BUY,FLAT,0.00,100000.00,1760982300000000000,2025-10-20 17:45:00+00:00,1761005220000000000,2025-10-21 00:07:00+00:00,22920000000000.0,1.16431,1.16503,['4.66 USD'],0.00062,67.34 USD,True
BACKTESTER-001,MLSignalStrategyV2-V2,EUR/USD.IDEALPRO,IDEALPRO-001,O-20251021-013000-001-V2-2761,O-20251021-013000-001-V2-2763,SELL,FLAT,0.00,100000.00,1761010200000000000,2025-10-21 01:30:00+00:00,1761011100000000000,2025-10-21 01:45:00+00:00,900000000000.0,1.16469,1.16422,['4.66 USD'],0.0004,42.34 USD,True
BACKTESTER-001,MLSignalStrategyV2-V2,EUR/USD.IDEALPRO,IDEALPRO-001,O-20251021-023000-001-V2-2764,O-20251021-023000-001-V2-2766,SELL,FLAT,0.00,100000.00,1761013800000000000,2025-10-21 02:30:00+00:00,1761014340000000000,2025-10-21 02:39:00+00:00,540000000000.0,1.16431,1.16361,['4.66 USD'],0.0006,65.34 USD,True
BACKTESTER-001,MLSignalStrategyV2-V2,EUR/USD.IDEALPRO,IDEALPRO-001,O-20251021-024500-001-V2-2767,O-20251021-024500-001-V2-2769,SELL,FLAT,0.00,100000.00,1761014700000000000,2025-10-21 02:45:00+00:00,1761024300000000000,2025-10-21 05:25:00+00:00,9600000000000.0,1.16361,1.16303,['4.66 USD'],0.0005,53.34 USD,True
BACKTESTER-001,MLSignalStrategyV2-V2,EUR/USD.IDEALPRO,IDEALPRO-001,O-20251021-104500-001-V2-2770,O-20251021-104500-001-V2-2772,BUY,FLAT,0.00,100000.00,1761043500000000000,2025-10-21 10:45:00+00:00,1761044280000000000,2025-10-21 10:58:00+00:00,780000000000.0,1.16092,1.16179,['4.64 USD'],0.00075,82.36 USD,True
BACKTESTER-001,MLSignalStrategyV2-V2,EUR/USD.IDEALPRO,IDEALPRO-001,O-20251021-161500-001-V2-2773,O-20251021-161500-001-V2-2774,BUY,FLAT,0.00,100000.00,1761063300000000000,2025-10-21 16:15:00+00:00,1761067380000000000,2025-10-21 17:23:00+00:00,4080000000000.0,1.16177,1.1604,['4.64 USD'],-0.00118,-141.64 USD,True
BACKTESTER-001,MLSignalStrategyV2-V2,EUR/USD.IDEALPRO,IDEALPRO-001,O-20251021-200000-001-V2-2776,O-20251021-200000-001-V2-2778,BUY,FLAT,0.00,100000.00,1761076800000000000,2025-10-21 20:00:00+00:00,1761092160000000000,2025-10-22 00:16:00+00:00,15360000000000.0,1.16007,1.16061,['4.64 USD'],0.00047,49.36 USD,True
BACKTESTER-001,MLSignalStrategyV2-V2,EUR/USD.IDEALPRO,IDEALPRO-001,O-20251022-081500-001-V2-2779,O-20251022-081500-001-V2-2781,BUY,FLAT,0.00,100000.00,1761120900000000000,2025-10-22 08:15:00+00:00,1761123300000000000,2025-10-22 08:55:00+00:00,2400000000000.0,1.15915,1.15999,['4.64 USD'],0.00072,79.36 USD,True
BACKTESTER-001,MLSignalStrategyV2-V2,EUR/USD.IDEALPRO,IDEALPRO-001,O-20251022-101500-001-V2-2782,O-20251022-101500-001-V2-2783,BUY,FLAT,0.00,100000.00,1761128100000000000,2025-10-22 10:15:00+00:00,1761135900000000000,2025-10-22 12:25:00+00:00,7800000000000.0,1.15915,1.15816,['4.64 USD'],-0.00085,-103.64 USD,True
BACKTESTER-001,MLSignalStrategyV2-V2,EUR/USD.IDEALPRO,IDEALPRO-001,O-20251022-200000-001-V2-2785,O-20251022-200000-001-V2-2787,BUY,FLAT,0.00,100000.00,1761163200000000000,2025-10-22 20:00:00+00:00,1761164220000000000,2025-10-22 20:17:00+00:00,1020000000000.0,1.1606,1.16108,['4.64 USD'],0.00041,43.36 USD,True
BACKTESTER-001,MLSignalStrategyV2-V2,EUR/USD.IDEALPRO,IDEALPRO-001,O-20251023-184500-001-V2-2788,O-20251023-184500-001-V2-2789,BUY,FLAT,0.00,100000.00,1761245100000000000,2025-10-23 18:45:00+00:00,1761269040000000000,2025-10-24 01:24:00+00:00,23940000000000.0,1.16173,1.16102,['4.64 USD'],-0.00061,-75.64 USD,True
BACKTESTER-001,MLSignalStrategyV2-V2,EUR/USD.IDEALPRO,IDEALPRO-001,O-20251024-133000-001-V2-2791,O-20251024-133000-001-V2-2793,SELL,FLAT,0.00,100000.00,1761312600000000000,2025-10-24 13:30:00+00:00,1761317640000000000,2025-10-24 14:54:00+00:00,5040000000000.0,1.16333,1.16183,['4.65 USD'],0.00129,145.35 USD,True
BACKTESTER-001,MLSignalStrategyV2-V2,EUR/USD.IDEALPRO,IDEALPRO-001,O-20251026-213000-001-V2-2794,O-20251026-213000-001-V2-2795,BUY,FLAT,0.00,100000.00,1761514200000000000,2025-10-26 21:30:00+00:00,1761516120000000000,2025-10-26 22:02:00+00:00,1920000000000.0,1.16353,1.16258,['4.66 USD'],-0.00082,-99.66 USD,True
BACKTESTER-001,MLSignalStrategyV2-V2,EUR/USD.IDEALPRO,IDEALPRO-001,O-20251026-221500-001-V2-2797,O-20251026-221500-001-V2-2799,BUY,FLAT,0.00,100000.00,1761516900000000000,2025-10-26 22:15:00+00:00,1761517560000000000,2025-10-26 22:26:00+00:00,660000000000.0,1.16285,1.16354,['4.66 USD'],0.00059,64.34 USD,True
BACKTESTER-001,MLSignalStrategyV2-V2,EUR/USD.IDEALPRO,IDEALPRO-001,O-20251026-223000-001-V2-2800,O-20251026-223000-001-V2-2802,BUY,FLAT,0.00,100000.00,1761517800000000000,2025-10-26 22:30:00+00:00,1761527160000000000,2025-10-27 01:06:00+00:00,9360000000000.0,1.16302,1.16384,['4.66 USD'],0.00071,77.34 USD,True
BACKTESTER-001,MLSignalStrategyV2-V2,EUR/USD.IDEALPRO,IDEALPRO-001,O-20251106-191500-001-V2-2803,O-20251106-191500-001-V2-2804,BUY,FLAT,0.00,100000.00,1762456500000000000,2025-11-06 19:15:00+00:00,1762475340000000000,2025-11-07 00:29:00+00:00,18840000000000.0,1.15495,1.15392,['4.62 USD'],-0.00089,-107.62 USD,True
BACKTESTER-001,MLSignalStrategyV2-V2,EUR/USD.IDEALPRO,IDEALPRO-001,O-20251107-020000-001-V2-2806,O-20251107-020000-001-V2-2808,SELL,FLAT,0.00,100000.00,1762480800000000000,2025-11-07 02:00:00+00:00,1762489320000000000,2025-11-07 04:22:00+00:00,8520000000000.0,1.1538,1.15333,['4.62 USD'],0.00041,42.38 USD,True
BACKTESTER-001,MLSignalStrategyV2-V2,EUR/USD.IDEALPRO,IDEALPRO-001,O-20251107-081500-001-V2-2809,O-20251107-081500-001-V2-2810,BUY,FLAT,0.00,100000.00,1762503300000000000,2025-11-07 08:15:00+00:00,1762505520000000000,2025-11-07 08:52:00+00:00,2220000000000.0,1.15383,1.15308,['4.62 USD'],-0.00065,-79.62 USD,True
BACKTESTER-001,MLSignalStrategyV2-V2,EUR/USD.IDEALPRO,IDEALPRO-001,O-20251107-101500-001-V2-2812,O-20251107-101500-001-V2-2814,BUY,FLAT,0.00,100000.00,1762510500000000000,2025-11-07 10:15:00+00:00,1762512480000000000,2025-11-07 10:48:00+00:00,1980000000000.0,1.15438,1.15501,['4.62 USD'],0.00055,58.38 USD,True
BACKTESTER-001,MLSignalStrategyV2-V2,EUR/USD.IDEALPRO,IDEALPRO-001,O-20251107-113000-001-V2-2815,O-20251107-113000-001-V2-2816,SELL,FLAT,0.00,100000.00,1762515000000000000,2025-11-07 11:30:00+00:00,1762518240000000000,2025-11-07 12:24:00+00:00,3240000000000.0,1.15577,1.15653,['4.62 USD'],-0.00066,-80.62 USD,True
BACKTESTER-001,MLSignalStrategyV2-V2,EUR/USD.IDEALPRO,IDEALPRO-001,O-20251109-223000-001-V2-2818,O-20251109-223000-001-V2-2819,BUY,FLAT,0.00,100000.00,1762727400000000000,2025-11-09 22:30:00+00:00,1762729560000000000,2025-11-09 23:06:00+00:00,2160000000000.0,1.1557,1.15484,['4.62 USD'],-0.00074,-90.62 USD,True
BACKTESTER-001,MLSignalStrategyV2-V2,EUR/USD.IDEALPRO,IDEALPRO-001,O-20251109-231500-001-V2-2821,O-20251109-231500-001-V2-2823,BUY,FLAT,0.00,100000.00,1762730100000000000,2025-11-09 23:15:00+00:00,1762732860000000000,2025-11-10 00:01:00+00:00,2760000000000.0,1.15492,1.156,['4.62 USD'],0.00094,103.38 USD,True
BACKTESTER-001,MLSignalStrategyV2-V2,EUR/USD.IDEALPRO,IDEALPRO-001,O-20251110-003000-001-V2-2824,O-20251110-003000-001-V2-2825,SELL,FLAT,0.00,100000.00,1762734600000000000,2025-11-10 00:30:00+00:00,1762752360000000000,2025-11-10 05:26:00+00:00,17760000000000.0,1.15521,1.15636,['4.62 USD'],-0.001,-119.62 USD,True
BACKTESTER-001,MLSignalStrategyV2-V2,EUR/USD.IDEALPRO,IDEALPRO-001,O-20251110-084500-001-V2-2827,O-20251110-084500-001-V2-2829,SELL,FLAT,0.00,100000.00,1762764300000000000,2025-11-10 08:45:00+00:00,1762765500000000000,2025-11-10 09:05:00+00:00,1200000000000.0,1.15785,1.15707,['4.63 USD'],0.00067,73.37 USD,True
BACKTESTER-001,MLSignalStrategyV2-V2,EUR/USD.IDEALPRO,IDEALPRO-001,O-20251110-201500-001-V2-2830,O-20251110-201500-001-V2-2832,SELL,FLAT,0.00,100000.00,1762805700000000000,2025-11-10 20:15:00+00:00,1762811220000000000,2025-11-10 21:47:00+00:00,5520000000000.0,1.15626,1.1557,['4.62 USD'],0.00048,51.38 USD,True
BACKTESTER-001,MLSignalStrategyV2-V2,EUR/USD.IDEALPRO,IDEALPRO-001,O-20251111-013000-001-V2-2833,O-20251111-013000-001-V2-2834,SELL,FLAT,0.00,100000.00,1762824600000000000,2025-11-11 01:30:00+00:00,1762826460000000000,2025-11-11 02:01:00+00:00,1860000000000.0,1.15495,1.15557,['4.62 USD'],-0.00054,-66.62 USD,True
BACKTESTER-001,MLSignalStrategyV2-V2,EUR/USD.IDEALPRO,IDEALPRO-001,O-20251111-210000-001-V2-2836,O-20251111-210000-001-V2-2837,BUY,FLAT,0.00,100000.00,1762894800000000000,2025-11-11 21:00:00+00:00,1762910700000000000,2025-11-12 01:25:00+00:00,15900000000000.0,1.15834,1.15765,['4.64 USD'],-0.0006,-73.64 USD,True
BACKTESTER-001,MLSignalStrategyV2-V2,EUR/USD.IDEALPRO,IDEALPRO-001,O-20251112-111500-001-V2-2839,O-20251112-111500-001-V2-2841,BUY,FLAT,0.00,100000.00,1762946100000000000,2025-11-12 11:15:00+00:00,1762948680000000000,2025-11-12 11:58:00+00:00,2580000000000.0,1.15693,1.15766,['4.63 USD'],0.00063,68.37 USD,True
BACKTESTER-001,MLSignalStrategyV2-V2,EUR/USD.IDEALPRO,IDEALPRO-001,O-20251112-154500-001-V2-2842,O-20251112-154500-001-V2-2844,BUY,FLAT,0.00,100000.00,1762962300000000000,2025-11-12 15:45:00+00:00,1762962960000000000,2025-11-12 15:56:00+00:00,660000000000.0,1.15845,1.15925,['4.64 USD'],0.00069,75.36 USD,True
BACKTESTER-001,MLSignalStrategyV2-V2,EUR/USD.IDEALPRO,IDEALPRO-001,O-20251112-220000-001-V2-2845,O-20251112-220000-001-V2-2846,BUY,FLAT,0.00,100000.00,1762984800000000000,2025-11-12 22:00:00+00:00,1762992960000000000,2025-11-13 00:16:00+00:00,8160000000000.0,1.15933,1.15875,['4.64 USD'],-0.0005,-62.64 USD,True
BACKTESTER-001,MLSignalStrategyV2-V2,EUR/USD.IDEALPRO,IDEALPRO-001,O-20251113-004500-001-V2-2848,O-20251113-004500-001-V2-2850,BUY,FLAT,0.00,100000.00,1762994700000000000,2025-11-13 00:45:00+00:00,1762998660000000000,2025-11-13 01:51:00+00:00,3960000000000.0,1.15824,1.1587,['4.64 USD'],0.0004,41.36 USD,True
BACKTESTER-001,MLSignalStrategyV2-V2,EUR/USD.IDEALPRO,IDEALPRO-001,O-20251113-101500-001-V2-2851,O-20251113-101500-001-V2-2853,SELL,FLAT,0.00,100000.00,1763028900000000000,2025-11-13 10:15:00+00:00,1763035020000000000,2025-11-13 11:57:00+00:00,6120000000000.0,1.16159,1.16048,['4.64 USD'],0.00096,106.36 USD,True
BACKTESTER-001,MLSignalStrategyV2-V2,EUR/USD.IDEALPRO,IDEALPRO-001,O-20251113-153000-001-V2-2854,O-20251113-153000-001-V2-2856,BUY,FLAT,0.00,100000.00,1763047800000000000,2025-11-13 15:30:00+00:00,1763048400000000000,2025-11-13 15:40:00+00:00,600000000000.0,1.16309,1.16406,['4.66 USD'],0.00083,92.34 USD,True
BACKTESTER-001,MLSignalStrategyV2-V2,EUR/USD.IDEALPRO,IDEALPRO-001,O-20251113-163000-001-V2-2857,O-20251113-163000-001-V2-2859,BUY,FLAT,0.00,100000.00,1763051400000000000,2025-11-13 16:30:00+00:00,1763054400000000000,2025-11-13 17:20:00+00:00,3000000000000.0,1.1644,1.16527,['4.66 USD'],0.00075,82.34 USD,True
BACKTESTER-001,MLSignalStrategyV2-V2,EUR/USD.IDEALPRO,IDEALPRO-001,O-20251113-200000-001-V2-2860,O-20251113-200000-001-V2-2862,SELL,FLAT,0.00,100000.00,1763064000000000000,2025-11-13 20:00:00+00:00,1763075460000000000,2025-11-13 23:11:00+00:00,11460000000000.0,1.16357,1.16261,['4.66 USD'],0.00083,91.34 USD,True
BACKTESTER-001,MLSignalStrategyV2-V2,EUR/USD.IDEALPRO,IDEALPRO-001,O-20251114-114500-001-V2-2863,O-20251114-114500-001-V2-2864,SELL,FLAT,0.00,100000.00,1763120700000000000,2025-11-14 11:45:00+00:00,1763122200000000000,2025-11-14 12:10:00+00:00,1500000000000.0,1.16144,1.16245,['4.64 USD'],-0.00087,-105.64 USD,True
BACKTESTER-001,MLSignalStrategyV2-V2,EUR/USD.IDEALPRO,IDEALPRO-001,O-20251116-223000-001-V2-2866,O-20251116-223000-001-V2-2867,BUY,FLAT,0.00,100000.00,1763332200000000000,2025-11-16 22:30:00+00:00,1763336820000000000,2025-11-16 23:47:00+00:00,4620000000000.0,1.16245,1.1617,['4.64 USD'],-0.00065,-79.64 USD,True
BACKTESTER-001,MLSignalStrategyV2-V2,EUR/USD.IDEALPRO,IDEALPRO-001,O-20251117-090000-001-V2-2869,O-20251117-090000-001-V2-2871,SELL,FLAT,0.00,100000.00,1763370000000000000,2025-11-17 09:00:00+00:00,1763370900000000000,2025-11-17 09:15:00+00:00,900000000000.0,1.16032,1.15971,['4.64 USD'],0.00053,56.36 USD,True
BACKTESTER-001,MLSignalStrategyV2-V2,EUR/USD.IDEALPRO,IDEALPRO-001,O-20251117-093000-001-V2-2872,O-20251117-093000-001-V2-2873,SELL,FLAT,0.00,100000.00,1763371800000000000,2025-11-17 09:30:00+00:00,1763374800000000000,2025-11-17 10:20:00+00:00,3000000000000.0,1.15982,1.16071,['4.64 USD'],-0.00077,-93.64 USD,True
BACKTESTER-001,MLSignalStrategyV2-V2,EUR/USD.IDEALPRO,IDEALPRO-001,O-20251117-141500-001-V2-2875,O-20251117-141500-001-V2-2877,SELL,FLAT,0.00,100000.00,1763388900000000000,2025-11-17 14:15:00+00:00,1763390340000000000,2025-11-17 14:39:00+00:00,1440000000000.0,1.15937,1.1587,['4.64 USD'],0.00058,62.36 USD,True
BACKTESTER-001,MLSignalStrategyV2-V2,EUR/USD.IDEALPRO,IDEALPRO-001,O-20251117-160000-001-V2-2878,O-20251117-160000-001-V2-2880,SELL,FLAT,0.00,100000.00,1763395200000000000,2025-11-17 16:00:00+00:00,1763403060000000000,2025-11-17 18:11:00+00:00,7860000000000.0,1.15976,1.15905,['4.64 USD'],0.00061,66.36 USD,True
BACKTESTER-001,MLSignalStrategyV2-V2,EUR/USD.IDEALPRO,IDEALPRO-001,O-20251118-184500-001-V2-2881,O-20251118-184500-001-V2-2883,SELL,FLAT,0.00,100000.00,1763491500000000000,2025-11-18 18:45:00+00:00,1763502120000000000,2025-11-18 21:42:00+00:00,10620000000000.0,1.15849,1.1578,['4.64 USD'],0.0006,64.36 USD,True
BACKTESTER-001,MLSignalStrategyV2-V2,EUR/USD.IDEALPRO,IDEALPRO-001,O-20251118-231500-001-V2-2884,O-20251118-231500-001-V2-2886,BUY,FLAT,0.00,100000.00,1763507700000000000,2025-11-18 23:15:00+00:00,1763511300000000000,2025-11-19 00:15:00+00:00,3600000000000.0,1.15786,1.15833,['4.64 USD'],0.00041,42.36 USD,True
BACKTESTER-001,MLSignalStrategyV2-V2,EUR/USD.IDEALPRO,IDEALPRO-001,O-20251119-093000-001-V2-2887,O-20251119-093000-001-V2-2889,BUY,FLAT,0.00,100000.00,1763544600000000000,2025-11-19 09:30:00+00:00,1763552580000000000,2025-11-19 11:43:00+00:00,7980000000000.0,1.15758,1.15849,['4.64 USD'],0.00079,86.36 USD,True
BACKTESTER-001,MLSignalStrategyV2-V2,EUR/USD.IDEALPRO,IDEALPRO-001,O-20251119-173000-001-V2-2890,O-20251119-173000-001-V2-2891,BUY,FLAT,0.00,100000.00,1763573400000000000,2025-11-19 17:30:00+00:00,1763579280000000000,2025-11-19 19:08:00+00:00,5880000000000.0,1.15295,1.15176,['4.61 USD'],-0.00103,-123.61 USD,True
BACKTESTER-001,MLSignalStrategyV2-V2,EUR/USD.IDEALPRO,IDEALPRO-001,O-20251119-210000-001-V2-2893,O-20251119-210000-001-V2-2895,BUY,FLAT,0.00,100000.00,1763586000000000000,2025-11-19 21:00:00+00:00,1763588040000000000,2025-11-19 21:34:00+00:00,2040000000000.0,1.15264,1.1533,['4.62 USD'],0.00057,61.38 USD,True
BACKTESTER-001,MLSignalStrategyV2-V2,EUR/USD.IDEALPRO,IDEALPRO-001,O-20251120-000000-001-V2-2896,O-20251120-000000-001-V2-2898,SELL,FLAT,0.00,100000.00,1763596800000000000,2025-11-20 00:00:00+00:00,1763596920000000000,2025-11-20 00:02:00+00:00,120000000000.0,1.15393,1.15351,['4.62 USD'],0.00036,37.38 USD,True
BACKTESTER-001,MLSignalStrategyV2-V2,EUR/USD.IDEALPRO,IDEALPRO-001,O-20251120-003000-001-V2-2899,O-20251120-003000-001-V2-2900,BUY,FLAT,0.00,100000.00,1763598600000000000,2025-11-20 00:30:00+00:00,1763603580000000000,2025-11-20 01:53:00+00:00,4980000000000.0,1.15314,1.15237,['4.61 USD'],-0.00067,-81.61 USD,True
BACKTESTER-001,MLSignalStrategyV2-V2,EUR/USD.IDEALPRO,IDEALPRO-001,O-20251120-044500-001-V2-2902,O-20251120-044500-001-V2-2904,SELL,FLAT,0.00,100000.00,1763613900000000000,2025-11-20 04:45:00+00:00,1763616000000000000,2025-11-20 05:20:00+00:00,2100000000000.0,1.152,1.15147,['4.60 USD'],0.00046,48.40 USD,True
BACKTESTER-001,MLSignalStrategyV2-V2,EUR/USD.IDEALPRO,IDEALPRO-001,O-20251120-194500-001-V2-2905,O-20251120-194500-001-V2-2906,BUY,FLAT,0.00,100000.00,1763667900000000000,2025-11-20 19:45:00+00:00,1763670780000000000,2025-11-20 20:33:00+00:00,2880000000000.0,1.15366,1.15284,['4.62 USD'],-0.00071,-86.62 USD,True
BACKTESTER-001,MLSignalStrategyV2-V2,EUR/USD.IDEALPRO,IDEALPRO-001,O-20251121-081500-001-V2-2908,O-20251121-081500-001-V2-2909,BUY,FLAT,0.00,100000.00,1763712900000000000,2025-11-21 08:15:00+00:00,1763716140000000000,2025-11-21 09:09:00+00:00,3240000000000.0,1.15457,1.15352,['4.62 USD'],-0.00091,-109.62 USD,True
BACKTESTER-001,MLSignalStrategyV2-V2,EUR/USD.IDEALPRO,IDEALPRO-001,O-20251121-101500-001-V2-2911,O-20251121-101500-001-V2-2912,BUY,FLAT,0.00,100000.00,1763720100000000000,2025-11-21 10:15:00+00:00,1763726760000000000,2025-11-21 12:06:00+00:00,6660000000000.0,1.15172,1.15031,['4.60 USD'],-0.00122,-145.60 USD,True
BACKTESTER-001,MLSignalStrategyV2-V2,EUR/USD.IDEALPRO,IDEALPRO-001,O-20251121-141500-001-V2-2914,O-20251121-141500-001-V2-2916,SELL,FLAT,0.00,100000.00,1763734500000000000,2025-11-21 14:15:00+00:00,1763740380000000000,2025-11-21 15:53:00+00:00,5880000000000.0,1.15125,1.15021,['4.60 USD'],0.0009,99.40 USD,True
BACKTESTER-001,MLSignalStrategyV2-V2,EUR/USD.IDEALPRO,IDEALPRO-001,O-20251121-161500-001-V2-2917,O-20251121-161500-001-V2-2919,BUY,FLAT,0.00,100000.00,1763741700000000000,2025-11-21 16:15:00+00:00,1763744520000000000,2025-11-21 17:02:00+00:00,2820000000000.0,1.14976,1.15088,['4.60 USD'],0.00097,107.40 USD,True
BACKTESTER-001,MLSignalStrategyV2-V2,EUR/USD.IDEALPRO,IDEALPRO-001,O-20251123-223000-001-V2-2920,O-20251123-223000-001-V2-2921,BUY,FLAT,0.00,100000.00,1763937000000000000,2025-11-23 22:30:00+00:00,1763943180000000000,2025-11-24 00:13:00+00:00,6180000000000.0,1.15133,1.15053,['4.60 USD'],-0.00069,-84.60 USD,True
BACKTESTER-001,MLSignalStrategyV2-V2,EUR/USD.IDEALPRO,IDEALPRO-001,O-20251124-030000-001-V2-2923,O-20251124-030000-001-V2-2924,SELL,FLAT,0.00,100000.00,1763953200000000000,2025-11-24 03:00:00+00:00,1763960220000000000,2025-11-24 04:57:00+00:00,7020000000000.0,1.15159,1.15219,['4.60 USD'],-0.00052,-64.60 USD,True
BACKTESTER-001,MLSignalStrategyV2-V2,EUR/USD.IDEALPRO,IDEALPRO-001,O-20251124-153000-001-V2-2926,O-20251124-153000-001-V2-2928,SELL,FLAT,0.00,100000.00,1763998200000000000,2025-11-24 15:30:00+00:00,1764003960000000000,2025-11-24 17:06:00+00:00,5760000000000.0,1.15216,1.15133,['4.60 USD'],0.00072,78.40 USD,True
BACKTESTER-001,MLSignalStrategyV2-V2,EUR/USD.IDEALPRO,IDEALPRO-001,O-20251124-184500-001-V2-2929,O-20251124-184500-001-V2-2931,SELL,FLAT,0.00,100000.00,1764009900000000000,2025-11-24 18:45:00+00:00,1764043380000000000,2025-11-25 04:03:00+00:00,33480000000000.0,1.15234,1.15168,['4.60 USD'],0.00057,61.40 USD,True
BACKTESTER-001,MLSignalStrategyV2-V2,EUR/USD.IDEALPRO,IDEALPRO-001,O-20251125-124500-001-V2-2932,O-20251125-124500-001-V2-2933,SELL,FLAT,0.00,100000.00,1764074700000000000,2025-11-25 12:45:00+00:00,1764074700000000000,2025-11-25 12:45:00+00:00,,1.15446,1.15559,['4.62 USD'],-0.00098,-117.62 USD,True
BACKTESTER-001,MLSignalStrategyV2-V2,EUR/USD.IDEALPRO,IDEALPRO-001,O-20251125-124500-001-V2-2935,O-20251125-124500-001-V2-2936,SELL,FLAT,0.00,100000.00,1764074700000000000,2025-11-25 12:45:00+00:00,1764076620000000000,2025-11-25 13:17:00+00:00,1920000000000.0,1.15447,1.15623,['4.62 USD'],-0.00152,-180.62 USD,True
BACKTESTER-001,MLSignalStrategyV2-V2,EUR/USD.IDEALPRO,IDEALPRO-001,O-20251125-134500-001-V2-2938,O-20251125-134500-001-V2-2939,SELL,FLAT,0.00,100000.00,1764078300000000000,2025-11-25 13:45:00+00:00,1764079320000000000,2025-11-25 14:02:00+00:00,1020000000000.0,1.15466,1.15636,['4.62 USD'],-0.00147,-174.62 USD,True
BACKTESTER-001,MLSignalStrategyV2-V2,EUR/USD.IDEALPRO,IDEALPRO-001,O-20251126-003000-001-V2-2941,O-20251126-003000-001-V2-2943,SELL,FLAT,0.00,100000.00,1764117000000000000,2025-11-26 00:30:00+00:00,1764118380000000000,2025-11-26 00:53:00+00:00,1380000000000.0,1.15704,1.15657,['4.62 USD'],0.00041,42.38 USD,True
BACKTESTER-001,MLSignalStrategyV2-V2,EUR/USD.IDEALPRO,IDEALPRO-001,O-20251126-040000-001-V2-2944,O-20251126-040000-001-V2-2946,SELL,FLAT,0.00,100000.00,1764129600000000000,2025-11-26 04:00:00+00:00,1764130920000000000,2025-11-26 04:22:00+00:00,1320000000000.0,1.15908,1.15846,['4.64 USD'],0.00053,57.36 USD,True
BACKTESTER-001,MLSignalStrategyV2-V2,EUR/USD.IDEALPRO,IDEALPRO-001,O-20251126-080000-001-V2-2947,O-20251126-080000-001-V2-2948,BUY,FLAT,0.00,100000.00,1764144000000000000,2025-11-26 08:00:00+00:00,1764147120000000000,2025-11-26 08:52:00+00:00,3120000000000.0,1.15793,1.15692,['4.63 USD'],-0.00087,-105.63 USD,True
BACKTESTER-001,MLSignalStrategyV2-V2,EUR/USD.IDEALPRO,IDEALPRO-001,O-20251126-154500-001-V2-2950,O-20251126-154500-001-V2-2952,BUY,FLAT,0.00,100000.00,1764171900000000000,2025-11-26 15:45:00+00:00,1764174120000000000,2025-11-26 16:22:00+00:00,2220000000000.0,1.15857,1.15983,['4.64 USD'],0.00109,121.36 USD,True
BACKTESTER-001,MLSignalStrategyV2-V2,EUR/USD.IDEALPRO,IDEALPRO-001,O-20251126-213000-001-V2-2953,O-20251126-213000-001-V2-2955,BUY,FLAT,0.00,100000.00,1764192600000000000,2025-11-26 21:30:00+00:00,1764199860000000000,2025-11-26 23:31:00+00:00,7260000000000.0,1.15948,1.15997,['4.64 USD'],0.00042,44.36 USD,True
BACKTESTER-001,MLSignalStrategyV2-V2,EUR/USD.IDEALPRO,IDEALPRO-001,O-20251128-160000-001-V2-2956,O-20251128-160000-001-V2-2958,SELL,FLAT,0.00,100000.00,1764345600000000000,2025-11-28 16:00:00+00:00,1764346560000000000,2025-11-28 16:16:00+00:00,960000000000.0,1.16074,1.15957,['4.64 USD'],0.00101,112.36 USD,True
BACKTESTER-001,MLSignalStrategyV2-V2,EUR/USD.IDEALPRO,IDEALPRO-001,O-20251130-223000-001-V2-2959,O-20251130-223000-001-V2-2961,BUY,FLAT,0.00,100000.00,1764541800000000000,2025-11-30 22:30:00+00:00,1764543600000000000,2025-11-30 23:00:00+00:00,1800000000000.0,1.15963,1.16006,['4.64 USD'],0.00037,38.36 USD,True
BACKTESTER-001,MLSignalStrategyV2-V2,EUR/USD.IDEALPRO,IDEALPRO-001,O-20251130-231500-001-V2-2962,O-20251130-231500-001-V2-2963,BUY,FLAT,0.00,100000.00,1764544500000000000,2025-11-30 23:15:00+00:00,1764545100000000000,2025-11-30 23:25:00+00:00,600000000000.0,1.16074,1.16008,['4.64 USD'],-0.00057,-70.64 USD,True
BACKTESTER-001,MLSignalStrategyV2-V2,EUR/USD.IDEALPRO,IDEALPRO-001,O-20251130-233000-001-V2-2965,O-20251130-233000-001-V2-2967,BUY,FLAT,0.00,100000.00,1764545400000000000,2025-11-30 23:30:00+00:00,1764549960000000000,2025-12-01 00:46:00+00:00,4560000000000.0,1.15993,1.16046,['4.64 USD'],0.00046,48.36 USD,True
BACKTESTER-001,MLSignalStrategyV2-V2,EUR/USD.IDEALPRO,IDEALPRO-001,O-20251201-031500-001-V2-2968,O-20251201-031500-001-V2-2969,SELL,FLAT,0.00,100000.00,1764558900000000000,2025-12-01 03:15:00+00:00,1764563820000000000,2025-12-01 04:37:00+00:00,4920000000000.0,1.15915,1.16006,['4.64 USD'],-0.00079,-95.64 USD,True
BACKTESTER-001,MLSignalStrategyV2-V2,EUR/USD.IDEALPRO,IDEALPRO-001,O-20251201-081500-001-V2-2971,O-20251201-081500-001-V2-2973,SELL,FLAT,0.00,100000.00,1764576900000000000,2025-12-01 08:15:00+00:00,1764578580000000000,2025-12-01 08:43:00+00:00,1680000000000.0,1.16155,1.16065,['4.64 USD'],0.00077,85.36 USD,True
BACKTESTER-001,MLSignalStrategyV2-V2,EUR/USD.IDEALPRO,IDEALPRO-001,O-20251201-130000-001-V2-2974,O-20251201-130000-001-V2-2976,SELL,FLAT,0.00,100000.00,1764594000000000000,2025-12-01 13:00:00+00:00,1764595140000000000,2025-12-01 13:19:00+00:00,1140000000000.0,1.16488,1.16411,['4.66 USD'],0.00066,72.34 USD,True
BACKTESTER-001,MLSignalStrategyV2-V2,EUR/USD.IDEALPRO,IDEALPRO-001,O-20251201-200000-001-V2-2977,O-20251201-200000-001-V2-2979,BUY,FLAT,0.00,100000.00,1764619200000000000,2025-12-01 20:00:00+00:00,1764648360000000000,2025-12-02 04:06:00+00:00,29160000000000.0,1.16084,1.16141,['4.64 USD'],0.00049,52.36 USD,True
BACKTESTER-001,MLSignalStrategyV2-V2,EUR/USD.IDEALPRO,IDEALPRO-001,O-20251202-211500-001-V2-2980,O-20251202-211500-001-V2-2982,BUY,FLAT,0.00,100000.00,1764710100000000000,2025-12-02 21:15:00+00:00,1764718860000000000,2025-12-02 23:41:00+00:00,8760000000000.0,1.16227,1.16284,['4.65 USD'],0.00049,52.35 USD,True
BACKTESTER-001,MLSignalStrategyV2-V2,EUR/USD.IDEALPRO,IDEALPRO-001,O-20251203-080000-001-V2-2983,O-20251203-080000-001-V2-2985,SELL,FLAT,0.00,100000.00,1764748800000000000,2025-12-03 08:00:00+00:00,1764751740000000000,2025-12-03 08:49:00+00:00,2940000000000.0,1.16413,1.16358,['4.66 USD'],0.00047,50.34 USD,True
BACKTESTER-001,MLSignalStrategyV2-V2,EUR/USD.IDEALPRO,IDEALPRO-001,O-20251204-004500-001-V2-2986,O-20251204-004500-001-V2-2987,BUY,FLAT,0.00,100000.00,1764809100000000000,2025-12-04 00:45:00+00:00,1764817380000000000,2025-12-04 03:03:00+00:00,8280000000000.0,1.16637,1.16569,['4.66 USD'],-0.00058,-72.66 USD,True
BACKTESTER-001,MLSignalStrategyV2-V2,EUR/USD.IDEALPRO,IDEALPRO-001,O-20251204-200000-001-V2-2989,O-20251204-200000-001-V2-2991,SELL,FLAT,0.00,100000.00,1764878400000000000,2025-12-04 20:00:00+00:00,1764879600000000000,2025-12-04 20:20:00+00:00,1200000000000.0,1.16527,1.16468,['4.66 USD'],0.00051,54.34 USD,True
BACKTESTER-001,MLSignalStrategyV2-V2,EUR/USD.IDEALPRO,IDEALPRO-001,O-20251207-223000-001-V2-2992,O-20251207-223000-001-V2-2994,BUY,FLAT,0.00,100000.00,1765146600000000000,2025-12-07 22:30:00+00:00,1765148100000000000,2025-12-07 22:55:00+00:00,1500000000000.0,1.16402,1.16462,['4.66 USD'],0.00052,55.34 USD,True
BACKTESTER-001,MLSignalStrategyV2-V2,EUR/USD.IDEALPRO,IDEALPRO-001,O-20251207-230000-001-V2-2995,O-20251207-230000-001-V2-2996,BUY,FLAT,0.00,100000.00,1765148400000000000,2025-12-07 23:00:00+00:00,1765148700000000000,2025-12-07 23:05:00+00:00,300000000000.0,1.16463,1.16401,['4.66 USD'],-0.00053,-66.66 USD,True
BACKTESTER-001,MLSignalStrategyV2-V2,EUR/USD.IDEALPRO,IDEALPRO-001,O-20251207-231500-001-V2-2998,O-20251207-231500-001-V2-3000,BUY,FLAT,0.00,100000.00,1765149300000000000,2025-12-07 23:15:00+00:00,1765153860000000000,2025-12-08 00:31:00+00:00,4560000000000.0,1.16428,1.16474,['4.66 USD'],0.0004,41.34 USD,True
BACKTESTER-001,MLSignalStrategyV2-V2,EUR/USD.IDEALPRO,IDEALPRO-001,O-20251208-061500-001-V2-3001,O-20251208-061500-001-V2-3003,SELL,FLAT,0.00,100000.00,1765174500000000000,2025-12-08 06:15:00+00:00,1765176660000000000,2025-12-08 06:51:00+00:00,2160000000000.0,1.16647,1.1659,['4.66 USD'],0.00049,52.34 USD,True
BACKTESTER-001,MLSignalStrategyV2-V2,EUR/USD.IDEALPRO,IDEALPRO-001,O-20251208-083000-001-V2-3004,O-20251208-083000-001-V2-3006,SELL,FLAT,0.00,100000.00,1765182600000000000,2025-12-08 08:30:00+00:00,1765205520000000000,2025-12-08 14:52:00+00:00,22920000000000.0,1.16503,1.16418,['4.66 USD'],0.00073,80.34 USD,True
BACKTESTER-001,MLSignalStrategyV2-V2,EUR/USD.IDEALPRO,IDEALPRO-001,O-20251208-184500-001-V2-3007,O-20251208-184500-001-V2-3009,BUY,FLAT,0.00,100000.00,1765219500000000000,2025-12-08 18:45:00+00:00,1765245840000000000,2025-12-09 02:04:00+00:00,26340000000000.0,1.16407,1.16483,['4.66 USD'],0.00065,71.34 USD,True
BACKTESTER-001,MLSignalStrategyV2-V2,EUR/USD.IDEALPRO,IDEALPRO-001,O-20251209-103000-001-V2-3010,O-20251209-103000-001-V2-3012,SELL,FLAT,0.00,100000.00,1765276200000000000,2025-12-09 10:30:00+00:00,1765278720000000000,2025-12-09 11:12:00+00:00,2520000000000.0,1.16448,1.16381,['4.66 USD'],0.00058,62.34 USD,True
BACKTESTER-001,MLSignalStrategyV2-V2,EUR/USD.IDEALPRO,IDEALPRO-001,O-20251209-111500-001-V2-3013,O-20251209-111500-001-V2-3015,SELL,FLAT,0.00,100000.00,1765278900000000000,2025-12-09 11:15:00+00:00,1765286700000000000,2025-12-09 13:25:00+00:00,7800000000000.0,1.1639,1.16321,['4.66 USD'],0.00059,64.34 USD,True
BACKTESTER-001,MLSignalStrategyV2-V2,EUR/USD.IDEALPRO,IDEALPRO-001,O-20251209-174500-001-V2-3016,O-20251209-174500-001-V2-3018,BUY,FLAT,0.00,100000.00,1765302300000000000,2025-12-09 17:45:00+00:00,1765349400000000000,2025-12-10 06:50:00+00:00,47100000000000.0,1.16253,1.16348,['4.66 USD'],0.00082,90.34 USD,True
BACKTESTER-001,MLSignalStrategyV2-V2,EUR/USD.IDEALPRO,IDEALPRO-001,O-20251211-000000-001-V2-3019,O-20251211-000000-001-V2-3021,BUY,FLAT,0.00,100000.00,1765411200000000000,2025-12-11 00:00:00+00:00,1765415040000000000,2025-12-11 01:04:00+00:00,3840000000000.0,1.17017,1.17066,['4.68 USD'],0.00042,44.32 USD,True
BACKTESTER-001,MLSignalStrategyV2-V2,EUR/USD.IDEALPRO,IDEALPRO-001,O-20251211-144500-001-V2-3022,O-20251211-144500-001-V2-3024,SELL,FLAT,0.00,100000.00,1765464300000000000,2025-12-11 14:45:00+00:00,1765465260000000000,2025-12-11 15:01:00+00:00,960000000000.0,1.17435,1.17341,['4.70 USD'],0.0008,89.30 USD,True
BACKTESTER-001,MLSignalStrategyV2-V2,EUR/USD.IDEALPRO,IDEALPRO-001,O-20251211-163000-001-V2-3025,O-20251211-163000-001-V2-3026,SELL,FLAT,0.00,100000.00,1765470600000000000,2025-12-11 16:30:00+00:00,1765473000000000000,2025-12-11 17:10:00+00:00,2400000000000.0,1.1747,1.17609,['4.70 USD'],-0.00118,-143.70 USD,True
BACKTESTER-001,MLSignalStrategyV2-V2,EUR/USD.IDEALPRO,IDEALPRO-001,O-20251212-214500-001-V2-3028,O-20251212-214500-001-V2-3029,BUY,FLAT,0.00,100000.00,1765575900000000000,2025-12-12 21:45:00+00:00,1765757340000000000,2025-12-15 00:09:00+00:00,181440000000000.0,1.17417,1.17335,['4.70 USD'],-0.0007,-86.70 USD,True
BACKTESTER-001,MLSignalStrategyV2-V2,EUR/USD.IDEALPRO,IDEALPRO-001,O-20251215-234500-001-V2-3031,O-20251215-234500-001-V2-3033,SELL,FLAT,0.00,100000.00,1765842300000000000,2025-12-15 23:45:00+00:00,1765846620000000000,2025-12-16 00:57:00+00:00,4320000000000.0,1.17539,1.17485,['4.70 USD'],0.00046,49.30 USD,True
BACKTESTER-001,MLSignalStrategyV2-V2,EUR/USD.IDEALPRO,IDEALPRO-001,O-20251216-020000-001-V2-3034,O-20251216-020000-001-V2-3036,BUY,FLAT,0.00,100000.00,1765850400000000000,2025-12-16 02:00:00+00:00,1765854180000000000,2025-12-16 03:03:00+00:00,3780000000000.0,1.17519,1.1758,['4.70 USD'],0.00052,56.30 USD,True
BACKTESTER-001,MLSignalStrategyV2-V2,EUR/USD.IDEALPRO,IDEALPRO-001,O-20251216-134500-001-V2-3037,O-20251216-134500-001-V2-3038,SELL,FLAT,0.00,100000.00,1765892700000000000,2025-12-16 13:45:00+00:00,1765893660000000000,2025-12-16 14:01:00+00:00,960000000000.0,1.17637,1.17783,['4.71 USD'],-0.00124,-150.71 USD,True
BACKTESTER-001,MLSignalStrategyV2-V2,EUR/USD.IDEALPRO,IDEALPRO-001,O-20251216-173000-001-V2-3040,O-20251216-173000-001-V2-3042,SELL,FLAT,0.00,100000.00,1765906200000000000,2025-12-16 17:30:00+00:00,1765908060000000000,2025-12-16 18:01:00+00:00,1860000000000.0,1.17736,1.17623,['4.70 USD'],0.00096,108.30 USD,True
BACKTESTER-001,MLSignalStrategyV2-V2,EUR/USD.IDEALPRO,IDEALPRO-001,O-20251216-210000-001-V2-3043,,BUY,LONG,100000.00,100000.00,1765918800000000000,2025-12-16 21:00:00+00:00,1765918800000000000,,,1.17477,,['2.35 USD'],0.0,-2.35 USD,False
