{
  "pnls": {
    "PnL (total)": -251.97,
    "PnL% (total)": -0.25197000000000114,
    "Max Winner": 355.31,
    "Avg Winner": 70.76846153846154,
    "Min Winner": 5.3,
    "Min Loser": -6.7,
    "Avg Loser": -35.5139393939394,
    "Max Loser": -105.7,
    "Expectancy": -5.4776086956521866,
    "Win Rate": 0.2826086956521739
  },
  "general": {
    "Long Ratio": "0.50"
  },
  "rejected_signals_count": 0
}