{
  "pnls": {
    "PnL (total)": 8451.8,
    "PnL% (total)": 8.451800000000002,
    "Max Winner": 494.89,
    "Avg Winner": 468.59628571428567,
    "Min Winner": 8.38,
    "Min Loser": -101.19,
    "Avg Loser": -331.21125,
    "Max Loser": -356.71,
    "Expectancy": 143.25084745762706,
    "Win Rate": 0.5932203389830508
  },
  "general": {
    "Long Ratio": "0.51",
    "Total trades": 0,
    "Sharpe ratio": 0.0,
    "Profit factor": 0.0,
    "Max drawdown": 0.0
  },
  "rejected_signals_count": 260
}