{
  "pnls": {
    "PnL (total)": 6745.35,
    "PnL% (total)": 6.7453500000000055,
    "Max Winner": 494.89,
    "Avg Winner": 494.59903225806454,
    "Min Winner": 494.31,
    "Min Loser": -26.16,
    "Avg Loser": -318.0451851851852,
    "Max Loser": -356.71,
    "Expectancy": 116.2991379310345,
    "Win Rate": 0.5344827586206896
  },
  "general": {
    "Long Ratio": "0.52",
    "Total trades": 0,
    "Sharpe ratio": 0.0,
    "Profit factor": 0.0,
    "Max drawdown": 0.0
  },
  "rejected_signals_count": 267
}