{
  "pnls": {
    "PnL (total)": 10889.81,
    "PnL% (total)": 10.889809999999997,
    "Max Winner": 494.89,
    "Avg Winner": 481.4610810810811,
    "Min Winner": 8.38,
    "Min Loser": -26.16,
    "Avg Loser": -314.7386363636364,
    "Max Loser": -356.69,
    "Expectancy": 184.57305084745764,
    "Win Rate": 0.6271186440677966
  },
  "general": {
    "Long Ratio": "0.49",
    "Total trades": 0,
    "Sharpe ratio": 0.0,
    "Profit factor": 0.0,
    "Max drawdown": 0.0
  },
  "rejected_signals_count": 258
}