{
  "pnls": {
    "PnL (total)": 10014.24,
    "PnL% (total)": 10.014240000000004,
    "Max Winner": 494.89,
    "Avg Winner": 481.3694444444445,
    "Min Winner": 18.46,
    "Min Loser": -5.62,
    "Avg Loser": -304.7941666666666,
    "Max Loser": -356.69,
    "Expectancy": 166.90400000000005,
    "Win Rate": 0.6
  },
  "general": {
    "Long Ratio": "0.48",
    "Total trades": 0,
    "Sharpe ratio": 0.0,
    "Profit factor": 0.0,
    "Max drawdown": 0.0
  },
  "rejected_signals_count": 265
}