{
  "pnls": {
    "PnL (total)": -21859.28,
    "PnL% (total)": -21.85928,
    "Max Winner": 564.59,
    "Avg Winner": 495.9102325581395,
    "Min Winner": 483.33,
    "Min Loser": -12.64,
    "Avg Loser": -354.437142857143,
    "Max Loser": -394.69,
    "Expectancy": -81.56447761194042,
    "Win Rate": 0.3208955223880597
  },
  "general": {
    "Long Ratio": 0.5,
    "Total trades": 268,
    "Sharpe ratio": -0.19,
    "Profit factor": 0.0,
    "Max drawdown": 0.0
  },
  "rejected_signals_count": 24899
}