{
  "pnls": {
    "PnL (total)": 2375.32,
    "PnL% (total)": 2.375320000000007,
    "Max Winner": 494.89,
    "Avg Winner": 494.64166666666665,
    "Min Winner": 494.35,
    "Min Loser": -138.48,
    "Avg Loser": -249.89684210526315,
    "Max Loser": -256.71,
    "Expectancy": 38.31161290322581,
    "Win Rate": 0.3870967741935484
  },
  "general": {
    "Long Ratio": "0.48",
    "Total trades": 0,
    "Sharpe ratio": 0.0,
    "Profit factor": 0.0,
    "Max drawdown": 0.0
  },
  "rejected_signals_count": 256
}