{
  "pnls": {
    "PnL (total)": 2873.73,
    "PnL% (total)": 2.8737299999999957,
    "Max Winner": 494.89,
    "Avg Winner": 494.02840000000003,
    "Min Winner": 479.89,
    "Min Loser": -30.48,
    "Avg Loser": -249.39421052631573,
    "Max Loser": -256.71,
    "Expectancy": 45.614761904761934,
    "Win Rate": 0.3968253968253968
  },
  "general": {
    "Long Ratio": "0.49",
    "Total trades": 0,
    "Sharpe ratio": 0.0,
    "Profit factor": 0.0,
    "Max drawdown": 0.0
  },
  "rejected_signals_count": 320
}