{
  "pnls": {
    "PnL (total)": -8059.71,
    "PnL% (total)": -8.059710000000006,
    "Max Winner": 512.73,
    "Avg Winner": 494.49020833333344,
    "Min Winner": 472.89,
    "Min Loser": -12.64,
    "Avg Loser": -255.90216589861743,
    "Max Loser": -314.53,
    "Expectancy": -25.74987220447277,
    "Win Rate": 0.30670926517571884
  },
  "general": {
    "Long Ratio": 0.5,
    "Total trades": 313,
    "Sharpe ratio": -0.064,
    "Profit factor": 0.0,
    "Max drawdown": 0.0
  },
  "rejected_signals_count": 22838
}