{
  "pnls": {
    "PnL (total)": -69.42,
    "PnL% (total)": -0.06941999999999825,
    "Max Winner": 779.35,
    "Avg Winner": 745.0492307692307,
    "Min Winner": 721.59,
    "Min Loser": -305.55,
    "Avg Loser": -356.0732110091743,
    "Max Loser": -394.69,
    "Expectancy": -0.4311801242236625,
    "Win Rate": 0.32298136645962733
  },
  "general": {
    "Long Ratio": 0.5,
    "Total trades": 161,
    "Sharpe ratio": 0.013,
    "Profit factor": 0.0,
    "Max drawdown": 0.0
  },
  "rejected_signals_count": 15068
}