{
  "pnls": {
    "PnL (total)": 10033.82,
    "PnL% (total)": 10.033820000000008,
    "Max Winner": 494.89,
    "Avg Winner": 481.09027777777777,
    "Min Winner": 8.38,
    "Min Loser": -0.54,
    "Avg Loser": -316.7578260869565,
    "Max Loser": -356.69,
    "Expectancy": 170.06474576271188,
    "Win Rate": 0.6101694915254238
  },
  "general": {
    "Long Ratio": "0.49",
    "Total trades": 0,
    "Sharpe ratio": 0.0,
    "Profit factor": 0.0,
    "Max drawdown": 0.0
  },
  "rejected_signals_count": 233
}