{
  "pnls": {
    "PnL (total)": 9935.8,
    "PnL% (total)": 9.935800000000002,
    "Max Winner": 494.89,
    "Avg Winner": 483.0227777777779,
    "Min Winner": 77.46,
    "Min Loser": -5.62,
    "Avg Loser": -324.04434782608695,
    "Max Loser": -356.71,
    "Expectancy": 168.40338983050856,
    "Win Rate": 0.6101694915254238
  },
  "general": {
    "Long Ratio": "0.49",
    "Total trades": 0,
    "Sharpe ratio": 0.0,
    "Profit factor": 0.0,
    "Max drawdown": 0.0
  },
  "rejected_signals_count": 236
}