{
  "pnls": {
    "PnL (total)": 1848.01,
    "PnL% (total)": 1.8480099999999948,
    "Max Winner": 894.64,
    "Avg Winner": 541.2272222222223,
    "Min Winner": 495.35,
    "Min Loser": 0.0,
    "Avg Loser": -207.73894736842107,
    "Max Loser": -255.71,
    "Expectancy": 33.00017857142856,
    "Win Rate": 0.32142857142857145
  },
  "general": {
    "Long Ratio": "0.50"
  },
  "rejected_signals_count": 550
}