{
  "pnls": {
    "PnL (total)": 8677.75,
    "PnL% (total)": 8.67775,
    "Max Winner": 494.89,
    "Avg Winner": 468.63388888888886,
    "Min Winner": 8.38,
    "Min Loser": -55.16,
    "Avg Loser": -327.72280000000006,
    "Max Loser": -356.69,
    "Expectancy": 142.2581967213114,
    "Win Rate": 0.5901639344262295
  },
  "general": {
    "Long Ratio": "0.51",
    "Total trades": 0,
    "Sharpe ratio": 0.0,
    "Profit factor": 0.0,
    "Max drawdown": 0.0
  },
  "rejected_signals_count": 182
}