{
  "pnls": {
    "PnL (total)": -5395.79,
    "PnL% (total)": -5.395789999999994,
    "Max Winner": 584.87,
    "Avg Winner": 436.5986111111111,
    "Min Winner": 16.67,
    "Min Loser": -24.32,
    "Avg Loser": -217.66329896907217,
    "Max Loser": -255.72,
    "Expectancy": -40.569849624060154,
    "Win Rate": 0.2706766917293233
  },
  "general": {
    "Long Ratio": "0.47"
  },
  "rejected_signals_count": 1132
}