{
  "pnls": {
    "PnL (total)": -2749.83,
    "PnL% (total)": -2.7498300000000016,
    "Max Winner": 314.91,
    "Avg Winner": 183.29060240963855,
    "Min Winner": 0.34,
    "Min Loser": -0.16,
    "Avg Loser": -93.23543352601156,
    "Max Loser": -126.72,
    "Expectancy": -3.5805078125000023,
    "Win Rate": 0.32421875
  },
  "general": {
    "Long Ratio": "0.51",
    "Total trades": 0,
    "Sharpe ratio": 0.0,
    "Profit factor": 0.0,
    "Max drawdown": 0.0
  },
  "rejected_signals_count": 7809
}