{
  "pnls": {
    "PnL (total)": 8051.53,
    "PnL% (total)": 8.051529999999998,
    "Max Winner": 494.89,
    "Avg Winner": 494.6125806451613,
    "Min Winner": 494.31,
    "Min Loser": -5.16,
    "Avg Loser": -280.0561538461538,
    "Max Loser": -316.71,
    "Expectancy": 141.25491228070177,
    "Win Rate": 0.543859649122807
  },
  "general": {
    "Long Ratio": "0.47",
    "Total trades": 0,
    "Sharpe ratio": 0.0,
    "Profit factor": 0.0,
    "Max drawdown": 0.0
  },
  "rejected_signals_count": 290
}