{
  "pnls": {
    "PnL (total)": -3045.53,
    "PnL% (total)": -3.0455299999999985,
    "Max Winner": 615.47,
    "Avg Winner": 434.6617857142857,
    "Min Winner": 8.88,
    "Min Loser": 0.0,
    "Avg Loser": -200.2113157894737,
    "Max Loser": -255.71,
    "Expectancy": -29.283942307692357,
    "Win Rate": 0.2692307692307692
  },
  "general": {
    "Long Ratio": "0.53",
    "Total trades": 0,
    "Sharpe ratio": 0.0,
    "Profit factor": 0.0,
    "Max drawdown": 0.0
  },
  "rejected_signals_count": 873
}