{
  "pnls": {
    "PnL (total)": -5035.62,
    "PnL% (total)": -5.035619999999995,
    "Max Winner": 514.47,
    "Avg Winner": 494.6375728155341,
    "Min Winner": 472.89,
    "Min Loser": -182.55,
    "Avg Loser": -255.63146118721468,
    "Max Loser": -271.53,
    "Expectancy": -15.638571428571456,
    "Win Rate": 0.3198757763975155
  },
  "general": {
    "Long Ratio": 0.5,
    "Total trades": 322,
    "Sharpe ratio": -0.03,
    "Profit factor": 0.0,
    "Max drawdown": 0.0
  },
  "rejected_signals_count": 18127
}