{
  "pnls": {
    "PnL (total)": -7682.65,
    "PnL% (total)": -7.6826499999999935,
    "Max Winner": 793.6,
    "Avg Winner": 741.4422972972969,
    "Min Winner": 448.35,
    "Min Loser": -245.36,
    "Avg Loser": -256.3499180327868,
    "Max Loser": -267.64,
    "Expectancy": -24.159276729559764,
    "Win Rate": 0.23270440251572327
  },
  "general": {
    "Long Ratio": 0.5,
    "Total trades": 318,
    "Sharpe ratio": -0.045,
    "Profit factor": 0.0,
    "Max drawdown": 0.0
  },
  "rejected_signals_count": 150039
}