{
  "pnls": {
    "PnL (total)": -542.17,
    "PnL% (total)": -0.5421699999999983,
    "Max Winner": -30.68,
    "Avg Winner": 0.0,
    "Min Winner": 0.0,
    "Min Loser": -30.68,
    "Avg Loser": -90.36166666666666,
    "Max Loser": -203.69,
    "Expectancy": -90.36166666666666,
    "Win Rate": 0.0
  },
  "general": {
    "Long Ratio": "0.50"
  },
  "rejected_signals_count": 0
}