{
  "pnls": {
    "PnL (total)": 9201.3,
    "PnL% (total)": 9.201300000000003,
    "Max Winner": 494.89,
    "Avg Winner": 468.63388888888886,
    "Min Winner": 8.38,
    "Min Loser": -42.52,
    "Avg Loser": -319.56333333333333,
    "Max Loser": -356.69,
    "Expectancy": 153.35499999999996,
    "Win Rate": 0.6
  },
  "general": {
    "Long Ratio": "0.52",
    "Total trades": 0,
    "Sharpe ratio": 0.0,
    "Profit factor": 0.0,
    "Max drawdown": 0.0
  },
  "rejected_signals_count": 211
}