{
  "pnls": {
    "PnL (total)": 1342.94,
    "PnL% (total)": 1.3429400000000025,
    "Max Winner": 666.43,
    "Avg Winner": 519.9911111111111,
    "Min Winner": 495.33,
    "Min Loser": -50.52,
    "Avg Loser": -222.69166666666666,
    "Max Loser": -255.71,
    "Expectancy": 24.869259259259223,
    "Win Rate": 0.3333333333333333
  },
  "general": {
    "Long Ratio": "0.52"
  },
  "rejected_signals_count": 652
}