{
  "pnls": {
    "PnL (total)": 10104.29,
    "PnL% (total)": 10.104289999999994,
    "Max Winner": 494.89,
    "Avg Winner": 470.8548648648649,
    "Min Winner": 8.38,
    "Min Loser": -46.52,
    "Avg Loser": -318.1452173913044,
    "Max Loser": -356.69,
    "Expectancy": 168.40483333333339,
    "Win Rate": 0.6166666666666667
  },
  "general": {
    "Long Ratio": "0.52",
    "Total trades": 0,
    "Sharpe ratio": 0.0,
    "Profit factor": 0.0,
    "Max drawdown": 0.0
  },
  "rejected_signals_count": 207
}