{
  "pnls": {
    "PnL (total)": 10600.85,
    "PnL% (total)": 10.600850000000007,
    "Max Winner": 494.89,
    "Avg Winner": 481.4613513513514,
    "Min Winner": 8.38,
    "Min Loser": -101.19,
    "Avg Loser": -327.87363636363636,
    "Max Loser": -356.69,
    "Expectancy": 179.6754237288136,
    "Win Rate": 0.6271186440677966
  },
  "general": {
    "Long Ratio": "0.49",
    "Total trades": 0,
    "Sharpe ratio": 0.0,
    "Profit factor": 0.0,
    "Max drawdown": 0.0
  },
  "rejected_signals_count": 271
}