{
  "pnls": {
    "PnL (total)": 8897.29,
    "PnL% (total)": 8.897289999999995,
    "Max Winner": 494.89,
    "Avg Winner": 480.7022857142858,
    "Min Winner": 8.38,
    "Min Loser": -30.54,
    "Avg Loser": -317.09159999999997,
    "Max Loser": -356.69,
    "Expectancy": 148.28816666666677,
    "Win Rate": 0.5833333333333334
  },
  "general": {
    "Long Ratio": "0.50",
    "Total trades": 0,
    "Sharpe ratio": 0.0,
    "Profit factor": 0.0,
    "Max drawdown": 0.0
  },
  "rejected_signals_count": 258
}