{
  "pnls": {
    "PnL (total)": 4340.69,
    "PnL% (total)": 4.340690000000002,
    "Max Winner": 494.89,
    "Avg Winner": 458.2124,
    "Min Winner": 8.38,
    "Min Loser": -96.16,
    "Avg Loser": -203.27485714285714,
    "Max Loser": -206.71,
    "Expectancy": 72.34483333333337,
    "Win Rate": 0.4166666666666667
  },
  "general": {
    "Long Ratio": "0.50",
    "Total trades": 0,
    "Sharpe ratio": 0.0,
    "Profit factor": 0.0,
    "Max drawdown": 0.0
  },
  "rejected_signals_count": 241
}