{
  "pnls": {
    "PnL (total)": 6465.45,
    "PnL% (total)": 6.465449999999998,
    "Max Winner": 494.89,
    "Avg Winner": 494.0986666666667,
    "Min Winner": 479.89,
    "Min Loser": -30.54,
    "Avg Loser": -334.3004,
    "Max Loser": -396.69,
    "Expectancy": 117.55363636363634,
    "Win Rate": 0.5454545454545454
  },
  "general": {
    "Long Ratio": "0.44",
    "Total trades": 0,
    "Sharpe ratio": 0.0,
    "Profit factor": 0.0,
    "Max drawdown": 0.0
  },
  "rejected_signals_count": 263
}