{
  "pnls": {
    "PnL (total)": -6338.47,
    "PnL% (total)": -6.338470000000002,
    "Max Winner": 584.87,
    "Avg Winner": 451.22225806451615,
    "Min Winner": 4.32,
    "Min Loser": 0.0,
    "Avg Loser": -216.23787234042553,
    "Max Loser": -255.72,
    "Expectancy": -50.70776000000001,
    "Win Rate": 0.248
  },
  "general": {
    "Long Ratio": "0.49"
  },
  "rejected_signals_count": 916
}