{
  "pnls": {
    "PnL (total)": 10135.82,
    "PnL% (total)": 10.135820000000006,
    "Max Winner": 494.89,
    "Avg Winner": 470.85540540540546,
    "Min Winner": 8.38,
    "Min Loser": -101.19,
    "Avg Loser": -331.1740909090909,
    "Max Loser": -356.69,
    "Expectancy": 171.79355932203396,
    "Win Rate": 0.6271186440677966
  },
  "general": {
    "Long Ratio": "0.51",
    "Total trades": 0,
    "Sharpe ratio": 0.0,
    "Profit factor": 0.0,
    "Max drawdown": 0.0
  },
  "rejected_signals_count": 239
}