{
  "pnls": {
    "PnL (total)": 5816.11,
    "PnL% (total)": 5.816110000000001,
    "Max Winner": 494.89,
    "Avg Winner": 494.6146666666667,
    "Min Winner": 494.31,
    "Min Loser": -59.12,
    "Avg Loser": -291.04290322580647,
    "Max Loser": -316.69,
    "Expectancy": 95.34606557377052,
    "Win Rate": 0.4918032786885246
  },
  "general": {
    "Long Ratio": "0.48",
    "Total trades": 0,
    "Sharpe ratio": 0.0,
    "Profit factor": 0.0,
    "Max drawdown": 0.0
  },
  "rejected_signals_count": 309
}