{
  "pnls": {
    "PnL (total)": 7589.1,
    "PnL% (total)": 7.5891000000000055,
    "Max Winner": 494.89,
    "Avg Winner": 494.6051515151515,
    "Min Winner": 494.31,
    "Min Loser": -59.12,
    "Avg Loser": -311.8882142857143,
    "Max Loser": -346.69,
    "Expectancy": 124.41147540983604,
    "Win Rate": 0.5409836065573771
  },
  "general": {
    "Long Ratio": "0.48",
    "Total trades": 0,
    "Sharpe ratio": 0.0,
    "Profit factor": 0.0,
    "Max drawdown": 0.0
  },
  "rejected_signals_count": 309
}