{
  "pnls": {
    "PnL (total)": 6554.67,
    "PnL% (total)": 6.554669999999999,
    "Max Winner": 494.89,
    "Avg Winner": 494.59193548387105,
    "Min Winner": 494.31,
    "Min Loser": -144.54,
    "Avg Loser": -337.6030769230769,
    "Max Loser": -346.69,
    "Expectancy": 114.99421052631587,
    "Win Rate": 0.543859649122807
  },
  "general": {
    "Long Ratio": "0.49",
    "Total trades": 0,
    "Sharpe ratio": 0.0,
    "Profit factor": 0.0,
    "Max drawdown": 0.0
  },
  "rejected_signals_count": 255
}