{
  "pnls": {
    "PnL (total)": 6270.38,
    "PnL% (total)": 6.270380000000005,
    "Max Winner": 494.89,
    "Avg Winner": 494.61129032258066,
    "Min Winner": 494.31,
    "Min Loser": -127.19,
    "Avg Loser": -335.6507407407408,
    "Max Loser": -356.69,
    "Expectancy": 108.10999999999996,
    "Win Rate": 0.5344827586206896
  },
  "general": {
    "Long Ratio": "0.50",
    "Total trades": 0,
    "Sharpe ratio": 0.0,
    "Profit factor": 0.0,
    "Max drawdown": 0.0
  },
  "rejected_signals_count": 322
}