{
  "pnls": {
    "PnL (total)": 7117.37,
    "PnL% (total)": 7.117369999999995,
    "Max Winner": 494.89,
    "Avg Winner": 494.601875,
    "Min Winner": 494.31,
    "Min Loser": -127.19,
    "Avg Loser": -334.99576923076927,
    "Max Loser": -356.69,
    "Expectancy": 122.71327586206894,
    "Win Rate": 0.5517241379310345
  },
  "general": {
    "Long Ratio": "0.50",
    "Total trades": 0,
    "Sharpe ratio": 0.0,
    "Profit factor": 0.0,
    "Max drawdown": 0.0
  },
  "rejected_signals_count": 316
}