{
  "pnls": {
    "PnL (total)": 5464.35,
    "PnL% (total)": 5.464350000000006,
    "Max Winner": 494.89,
    "Avg Winner": 494.62100000000004,
    "Min Winner": 494.31,
    "Min Loser": -122.54,
    "Avg Loser": -334.7957142857143,
    "Max Loser": -356.71,
    "Expectancy": 94.21293103448278,
    "Win Rate": 0.5172413793103449
  },
  "general": {
    "Long Ratio": "0.50",
    "Total trades": 0,
    "Sharpe ratio": 0.0,
    "Profit factor": 0.0,
    "Max drawdown": 0.0
  },
  "rejected_signals_count": 307
}