{
  "pnls": {
    "PnL (total)": 9299.77,
    "PnL% (total)": 9.299770000000004,
    "Max Winner": 494.89,
    "Avg Winner": 470.19777777777784,
    "Min Winner": 8.38,
    "Min Loser": -101.19,
    "Avg Loser": -331.62391304347824,
    "Max Loser": -356.69,
    "Expectancy": 157.62322033898315,
    "Win Rate": 0.6101694915254238
  },
  "general": {
    "Long Ratio": "0.51",
    "Total trades": 0,
    "Sharpe ratio": 0.0,
    "Profit factor": 0.0,
    "Max drawdown": 0.0
  },
  "rejected_signals_count": 219
}