{
  "pnls": {
    "PnL (total)": -964.27,
    "PnL% (total)": -0.9642700000000041,
    "Max Winner": 294.92,
    "Avg Winner": 293.3558490566037,
    "Min Winner": 33.43,
    "Min Loser": -198.6,
    "Avg Loser": -206.39120915032674,
    "Max Loser": -206.72,
    "Expectancy": -1.8615250965250825,
    "Win Rate": 0.4092664092664093
  },
  "general": {
    "Long Ratio": 0.5,
    "Total trades": 518,
    "Sharpe ratio": 0.012,
    "Profit factor": 0.0,
    "Max drawdown": 0.0
  },
  "rejected_signals_count": 151506
}