{
  "pnls": {
    "PnL (total)": 1532.63,
    "PnL% (total)": 1.5326300000000046,
    "Max Winner": 494.89,
    "Avg Winner": 494.64750000000004,
    "Min Winner": 494.35,
    "Min Loser": -158.12,
    "Avg Loser": -252.16853658536584,
    "Max Loser": -256.71,
    "Expectancy": 23.578923076923104,
    "Win Rate": 0.36923076923076925
  },
  "general": {
    "Long Ratio": "0.49",
    "Total trades": 0,
    "Sharpe ratio": 0.0,
    "Profit factor": 0.0,
    "Max drawdown": 0.0
  },
  "rejected_signals_count": 269
}