{
  "pnls": {
    "PnL (total)": 9769.41,
    "PnL% (total)": 9.769410000000004,
    "Max Winner": 494.89,
    "Avg Winner": 494.6051428571429,
    "Min Winner": 494.31,
    "Min Loser": -73.2,
    "Avg Loser": -327.9030434782609,
    "Max Loser": -356.69,
    "Expectancy": 168.43810344827583,
    "Win Rate": 0.603448275862069
  },
  "general": {
    "Long Ratio": "0.50",
    "Total trades": 0,
    "Sharpe ratio": 0.0,
    "Profit factor": 0.0,
    "Max drawdown": 0.0
  },
  "rejected_signals_count": 241
}