{
  "pnls": {
    "PnL (total)": 4759.36,
    "PnL% (total)": 4.759360000000001,
    "Max Winner": 698.33,
    "Avg Winner": 694.6523076923077,
    "Min Winner": 694.29,
    "Min Loser": -151.66,
    "Avg Loser": -156.48941176470592,
    "Max Loser": -156.76,
    "Expectancy": 42.87711711711708,
    "Win Rate": 0.23423423423423423
  },
  "general": {
    "Long Ratio": 0.5
  },
  "rejected_signals_count": 1289
}