{
  "pnls": {
    "PnL (total)": 9253.78,
    "PnL% (total)": 9.253779999999999,
    "Max Winner": 494.89,
    "Avg Winner": 469.3161111111111,
    "Min Winner": 8.38,
    "Min Loser": -55.16,
    "Avg Loser": -332.24347826086955,
    "Max Loser": -356.71,
    "Expectancy": 156.84372881355935,
    "Win Rate": 0.6101694915254238
  },
  "general": {
    "Long Ratio": "0.49",
    "Total trades": 0,
    "Sharpe ratio": 0.0,
    "Profit factor": 0.0,
    "Max drawdown": 0.0
  },
  "rejected_signals_count": 291
}