{
  "pnls": {
    "PnL (total)": 464.54,
    "PnL% (total)": 0.46453999999999357,
    "Max Winner": 234.9,
    "Avg Winner": 234.58464285714288,
    "Min Winner": 233.81,
    "Min Loser": -49.54,
    "Avg Loser": -124.56795918367347,
    "Max Loser": -126.72,
    "Expectancy": 6.032987012987022,
    "Win Rate": 0.36363636363636365
  },
  "general": {
    "Long Ratio": "0.49",
    "Total trades": 0,
    "Sharpe ratio": 0.0,
    "Profit factor": 0.0,
    "Max drawdown": 0.0
  },
  "rejected_signals_count": 312
}