{
  "pnls": {
    "PnL (total)": 7206.73,
    "PnL% (total)": 7.206729999999996,
    "Max Winner": 494.89,
    "Avg Winner": 479.87878787878793,
    "Min Winner": 8.38,
    "Min Loser": -95.2,
    "Avg Loser": -331.89500000000004,
    "Max Loser": -356.71,
    "Expectancy": 122.14796610169489,
    "Win Rate": 0.559322033898305
  },
  "general": {
    "Long Ratio": "0.49",
    "Total trades": 0,
    "Sharpe ratio": 0.0,
    "Profit factor": 0.0,
    "Max drawdown": 0.0
  },
  "rejected_signals_count": 291
}