{
  "pnls": {
    "PnL (total)": -669.02,
    "PnL% (total)": -0.6690200000000041,
    "Max Winner": 607.49,
    "Avg Winner": 463.7043902439025,
    "Min Winner": 6.68,
    "Min Loser": 0.0,
    "Avg Loser": -198.7969696969697,
    "Max Loser": -255.71,
    "Expectancy": -4.778714285714273,
    "Win Rate": 0.29285714285714287
  },
  "general": {
    "Long Ratio": "0.48"
  },
  "rejected_signals_count": 948
}